NC_006609.4	7236716	7237069	GCTGCATCACGAACAG-1	2
NC_006609.4	7236837	7237298	ACTATGTCAAGGTGGC-1	1
NC_006609.4	7236839	7237278	CATCAATCAGGACCAA-1	1
NC_006609.4	7236886	7237114	CGTACGGGTTATCGAG-1	2
NC_006609.4	7236901	7237048	GGTGATTTCGGTTCCT-1	2
NC_006609.4	7236909	7237069	CTTCTAAGTCCGGTTC-1	1
NC_006609.4	7236932	7237077	CCTAAGCCAAGCCACT-1	1
NC_006609.4	7236935	7237069	TTAACTGAGCAAGGTA-1	2
NC_006609.4	7237011	7237053	TGATCAATCTCACATT-1	2
NC_006609.4	7237061	7237174	GAGCAAGGTGATGAAA-1	1
NC_006609.4	7237068	7237101	TCATTGCGTATTGCAG-1	2
NC_006609.4	7237068	7237316	TATGTGATCATGTTTC-1	1
NC_006609.4	7237069	7237126	AGGATGTCAAACCCTA-1	2
NC_006609.4	7237072	7237241	CTGTTCATCCTGGTCT-1	2
NC_006609.4	7237098	7237500	CAAAGCGCAGGTTCAC-1	1
NC_006609.4	7237099	7237298	ATGCATTCAACAGGAT-1	1
NC_006609.4	7237101	7237308	TCATTGCGTATTGCAG-1	2
NC_006609.4	7237116	7237155	GCGGTTATCGGCCAGT-1	1
NC_006609.4	7237118	7237164	CCTCCTGAGGAAGCAC-1	1
NC_006609.4	7237126	7237194	TTAAGCCAGAACCTGT-1	2
NC_006609.4	7237134	7237241	GGTTCTTGTTCGGGAT-1	2
NC_006609.4	7237141	7237298	AACCGCTCAGCTAATT-1	1
NC_006609.4	7237151	7237566	GGTGAGGTCATAATCG-1	1
NC_006609.4	7237194	7237308	TGTGGCTCAATACTGT-1	6
NC_006609.4	7237203	7237244	CGGATTAGTAATCGGC-1	1
NC_006609.4	7237205	7237392	CTACCTCAGAGGAGTC-1	1
NC_006609.4	7237210	7237408	TTCCTTGAGCCTGTTC-1	2
NC_006609.4	7237213	7237603	CGGTAACGTGATTACG-1	1
NC_006609.4	7237227	7237367	CGTAACTAGGACCTCA-1	1
NC_006609.4	7237227	7237480	AATAGCTGTAGTAAGA-1	1
NC_006609.4	7237232	7237303	CGAGCGAAGTTTGAGC-1	2
NC_006609.4	7237241	7237283	AACGGTAAGTCGCTAG-1	1
NC_006609.4	7237241	7237382	AGTGCCGGTCCGGTTC-1	1
NC_006609.4	7237283	7237451	AAGGTATAGGTCCAAT-1	2
NC_006609.4	7237340	7237468	GTTCTTAGTAAGTCGC-1	1
NC_006609.4	7237382	7237446	CTGCTCCCACAATTAC-1	3
NC_006609.4	7237382	7237598	TAAGCTGGTAATCGCA-1	1
NC_006609.4	7237400	7237433	CCTTCGTAGCTCAATA-1	3
NC_006609.4	7237400	7237446	GGTATTGGTTGTCATC-1	1
NC_006609.4	7237405	7237574	TAGTTGTCACCTAAGC-1	1
NC_006609.4	7237433	7237729	ACCGGCTAGCCGCAGT-1	1
NC_006609.4	7237446	7237498	ATCTTTGGTCCGTAGG-1	1
NC_006609.4	7237481	7237528	TGCATCCTCCTAGTTT-1	1
NC_006609.4	7237491	7237562	GGCAAATCACCTGCCT-1	1
NC_006609.4	7237574	7237612	TGAACAGAGTTGGGCC-1	1
NC_006609.4	7237620	7237870	GTGATCAGTTTGCTGT-1	2
NC_006609.4	7237705	7237749	ATGCATTCAACAGGAT-1	1
NC_006609.4	7237712	7237788	ATTGGTTCAAGTAAGC-1	2
NC_006609.4	7237715	7237761	GCCTGACAGCCGCAGT-1	1
NC_006609.4	7237751	7237779	CTCCATCAGCTCAATA-1	1
NC_006609.4	7237891	7238057	GTGCTCCGTTCGGTAA-1	2
NC_006609.4	7237900	7238365	GGCAAATCAACACTTG-1	2
NC_006609.4	7237901	7238043	CTCCTGAGTAATGGCC-1	2
NC_006609.4	7237932	7238130	TTTGTGTTCCCAGTAG-1	1
NC_006609.4	7238028	7238360	TCCAGGTCAGTCTAGC-1	1
NC_006609.4	7238030	7238243	GCCAACATCGTTACTT-1	1
NC_006609.4	7238051	7238110	GAAGGATGTGTTCCCA-1	1
NC_006609.4	7238094	7238172	AGTAACGAGAGAGGAG-1	1
NC_006609.4	7238146	7238360	AGTCCTGAGGACTTAC-1	1
NC_006609.4	7238169	7238248	GTTCTCATCGGCCAGT-1	1
NC_006609.4	7238191	7238248	ATGGTTATCAAGTGTC-1	1
NC_006609.4	7238194	7238248	CGTGTTACAGTAGCCT-1	1
NC_006609.4	7238212	7238388	CTGTAACAGCATGTCG-1	2
NC_006609.4	7238235	7238374	ACCCTCCCACCTGCCT-1	1
NC_006609.4	7238243	7238293	ATGGCTTAGCAAGGTA-1	2
NC_006609.4	7238247	7238388	GAGCTAGCACATACTG-1	3
NC_006609.4	7238248	7238293	TCATTGCGTATTGCAG-1	1
NC_006609.4	7238273	7238334	TCGCGAGGTGAGCACT-1	2
NC_006609.4	7238273	7238347	CTCGACAAGGCGAATA-1	1
NC_006609.4	7238288	7238365	CGGGCTTAGCTATTAG-1	1
NC_006609.4	7238288	7238375	TCGCGCACACAAACTT-1	1
NC_006609.4	7238293	7238333	TCATTGCGTATTGCAG-1	1
NC_006609.4	7238302	7238377	GAACCTTAGGGATTAG-1	2
NC_006609.4	7238334	7238366	ATCCATAAGGAGGCAT-1	1
NC_006609.4	7238356	7238388	CAATAAGCAAACATAG-1	1
NC_006609.4	7238358	7238400	AGGATCCGTTGTGACA-1	1
NC_006609.4	7238360	7238395	GTTCTTAGTATGTGGC-1	1
NC_006609.4	7238367	7238404	GGTTGCGGTGCATCGG-1	2
NC_006609.4	7238375	7238448	TGGCTAAGTTCACCAT-1	1
NC_006609.4	7238433	7238475	GCTATCCTCTAAGTCA-1	2
NC_006609.4	7238457	7238995	AGGATCCGTTGTGACA-1	2
NC_006609.4	7238465	7238585	AGTCAAGAGTGAACCT-1	1
NC_006609.4	7238468	7238639	ACGCCACAGGAACCAA-1	1
NC_006609.4	7238530	7238750	AAAGGACGTGCTCCGT-1	1
NC_006609.4	7238535	7238585	GGGTGAAGTAATAGCT-1	1
NC_006609.4	7238545	7238631	TCTAAGGGTAATAGCT-1	1
NC_006609.4	7238545	7238702	AATCCCTGTCCCGAAG-1	2
NC_006609.4	7238619	7238840	TGTCATAAGCAATAGG-1	2
NC_006609.4	7238649	7238807	ATTGACTCAAGCCAGA-1	1
NC_006609.4	7238701	7238834	TCCATAAAGCTAATTG-1	1
NC_006609.4	7238712	7239043	GATTGCAGTTATCCTA-1	1
NC_006609.4	7238765	7238893	CTCCTAATCACTTTAC-1	1
NC_006609.4	7238815	7238849	TTGCCCGTCACCGGTA-1	1
NC_006609.4	7238829	7238973	CTGTACCTCATCAGTA-1	3
NC_006609.4	7238842	7239021	CATTATGAGTAGCCAT-1	1
NC_006609.4	7238905	7239112	AGGATCCGTCCTAAGA-1	1
NC_006609.4	7238956	7239159	AATCATGTCTAAGGTC-1	1
NC_006609.4	7238964	7239001	TTAGGCTAGTGACCTG-1	1
NC_006609.4	7238966	7239012	CCAGACTCAAAGGTAC-1	1
NC_006609.4	7238966	7239142	CACAGGCTCAGGGCCT-1	1
NC_006609.4	7238998	7239212	TAAGCTGGTTAATGCG-1	2
NC_006609.4	7239003	7239042	CACTTTGTCACGCATG-1	1
NC_006609.4	7239003	7239380	TCCCGTTAGTTTGCGG-1	1
NC_006609.4	7239012	7239287	TCAGGTTAGGAATAAC-1	1
NC_006609.4	7239014	7239200	CGGGACAAGCTCAAAC-1	2
NC_006609.4	7239014	7239227	GCTATTGCATAGCAGG-1	1
NC_006609.4	7239032	7239294	ATAGGTACAGTTATCG-1	1
NC_006609.4	7239049	7239444	GTAGCTGTCCAGGTCA-1	2
NC_006609.4	7239054	7239218	TGTATCCGTAGTTAAC-1	1
NC_006609.4	7239055	7239102	TGTTGTAAGGTTTGCG-1	1
NC_006609.4	7239055	7239104	GCCCTCATCCTCATGC-1	2
NC_006609.4	7239104	7239462	CTAGGACGTTACTTGC-1	2
NC_006609.4	7239129	7239174	CAAGGTTTCATCACTT-1	2
NC_006609.4	7239129	7239796	TCGCGCACACAAACTT-1	1
NC_006609.4	7239139	7239338	GGTAAGGGTTGCTGGG-1	4
NC_006609.4	7239149	7239359	TGGATTGGTTTGTGGA-1	4
NC_006609.4	7239203	7239275	TATAGGTGTGCTGTAA-1	1
NC_006609.4	7239283	7239414	CTAGCTGAGTGGACAA-1	1
NC_006609.4	7239294	7239430	ACAACAGAGCCTGGTA-1	1
NC_006609.4	7239326	7239534	AAACCGGCAGTTTGTG-1	1
NC_006609.4	7239343	7239888	CCAAACTAGGACAACA-1	1
NC_006609.4	7239369	7239490	CAATGTGGTGGATGTC-1	1
NC_006609.4	7239375	7239555	TCTTGTCCATATTGAC-1	2
NC_006609.4	7239402	7239540	GTCCGTAAGGTCGAGG-1	1
NC_006609.4	7239412	7239519	AATCATGTCATGCTTT-1	1
NC_006609.4	7239419	7239452	AACATTGTCTAATCTC-1	1
NC_006609.4	7239436	7239479	CGAACCGGTTATCGAG-1	1
NC_006609.4	7239436	7239675	GGGTTATTCTAATTGG-1	1
NC_006609.4	7239469	7239693	GCCTTAGAGCTCAAAC-1	3
NC_006609.4	7239510	7239548	CATCATAAGGGTGAGT-1	3
NC_006609.4	7239536	7239714	GTCCTCAGTGCTGTAA-1	4
NC_006609.4	7239573	7239711	CTGTACCTCGGGCCAT-1	1
NC_006609.4	7239592	7239654	ACTGAATGTAACGTGC-1	1
NC_006609.4	7239592	7239681	TGGATTGGTTACAAAC-1	1
NC_006609.4	7239592	7239794	AGCACTTAGAGAGGAG-1	2
NC_006609.4	7239592	7239877	AGTGCCGGTCTATCGT-1	1
NC_006609.4	7239652	7239670	AGTGCGGAGAACCTGT-1	1
NC_006609.4	7239693	7239753	GCCTTAGAGCTCAAAC-1	1
NC_006609.4	7239695	7240078	AGAATCGAGCTGAGGG-1	1
NC_006609.4	7239701	7239899	AACATAGCAGTTTGGC-1	1
NC_006609.4	7239718	7239776	GAGAAACGTTAGGTGC-1	3
NC_006609.4	7239731	7239913	GTCATTAAGGTTAGAG-1	1
NC_006609.4	7239739	7240078	CAAGGCCTCAGGTCCA-1	1
NC_006609.4	7239750	7239978	TGTTATGAGCCTCTGT-1	1
NC_006609.4	7239754	7239965	ATGTTCAAGGACCTCA-1	1
NC_006609.4	7239763	7239901	GACCTAGTCCATTACT-1	1
NC_006609.4	7239767	7239888	CCCAACCGTGTGCAAC-1	1
NC_006609.4	7239804	7239863	CGATCCTTCACTTTAC-1	1
NC_006609.4	7239855	7240194	CACAGGGAGTTTAACG-1	1
NC_006609.4	7239855	7240485	CGCAATCCAGGATGGC-1	1
NC_006609.4	7239860	7239980	AAGCCTGTCGATAACC-1	1
NC_006609.4	7239894	7239967	CACAAGCGTTGTCATC-1	1
NC_006609.4	7239912	7239952	TCCGGTTTCCTAATAG-1	1
NC_006609.4	7239945	7239993	TGATCAGGTGCTAGCG-1	1
NC_006609.4	7239973	7240128	GCTTTATTCCCTGACT-1	1
NC_006609.4	7240009	7240151	ATTGGCTAGAGGAGGA-1	3
NC_006609.4	7240033	7240088	TACCTGCTCTCATCAT-1	3
NC_006609.4	7240050	7240212	CGATCCTTCGGGCCAT-1	1
NC_006609.4	7240063	7240097	GTGCGGTTCAATCTCT-1	1
NC_006609.4	7240088	7240128	AATTACCCACAAAGGT-1	1
NC_006609.4	7240124	7240192	ATTCACTTCCCGCAAA-1	1
NC_006609.4	7240128	7240320	AAACCAACAGGACACA-1	1
NC_006609.4	7240151	7240268	TCTACTAGTCCTAATC-1	2
NC_006609.4	7240174	7240315	ATCACAATCGCAGGCT-1	1
NC_006609.4	7240178	7240358	CAAACACTCACACAGT-1	3
NC_006609.4	7240190	7240356	CACATTAAGTCATGCG-1	1
NC_006609.4	7240212	7240420	GATGGCTGTCAAGACC-1	1
NC_006609.4	7240219	7240256	GTGGCTTCACGCAACT-1	1
NC_006609.4	7240239	7240604	TTGGATCAGGAGTCGG-1	1
NC_006609.4	7240339	7240382	CCTATATTCGATATTG-1	1
NC_006609.4	7240351	7240521	CCTAAAGGTTAGTGAT-1	1
NC_006609.4	7240364	7240493	AATCAGGAGAGAGGCT-1	1
NC_006609.4	7240364	7240571	AGTGCGGAGCTTATGA-1	3
NC_006609.4	7240387	7240503	TGGATTCAGCGCCTTT-1	1
NC_006609.4	7240415	7240459	CGATTATCAAGCTTAT-1	1
NC_006609.4	7240415	7240460	CGATTATCAAGCTTAT-1	1
NC_006609.4	7240469	7240614	TTTGTGAAGTTGTCCC-1	1
NC_006609.4	7240472	7240605	TCCATAAAGTAACCAC-1	1
NC_006609.4	7240472	7240749	GGTGATTTCATCAGTA-1	2
NC_006609.4	7240507	7240904	GATGAGGGTCACAAAT-1	1
NC_006609.4	7240517	7240596	CGCAATCCAGGATGGC-1	4
NC_006609.4	7240527	7240707	AAGCGAATCAATGTGC-1	2
NC_006609.4	7240570	7241074	GATGAGGGTGATGAAA-1	1
NC_006609.4	7240604	7240707	GGGTGAAGTAATAGCT-1	1
NC_006609.4	7240607	7240815	TGATGATGTTGCACAA-1	1
NC_006609.4	7240616	7240734	CAAGGCCTCCCATAGG-1	1
NC_006609.4	7240628	7241100	CGAGCGAAGCGAGTAA-1	1
NC_006609.4	7240637	7240672	CTTGGACCAATGAAGC-1	2
NC_006609.4	7240639	7240949	CCGCCAACACAGGGAC-1	1
NC_006609.4	7240660	7240716	ACTAACCAGGCGCTTA-1	2
NC_006609.4	7240737	7240820	CGTGACATCATTGCGG-1	1
NC_006609.4	7240744	7240891	AGCGGATAGGCCTGGT-1	1
NC_006609.4	7240751	7240858	TTTACGCGTTGCAATG-1	1
NC_006609.4	7240759	7240805	CTACAACAGGCGCACT-1	1
NC_006609.4	7240776	7240813	CGAACCGGTCCTCCAA-1	2
NC_006609.4	7240793	7240831	CCAACATAGGAGCACG-1	3
NC_006609.4	7240805	7241341	GAGTGTTTCTTAATGG-1	1
NC_006609.4	7240839	7240930	CCTAAGCCAAGCCACT-1	1
NC_006609.4	7240844	7240902	GAGGTAGGTCTTGCTG-1	2
NC_006609.4	7240852	7240938	GTCCTCAGTTAGGCTA-1	1
NC_006609.4	7240914	7241074	GAGGAGGCACAGGATG-1	1
NC_006609.4	7240928	7241269	GTATCGCCACAGCCAT-1	2
NC_006609.4	7240965	7241018	GATCGATTCACGTTAA-1	1
NC_006609.4	7240968	7241030	AATGTCCAGCATGTCG-1	1
NC_006609.4	7240968	7241058	TACGTACAGCTGGCTA-1	1
NC_006609.4	7240968	7241078	GTGTTACAGTTACCGG-1	1
NC_006609.4	7241011	7241080	TAAACAGCAAGCCAGA-1	1
NC_006609.4	7241109	7241208	ATGGCTAGTTCGCTCA-1	2
NC_006609.4	7241116	7241207	CAAGGGAGTTTGACCT-1	3
NC_006609.4	7241123	7241451	TATGACTCATGGTTAT-1	1
NC_006609.4	7241124	7241316	ATTGGCTAGAGGAGGA-1	1
NC_006609.4	7241126	7241286	TGTGGAGCAGCTCATA-1	1
NC_006609.4	7241170	7241567	GAGCCTTCACCTGCCT-1	2
NC_006609.4	7241213	7241260	GTTGCATAGTTATCCT-1	1
NC_006609.4	7241241	7241416	GGATTATGTGGTTCCC-1	1
NC_006609.4	7241243	7241477	GAAGCTAAGGCTACAT-1	2
NC_006609.4	7241251	7241446	CTAAGGTTCAACCAAC-1	1
NC_006609.4	7241280	7241462	TCTAATCTCCCATAAA-1	1
NC_006609.4	7241316	7241708	GAGCAAATCAAGTGAG-1	2
NC_006609.4	7241330	7241396	AAGCTAGAGCAAGGTA-1	1
NC_006609.4	7241354	7241801	TCGCGCACATGAATAG-1	1
NC_006609.4	7241388	7241539	AGGAACCAGTGTTGTA-1	1
NC_006609.4	7241402	7241599	GGTGAGCCAGCCAGAA-1	1
NC_006609.4	7241414	7241801	ATAATGGCATTAGGCC-1	1
NC_006609.4	7241420	7241639	TGAGGTGCAATATACC-1	2
NC_006609.4	7241431	7241624	GTTCCTGGTTCATTTG-1	1
NC_006609.4	7241441	7241656	GGATTGCGTTTATTCG-1	1
NC_006609.4	7241458	7241496	TTTGTGAAGTTGTCCC-1	3
NC_006609.4	7241477	7241567	AGCTGCTCAGCAATAA-1	1
NC_006609.4	7241510	7241567	CACTTTGTCCGCATGA-1	1
NC_006609.4	7241510	7241669	GTCTAACAGTTGGATC-1	2
NC_006609.4	7241534	7241652	TGAAGGATCCTCATGC-1	1
NC_006609.4	7241584	7241623	GGACGAAGTCCTTTAA-1	3
NC_006609.4	7241592	7241824	ATCATGTCACGTTACA-1	1
NC_006609.4	7241599	7241784	TAGGAGGGTCCTAAGA-1	1
NC_006609.4	7241674	7242067	GTGCTCAAGCCGCTAA-1	1
NC_006609.4	7241696	7242279	TGGCCAATCATTGCAA-1	1
NC_006609.4	7241703	7242207	CCTATTTAGACCATAC-1	1
NC_006609.4	7241708	7241973	CCGCCAACATATAACC-1	1
NC_006609.4	7241711	7241871	GGAAGTATCAGGAACA-1	1
NC_006609.4	7241727	7242105	AGTTACATCTTAGCGG-1	1
NC_006609.4	7241732	7241935	CCCAGTTTCATTAGTG-1	1
NC_006609.4	7241824	7242002	GCTTACCTCCCATAAA-1	2
NC_006609.4	7241852	7241968	ATGACTCAGACACCGC-1	2
NC_006609.4	7241875	7241991	TGCAAGCGTCTCACTG-1	1
NC_006609.4	7241927	7242241	AGGTATTGTAGGTTTG-1	1
NC_006609.4	7241940	7242300	AAACGTACAATTAGCT-1	1
NC_006609.4	7241944	7242160	GGTTGGTGTGTTTGAG-1	1
NC_006609.4	7242007	7242061	CCGCAAGGTGTTTGCT-1	1
NC_006609.4	7242029	7242365	GGTACTAGTGAGCACT-1	1
NC_006609.4	7242034	7242582	ATGTTCAAGACCATAC-1	1
NC_006609.4	7242104	7242364	GTGCTCCGTTCGGTAA-1	2
NC_006609.4	7242105	7242241	ATCGCTTGTAGGTTAT-1	1
NC_006609.4	7242107	7242276	TTTCATCAGGCGAATA-1	2
NC_006609.4	7242114	7242196	AAGCCACGTTACTTCA-1	1
NC_006609.4	7242115	7242380	GGTTCTTGTAAGCTTG-1	2
NC_006609.4	7242117	7242159	GTGAACAAGGTCCAAT-1	1
NC_006609.4	7242119	7242479	TTTCCTGAGCTATTAG-1	2
NC_006609.4	7242156	7242222	GTACCGGGTATTCGTC-1	1
NC_006609.4	7242187	7242236	TATAGCTCAAGACTCC-1	1
NC_006609.4	7242198	7242236	AACATTGTCTCACACC-1	2
NC_006609.4	7242202	7242428	AATCATGTCTAAGGTC-1	3
NC_006609.4	7242221	7242247	GCTAAGAAGCTTGCTC-1	1
NC_006609.4	7242227	7242347	TACCTTAGTTGCAATG-1	1
NC_006609.4	7242243	7242288	CTTAGTTTCGGTTTCC-1	1
NC_006609.4	7242245	7242279	CCAACATAGCAAGGTA-1	1
NC_006609.4	7242257	7242303	CCAAGTTAGATTGAGG-1	1
NC_006609.4	7242261	7242309	CAAACTGGTGAATCGC-1	1
NC_006609.4	7242273	7242375	TGTCATAAGGCGCTTA-1	1
NC_006609.4	7242300	7242486	AAACGTACAATTAGCT-1	1
NC_006609.4	7242309	7242605	CTGATCACACCTAATG-1	2
NC_006609.4	7242326	7242380	CATAGGTTCCGTCCAT-1	1
NC_006609.4	7242326	7242781	TTGGGCCAGTCACTCC-1	2
NC_006609.4	7242328	7242368	CGGCAATGTCCTCCAA-1	1
NC_006609.4	7242345	7242833	CAAATCATCTTAGGGT-1	1
NC_006609.4	7242348	7242378	CCTGTTGGTCCAAGAC-1	2
NC_006609.4	7242360	7242698	GGACTAAAGGTGCTGC-1	1
NC_006609.4	7242407	7242602	CTAACCACAACTAGAA-1	1
NC_006609.4	7242411	7242448	GCACCTAAGTAGCGGG-1	1
NC_006609.4	7242417	7242445	AGCGCCTAGCCTGATG-1	3
NC_006609.4	7242509	7242601	GATGACTTCCTAGTAA-1	2
NC_006609.4	7242517	7242602	TTGTCAAAGCGATAGA-1	1
NC_006609.4	7242521	7242687	GAGTGTTTCTTAATGG-1	1
NC_006609.4	7242601	7242859	ACGGTTAGTCACAGCG-1	1
NC_006609.4	7242601	7242904	CATGCGGGTCAAGACC-1	1
NC_006609.4	7242603	7242730	TAGCAGGCAGCTTAGC-1	2
NC_006609.4	7242663	7242802	TCCACAACAAACTGTT-1	1
NC_006609.4	7242674	7242727	TGTGCGCAGTTATCCT-1	1
NC_006609.4	7242735	7242777	GGCCTTAAGGCTAGAA-1	1
NC_006609.4	7242757	7242814	GAACGAATCAGGCTAT-1	1
NC_006609.4	7242765	7242807	CCTAAAGGTGGACCTG-1	1
NC_006609.4	7242765	7242862	ACTATGTCAAGCCAGA-1	1
NC_006609.4	7242765	7242924	GTCTTGCTCTTGTCTG-1	1
NC_006609.4	7242771	7243150	CTTTGGGAGGCGAATA-1	1
NC_006609.4	7242773	7242796	CAAGGTAAGGATGATG-1	1
NC_006609.4	7242797	7242870	TGCGATTAGGTTTGCG-1	1
NC_006609.4	7242802	7242836	GGCCTTAAGGCTAGAA-1	1
NC_006609.4	7242822	7242890	CAGGGTGAGTTAGCTA-1	1
NC_006609.4	7242880	7243067	CGATGTCCATAACGGG-1	3
NC_006609.4	7242890	7242944	CATTCCTCAATTGAGA-1	1
NC_006609.4	7242895	7242989	TAGCGGACATAGACCC-1	1
NC_006609.4	7242898	7242939	AGTTACATCCTCATGC-1	2
NC_006609.4	7242924	7243038	TCGGTAAGTTGCCTCA-1	1
NC_006609.4	7242927	7243265	CTAAGGTTCCTGGCTT-1	3
NC_006609.4	7242929	7243121	CCAACATAGCAAGGTA-1	1
NC_006609.4	7242932	7242964	TGCTCTCAGGTGAAAT-1	3
NC_006609.4	7242938	7242976	ATGTCCACAGAATGAC-1	3
NC_006609.4	7242944	7242977	TGCATCCTCGAGGAAC-1	1
NC_006609.4	7242944	7243072	GGCGGTAAGGGCTTAT-1	1
NC_006609.4	7242964	7243046	CTGATCACACATAGCC-1	1
NC_006609.4	7242986	7243029	CTTGTAAAGCTCCTTA-1	1
NC_006609.4	7242996	7243046	CAGGGTGAGTGCACGC-1	1
NC_006609.4	7243001	7243084	TATCGCACACGGTACT-1	1
NC_006609.4	7243007	7243180	GTAGGAGGTTTAAAGC-1	1
NC_006609.4	7243030	7243171	TTTAAGGTCACTAATG-1	1
NC_006609.4	7243030	7243333	TATCCGGAGCGATACT-1	1
NC_006609.4	7243031	7243212	GTTAAACGTTGGCGTG-1	1
NC_006609.4	7243032	7243069	GCCTTTGGTACTGATG-1	1
NC_006609.4	7243038	7243072	ACGTTACAGTGTGATC-1	1
NC_006609.4	7243040	7243185	ATGGCTAGTTCGCTCA-1	1
NC_006609.4	7243040	7243185	TGCTTCCAGCATTTCT-1	1
NC_006609.4	7243059	7243102	ACAAACTGTTTACGTC-1	1
NC_006609.4	7243074	7243242	CAAACTGGTGAGGTAG-1	1
NC_006609.4	7243085	7243185	AATTAGCGTTCATTTG-1	1
NC_006609.4	7243089	7243265	TGAGGGCCAATCATGT-1	1
NC_006609.4	7243099	7243289	ACTTGTAAGGGCTAAA-1	1
NC_006609.4	7243106	7243185	TACGTACAGGGACCTC-1	1
NC_006609.4	7243121	7243197	AGGAAACGTTAGTACG-1	1
NC_006609.4	7243130	7243173	TAATTGCCAAGCTAAA-1	3
NC_006609.4	7243130	7243299	CAGCATGTCTGTTGCC-1	2
NC_006609.4	7243155	7243337	ATGTCCACAGCTTAAT-1	1
NC_006609.4	7243169	7243845	GCATTAGGTTAGTGAT-1	2
NC_006609.4	7243185	7243322	AGTCAAGAGGGTTATC-1	1
NC_006609.4	7243185	7243721	AACTGTTCAATAATCC-1	3
NC_006609.4	7243197	7243601	GCAAACAAGCTGCACA-1	1
NC_006609.4	7243222	7243279	TCGATTAAGGCGGGTA-1	1
NC_006609.4	7243242	7243412	AATTAGCGTTCATTTG-1	3
NC_006609.4	7243244	7243354	GTAGCGCTCCATAATG-1	1
NC_006609.4	7243254	7243280	GCAACAGCATTGCGTA-1	1
NC_006609.4	7243260	7243333	CGAGGTGAGGGCCATC-1	4
NC_006609.4	7243265	7243668	CCACAGGGTATTCGTC-1	1
NC_006609.4	7243277	7243346	ACCAGCTCATAATTGC-1	1
NC_006609.4	7243291	7243320	GGCCTCTGTCATCCTG-1	2
NC_006609.4	7243324	7243380	CCTAATAAGGCGCATC-1	2
NC_006609.4	7243335	7243632	TGGGCATGTTAGGACC-1	1
NC_006609.4	7243346	7243380	TATCCAGCATGCATAT-1	1
NC_006609.4	7243353	7243545	TGACCTTGTCAAACTG-1	1
NC_006609.4	7243383	7243491	ATGGCCGGTCAACAAT-1	1
NC_006609.4	7243392	7243534	CGGTTTGAGCACGTTG-1	1
NC_006609.4	7243405	7243800	GCGGGTTTCTTGTCTG-1	1
NC_006609.4	7243417	7243716	GGTCAAGCAATAACCT-1	1
NC_006609.4	7243448	7243524	GAACGAATCCTCAGTC-1	2
NC_006609.4	7243464	7243716	CAAGCTAGTCAAGTGC-1	1
NC_006609.4	7243523	7243754	CAATATGTCACGAATC-1	1
NC_006609.4	7243529	7243754	AGGAACCAGGTTACAC-1	1
NC_006609.4	7243538	7243562	GCTTTGTGTTCAAGAT-1	1
NC_006609.4	7243545	7243641	AAGTCTATCCTCACTA-1	2
NC_006609.4	7243630	7243768	GGAAGCTAGGAAGCTA-1	1
NC_006609.4	7243633	7243690	GCGCTTGCATGTTTGG-1	1
NC_006609.4	7243639	7243910	CGGCAATGTCCTCCAA-1	1
NC_006609.4	7243651	7243792	TTAAGGTGTACGGTAC-1	1
NC_006609.4	7243661	7243853	TCTAGCACATCCTAGA-1	1
NC_006609.4	7243670	7243863	CGGCTAATCCTGATGG-1	2
NC_006609.4	7243673	7243769	ATGGCTAGTTCGCTCA-1	1
NC_006609.4	7243680	7243821	AAACCAACATTGGGAG-1	2
NC_006609.4	7243696	7243884	CACAATATCACAGCGC-1	5
NC_006609.4	7243721	7243777	TACAGGTTCCCGAAGC-1	1
NC_006609.4	7243735	7243782	GCTAAGAAGTAATCCA-1	2
NC_006609.4	7243736	7243826	CTTTATGGTTACAAAC-1	1
NC_006609.4	7243754	7243833	TTAGGCGTCGCTAGTG-1	1
NC_006609.4	7243792	7243833	GAGATAAGTATTCGTC-1	2
NC_006609.4	7243795	7243863	CTCTAGCTCTGGTCCT-1	2
NC_006609.4	7243802	7243836	TCATTGCGTATTGCAG-1	1
NC_006609.4	7243821	7243857	TAGGAACCACCTGTAA-1	2
NC_006609.4	7243821	7243914	GGTATTTCAGGCATGA-1	2
NC_006609.4	7243822	7243909	ACTCACCTCCGTTAAA-1	3
NC_006609.4	7243822	7244004	CCCAAATAGACTATTG-1	1
NC_006609.4	7243822	7244243	TATTACCTCGGGCCAT-1	2
NC_006609.4	7243826	7243857	TACGCACCATTAAGTC-1	1
NC_006609.4	7243826	7244026	CTGTTGGAGTATTGCA-1	1
NC_006609.4	7243826	7244226	TTAGCAGGTGCTCACC-1	3
NC_006609.4	7243832	7243896	TCTCCTCGTGCAATGC-1	1
NC_006609.4	7243833	7243866	CGGACAACAGTTAAAG-1	1
NC_006609.4	7243852	7243872	ATTCACTTCGCTAGAT-1	2
NC_006609.4	7243852	7243879	TTAAGGTGTGGATGTC-1	2
NC_006609.4	7243852	7243906	TTGTTCCCAGAGAGCC-1	1
NC_006609.4	7243852	7243927	GAGCCTTCACCTGCCT-1	1
NC_006609.4	7243852	7244335	CAGGCTATCCAGGTTG-1	1
NC_006609.4	7243863	7243896	CGGATTAGTGGATTAT-1	1
NC_006609.4	7243894	7244230	ATTCATGAGCGCCTAA-1	1
NC_006609.4	7243896	7244024	ATTGCTCGTTAAATGC-1	2
NC_006609.4	7243896	7244040	AGGAGCTAGTGAGGGT-1	1
NC_006609.4	7243896	7244074	CTGTTGGAGTAGAGGC-1	1
NC_006609.4	7243896	7244098	GAGTGAGGTTTGCAGA-1	1
NC_006609.4	7243955	7244651	CGAAGTAAGTAAGTGG-1	1
NC_006609.4	7243965	7244004	AGGCAGGTCAAACACC-1	3
NC_006609.4	7243971	7244169	AGCCTAAGTTTGAGCA-1	2
NC_006609.4	7244003	7244152	TATGGTCAGCGAGGTG-1	1
NC_006609.4	7244014	7244098	CTTAATGAGAGAAGGG-1	1
NC_006609.4	7244014	7244216	GTTTCAGCACCCTCAC-1	1
NC_006609.4	7244021	7244216	CGCTAACCAACTGGGA-1	1
NC_006609.4	7244031	7244104	ACCGGCTAGCCGCAGT-1	1
NC_006609.4	7244037	7244235	CCTAAATCAAATGCCC-1	3
NC_006609.4	7244044	7244207	TCCGGTAAGCGAGTAA-1	1
NC_006609.4	7244047	7244268	ACAGGCTGTTAGTACG-1	1
NC_006609.4	7244048	7244121	CCAGCTAAGGATTGAG-1	1
NC_006609.4	7244049	7244146	TTCCTCAAGTCAATTG-1	1
NC_006609.4	7244065	7244117	GGAAGCTAGCTACTGG-1	1
NC_006609.4	7244089	7244217	TCTTGTCCAGTAATAG-1	1
NC_006609.4	7244103	7244131	GTAGGAGGTTGTAAAC-1	1
NC_006609.4	7244104	7244138	ACGAATCTCCGCAAAT-1	1
NC_006609.4	7244108	7244150	GGAGCATAGACACTTA-1	3
NC_006609.4	7244117	7244245	GTCTATGCAGGAACCA-1	1
NC_006609.4	7244127	7244209	CCCTCAGTCAAGTGTC-1	2
NC_006609.4	7244142	7244171	TTTACGAAGCCACAAT-1	1
NC_006609.4	7244151	7244301	TGGTTGAGTTATAGCG-1	1
NC_006609.4	7244169	7244414	CATTGTGCACTCGCTC-1	5
NC_006609.4	7244193	7244388	TATTTGGAGCTCGCTT-1	1
NC_006609.4	7244207	7244424	GGATTTATCATTTAGG-1	1
NC_006609.4	7244210	7244366	TTTATGGAGAACAAGT-1	1
NC_006609.4	7244216	7244245	TTGGGCCAGTTCCCAC-1	3
NC_006609.4	7244216	7244248	GGTCAAGCAATAACCT-1	1
NC_006609.4	7244217	7244312	CCTGTAACAGCAATAA-1	1
NC_006609.4	7244217	7244614	ACACGGACAAAGGCCA-1	2
NC_006609.4	7244243	7244352	GGCAAATCACCTGCCT-1	1
NC_006609.4	7244253	7244373	TGCGATTAGTTGCGTG-1	1
NC_006609.4	7244268	7244665	ACGTTACAGACTAAGG-1	1
NC_006609.4	7244274	7244846	CCTACTTCAGCCAGAA-1	1
NC_006609.4	7244278	7244313	GAGTGAGGTCAACAAT-1	1
NC_006609.4	7244296	7244671	GAGAGGCGTGAGCAAG-1	1
NC_006609.4	7244301	7244383	GATAAGCCATTGCGGT-1	2
NC_006609.4	7244312	7244420	CAAGTTATCTCGACCT-1	1
NC_006609.4	7244330	7244400	TCCCTGGTCAAACTCA-1	1
NC_006609.4	7244361	7244388	GCCACTAAGTGAACAG-1	1
NC_006609.4	7244389	7244461	AACCTCACAACCCTCC-1	1
NC_006609.4	7244407	7244463	TCGTTATTCAAGTGTC-1	1
NC_006609.4	7244412	7244556	TCATTGTTCTTGTCTG-1	1
NC_006609.4	7244428	7244495	CCCTCACCAACTGGCT-1	2
NC_006609.4	7244468	7244512	ATAGCATGTCCACAAA-1	2
NC_006609.4	7244473	7244641	GTGTTACAGCCAGTAT-1	2
NC_006609.4	7244473	7244725	TGTTATGAGTGTGATC-1	2
NC_006609.4	7244484	7244614	GTTGGCCAGCCTGATG-1	1
NC_006609.4	7244492	7244561	GTAGGAGGTGAGACTC-1	1
NC_006609.4	7244506	7244620	GGTCAAGCAATAACCT-1	2
NC_006609.4	7244556	7244588	GCAAGCCTCGCTAAGT-1	1
NC_006609.4	7244556	7244613	TCGATTAAGGCGGGTA-1	1
NC_006609.4	7244561	7244588	TACCTGCTCTTGAGCG-1	4
NC_006609.4	7244561	7244739	GCAACAGCACCCACCT-1	1
NC_006609.4	7244574	7244822	TTTCAGTTCATGGCCA-1	1
NC_006609.4	7244614	7245412	GGTCCGTAGGGATGAC-1	1
NC_006609.4	7244620	7244671	GGTCAAGCAATAACCT-1	1
NC_006609.4	7244638	7244714	ATCCTCATCCCTCAAC-1	1
NC_006609.4	7244651	7244721	GCATTGCCAATATGGA-1	1
NC_006609.4	7244651	7244725	ATGAATGCATGAATCT-1	2
NC_006609.4	7244669	7244706	ATGTAAGCAGTCTAGC-1	2
NC_006609.4	7244679	7244756	AGGCCCAGTGTTTGTC-1	1
NC_006609.4	7244691	7244734	ATTTGCAAGGCTTAAC-1	1
NC_006609.4	7244717	7245017	GAGCGATAGCCTGATG-1	1
NC_006609.4	7244727	7244756	TGCTCACTCGATAACC-1	1
NC_006609.4	7244760	7244906	AATCCGTAGGCATTGT-1	1
NC_006609.4	7244760	7244946	TGGATTGGTCCTAATC-1	2
NC_006609.4	7244778	7244822	TACTGCACAGGTCCTG-1	2
NC_006609.4	7244784	7244943	ACCTCACTCACGAATC-1	1
NC_006609.4	7244788	7244836	TCTAACTTCTCCTCAA-1	2
NC_006609.4	7244814	7244844	GGTATTTCAGGCATGA-1	1
NC_006609.4	7244828	7245215	TCACCTGGTTTGGCGG-1	1
NC_006609.4	7244830	7244941	AAGCGCTGTACCGAAC-1	5
NC_006609.4	7244832	7244971	GTGTGAGCACACAATT-1	1
NC_006609.4	7244840	7244981	CCCAGTTTCCTCAGCT-1	1
NC_006609.4	7244844	7244982	GGAGCGATCCGTTAAA-1	1
NC_006609.4	7244844	7245429	GGATGTAAGTTATTCC-1	1
NC_006609.4	7244846	7244933	TCAATCGCAATTGAAG-1	2
NC_006609.4	7244855	7245444	ATTAGTCCAACAGGAT-1	1
NC_006609.4	7244870	7245186	GCTGCAATCATTAGTG-1	1
NC_006609.4	7244884	7244941	TAGCTAATCATGTTTC-1	2
NC_006609.4	7244887	7244921	GCCAATTAGTAGAGGC-1	2
NC_006609.4	7244887	7245051	CCTGGTAAGGTGAGAC-1	2
NC_006609.4	7244913	7244946	CGTAGTTAGGCTGGCT-1	1
NC_006609.4	7244919	7244967	CAGCCTTTCAATAGCC-1	1
NC_006609.4	7244969	7245153	GCATGAGCACCTGTAA-1	2
NC_006609.4	7244971	7245283	GCCACACAGAGGGACT-1	1
NC_006609.4	7244989	7245072	CCTAAGCCAATTTAGC-1	1
NC_006609.4	7244992	7245060	TGGACGGAGTAATCCA-1	1
NC_006609.4	7245022	7245271	CGCTTACTCCGCATGA-1	1
NC_006609.4	7245029	7245189	TCCAGCAAGCGATAGA-1	1
NC_006609.4	7245080	7245176	ACACTTAAGGTAGCTT-1	1
NC_006609.4	7245127	7245160	ACCTCACTCGATTTGA-1	1
NC_006609.4	7245160	7245216	GGCGCTAGTTTAGCGA-1	1
NC_006609.4	7245195	7245232	CGTGCTGCATGTCAAT-1	1
NC_006609.4	7245211	7245265	CGTGTTACAGTAGCCT-1	1
NC_006609.4	7245252	7245283	GCATTGCCAATACTGT-1	1
NC_006609.4	7245260	7245452	CAATAAGCAGGCTTGT-1	2
NC_006609.4	7245283	7245318	TCCGGTTTCGTCAAGT-1	2
NC_006609.4	7245283	7245417	AAGCGTTTCCTTTACG-1	1
NC_006609.4	7245339	7245439	TCACATAAGCCAGTAT-1	2
NC_006609.4	7245351	7245423	ACTAACCAGGCGCTTA-1	2
NC_006609.4	7245376	7245416	GCCCAAATCCCTGTTA-1	1
NC_006609.4	7245384	7245639	ATTCATGAGGCTAGAA-1	2
NC_006609.4	7245441	7245562	GCATTGCCAATACTGT-1	2
NC_006609.4	7245462	7245501	ATGGCTAGTTTATCTG-1	1
NC_006609.4	7245480	7245702	CTGTTCATCAATTGGC-1	1
NC_006609.4	7245499	7245538	CCGGTAGGTTTATTCG-1	2
NC_006609.4	7245514	7246014	TCGTTATTCTCACTAT-1	2
NC_006609.4	7245582	7246004	GGCAAATCACCTGCCT-1	1
NC_006609.4	7245595	7245764	ACGATTCAGTAAACCC-1	1
NC_006609.4	7245615	7245970	AGGAAACGTTCACTGT-1	1
NC_006609.4	7245646	7245870	GGAACTAAGTTCCTGC-1	1
NC_006609.4	7245706	7245746	GATTCAATCCTGGTCT-1	1
NC_006609.4	7245706	7245768	CGCCAAATCCGCAAGC-1	1
NC_006609.4	7245721	7245918	ACGACTTAGTACTGGT-1	2
NC_006609.4	7245746	7246070	GTTAGGCGTAACCTAG-1	1
NC_006609.4	7245791	7245875	ACACCTTGTGGAGCAA-1	1
NC_006609.4	7245859	7246083	CTTAAGGGTGAGACTC-1	1
NC_006609.4	7245869	7245918	GGTTTAATCGCTAGCA-1	1
NC_006609.4	7245887	7245913	TGCTCACTCTGCAACG-1	1
NC_006609.4	7245887	7245939	GTCCAGGGTAACGGGA-1	1
NC_006609.4	7245888	7245949	GCCTCGACACATTGCA-1	3
NC_006609.4	7245897	7246221	AAGGATTAGACAAACG-1	1
NC_006609.4	7245932	7246058	AACGGTAAGTAACTCA-1	1
NC_006609.4	7245932	7246070	GGTACTTAGGCGGGTA-1	1
NC_006609.4	7245937	7245964	TGAGTTTCATTGTCAG-1	1
NC_006609.4	7245968	7245999	CCGTTACTCATTACTC-1	1
NC_006609.4	7245970	7246010	TTGCAAGGTTCGCTTG-1	1
NC_006609.4	7245975	7246068	GGACTAAAGGATTTGC-1	1
NC_006609.4	7245990	7246078	CTACTTAGTTCAAGCA-1	3
NC_006609.4	7245992	7246058	AGGGCTACATAGGCGA-1	1
NC_006609.4	7246058	7246150	CCATAGCCAAGCTTTG-1	3
NC_006609.4	7246063	7246294	TCATTGCGTATTGCAG-1	2
NC_006609.4	7246068	7246263	CGTGTTACAGTAGCCT-1	1
NC_006609.4	7246078	7246143	GCCAACATCCTTCTAG-1	1
NC_006609.4	7246129	7246179	GGTAACTTCGGGACCT-1	1
NC_006609.4	7246152	7246389	AAGCATGAGCGGATAA-1	1
NC_006609.4	7246208	7246613	GTGCTCCGTTCGGTAA-1	1
NC_006609.4	7246221	7246421	GGAGTCTGTGAAACAA-1	1
NC_006609.4	7246243	7246302	ATTGGCTAGCACGATT-1	2
NC_006609.4	7246255	7246590	TGCTTGTGTGTTTGTC-1	1
NC_006609.4	7246350	7246479	CTTAAGGGTGAGACTC-1	1
NC_006609.4	7246359	7246434	CATCCTCAGGACCGCT-1	1
NC_006609.4	7246372	7246434	ATTGGCTAGCACGATT-1	1
NC_006609.4	7246377	7246557	AGTGCGGAGGTAGCTT-1	1
NC_006609.4	7246396	7246581	CTAAATGTCCTGGTGA-1	1
NC_006609.4	7246412	7246447	AACAAGCCATTAGGCC-1	1
NC_006609.4	7246421	7246467	AGACACGCAGTGAACG-1	2
NC_006609.4	7246427	7246506	CCGCACACACAAAGCG-1	1
NC_006609.4	7246462	7246775	CCTGATGAGGCAGGTG-1	1
NC_006609.4	7246484	7246577	GTGGTTAGTTTAACGG-1	2
NC_006609.4	7246504	7246540	CCTAATCGTAACCTAG-1	1
NC_006609.4	7246514	7246704	CAAAGCGCAGTACCGT-1	1
NC_006609.4	7246547	7246777	TAGGTGCGTTTCCGGC-1	1
NC_006609.4	7246562	7246617	GGTCAAGCAATAACCT-1	2
NC_006609.4	7246591	7246668	ACGATTCAGTAAACCC-1	1
NC_006609.4	7246591	7246827	ATTGCAGGTTAATGCG-1	2
NC_006609.4	7246614	7246782	CGCATTACAAACTCAT-1	1
NC_006609.4	7246637	7246817	TCCACAACACCAGCAT-1	1
NC_006609.4	7246658	7246863	GAGGCTTGTGGATGTC-1	1
NC_006609.4	7246704	7246757	GAGATAAGTGGATTAT-1	3
NC_006609.4	7246735	7246789	AAGGCCCTCAGGAACA-1	1
NC_006609.4	7246763	7246814	GCGCTTGCACGGTACT-1	1
NC_006609.4	7246787	7246854	GTTGCCCGTCAATACG-1	1
NC_006609.4	7246839	7246920	GATAATCGTGCGCGTA-1	1
NC_006609.4	7246863	7247292	GAGGCTTGTGGATGTC-1	1
NC_006609.4	7246903	7246938	TAGGCTTAGTTAACCA-1	1
NC_006609.4	7246931	7246981	TGTAAGTGTTTGGCTT-1	1
NC_006609.4	7247089	7247122	GCACTTACAATACTGT-1	2
NC_006609.4	7247104	7247162	TCATTGCGTATTGCAG-1	1
NC_006609.4	7247122	7247196	CCAGACTCATTAGGTT-1	1
NC_006609.4	7247146	7247554	CCGTGCTGTTAGGCTA-1	1
NC_006609.4	7247194	7247299	CACCTCAGTGTCCTGC-1	1
NC_006609.4	7247222	7247428	TCAAGACTCCTAATTC-1	2
NC_006609.4	7247222	7247433	GCTGATCCACGTGCTG-1	1
NC_006609.4	7247284	7247425	AGAGGAACACCTGCCT-1	2
NC_006609.4	7247415	7247953	CATCAATCATGACTAT-1	2
NC_006609.4	7247420	7247463	ACACTTAAGTTCCCGT-1	2
NC_006609.4	7247442	7247504	TATTAGGTCAGTATTG-1	1
NC_006609.4	7247442	7247612	AGAACCGCATTAGCGC-1	1
NC_006609.4	7247443	7247943	AGTCTTGCACTATGGC-1	2
NC_006609.4	7247459	7247490	TGTGGCGGTTTGAGGC-1	2
NC_006609.4	7247459	7247587	AGGATCCGTACGATTG-1	1
NC_006609.4	7247460	7247734	GCCCTCATCCTCATGC-1	1
NC_006609.4	7247478	7247543	TAGGTTGGTTACTTCA-1	1
NC_006609.4	7247514	7247558	GTCTATGCAAGGTCCT-1	1
NC_006609.4	7247521	7247867	GATGACTTCGGCTATG-1	1
NC_006609.4	7247534	7247675	TCTCCTCGTGAATCGC-1	1
NC_006609.4	7247543	7247909	AGAAACTAGTGCACGC-1	2
NC_006609.4	7247561	7247694	CGGCAATGTCCTCCAA-1	1
NC_006609.4	7247573	7247603	GTACAATGTTGTCCAT-1	1
NC_006609.4	7247573	7247622	GTACTTCGTCACAGCG-1	3
NC_006609.4	7247576	7247949	CCTGGATCATTGCGTA-1	1
NC_006609.4	7247582	7247951	GGATGTAAGTCATGCG-1	2
NC_006609.4	7247585	7247782	TAGCAGGCATTGTGTG-1	1
NC_006609.4	7247592	7247617	CAAGGTTTCCTAGTTT-1	1
NC_006609.4	7247599	7247631	GTTTAGCAGGCATTGT-1	2
NC_006609.4	7247603	7247943	TCAATCGCACAATTAC-1	2
NC_006609.4	7247611	7247641	CTTCAGGAGGGACGCA-1	2
NC_006609.4	7247614	7247757	TATAACCCAAGTGAAC-1	1
NC_006609.4	7247636	7248021	GTGAGCGAGCCGCAGT-1	2
NC_006609.4	7247658	7247720	GTCAATATCGGTCAAT-1	1
NC_006609.4	7247674	7247707	CCCAACCGTTAGGCTA-1	1
NC_006609.4	7247688	7247897	GTAGGATCATAGACCC-1	1
NC_006609.4	7247694	7247942	CGTTTGGAGTAACTCA-1	1
NC_006609.4	7247706	7247744	AGGACGTAGGGTGAAC-1	1
NC_006609.4	7247720	7247919	ACTGAATGTCTCAGCC-1	1
NC_006609.4	7247728	7247858	CTTACCTCAGCATGAG-1	1
NC_006609.4	7247734	7247953	GCCCTCATCCTCATGC-1	1
NC_006609.4	7247756	7248214	GGCAAATCACCTGCCT-1	1
NC_006609.4	7247789	7247829	GACGTAAAGCTAAAGG-1	1
NC_006609.4	7247880	7247953	CGAACAAAGTGGCGGA-1	3
NC_006609.4	7247891	7248251	AAGCGAGGTTAGCGTA-1	1
NC_006609.4	7247906	7248050	GTTAAACGTGCACGCA-1	2
NC_006609.4	7247907	7248051	ATTACCGCACCAGGTT-1	1
NC_006609.4	7247916	7247957	CGGTTTGAGTAACGAG-1	1
NC_006609.4	7247938	7248107	AAAGGAGCACGTAAGG-1	2
NC_006609.4	7247943	7247977	AGCAATTGTTGGCGTG-1	2
NC_006609.4	7247944	7248102	ACTGAATGTCTCAGCC-1	1
NC_006609.4	7247947	7248008	CCAAACTAGGACAACA-1	1
NC_006609.4	7247956	7248151	TTATTGCTCAATTGGC-1	2
NC_006609.4	7247961	7248153	TTTAGCTTCAATACGC-1	1
NC_006609.4	7248007	7248159	ATTAGTCCAATTGACT-1	3
NC_006609.4	7248031	7248067	GCAAACAAGCCATCAG-1	1
NC_006609.4	7248044	7248231	TATGACTCATGGCCCA-1	1
NC_006609.4	7248050	7248135	ATGTGAGAGCGCTCAA-1	1
NC_006609.4	7248102	7248636	GTTCATTTCCAAATCA-1	1
NC_006609.4	7248109	7248268	ACGTCCAAGTTATCCT-1	1
NC_006609.4	7248109	7248268	GGGTTTGTCGCTATAA-1	1
NC_006609.4	7248165	7248644	GGCATTGTCTAGCTTT-1	3
NC_006609.4	7248181	7248329	AAGACCAAGGCGAAAC-1	1
NC_006609.4	7248183	7248247	CCAGACTCATGTGGGA-1	5
NC_006609.4	7248211	7248245	AGGTGAGGTTCACTGT-1	1
NC_006609.4	7248251	7248344	TAAACAGCAAGCCAGA-1	1
NC_006609.4	7248255	7248664	CAGCCAATCATCCACC-1	2
NC_006609.4	7248258	7248315	ATGGCTTAGCAAGGTA-1	1
NC_006609.4	7248258	7248316	GTTGTTGCAAATACCT-1	1
NC_006609.4	7248265	7248469	GTTCCCAGTTTGCTGT-1	2
NC_006609.4	7248341	7248385	CGCATATAGCTAATTG-1	1
NC_006609.4	7248379	7248476	CTTGAATCACATACTG-1	2
NC_006609.4	7248385	7248453	ATTACCGCACCAGGTT-1	2
NC_006609.4	7248385	7248515	CGGATAAAGCGGGCAA-1	1
NC_006609.4	7248385	7248699	TTGTCAAAGCGATAGA-1	1
NC_006609.4	7248386	7248532	GGCGGTAAGTGAAGTG-1	1
NC_006609.4	7248437	7248598	ACCGAAGCAGGCTACT-1	5
NC_006609.4	7248452	7249103	GCATTGCCAGCCAGTT-1	1
NC_006609.4	7248456	7248582	CGTAGTTAGAGAGGAG-1	1
NC_006609.4	7248462	7248500	AAGCCTCCATGATTGT-1	2
NC_006609.4	7248463	7248631	CCAAACTAGCATGCAT-1	1
NC_006609.4	7248480	7248520	CGTCATTGTTACAAAC-1	2
NC_006609.4	7248484	7248664	GCAGCAACAGGATTAA-1	2
NC_006609.4	7248503	7248608	TTAGGCTAGAACCTAC-1	1
NC_006609.4	7248510	7248584	TTGCTCTCAGGAATCG-1	3
NC_006609.4	7248513	7248660	CATTGTGCATGCAACC-1	3
NC_006609.4	7248525	7248582	AAGAACAGTGCATTAG-1	1
NC_006609.4	7248537	7248843	ATTGTCCGTGTTGCAA-1	1
NC_006609.4	7248547	7248598	CACAGGCTCGACAAAG-1	2
NC_006609.4	7248549	7249133	ATCACAATCAATGTGC-1	1
NC_006609.4	7248579	7248652	ATTTGTGAGCGGTTAT-1	1
NC_006609.4	7248582	7249103	GGTGTGACAAGGAATC-1	2
NC_006609.4	7248584	7248652	TTGCTCTCAGGAATCG-1	2
NC_006609.4	7248588	7248648	CGTGGTTCAAGGACCA-1	1
NC_006609.4	7248638	7249292	AGGGCCTTCCCGTTAC-1	2
NC_006609.4	7248644	7248740	TCAGGAGCATAGCAGG-1	1
NC_006609.4	7248645	7248692	GGAAGTATCGCATTAA-1	1
NC_006609.4	7248652	7248707	ACACTAATCCGCAAGC-1	2
NC_006609.4	7248653	7249073	GACCTGCAGCGTGCAC-1	2
NC_006609.4	7248659	7249138	GAGCCACTCTCAATGA-1	1
NC_006609.4	7248675	7248821	TGAAGTGAGGTGCTGC-1	1
NC_006609.4	7248678	7248821	ATTAGTCCACCCACAG-1	1
NC_006609.4	7248707	7248907	TTTAACGAGCTATGAC-1	1
NC_006609.4	7248728	7249114	GTGCTCCGTAGGATTT-1	1
NC_006609.4	7248734	7248944	TAGCCTTGTTTATTCG-1	1
NC_006609.4	7248734	7249095	GCAAACTTCTTCAATC-1	4
NC_006609.4	7248743	7248891	GGGCAATAGGTAACGA-1	2
NC_006609.4	7248745	7248874	CCACATTGTACTTAGG-1	1
NC_006609.4	7248793	7248864	GCACTAAGTAATCGTG-1	1
NC_006609.4	7248815	7248989	CTCCTAATCCGTAAAC-1	1
NC_006609.4	7248823	7248935	AACTAGCTCGCAACAT-1	3
NC_006609.4	7248823	7249316	GACCTGCAGTGAGAGC-1	1
NC_006609.4	7248830	7249073	GCTGATCCAGGCCAAA-1	1
NC_006609.4	7248830	7249174	TGAGCAAAGGGCTAAA-1	2
NC_006609.4	7248831	7249138	CAATCTAAGAAAGCAT-1	1
NC_006609.4	7248845	7249180	GATTCCTGTTACAAAC-1	3
NC_006609.4	7248850	7248981	GATTAGCTCAGCTAAC-1	2
NC_006609.4	7248863	7249084	ACCCGCTGTGTCACGG-1	1
NC_006609.4	7248864	7248921	TCACGGATCCTCATCA-1	4
NC_006609.4	7248879	7249103	TATGGATGTCGTAATG-1	1
NC_006609.4	7248891	7249068	TACAAGCTCTGGCATG-1	2
NC_006609.4	7248900	7248987	AATTGGGAGCTTACTT-1	1
NC_006609.4	7248905	7248941	CAATATGTCATGCATA-1	1
NC_006609.4	7248911	7249068	AACAGATAGTAGCCAT-1	1
NC_006609.4	7248925	7249174	TTTGACTTCCCTGACT-1	1
NC_006609.4	7248944	7249032	ACCTAAATCACTAAGC-1	2
NC_006609.4	7248953	7249186	TCGACAAGTTTGCAGA-1	1
NC_006609.4	7248979	7249025	TAGGTGCGTTTCCGGC-1	2
NC_006609.4	7248983	7249023	GCCAATTAGTAGAGGC-1	1
NC_006609.4	7248983	7249055	TGTCATAAGTACTGGT-1	1
NC_006609.4	7248984	7249073	GTTAACCAGGAAACTG-1	2
NC_006609.4	7248986	7249068	CGAAGAATCATGCTAA-1	1
NC_006609.4	7248999	7249033	AATCCTAAGTTTAACG-1	1
NC_006609.4	7249002	7249033	GCAGGCTTCCGGGACT-1	1
NC_006609.4	7249018	7249218	TACGTACAGAGAGCCG-1	1
NC_006609.4	7249028	7249243	AACCTCCTCCTAATAG-1	2
NC_006609.4	7249033	7249483	GCTAGTGTCTTTGTAC-1	2
NC_006609.4	7249037	7249103	AGAACAAGTTTAACGG-1	1
NC_006609.4	7249051	7249085	GCTGATCCACGAATTT-1	3
NC_006609.4	7249061	7249288	ACCTTCATCAGCATTA-1	3
NC_006609.4	7249076	7249119	CACTAAGGTAGGTTAT-1	2
NC_006609.4	7249085	7249146	CGCTAACCAGTTATGT-1	3
NC_006609.4	7249100	7249163	ATGTCATCAGCATGGA-1	1
NC_006609.4	7249101	7249138	CCATAAATCATTGACA-1	1
NC_006609.4	7249101	7249147	GCCAGGAAGCAAGGGT-1	1
NC_006609.4	7249101	7249166	GTTGCGGGTTGGTTGA-1	2
NC_006609.4	7249103	7249152	AGATGAAGTTCCTCCT-1	1
NC_006609.4	7249103	7249176	ATGAAGCCAACTGGCT-1	1
NC_006609.4	7249103	7249176	GCATTGCCAGCCAGTT-1	2
NC_006609.4	7249103	7249267	GCAGGCTTCCGGGACT-1	2
NC_006609.4	7249103	7249297	TAGCATATCGAAGTAG-1	2
NC_006609.4	7249103	7249317	GAACGAATCTCCATAT-1	1
NC_006609.4	7249103	7249419	TTCAGTTTCCTGAATA-1	2
NC_006609.4	7249109	7249163	ATGCATTCAGTTTGGC-1	1
NC_006609.4	7249113	7249162	AAGTAGCCAATTGAGA-1	1
NC_006609.4	7249113	7249199	TGTAATGTCGGTTAGT-1	2
NC_006609.4	7249113	7249232	CTAATCGCAAGCTAAA-1	1
NC_006609.4	7249113	7249276	TCTAAGGGTTGTAAAC-1	2
NC_006609.4	7249113	7249287	TCCCGTTAGGCGCTAC-1	1
NC_006609.4	7249113	7249297	CATCGCTTCTATCGCC-1	3
NC_006609.4	7249113	7249367	GCACTTACATTGCGTA-1	1
NC_006609.4	7249113	7249462	GCTCACAAGGAAACTG-1	1
NC_006609.4	7249119	7249174	AACGCCCAGGGCTTTG-1	1
NC_006609.4	7249119	7249287	CTAGGACGTGGTTAGC-1	1
NC_006609.4	7249119	7249364	ATTATGGTCCTTGTTG-1	2
NC_006609.4	7249119	7249367	GTACCTTGTGCTCCAC-1	1
NC_006609.4	7249128	7249414	AGCACTTAGACAAGTG-1	1
NC_006609.4	7249133	7249174	TATTAGGTCTAAGTCA-1	1
NC_006609.4	7249138	7249176	AAACCAACATTGGGAG-1	1
NC_006609.4	7249138	7249184	CATAGACTCAATGTCA-1	1
NC_006609.4	7249138	7249193	GTCCTCAGTCCCGAAG-1	2
NC_006609.4	7249138	7249199	GACTTGGTCCATCAGG-1	2
NC_006609.4	7249138	7249203	TTATGCGCACAGGAAT-1	3
NC_006609.4	7249138	7249242	CAATGACTCTAACCTT-1	1
NC_006609.4	7249138	7249257	CACCTCAGTGCAATGC-1	2
NC_006609.4	7249138	7249279	AGGACGTAGTGTTGTA-1	1
NC_006609.4	7249138	7249294	CTAACCTGTTTAACCC-1	1
NC_006609.4	7249138	7249302	CGAAGAATCTGGCAAT-1	2
NC_006609.4	7249138	7249616	TATGACTCACAATTAC-1	1
NC_006609.4	7249147	7249187	TTGACGTAGGTCCTGA-1	1
NC_006609.4	7249147	7249388	TCGCGCACACAAACTT-1	1
NC_006609.4	7249149	7249310	CTCACAACATTGTCCT-1	2
NC_006609.4	7249151	7249340	TCACCTGGTTTCGCCA-1	2
NC_006609.4	7249153	7249460	TGCTATGCAGCTTACA-1	2
NC_006609.4	7249154	7249287	GATGAGGGTAATCGCA-1	2
NC_006609.4	7249157	7249242	ATGTTCAAGTGAACGA-1	2
NC_006609.4	7249157	7249302	GAGGCTTGTGAGGTGA-1	1
NC_006609.4	7249157	7249322	ACTAACTCAATTGACT-1	1
NC_006609.4	7249162	7249241	CCTATTGTCCTCAGCT-1	2
NC_006609.4	7249163	7249193	AGCGCTCAGCGAGTAA-1	1
NC_006609.4	7249163	7249223	ATGTCATCAGCATGGA-1	2
NC_006609.4	7249163	7249237	AGCGCTCAGCGAGTAA-1	3
NC_006609.4	7249163	7249277	CGCCAAATCTAAGGTC-1	2
NC_006609.4	7249163	7249345	TCGCTAACATGTTTGG-1	1
NC_006609.4	7249166	7249187	GCTAACAGTACGCGCA-1	1
NC_006609.4	7249167	7249288	TGCCGGTAGCATGTTA-1	1
NC_006609.4	7249168	7249317	ATACCTGCAATAAGCA-1	2
NC_006609.4	7249171	7249373	TCGTTACGTGACATAT-1	1
NC_006609.4	7249174	7249206	ATATAGGCACGAACAG-1	3
NC_006609.4	7249174	7249242	CGTAACTAGGACCTCA-1	1
NC_006609.4	7249174	7249269	CCATAGCCAAGCTTTG-1	1
NC_006609.4	7249174	7249271	GCACTAAGTCCTCCAA-1	1
NC_006609.4	7249174	7249370	CTGCAATAGGGACTAA-1	1
NC_006609.4	7249174	7249388	ATGGTCTAGGAGCAAC-1	1
NC_006609.4	7249175	7249242	CTTTATCAGTAAGGGC-1	1
NC_006609.4	7249176	7249296	CAATCGCCAAGCTTAT-1	1
NC_006609.4	7249176	7249317	AGTGATGAGTGACCTG-1	1
NC_006609.4	7249179	7249243	GCATTGCCAGCCAGTT-1	1
NC_006609.4	7249181	7249232	GCGGTTGGTGATCAGC-1	1
NC_006609.4	7249183	7249222	ACCCTGTTCATAAGCC-1	1
NC_006609.4	7249183	7249297	AGTCCTTGTTAGTGAT-1	4
NC_006609.4	7249184	7249384	TTCAGGTAGGCTGTCA-1	1
NC_006609.4	7249186	7249232	CGGAGTCTCAAACACC-1	3
NC_006609.4	7249186	7249242	TCGACAAGTCAAGACC-1	3
NC_006609.4	7249188	7249232	CCTCCTGAGAAAGCAT-1	2
NC_006609.4	7249188	7249232	TTCCCACAGGATGATG-1	3
NC_006609.4	7249193	7249227	AATTCGTCAAGCCAGA-1	1
NC_006609.4	7249193	7249232	GAACTTATCGCTCCAT-1	3
NC_006609.4	7249193	7249232	GCTGTGATCAGCAAGA-1	1
NC_006609.4	7249193	7249242	ATCCTGACAAATTCGT-1	2
NC_006609.4	7249193	7249288	CTTTAGGCAAGTAAGC-1	2
NC_006609.4	7249193	7249302	CTTCACTCAGATTCAT-1	1
NC_006609.4	7249193	7249312	ACTAACGGTTTGGCGG-1	1
NC_006609.4	7249194	7249232	GATGCAGCACAGCCTG-1	1
NC_006609.4	7249194	7249232	TAGAGCCGTGTTGTAG-1	1
NC_006609.4	7249194	7249237	ACATTGCAGACAAGTG-1	2
NC_006609.4	7249194	7249243	ACGTTGTAGAAAGCAT-1	1
NC_006609.4	7249194	7249252	TACTCAAAGCTCCTAC-1	1
NC_006609.4	7249194	7249288	GCTTTCATCGACAAAG-1	1
NC_006609.4	7249194	7249402	GTTACAGGTTTCCTCC-1	1
NC_006609.4	7249194	7249412	GTCCGTAAGTTATGTG-1	2
NC_006609.4	7249199	7249232	GGTTTCTGTAGTAAGA-1	1
NC_006609.4	7249199	7249241	AGCGGATAGGGTCTAT-1	2
NC_006609.4	7249199	7249243	CTCCGGACACCTGCCT-1	1
NC_006609.4	7249199	7249279	CCAGGATGTCTAACAG-1	2
NC_006609.4	7249199	7249296	CGTTAAATCCCTTGCG-1	2
NC_006609.4	7249199	7249296	CTTGCTCAGTTAGGCT-1	1
NC_006609.4	7249199	7249301	AAGGATCCATTAGGCC-1	1
NC_006609.4	7249199	7249312	CCTACTGGTTACAACG-1	1
NC_006609.4	7249199	7249312	GACTTGGTCCATCAGG-1	1
NC_006609.4	7249199	7249362	GCCTGCTGTGGATTCA-1	1
NC_006609.4	7249199	7249389	CAAGTTATCTTAGCCC-1	1
NC_006609.4	7249199	7249635	GTACACCCAAAGGCCA-1	1
NC_006609.4	7249203	7249287	ATATGCTCACCTAATG-1	2
NC_006609.4	7249203	7249288	GTGATGAAGGCGCTTA-1	1
NC_006609.4	7249203	7249460	AACGACAAGCATGTCG-1	1
NC_006609.4	7249203	7249705	TTGCTTAGTGTTGCAA-1	2
NC_006609.4	7249209	7249267	GTAGTTTCAACTAGGG-1	2
NC_006609.4	7249209	7249297	ATACCTGCATGTCAAT-1	1
NC_006609.4	7249209	7249312	CGCATATAGGTCCTGA-1	1
NC_006609.4	7249209	7249367	GAAAGCCAGCACCACA-1	4
NC_006609.4	7249209	7249371	CAACTAATCGTCCTTA-1	3
NC_006609.4	7249213	7249267	TTGGGCCAGGTGTCCA-1	1
NC_006609.4	7249213	7249300	GTTCCCAGTTAAATGC-1	2
NC_006609.4	7249220	7249516	GCTTGTTGTCATAGAT-1	1
NC_006609.4	7249222	7249294	TTCATTCAGCGCCTTT-1	1
NC_006609.4	7249223	7249300	GGATGGCCATCCTGAA-1	1
NC_006609.4	7249227	7249279	ACACAATGTCAAGACC-1	2
NC_006609.4	7249227	7249288	CATGAGGCACGTGCTG-1	1
NC_006609.4	7249227	7249297	TGTTGTAAGTTCCCGT-1	2
NC_006609.4	7249227	7249324	ATTACGTCACCTAAGC-1	1
NC_006609.4	7249227	7249671	CGCCACACAGGTCCTG-1	1
NC_006609.4	7249232	7249288	CCTTCAATCGATTTAG-1	1
NC_006609.4	7249232	7249288	TACGGTTAGGCTACAT-1	1
NC_006609.4	7249232	7249294	CTGACCAAGGCCAATT-1	2
NC_006609.4	7249232	7249296	GCTGTGATCAGCAAGA-1	1
NC_006609.4	7249232	7249297	AAATCCGGTTGCTGGG-1	1
NC_006609.4	7249232	7249302	CAGGTCCAGCACTTGG-1	1
NC_006609.4	7249232	7249324	ACGGGAAGTTACTAGG-1	1
NC_006609.4	7249232	7249367	AGGTATTGTGCTTAGA-1	1
NC_006609.4	7249232	7249436	TGATTAGTCAGCAAAG-1	2
NC_006609.4	7249232	7249471	GTGCTCAAGCCTGAGC-1	1
NC_006609.4	7249232	7249506	TGGCCATCACCGGCTA-1	1
NC_006609.4	7249232	7249592	TTAGCAGGTCTAACCT-1	1
NC_006609.4	7249235	7249296	AGGCGGATCACGCATG-1	1
NC_006609.4	7249237	7249300	TGGTAAACACCCTCAC-1	1
NC_006609.4	7249237	7249302	TTCATCCCATCAGTAT-1	1
NC_006609.4	7249237	7249379	AGTTACTCAGGCCTTG-1	1
NC_006609.4	7249240	7249288	ATGAAGTAGCCTGTTC-1	2
NC_006609.4	7249241	7249297	ACTTGCACATGCTATG-1	3
NC_006609.4	7249241	7249302	GGCGTTATCAAACCGT-1	1
NC_006609.4	7249241	7249357	ATTTGCGCACAGAACG-1	1
NC_006609.4	7249242	7249297	GAAGCTAAGGCTACAT-1	3
NC_006609.4	7249242	7249302	ATGGCTTAGTTATGTG-1	1
NC_006609.4	7249242	7249302	CACCTGTTCCCATAGG-1	2
NC_006609.4	7249242	7249340	GTTTAGCAGCTAAAGG-1	1
NC_006609.4	7249242	7249369	TGCGCGAGTGGAGCAA-1	2
NC_006609.4	7249242	7249371	TCATGTTTCGCCTAAG-1	2
NC_006609.4	7249242	7249372	TCCTGGTTCGAGCAAA-1	1
NC_006609.4	7249242	7249414	AGAACAAGTTTAACGG-1	1
NC_006609.4	7249243	7249288	CATCGCTTCGAGCAAA-1	2
NC_006609.4	7249243	7249295	CGTAACTAGTTTGGTA-1	2
NC_006609.4	7249243	7249296	CGGACAACAGGCTAGA-1	1
NC_006609.4	7249243	7249297	TCCTCTAAGTTGGATC-1	1
NC_006609.4	7249243	7249302	CTTGACGAGCATTATG-1	1
NC_006609.4	7249243	7249377	TCATGAGGTTGGATCA-1	1
NC_006609.4	7249243	7249378	CGGCAATGTTGTAACG-1	1
NC_006609.4	7249243	7249379	ACCCGTAAGCGGCTGT-1	1
NC_006609.4	7249243	7249402	ATAGGTACACTAGGTC-1	1
NC_006609.4	7249251	7249302	TCACGGATCTAGCGTG-1	2
NC_006609.4	7249251	7249377	AATTAGGCAGCATGAG-1	2
NC_006609.4	7249252	7249296	CACAATATCATTGTCT-1	2
NC_006609.4	7249252	7249302	CTAGTAGGTCCGTGAG-1	1
NC_006609.4	7249252	7249317	GGACGGATCCTGGTCT-1	3
NC_006609.4	7249262	7249296	ACGCAAGCATTGCAGC-1	2
NC_006609.4	7249263	7249354	CAATGCCCAGCACGAA-1	1
NC_006609.4	7249264	7249324	AAGGTGCAGGAAGCAC-1	2
NC_006609.4	7249267	7249316	AGAGAGGAGGTAACGA-1	1
NC_006609.4	7249272	7249302	CTAACCTGTTTAACCC-1	1
NC_006609.4	7249277	7249304	TTCAGCACACCTCAGG-1	1
NC_006609.4	7249277	7249340	TGCCGGTAGCACAGAA-1	2
NC_006609.4	7249277	7249379	TTCAGCACACCTCAGG-1	1
NC_006609.4	7249279	7249335	AGGAACCAGGAACGGT-1	1
NC_006609.4	7249279	7249384	GCCATTACAACTAGGG-1	1
NC_006609.4	7249280	7249520	TTAGCAATCCTTCGTA-1	1
NC_006609.4	7249281	7249322	GCTTAACAGACTCGCA-1	1
NC_006609.4	7249286	7249354	CAATAAGCAGGCTTGT-1	3
NC_006609.4	7249287	7249379	TATCGCACACAACAAA-1	1
NC_006609.4	7249287	7249407	TGTCCTGGTTCCGGGA-1	1
NC_006609.4	7249287	7249435	GATGAGGGTAATCGCA-1	2
NC_006609.4	7249287	7249556	CATGAGGCAAGGTCGA-1	1
NC_006609.4	7249288	7249322	CGCGATTCATAGCGGA-1	1
NC_006609.4	7249288	7249331	CATTTGTTCCTCATCA-1	1
NC_006609.4	7249288	7249331	TGAGTGAAGTTGGCCA-1	1
NC_006609.4	7249288	7249357	CAGGCTATCCAGGTTG-1	1
NC_006609.4	7249288	7249367	TCCCGGACACAACAGG-1	1
NC_006609.4	7249288	7249377	GTGCTCAAGCTAATTG-1	2
NC_006609.4	7249288	7249386	TTATTGCTCGTTAGTA-1	2
NC_006609.4	7249288	7249498	GCGCCTTGTTCGCTCA-1	1
NC_006609.4	7249288	7249599	TAGGTGCGTCTAGCTT-1	2
NC_006609.4	7249288	7249684	TTGCACACACCCACCT-1	3
NC_006609.4	7249295	7249379	GCAGGAAGTGGATGTC-1	2
NC_006609.4	7249296	7249357	TATGACTCAGGCTACT-1	2
NC_006609.4	7249296	7249379	ACTTACAAGCACAGCC-1	3
NC_006609.4	7249296	7249391	GTGCTTCTCATTATGG-1	1
NC_006609.4	7249296	7249499	CAACTAATCTAAGTGC-1	5
NC_006609.4	7249296	7249535	CCCTAATGTAACGTGC-1	3
NC_006609.4	7249297	7249359	CTTCACTCACTGGCCA-1	1
NC_006609.4	7249297	7249362	TTTAACCTCATTGTTC-1	2
NC_006609.4	7249297	7249372	CTAGTTGCACTAAATC-1	1
NC_006609.4	7249297	7249373	CGTTAGGTCTCACATT-1	1
NC_006609.4	7249297	7249377	CTCACTCAGCTTTGTT-1	2
NC_006609.4	7249297	7249390	TACCTGCTCGCTAAGT-1	1
NC_006609.4	7249299	7249357	TAGGGTTTCATGCAAC-1	3
NC_006609.4	7249302	7249362	GTAAGCGCAGCATGTC-1	1
NC_006609.4	7249302	7249369	AGCGTGCTCTTTGTAC-1	1
NC_006609.4	7249302	7249373	GTCTATGCAGGTATTT-1	1
NC_006609.4	7249302	7249378	TGAAACTGTGTGTGGT-1	1
NC_006609.4	7249302	7249402	ACCTACCTCATTACGA-1	4
NC_006609.4	7249310	7249374	CTAAGGTTCCTGGCTT-1	3
NC_006609.4	7249310	7249420	TGCTCAACAGCCAGTT-1	2
NC_006609.4	7249317	7249379	ACTTAGTCACAAAGGT-1	2
NC_006609.4	7249317	7249412	CGATTTGCAGGGAGCT-1	1
NC_006609.4	7249317	7249635	ACTGAAACAGGAAGCC-1	1
NC_006609.4	7249317	7249671	TGTTGTTTCGTTTCGC-1	2
NC_006609.4	7249322	7249357	CCGATGCAGTTTGGTA-1	2
NC_006609.4	7249322	7249371	CCTCCTCTCAAAGGCA-1	1
NC_006609.4	7249322	7249375	ACTCACCTCCCTCAAC-1	1
NC_006609.4	7249322	7249469	TTGGGCGGTCCGGTTC-1	1
NC_006609.4	7249322	7249684	GGCTAGACACAGCCTG-1	1
NC_006609.4	7249324	7249371	TGTAAGCTCACTCGCT-1	1
NC_006609.4	7249357	7249581	GCAGGAAGTGGATGTC-1	2
NC_006609.4	7249359	7249402	ACTAACGGTTTGGCGG-1	1
NC_006609.4	7249361	7249391	TCATTGCGTATTGCAG-1	1
NC_006609.4	7249362	7249436	ATTTGTGAGACAAACG-1	1
NC_006609.4	7249362	7249441	TTGGCTACAGGACCTT-1	1
NC_006609.4	7249362	7249598	TGGCGGTTCACTAATG-1	1
NC_006609.4	7249364	7249742	AATCCATCACTAAGTT-1	1
NC_006609.4	7249377	7249471	AGGGCCTTCAGGAACA-1	1
NC_006609.4	7249379	7249516	GTCTTTAGTGCATTTC-1	1
NC_006609.4	7249379	7249525	CCTAAGGTCCTCAGTC-1	2
NC_006609.4	7249379	7249598	TTTGTGGCACTAGGTC-1	2
NC_006609.4	7249379	7249644	TGTTGGCCATTAAGTC-1	1
NC_006609.4	7249383	7249420	ACACCTTGTCAAACTG-1	1
NC_006609.4	7249384	7249743	CCTACTGGTAGGTTGC-1	1
NC_006609.4	7249385	7249434	ATGTCCACAATGCCTA-1	1
NC_006609.4	7249385	7249460	AACAGATAGTAGCCAT-1	1
NC_006609.4	7249386	7249439	GGCTGAGAGCAGGTGG-1	1
NC_006609.4	7249386	7249448	CTCTATGTCATGCGTG-1	1
NC_006609.4	7249386	7249492	TTATTGCTCGTTAGTA-1	2
NC_006609.4	7249391	7249465	GACCTGATCTCGCCTG-1	3
NC_006609.4	7249394	7249560	CCTAAATCAAATGCCC-1	2
NC_006609.4	7249402	7249435	CCTGTATGTCCGGTTC-1	1
NC_006609.4	7249402	7249499	CAATAAGCAGCAAGGC-1	1
NC_006609.4	7249402	7249604	GGCAAATCACCTGCCT-1	1
NC_006609.4	7249402	7249606	TAGTAAGCATCCCGCT-1	1
NC_006609.4	7249404	7249742	TCCTTCAAGCAAGGGT-1	1
NC_006609.4	7249407	7249448	ACCTTCCAGAGGGACT-1	1
NC_006609.4	7249407	7249481	CCATAAATCAGGCTAT-1	1
NC_006609.4	7249407	7249604	AGTGAGTCATTAGCCA-1	1
NC_006609.4	7249412	7249434	ATAGGTACAGTGAACG-1	1
NC_006609.4	7249412	7249460	TTGTTCCCAGCAAATA-1	1
NC_006609.4	7249412	7249844	AACTAGTGTGCAACTA-1	1
NC_006609.4	7249419	7249460	AACCGCTCACCAGGTT-1	1
NC_006609.4	7249427	7249481	TATCCAGCAAGGGTTG-1	1
NC_006609.4	7249430	7249460	ATCACTAAGTGAGGGT-1	1
NC_006609.4	7249441	7249609	GACGCCTAGCTCATAA-1	1
NC_006609.4	7249450	7249506	GATTACTCATGTCAAT-1	2
NC_006609.4	7249451	7249642	AAGAATCAGGAGTCTT-1	1
NC_006609.4	7249460	7249490	ACTTCGCTCTGTGCCT-1	1
NC_006609.4	7249460	7249491	GTCTATGCAAGGTCCT-1	1
NC_006609.4	7249460	7249514	ATCACACAGTAACTCA-1	1
NC_006609.4	7249460	7249604	CGAACCGGTTGCGCGA-1	1
NC_006609.4	7249460	7249657	TCGTTACGTAATTAGC-1	3
NC_006609.4	7249460	7249838	CGGTTGGGTCCTTCAG-1	2
NC_006609.4	7249465	7249516	ACGACAAAGTAGCGGG-1	1
NC_006609.4	7249470	7249506	TAGGGTTTCATGCAAC-1	2
NC_006609.4	7249470	7249523	CATCCCAGTACCGTTT-1	2
NC_006609.4	7249470	7249556	AGGTGAGGTTCACTGT-1	1
NC_006609.4	7249470	7249647	TGTGCGCAGTAAAGGT-1	1
NC_006609.4	7249482	7249516	TTTGTGGCAGCTTAGC-1	1
NC_006609.4	7249482	7249604	ATAGCATGTATTGGTG-1	1
NC_006609.4	7249487	7249737	CCTGATGAGGCAGGTG-1	1
NC_006609.4	7249490	7249684	ACTCACTGTAGTAAGA-1	1
NC_006609.4	7249497	7249530	TGTCATAAGCAATAGG-1	1
NC_006609.4	7249497	7249661	GCGGTTGGTGTTAAAC-1	2
NC_006609.4	7249506	7249732	CATTATGAGTAGCCAT-1	2
NC_006609.4	7249509	7249538	TGAAGCAAGCAAGGTA-1	1
NC_006609.4	7249516	7249556	CCTAATCGTCACCAAA-1	1
NC_006609.4	7249516	7249564	GCTAAGTTCGCTAAGT-1	1
NC_006609.4	7249516	7249568	ATTGCGCCAGCTAATT-1	2
NC_006609.4	7249516	7249586	GCTGACCAGGTTTGCG-1	2
NC_006609.4	7249516	7249599	TATGCATCAGCTTACA-1	1
NC_006609.4	7249525	7249695	GTGCTTCTCATTATGG-1	1
NC_006609.4	7249525	7249710	TATATCCTCATTACAG-1	3
NC_006609.4	7249528	7249614	AGTCAAGAGTAACGAG-1	3
NC_006609.4	7249535	7249568	GATCAGTTCCCTCTAA-1	2
NC_006609.4	7249565	7249664	CACAGGGAGCGATAGA-1	3
NC_006609.4	7249574	7249647	GGGTCAACACAGGGAC-1	1
NC_006609.4	7249576	7249667	CGTCCTAGTGAGACTC-1	1
NC_006609.4	7249580	7249684	GCTGCATCACTTACAG-1	1
NC_006609.4	7249580	7249695	CAAACAACAAGCCAGA-1	2
NC_006609.4	7249580	7249737	CAAACAACAAGCCAGA-1	1
NC_006609.4	7249581	7249614	CGTTAGTAGCTAATCA-1	1
NC_006609.4	7249586	7249635	TGCATTAAGGTCCTAG-1	1
NC_006609.4	7249586	7249647	TTTCATCAGAGGAAGG-1	1
NC_006609.4	7249586	7249673	ACTTGCACATACTCCT-1	1
NC_006609.4	7249586	7249939	GCAGGACCAAGCTAAA-1	2
NC_006609.4	7249591	7249634	ATTTGCGCACAGAACG-1	1
NC_006609.4	7249592	7249634	GCGGATACAGGCCATT-1	1
NC_006609.4	7249598	7249632	TAGCAGGCAAACCCTA-1	1
NC_006609.4	7249598	7249641	GTAAGCTTCATGTTTC-1	1
NC_006609.4	7249598	7249661	CTTAGGAGTGTGAGAG-1	3
NC_006609.4	7249606	7249671	TGATGAACAAATTCGT-1	1
NC_006609.4	7249609	7249647	AACTGTTCACAATGCC-1	1
NC_006609.4	7249609	7249664	TGTGCTGAGCATGAAG-1	1
NC_006609.4	7249609	7249786	TGATGACTCCCTGACT-1	1
NC_006609.4	7249611	7249674	GGTGAGGTCCGGCTAA-1	1
NC_006609.4	7249615	7249737	CAGTACCCAAACAACA-1	2
NC_006609.4	7249617	7249725	CCCTGTTAGCATCCAG-1	3
NC_006609.4	7249621	7249655	AGGCAATCATTTGCTC-1	2
NC_006609.4	7249623	7249654	AGCCGCTAGCGCCTTT-1	1
NC_006609.4	7249636	7249698	TGTTCCTCAATTAAGG-1	1
NC_006609.4	7249639	7249703	GATGACTTCGGCTATG-1	2
NC_006609.4	7249640	7249683	AGCGATTTCATTGCGG-1	1
NC_006609.4	7249640	7249788	CAATGACTCGTTTCCA-1	1
NC_006609.4	7249641	7249725	TGAACAACATAAGCAA-1	1
NC_006609.4	7249642	7249703	GGCTGTCAGGTATTGC-1	2
NC_006609.4	7249642	7249833	CTTGAATCACATACTG-1	1
NC_006609.4	7249647	7249720	GCTATCCTCGTTACAA-1	1
NC_006609.4	7249647	7249811	ACTAACCAGTTGCCTC-1	1
NC_006609.4	7249652	7249690	TCTATGTTCGAGCAAA-1	1
NC_006609.4	7249652	7249695	TTTCTTGCACTAGGTC-1	1
NC_006609.4	7249652	7249710	ACACTAATCTTGACCC-1	1
NC_006609.4	7249664	7249700	TGAGGCACACGAATCC-1	5
NC_006609.4	7249664	7249737	GAGTGTTTCGTTATAG-1	1
NC_006609.4	7249664	7249873	TAAGGACCAGTACCGT-1	1
NC_006609.4	7249669	7249720	ACATTAGTCATGAGCT-1	1
NC_006609.4	7249669	7250166	TACTTGTTCCGCCTAT-1	2
NC_006609.4	7249681	7249742	GTTAAGCTCTTGGATA-1	1
NC_006609.4	7249681	7250127	TAGAGCCGTGTCACGG-1	1
NC_006609.4	7249689	7249720	ACGTCCTTCTGTGCCT-1	2
NC_006609.4	7249690	7249728	CCTCCTGAGGAAGCAC-1	1
NC_006609.4	7249690	7249732	TTAGTCAAGCCTTAAA-1	1
NC_006609.4	7249693	7249880	TGCTTTAGTGTGCACG-1	1
NC_006609.4	7249712	7249742	AACTCACAGAGGATAT-1	1
NC_006609.4	7249716	7249868	CTGCTCCCAACTGGCT-1	1
NC_006609.4	7249725	7249901	ACTATCCGTACTGATG-1	1
NC_006609.4	7249730	7250300	GAAGTATAGCATGCAT-1	2
NC_006609.4	7249737	7249779	TCAGGTTAGTAAGTGG-1	1
NC_006609.4	7249737	7249899	TTATTGCTCAATTGGC-1	1
NC_006609.4	7249737	7249915	ATTAGTCCAATTGACT-1	1
NC_006609.4	7249747	7250175	TACTAAGTCCGCCTAT-1	1
NC_006609.4	7249753	7249885	ACAACACTCAACCAAC-1	3
NC_006609.4	7249758	7249991	CTAATGTCATAATGTC-1	1
NC_006609.4	7249761	7250268	GGGAGTAGTTACAAAC-1	1
NC_006609.4	7249763	7249801	AATTTGCCAGTAGGAT-1	1
NC_006609.4	7249779	7249881	GAGCCTTCACCTGCCT-1	2
NC_006609.4	7249784	7249839	TATGGATGTTCTTTAG-1	1
NC_006609.4	7249784	7249880	CAACAATGTTTATCTG-1	1
NC_006609.4	7249784	7249912	GTCATTAAGGTTAGAG-1	1
NC_006609.4	7249784	7249947	GTCATGCCAAGTGTCC-1	3
NC_006609.4	7249786	7249820	GGTACTAGTGACCTGG-1	1
NC_006609.4	7249811	7250250	CAGTATGGTTCCTGTG-1	2
NC_006609.4	7249825	7249899	TGCTTCATCTGTGAGT-1	3
NC_006609.4	7249830	7249899	TTTGCGACAGCAAGGC-1	1
NC_006609.4	7249830	7249918	AATTGTGTCTTGTCTG-1	1
NC_006609.4	7249838	7249857	TCGTTATTCTCACTAT-1	1
NC_006609.4	7249838	7249863	ACCAATATCTCTAGCC-1	1
NC_006609.4	7249839	7250208	CACTAGCCATCGCTCC-1	1
NC_006609.4	7249840	7249878	CGGCCATAGCTTAGTA-1	1
NC_006609.4	7249840	7250149	ATTGGCTAGAGGAGGA-1	1
NC_006609.4	7249845	7249881	CTTTGGTGTCAATAGT-1	1
NC_006609.4	7249850	7249925	CAGCCTAAGCTCCTTA-1	2
NC_006609.4	7249877	7250023	GGTGCTGGTTACCGGG-1	1
NC_006609.4	7249880	7250064	TGCTTTAGTGTGCACG-1	2
NC_006609.4	7249890	7250175	AGTACGCGTGATTTGG-1	1
NC_006609.4	7249894	7249980	ACCGGTTCATTTGCTC-1	2
NC_006609.4	7249899	7249957	TGAGCCGGTTGGTGAC-1	1
NC_006609.4	7249899	7250024	GGCTGGTTCCTCACAC-1	1
NC_006609.4	7249911	7249972	CGCAATCCACTGACTA-1	4
NC_006609.4	7249914	7249964	CTTGAATCACATACTG-1	2
NC_006609.4	7249928	7249996	CCGTTTGGTTACTAGG-1	1
NC_006609.4	7249928	7250034	AATTAGGCAGCATGAG-1	1
NC_006609.4	7249936	7250096	ACGGGAAGTGGATTAT-1	1
NC_006609.4	7249961	7250302	GTGCTTACAACCTAAT-1	1
NC_006609.4	7249968	7250108	TCGTTATTCTCACTAT-1	1
NC_006609.4	7249980	7250001	ACCGGTTCATTTGCTC-1	1
NC_006609.4	7249980	7250035	GTAGCGCTCCATAATG-1	2
NC_006609.4	7249985	7250149	CCAAACTAGGACAACA-1	1
NC_006609.4	7249991	7250681	AACTCACAGAGGATAT-1	1
NC_006609.4	7250016	7250066	GGAGTCTGTGCAATGC-1	1
NC_006609.4	7250049	7250142	TCCAGCAAGGAGGGTT-1	1
NC_006609.4	7250055	7250500	AAGAATCAGTTGGGCC-1	1
NC_006609.4	7250096	7250242	TTGCCCGTCCAACTGG-1	1
NC_006609.4	7250106	7250138	GAAGGCCCACAACAGG-1	1
NC_006609.4	7250121	7250168	GGGCCTAGTAACGTGC-1	1
NC_006609.4	7250137	7250679	TGCATGAGTTAGCATG-1	2
NC_006609.4	7250154	7250424	GCGCGATTCTTGACCC-1	1
NC_006609.4	7250154	7250671	CCACTTGGTATTACCC-1	2
NC_006609.4	7250157	7250310	GCCAATAGTCCCGAAG-1	1
NC_006609.4	7250181	7250222	GTTCACCTCGAGCTAT-1	5
NC_006609.4	7250183	7250247	TATATCCTCATTACAG-1	2
NC_006609.4	7250194	7250214	TTTGAGTCATTGTCCT-1	1
NC_006609.4	7250202	7250237	TTAGAAGCACTTAGGC-1	2
NC_006609.4	7250230	7250262	AATACCGGTGATGGCT-1	1
NC_006609.4	7250248	7250545	CGTAATGGTGATGAGG-1	1
NC_006609.4	7250250	7250297	TGCTAGCCATTAGCGC-1	1
NC_006609.4	7250255	7250305	TTGTTCCCAGCAAATA-1	3
NC_006609.4	7250255	7250314	GATCCGTCATAATGTC-1	4
NC_006609.4	7250287	7250444	TGGGCATGTTAGGACC-1	1
NC_006609.4	7250300	7250430	CTCCAACTCATGTCAA-1	1
NC_006609.4	7250302	7250609	TTGTGAGGTAGTTGGC-1	1
NC_006609.4	7250310	7250475	GGCTAGTGTTCCTCCT-1	1
NC_006609.4	7250384	7250525	ACCTGGTCAAACTAAG-1	1
NC_006609.4	7250389	7250465	CTGTTGGAGAAAGGAA-1	4
NC_006609.4	7250415	7250510	ACCCGCTGTGTTTCAC-1	1
NC_006609.4	7250429	7250525	CTAATCGCAAGTTATC-1	1
NC_006609.4	7250438	7250708	GCAAACCGTTAACAGT-1	2
NC_006609.4	7250454	7250505	TGCAAGCGTCAAGACC-1	1
NC_006609.4	7250521	7250917	GTCCTCAGTAGCAGCT-1	1
NC_006609.4	7250552	7250717	ACAAAGGTCCTCCATA-1	1
NC_006609.4	7250590	7250636	TCCATCATCCTTCGTA-1	2
NC_006609.4	7250633	7250687	AGTCCTGAGTTACCGG-1	1
NC_006609.4	7250654	7250725	CCACTTGGTGGTTATG-1	2
NC_006609.4	7250691	7250735	CGTGAGGAGACAACGA-1	3
NC_006609.4	7250756	7250915	GATGCAGCAACTGGCT-1	2
NC_006609.4	7250795	7250843	CTACTTAGTTCAAGCA-1	2
NC_006609.4	7250809	7250843	TAGTCAATCAAGCTTA-1	1
NC_006609.4	7250837	7250865	GTATCGCCACCATATG-1	1
NC_006609.4	7250879	7251037	GGAACGGTCTTAAGTG-1	1
NC_006609.4	7250882	7251446	CCTAAAGGTCGCAAAC-1	1
NC_006609.4	7250891	7250939	TTACACCGTCAAGTAT-1	3
NC_006609.4	7250919	7251269	CAATGAACAGCTCATA-1	1
NC_006609.4	7250925	7250970	TTCAACCGTAAGCACC-1	1
NC_006609.4	7250934	7250993	GTTGGAGCATAAGTCT-1	2
NC_006609.4	7250935	7251216	ATCCAACAGGTCCGTA-1	2
NC_006609.4	7250945	7250977	AGGATGCAGTAGGATG-1	1
NC_006609.4	7250950	7250987	TACCAAATCCCATAAA-1	2
NC_006609.4	7250953	7251169	TTGCTCTCAGCATGTC-1	1
NC_006609.4	7250955	7251347	AATTTGCCAAAGCTAA-1	1
NC_006609.4	7251061	7251202	TTCCCACAGGTGTTAC-1	1
NC_006609.4	7251076	7251187	AAGTAGCCAAGACTCC-1	1
NC_006609.4	7251091	7251569	ACGATTCAGTAAACCC-1	2
NC_006609.4	7251108	7251204	GTTTGTCGTAATCGCA-1	1
NC_006609.4	7251114	7251192	AGTTTGCAGTGAGAGC-1	1
NC_006609.4	7251171	7251207	GGCCAACTCTCGCCTG-1	1
NC_006609.4	7251187	7251302	TCAGCAAGTTCGCTCA-1	2
NC_006609.4	7251197	7251370	TGATCACAGCGCTCAA-1	1
NC_006609.4	7251219	7251549	CGATTGAGTTGCAATG-1	1
NC_006609.4	7251265	7251793	TAAGTGCTCTATTGTC-1	1
NC_006609.4	7251282	7251334	AGCCTAAGTCCGCTGT-1	1
NC_006609.4	7251321	7251501	CAGCATGTCGCTTGCT-1	1
NC_006609.4	7251338	7252088	TAGCTTGCAGCCGCTA-1	1
NC_006609.4	7251370	7251457	CGCGATTCATCAATCG-1	1
NC_006609.4	7251451	7251597	TGTGGAGCATAAGTTC-1	2
NC_006609.4	7251457	7251537	GATTGTTCACAGAAAC-1	1
NC_006609.4	7251457	7251635	CTGATCACACATAGCC-1	1
NC_006609.4	7251559	7251726	TGCTTCATCTAGCGTG-1	1
NC_006609.4	7251581	7251623	GCGCTAGGTCCAAATG-1	3
NC_006609.4	7251635	7251846	ACGATTCAGTAAACCC-1	1
NC_006609.4	7251642	7251678	TGGCTAAGTTGGCCGA-1	2
NC_006609.4	7251664	7251709	ACTAATCCAGGCAAGC-1	1
NC_006609.4	7251670	7251794	GCAAACAAGGTAACGA-1	1
NC_006609.4	7251677	7251811	TGATCAGGTTCCGGGA-1	1
NC_006609.4	7251678	7251769	TGTCATAAGTACTGGT-1	3
NC_006609.4	7251688	7251914	CGCCACACAGGTCCTG-1	1
NC_006609.4	7251700	7252064	GGTATGTTCGGGACTC-1	1
NC_006609.4	7251737	7251803	GCACCTAAGCTAAAGG-1	1
NC_006609.4	7251779	7252285	CTTCTCAAGGCCATCA-1	2
NC_006609.4	7251788	7251827	TTCGTGCTCTTGCAGG-1	1
NC_006609.4	7251791	7251815	TGTCCTTCATGGCCTG-1	3
NC_006609.4	7251805	7252150	GCAAGCCTCATCCTCA-1	1
NC_006609.4	7251878	7252208	AGGAGCTAGTTATCCT-1	1
NC_006609.4	7251893	7252060	CGTAACTAGCTCAAAC-1	2
NC_006609.4	7251900	7252394	GTTTAACCATCCCTCA-1	1
NC_006609.4	7251906	7251940	CATAGGTTCCTACCTA-1	1
NC_006609.4	7251923	7252165	TGATCAATCTGTAATG-1	1
NC_006609.4	7251945	7252095	GTGGATGCAGCTACGT-1	1
NC_006609.4	7251976	7252041	AAGCATGAGTGGCGGA-1	1
NC_006609.4	7252010	7252175	ATTTAGGTCTGGCAAT-1	1
NC_006609.4	7252041	7252079	GTCCGTAAGGTTACAC-1	2
NC_006609.4	7252060	7252271	CGTAACTAGCTCAAAC-1	1
NC_006609.4	7252064	7252271	TACATCAAGCTCCCTG-1	2
NC_006609.4	7252075	7252221	TCTCGCCCAGGAACAT-1	1
NC_006609.4	7252079	7252123	CAAGGGAGTCATAACG-1	1
NC_006609.4	7252094	7252162	ACAGCCGGTGATTTGG-1	1
NC_006609.4	7252115	7252470	AATTAGCGTAAAGCAA-1	1
NC_006609.4	7252121	7252283	AGGTCTTAGTACTGGT-1	1
NC_006609.4	7252126	7252242	CATCACACAATAATGG-1	1
NC_006609.4	7252170	7252215	ATTGTCCGTGATCAGC-1	1
NC_006609.4	7252180	7252275	GGCTGTCAGCTTAACA-1	1
NC_006609.4	7252208	7252254	ATTGGCTAGAGGAGGA-1	2
NC_006609.4	7252221	7252425	AGAATCGAGCTGAGGG-1	1
NC_006609.4	7252259	7252605	CTACCTCAGGGTGGAT-1	2
NC_006609.4	7252260	7252307	CGGATTAGTTTAGTCC-1	1
NC_006609.4	7252290	7252617	TACATCAAGCTCCCTG-1	1
NC_006609.4	7252305	7252386	CTAGCGGGTGCTCCAC-1	1
NC_006609.4	7252348	7252708	AGTGGACAGTTCCCGT-1	2
NC_006609.4	7252361	7252408	AGAACCGCATAGACCC-1	1
NC_006609.4	7252364	7252524	AGAACCGCAATATAGG-1	1
NC_006609.4	7252432	7252469	AGTAATCGTGCTAGCG-1	1
NC_006609.4	7252474	7252530	CGAGGTGAGGGCCATC-1	1
NC_006609.4	7252493	7252534	TGTCCTTCATTAAACC-1	1
NC_006609.4	7252534	7252568	CTAACCTGTGATTACG-1	1
NC_006609.4	7252548	7253034	AAGTGTTGTTAACAGT-1	1
NC_006609.4	7252578	7252726	TGGTTGAGTTGAAGCC-1	2
NC_006609.4	7252579	7252709	ACCTCACTCCAGGTTG-1	1
NC_006609.4	7252600	7252673	CCTTCGTAGCATCCAG-1	1
NC_006609.4	7252601	7252753	AGTCAATGTCATGCCC-1	2
NC_006609.4	7252610	7252656	ACTGAAACACGTAATT-1	1
NC_006609.4	7252612	7253092	CGAGGTGAGGGCCATC-1	1
NC_006609.4	7252615	7252656	GGCATGGAGGTCGAGG-1	1
NC_006609.4	7252617	7252856	GGTGCTTCATGACTAT-1	1
NC_006609.4	7252656	7252883	CAAGGTTTCCTAGTTT-1	3
NC_006609.4	7252675	7252726	CACCGGTAGGCTGTCA-1	2
NC_006609.4	7252708	7252875	TAGTGGCGTTCACTGT-1	2
NC_006609.4	7252709	7252746	TCAGCGATCGCTTCTA-1	1
NC_006609.4	7252709	7253092	AACAAAGGTTCATTTG-1	3
NC_006609.4	7252718	7252753	CATTTGTTCATGGTGT-1	1
NC_006609.4	7252736	7252781	TAGGAGGGTGCACGCA-1	1
NC_006609.4	7252736	7253090	ATGGTGCGTACCGTAA-1	1
NC_006609.4	7252793	7253289	CGAGGAAGTCATCAAG-1	1
NC_006609.4	7252809	7252943	CGGTTCCGTCACACCC-1	1
NC_006609.4	7252841	7253051	GGGTCAACAGGAAGCC-1	3
NC_006609.4	7252926	7252974	TTTGTGTTCACTCAAA-1	1
NC_006609.4	7252938	7252999	AGTAAGTAGGTAAGGC-1	4
NC_006609.4	7252943	7252984	TCAAGGAAGGCTAATC-1	1
NC_006609.4	7252975	7253019	GTTTCCTCATAAGTCT-1	1
NC_006609.4	7252975	7253262	AGCACTTAGACAAGTG-1	1
NC_006609.4	7252975	7253265	CGAATATGTATTGAGT-1	1
NC_006609.4	7252979	7253019	GATTTGCAGCTACTGG-1	1
NC_006609.4	7252984	7253111	ATCACACAGAGCCGCT-1	1
NC_006609.4	7252999	7253140	GTTCTTGTCCGGGACT-1	1
NC_006609.4	7252999	7253378	TTATTGCTCAATTGGC-1	1
NC_006609.4	7253027	7253194	TCGCATTGTTGGGTTA-1	1
NC_006609.4	7253105	7253470	ACAGTATGTAAATTGC-1	1
NC_006609.4	7253112	7253311	ATTGCAGGTTAATGCG-1	1
NC_006609.4	7253243	7253323	GTGCTGGGTGCTGTAA-1	2
NC_006609.4	7253247	7253412	GGCGGTTTCCGGTATG-1	2
NC_006609.4	7253334	7253380	TCGTTATTCTCACTAT-1	1
NC_006609.4	7253334	7253395	CGGTTCCGTTGCTGGG-1	1
NC_006609.4	7253353	7253512	CCAACATAGCAAGGTA-1	1
NC_006609.4	7253353	7253803	ATCGGCCAGGTTTGCG-1	1
NC_006609.4	7253375	7253517	GTGAGCGAGTTAGCTA-1	2
NC_006609.4	7253380	7253423	CACCTCAGTGGATTAT-1	2
NC_006609.4	7253412	7253505	GAAGGATGTTGGTTAG-1	1
NC_006609.4	7253424	7253643	CGGCCATAGGTGTTAC-1	3
NC_006609.4	7253481	7253668	TTAGCCTGTGCACGCA-1	1
NC_006609.4	7253512	7253557	TTTGTGAAGGGATTAG-1	1
NC_006609.4	7253512	7253795	AAACCGGCATGTTTGG-1	1
NC_006609.4	7253518	7253689	TGTAATGTCATGGCTG-1	1
NC_006609.4	7253540	7253650	AGCTGCTCATGAAATG-1	1
NC_006609.4	7253582	7253711	GGCGGTAAGTTTGTCT-1	3
NC_006609.4	7253609	7254190	CTATTGAAGCGATACT-1	1
NC_006609.4	7253641	7253669	GTTGGCGGTTAATGCG-1	1
NC_006609.4	7253655	7253806	CGTTGCAAGCGGATAA-1	1
NC_006609.4	7253655	7253883	GGTATTTCACTCGCTC-1	1
NC_006609.4	7253659	7253767	TGCGATTAGGTTTGCG-1	1
NC_006609.4	7253712	7253927	TTCAGGTAGCATGTCG-1	2
NC_006609.4	7253732	7253912	CCGACAGGTACCGTTT-1	2
NC_006609.4	7253746	7253807	AATGCGCGTTCGCGCT-1	2
NC_006609.4	7253767	7253869	TGCGATTAGGTTTGCG-1	1
NC_006609.4	7253767	7253997	AAGCGAGGTTAGCGTA-1	1
NC_006609.4	7253774	7254076	TACGTTAAGAATGACG-1	1
NC_006609.4	7253782	7253963	GAGTGATCAGCCTGCA-1	1
NC_006609.4	7253788	7253851	TCGTTATTCTCACTAT-1	1
NC_006609.4	7253789	7253910	GAGTTTGGTTTAACCC-1	1
NC_006609.4	7253826	7253898	TTGCAGCCAAACAACA-1	1
NC_006609.4	7253859	7253988	AGGCAGGTCGGTTTCC-1	2
NC_006609.4	7253876	7254108	GTCCTCAGTCCCGAAG-1	1
NC_006609.4	7253891	7254040	GCTATCCTCGTACCGA-1	1
NC_006609.4	7253931	7254108	ACCTGGTCAGTTTACG-1	1
NC_006609.4	7253983	7254077	GCAAACTTCTTGTTCG-1	1
NC_006609.4	7254012	7254127	ATGACTCAGACACCGC-1	1
NC_006609.4	7254012	7254137	CTCGCTAGTGGTTCTT-1	1
NC_006609.4	7254025	7254097	GTTCATTTCCCGCCTA-1	1
NC_006609.4	7254040	7254664	TTGTCCCAGTATCGCG-1	1
NC_006609.4	7254045	7254186	CCCAACCGTGACCTGG-1	1
NC_006609.4	7254055	7254129	TTGCAAGGTCCTAACT-1	1
NC_006609.4	7254058	7254259	TCTCAATTCCTTAAGA-1	3
NC_006609.4	7254097	7254117	GCGGAACCAAAGCGCA-1	1
NC_006609.4	7254107	7254173	AAGCGAGGTTAGCGTA-1	1
NC_006609.4	7254157	7254354	CATAAGCTCTTAGGGT-1	1
NC_006609.4	7254181	7254238	CTAATGTCATCAGCAC-1	1
NC_006609.4	7254182	7254308	GGGTGAAGTTGGCGTG-1	2
NC_006609.4	7254347	7254396	TAACCTAAGCGATAGA-1	2
NC_006609.4	7254348	7254404	TCGCGCACACCGGCTA-1	1
NC_006609.4	7254349	7254501	CCTAGTTGTGGGAACA-1	1
NC_006609.4	7254397	7254693	CGGTGAACACTGGCCA-1	2
NC_006609.4	7254416	7254996	ACCTTCATCTATCGCC-1	1
NC_006609.4	7254436	7254718	GCACCTAAGGCTGTGC-1	1
NC_006609.4	7254503	7254646	AGTGAGTCAGGACACA-1	1
NC_006609.4	7254544	7254710	CCTAAAGGTGGACCTG-1	1
NC_006609.4	7254557	7254592	CTCTAAGCATGGAGGC-1	1
NC_006609.4	7254561	7254745	CTACTTAGTAATCGGC-1	2
NC_006609.4	7254566	7254598	CTTCTAAGTTGTGACA-1	1
NC_006609.4	7254571	7254731	GAACCTGTCCCTGGTT-1	2
NC_006609.4	7254613	7254822	TAGGCTGTCATTACAG-1	1
NC_006609.4	7254650	7254678	GTCATGCCAATTGAAG-1	1
NC_006609.4	7254652	7254847	TTTGTCTAGACAACAG-1	2
NC_006609.4	7254658	7254895	ATTGTCCGTGGGTGAA-1	1
NC_006609.4	7254664	7254969	GCTAGCTCAAACTCAT-1	3
NC_006609.4	7254715	7254790	CATCATAAGAACAAGT-1	1
NC_006609.4	7254720	7255036	AAGTGTTGTTAACAGT-1	1
NC_006609.4	7254763	7254823	CACATAATCTTTAAGG-1	2
NC_006609.4	7254812	7255128	TAGCAGGCAACCCTCC-1	1
NC_006609.4	7254814	7255022	GCTGGTTCAGCAAGAT-1	1
NC_006609.4	7254849	7255128	CATCCTTCATAACGGG-1	2
NC_006609.4	7254865	7254902	CATGAGGCAGGCGATA-1	2
NC_006609.4	7254904	7254962	CTATTGAAGCGATACT-1	4
NC_006609.4	7254915	7255296	TAATGGACAGCAATAA-1	1
NC_006609.4	7254921	7255262	CGGCAATGTGCTCCGT-1	1
NC_006609.4	7254944	7255116	AATTTCCTCATGACCG-1	1
NC_006609.4	7254949	7254990	GATTAGTGTTTAGTCC-1	1
NC_006609.4	7254960	7254990	ATTGCAGGTTAGGACC-1	1
NC_006609.4	7255017	7255386	TCGGTTTGTCCTTCTC-1	3
NC_006609.4	7255022	7255082	CTACTTAGTTCAAGCA-1	1
NC_006609.4	7255022	7255092	TACTTGTTCCGCCTAT-1	1
NC_006609.4	7255022	7255847	ACGATTCAGTAAACCC-1	1
NC_006609.4	7255067	7255138	ATTGCAGGTTAGGACC-1	1
NC_006609.4	7255073	7255128	AAGTGTTGTTAACAGT-1	1
NC_006609.4	7255081	7255128	GTCTAATCAAGCGAGC-1	1
NC_006609.4	7255122	7255162	AACCTCCTCATTGACA-1	1
NC_006609.4	7255122	7255232	TTGTCCCAGTATCGCG-1	1
NC_006609.4	7255128	7255185	CGCTAACCAACACCTA-1	1
NC_006609.4	7255130	7255230	AAGTGTTGTTAACAGT-1	2
NC_006609.4	7255159	7255337	CGCAATCCACCCACCT-1	3
NC_006609.4	7255190	7255230	ATCCGTGAGTATTGCA-1	2
NC_006609.4	7255247	7255387	CCCTGTTAGCTAAAGG-1	1
NC_006609.4	7255247	7255405	ACTTAGTCAAGCTAAA-1	2
NC_006609.4	7255262	7255327	AATACCGGTGCACGCA-1	1
NC_006609.4	7255300	7255824	TCTAATCTCGCAGGCT-1	1
NC_006609.4	7255317	7255367	GACTTACAGGTTTACA-1	1
NC_006609.4	7255327	7255397	CTTGCAACATAGCGAG-1	1
NC_006609.4	7255327	7255551	AGGATATAGGCACAGG-1	1
NC_006609.4	7255332	7255689	AGCACAGCAATGCCCG-1	3
NC_006609.4	7255368	7255530	CTGCTACTCATTGCGG-1	1
NC_006609.4	7255397	7255617	GGCGGTAAGTTTGTCT-1	1
NC_006609.4	7255463	7255640	AAAGCTTGTGTTGCAA-1	3
NC_006609.4	7255487	7255635	ATTGCAGGTTAATGCG-1	1
NC_006609.4	7255509	7255556	ATCAAGACAAGTGTTT-1	1
NC_006609.4	7255643	7255817	AAACCGCGTTCCTGTG-1	1
NC_006609.4	7255657	7255787	AGTTATGTCAATGACC-1	4
NC_006609.4	7255670	7255836	ACCTAAATCAATCTAG-1	2
NC_006609.4	7255670	7256159	TAGCTTGCAGCCGCTA-1	1
NC_006609.4	7255718	7256104	GAACGAATCAGGCTAT-1	2
NC_006609.4	7255737	7255886	CTAATCTTCACCAATA-1	1
NC_006609.4	7255792	7256184	ACCTGGTCACTTAACG-1	1
NC_006609.4	7255847	7255886	GAAAGCCAGGATGATG-1	2
NC_006609.4	7255847	7255886	TTAGTCAAGGATGATG-1	1
NC_006609.4	7255874	7256060	TACGCACCAGCACCAT-1	2
NC_006609.4	7255891	7256035	ATGTTCAAGCTGAGGG-1	1
NC_006609.4	7256066	7256143	CTACTTAGTTCAAGCA-1	1
NC_006609.4	7256145	7256180	GAGGTGAGTAGCTAAT-1	1
NC_006609.4	7256156	7256313	GTTTCAGCAAGCCAGA-1	1
NC_006609.4	7256173	7256306	TGTGCGGGTTCCTGTG-1	1
NC_006609.4	7256180	7256253	ATTATCCTCGTTAACA-1	1
NC_006609.4	7256218	7256464	TCCACAACAAACGCGA-1	1
NC_006609.4	7256229	7256265	TTTGTCCCACAGAAAC-1	2
NC_006609.4	7256231	7256350	CTGCAATAGTTACCGG-1	1
NC_006609.4	7256234	7256266	GGCAATCGTTACTAGG-1	2
NC_006609.4	7256259	7256305	GGAATCTTCCTAATAG-1	1
NC_006609.4	7256259	7256378	TACTGCACAAGTAAGC-1	1
NC_006609.4	7256289	7256458	CCGTTACTCCTGTTCA-1	1
NC_006609.4	7256329	7256812	TTGACTAAGGTCCGTA-1	1
NC_006609.4	7256422	7256636	TTCCCACAGTCTATGA-1	1
NC_006609.4	7256463	7256657	CAAGTAACACCTACGG-1	1
NC_006609.4	7256474	7256521	TAGCCTGAGCTATTAG-1	1
NC_006609.4	7256539	7256711	AGTGTGGCACTATGGC-1	1
NC_006609.4	7256551	7256602	ACGCTTGAGGATCACT-1	1
NC_006609.4	7256570	7256641	CACTTTGTCTCAATGA-1	1
NC_006609.4	7256601	7256847	AGAGATTAGGTGCGGA-1	2
NC_006609.4	7256616	7256677	ATGTTCAAGGACCTCA-1	1
NC_006609.4	7256633	7256784	TTTGACTTCCGCACAA-1	1
NC_006609.4	7256680	7256717	ACGGTACGTGTGCAAC-1	1
NC_006609.4	7256722	7256779	CCTGAATAGGGTTAGA-1	1
NC_006609.4	7256796	7257115	GTATTCAAGCGAAGTA-1	4
NC_006609.4	7256972	7257008	ATCGCTTGTAAAGCAA-1	2
NC_006609.4	7256972	7257285	GACATTATCTTAGCGG-1	1
NC_006609.4	7256990	7257035	CAAGCTAGTTACCTGT-1	1
NC_006609.4	7257009	7257207	GCGCTTAAGGCCTGGT-1	1
NC_006609.4	7257014	7257189	CCTGTAACAGCAATAA-1	1
NC_006609.4	7257050	7257107	CGTCAATAGGCACAGG-1	3
NC_006609.4	7257080	7257166	ATGCAGGCAGGACACA-1	1
NC_006609.4	7257122	7257261	GAGGACTAGCAAGACA-1	1
NC_006609.4	7257139	7257176	AGGTTAACATTAGCGC-1	1
NC_006609.4	7257279	7257417	GTTCTTAGTATTGAGT-1	1
NC_006609.4	7257285	7257501	TTGTCAAAGCCTGGTA-1	1
NC_006609.4	7257472	7257546	ACCAATATCCCGTTAC-1	3
NC_006609.4	7257511	7257717	TTGTAAGTCGTTACTT-1	3
NC_006609.4	7257548	7257608	GTGCTGGGTGTTAGCA-1	3
NC_006609.4	7257636	7257826	ATTGCACAGCTAAGTC-1	1
NC_006609.4	7257641	7257761	AAGCGAGGTTAGCGTA-1	3
NC_006609.4	7257671	7257711	ATTACGTCAGTAATAG-1	1
NC_006609.4	7257763	7257962	CATAACGGTGCATTTC-1	1
NC_006609.4	7257771	7257818	GCTCTGGCAAGCGATG-1	1
NC_006609.4	7257786	7257841	ATGACTCAGACACCGC-1	2
NC_006609.4	7257787	7257826	TTGCAATCATTAAGTC-1	2
NC_006609.4	7257788	7257968	TCATGTTTCGCCTAAG-1	2
NC_006609.4	7257794	7258073	AAGCGAGGTTAGCGTA-1	1
NC_006609.4	7257809	7257985	TTTGTGTTCCCTCTAA-1	1
NC_006609.4	7257816	7257851	CTACAACAGGTTACGT-1	1
NC_006609.4	7257826	7257988	TGTCCTTCATCATGGC-1	2
NC_006609.4	7257840	7258008	GCTATCCTCACGCGGT-1	1
NC_006609.4	7257851	7258517	GCCCAAATCGCACACA-1	1
NC_006609.4	7257868	7258069	AGGCCCAGTCATGAGC-1	1
NC_006609.4	7257872	7257990	GTGCATTAGGCTAGAA-1	1
NC_006609.4	7257931	7257964	ACCACATAGTGTTGCG-1	1
NC_006609.4	7257931	7258004	CCTATAGCAAAGGTAC-1	2
NC_006609.4	7257935	7257979	CCTGATGAGTAAGTCC-1	1
NC_006609.4	7257958	7258097	GCTAGCGGTAACGTGC-1	1
NC_006609.4	7257968	7258188	AATAACCGTCGCGCAA-1	1
NC_006609.4	7257980	7258188	CCTTGTTCAATATAGG-1	2
NC_006609.4	7257998	7258041	AATTCGTCACGTGCTG-1	1
NC_006609.4	7258003	7258038	ACTTATGAGACTCGCA-1	1
NC_006609.4	7258032	7258368	TGTCAATCAAAGCTAA-1	1
NC_006609.4	7258065	7258111	ATGCTTAAGGGCTTTG-1	1
NC_006609.4	7258106	7258331	ATTGCAGGTTAATGCG-1	1
NC_006609.4	7258117	7258165	CCCTGGACAGCAATAA-1	2
NC_006609.4	7258123	7258148	GGTCGGTTCCCGAAGC-1	2
NC_006609.4	7258149	7258200	ATTTGCGCAGGCAAGC-1	2
NC_006609.4	7258180	7258648	TACCTGCTCTCATCAT-1	1
NC_006609.4	7258198	7258303	AATAACCGTAGGTTTG-1	1
NC_006609.4	7258260	7258488	CCCAATTGTGTTTGTC-1	1
NC_006609.4	7258270	7258360	CACTAAGGTCGAAGTC-1	1
NC_006609.4	7258275	7258321	CTCTTGATCAACAAGG-1	1
NC_006609.4	7258286	7258383	ATCACTAAGTGAGGGT-1	3
NC_006609.4	7258333	7258365	TCATGAGGTTAGCGTA-1	1
NC_006609.4	7258365	7258405	TTCGTTAGTGCTAGCG-1	1
NC_006609.4	7258379	7258414	GTCTATGCAATTGACT-1	1
NC_006609.4	7258379	7258433	TCCGCCATCAGGCCTA-1	1
NC_006609.4	7258384	7258585	AGGTAACCAAGGACCA-1	2
NC_006609.4	7258400	7258531	GTAGTTATCTACCTGC-1	3
NC_006609.4	7258417	7258459	AGTCAAGAGGACTTAC-1	1
NC_006609.4	7258421	7258557	AACTGTTCACCTCGCT-1	1
NC_006609.4	7258442	7258872	ACTCGCGCATGAGTTT-1	1
NC_006609.4	7258503	7258788	AAGTGTTGTTAACAGT-1	1
NC_006609.4	7258531	7258577	AACAGGATCGCACAAT-1	1
NC_006609.4	7258531	7258595	TGATTAGTCCTAGTAA-1	1
NC_006609.4	7258541	7258645	CAAGGTTTCCTAGTTT-1	3
NC_006609.4	7258543	7258615	CGTAGTTAGAGAGGAG-1	1
NC_006609.4	7258559	7258636	AGTAACCTCAATCATG-1	1
NC_006609.4	7258636	7258876	TGGTTCTGTCACACCC-1	1
NC_006609.4	7258642	7258778	CAATCGCCAAGTGTTT-1	1
NC_006609.4	7258651	7258922	TGGGCATGTTAGGACC-1	1
NC_006609.4	7258667	7258826	GGTACAAAGTTGCGTG-1	2
NC_006609.4	7258702	7258973	TTAGGCGTCCTAAGGT-1	1
NC_006609.4	7258710	7258756	TTGTGCCTCTAACCAA-1	1
NC_006609.4	7258755	7258927	CGCATATAGCTAATTG-1	1
NC_006609.4	7258769	7258977	TTATTGCTCAATTGGC-1	1
NC_006609.4	7258905	7259019	TTGTGAGGTTCAAGAT-1	1
NC_006609.4	7258935	7258976	GTTGCCCGTTAAGCGC-1	1
NC_006609.4	7258957	7258996	GCAGGTTGTTGCGGAT-1	1
NC_006609.4	7258983	7259134	TGAGCACGTGCGCGTA-1	1
NC_006609.4	7259006	7259173	GTCTTTGTCATGCGTG-1	1
NC_006609.4	7259032	7259188	CGCGATTCAAGGTACG-1	1
NC_006609.4	7259073	7259129	GGCCTTAAGGCATGAA-1	1
NC_006609.4	7259109	7259183	GTACTAATCCGCTAGA-1	1
NC_006609.4	7259161	7259332	CAACAATGTTCACTGT-1	1
NC_006609.4	7259163	7259188	GCTGTACCAATTAGCT-1	1
NC_006609.4	7259180	7259395	AGTTACATCCCTGTTA-1	2
NC_006609.4	7259210	7259259	GGCCTTCGTGCATTAG-1	1
NC_006609.4	7259246	7259407	CGTTAACAGCGCAATT-1	1
NC_006609.4	7259252	7259295	GAAGGATGTTGGTTAG-1	1
NC_006609.4	7259271	7259414	CTAATCGCAAGTTATC-1	1
NC_006609.4	7259311	7259341	CTGTACCTCCTTAGGG-1	2
NC_006609.4	7259311	7259700	GCGTTTCTCACGTTAA-1	1
NC_006609.4	7259314	7259801	CTTTATCAGGTCGAGG-1	1
NC_006609.4	7259320	7259506	GCTGTGCAGGGTGAAC-1	1
NC_006609.4	7259326	7259361	AGTCCTTGTGGATTAT-1	1
NC_006609.4	7259337	7259356	CTGGTTTGTTGTAACG-1	2
NC_006609.4	7259346	7259498	GGGTTATTCTAGCTAA-1	1
NC_006609.4	7259348	7259538	CCTGGTAAGTTATCTC-1	1
NC_006609.4	7259351	7259414	TTATAGCCAGGCTACT-1	1
NC_006609.4	7259351	7259464	CCCAGCACACTAAGTT-1	4
NC_006609.4	7259364	7259630	TTCAACCGTGGAGCAA-1	1
NC_006609.4	7259371	7259437	GTAAGCGCATTGCGTA-1	2
NC_006609.4	7259371	7259533	GTCCTCCCATTGACAT-1	1
NC_006609.4	7259409	7259832	CGTGGTTCAGCACCAT-1	4
NC_006609.4	7259418	7259475	TCAGTAGGTAGTAAGA-1	2
NC_006609.4	7259426	7259785	ATTGTCCGTTCCTGTG-1	2
NC_006609.4	7259426	7259891	CAATATGTCGTTTCCA-1	1
NC_006609.4	7259437	7259962	ACTTGCACAGGCGAGT-1	2
NC_006609.4	7259454	7259638	CGAGGAAGTAGCCATA-1	1
NC_006609.4	7259523	7259663	ATGACTCAGACAAACG-1	1
NC_006609.4	7259525	7259584	GTACTTCGTCACAGCG-1	1
NC_006609.4	7259533	7259703	GGATGTAAGGCTAATC-1	1
NC_006609.4	7259576	7259705	AAACAGCCAAGGTATA-1	1
NC_006609.4	7259589	7259650	ATCGAGGCACGAATTT-1	2
NC_006609.4	7259606	7259636	CTCATTAGTTGAAGCC-1	1
NC_006609.4	7259608	7260362	GGCGGTAAGTTTGTCT-1	1
NC_006609.4	7259652	7259865	TTGCAACAGGATTTGC-1	3
NC_006609.4	7259678	7259776	ATTGCAGGTTAATGCG-1	1
NC_006609.4	7259700	7259853	TTGGGTTAGTTAGCTA-1	1
NC_006609.4	7259703	7259802	CGGTTGGGTTCGGTAA-1	3
NC_006609.4	7259728	7259766	ACCGGTTCACTTACAG-1	2
NC_006609.4	7259737	7259930	ACTTGCACATCCAGGT-1	3
NC_006609.4	7259748	7259792	GCTGAGGAGCCTTAAA-1	1
NC_006609.4	7259760	7259917	GCCCTCATCATTGCGG-1	2
NC_006609.4	7259799	7260074	TTTAACGAGCTAAAGG-1	2
NC_006609.4	7259829	7259861	CCACAATAGGCTTAGT-1	2
NC_006609.4	7259849	7260469	TGTGCAAGTTAACGGC-1	1
NC_006609.4	7259859	7259904	ATGAAGCCAGGCTTGT-1	1
NC_006609.4	7259866	7260072	TTCCTTCTCCTAGTTT-1	1
NC_006609.4	7259907	7259944	GCCTTAACAAAGCGCA-1	1
NC_006609.4	7259907	7260070	TAGCCTGAGCTCCTTA-1	1
NC_006609.4	7259944	7260148	AATCGCCCAGCAAGAT-1	1
NC_006609.4	7259946	7260001	GGGATTAAGTGAGGGT-1	1
NC_006609.4	7259964	7260010	TCGCTAACAACAACAA-1	2
NC_006609.4	7259964	7260025	ACAGCCGGTGAGCGAA-1	1
NC_006609.4	7259969	7260089	AGCAAATAGCAGGTGG-1	1
NC_006609.4	7260006	7260072	AAACAGCCAACCCTCC-1	1
NC_006609.4	7260066	7260170	AAGCGAGGTTAGCGTA-1	1
NC_006609.4	7260158	7260350	TGCGATTAGGTTTGCG-1	4
NC_006609.4	7260168	7260362	ATTAGCGGTGGATGTC-1	1
NC_006609.4	7260168	7260373	TTATTGCTCAATTGGC-1	3
NC_006609.4	7260273	7260973	CCATCATGTTGGCGTG-1	1
NC_006609.4	7260305	7260520	CGGGTATGTTTACGTC-1	1
NC_006609.4	7260342	7260695	GGTTTCCTCATTACTC-1	1
NC_006609.4	7260360	7260425	GCCCAAATCGCACACA-1	1
NC_006609.4	7260376	7260603	TTGCTCTCAAGCTTTG-1	1
NC_006609.4	7260390	7260556	CGACCTGCACCTCGCT-1	1
NC_006609.4	7260394	7260436	ACGTTGTAGCTCCCTG-1	2
NC_006609.4	7260436	7260585	GTTAAGCTCGTTAGCG-1	2
NC_006609.4	7260471	7260508	CGGAATCGTCACAGCG-1	1
NC_006609.4	7260481	7260616	TAAGCTATCGGTTTCC-1	1
NC_006609.4	7260506	7260843	GTGCAAGCAAATACCT-1	2
NC_006609.4	7260513	7260560	CTCATCATCGTCAAGT-1	2
NC_006609.4	7260513	7260685	AGTCAAGAGCACTAGT-1	1
NC_006609.4	7260564	7261019	CGGAGCAAGCACTAGT-1	1
NC_006609.4	7260578	7260710	CGGCCATAGCCGCTAA-1	2
NC_006609.4	7260585	7260646	CAGGACACACTAAATC-1	1
NC_006609.4	7260651	7260703	TCATACTTCAATCATG-1	1
NC_006609.4	7260657	7261088	CCTTCGGTCCTTTACG-1	1
NC_006609.4	7260707	7261044	TGTGTTAAGGTGAGAC-1	1
NC_006609.4	7260726	7260795	GAGCAAATCCTAAATG-1	1
NC_006609.4	7260788	7261118	TGCTTGTGTTTGTCTA-1	1
NC_006609.4	7260795	7260959	CTTGTCCAGCGAGGTG-1	1
NC_006609.4	7260811	7260874	AAACGTACAATTAAGG-1	1
NC_006609.4	7260840	7260929	TCGCATTGTAGCCTAA-1	1
NC_006609.4	7260857	7260914	GAGGCCTTCAGGGCCT-1	1
NC_006609.4	7260896	7261307	GCTAGCTCAGGAACCA-1	1
NC_006609.4	7260902	7261086	GGTCTTGAGGCGAAAC-1	1
NC_006609.4	7260931	7260988	TTGCAATCATTAAGTC-1	2
NC_006609.4	7260931	7261124	GAAAGGCTCGCTAAAC-1	1
NC_006609.4	7260955	7261130	CAGGCTGGTTTATGGG-1	1
NC_006609.4	7260987	7261013	TGTTATGAGTACCGCA-1	2
NC_006609.4	7260987	7261153	GTTCGCTTCCCTGACT-1	1
NC_006609.4	7260998	7261098	ACGACAAAGAGAGGAG-1	2
NC_006609.4	7261013	7261199	ATAAGCCTCCTGAGTG-1	2
NC_006609.4	7261041	7261213	TCACCTGGTTAATGCG-1	2
NC_006609.4	7261048	7261357	TCATAACCATCAGTAT-1	1
NC_006609.4	7261049	7261199	GCTTAGTAGTCACCAG-1	2
NC_006609.4	7261059	7261176	ATTTGCAAGTAACTCA-1	2
NC_006609.4	7261111	7261150	TCCAGCAAGGGATGAC-1	1
NC_006609.4	7261124	7261150	CCATCACTCAGCAAAG-1	1
NC_006609.4	7261130	7261523	TCATGCCTCAGGTCCA-1	1
NC_006609.4	7261140	7261523	GACCTGCAGCTCAAAC-1	1
NC_006609.4	7261155	7261285	GCTGCACAGGTAAGCA-1	1
NC_006609.4	7261155	7261292	TCCATTGTCCCATAGG-1	2
NC_006609.4	7261163	7261211	GTAGTTATCATGAAGG-1	1
NC_006609.4	7261163	7261511	TGCGATTAGGTTTGCG-1	1
NC_006609.4	7261164	7261230	GTTCCCAGTAGGTGTC-1	2
NC_006609.4	7261181	7261230	GATCGCTCAGGATAAC-1	1
NC_006609.4	7261204	7261252	TGTGTTAAGGTGAGAC-1	1
NC_006609.4	7261204	7261284	CAAGGTTTCCTCACAC-1	1
NC_006609.4	7261206	7261358	ATGACTCAGACACCGC-1	1
NC_006609.4	7261211	7261284	ATTGCAGGTTAATGCG-1	1
NC_006609.4	7261230	7261290	CGTTAAATCCGTAAAC-1	1
NC_006609.4	7261279	7261504	GCATTAGGTCTAACAG-1	1
NC_006609.4	7261284	7261328	TTTAGCAAGCTCCTAC-1	1
NC_006609.4	7261328	7261408	GTAGGCGAGAGGAAGG-1	1
NC_006609.4	7261328	7261485	TTTAGCAAGCTCCTAC-1	3
NC_006609.4	7261353	7261416	TACGTACAGCAAGGTA-1	3
NC_006609.4	7261391	7261429	GGTTTAATCCAATTAG-1	1
NC_006609.4	7261408	7261485	GTACTTAAGCTTATGA-1	1
NC_006609.4	7261429	7261589	CAGTATGGTTCCTGTG-1	3
NC_006609.4	7261436	7261590	TGCCATTGTGGAAACG-1	1
NC_006609.4	7261487	7261523	GGCATGGAGGTCGAGG-1	1
NC_006609.4	7261498	7261727	CGATTTGCAGGGAGCT-1	2
NC_006609.4	7261525	7261731	GCCTGACAGCACGATT-1	1
NC_006609.4	7261549	7261870	GGCCGTTAGGGTCTAT-1	2
NC_006609.4	7261554	7261606	GCGCGATTCCTCCCTC-1	3
NC_006609.4	7261570	7261720	CGTTAGTAGCCTAACG-1	1
NC_006609.4	7261576	7261659	GCTTACCTCATTAGTG-1	1
NC_006609.4	7261584	7261907	TCAAGGAAGTTATTCC-1	1
NC_006609.4	7261590	7261632	GTGCTTCTCATTATGG-1	2
NC_006609.4	7261632	7261884	CAAGGGAGTGACATAT-1	2
NC_006609.4	7261647	7261692	AAGTGTTGTGGCTTCC-1	2
NC_006609.4	7261702	7261907	GTCATCACAATATACC-1	1
NC_006609.4	7261702	7262278	CGCCAAATCTTGCAGG-1	1
NC_006609.4	7261711	7261767	CATAGCTAGTCATTTC-1	1
NC_006609.4	7261725	7261863	GGCCAACTCGCGCTAA-1	1
NC_006609.4	7261727	7261763	AGGCAATCAGGCTAGA-1	1
NC_006609.4	7261731	7261925	TTTAGCTTCATGCTCC-1	1
NC_006609.4	7261748	7261804	GCATTAGGTCTAACAG-1	2
NC_006609.4	7261794	7261961	TAGTGAGAGCAGCTCA-1	1
NC_006609.4	7261828	7261996	GCGCAAACATTATGAC-1	3
NC_006609.4	7261835	7261865	TTTCTTGCAGTTATGT-1	2
NC_006609.4	7261837	7261897	AACGACAAGTATCGCG-1	1
NC_006609.4	7261860	7261894	AATTCGTCACTGACCG-1	1
NC_006609.4	7261863	7262050	TCTCGCCCAGGCCATT-1	1
NC_006609.4	7261863	7262079	AGTGAACCATAGCGGA-1	1
NC_006609.4	7261872	7261905	TCCCGGACAATTAACC-1	1
NC_006609.4	7261900	7261974	TGTGTTAAGGTGAGAC-1	1
NC_006609.4	7261912	7262325	GCTAAGTTCCTGCGAA-1	1
NC_006609.4	7261956	7262023	GTTACTCGTGATTACG-1	1
NC_006609.4	7261970	7262010	CGATGTCCATGTCAGC-1	2
NC_006609.4	7261975	7262219	CGCAATGTCCTCAGTC-1	1
NC_006609.4	7262001	7262083	CCAGTTTGTAATTAGC-1	1
NC_006609.4	7262015	7262064	TGTTCATTCCTGGTCT-1	1
NC_006609.4	7262017	7262083	CGGCTAATCCTGATGG-1	1
NC_006609.4	7262041	7262341	GCCAGGAAGTAAACCC-1	1
NC_006609.4	7262060	7262095	TCGTTATTCGAAGTAG-1	1
NC_006609.4	7262081	7262132	CTAACCACAGCAAGTG-1	2
NC_006609.4	7262100	7262257	CCGCTAGCATCATGTG-1	1
NC_006609.4	7262113	7262144	CTCTGTTCATTGCAGC-1	1
NC_006609.4	7262128	7262326	AGTGCGGAGGCTAATC-1	3
NC_006609.4	7262128	7262341	GCCAGGAAGTAAACCC-1	1
NC_006609.4	7262130	7262212	TCTTTGTAGCTCAATA-1	1
NC_006609.4	7262132	7262166	CTAACCACAGCAAGTG-1	2
NC_006609.4	7262139	7262186	AGTCAATGTTTATGGG-1	1
NC_006609.4	7262165	7262528	ACAGGCTGTGGGAACA-1	3
NC_006609.4	7262184	7262375	GAGTGAGGTATTCGTC-1	1
NC_006609.4	7262199	7262499	TCCATATTCGCATTAA-1	1
NC_006609.4	7262202	7262295	TTAAGGACAGTCTAAT-1	2
NC_006609.4	7262217	7262424	AGAGAAGCATGAATAG-1	1
NC_006609.4	7262230	7262338	CGGATTAGTTAATGCG-1	2
NC_006609.4	7262263	7262305	TCCAGGTCATAGACCC-1	2
NC_006609.4	7262278	7262332	TTGCTTAGTGTTGCAA-1	1
NC_006609.4	7262283	7262320	GCATTAGGTCTAACAG-1	1
NC_006609.4	7262295	7262459	GGTTAGCGTGTCCAAA-1	1
NC_006609.4	7262314	7262459	GAGGAGGCAAATACCT-1	2
NC_006609.4	7262365	7262433	TAAGGACCATTGTCAG-1	1
NC_006609.4	7262413	7262509	GGTTCCCGTCACGAAC-1	1
NC_006609.4	7262418	7262459	GCAGCAACATTAGGCC-1	1
NC_006609.4	7262418	7262805	GGGTTATTCTCGCCTG-1	3
NC_006609.4	7262424	7262577	GTTCCCAGTTAAGGTT-1	1
NC_006609.4	7262444	7262670	GCATTAGGTCTAACAG-1	1
NC_006609.4	7262453	7262614	GTTGCATAGTGAAGTG-1	1
NC_006609.4	7262502	7262654	GCCAATTAGACAGGCG-1	2
NC_006609.4	7262504	7262663	TTCAGCACAATGCGCT-1	1
NC_006609.4	7262504	7262836	TCGCTAACAACAACAA-1	1
NC_006609.4	7262556	7262676	GAAACCCGTCCTTTAA-1	2
NC_006609.4	7262577	7262741	CTTGAATCAGGTTACC-1	4
NC_006609.4	7262577	7262898	ATTAGCTCATCAATCG-1	1
NC_006609.4	7262602	7263512	CGGCAATGTCACACCC-1	1
NC_006609.4	7262610	7262739	CGGTGAGAGCGAGCGA-1	2
NC_006609.4	7262619	7262909	CAAGTATGTTGGTTAG-1	1
NC_006609.4	7262620	7262773	AGAGATTAGGTGCGGA-1	2
NC_006609.4	7262665	7262755	GCTAAGTTCCTAAGAC-1	1
NC_006609.4	7262739	7262843	CTATAACCATCGCTCC-1	2
NC_006609.4	7262746	7262981	TTCTTAGGTTTACGTC-1	1
NC_006609.4	7262754	7263465	ACATTGCAGTTGGGCC-1	1
NC_006609.4	7262763	7262936	ATGTGAGAGCCGCAAC-1	2
NC_006609.4	7262780	7262935	AGCGGATAGAATCTCA-1	1
NC_006609.4	7262791	7262958	CGAATCTAGTGCTGTG-1	1
NC_006609.4	7262800	7262827	GTGCTTCTCTTTAGGA-1	1
NC_006609.4	7262825	7262986	AAAGGAGCACACTAAT-1	1
NC_006609.4	7262835	7262867	ATGTCAATCTTGCAAA-1	1
NC_006609.4	7262837	7263210	ATCAATCCAAGGAATC-1	1
NC_006609.4	7262845	7263203	ATGCGATTCGTACCGA-1	2
NC_006609.4	7262863	7263142	ATGGCTGTCCCTTGCG-1	3
NC_006609.4	7262878	7263080	CCGGTAGGTGAGGTGA-1	1
NC_006609.4	7262884	7263045	CTGCTCCCATTATGCG-1	2
NC_006609.4	7262885	7263093	ACGGTTAGTGAGGTGA-1	1
NC_006609.4	7262931	7262998	GTTTATCTCACAGCCA-1	1
NC_006609.4	7262936	7262985	GGCTAGACACCTGCTC-1	1
NC_006609.4	7262936	7263190	TGAGGGCCATCATGGC-1	1
NC_006609.4	7262944	7263360	GGATTCAGTTAGAGGG-1	1
NC_006609.4	7262958	7263008	CGGTGAGAGCTAAAGG-1	1
NC_006609.4	7262984	7263139	GCTTACCTCATTAGTG-1	1
NC_006609.4	7262985	7263195	GTGTGCGGTTTCCACG-1	1
NC_006609.4	7262985	7263253	CAGGTCCAGGCCGGAA-1	2
NC_006609.4	7262996	7263071	GTGCGGTTCATTGCGG-1	1
NC_006609.4	7262996	7263074	CATAGGTTCAAAGGCA-1	1
NC_006609.4	7262999	7263167	TGTGGCGGTCTCAGCC-1	1
NC_006609.4	7263024	7263337	ATGTTCAAGGACCTCA-1	1
NC_006609.4	7263027	7263517	TGCTCTCAGACAGGTA-1	1
NC_006609.4	7263041	7263400	CCTAAAGGTCAGGCCA-1	1
NC_006609.4	7263048	7263093	ATTCCGGAGCGATAAG-1	1
NC_006609.4	7263054	7263258	CAGTACCCACAAACTT-1	1
NC_006609.4	7263058	7263203	CCGCACACAATAGCAA-1	1
NC_006609.4	7263064	7263210	ATGTCAATCTATCGCC-1	1
NC_006609.4	7263103	7263205	CGTTAGGTCCTTAAGA-1	2
NC_006609.4	7263109	7263150	AGAGAGGAGCGAAGTA-1	1
NC_006609.4	7263113	7263360	GCCAGGTTCGCTCACT-1	1
NC_006609.4	7263123	7263343	CAGCATTAGGAAGCAC-1	1
NC_006609.4	7263142	7263424	CAAACCGTCTTCAATC-1	1
NC_006609.4	7263155	7263315	TTGGGCGGTAGTTACG-1	3
NC_006609.4	7263156	7263203	CGGTAACGTTGCACGG-1	2
NC_006609.4	7263156	7263345	AGTCCTGAGTGAACCT-1	1
NC_006609.4	7263166	7263388	TGCCGGTAGCATGTTA-1	1
NC_006609.4	7263169	7263478	ACCACATAGTGTTGCG-1	2
NC_006609.4	7263171	7263327	TTGGATATCCTGTTCA-1	2
NC_006609.4	7263192	7263700	GTGTAACTCCTTGCGT-1	1
NC_006609.4	7263203	7263632	GACACCGGTGATGATT-1	1
NC_006609.4	7263220	7263396	GTCTAATCAAGTAAGC-1	1
NC_006609.4	7263224	7263740	GCGGATACATAATCGT-1	1
NC_006609.4	7263258	7263413	TTCCACGGTTGGATAT-1	1
NC_006609.4	7263268	7263447	CCAAACCCATCCCTCA-1	2
NC_006609.4	7263277	7263465	TTGGATCAGGCATTGT-1	2
NC_006609.4	7263277	7263531	GTTACTCGTTGCAATG-1	1
NC_006609.4	7263282	7263433	GGGCATGAGTTGCGTG-1	2
NC_006609.4	7263282	7263488	CCGTTATGTTGAAGCC-1	1
NC_006609.4	7263287	7263370	AGCCTAGTCTCACTAT-1	2
NC_006609.4	7263292	7263343	AAACAGCCAGGACCTT-1	1
NC_006609.4	7263315	7263373	TTAGGATGTAGGTGTC-1	2
NC_006609.4	7263315	7263544	TGCACTTGTTGTAACG-1	1
NC_006609.4	7263323	7263365	ACCATAATCGTTCACC-1	2
NC_006609.4	7263323	7263370	CGCCTCATCGCTAAGT-1	1
NC_006609.4	7263343	7263498	GAACCAGCAATAGCAA-1	2
NC_006609.4	7263345	7263396	GCGCTTAAGGCTTAAC-1	3
NC_006609.4	7263345	7263413	TCCTCTAAGGTAGCTT-1	1
NC_006609.4	7263346	7263517	TCCAGGTCATAGCTGC-1	2
NC_006609.4	7263370	7263807	CAGCCTAAGCTCCTTA-1	1
NC_006609.4	7263375	7263424	CTTTATGGTTGGTTAG-1	2
NC_006609.4	7263377	7263465	CCTTAGTGTGTTGTGA-1	2
NC_006609.4	7263398	7263596	CTAGGCGGTCCGCTGT-1	1
NC_006609.4	7263450	7263630	ATTAGCGGTCTAACCT-1	2
NC_006609.4	7263462	7263517	TAAGTAGCAGCATGAG-1	1
NC_006609.4	7263463	7263612	GTTTGTAAGGTTTGCG-1	1
NC_006609.4	7263465	7263533	CTGGCTAAGGATTGCT-1	2
NC_006609.4	7263465	7263646	AAGGATTAGGTCGATT-1	1
NC_006609.4	7263475	7263883	CATAAGCTCGGTAACT-1	1
NC_006609.4	7263494	7263564	ACGATTCAGTAAACCC-1	2
NC_006609.4	7263528	7263632	TGTGCAAGTTAACGGC-1	2
NC_006609.4	7263534	7263586	CGTCAATAGCACAGCC-1	1
NC_006609.4	7263539	7263924	GTTCCTGGTGTGTCCC-1	1
NC_006609.4	7263546	7264083	GGTCCTGCATTGCGGT-1	1
NC_006609.4	7263560	7263674	AACAGGATCACCTGTC-1	1
NC_006609.4	7263601	7263740	GCCGTGAGTAATGACT-1	2
NC_006609.4	7263625	7263807	CCTGAGTCACAATGTT-1	1
NC_006609.4	7263630	7263661	TCGTAATCAGCAGGTA-1	1
NC_006609.4	7263630	7263669	GTTCCTGGTTCATTTG-1	1
NC_006609.4	7263630	7264255	CAATAGCTCCTAAGAC-1	2
NC_006609.4	7263663	7263982	GCGCTAGGTGAGGTGA-1	1
NC_006609.4	7263667	7263797	TAAGCTATCGCATTAA-1	1
NC_006609.4	7263669	7263807	GTGCTTCTCAAAGGCA-1	1
NC_006609.4	7263740	7263794	GGAAACTCATGTTGCA-1	1
NC_006609.4	7263926	7264114	GTCATCACAATATACC-1	1
NC_006609.4	7263945	7264013	TAGCTTGCATTCAGCA-1	2
NC_006609.4	7263959	7264154	GAAACCCGTCCTTTAA-1	1
NC_006609.4	7263964	7264035	TTGGGCGGTCACAGAC-1	1
NC_006609.4	7263988	7264060	CCTAAAGGTCAGGCCA-1	2
NC_006609.4	7264005	7264146	TACCGAAGTGAGCACT-1	3
NC_006609.4	7264011	7264573	GTGAATCTCACACAGT-1	3
NC_006609.4	7264022	7264579	ACAACAGAGAGAGGCT-1	1
NC_006609.4	7264038	7264083	CGATCCTTCCTTGCGT-1	1
NC_006609.4	7264059	7264120	CGGTTTGAGCACGTTG-1	2
NC_006609.4	7264070	7264101	TAAGCTGGTTTATCTG-1	1
NC_006609.4	7264070	7264281	GCATCCTTCATAGACC-1	1
NC_006609.4	7264083	7264268	CGGATTAGTCCGTAGG-1	2
NC_006609.4	7264095	7264340	GATCAGGCAAGCCAGA-1	1
NC_006609.4	7264103	7264167	ATGAGCCGTCACAGAC-1	1
NC_006609.4	7264120	7264478	CGGTTTGAGCACGTTG-1	1
NC_006609.4	7264249	7264323	CCTAAAGGTCAGGCCA-1	3
NC_006609.4	7264249	7264329	GCCCATAAGTACCGCA-1	1
NC_006609.4	7264268	7264366	TGCGATTAGGTTTGCG-1	1
NC_006609.4	7264296	7264501	AACCCGCAGGATTTGC-1	1
NC_006609.4	7264317	7264509	TCAAGACTCACGCGGT-1	1
NC_006609.4	7264323	7264403	ACATTGCAGTTGGGCC-1	1
NC_006609.4	7264331	7264368	TCACCTGGTTGCACAA-1	1
NC_006609.4	7264360	7264500	AAAGGAGCATTGCGTA-1	1
NC_006609.4	7264360	7264600	CGGCTCACATAGACTT-1	1
NC_006609.4	7264367	7264483	TAAGGCTTCGGCTATG-1	2
NC_006609.4	7264377	7264563	ATGACCAGTGCGCGTA-1	1
NC_006609.4	7264378	7264560	CCGCAAGGTCATCAAG-1	1
NC_006609.4	7264378	7264573	TGTAATGTCGGTTAGT-1	1
NC_006609.4	7264384	7264546	TGTATCCGTCATAACG-1	2
NC_006609.4	7264394	7264443	TACAATGTCCATTACT-1	2
NC_006609.4	7264403	7264558	TAGCTTGCATGAATCT-1	2
NC_006609.4	7264426	7264464	GTGAGGAGTTGAGCCG-1	1
NC_006609.4	7264431	7264625	GATCACTAGTATCGCG-1	1
NC_006609.4	7264435	7264491	GGCCGTTAGTGAGAGC-1	1
NC_006609.4	7264435	7265096	CGCACAATCCCGCCTA-1	1
NC_006609.4	7264439	7264500	GAAGTGATCGATAACC-1	1
NC_006609.4	7264483	7264568	GGAGTCTGTTGTTGTC-1	4
NC_006609.4	7264493	7264635	GGACAGCCACTTACAG-1	1
NC_006609.4	7264494	7264637	GTGCTCCGTTCGGTAA-1	1
NC_006609.4	7264500	7264541	TAGTGAGAGCAGGTTT-1	2
NC_006609.4	7264515	7264584	GCTATCCTCGATATTG-1	1
NC_006609.4	7264516	7264558	TATCACGCATAACGGG-1	3
NC_006609.4	7264522	7264563	GCTTTATTCATGCTAA-1	3
NC_006609.4	7264522	7264635	GGACAGCCACTTACAG-1	1
NC_006609.4	7264525	7264598	GTCGAAGCACCGTTCC-1	1
NC_006609.4	7264578	7264735	GGCTATGTCATGTCAA-1	1
NC_006609.4	7264589	7264625	CGCCAAATCATTACAG-1	1
NC_006609.4	7264589	7264875	GTCATCACAATATACC-1	1
NC_006609.4	7264595	7264726	ATCCTGACAAATTCGT-1	1
NC_006609.4	7264600	7264648	GGACCGAAGGCCTGGT-1	1
NC_006609.4	7264610	7264698	GTCGAAGCAGGCCAAA-1	1
NC_006609.4	7264612	7264865	CCAGACTCAAAGGTAC-1	2
NC_006609.4	7264625	7264662	GGACAGCCAAGTGTCC-1	1
NC_006609.4	7264669	7264704	GCAATGTTCACATTGA-1	1
NC_006609.4	7264690	7264843	AGAACCAAGGAGTCGG-1	1
NC_006609.4	7264704	7265068	GGAGTGAGTTTCCTCC-1	1
NC_006609.4	7264756	7264815	TATTACCTCCCTCACG-1	2
NC_006609.4	7264803	7265035	TGTTGGCCATTAAGTC-1	1
NC_006609.4	7264839	7265054	GCTCACAAGGCCAATT-1	2
NC_006609.4	7264854	7265043	GTCAAACTCGCACACA-1	1
NC_006609.4	7264866	7265022	TTGCTTAGTAATGGCC-1	1
NC_006609.4	7264899	7265115	CAATCCTGTTTAACGG-1	1
NC_006609.4	7264909	7265214	GCACGCTAGCTGTAAC-1	1
NC_006609.4	7264941	7265014	CATCCTCAGCACAGAA-1	1
NC_006609.4	7264941	7265343	GGTTGAGCAATAATCC-1	1
NC_006609.4	7264981	7265033	GCCTTTGGTTCGCTCA-1	2
NC_006609.4	7265000	7265371	GATTAGCTCTTGGACG-1	2
NC_006609.4	7265014	7265174	GATTGATGTTAGGTTG-1	1
NC_006609.4	7265028	7265075	AGCAAGGGTGAAACAA-1	2
NC_006609.4	7265068	7265113	AGTGGACAGTGAGGTA-1	1
NC_006609.4	7265070	7265143	CCACAATAGGAACCGG-1	1
NC_006609.4	7265070	7265242	GATTAGTGTTGCCTCA-1	1
NC_006609.4	7265080	7265138	CGGTTATAGGTTAGCT-1	1
NC_006609.4	7265083	7265163	TGCTGGATCACGCATG-1	2
NC_006609.4	7265096	7265210	ACACTTGCATAAGCAA-1	3
NC_006609.4	7265217	7265391	CCTTCAGGTTTGCAGA-1	1
NC_006609.4	7265227	7265531	CGCCTCATCCTCCATA-1	1
NC_006609.4	7265229	7265574	CTACGAAGTGTCCTGC-1	1
NC_006609.4	7265240	7265397	ACACTTGCATAAGCAA-1	1
NC_006609.4	7265307	7265447	AACTAGTGTCACAAAT-1	1
NC_006609.4	7265318	7265354	TGACCAAGTCCTAACT-1	2
NC_006609.4	7265336	7265480	CAGCTAAGTACGCGCA-1	1
NC_006609.4	7265345	7265371	CGATTTGCATCCGTAA-1	1
NC_006609.4	7265350	7265388	AGGTCATTCCATAATG-1	3
NC_006609.4	7265364	7265533	CCGCAAGGTCATCAAG-1	2
NC_006609.4	7265365	7265503	CCTAATAAGTTCCTGC-1	1
NC_006609.4	7265371	7265574	GGTAAACCAATAGCCC-1	1
NC_006609.4	7265381	7265415	CGCAAATTCATTAGCA-1	3
NC_006609.4	7265388	7265556	AGCCTCCGTCCAAATG-1	1
NC_006609.4	7265413	7265466	ATCAAGCTCCCATAGG-1	1
NC_006609.4	7265490	7265621	CCTTCAGGTGGCTTCC-1	1
NC_006609.4	7265508	7265666	CAGGACACACATAGCC-1	1
NC_006609.4	7265574	7265947	TGGGCATGTTAGGACC-1	1
NC_006609.4	7265588	7265664	ATATGTCCAGAGAGCC-1	4
NC_006609.4	7265600	7265721	GGTTGAGCATGAAGTA-1	1
NC_006609.4	7265629	7265987	GTTTCAGCATGAAATG-1	1
NC_006609.4	7265671	7265831	ATTACCCGTGCTAGCG-1	1
NC_006609.4	7265732	7265909	TATGAAGCACAACCTA-1	1
NC_006609.4	7265732	7265928	TTGTTCCCAGCTTAGC-1	1
NC_006609.4	7265862	7266011	AATAGAGGTTAAATGC-1	1
NC_006609.4	7265886	7265949	TGCGATTAGGGATGAC-1	1
NC_006609.4	7265926	7266151	TTTAAGGTCTGGCATG-1	1
NC_006609.4	7265952	7266129	CGCGATTCATTAGGTT-1	1
NC_006609.4	7265977	7266167	GTCAGGCTCGGCCAGT-1	3
NC_006609.4	7266140	7266345	GTTGCTGAGTTTAACG-1	1
NC_006609.4	7266153	7266296	GAGTTTGGTCACGAAC-1	2
NC_006609.4	7266250	7266475	TTTGACCGTACTTCAC-1	1
NC_006609.4	7266363	7266573	GAAACTGAGCTCCTTA-1	2
NC_006609.4	7266369	7266465	AGATGAAGTGTGTGGT-1	1
NC_006609.4	7266421	7266470	ACAGCCGGTCAGGAAG-1	2
NC_006609.4	7266466	7266515	AGCTTTAAGCAAGACA-1	1
NC_006609.4	7266470	7266504	TATTCGTTCTAGCTTT-1	1
NC_006609.4	7266483	7266532	TGGTGCATCGGTTAGT-1	1
NC_006609.4	7266498	7266561	AAGCCTGTCGGCCATA-1	3
NC_006609.4	7266503	7266819	GGGCTAACACGGTTTA-1	1
NC_006609.4	7266507	7266614	AGCAATTGTTGTGACA-1	1
NC_006609.4	7266512	7266730	GTTAAGTGTATTCGTC-1	1
NC_006609.4	7266518	7266593	GTTCCCAGTTAAGGTT-1	1
NC_006609.4	7266567	7266679	CGATCCTTCACTTTAC-1	1
NC_006609.4	7266567	7266808	TCGGTTTGTGATGAAA-1	1
NC_006609.4	7266722	7267325	TTCGTGCTCACGCATG-1	1
NC_006609.4	7266729	7267116	GAACCAGCACCCACAG-1	1
NC_006609.4	7266733	7266789	CGTTTCTCAGCAAGGC-1	1
NC_006609.4	7266764	7266837	CCCATAACATTCAGCA-1	2
NC_006609.4	7266767	7266788	GGCCAACTCCTAGTAA-1	1
NC_006609.4	7266804	7266851	GCCACTAAGGAATAAC-1	1
NC_006609.4	7266862	7266946	TAAGCCTAGGAGGGTT-1	1
NC_006609.4	7266913	7267059	ACAACAGAGCCTGGTA-1	1
NC_006609.4	7266946	7267325	GGTCATTAGATAACCC-1	1
NC_006609.4	7267049	7267108	CTAATCGCAGGCGATA-1	1
NC_006609.4	7267078	7267206	ACTCGCGCATGAGTTT-1	1
NC_006609.4	7267175	7267375	TATGGTCAGCAAGACA-1	1
NC_006609.4	7267310	7267442	ATCGAGGCAGTTGCGT-1	1
NC_006609.4	7267337	7267377	GTAATAGCAAACAACA-1	1
NC_006609.4	7267377	7267611	CTAGATTCAATACTGT-1	1
NC_006609.4	7267390	7267557	GCTGAGGAGCAACATC-1	2
NC_006609.4	7267452	7267655	ATGGCTTAGTCACGAT-1	1
NC_006609.4	7267485	7267783	ACACTTAAGGTAGCTT-1	1
NC_006609.4	7267526	7267661	CCTAAGGTCATAGACC-1	1
NC_006609.4	7267543	7267868	GGGCGAATCCAGGGAG-1	1
NC_006609.4	7267555	7267724	TGAAGGATCACACAGT-1	2
NC_006609.4	7267556	7267686	TTTGCATTCGGCTAGC-1	1
NC_006609.4	7267585	7267752	ATGAAGCCATCAGCAC-1	1
NC_006609.4	7267649	7267852	AACTAGTGTCACAAAT-1	1
NC_006609.4	7267726	7267795	AGGTGAATCATTGTTC-1	2
NC_006609.4	7267726	7267986	TATCGCACAAACGGGC-1	1
NC_006609.4	7267730	7267870	GCCTACTTCCTTCTAG-1	2
NC_006609.4	7267880	7268063	TTTGAGTCAACATAAG-1	1
NC_006609.4	7267891	7267935	CGTTTCTCAGCAAGGC-1	2
NC_006609.4	7267897	7268098	AAGTGCAAGGGATTAG-1	1
NC_006609.4	7267901	7267935	AAGACAAGTTGCGCGA-1	1
NC_006609.4	7267985	7268120	ATTGTCCGTGTGTCCC-1	1
NC_006609.4	7268046	7268197	ACCAGGACAAGTGTCC-1	1
NC_006609.4	7268071	7268127	GACTTACAGTGAACGA-1	1
NC_006609.4	7268072	7268202	TTTGCGACAATAATGG-1	1
NC_006609.4	7268077	7268424	GTAATAGCAATTAGCT-1	1
NC_006609.4	7268092	7268135	CAGCATGTCCTAGTCC-1	3
NC_006609.4	7268093	7268270	CGGCCATAGGGACCTC-1	1
NC_006609.4	7268107	7268274	AGACAATAGCCGGTAC-1	2
NC_006609.4	7268117	7268308	CTCGACAAGGGCCACT-1	2
NC_006609.4	7268125	7268326	GCCAATTAGCCGCTTT-1	1
NC_006609.4	7268170	7268197	CATAATGTCTATGACA-1	1
NC_006609.4	7268203	7268408	CCTACTTCAACAGCCT-1	2
NC_006609.4	7268235	7268292	TAGTGAGAGTTTGGGT-1	2
NC_006609.4	7268294	7268349	CGACTAAGTAATAGCT-1	3
NC_006609.4	7268353	7268524	TACGTAATCCCTCACG-1	1
NC_006609.4	7268431	7268545	TAGCCTTGTAGCTGGT-1	1
NC_006609.4	7268457	7268594	TGCGCAGGTTTGTCTA-1	1
NC_006609.4	7268483	7268768	GCTAACAGTGGAAGGC-1	2
NC_006609.4	7268529	7268642	GTCGGTTCAAATGCCC-1	1
NC_006609.4	7268738	7269001	TGAGGGCCATCGCTTT-1	2
NC_006609.4	7268738	7269184	CCAACATAGCAAGGTA-1	1
NC_006609.4	7268754	7269313	TGGGCATGTTAGGACC-1	2
NC_006609.4	7269001	7269160	GCTCATTGTCATTAGG-1	1
NC_006609.4	7269061	7269644	GTAGTTTCAAGGTCCT-1	1
NC_006609.4	7269087	7269279	AGAGATTAGGGATTAG-1	1
NC_006609.4	7269169	7269241	AGGCAATCATAATCGT-1	1
NC_006609.4	7269179	7269241	GTGCTTCTCAAAGGCA-1	2
NC_006609.4	7269184	7269348	CCAACATAGCAAGGTA-1	1
NC_006609.4	7269184	7269556	GCCTCAAAGGCAACAA-1	1
NC_006609.4	7269198	7269500	GCCTGCTGTGCTAGCG-1	1
NC_006609.4	7269269	7269764	CGGATAAAGCACAGCC-1	1
NC_006609.4	7269301	7269337	ACCGAAGCATTGCGGT-1	1
NC_006609.4	7269318	7269410	TCAAGCTAGGCGCTTA-1	3
NC_006609.4	7269323	7269528	GAGGTGAGTAAGGTCC-1	2
NC_006609.4	7269331	7269672	TACCGTTGTATGGTGC-1	1
NC_006609.4	7269341	7269515	CATGCATAGTCATGCG-1	1
NC_006609.4	7269354	7269403	GGGATTAAGTGAACGA-1	3
NC_006609.4	7269381	7269500	GTACAATGTGGACATC-1	3
NC_006609.4	7269401	7269458	GCCAACATCATGCTAA-1	1
NC_006609.4	7269443	7269996	GGAAGCTAGGTAACGA-1	1
NC_006609.4	7269451	7269626	CTAATCGCAGCATGTC-1	1
NC_006609.4	7269471	7269501	CAATCTAAGGAACGGT-1	1
NC_006609.4	7269495	7269581	GGACATAAGCGAGGTG-1	1
NC_006609.4	7269537	7269734	CAAGGCCTCAATCATG-1	1
NC_006609.4	7269605	7269672	AGGAGCTAGTGAGGGT-1	2
NC_006609.4	7269684	7269804	ATGGCTGTCTGTAAGC-1	1
NC_006609.4	7269704	7269843	CGGACAACAATCGCAC-1	1
NC_006609.4	7269712	7269828	CTCCTGAGTACTGATG-1	1
NC_006609.4	7269752	7269796	ATTGCAGGTTAATGCG-1	1
NC_006609.4	7269771	7269798	GGATGTAAGCTATGAC-1	1
NC_006609.4	7269826	7270364	CTAGCTTGTGTGCAAC-1	1
NC_006609.4	7269837	7269930	CTTAATGAGTAAGTGG-1	2
NC_006609.4	7269878	7270081	TTTACGCGTCACAGCG-1	1
NC_006609.4	7269901	7269946	GCTATAGGTCCTTCAG-1	1
NC_006609.4	7269909	7270248	GGTCAAGCAATAACCT-1	1
NC_006609.4	7269924	7270120	ACGACTTAGTACTGGT-1	1
NC_006609.4	7269924	7270128	GCTCATTGTAAGCTTG-1	2
NC_006609.4	7269936	7270019	CTGGCTAAGTTCCTCA-1	2
NC_006609.4	7269957	7270137	TGGCTAAGTAACTACG-1	2
NC_006609.4	7269973	7270019	CGATCCTTCACTTTAC-1	1
NC_006609.4	7269990	7270128	ATCACTAAGGTCCTGA-1	1
NC_006609.4	7269998	7270054	TGCTATGCACAGGATG-1	1
NC_006609.4	7269998	7270058	TAGTGGCGTGATGGCT-1	2
NC_006609.4	7270003	7270125	TATTTGCTCGTTACAA-1	2
NC_006609.4	7270076	7270271	GTTAAGTGTGGAGCAA-1	1
NC_006609.4	7270130	7270232	ATCATCAAGGTTAGCT-1	1
NC_006609.4	7270214	7270246	TGTCCTGGTATACTGG-1	3
NC_006609.4	7270223	7270297	CTTGTTCCACCTGCCT-1	2
NC_006609.4	7270224	7270463	AGGATGTCAGCAACAG-1	1
NC_006609.4	7270255	7270292	GAGAAACGTGGTGAGA-1	1
NC_006609.4	7270325	7270657	GCTAGCTCAAACTGCC-1	1
NC_006609.4	7270327	7270507	GAAACCCGTCCTTTAA-1	1
NC_006609.4	7270347	7270382	TCCAGGTCAGCACGTT-1	1
NC_006609.4	7270353	7270528	GATCAAGAGAAAGGAA-1	1
NC_006609.4	7270356	7270415	ATGTTCAAGGACAACA-1	1
NC_006609.4	7270358	7270411	GGTCATTAGCTGCACA-1	1
NC_006609.4	7270367	7270422	AACTAGTGTCACAAAT-1	1
NC_006609.4	7270367	7270681	TGTTGGCCATTAAGTC-1	2
NC_006609.4	7270420	7270528	TCTTGACGTAACCTAG-1	1
NC_006609.4	7270453	7270502	TTCAGTTTCATTAGGC-1	1
NC_006609.4	7270467	7270522	CTTCAGGAGGATCCGC-1	1
NC_006609.4	7270490	7270528	ATGTTCAAGGACAACA-1	2
NC_006609.4	7270533	7270613	ACGTTGTAGCTCCCTG-1	1
NC_006609.4	7270543	7270716	AGAGATTAGGTGCGGA-1	1
NC_006609.4	7270639	7270696	GTCCGTAAGTTATGTG-1	1
NC_006609.4	7270654	7270781	TCTTGACGTAACCTAG-1	1
NC_006609.4	7270721	7270748	CCTGGTAAGACACCGC-1	1
NC_006609.4	7270724	7270945	TTAAGGACACGTTACA-1	1
NC_006609.4	7270738	7271305	AGCTAACTCTATTGTC-1	1
NC_006609.4	7270767	7271272	CAAATCATCCTTGAGG-1	1
NC_006609.4	7270839	7270896	CTATGATCACTAAGCC-1	4
NC_006609.4	7270922	7271237	CGAGCTGGTCAAAGGG-1	1
NC_006609.4	7270937	7271063	GCAAGCCTCCTGTTCA-1	1
NC_006609.4	7270950	7271025	CATAGTCAGCTTTGGG-1	4
NC_006609.4	7271021	7271102	TGGGCATGTTGTCATC-1	1
NC_006609.4	7271029	7271184	TGCTTCCAGAGGGACT-1	3
NC_006609.4	7271200	7271895	GCATTAGGTCTAACAG-1	1
NC_006609.4	7271298	7271356	AACTAGTGTCACAAAT-1	1
NC_006609.4	7271300	7271715	CCACATTGTTACTTCA-1	3
NC_006609.4	7271342	7271535	TCGCTAACACCAACCG-1	1
NC_006609.4	7271357	7271703	AACTAGTGTAAGGTCC-1	1
NC_006609.4	7271459	7271535	GAAGGATGTTGGTTAG-1	2
NC_006609.4	7271459	7271642	GCCACACAGGCGCTAC-1	1
NC_006609.4	7271469	7271518	GTTGCCCGTTACATCC-1	1
NC_006609.4	7271485	7271665	CAATCCTGTCATCATC-1	1
NC_006609.4	7271528	7271907	TTAGCGGTCTAACCTT-1	1
NC_006609.4	7271535	7271645	GAAGGATGTTGGTTAG-1	1
NC_006609.4	7271540	7271717	GAGTAATAGTTATGTG-1	1
NC_006609.4	7271608	7271759	GGGTCACTCTAAATCG-1	1
NC_006609.4	7271624	7271880	AACTAGTGTAAGGTCC-1	1
NC_006609.4	7271627	7271987	GACACCGGTGAGCAAG-1	1
NC_006609.4	7271635	7271679	GAAGGAACAGCTAACC-1	1
NC_006609.4	7271655	7271689	TTGCGAGTCTGTAAGC-1	1
NC_006609.4	7271655	7272149	GGTTGAGCAATAATCC-1	1
NC_006609.4	7271665	7271881	GTTTATCTCCCTGATC-1	4
NC_006609.4	7271689	7271738	TCTCACCAGCTTAGTA-1	1
NC_006609.4	7271703	7271800	TATAACCCAGCTTACA-1	2
NC_006609.4	7271811	7271971	TCGCGCACACAATTAC-1	1
NC_006609.4	7271853	7271964	TGCGGTTCAAGCGATG-1	3
NC_006609.4	7271875	7272212	GCATTAGGTAATAGCT-1	1
NC_006609.4	7271937	7272002	TTGTTGCGTAAAGCAA-1	1
NC_006609.4	7271990	7272033	ACACTTAAGCCTGAGC-1	2
NC_006609.4	7271993	7272370	CCTTCAATCCTGGCTT-1	1
NC_006609.4	7272003	7272167	GGGTCACTCTAAATCG-1	1
NC_006609.4	7272027	7272056	AACCTCCTCGGGACTC-1	1
NC_006609.4	7272028	7272062	GTTCGCTTCGGTACGC-1	1
NC_006609.4	7272033	7272620	GGTATTGGTTGTCATC-1	1
NC_006609.4	7272049	7272240	AGAGATTAGGTGCGGA-1	1
NC_006609.4	7272090	7272262	GAGTAATAGTTATGTG-1	1
NC_006609.4	7272122	7272505	CCCAATTGTCACACCC-1	1
NC_006609.4	7272156	7272304	GCGCTAGGTAACAGGG-1	1
NC_006609.4	7272167	7272545	CCTATAGCATGTTTGG-1	1
NC_006609.4	7272180	7272267	ACTCGCTTCTTGAGCG-1	1
NC_006609.4	7272191	7272240	CCCGCTTCACTATGGC-1	1
NC_006609.4	7272194	7272243	TGATGACTCCTCCCTC-1	1
NC_006609.4	7272225	7272267	CATTCCTCATAGGCGA-1	1
NC_006609.4	7272262	7272418	CCAACATAGCAAGGTA-1	2
NC_006609.4	7272270	7272442	GGCCGTTAGGGCTTTG-1	1
NC_006609.4	7272349	7272480	GAACCAAAGGCGGATG-1	2
NC_006609.4	7272447	7272708	GCCTCAAAGTAAGTGG-1	2
NC_006609.4	7272511	7272606	CCGTTTGGTTGGCCGA-1	1
NC_006609.4	7272548	7272607	TTTGGTGCATTAGGTT-1	1
NC_006609.4	7272553	7272602	AGGATCCGTTGTGACA-1	2
NC_006609.4	7272574	7272629	CGCTCAGCAAGGTCCT-1	1
NC_006609.4	7272602	7272792	ACCGCAATCATTTGCT-1	1
NC_006609.4	7272611	7272670	GGAACTAAGGAACGGT-1	3
NC_006609.4	7272620	7272814	GGTATTGGTTGTCATC-1	3
NC_006609.4	7272654	7272975	GCCAATAGTTCAAGCA-1	2
NC_006609.4	7272714	7272911	GAGCATGCAGGCGAGT-1	1
NC_006609.4	7272723	7272872	CCAACCAAGCATGGTT-1	1
NC_006609.4	7272763	7272960	GACCTGCAGCTCAAAC-1	2
NC_006609.4	7272783	7272916	TCATTGCGTAGTTGGC-1	1
NC_006609.4	7272800	7273114	GAGGAGGCACAGCCTG-1	1
NC_006609.4	7272818	7273044	GGTTGCATCCATAATG-1	1
NC_006609.4	7272830	7273055	TTGCAGCCATTGCGGT-1	2
NC_006609.4	7272838	7273328	ACTCACCTCAGTGAAG-1	2
NC_006609.4	7272859	7273247	CGCTTACTCTTGAGCG-1	1
NC_006609.4	7272872	7272906	GACTTAGGTTTGGCTT-1	1
NC_006609.4	7272878	7273016	GGTAATTGTTAACACG-1	1
NC_006609.4	7272879	7273240	ACATTGCAGTTGGGCC-1	1
NC_006609.4	7272928	7273085	GGAGTGAGTCTTTGAC-1	1
NC_006609.4	7272937	7273077	GCCAGGTTCACAGGAA-1	1
NC_006609.4	7272942	7273141	TCAGGAGCATATAACC-1	1
NC_006609.4	7272954	7273342	TGAAGTGAGACTAAGG-1	3
NC_006609.4	7272975	7273021	GTTTGTAAGCCGGTAC-1	1
NC_006609.4	7272997	7273031	GTGTGTTAGTTGGCCA-1	2
NC_006609.4	7273016	7273147	ACATCATCATCAATCG-1	1
NC_006609.4	7273033	7273073	GTTTAGCAGCATGTCG-1	2
NC_006609.4	7273038	7273221	ATCGAGGCAGCCGCTA-1	3
NC_006609.4	7273041	7273109	AAGCGCTGTTCCATTA-1	1
NC_006609.4	7273053	7273124	GCCAATAGTAATCGCA-1	1
NC_006609.4	7273069	7273112	GCGCTTAAGGCTTAAC-1	1
NC_006609.4	7273090	7273234	CGAGGAAGTAGCCATA-1	1
NC_006609.4	7273103	7273274	TCTACTAGTCTTGCTG-1	1
NC_006609.4	7273114	7273146	ATTGCAGGTACGCGCA-1	1
NC_006609.4	7273119	7273447	ACCCAACCACAATACT-1	1
NC_006609.4	7273140	7273182	GCTGAGGAGCAACATC-1	2
NC_006609.4	7273192	7273247	TAGGCTAGTACCGAAC-1	1
NC_006609.4	7273232	7273332	ACTTATCTCCTGAATA-1	1
NC_006609.4	7273240	7273366	TAGTCAATCATGCTAA-1	1
NC_006609.4	7273265	7273310	AGGACGTAGTAACCAC-1	1
NC_006609.4	7273301	7273333	TCATCCATCTTAGCGG-1	1
NC_006609.4	7273313	7273842	TCGGTTACACCTATAG-1	1
NC_006609.4	7273326	7273364	CGAAGGCCATCCCGCT-1	2
NC_006609.4	7273334	7273589	CTTGAATCAGTCTATG-1	1
NC_006609.4	7273383	7273852	CAATGACTCTAACCTT-1	1
NC_006609.4	7273389	7273435	TCAGGTCCATTGCGTA-1	1
NC_006609.4	7273439	7273779	GCACGGTTCCGTGACA-1	1
NC_006609.4	7273465	7273744	CTTTGGTGTTGGCGTG-1	1
NC_006609.4	7273470	7273532	AGTGCCGGTCGTTACT-1	2
NC_006609.4	7273510	7273578	AGGATTGAGGCTGGCT-1	1
NC_006609.4	7273534	7273594	GTTGCATAGTAAGAAC-1	2
NC_006609.4	7273540	7273606	CTTAACAAGTAAGTGG-1	2
NC_006609.4	7273555	7273611	GGCTTCAAGAGAGGCT-1	2
NC_006609.4	7273578	7273606	GTAGGAGGTTGTAAAC-1	2
NC_006609.4	7273588	7273724	TCCATTGTCGTTAACA-1	1
NC_006609.4	7273594	7273849	GTTGCATAGTAAGAAC-1	2
NC_006609.4	7273645	7273832	ACGTCAAGTAATCGCA-1	1
NC_006609.4	7273645	7274001	GAACGAATCAGGCTAT-1	1
NC_006609.4	7273665	7274043	CTAAATGTCGCTAAGT-1	2
NC_006609.4	7273698	7273818	AATCATGTCTCCTCTT-1	2
NC_006609.4	7273698	7273878	GGATTTATCGTGCCTT-1	1
NC_006609.4	7273699	7274100	CTCTAAGCACAAAGGT-1	1
NC_006609.4	7273729	7273859	ACGTCCTTCAAGTGTC-1	1
NC_006609.4	7273735	7273876	TTCCCACAGCGAAGTA-1	1
NC_006609.4	7273766	7273799	CGTAGTTAGCCTGACA-1	1
NC_006609.4	7273770	7273840	TCAGCGATCAGGGCCT-1	2
NC_006609.4	7273783	7273883	CGTGCTTTCAAAGGCA-1	1
NC_006609.4	7273802	7273955	ATGCCTGAGGACTAAG-1	1
NC_006609.4	7273812	7273950	CATCATGCAGGAAGCC-1	1
NC_006609.4	7273817	7274001	AGCTTCCTCAAACCGT-1	2
NC_006609.4	7273820	7273864	GCTAACCCAGAGGGAG-1	2
NC_006609.4	7273847	7273880	CAAGCTAGTTCACTGT-1	1
NC_006609.4	7273854	7273888	ACTAATCCAATAACCT-1	1
NC_006609.4	7273869	7274001	GTCATGCCAGGAACCA-1	2
NC_006609.4	7273888	7273952	ACTTGAATCATCACTT-1	2
NC_006609.4	7273902	7273957	TCCATCATCGATTTGA-1	2
NC_006609.4	7273938	7274123	ACCAAGCGTCACCAAA-1	1
NC_006609.4	7273946	7274070	GGACCTCAGCATGAAG-1	1
NC_006609.4	7273955	7273979	TAGCAGGCAAGCGATG-1	2
NC_006609.4	7273957	7274151	CTAAGTCAGCACTTGG-1	1
NC_006609.4	7273982	7274143	ATGGCCGGTGATCAGC-1	4
NC_006609.4	7273990	7274502	ATCACACAGTTTCCGC-1	1
NC_006609.4	7273992	7274409	GTATTCAAGGACAATG-1	1
NC_006609.4	7274010	7274050	GGTATTGGTCCAAATG-1	1
NC_006609.4	7274036	7274115	CCCATAACATTCAGCA-1	1
NC_006609.4	7274036	7274455	GAGGCTACATCCTGAA-1	1
NC_006609.4	7274057	7274329	TTGGGCGGTCGCGCAA-1	2
NC_006609.4	7274059	7274084	GTCGAGGAGTGAGGTA-1	1
NC_006609.4	7274069	7274152	TTGGCTTGTAGCTGGT-1	1
NC_006609.4	7274070	7274388	TGCTCCGTCCTGGTCT-1	1
NC_006609.4	7274070	7274511	TACGTACAGCTGGCTA-1	1
NC_006609.4	7274076	7274107	ATATGGTGTATTCGTC-1	1
NC_006609.4	7274080	7274193	CGCCTCATCAAGACTC-1	1
NC_006609.4	7274089	7274165	CCAAGGCTCGATCAGT-1	4
NC_006609.4	7274091	7274266	CCGCTTAGTGGGTGAA-1	1
NC_006609.4	7274110	7274191	CCTTACTCAATATACC-1	1
NC_006609.4	7274117	7274165	AATTACCCACGGTACT-1	1
NC_006609.4	7274135	7274466	CGGTTTGAGCACGTTG-1	2
NC_006609.4	7274152	7274246	GAGAAACGTGGTGAGA-1	2
NC_006609.4	7274165	7274198	AGGTACGCATCCTAGA-1	4
NC_006609.4	7274198	7274366	ACTCCTCAGCGATACT-1	2
NC_006609.4	7274203	7274598	TAGTAGGAGTGACCTG-1	1
NC_006609.4	7274210	7274246	GCTGCAATCTCACTCA-1	1
NC_006609.4	7274223	7274423	AGCCTGGGTTTGGCGG-1	1
NC_006609.4	7274234	7274365	CTACAACAGACCATAC-1	2
NC_006609.4	7274235	7274397	GGGTTATTCTGTGCAG-1	1
NC_006609.4	7274304	7274347	CATTGCGAGGTAAGGC-1	1
NC_006609.4	7274347	7274744	GTTGCCCGTTACATCC-1	1
NC_006609.4	7274382	7274535	GAGTAATAGTTATGTG-1	2
NC_006609.4	7274398	7274455	GGTATTGGTTGTCATC-1	1
NC_006609.4	7274438	7274568	AGCATCCCATGAATCT-1	2
NC_006609.4	7274451	7274550	GTTCATTTCCCGCCTA-1	4
NC_006609.4	7274456	7274598	AGTTTGCAGGCGAATA-1	3
NC_006609.4	7274476	7274517	GATTCATCACACTAAT-1	1
NC_006609.4	7274480	7274693	AGACCCGGTTGGCCGA-1	1
NC_006609.4	7274492	7274570	CCGCTAGCAGTCTAGC-1	2
NC_006609.4	7274502	7274541	AGGCTAGCAGCATGTC-1	1
NC_006609.4	7274508	7274541	ACTTACTTCTCACTAT-1	1
NC_006609.4	7274535	7274572	GCCTGCTGTTGCGCGA-1	1
NC_006609.4	7274535	7274574	GCCTGCTGTTGCGCGA-1	1
NC_006609.4	7274537	7274748	TGCTGGATCGTTATCT-1	1
NC_006609.4	7274538	7274680	CATCATGCATTTGCTC-1	1
NC_006609.4	7274558	7274670	GGTGCTGGTAACCAGC-1	1
NC_006609.4	7274560	7274602	AGGCTAGCAGCATGTC-1	1
NC_006609.4	7274578	7274629	GTTGCTGAGCAGGTGG-1	2
NC_006609.4	7274602	7274859	GAGAAACGTGGTGAGA-1	1
NC_006609.4	7274612	7274712	GTTGCCCGTTACATCC-1	1
NC_006609.4	7274632	7274805	GGTCAGGAGTCATGCG-1	1
NC_006609.4	7274632	7274805	TGCAATATCTTTGAGA-1	1
NC_006609.4	7274671	7274818	TCTATGTTCCCTCAGT-1	1
NC_006609.4	7274698	7274805	CTTCGCGTCCTCAGCT-1	1
NC_006609.4	7274703	7274808	TCCATCATCGATCAGT-1	1
NC_006609.4	7274719	7274936	ATGTTCAAGCTTCTCA-1	1
NC_006609.4	7274728	7274859	ACCATAATCCTTAGTT-1	1
NC_006609.4	7274740	7274974	ATTCGTTTCAAACCGT-1	2
NC_006609.4	7274770	7274936	GCGCTAGGTAACAGGG-1	1
NC_006609.4	7274780	7274859	TTGCACACAACAGCCT-1	2
NC_006609.4	7274810	7274974	AACTAGTGTCACAAAT-1	1
NC_006609.4	7274857	7275182	TATTCGTTCCAGCACA-1	2
NC_006609.4	7274863	7275050	TTCGTTAGTAAGCACC-1	1
NC_006609.4	7274977	7275096	CCAGCTGCATGAGCAG-1	1
NC_006609.4	7274988	7275150	ATGCTTAAGCATGAAG-1	1
NC_006609.4	7275028	7275111	GCTGAGGAGCAACATC-1	1
NC_006609.4	7275157	7275195	AATTACCCACAATGCC-1	2
NC_006609.4	7275177	7275217	AAACCGGCAGCCAGAA-1	1
NC_006609.4	7275201	7275235	CATAATGTCTCCTCAA-1	1
NC_006609.4	7275216	7275504	CGTTAAATCCTAAGTA-1	2
NC_006609.4	7275229	7275446	CGTTAACAGGAACGGT-1	2
NC_006609.4	7275389	7275528	CCTTAGTGTGCTCACC-1	1
NC_006609.4	7275395	7275486	TGTTGGCCATTAAGTC-1	2
NC_006609.4	7275493	7275667	TTGTTTGGTCATAACG-1	1
NC_006609.4	7275564	7275734	GTTTGTCGTTCAAGAT-1	1
NC_006609.4	7275576	7275658	CTGTTAAAGTTTCCGC-1	1
NC_006609.4	7275576	7275803	AATTGTGTCTCAATGA-1	1
NC_006609.4	7275632	7275698	AACGCCCAGTAAGAAC-1	2
NC_006609.4	7275655	7275735	TACTGGCCACCTAAGC-1	1
NC_006609.4	7275665	7275791	ACCCAGGGTCTTGCTG-1	1
NC_006609.4	7275665	7275922	ACCCAGGGTCTTGCTG-1	2
NC_006609.4	7275702	7275854	ACGACAAAGTAGCGGG-1	1
NC_006609.4	7275730	7276020	GCGGTTGGTTCATTTG-1	1
NC_006609.4	7275754	7275951	GGACTAAAGTCAATCA-1	2
NC_006609.4	7275778	7275885	TAGGCTAGTACCGAAC-1	2
NC_006609.4	7275786	7275842	CCTTGTTCAGTAGCCT-1	1
NC_006609.4	7275826	7275884	GTCCATTGTGCGCGTA-1	2
NC_006609.4	7275837	7276003	CGAACCGGTCCTCCAA-1	1
NC_006609.4	7275842	7275872	TCTAGCCTCGCCTGTT-1	3
NC_006609.4	7275869	7276045	GCGCAAACACAGAAAC-1	2
NC_006609.4	7275906	7275952	ACTTACAAGTTAGCTA-1	2
NC_006609.4	7275914	7275959	ATTGAAGCAGTGAACG-1	1
NC_006609.4	7275952	7276072	TACTTGTTCAATCTCT-1	1
NC_006609.4	7275952	7276123	GCAAGTGCATGACTAT-1	3
NC_006609.4	7275952	7276145	TCGCTAACATGTTTGG-1	3
NC_006609.4	7275964	7276112	TCCGGAATCGGTAACT-1	1
NC_006609.4	7275992	7276169	ACCCAGGGTTAAGTGT-1	1
NC_006609.4	7276019	7276208	GGTTTCTGTTGCACGG-1	1
NC_006609.4	7276021	7276058	GCCTGACAGTTGCGTG-1	1
NC_006609.4	7276029	7276101	CGAATCTAGTGGCGGA-1	1
NC_006609.4	7276054	7276082	AGTAAACAGAGAGGCT-1	1
NC_006609.4	7276082	7276214	TGAACAACATTAAGCT-1	1
NC_006609.4	7276090	7276369	CGAATATGTAAAGCGG-1	1
NC_006609.4	7276094	7276254	AGGTTACTCTTGAGGT-1	1
NC_006609.4	7276096	7276139	AGGTTGCGTGCTCACC-1	4
NC_006609.4	7276101	7276380	CGAATCTAGTGGCGGA-1	1
NC_006609.4	7276104	7276190	TGTATCGCACCGGTAT-1	1
NC_006609.4	7276145	7276367	AACCCGCAGTAATCCA-1	1
NC_006609.4	7276147	7276226	AGGAACCAGGAACGGT-1	2
NC_006609.4	7276156	7276198	ATCACAATCGGCTAGC-1	1
NC_006609.4	7276156	7276198	CACTTTGTCGTTTCCA-1	2
NC_006609.4	7276156	7276198	TTGCGTCTCTACCTAT-1	1
NC_006609.4	7276189	7276624	ACTTGTAAGAAGCTAG-1	3
NC_006609.4	7276216	7276612	GGTAACTTCTACCTAT-1	1
NC_006609.4	7276244	7276423	TAGGTTATCGTGCCTT-1	1
NC_006609.4	7276302	7276351	AATTGGACAGGCGAGT-1	1
NC_006609.4	7276314	7276482	GGTCCGTAGCAGGCCT-1	2
NC_006609.4	7276363	7276477	TGCGCAGGTTACAAAC-1	1
NC_006609.4	7276383	7276560	CAGCATGTCGCTTGCT-1	1
NC_006609.4	7276393	7276496	CCTGGTAAGGACCAGG-1	1
NC_006609.4	7276393	7276503	AGTCAAGAGGTCCTAG-1	1
NC_006609.4	7276403	7276485	GGTCCGTAGAAGGTGC-1	2
NC_006609.4	7276423	7276476	GGGTTACGTGCATTAG-1	1
NC_006609.4	7276434	7276602	ATCAGGTTCTCACATT-1	2
NC_006609.4	7276469	7276634	CCATTGTGTGATGGCT-1	1
NC_006609.4	7276471	7276724	GAAAGGCTCGATTTAG-1	1
NC_006609.4	7276477	7276517	GTTACCTGTTATCCGT-1	1
NC_006609.4	7276485	7276655	GCGCTAGGTAACAGGG-1	3
NC_006609.4	7276487	7276667	CGTCCTAGTAGGTTAT-1	1
NC_006609.4	7276524	7276732	TCCCTCACATTATGCG-1	1
NC_006609.4	7276524	7276742	TCCCTCACATTATGCG-1	1
NC_006609.4	7276549	7276710	GCCACAATCCTCAGTC-1	3
NC_006609.4	7276556	7276910	TGGTGATTCAAACCTA-1	1
NC_006609.4	7276583	7276652	ACCCGTAAGGTCTTGG-1	2
NC_006609.4	7276612	7276967	ACGGTACGTTCGCTTG-1	1
NC_006609.4	7276627	7276797	CATGGATTCTTGATGA-1	1
NC_006609.4	7276660	7276881	GAGTGAGGTTTGCAGA-1	2
NC_006609.4	7276665	7276875	GCAGGTGAGTGGACAA-1	1
NC_006609.4	7276672	7276732	ACTATGTCAGGGAGGA-1	2
NC_006609.4	7276673	7276805	CGATTCCTCCCTCTAA-1	2
NC_006609.4	7276720	7276863	CGTCCTAGTAGGTTAT-1	2
NC_006609.4	7276754	7276830	ATCAATCCACGTGCTG-1	3
NC_006609.4	7276805	7276955	GTGCTGATCATGAGCT-1	1
NC_006609.4	7276805	7276962	GTGTCCAAGCCAGGTC-1	1
NC_006609.4	7276810	7276868	CGTTAACAGCTTAACA-1	1
NC_006609.4	7276836	7276876	TGGGCATGTTAGGACC-1	1
NC_006609.4	7276843	7277075	TGATGAACACCTGCTC-1	1
NC_006609.4	7276848	7276950	GGTCAAGCAATAACCT-1	2
NC_006609.4	7276879	7276915	GGTTCTTGTTGCACGG-1	1
NC_006609.4	7276881	7277207	TGCGATTAGGGATGAC-1	1
NC_006609.4	7276886	7276977	CAATAGCTCGACAAAG-1	1
NC_006609.4	7276886	7276977	TGAAGGATCCGGCTAA-1	1
NC_006609.4	7276891	7277028	GAGGAGGCAATATAGG-1	1
NC_006609.4	7276904	7277207	AAGACCAAGCCGCTTT-1	1
NC_006609.4	7276927	7277072	GCAGGTGAGTGGACAA-1	1
NC_006609.4	7276963	7277132	AGGTGAGGTGCAATGC-1	1
NC_006609.4	7276969	7277120	TGCGGTTCATAGACCC-1	1
NC_006609.4	7276972	7277028	GGATTCAGTTAATGCG-1	1
NC_006609.4	7276982	7277072	AGGTGAGGTTTGAGCA-1	1
NC_006609.4	7277078	7277427	TTTAAGGTCTGGTCCT-1	1
NC_006609.4	7277087	7277248	GCCTTAGAGCTCAAAC-1	1
NC_006609.4	7277091	7277353	ATTGGCTAGTCCTTCA-1	1
NC_006609.4	7277096	7277305	GATTCATCACACTAAT-1	2
NC_006609.4	7277108	7277242	TGTATCGCACCGGTAT-1	2
NC_006609.4	7277110	7277516	GTCTTGCTCACAGACT-1	2
NC_006609.4	7277186	7277371	TGGCGGTTCGGTCAGC-1	1
NC_006609.4	7277202	7277244	TAGGCTAGTCAGGCCA-1	1
NC_006609.4	7277242	7277457	GGCCTCTGTCATCCTG-1	1
NC_006609.4	7277252	7277370	AGGCAATCATCCCGCT-1	3
NC_006609.4	7277258	7277429	GCAGGTGAGTGGACAA-1	1
NC_006609.4	7277265	7277376	ACTATGTCACAAAGAC-1	4
NC_006609.4	7277269	7277312	CGTTTCTCACGAACAG-1	1
NC_006609.4	7277269	7277312	TAATTGCCACGAACAG-1	1
NC_006609.4	7277293	7277408	ATTAGTCCACCTATAG-1	1
NC_006609.4	7277376	7277852	AGGGCCTTCATGACCG-1	1
NC_006609.4	7277384	7277631	ACGTCCAAGTAAACCC-1	1
NC_006609.4	7277393	7277602	GGACCGAAGCATGTCG-1	4
NC_006609.4	7277448	7277627	CCCTCAGTCTAGCGAT-1	1
NC_006609.4	7277465	7277686	GCTAACCCAGGCTACT-1	1
NC_006609.4	7277493	7277733	GGCATTGTCCGGTTAG-1	2
NC_006609.4	7277511	7277588	CACGCAATCCGGAACC-1	4
NC_006609.4	7277512	7277575	AGCTTAATCACAGGAA-1	2
NC_006609.4	7277596	7278224	CACTAGCCACATAACT-1	1
NC_006609.4	7277616	7277661	CGTTTGGAGTAACTCA-1	1
NC_006609.4	7277627	7277691	ACTCACCTCAGTGAAG-1	2
NC_006609.4	7277656	7277823	TAGTAACGTTTGGGTA-1	1
NC_006609.4	7277656	7277955	TGCCATTGTGAACAAA-1	1
NC_006609.4	7277686	7277823	GTAAGCAAGGCAAGTA-1	1
NC_006609.4	7277686	7277864	GGTCAAGCAATAACCT-1	2
NC_006609.4	7277686	7278103	AGCCTAAGTGTTTGTC-1	1
NC_006609.4	7277691	7278169	ACTCACCTCAGTGAAG-1	1
NC_006609.4	7277702	7277746	CGTAACTAGCTCCCTG-1	2
NC_006609.4	7277731	7277830	CCGCAAGGTCATCAAG-1	3
NC_006609.4	7277739	7277943	TAAGTAGCAACACCTA-1	1
NC_006609.4	7277813	7277847	CGCTTAACACAATGTT-1	1
NC_006609.4	7277813	7278026	CTCTTGATCACTCAAA-1	1
NC_006609.4	7277825	7277867	TTGTGAGGTGATCAGC-1	1
NC_006609.4	7277912	7277946	CATTCCTCAGGATAAC-1	2
NC_006609.4	7277965	7278365	TATATCCTCATTACAG-1	1
NC_006609.4	7277967	7278120	CAATCTAAGCTATTAG-1	1
NC_006609.4	7277975	7278169	AGTCAAGAGGGCTAAA-1	2
NC_006609.4	7278026	7278189	CGCCACACACTAGGTC-1	1
NC_006609.4	7278030	7278067	ACCGAAGCACTAAGTT-1	3
NC_006609.4	7278069	7278289	AAGCTATGTCCCGAAG-1	1
NC_006609.4	7278072	7278189	CGCAATAGTCGTAATG-1	1
NC_006609.4	7278079	7278154	CCCAATTGTGTTTGTC-1	1
NC_006609.4	7278097	7278477	GCATTAGGTCTAACAG-1	1
NC_006609.4	7278132	7278176	GCTCATTGTTAAGCCA-1	1
NC_006609.4	7278137	7278469	AGAGATTAGGTGCGGA-1	1
NC_006609.4	7278154	7278389	GTGCCTTTCTTGCAGG-1	1
NC_006609.4	7278159	7278204	GGTCAATTCATAGACC-1	1
NC_006609.4	7278169	7278218	GTACTTCGTGGATGTC-1	1
NC_006609.4	7278169	7278231	TGCTCCGTCGATTTAG-1	1
NC_006609.4	7278170	7278207	CGCCACACAGGTCCTG-1	1
NC_006609.4	7278191	7278241	AGGCGGATCCACAATA-1	1
NC_006609.4	7278201	7278248	TGATCAGGTGCTAGCG-1	4
NC_006609.4	7278220	7278239	TGCCTGTTCCCATAGG-1	1
NC_006609.4	7278229	7278320	GTGTTACAGCGATACT-1	2
NC_006609.4	7278274	7278322	ATCATCAAGCGCATTG-1	2
NC_006609.4	7278283	7278327	TGTCCTGGTCGACTAA-1	1
NC_006609.4	7278321	7278351	CCGACAGGTGAAACAA-1	1
NC_006609.4	7278322	7278690	AATTCGTCACATTGCA-1	1
NC_006609.4	7278444	7278657	TTTCTTGCAGAACCGA-1	1
NC_006609.4	7278481	7278706	TACTGACAGTGAACAG-1	1
NC_006609.4	7278512	7278556	ATAACGACAATAATCC-1	2
NC_006609.4	7278516	7278585	TTAGCTGCAAGGATTA-1	1
NC_006609.4	7278536	7278595	CATCACACACTAAGCC-1	1
NC_006609.4	7278538	7278566	CGCAATTAGTGAACAG-1	1
NC_006609.4	7278554	7278582	CATCAATCAACGTGCT-1	2
NC_006609.4	7278590	7278828	GCCAATAGTTCAAGCA-1	1
NC_006609.4	7278601	7278780	GGTCTTTGTTGTTCAC-1	1
NC_006609.4	7278617	7278775	TCCATAAAGGGTTAGA-1	3
NC_006609.4	7278641	7278686	TAGGTGCGTGATCATG-1	1
NC_006609.4	7278659	7278712	ATTAGTCCACCCACAG-1	1
NC_006609.4	7278677	7278712	CAGATTCAGCATGACT-1	3
NC_006609.4	7278699	7278857	AAGGAAGCAAGTAAGC-1	1
NC_006609.4	7278712	7278788	GAGGTTAAGCTATTAG-1	1
NC_006609.4	7278726	7278818	TGAAACTGTGGTTAGC-1	1
NC_006609.4	7278731	7279079	TCATACTTCAATCATG-1	2
NC_006609.4	7278736	7278803	CACAGGGAGCAACATC-1	2
NC_006609.4	7278762	7278792	AATGAAGGTGATTACG-1	4
NC_006609.4	7278762	7279272	GTTCTTGTCAAGTGTC-1	1
NC_006609.4	7278764	7278828	CAGTATGGTCAATGTG-1	1
NC_006609.4	7278775	7278980	ACATCATCAACTAACT-1	1
NC_006609.4	7278780	7278934	CTATGGCCACTGGCTG-1	3
NC_006609.4	7278780	7278991	GATAATCGTTAGGTTG-1	2
NC_006609.4	7278816	7278862	GATGAGGGTTGCGGAT-1	2
NC_006609.4	7278818	7278889	CCAACCCGTCACGAAC-1	1
NC_006609.4	7278830	7279033	TCTCGCCCAAGCCACT-1	3
NC_006609.4	7278903	7279043	TATCACGCACCGGCTA-1	1
NC_006609.4	7278903	7279064	GAGTCAAAGGACCTTG-1	1
NC_006609.4	7278909	7278945	CTTGAATCACATACTG-1	1
NC_006609.4	7278924	7279289	GGTTGCTCATCCATCT-1	3
NC_006609.4	7278937	7279012	CAAGTGAAGCTTGCTC-1	2
NC_006609.4	7278937	7279018	GACAATACAATTAGGA-1	1
NC_006609.4	7278963	7279220	CAATGACTCTAACCTT-1	2
NC_006609.4	7279017	7279052	AGGTTGCGTGCTCCAC-1	1
NC_006609.4	7279019	7279186	TTTGCGGAGAGCCGCT-1	3
NC_006609.4	7279111	7279191	TACCGTTGTTTAACCC-1	1
NC_006609.4	7279144	7279205	CAATATGTCCGGAACC-1	2
NC_006609.4	7279156	7279254	AGAATCTGTAATCGTG-1	1
NC_006609.4	7279162	7279247	GTCCTCAGTCCTTAGT-1	1
NC_006609.4	7279162	7279378	TGTTGGCCATTAAGTC-1	1
NC_006609.4	7279175	7279348	TTTGTTGGTAGCAGCT-1	1
NC_006609.4	7279190	7279253	AAGGATCCAGGGAGCT-1	1
NC_006609.4	7279203	7279440	AACAGCAAGGACCTTG-1	1
NC_006609.4	7279214	7279390	TTACACCGTAAGTCGC-1	1
NC_006609.4	7279218	7279242	CCATCATGTTCAAGAT-1	1
NC_006609.4	7279223	7279282	TCATGTTTCGCCTAAG-1	2
NC_006609.4	7279248	7279285	GACCTGATCATCCTAT-1	3
NC_006609.4	7279253	7279325	TTATAGCCACGTTACA-1	2
NC_006609.4	7279253	7279388	GATTCGCCAACGTGCT-1	1
NC_006609.4	7279254	7279305	TACCGTTGTTTAACCC-1	1
NC_006609.4	7279272	7279440	CTTTGTCCACACCAAC-1	1
NC_006609.4	7279272	7279454	CGGTTTGAGCACGTTG-1	2
NC_006609.4	7279275	7279395	GGTGCTGGTGGTGAGA-1	1
NC_006609.4	7279275	7279433	GATGACTTCGTTAAGC-1	1
NC_006609.4	7279277	7279535	ACGCCTAAGAGCCGGA-1	1
NC_006609.4	7279295	7279503	TACTGCACACCTAAGC-1	2
NC_006609.4	7279333	7279506	CCAGCCTGTCAGTAAT-1	1
NC_006609.4	7279333	7279506	TACGCTTGTGGCTTCC-1	1
NC_006609.4	7279343	7279390	ATGATGGAGCCTGACA-1	2
NC_006609.4	7279354	7279416	TGGGCATGTTAGGACC-1	1
NC_006609.4	7279374	7279449	GTACCGGGTAATCCCT-1	1
NC_006609.4	7279390	7279551	GTTCCCAGTTTGCTGT-1	1
NC_006609.4	7279396	7279604	TATTGACCAGGTCCTG-1	1
NC_006609.4	7279412	7279499	AAGCGTTTCACTAATG-1	2
NC_006609.4	7279416	7279449	TACCGTTGTTTAACCC-1	2
NC_006609.4	7279436	7279924	CTCAATAAGTTGGGCC-1	4
NC_006609.4	7279450	7279574	CGCTTAACACTCAACA-1	2
NC_006609.4	7279454	7279513	CTTAAGATCGTTTCTG-1	1
NC_006609.4	7279454	7279684	CGGTTTGAGCACGTTG-1	1
NC_006609.4	7279454	7279869	CACCTGTTCCGCATGA-1	1
NC_006609.4	7279463	7279904	TAGGTGCGTTTCCGGC-1	1
NC_006609.4	7279491	7279800	GCGAGTGAGATGCCTG-1	1
NC_006609.4	7279513	7279558	AAGACATAGGATTGCT-1	2
NC_006609.4	7279516	7280063	TGCCATTGTTAAATGC-1	2
NC_006609.4	7279530	7279685	TGTGGCTCACAAACTT-1	1
NC_006609.4	7279533	7280072	CCAGGAACAAGGTATA-1	1
NC_006609.4	7279540	7279662	AGTAACGAGACCATAC-1	1
NC_006609.4	7279551	7279624	ACGCAAGCATCAGTAT-1	1
NC_006609.4	7279588	7279628	TATATCCTCATTACAG-1	2
NC_006609.4	7279588	7280065	ATGCATTCAGTAGGAT-1	1
NC_006609.4	7279591	7279751	TGCGATTAGGACCGCT-1	1
NC_006609.4	7279604	7279659	CTAATCGCAAGCTAAA-1	1
NC_006609.4	7279620	7279690	ACTTGAATCTTGCATT-1	1
NC_006609.4	7279643	7279713	AAGGTGCAGAGGGACT-1	2
NC_006609.4	7279659	7279786	CGTAGTTAGCGCCTTT-1	1
NC_006609.4	7279660	7279830	GAGTTACTCTAAATCG-1	1
NC_006609.4	7279667	7279843	GGGAATATCCTAGTTT-1	2
NC_006609.4	7279685	7279843	GGTATTGGTTGTCATC-1	1
NC_006609.4	7279697	7279906	GCGAAGTAGGCGGGTA-1	4
NC_006609.4	7279702	7279792	TCTTGACGTTTGCGAA-1	1
NC_006609.4	7279707	7279763	GCCTTGCGTGGGTACT-1	1
NC_006609.4	7279708	7279901	CAGGGTGAGATGCCTG-1	2
NC_006609.4	7279732	7279768	AGAACAAGTACTGATG-1	1
NC_006609.4	7279739	7279787	GGGCCTAGTAGGATCC-1	4
NC_006609.4	7279742	7280101	GTTGTTGCATCGCTTT-1	1
NC_006609.4	7279758	7279810	AATTGCTCATCCGTAA-1	1
NC_006609.4	7279769	7279820	CCAAGTTAGCTGAGGG-1	2
NC_006609.4	7279769	7279825	CGAAGAATCATGCTAA-1	1
NC_006609.4	7279769	7280151	ACGATTCAGGGTCTAT-1	1
NC_006609.4	7279777	7279868	GCAGGTGAGGATTGCT-1	2
NC_006609.4	7279792	7280022	CCCTCACCACCGGCTA-1	1
NC_006609.4	7279802	7279962	TCGGTTTGTTGCGCGA-1	1
NC_006609.4	7279807	7279884	CCCGCAACAGCTACGT-1	1
NC_006609.4	7279810	7279877	TAGGCTGTCAGGAAGC-1	2
NC_006609.4	7279816	7279906	GGGTATTTCCGTTATT-1	2
NC_006609.4	7279832	7279889	CCGTTATGTTGAAGCC-1	1
NC_006609.4	7279835	7279877	ACTCACTGTCATCCTG-1	1
NC_006609.4	7279840	7279877	AGGCCCAGTGTTTGTC-1	1
NC_006609.4	7279848	7279884	AAGTTAGCACAATGCC-1	1
NC_006609.4	7279848	7279908	ATATGCTCAGCCAGTT-1	2
NC_006609.4	7279853	7280288	AGGTGAATCGCAATCG-1	1
NC_006609.4	7279884	7279935	CTCGACAAGCTTGCTC-1	1
NC_006609.4	7279897	7279969	TAGGCTAGTCAGGCCA-1	1
NC_006609.4	7279899	7279973	TGAAGGATCAATAGCC-1	2
NC_006609.4	7279901	7279935	GTATTGATCCGCACAA-1	2
NC_006609.4	7279906	7279995	TAGTGAGAGTAATCCA-1	1
NC_006609.4	7279924	7280003	TTGCTCTCAAGCTTTG-1	2
NC_006609.4	7279924	7280271	GATTACGGTGGTGAGA-1	2
NC_006609.4	7279935	7279990	GCCTCAAAGTAAGTGG-1	3
NC_006609.4	7279957	7279990	TACTCGCTCCAATTAG-1	2
NC_006609.4	7279988	7280251	TAGGCTAGTCAGGCCA-1	1
NC_006609.4	7280035	7280386	CAAGTGAAGTTCCCAC-1	2
NC_006609.4	7280046	7280074	AATTTCCTCCGCTAGA-1	1
NC_006609.4	7280048	7280075	ACGAAGTCACTAAGTT-1	1
NC_006609.4	7280048	7280269	CTTGACGAGCTGAGGG-1	1
NC_006609.4	7280051	7280075	CTTCATCCACCGGTAT-1	1
NC_006609.4	7280056	7280215	TAGCCTGAGAAGGTGC-1	1
NC_006609.4	7280065	7280461	GGGCGAATCCAGGGAG-1	1
NC_006609.4	7280067	7280237	ACCACACCAGCAAGTG-1	1
NC_006609.4	7280070	7280294	CTCAATAAGTTGGGCC-1	1
NC_006609.4	7280075	7280334	GTTCCCAGTTTGCTGT-1	1
NC_006609.4	7280075	7280356	GGAAGCTAGGTAACGA-1	2
NC_006609.4	7280083	7280139	CCAACATAGCTCCTTA-1	1
NC_006609.4	7280083	7280139	TGTGGCGGTGCTTACT-1	1
NC_006609.4	7280083	7280149	AGCGCTCAGAGGGACT-1	1
NC_006609.4	7280179	7280251	GCAAACTTCTTAGCCC-1	2
NC_006609.4	7280186	7280529	GCTTCGCGTTAACAGT-1	1
NC_006609.4	7280191	7280367	GGTTGCTCATCCATCT-1	1
NC_006609.4	7280222	7280263	TACATCAAGTTAGGCT-1	2
NC_006609.4	7280244	7280294	TCCGGTAAGGTTAGAG-1	1
NC_006609.4	7280244	7280399	TGACTCCTCTAACCAA-1	1
NC_006609.4	7280244	7280607	GGCGTTATCCTTAATC-1	2
NC_006609.4	7280251	7280314	ACCGGCTAGCGATACT-1	1
NC_006609.4	7280256	7280392	AAGGTGCAGGCTATGT-1	1
NC_006609.4	7280269	7280338	CGCACCACATTAGCGC-1	1
NC_006609.4	7280271	7280308	AGGTAACCACAAAGAC-1	1
NC_006609.4	7280271	7280327	TACAGGTTCGGTCAAT-1	1
NC_006609.4	7280277	7280356	AGGTCCGGTCGCAAAC-1	1
NC_006609.4	7280277	7280541	TGCATGAGTGAGCAAG-1	1
NC_006609.4	7280280	7281114	GGCTGTCAGCTACTGG-1	3
NC_006609.4	7280293	7280356	GCCTATTGTGACATGC-1	1
NC_006609.4	7280302	7280356	TTCGGTACAGCATTAT-1	1
NC_006609.4	7280323	7280454	TATTTGCTCCTTAGGG-1	1
NC_006609.4	7280331	7280392	AGAGGATGTAGCCATA-1	1
NC_006609.4	7280337	7280392	AGTAATCGTCACCAAA-1	1
NC_006609.4	7280338	7280385	GCCCGTTGTTCCGGGA-1	1
NC_006609.4	7280376	7280454	CCTGGTAAGAGGAGGA-1	1
NC_006609.4	7280382	7280520	TCTTCAAGTCAAGTAT-1	1
NC_006609.4	7280386	7280433	ATCTATGAGATAGACG-1	1
NC_006609.4	7280392	7280620	AGTAATCGTCACCAAA-1	1
NC_006609.4	7280397	7280998	ACCCGTAAGCGGCTGT-1	1
NC_006609.4	7280407	7280462	GTAGTTATCGGGACCT-1	1
NC_006609.4	7280415	7280473	GCTCTGTTCGTCCTTA-1	1
NC_006609.4	7280461	7280534	CACCGGTAGGCCCAGT-1	1
NC_006609.4	7280467	7280500	TGGCCATCACATTAAC-1	2
NC_006609.4	7280476	7281001	TACCTGCTCCCGCCTA-1	1
NC_006609.4	7280484	7280852	ACATTAGTCAGGAACA-1	2
NC_006609.4	7280489	7280522	CTTCAAGCAATTTAGC-1	1
NC_006609.4	7280495	7280607	GTTCCCAGTTTGCTGT-1	1
NC_006609.4	7280528	7280809	AAGCTATGTCCCGAAG-1	4
NC_006609.4	7280529	7280718	AGAGATTAGGTGCGGA-1	1
NC_006609.4	7280530	7280595	TAACCGGTCACTAGGT-1	2
NC_006609.4	7280534	7280793	GATTCCTGTAGCTGCG-1	1
NC_006609.4	7280536	7280656	AATTGCCAGATGGACA-1	1
NC_006609.4	7280548	7280592	GTACAATGTGATGAGG-1	1
NC_006609.4	7280548	7280592	GTCGAGGAGCCTAACG-1	1
NC_006609.4	7280548	7280622	GGCCTAATCCTCACTA-1	1
NC_006609.4	7280553	7280600	CAATGACTCTAACCTT-1	1
NC_006609.4	7280560	7280602	CGTGAGGAGTTATCTC-1	2
NC_006609.4	7280571	7280685	GTTAAGCTCTTGGATA-1	2
NC_006609.4	7280578	7280621	TTGATGTCAAACAACA-1	1
NC_006609.4	7280580	7280860	TGTTACTTCCCGTTTA-1	1
NC_006609.4	7280590	7280636	CAAATCATCGAAGTGA-1	1
NC_006609.4	7280592	7280676	TTCAGTTTCCTCAGTC-1	1
NC_006609.4	7280595	7280637	TGCTTTAGTCATAACG-1	1
NC_006609.4	7280602	7280660	CGATATTCACATTGCA-1	1
NC_006609.4	7280602	7280698	TTATAGCCAACTAGCC-1	1
NC_006609.4	7280608	7280700	ACCATAATCCTTAGTT-1	1
NC_006609.4	7280611	7280803	GTCTAATCACTAAGAA-1	1
NC_006609.4	7280611	7280998	GGTCAAGCAATAACCT-1	1
NC_006609.4	7280613	7280650	CTAATCGCAATGCCTA-1	2
NC_006609.4	7280613	7281045	TTGATGTCAAACAACA-1	1
NC_006609.4	7280621	7280648	GTGTAACTCGTAATCA-1	1
NC_006609.4	7280621	7280700	GACTTACAGGTTTACA-1	3
NC_006609.4	7280621	7280716	TTGATGTCAAACAACA-1	1
NC_006609.4	7280630	7280674	CTTATGTTCGTTACAA-1	1
NC_006609.4	7280637	7281131	TTCAGCACAATGCGCT-1	1
NC_006609.4	7280642	7280685	TATCCGGAGCGATACT-1	3
NC_006609.4	7280642	7280852	TAGGAGGGTGCTAGCG-1	1
NC_006609.4	7280642	7280973	CTTTATGGTACCTTAC-1	3
NC_006609.4	7280642	7281250	TTGCTCTCACCTGCCT-1	2
NC_006609.4	7280652	7280998	ACGCTTGAGGGTGGAT-1	1
NC_006609.4	7280656	7280690	CGCAATAGTTAGAGGG-1	3
NC_006609.4	7280668	7281056	GTTTAGCAGGCTGGCT-1	1
NC_006609.4	7280668	7281326	TGTTATGAGAAAGCAT-1	1
NC_006609.4	7280670	7280991	GCAAACAAGGCAATAG-1	2
NC_006609.4	7280674	7280755	GGAGCGATCGCTCACT-1	1
NC_006609.4	7280674	7280760	TGGGCATGTTAGGACC-1	1
NC_006609.4	7280674	7280838	GTTCTTGTCTAGCTAA-1	3
NC_006609.4	7280674	7281045	GCATTAGGTTAGTGAT-1	3
NC_006609.4	7280687	7280803	GTATCGCCACCAACCG-1	1
NC_006609.4	7280698	7280757	CAGGTGGAGATGGAGC-1	1
NC_006609.4	7280698	7280866	TACCCGGCATATTGAC-1	1
NC_006609.4	7280700	7280781	TGACTTAAGCTTAGCG-1	1
NC_006609.4	7280700	7280852	GGTATTGGTTGTCATC-1	1
NC_006609.4	7280708	7281254	ATATGGTGTGATCATG-1	1
NC_006609.4	7280719	7280803	CTTGGACCACGAATTT-1	2
NC_006609.4	7280730	7280791	GATTATGTCATTAGTG-1	2
NC_006609.4	7280731	7281250	GAGTGATCACTAAGAA-1	1
NC_006609.4	7280748	7280830	TGGTGCATCGTTTCGC-1	2
NC_006609.4	7280750	7281056	ACGCCTTTCGCTCCAT-1	2
NC_006609.4	7280752	7281232	TTAGCGGTCGTTTCTG-1	1
NC_006609.4	7280755	7280866	GAGTGTTTCATTAGCA-1	1
NC_006609.4	7280755	7281250	TGCGATTAGTCTGGGC-1	2
NC_006609.4	7280766	7280852	GGTCTTTGTTCACCCA-1	1
NC_006609.4	7280766	7280859	TACCTCATCTCGACCT-1	1
NC_006609.4	7280766	7280860	TAGCCTGAGGCAACAA-1	3
NC_006609.4	7280766	7280869	TCGCATTGTAGTTAAC-1	1
NC_006609.4	7280766	7281268	GTCCTCAGTTAGGCTA-1	1
NC_006609.4	7280771	7280886	CGGTTCCGTCACACCC-1	2
NC_006609.4	7280773	7280934	AGCTTTAAGCCTGTGA-1	1
NC_006609.4	7280786	7280879	ACCATAATCTGTTCAT-1	1
NC_006609.4	7280793	7281321	GGCAAATCACCTGCCT-1	1
NC_006609.4	7280796	7280852	TATGGGCGTAGTAAGA-1	1
NC_006609.4	7280803	7280857	ACCTGGATCATCCTAT-1	1
NC_006609.4	7280803	7280857	AGCTTTAAGTGAGAGC-1	1
NC_006609.4	7280803	7280860	TGCTTCCAGGTGCTGC-1	1
NC_006609.4	7280803	7280867	GTAAAGCCACCTCGCT-1	1
NC_006609.4	7280803	7280867	TTGTTCCCAGCTTAGC-1	1
NC_006609.4	7280808	7280860	CTTAATGAGAGAAGGG-1	1
NC_006609.4	7280810	7280852	CCTTGTTCATAAGTTC-1	5
NC_006609.4	7280810	7280955	TGCCTGTTCCCATAGG-1	1
NC_006609.4	7280819	7280883	CTTTAGTTCGCCTGTT-1	2
NC_006609.4	7280842	7280877	AGGTCATTCTACTAAG-1	1
NC_006609.4	7280850	7280912	CGGGTCTAGCGCCTAA-1	1
NC_006609.4	7280852	7280998	GGCCTCTGTTATCCTA-1	1
NC_006609.4	7280852	7280998	GGTCTTTGTTCACCCA-1	1
NC_006609.4	7280876	7280927	ATCTATGAGATAGACG-1	1
NC_006609.4	7280876	7281196	ACGCCTAAGCCTAATA-1	1
NC_006609.4	7280895	7280953	ACCCTGTTCATAAGCC-1	2
NC_006609.4	7280904	7281063	GCATTAGGTCTAACAG-1	1
NC_006609.4	7280917	7281566	CTGAAACTCACAGACT-1	2
NC_006609.4	7280927	7281115	AGAGATTAGGTGCGGA-1	1
NC_006609.4	7280939	7280988	AGTAAACAGGAGCACG-1	1
NC_006609.4	7280944	7280988	GAACCTGTCCGCCTCA-1	1
NC_006609.4	7280961	7281003	AGCATCCCATGAATCT-1	1
NC_006609.4	7280961	7281013	TCCCTGGTCTAGCTAA-1	1
NC_006609.4	7280966	7281013	GGCATTGTCCATTACT-1	2
NC_006609.4	7280971	7281268	CCTAATCGTCACCAAA-1	2
NC_006609.4	7280971	7281349	GCAGGTGAGTGTTGCG-1	1
NC_006609.4	7280971	7281587	AAACCGCGTGTTGTAG-1	1
NC_006609.4	7280983	7281045	TCTAAGGGTCCAAGAC-1	2
NC_006609.4	7280989	7281032	GCAATGTTCGTTTCGC-1	2
NC_006609.4	7280990	7281123	AGGAGCTAGACAACAG-1	2
NC_006609.4	7280998	7281036	GCTGGTTCATTAAGTC-1	3
NC_006609.4	7280998	7281054	GTAAGCAAGGCAAGTA-1	1
NC_006609.4	7280998	7281056	GCTCAACCACGAATTT-1	1
NC_006609.4	7280998	7281250	CGCAATCCACGTGCTG-1	3
NC_006609.4	7280998	7281337	GGGTGAAGTAATAGCT-1	3
NC_006609.4	7280998	7281358	AAAGCTTGTGTTGTGA-1	1
NC_006609.4	7281001	7281347	TTCATTCAGCGCCTTT-1	4
NC_006609.4	7281001	7281386	GGCCTAATCAATGTGC-1	1
NC_006609.4	7281001	7281538	GCAGGAAGTTGTCCAT-1	2
NC_006609.4	7281003	7281061	AACAGCAAGTAAGTCC-1	1
NC_006609.4	7281003	7281729	TCAACAATCCGTCCAT-1	1
NC_006609.4	7281008	7281366	CCTAAGTAGAAACTGG-1	1
NC_006609.4	7281015	7281180	TTTGACTTCAGAAACG-1	2
NC_006609.4	7281019	7281083	CCTATATTCGCTCACT-1	4
NC_006609.4	7281032	7281078	GGCATTGTCACCATTT-1	3
NC_006609.4	7281032	7281125	GCCTTACTCACAGGAA-1	1
NC_006609.4	7281032	7281162	CAGTATGGTTTATGGG-1	1
NC_006609.4	7281032	7281329	ATAGCATGTGCTCCAC-1	1
NC_006609.4	7281032	7281515	AGTGGACAGTGAGGTA-1	1
NC_006609.4	7281033	7281083	TCTCACCAGCATGCAT-1	1
NC_006609.4	7281033	7281427	CGTCATTGTTACAAAC-1	1
NC_006609.4	7281033	7281498	GATCAGGCAAAGCTAA-1	2
NC_006609.4	7281033	7281501	AGCAAATAGCTATGAC-1	1
NC_006609.4	7281034	7281081	TGGTCAGTCGGTTACG-1	1
NC_006609.4	7281045	7281567	AAGCTATGTCATCCTG-1	1
NC_006609.4	7281047	7281240	CCCTAATGTCGAAGTC-1	2
NC_006609.4	7281049	7281255	CTTCAATTCCTAAGAC-1	1
NC_006609.4	7281051	7281358	CACAGGGAGTTATTCC-1	2
NC_006609.4	7281056	7281251	CCATCATGTATTGGTG-1	1
NC_006609.4	7281056	7281398	ACTTAGGGTTCCTGAT-1	2
NC_006609.4	7281061	7281226	ACGCTTGAGCGAGGTG-1	1
NC_006609.4	7281068	7281216	CTATGAGGTTCGGTAA-1	3
NC_006609.4	7281073	7281411	AATACCGGTGCTCCAC-1	1
NC_006609.4	7281075	7281347	TGTAAGCTCCAAATCA-1	1
NC_006609.4	7281091	7281138	GTAGTTATCAAGCTTA-1	2
NC_006609.4	7281091	7281324	AGACAATAGCCGGTAC-1	1
NC_006609.4	7281110	7281472	TGAGAACCATTATGCG-1	1
NC_006609.4	7281114	7281163	GGGATTAAGAGGAGGA-1	1
NC_006609.4	7281114	7281171	TATATCCTCGAAGTGA-1	1
NC_006609.4	7281114	7281227	GGTCCGTAGTCATTTC-1	2
NC_006609.4	7281123	7281326	ACGCAAGCATTTAAGC-1	2
NC_006609.4	7281125	7281561	GGTGTCCAGCATTATG-1	1
NC_006609.4	7281128	7281348	GCATTGCCACTAAGTT-1	2
NC_006609.4	7281130	7281216	CGAGGTGAGGGCCATC-1	1
NC_006609.4	7281130	7281339	GGCTCACAGGCTTAGT-1	1
NC_006609.4	7281137	7281242	TCCCGTTAGAATCTCA-1	1
NC_006609.4	7281138	7281359	CCATAAATCATTGACA-1	1
NC_006609.4	7281138	7281471	AGAGATTAGGTGCGGA-1	1
NC_006609.4	7281149	7281337	AATGCAACAATGAATG-1	1
NC_006609.4	7281149	7281627	CCTATAGCAAAGGCCA-1	1
NC_006609.4	7281164	7281214	GGCATTAGTTGGCGTG-1	1
NC_006609.4	7281166	7281204	GTATTGATCCGCACAA-1	1
NC_006609.4	7281171	7281475	ACGCAAGCAGCTAACC-1	1
NC_006609.4	7281172	7281614	AGATGCTTCGTGCCTT-1	2
NC_006609.4	7281173	7281216	TGGTGCATCACACAGT-1	2
NC_006609.4	7281176	7281227	CTGTGTGAGTAGCGGG-1	1
NC_006609.4	7281180	7281347	TCACATAAGCTCCTAC-1	1
NC_006609.4	7281180	7281422	ACAGCCGGTAACTACG-1	2
NC_006609.4	7281181	7281427	CATCCTCAGGCCATCA-1	1
NC_006609.4	7281188	7281454	GTTGTTGCAAATACCT-1	2
NC_006609.4	7281190	7281232	GGTACAAAGGTCTTGG-1	1
NC_006609.4	7281192	7281263	AGTTGCGTCATTTGCT-1	1
NC_006609.4	7281192	7281358	CTTTAGTTCGCCTGTT-1	1
NC_006609.4	7281196	7281454	CCTAAGGTCGCCTAAG-1	1
NC_006609.4	7281202	7281265	AGTCTTGCAGTCTATG-1	1
NC_006609.4	7281202	7281349	CGACCTGCATAAAGCA-1	1
NC_006609.4	7281202	7281351	CCTCAATGTGCGCATG-1	2
NC_006609.4	7281204	7281250	CGGTTTGAGAGGGACT-1	2
NC_006609.4	7281204	7281258	ACAGGAATCATGCTTT-1	1
NC_006609.4	7281204	7281329	CTTCACTCATTGTTGG-1	1
NC_006609.4	7281204	7281345	AAGCGCTGTGCCGCAA-1	1
NC_006609.4	7281204	7281391	ACAGTATGTGCGCGTA-1	1
NC_006609.4	7281209	7281263	CTTAGGAGTAGCTGCG-1	1
NC_006609.4	7281210	7281292	CACAGGCTCATTATGG-1	1
NC_006609.4	7281210	7281361	GAGTGAGGTGAAACAA-1	2
NC_006609.4	7281210	7281384	TCATGCCTCACAAGCT-1	3
NC_006609.4	7281214	7281237	TCGTGCTTCAAACCTA-1	1
NC_006609.4	7281216	7281324	ATGAGCCGTCACAGAC-1	1
NC_006609.4	7281220	7281572	CGTGCACAGGCAAGTA-1	1
NC_006609.4	7281221	7281275	GGTCAATTCAATCATG-1	2
NC_006609.4	7281221	7281400	TCCGCCATCAGCACGC-1	1
NC_006609.4	7281221	7281406	CATTATCTCCGCCAAA-1	1
NC_006609.4	7281222	7281256	TACGCACCACTTCATC-1	2
NC_006609.4	7281225	7281268	GATCGCTCAGGATAAC-1	1
NC_006609.4	7281225	7281437	AAGAATCAGGAGTCTT-1	1
NC_006609.4	7281225	7281464	GAGTGTTTCCGCATGA-1	1
NC_006609.4	7281227	7281255	GCAAGTCGTGATGGCT-1	1
NC_006609.4	7281227	7281265	ACTCAGTAGTGAACGA-1	1
NC_006609.4	7281227	7281268	CCTATAGCATTATGCG-1	2
NC_006609.4	7281227	7281343	TGGCTAAGTTATCCGT-1	2
NC_006609.4	7281227	7281358	GGCTGTCAGCTTAACA-1	1
NC_006609.4	7281227	7281395	TAGGCTTAGGCGGGTA-1	2
NC_006609.4	7281227	7281663	ATGAGCCGTCACAGAC-1	2
NC_006609.4	7281232	7281270	TAAGCCTAGACAACGA-1	1
NC_006609.4	7281232	7281358	GCCATTACAATAATGG-1	4
NC_006609.4	7281237	7281400	TAACCTAAGGTTTGCG-1	2
NC_006609.4	7281237	7281625	GTATCGCCAAGGTAAC-1	3
NC_006609.4	7281240	7281273	CTCCAACTCGTAACGT-1	1
NC_006609.4	7281240	7281307	CATTTGTTCATTGTCT-1	1
NC_006609.4	7281240	7281329	CAAAGTGAGTTTGGTA-1	2
NC_006609.4	7281240	7281503	GTAGGAGGTTGTAAAC-1	2
NC_006609.4	7281242	7281282	TCTTGACGTCAAAGAA-1	1
NC_006609.4	7281242	7281324	AGTTGGCGTAACTACG-1	1
NC_006609.4	7281242	7281324	GCATTAGGTCGTTATC-1	1
NC_006609.4	7281242	7281386	AGTCCTTGTTAGTGAT-1	1
NC_006609.4	7281244	7281303	CGGTTTGAGTGTTGTA-1	2
NC_006609.4	7281245	7281321	CGAGGTGAGGGCCATC-1	2
NC_006609.4	7281245	7281321	TCCGCCATCGTCAAGT-1	2
NC_006609.4	7281245	7281321	TTAGTCAAGCCTTAAA-1	2
NC_006609.4	7281245	7281324	GGTTCTTGTTACAAAC-1	1
NC_006609.4	7281249	7281497	TGCTTGCTCATCCTCA-1	1
NC_006609.4	7281250	7281303	TAGGTGCGTCTAGCTT-1	1
NC_006609.4	7281250	7281316	TAGGTGCGTCTAGCTT-1	2
NC_006609.4	7281250	7281324	CCATAAGGTCAGGCCA-1	2
NC_006609.4	7281250	7281329	GCGCCTTGTTACATCC-1	1
NC_006609.4	7281250	7281346	GTGCTCAAGCCTGAGC-1	2
NC_006609.4	7281250	7281351	AGTAATCGTCATGAGC-1	1
NC_006609.4	7281250	7281358	GTTCTTGTCTAAGGTC-1	1
NC_006609.4	7281250	7281368	GCTCACAAGGAAACTG-1	1
NC_006609.4	7281250	7281400	GCTGACCAGCTATTAG-1	1
NC_006609.4	7281250	7281411	TTACACCGTATTGGAT-1	2
NC_006609.4	7281250	7281502	GAGGCTTGTGGTTCTT-1	2
NC_006609.4	7281250	7281552	AGCAATACAGCTACGT-1	1
NC_006609.4	7281252	7281396	AATGAAGGTCATCATC-1	1
NC_006609.4	7281254	7281321	GCGTGCTAGGTCCACA-1	2
NC_006609.4	7281254	7281346	GTTGTTGCAGCTAATT-1	2
NC_006609.4	7281254	7281522	GGAACCTGTTAGCTGA-1	2
NC_006609.4	7281254	7281788	TACGTAATCATAGACC-1	1
NC_006609.4	7281255	7281405	AGGAACCAGTAGGATG-1	1
NC_006609.4	7281255	7281682	CGTAACCCACCTGTAA-1	1
NC_006609.4	7281258	7281330	CAGGGTGAGGTCATTA-1	1
NC_006609.4	7281258	7281358	TGAGTTTCACTAAATC-1	1
NC_006609.4	7281262	7281308	GCTGTGCAGTTAGCCG-1	1
NC_006609.4	7281263	7281321	AGTTGCGTCATTTGCT-1	1
NC_006609.4	7281263	7281356	TTGTCAAAGTGAGCGG-1	1
NC_006609.4	7281263	7281359	TCAAGACTCTATTGTC-1	1
NC_006609.4	7281263	7281364	CGAATCTAGCCTGATG-1	1
NC_006609.4	7281263	7281391	CTCTCACAGGTCGATT-1	1
NC_006609.4	7281263	7281401	TAACCGGTCGGGATTT-1	3
NC_006609.4	7281263	7281463	TTTAGGATCTTGCAGG-1	1
NC_006609.4	7281263	7281477	TGACTCCTCGCACACA-1	1
NC_006609.4	7281263	7281566	TCCGCCATCTTGCAAA-1	1
NC_006609.4	7281264	7281358	TCCTCTAAGGGTGAAC-1	1
NC_006609.4	7281265	7281329	GTACTTCGTACTTCAC-1	2
NC_006609.4	7281265	7281347	TCAGGTTAGCGGTTAT-1	2
NC_006609.4	7281265	7281401	ATTGGTTCATAGCAGG-1	1
NC_006609.4	7281265	7281401	CGAATATGTAAAGCAA-1	1
NC_006609.4	7281265	7281427	TACCGTTGTCTCAGCC-1	1
NC_006609.4	7281265	7281568	ATAGGTACAGAAACGT-1	1
NC_006609.4	7281265	7281620	ATGTTCAAGCGCATTG-1	1
NC_006609.4	7281265	7281737	GTTGTGAGTGCATTAG-1	1
NC_006609.4	7281268	7281303	ATGACCAGTACCGGAT-1	2
NC_006609.4	7281268	7281308	ACCAGGGAGAACCTAC-1	1
NC_006609.4	7281268	7281349	GAGGCCTTCAGGGCCT-1	1
NC_006609.4	7281268	7281351	ATACCTGCAGGTATTT-1	2
NC_006609.4	7281268	7281358	AAATCCGGTCATGCAA-1	1
NC_006609.4	7281268	7281391	TAGTAAGCACAGGATG-1	1
NC_006609.4	7281268	7281401	TCTCACCAGCATGCAT-1	1
NC_006609.4	7281268	7281484	CATCCTCAGCACTTGG-1	1
NC_006609.4	7281270	7281321	CGCCTCATCCCTGATC-1	1
NC_006609.4	7281271	7281331	CAAGGTTTCGCCTGTT-1	1
NC_006609.4	7281272	7281665	ATATAGGCAATAAGCA-1	1
NC_006609.4	7281273	7281319	AATCCATCACTAAGTT-1	1
NC_006609.4	7281273	7281400	ATATGCTCAGTAGGTG-1	1
NC_006609.4	7281273	7281463	TTTGTCTAGGGACGCA-1	1
NC_006609.4	7281273	7281501	CCTTCGTAGGGTGAGT-1	1
NC_006609.4	7281273	7281614	CGCTTACTCCGCATGA-1	1
NC_006609.4	7281275	7281346	ACCCTGTTCATAACTG-1	1
NC_006609.4	7281275	7281358	TGAGCAAAGGCATGAA-1	1
NC_006609.4	7281275	7281361	GCCAACATCCTTCTAG-1	1
NC_006609.4	7281275	7281432	ATCCATAAGTGATTCA-1	1
NC_006609.4	7281276	7281371	GCGGATACAGGTTACC-1	1
NC_006609.4	7281282	7281328	CGATTATCATGCAACC-1	2
NC_006609.4	7281282	7281347	GTTTGTAAGCTACTGG-1	1
NC_006609.4	7281282	7281400	CCTAAGGTCTAAGTGC-1	6
NC_006609.4	7281287	7281324	CCTGACTTCTTTAAGG-1	1
NC_006609.4	7281287	7281418	ACTTACAAGGATAAAC-1	1
NC_006609.4	7281287	7281534	AAGGTATAGCAAGGGT-1	1
NC_006609.4	7281290	7281347	CTACTAAAGTAAAGGT-1	2
NC_006609.4	7281292	7281358	GCACGCTAGGCTTAGT-1	1
NC_006609.4	7281293	7281406	CCATAAGGTAGCTAGC-1	2
NC_006609.4	7281303	7281358	TTATCCTAGCATGGTT-1	1
NC_006609.4	7281303	7281366	GGTTATGGTCACACCC-1	1
NC_006609.4	7281303	7281368	CTACCTCAGTTAGGCT-1	1
NC_006609.4	7281303	7281386	TCGTAATCAGTTAGCC-1	1
NC_006609.4	7281303	7281401	GATGGACAGCACGATT-1	1
NC_006609.4	7281303	7281406	CCTAGTTGTTTCCTCC-1	1
NC_006609.4	7281303	7281411	GGTAACCGTAATCCCT-1	2
NC_006609.4	7281303	7281428	CAGCTATAGTGACCTG-1	2
NC_006609.4	7281303	7281609	CCCAATTGTCTCACTG-1	1
NC_006609.4	7281303	7281779	AAACCGCGTTATCGAG-1	3
NC_006609.4	7281308	7281349	GAACACAAGACACCGC-1	1
NC_006609.4	7281308	7281351	TACTGAGGTATACTGG-1	1
NC_006609.4	7281308	7281389	AACTAGTGTAAGGTCC-1	1
NC_006609.4	7281308	7281432	GGTTGGTGTAAGGTCC-1	1
NC_006609.4	7281308	7281449	AGCCTAAGTATGGTGC-1	3
NC_006609.4	7281308	7281501	GAAGGATGTTGGTTAG-1	2
NC_006609.4	7281313	7281400	GTGTCCAAGTTTGCGG-1	1
NC_006609.4	7281316	7281358	TCCTTTACATTGTTGG-1	1
NC_006609.4	7281316	7281359	GCTGTGATCATAGACC-1	3
NC_006609.4	7281316	7281379	GTAAGCGCAGCATGTC-1	1
NC_006609.4	7281316	7281544	TTGTGCCTCTAACCAA-1	2
NC_006609.4	7281319	7281484	CTAAGTCAGAGGAAGG-1	1
NC_006609.4	7281321	7281347	CAGCATTAGCAGCTAT-1	1
NC_006609.4	7281321	7281356	AGCACTAGTAGTTAAC-1	2
NC_006609.4	7281321	7281358	CATATCGCAGTAAAGC-1	1
NC_006609.4	7281321	7281371	GCTTCGCGTTAACAGT-1	1
NC_006609.4	7281321	7281375	ACAGGTAAGGGATTAG-1	1
NC_006609.4	7281321	7281375	CTATAACCATCGCTCC-1	1
NC_006609.4	7281321	7281384	TTTGTCCCACTAGCGT-1	1
NC_006609.4	7281321	7281427	CGCAATCCACGTGCTG-1	2
NC_006609.4	7281321	7281428	CGAGCTGGTCCTTCAG-1	1
NC_006609.4	7281321	7281439	CCGCAAGGTTGGATCA-1	1
NC_006609.4	7281321	7281544	TCCTCAATCTGGTCCT-1	1
NC_006609.4	7281321	7281567	GACCTGATCCAATTAG-1	2
NC_006609.4	7281324	7281358	ATATAGGCACGGTTTA-1	1
NC_006609.4	7281324	7281358	GAGGCTACATCCTGAA-1	1
NC_006609.4	7281324	7281385	CCTCAAACAGCCGCTA-1	1
NC_006609.4	7281324	7281391	CGAGCTGGTCAAAGGG-1	2
NC_006609.4	7281324	7281395	TATGGATGTGCAACTA-1	2
NC_006609.4	7281324	7281484	GTCGCAATCCAAGTGT-1	2
NC_006609.4	7281324	7281546	GAGGCTTGTGAGGTGA-1	1
NC_006609.4	7281326	7281368	AGCCTAAGTGGTGAGA-1	2
NC_006609.4	7281326	7281386	GCTTACCTCATTAGTG-1	2
NC_006609.4	7281326	7281395	CACTGACCAAATACCT-1	1
NC_006609.4	7281329	7281377	GTGCTGGGTGTCCAAA-1	2
NC_006609.4	7281329	7281402	CGCAATGTCCTCCCTC-1	1
NC_006609.4	7281329	7281454	AAACAGCCAGTCTAGC-1	1
NC_006609.4	7281329	7281609	AATATCCCAAACTAAG-1	2
NC_006609.4	7281329	7281685	ACAGGTAAGCGCCTAA-1	1
NC_006609.4	7281330	7281375	CAACCCTTCTAAGGAG-1	2
NC_006609.4	7281330	7281390	GGCGGTAAGTGAAGTG-1	2
NC_006609.4	7281331	7281400	CAATCCCTCCTTAGGG-1	1
NC_006609.4	7281337	7281401	CTAGTGAGTGGATTCA-1	2
NC_006609.4	7281337	7281461	AGCGCCTAGGTGCGGA-1	1
NC_006609.4	7281337	7281561	CGGACAACACAGGAAT-1	1
NC_006609.4	7281338	7281707	ATTACTGAGGCTAGAA-1	1
NC_006609.4	7281339	7281427	ATGGCTGTCCCTTGCG-1	1
NC_006609.4	7281339	7281454	CATTTGTTCGATATTG-1	2
NC_006609.4	7281343	7281371	AATGTCATCTTGCAGG-1	1
NC_006609.4	7281343	7281401	AAAGCTTGTTAGTACG-1	1
NC_006609.4	7281343	7281449	ACAGGTAAGCGCCTAA-1	2
NC_006609.4	7281344	7281416	AAGCTATGTTAATCGG-1	1
NC_006609.4	7281344	7281424	AAAGCTTGTGTTGCAA-1	1
NC_006609.4	7281344	7281571	CTAGTCGAGAGCAAGC-1	1
NC_006609.4	7281346	7281385	AAGCCTCCAGCATGGA-1	1
NC_006609.4	7281347	7281411	CATAATGTCCGTTAAA-1	1
NC_006609.4	7281347	7281421	GAGCCTTCAAGTTATC-1	1
NC_006609.4	7281347	7281445	GAGCATGCAACCTAAT-1	1
NC_006609.4	7281347	7281465	TTGATGTCACAGACTC-1	1
NC_006609.4	7281347	7281568	AGATGCTTCGTGCCTT-1	1
NC_006609.4	7281348	7281386	ACAGCGCTCCAGGTTG-1	2
NC_006609.4	7281348	7281459	CAGGTCCAGCGGATTT-1	1
NC_006609.4	7281348	7281463	GTCATCCTCGTTATCT-1	1
NC_006609.4	7281349	7281400	CTTGGACCAGGTTAAA-1	2
NC_006609.4	7281349	7281400	GACACCGGTGATGATT-1	4
NC_006609.4	7281349	7281400	TTAAAGGCACAAAGCG-1	2
NC_006609.4	7281349	7281401	TTGGCTGAGGGTCCAC-1	1
NC_006609.4	7281349	7281406	TTGTCAAAGACTTATG-1	2
NC_006609.4	7281349	7281422	TACTGAGGTAGGATCC-1	2
NC_006609.4	7281349	7281427	GACTATTCAGGAACAT-1	2
NC_006609.4	7281349	7281435	GCGAAGTAGGAAACTG-1	1
NC_006609.4	7281349	7281612	AGCCTCCGTGCTGGTG-1	1
NC_006609.4	7281349	7281625	GTCGCAATCCCGCATT-1	1
NC_006609.4	7281351	7281411	AAACAGCCAAGGTATA-1	1
NC_006609.4	7281351	7281416	TCACTGACAACAGGTG-1	1
NC_006609.4	7281351	7281427	GCTCCTTAGGTTACGT-1	1
NC_006609.4	7281351	7281474	AGGATGCAGTTGCCTC-1	3
NC_006609.4	7281351	7281663	CCTTGTTCATAGACTT-1	1
NC_006609.4	7281351	7281754	TTTGCATTCAAGCCTG-1	1
NC_006609.4	7281356	7281395	TAGGCTTAGGAGCAAC-1	1
NC_006609.4	7281356	7281400	TATCGAGGTGCAATGC-1	1
NC_006609.4	7281356	7281416	CCTAAATCAAATGCCC-1	1
NC_006609.4	7281356	7281422	GTAGCTGTCCCGTTGT-1	1
NC_006609.4	7281356	7281429	GGTGTGACAAGGAATC-1	1
NC_006609.4	7281356	7281429	TCGATTAAGGATTGCT-1	1
NC_006609.4	7281356	7281458	GCCTGTGCACAGCCAT-1	1
NC_006609.4	7281356	7281475	CTTAACAAGTAAGTGG-1	1
NC_006609.4	7281356	7281562	AGGTAACCAATGAGGT-1	1
NC_006609.4	7281356	7281619	TGTCCTTCAATAATGG-1	1
NC_006609.4	7281356	7281624	CCGCTAGCAAAGCGCA-1	2
NC_006609.4	7281356	7281649	CAAATCATCCGCCAAA-1	1
NC_006609.4	7281357	7281740	TGCGGTTCAACCTGGT-1	1
NC_006609.4	7281358	7281391	AACCTCCTCATGGTGT-1	2
NC_006609.4	7281358	7281401	ATATAGGCAATAAGCA-1	1
NC_006609.4	7281358	7281401	CTTTGTCCACCTGGTG-1	1
NC_006609.4	7281358	7281401	GGCCGTTAGCCATCAG-1	1
NC_006609.4	7281358	7281401	TTCCACGGTGTGCAAC-1	2
NC_006609.4	7281358	7281406	CCTTCAATCCGGTTGA-1	2
NC_006609.4	7281358	7281406	TCCTCACAGGACCTGC-1	4
NC_006609.4	7281358	7281413	CGGCAATGTATTGAGT-1	1
NC_006609.4	7281358	7281413	TGTTGTAAGAATCGCT-1	1
NC_006609.4	7281358	7281444	ACTCCTCAGCATCCAG-1	1
NC_006609.4	7281358	7281476	AAAGCAAGTTTGTCTA-1	1
NC_006609.4	7281358	7281523	TTCAGCACAGCTTAAT-1	2
NC_006609.4	7281358	7281543	ACAGGTAAGGGATTAG-1	1
NC_006609.4	7281358	7281543	ATCACTAAGACAAGTG-1	1
NC_006609.4	7281358	7281562	GCGGGTTTCTTGCTAT-1	1
NC_006609.4	7281358	7281625	AGAAACTAGTAGCGCC-1	1
NC_006609.4	7281358	7281685	TCTAACTTCTGCAACG-1	1
NC_006609.4	7281358	7281690	ACTATCCGTACTGATG-1	2
NC_006609.4	7281358	7281718	TCGATTAAGGATTGCT-1	1
NC_006609.4	7281358	7281877	ACGAGTAAGGAAGCTA-1	2
NC_006609.4	7281359	7281401	GCTTTCATCAGGTCCA-1	1
NC_006609.4	7281359	7281416	CCTTTAGTCCAGCACA-1	1
NC_006609.4	7281359	7281538	TGGCCAATCGTCAAGT-1	1
NC_006609.4	7281359	7281561	TCGCTAACATGTTTGG-1	1
NC_006609.4	7281361	7281395	AGGATTGAGTCCTGAG-1	1
NC_006609.4	7281361	7281406	GAGCTAGCAGGGAGCT-1	1
NC_006609.4	7281361	7281432	CCGGTTAAGGTGTCCA-1	1
NC_006609.4	7281361	7281454	TGGTAAACACCCTCAC-1	2
NC_006609.4	7281361	7281562	CGTAGTTAGGTAGCTT-1	2
NC_006609.4	7281361	7281568	ATAGGTACAGAAACGT-1	2
NC_006609.4	7281361	7281661	CATAAGCTCGGTAACT-1	2
NC_006609.4	7281361	7281675	TCAAGAACAATACTGT-1	1
NC_006609.4	7281363	7281454	CTAGGCGGTCGCGCAA-1	1
NC_006609.4	7281363	7281459	TACCTGCTCTCATCAT-1	3
NC_006609.4	7281363	7281552	AGTCTTGCAATTATGC-1	1
NC_006609.4	7281363	7281714	GTGCGGTTCAGCTAAC-1	1
NC_006609.4	7281364	7281416	GGTGCTGGTTGCATCT-1	1
NC_006609.4	7281364	7281726	TGGCCAATCGTCAAGT-1	1
NC_006609.4	7281366	7281400	AGTGAACCAGCTCATA-1	1
NC_006609.4	7281366	7281413	GCTCAACCACAATACT-1	1
NC_006609.4	7281366	7281416	GCTAATATCCCTCTAA-1	1
NC_006609.4	7281366	7281612	TCCAGGATCTCCTCTT-1	1
NC_006609.4	7281368	7281427	ATTGCACAGGTTAGAG-1	1
NC_006609.4	7281368	7281432	TCGCGCACAATACTGT-1	1
NC_006609.4	7281368	7281449	CGAGTCGGTTGGTGAC-1	1
NC_006609.4	7281368	7281454	GGTCTTGAGCATGCAT-1	1
NC_006609.4	7281369	7281416	CGCTTCTAGTAAGTGG-1	1
NC_006609.4	7281369	7281454	CCCTCAGTCTTAGTGA-1	1
NC_006609.4	7281369	7281454	CTGATCACACATAGCC-1	2
NC_006609.4	7281369	7281454	TTACCGTGTTACCGGG-1	1
NC_006609.4	7281369	7281463	TTTGGTGCAACTGGCT-1	1
NC_006609.4	7281371	7281416	GGTTCTTGTATTGCAG-1	1
NC_006609.4	7281371	7281624	CGCCACACAGGTCCTG-1	3
NC_006609.4	7281375	7281413	CCTAAGCCAAGCCACT-1	2
NC_006609.4	7281375	7281416	CAATAAGCAGCAAGGC-1	1
NC_006609.4	7281375	7281432	AGAATCGAGGATCACT-1	1
NC_006609.4	7281375	7281552	TTATTGCTCGTTAGTA-1	2
NC_006609.4	7281375	7281562	CTTACTAGTTAACACG-1	1
NC_006609.4	7281375	7281562	TCTTGACGTTAGGTTG-1	3
NC_006609.4	7281375	7281606	CCTTAACGTGGGAACA-1	1
NC_006609.4	7281375	7281624	AGTGGACAGTGAGGTA-1	1
NC_006609.4	7281375	7281659	AAGGTCAAGAAAGGAA-1	1
NC_006609.4	7281376	7281441	CATCACACATGTTTGG-1	1
NC_006609.4	7281377	7281432	GAGGTTAAGGATCCGC-1	1
NC_006609.4	7281377	7281454	ATGTCAATCCTAAGTA-1	1
NC_006609.4	7281377	7281454	GGGTGAAGTTACCTGT-1	1
NC_006609.4	7281379	7281461	CCTTAACGTACCGGAT-1	1
NC_006609.4	7281381	7281552	TTTGTCTAGTTAGTTG-1	2
NC_006609.4	7281384	7281427	CGTCAATAGGTTTGAC-1	1
NC_006609.4	7281384	7281465	TTTGTGGCATAACGGG-1	1
NC_006609.4	7281384	7281557	CTCCGGACACCTGCCT-1	1
NC_006609.4	7281384	7281560	ATCACTAAGTGAGGGT-1	1
NC_006609.4	7281384	7281718	CCTGGTAAGTTATCTC-1	1
NC_006609.4	7281384	7281737	ATGTGAGAGCTTGCTC-1	1
NC_006609.4	7281385	7281422	CAATATGTCCGGAACC-1	2
NC_006609.4	7281385	7281438	TGTAAGCTCCAAATCA-1	1
NC_006609.4	7281385	7281459	GAGAGGCGTGAGCAAG-1	1
NC_006609.4	7281386	7281407	GCTGTGATCAGCAAGA-1	2
NC_006609.4	7281386	7281416	GATAATCGTGCTTAGA-1	1
NC_006609.4	7281386	7281421	TCATTGTTCAGGAAGC-1	1
NC_006609.4	7281386	7281422	AACATAGCAAGGCCAA-1	3
NC_006609.4	7281386	7281427	GACTAATGTGAGGTAG-1	1
NC_006609.4	7281386	7281439	GGGTCAACAGGAAGCC-1	1
NC_006609.4	7281386	7281454	TCCTTAGTCAAACTCA-1	1
NC_006609.4	7281386	7281459	CAGGCTATCCCTGGTT-1	1
NC_006609.4	7281386	7281479	GGTAGGAGTCAAAGAA-1	1
NC_006609.4	7281386	7281490	CAGGCTATCCAGGTTG-1	1
NC_006609.4	7281386	7281501	GACACCGGTGATGATT-1	3
NC_006609.4	7281386	7281503	GATAAAGGTTCCTCCT-1	2
NC_006609.4	7281386	7281546	GAGTCATTCGAGGAGT-1	1
NC_006609.4	7281386	7281610	ATGTTCAAGGACCTCA-1	1
NC_006609.4	7281386	7282259	ACGAGTAAGATGGAGC-1	1
NC_006609.4	7281389	7281432	GCGTGCTAGTAAGAAC-1	2
NC_006609.4	7281389	7281432	TGGACGGAGGGTGAAC-1	1
NC_006609.4	7281389	7281454	GGCCTTCGTTCCATTA-1	1
NC_006609.4	7281389	7281464	ACTTATGAGGCAGGTG-1	4
NC_006609.4	7281389	7281552	AATGAAGGTCATCATC-1	1
NC_006609.4	7281389	7281606	AGCAATACAGGCTACT-1	2
NC_006609.4	7281389	7281986	TAACCGGTCCCTCACG-1	1
NC_006609.4	7281390	7281606	GAGTGAGGTCTAACAG-1	2
NC_006609.4	7281390	7281607	TCTCAATTCTTGGACG-1	1
NC_006609.4	7281390	7281612	CAATCCTGTAATGGAA-1	1
NC_006609.4	7281391	7281427	TGATCACAGACAGGTA-1	3
NC_006609.4	7281391	7281479	CAGGCTGGTTTGAGGC-1	2
NC_006609.4	7281391	7281517	GAGTGTTTCATGCTTT-1	1
NC_006609.4	7281391	7281715	AACATCATCCTTAAGA-1	1
NC_006609.4	7281393	7281533	GCCTACTTCCAAGTGT-1	1
NC_006609.4	7281395	7281465	TTGGATCAGTTCCCAC-1	1
NC_006609.4	7281395	7281475	TAATGGACACGGTACT-1	1
NC_006609.4	7281395	7281501	CTCCCTGAGCGAGCGA-1	2
NC_006609.4	7281395	7281538	GATAATCGTGATTTGG-1	3
NC_006609.4	7281395	7281538	GCAGGAAGTGCTTTAC-1	1
NC_006609.4	7281395	7281551	TTAACTGAGCAAGGTA-1	1
NC_006609.4	7281395	7281607	GCTAAGAAGTCATGCG-1	1
NC_006609.4	7281395	7281607	TTGGATTCAATTGACT-1	1
NC_006609.4	7281395	7281624	GCCCAAATCGCACACA-1	1
NC_006609.4	7281395	7281690	GAGAGGCGTGAGCAAG-1	1
NC_006609.4	7281396	7281599	GAGAAACGTGGTGAGA-1	1
NC_006609.4	7281398	7281610	GACCTGATCCAATTAG-1	1
NC_006609.4	7281400	7281432	GCAGGACCAACGTGCT-1	1
NC_006609.4	7281400	7281449	AGCAGGTAGCAGCTAT-1	1
NC_006609.4	7281400	7281449	AGGCCCAGTGCGCAAT-1	2
NC_006609.4	7281400	7281461	GTGGCTTCAATTTAGC-1	1
NC_006609.4	7281400	7281461	TAGTAAGCAATAACGA-1	1
NC_006609.4	7281400	7281461	TATATCCTCATTACAG-1	2
NC_006609.4	7281400	7281463	ATCCTTAGTGGGTGAA-1	3
NC_006609.4	7281400	7281497	TGAGTTTCAGGAACAT-1	1
NC_006609.4	7281400	7281528	ATTGAAGCAACTAGGG-1	1
NC_006609.4	7281400	7281556	TTTGTGAAGTTGTCCC-1	1
NC_006609.4	7281400	7281561	CCTTGTTCAACCCTCC-1	3
NC_006609.4	7281400	7281624	TACTGACAGTGAACAG-1	1
NC_006609.4	7281400	7281632	GCCTCAAAGCCACAAT-1	1
NC_006609.4	7281400	7281633	GGGCATTGTCATAGAT-1	1
NC_006609.4	7281400	7281663	GTTAAGTGTCTAACAG-1	1
NC_006609.4	7281401	7281432	GACCGTTCATTAGCCA-1	1
NC_006609.4	7281401	7281437	TGATCAGGTATTCGTC-1	1
NC_006609.4	7281401	7281439	GTAGTTATCTTGAGCG-1	2
NC_006609.4	7281401	7281439	GTGTGTTAGTTGGCCA-1	2
NC_006609.4	7281401	7281449	ACGCCACAGTTATGGC-1	2
NC_006609.4	7281401	7281449	TACTTGTTCCGCCTAT-1	1
NC_006609.4	7281401	7281453	GCAAACTTCGATTCTT-1	1
NC_006609.4	7281401	7281454	CAACAATGTCAATAGT-1	1
NC_006609.4	7281401	7281454	CTTTGTCCACCTGGTG-1	1
NC_006609.4	7281401	7281454	GAACCTGTCACACAGT-1	3
NC_006609.4	7281401	7281454	GTACTGGTCTTCAATC-1	1
NC_006609.4	7281401	7281454	TCGTAATCAGTAAAGC-1	1
NC_006609.4	7281401	7281459	CTACAACAGGTTACGT-1	1
NC_006609.4	7281401	7281461	AACTGTTCAGGTTACC-1	3
NC_006609.4	7281401	7281461	CCGCAAGGTTGGATCA-1	1
NC_006609.4	7281401	7281480	TATCCAGCAGGTTATT-1	1
NC_006609.4	7281401	7281491	AAGGTATAGGCGAATA-1	1
NC_006609.4	7281401	7281528	CCTTACTCAATTAGGA-1	1
NC_006609.4	7281401	7281528	GTCAGGCTCGCCTGTT-1	3
NC_006609.4	7281401	7281546	AACGACAAGCATGTCG-1	3
NC_006609.4	7281401	7281546	CCTCAGTTCGGCTAGC-1	2
NC_006609.4	7281401	7281546	GCTTACCTCCTAATTC-1	1
NC_006609.4	7281401	7281562	GGTCAATTCAAAGGCA-1	1
NC_006609.4	7281401	7281566	GCTTTCATCAGGTCCA-1	1
NC_006609.4	7281401	7281581	GGCCTAATCATAACTG-1	1
NC_006609.4	7281401	7281602	ATGTGAGAGCTTGCTC-1	3
NC_006609.4	7281401	7281604	CGTTAGGTCCTTAAGA-1	2
NC_006609.4	7281401	7281607	TATAACCCACCTCACC-1	2
NC_006609.4	7281401	7281625	ACACTAATCACTTTAC-1	2
NC_006609.4	7281401	7281625	GGATGAATCATGAGCT-1	2
NC_006609.4	7281401	7281632	ATCTATGAGCGGATAA-1	1
NC_006609.4	7281401	7281690	TTCACTGTCCCGAACA-1	1
NC_006609.4	7281405	7281449	CGGTGAGAGACAACGA-1	1
NC_006609.4	7281405	7281463	AGGAACCAGTAGGATG-1	1
NC_006609.4	7281406	7281449	GTATCGCCAAAGCTCC-1	2
NC_006609.4	7281406	7281454	CATAGACTCAATGTCA-1	1
NC_006609.4	7281406	7281454	CGAAGAATCGGGCCAT-1	1
NC_006609.4	7281406	7281454	CGCATATAGCTCAATA-1	1
NC_006609.4	7281406	7281489	ACCCAGGGTTAGAGGG-1	1
NC_006609.4	7281406	7281490	CTGACATAGTGAGGGT-1	1
NC_006609.4	7281406	7281612	TTCGTTAGTGTTTGTC-1	1
NC_006609.4	7281406	7281625	TTTGCGGAGGTTAGAG-1	1
NC_006609.4	7281406	7281656	GTGCGGTTCAGCTAAC-1	1
NC_006609.4	7281406	7281690	GTGCTCCGTTCGGTAA-1	3
NC_006609.4	7281407	7281449	GAGTTACTCACCGGTA-1	1
NC_006609.4	7281407	7281463	TTTGGTGCATGCTTAG-1	2
NC_006609.4	7281408	7281445	ACATTGCAGTTTGCGG-1	1
NC_006609.4	7281411	7281449	TATAGCTCACTAGCGT-1	1
NC_006609.4	7281411	7281453	CACAGGGAGTAAGGGC-1	1
NC_006609.4	7281411	7281454	TAACCGGTCTAATTGG-1	3
NC_006609.4	7281411	7281454	TCAAGCTAGATGGACA-1	1
NC_006609.4	7281411	7281561	GTGCTTCTCCTCCATA-1	1
NC_006609.4	7281411	7281624	GTGCTCCGTTCGGTAA-1	1
NC_006609.4	7281411	7281705	AAACCAACATATTGAC-1	1
NC_006609.4	7281411	7281737	TCGCGCACACAAACTT-1	2
NC_006609.4	7281411	7282433	GCTTAGTAGCTGGCTA-1	1
NC_006609.4	7281413	7281556	TCAAGAACATAATCGT-1	1
NC_006609.4	7281416	7281449	ACGATTCAGTAAACCC-1	1
NC_006609.4	7281416	7281451	TCGTGCTTCTAGCTTT-1	2
NC_006609.4	7281416	7281454	CGGTAACGTGATTACG-1	2
NC_006609.4	7281416	7281454	TCTAGCCTCGGTCAAT-1	1
NC_006609.4	7281416	7281454	TTAGGCGTCCTTTACG-1	1
NC_006609.4	7281416	7281458	TCCCGTTAGGTTACGT-1	1
NC_006609.4	7281416	7281459	ATGACGAAGTATCGCG-1	3
NC_006609.4	7281416	7281463	AGAGGATGTAGCCATA-1	1
NC_006609.4	7281416	7281550	GAGTGTTTCATCCTAT-1	1
NC_006609.4	7281416	7281561	AGTCCTGAGGAACACA-1	2
NC_006609.4	7281416	7281561	CTTGACGAGTGCACGC-1	1
NC_006609.4	7281416	7281568	CCTATTTAGGACAACA-1	1
NC_006609.4	7281416	7281625	CGAAGCCTCTGTGAGT-1	1
NC_006609.4	7281416	7281627	GCATTAGGTGGATTAT-1	1
NC_006609.4	7281416	7281663	CACCAACCATAGCAGG-1	1
NC_006609.4	7281417	7281472	ACACTTGCAAGTAAGC-1	1
NC_006609.4	7281418	7281474	TGAAGGATCTAACTGA-1	1
NC_006609.4	7281421	7281458	GCTTCGCGTTAACAGT-1	1
NC_006609.4	7281421	7281459	CATGCGGGTTGCTTCG-1	1
NC_006609.4	7281421	7281522	GGTTTCCTCATTACTC-1	1
NC_006609.4	7281422	7281459	GCGGGTTTCCTGGCTT-1	1
NC_006609.4	7281422	7281497	AAGCCTTAGTTTGTCT-1	1
NC_006609.4	7281422	7281508	TCGTAATCAGTAAAGC-1	1
NC_006609.4	7281422	7281546	AGTTGTCAGCCAAATC-1	2
NC_006609.4	7281422	7281546	GGTTGGTGTAAGGTCC-1	2
NC_006609.4	7281422	7281567	AGCTTAATCTAACTGA-1	1
NC_006609.4	7281422	7281603	AGAACAAGTTTAACGG-1	4
NC_006609.4	7281422	7281604	GTTTGTCGTCATTGTC-1	1
NC_006609.4	7281422	7281606	GTGCGGTTCACTAATG-1	1
NC_006609.4	7281422	7281609	AATGCATGTCTAGCTT-1	1
NC_006609.4	7281422	7281721	GTCTATGCAGGTATTT-1	1
NC_006609.4	7281422	7281783	GAACCAGCACCCACAG-1	1
NC_006609.4	7281424	7281635	ACCCTCCCATTATGGT-1	1
NC_006609.4	7281427	7281454	AACCTAATCACGAATC-1	2
NC_006609.4	7281427	7281463	TGTGAAACATAATCAC-1	2
NC_006609.4	7281427	7281484	GCAGGACCAGTGAACG-1	2
NC_006609.4	7281427	7281484	GGCGTTATCATGCTTT-1	2
NC_006609.4	7281427	7281484	TTGTTGTTCGATTTGA-1	1
NC_006609.4	7281427	7281494	CATTATCTCCGTAAAC-1	1
NC_006609.4	7281427	7281501	TCGGTTTGTGTTAGCA-1	2
NC_006609.4	7281427	7281543	TCGTTAGCAGGTTACC-1	3
NC_006609.4	7281427	7281547	TACGTACAGCTGGCTA-1	1
NC_006609.4	7281427	7281557	ATTGCAGGTAGGTTAT-1	3
NC_006609.4	7281427	7281562	GTGCTTCTCATTATGG-1	2
NC_006609.4	7281427	7281566	GTTACTCGTTGCAATG-1	2
NC_006609.4	7281427	7281587	GGTTTGTAGCCTGACA-1	1
NC_006609.4	7281427	7281594	AATCATCCACCCTCAC-1	1
NC_006609.4	7281427	7281598	ACCGCAATCATTAGGC-1	2
NC_006609.4	7281427	7281609	ATTAGGTGTCCTCCAA-1	1
NC_006609.4	7281427	7281612	TCGTTACGTGACATAT-1	1
NC_006609.4	7281427	7281617	CCCAATTGTGTTTGTC-1	2
NC_006609.4	7281427	7281635	GAGTGAGGTCTAACAG-1	2
NC_006609.4	7281428	7281474	TGGATTCAGAGGATAT-1	1
NC_006609.4	7281428	7281609	ACCCTGTTCAGTTCCC-1	1
NC_006609.4	7281429	7281480	ATTGGCTAGCATGTTA-1	1
NC_006609.4	7281429	7281528	ATCCAACAGGTCCGTA-1	1
NC_006609.4	7281429	7281612	GGCGGTTTCGTGCCTT-1	2
NC_006609.4	7281429	7281612	TCTAGCACAGTAAGTA-1	1
NC_006609.4	7281429	7281642	ACCTGTTGTCAGGCCA-1	1
NC_006609.4	7281429	7281663	GCGTTTCTCGATCAGT-1	1
NC_006609.4	7281432	7281478	TCTCAATTCATTAGGC-1	1
NC_006609.4	7281432	7281498	TTGTTTGGTCCTAAGA-1	1
NC_006609.4	7281432	7281503	GCGCTTGCAAGCTTAT-1	1
NC_006609.4	7281432	7281528	GCTGCACAGGCGCACT-1	2
NC_006609.4	7281432	7281533	TCTCAATTCATTAGGC-1	2
NC_006609.4	7281432	7281556	GGTTGGTGTAAGGTCC-1	3
NC_006609.4	7281432	7281566	CTCTAGCTCCCTCAAC-1	2
NC_006609.4	7281432	7281624	AAGAATCAGCTATTAG-1	2
NC_006609.4	7281432	7281661	GTACCGGGTAATCCCT-1	1
NC_006609.4	7281432	7281661	TTCATTCAGTTAACCA-1	1
NC_006609.4	7281432	7281663	AGAACAAGTCCCGGAA-1	1
NC_006609.4	7281432	7281728	TAAAGCCTCATAACTG-1	3
NC_006609.4	7281432	7281733	TGACCAAGTACTGAAT-1	3
NC_006609.4	7281434	7281552	ACTAATCCAACAGCCT-1	1
NC_006609.4	7281434	7281675	TCGTAATCATGGTTAT-1	2
NC_006609.4	7281436	7281642	TCTAAGGGTTGAATCG-1	1
NC_006609.4	7281437	7281461	CTGCTCCCATGAATAG-1	1
NC_006609.4	7281437	7281484	TCTTGTCCAGTTAAAG-1	1
NC_006609.4	7281437	7281544	GTCCTCAGTTAGGCTA-1	1
NC_006609.4	7281437	7281552	CAAGGCCTCTTAGGAC-1	1
NC_006609.4	7281437	7281552	GCTAGCCAGACACCGC-1	1
NC_006609.4	7281437	7281552	TACATCAAGTTAGGCT-1	1
NC_006609.4	7281437	7281556	ATTAACCCAGTCTATG-1	1
NC_006609.4	7281437	7281561	CGAGCTGGTTAGAGGG-1	2
NC_006609.4	7281437	7281606	CTACAACAGTTACCGG-1	1
NC_006609.4	7281439	7281477	AAGTAGCCACAATTAC-1	1
NC_006609.4	7281439	7281479	TCCTGTTCAGGCTGTT-1	1
NC_006609.4	7281439	7281484	TATGGCCCAGGCATGA-1	2
NC_006609.4	7281439	7281490	AACAAGCCATAATCCG-1	1
NC_006609.4	7281439	7281562	GCTAGCCAGCCATCAG-1	1
NC_006609.4	7281439	7281612	TCTCACCAGCATGCAT-1	2
NC_006609.4	7281439	7281664	ACCGGCTAGCGATACT-1	1
NC_006609.4	7281439	7281665	TGAGCTTAGCTTGCTC-1	1
NC_006609.4	7281439	7281922	AGAATCGAGATGGAGC-1	1
NC_006609.4	7281439	7281971	AGGCAGGTCCAAATCA-1	1
NC_006609.4	7281441	7281613	CTGTACCTCCAAACAC-1	1
NC_006609.4	7281444	7281490	ATCACACAGTAACTCA-1	1
NC_006609.4	7281444	7281523	ATCACTAAGCAAGGGT-1	2
NC_006609.4	7281444	7281533	CCACAGGGTGTTTCAC-1	2
NC_006609.4	7281444	7281552	GAGGTAGGTCAACAAT-1	1
NC_006609.4	7281444	7281571	CGATTCCTCGTGCTAG-1	3
NC_006609.4	7281445	7281497	TGTTCCTCAAGATTCT-1	2
NC_006609.4	7281445	7281556	ACAGGAATCTTGTCTG-1	4
NC_006609.4	7281445	7281613	ACGCACGGTAATCGGC-1	1
NC_006609.4	7281449	7281497	TCTTAGTTCAGGTTTA-1	3
NC_006609.4	7281449	7281503	GGTCTTTGTCGTAAAT-1	1
NC_006609.4	7281449	7281538	GATAAGCCATAGCAGG-1	2
NC_006609.4	7281449	7281552	AATAGCTGTGATGAAA-1	2
NC_006609.4	7281449	7281552	GACCTGATCCAATTAG-1	1
NC_006609.4	7281449	7281561	GGTACTAGTGACCTGG-1	1
NC_006609.4	7281449	7281562	CAAGGTTTCGCCTGTT-1	1
NC_006609.4	7281449	7281604	TGTTGTAAGAATCGCT-1	2
NC_006609.4	7281449	7281630	CATCGCTTCGAGCAAA-1	1
NC_006609.4	7281449	7281663	TATAACCCAGAACCGA-1	1
NC_006609.4	7281449	7281663	TCGGTAAGTGATCAGC-1	2
NC_006609.4	7281450	7281559	GGTGAGTAGAGAGCCG-1	1
NC_006609.4	7281452	7281624	TGAGCTTAGTAGAGGC-1	1
NC_006609.4	7281454	7281490	GTGCTCCGTTCGGTAA-1	2
NC_006609.4	7281454	7281494	GCTAACAGTGTGCAAC-1	1
NC_006609.4	7281454	7281496	TTGATGTCATAGGCGA-1	1
NC_006609.4	7281454	7281498	CTATAACCATTTGCTC-1	1
NC_006609.4	7281454	7281501	AATATCCCACCAAAGG-1	1
NC_006609.4	7281454	7281501	AATCATGTCACGCATG-1	1
NC_006609.4	7281454	7281501	CATAGCTAGGTTACGT-1	1
NC_006609.4	7281454	7281501	CGCTTGCGTAGTTGGC-1	1
NC_006609.4	7281454	7281507	GGAGCGATCGCTCACT-1	2
NC_006609.4	7281454	7281508	ATGCCTGAGGCTGTGC-1	1
NC_006609.4	7281454	7281508	CAATCTAAGCCATCAG-1	2
NC_006609.4	7281454	7281513	GCGGGTTTCTAAGGAG-1	1
NC_006609.4	7281454	7281533	CGAGGCAAGGGCTTTG-1	2
NC_006609.4	7281454	7281533	TTAAAGGCAATATACC-1	1
NC_006609.4	7281454	7281542	CGGTAACGTGATTACG-1	1
NC_006609.4	7281454	7281543	ATCAAGACAAGTGTTT-1	1
NC_006609.4	7281454	7281545	TCTAATCTCACTAAGC-1	2
NC_006609.4	7281454	7281552	GCTGCATCAGCAAGTG-1	2
NC_006609.4	7281454	7281561	TGTGGCTCAGAGAGCC-1	1
NC_006609.4	7281454	7281562	AGTTGCGTCATTTGCT-1	1
NC_006609.4	7281454	7281562	CATGCATAGTTCCTCA-1	1
NC_006609.4	7281454	7281562	GTTGGAGCAGAGAGCC-1	1
NC_006609.4	7281454	7281567	TGTCAATCAAAGCTAA-1	1
NC_006609.4	7281454	7281568	AGCCAGTGTTAGCATG-1	1
NC_006609.4	7281454	7281576	GGCTAGTGTTAACAGT-1	2
NC_006609.4	7281454	7281577	AGTAATCGTCATGAGC-1	1
NC_006609.4	7281454	7281578	TGATTGCAGGAGGCAT-1	1
NC_006609.4	7281454	7281587	TGTGGCGGTAACGTGC-1	1
NC_006609.4	7281454	7281606	GCCTGACAGCACGATT-1	1
NC_006609.4	7281454	7281609	TTGTCCGGTTGTAACG-1	3
NC_006609.4	7281454	7281610	CCTTACTCAATTAGGA-1	1
NC_006609.4	7281454	7281611	TGTGGAGCAGCAAGGC-1	1
NC_006609.4	7281454	7281612	CAACAATGTTTATCTG-1	1
NC_006609.4	7281454	7281612	TACTTGTTCCCGTTAC-1	1
NC_006609.4	7281454	7281624	TGCCATTGTAGGTTGC-1	3
NC_006609.4	7281454	7281625	CCTAAATCAAATGCCC-1	1
NC_006609.4	7281454	7281636	ACCATTAAGGTCGAGG-1	6
NC_006609.4	7281454	7281651	CTTCTAAGTGTTAAAC-1	2
NC_006609.4	7281454	7281653	ACGCACGGTGAACAAA-1	1
NC_006609.4	7281454	7281663	GTACCGGGTTACTAGG-1	1
NC_006609.4	7281454	7281675	AACTCACAGCTTATGA-1	1
NC_006609.4	7281454	7281675	AGGCGGATCACGCATG-1	2
NC_006609.4	7281454	7281681	GGCGCTAGTGTCCAGG-1	1
NC_006609.4	7281454	7281712	AGTAAGTAGGTAAGGC-1	1
NC_006609.4	7281454	7281740	AAGTTTGTCAAACTCA-1	1
NC_006609.4	7281457	7281653	CGGCAATGTATTGAGT-1	1
NC_006609.4	7281458	7281625	GGAACGGTCAGGTCCA-1	1
NC_006609.4	7281459	7281494	GATCACTAGTGACCTG-1	2
NC_006609.4	7281459	7281552	CCTGAGTCATATTGAC-1	1
NC_006609.4	7281459	7281552	CTACAACAGGTTACGT-1	3
NC_006609.4	7281459	7281561	TGCCTGTTCCCATAGG-1	2
NC_006609.4	7281459	7281571	TGGCGGTTCTCACATT-1	3
NC_006609.4	7281459	7281588	GCTAAGAAGTCATGCG-1	1
NC_006609.4	7281459	7281603	TCAGTGAGTAGTTGGC-1	1
NC_006609.4	7281459	7281620	GTTGCTGAGTTTAACG-1	1
NC_006609.4	7281459	7281661	CACAATATCATCACTT-1	1
NC_006609.4	7281459	7281661	GGTACTTAGGCATGTT-1	1
NC_006609.4	7281461	7281501	TTCGTGCTCAGGTCCA-1	1
NC_006609.4	7281461	7281549	AGCACTTAGTTAGTGC-1	1
NC_006609.4	7281461	7281561	TATCGCGAGTCGCTAG-1	3
NC_006609.4	7281461	7281562	GGCCGTTAGGCGCTTA-1	2
NC_006609.4	7281463	7281513	CCTAAGGTCTATTGTC-1	3
NC_006609.4	7281463	7281536	AAGCGAGGTCCTCCAA-1	1
NC_006609.4	7281463	7281538	TGTGAAACATAATCAC-1	2
NC_006609.4	7281463	7281546	TGATTAGTCGCAATCG-1	1
NC_006609.4	7281463	7281552	AAAGGTTAGGCTAAGA-1	1
NC_006609.4	7281463	7281562	TTGGAGGCAGGAAGCC-1	1
NC_006609.4	7281463	7281567	AAAGGAGCATCCATCT-1	1
NC_006609.4	7281463	7281587	AATTCGTCACCTATAG-1	3
NC_006609.4	7281463	7281596	TCCTCTAAGATTCCTT-1	1
NC_006609.4	7281463	7281610	ACCTGGTCACCAACCG-1	1
NC_006609.4	7281463	7281624	GCTAAGCGTTACCGGG-1	2
NC_006609.4	7281463	7281625	ATGAGCCGTCACAGAC-1	2
NC_006609.4	7281463	7281625	CGTCATTGTAACCAGC-1	1
NC_006609.4	7281463	7281625	TACAATGTCCTTAAGA-1	1
NC_006609.4	7281463	7281661	CTTCAAGCATTGCGAC-1	1
NC_006609.4	7281463	7281663	AACGACAAGCATGTCG-1	1
NC_006609.4	7281463	7281690	GCTGACCAGCCGCAGT-1	1
NC_006609.4	7281463	7281976	TCGTTAAAGATAACCC-1	2
NC_006609.4	7281464	7281521	TTGCACACATGCATAT-1	2
NC_006609.4	7281464	7281538	AAGCCACGTATTCGCT-1	1
NC_006609.4	7281464	7281560	CCATAAATCATTGACA-1	2
NC_006609.4	7281466	7281566	GGTTTAATCACTAAGC-1	1
NC_006609.4	7281466	7281613	GATAAGCCAATAGTCT-1	1
NC_006609.4	7281469	7281560	AAGCATGAGCACTTGG-1	2
NC_006609.4	7281469	7281562	CTAGCTGAGGATTGAG-1	1
NC_006609.4	7281470	7281659	GACACCGGTGATGATT-1	2
NC_006609.4	7281471	7281581	TGGCCAATCGTCAAGT-1	2
NC_006609.4	7281471	7281604	ACAAACTGTGGAAGGC-1	2
NC_006609.4	7281471	7281609	TCTGGCTTCAGTGAAG-1	1
NC_006609.4	7281471	7281714	CTCGCTAGTACAATGT-1	1
NC_006609.4	7281472	7281552	AGCACTAGTGTTTGAG-1	1
NC_006609.4	7281472	7281561	TGCTTCCAGCCATCAG-1	1
NC_006609.4	7281472	7281614	CAAAGCGCAGGTATTT-1	1
NC_006609.4	7281473	7281624	TACCTTAGTGGGTGAA-1	1
NC_006609.4	7281475	7281544	TTCCCACAGGTGTTAC-1	1
NC_006609.4	7281475	7281562	GTTGCTGAGTAAGTGG-1	2
NC_006609.4	7281475	7281606	TGAGGCACACGAATCC-1	1
NC_006609.4	7281475	7281625	GCCTGTGCACAGCCAT-1	1
NC_006609.4	7281477	7281561	AAGTAGCCACAATTAC-1	2
NC_006609.4	7281477	7281612	TGTGTGAGTAACCACA-1	1
NC_006609.4	7281477	7281976	CATTGCGAGCACGATT-1	1
NC_006609.4	7281478	7281552	AACGACAAGGATAAAC-1	1
NC_006609.4	7281478	7281617	AAGGATCCAAGTTATC-1	1
NC_006609.4	7281478	7281632	GGGTTATTCATAACTG-1	1
NC_006609.4	7281478	7281820	TAGCGCGGTGGTTAGC-1	1
NC_006609.4	7281479	7281617	TAGGCTTAGGAGCAAC-1	1
NC_006609.4	7281479	7281627	GGGATTAAGTGAGGGT-1	2
NC_006609.4	7281480	7281528	GCATGAGCAGATTCAT-1	1
NC_006609.4	7281480	7281538	AAGCGTTTCCTAATAG-1	3
NC_006609.4	7281480	7281538	CTTGAATCAAACATAG-1	2
NC_006609.4	7281480	7281561	AGTTACATCTGGTCCT-1	1
NC_006609.4	7281482	7281562	CAATAAGCAATCCTGA-1	2
NC_006609.4	7281482	7281567	TGTCAGTAGCTAATTG-1	1
NC_006609.4	7281482	7281685	TCTAACTTCTGCAACG-1	2
NC_006609.4	7281482	7281704	ATGTAACGTATTACCC-1	2
NC_006609.4	7281482	7281833	ATTGGCTAGAGGAGGA-1	2
NC_006609.4	7281484	7281543	ACAGGTAAGGGATTAG-1	2
NC_006609.4	7281484	7281544	TCATGCCTCCGCCTAT-1	1
NC_006609.4	7281484	7281546	TTGCTCTCACCTGCCT-1	1
NC_006609.4	7281484	7281551	ACGAGTAAGCTGTAAC-1	1
NC_006609.4	7281484	7281562	GCGCGATTCTCTAGCC-1	1
NC_006609.4	7281484	7281604	GAGGCTTGTGAGGTGA-1	2
NC_006609.4	7281484	7281604	TTAGTCAAGCCTTAAA-1	3
NC_006609.4	7281484	7281606	GAGGCTACATCCTGAA-1	1
NC_006609.4	7281484	7281610	CCTCAATGTGCGCATG-1	2
NC_006609.4	7281484	7281612	CAAGGCTGTGCATCGG-1	1
NC_006609.4	7281484	7281630	CATTGTGCAAATTGCT-1	1
NC_006609.4	7281484	7281632	GGCTAGACATTGCGTA-1	1
NC_006609.4	7281484	7281882	TCCACAACACCAGCAT-1	1
NC_006609.4	7281485	7281551	TAATGGACACGGTACT-1	1
NC_006609.4	7281485	7281586	TCCGCCATCGTCAAGT-1	1
NC_006609.4	7281485	7281642	AGGTCTTAGACACTTA-1	1
NC_006609.4	7281486	7281562	TAGGGTTTCAAACTCA-1	2
NC_006609.4	7281487	7281606	AATTACCCACCTCAGG-1	1
NC_006609.4	7281489	7281769	GTAGGTGCAGCTCAAC-1	1
NC_006609.4	7281490	7281533	TGGCCATCAGCAAATA-1	1
NC_006609.4	7281490	7281544	GTACTGGTCTTCAATC-1	1
NC_006609.4	7281490	7281562	TGAAACTGTTCGCTCA-1	1
NC_006609.4	7281490	7281566	CGGCAATGTATTGAGT-1	1
NC_006609.4	7281490	7281606	GAGCCTTCACCTGGTG-1	2
NC_006609.4	7281490	7281619	AAGCGCTGTGCCGCAA-1	1
NC_006609.4	7281490	7281708	GTGCTCCGTTCGGTAA-1	1
NC_006609.4	7281493	7281625	TTCCACGGTCCTTAGT-1	2
NC_006609.4	7281494	7281562	CAACAATGTTTATCTG-1	1
NC_006609.4	7281495	7281588	CCTAAATCAAATGCCC-1	1
NC_006609.4	7281495	7281612	ACCATAATCGTTAGTA-1	2
NC_006609.4	7281496	7281530	CTAGCTTGTAAAGCAA-1	2
NC_006609.4	7281496	7281774	GCTAGCCAGACACCGC-1	1
NC_006609.4	7281497	7281538	CTCCAAACAGGACCAA-1	2
NC_006609.4	7281497	7281561	TACCTGCTCTCATCAT-1	2
NC_006609.4	7281497	7281609	ATGTCAATCCCTCATA-1	1
NC_006609.4	7281497	7281609	TAAGCTGGTTTGCGCC-1	2
NC_006609.4	7281497	7281612	ATTTGTGAGGTGAGAC-1	1
NC_006609.4	7281500	7281546	TTGGATCAGGCATTGT-1	1
NC_006609.4	7281501	7281539	GTCTATGCAAGGTCCT-1	1
NC_006609.4	7281501	7281546	AACAGCAAGGACCAGG-1	2
NC_006609.4	7281501	7281546	AGCCTAAGTCATGCAA-1	3
NC_006609.4	7281501	7281552	CCGTTTGGTTGGCCGA-1	1
NC_006609.4	7281501	7281561	CTTACCGGTTCGCGCT-1	1
NC_006609.4	7281501	7281561	GCACTTACAAGTAAGC-1	2
NC_006609.4	7281501	7281561	TCGGTTTGTCACAGAC-1	1
NC_006609.4	7281501	7281562	GCCAACATCGTTACTT-1	3
NC_006609.4	7281501	7281587	GACACCGGTGATGATT-1	2
NC_006609.4	7281501	7281588	TGAGCCGGTCATAGAT-1	1
NC_006609.4	7281501	7281595	TCATTGTTCAGGAAGC-1	2
NC_006609.4	7281501	7281604	GTTGCATAGGAACCAA-1	2
NC_006609.4	7281501	7281620	GGCATGGAGGTCGAGG-1	4
NC_006609.4	7281501	7281673	GCAGGAAGTGCTTTAC-1	3
NC_006609.4	7281501	7281675	CGTAGTTAGCCTCTGT-1	1
NC_006609.4	7281501	7281714	TACATCAAGTTAGGCT-1	1
NC_006609.4	7281501	7281731	ATCAATCCATTAAACC-1	1
NC_006609.4	7281502	7281561	TACTTGTTCAATCTCT-1	1
NC_006609.4	7281502	7281571	TTGGATCAGTTCCCAC-1	1
NC_006609.4	7281503	7281559	ACTCGCTTCCAACTGG-1	1
NC_006609.4	7281503	7281588	GTACTTAAGGTTAGAG-1	2
NC_006609.4	7281503	7281625	GCCTTAGAGTTAGTGC-1	1
NC_006609.4	7281508	7281552	CAAGAACCAATAACGA-1	2
NC_006609.4	7281508	7281578	TAGGGTTTCTCCATAT-1	1
NC_006609.4	7281508	7282389	GTCGCAATCCAAGTGT-1	1
NC_006609.4	7281511	7281562	GATTCCTGTTACAAAC-1	1
NC_006609.4	7281513	7281587	AAACATGCACGGTTTA-1	1
NC_006609.4	7281513	7281670	CCTAAGGTCATAACCA-1	2
NC_006609.4	7281515	7281566	GCCTCCATCCTGGCTT-1	1
NC_006609.4	7281515	7282435	AACAAAGGTCCGCTGT-1	3
NC_006609.4	7281517	7281610	GAAAGGCTCGTTAGCG-1	2
NC_006609.4	7281518	7281661	TTCCACGGTCCTTAGT-1	3
NC_006609.4	7281521	7281675	GACCGTTCATTAGCCA-1	2
NC_006609.4	7281522	7281561	ATTGGCTAGTCCTTCA-1	1
NC_006609.4	7281522	7281561	CCCGTTGTCAATCATG-1	2
NC_006609.4	7281522	7281606	AGGAGCTAGTGAGGGT-1	2
NC_006609.4	7281528	7281705	ATTACCGCACTAAGAA-1	1
NC_006609.4	7281528	7281736	CGGGTATGTAGCCTCC-1	2
NC_006609.4	7281529	7281655	GGCGTTATCCCTGGAA-1	1
NC_006609.4	7281533	7281580	GCCCGTTGTGAATCGC-1	2
NC_006609.4	7281533	7281595	CGCTCCATCTAGCGTG-1	1
NC_006609.4	7281533	7281610	TGGACAAAGGCTAAGA-1	2
NC_006609.4	7281533	7281612	GATTGTTCAGATTCAT-1	1
NC_006609.4	7281533	7281612	TGATCACAGCGCTCAA-1	1
NC_006609.4	7281533	7281625	CCCGTAAAGTTAGCCG-1	1
NC_006609.4	7281533	7281664	TCGCATTGTAGTTAAC-1	2
NC_006609.4	7281534	7281607	GTGATCAGTACAATGT-1	1
NC_006609.4	7281538	7281624	GGACTAAAGACCATAC-1	1
NC_006609.4	7281538	7281637	CGAGCTGGTCCTTCAG-1	1
NC_006609.4	7281539	7281604	AAACGTACACCATATG-1	2
NC_006609.4	7281542	7281581	ACGTTGTAGAAAGCAT-1	1
NC_006609.4	7281542	7281604	AGGGCCTTCAGGCCTA-1	1
NC_006609.4	7281543	7281604	CCGGTTAAGGAGCAAC-1	2
NC_006609.4	7281544	7281606	TGCATTAAGAATCGCT-1	1
NC_006609.4	7281544	7281624	GTGATCAGTCACAAAT-1	1
NC_006609.4	7281546	7281576	ACCGGTTCATTGTCAG-1	2
NC_006609.4	7281546	7281595	TTTGCGGAGGACGTAA-1	1
NC_006609.4	7281546	7281604	CCCAATTGTGTTTGTC-1	2
NC_006609.4	7281546	7281609	ACTGAAACATCCTGAA-1	1
NC_006609.4	7281546	7281612	TTGGATCAGGAGTCGG-1	1
NC_006609.4	7281546	7281624	TGGCCAATCGTCAAGT-1	2
NC_006609.4	7281548	7281612	TAGTACGGTTAGCCAA-1	1
NC_006609.4	7281548	7281637	TAGCCTGAGAGAGGAG-1	2
NC_006609.4	7281551	7281610	CAGCAAGCATAGCTTG-1	1
NC_006609.4	7281551	7281619	TCTAGCCTCGGTCAAT-1	1
NC_006609.4	7281551	7281967	CATAAGCTCAGTGAAG-1	1
NC_006609.4	7281552	7281603	CGAGTCGGTTGGTGAC-1	1
NC_006609.4	7281552	7281606	GGGTATTTCCGTTATT-1	1
NC_006609.4	7281552	7281610	ACCCTGTTCTAGCTAA-1	2
NC_006609.4	7281552	7281612	GTTAGACTCGACAAAG-1	1
NC_006609.4	7281552	7281614	GCCTCGACAGGATTAA-1	1
NC_006609.4	7281552	7281617	CTGGTTTGTTGTAACG-1	1
NC_006609.4	7281552	7281617	GGTACAAAGTTCCCGT-1	2
NC_006609.4	7281552	7281625	CATCGCTTCATGCGTG-1	1
NC_006609.4	7281552	7281625	TAGAGCCGTGTTGTAG-1	3
NC_006609.4	7281552	7281665	TAGTGAGAGGAGGACT-1	1
NC_006609.4	7281552	7281682	GATCAGTTCTAGCGTG-1	2
NC_006609.4	7281552	7282177	ATCAAGCTCCCATAGG-1	1
NC_006609.4	7281554	7281646	TAGTACGGTCATAACG-1	1
NC_006609.4	7281556	7281607	TCAAGCTAGATGGACA-1	3
NC_006609.4	7281556	7281625	TACAACATCACGTTAA-1	1
NC_006609.4	7281556	7281642	AAGCGCTGTTCACTGT-1	1
NC_006609.4	7281556	7281649	GCGTTTCTCACGTTAA-1	1
NC_006609.4	7281556	7281675	ATCGAGGCATAAAGCA-1	1
NC_006609.4	7281556	7281895	GGTCATTAGGACCTGC-1	1
NC_006609.4	7281560	7281643	AAGCATGAGCACTTGG-1	2
NC_006609.4	7281561	7281606	ACGCACGGTTGGTGAC-1	1
NC_006609.4	7281561	7281606	CTATGACAGCTTAGCG-1	1
NC_006609.4	7281561	7281606	GTGCGGTTCAAACACC-1	1
NC_006609.4	7281561	7281609	GCTGGATGTATTGGAT-1	1
NC_006609.4	7281561	7281612	CATAGGCGTTTATGGG-1	1
NC_006609.4	7281561	7281617	CCCGTTGTCAATCATG-1	1
NC_006609.4	7281561	7281624	CTCCAACTCCTAAGAC-1	1
NC_006609.4	7281561	7281625	CGAGTCGGTCCAAATG-1	3
NC_006609.4	7281561	7281625	GAGCTTAGTGAATCGC-1	3
NC_006609.4	7281561	7281636	GGAAGCTAGGTCCTAG-1	1
NC_006609.4	7281561	7281643	CAATCCCTCCTTAGGG-1	2
NC_006609.4	7281561	7281655	GGAAACTCATTGTGCA-1	1
NC_006609.4	7281561	7281665	GTACCTTGTTATCGAG-1	2
NC_006609.4	7281561	7281726	CGTGACATCCAAGTGT-1	2
NC_006609.4	7281561	7281736	CTTACCGGTTCGCGCT-1	1
NC_006609.4	7281561	7281783	GATTACTCAAAGGCCA-1	1
NC_006609.4	7281562	7281606	GTTCCTGGTTCATTTG-1	1
NC_006609.4	7281562	7281612	GGTGAGGTCCGCCTAT-1	2
NC_006609.4	7281562	7281624	TGGTGCATCGTTTCGC-1	3
NC_006609.4	7281562	7281663	GGCCTCTGTTATCCTA-1	1
NC_006609.4	7281562	7281714	GAGAGGCGTTAATGCG-1	1
NC_006609.4	7281562	7281716	TTAATCGAGTACCGCA-1	1
NC_006609.4	7281562	7281740	TTAGCGGTCGGTTTCC-1	1
NC_006609.4	7281566	7281601	CGCGGATTCTTGCAGG-1	1
NC_006609.4	7281566	7281630	GGATTATGTTCACTGT-1	1
NC_006609.4	7281566	7281635	AGTAACGAGTAGCCAT-1	3
NC_006609.4	7281566	7281726	GCTCTGGCAGCATTAT-1	1
NC_006609.4	7281567	7281671	TCCGCCATCTTGCAAA-1	1
NC_006609.4	7281568	7281612	ATAGGTACAGAAACGT-1	1
NC_006609.4	7281571	7281624	GGCCTTCGTCCAAGAC-1	2
NC_006609.4	7281571	7281770	ACAGTATGTTACCGGG-1	2
NC_006609.4	7281575	7281670	CCCTCATAGTCATGCG-1	1
NC_006609.4	7281576	7281961	GACCTCAAGTAGAGGC-1	1
NC_006609.4	7281577	7281613	CTCTAAGCAATATACC-1	1
NC_006609.4	7281577	7281617	CAAGAACCAATAACGA-1	3
NC_006609.4	7281577	7281643	CCGTTGCGTGATGGCT-1	1
NC_006609.4	7281577	7281659	CAGCCTTTCCCGTTTA-1	1
NC_006609.4	7281577	7281661	CCTAAGTAGTGAGAGC-1	1
NC_006609.4	7281578	7281609	GAAGTGATCGTTAGTA-1	1
NC_006609.4	7281578	7281627	ACGGGAAGTTACTAGG-1	1
NC_006609.4	7281578	7281663	TCCTCAATCTTGCAAA-1	1
NC_006609.4	7281578	7282040	ACCTAAATCACTTTAC-1	1
NC_006609.4	7281581	7281663	GCCAACATCCTTCTAG-1	1
NC_006609.4	7281582	7281625	CTCTTGATCACTCAAA-1	2
NC_006609.4	7281584	7281642	AGCTATATCAATGACC-1	1
NC_006609.4	7281584	7281675	TTATAGCCACATTAAC-1	1
NC_006609.4	7281587	7281664	GCACGAACATTGGGAG-1	2
NC_006609.4	7281588	7281625	GATCGCTCAGGATAAC-1	1
NC_006609.4	7281588	7281630	AAGGTCAAGGATAAAC-1	1
NC_006609.4	7281588	7281630	GTCCAAGTCATTGCAA-1	1
NC_006609.4	7281588	7281632	AACTGTTCAAGGGTTG-1	1
NC_006609.4	7281588	7281651	CTCGACAAGCTTGCTC-1	1
NC_006609.4	7281588	7281716	TTGGATTCAATTGACT-1	1
NC_006609.4	7281589	7281714	TTGTGTGCAGCCGCTA-1	2
NC_006609.4	7281589	7281788	CTTGGACCACCTGCCT-1	1
NC_006609.4	7281594	7281733	CGTGAGGAGGATGATG-1	1
NC_006609.4	7281595	7281625	CGGCAATGTATTGAGT-1	2
NC_006609.4	7281596	7281637	GTTACTCGTTGCAATG-1	1
NC_006609.4	7281596	7281657	CTAGTCGAGAGCAAGC-1	1
NC_006609.4	7281599	7281731	GGGTCAACAGGAAGCC-1	2
NC_006609.4	7281599	7281983	CTAGGACGTTCACCAT-1	2
NC_006609.4	7281601	7281675	TACTGAGGTGCTCACC-1	1
NC_006609.4	7281601	7281690	CCTGTAACAGCAATAA-1	1
NC_006609.4	7281601	7281701	CGCAATTAGGCGTAAA-1	3
NC_006609.4	7281602	7281636	CTTAATGAGAGAAGGG-1	2
NC_006609.4	7281602	7281663	CCTGTAACATGCTATG-1	1
NC_006609.4	7281602	7281765	CGAATATGTAAAGCAA-1	1
NC_006609.4	7281604	7281772	ACTTACAAGCACAGCC-1	1
NC_006609.4	7281604	7281783	GGGTTACGTGCATTAG-1	1
NC_006609.4	7281606	7281642	TCAGTGAGTTGGGTTA-1	1
NC_006609.4	7281606	7281663	GTGCTCCGTTCGGTAA-1	1
NC_006609.4	7281606	7281675	ATAGCATGTATGGTGC-1	1
NC_006609.4	7281606	7281715	CCTTCGTAGGGATGAC-1	1
NC_006609.4	7281606	7281830	CGCACAATCCCGCCTA-1	1
NC_006609.4	7281607	7281659	ACCTGGATCGCACACA-1	1
NC_006609.4	7281608	7281642	CCCAATTGTGTTTGTC-1	1
NC_006609.4	7281608	7281653	CCGCAAGGTTGGATCA-1	1
NC_006609.4	7281608	7281690	CGAATATGTTAGTGAT-1	2
NC_006609.4	7281609	7281680	CCCAATTGTGTTTGTC-1	1
NC_006609.4	7281609	7281690	TTTCAGTTCATGTGGT-1	3
NC_006609.4	7281609	7281707	GAAGTCAAGTGCACGC-1	1
NC_006609.4	7281609	7281715	CGTGACATCTTGTCTG-1	1
NC_006609.4	7281609	7281993	TCCTCTAAGTTGGATC-1	1
NC_006609.4	7281609	7282433	ATGAGCCGTTAGGATT-1	1
NC_006609.4	7281610	7281653	TAGGCTAGTCTTGCAT-1	1
NC_006609.4	7281610	7281655	CTTTATGGTCTAACAG-1	1
NC_006609.4	7281610	7281665	CGCGATTCAATATAGG-1	1
NC_006609.4	7281610	7281690	TCTAATCTCGGCCATA-1	1
NC_006609.4	7281610	7281759	GGTTGGTGTAAGGTCC-1	1
NC_006609.4	7281610	7281922	CGAGGTGAGCTATGAC-1	1
NC_006609.4	7281611	7282119	GAACCAGCAATAGCAA-1	1
NC_006609.4	7281612	7281644	CGCACACAGCCAAATC-1	1
NC_006609.4	7281612	7281649	ATGGCTTAGGACTTAC-1	1
NC_006609.4	7281612	7281655	TATAGCCAGAAGCTAG-1	1
NC_006609.4	7281612	7281663	CCAAGGCTCGATCAGT-1	1
NC_006609.4	7281612	7281664	CGCCAAATCGACCTGA-1	3
NC_006609.4	7281612	7281664	GCCTTAGAGTTAGTGC-1	1
NC_006609.4	7281612	7281669	GCCAACATCCTTCTAG-1	1
NC_006609.4	7281612	7281690	TGAAGTGAGTTTGTCT-1	1
NC_006609.4	7281612	7281707	CCAAGGCTCGATCAGT-1	3
NC_006609.4	7281612	7281707	GATTACGGTAATAGCT-1	1
NC_006609.4	7281612	7281733	AGGGCTACATTATGCG-1	1
NC_006609.4	7281612	7281745	AGTGAACCAGCACCAT-1	1
NC_006609.4	7281612	7281911	GGACATAAGTTAGAGG-1	1
NC_006609.4	7281612	7282126	TCTGGCTTCGATTCTT-1	2
NC_006609.4	7281612	7282306	GCTGCATCACTTACAG-1	1
NC_006609.4	7281613	7281661	TGAGAACCATAGCAGG-1	1
NC_006609.4	7281614	7281644	GCTTATCGTTGTAAAC-1	1
NC_006609.4	7281614	7281663	ACAGCCGGTGATTTGG-1	1
NC_006609.4	7281616	7281663	TCAGCGATCGGCCATA-1	1
NC_006609.4	7281616	7281675	TATCGCGAGTCGCTAG-1	2
NC_006609.4	7281616	7281921	AGAGGAACATAAAGCA-1	1
NC_006609.4	7281617	7281690	CTCGACAAGCTTGCTC-1	1
NC_006609.4	7281617	7281697	GCAGGACCATTAGCGC-1	1
NC_006609.4	7281617	7282099	GCTGTGCAGTTAGCCG-1	1
NC_006609.4	7281617	7282161	AGCGCCTAGGTGCGGA-1	1
NC_006609.4	7281619	7281697	CTGTTCATCCAAATCA-1	1
NC_006609.4	7281619	7281736	CACATACAGTAGCCAT-1	1
NC_006609.4	7281620	7281707	TGAAGTGAGTCATTTC-1	1
NC_006609.4	7281620	7281830	GAGTGAGGTCTAACAG-1	2
NC_006609.4	7281622	7281769	CCAACCCGTAACTACG-1	1
NC_006609.4	7281624	7281663	AGTTACTCAGGCCTTG-1	1
NC_006609.4	7281624	7281663	ATTGCAGGTTAGGACC-1	1
NC_006609.4	7281624	7281663	ATTGTCCGTGATCAGC-1	2
NC_006609.4	7281624	7281669	TCATACTTCTTGGATA-1	2
NC_006609.4	7281624	7281680	CTCCCTGAGGCACAGG-1	1
NC_006609.4	7281624	7281683	CGCGGATTCTCACAAA-1	1
NC_006609.4	7281624	7281685	TAGCAGGCAACCCTCC-1	2
NC_006609.4	7281624	7281714	AATAGCTGTCCTCCAA-1	1
NC_006609.4	7281624	7281721	TCGTTATTCTCACTAT-1	3
NC_006609.4	7281624	7281922	CTACTTAGTTCAAGCA-1	2
NC_006609.4	7281624	7281985	GATTACGGTGGACATC-1	2
NC_006609.4	7281624	7282089	GTGGTTAGTCACACCC-1	1
NC_006609.4	7281625	7281663	CCGCTAGCAAAGCGCA-1	1
NC_006609.4	7281625	7281690	CGTTGCAAGCGGATAA-1	1
NC_006609.4	7281625	7281714	TAGCTAGGTCTTTGAC-1	1
NC_006609.4	7281625	7281723	CATCAATCACAACAAA-1	3
NC_006609.4	7281625	7281736	CGGATTAGTAAAGCGG-1	2
NC_006609.4	7281625	7281738	CGCTCCATCTAGCGTG-1	4
NC_006609.4	7281625	7281747	GCCTTACTCTCCTCTT-1	2
NC_006609.4	7281627	7281663	TCTATGTTCCTTGAGG-1	1
NC_006609.4	7281630	7281680	AGGAAACGTAATCACG-1	1
NC_006609.4	7281630	7281733	GGCCGTTAGCAGGCCT-1	1
NC_006609.4	7281632	7281776	GGACTAAAGGATTTGC-1	2
NC_006609.4	7281635	7281675	GAACCAGCAACTAGAA-1	2
NC_006609.4	7281636	7281702	CTCCAAACACAATGCC-1	1
NC_006609.4	7281636	7281785	AGGTATTGTGCCTCAC-1	1
NC_006609.4	7281637	7281729	CGCCACACAGGTCCTG-1	1
NC_006609.4	7281637	7281736	ATATGCTCACTTAACG-1	2
NC_006609.4	7281637	7281846	AGGTGAATCGTTAACA-1	3
NC_006609.4	7281637	7281931	GGGAATATCTATTGTC-1	1
NC_006609.4	7281642	7281690	ACTGAAACATCCTGAA-1	1
NC_006609.4	7281642	7281736	AATTGCTCATTGCGAC-1	3
NC_006609.4	7281642	7281740	CCTGGTAAGGCGGGTA-1	2
NC_006609.4	7281643	7281675	GAAGTGATCGCAGGCT-1	1
NC_006609.4	7281643	7281716	TCATTGTTCAGGAAGC-1	2
NC_006609.4	7281644	7281685	CTAATCCGTAAAGCAA-1	1
NC_006609.4	7281649	7281714	CAAACTGGTGGACCTG-1	1
NC_006609.4	7281649	7281747	CCAACCCGTTAGGATT-1	1
NC_006609.4	7281650	7281731	ACTTACTTCGTAATCA-1	1
NC_006609.4	7281651	7281685	GATGGCTGTTGACTTC-1	1
NC_006609.4	7281653	7281740	ACCCGGTAGCTTCTCA-1	1
NC_006609.4	7281653	7281741	AGGTTAACAGGCATGA-1	1
NC_006609.4	7281653	7281781	GCTGACCAGCTGGACC-1	1
NC_006609.4	7281655	7281721	CGGCAATGTATTGAGT-1	2
NC_006609.4	7281655	7281738	TATGGTCAGGCCCAGT-1	2
NC_006609.4	7281657	7281751	GTATGTTCAGGCCAAA-1	1
NC_006609.4	7281659	7281695	CAGGAAGGTAGGATTT-1	2
NC_006609.4	7281659	7281712	TGGACCGGTGGTTATG-1	1
NC_006609.4	7281659	7281741	TTGTTGTTCTCGCCCA-1	1
NC_006609.4	7281661	7281715	CGGCAATGTTAAGGTT-1	1
NC_006609.4	7281661	7281731	ATTAGCGGTAGTTGGC-1	4
NC_006609.4	7281661	7281922	ATCAATCCATTAAACC-1	1
NC_006609.4	7281661	7281976	ATGAGCCGTCACAGAC-1	2
NC_006609.4	7281663	7281716	TGTGGAGCATCCTGAA-1	3
NC_006609.4	7281663	7281723	GGATTGCGTAAGGTCC-1	4
NC_006609.4	7281663	7281731	CATGAGGCAGGCCAAA-1	1
NC_006609.4	7281663	7281731	TCTAAGGGTCCTTCAG-1	1
NC_006609.4	7281663	7281769	GCTGCATCAATTGACT-1	1
NC_006609.4	7281663	7281778	GGCCTCTGTTATCCTA-1	1
NC_006609.4	7281663	7282260	AGGCCCAGTGCGCAAT-1	2
NC_006609.4	7281664	7281740	GTCCTCAGTCATGAGC-1	1
NC_006609.4	7281665	7281726	ACCCTGTTCTAGCTAA-1	1
NC_006609.4	7281665	7281726	ACTTAGTCACAAAGGT-1	1
NC_006609.4	7281665	7281726	GTCTATGCATGACTAT-1	1
NC_006609.4	7281665	7281740	GAAACCCGTTATAGCG-1	2
NC_006609.4	7281665	7281765	TTAAAGGCAGGTATTT-1	3
NC_006609.4	7281665	7281776	GCGCTTAAGGCTTAAC-1	1
NC_006609.4	7281665	7281971	CGCACCACAAGCCAGA-1	1
NC_006609.4	7281666	7281747	ATGTTTGAGACACTTA-1	1
NC_006609.4	7281669	7281707	CTAGTAGGTGCTCACC-1	1
NC_006609.4	7281669	7281716	AATCATCCACCCTCAC-1	1
NC_006609.4	7281669	7281739	CCATATTTCATCGTTT-1	1
NC_006609.4	7281673	7281931	TGAAGCAAGGTTTGCG-1	2
NC_006609.4	7281675	7281717	GGTTGCGGTACTTAGG-1	1
NC_006609.4	7281675	7281723	GTGCATTAGTTTGCGG-1	2
NC_006609.4	7281675	7281728	TGGATTCAGAGGATAT-1	2
NC_006609.4	7281675	7281731	TGTGGCCAGGCTGTGC-1	1
NC_006609.4	7281675	7281739	GAGGTGAGTAAGGTCC-1	1
NC_006609.4	7281675	7281765	CCACAGGGTGGTGAGA-1	3
NC_006609.4	7281675	7281765	CTCGTTATCGTGCCTT-1	2
NC_006609.4	7281675	7281769	CGTCCTAGTCGACTAA-1	1
NC_006609.4	7281675	7281774	TGCAAGCGTTAGTGAT-1	1
NC_006609.4	7281675	7281830	CGGCTAATCTCTAGCC-1	1
NC_006609.4	7281675	7282189	TATGACATCATAATCG-1	1
NC_006609.4	7281675	7282286	AGTTACATCCTCATGC-1	3
NC_006609.4	7281675	7282396	AGGATGCAGCACTTGG-1	2
NC_006609.4	7281680	7281715	GGTAAACCACCAACCG-1	1
NC_006609.4	7281680	7281723	GTATGTTCACGAACAG-1	3
NC_006609.4	7281680	7281723	GTCGCAATCCAAGTGT-1	3
NC_006609.4	7281680	7281741	GCCTTAACATTATGAC-1	1
NC_006609.4	7281680	7281741	GGAGTGAGTGGATTGC-1	1
NC_006609.4	7281680	7281765	GATTCAGGTTCGCTTG-1	3
NC_006609.4	7281680	7281765	GGACGGATCCCTCAGT-1	1
NC_006609.4	7281680	7281795	GGGTCAACATTGCAGC-1	1
NC_006609.4	7281681	7281758	AACAAAGGTCCGCTGT-1	1
NC_006609.4	7281683	7282119	ACAGTATGTTGGTGAC-1	1
NC_006609.4	7281685	7281717	TCAGCAAGTTCATCTA-1	1
NC_006609.4	7281685	7281760	ACTTATCTCCGCACAA-1	3
NC_006609.4	7281690	7281729	TAGTACGGTCATAACG-1	3
NC_006609.4	7281690	7281731	GCTGCAATCTCACTCA-1	1
NC_006609.4	7281690	7281736	GAGTAACCATACCCGG-1	1
NC_006609.4	7281690	7281740	ACTTGTAAGCTTTGTT-1	2
NC_006609.4	7281690	7281740	TGATTGCAGTTCCTGC-1	1
NC_006609.4	7281690	7281760	GAAACTGAGCTCCTTA-1	1
NC_006609.4	7281690	7281776	GTGCTCCGTTCGGTAA-1	1
NC_006609.4	7281701	7281738	GCTGAGGAGTAACCCG-1	2
NC_006609.4	7281701	7282275	GGTATGTTCCCTTGCG-1	1
NC_006609.4	7281706	7282087	ACCACACCAATAAGCA-1	1
NC_006609.4	7281707	7281740	TTGCACACACCCACCT-1	1
NC_006609.4	7281707	7281783	ATTAGCTCATAGACCC-1	2
NC_006609.4	7281707	7281967	GGCTCACAGTAAAGGT-1	1
NC_006609.4	7281708	7281785	ACACCTTGTGCCTCAC-1	1
NC_006609.4	7281708	7282116	AGTTACTCAATTGCGC-1	1
NC_006609.4	7281712	7281770	CTAATCGCAAGCTAAA-1	3
NC_006609.4	7281714	7281760	ATCCATAAGGTTACAC-1	2
NC_006609.4	7281714	7281770	CGCCACACAGGCGAGT-1	2
NC_006609.4	7281714	7281780	GTGGTTAGTTACCTGT-1	1
NC_006609.4	7281714	7282030	AATTCGTCAGGCTTGT-1	1
NC_006609.4	7281717	7281785	GGCCTAATCAATGTGC-1	1
NC_006609.4	7281717	7282372	TTTGGCTGTTGCACGG-1	1
NC_006609.4	7281726	7281760	ATTACTGAGGCTAGAA-1	2
NC_006609.4	7281726	7281795	ATTGCAGGTCGTAATG-1	1
NC_006609.4	7281726	7282230	TTCACTGTCTAGCGAT-1	3
NC_006609.4	7281726	7282396	CGTTAGTAGCTAATCA-1	1
NC_006609.4	7281726	7282403	TGTTCCTCAGTTTACG-1	1
NC_006609.4	7281729	7281778	CATGAGGCAGGCCAAA-1	1
NC_006609.4	7281731	7281778	GGGTCAACAGGAAGCC-1	1
NC_006609.4	7281731	7282252	CATAAGCTCAGTGAAG-1	2
NC_006609.4	7281731	7282500	GCGTAACGTACGGTAC-1	1
NC_006609.4	7281733	7281783	CGTAATGGTCATCATC-1	2
NC_006609.4	7281733	7281783	GGCATGGAGGTCGAGG-1	1
NC_006609.4	7281733	7281795	ACAGGTAAGCGCCTAA-1	1
NC_006609.4	7281733	7281916	CCTGATGAGTAAGTCC-1	1
NC_006609.4	7281736	7281788	TCCTTAGTCCCGCCTA-1	1
NC_006609.4	7281736	7281795	GCTTAGTAGTAGCCAT-1	1
NC_006609.4	7281736	7281795	TTAGAAGCAGGTCCTG-1	1
NC_006609.4	7281739	7281797	GGTTATATCGGGACCT-1	1
NC_006609.4	7281740	7281774	ACCTGGATCAGGCCTA-1	1
NC_006609.4	7281741	7281783	ACGCAAGCATTTAAGC-1	1
NC_006609.4	7281741	7281783	CAGGATGCACCTGCCT-1	1
NC_006609.4	7281741	7281785	TTTGCATTCACAGCCA-1	1
NC_006609.4	7281742	7281793	CTGTTGGAGTGAACAG-1	1
NC_006609.4	7281747	7282415	AGTTTGCAGTCACGAT-1	2
NC_006609.4	7281753	7282222	TTCACTGTCGTTTCTG-1	1
NC_006609.4	7281754	7281797	GGTTTAATCTACTAAG-1	3
NC_006609.4	7281759	7281795	GAAACTGAGCTCCTTA-1	1
NC_006609.4	7281759	7281795	GATAAGCCAGGCTGTT-1	1
NC_006609.4	7281759	7281827	TGGCCTGCAGCAAATA-1	3
NC_006609.4	7281759	7282401	AAGCAAGTCCTCATCA-1	1
NC_006609.4	7281765	7281799	GGCTTCAAGCTCCTTA-1	1
NC_006609.4	7281765	7281893	TTGGATCAGGAGTCGG-1	1
NC_006609.4	7281765	7282091	TCTTGACGTTGGCGTG-1	1
NC_006609.4	7281766	7282267	CTCCTGAGTAGCTAGC-1	1
NC_006609.4	7281766	7282489	CTCTATGTCATGCGTG-1	1
NC_006609.4	7281768	7281942	CCGACAGGTTAGTACG-1	1
NC_006609.4	7281770	7281829	GAGAAACGTAATAGCT-1	1
NC_006609.4	7281775	7281963	AGTAAGTAGGCATGTT-1	1
NC_006609.4	7281775	7282030	TACCGAAGTGTCCAGG-1	1
NC_006609.4	7281775	7282489	GACGTAAAGGCGCTTA-1	1
NC_006609.4	7281778	7281940	AGCATTTCATTAAAGG-1	1
NC_006609.4	7281778	7282001	TTCCACGGTGTGCAAC-1	1
NC_006609.4	7281779	7282009	GCCTGTGCAAATTCGT-1	1
NC_006609.4	7281781	7281832	ACCTGTTGTCAGGCCA-1	1
NC_006609.4	7281783	7281927	CCTAATAAGTTTCCGC-1	2
NC_006609.4	7281783	7282152	CCTAAATCAAATGCCC-1	1
NC_006609.4	7281783	7282425	ATTAGCTCATAGACCC-1	1
NC_006609.4	7281784	7281827	TGCATGAGTCTTTATG-1	2
NC_006609.4	7281785	7281877	TAGCCTCTCCCTGGAA-1	1
NC_006609.4	7281785	7281910	GGGTGAAGTAATAGCT-1	2
NC_006609.4	7281785	7282177	ATCAAGCTCCCATAGG-1	1
NC_006609.4	7281793	7281967	TCACGGATCTGTAAGC-1	1
NC_006609.4	7281793	7282421	TAGGCTTAGGGCTTTG-1	2
NC_006609.4	7281795	7281833	TTTAACGAGGTCCGTA-1	1
NC_006609.4	7281795	7281942	GCCAATTAGTAGAGGC-1	1
NC_006609.4	7281797	7281843	GGTTTAATCTACTAAG-1	1
NC_006609.4	7281797	7281926	AGCCGGTTCCTCACTA-1	1
NC_006609.4	7281804	7282003	CATGAGGCATTCCTCG-1	2
NC_006609.4	7281820	7282281	TAGCGCGGTGGTTAGC-1	1
NC_006609.4	7281823	7281976	TTACAGCAGTTAGTGC-1	1
NC_006609.4	7281823	7282030	ACCGGCTAGCGATACT-1	1
NC_006609.4	7281828	7282020	AGCAGGTAGGACCTCA-1	2
NC_006609.4	7281833	7282003	GCCTGTGCAGAAACGT-1	2
NC_006609.4	7281835	7282174	CACTTAAAGGAACCGG-1	1
NC_006609.4	7281850	7281906	AAGCGTTTCCTAATAG-1	1
NC_006609.4	7281875	7281976	TGAGCTTAGTCACGAT-1	1
NC_006609.4	7281875	7281976	TGTCATAAGTACTGGT-1	2
NC_006609.4	7281877	7282010	TTTCGTCCATGAGTTT-1	1
NC_006609.4	7281889	7282433	TACTCAAAGGTCCGTA-1	1
NC_006609.4	7281903	7281993	CACGCTAAGCTATGAC-1	2
NC_006609.4	7281922	7281976	GCATCCTTCTCCATAT-1	1
NC_006609.4	7281922	7282116	CTCATCATCATGCCTC-1	1
NC_006609.4	7281922	7282119	CCATAAGGTTTGCAGA-1	2
NC_006609.4	7281927	7282270	ACGTTGTAGAAAGCAT-1	1
NC_006609.4	7281935	7282083	ACCCAGGGTCAAGTAT-1	1
NC_006609.4	7281942	7282293	ATGAGCCGTCACAGAC-1	1
NC_006609.4	7281944	7282003	CCAAGGCTCGATCAGT-1	1
NC_006609.4	7281955	7282167	GGACAGCCACTTACAG-1	6
NC_006609.4	7281966	7282131	GGTTCTTGTAATGGCC-1	1
NC_006609.4	7281967	7282144	GTACGTAGTGCCGCAA-1	2
NC_006609.4	7281967	7282198	TACCTTAGTGGGTGAA-1	1
NC_006609.4	7281971	7282040	TACAGGTTCGGTCAAT-1	4
NC_006609.4	7281971	7282063	GTGTGTTAGGAGGGTT-1	1
NC_006609.4	7281971	7282385	AGCACTAGTGTTTGAG-1	1
NC_006609.4	7281976	7282040	TATGACTCAGGCTACT-1	1
NC_006609.4	7281976	7282053	TATAGGTGTGTGTGGT-1	3
NC_006609.4	7281976	7282145	CTCACAACACTAAATC-1	1
NC_006609.4	7281976	7282161	AGATGAAGTTCACTGT-1	1
NC_006609.4	7281976	7282396	TCCTTCAAGTTGTCAA-1	1
NC_006609.4	7281981	7282305	AGCATTTCATTAAAGG-1	2
NC_006609.4	7281986	7282063	AAGCGAGGTATTTGCC-1	1
NC_006609.4	7281986	7282396	AACATCATCATTAGGC-1	1
NC_006609.4	7281993	7282030	TATGAAGCATATAACC-1	1
NC_006609.4	7281996	7282052	GTCCTCAGTGCTCCGT-1	2
NC_006609.4	7281996	7282053	TTGTTCCCATAAGTTC-1	1
NC_006609.4	7281998	7282109	TGTGGCTCATCAGCAC-1	1
NC_006609.4	7282001	7282038	TGGTCAGTCCGCAAGC-1	1
NC_006609.4	7282001	7282248	TCCTGGTTCATGCGTG-1	2
NC_006609.4	7282003	7282217	AGTACGCGTGATTTGG-1	1
NC_006609.4	7282003	7282387	GCCAATTAGGTAAGGC-1	1
NC_006609.4	7282010	7282089	GGCTAGTGTTAACAGT-1	2
NC_006609.4	7282011	7282232	GGAAGTATCCGCCAAA-1	3
NC_006609.4	7282015	7282040	CGCTTAACACTCAACA-1	1
NC_006609.4	7282020	7282081	GGCGGTTTCTCAATGA-1	1
NC_006609.4	7282021	7282078	AGCGCCTAGGGATTAG-1	2
NC_006609.4	7282025	7282539	ATAAGCCTCTTTGACT-1	2
NC_006609.4	7282030	7282190	CCTGTAACAGGGAGGA-1	1
NC_006609.4	7282035	7282106	CATGAGGCATTCCTCG-1	1
NC_006609.4	7282038	7282252	CCTACTGGTTTATCGC-1	1
NC_006609.4	7282040	7282610	CCATCATGTTTGGGTA-1	1
NC_006609.4	7282053	7282109	TTGCGAGTCCGCTAGA-1	1
NC_006609.4	7282087	7282144	AGGTGAATCGCAATCG-1	1
NC_006609.4	7282087	7282250	GCCTTAGAGCTCAAAC-1	1
NC_006609.4	7282089	7282230	AACCTAATCGGCCATA-1	1
NC_006609.4	7282104	7282161	ACCTGGATCGGTCAGC-1	1
NC_006609.4	7282104	7282248	CTCGCTAGTAACGTGC-1	2
NC_006609.4	7282105	7282152	TGCATTAAGTTAGACC-1	1
NC_006609.4	7282106	7282187	CGCTTGCGTTGCACGG-1	1
NC_006609.4	7282119	7282161	CCTGGATCAGACAAAC-1	1
NC_006609.4	7282119	7282172	TAGCCTGAGGCAACAA-1	4
NC_006609.4	7282121	7282288	GAACCAAAGCCGCAGT-1	1
NC_006609.4	7282121	7282435	AGCTAAACATATAACC-1	1
NC_006609.4	7282126	7282189	TGTGATCAGCAGCTAT-1	1
NC_006609.4	7282131	7282197	TATGGCCCACAAAGCG-1	1
NC_006609.4	7282145	7282189	CTAATCGCAAGCTAAA-1	3
NC_006609.4	7282152	7282225	GGCCGTTAGGCGCACT-1	1
NC_006609.4	7282157	7282414	CAAATCATCCGCCAAA-1	1
NC_006609.4	7282162	7282265	TTAGAAGCATGACTAT-1	2
NC_006609.4	7282167	7282250	AGCTATATCTTGGACG-1	2
NC_006609.4	7282167	7282347	TCGACAAGTCAAGACC-1	1
NC_006609.4	7282167	7282396	GTTTGTTTCACCATTT-1	1
NC_006609.4	7282173	7282244	ACGAATCTCTCCTCTT-1	1
NC_006609.4	7282173	7282353	GCTGGTTCAATCCTGA-1	2
NC_006609.4	7282173	7282371	AAGCGAATCTCACACC-1	1
NC_006609.4	7282178	7282286	CAAGTGAAGCTTGCTC-1	1
NC_006609.4	7282178	7282410	CAAACAACAAGCCAGA-1	1
NC_006609.4	7282178	7282437	AAGCGCTGTTTATCGC-1	1
NC_006609.4	7282179	7282232	TACCAGGTCTTAGGGT-1	1
NC_006609.4	7282179	7282410	TGCCATTGTTAAATGC-1	1
NC_006609.4	7282184	7282259	GGCGGTTTCGTGCCTT-1	1
NC_006609.4	7282187	7282275	CACAAGCGTACAATGT-1	1
NC_006609.4	7282189	7282230	TGGACCGGTTTGCTGT-1	1
NC_006609.4	7282189	7282398	CTTAACAAGGTGAAGC-1	2
NC_006609.4	7282189	7282489	GCTCCTTAGCTCCTTA-1	2
NC_006609.4	7282205	7282275	GTTTCAGCAGGAACCA-1	2
NC_006609.4	7282237	7282323	CTTTCTTGTACAAAGA-1	1
NC_006609.4	7282239	7282287	GGGTATTTCCGTTATT-1	1
NC_006609.4	7282240	7282313	CACGCTAAGCTATGAC-1	1
NC_006609.4	7282244	7282396	GTACTTAAGGTTAGAG-1	1
NC_006609.4	7282248	7282321	ACACTAATCGAGCTAT-1	1
NC_006609.4	7282249	7282332	ACGTTACAGCTTCCCG-1	2
NC_006609.4	7282250	7282367	TAATGGACATTAAGTC-1	3
NC_006609.4	7282259	7282327	CCAGACTCATTAGGTT-1	1
NC_006609.4	7282259	7282808	CACAATATCTAACTGA-1	2
NC_006609.4	7282260	7282403	CGTGCTTTCTATGACA-1	1
NC_006609.4	7282265	7282389	TCCACAACACCAGCAT-1	1
NC_006609.4	7282267	7282318	AACAGCAAGTAAGTCC-1	1
NC_006609.4	7282272	7282396	TATGCATCAGATAGAC-1	3
NC_006609.4	7282275	7282332	ATTACTGAGGCTAGAA-1	2
NC_006609.4	7282281	7282433	ATTGCACAGGCGCACT-1	2
NC_006609.4	7282286	7282385	AGGAGCTAGTGAGGGT-1	1
NC_006609.4	7282288	7282820	TTAGCAGGTCACACCC-1	1
NC_006609.4	7282291	7282843	GGTTAATGTGCAATGC-1	1
NC_006609.4	7282295	7282393	TCTAGCCTCGGTCAAT-1	1
NC_006609.4	7282295	7282396	TTTCATCAGAGGAAGG-1	1
NC_006609.4	7282299	7282860	ATTGGCTAGAGGAGGA-1	2
NC_006609.4	7282300	7282435	AGTTGCGTCCCGTTGT-1	3
NC_006609.4	7282306	7282414	CGCAATCCACGTGCTG-1	3
NC_006609.4	7282312	7282351	GCAAACAAGGCAATAG-1	2
NC_006609.4	7282312	7282396	GTAAGCTTCCTGGCTT-1	1
NC_006609.4	7282312	7282403	GCCTCGACAGTTTACG-1	1
NC_006609.4	7282313	7282396	TTTATGGAGGATAAAC-1	1
NC_006609.4	7282318	7282395	GACTTGGTCATAACGC-1	2
NC_006609.4	7282318	7282396	TAGGTGCGTCCAAATG-1	1
NC_006609.4	7282320	7282396	ATGCAAACAATAGCAA-1	3
NC_006609.4	7282321	7282396	AACAAAGGTCCGCTGT-1	1
NC_006609.4	7282328	7282386	CAAAGGATCCGTTAAA-1	1
NC_006609.4	7282332	7282403	ATTACTGAGGCTAGAA-1	1
NC_006609.4	7282336	7282403	TTTCCTGAGCAATAGG-1	1
NC_006609.4	7282337	7282403	CATGCGGGTCAAGACC-1	1
NC_006609.4	7282341	7282396	AGTTACATCTGGTCCT-1	1
NC_006609.4	7282341	7282396	TATCCAGCACCAACCG-1	1
NC_006609.4	7282342	7282396	GCGCGATTCACAGCGC-1	1
NC_006609.4	7282346	7282489	ATATAGGCATCGCTCC-1	1
NC_006609.4	7282353	7282388	CACCTGTTCAGTTCCC-1	2
NC_006609.4	7282353	7282388	GACCTGATCCAATTAG-1	4
NC_006609.4	7282353	7282396	ATAACGACAAGGTGGC-1	1
NC_006609.4	7282353	7282396	CTCTTGATCCGTTAAA-1	2
NC_006609.4	7282353	7282396	GGTTACTAGGAGCAAC-1	1
NC_006609.4	7282371	7282626	ATGACTCAGACACCGC-1	1
NC_006609.4	7282372	7282414	GTCATCACAGAGGGAG-1	1
NC_006609.4	7282385	7282672	AACTAGCTCACAGGAA-1	1
NC_006609.4	7282386	7282425	TTACAGCAGTGAGCAA-1	1
NC_006609.4	7282390	7282433	GATTCAGGTAATCCCT-1	2
NC_006609.4	7282393	7282843	CATAGCTAGTGAAGTG-1	1
NC_006609.4	7282394	7282500	ATGACGAAGGTCGATT-1	1
NC_006609.4	7282394	7282616	TAGCCTTGTGAATCGC-1	1
NC_006609.4	7282395	7282489	CGCACACAGCTTCCCG-1	1
NC_006609.4	7282396	7282433	GCAAACCGTACAAAGA-1	1
NC_006609.4	7282396	7282433	TAGTAAGCAAATTCGT-1	1
NC_006609.4	7282396	7282438	CGCAATAGTGGCTTCC-1	1
NC_006609.4	7282396	7282438	GCATATATCACGCATG-1	1
NC_006609.4	7282396	7282438	GGATTCAGTCCTAGTT-1	1
NC_006609.4	7282396	7282465	TGAGGTGCAATATACC-1	1
NC_006609.4	7282396	7282479	ATTCCTCCAATTAAGG-1	1
NC_006609.4	7282396	7282489	ATATAGGCATTTGCTC-1	1
NC_006609.4	7282396	7282494	TCATGAGGTCTAGCTT-1	1
NC_006609.4	7282396	7282593	ATTTGTGAGACAAACG-1	2
NC_006609.4	7282396	7282706	GGAATCTTCCGCATGA-1	2
NC_006609.4	7282403	7282458	TGGCCAATCGTCAAGT-1	1
NC_006609.4	7282410	7282471	GTCATTAAGGTTAGAG-1	1
NC_006609.4	7282410	7282486	GGTTACCCATTATGCG-1	1
NC_006609.4	7282410	7282685	TGAGCTTAGTCACGAT-1	2
NC_006609.4	7282410	7282938	AGTTACATCGTGCCTT-1	1
NC_006609.4	7282414	7282609	AGTGCGGAGACAAACG-1	1
NC_006609.4	7282420	7282458	AGCTTCCTCGTTTCCA-1	1
NC_006609.4	7282423	7283013	TTGTCAAAGCGATAGA-1	2
NC_006609.4	7282428	7282592	CCAGCTAAGGATCACT-1	1
NC_006609.4	7282428	7282858	GAACTTATCAATGACC-1	1
NC_006609.4	7282435	7282479	GAGGCTTGTGAGGTGA-1	1
NC_006609.4	7282435	7282488	GCTGACCAGTTATGTG-1	1
NC_006609.4	7282435	7282536	TTTAACCTCTATGACA-1	1
NC_006609.4	7282435	7282564	GTACCTTGTTATCGAG-1	1
NC_006609.4	7282435	7282643	TCAAGCTAGCGAGCGA-1	1
NC_006609.4	7282439	7282484	CCTAAATCAACCTAAT-1	1
NC_006609.4	7282443	7282484	TCACCTCAGCTATGAC-1	1
NC_006609.4	7282445	7282513	TTTCCTGAGTAGCGCC-1	6
NC_006609.4	7282456	7282704	GTTCCCAGTTTGCTGT-1	1
NC_006609.4	7282456	7282884	GGAAGCTAGACAAGTG-1	1
NC_006609.4	7282457	7282495	GGATATTGTTGCGCGA-1	1
NC_006609.4	7282467	7282486	CAAACTGGTTCGCGCT-1	1
NC_006609.4	7282474	7282539	AATCGCCCACCCTCAC-1	1
NC_006609.4	7282479	7282524	GGATTATGTTTACGTC-1	1
NC_006609.4	7282479	7282630	AACTCACAGGCACAGG-1	1
NC_006609.4	7282488	7282539	GGCCAACTCAGGAACA-1	1
NC_006609.4	7282489	7282610	TTTAACCTCTATGACA-1	1
NC_006609.4	7282489	7282801	TAGTCAATCATGCTAA-1	2
NC_006609.4	7282495	7282805	CCCGTAAAGTTAGCCG-1	1
NC_006609.4	7282529	7282893	TCTCAATTCAATCTAG-1	2
NC_006609.4	7282531	7282674	TAGCGGACAGAAATGC-1	1
NC_006609.4	7282549	7282606	CATAATCCAGAAACGT-1	2
NC_006609.4	7282587	7283152	TTGCACACAGCTAATT-1	1
NC_006609.4	7282593	7282799	TTACACCGTATTGGAT-1	1
NC_006609.4	7282602	7283508	AGTTGCGTCTCGCCCA-1	1
NC_006609.4	7282611	7282643	CCTGAGTCATATTGAC-1	1
NC_006609.4	7282614	7282672	TGCTTCCAGTAGCTTA-1	2
NC_006609.4	7282617	7282935	ATGAATGCACCTGGTG-1	1
NC_006609.4	7282628	7283009	GAGGCCTTCTCACTCA-1	2
NC_006609.4	7282647	7282690	CTAAGTCAGTAACGGA-1	1
NC_006609.4	7282659	7282704	GGGTTACGTGCATTAG-1	1
NC_006609.4	7282661	7282704	GGAACGGTCTTCAATC-1	1
NC_006609.4	7282669	7282716	CTCCCTGAGCACTAAC-1	1
NC_006609.4	7282671	7282857	ACAAAGGTCGTTCACC-1	1
NC_006609.4	7282672	7282730	TGCTTCATCATGCTTT-1	2
NC_006609.4	7282704	7282806	CCTAAGGTCCTCAGTC-1	1
NC_006609.4	7282704	7283045	GAATTTGTCATTATGG-1	1
NC_006609.4	7282704	7283065	ACTTGTCGTCCAAGAC-1	1
NC_006609.4	7282714	7282955	CGAAGCCTCTGCAAAC-1	1
NC_006609.4	7282714	7282999	CTTCAAGCACAGGATG-1	2
NC_006609.4	7282729	7283254	CTATGAGGTTCACCCA-1	1
NC_006609.4	7282745	7283037	TGGGCATGTTAGGACC-1	2
NC_006609.4	7282747	7282832	ATTGCACAGACAGGCG-1	1
NC_006609.4	7282795	7282875	GCCTTAGAGCTCAAAC-1	1
NC_006609.4	7282796	7282864	TAGCTTGCAGCCGCTA-1	3
NC_006609.4	7282800	7282840	GAAGTAAGTGATTTGG-1	2
NC_006609.4	7282848	7282992	CACGCTAAGGTCAAAG-1	4
NC_006609.4	7282848	7283265	ACCTTGTGTTAGAGCC-1	2
NC_006609.4	7282856	7283007	CTTGTAAAGCTTAACA-1	4
NC_006609.4	7282865	7283025	CTAATCGCATCAATCG-1	2
NC_006609.4	7282872	7282948	CCTCAAACATGAGTTT-1	5
NC_006609.4	7282872	7283075	TGAGTTTCAATGAGGT-1	1
NC_006609.4	7282872	7283233	GTCCAAGTCTGGCATG-1	1
NC_006609.4	7282877	7282947	GGAACGGTCATTCATC-1	5
NC_006609.4	7282882	7282994	GAGTAATAGGGCTTTG-1	1
NC_006609.4	7282882	7283021	CGCCACACAGGTCCTG-1	1
NC_006609.4	7282901	7282938	TGAGCCGGTCATAAGT-1	2
NC_006609.4	7282928	7282967	ATCATCAAGCGAAGTA-1	1
NC_006609.4	7282931	7283030	TGAGCTTAGTCAATCA-1	2
NC_006609.4	7282931	7283051	GTGATCAGTTTGCTGT-1	1
NC_006609.4	7282938	7283013	ATGGTCTAGAGGGACT-1	1
NC_006609.4	7282938	7283030	GAGCTGCTCGTGCTTC-1	1
NC_006609.4	7282943	7283030	CGCCACACAGGTCCTG-1	1
NC_006609.4	7282943	7283064	CGCGATTCAATATAGG-1	2
NC_006609.4	7282955	7283149	TTAGCGGTCATTAGCA-1	2
NC_006609.4	7282961	7283162	TGTGGCGGTCCTAAGA-1	5
NC_006609.4	7282969	7283178	TTTAGGATCATCAGTA-1	1
NC_006609.4	7282987	7283085	ATCATCAAGCGAAGTA-1	5
NC_006609.4	7282994	7283462	TTCACTGTCTGTGCCT-1	1
NC_006609.4	7283004	7283051	GAAGTAAGTGATTTGG-1	2
NC_006609.4	7283014	7283141	CTTGCGCGTGGATGTC-1	1
NC_006609.4	7283015	7283233	AACAGGATCATTGTCT-1	1
NC_006609.4	7283034	7283123	CCAGCTGCACAACAAA-1	1
NC_006609.4	7283055	7283152	ATCGAGGCATTGTTGG-1	2
NC_006609.4	7283061	7283431	GTAGGTGCAGAGAGCC-1	1
NC_006609.4	7283063	7283267	CCGCCAACACTCAACA-1	1
NC_006609.4	7283065	7283243	GGCCTTAAGGCTAGAA-1	2
NC_006609.4	7283071	7283218	GAGTAATAGGGCTTTG-1	1
NC_006609.4	7283085	7283129	ATCATCAAGCGAAGTA-1	1
NC_006609.4	7283119	7283250	TGCCATTGTGAACAAA-1	1
NC_006609.4	7283123	7283195	CCAGCTGCACAACAAA-1	4
NC_006609.4	7283125	7283172	CCTAAATCAAATGCCC-1	3
NC_006609.4	7283125	7283340	GTTCATTTCCCGCCTA-1	2
NC_006609.4	7283143	7283544	ATGATGACACTGGCTG-1	1
NC_006609.4	7283151	7283348	GGTGTCCAGGAGGCAT-1	1
NC_006609.4	7283154	7283554	TACTCAAAGTCAGTAC-1	1
NC_006609.4	7283157	7283349	ACTAACCAGAGAAGGG-1	1
NC_006609.4	7283162	7283193	GCTAAGCGTGGTTCTT-1	1
NC_006609.4	7283188	7283233	GGTCAAGCAATAACCT-1	1
NC_006609.4	7283193	7283257	ACCGGCTAGCGATACT-1	1
NC_006609.4	7283195	7283274	CTTCACTCATTGTTGG-1	1
NC_006609.4	7283203	7283374	ATGCAGGCACCTGCCT-1	2
NC_006609.4	7283203	7283399	GGGTGTTGTGGAGCAA-1	1
NC_006609.4	7283217	7283418	CTAAATGTCCTCATGC-1	1
NC_006609.4	7283231	7283382	GCTATTGCATTGTTGG-1	1
NC_006609.4	7283233	7283267	CCGTTATGTTGAAGCC-1	1
NC_006609.4	7283243	7283328	GCGCTTAAGGCTTAAC-1	4
NC_006609.4	7283243	7283390	AGTCAATGTTGGATCA-1	3
NC_006609.4	7283243	7283407	TGGTCAAGTTACATCC-1	2
NC_006609.4	7283277	7283437	TATTCGTTCCCTGACT-1	1
NC_006609.4	7283279	7283426	GGGATTAAGTGAGGGT-1	1
NC_006609.4	7283340	7283374	GAGTTGCGTATTACCC-1	1
NC_006609.4	7283363	7283703	TTGCACACAGCTAATT-1	1
NC_006609.4	7283367	7283399	GCGAAGTAGTAACGGA-1	1
NC_006609.4	7283367	7283487	CAAACGCGTAGTAAGA-1	1
NC_006609.4	7283368	7283543	CACGCTAAGCTATGAC-1	1
NC_006609.4	7283374	7283410	TCCAGGATCAATGACC-1	1
NC_006609.4	7283409	7283473	GCTTAACAGCTATATG-1	3
NC_006609.4	7283423	7283501	CATAATGTCTCCTCAA-1	1
NC_006609.4	7283433	7283487	TGGACGGAGGCTACTG-1	1
NC_006609.4	7283442	7283520	TAGACCAGTCGTAAAT-1	1
NC_006609.4	7283457	7283526	GCTGAGGAGCTAAAGG-1	1
NC_006609.4	7283462	7283520	TATGGTCAGAACAAGT-1	2
NC_006609.4	7283477	7283556	GGCTTCAAGAATCTCA-1	4
NC_006609.4	7283479	7283515	TACCAAATCCCATAAA-1	1
NC_006609.4	7283501	7283617	CCACACAAGTGTTGCG-1	1
NC_006609.4	7283501	7284037	ATATAGGCACGAACAG-1	2
NC_006609.4	7283513	7283574	CGCGATTCAATTAGGA-1	1
NC_006609.4	7283513	7283589	ACCTAAGGTGTTGCTT-1	1
NC_006609.4	7283513	7283667	TAGCGGACAGAAATGC-1	1
NC_006609.4	7283526	7283573	TTTAGGATCATCAGTA-1	1
NC_006609.4	7283526	7283649	CCCAATTGTGTTTGTC-1	1
NC_006609.4	7283573	7283781	TTTAGGATCATCAGTA-1	1
NC_006609.4	7283617	7283766	TGATCAGGTTCCTCCT-1	1
NC_006609.4	7283624	7283847	AATACCGGTTGTTGGA-1	1
NC_006609.4	7283625	7283787	GAGGCCTTCGTTAGCG-1	1
NC_006609.4	7283626	7284349	ATCCGTGAGTAATCCA-1	2
NC_006609.4	7283636	7284180	TAGCTTGCAGCCGCTA-1	1
NC_006609.4	7283640	7284141	GGCTGTCAGCTTAACA-1	2
NC_006609.4	7283669	7283701	GCGGAACCAACAACAA-1	1
NC_006609.4	7283693	7283766	CACATACAGTAGCCAT-1	2
NC_006609.4	7283715	7283781	AATAACCGTAGGTTTG-1	2
NC_006609.4	7283729	7283897	GCGTTTCTCAAATCGC-1	2
NC_006609.4	7283729	7284166	CGAATCTAGCTCAAAC-1	1
NC_006609.4	7283799	7284037	CCGCAAGGTTGGATCA-1	2
NC_006609.4	7283814	7283951	CATAGGCGTCCTTTAA-1	1
NC_006609.4	7283847	7283887	GTAGTTATCGAGGTGG-1	2
NC_006609.4	7283857	7284305	GATCGCTCAGGATAAC-1	1
NC_006609.4	7283875	7283945	ACGTACCCAAACCTTG-1	1
NC_006609.4	7283899	7284081	CTTTGGGAGACAGGTA-1	1
NC_006609.4	7283909	7283993	CTTACCGGTTCACCCA-1	4
NC_006609.4	7283919	7284051	GCTTATCGTCATAACG-1	3
NC_006609.4	7283939	7283979	TTTCTCACATAAAGCA-1	1
NC_006609.4	7283945	7284352	GATGGCTGTACCGTTT-1	1
NC_006609.4	7283947	7284150	CATGCAAGTGTCCAGG-1	1
NC_006609.4	7283979	7284151	AGCACTAGTACGCGCA-1	1
NC_006609.4	7284037	7284224	CTAAGGTTCTTAGGAC-1	1
NC_006609.4	7284037	7284224	GCCTGAGGTGAAACAA-1	1
NC_006609.4	7284056	7284219	TCGACAAGTAGCTAAT-1	1
NC_006609.4	7284063	7284248	CTATAACCAGATAGAC-1	5
NC_006609.4	7284071	7284444	GAAAGGCTCCCTGGAA-1	2
NC_006609.4	7284081	7284109	CTTACCGGTTCACCCA-1	1
NC_006609.4	7284108	7284152	AGCCGGTTCTGGCAAT-1	1
NC_006609.4	7284109	7284265	GGTACTTAGTGAGGGT-1	2
NC_006609.4	7284114	7284445	ATGAGCCGTCACAGAC-1	2
NC_006609.4	7284127	7284627	CCTAAGCCACTAAGTT-1	1
NC_006609.4	7284128	7284171	AGATGAAGTTCACTGT-1	1
NC_006609.4	7284139	7284173	GGCTCAATCTATGACA-1	1
NC_006609.4	7284141	7284305	GGTATTGGTTGTCATC-1	2
NC_006609.4	7284166	7284209	AAGTTACGTACAATGT-1	1
NC_006609.4	7284171	7284209	AGATGAAGTTCACTGT-1	1
NC_006609.4	7284176	7284347	GACACCGGTTTGGGCG-1	1
NC_006609.4	7284183	7284229	TTGTGTGCATGGAGGC-1	1
NC_006609.4	7284183	7284424	CTCCATCAGCTAAGTC-1	1
NC_006609.4	7284185	7284229	GGGATTAAGCACGTTG-1	2
NC_006609.4	7284185	7284258	TTAATCGAGTGAGCGG-1	1
NC_006609.4	7284185	7284458	GCATTAGGTCTAACAG-1	1
NC_006609.4	7284194	7284241	TCAGCCTTCGTTACTT-1	1
NC_006609.4	7284195	7284252	CGTTAAATCAATCTCT-1	1
NC_006609.4	7284197	7284282	CCTCCTCTCCGCCTCA-1	3
NC_006609.4	7284199	7284239	CTCCAACTCGGTTTCC-1	1
NC_006609.4	7284209	7284294	GCGAAGCCAATGCCTA-1	2
NC_006609.4	7284209	7284687	ATGTTCAAGACCATAC-1	1
NC_006609.4	7284209	7284768	CTTCAAGCACAGGATG-1	1
NC_006609.4	7284229	7284292	GGTTTCCTCATTACTC-1	3
NC_006609.4	7284229	7284458	ACTGAATGTTGACTTC-1	1
NC_006609.4	7284240	7284282	CTTTGGGAGACAGGTA-1	2
NC_006609.4	7284258	7284349	TGCCTGTTCCCATAGG-1	2
NC_006609.4	7284258	7284389	GCACGAACAGAAACGT-1	2
NC_006609.4	7284265	7284303	GCCTGCTGTTGCGCGA-1	1
NC_006609.4	7284282	7284323	CTTGTTCCAGTTAGCC-1	1
NC_006609.4	7284282	7284486	CTATGAGGTTCACCCA-1	2
NC_006609.4	7284292	7284410	GTTACCTGTACCAGGT-1	1
NC_006609.4	7284292	7284538	GGATACTTCACCAATA-1	1
NC_006609.4	7284310	7284462	CATAAGCTCGGTAACT-1	2
NC_006609.4	7284319	7284681	TTAGTCAAGGGATGAC-1	2
NC_006609.4	7284394	7284912	AATCCTAAGTTAGTGC-1	1
NC_006609.4	7284406	7284639	GCTGACATCCTTTACG-1	1
NC_006609.4	7284418	7284524	CTTCAAGCAGTTAGCC-1	1
NC_006609.4	7284455	7284854	TGAGGAGGTGGTGAGA-1	1
NC_006609.4	7284458	7284535	GGGATTAAGTGAGGGT-1	1
NC_006609.4	7284458	7285008	CGCACACAGCTCAAAC-1	1
NC_006609.4	7284460	7284537	ATTACGTCAGCTACGT-1	1
NC_006609.4	7284484	7284649	GCTCATTGTGCTCACC-1	3
NC_006609.4	7284522	7285153	AGGGTTGCAGCCTGCA-1	1
NC_006609.4	7284529	7284718	TTAGTCAAGTTGGCCA-1	1
NC_006609.4	7284537	7284588	ATTACGTCAGCTACGT-1	1
NC_006609.4	7284556	7284615	AGAGGATGTAGCCATA-1	1
NC_006609.4	7284562	7284669	TAGCTAGGTAATGACT-1	1
NC_006609.4	7284572	7284945	CGCTCAGCAATGCCTA-1	1
NC_006609.4	7284595	7284663	GCAGGTGAGTCTATGA-1	1
NC_006609.4	7284595	7284665	GGGATTAAGTGAGGGT-1	1
NC_006609.4	7284613	7284913	ATCAAGACAAGTGTTT-1	2
NC_006609.4	7284627	7284705	GTTCTTAGTGCATCGG-1	1
NC_006609.4	7284630	7284838	CCTGATGAGCAGCTAT-1	1
NC_006609.4	7284630	7284941	CCGTTTGGTTGGCCGA-1	2
NC_006609.4	7284632	7284699	ACCGGCTAGCGATACT-1	1
NC_006609.4	7284661	7284693	TGTGGCGGTCCTAAGA-1	1
NC_006609.4	7284663	7284833	ACTAATCCATTCCTGT-1	1
NC_006609.4	7284705	7285156	GGCCAACTCAGGAACA-1	1
NC_006609.4	7284712	7285132	TCAAGTATCTAAGTCA-1	1
NC_006609.4	7284767	7285007	TGCTTAAAGTAAAGGT-1	1
NC_006609.4	7284768	7284978	CTTCAAGCACAGGATG-1	3
NC_006609.4	7284788	7284853	CTCCAACTCGGTTTCC-1	5
NC_006609.4	7284827	7284873	TGGTTCCTCGCATTAA-1	1
NC_006609.4	7284861	7285418	GGAATCTTCAATGAGG-1	2
NC_006609.4	7284862	7285093	ATTACGTCAGCTACGT-1	2
NC_006609.4	7284862	7285242	GGATGGCCACCAGCAT-1	1
NC_006609.4	7284873	7284978	TATGGGCGTCCACAAA-1	1
NC_006609.4	7284884	7285109	CCGCTAAAGGTAACGA-1	1
NC_006609.4	7284908	7285252	ACGCAAGCAATTTAGC-1	1
NC_006609.4	7284929	7285014	CTTCAAGCACAGGATG-1	1
NC_006609.4	7284930	7285242	CGAGTCGGTCCAAATG-1	1
NC_006609.4	7284938	7285244	ACACGGACATAGACCC-1	1
NC_006609.4	7284967	7285088	AGGTACGCATTCAGCA-1	5
NC_006609.4	7284967	7285109	GCGCTAGGTCCAAATG-1	1
NC_006609.4	7284988	7285196	ACTGAATGTCACCAAA-1	1
NC_006609.4	7285010	7285153	ATATGCTCAACACTTG-1	1
NC_006609.4	7285038	7285493	ATGATGACACGAATTT-1	1
NC_006609.4	7285040	7285081	AAAGCCCGTAGGTTAT-1	5
NC_006609.4	7285082	7285156	TCAAGACTCACTAGGT-1	1
NC_006609.4	7285084	7285376	GTGCTCCGTTCGGTAA-1	1
NC_006609.4	7285109	7285252	CCTAAGGTCATTAGTG-1	1
NC_006609.4	7285121	7285245	GATTGATGTGATGAAA-1	1
NC_006609.4	7285146	7285289	TTCAACCGTTAATGCG-1	2
NC_006609.4	7285153	7285238	TCTAGCGAGTAATCCA-1	1
NC_006609.4	7285153	7285376	ATTACCCGTAATCCCT-1	1
NC_006609.4	7285156	7285377	CCTTATGTCTAAGGTC-1	1
NC_006609.4	7285156	7285395	GTAGGAGGTGATGAGG-1	1
NC_006609.4	7285156	7285418	TGATCCTGTTAAATGC-1	1
NC_006609.4	7285156	7285853	TTTGTGAAGTTGTCCC-1	1
NC_006609.4	7285158	7285208	GGTAAACCATCCATCT-1	1
NC_006609.4	7285161	7285289	GCCTGAGGTGAAACAA-1	2
NC_006609.4	7285172	7285235	TCGTCAACATGTCGCG-1	1
NC_006609.4	7285174	7285235	GAGGTGAGTTCGCGCT-1	2
NC_006609.4	7285174	7285247	CGGCCATAGGTCGATT-1	1
NC_006609.4	7285174	7285412	TAATCCGCACAGAAAC-1	3
NC_006609.4	7285181	7285695	TCCGGTTTCATAACGC-1	1
NC_006609.4	7285187	7285242	CTTGCGCGTTTGTCTA-1	1
NC_006609.4	7285191	7285371	GTCCTAGAGATTGAGG-1	1
NC_006609.4	7285196	7285272	AGGCAGGTCCCGTTAC-1	1
NC_006609.4	7285196	7285285	TTGCGAGTCCCGCAAA-1	1
NC_006609.4	7285196	7285457	TAGTGAGAGGAGGACT-1	2
NC_006609.4	7285201	7285242	CGTAACTAGGACCTCA-1	1
NC_006609.4	7285205	7285467	AGACAATAGCTGGCTA-1	1
NC_006609.4	7285206	7285360	CGCGATTCAATATAGG-1	3
NC_006609.4	7285206	7285376	CGTTAAATCCCGAACA-1	1
NC_006609.4	7285206	7285560	AGACAATAGCAGGTTT-1	1
NC_006609.4	7285230	7285275	GGGATTAAGGCGAAAC-1	2
NC_006609.4	7285230	7285353	TGAGTGAAGGAACCAA-1	3
NC_006609.4	7285235	7285651	GCACTAAGTGTTCCCA-1	1
NC_006609.4	7285238	7285302	GAGGCAAGTTAGGCGT-1	1
NC_006609.4	7285242	7285285	CTGATCACAGGCTAAG-1	1
NC_006609.4	7285242	7285289	CTACAACAGTTACCGG-1	1
NC_006609.4	7285242	7285376	ACGGTACGTTCGCTTG-1	1
NC_006609.4	7285242	7285376	CGAGTCGGTCCAAATG-1	2
NC_006609.4	7285242	7285475	CGAAGGCCATGTCGCG-1	1
NC_006609.4	7285242	7285626	GCTGACCAGGCAACAA-1	2
NC_006609.4	7285242	7285661	GTACTTCGTTAGTACG-1	1
NC_006609.4	7285247	7285285	CTAGTCGAGCAAGGTA-1	1
NC_006609.4	7285250	7285377	GCATATATCTTAGCGG-1	2
NC_006609.4	7285259	7285398	GACTTGGTCATGCTAA-1	1
NC_006609.4	7285275	7285419	AACGGTAAGAAGCTAG-1	1
NC_006609.4	7285277	7285483	TCTACTAGTATACTGG-1	1
NC_006609.4	7285279	7285364	GGTACTAGTGTTGCAA-1	2
NC_006609.4	7285284	7285649	CTCTGTTCAGCTTAAT-1	1
NC_006609.4	7285285	7285518	TGTAACTCAGTTATCG-1	2
NC_006609.4	7285287	7285362	AATCATCCAGCTCATA-1	1
NC_006609.4	7285289	7285331	TGACTTCGTCAGGCAT-1	1
NC_006609.4	7285289	7285365	GTGGCTTCAACTAACT-1	2
NC_006609.4	7285290	7285367	GAACTTATCCATAAGC-1	1
NC_006609.4	7285290	7285370	AGGACTAAGTGAGGTA-1	1
NC_006609.4	7285300	7285360	TATAGGTGTGTGTGGT-1	1
NC_006609.4	7285300	7285658	CCTAAATCAAATGCCC-1	1
NC_006609.4	7285310	7285384	AAAGCGGGTCCGTAGG-1	1
NC_006609.4	7285311	7285376	GGATACTTCCCGCCTA-1	2
NC_006609.4	7285311	7285526	ACCCTGTTCCTCGATC-1	1
NC_006609.4	7285311	7285661	CGCCTCATCGAGGAGT-1	2
NC_006609.4	7285332	7285414	TCAGCCTTCTCGCCCA-1	3
NC_006609.4	7285337	7285376	AAGTTAGCAAGACTCC-1	1
NC_006609.4	7285343	7285377	CTAAGGTTCCGTTATT-1	1
NC_006609.4	7285356	7285649	TACAGGTTCGGTCAAT-1	2
NC_006609.4	7285357	7285419	GATTAAGCAGCTAATT-1	1
NC_006609.4	7285361	7285679	CGCGATTCAATATAGG-1	1
NC_006609.4	7285362	7285541	TGTGAAACAGGAACTG-1	1
NC_006609.4	7285363	7285418	TAGTAAGCAAATTCGT-1	2
NC_006609.4	7285363	7285504	GCGATTTAGGGACCTC-1	2
NC_006609.4	7285363	7285644	TATGACATCAGGAACA-1	1
NC_006609.4	7285363	7285726	ATCACTAAGACAAGTG-1	1
NC_006609.4	7285365	7285715	GATTACGGTTATGTGG-1	1
NC_006609.4	7285370	7285543	AGCCAGTGTATTCGTC-1	1
NC_006609.4	7285371	7285658	CTAATCGCAAGCTAAA-1	1
NC_006609.4	7285376	7285462	TACAGGTTCGCTAGAT-1	1
NC_006609.4	7285376	7285472	TCAACAATCTGTGCCT-1	1
NC_006609.4	7285376	7285483	ATTGGCTAGTCCTTCA-1	1
NC_006609.4	7285376	7285590	GTTCTCATCGGCCAGT-1	1
NC_006609.4	7285376	7285599	CCTAAGGTCTAAGTGC-1	2
NC_006609.4	7285377	7285447	TGATGAACACCTGCTC-1	1
NC_006609.4	7285381	7285632	AAACCGCGTACTTCAC-1	1
NC_006609.4	7285384	7285541	TGGTGCATCGTTTCGC-1	1
NC_006609.4	7285387	7285443	TGGTTCTGTAGTAAGA-1	2
NC_006609.4	7285388	7285457	CCTAAATCAAATGCCC-1	1
NC_006609.4	7285395	7285446	ATATGGTGTGATCATG-1	1
NC_006609.4	7285403	7285457	ACAGTATGTTACCGGG-1	1
NC_006609.4	7285405	7285457	GGGTTACGTAATCGCA-1	1
NC_006609.4	7285414	7285476	GGCCGTTAGTGAGCGG-1	1
NC_006609.4	7285414	7285563	GCACCTAAGGAGGGTT-1	2
NC_006609.4	7285419	7285606	GTGATCAGTCACAAAT-1	1
NC_006609.4	7285426	7285470	CGTTGCAAGCTAAGTC-1	1
NC_006609.4	7285438	7285518	CATGCAAGTGTCCAGG-1	1
NC_006609.4	7285446	7285632	GGCGGTTTCGTGCCTT-1	1
NC_006609.4	7285449	7285526	TGTAATGTCTCCATGC-1	1
NC_006609.4	7285452	7285517	AAGTTTGTCCCATAGG-1	1
NC_006609.4	7285456	7285501	TGATCAATCTGTAATG-1	3
NC_006609.4	7285457	7285499	CCTGAGTCAGAGAGCC-1	1
NC_006609.4	7285462	7285533	ATTGCACAGGCGCACT-1	2
NC_006609.4	7285464	7285552	ATGACAACAGTTATCG-1	1
NC_006609.4	7285475	7285560	CTCGCTCCATCACAGC-1	2
NC_006609.4	7285485	7285651	CCGTTAACATAAGTTC-1	1
NC_006609.4	7285491	7285548	ATAGATGCAAACAACA-1	1
NC_006609.4	7285493	7285552	AATCCATCACTAAGTT-1	1
NC_006609.4	7285493	7285552	TTCCCACAGCTCAAAC-1	1
NC_006609.4	7285493	7285568	ATGGCTGTCATTGACA-1	1
NC_006609.4	7285493	7285642	GCCTGAGGTGAAACAA-1	4
NC_006609.4	7285493	7285658	GTGCTCCGTTCGGTAA-1	2
NC_006609.4	7285493	7285672	ATTGCGCCAGGTTAAA-1	1
NC_006609.4	7285494	7285632	AGTCCTTGTAACTACG-1	1
NC_006609.4	7285494	7285658	TAGCTTAAGTAGCTTA-1	1
NC_006609.4	7285497	7285543	AAGTTTGTCCCATAGG-1	1
NC_006609.4	7285497	7285545	CAGCAAGCAATATGGA-1	1
NC_006609.4	7285499	7285588	TATGAAGCAACCTAAT-1	1
NC_006609.4	7285501	7285570	GGTCTTTGTAGTTAAC-1	1
NC_006609.4	7285501	7285605	GGGATTAAGGCCGGAA-1	1
NC_006609.4	7285501	7285651	ATATGCTCAGTAGGTG-1	3
NC_006609.4	7285504	7285565	AGCAAATAGCTATGAC-1	5
NC_006609.4	7285506	7285552	CATTGTGCACCTGGTG-1	1
NC_006609.4	7285506	7285582	GGTCCGTAGTCATTTC-1	1
NC_006609.4	7285506	7285604	GCCAGGTTCGCTCACT-1	1
NC_006609.4	7285508	7285582	TTAAAGGCAGGTTCAC-1	1
NC_006609.4	7285516	7285596	CACTAAGGTGGTGAGA-1	3
NC_006609.4	7285516	7285598	GACGCAACATGTTGGC-1	1
NC_006609.4	7285521	7285624	CGCGGATTCGCGCTAA-1	2
NC_006609.4	7285526	7285627	CCAGTTTGTCTCAGCC-1	1
NC_006609.4	7285526	7285661	CCTAAAGGTCAGGCCA-1	2
NC_006609.4	7285528	7285565	AGAAACTAGATAAAGC-1	1
NC_006609.4	7285528	7285604	CATGGCGGTTGAATCG-1	4
NC_006609.4	7285528	7285661	GACTAATGTTAAGCCA-1	1
NC_006609.4	7285533	7285606	TAGCCTTGTGAATCGC-1	1
NC_006609.4	7285533	7285653	CAGCTAAGTAGGTGTC-1	3
NC_006609.4	7285533	7285658	CACGCTAAGGTTAGCT-1	1
NC_006609.4	7285535	7285613	CAGGCTGGTTTCCTCC-1	2
NC_006609.4	7285538	7285582	CAAACTGGTTAGTTGG-1	1
NC_006609.4	7285538	7285637	CCTAAGGTCTAATCAG-1	1
NC_006609.4	7285539	7285589	AAACCGCGTTATCGAG-1	1
NC_006609.4	7285540	7285624	TTGTCCGGTTACCTGT-1	3
NC_006609.4	7285543	7285599	TCAGCGATCGGCCATA-1	2
NC_006609.4	7285545	7285625	TGTGGAGCAGCTCATA-1	1
NC_006609.4	7285545	7285651	AAATGGCCACTTCATC-1	1
NC_006609.4	7285546	7285632	TGTTCATTCACGAATC-1	1
NC_006609.4	7285551	7285649	GAGGCCTTCAATGTCA-1	1
NC_006609.4	7285557	7285763	TGCCATTGTAGGTTGC-1	1
NC_006609.4	7285558	7285681	TACCTGCTCTCATCAT-1	1
NC_006609.4	7285562	7285603	ACTATGTCAGCTACGT-1	1
NC_006609.4	7285562	7285606	CTCTATGTCAAGTGTC-1	2
NC_006609.4	7285562	7285697	ACGAGTAAGCTGTAAC-1	1
NC_006609.4	7285563	7285918	GGGTCAACAGGAAGCC-1	1
NC_006609.4	7285565	7285661	CCTTATGTCTATCGCC-1	1
NC_006609.4	7285565	7285672	ATTGCGCCAGGTTAAA-1	1
NC_006609.4	7285570	7285730	AGTCTTGCATTGTGCA-1	1
NC_006609.4	7285573	7285632	GAGCTTAGTGAGCGAA-1	1
NC_006609.4	7285580	7285632	ACGAGTAAGCATGACT-1	1
NC_006609.4	7285580	7285632	GGAAGTATCCTTGTTG-1	3
NC_006609.4	7285580	7285701	CGCTAATAGTCAGGCC-1	2
NC_006609.4	7285582	7285612	GTCCAAGTCATAGCCG-1	2
NC_006609.4	7285582	7285649	GCTGACCAGCTATTAG-1	1
NC_006609.4	7285582	7285677	TCTCGCCCATTAGGCC-1	1
NC_006609.4	7285583	7285778	TGGATTCAGCGAGCGA-1	2
NC_006609.4	7285589	7285654	GATAGACCACCAACCG-1	2
NC_006609.4	7285594	7285642	AACCTTAAGTTGTCCC-1	3
NC_006609.4	7285594	7285651	GAGCTTAGTGAGCGAA-1	3
NC_006609.4	7285598	7285632	ACGGTTAGTGCTAGAC-1	1
NC_006609.4	7285598	7285661	GGTTAGCGTTTAGCTC-1	1
NC_006609.4	7285599	7285647	TACGTTAAGCATGGTT-1	1
NC_006609.4	7285599	7285654	AATCCATCACTAAGTT-1	1
NC_006609.4	7285599	7285663	CTAATCGCATCCTGAA-1	1
NC_006609.4	7285601	7285663	GCAGGACCAGGAATCG-1	1
NC_006609.4	7285602	7285644	GGAACCTGTGGAAACG-1	2
NC_006609.4	7285604	7285647	GATTCAGGTATGGTGC-1	1
NC_006609.4	7285604	7285660	TGGGCCTAGCCAGTAT-1	2
NC_006609.4	7285605	7285649	TACTTGTTCTTGGATA-1	1
NC_006609.4	7285609	7285654	CTAGTCGAGCAAGGTA-1	1
NC_006609.4	7285611	7285658	CCGCTTAGTTATTGCC-1	1
NC_006609.4	7285622	7285681	TGCTTCCAGGTGCTGC-1	1
NC_006609.4	7285622	7285700	AAACCGCGTACTTCAC-1	2
NC_006609.4	7285624	7285705	AGTGCCGGTCACGAAC-1	1
NC_006609.4	7285633	7285888	TTGCTTTAGCTTCTCA-1	1
NC_006609.4	7285642	7285957	ATCATCAAGGTTACGT-1	1
NC_006609.4	7285649	7285715	TGAGTGAAGCAAACCT-1	1
NC_006609.4	7285649	7285726	GTTTCTAGTTATAGCG-1	2
NC_006609.4	7285649	7285763	CGCTAACCATTGGGAG-1	1
NC_006609.4	7285649	7286013	TACTTGTTCTTGGATA-1	2
NC_006609.4	7285651	7285686	GGCGATACATAAACCT-1	1
NC_006609.4	7285651	7285882	GGCCTTCGTCCAAGAC-1	3
NC_006609.4	7285654	7285715	CGTAACTAGCTCAAAC-1	3
NC_006609.4	7285654	7285876	CAAGTAACATGCAACC-1	1
NC_006609.4	7285658	7285705	GCAATAGAGCAAGGGT-1	1
NC_006609.4	7285658	7285715	CAATAGCTCCTAAGAC-1	1
NC_006609.4	7285658	7285778	GGCAAATCACCTGCCT-1	3
NC_006609.4	7285658	7285982	CAATGAACATAATCAC-1	1
NC_006609.4	7285658	7286225	GTGTCCAAGCGGATTT-1	3
NC_006609.4	7285661	7285730	ATTACCGCAATTATGC-1	2
NC_006609.4	7285661	7285730	GAGCTTAGTGAGCGAA-1	2
NC_006609.4	7285661	7285961	CTACAACAGTTAGAGG-1	1
NC_006609.4	7285661	7285982	GCCCATAAGCTGGACC-1	2
NC_006609.4	7285661	7286303	CAGCTAAGTACGCGCA-1	1
NC_006609.4	7285663	7285738	CTGCTCCCAAGTTATC-1	2
NC_006609.4	7285663	7286278	TTAAGGACAATATAGG-1	1
NC_006609.4	7285678	7285778	TCCAGGATCATGCTTT-1	3
NC_006609.4	7285678	7286151	GCTGACCAGCTATTAG-1	1
NC_006609.4	7285681	7285715	ATGAGCCGTCACAGAC-1	2
NC_006609.4	7285684	7285890	CCGTTAACAGCTACGT-1	1
NC_006609.4	7285686	7286142	TTATCCTAGCCGCTTT-1	1
NC_006609.4	7285695	7285876	CAGCAAGCATAAGCAA-1	2
NC_006609.4	7285705	7285758	GCCAGGAAGCAAGGGT-1	2
NC_006609.4	7285715	7285764	TGAGCTTAGCTTGCTC-1	1
NC_006609.4	7285715	7285778	GAGCGGTCAAGTAAGC-1	1
NC_006609.4	7285753	7285928	TAGGTTGGTCCTAAGA-1	1
NC_006609.4	7285759	7285920	TACTCAAAGCTTATGA-1	2
NC_006609.4	7285778	7285849	TCGCATTGTAGTTAAC-1	1
NC_006609.4	7285778	7285858	TGGCGGTTCGGTCAGC-1	1
NC_006609.4	7285778	7285865	TTAGGATGTGAAACAA-1	1
NC_006609.4	7285783	7286084	GCTTAGTAGTCACCAG-1	2
NC_006609.4	7285829	7286248	ATGAATGCAAGCTTAT-1	1
NC_006609.4	7285837	7285980	TTTGCGGAGGACGTAA-1	1
NC_006609.4	7285844	7285913	AGTTACATCGTGCCTT-1	1
NC_006609.4	7285861	7286207	GCATTAGGTCTAACAG-1	1
NC_006609.4	7285863	7285903	CGTAACTAGCTCAAAC-1	1
NC_006609.4	7285863	7286050	ATAAGTCGTAACCAGC-1	2
NC_006609.4	7285866	7285927	TCAAGTATCTTGCAGG-1	2
NC_006609.4	7285871	7285916	CATGCATAGCCTGTGA-1	1
NC_006609.4	7285876	7286044	ATGAGCCGTCACAGAC-1	1
NC_006609.4	7285888	7285931	CATAGGCGTAACAGGG-1	3
NC_006609.4	7285908	7286034	AGCGCCTAGGTGCGGA-1	1
NC_006609.4	7285913	7286104	CAACTAGGTGAGCGAA-1	1
NC_006609.4	7285921	7285956	GTTACGCCAAATTGCT-1	1
NC_006609.4	7285925	7285995	CACATACAGGTTTGAC-1	3
NC_006609.4	7285925	7286013	GTTCGCTTCTTGCATT-1	1
NC_006609.4	7285925	7286072	GTCCTCCCAAGGATTA-1	1
NC_006609.4	7285947	7285984	TCGGTTACACATAACT-1	3
NC_006609.4	7285951	7286302	ATCCTTAGTGTCCAAA-1	1
NC_006609.4	7285959	7286147	TGTGGAGCACCGTTCC-1	1
NC_006609.4	7285966	7286013	TCAGTAGGTTTACTTG-1	1
NC_006609.4	7285982	7286010	CGGTGAGAGGTGAAGC-1	1
NC_006609.4	7285984	7286013	AAGCCACGTTTGTTGC-1	2
NC_006609.4	7285986	7286073	CTTAATGAGAGAAGGG-1	1
NC_006609.4	7285988	7286060	CGCGATTCAATATAGG-1	1
NC_006609.4	7285995	7286073	GTCCTAGAGGGCTAAA-1	1
NC_006609.4	7285997	7286189	GATTCATCATAATTGC-1	1
NC_006609.4	7286005	7286199	GACCTGCAGCTCGCTT-1	2
NC_006609.4	7286015	7286154	ATACCTGCAGGTTATT-1	1
NC_006609.4	7286083	7286276	CCTATAGCATTTAAGC-1	2
NC_006609.4	7286094	7286124	ACTGAATGTAATGGAA-1	1
NC_006609.4	7286097	7286189	GCGAGTGAGATGCCTG-1	1
NC_006609.4	7286150	7286189	TTACGTTTCGTTATCT-1	1
NC_006609.4	7286157	7286189	AACTAGTGTCCTAACT-1	2
NC_006609.4	7286161	7286380	GCCACACAGGCGCTTA-1	2
NC_006609.4	7286213	7286253	AGCTACTAGACAACAG-1	1
NC_006609.4	7286231	7286425	CTATGTTTCATGCCTC-1	1
NC_006609.4	7286278	7286354	TTAGTCAAGGGATGAC-1	1
NC_006609.4	7286298	7286623	CTATAACCAGATAGAC-1	1
NC_006609.4	7286312	7286569	CGGCAATGTCCTCCAA-1	1
NC_006609.4	7286388	7286555	GTTGGAGCATCCAGGT-1	1
NC_006609.4	7286393	7286495	CGCTAACCAATCCCTT-1	1
NC_006609.4	7286393	7286792	ACCAATATCCGTTAAA-1	3
NC_006609.4	7286417	7286617	TCACCGGCAGCCGCTA-1	1
NC_006609.4	7286436	7286554	TAACCGGTCCCTCACG-1	3
NC_006609.4	7286458	7286628	CAAGCTAGTCAAAGGG-1	2
NC_006609.4	7286514	7286592	GGGTCAACACTGGCTG-1	2
NC_006609.4	7286532	7286597	TCAGTGAGTTGGGTTA-1	1
NC_006609.4	7286548	7286925	TCTTCAAGTGTTGCAA-1	2
NC_006609.4	7286555	7286587	GTTAACGGTCTTTGAC-1	1
NC_006609.4	7286555	7286838	CATAGCTAGGATCCGC-1	2
NC_006609.4	7286597	7286759	CTAGTAGGTGCTCACC-1	1
NC_006609.4	7286617	7286745	TCACCGGCAGCCGCTA-1	3
NC_006609.4	7286629	7286981	ACACCTTGTGCCGCAA-1	2
NC_006609.4	7286709	7286947	GCCAATAGTTCAAGCA-1	2
NC_006609.4	7286721	7286756	TCAACAATCCGTCCAT-1	4
NC_006609.4	7286721	7287120	CCCATAACACCAACCG-1	1
NC_006609.4	7286728	7287140	AGGACTAAGTGAGGTA-1	1
NC_006609.4	7286732	7286806	TGGTGCATCTAAGTGC-1	3
NC_006609.4	7286739	7286821	TGTGGCTCAATACTGT-1	1
NC_006609.4	7286756	7286925	GTTGGCGGTGATGATT-1	2
NC_006609.4	7286769	7286837	TATGGGCGTCCGCTGT-1	1
NC_006609.4	7286797	7287086	AGGTTACTCCGCAAAT-1	2
NC_006609.4	7286814	7287272	TTCATCCCACAATGTT-1	1
NC_006609.4	7286828	7287040	AAGCAAGTCCGCCAAA-1	1
NC_006609.4	7286834	7287220	GGAATCTTCCGCATGA-1	1
NC_006609.4	7286857	7286889	CGAAGCGAGGCTGTCA-1	1
NC_006609.4	7286857	7286889	CGGTTGGGTTCGGTAA-1	2
NC_006609.4	7286870	7286907	AGCAAATAGACAAACG-1	1
NC_006609.4	7286882	7286927	ATGAATGCAAGCTTAT-1	1
NC_006609.4	7286921	7287037	AGCGCCTAGGTGCGGA-1	2
NC_006609.4	7286940	7287037	GCTAGCCAGACACCGC-1	2
NC_006609.4	7286970	7287113	CCGTTTGGTGAGCGAA-1	1
NC_006609.4	7286973	7287117	CTAACCTGTTAGGTGC-1	3
NC_006609.4	7287037	7287139	GCTAGCCAGACACCGC-1	2
NC_006609.4	7287037	7287193	TAAACAGCAAGCCAGA-1	1
NC_006609.4	7287040	7287296	GACGCCTAGGACCTCA-1	1
NC_006609.4	7287081	7287220	ATGACTCAGACACCGC-1	1
NC_006609.4	7287103	7287136	CACATACAGTAGCCAT-1	1
NC_006609.4	7287123	7287182	AGCTTCCTCATTGCAA-1	1
NC_006609.4	7287123	7287186	ATTACGTCAAGTGTCC-1	4
NC_006609.4	7287123	7287187	CCGCAAGGTTGGATCA-1	1
NC_006609.4	7287125	7287368	AGGATTGAGTCCTTTG-1	1
NC_006609.4	7287164	7287254	GCGAAGTAGGCGGGTA-1	1
NC_006609.4	7287189	7287285	AGCCTCCGTACAATGT-1	1
NC_006609.4	7287193	7287355	GTCGAAGCAGTAAGTA-1	1
NC_006609.4	7287235	7287396	TCGTGCTTCTAGCGTG-1	4
NC_006609.4	7287246	7287283	CATAATGTCATTGCGG-1	1
NC_006609.4	7287247	7287368	CCCATAACATTCAGCA-1	1
NC_006609.4	7287251	7287298	TCGTAATCAGAACCGA-1	1
NC_006609.4	7287315	7287720	ATGCGATTCAGGCCTA-1	2
NC_006609.4	7287355	7287706	AAGAATCAGCCTAACG-1	1
NC_006609.4	7287422	7287507	GAGCATGCAACCCTAA-1	1
NC_006609.4	7287437	7287557	ATGTAAGCATAGCTGC-1	1
NC_006609.4	7287469	7287928	GCACCTAAGTAGCGCC-1	1
NC_006609.4	7287478	7287527	ATCACAATCACTCAAA-1	1
NC_006609.4	7287482	7287537	ACACCTTGTGCCGCAA-1	1
NC_006609.4	7287527	7287655	ACAGGCTGTGGTTAGC-1	1
NC_006609.4	7287527	7287667	GTTGCGGGTGAGAAAC-1	2
NC_006609.4	7287627	7287670	CGCCTGTGTTTGGGCG-1	1
NC_006609.4	7287639	7287745	CACAAGCGTCATGCCC-1	1
NC_006609.4	7287649	7287740	TTAGCCTGTTGGTTAG-1	2
NC_006609.4	7287657	7287705	TTGTCCCAGAATCGCT-1	1
NC_006609.4	7287662	7287706	GGTCAATTCAAGACTC-1	1
NC_006609.4	7287669	7288087	ATGGCTAGTTAGGCGT-1	1
NC_006609.4	7287705	7288214	ATTGGTTCACAAAGGT-1	1
NC_006609.4	7287742	7287831	ACATCATCAATTAGCT-1	1
NC_006609.4	7287755	7287921	ACAACAACACAAACTT-1	1
NC_006609.4	7287803	7287974	GTAAGCGCAGCATGTC-1	1
NC_006609.4	7287860	7287928	GCCTTTATCGCGCTAA-1	3
NC_006609.4	7287921	7287968	TGTGTTAAGGTGAGAC-1	1
NC_006609.4	7287925	7288008	GATTGGCGTTGAAGCC-1	1
NC_006609.4	7287926	7287998	TGGACAAAGCCTCTGT-1	1
NC_006609.4	7287928	7288051	GCTATCCTCTCGCCTG-1	2
NC_006609.4	7287933	7288108	CCAGACTCATTAGGTT-1	1
NC_006609.4	7287964	7288019	GCACGCTAGCTATGAC-1	1
NC_006609.4	7288011	7288145	CGTGCTTTCTATGACA-1	1
NC_006609.4	7288016	7288225	GTGCTTCTCATTATGG-1	2
NC_006609.4	7288081	7288127	CTCTTGATCGTGCTAG-1	1
NC_006609.4	7288089	7288234	CGTAGTTAGGCGAATA-1	1
NC_006609.4	7288098	7288146	GGCTGTCAGGGCTAAA-1	3
NC_006609.4	7288122	7288166	TCCTGGTTCATGCGTG-1	1
NC_006609.4	7288122	7288178	GCTCGATCATAAACCT-1	1
NC_006609.4	7288122	7288232	CAACAGGCACCAGGTT-1	1
NC_006609.4	7288122	7288348	TAAGGACCACTAAATC-1	2
NC_006609.4	7288150	7288212	GCTGGTTCATTAGCCA-1	1
NC_006609.4	7288160	7288191	TTTCCGGGTGCTTACT-1	1
NC_006609.4	7288163	7288242	TTGCGTCTCCACCTGT-1	1
NC_006609.4	7288166	7288529	TTATGACCATTGTGCA-1	1
NC_006609.4	7288178	7288240	GTGCTGGGTACAATGT-1	1
NC_006609.4	7288199	7288284	ACCTGGTCATAGCTGC-1	1
NC_006609.4	7288219	7288350	TCTAGCCTCGAGGAGT-1	4
NC_006609.4	7288224	7288392	AGATGAAGTTCACTGT-1	1
NC_006609.4	7288289	7288387	GGTTGAGCAGGAATCG-1	1
NC_006609.4	7288295	7288368	GAGAGGCGTGAGCAAG-1	1
NC_006609.4	7288301	7288350	TCTAGCCTCGAGGAGT-1	1
NC_006609.4	7288311	7288350	CGCGATTCACTGGCTG-1	3
NC_006609.4	7288315	7288381	TACTTGTTCAATCTCT-1	1
NC_006609.4	7288320	7288392	TGTGTTAAGGTGAGAC-1	1
NC_006609.4	7288335	7288371	CCATTGTGTTTGCGAA-1	1
NC_006609.4	7288392	7288548	GCTAGCCAGACACCGC-1	2
NC_006609.4	7288417	7288452	ATCATCAAGCGCATTG-1	1
NC_006609.4	7288422	7288454	TCTGTGACAATGAATG-1	1
NC_006609.4	7288444	7288636	ACGCCTTTCGCTCCAT-1	1
NC_006609.4	7288446	7288605	GGAAGCTAGCCTCTGT-1	1
NC_006609.4	7288464	7288636	AGCAATACATGTTTGG-1	1
NC_006609.4	7288475	7288592	CGTTAAATCCCGAACA-1	1
NC_006609.4	7288480	7288585	GTTCCTGGTTGGATCA-1	1
NC_006609.4	7288597	7288747	AAGCGTTTCCCTGGAA-1	1
NC_006609.4	7288613	7288755	GCCTTGCGTTAAGCCA-1	2
NC_006609.4	7288620	7288833	ACTTATGAGGATAAAC-1	1
NC_006609.4	7288630	7288674	CTATAACCAGGACCAA-1	2
NC_006609.4	7288667	7288956	GAGCTAGCAAGTCGCT-1	1
NC_006609.4	7288689	7288822	ACACGGACACATACTG-1	1
NC_006609.4	7288700	7289111	TGGACGGAGGCCGGAA-1	2
NC_006609.4	7288731	7288922	CCTTTAGTCGGTCAAT-1	2
NC_006609.4	7288755	7288901	GGTCCTGCATTAGCGC-1	2
NC_006609.4	7288829	7289156	ATTAACCCAGTCTATG-1	1
NC_006609.4	7288854	7289006	TCAAGACTCCAAGTTA-1	3
NC_006609.4	7288864	7288935	TCCTTCAAGGTAAGGC-1	1
NC_006609.4	7288891	7288925	ATTACGTCAGTAATAG-1	1
NC_006609.4	7288901	7288928	ATTACGTCAGCAACCT-1	2
NC_006609.4	7288907	7288972	CTCCTCACAAGCGAGC-1	1
NC_006609.4	7288935	7288974	CAGAACCGTAGGATTT-1	2
NC_006609.4	7288955	7289098	CTTTAGGCAAGTAAGC-1	1
NC_006609.4	7288967	7289550	GAGTGAGGTTAGGACC-1	1
NC_006609.4	7288969	7289192	GCCAGGAAGTATTGTG-1	4
NC_006609.4	7288988	7289168	TTCGGTACAACAACAA-1	2
NC_006609.4	7289009	7289093	TGTGGCTCAATACTGT-1	3
NC_006609.4	7289030	7289192	TTACCTGTCAATTACG-1	1
NC_006609.4	7289031	7289398	CTTCACTCAGATTCAT-1	1
NC_006609.4	7289036	7289415	GACTTAGGTCCTTCTC-1	1
NC_006609.4	7289122	7289156	TGCACTTGTTTCGCGC-1	1
NC_006609.4	7289122	7289167	TAGCCTTGTACCGAAC-1	2
NC_006609.4	7289122	7289276	GTGATCAGTTTGCTGT-1	2
NC_006609.4	7289141	7289207	ACAGCCGGTGATTTGG-1	4
NC_006609.4	7289142	7289337	TGACTCCTCAGGTCCA-1	1
NC_006609.4	7289156	7289196	GATTCATCAAGGAATC-1	1
NC_006609.4	7289156	7289256	GTTACTCGTGAACAAA-1	4
NC_006609.4	7289181	7289345	AACCTCCTCATTGACA-1	1
NC_006609.4	7289187	7289317	GTGCTTACAGGACCAA-1	3
NC_006609.4	7289207	7289752	TCGGTAAGTATTACCC-1	1
NC_006609.4	7289225	7289417	TATTGACCATTAGGCC-1	1
NC_006609.4	7289228	7289585	TGTGGCCAGCTTAGTA-1	1
NC_006609.4	7289238	7289280	CACTAGCCATCGCTCC-1	1
NC_006609.4	7289238	7289398	CAGGGCTTCTGGTCCT-1	1
NC_006609.4	7289270	7289768	GGTACAAAGGCGGGTA-1	1
NC_006609.4	7289271	7289338	TGCCTGTTCCCATAGG-1	2
NC_006609.4	7289338	7289566	CCCGCTTCACCGGCTA-1	1
NC_006609.4	7289343	7289380	CGTGACATCTTGTCTG-1	1
NC_006609.4	7289355	7289877	CAATAAGCAGCAAGGC-1	1
NC_006609.4	7289360	7289424	GCTATTGCATAGGCGA-1	1
NC_006609.4	7289393	7289877	TCAAACCAGAGAGGCT-1	2
NC_006609.4	7289398	7289590	AAGCGTTTCTTTGACT-1	2
NC_006609.4	7289398	7289766	GGTTGCGGTATTACCC-1	1
NC_006609.4	7289398	7290127	TTGGATTCATAGCGGA-1	2
NC_006609.4	7289417	7289510	AGTTTGATCTTGTCTG-1	2
NC_006609.4	7289417	7289789	ATTACCCGTTTACCGT-1	1
NC_006609.4	7289473	7289578	GAGGACTAGTTAGACC-1	1
NC_006609.4	7289475	7289740	GGCAGGATCGGTCAAT-1	3
NC_006609.4	7289478	7289767	AAGCTAGAGGTCAAAG-1	1
NC_006609.4	7289515	7289620	TCCTCAATCAATAGCC-1	3
NC_006609.4	7289551	7289616	ATGACTCAGACACCGC-1	2
NC_006609.4	7289566	7289687	CCAAACTAGACAGGCG-1	1
NC_006609.4	7289566	7289726	TACAATGTCCTTCAAT-1	1
NC_006609.4	7289566	7289765	CTACTAAAGTGAAGTG-1	3
NC_006609.4	7289566	7289891	CTAGTAGGTTCGGTAA-1	1
NC_006609.4	7289576	7289728	CTCCAACTCGTAACGT-1	1
NC_006609.4	7289578	7289771	ACACTTGCAATTGAGA-1	1
NC_006609.4	7289590	7289826	GCTCTGGCAATGAGGT-1	1
NC_006609.4	7289613	7289784	CTTAGTTTCTTAGCCC-1	2
NC_006609.4	7289654	7289745	GTTCCTTCACAGGATG-1	1
NC_006609.4	7289659	7289694	ACGTCCTTCGGTTACG-1	1
NC_006609.4	7289674	7289753	GGTACTAGTTTGGGTA-1	1
NC_006609.4	7289674	7289991	GCCTGACAGCACGATT-1	2
NC_006609.4	7289679	7289711	AGTTACATCAAGCCTG-1	1
NC_006609.4	7289682	7289768	TATAACCCACCTCACC-1	2
NC_006609.4	7289689	7290067	ATGACTCAGACACCGC-1	1
NC_006609.4	7289692	7289822	GCTTTGTGTTGAGCCG-1	1
NC_006609.4	7289707	7289826	TCTCCTCGTACCTTAC-1	1
NC_006609.4	7289716	7289761	GCCAATTAGCACGTTG-1	1
NC_006609.4	7289721	7289827	ACTAACCAGAGAAGGG-1	1
NC_006609.4	7289723	7289761	CATGGATTCGTGCTAG-1	1
NC_006609.4	7289740	7289827	CCCAATTGTCTCACTG-1	2
NC_006609.4	7289745	7289827	GTTCCTTCACAGGATG-1	1
NC_006609.4	7289748	7289831	TGGTAAACATTATGGT-1	1
NC_006609.4	7289750	7290300	CAGAACCGTTACATCC-1	1
NC_006609.4	7289753	7289826	GCTCTGGCAATGAGGT-1	1
NC_006609.4	7289760	7289827	AATGCGCGTTAGAGGG-1	3
NC_006609.4	7289761	7289826	CTCAATAAGACTCGCA-1	1
NC_006609.4	7289767	7289819	TGACTTAAGCTTAGCG-1	1
NC_006609.4	7289767	7289833	CTGGTTTGTTGTAACG-1	1
NC_006609.4	7289767	7289833	CTTTAGGCAAGTAAGC-1	1
NC_006609.4	7289767	7289839	CATAAGCTCGGTAACT-1	1
NC_006609.4	7289767	7289847	GATTCGCCAAGGTATA-1	1
NC_006609.4	7289768	7289824	ACCAGGCTCTTGTCCA-1	1
NC_006609.4	7289768	7289826	GTCGAGGAGTGAGGTA-1	1
NC_006609.4	7289768	7289867	AACTGTTCAAGGGTTG-1	1
NC_006609.4	7289776	7289821	ACCCAGGGTCATGAGC-1	3
NC_006609.4	7289776	7289910	ATCATCAAGCTCCCTG-1	1
NC_006609.4	7289781	7289826	AAACCGGCAGCCAGAA-1	2
NC_006609.4	7289786	7290005	CGGTTTGAGCACGTTG-1	1
NC_006609.4	7289803	7289845	GGTCCATCATGACTAT-1	2
NC_006609.4	7289809	7289857	GCTGCACAGGTTACGT-1	1
NC_006609.4	7289819	7289998	CCCTGGACACTAAGCC-1	1
NC_006609.4	7289826	7289990	GGAACCTGTGGATTCA-1	1
NC_006609.4	7289828	7289903	ACCATAATCGTTACTT-1	1
NC_006609.4	7289839	7290193	GGGTTACGTGCATTAG-1	1
NC_006609.4	7289847	7289964	CTTCAATTCTTACTCG-1	1
NC_006609.4	7289877	7289993	GACCGAACAAATTGCT-1	1
NC_006609.4	7289877	7290148	TACGTACAGATGGAGC-1	2
NC_006609.4	7289882	7290013	TGGCTAAGTAACAGGG-1	1
NC_006609.4	7289899	7290134	TGGACCGGTCCGCTGT-1	1
NC_006609.4	7289907	7290032	GTATTGTCACATTGCA-1	5
NC_006609.4	7289908	7289947	CTTTGGTGTTTACTTG-1	1
NC_006609.4	7289908	7289984	CGTTAGTAGGCACAGG-1	1
NC_006609.4	7289924	7289992	TGCAATATCCTGGTGA-1	1
NC_006609.4	7289942	7290132	CGATATTCAATTTAGC-1	1
NC_006609.4	7289947	7289984	CGTTAGTAGGCACAGG-1	1
NC_006609.4	7289947	7289992	CGTGCACAGGCAAGTA-1	1
NC_006609.4	7290000	7290141	TCACGGATCTCGACCT-1	1
NC_006609.4	7290005	7290163	CGGTTTGAGCACGTTG-1	1
NC_006609.4	7290013	7290432	TAAGGACCAATTGAAG-1	2
NC_006609.4	7290018	7290186	TTGCATTTCGTGCCTT-1	2
NC_006609.4	7290025	7290117	CTAGTAGGTTCGGTAA-1	3
NC_006609.4	7290127	7290594	TGCATCCTCATTAGTG-1	1
NC_006609.4	7290132	7290188	AACAGGATCAGAAACG-1	1
NC_006609.4	7290137	7290290	AAATGGCCAGGTCCTG-1	2
NC_006609.4	7290140	7290163	CCAGACTCATAACGGG-1	3
NC_006609.4	7290140	7290329	TCTTAGTTCAAACCGT-1	2
NC_006609.4	7290141	7290260	TTCAACCGTTACCTGT-1	1
NC_006609.4	7290141	7290427	AGCCTGGGTCGTTACT-1	2
NC_006609.4	7290150	7290394	GGATACTTCCCTGATC-1	1
NC_006609.4	7290186	7290372	GCAGGACCAAGCTAAA-1	2
NC_006609.4	7290201	7290278	AACCGGCTCTGTTCAT-1	2
NC_006609.4	7290231	7290267	TCTCACCAGCTTAGTA-1	1
NC_006609.4	7290278	7290324	AATCTCAAGGAGGGTT-1	1
NC_006609.4	7290299	7290360	CGGTGAGAGGTGTTAC-1	2
NC_006609.4	7290313	7290388	GGGAATATCTATTGTC-1	1
NC_006609.4	7290318	7290354	ACGCACGGTCATCAAG-1	2
NC_006609.4	7290339	7290482	GCAAACCGTGTTTGAG-1	1
NC_006609.4	7290342	7290480	TCATGCCTCTGTGAGT-1	1
NC_006609.4	7290367	7290511	GAGCGATAGTTAGGCT-1	2
NC_006609.4	7290380	7290439	TGAGCTTAGTGCACGC-1	2
NC_006609.4	7290385	7290432	CGTTGCAAGCTAAGTC-1	1
NC_006609.4	7290427	7290503	GTTAAGTGTCCTCCAA-1	1
NC_006609.4	7290428	7290530	GCTCATTGTTAAGCCA-1	1
NC_006609.4	7290450	7290962	GCTGGATGTTTGAGCA-1	1
NC_006609.4	7290481	7290529	AGCACTAGTCTAACAG-1	1
NC_006609.4	7290488	7290690	AATTTCCTCCCTCATA-1	1
