NC_006589.4	17074925	17075347	CGAGGCAAGGACGTAA-1	3
NC_006589.4	17074987	17075289	GCAAGTCGTTCCATTA-1	1
NC_006589.4	17075038	17075205	AAAGCTTGTTTAGTCC-1	2
NC_006589.4	17075044	17075311	TCTGTGACAGCAAGTG-1	1
NC_006589.4	17075055	17075231	CAGCTATAGTTATGGC-1	1
NC_006589.4	17075062	17075476	TTCAGTTTCACTAAGC-1	1
NC_006589.4	17075075	17075344	GGACCTCAGTAACAGG-1	1
NC_006589.4	17075078	17075250	GGGTTTGTCGCTATAA-1	1
NC_006589.4	17075100	17075190	CGGTTCCGTCATGAGC-1	2
NC_006589.4	17075114	17075248	CCCAATTGTCACACCC-1	2
NC_006589.4	17075114	17075652	ACTCGCTTCCGTAAAC-1	1
NC_006589.4	17075116	17075220	AATCATCCATTGTGCA-1	1
NC_006589.4	17075116	17075573	CGAGTCGGTTGGTGAC-1	2
NC_006589.4	17075122	17075190	AATTGACGTTTCCGGC-1	1
NC_006589.4	17075129	17075258	CAATGACTCATAACTG-1	1
NC_006589.4	17075135	17075376	CATTGCGAGTCGCTAG-1	2
NC_006589.4	17075152	17075225	GCTCAACCAATTGAAG-1	2
NC_006589.4	17075152	17075294	CCGCAAGGTGACATAT-1	1
NC_006589.4	17075168	17075402	TAAGTGCTCCTTGTTG-1	1
NC_006589.4	17075183	17075378	CTTCTCAAGGCTCATG-1	2
NC_006589.4	17075190	17075234	GTCAGGCTCAGCACCA-1	1
NC_006589.4	17075201	17075250	TTGCAATCATGGCCTG-1	1
NC_006589.4	17075201	17075313	AGGTACGCAAGTAAGC-1	2
NC_006589.4	17075220	17075280	ACCTGGTCACTTAACG-1	1
NC_006589.4	17075225	17075294	GCCTTAGAGTCATGCG-1	1
NC_006589.4	17075225	17075299	TCCTGTTCAGCCAGTT-1	1
NC_006589.4	17075225	17075382	GCTCAACCAATTGAAG-1	2
NC_006589.4	17075228	17075293	AATTAGCGTTCATTTG-1	1
NC_006589.4	17075233	17075311	TTTGCGGAGGTTAGAG-1	2
NC_006589.4	17075243	17075318	GCAATATGTTACATCC-1	1
NC_006589.4	17075245	17075301	CTAATGTCAGTTGCGT-1	1
NC_006589.4	17075262	17075315	CGAACAAAGTCGCTAG-1	1
NC_006589.4	17075266	17075451	AGTCAATGTCAGTAAT-1	1
NC_006589.4	17075267	17075749	AAACAGCCATAATCGT-1	3
NC_006589.4	17075272	17075323	AGCAAGGGTTAATCGG-1	1
NC_006589.4	17075272	17075687	TGCATGAGTTAACGGC-1	1
NC_006589.4	17075277	17075422	GGGATTAAGGCGAAAC-1	2
NC_006589.4	17075281	17075641	AGCTAAACAAGCCACT-1	1
NC_006589.4	17075294	17075400	ACACAATGTTAGTGAT-1	1
NC_006589.4	17075299	17075358	CATAGTCAGCGTGCGT-1	2
NC_006589.4	17075299	17075512	TTGGATATCGAGCTAT-1	1
NC_006589.4	17075302	17075508	TACCCGGCAACAGGTG-1	1
NC_006589.4	17075318	17075649	TGTCATAAGGACCTTG-1	1
NC_006589.4	17075346	17075415	GCGCTTGCACTTCATC-1	1
NC_006589.4	17075351	17075549	CTCATTTAGCTAAAGG-1	1
NC_006589.4	17075400	17076005	GGTTATATCGGGACCT-1	1
NC_006589.4	17075405	17075479	CATAGGCGTCAATAGT-1	1
NC_006589.4	17075405	17075841	AAGTAGCCACAATTAC-1	1
NC_006589.4	17075462	17075538	CCTCCTCTCCGCCTCA-1	1
NC_006589.4	17075484	17075663	TAGCTTAAGACAACAG-1	2
NC_006589.4	17075495	17075702	ATTGGCTAGCATGTTA-1	2
NC_006589.4	17075496	17075605	CTGATCACAAGGTAAC-1	2
NC_006589.4	17075496	17075632	CTGTGTGAGGACTTAC-1	2
NC_006589.4	17075549	17075687	GACCTTTGTCCTAATC-1	1
NC_006589.4	17075549	17075768	CTCGACAAGTCCTTCA-1	2
NC_006589.4	17075555	17075833	TCCATGCTCGGCTATG-1	1
NC_006589.4	17075571	17075632	TTACGTTTCTTACTCG-1	1
NC_006589.4	17075575	17075641	CGAGGCAAGCTTAACA-1	1
NC_006589.4	17075602	17075637	CCTGGTAAGGATCCGC-1	1
NC_006589.4	17075637	17075768	GGATACTTCCTAGTAA-1	2
NC_006589.4	17075665	17076134	CACTTTGTCACGCGGT-1	1
NC_006589.4	17075670	17075705	TAGTGTGGTAGCCATA-1	3
NC_006589.4	17075673	17075871	GGACTAAAGTCTCACC-1	1
NC_006589.4	17075682	17075847	AATTGCTCATAATTGC-1	1
NC_006589.4	17075687	17075715	TCTGTGACACAAACTT-1	1
NC_006589.4	17075692	17075768	GCTGACCAGCATTATG-1	1
NC_006589.4	17075712	17075763	CCATAGCCAGCAAGTG-1	1
NC_006589.4	17075722	17075761	TAAGGCTTCATAACCA-1	1
NC_006589.4	17075732	17076008	TTCAGTTTCACTAAGC-1	2
NC_006589.4	17075763	17075812	CCATAGCCAGCAAGTG-1	1
NC_006589.4	17075769	17075813	CGCTCAGCAGCTTAGC-1	2
NC_006589.4	17075808	17075865	CCTGTATGTAAGCTCA-1	1
NC_006589.4	17075833	17076025	GCAGGTTGTCACTCGC-1	1
NC_006589.4	17075841	17076031	GTACTAATCTTGCTAT-1	1
NC_006589.4	17075852	17076383	GTGATCAGTACAATGT-1	2
NC_006589.4	17075859	17075946	CTGAATATCCGGTTAG-1	1
NC_006589.4	17075863	17075895	AGCAGGTAGCCGGTAC-1	1
NC_006589.4	17075863	17076074	GGAAGCTAGGTGTTAC-1	1
NC_006589.4	17075866	17075916	TACTGCACAATAATGG-1	1
NC_006589.4	17075871	17076008	CATTGTGCATGCAACC-1	1
NC_006589.4	17075876	17075911	CCTACTGGTTTGCTGT-1	3
NC_006589.4	17075897	17075930	CGATATTCAGTAAAGC-1	1
NC_006589.4	17075897	17076066	CGGTGAACAGAAACGT-1	3
NC_006589.4	17075900	17076239	TGACTTAAGCATGGTT-1	1
NC_006589.4	17075921	17075946	TATCGCACATTGTGTG-1	1
NC_006589.4	17075930	17076063	TTAGCGGTCTAACCTT-1	1
NC_006589.4	17075992	17076066	CGTCAATAGCACAGCC-1	2
NC_006589.4	17076045	17076090	TCCTAGTGTCAAGTAT-1	3
NC_006589.4	17076057	17076097	TACTGCACAAGTAAGC-1	1
NC_006589.4	17076071	17076123	CCCGCAACAATTAGCT-1	2
NC_006589.4	17076084	17076126	TGAGTTTCAGCACGTT-1	2
NC_006589.4	17076100	17076497	GCCACACAGATAACCC-1	1
NC_006589.4	17076118	17076668	CGAATATGTGTTTGCT-1	1
NC_006589.4	17076121	17076169	GATTGCAGTGCTGGTG-1	1
NC_006589.4	17076121	17076221	AACCGCTCAGTAAAGC-1	1
NC_006589.4	17076126	17076338	TGAGTTTCAGCACGTT-1	1
NC_006589.4	17076128	17076252	TCCATGCTCCTGTTCA-1	1
NC_006589.4	17076169	17076331	TTACCGTGTGTTAAAC-1	1
NC_006589.4	17076182	17076721	CAATATGTCTGCAACG-1	2
NC_006589.4	17076186	17076416	CTGTACCTCCGGAACC-1	1
NC_006589.4	17076201	17076365	GCAATAGAGCAAGGGT-1	3
NC_006589.4	17076212	17076574	CGTTATTTCTTGCAAA-1	1
NC_006589.4	17076231	17076367	TCAACAATCATTCATC-1	1
NC_006589.4	17076244	17076293	TAAGGCTTCATAACCA-1	1
NC_006589.4	17076254	17076786	TGTGGCTCACTAGCGT-1	2
NC_006589.4	17076287	17076426	CGCAAATTCACGTTAA-1	1
NC_006589.4	17076343	17077037	CGGTAACGTGATTACG-1	1
NC_006589.4	17076358	17076527	GAGTAATAGCGGGCAA-1	1
NC_006589.4	17076383	17076564	GGCTATTAGACTAAGG-1	1
NC_006589.4	17076386	17076539	TCCTAGTGTCATGCAA-1	1
NC_006589.4	17076393	17076440	GCGCTTGCATGCTATG-1	2
NC_006589.4	17076407	17076455	TAAGGCTTCATAACCA-1	2
NC_006589.4	17076407	17076574	CGTGTTACATGGTTAT-1	1
NC_006589.4	17076409	17076441	TAGGAGGGTTTCAGGA-1	1
NC_006589.4	17076436	17076521	CTGTTCATCCTGAATA-1	1
NC_006589.4	17076451	17076521	GATTATGTCGTGCTTC-1	1
NC_006589.4	17076455	17076662	TAGACCAGTGTTTCAC-1	1
NC_006589.4	17076485	17076511	TTTGAGTCAACTAGAA-1	1
NC_006589.4	17076502	17076660	ATACCTGCAATCCCTT-1	3
NC_006589.4	17076508	17076591	CCCAATTGTGTTTGTC-1	1
NC_006589.4	17076518	17076576	CTTCAAGCAAACCCTA-1	1
NC_006589.4	17076521	17076557	TCTAGCGAGGAGGACT-1	1
NC_006589.4	17076522	17076595	GCGATATTCTAAATCG-1	1
NC_006589.4	17076533	17076574	AGCCTAAGTGGTGAGA-1	1
NC_006589.4	17076540	17076593	GCTGCACAGGTAAGCA-1	2
NC_006589.4	17076595	17076631	GCGATATTCTAAATCG-1	1
NC_006589.4	17076601	17076749	CACAGGGAGTTATTCC-1	2
NC_006589.4	17076616	17076993	CGTACGGGTTATCGAG-1	2
NC_006589.4	17076621	17076715	TACGTAATCCTAAGAC-1	1
NC_006589.4	17076637	17076673	CGCAAATTCATTGCAA-1	2
NC_006589.4	17076652	17077054	TGGACCGGTTTCGCGC-1	2
NC_006589.4	17076738	17077090	ACGTTACAGCCTGAGC-1	2
NC_006589.4	17076751	17076815	GAGCGAAGTGACATAT-1	1
NC_006589.4	17076769	17076826	GGGCCTAGTCAATAGT-1	1
NC_006589.4	17076796	17076970	TTGGCTACAGCGCTTG-1	1
NC_006589.4	17076800	17076961	AAGAATCAGAGCCGCT-1	1
NC_006589.4	17076815	17076933	GATTAAGCATGGTTAT-1	1
NC_006589.4	17076815	17076946	CATATCGCATAAGGAC-1	1
NC_006589.4	17076886	17076936	TTACCTGTCTTTAAGG-1	1
NC_006589.4	17076909	17076940	CTATGAGGTACGCGCA-1	1
NC_006589.4	17076915	17077273	CTAGTAATCCAAATCA-1	1
NC_006589.4	17076935	17077095	GGGATTAAGTCACGAT-1	1
NC_006589.4	17077018	17077049	TTTGTGAAGCTATATG-1	1
NC_006589.4	17077037	17077169	TTGCACACATTAGGCC-1	4
NC_006589.4	17077088	17077113	TAGCATATCAAACCTA-1	3
NC_006589.4	17077095	17077173	CATCGCTTCATGCGTG-1	1
NC_006589.4	17077100	17077223	CACTAAGGTTCGCGCT-1	1
NC_006589.4	17077105	17077295	AATTAGCGTCTTGCAT-1	2
NC_006589.4	17077110	17077166	ATGAGCCGTATTCGCT-1	2
NC_006589.4	17077171	17077253	CGAACCGGTTTGGCTT-1	1
NC_006589.4	17077197	17077354	CCTTGTTCAAGATTCT-1	1
NC_006589.4	17077210	17077407	CATTGTGCACCTGGTG-1	2
NC_006589.4	17077228	17077566	CCTGCTCCACAAGCCT-1	2
NC_006589.4	17077273	17077556	TGAGGCACACGAATCC-1	1
NC_006589.4	17077324	17077380	CAGCTATAGTTATGGC-1	1
NC_006589.4	17077366	17077430	TGTTACTTCCCGTTTA-1	2
NC_006589.4	17077366	17077526	TGATGAACACTAAGCC-1	1
NC_006589.4	17077421	17077592	CCGCACACAAGCTACC-1	1
NC_006589.4	17077428	17077808	TGAAACTGTGGTTAGC-1	1
NC_006589.4	17077433	17077526	GGCTATGTCATAACGC-1	3
NC_006589.4	17077462	17077498	GTAATAGCAGCATGTC-1	1
NC_006589.4	17077463	17077507	TACCGCAAGCAAACCT-1	2
NC_006589.4	17077467	17077665	CCTAAGGTCCTCAGTC-1	1
NC_006589.4	17077549	17077709	TATCGAGGTTAACACG-1	2
NC_006589.4	17077549	17077739	GCGATATTCCTAAGAC-1	2
NC_006589.4	17077552	17077738	GCCAATTAGTACTGGT-1	1
NC_006589.4	17077556	17078012	GGGCATGAGGTTACAC-1	2
NC_006589.4	17077561	17077779	ACCTACCTCGGTTCCT-1	1
NC_006589.4	17077561	17078095	TCCGGTTTCGGTCAGC-1	1
NC_006589.4	17077568	17077987	CATAGGCGTTCAAGAT-1	1
NC_006589.4	17077596	17077665	GAGGCAAGTACTGAAT-1	1
NC_006589.4	17077692	17077745	TGTTAGCAGTTTGAGC-1	1
NC_006589.4	17077706	17077812	GAGGTGAGTCACTCGC-1	1
NC_006589.4	17077738	17077824	CTTCAGGAGCAACATC-1	1
NC_006589.4	17077757	17077794	TCGTCAACAAGGTCCT-1	1
NC_006589.4	17077763	17077931	TCGTAATCAGTTAGCC-1	1
NC_006589.4	17077775	17077812	ACTAGGCGTGAGAAAC-1	2
NC_006589.4	17077776	17078051	CGAGGTGAGGGCCATC-1	1
NC_006589.4	17077786	17078170	GCTAAGCGTTACCGGG-1	2
NC_006589.4	17077801	17078177	GGGCATGAGTAGCGGG-1	2
NC_006589.4	17077816	17077885	TCAGTAATCTAACCTT-1	1
NC_006589.4	17077870	17078694	TTTCTCACAGCATGAG-1	1
NC_006589.4	17077887	17077930	AGAGGATGTTCCGGGA-1	1
NC_006589.4	17077925	17078008	GATGGACAGGCATTGT-1	1
NC_006589.4	17077970	17078057	TCCTTTACATTGTTGG-1	1
NC_006589.4	17077977	17078122	ATTCACTTCTATGACA-1	1
NC_006589.4	17077985	17078332	GTTCGCGCAAGCGATG-1	1
NC_006589.4	17077997	17078312	GTAGTTATCGCTAAAC-1	1
NC_006589.4	17078040	17078365	CCACATTGTTTGTGGA-1	1
NC_006589.4	17078092	17078238	CTAGATTCATAAAGCA-1	1
NC_006589.4	17078111	17078329	CGGCAATGTCGCAAAC-1	1
NC_006589.4	17078117	17078691	ATTCACTTCGCTCACT-1	1
NC_006589.4	17078122	17078478	TGTGAAACAATGAAGC-1	1
NC_006589.4	17078145	17078303	CATAACGGTTCGCGCT-1	2
NC_006589.4	17078187	17078357	TGGACTAGTCTAACCT-1	1
NC_006589.4	17078188	17078332	TGATCCTGTGCTAGCG-1	1
NC_006589.4	17078217	17078357	GAGGCCTTCAAGCTAC-1	1
NC_006589.4	17078222	17078412	CCAAACCCAGCTCATA-1	1
NC_006589.4	17078250	17078444	GTGGATGCAAACATAG-1	1
NC_006589.4	17078279	17078315	AGTAACACAGCAATAA-1	2
NC_006589.4	17078345	17078516	ATATGCATCGTTACTT-1	2
NC_006589.4	17078347	17078702	GCACGGTTCGATCAGT-1	1
NC_006589.4	17078391	17078428	GCAGCTATCACAGACT-1	1
NC_006589.4	17078410	17078552	TCGTAATCAATTAGCT-1	1
NC_006589.4	17078412	17078780	TGATGACTCCCTCAGT-1	1
NC_006589.4	17078414	17078469	CGATTATCAATGAGGT-1	3
NC_006589.4	17078414	17078490	CCTATAGCAACAGGAT-1	2
NC_006589.4	17078414	17078560	TCACCTCAGCAAGACA-1	1
NC_006589.4	17078422	17078632	CCACTTGGTAGCTAAT-1	1
NC_006589.4	17078427	17078469	TCATTACTCTCATCAT-1	1
NC_006589.4	17078427	17078507	AGCGCTCAGATTGAGG-1	1
NC_006589.4	17078427	17078577	AATGGCGCAAGGTAAC-1	1
NC_006589.4	17078436	17078731	ATGGTCTAGGTTACGT-1	2
NC_006589.4	17078443	17078542	ATCACTAAGCAGGCCT-1	3
NC_006589.4	17078456	17078507	TGTAACTCAACTGGGA-1	1
NC_006589.4	17078456	17078850	TAGTAACGTAGGATTT-1	1
NC_006589.4	17078488	17078913	TTAGGATGTACCGGAT-1	1
NC_006589.4	17078497	17078556	CGGTTGGGTCCTTCAG-1	1
NC_006589.4	17078502	17078546	TTTGACCGTAGTCAAT-1	1
NC_006589.4	17078503	17078553	ATCCCGCGTTGGCCGA-1	1
NC_006589.4	17078507	17078559	GAGTGATCAATTTGGT-1	1
NC_006589.4	17078507	17078575	CAACAGGCATTGTGAT-1	1
NC_006589.4	17078520	17078553	GACTATTCAGGAACAT-1	1
NC_006589.4	17078535	17078585	GAATTTGTCAGCACCA-1	1
NC_006589.4	17078541	17078603	GCCTTAGAGCTCAAAC-1	1
NC_006589.4	17078560	17078599	CTTCATCCATGAGTTT-1	1
NC_006589.4	17078560	17078813	ACTCAGTAGCGGTTAT-1	1
NC_006589.4	17078577	17078636	CCGACAGGTATTTGCC-1	1
NC_006589.4	17078639	17078775	TTGTGCGAGTTACCGG-1	4
NC_006589.4	17078650	17078952	GCACCTAAGTAGCGCC-1	1
NC_006589.4	17078717	17078843	GTCTTTGTCCCGTTAC-1	2
NC_006589.4	17078730	17078773	ACGAAGTCAGGCCATT-1	1
NC_006589.4	17078738	17079322	TGATGACTCCGGTTAG-1	1
NC_006589.4	17078760	17078843	TCATTGTTCTTGCTAT-1	2
NC_006589.4	17078886	17079063	AGTTGCGTCGTTCACC-1	3
NC_006589.4	17078942	17079105	ACCTAAGGTGAACAAA-1	1
NC_006589.4	17078960	17079002	CATCCTCAGTCCTGAG-1	2
NC_006589.4	17078994	17079051	GTCATGAGTAATCGCA-1	1
NC_006589.4	17079012	17079347	TGGGCCTAGCATTTCT-1	1
NC_006589.4	17079051	17079107	AACCGCTCATGACTAT-1	2
NC_006589.4	17079122	17079193	CTGTTTAGTGATTACG-1	2
NC_006589.4	17079123	17079347	CAATGACTCTAACCTT-1	1
NC_006589.4	17079129	17079209	CCTAAAGGTCGCGCAA-1	2
NC_006589.4	17079133	17079208	ACCTCACTCTTAATGG-1	1
NC_006589.4	17079205	17079248	GAAGTGATCCTAACGG-1	1
NC_006589.4	17079207	17079475	GTTTGTAAGCTACTGG-1	1
NC_006589.4	17079249	17079315	CGAGTCGGTGCTCCAC-1	1
NC_006589.4	17079267	17079315	CCTTCAATCAAGCCTG-1	1
NC_006589.4	17079279	17079784	GAGTCATTCTTGGACG-1	1
NC_006589.4	17079315	17079653	GTTGGCCAGGTGCTGC-1	1
NC_006589.4	17079352	17079522	CTCATGACATAGACTT-1	1
NC_006589.4	17079352	17079595	TTGGATCAGTCTCACC-1	1
NC_006589.4	17079366	17079842	GTATGTTCAGCGCTTG-1	1
NC_006589.4	17079370	17079496	GTTGGCGGTGATGAGG-1	1
NC_006589.4	17079372	17079416	TGGTAAACAAACAACA-1	2
NC_006589.4	17079376	17079728	CTAGTAGGTGGACCTG-1	2
NC_006589.4	17079385	17079533	CAGGTTAGTTTGTCTA-1	5
NC_006589.4	17079411	17079581	TACCTGCTCTCATCAT-1	1
NC_006589.4	17079422	17079703	CGCAATAGTTAGAGGG-1	1
NC_006589.4	17079452	17079979	GGCGGTAAGGGCTTAT-1	2
NC_006589.4	17079496	17079677	CCTTCGTAGGGTGAGT-1	1
NC_006589.4	17079545	17079713	TAATTGCCAGGACCTT-1	1
NC_006589.4	17079581	17079878	TGATGAACATTGGGAG-1	2
NC_006589.4	17079662	17079866	AAACGCGCAGGTATTT-1	1
NC_006589.4	17079688	17079748	GAACTTATCGATCAGT-1	2
NC_006589.4	17079751	17079794	TACTTCGTCTTTAAGG-1	1
NC_006589.4	17079776	17079796	GGACATAAGCTCAAAC-1	1
NC_006589.4	17079814	17079915	CTCATCATCGCTCCAT-1	1
NC_006589.4	17079849	17080209	CTGCTATGTGCTTTAC-1	1
NC_006589.4	17079859	17079943	GTGTGAGCACCAACCG-1	1
NC_006589.4	17079859	17079976	ACTTAGTCATACTCCT-1	1
NC_006589.4	17079884	17079957	AGCAATTGTCAAACTG-1	2
NC_006589.4	17079885	17079945	ACCTAAGGTATTTGCC-1	2
NC_006589.4	17079890	17079945	GATGGACAGTTTCCTG-1	1
NC_006589.4	17079900	17079959	TTGCAAGGTGCAATGC-1	3
NC_006589.4	17079928	17080004	TGTAAGCTCACCTGTC-1	2
NC_006589.4	17079937	17079979	GAACCAAAGCCGCAGT-1	2
NC_006589.4	17079943	17080515	AGTGCGGAGCCTAACG-1	1
NC_006589.4	17079945	17080013	GATGGACAGTTTCCTG-1	1
NC_006589.4	17079972	17080016	CCTATATTCGGCCATA-1	1
NC_006589.4	17079976	17080115	GCTCAACCACGTAAGG-1	1
NC_006589.4	17079979	17080029	CCGTGCTGTTATGTGG-1	2
NC_006589.4	17079990	17080022	TACGTAATCCTAAGAC-1	1
NC_006589.4	17080008	17080177	GCCTCAAAGTGACCTG-1	2
NC_006589.4	17080020	17080387	ATGAGCCGTCACAGAC-1	1
NC_006589.4	17080026	17080088	GTCCTCAGTGATTTGG-1	1
NC_006589.4	17080040	17080411	CCAGCTAAGGATAAAC-1	1
NC_006589.4	17080051	17080156	TTTCGTCCAATCCTGA-1	1
NC_006589.4	17080088	17080333	GACCTAAGTAGCTAAT-1	1
NC_006589.4	17080103	17080294	GAAACTGAGTAGGATG-1	2
NC_006589.4	17080110	17080158	GTGCTCAAGCCTGAGC-1	1
NC_006589.4	17080114	17080199	AGCCAGTGTATTCGTC-1	2
NC_006589.4	17080114	17080251	CATTGCGAGCACGATT-1	1
NC_006589.4	17080180	17080419	TCGCATTGTTAGCAGC-1	1
NC_006589.4	17080205	17080716	GATTGGTTCCGCAACA-1	1
NC_006589.4	17080209	17080400	CTGCTATGTGCTTTAC-1	1
NC_006589.4	17080278	17080387	CATTGCGAGCACGATT-1	1
NC_006589.4	17080285	17080474	TCCTAGTGTTGCAATG-1	1
NC_006589.4	17080352	17080416	TCCTTCAAGTTGTCAA-1	1
NC_006589.4	17080352	17080887	GAGGAGGCACAGGATG-1	1
NC_006589.4	17080357	17080433	TTCAGCACAAACCTTG-1	1
NC_006589.4	17080433	17080501	TTCAGCACAAACCTTG-1	1
NC_006589.4	17080587	17080905	CTGTGTGAGCAGCTAT-1	1
NC_006589.4	17080638	17080728	GGGCATGAGTGAGCAA-1	2
NC_006589.4	17080642	17080829	GGTGAGTAGCCTCTGT-1	2
NC_006589.4	17080706	17080757	CATCCTGGTTACTTCA-1	1
NC_006589.4	17080723	17080950	CATAGTCAGCTGAGGG-1	1
NC_006589.4	17080728	17080768	GATTGTTCAGCCTAAC-1	2
NC_006589.4	17080789	17080829	TCTAGCCTCGAAGTAG-1	1
NC_006589.4	17080789	17080951	ACAAACTGTTCGGGAT-1	1
NC_006589.4	17080817	17080889	ACCTAAGGTATTTGCC-1	2
NC_006589.4	17080822	17081140	ATTGCACAGGAGCACG-1	1
NC_006589.4	17080830	17081147	AGCTAGTTCTAATCAG-1	1
NC_006589.4	17080894	17080997	GAGCTTAGTTACTTCA-1	1
NC_006589.4	17080894	17081071	CTGTAACAGGCGCTTA-1	1
NC_006589.4	17080934	17081185	GCGCTTGCACTTCATC-1	2
NC_006589.4	17080946	17081055	CCTTCAATCATGCAAC-1	2
NC_006589.4	17080968	17081301	CAAAGTGAGTGAACGA-1	1
NC_006589.4	17080971	17081043	GCGGAACCAACAACAA-1	2
NC_006589.4	17081010	17081301	GTGCCTTTCTATCGCC-1	1
NC_006589.4	17081014	17081066	TAGCAGGCAAGTTATC-1	3
NC_006589.4	17081014	17081226	AAGTTAGCATCACAGC-1	2
NC_006589.4	17081025	17081145	AGCAATTGTCACAAAT-1	1
NC_006589.4	17081027	17081056	TATTACCTCTAGCGTG-1	3
NC_006589.4	17081044	17081107	TGACTTCGTGGATTAT-1	1
NC_006589.4	17081044	17081234	CGTGCTTTCAAAGGCA-1	2
NC_006589.4	17081115	17081145	AGTGCCGGTCTATCGT-1	1
NC_006589.4	17081115	17081255	TGTATCCGTGCTTTAC-1	1
NC_006589.4	17081124	17081176	TCGTTATTCCTGATTT-1	1
NC_006589.4	17081139	17081548	ACTAGGCGTGAGAAAC-1	1
NC_006589.4	17081165	17081228	ATTACCGCAACAGGAT-1	2
NC_006589.4	17081172	17081287	GTTAAGCTCCATTACT-1	1
NC_006589.4	17081175	17081234	GCGCCTTGTTACATCC-1	2
NC_006589.4	17081180	17081216	GAGCCACTCAACAAGG-1	1
NC_006589.4	17081185	17081236	TCCTCACAGTAAAGGT-1	2
NC_006589.4	17081185	17081320	ACGAACAAGCTTGCTC-1	1
NC_006589.4	17081186	17081315	AGAACCGCAGCACCAT-1	2
NC_006589.4	17081216	17081269	ATTCCGGAGGAGGCAT-1	1
NC_006589.4	17081222	17081269	GTTCCCAGTTAAGGTT-1	1
NC_006589.4	17081234	17081287	TGAACAACATTGTGGC-1	1
NC_006589.4	17081297	17081419	CGCATTACATTAAACC-1	1
NC_006589.4	17081299	17081644	GCTAGTGTCCCGAAGC-1	1
NC_006589.4	17081305	17081430	CTTACTAGTTACTAGG-1	2
NC_006589.4	17081317	17081425	GAAGGATGTGCTAGCG-1	2
NC_006589.4	17081317	17081672	CCAAACCCAGCTCATA-1	1
NC_006589.4	17081335	17081363	CCCTCACCAGTAGCCT-1	1
NC_006589.4	17081342	17081380	TGAGCTTAGCGATAGA-1	2
NC_006589.4	17081347	17081409	ATTGTGATCTAGCTTT-1	1
NC_006589.4	17081417	17081469	CTTAAGATCACGCCAA-1	1
NC_006589.4	17081419	17081838	AATTCGTCAGGCTTGT-1	1
NC_006589.4	17081420	17081586	GAGTAATAGTCCTGAG-1	1
NC_006589.4	17081439	17081629	TTTGCGGAGGTTAGAG-1	4
NC_006589.4	17081441	17081629	GTCTATGCAAGGTCCT-1	1
NC_006589.4	17081441	17081835	TCGTGCTTCCTAATTC-1	2
NC_006589.4	17081491	17081731	TGATGAACACCTGCTC-1	2
NC_006589.4	17081502	17081672	AATTGACGTCAATACG-1	1
NC_006589.4	17081569	17081663	GCGCTTGCACTTCATC-1	1
NC_006589.4	17081621	17081670	GAGGAGGCAGTCTAGC-1	1
NC_006589.4	17081646	17081710	TCTTCAAGTTATCCGT-1	1
NC_006589.4	17081710	17081765	GCACGCTAGCTGTAAC-1	1
NC_006589.4	17081718	17081741	AACGCCCAGCTGGACC-1	1
NC_006589.4	17081764	17081876	GAGCTAGCAGGGAGCT-1	2
NC_006589.4	17081793	17081910	CTGTTGGAGTATTGCA-1	1
NC_006589.4	17081815	17081920	GGAACCTGTTGCTGGG-1	1
NC_006589.4	17081827	17082484	TTCAGCACAGCTTAAT-1	1
NC_006589.4	17081840	17081915	TCAACAATCCGTCCAT-1	1
NC_006589.4	17081946	17081982	CGAGGTGAGGGCCATC-1	1
NC_006589.4	17081949	17082100	AACAAGCCAGGCTTCG-1	1
NC_006589.4	17081964	17081997	TCCATAAAGTAACCAC-1	1
NC_006589.4	17081984	17082122	AGGCTAAAGACTCGCA-1	1
NC_006589.4	17082006	17082253	TGAACAACAGCTACGT-1	1
NC_006589.4	17082017	17082114	GAGGAGGCAGTCTAGC-1	1
NC_006589.4	17082023	17082413	CGGTGAACAGAAACGT-1	1
NC_006589.4	17082035	17082115	CTGATCACAGGCTTCG-1	1
NC_006589.4	17082035	17082250	GTGTTCCTCTGGCATG-1	1
NC_006589.4	17082057	17082237	GTCTATGCAAGGTCCT-1	2
NC_006589.4	17082094	17082131	AGCGGATAGTTATGGC-1	2
NC_006589.4	17082121	17082307	CGTTAAATCCCGAACA-1	1
NC_006589.4	17082125	17082213	GCACTTACAAACTCAT-1	1
NC_006589.4	17082140	17082210	ACCTTCATCAGCATTA-1	1
NC_006589.4	17082146	17082449	TCCAGGTCAGCACGTT-1	1
NC_006589.4	17082168	17082222	CTGACATAGGGACTAA-1	4
NC_006589.4	17082185	17082337	ACCTTGCTCCTTAGTT-1	2
NC_006589.4	17082205	17082404	GTCCAAGTCAAGCGCC-1	1
NC_006589.4	17082222	17082268	CTGACATAGGGACTAA-1	1
NC_006589.4	17082250	17082273	GCGTTTCTCCGTTAAA-1	1
NC_006589.4	17082260	17082890	CTCGTTATCTACCTGC-1	1
NC_006589.4	17082269	17082452	AGATGAAGTCTTACTA-1	1
NC_006589.4	17082294	17082525	GCCGTGAGTTAGCATG-1	1
NC_006589.4	17082301	17082468	AAGTGAAGTTCCGGGA-1	3
NC_006589.4	17082337	17082361	TCCGGTTTCATAACGC-1	1
NC_006589.4	17082347	17082607	GGTTCTTGTCAGGCAT-1	1
NC_006589.4	17082358	17082847	GCGCTTGCACTTCATC-1	1
NC_006589.4	17082362	17082397	TAAGCCTAGGAAACTG-1	2
NC_006589.4	17082386	17082449	AATACCGGTAATCCCT-1	1
NC_006589.4	17082442	17082590	GCTGCACAGGTAAGCA-1	1
NC_006589.4	17082449	17082611	GTGAATCTCAACAAGG-1	1
NC_006589.4	17082449	17082971	TGGAACAAGTTTAACG-1	2
NC_006589.4	17082469	17082822	TGGCCAATCGTCAAGT-1	1
NC_006589.4	17082482	17082547	CCGTGCTGTCATGAGC-1	2
NC_006589.4	17082482	17082582	GTGAATCTCAACAAGG-1	1
NC_006589.4	17082492	17082591	GGGCAATAGCCTGGTA-1	2
NC_006589.4	17082537	17082567	CGAGCGAAGGCGTAAA-1	1
NC_006589.4	17082553	17082673	CATAACGGTGCATTTC-1	3
NC_006589.4	17082569	17082895	GGTTTGTAGCCTGACA-1	3
NC_006589.4	17082581	17082652	GAGCCACTCAAAGGCA-1	1
NC_006589.4	17082595	17082673	TCCCTGGTCCGGTTAG-1	1
NC_006589.4	17082605	17082952	ACTCACTGTCATCCTG-1	2
NC_006589.4	17082606	17083044	CATCCTCAGCATGTCG-1	2
NC_006589.4	17082652	17082832	TTGGGTTAGCAAGGTA-1	1
NC_006589.4	17082670	17082774	CTAGTAGGTGCTCACC-1	1
NC_006589.4	17082674	17082834	ACGTCCTTCCTCAGCT-1	1
NC_006589.4	17082794	17082842	GTGAGCGAGGTCTTGG-1	1
NC_006589.4	17082828	17082896	CCTGCTCCAGTTTGGC-1	1
NC_006589.4	17082834	17082895	CGAAGGCCATAGACTT-1	1
NC_006589.4	17082845	17083068	TATGGTCAGAACAAGT-1	1
NC_006589.4	17082845	17083165	GTTCTTGTCTAGCTAA-1	1
NC_006589.4	17082847	17083052	TTCCTTCTCGCTAGAT-1	2
NC_006589.4	17082852	17082896	AATTCGTCAGGCTTGT-1	2
NC_006589.4	17082895	17082945	AAGCGGGTCCCTCAGT-1	1
NC_006589.4	17082896	17083088	GAGTGAGGTCATAGAT-1	1
NC_006589.4	17082901	17083163	GCGTAACGTACGATTG-1	2
NC_006589.4	17082932	17083024	TTGACTAAGGGATTAG-1	1
NC_006589.4	17082932	17083044	AAACATGCATGTCAGC-1	1
NC_006589.4	17082981	17083044	TTAGCGGTCCCGCCTA-1	1
NC_006589.4	17082981	17083185	GCAAGTGCATGTGGGA-1	1
NC_006589.4	17082981	17083270	GCGCTTGCACTTCATC-1	1
NC_006589.4	17082982	17083222	TAGCGGACACTTAACG-1	3
NC_006589.4	17082989	17083077	GAGGGAGCAAACATAG-1	1
NC_006589.4	17082996	17083053	TTGGATATCGAGCTAT-1	1
NC_006589.4	17083029	17083148	CTGTGTGAGTCAGTAC-1	1
NC_006589.4	17083053	17083168	TTGGATATCGAGCTAT-1	1
NC_006589.4	17083066	17083565	ATGGCTTAGGACTTAC-1	1
NC_006589.4	17083068	17083359	TCTAATCTCGGGACCT-1	2
NC_006589.4	17083073	17083126	GGCATGGAGGTCGAGG-1	1
NC_006589.4	17083074	17083143	CATGCGGGTTAGCGTA-1	1
NC_006589.4	17083123	17083553	TGCTCAACAGCCAGTT-1	1
NC_006589.4	17083133	17083193	CGCTTAACATGTGGGA-1	1
NC_006589.4	17083138	17083354	ACGCCTAAGTAACCCG-1	1
NC_006589.4	17083156	17083191	GTTCACCTCTTGAGGT-1	1
NC_006589.4	17083163	17083221	GATTGATGTTATCCTA-1	1
NC_006589.4	17083183	17083560	AATTAGCGTTCATTTG-1	1
NC_006589.4	17083206	17083226	CGCTTAACATGTTTGG-1	1
NC_006589.4	17083216	17083561	AGTGTGGCAAACGGGC-1	1
NC_006589.4	17083252	17083567	ACTTACAAGTTACCGG-1	1
NC_006589.4	17083254	17083323	CTAACCACATTCCTCG-1	1
NC_006589.4	17083347	17084056	TTTCCGGGTCTAACAG-1	1
NC_006589.4	17083354	17083456	ACCATAATCGTTAGTA-1	2
NC_006589.4	17083356	17083565	CAATAAGCATAAAGCA-1	1
NC_006589.4	17083359	17083506	AAACCAACAGGCCAAA-1	1
NC_006589.4	17083363	17083465	AAAGGTTAGCAATAGG-1	1
NC_006589.4	17083365	17083721	CAATCGCCAATGAGGT-1	4
NC_006589.4	17083372	17083618	TGGCCAATCGTCAAGT-1	1
NC_006589.4	17083375	17083441	TATTTGGAGCTCGCTT-1	1
NC_006589.4	17083416	17083449	ACTCACTGTTAGCTGA-1	1
NC_006589.4	17083426	17083469	GTGCAAGCACTAAATC-1	1
NC_006589.4	17083441	17083528	GAACGAATCCGGAACC-1	1
NC_006589.4	17083443	17083681	TTATCCGTCCTTGAGG-1	1
NC_006589.4	17083493	17083554	CGGTTTCTCCCTCGCA-1	1
NC_006589.4	17083493	17083624	AAACAGCCATAATCGT-1	1
NC_006589.4	17083504	17083594	GTGCACGGTTGTGACA-1	2
NC_006589.4	17083507	17083763	CTTAGTTTCTGTTCAT-1	2
NC_006589.4	17083514	17083537	GGCATTGTCTAGCTTT-1	1
NC_006589.4	17083517	17083594	TGTCATAAGGACCTTG-1	1
NC_006589.4	17083519	17083565	GCAATATGTTACATCC-1	1
NC_006589.4	17083519	17083594	CAGTATGGTAATGGCC-1	1
NC_006589.4	17083519	17083642	TAGCAGGCAGTTAGCC-1	1
NC_006589.4	17083519	17083697	CCTGTAACATGTTTGG-1	2
NC_006589.4	17083524	17083565	GAGGACTAGGAAACTG-1	1
NC_006589.4	17083524	17083591	CGCTGTGCATAAGTTC-1	1
NC_006589.4	17083524	17083593	CCTAAGTAGCATTTCT-1	1
NC_006589.4	17083531	17083576	AGGATCCGTTTATCGC-1	1
NC_006589.4	17083543	17083593	CCCTTAATCAATGACC-1	2
NC_006589.4	17083543	17083594	ATTGCACAGGCGCACT-1	1
NC_006589.4	17083548	17083594	TGAGGGCCACCTGTAA-1	1
NC_006589.4	17083548	17083613	TAACCTAAGAACCTAC-1	1
NC_006589.4	17083561	17083596	TGCATGAGTTTATCTG-1	1
NC_006589.4	17083561	17083942	GAGAACCAGGTTTGAC-1	2
NC_006589.4	17083562	17083594	AATTCGTCAGGCTTGT-1	1
NC_006589.4	17083565	17083602	AGCGGATAGCGGCTGT-1	2
NC_006589.4	17083565	17083684	TAGCGGACAACTGGGA-1	2
NC_006589.4	17083570	17083632	CAATGACTCGTAATCA-1	1
NC_006589.4	17083570	17083696	TTTCTTGCAGGACACA-1	1
NC_006589.4	17083577	17083966	CGCATATAGCTCAATA-1	1
NC_006589.4	17083578	17083624	TCCTTCAAGTCAGTAC-1	1
NC_006589.4	17083579	17083634	CGCAATTAGGGTGGAT-1	1
NC_006589.4	17083589	17083686	TCGTTAGCATTGGGAG-1	1
NC_006589.4	17083608	17083664	TCCATAAAGTAACCAC-1	2
NC_006589.4	17083608	17083735	AGCTAACTCTATTGTC-1	1
NC_006589.4	17083613	17083658	CAGCAAGCACAATGTT-1	1
NC_006589.4	17083613	17083677	GGCGATACATGAATCT-1	1
NC_006589.4	17083613	17083685	TACCTGCTCTCATCAT-1	1
NC_006589.4	17083613	17083713	TCGCGCACACCGGCTA-1	2
NC_006589.4	17083613	17083945	CCACATTGTTTGTGGA-1	1
NC_006589.4	17083620	17083696	CCTAAAGGTCCGCTGT-1	2
NC_006589.4	17083623	17083735	CATAAGCTCATCCTCA-1	1
NC_006589.4	17083624	17083703	TTCATCCCAATCGCAC-1	1
NC_006589.4	17083624	17083713	GCTTCGCGTTAACAGT-1	3
NC_006589.4	17083624	17083919	ACCAGGGAGTCATTGA-1	3
NC_006589.4	17083624	17083936	AATTAGCGTTCATTTG-1	2
NC_006589.4	17083624	17084077	TACTGACAGCAAACCT-1	2
NC_006589.4	17083630	17083683	CGAATCTAGGCCAATT-1	3
NC_006589.4	17083632	17083681	AATTAGCGTTCATTTG-1	3
NC_006589.4	17083634	17083791	TTTACGAAGTAATCCA-1	2
NC_006589.4	17083636	17084339	CCAGCTAAGGATAAAC-1	1
NC_006589.4	17083639	17083692	CCCAGTTTCTCAATAG-1	1
NC_006589.4	17083639	17083697	GCCTGACAGCAAACCT-1	2
NC_006589.4	17083645	17083713	GCTTAGTAGCCAGTAT-1	2
NC_006589.4	17083652	17084172	CCGCTAGCAAAGCGCA-1	2
NC_006589.4	17083658	17083697	TTCCTTCTCCTTGCGT-1	2
NC_006589.4	17083658	17084051	CCGTTAACAGCTACGT-1	1
NC_006589.4	17083681	17084077	GACCTTTGTAGGATTT-1	1
NC_006589.4	17083683	17083740	AGCGATTTCACAAGCT-1	1
NC_006589.4	17083685	17083862	CCCAACCGTTAGGTGC-1	1
NC_006589.4	17083686	17083732	CTAATGTCAGTTGCGT-1	2
NC_006589.4	17083713	17084522	CAACAGGCATGGTTAT-1	1
NC_006589.4	17083723	17084329	TAAGTGCTCCTTCAAT-1	1
NC_006589.4	17083723	17084368	TGTCAGTAGGGTTATC-1	3
NC_006589.4	17083724	17084325	AGGCGGATCTCACTCA-1	1
NC_006589.4	17083737	17083860	GGTAACTTCGGGACTC-1	1
NC_006589.4	17083737	17083938	GGCCTTAAGCCATCAG-1	2
NC_006589.4	17083740	17083795	TGTCCTTCAAGTGTTT-1	1
NC_006589.4	17083740	17084324	ACTCCTCAGCTGCACA-1	1
NC_006589.4	17083747	17083956	GGCTGAGAGCATCCAG-1	3
NC_006589.4	17083761	17083996	AGGATCCGTTGGTTAG-1	1
NC_006589.4	17083781	17083919	TCGCGCACAGGAACTG-1	2
NC_006589.4	17083781	17083998	ATCCTGACAAATTCGT-1	1
NC_006589.4	17083791	17083929	GAAGTAAGTGGACATC-1	2
NC_006589.4	17083912	17084050	TACGTACAGGCAAGTA-1	2
NC_006589.4	17083913	17084062	ATGCCTGAGGTTTGCG-1	1
NC_006589.4	17083929	17084089	TGATTGCAGGCGGGTA-1	3
NC_006589.4	17083938	17083988	CGTAACTAGGAACGGT-1	1
NC_006589.4	17083978	17084038	CGCAATGTCCTCCCTC-1	2
NC_006589.4	17083986	17084089	AAGTGAAGTATTACCC-1	1
NC_006589.4	17083996	17084357	CCTATATTCTCGCCCA-1	1
NC_006589.4	17083998	17084086	GGTCAAGCAATAACCT-1	2
NC_006589.4	17084006	17084044	CATGCGCAGCATGGTT-1	1
NC_006589.4	17084013	17084130	GAGTGATCAATTTAGC-1	2
NC_006589.4	17084015	17084050	GCTGACATCTAATCAG-1	1
NC_006589.4	17084023	17084084	GCCTGTGCAGCCTAAC-1	2
NC_006589.4	17084062	17084368	CGAGGTGAGGGCCATC-1	1
NC_006589.4	17084068	17084143	CAATATGTCTGCAACG-1	2
NC_006589.4	17084086	17084266	CGCCTCATCGCTAAGT-1	1
NC_006589.4	17084089	17084309	ATCCTGACAAATTCGT-1	2
NC_006589.4	17084094	17084140	AGCACTAGTTAGCCAA-1	1
NC_006589.4	17084096	17084294	TACTGCACAAGTAAGC-1	2
NC_006589.4	17084104	17084157	CCTATAGCAATAACCT-1	1
NC_006589.4	17084138	17084182	CGCAATCCATTGTGTG-1	1
NC_006589.4	17084148	17084201	ACCAAGCGTTTAACGG-1	1
NC_006589.4	17084151	17084238	CCTAAAGGTACCGTAA-1	2
NC_006589.4	17084167	17084202	CAGCATTAGGGACGCA-1	2
NC_006589.4	17084172	17084241	TAGACCAGTAACAGGG-1	1
NC_006589.4	17084172	17084363	AGGACTAAGCACGTTG-1	2
NC_006589.4	17084172	17084561	AATGTCCAGGAGTCTT-1	1
NC_006589.4	17084183	17084276	ACCAGGGAGCGCAATT-1	1
NC_006589.4	17084201	17084319	CAAACTGGTGAATCGC-1	4
NC_006589.4	17084207	17084309	GGCGGTAAGCCTGATG-1	3
NC_006589.4	17084212	17084283	AAAGGTTAGCAATAGG-1	3
NC_006589.4	17084228	17084309	CACCTGTTCATAATCG-1	2
NC_006589.4	17084238	17084309	TTTCCGGGTCTAACAG-1	1
NC_006589.4	17084239	17084522	GTTACGCCAGCATGTC-1	2
NC_006589.4	17084243	17084278	ATCATGTCATGGCCTG-1	4
NC_006589.4	17084243	17084412	CGAAGCGAGCCACATG-1	1
NC_006589.4	17084251	17084288	ATTGAAGCACAAAGAC-1	2
NC_006589.4	17084264	17084309	TCCATATTCTTAGGGT-1	1
NC_006589.4	17084276	17084329	CGGTTCCGTCACACCC-1	2
NC_006589.4	17084278	17084344	GAGCCACTCCCAGTAG-1	1
NC_006589.4	17084283	17084339	GAGTGTTTCTAATCAG-1	1
NC_006589.4	17084289	17084319	AGGAAACGTATTTGGG-1	3
NC_006589.4	17084294	17084584	TCGCATTGTGCACGCA-1	1
NC_006589.4	17084296	17084344	TAGACCAGTAACAGGG-1	1
NC_006589.4	17084301	17084349	CTATGAGGTCGAAGTC-1	1
NC_006589.4	17084304	17084402	TGTGATCAGTTAGCCG-1	1
NC_006589.4	17084314	17084624	CGCCACACAAGCGAGC-1	1
NC_006589.4	17084319	17084373	CTTCTCAAGCAAACCT-1	1
NC_006589.4	17084324	17084482	CTCAATAAGGATTTGC-1	1
NC_006589.4	17084337	17084373	CAAACTGGTGAATCGC-1	1
NC_006589.4	17084337	17084385	GTAGTTTCAGGCATGA-1	2
NC_006589.4	17084339	17084373	TGTCAGTAGGTCTTGG-1	3
NC_006589.4	17084339	17084373	TTTGTGAAGATTGAGG-1	3
NC_006589.4	17084339	17084390	CCTGTATGTTAAGTGT-1	1
NC_006589.4	17084339	17084390	GCTGCATCAATTAGCT-1	1
NC_006589.4	17084339	17084409	TTGCAATCATGGCCTG-1	1
NC_006589.4	17084339	17084410	CGTAGTTAGGAGGGTT-1	1
NC_006589.4	17084339	17084417	CAGATTCAGTTGTCAA-1	2
NC_006589.4	17084339	17084420	ACTTGTAAGGTAACGA-1	1
NC_006589.4	17084339	17084732	AACGGTAAGCTCAATA-1	1
NC_006589.4	17084344	17084378	GAGTTTGGTGGATTCA-1	2
NC_006589.4	17084355	17084643	TGATTAGTCACCATTT-1	3
NC_006589.4	17084363	17084461	TCGCGCACACAAACTT-1	2
NC_006589.4	17084375	17084888	TTGGGCCAGTAACCAC-1	1
NC_006589.4	17084383	17084570	CGTTGCAAGTCTTGAA-1	2
NC_006589.4	17084392	17084433	CAAACTGGTGAATCGC-1	1
NC_006589.4	17084395	17084432	TAAGTAGCAGCATGAG-1	4
NC_006589.4	17084399	17084482	TACTGACAGCCTGATG-1	1
NC_006589.4	17084402	17084466	GTTGTGAGTGCCGCAA-1	1
NC_006589.4	17084402	17084477	AGTAATCGTCACCAAA-1	2
NC_006589.4	17084402	17084490	AACCGCTCATGACTAT-1	1
NC_006589.4	17084402	17084495	AGCGTGCTCATTTGTC-1	1
NC_006589.4	17084409	17085070	TTGTTGTTCAATGTCA-1	1
NC_006589.4	17084420	17084490	ATTACCCGTCATAACG-1	1
NC_006589.4	17084425	17084512	AACTGTTCATAAAGCA-1	1
NC_006589.4	17084433	17084487	TCAGGTTAGTTCCTCA-1	1
NC_006589.4	17084433	17084901	CCTATAGCAACAGGAT-1	2
NC_006589.4	17084461	17084518	GCTGCATCAATTAGCT-1	1
NC_006589.4	17084468	17084657	CGCTCAGCATCATGTG-1	1
NC_006589.4	17084469	17084505	GTCATGCCAGCTTAAT-1	1
NC_006589.4	17084473	17084565	ACGTTGTAGAAAGCAT-1	1
NC_006589.4	17084477	17084559	TATTTGGAGCTCGCTT-1	1
NC_006589.4	17084496	17084994	TAAGTGCTCCTTCAAT-1	1
NC_006589.4	17084507	17084553	ATTAGCGGTCTAACCT-1	1
NC_006589.4	17084510	17084650	AAAGGTTAGCAATAGG-1	3
NC_006589.4	17084512	17084680	GTGCAAGCAATTATGC-1	2
NC_006589.4	17084522	17084582	GATTAGTGTTGCCTCA-1	3
NC_006589.4	17084541	17084670	CATAACGGTGCATTTC-1	1
NC_006589.4	17084558	17084622	GTATGTTCACTCAACA-1	1
NC_006589.4	17084581	17084650	TGGTCCTTCCCTCATA-1	1
NC_006589.4	17084592	17084637	ATTGCACAGGATTGAG-1	1
NC_006589.4	17084604	17084690	AGGAACGGTGGATGTC-1	1
NC_006589.4	17084643	17084828	ACTTACAAGGAGGTTA-1	1
NC_006589.4	17084643	17084934	ATACCTGCACAAGCCT-1	3
NC_006589.4	17084648	17084895	TACTGCACAAGTAAGC-1	2
NC_006589.4	17084650	17084827	AAAGGTTAGCAATAGG-1	1
NC_006589.4	17084655	17084724	AGCCGGTTCATGCAAC-1	1
NC_006589.4	17084732	17085080	GAAGTATAGCATGCAT-1	1
NC_006589.4	17084795	17085054	GTGCGGTTCAGCTAAC-1	3
NC_006589.4	17084800	17084879	CGCCACACAAGCGAGC-1	2
NC_006589.4	17084801	17085345	TAGGCTAGTCAGGCCA-1	1
NC_006589.4	17084855	17084989	CAAACAACACAGAACG-1	1
NC_006589.4	17084889	17084958	GATCACTAGAGGCTAA-1	1
NC_006589.4	17084916	17085246	GGTCTTGAGTTGGGCC-1	1
NC_006589.4	17084923	17085083	GGTTCTTGTTACAAAC-1	1
NC_006589.4	17084924	17084981	TCATGTTTCATGCTAA-1	1
NC_006589.4	17084928	17085117	ACAAAGGTCCACCTGT-1	2
NC_006589.4	17084951	17084996	ATCCAACAGGTCGAGG-1	2
NC_006589.4	17084962	17085005	AAAGGAGCAAGCGAGC-1	1
NC_006589.4	17085003	17085382	CAATAAGCAAACATAG-1	2
NC_006589.4	17085021	17085066	CCTATAGCAACAGGAT-1	1
NC_006589.4	17085056	17085428	TTTGTTGGTTGAGCCG-1	1
NC_006589.4	17085083	17085320	GCTAAGTTCTTGTCCA-1	1
NC_006589.4	17085107	17085194	CCACAGGGTATTCGTC-1	1
NC_006589.4	17085117	17085491	CAAGGTAAGCATTATG-1	1
NC_006589.4	17085128	17085194	GCTGATCCACGAATCC-1	3
NC_006589.4	17085129	17085756	CGTTAAATCCCGAACA-1	1
NC_006589.4	17085204	17085269	CATAGTCAGGCCAATT-1	1
NC_006589.4	17085234	17085320	ACCATAATCCAGGTCA-1	1
NC_006589.4	17085247	17085527	ACTATCCGTACTGATG-1	1
NC_006589.4	17085280	17085506	TCCTGTTCATTAAGTC-1	1
NC_006589.4	17085288	17085345	ATCACAATCAATGTGC-1	1
NC_006589.4	17085316	17085362	CCTATTGTCCTGGTCT-1	2
NC_006589.4	17085325	17085556	GTTGTGAGTGTTTGCT-1	1
NC_006589.4	17085345	17085388	ACCCAGGGTCAATACG-1	1
NC_006589.4	17085362	17085415	CCTATTGTCCTGGTCT-1	1
NC_006589.4	17085376	17085483	CACCAACCATCAGTAT-1	1
NC_006589.4	17085415	17085483	AGACAATAGCGATAAG-1	3
NC_006589.4	17085418	17085626	TGGGCCTAGTTATCTC-1	1
NC_006589.4	17085483	17085614	CTTAGTTTCTGTTCAT-1	2
NC_006589.4	17085506	17085872	TACCAGGTCTAAATCG-1	1
NC_006589.4	17085526	17085723	ATATAGGCAAGCCAGA-1	2
NC_006589.4	17085526	17085938	TGGCTATAGCTGTAAC-1	1
NC_006589.4	17085531	17085884	CCGCTTAGTGGGTGAA-1	1
NC_006589.4	17085547	17085720	AAGAACAGTAGACAAA-1	2
NC_006589.4	17085567	17085724	TGAAGGATCACGTTAA-1	1
NC_006589.4	17085581	17086001	CCACAGGGTGTTAGCA-1	1
NC_006589.4	17085582	17085715	TAGTTGTCAAATGCCC-1	1
NC_006589.4	17085584	17085752	AGGATCCGTTGCGGAT-1	1
NC_006589.4	17085602	17085633	AGTAACGAGAGAAGGG-1	1
NC_006589.4	17085603	17085645	GCCAATAGTACGCGCA-1	2
NC_006589.4	17085614	17085657	CAGTACCCAGTAGGAT-1	1
NC_006589.4	17085619	17085641	AGCACTTAGGATTGCT-1	1
NC_006589.4	17085633	17085792	TTGCAACAGGATTTGC-1	1
NC_006589.4	17085639	17085688	TTTCAGTTCATGGCCA-1	1
NC_006589.4	17085641	17085702	GCAGGCTTCCGGGACT-1	3
NC_006589.4	17085641	17085703	TATTAGGTCGTAATCA-1	1
NC_006589.4	17085645	17085771	AAACAGCCATAAGTCT-1	2
NC_006589.4	17085654	17085842	ATGGTTATCAGGCCTA-1	1
NC_006589.4	17085659	17085691	AATCTTGAGCAGGTGG-1	1
NC_006589.4	17085664	17085748	TCGCTAACACACAATT-1	1
NC_006589.4	17085705	17085799	GGCAAATCACCTGCCT-1	1
NC_006589.4	17085718	17085742	CTGACCAAGGGTTATC-1	1
NC_006589.4	17085720	17085754	CGCCACACAAGCGAGC-1	1
NC_006589.4	17085723	17085907	GTGATGAAGGATCACT-1	4
NC_006589.4	17085723	17085908	GGAAGCTAGGTCGAGG-1	1
NC_006589.4	17085731	17085766	AAGCCTTAGGCGGGTA-1	2
NC_006589.4	17085732	17085915	GTTTGTAAGTAACAGG-1	1
NC_006589.4	17085736	17085775	GAGGTACAGGTCCACA-1	2
NC_006589.4	17085754	17085799	CCAAGTTAGCACTTGG-1	1
NC_006589.4	17085767	17085818	GATTCATCAATAACCT-1	1
NC_006589.4	17085778	17085923	GCTTAACAGCTGTACG-1	1
NC_006589.4	17085794	17086145	ATTACCGCATTGCGGT-1	3
NC_006589.4	17085806	17086011	CTAGTAATCTTGAGGT-1	1
NC_006589.4	17085808	17086156	GCAACAGCATTGCGTA-1	1
NC_006589.4	17085812	17086002	TGAACAACACCTCAGG-1	1
NC_006589.4	17085837	17085886	TTGCAATCAGTTTCTC-1	3
NC_006589.4	17085875	17086040	GCCTCAAAGCCGCAGT-1	1
NC_006589.4	17085877	17086035	TCGTGCTTCATCCTCA-1	1
NC_006589.4	17085883	17085942	ATGGTCTAGAGGGACT-1	1
NC_006589.4	17085884	17085953	CGTTTGTGTAATTAGC-1	1
NC_006589.4	17085886	17085924	AATTGTGTCTTGTCTG-1	1
NC_006589.4	17085915	17086273	GTTTGTAAGTAACAGG-1	2
NC_006589.4	17085925	17086022	CTACTAAAGGGCCACT-1	2
NC_006589.4	17085942	17086009	TTGCAATCAGTTTCTC-1	1
NC_006589.4	17085972	17086022	CGCCACACAAGCGAGC-1	2
NC_006589.4	17085980	17086144	ACTTGTAAGTGATTCA-1	1
NC_006589.4	17085984	17086124	AATAGAGGTACTTAGG-1	2
NC_006589.4	17086008	17086135	GAAGTCAAGGCCTAAT-1	1
NC_006589.4	17086008	17086178	CGTGCTTTCATCAGTA-1	2
NC_006589.4	17086011	17086417	ACGCCTAAGCCTAATA-1	2
NC_006589.4	17086030	17086435	GAGCATGCACATAACT-1	3
NC_006589.4	17086036	17086088	AACATAGCAAGTCGCT-1	1
NC_006589.4	17086040	17086097	ATCAGGTTCTTAGCCC-1	1
NC_006589.4	17086045	17086116	TCTCAAGCATAGCGGA-1	1
NC_006589.4	17086064	17086119	TTTGTGGCACTAAGAA-1	1
NC_006589.4	17086067	17086237	TCTACTAGTTAGGTTG-1	1
NC_006589.4	17086074	17086243	GTTAACCAGGAGTCTT-1	1
NC_006589.4	17086096	17086140	ATGAGCCGTCACAGAC-1	1
NC_006589.4	17086116	17086245	CCAGGATGTAACGTGC-1	1
NC_006589.4	17086145	17086308	GCTCACAAGCAGGTGG-1	1
NC_006589.4	17086145	17086316	TCATCCATCCGCATGA-1	1
NC_006589.4	17086178	17086244	CTTAGTTTCTGTTCAT-1	1
NC_006589.4	17086202	17086243	CTCATTGTCGCCTGTT-1	2
NC_006589.4	17086202	17086396	CTCCTCACACGAATCC-1	1
NC_006589.4	17086209	17086736	GGCTGAGAGGGACGCA-1	2
NC_006589.4	17086258	17086325	TATGGCCCAGTTAAAG-1	1
NC_006589.4	17086273	17086340	TTAGAAGCATGACTAT-1	1
NC_006589.4	17086283	17086365	GACTATTCACATTGCA-1	1
NC_006589.4	17086291	17086432	CTTAAGATCCACAATA-1	4
NC_006589.4	17086302	17086620	TCCTTGCAGGCAGGTG-1	2
NC_006589.4	17086306	17086329	CGTACGGGTGATGAAA-1	1
NC_006589.4	17086316	17086496	GCCACACAGATAACCC-1	1
NC_006589.4	17086323	17086358	ACCAAGCGTGGATGTC-1	1
NC_006589.4	17086327	17086363	TCAGGTCCATCCTAGA-1	1
NC_006589.4	17086332	17086427	GATTCGCCAACGTGCT-1	2
NC_006589.4	17086334	17086520	TGGACAAAGCGATAGA-1	1
NC_006589.4	17086365	17086411	ACAGGCTGTATTGCAG-1	1
NC_006589.4	17086365	17086521	GTATTGTCACGTGCTG-1	1
NC_006589.4	17086373	17086431	TGAAGTGAGGTCCTGA-1	3
NC_006589.4	17086389	17086582	TAGAGCCGTCGCAATA-1	1
NC_006589.4	17086401	17086463	GAAGGCTAGAGAGCCG-1	1
NC_006589.4	17086401	17086557	GACTTGGTCCAGGAAA-1	2
NC_006589.4	17086406	17086803	GCGCCTTGTGATCATG-1	2
NC_006589.4	17086416	17086485	GGGTGAAGTACCGAAC-1	1
NC_006589.4	17086416	17086623	GGTCTTTGTTCGGGAT-1	1
NC_006589.4	17086448	17086785	GGTGTGACAATAATGG-1	1
NC_006589.4	17086454	17086582	TTTGGTGCAATTAAGG-1	1
NC_006589.4	17086485	17086530	AAATGGCCAGCATTAT-1	1
NC_006589.4	17086492	17086522	GTAGTTTCATGAATCT-1	4
NC_006589.4	17086492	17086577	GTAGTTTCATGAATCT-1	3
NC_006589.4	17086513	17086707	TGAGTGAAGGAACGGT-1	1
NC_006589.4	17086520	17086569	TCTAACCGTGTTGTAG-1	1
NC_006589.4	17086527	17086615	GTGAGGAGTACCTTAC-1	1
NC_006589.4	17086538	17086587	CCAGTTTGTTTCGCGC-1	3
NC_006589.4	17086544	17086582	TTGAGGCGTGCTAGAC-1	1
NC_006589.4	17086549	17086920	TATGAAGCAGTTAAAG-1	3
NC_006589.4	17086552	17086905	GGCAAATCACCTGCCT-1	2
NC_006589.4	17086581	17086639	ACACTAATCGTCATTT-1	2
NC_006589.4	17086581	17086775	TTTCTTGCAAGGTACG-1	1
NC_006589.4	17086582	17086756	AGTAACGAGCTATTAG-1	1
NC_006589.4	17086587	17086868	CCTAAATCAAATGCCC-1	1
NC_006589.4	17086592	17086731	GGGCATGAGTTAGCTA-1	2
NC_006589.4	17086592	17086748	TGTCCTTCACTATGGC-1	1
NC_006589.4	17086597	17086942	GATTAAGCATGGTTAT-1	1
NC_006589.4	17086606	17086758	ACGTCCTTCTAACTGA-1	1
NC_006589.4	17086623	17086943	GGTACAAAGTTTCCTG-1	2
NC_006589.4	17086639	17086667	AAGCCTCCATTAGCGC-1	2
NC_006589.4	17086650	17086737	TCAAACCAGCGTGCAC-1	1
NC_006589.4	17086665	17086720	AAATGCCTCGCGACAC-1	1
NC_006589.4	17086667	17086728	AGGTATTGTGCCTCAC-1	1
NC_006589.4	17086673	17086719	TACCTGCTCGTGCTTC-1	2
NC_006589.4	17086680	17086737	AGGCCCAGTCAATGTG-1	1
NC_006589.4	17086683	17086737	TCGTAATCAGTTAGCC-1	1
NC_006589.4	17086703	17086737	TAGGTGCGTATTGAGT-1	1
NC_006589.4	17086721	17086904	GAGTGTTTCATGCTTT-1	1
NC_006589.4	17086721	17086953	CCAGGATGTATTCGCT-1	1
NC_006589.4	17086736	17087023	CTCCGGACAGGCTAAG-1	2
NC_006589.4	17086743	17086793	TGCTTCATCGCTAAGT-1	1
NC_006589.4	17086752	17086771	TATGGGCGTTAGGACC-1	3
NC_006589.4	17086758	17086795	AAGCGAGGTTAGCCAA-1	1
NC_006589.4	17086792	17086842	TGGACAAAGCGCTCAA-1	1
NC_006589.4	17086793	17087119	GATTCAATCTAAGGTC-1	1
NC_006589.4	17086808	17086968	CTCCCTGAGGAACGCG-1	2
NC_006589.4	17086808	17086968	TATAGCCAGACACTTA-1	1
NC_006589.4	17086810	17086886	AAACCGCGTGTTGTAG-1	2
NC_006589.4	17086810	17086910	AGAATCTGTGTCCTGC-1	2
NC_006589.4	17086810	17087061	CGCCAAATCTCGACCT-1	2
NC_006589.4	17086813	17086881	GGTCAAGCAATAACCT-1	1
NC_006589.4	17086813	17086954	TGATGATGTCACGAAC-1	2
NC_006589.4	17086818	17086930	GCTGCATCAATAACCT-1	1
NC_006589.4	17086841	17086943	AAGGATTAGTTATGGC-1	1
NC_006589.4	17086881	17087108	CCCGCTTCACCGGCTA-1	1
NC_006589.4	17086932	17087059	TCTAACCGTCATGAGC-1	2
NC_006589.4	17086935	17087010	TGGACAAAGGAACCAA-1	3
NC_006589.4	17086960	17087124	ACCTGGTCAAACTAAG-1	1
NC_006589.4	17086964	17087165	TGCCGGTAGGTCAAAG-1	1
NC_006589.4	17086968	17087151	GGTATTTCAGCTTACA-1	1
NC_006589.4	17086968	17087302	GCCAACATCCTTCTAG-1	2
NC_006589.4	17086980	17087129	TAGTTTGAGTTACCGG-1	1
NC_006589.4	17086990	17087138	CCTGTAACAGCTTAGC-1	2
NC_006589.4	17087042	17087077	TGCTTCATCCAATTAG-1	1
NC_006589.4	17087104	17087270	GATGACTTCCTAATAG-1	1
NC_006589.4	17087110	17087183	CCCGCAACACGAACAG-1	2
NC_006589.4	17087548	17087719	CGTTAAATCCCGAACA-1	1
NC_006589.4	17087550	17087746	TGTTAGCAGCGGATTT-1	1
NC_006589.4	17087557	17087740	GAGGACTAGGAAACTG-1	1
NC_006589.4	17087563	17087908	ATGTTTGAGCGGGCAA-1	1
NC_006589.4	17087595	17087937	CTTGCGCGTACAATGT-1	1
NC_006589.4	17087605	17087679	TGCCGGTAGCATGTTA-1	2
NC_006589.4	17087609	17087735	TAGCATATCGAAGTAG-1	1
NC_006589.4	17087614	17087666	TCAACAATCCAGGTCA-1	3
NC_006589.4	17087614	17087669	CAGCAAGCAGCTTAAT-1	1
NC_006589.4	17087628	17087813	CACGCTAAGCCACAAT-1	1
NC_006589.4	17087630	17087812	ATCCACCTCAGGGCCT-1	1
NC_006589.4	17087630	17087937	GCTCGATCATAAACCT-1	2
NC_006589.4	17087635	17087671	CAAAGGATCAGAAACG-1	1
NC_006589.4	17087638	17088052	TCGTGCTTCGAAGCGG-1	1
NC_006589.4	17087643	17087793	CACGCTAAGGCGGATG-1	1
NC_006589.4	17087645	17087735	CGTTGCGCAATTGCGC-1	1
NC_006589.4	17087669	17087715	TGTGAAACAGGAACTG-1	2
NC_006589.4	17087682	17087740	TGTATCGCACCTGGTG-1	1
NC_006589.4	17087688	17087757	CGTTGCGCAATTGCGC-1	2
NC_006589.4	17087707	17087776	AGCTAGTTCGAGGTGG-1	1
NC_006589.4	17087712	17087819	TACGGATTCGTCAAGT-1	1
NC_006589.4	17087735	17087786	CTTTGGTGTTGGCGTG-1	1
NC_006589.4	17087756	17087787	TTCCACGGTTTGCTGT-1	2
NC_006589.4	17087769	17088363	GAACCAGCAGGATGGC-1	1
NC_006589.4	17087786	17088068	TCGTAATCAGTTAGCC-1	3
NC_006589.4	17087788	17087917	AATCAGGAGTCATTTC-1	1
NC_006589.4	17087793	17088068	GGTCTTGAGGAGCAAC-1	3
NC_006589.4	17087807	17087910	ATGTAAGCACGGTTTA-1	2
NC_006589.4	17087823	17087917	GAGTAACCACTGGCCA-1	3
NC_006589.4	17087839	17087889	GTGCACGGTCACAAAT-1	2
NC_006589.4	17087847	17088228	CTGTAACAGGCGCTTA-1	1
NC_006589.4	17087864	17087909	AAGACCAAGGCGCACT-1	2
NC_006589.4	17087905	17088049	ATTGGCTAGCACGATT-1	1
NC_006589.4	17087910	17088205	TGCTAGCCAGGAACTG-1	1
NC_006589.4	17087939	17088118	CCATAAATCATTGACA-1	1
NC_006589.4	17087954	17088117	TTGCTTAGTCACAAAT-1	1
NC_006589.4	17087970	17088329	TTTGTGTTCCTCGATC-1	1
NC_006589.4	17087970	17088375	TTTGTGTTCCTCGATC-1	1
NC_006589.4	17088025	17088139	ATTAACCCAGGCTTGT-1	1
NC_006589.4	17088052	17088120	AGTACGCGTGATTTGG-1	1
NC_006589.4	17088065	17088373	GGCAGGATCGTTTCTG-1	1
NC_006589.4	17088065	17088373	GTTAATGTCGTTTCTG-1	1
NC_006589.4	17088072	17088331	TATTAGGTCGTTTCTG-1	1
NC_006589.4	17088082	17088416	CTGGATGTCAACCAAC-1	1
NC_006589.4	17088087	17088253	AGTGCGGAGGTAACGA-1	2
NC_006589.4	17088100	17088303	CGGCAATGTAACGAGG-1	2
NC_006589.4	17088117	17088426	GATCAAGAGCTCCTAC-1	1
NC_006589.4	17088144	17088327	GCAAGTGCAATAAGCA-1	1
NC_006589.4	17088149	17088502	CGCCAAATCATCCTGC-1	3
NC_006589.4	17088160	17088218	ATGGCTTAGTGAACGA-1	1
NC_006589.4	17088205	17088396	TGCTAGCCAGGAACTG-1	1
NC_006589.4	17088212	17088675	CAATGACTCTAAGTCA-1	1
NC_006589.4	17088225	17088272	GAGTGTTTCACTTCAT-1	1
NC_006589.4	17088236	17088375	ATTAGGTGTGATGGCT-1	1
NC_006589.4	17088236	17088396	AACAAAGGTGGATTCA-1	1
NC_006589.4	17088243	17088375	GATTCAGGTATTACCC-1	1
NC_006589.4	17088264	17088375	TTAGTCAAGGCTATGT-1	2
NC_006589.4	17088271	17088331	CGCCACACAAGCGAGC-1	1
NC_006589.4	17088295	17088327	TGTAAGCTCATTACAG-1	1
NC_006589.4	17088315	17088432	AACAGGATCAGAAACG-1	1
NC_006589.4	17088322	17088488	GGTTCTTGTTACAAAC-1	1
NC_006589.4	17088324	17088347	CCCTAATGTGGTTATG-1	1
NC_006589.4	17088329	17088410	GTGCATTAGGGATGCG-1	1
NC_006589.4	17088331	17088377	CGCGATTCAATATAGG-1	1
NC_006589.4	17088331	17088406	TTTGGCTGTTCGCTCA-1	3
NC_006589.4	17088331	17088449	TACTGACAGTGTTGTA-1	2
NC_006589.4	17088346	17088675	TCAGCGATCGGGCCAT-1	1
NC_006589.4	17088347	17088410	ATCCATAAGTTTGGGT-1	1
NC_006589.4	17088365	17088568	TATGGGCGTATTGTGG-1	1
NC_006589.4	17088374	17088437	ATTATGGTCTTAGCGG-1	4
NC_006589.4	17088377	17088400	CTATAACCAGATAGAC-1	3
NC_006589.4	17088388	17088432	CGAGGTGAGCCTGACA-1	1
NC_006589.4	17088388	17088655	CAATAGCTCGATTTGA-1	3
NC_006589.4	17088389	17088614	CGAAGAATCGGTTTCC-1	2
NC_006589.4	17088400	17088432	TGAAACTGTTCGCTCA-1	1
NC_006589.4	17088405	17088436	TAGGTGCGTAATGACT-1	2
NC_006589.4	17088410	17088444	GTGCTTACAGAAATTG-1	1
NC_006589.4	17088410	17088765	CTCTGTTCATACCCGG-1	2
NC_006589.4	17088416	17088565	GAGCGGTCATCTTGAG-1	1
NC_006589.4	17088416	17088675	TAACCAGGTTGGTTGA-1	1
NC_006589.4	17088418	17088755	GCGATATTCCTAAGAC-1	1
NC_006589.4	17088422	17088678	GGTTGCATCGGGCCAT-1	1
NC_006589.4	17088436	17088755	AGAATCGAGCGTGCGT-1	3
NC_006589.4	17088436	17088765	CGTGTTACACTATGGC-1	1
NC_006589.4	17088438	17088626	TCGGTAAGTGATCAGC-1	1
NC_006589.4	17088446	17088755	GGAGTGAGTGAGCACT-1	1
NC_006589.4	17088460	17088708	GGTGTCCAGCGCATTG-1	1
NC_006589.4	17088465	17088508	AAACCGCGTTATCGAG-1	1
NC_006589.4	17088465	17088581	CGCTTACTCCTAAGTA-1	1
NC_006589.4	17088470	17088665	ACTCGCTTCCGCACAA-1	1
NC_006589.4	17088478	17088755	AAACGGATCGTTACTT-1	1
NC_006589.4	17088479	17088596	TATTAGCCAGGGAGCT-1	3
NC_006589.4	17088483	17088546	GTGCGGTTCATGGTTA-1	1
NC_006589.4	17088488	17088525	ACCTTCATCCTAATGA-1	1
NC_006589.4	17088508	17088575	AAACCGCGTTATCGAG-1	1
NC_006589.4	17088525	17088675	CCTAAGTAGGCCTTAG-1	1
NC_006589.4	17088565	17088621	CAAATCATCGTCCTTA-1	1
NC_006589.4	17088571	17088647	CGGTAACGTGAGACTC-1	3
NC_006589.4	17088571	17088789	TGACTCCTCGATCAGT-1	2
NC_006589.4	17088572	17088728	GGATGAATCAATGTGC-1	3
NC_006589.4	17088605	17088796	GTCAAACTCTAAGGAG-1	1
NC_006589.4	17088608	17088884	GCGGTTGGTTGGATCA-1	2
NC_006589.4	17088621	17088793	GAGGCCTTCGTTAGCG-1	3
NC_006589.4	17088624	17088655	GAGCTGCTCGCTCCAT-1	1
NC_006589.4	17088626	17088690	GGTCAGGAGCTGGACC-1	2
NC_006589.4	17088626	17088755	CTACTAAAGCGCATTG-1	1
NC_006589.4	17088634	17088775	TTTGACCGTAGTCAAT-1	2
NC_006589.4	17088657	17088845	GCACGAACAAACGGGC-1	1
NC_006589.4	17088665	17088860	CTAAGTCAGACACCGC-1	1
NC_006589.4	17088667	17089086	GAGAACCAGGTTTGAC-1	2
NC_006589.4	17088668	17088765	CATTTGTTCTTAGTCT-1	2
NC_006589.4	17088670	17088909	GGGTTTGTCACGCCAA-1	2
NC_006589.4	17088685	17088714	TTCGTTAGTTTATCTG-1	1
NC_006589.4	17088685	17088728	ACATTAGTCGCTAGCA-1	1
NC_006589.4	17088686	17088723	ATGAAGCCACTTGTTC-1	1
NC_006589.4	17088694	17088728	CAAGCTAGTCAAGTAT-1	1
NC_006589.4	17088699	17089050	GGCCTCTGTACGCGCA-1	2
NC_006589.4	17088718	17088760	CGGGTATGTGGATTAT-1	1
NC_006589.4	17088723	17088755	TGATCAATCCTCAGCT-1	1
NC_006589.4	17088723	17088855	CTGCTCCCAGAGGGAG-1	1
NC_006589.4	17088728	17088765	GCTAGCTCAAACTCAT-1	4
NC_006589.4	17088728	17088770	TGTCATAAGGACCTTG-1	1
NC_006589.4	17088735	17088840	TAAGTAGCACAGAACG-1	1
NC_006589.4	17088738	17088768	GATCAAGAGCTCCTAC-1	3
NC_006589.4	17088753	17088793	AGCAATTGTTAGGCGT-1	2
NC_006589.4	17088753	17088815	AATTGTGTCTTGTCTG-1	4
NC_006589.4	17088755	17088782	ACACAATGTTTACCGT-1	1
NC_006589.4	17088755	17088793	GTCGGTTCAAGGAATC-1	1
NC_006589.4	17088755	17088805	GCTAGTGTCCGCAAAT-1	1
NC_006589.4	17088755	17088954	GATCAAGAGGCGGATG-1	1
NC_006589.4	17088756	17088796	CGTCAATAGTCCTGAG-1	1
NC_006589.4	17088758	17088782	CATCACACACGAACAG-1	1
NC_006589.4	17088762	17088900	GCTTTCATCAAAGGCA-1	3
NC_006589.4	17088768	17088817	GGCTAGACATAAAGCA-1	2
NC_006589.4	17088770	17088815	TTTAGCAAGCACTAGT-1	2
NC_006589.4	17088782	17088840	ACACAATGTTTACCGT-1	1
NC_006589.4	17088784	17088885	CATGCGGGTGCCTCAC-1	1
NC_006589.4	17088787	17089011	CAAGAACCATGGCCCA-1	2
NC_006589.4	17088805	17088885	AGTTTGCAGGAACCAA-1	2
NC_006589.4	17088805	17089368	ACACAATGTTAGTGAT-1	1
NC_006589.4	17088806	17088945	AGGCGGATCGTCCTTA-1	1
NC_006589.4	17088810	17089277	CATTATCTCACTCGCT-1	1
NC_006589.4	17088827	17088885	TACTTCGTCGAGCTAT-1	1
NC_006589.4	17088840	17088918	ATATGCTCACTAAATC-1	2
NC_006589.4	17088840	17088993	GCTATAGGTTGTTGGA-1	3
NC_006589.4	17088841	17088888	CCACACAAGACAAAGT-1	1
NC_006589.4	17088856	17088910	CACCTCAGTTGAAGCC-1	1
NC_006589.4	17088860	17089095	TTGACATCAAACTCAT-1	2
NC_006589.4	17088874	17088916	TTTAAGGTCATTTGCT-1	1
NC_006589.4	17088885	17089081	TGGTGATTCGCACACA-1	1
NC_006589.4	17088893	17088957	ATTACGTCACCTAAGC-1	1
NC_006589.4	17088899	17088933	CGGATAAAGGCCTAAT-1	1
NC_006589.4	17088914	17089103	TTTCCTGAGTGCACGC-1	2
NC_006589.4	17088924	17089011	GAGTATCTCATCCACC-1	1
NC_006589.4	17088937	17089095	GTATCGCCACCAACCG-1	1
NC_006589.4	17088953	17089277	GGTGCTGGTTAAATGC-1	2
NC_006589.4	17088959	17089650	GCACTTACAGTAAAGC-1	1
NC_006589.4	17088967	17089093	CGTAACTAGGAACGGT-1	1
NC_006589.4	17088967	17089115	CGCCACACAAGCGAGC-1	2
NC_006589.4	17088972	17089038	CAAGCTAGTGATCATG-1	1
NC_006589.4	17088992	17089277	TGTAAGCTCACCTGTC-1	1
NC_006589.4	17089032	17089076	TGTCATAAGCGGTTAT-1	2
NC_006589.4	17089086	17089277	CCGCAAGGTGTTGTGA-1	2
NC_006589.4	17089103	17089140	TGCCATTGTGGATTCA-1	1
NC_006589.4	17089125	17089311	GAGGACTAGGAAACTG-1	3
NC_006589.4	17089126	17089471	CATAACGGTTACTTCA-1	1
NC_006589.4	17089132	17089191	CTTAACAAGTTAGAGG-1	1
NC_006589.4	17089157	17089343	GCACCTAAGTAGCGCC-1	1
NC_006589.4	17089189	17089392	TTTGTGTTCCTCGATC-1	2
NC_006589.4	17089201	17089373	GCAGGCAAGTAACGAG-1	1
NC_006589.4	17089211	17089290	TGTTGTTTCCTTGCGT-1	2
NC_006589.4	17089211	17089349	CGCCACACAAGCGAGC-1	1
NC_006589.4	17089217	17089414	AGCTAACTCCCGCAAA-1	1
NC_006589.4	17089221	17089455	CTTAACAAGTTAGAGG-1	2
NC_006589.4	17089275	17089431	GAGCTGCTCTAGCTTT-1	1
NC_006589.4	17089277	17089427	ACCGCAATCAATGTCA-1	2
NC_006589.4	17089282	17089603	CGTTAAATCCCGAACA-1	1
NC_006589.4	17089283	17089367	GCTCACAAGCTGGAAA-1	3
NC_006589.4	17089287	17089340	GCAATAGAGCGGATAA-1	1
NC_006589.4	17089341	17089427	TGTGCGCAGCACGTTG-1	1
NC_006589.4	17089369	17089407	AGGATGTCAATAACCT-1	1
NC_006589.4	17089392	17090147	TTTATGGAGGCTATGT-1	1
NC_006589.4	17089404	17089439	CCGCCAACACTCAACA-1	1
NC_006589.4	17089413	17089572	GATTCAATCAGAAACG-1	1
NC_006589.4	17089419	17089629	TCGTAATCAGTTAGCC-1	2
NC_006589.4	17089422	17089502	GTTACCTGTATTGGTG-1	1
NC_006589.4	17089434	17089604	TGAGGAGGTACTGAAT-1	1
NC_006589.4	17089437	17089652	TACTTGTTCCTGTTCA-1	2
NC_006589.4	17089457	17089555	TCGGTAAGTCACAGAC-1	2
NC_006589.4	17089490	17089535	GAGGACTAGGAAACTG-1	2
NC_006589.4	17089502	17089541	GTTCCTTCAGGCGATA-1	1
NC_006589.4	17089521	17089588	GGCAAGCCAATGAAGC-1	1
NC_006589.4	17089539	17089609	GCCTTTATCATAGACC-1	1
NC_006589.4	17089555	17089648	AATTGTGTCTCAATGA-1	3
NC_006589.4	17089557	17090208	CTATGGCCATAGACTT-1	1
NC_006589.4	17089574	17089804	CTGTAACAGGCGCTTA-1	2
NC_006589.4	17089615	17090329	GATGAGGGTATGGTGC-1	1
NC_006589.4	17089629	17089683	TGGATTCAGTCTCACC-1	1
NC_006589.4	17089629	17089689	GAGTCAAAGCGGATAA-1	2
NC_006589.4	17089629	17089780	CGCCACACAAGCGAGC-1	2
NC_006589.4	17089631	17089702	CGTCATTGTGTTTGCT-1	1
NC_006589.4	17089644	17089836	GTCGAGGAGCTATATG-1	1
NC_006589.4	17089648	17089855	GGCTTCAAGCTCCTTA-1	1
NC_006589.4	17089702	17089784	GAGGAGGCAAAGGTAC-1	2
NC_006589.4	17089744	17089838	GGGTTATTCTTAATGG-1	1
NC_006589.4	17089823	17089955	TTCGGTACAAATACCT-1	1
NC_006589.4	17089843	17089884	TTAGGATGTGGGTACT-1	2
NC_006589.4	17089853	17089993	CTGTAACAGGCGCTTA-1	1
NC_006589.4	17089884	17090020	TTACCGTGTTAGCAGC-1	1
NC_006589.4	17089900	17089988	AATTGGGAGCTTACTT-1	1
NC_006589.4	17089917	17090265	AAGCTCCCATAGACTT-1	1
NC_006589.4	17090020	17090121	AGTTATGTCGTACCGA-1	3
NC_006589.4	17090035	17090213	ATTACGTCAGCTAATT-1	4
NC_006589.4	17090035	17090276	CCCAATTGTGTTTGTC-1	1
NC_006589.4	17090053	17090417	GGTGAGTAGCATGGTT-1	1
NC_006589.4	17090113	17090145	GCAGGCTTCCAAATCA-1	2
NC_006589.4	17090143	17090201	AGTTTGATCCCGCATT-1	1
NC_006589.4	17090169	17090219	TCCTCTAAGCGGGCAA-1	2
NC_006589.4	17090177	17090271	TTTGTCTAGACAACAG-1	1
NC_006589.4	17090179	17090585	TCGCTAACAAGACTCC-1	1
NC_006589.4	17090208	17090325	CCTTGCGTCGTTAGCG-1	1
NC_006589.4	17090213	17090370	CAGGTTAGTTTGTCTA-1	2
NC_006589.4	17090221	17090300	GGGTCAACATCTTGAG-1	1
NC_006589.4	17090257	17090426	CCCTCAGTCTCACACC-1	2
NC_006589.4	17090269	17090410	CCTAAATCATTGTTGG-1	1
NC_006589.4	17090271	17090406	GTGCTTACAATTGAAG-1	3
NC_006589.4	17090271	17090479	CTCATGCTCTTGTCCA-1	1
NC_006589.4	17090281	17090511	CAAGTGAAGTAACGAG-1	1
NC_006589.4	17090300	17090366	CTCATGACATAGACTT-1	2
NC_006589.4	17090310	17090834	GTTAATGTCCTGATGG-1	1
NC_006589.4	17090325	17090442	CCTTGCGTCGTTAGCG-1	2
NC_006589.4	17090329	17090492	TCTAAGGGTACTTAGG-1	2
NC_006589.4	17090404	17090533	TGAGCAAAGCTACTGG-1	2
NC_006589.4	17090416	17090565	GATAATCGTGCTTAGA-1	1
NC_006589.4	17090440	17090609	GGTGAGTAGCATGGTT-1	2
NC_006589.4	17090452	17090603	CCGCCAACATCCTAGA-1	2
NC_006589.4	17090460	17090525	CTAGATTCACCGGTAT-1	1
NC_006589.4	17090501	17090547	CCTTGCGTCGTTAGCG-1	1
NC_006589.4	17090501	17090843	GTATCGCCACCAACCG-1	2
NC_006589.4	17090526	17090591	TGATCAATCTCACACC-1	1
NC_006589.4	17090564	17091131	AACAAGCCACCTCACC-1	3
NC_006589.4	17090565	17090982	CTGTAACAGGCGCTTA-1	1
NC_006589.4	17090566	17090704	TTGCTTTAGAGGAAGG-1	1
NC_006589.4	17090626	17090820	AACAGCAAGTAGGATG-1	1
NC_006589.4	17090668	17090736	TTTCAGTTCTTCAATC-1	2
NC_006589.4	17090670	17090762	CGCCACACAAGCGAGC-1	1
NC_006589.4	17090699	17090759	CGAATATGTAAAGCAA-1	4
NC_006589.4	17090699	17090772	AATCATCCAGTCTAGC-1	1
NC_006589.4	17090700	17090893	AGACACGCAGGAATCG-1	1
NC_006589.4	17090722	17090974	CCTAAGTAGTGAGAGC-1	1
NC_006589.4	17090754	17091371	ATGTCATCAGCCAGTT-1	1
NC_006589.4	17090759	17090816	CATCGCTTCACAGCGC-1	1
NC_006589.4	17090760	17090812	TCTTGACGTTTGCGAA-1	1
NC_006589.4	17090807	17090994	TCCTTTACACAACAAA-1	1
NC_006589.4	17090835	17090993	CACGCAATCGTCATTT-1	1
NC_006589.4	17090842	17090937	TTAATCGAGTTGTCAA-1	1
NC_006589.4	17090849	17090892	AATTCGTCAGGCTTGT-1	1
NC_006589.4	17090962	17091009	GAAGGAACAGCTAACC-1	1
NC_006589.4	17090967	17091133	TAACCGGTCGCAAACT-1	3
NC_006589.4	17091049	17091243	AGTACGCGTGATTTGG-1	1
NC_006589.4	17091116	17091254	CTCGACAAGTGAACGA-1	1
NC_006589.4	17091124	17091361	CTCGACAAGCCAAATC-1	1
NC_006589.4	17091141	17091371	TTTGTCTAGCATGACT-1	4
NC_006589.4	17091288	17091617	GGCAAGCCAATTGACT-1	2
NC_006589.4	17091290	17091688	GAGGTAGGTCAATGTG-1	2
NC_006589.4	17091316	17091426	GAGGAGGCAAATACCT-1	1
NC_006589.4	17091321	17091570	ATGTCCACAACTGGCT-1	1
NC_006589.4	17091365	17091451	TTTAACCTCTTTGAGA-1	1
NC_006589.4	17091365	17091706	TGGCCAATCGTCAAGT-1	1
NC_006589.4	17091418	17091455	CATCAATCAGCTAACC-1	3
NC_006589.4	17091428	17091871	CTACTTAGTTTGCGAA-1	1
NC_006589.4	17091470	17091514	CGCCACACATAGCTTG-1	1
NC_006589.4	17091483	17092048	TAGCCGGGTGGATTAT-1	1
NC_006589.4	17091491	17091943	AAGCTATGTCATCCTG-1	1
NC_006589.4	17091502	17091642	GACATTATCCTCGATC-1	1
NC_006589.4	17091523	17091569	TTGGGCCAGCGGATTT-1	1
NC_006589.4	17091523	17091763	CACCAACCATAGCAGG-1	2
NC_006589.4	17091528	17091630	CGCATGATCAATCTAG-1	1
NC_006589.4	17091534	17091617	TCCTAGTGTTGCAATG-1	2
NC_006589.4	17091534	17092021	TTGCAATCAGAGGCTA-1	2
NC_006589.4	17091546	17091753	AGCTAGTTCGAGGTGG-1	2
NC_006589.4	17091550	17091804	CGCCACACAAGCGAGC-1	1
NC_006589.4	17091557	17091893	CAATAGCTCATGGTTA-1	1
NC_006589.4	17091597	17091664	CATGCAAGTTTGCGAA-1	1
NC_006589.4	17091599	17091656	CCAGGATGTATTCGCT-1	2
NC_006589.4	17091600	17091803	GGAGTCTGTGCAACTA-1	1
NC_006589.4	17091617	17091905	CGCAATCCAGGATGGC-1	1
NC_006589.4	17091617	17092296	TCAGGTCCACCAGGTT-1	1
NC_006589.4	17091642	17091874	TCATGAGGTTAGCGTA-1	3
NC_006589.4	17091644	17092279	GCGAAGTAGGAAACTG-1	1
NC_006589.4	17091656	17091701	CCAGGATGTATTCGCT-1	1
NC_006589.4	17091671	17091729	TCCATAAAGGGATGAC-1	1
NC_006589.4	17091684	17091761	CATAGTCAGCTGAGGG-1	1
NC_006589.4	17091689	17091768	CAGATTCAGGACCTCA-1	1
NC_006589.4	17091689	17091905	GAGAGGCGTGTAACCA-1	1
NC_006589.4	17091689	17092118	AATCGCCCAGGCATGA-1	1
NC_006589.4	17091706	17091770	GAACACAAGTTGTCTT-1	1
NC_006589.4	17091713	17091905	CACAAGCGTCCGTGAG-1	1
NC_006589.4	17091721	17091765	CCTATTGTCGATTTGA-1	1
NC_006589.4	17091723	17091874	CATAGTCAGCTGAGGG-1	1
NC_006589.4	17091727	17091755	TGAGTTTCAGCTTACA-1	1
NC_006589.4	17091759	17092221	TTTCCACCATTTAAGC-1	3
NC_006589.4	17091765	17091879	CATAGTCAGCTGAGGG-1	1
NC_006589.4	17091787	17091883	CTCCTAATCTTGCAGG-1	1
NC_006589.4	17091804	17091871	CAAAGTGAGTGAACGA-1	2
NC_006589.4	17091804	17091879	TTGACATCAAACTGTT-1	3
NC_006589.4	17091804	17091929	ACCCAGGGTCAAGTAT-1	1
NC_006589.4	17091825	17092048	GTTAAGCTCTTGGATA-1	2
NC_006589.4	17091832	17091905	AATTCGTCAGGCTTGT-1	2
NC_006589.4	17091832	17092145	GTTCATTTCTTAATGG-1	1
NC_006589.4	17091871	17091927	CGCAATCCAGCTCATA-1	2
NC_006589.4	17091876	17092043	TATGGGCGTCAAACTG-1	2
NC_006589.4	17091879	17091939	CATAGTCAGCTGAGGG-1	1
NC_006589.4	17091883	17091988	CAACCCTTCTAATTGG-1	1
NC_006589.4	17091895	17092211	CGTGCTTTCAAAGGCA-1	4
NC_006589.4	17091905	17091992	CGCACACAGCAAGGAC-1	2
NC_006589.4	17091924	17092040	CTGCTATGTAGTTAAC-1	1
NC_006589.4	17091966	17092023	CACATACAGCCTGTGA-1	3
NC_006589.4	17091969	17092034	TGACCTTGTGGATTCA-1	2
NC_006589.4	17091997	17092187	TGCACCTTCAAGCCTG-1	1
NC_006589.4	17092039	17092191	GAGGACTAGGAAACTG-1	1
NC_006589.4	17092048	17092228	CTAGCTGAGCTCGCTT-1	1
NC_006589.4	17092064	17092127	ACGAGTAAGGAAGCTA-1	2
NC_006589.4	17092127	17092274	ACGAGTAAGGAAGCTA-1	1
NC_006589.4	17092129	17092256	GGCAATCGTAAATTGC-1	1
NC_006589.4	17092145	17092275	GCCAATAGTTCAAGCA-1	1
NC_006589.4	17092145	17092482	TTGGATCAGGCATTGT-1	1
NC_006589.4	17092156	17092343	GTTTAGCAGCATGTCG-1	1
NC_006589.4	17092163	17092267	TTCCTTCTCCTTGCGT-1	2
NC_006589.4	17092204	17092265	GCTCTGGCAGGACACA-1	1
NC_006589.4	17092231	17092353	CTTTGGGAGGCTGTGC-1	1
NC_006589.4	17092243	17092460	CAGCTATAGCCTGACA-1	1
NC_006589.4	17092382	17092465	TCGCGCACACCGGCTA-1	1
NC_006589.4	17092394	17092555	TCGTAATCACGTAATT-1	2
NC_006589.4	17092420	17092454	ACTTGTCGTAGTAAGA-1	1
NC_006589.4	17092429	17092465	AACTAGCTCTTCAATC-1	2
NC_006589.4	17092434	17092516	ATGGCTTAGGACTTAC-1	1
NC_006589.4	17092434	17092618	GTAGTTTCAACTAGGG-1	1
NC_006589.4	17092436	17092553	AGTACGCGTGGGAACA-1	1
NC_006589.4	17092448	17092512	CCCGCTTCATAATCGT-1	1
NC_006589.4	17092453	17092513	GAGGAGGCATGCTATG-1	3
NC_006589.4	17092453	17092555	GGTCAGGAGTGAGCAA-1	1
NC_006589.4	17092455	17092590	ATCTATGAGGGTGAGT-1	2
NC_006589.4	17092462	17092516	CTGGTTTGTTGTAACG-1	1
NC_006589.4	17092482	17092514	CAAGACAAGTTTGGTA-1	2
NC_006589.4	17092485	17092521	GCCTGTGCAGCCTAAC-1	1
NC_006589.4	17092485	17092854	TGGATTCAGCGGATTT-1	3
NC_006589.4	17092499	17092584	ACTTTGTTCAAGCTTA-1	2
NC_006589.4	17092506	17092584	TGCTTGCTCCGTTAAA-1	1
NC_006589.4	17092506	17092741	CTTCACTCATTGTTGG-1	1
NC_006589.4	17092507	17092584	GTAGGAGGTTGTAAAC-1	1
NC_006589.4	17092512	17092584	AAAGGAGCAAGCGAGC-1	1
NC_006589.4	17092512	17092594	AGGTCCGGTAACTACG-1	5
NC_006589.4	17092512	17092793	GCTAAGAAGTTTCCGC-1	1
NC_006589.4	17092512	17092828	CCGCTTAGTGGGTGAA-1	1
NC_006589.4	17092512	17092890	AGCTTTAAGGGACTAA-1	1
NC_006589.4	17092522	17092604	GGCGGTTTCAAGCTTA-1	3
NC_006589.4	17092522	17092902	TTGCTCTCAGCATGTC-1	1
NC_006589.4	17092524	17092620	CTTCTAAGTTAGTTGG-1	1
NC_006589.4	17092531	17092711	AATTGCTCAATAGCCC-1	1
NC_006589.4	17092536	17092632	GGTCCATCACCTGGTG-1	2
NC_006589.4	17092541	17092594	AAACGCGCATAGACCC-1	1
NC_006589.4	17092541	17092610	ACCAATATCTAAGTGC-1	1
NC_006589.4	17092541	17092713	TCCGCCATCGTTAACA-1	1
NC_006589.4	17092541	17092945	TTGGATATCGCTAAAC-1	2
NC_006589.4	17092548	17092620	TTTAGGATCGCATTAA-1	1
NC_006589.4	17092548	17092771	TTGCTCTCATCAGTAT-1	1
NC_006589.4	17092554	17092791	TTGGATCAGTCACGAT-1	1
NC_006589.4	17092555	17092646	CGGGTATGTGATGAGG-1	2
NC_006589.4	17092556	17092620	TTAAGGACATTAGGTT-1	1
NC_006589.4	17092565	17092620	CCTAAATCAGCAACCT-1	3
NC_006589.4	17092569	17092626	TCATTGTTCGTTATCT-1	1
NC_006589.4	17092573	17092661	GTTCTTGTCTAGCTAA-1	5
NC_006589.4	17092574	17092706	CAAACTGGTTAGTTGG-1	1
NC_006589.4	17092578	17092909	TTTACGCGTTAACAGT-1	1
NC_006589.4	17092579	17092634	ACTATCCGTCATCAAG-1	2
NC_006589.4	17092579	17092641	GATGGCTGTTGACTTC-1	1
NC_006589.4	17092584	17092627	AATAGCTGTTGAGGTC-1	1
NC_006589.4	17092584	17092654	CAACAATGTTGGTTAG-1	1
NC_006589.4	17092584	17092814	GGAGGTTAGGCTGTGC-1	1
NC_006589.4	17092590	17092793	ATCTATGAGGGTGAGT-1	1
NC_006589.4	17092590	17092793	CAGCTATAGCCTGACA-1	2
NC_006589.4	17092593	17092676	ATGGCTAGTAGGTTTG-1	2
NC_006589.4	17092594	17092672	TGAGGTGCAGGCTGTT-1	2
NC_006589.4	17092595	17092706	CACCAACCATAGCAGG-1	1
NC_006589.4	17092602	17092713	TGAAGTGAGAGGGACT-1	3
NC_006589.4	17092607	17092676	GAGGCCTTCGTTAGCG-1	1
NC_006589.4	17092610	17092791	GCGCAATGTAGGTGTC-1	1
NC_006589.4	17092610	17092852	AATGTCATCCACCTTA-1	1
NC_006589.4	17092612	17092684	TTGCTTTAGACAACGA-1	1
NC_006589.4	17092615	17092828	TGAACAACAGGTTAAA-1	1
NC_006589.4	17092620	17092711	CCTTTAGTCTGTGCCT-1	1
NC_006589.4	17092620	17092793	AACAAAGGTCCGCTGT-1	1
NC_006589.4	17092622	17092680	CAATCCTGTTAATGAC-1	1
NC_006589.4	17092624	17092716	CTTCACTCATTGTTGG-1	2
NC_006589.4	17092625	17092695	AATTCGTCAGGAAGCC-1	1
NC_006589.4	17092625	17092695	CTAGTTGCAAACAACA-1	1
NC_006589.4	17092625	17092708	AGGCCCAGTCCTAATC-1	2
NC_006589.4	17092625	17092837	CTAATTGAGGCTGGCT-1	3
NC_006589.4	17092626	17092707	TGCTTTAGTCCTAATC-1	1
NC_006589.4	17092626	17093165	TTATGACCATTGTGCA-1	1
NC_006589.4	17092630	17092684	GCATTAGGTACGCGCA-1	1
NC_006589.4	17092633	17092791	AGAAACCCAAGTCGCT-1	2
NC_006589.4	17092634	17092793	TGCTTAAAGGCCAATT-1	1
NC_006589.4	17092636	17092704	ATAGCATGTGTGCAAC-1	1
NC_006589.4	17092638	17092708	TCAGCAAGTTTCCTCC-1	1
NC_006589.4	17092639	17092676	ATTCCGGAGCGCCTTT-1	2
NC_006589.4	17092639	17092678	ATGACTCAGCCTGTTC-1	2
NC_006589.4	17092639	17092693	CGCCAAATCCGCTAGA-1	4
NC_006589.4	17092654	17092716	CCTACTGGTCAATACG-1	2
NC_006589.4	17092656	17092863	CTGGTTTGTTGTAACG-1	1
NC_006589.4	17092666	17092697	GGTTTCTGTGCATTAG-1	1
NC_006589.4	17092670	17092793	GGCTTAAGTTAATCGG-1	1
NC_006589.4	17092670	17092809	AAGCGCTGTACAAAGA-1	3
NC_006589.4	17092675	17092793	AAGCATGAGCTTTGGG-1	1
NC_006589.4	17092676	17092793	TATGGGCGTTTACCGT-1	1
NC_006589.4	17092701	17092803	TATCCGGAGCGATACT-1	2
NC_006589.4	17092701	17092878	ATCATCAAGACCATAC-1	1
NC_006589.4	17092706	17092791	TACGTAATCTCACAAA-1	1
NC_006589.4	17092710	17092808	GTACTTCGTATTGAGT-1	1
NC_006589.4	17092711	17092793	AACAAAGGTCCGCTGT-1	1
NC_006589.4	17092713	17093120	GATGCAGCAATTAGGA-1	2
NC_006589.4	17092714	17092763	ACGACTTAGTGAACGA-1	2
NC_006589.4	17092793	17092835	GCTAGCCAGGTATTGC-1	1
NC_006589.4	17092793	17092852	AACCTCACACAGGAAT-1	1
NC_006589.4	17092793	17092869	CAGCTATAGCCTGACA-1	3
NC_006589.4	17092813	17093375	CTACTAAAGCTCATAA-1	2
NC_006589.4	17092814	17092936	GAGGCCTTCAATGTCA-1	2
NC_006589.4	17092820	17093007	CCAGGAACATGAAGTA-1	3
NC_006589.4	17092827	17093259	CTTGGACCATCTAGCA-1	2
NC_006589.4	17092828	17092897	AGCATTTCACAGCCAT-1	1
NC_006589.4	17092852	17092889	CACAATATCACAGCGC-1	1
NC_006589.4	17092868	17093045	GGCTTAAGTTAATCGG-1	1
NC_006589.4	17092882	17092924	AAGTCTATCCTCACTA-1	4
NC_006589.4	17092919	17093010	TAGAGCCGTCCTTCTC-1	1
NC_006589.4	17092919	17093110	AAAGCTTGTTTAGTCC-1	1
NC_006589.4	17092930	17093014	CAAACTGGTGGACCTG-1	1
NC_006589.4	17092973	17093263	ACTCACTGTGATTTGG-1	2
NC_006589.4	17092998	17093054	AATTTCCTCATCCTCA-1	1
NC_006589.4	17093005	17093255	GTTCACCTCCGGTATG-1	2
NC_006589.4	17093014	17093198	GTTCTTGTCTTTGTAC-1	1
NC_006589.4	17093022	17093196	GCAGCCAGTCTTTGAC-1	1
NC_006589.4	17093036	17093100	AGTGAACCATTTGCTC-1	1
NC_006589.4	17093048	17093107	CTCTATGTCGTTTCTG-1	1
NC_006589.4	17093059	17093237	TCCTTCAAGGATGATG-1	3
NC_006589.4	17093077	17093360	CAGCTATAGCCTGACA-1	1
NC_006589.4	17093091	17093269	AGGACGTAGGAGGCAT-1	1
NC_006589.4	17093118	17093279	ATCCATAAGTTTGGGT-1	2
NC_006589.4	17093132	17093258	GTGAGCGAGCCGCAGT-1	1
NC_006589.4	17093152	17093323	CTATGTTTCGTCAAGT-1	1
NC_006589.4	17093159	17093397	AGTAGCTTCACCTGCT-1	1
NC_006589.4	17093163	17093330	GTGCTCCGTTCGGTAA-1	1
NC_006589.4	17093183	17093351	GACCTAAGTGTTTGCT-1	3
NC_006589.4	17093264	17093393	CCAACCCGTAATGACT-1	1
NC_006589.4	17093265	17093352	CTTGAATCATAAGGAC-1	1
NC_006589.4	17093273	17093313	CAGGAAGGTTCAAGAT-1	1
NC_006589.4	17093292	17093328	GGACAGCCATTCCTGT-1	1
NC_006589.4	17093293	17093361	GAAGGATGTTTGGGCG-1	1
NC_006589.4	17093296	17093354	TTCTTAGGTTTGGCTT-1	1
NC_006589.4	17093296	17093424	TATGGGCGTCCCGGAA-1	1
NC_006589.4	17093318	17093354	TACGGATTCAACAAGG-1	1
NC_006589.4	17093323	17093360	TCAAGACTCAGTGAAG-1	1
NC_006589.4	17093328	17093360	TTGCAATCATTAAAGG-1	2
NC_006589.4	17093335	17093593	TCAAGGAAGTTATTCC-1	1
NC_006589.4	17093340	17093530	CCATAGCCAGTAAAGC-1	1
NC_006589.4	17093340	17093545	CAAACCGTCCAAGTTA-1	2
NC_006589.4	17093352	17093400	GGCTGGTTCCGCTAGA-1	3
NC_006589.4	17093352	17093688	AAAGGTTAGTTTAACG-1	1
NC_006589.4	17093353	17093414	GGTCTTTGTGTCACGG-1	2
NC_006589.4	17093354	17093588	TGAACAACAGCTACGT-1	1
NC_006589.4	17093354	17094068	TAACCGGTCTTAGGGT-1	1
NC_006589.4	17093366	17093419	CTCTCACAGGAGCATA-1	4
NC_006589.4	17093406	17093533	GTCATTAAGCGAAGTA-1	2
NC_006589.4	17093406	17093534	CGGTTTGAGCACGTTG-1	2
NC_006589.4	17093456	17093706	CTTGGACCACTAAGCC-1	1
NC_006589.4	17093498	17093869	GTTACCTGTGAGAAAC-1	1
NC_006589.4	17093507	17093593	GGTACCGGTCCTTTAA-1	1
NC_006589.4	17093512	17093670	GGATTCAGTTAGAGGG-1	1
NC_006589.4	17093517	17093588	CAGATTCAGTAGCTTA-1	1
NC_006589.4	17093520	17093711	TTAATCGAGCGGCTGT-1	1
NC_006589.4	17093523	17093818	GAACCAAAGGACCTTG-1	1
NC_006589.4	17093538	17094003	TTGGTGAGTTCGCGCT-1	1
NC_006589.4	17093566	17093711	CGTTAAATCCCGAACA-1	2
NC_006589.4	17093585	17093845	GTGAGCGAGCCGCAGT-1	2
NC_006589.4	17093606	17093675	GAGTTACTCTAATTGG-1	1
NC_006589.4	17093609	17093711	TGCAAGCGTATTCGCT-1	2
NC_006589.4	17093667	17093718	TACTGCACAGTTTACG-1	1
NC_006589.4	17093675	17094085	AGTACGCGTGATTTGG-1	1
NC_006589.4	17093714	17093781	GCTAAGAAGGCTTAGT-1	1
NC_006589.4	17093732	17093949	CTCTATGTCCATCAGG-1	1
NC_006589.4	17093737	17093781	CACAGGGAGTTTAACG-1	1
NC_006589.4	17093749	17093796	GTTGCGGGTGGGTGAA-1	1
NC_006589.4	17093756	17093777	AGCCGGTTCCTAAATG-1	3
NC_006589.4	17093756	17093795	CAATGCCCAGGTTCAC-1	2
NC_006589.4	17093767	17093816	GGTAATTGTAATCGGC-1	1
NC_006589.4	17093771	17094269	GCGTGCTAGTTGGGCC-1	1
NC_006589.4	17093781	17093935	CTGCAATAGTACCGCA-1	1
NC_006589.4	17093781	17093949	CCAGACTCAGCAACCT-1	1
NC_006589.4	17093806	17093991	CAGCCTTTCTGGCTTC-1	1
NC_006589.4	17093864	17093965	GACGCCTAGTTAGAGG-1	1
NC_006589.4	17093940	17094081	TATGGATGTTCTTTAG-1	1
NC_006589.4	17093942	17094080	CCTAATCGTCACTCGC-1	1
NC_006589.4	17093967	17094108	ATAATGGCAGCAACCT-1	1
NC_006589.4	17093983	17094162	AGAACCAAGCGGTTAT-1	2
NC_006589.4	17094075	17094162	TCAAGGAAGCTATTGA-1	1
NC_006589.4	17094160	17094212	CTAACCACACATTAAC-1	1
NC_006589.4	17094170	17094524	GCCATTACATGAAATG-1	2
NC_006589.4	17094179	17094336	CTCCGGACAGCAGGTA-1	1
NC_006589.4	17094182	17094210	GCCTATTGTTGGTTAG-1	1
NC_006589.4	17094185	17094251	TGCAAGCGTGGGAACA-1	1
NC_006589.4	17094211	17094269	TCAAGTATCACAAGCT-1	1
NC_006589.4	17094233	17094271	TGCTCACTCAAGCCTG-1	2
NC_006589.4	17094233	17094337	GGTCTTTGTCATCATC-1	1
NC_006589.4	17094237	17094387	GTGCTTCTCATGCTAA-1	1
NC_006589.4	17094269	17094526	CCTTGCGTCCGGGACT-1	1
NC_006589.4	17094310	17094353	TTCCTCAAGCATTATG-1	1
NC_006589.4	17094310	17094387	GGAACCTGTTAGCTGA-1	2
NC_006589.4	17094329	17094714	TCAGCGATCGGCCATA-1	1
NC_006589.4	17094332	17094526	GCACGCTAGCTATGAC-1	1
NC_006589.4	17094379	17094477	CGCCTGTGTTTGTCTA-1	1
NC_006589.4	17094412	17094531	TGATGATGTGATGGCT-1	1
NC_006589.4	17094472	17095118	GAGCTAGCAGGGAGCT-1	2
NC_006589.4	17094495	17094546	AGATGCTTCGTGCCTT-1	1
NC_006589.4	17094536	17094872	TTTGCATTCAAGCCTG-1	2
NC_006589.4	17094544	17094969	AACCTCACACAGGAAT-1	1
NC_006589.4	17094554	17095101	CGGTTTGAGCACGTTG-1	1
NC_006589.4	17094624	17094699	CGCACAATCACGAATC-1	1
NC_006589.4	17094706	17095064	ACTATGTCACTAAGAA-1	1
NC_006589.4	17094709	17095424	GTACTTAAGGGTGGAT-1	1
NC_006589.4	17094724	17094904	CTACTTAGTAATAGCT-1	1
NC_006589.4	17094725	17094766	GGAAGTATCCGCCAAA-1	1
NC_006589.4	17094725	17095129	CTCATGCTCACGCGGT-1	1
NC_006589.4	17094730	17095046	CAATAGCTCGCTAGTG-1	2
NC_006589.4	17094736	17094965	CGCAATTAGGCGTAAA-1	2
NC_006589.4	17094835	17094962	AATTTGCCATCTAGCA-1	1
NC_006589.4	17094853	17094906	GCTAGCGGTAGTTGGC-1	2
NC_006589.4	17094882	17095031	GCTGATCCACCAGGTT-1	1
NC_006589.4	17094903	17094973	CTCATGCTCGTTAACA-1	1
NC_006589.4	17094904	17094936	CGCAATTAGTGAACCT-1	1
NC_006589.4	17094906	17095064	ACAACACTCCTTGTTG-1	2
NC_006589.4	17094933	17095021	TCCTTGCAGTCAATTG-1	1
NC_006589.4	17094968	17095001	ATTAGCGGTTCCGGCT-1	1
NC_006589.4	17094969	17095098	AACCTCACACAGGAAT-1	1
NC_006589.4	17094983	17095199	ATTCACTTCTATGACA-1	1
NC_006589.4	17094997	17095173	CTAGTAGGTGTTTGCT-1	1
NC_006589.4	17095005	17095087	AGGATGCAGCACAGGG-1	1
NC_006589.4	17095008	17095074	GGAACCACAACTAGAA-1	1
NC_006589.4	17095036	17095112	CTGGTAAGTGTTAAAC-1	1
NC_006589.4	17095046	17095117	CATAGTCAGCTGAGGG-1	2
NC_006589.4	17095046	17095225	TCATGCCTCCTAAGGT-1	1
NC_006589.4	17095090	17095392	AATTGTGTCTCAATGA-1	1
NC_006589.4	17095098	17095437	AACCTCACACAGGAAT-1	1
NC_006589.4	17095107	17095147	CCTTGCGTCATGCGTG-1	1
NC_006589.4	17095141	17095203	GATTGATGTCTCAGCC-1	1
NC_006589.4	17095141	17095407	CGGTTTGAGAGGGACT-1	1
NC_006589.4	17095149	17095195	TCCTCAATCTCGCCTG-1	3
NC_006589.4	17095180	17095347	TTTGCGGAGTAAGGGC-1	1
NC_006589.4	17095184	17095231	GAGCTAGCAGGGAGCT-1	1
NC_006589.4	17095199	17095242	GATTGTTCAATGAGGT-1	1
NC_006589.4	17095205	17095412	GGCTGTCAGTAGCTTA-1	3
NC_006589.4	17095402	17095437	GGCTTAAGTTAATCGG-1	2
NC_006589.4	17095402	17095560	CCGCACACAAATATCC-1	1
NC_006589.4	17095412	17095458	TATGGATGTGCAACTA-1	3
NC_006589.4	17095417	17095470	TCTAATCTCCGCACAA-1	2
NC_006589.4	17095417	17095603	TGAACAACAGTAGGTG-1	2
NC_006589.4	17095437	17095606	TTTCCTGAGGAGCACG-1	1
NC_006589.4	17095453	17095639	ATCCCGCGTTAAGGCC-1	1
NC_006589.4	17095457	17095738	GGCTTAAGTTAATCGG-1	1
NC_006589.4	17095464	17095510	GTAAAGCCATAGCGAG-1	1
NC_006589.4	17095486	17095550	CATCCCAGTACCAGGT-1	1
NC_006589.4	17095522	17096268	CCCTGTTAGCAAGACA-1	1
NC_006589.4	17095534	17095591	CGTTAAATCGGCTATG-1	1
NC_006589.4	17095569	17095608	AGAAAGGCAGGCCAAA-1	1
NC_006589.4	17095577	17095817	GATCGAGCAGTCTAGC-1	2
NC_006589.4	17095596	17095760	CAGCCTTTCTCACTAT-1	1
NC_006589.4	17095601	17095654	TTTGCATTCAAGCCTG-1	2
NC_006589.4	17095644	17096174	CCATATTTCGCTAGTG-1	2
NC_006589.4	17095652	17095711	CACAGGCTCATAATCG-1	1
NC_006589.4	17095680	17095716	GTTCTTAGTGATTTGG-1	3
NC_006589.4	17095752	17095791	CAGCCAATCACTTTAC-1	1
NC_006589.4	17095775	17095817	GGGTGTTGTTGGATAT-1	1
NC_006589.4	17095800	17095834	CCTAAATCAAATGCCC-1	1
NC_006589.4	17095823	17095852	GAGCATGCAACCCTAA-1	1
NC_006589.4	17095833	17095882	GTCGAGGAGCTTATGA-1	1
NC_006589.4	17095849	17096225	ATGTTGTCACCTAAGC-1	1
NC_006589.4	17095862	17095907	GCACTAAGTGATTTGG-1	2
NC_006589.4	17095891	17096152	TGAGGGAGTTCCGCAC-1	1
NC_006589.4	17095915	17096591	CACTTTGTCCAGGTTG-1	2
NC_006589.4	17095924	17096015	AGAATCTGTAATAGCT-1	1
NC_006589.4	17095925	17095969	AGTTGCGTCTCGCCCA-1	1
NC_006589.4	17095925	17096350	AGTTGCGTCTCGCCCA-1	1
NC_006589.4	17095931	17096060	GATGCATTCAGCACGC-1	3
NC_006589.4	17095936	17096118	ATCCTGACATCAGTAT-1	2
NC_006589.4	17095954	17096003	AAGACAAGTGGACCTG-1	1
NC_006589.4	17095961	17096163	AGGTGAGGTTCACTGT-1	1
NC_006589.4	17095964	17096015	TTGTAAGTCCTTTACG-1	1
NC_006589.4	17095969	17096030	GGGTTATTCCTGGTCT-1	1
NC_006589.4	17095969	17096106	CATGCAAGTTTGCGAA-1	3
NC_006589.4	17095971	17096343	CCCGTAAAGGTCCAAT-1	1
NC_006589.4	17095971	17096343	TACCGCAAGGTCCAAT-1	1
NC_006589.4	17095979	17096163	CGTATTGCAGGCTGTT-1	4
NC_006589.4	17095981	17096060	CATAACGGTGCATTTC-1	1
NC_006589.4	17095984	17096047	GCCTGACAGGAACGGT-1	3
NC_006589.4	17096003	17096375	ACGATTCAGGTAACGA-1	3
NC_006589.4	17096015	17096060	GCGATTAGTTAACGAT-1	1
NC_006589.4	17096046	17096093	GCCTGACAGGAACGGT-1	1
NC_006589.4	17096060	17096268	GTCTAACAGAGAGGCT-1	2
NC_006589.4	17096118	17096268	TTGGTGAGTGTTTGAG-1	1
NC_006589.4	17096152	17096458	CGTTTGGAGTGCTGTG-1	2
NC_006589.4	17096162	17096203	GGGTGTTGTTGGATAT-1	1
NC_006589.4	17096162	17096230	GCCTGACAGGAACGGT-1	2
NC_006589.4	17096162	17096332	GCTAGTGTCTTGCTAT-1	2
NC_006589.4	17096208	17096268	TGGTAAACATAGTCAT-1	1
NC_006589.4	17096225	17096359	CCTAAGTAGTGAGAGC-1	1
NC_006589.4	17096236	17096283	GTTACAGGTGCTTAGA-1	2
NC_006589.4	17096236	17096416	TACTCAAAGCTTCCCG-1	1
NC_006589.4	17096258	17096386	CGGCAATGTGTTGCAA-1	1
NC_006589.4	17096268	17096336	GACGTAAAGCTCCCTG-1	2
NC_006589.4	17096316	17096349	TACTGACAGTGTTGTA-1	2
NC_006589.4	17096322	17096357	GGCAGGATCTTGATGA-1	1
NC_006589.4	17096324	17096362	TTTCCGGGTCATCAAG-1	1
NC_006589.4	17096342	17096386	ATTAGGTGTTTGTTGC-1	1
NC_006589.4	17096355	17096498	AAGTTACGTTGCGCGA-1	1
NC_006589.4	17096359	17096559	ACGCACGGTGTTGCTT-1	1
NC_006589.4	17096362	17096489	TAGTAACGTACAATGT-1	1
NC_006589.4	17096396	17096525	CTGTACCTCCAAGTGT-1	1
NC_006589.4	17096403	17096562	TTTAAGCCAGGCCTTG-1	1
NC_006589.4	17096428	17096557	GGTATTTCAGGAACAT-1	3
NC_006589.4	17096447	17096500	GTTGGAGCACAATGCC-1	1
NC_006589.4	17096479	17096689	CCGCTTAGTCAATGTG-1	1
NC_006589.4	17096505	17096580	GTGCGCAGTCACAAAT-1	1
NC_006589.4	17096519	17096575	ACGATTCAGTAAACCC-1	3
NC_006589.4	17096523	17096669	ACTCACTGTCATCCTG-1	1
NC_006589.4	17096569	17096761	CACAGGGAGCGGATAA-1	2
NC_006589.4	17096611	17096646	GGTTAGCGTACAATGT-1	3
NC_006589.4	17096624	17096985	ACTTGTAAGCGGATAA-1	1
NC_006589.4	17096646	17096955	TGATGATGTTCAAGCA-1	1
NC_006589.4	17096649	17096841	TCAAGAACAATACTGT-1	1
NC_006589.4	17096684	17096762	CATAAGCTCAGGAACA-1	1
NC_006589.4	17096697	17096726	CTGTTAAAGGTGTCCA-1	1
NC_006589.4	17096699	17096885	TGATCAATCAATGACC-1	1
NC_006589.4	17096704	17096745	AAGTGTTGTGTTAAAC-1	2
NC_006589.4	17096709	17096767	ACTCAGTAGGTTAGCT-1	1
NC_006589.4	17096758	17097340	TCAAGTATCGAGGAAC-1	1
NC_006589.4	17096767	17097034	TGGTTCCTCCTCAGCT-1	1
NC_006589.4	17096850	17096925	CGCAATTAGGCGTAAA-1	1
NC_006589.4	17096866	17097226	GACCTTTGTACCGTAA-1	1
NC_006589.4	17096868	17096927	AGGGCTACATAGGCGA-1	3
NC_006589.4	17096881	17096968	TTTGAGTCAGCTACGT-1	1
NC_006589.4	17096888	17096931	GGCAGGATCTTGATGA-1	1
NC_006589.4	17096888	17096973	GGTGATTTCAAGTGTC-1	1
NC_006589.4	17096932	17097102	AGTCCTTGTTCAAGAT-1	1
NC_006589.4	17096955	17097042	TGATGATGTTCAAGCA-1	1
NC_006589.4	17096968	17097284	CGTGCTGCATTAGGCC-1	1
NC_006589.4	17096973	17097226	CCTTACTCAATTAGGA-1	1
NC_006589.4	17096973	17097498	CCCTGGACAGTTATGT-1	1
NC_006589.4	17097118	17097215	ACTGAAACATTTGCTC-1	1
NC_006589.4	17097123	17097182	AATTGCTCACCTGTAA-1	1
NC_006589.4	17097151	17097201	TAAGTGCTCTTTGTAC-1	2
NC_006589.4	17097161	17097338	GTATCGCCACCAACCG-1	2
NC_006589.4	17097161	17097485	TGGTTCCTCCTCAGCT-1	1
NC_006589.4	17097171	17097210	CATGCAAGTGCGCGTA-1	1
NC_006589.4	17097181	17097340	ATGGCCCAGGCCCAGT-1	1
NC_006589.4	17097188	17097277	TCTAATCTCGTTAACA-1	1
NC_006589.4	17097190	17097236	GCAGGAAGTGCTTTAC-1	1
NC_006589.4	17097212	17097235	TAGCTAATCCCGTTTA-1	1
NC_006589.4	17097216	17097378	TTGCAATCATGGCCTG-1	1
NC_006589.4	17097231	17097409	GATGCGACATAACGGG-1	2
NC_006589.4	17097236	17097297	AGGTTAGAGGACGTAA-1	1
NC_006589.4	17097236	17097533	GAGAACCAGGTTTGAC-1	2
NC_006589.4	17097236	17097887	AGTTGCGTCTCGCCCA-1	1
NC_006589.4	17097268	17097514	GACCTGATCAAACTCA-1	1
NC_006589.4	17097283	17097313	CTTAACAAGACTATTG-1	1
NC_006589.4	17097323	17097428	GATGCGACAAGTCGCT-1	2
NC_006589.4	17097331	17097473	GCCACTAAGGGATGCG-1	1
NC_006589.4	17097365	17097778	AACCTTAAGGAGGGTT-1	1
NC_006589.4	17097373	17097945	CCTAAGTAGTGAGAGC-1	1
NC_006589.4	17097383	17097467	CTCCGTCCAAGCTACC-1	1
NC_006589.4	17097397	17097467	GCCATTACATTCCTGT-1	1
NC_006589.4	17097418	17097770	TACCAGGTCTGTTCAT-1	1
NC_006589.4	17097429	17097796	TATAGCCAGTTCCCGT-1	1
NC_006589.4	17097440	17097610	CGTGCTTTCCGGGACT-1	1
NC_006589.4	17097460	17097522	AGCGTGCTCAATGAGG-1	1
NC_006589.4	17097460	17097522	GACTCACCAAGGTACG-1	1
NC_006589.4	17097466	17097503	CTGCTCCCACCATATG-1	1
NC_006589.4	17097475	17097916	GATGAGGGTATGGTGC-1	1
NC_006589.4	17097487	17097544	GCCAATAGTTCAAGCA-1	1
NC_006589.4	17097504	17097669	CTTGCAACAAGCTACC-1	1
NC_006589.4	17097528	17097698	AGGAAACGTGGAAACG-1	1
NC_006589.4	17097528	17097883	ACGACTTAGTGAACGA-1	1
NC_006589.4	17097567	17097698	AGTGTTTCACCTAATG-1	1
NC_006589.4	17097684	17098243	TTCCTTGAGGCCGGAA-1	1
NC_006589.4	17097691	17097830	GCGCTTGCACGGTACT-1	1
NC_006589.4	17097698	17097834	GGTCATTAGGCGGATG-1	3
NC_006589.4	17097700	17097901	GTGCTTCTCCGTTAAA-1	2
NC_006589.4	17097703	17097768	GGACATAAGCTTCTCA-1	3
NC_006589.4	17097705	17097843	ACCAGGCTCTTGACCC-1	1
NC_006589.4	17097710	17097945	AGAGATTAGGATCCGC-1	1
NC_006589.4	17097756	17097798	ATGACTCAGACACCGC-1	1
NC_006589.4	17097756	17098242	CGCTTAACACCGTTCC-1	3
NC_006589.4	17097796	17098006	TACTGACAGTGTTGTA-1	1
NC_006589.4	17097816	17098029	GAGGCCTTCTCCTCTT-1	1
NC_006589.4	17097828	17097921	ACTGAATGTTGCATCT-1	1
NC_006589.4	17097833	17097883	AGTAAACAGGTCGAGG-1	1
NC_006589.4	17097868	17098107	GCTCGATCAGCTTACA-1	1
NC_006589.4	17097872	17098026	ATTACCCGTTTGGCTT-1	1
NC_006589.4	17097883	17097915	TGACTTAAGACACTTA-1	1
NC_006589.4	17097889	17097945	GGTTTAATCGGCCAGT-1	1
NC_006589.4	17097893	17097945	TTAGAAGCATGACTAT-1	1
NC_006589.4	17097896	17097945	CCAAGGCTCTCCTCAA-1	1
NC_006589.4	17097906	17098094	AGTCCTGAGCAAGGAC-1	1
NC_006589.4	17097911	17098423	AATGCAACACATGCTA-1	2
NC_006589.4	17097971	17098161	TTATTGCTCGCCTAAG-1	1
NC_006589.4	17097972	17098005	CCCTGGACAAGTCGCT-1	2
NC_006589.4	17097998	17098138	ATTCCTCCATCCGTAA-1	1
NC_006589.4	17097998	17098528	AGGATGCAGGAGCACG-1	1
NC_006589.4	17098018	17098356	GCGAAGTAGGAAACTG-1	1
NC_006589.4	17098026	17098070	CTTGCGCGTTTGTCTA-1	1
NC_006589.4	17098075	17098106	GGCCTCTGTTTGGCTT-1	2
NC_006589.4	17098075	17098246	TTAGCAATCGGTTCCT-1	1
NC_006589.4	17098092	17098272	GGCCAACTCGCGCTAA-1	1
NC_006589.4	17098161	17098242	TACGTAATCGCAGGCT-1	1
NC_006589.4	17098161	17098519	TTAGAAGCATGACTAT-1	1
NC_006589.4	17098205	17098387	GCTGTACCAGTTATCG-1	1
NC_006589.4	17098205	17098433	CCTTAGTGTGCTCACC-1	2
NC_006589.4	17098209	17098383	TGTGGAGCAGAAACGT-1	1
NC_006589.4	17098222	17098321	AAACCGAAGTTACCGG-1	1
NC_006589.4	17098240	17098390	ACTCGCTTCTTGGATA-1	2
NC_006589.4	17098256	17098726	CACAGGGAGGCCGGAA-1	1
NC_006589.4	17098338	17098555	TGAAGTGAGACAACAG-1	1
NC_006589.4	17098345	17098503	TCCATTGTCCGCAAAT-1	1
NC_006589.4	17098375	17098519	ACCACACCAGCATGAG-1	1
NC_006589.4	17098388	17098438	GAGGTACAGAAAGGAA-1	1
NC_006589.4	17098419	17098478	TTTAACCTCTTTGAGA-1	2
NC_006589.4	17098423	17098556	AAAGGTTAGCGCTCAA-1	1
NC_006589.4	17098424	17098774	GTCTAGCCAGGCGAGT-1	1
NC_006589.4	17098431	17098784	ACCTTCATCAGCATTA-1	1
NC_006589.4	17098507	17098569	GCCTTTGGTAACTACG-1	2
NC_006589.4	17098509	17098558	TTACGTTTCATGCTTT-1	1
NC_006589.4	17098519	17098696	ATGTGAGAGACTTATG-1	1
NC_006589.4	17098528	17098715	CTCATCATCCAATTAG-1	1
NC_006589.4	17098540	17098616	TACCTCATCGATTCTT-1	2
NC_006589.4	17098543	17098611	AGTTATGTCGTAATCA-1	1
NC_006589.4	17098557	17099092	TATCGAGGTGGTGAGA-1	1
NC_006589.4	17098589	17098616	TACCTCATCGATTCTT-1	2
NC_006589.4	17098590	17098787	TAAAGCCTCCCATAGG-1	1
NC_006589.4	17098616	17098651	GCTTAGTAGCATGAAG-1	2
NC_006589.4	17098632	17098763	CCTGGTAAGAGGAGGA-1	1
NC_006589.4	17098634	17098669	ACGCACGGTTGCACGG-1	1
NC_006589.4	17098686	17098739	CCACAATAGCGCCTAA-1	2
NC_006589.4	17098696	17099225	GATCGAGCACCTGCCT-1	1
NC_006589.4	17098713	17099175	CCTAATCGTGGAAGGC-1	1
NC_006589.4	17098715	17098853	TATCGCACATTGTGTG-1	3
NC_006589.4	17098724	17098869	TTTGACCGTCATTGTC-1	4
NC_006589.4	17098725	17098858	TATAGGTGTTGGATAT-1	2
NC_006589.4	17098739	17098794	TCGCGAGGTCCCGGAA-1	3
NC_006589.4	17098749	17098779	AATAGAGGTACTTAGG-1	1
NC_006589.4	17098762	17098825	CACTAAGGTGGTGAGA-1	3
NC_006589.4	17098769	17098807	TGTAAGTGTCAAAGGG-1	1
NC_006589.4	17098769	17098828	AAGCGGGTCCATAAGC-1	3
NC_006589.4	17098773	17099087	CAGATTCAGTTAGGCT-1	2
NC_006589.4	17098777	17098930	ATGGCCGGTTCAAGCA-1	1
NC_006589.4	17098842	17099313	GAGGACTAGGAAACTG-1	1
NC_006589.4	17098856	17098895	CGGGTATGTCACAGAC-1	1
NC_006589.4	17098868	17099130	TTTGACTTCAGAAACG-1	1
NC_006589.4	17099050	17099122	GATCCGTCATAATGAG-1	2
NC_006589.4	17099117	17099246	ATCATCAAGAGAGGAG-1	1
NC_006589.4	17099117	17099256	TCAAGACTCATGCAAC-1	1
NC_006589.4	17099132	17099696	ATCCCGCGTAGTTAAC-1	1
NC_006589.4	17099163	17099201	TAAGGCTTCGCACACA-1	2
NC_006589.4	17099173	17099608	ACGACTTAGTACTGGT-1	1
NC_006589.4	17099175	17099211	CATGCGCAGGGTTAGA-1	3
NC_006589.4	17099191	17099251	TCTAGCACAGAAACGT-1	1
NC_006589.4	17099196	17099596	TATATCCTCGAAGTGA-1	1
NC_006589.4	17099199	17099232	CTTAGTTTCTCGACCT-1	1
NC_006589.4	17099225	17099406	GATCGAGCACCTGCCT-1	1
NC_006589.4	17099230	17099304	GATTCGCCAACGTGCT-1	2
NC_006589.4	17099232	17099456	TTTGGTGCAGGACCAA-1	2
NC_006589.4	17099239	17099300	CTCTAAGCAGTTTGTG-1	1
NC_006589.4	17099239	17099356	GACCTAAGTTGCACAA-1	4
NC_006589.4	17099239	17099373	ACCCAGGGTCAAGTAT-1	1
NC_006589.4	17099261	17099470	TGGTTCTGTAACAGGG-1	1
NC_006589.4	17099261	17099487	TACAGCTAGTATCGCG-1	3
NC_006589.4	17099263	17099346	GATGGACAGCTTGCTC-1	1
NC_006589.4	17099313	17099492	GAGGACTAGGAAACTG-1	2
NC_006589.4	17099323	17099356	AGACACGCAGGCTACT-1	3
NC_006589.4	17099326	17099500	TCCACAACAAGGTACG-1	2
NC_006589.4	17099348	17099571	AACAAGCCAGCTAATT-1	1
NC_006589.4	17099356	17099722	AGACACGCAGGCTACT-1	3
NC_006589.4	17099372	17099454	TAGTAGGAGGTCATTA-1	2
NC_006589.4	17099372	17099477	GGTTATATCGGGACCT-1	1
NC_006589.4	17099404	17099487	GTCTATGCAGGTATTT-1	1
NC_006589.4	17099442	17099586	CAATCGCCAAACAACA-1	2
NC_006589.4	17099449	17099555	GCTCATTGTGGATTCA-1	3
NC_006589.4	17099449	17099656	CATCATGCATTTGCTC-1	2
NC_006589.4	17099482	17099667	TCAGTGAGTATTGTGG-1	1
NC_006589.4	17099487	17099545	AACAGATAGGTGCGGA-1	2
NC_006589.4	17099497	17099560	AAGACCAAGGACCTCA-1	2
NC_006589.4	17099508	17099625	GTATCGCCACCAACCG-1	1
NC_006589.4	17099509	17099698	TAATGGTGTGCGCATG-1	1
NC_006589.4	17099511	17099550	CCTGGTAAGCTCAATA-1	2
NC_006589.4	17099555	17099676	GCATGAGCACGAATTT-1	1
NC_006589.4	17099572	17099608	TACTCAAAGCTCCTAC-1	2
NC_006589.4	17099581	17099621	AGCTATATCCTAATGA-1	1
NC_006589.4	17099586	17099768	CCAGACTCATTAGGCC-1	3
NC_006589.4	17099608	17099834	AAGCCTTAGTCATTTC-1	4
NC_006589.4	17099621	17099652	GACATAGAGCATGCAT-1	1
NC_006589.4	17099621	17099741	GACATAGAGCATGCAT-1	1
NC_006589.4	17099643	17099809	TCTCAATTCTTGGACG-1	1
NC_006589.4	17099648	17099825	GAAACCCGTCCTTTAA-1	5
NC_006589.4	17099659	17099839	CCAACCCGTCCAAATG-1	1
NC_006589.4	17099695	17099864	ATCCATAAGGTTACAC-1	1
NC_006589.4	17099741	17099787	TTCTTAGGTCAAGACC-1	1
NC_006589.4	17099741	17099870	TTAGCAGGTGCTCACC-1	2
NC_006589.4	17099800	17099975	TGAAACTGTTCGCTCA-1	1
NC_006589.4	17099809	17099842	CCTTGTTCATAGACTT-1	1
NC_006589.4	17099825	17099855	CGTGGTTCAGCAACAG-1	1
NC_006589.4	17099826	17099886	TGCTGGATCCTTCGTA-1	2
NC_006589.4	17099834	17099855	TTTACGAAGGAACGCG-1	4
NC_006589.4	17099834	17100221	TGCATTAAGAATCGCT-1	2
NC_006589.4	17099839	17099900	TTGGATCAGGAGTCGG-1	2
NC_006589.4	17099855	17100006	AATCATCCAAGTGTTT-1	1
NC_006589.4	17099864	17099978	GTGCTCAAGCCTGACA-1	2
NC_006589.4	17099865	17100068	AATGGCGCAGTCTATG-1	1
NC_006589.4	17099867	17100229	CCTAAGGTCCTCAGTC-1	1
NC_006589.4	17099888	17099925	GATTGCGTCAGGTTTA-1	1
NC_006589.4	17099954	17100463	AGCTAACTCTATTGTC-1	3
NC_006589.4	17099983	17100028	AACCGCTCATGACTAT-1	2
NC_006589.4	17099984	17100067	CGGTGAGAGGTAACGA-1	2
NC_006589.4	17100068	17100120	GGTCTTGAGGCGAAAC-1	1
NC_006589.4	17100074	17100205	CAGGATGCAGAATGAC-1	2
NC_006589.4	17100076	17100124	GTGTGAGCAGCTCATA-1	1
NC_006589.4	17100089	17100405	CTTAATGAGGTGCTGC-1	4
NC_006589.4	17100126	17100187	TTTGAGTCAGCTCATA-1	1
NC_006589.4	17100210	17100262	TTCAGGTAGAGAAGGG-1	2
NC_006589.4	17100222	17100310	CGTGCTTTCCTACCTA-1	1
NC_006589.4	17100228	17100386	ACGATTCAGTAAACCC-1	2
NC_006589.4	17100240	17100404	ACGAATCTCGACAAAG-1	1
NC_006589.4	17100262	17100459	GTATCGCCACCAACCG-1	3
NC_006589.4	17100297	17100344	GATTAAGCAAATGCCC-1	3
NC_006589.4	17100310	17100370	CTTATTGGTTAGTGAT-1	1
NC_006589.4	17100375	17100418	TGCACCTTCAAGCCTG-1	1
NC_006589.4	17100386	17100465	GGCGGTAAGCCTGATG-1	1
NC_006589.4	17100393	17100626	TCATACTTCGCACACA-1	2
NC_006589.4	17100423	17100447	GTCTATGCACGGTTTA-1	2
NC_006589.4	17100429	17100513	ACTTGTAAGCGGATAA-1	1
NC_006589.4	17100447	17100652	TATTAGGTCATAAGCC-1	1
NC_006589.4	17100448	17100645	ATGACGAAGGACCTGC-1	1
NC_006589.4	17100463	17100834	CCTAGTTGTTGGTGAC-1	2
NC_006589.4	17100521	17100783	GCGGGTTTCCGTCCAT-1	3
NC_006589.4	17100621	17100718	CCTTCAATCACAGACT-1	1
NC_006589.4	17100632	17100901	GGTTCCCGTAGACAAA-1	2
NC_006589.4	17100638	17100747	TAGCCTTGTAGGTTGC-1	1
NC_006589.4	17100638	17100924	AAACGGATCCTGAGTG-1	3
NC_006589.4	17100657	17100735	ATTAGCGGTTCCGGCT-1	1
NC_006589.4	17100671	17100830	GTACTGGTCATTGCGG-1	1
NC_006589.4	17100730	17100789	CCTTCAATCCGGTTGA-1	1
NC_006589.4	17100737	17101312	ACGGTACGTTGTTGCT-1	1
NC_006589.4	17100745	17100906	TCGCTAACAAGCGATG-1	1
NC_006589.4	17100747	17100830	GTCTTTAGTTGGCGTG-1	4
NC_006589.4	17100781	17100824	GAAGGCCCATGTTGTG-1	2
NC_006589.4	17100857	17101037	TGGGCCTAGCATTTCT-1	3
NC_006589.4	17100864	17100945	GTAGCGCTCAATGACC-1	1
NC_006589.4	17100864	17101024	GTCTATCGTGGTTATG-1	1
NC_006589.4	17100890	17100934	GCATCCTTCGTTATAG-1	2
NC_006589.4	17100903	17100944	CGTGCACAGCACTAAC-1	1
NC_006589.4	17100913	17100944	GCTGACATCCTGGTCT-1	2
NC_006589.4	17100934	17101297	TTGATGTCAGGAACCA-1	2
NC_006589.4	17100989	17101245	AAGCAAGTCATGGTTA-1	1
NC_006589.4	17101019	17101080	TGCGGTTCACAATGCC-1	1
NC_006589.4	17101020	17101118	CTAATAGTCTTAGCCC-1	1
NC_006589.4	17101051	17101085	AGCGCTCAGTCTTGAA-1	1
NC_006589.4	17101076	17101105	TCCCTGGTCCGGAACC-1	1
NC_006589.4	17101099	17101646	AATAACCGTAGCCATA-1	1
NC_006589.4	17101113	17101255	TACTGCACAGGCGATA-1	1
NC_006589.4	17101118	17101167	ATCACACAGTAACGGA-1	4
NC_006589.4	17101118	17101191	GGTCCGTAGGGTGGAT-1	1
NC_006589.4	17101240	17101466	CAGGCTATCGTTACAA-1	1
NC_006589.4	17101247	17101364	GGTCCATCATAAAGCA-1	1
NC_006589.4	17101247	17101828	GTGCGGTTCGCACAAT-1	3
NC_006589.4	17101250	17101429	CAGGACCTCCTGTTCA-1	1
NC_006589.4	17101255	17101299	TACTGCACAGGCGATA-1	1
NC_006589.4	17101255	17101320	TCATCCATCATCCACC-1	1
NC_006589.4	17101280	17101343	CATGCATAGGTGTTAC-1	1
NC_006589.4	17101285	17101465	TGCTAGCCAGAAATTG-1	1
NC_006589.4	17101312	17101503	TTTGCATTCAAGCCTG-1	2
NC_006589.4	17101328	17101465	CTATTGAAGGAGGCAT-1	1
NC_006589.4	17101364	17101423	AACCGCTCAAACATAG-1	1
NC_006589.4	17101401	17101486	CGCTATGAGTTAGGCT-1	2
NC_006589.4	17101405	17101444	CTCGCTCCAGCATGAG-1	1
NC_006589.4	17101406	17101709	AAGCCTTAGTGAGAGC-1	2
NC_006589.4	17101412	17101460	TGACCTTGTGTGTGGT-1	1
NC_006589.4	17101420	17101478	ACGGTACGTTGTTGCT-1	1
NC_006589.4	17101432	17101627	AATCTCAAGGAGGGTT-1	1
NC_006589.4	17101434	17101475	AGGATATAGCTTCTCA-1	1
NC_006589.4	17101443	17101485	GTGCTGATCCAAGTTA-1	2
NC_006589.4	17101447	17101498	ATGGCTAGTAAAGCAA-1	1
NC_006589.4	17101473	17101666	ATGGTCTAGGTGAAAT-1	1
NC_006589.4	17101495	17101543	TTTGACCGTTGTTGGA-1	1
NC_006589.4	17101503	17101578	TGGACGGAGGGTGAGT-1	2
NC_006589.4	17101577	17101954	GCGGTTGGTCGTTACT-1	1
NC_006589.4	17101622	17101784	AGGAACGGTTCACTGT-1	2
NC_006589.4	17101627	17101683	AATTTGCCAGTTTGTG-1	2
NC_006589.4	17101668	17101857	CAGCCAATCGAGCAAA-1	2
NC_006589.4	17101764	17101796	CACAATATCATAACTG-1	1
NC_006589.4	17101784	17102139	GGGTCAACACTTACAG-1	1
NC_006589.4	17101828	17101850	TATTTGGAGTCATTTC-1	1
NC_006589.4	17101833	17102262	AGCTAACTCCCATAAA-1	1
NC_006589.4	17101838	17102205	TTGCTTTAGCGAGGTG-1	1
NC_006589.4	17101843	17102593	TTGCATTTCTTGCTAT-1	1
NC_006589.4	17101867	17101929	GCATGAGCATTGTCCT-1	1
NC_006589.4	17101949	17102435	CGACCTGCATAAAGCA-1	1
NC_006589.4	17101961	17102018	GCAAGCCTCTTGATGA-1	1
NC_006589.4	17101973	17102399	ACGACTTAGAATGACG-1	3
NC_006589.4	17101995	17102059	GACTTAGGTGTTGCTT-1	1
NC_006589.4	17102012	17102048	TTGGGTTAGCAAGATG-1	1
NC_006589.4	17102019	17102171	GATTACTCAAACCCTA-1	1
NC_006589.4	17102022	17102515	TAGTGGCGTAATCCCT-1	1
NC_006589.4	17102026	17102183	ATCACTAAGCCGCAAC-1	1
NC_006589.4	17102027	17102069	TTGCAAGGTTCCTGAT-1	1
NC_006589.4	17102051	17102210	AACCTAATCAAGCCTG-1	3
NC_006589.4	17102053	17102095	CCTCAATGTGTTCCCA-1	1
NC_006589.4	17102135	17102162	TTGCAAGGTGCCGCAA-1	1
NC_006589.4	17102140	17102269	GTGCTTACAACCCTAA-1	2
NC_006589.4	17102188	17102338	CACATACAGCTTAGCG-1	1
NC_006589.4	17102200	17102234	ACCCGGTAGTGAGCGG-1	1
NC_006589.4	17102200	17102385	CTGGTAAGTGTTAAAC-1	1
NC_006589.4	17102205	17102389	CGAATCTAGGTCCACA-1	1
NC_006589.4	17102216	17102399	TTGCTTTAGTAAGGGC-1	1
NC_006589.4	17102217	17102283	GATTGCAGTATTGGTG-1	1
NC_006589.4	17102222	17102823	AATCAGGAGGATAAAC-1	1
NC_006589.4	17102227	17102262	AGGGCTACACTAGGTC-1	2
NC_006589.4	17102227	17102269	GACCTGCAGCTGTACG-1	1
NC_006589.4	17102268	17102312	TTAGCTGCATGTCAGC-1	1
NC_006589.4	17102297	17102512	GGAGTGAGTCCTTCTC-1	3
NC_006589.4	17102317	17102349	GGCTAGACACAGCCTG-1	1
NC_006589.4	17102337	17102365	CGATCCTTCCAAGTTA-1	1
NC_006589.4	17102364	17102420	TTTCCTGAGCGCCTAA-1	1
NC_006589.4	17102379	17102707	AAGAATCAGCCGGTAC-1	1
NC_006589.4	17102422	17103165	GCATTAGGTAATAGCT-1	3
NC_006589.4	17102464	17102644	GGCTATGTCCGCAAAT-1	3
NC_006589.4	17102483	17102517	AAGAACAGTCAAGTGC-1	1
NC_006589.4	17102490	17102517	ATATAGGCATGAGTTT-1	1
NC_006589.4	17102507	17102563	AATCTCAAGGAGGGTT-1	1
NC_006589.4	17102508	17102566	ACCAGGACAAACCTTG-1	1
NC_006589.4	17102512	17102639	TATGGGCGTCCACAAA-1	1
NC_006589.4	17102515	17102580	ACGACTTAGTACTGGT-1	1
NC_006589.4	17102517	17102593	ACGGTACGTTGTTGCT-1	1
NC_006589.4	17102547	17102601	CATGCAAGTTTGCGAA-1	1
NC_006589.4	17102619	17102782	TCCTCTAAGCGAGGTG-1	1
NC_006589.4	17102634	17102709	GTTCGCTTCATCGTTT-1	4
NC_006589.4	17102634	17102813	CATCCTCAGGCCATCA-1	1
NC_006589.4	17102704	17102845	AATTCGTCAGGCTTGT-1	3
NC_006589.4	17102793	17102820	TTGTGCCTCGGTTACG-1	1
NC_006589.4	17102794	17103267	ACGATTCAGTAAACCC-1	1
NC_006589.4	17102801	17103096	TGCATGAGTTAGCATG-1	1
NC_006589.4	17102807	17102888	GAAGGATGTGCTAGAC-1	1
NC_006589.4	17102828	17102978	AGCTAGTTCCGTTATT-1	1
NC_006589.4	17102855	17102970	TTGGAGGCAAGGACCA-1	1
NC_006589.4	17102860	17103019	GGTCATTAGGAAACTG-1	1
NC_006589.4	17102945	17103096	TTCGGTACAAACAACA-1	1
NC_006589.4	17102951	17103106	GTGCTTCTCATGCTAA-1	1
NC_006589.4	17103045	17103164	CCAGACTCATTAGGTT-1	2
NC_006589.4	17103055	17103121	CGTTAAATCCCTTGCG-1	1
NC_006589.4	17103102	17103283	CTCGACAAGCACGTTG-1	1
NC_006589.4	17103117	17103153	ACATAGCTCGCTCACT-1	1
NC_006589.4	17103143	17103310	ACCGAAGCAGCCTAAC-1	1
NC_006589.4	17103143	17103606	GTTCTTAGTGCATCGG-1	1
NC_006589.4	17103171	17103325	GCCCATAAGCTGGACC-1	2
NC_006589.4	17103171	17103611	GGTCAAGCAATAACCT-1	2
NC_006589.4	17103174	17103330	AGAGATTAGCTCCTTA-1	1
NC_006589.4	17103179	17103453	CGCACAATCAAGGACA-1	1
NC_006589.4	17103218	17103273	ACCGGTTCATTTGCTC-1	1
NC_006589.4	17103238	17103422	GCAGGCAAGTGGCGGA-1	2
NC_006589.4	17103249	17103280	TTTGACCGTTAGCAGC-1	1
NC_006589.4	17103280	17103595	GTGCGCAGTCACAAAT-1	3
NC_006589.4	17103339	17103519	GAAGGAACAGCTAACC-1	2
NC_006589.4	17103387	17103730	CAATCTAAGGTTTGCG-1	1
NC_006589.4	17103443	17103478	TATCGCGAGGACGTAA-1	1
NC_006589.4	17103467	17103635	TGGCGGTTCCCTCATA-1	1
NC_006589.4	17103472	17103514	AACCTCACACAGGAAT-1	2
NC_006589.4	17103479	17103666	CTTCACTCAATAATGG-1	3
NC_006589.4	17103547	17103592	TTTGTGAAGTTGTCCC-1	1
NC_006589.4	17103553	17103858	GATGGACAGTAGGATG-1	1
NC_006589.4	17103591	17103644	TACAATGTCTCCATGC-1	1
NC_006589.4	17103595	17103724	ATGGTCTAGCCGGTAC-1	1
NC_006589.4	17103606	17103724	ATCAAGACATATTGAC-1	1
NC_006589.4	17103622	17103677	TGTGGCGGTTAGTGAT-1	4
NC_006589.4	17103630	17103810	AGGTGAGGTTAGGTTG-1	1
NC_006589.4	17103637	17103713	GTGCGCAGTCACAAAT-1	2
NC_006589.4	17103643	17103707	TGTTGCACAAGTTATC-1	1
NC_006589.4	17103643	17104237	AGAGATTAGGTGCGGA-1	2
NC_006589.4	17103667	17103773	AAGTAGCCAGGTTCAC-1	1
NC_006589.4	17103696	17104033	CTTAGTTTCTTAGCCC-1	1
NC_006589.4	17103709	17103747	AGCAATTGTCCGTGAG-1	2
NC_006589.4	17103717	17103799	CTCCTCACAGGCCAAA-1	1
NC_006589.4	17103742	17103783	TTGTAAGTCTCGACCT-1	2
NC_006589.4	17103766	17103799	GTATTGATCCCTCTAA-1	2
NC_006589.4	17103773	17104049	CGTTAGGTCCTCCATA-1	1
NC_006589.4	17103781	17103856	CACCGGTAGACAACAG-1	1
NC_006589.4	17103854	17104024	ACAGGTAAGCTCCTAC-1	1
NC_006589.4	17104095	17104146	AAGACAAGTTGCTGGG-1	1
NC_006589.4	17104097	17104228	GGTGAGCCAAACCTTG-1	1
NC_006589.4	17104164	17104371	AGCGCCTAGGCTACAT-1	2
NC_006589.4	17104182	17104280	GGAGCAAGTTTGTTGC-1	3
NC_006589.4	17104298	17104456	TACGGTTAGGCTACAT-1	1
NC_006589.4	17104359	17104518	GCGGAACCAGTTAGCC-1	1
NC_006589.4	17104424	17104628	GCATATATCACGCATG-1	1
NC_006589.4	17104442	17104610	TCCATATTCCGCCTAT-1	1
NC_006589.4	17104459	17104644	ACCGGCTAGGACCAGG-1	2
NC_006589.4	17104467	17104504	TGTTGCACAGGCTACT-1	2
NC_006589.4	17104494	17104525	TTTCGTCCATCTTGAG-1	2
NC_006589.4	17104504	17104646	GTATCGCCACCAACCG-1	1
NC_006589.4	17104516	17104559	TTTCCACCACATACTG-1	1
NC_006589.4	17104525	17104626	GTGCTCAAGCCTGACA-1	1
NC_006589.4	17104580	17105087	TGTTGTGCATGCTCCC-1	1
NC_006589.4	17104612	17104678	GCATTAGGTGGCTTCC-1	1
NC_006589.4	17104612	17104701	TGCTCAACACCCTCAC-1	2
NC_006589.4	17104654	17104731	TCGGTTTGTCACAGAC-1	1
NC_006589.4	17104655	17104701	AATTTGGTCCTAGTTT-1	1
NC_006589.4	17104670	17104706	TGAAGCAAGCTTAGCG-1	2
NC_006589.4	17104670	17105010	ATTACTGAGCGCAATT-1	1
NC_006589.4	17104679	17104765	GCAAACAAGTAGGATG-1	1
NC_006589.4	17104701	17104789	GAGCCACTCAAAGGCA-1	1
NC_006589.4	17104706	17104770	AGATGCTTCTTCAATC-1	2
NC_006589.4	17104748	17104793	ACACCTTGTTTATCTG-1	1
NC_006589.4	17104770	17104802	AGCTAACTCCTAAATG-1	1
NC_006589.4	17104822	17105144	CTAATTGAGGCTGGCT-1	1
NC_006589.4	17104827	17104883	TGCATGAGTTAGCGTA-1	2
NC_006589.4	17104827	17105016	ACTCGCTTCCGTAAAC-1	1
NC_006589.4	17104834	17105138	AATTCGTCAGGAAGCC-1	1
NC_006589.4	17104861	17104988	GTCCTCAGTTTGTGGA-1	4
NC_006589.4	17104968	17105043	CAGGCTGGTATGGTGC-1	2
NC_006589.4	17105048	17105091	TTTGTGAAGTTGTCCC-1	3
NC_006589.4	17105049	17105082	GAGGTGAGTTGCGGAT-1	1
NC_006589.4	17105049	17105082	TGAGGGCCAGCATGGA-1	2
NC_006589.4	17105049	17105188	CATTGTGCAATGCGCT-1	1
NC_006589.4	17105056	17105107	CGGTTCCGTTTGCGCC-1	1
NC_006589.4	17105082	17105266	CAATCCTGTGTTTGAG-1	2
NC_006589.4	17105095	17105442	CTTGAATCAGTCTATG-1	1
NC_006589.4	17105102	17105160	GAGAGGCGTGAGCAAG-1	2
NC_006589.4	17105133	17105208	CGGTTCCGTTTGCGCC-1	2
NC_006589.4	17105133	17105386	CCGTTATGTTTGGCTT-1	2
NC_006589.4	17105201	17105252	GACCTAAGTCTCACTG-1	1
NC_006589.4	17105202	17105227	AGTATAGCAATGAAGC-1	2
NC_006589.4	17105208	17105358	TCTGGCTTCTGTTGCC-1	1
NC_006589.4	17105221	17105364	GACTTGGTCCAGGAAA-1	1
NC_006589.4	17105260	17105313	TGGATTGGTCCTAACT-1	1
NC_006589.4	17105290	17105346	CCTCCTGAGCTTTGTT-1	4
NC_006589.4	17105340	17105386	TGACCAAGTATTCGCT-1	1
NC_006589.4	17105347	17105868	TATATCCTCAAACCTA-1	1
NC_006589.4	17105360	17105544	TTGCTTTAGGCGGATG-1	2
NC_006589.4	17105400	17105432	GTCATTAAGGACCGCT-1	2
NC_006589.4	17105403	17105568	TAGGTGCGTTAACAGT-1	1
NC_006589.4	17105427	17105673	CCATAAATCTAATTGG-1	2
NC_006589.4	17105427	17105684	CCTGGATCATAACGGG-1	1
NC_006589.4	17105445	17105495	AGTTGCAGTCATAGAT-1	2
NC_006589.4	17105445	17105550	GGATTTATCCTGTTCA-1	2
NC_006589.4	17105490	17105719	GTTGGAGCAGGCGATA-1	4
NC_006589.4	17105537	17105900	GCGGTTGGTTTGGCGG-1	1
NC_006589.4	17105544	17105601	CCACAATAGGATAAAC-1	1
NC_006589.4	17105573	17105671	CCTCCTGAGGCATGAA-1	1
NC_006589.4	17105573	17105673	TAGGAGGGTTTACGTC-1	2
NC_006589.4	17105624	17105821	GTTACTCGTTCACCAT-1	2
NC_006589.4	17105689	17105743	GTGAATCTCACACAGT-1	2
NC_006589.4	17105703	17105821	TGACCAAGTATTCGCT-1	1
NC_006589.4	17105751	17105821	GGTAGGAGTTTGGCTT-1	1
NC_006589.4	17105751	17105855	GATGCAGCATGGCCTG-1	1
NC_006589.4	17105752	17105897	ATCCCGCGTTGTGACA-1	1
NC_006589.4	17105845	17105905	CGCTCCATCAAGGACA-1	1
NC_006589.4	17105845	17105963	GTCCAGGGTCCCGAAG-1	1
NC_006589.4	17105868	17106009	GGTCAAGCACCACAAC-1	1
NC_006589.4	17105887	17105963	CTCGTTATCTCGCCTG-1	1
NC_006589.4	17105911	17106074	CATTCCTCACTGGCTG-1	1
NC_006589.4	17106009	17106353	CCGCAAGGTGTTTGCT-1	2
NC_006589.4	17106011	17106058	TCAGGTTAGTAAGTGG-1	1
NC_006589.4	17106047	17106312	AAGCTTGGTTAGACCA-1	1
NC_006589.4	17106070	17106173	TATAGCCAGAAGCTAG-1	1
NC_006589.4	17106082	17106181	AAAGGACGTAGACAAA-1	2
NC_006589.4	17106100	17106186	GAAGGATGTGCTAGAC-1	1
NC_006589.4	17106124	17106282	TTGGGCGGTGTGTCCC-1	1
NC_006589.4	17106181	17106703	AAGAATCAGGAGTCTT-1	1
NC_006589.4	17106181	17107007	CCACTTGGTGGTTATG-1	1
NC_006589.4	17106186	17106356	GAAGGATGTGCTAGAC-1	1
NC_006589.4	17106191	17106342	AGTGTTTCATAAGTCT-1	1
NC_006589.4	17106205	17106767	TGGTTCCTCTGTGCAG-1	2
NC_006589.4	17106214	17106365	GGTGAGTAGCTGCACA-1	1
NC_006589.4	17106215	17106302	TATCCGGAGCGATACT-1	1
NC_006589.4	17106217	17106274	AAGGTGCAGAGAGCCG-1	2
NC_006589.4	17106219	17106273	ATGACTCAGACACCGC-1	1
NC_006589.4	17106226	17106457	GATCGATTCACGTTAA-1	2
NC_006589.4	17106284	17106562	TGAGCCGGTTATCGAG-1	1
NC_006589.4	17106344	17106645	GATTAAGCATTGGGAG-1	2
NC_006589.4	17106347	17106403	TCGTGCTTCCTTCAAT-1	1
NC_006589.4	17106347	17106524	GCTCGATCAGGAACAT-1	1
NC_006589.4	17106348	17106759	CGCATTACATTATGGT-1	1
NC_006589.4	17106394	17106524	TTTGAGTCAGACAAAC-1	4
NC_006589.4	17106403	17106759	CGGTTTGAGCACGTTG-1	2
NC_006589.4	17106501	17106645	AATCATCCAGTCTAGC-1	1
NC_006589.4	17106631	17106804	TACTGACAGTGTTGTA-1	2
NC_006589.4	17106655	17106730	CCTTAGTGTAACGAGG-1	1
NC_006589.4	17106658	17106952	TGTGGCTCAATTAGCT-1	1
NC_006589.4	17106693	17106819	AATACCGGTGTAACCA-1	1
NC_006589.4	17106773	17106986	TATGGTCAGTCTGGGC-1	1
NC_006589.4	17106799	17106949	GCAATAGAGCAGGCCT-1	1
NC_006589.4	17106838	17107034	TAGCGCGGTTGCAATG-1	2
NC_006589.4	17106864	17107184	ACTCAGTAGGTTAGCT-1	1
NC_006589.4	17106870	17106986	AGCACAGCACAGCCTG-1	4
NC_006589.4	17106873	17107036	GTTGTGAGTCACGAAC-1	2
NC_006589.4	17106880	17106907	AGTACGCGTGATTTGG-1	1
NC_006589.4	17106900	17107052	TCTAGCCTCACCTGTC-1	2
NC_006589.4	17106973	17107022	GTTTCCTCAAATTCGT-1	1
NC_006589.4	17106976	17107445	GTGTTACAGCTTAGTA-1	1
NC_006589.4	17107023	17107056	TGATTCAAGTTACCGG-1	1
NC_006589.4	17107048	17107323	TAGGTGCGTTTCCGGC-1	1
NC_006589.4	17107071	17107117	ACGAAGTCAAGCTAAA-1	2
NC_006589.4	17107095	17107345	TAAGGACCAATTGAAG-1	2
NC_006589.4	17107128	17107310	CAGGTTTAGCCGCAGT-1	1
NC_006589.4	17107146	17107525	GGGCCTAGTGATCATG-1	1
NC_006589.4	17107153	17107182	GTTACCTGTTGCGGAT-1	2
NC_006589.4	17107171	17107197	TTGCCCGTCCACAATA-1	2
NC_006589.4	17107220	17107368	ATTGCAGGTGTTAAAC-1	1
NC_006589.4	17107232	17107401	ATTACGTCAGCTACGT-1	1
NC_006589.4	17107247	17107410	CTGCAATAGAAAGCAT-1	2
NC_006589.4	17107310	17107454	GAAGGCCCATTGTGCA-1	2
NC_006589.4	17107339	17107504	TTCCCGCCAAACCCTA-1	1
NC_006589.4	17107391	17107427	GAGGTAGGTCAAAGGG-1	1
NC_006589.4	17107410	17107611	CTGCAATAGAAAGCAT-1	1
NC_006589.4	17107427	17107490	TGGGCCTAGTAACAGG-1	1
NC_006589.4	17107427	17107617	ATTATCCTCCCTGTTA-1	2
NC_006589.4	17107427	17108027	TACTAAGTCTCAATTC-1	2
NC_006589.4	17107440	17107490	CCTAAGTAGGGTCTAT-1	1
NC_006589.4	17107442	17107796	TCAAGAACACGAATCC-1	3
NC_006589.4	17107452	17107517	AGATGCTTCTTCAATC-1	1
NC_006589.4	17107520	17107626	ACTTGAATCCTGGTGA-1	3
NC_006589.4	17107631	17107669	ATGATGGAGCGTGCGT-1	1
NC_006589.4	17107646	17107825	CATTTGTTCTCAATGA-1	1
NC_006589.4	17107677	17107810	ACCAAGCGTTAAGGCC-1	3
NC_006589.4	17107717	17107792	TTCCTCAAGGTCGAGG-1	1
NC_006589.4	17107785	17107879	CTGGTAAGTTAAGCGC-1	1
NC_006589.4	17107796	17107962	AGTCTTGCAGTTGCGT-1	1
NC_006589.4	17107796	17107989	GCAAACAAGTTGGATC-1	1
NC_006589.4	17107902	17108011	ATCACTAAGTGAGGGT-1	1
NC_006589.4	17107912	17108075	TGTTGTGCATGGTTAT-1	1
NC_006589.4	17107918	17108145	AGGAAACGTAATCACG-1	1
NC_006589.4	17107924	17108305	CTAACCACAAACCTAT-1	1
NC_006589.4	17107943	17108033	CCATATTTCTAATTGG-1	1
NC_006589.4	17107961	17108026	CCTAAGCCAAAGCGGC-1	1
NC_006589.4	17107970	17108288	TGGGCCTAGGTAAGCA-1	1
NC_006589.4	17107970	17108293	GCCTTTGGTTTGTCTA-1	1
NC_006589.4	17107988	17108059	CCCAATTGTGTTTGTC-1	1
NC_006589.4	17108031	17108069	TCTTAGCGTAACGGGA-1	1
NC_006589.4	17108039	17108403	GGGCTAACAACCCTCC-1	1
NC_006589.4	17108061	17108202	GGTGATTTCTGCAACG-1	1
NC_006589.4	17108115	17108305	CTAACCACAAACCTAT-1	1
NC_006589.4	17108167	17108202	CGCTAACCAATCCCTT-1	1
NC_006589.4	17108175	17108332	ATTATGGTCATGTGGT-1	2
NC_006589.4	17108221	17108324	CGATTGAGTGATTTGG-1	2
NC_006589.4	17108221	17108356	CGAGGAAGTGTTGTGA-1	1
NC_006589.4	17108221	17108437	CGATTATCAACTAGAA-1	3
NC_006589.4	17108228	17108442	GGCCTCTGTTAATGCG-1	1
NC_006589.4	17108280	17108323	GGATTGCGTGCTAGAC-1	1
NC_006589.4	17108305	17108394	TGCCTGTTCCTAAGAC-1	1
NC_006589.4	17108308	17108408	GTCCGTAAGATTGAGG-1	2
NC_006589.4	17108332	17108413	TACCTGCTCCTTAAGA-1	1
NC_006589.4	17108356	17108482	TAGCAGGCAGTTATGT-1	1
NC_006589.4	17108374	17108514	GCCGTGAGTTTGAGGC-1	1
NC_006589.4	17108432	17108617	GAGAACCAGTAACTCA-1	4
NC_006589.4	17108435	17108487	GTAATAGCAATTGAGA-1	1
NC_006589.4	17108436	17108543	CTTAGGAGTCCTCCAA-1	1
NC_006589.4	17108479	17108538	GCTTACCTCATGGTTA-1	2
NC_006589.4	17108482	17108515	GATCAGTTCGCACACA-1	2
NC_006589.4	17108486	17108598	GAGAAACGTCCGGTTC-1	1
NC_006589.4	17108486	17109049	CGCGGATTCTTGCATT-1	1
NC_006589.4	17108529	17108645	TACCTGCTCTCATCAT-1	1
NC_006589.4	17108544	17108622	GCTTACCTCGAGGAGT-1	2
NC_006589.4	17108612	17108994	CCTAAGGTCCTCAGTC-1	1
NC_006589.4	17108618	17108667	AGCTGCTCACCTGTAA-1	2
NC_006589.4	17108628	17108760	TATCGCACAATTGACT-1	2
NC_006589.4	17108653	17108703	CAGCTAAGTAGGTGTC-1	1
NC_006589.4	17108684	17108723	ATGCGATTCGCTCACT-1	2
NC_006589.4	17108723	17108892	ATGTTCAAGCCTGGTA-1	1
NC_006589.4	17108724	17109065	ACTGAAACATTGTGTG-1	1
NC_006589.4	17108756	17108883	ATGAATGCAAGCTTAT-1	1
NC_006589.4	17108767	17108869	GTTTGTAAGTGTTGTA-1	2
NC_006589.4	17108835	17109006	TGTAATGTCGGTTAGT-1	1
NC_006589.4	17108843	17108892	GAGGCCTTCCAGGAAA-1	2
NC_006589.4	17108896	17108958	GCAAACTTCACCGGTA-1	1
NC_006589.4	17108958	17109931	ATCGCCCGTCCTTCAG-1	1
NC_006589.4	17108970	17109036	ATAGGTACACTAGGTC-1	1
NC_006589.4	17108971	17109259	GATTAGTGTCACCAAA-1	1
NC_006589.4	17108978	17109349	TGTAAGTGTGATTACG-1	1
NC_006589.4	17108983	17109249	TTTGCGACAGGAACAT-1	1
NC_006589.4	17109026	17109218	AGTCAATGTGAAACAA-1	1
NC_006589.4	17109036	17109179	CGTGAGGAGGACCTGC-1	1
NC_006589.4	17109045	17109130	TGCGGTTCAACAGGAT-1	1
NC_006589.4	17109065	17109203	ATAGGTACACTAGGTC-1	3
NC_006589.4	17109081	17109274	TACTCGCTCACGCATG-1	1
NC_006589.4	17109104	17109134	TGGTCATAGCATGTCG-1	1
NC_006589.4	17109114	17109277	GGTTCCCGTTGAAGCC-1	1
NC_006589.4	17109121	17109259	GATCGATTCACGTTAA-1	1
NC_006589.4	17109126	17109410	GATGGACAGTTTCCTG-1	1
NC_006589.4	17109167	17109239	ATCACTAAGTGAGGGT-1	1
NC_006589.4	17109179	17109298	TGTAATGTCGGTTAGT-1	2
NC_006589.4	17109239	17109410	ATCACTAAGTGAGGGT-1	1
NC_006589.4	17109259	17109372	GATTAGTGTCACCAAA-1	3
NC_006589.4	17109283	17109410	ATCACAATCAATGTGC-1	1
NC_006589.4	17109319	17109696	CTGAAACTCCGCATGA-1	1
NC_006589.4	17109344	17109504	AACTCACAGCGAGGTG-1	2
NC_006589.4	17109376	17109519	CCAAACCCAAACTAAG-1	1
NC_006589.4	17109376	17109756	CTTCACTCATGAAATG-1	1
NC_006589.4	17109412	17109470	TTCAACCGTTCCTCCT-1	2
NC_006589.4	17109427	17109532	CCAGACTCATTAGGTT-1	2
NC_006589.4	17109445	17109635	AAGACAAGTGAGCGAA-1	1
NC_006589.4	17109447	17109486	ACCTGGTCAAGATTCT-1	1
NC_006589.4	17109447	17109585	AGGCTAGCATAAGTCT-1	1
NC_006589.4	17109456	17109491	TATGTGATCACAGCGC-1	1
NC_006589.4	17109467	17109524	AAGTTAGCAGGCAAGC-1	1
NC_006589.4	17109487	17110013	CAAGGTAAGTTTCCTG-1	1
NC_006589.4	17109490	17109904	AACCGCTCAATTTGGT-1	1
NC_006589.4	17109490	17109956	ATCACTAAGTGAGGGT-1	1
NC_006589.4	17109498	17109604	GGGTCAACATTGCAGC-1	1
NC_006589.4	17109498	17109995	GGGTCAACATTGCAGC-1	1
NC_006589.4	17109522	17109601	GAGGACTAGGAAACTG-1	1
NC_006589.4	17109525	17109704	ATGTTCAAGCCTGGTA-1	1
NC_006589.4	17109538	17109737	CGAGCGAAGCGTGCGT-1	1
