NC_006614.4	15186784	15187334	CGAATATGTAAAGCGG-1	2
NC_006614.4	15186803	15187388	GGCGGTTTCATAACCA-1	1
NC_006614.4	15186873	15187308	CACTGACCAAATACCT-1	2
NC_006614.4	15186892	15187485	TCCCGGACAATTAACC-1	2
NC_006614.4	15186918	15187578	CGCTTACTCCTAAGTA-1	1
NC_006614.4	15186963	15187605	GCAGCAACACCTGTAA-1	2
NC_006614.4	15187004	15187309	CGAATCTAGGCCAATT-1	3
NC_006614.4	15187065	15187319	CAGAATCTCAGGCTAT-1	2
NC_006614.4	15187065	15187578	GATGGCTGTTGCACGG-1	1
NC_006614.4	15187067	15187439	ATGTTCAAGAGGAAGG-1	1
NC_006614.4	15187136	15187334	CTCGCTCCAGGCTTGT-1	1
NC_006614.4	15187148	15187325	CACGCAATCTAACCTT-1	2
NC_006614.4	15187151	15187335	CAAACTGGTTAGTTGG-1	1
NC_006614.4	15187156	15187694	GCCATGATCACGAATC-1	2
NC_006614.4	15187161	15187323	TATAGGTGTGTGTGGT-1	1
NC_006614.4	15187199	15187365	GGTCAAGCAATAACCT-1	1
NC_006614.4	15187227	15187694	CCCTGGACATAAGTCT-1	1
NC_006614.4	15187259	15187313	GTTTCAGCATAGGCGA-1	1
NC_006614.4	15187278	15187354	CCCGCTTCATAATCGT-1	1
NC_006614.4	15187283	15187327	GTCTAGCCATTAAGCT-1	1
NC_006614.4	15187309	15187660	AGCCTGGGTTAAGCCA-1	1
NC_006614.4	15187313	15187475	TGTGCAAGTTAACGGC-1	1
NC_006614.4	15187325	15187623	GGTTTCCTCATTACTC-1	2
NC_006614.4	15187349	15187605	ATGCATTCAGCAAGGC-1	3
NC_006614.4	15187421	15187772	TAGTCAATCACAGGAA-1	2
NC_006614.4	15187485	15187661	CGCATATAGAGCCGCT-1	1
NC_006614.4	15187514	15187839	CTTAACAAGGTAACGA-1	2
NC_006614.4	15187538	15187653	GACTTAGGTCCTTCTC-1	1
NC_006614.4	15187544	15187605	GTCATTAAGCTTCCCG-1	2
NC_006614.4	15187568	15187719	CGTTAAATCCCGAACA-1	3
NC_006614.4	15187578	15187932	CCTAAGGTCCTTTACG-1	1
NC_006614.4	15187578	15187939	AATCAGGAGGACAATG-1	2
NC_006614.4	15187600	15187642	CGGTTATAGGTTAGCT-1	2
NC_006614.4	15187600	15187648	CAATGAACACGTAATT-1	1
NC_006614.4	15187617	15187651	TGAAACTGTGGTTAGC-1	4
NC_006614.4	15187627	15187663	CTCCGTCCATTGTCCT-1	1
NC_006614.4	15187652	15187953	ACGACTTAGTACTGGT-1	1
NC_006614.4	15187652	15188011	GTCTAATCATGTCAGC-1	1
NC_006614.4	15187653	15187837	GACTTAGGTCCTTCTC-1	1
NC_006614.4	15187676	15187837	CAAGGTAAGCATTAGC-1	1
NC_006614.4	15187700	15187818	CGTAGTTAGCCGCTTT-1	1
NC_006614.4	15187714	15187858	ACCCAACCAGCTTAAT-1	1
NC_006614.4	15187781	15187874	CTAGTGAGTTAAGCGC-1	1
NC_006614.4	15187818	15188029	AAGTTAGCAATTAAGG-1	2
NC_006614.4	15187819	15187982	TCAAGTATCCCGTTTA-1	1
NC_006614.4	15187823	15187874	CATTGCGAGGTCGAGG-1	2
NC_006614.4	15187826	15188006	GCAAACAAGGTTTACA-1	1
NC_006614.4	15187833	15188013	CGGTTATAGGTTAGCT-1	1
NC_006614.4	15187857	15188385	CGGTTCCGTTCGCTTG-1	2
NC_006614.4	15187858	15187992	AGCCAGTGTTCGGTAA-1	1
NC_006614.4	15187884	15187994	TGAGGTGCAAGGAATC-1	1
NC_006614.4	15187884	15188011	GAGGTGAGTTGCGGAT-1	1
NC_006614.4	15187898	15188057	GCACCTAAGCAAGGAC-1	3
NC_006614.4	15187914	15187966	GTTACTCGTTAACACG-1	1
NC_006614.4	15187914	15188030	AACCTTAAGTAAAGGT-1	1
NC_006614.4	15187919	15187993	AATCTTGAGCGAGGTG-1	2
NC_006614.4	15187919	15188276	ACACGGACAGTTAAAG-1	1
NC_006614.4	15187923	15187993	GACCTGCAGGTCATTA-1	3
NC_006614.4	15187944	15188053	AGCTTCCTCCTAAATG-1	2
NC_006614.4	15187966	15188032	GGTTATATCGGGACCT-1	1
NC_006614.4	15187967	15188013	CCTGGTAAGAGGAGGA-1	3
NC_006614.4	15187968	15188011	AATCAGGAGGACAATG-1	1
NC_006614.4	15187979	15188428	GCCGTGAGTATTGTGG-1	2
NC_006614.4	15187992	15188057	GCTGACATCCGCAAGC-1	1
NC_006614.4	15188014	15188207	GCTAGCTCAAGTTATC-1	1
NC_006614.4	15188024	15188169	TGCACCTTCGTAATCA-1	1
NC_006614.4	15188024	15188206	GAAACCCGTCCTTTAA-1	1
NC_006614.4	15188029	15188069	TATAACCCATCCCTCA-1	2
NC_006614.4	15188103	15188457	AACTCACAGGAAGCTA-1	2
NC_006614.4	15188206	15188418	CCTAATAAGCGCATTG-1	3
NC_006614.4	15188207	15188455	CAATCTAAGCTATTAG-1	1
NC_006614.4	15188209	15188428	CCTGATGAGCAGCTAT-1	2
NC_006614.4	15188214	15188494	AGAGAAGCACTCGCTC-1	1
NC_006614.4	15188229	15188324	GCGATTTAGAACCTGT-1	2
NC_006614.4	15188235	15188278	GTACTTCGTTGGATCA-1	1
NC_006614.4	15188316	15188484	CACATACAGTATTGCA-1	1
NC_006614.4	15188326	15188521	CTTAACAAGGTAACGA-1	1
NC_006614.4	15188345	15188443	GTGGACACAGTACCGT-1	1
NC_006614.4	15188412	15188467	GGGTTTCCAACACTTG-1	1
NC_006614.4	15188520	15188956	GTTTCTAGTTGTTGTC-1	1
NC_006614.4	15188618	15188959	CATCCCAGTGTTCCCA-1	2
NC_006614.4	15188651	15188782	ATGGTCTAGCCGGTAC-1	1
NC_006614.4	15188658	15188814	GGATTTATCTGCAAGT-1	1
NC_006614.4	15188663	15188958	TTTCTCACAACGTGCT-1	1
NC_006614.4	15188726	15189026	GTTCACCTCTAAGGTC-1	1
NC_006614.4	15188731	15188816	GCTAATATCGATATTG-1	2
NC_006614.4	15188747	15188896	ACCTGGTCAGCAACAG-1	2
NC_006614.4	15188813	15188866	GATGGCTGTTGCACGG-1	1
NC_006614.4	15188816	15188863	TCAGCCTTCGGGATTT-1	1
NC_006614.4	15188863	15188972	AACCTCCTCCTACCTA-1	1
NC_006614.4	15188902	15189275	TGGTTGAGTTGGTTAG-1	1
NC_006614.4	15188937	15189251	ATAACGACAATGCCTA-1	1
NC_006614.4	15188952	15189234	CCCGTAAAGCAGGTGG-1	1
NC_006614.4	15188982	15189232	GGGCAATAGGTAACGA-1	1
NC_006614.4	15189083	15189706	ATCCTGACAGGTATTT-1	1
NC_006614.4	15189115	15189226	CCTCAATGTATTGCAG-1	3
NC_006614.4	15189193	15189238	GATTCAGGTTGGATAT-1	1
NC_006614.4	15189193	15189244	CTGCTCCCACCTGGTG-1	2
NC_006614.4	15189209	15189260	GGCTGAGAGGCTAATC-1	2
NC_006614.4	15189237	15189291	GGATGGCCATGTCAAT-1	1
NC_006614.4	15189251	15189325	AATTACCCAACAGCCT-1	2
NC_006614.4	15189251	15189410	GTAGGTGCAAGGCCAA-1	1
NC_006614.4	15189251	15189490	GGCAAGCCACAACAAA-1	1
NC_006614.4	15189317	15189444	GTCATCACAGCCTGCA-1	1
NC_006614.4	15189335	15189701	ACAGGCTGTTCGCTCA-1	1
NC_006614.4	15189460	15189522	GACCTAAGTCTCACTG-1	1
NC_006614.4	15189506	15189637	ACGATTCAGTAAACCC-1	1
NC_006614.4	15189597	15189679	TGTGGCTCAATTGCGC-1	4
NC_006614.4	15189625	15189834	CGAATATGTAACGAGG-1	2
NC_006614.4	15189633	15189715	AATCCTAAGTTTAACG-1	1
NC_006614.4	15189641	15189676	CGAACCGGTTCCGGGA-1	1
NC_006614.4	15189715	15189791	TAGCCTCTCCCTGGAA-1	1
NC_006614.4	15189720	15189930	TTAGCAGGTGACATGC-1	2
NC_006614.4	15189723	15189805	GGATTGCGTGAAACAA-1	1
NC_006614.4	15189805	15190010	ACGAATCTCTTAATGG-1	1
NC_006614.4	15189850	15189897	TCCAGGTCACAAAGGT-1	1
NC_006614.4	15189866	15189904	TATGTGATCCTTCGTA-1	2
NC_006614.4	15189868	15190212	CGGGTCTAGCTTATGA-1	1
NC_006614.4	15189873	15189919	AAACGTACAGGTTACC-1	2
NC_006614.4	15189873	15189964	CTTGAATCAAACGCGA-1	2
NC_006614.4	15189883	15190201	CGCATATAGCTAATTG-1	1
NC_006614.4	15189926	15190090	GGTGAGCCATTGTGGC-1	1
NC_006614.4	15189937	15190242	AAAGGAGCAAAGGTAC-1	1
NC_006614.4	15189961	15190106	TTCCTCAAGCCTTAAA-1	1
NC_006614.4	15190021	15190377	GCTGTGCAGCACTTGG-1	1
NC_006614.4	15190028	15190095	GTATCGCCACCATATG-1	4
NC_006614.4	15190045	15190106	AGAATCGAGCTGAGGG-1	5
NC_006614.4	15190051	15190146	TCACCGGCATGGCCCA-1	1
NC_006614.4	15190055	15190099	TTGCTCTCAGCATGTC-1	1
NC_006614.4	15190083	15190126	CCTAATAAGGCGGATG-1	1
NC_006614.4	15190090	15190251	GCCAGGTTCCCTGACT-1	1
NC_006614.4	15190106	15190150	CGGTTCCGTTCGCTTG-1	2
NC_006614.4	15190116	15190280	TTGCACACAAACATAG-1	1
NC_006614.4	15190182	15190227	ACCAAACTCACAGACT-1	1
NC_006614.4	15190283	15190490	GGGTGTTGTTAGACCA-1	1
NC_006614.4	15190285	15190913	CATAATGTCACACAGT-1	1
NC_006614.4	15190328	15190471	GGCGGTAAGAAGGTGC-1	2
NC_006614.4	15190336	15190406	CGATTTGCAACATAAG-1	1
NC_006614.4	15190349	15190402	AAGCATGAGAGGAGTC-1	2
NC_006614.4	15190391	15190683	GATAAAGGTTAGGTTG-1	2
NC_006614.4	15190403	15190582	TGAGTGAAGGAACCAA-1	2
NC_006614.4	15190420	15190657	ACAGGCTGTATTGCAG-1	2
NC_006614.4	15190617	15190638	GGTATTTCAATTTGGT-1	1
NC_006614.4	15190624	15190845	CTGCTACTCCCTGATC-1	1
NC_006614.4	15190642	15190697	TCCTTGCAGTGCACGC-1	2
NC_006614.4	15190642	15191018	CCACTTGGTAGCTAAT-1	1
NC_006614.4	15190643	15190729	TGGTCCTTCGCAATCG-1	1
NC_006614.4	15190669	15190709	TTTACGCGTTAACAGT-1	1
NC_006614.4	15190672	15190716	ACACGGACACGAATCC-1	1
NC_006614.4	15190703	15191191	AGAGGATGTGCCGCAA-1	1
NC_006614.4	15190721	15191160	CGATTTGCACAGGAAT-1	1
NC_006614.4	15190726	15190816	CATGCAAGTTTATCGC-1	3
NC_006614.4	15190731	15191022	CTTACCGGTGAGGTGA-1	1
NC_006614.4	15190758	15190822	CTGTGTGAGTCAGTAC-1	2
NC_006614.4	15190799	15191038	GCGCCTTGTTCGCTCA-1	2
NC_006614.4	15190845	15191013	TATGGATGTGGAAGGC-1	1
NC_006614.4	15190861	15191075	TTAGGAACAGTTATCG-1	2
NC_006614.4	15190895	15191462	CTCGTTATCTCGCCTG-1	1
NC_006614.4	15190901	15191279	CCTGAGTCAAGGTGCA-1	1
NC_006614.4	15190936	15190996	TTGCACACACATTGCA-1	1
NC_006614.4	15190941	15191191	CAGGCTGGTGGGTACT-1	2
NC_006614.4	15191007	15191175	AGTAATGCAATCATGT-1	1
NC_006614.4	15191024	15191203	GACCTAGTCAGCACGC-1	1
NC_006614.4	15191096	15191170	AATTTGGTCCTTTACG-1	1
NC_006614.4	15191110	15191195	AGTATAGCAGCAAGGC-1	1
NC_006614.4	15191165	15191234	GGTCATTAGGCGGATG-1	1
NC_006614.4	15191175	15191302	TCGATTAAGGCTAGAA-1	1
NC_006614.4	15191240	15191274	GAGGTAGGTCAACAAT-1	1
NC_006614.4	15191240	15191600	AGAACCAAGTAACGGA-1	1
NC_006614.4	15191287	15191364	TCAAGAACAATACTGT-1	1
NC_006614.4	15191353	15191402	CTAGGCGGTCAGTAAT-1	1
NC_006614.4	15191370	15191500	TCAGTGAGTAGGATCC-1	2
NC_006614.4	15191379	15191600	TCGGTAAGTGATCAGC-1	1
NC_006614.4	15191395	15191585	GTAGGTGCAGGTTCAC-1	1
NC_006614.4	15191459	15191588	ACACTTGCAAGGTCCT-1	2
NC_006614.4	15191468	15191746	AAGCTTGGTTTGGTTC-1	1
NC_006614.4	15191501	15191549	ATGTGAGAGACAAGTG-1	1
NC_006614.4	15191512	15191551	GAGCCACTCTCAATGA-1	2
NC_006614.4	15191519	15191569	AGACCCGGTCTTTATG-1	2
NC_006614.4	15191536	15191593	GCCCATAAGTAAAGGT-1	1
NC_006614.4	15191539	15191690	GCTGCACAGGGTCTAT-1	3
NC_006614.4	15191588	15191792	ACTTACAAGTTGGATC-1	1
NC_006614.4	15191588	15191880	AAGCAAGTCCTCATCA-1	2
NC_006614.4	15191592	15191721	GCGATTAGTCTTACTA-1	1
NC_006614.4	15191593	15192024	GGTGTCCAGATGGAGC-1	1
NC_006614.4	15191600	15191746	AAGAACAGTTTATCTG-1	1
NC_006614.4	15191615	15191707	CAGCATTAGCAGCTAT-1	1
NC_006614.4	15191671	15191904	AGTTTGCAGGTACCGC-1	1
NC_006614.4	15191691	15191880	TTCATTCAGGAACACA-1	3
NC_006614.4	15191710	15191861	TAGCCTGAGGTTAGAG-1	1
NC_006614.4	15191746	15192058	CCTGGTAAGTGTGATC-1	1
NC_006614.4	15191772	15191921	ACACTTGCAGTCTAAT-1	1
NC_006614.4	15191782	15192348	AGCCAGTGTTCGGTAA-1	1
NC_006614.4	15191785	15191935	GGAGCAAGTTAGTTGG-1	1
NC_006614.4	15191828	15191969	CGTTAAATCCCGAACA-1	1
NC_006614.4	15191851	15191969	CCTCAATGTGTTCCCA-1	2
NC_006614.4	15191935	15191976	AGACACGCAAGGATTA-1	1
NC_006614.4	15191961	15192173	CCAGCTAAGGATAAAC-1	3
NC_006614.4	15191969	15192005	CGTTAAATCCCGAACA-1	1
NC_006614.4	15191971	15192052	GACATTATCCCTGTTA-1	1
NC_006614.4	15191976	15192119	CTCTAAGCAGCCAGAA-1	1
NC_006614.4	15191994	15192179	GACCTGCAGCGTGCGT-1	2
NC_006614.4	15192110	15192207	GGCCTCTGTCATCCTG-1	2
NC_006614.4	15192127	15192270	GCTAAGAAGCTTGCTC-1	2
NC_006614.4	15192146	15192349	CTCTAGCTCGGTACGC-1	1
NC_006614.4	15192156	15192361	GTGGACACAGTACCGT-1	2
NC_006614.4	15192157	15192209	CATAGGCGTGCTGTAA-1	1
NC_006614.4	15192173	15192250	TAAGCCTAGGAAACTG-1	2
NC_006614.4	15192270	15192461	AGGTACGCATTCAGCA-1	3
NC_006614.4	15192403	15192566	CTCAATAAGACTCGCA-1	1
NC_006614.4	15192414	15192448	TGCGGTTCACAATGCC-1	2
NC_006614.4	15192425	15192486	GTAGGTGCAATACTGT-1	1
NC_006614.4	15192459	15192555	GAGAGGCGTGAGCACT-1	1
NC_006614.4	15192459	15193115	TCACATAAGTTATCCT-1	1
NC_006614.4	15192461	15192608	GGCCTCTGTACGCGCA-1	1
NC_006614.4	15192537	15192586	GGTTGACGTTTATCGC-1	1
NC_006614.4	15192539	15192698	CGCAATAGTTCCAGGG-1	1
NC_006614.4	15192584	15192654	TCAGTGAGTGTTGCAA-1	1
NC_006614.4	15192594	15192671	GGGATTAAGCGCTCAA-1	1
NC_006614.4	15192846	15192918	CTTGACGAGCATTTCT-1	1
NC_006614.4	15192910	15193076	CGGGCTTAGGCTACAT-1	1
NC_006614.4	15193034	15193115	TAGGAGGGTTTCAGGA-1	2
NC_006614.4	15193035	15193079	CACATTAAGTAAACCC-1	1
NC_006614.4	15193047	15193080	GTACGTAGTAGGTTTG-1	1
NC_006614.4	15193063	15193243	GTGAATCTCGGCTATG-1	2
NC_006614.4	15193144	15193229	AGCGTGCTCATTGTCT-1	1
NC_006614.4	15193144	15193336	AGAACCGCAACAGCCT-1	1
NC_006614.4	15193179	15193232	TCCTTAGTCCTGCGAA-1	1
NC_006614.4	15193277	15193623	CAAGGGAGTGATTTGG-1	2
NC_006614.4	15193281	15193968	CTGTTAAAGCTGTACG-1	1
NC_006614.4	15193300	15193538	AGTAATCGTGCTAGCG-1	2
NC_006614.4	15193305	15193507	CGGGCTTAGGCTACAT-1	1
NC_006614.4	15193328	15193486	GGCTGTCAGTAATCCA-1	1
NC_006614.4	15193388	15193457	ATGCGATTCTGCAACG-1	2
NC_006614.4	15193443	15193603	CATCAATCATGTCAGC-1	2
NC_006614.4	15193457	15193507	CCTACTTCACTTACAG-1	1
NC_006614.4	15193472	15193604	TGAACAACATTAAGCT-1	1
NC_006614.4	15193488	15193536	TTAGCAGGTGACATGC-1	1
NC_006614.4	15193503	15193536	CCCGCTTCACTATGGC-1	1
NC_006614.4	15193536	15193605	ATGAAGCCAACTCGCG-1	1
NC_006614.4	15193536	15193860	ACGACAAAGGTCCTAG-1	1
NC_006614.4	15193569	15193770	GTGGATGCATGTTGTG-1	1
NC_006614.4	15193593	15193628	AATCATGTCCTGAATA-1	2
NC_006614.4	15193593	15193920	CAACCCTTCATTAGGC-1	1
NC_006614.4	15193605	15193746	GGGCAATAGCAGGTGG-1	2
NC_006614.4	15193640	15193876	GCTCTGGCATGAAGTA-1	1
NC_006614.4	15193679	15194010	ATTACTGAGGCTTAAC-1	1
NC_006614.4	15193736	15193941	AATGTCATCAAACTCA-1	1
NC_006614.4	15193748	15193948	GCAAACAAGGTCTTGG-1	1
NC_006614.4	15193806	15193972	ACACAATGTTGCCTCA-1	1
NC_006614.4	15193847	15194031	GTAAGCGCAGCATGTC-1	1
NC_006614.4	15193863	15194227	GTTTGTCGTAATCGCA-1	1
NC_006614.4	15193874	15194031	CACATAATCCCGCATT-1	1
NC_006614.4	15193874	15194054	TTGACGTAGTGTTGCG-1	2
NC_006614.4	15193878	15193923	TCAAGCTAGTGCTGTG-1	2
NC_006614.4	15193903	15194166	TCCTGTTCACAAAGAC-1	2
NC_006614.4	15193911	15194137	TAGCCGGGTTTCCTCC-1	2
NC_006614.4	15193935	15194063	GGAGGTTAGTTTGGGT-1	3
NC_006614.4	15193953	15194352	TGGCCTTTCCTAATGA-1	1
NC_006614.4	15193996	15194046	GGAACCTGTCTTACTA-1	3
NC_006614.4	15194021	15194075	GCGGTTGGTTGGCGTG-1	3
NC_006614.4	15194031	15194098	AAGGCCCTCCATTACT-1	2
NC_006614.4	15194033	15194408	GTGAGCGAGCCGCAGT-1	1
NC_006614.4	15194041	15194204	ACTAAAGCACGTGCTG-1	1
NC_006614.4	15194063	15194236	CTTTCTTGTACAAAGA-1	2
NC_006614.4	15194096	15194132	TGCCTGTTCCTAATTC-1	1
NC_006614.4	15194118	15194189	AGCCGCTAGGTCTTGG-1	1
NC_006614.4	15194158	15194199	AATTCGTCAGGAAGCC-1	2
NC_006614.4	15194167	15194206	CTCCCTGAGATGGAGC-1	2
NC_006614.4	15194184	15194717	TCCTAGTGTCACAGCG-1	2
NC_006614.4	15194230	15194835	CGGTGAGAGGTGAAGC-1	1
NC_006614.4	15194282	15194497	GTCTTGCTCTTGCAAA-1	3
NC_006614.4	15194331	15194479	ATTGGCTAGTTATCCT-1	1
NC_006614.4	15194380	15194421	CTAAAGCTCGCAGGCT-1	1
NC_006614.4	15194408	15194503	CAGGTGGAGAGGAAGG-1	1
NC_006614.4	15194410	15194481	TGCGCAGGTCATGCCC-1	2
NC_006614.4	15194410	15194601	TAGGAGGGTTTCAGGA-1	2
NC_006614.4	15194434	15194493	AAATGGCCACCCACAG-1	2
NC_006614.4	15194474	15194616	CCGCACACACCTGCCT-1	1
NC_006614.4	15194672	15194717	AATCATGTCCTGAATA-1	3
NC_006614.4	15194672	15194783	CCTCAAACAAGTAAGC-1	1
NC_006614.4	15194716	15194835	ACTTAGGGTCATTAGG-1	3
NC_006614.4	15194735	15194770	AGCTATATCACCTGCT-1	2
NC_006614.4	15194760	15194991	GCAATGTTCTTAGGGT-1	1
NC_006614.4	15194764	15194924	CATAGCTAGGTTACGT-1	2
NC_006614.4	15194770	15195010	TAACCGGTCGGGATTT-1	1
NC_006614.4	15194793	15194944	GCCAATTAGGTGAAGC-1	2
NC_006614.4	15194926	15195163	CACATACAGCGAAGTA-1	1
NC_006614.4	15194952	15195349	GCTAACAGTTAGTACG-1	1
NC_006614.4	15194954	15195332	GATTGTTCATGAAATG-1	2
NC_006614.4	15195038	15195387	GGCTGTCAGCTGGCTA-1	1
NC_006614.4	15195081	15195124	GCCAGGTTCTATCGCC-1	1
NC_006614.4	15195083	15195440	CAAGGTAAGCTCGCTT-1	1
NC_006614.4	15195086	15195244	TGACTTCGTGAGCGAA-1	1
NC_006614.4	15195204	15195833	ACCCTCCCAAGCTACC-1	1
NC_006614.4	15195214	15195435	AAGCTATGTGCTGGTG-1	1
NC_006614.4	15195305	15195439	GACTTGGTCCTAACGG-1	1
NC_006614.4	15195316	15195833	TTTCTCACAACGTGCT-1	2
NC_006614.4	15195334	15195379	TCATCCATCCCTTGCG-1	1
NC_006614.4	15195388	15195562	AGAACCGCAACAGCCT-1	1
NC_006614.4	15195432	15196143	GGGTTACGTAGCCATA-1	1
NC_006614.4	15195491	15195839	CATCCTCAGGGTCCAC-1	1
NC_006614.4	15195494	15195587	CCGATGCAGAGGGACT-1	2
NC_006614.4	15195572	15195768	CCAAGGCTCCATCAGG-1	1
NC_006614.4	15195605	15195748	CCATATTTCATGGCTG-1	1
NC_006614.4	15195633	15195733	TCATGCCTCAGGTCCA-1	1
NC_006614.4	15195647	15195838	CCCGTTGTCGGTCAAT-1	1
NC_006614.4	15195659	15195763	AAGACAAGTGGACCTG-1	1
NC_006614.4	15195735	15195873	CAACTAGGTGATTACG-1	1
NC_006614.4	15195770	15195839	GATTCATCAAGGAATC-1	1
NC_006614.4	15195865	15196065	ACCATAATCGTTCACC-1	1
NC_006614.4	15195907	15196043	GGTATTTCAATTTGGT-1	1
NC_006614.4	15196043	15196463	GCAGCAACAAGTTATC-1	2
NC_006614.4	15196131	15196337	TAGCTTGCAGGCCAAA-1	1
NC_006614.4	15196293	15196443	TCCTTAGTCACGCATG-1	1
NC_006614.4	15196293	15196686	AATAGCTGTCCTCCAA-1	1
NC_006614.4	15196389	15196600	GAAACTGAGGCGCATC-1	1
NC_006614.4	15196401	15196567	CGCCTCATCCATTACT-1	1
NC_006614.4	15196417	15196489	GAACCAAAGGCTACTG-1	1
NC_006614.4	15196429	15196504	CGAAGGCCACTCAACA-1	1
NC_006614.4	15196444	15196492	TGAGGGCCATTATGCG-1	1
NC_006614.4	15196463	15196622	CGGCTCACATAATGTC-1	3
NC_006614.4	15196488	15196668	GCGTAACGTGATCAGC-1	1
NC_006614.4	15196502	15196703	TAGGAGGGTAATCGTG-1	2
NC_006614.4	15196531	15196565	GATAGACCATAGACCC-1	3
NC_006614.4	15196575	15196648	TAATCACCAAACCTTG-1	2
NC_006614.4	15196575	15196834	TCTTGACGTGCTTAGA-1	2
NC_006614.4	15196622	15196751	TCATGTTTCAGGTCCA-1	1
NC_006614.4	15196653	15196680	CGTGAGGAGGGTTAGA-1	1
NC_006614.4	15196655	15196833	GTGTAACTCTCGCCTG-1	3
NC_006614.4	15196690	15197044	TATCCAGCATGAATCT-1	1
NC_006614.4	15196723	15196901	GGCCTAATCGGGACCT-1	1
NC_006614.4	15196737	15196821	TAGGAGGGTTTCAGGA-1	1
NC_006614.4	15196741	15196847	TTAGACTCAGTAAAGC-1	1
NC_006614.4	15196743	15196815	GTCCGTAAGTTGCCTC-1	2
NC_006614.4	15196785	15197016	TACTTGTTCATTGCGG-1	1
NC_006614.4	15196848	15196893	TAATCACCAGCAACAG-1	1
NC_006614.4	15196862	15197039	TCCATCATCCTAAGTA-1	3
NC_006614.4	15196877	15197075	TTGTTGCGTATTTGCC-1	1
NC_006614.4	15196880	15197449	ACCACATAGAGGCTAA-1	2
NC_006614.4	15196887	15197055	TTGTGTGCACCTCGCT-1	1
NC_006614.4	15196898	15196932	TAAGCTATCATCACTT-1	1
NC_006614.4	15196899	15196942	AGTCTTGCATTGTCCT-1	1
NC_006614.4	15196911	15197206	AGGCTAAAGTGCTGTG-1	4
NC_006614.4	15196930	15197244	GTCATCCTCAATCATG-1	2
NC_006614.4	15196937	15196984	TGCACCTTCACTCAAA-1	1
NC_006614.4	15196937	15197134	CCTAAAGGTCGCGCAA-1	1
NC_006614.4	15196971	15197012	ATGATGGAGTTCCTCA-1	1
NC_006614.4	15196976	15197099	TAGGAGGGTTTCAGGA-1	1
NC_006614.4	15197054	15197114	GGTGTTGTCCCTGACT-1	1
NC_006614.4	15197062	15197389	TTAGGCCCAACTAGGG-1	1
NC_006614.4	15197106	15197136	ACCATTAAGGTTACAC-1	1
NC_006614.4	15197108	15197471	GACCTAGTCTCCATAT-1	1
NC_006614.4	15197109	15197153	AAGTAGCCAATACTGT-1	1
NC_006614.4	15197139	15197196	GGCGGTTTCTCAATGA-1	1
NC_006614.4	15197141	15197720	GGAACTAAGCTATTAG-1	1
NC_006614.4	15197147	15197303	CCACACAAGATAACCC-1	1
NC_006614.4	15197153	15197207	AAGTGTTGTGGCTTCC-1	1
NC_006614.4	15197173	15197410	TAGGAGGGTTTCAGGA-1	1
NC_006614.4	15197183	15197768	TCTAACTTCGACAAAG-1	1
NC_006614.4	15197198	15197284	AGCGGATAGTTAGTGC-1	1
NC_006614.4	15197204	15197361	TTTACGAAGTCGCTAG-1	1
NC_006614.4	15197206	15197365	TGACTTCGTTAAATGC-1	1
NC_006614.4	15197244	15197385	CACTAAGGTGGTGAGA-1	1
NC_006614.4	15197284	15197446	TCCATCATCATTGTTC-1	1
NC_006614.4	15197369	15197476	TTGTGCGAGGACTAAG-1	2
NC_006614.4	15197396	15197541	CAAGTAACACTAGCGT-1	1
NC_006614.4	15197396	15197583	TCGACAAGTTCTTTAG-1	1
NC_006614.4	15197401	15197602	GGCATGGAGTAGGCGG-1	1
NC_006614.4	15197421	15197572	TACTGACAGTGTTGTA-1	2
NC_006614.4	15197453	15197685	TGGTGCATCGTTTCGC-1	1
NC_006614.4	15197464	15197636	TACGGATTCAATAGCC-1	2
NC_006614.4	15197475	15197849	TTATGACCAACCTGGT-1	1
NC_006614.4	15197494	15197990	ATTATCCTCCCTGTTA-1	3
NC_006614.4	15197501	15197577	AGGTCCGGTAGGTTGC-1	1
NC_006614.4	15197505	15198093	CGTTTCTCACCCACAG-1	1
NC_006614.4	15197513	15197602	TCGACAAGTGTTGCTT-1	2
NC_006614.4	15197572	15197642	AGTTACATCGTGCCTT-1	2
NC_006614.4	15197584	15197691	GGCCTAATCATAACTG-1	1
NC_006614.4	15197591	15198091	ATTGCTCGTTGGTTAG-1	1
NC_006614.4	15197632	15197700	AGAACCAAGCAAGACA-1	1
NC_006614.4	15197678	15197754	ACGCCTAAGTTCCCAC-1	1
NC_006614.4	15197680	15197722	TTTGCGACATCATGGC-1	1
NC_006614.4	15197701	15197894	CACATACAGTAGCCAT-1	1
NC_006614.4	15197708	15197893	AAGTGTTGTATGGTGC-1	1
NC_006614.4	15197729	15197802	GGTGAGCCAAACCCTA-1	1
NC_006614.4	15197729	15197802	GTAGTTATCATGCTTT-1	1
NC_006614.4	15197754	15198262	CCGCTAGCAAAGCGCA-1	1
NC_006614.4	15197762	15198473	CTAATCGCAAGCTAAA-1	1
NC_006614.4	15197770	15198057	AAAGCGGGTTTGGGTA-1	4
NC_006614.4	15197821	15197856	AACATAGCATAGTCAT-1	1
NC_006614.4	15197821	15198028	ATTCAACCACTAGGTC-1	4
NC_006614.4	15197821	15198198	TATATCCTCGGGACCT-1	1
NC_006614.4	15197828	15197944	ATGGTCTAGGAAACTG-1	1
NC_006614.4	15197833	15197960	GTAGTTATCATGCTTT-1	1
NC_006614.4	15197835	15197894	TGTGCGGGTTCCAGGG-1	2
NC_006614.4	15197837	15197901	GCACCTAAGCCGCAAC-1	1
NC_006614.4	15197838	15197872	AGATGAAGTTCACTGT-1	4
NC_006614.4	15197838	15198005	GTAAGCAAGTTATGGC-1	2
NC_006614.4	15197840	15198028	GGGTCAACAGGAAGCC-1	1
NC_006614.4	15197856	15198061	TGGTTAATCAGCTAAC-1	4
NC_006614.4	15197870	15197990	GGGTTACGTGCATTAG-1	1
NC_006614.4	15197872	15197914	AGTTGGCGTAGGTTTG-1	1
NC_006614.4	15197889	15197925	GGTATGTTCGGGACTC-1	1
NC_006614.4	15197894	15197955	GTAAGCTTCCCATAGG-1	1
NC_006614.4	15197894	15197963	CGGAATCGTGGATTAT-1	1
NC_006614.4	15197894	15198065	AAAGGAGCAGTTATGT-1	1
NC_006614.4	15197894	15198206	CCAAACTAGTTAGTGC-1	3
NC_006614.4	15197909	15197963	GCTCATTGTGAGCGAA-1	1
NC_006614.4	15197909	15198242	TCATTGTTCGTTATCT-1	1
NC_006614.4	15197914	15197955	CAAAGTGAGCATTTCT-1	3
NC_006614.4	15197914	15198029	CTCTATGTCTTTAGGA-1	1
NC_006614.4	15197939	15197996	TCTTAGTTCTCACATT-1	1
NC_006614.4	15197961	15198015	TACAACATCTGGCAAT-1	1
NC_006614.4	15197963	15198196	GAGCCTTCACCTGCCT-1	1
NC_006614.4	15197989	15198237	AAGCTATGTCCCGAAG-1	1
NC_006614.4	15197990	15198059	TTACACCGTATTGGAT-1	1
NC_006614.4	15198018	15198089	CTTAATGAGAGAAGGG-1	1
NC_006614.4	15198024	15198075	GCAGGTGAGTCATTTC-1	1
NC_006614.4	15198089	15198492	CGTTAGTAGACACCGC-1	1
NC_006614.4	15198175	15198216	GTCTATCGTGTGCACG-1	3
NC_006614.4	15198175	15198753	ATCTTTGGTTAGGATT-1	1
NC_006614.4	15198236	15198480	CTAGGACGTGGGTACT-1	3
NC_006614.4	15198237	15198314	TATTTGCTCCTGATTT-1	1
NC_006614.4	15198249	15198289	CCTTCAATCATGCAAC-1	1
NC_006614.4	15198276	15198431	AAGTTTGTCGATTTGA-1	1
NC_006614.4	15198281	15198620	GCGCTAGGTGTTTGCT-1	1
NC_006614.4	15198283	15198663	TGTTATGAGCTGTACG-1	1
NC_006614.4	15198332	15198389	GTAAGCGCAGCATGTC-1	1
NC_006614.4	15198339	15198494	CGTTTCTCACCCACAG-1	2
NC_006614.4	15198379	15198421	TCTTGACGTGCTTAGA-1	2
NC_006614.4	15198407	15198472	CCAGCTGCAGCTTAGC-1	1
NC_006614.4	15198494	15198541	AAACCAACATTGGGAG-1	3
NC_006614.4	15198510	15198548	CCTTCGTAGGACCTGC-1	1
NC_006614.4	15198511	15198700	CAGCATGTCCAATAGC-1	3
NC_006614.4	15198530	15198581	GTAAGCGCAGCATGTC-1	1
NC_006614.4	15198555	15198599	CTGTTCATCCCTGTTA-1	1
NC_006614.4	15198568	15198620	GTATGTTCATCCGTAA-1	1
NC_006614.4	15198576	15198707	TCCTCTAAGTAGCTTA-1	1
NC_006614.4	15198599	15198716	GCTTACCTCCTTCTAG-1	1
NC_006614.4	15198612	15199014	AAGCTAGAGGATTGCT-1	1
NC_006614.4	15198614	15198960	TAGGGTTTCCGTTATT-1	1
NC_006614.4	15198620	15198792	AACCTCCTCAATGAGG-1	4
NC_006614.4	15198626	15198678	GCCCATAAGCTGGACC-1	1
NC_006614.4	15198638	15198679	ACCCAGGGTCATGAGC-1	1
NC_006614.4	15198663	15198770	AACGGTAAGTCATGCG-1	2
NC_006614.4	15198665	15198735	AGGATGTCAGAAACGT-1	1
NC_006614.4	15198678	15198967	GAGCCTTCAGCATGGA-1	1
NC_006614.4	15198698	15198880	GCAGGTTGTCCTTTAA-1	2
NC_006614.4	15198716	15198761	CCGCTTAGTGTCCAAA-1	3
NC_006614.4	15198724	15198893	CATCATGCATTTGCTC-1	1
NC_006614.4	15198761	15198862	CGTAGTTAGGGCTTTG-1	1
NC_006614.4	15198766	15198950	GCTTGACCAAGGTCCT-1	1
NC_006614.4	15198783	15198950	CATGCATAGACAGGCG-1	2
NC_006614.4	15198793	15198985	CGCATATAGACTAAGG-1	2
NC_006614.4	15198830	15198955	GCAGGTTGTTAGGCTA-1	1
NC_006614.4	15198842	15198887	AAATGCCTCATTACGA-1	1
NC_006614.4	15198842	15199001	GACCTGATCACGCATG-1	2
NC_006614.4	15198851	15198980	GGATTGCGTTCACCCA-1	1
NC_006614.4	15198862	15198909	CTCCCTGAGAAAGGAA-1	3
NC_006614.4	15198862	15199056	TTGTAAGTCTCGACCT-1	3
NC_006614.4	15198864	15198922	AGCGTGCTCATTTGTC-1	1
NC_006614.4	15198888	15199034	CAAACGCGTACGGTAC-1	2
NC_006614.4	15198888	15199304	GACCTAAGTAATGGCC-1	1
NC_006614.4	15198893	15198960	CATTGCGAGGTCGAGG-1	1
NC_006614.4	15198894	15198950	ACTTTGTTCACTAGGT-1	1
NC_006614.4	15198900	15199015	CCGCTAGCAAAGCGCA-1	1
NC_006614.4	15198909	15198967	TGAGCAAAGGCGAAAC-1	1
NC_006614.4	15198950	15199095	GTGTAACTCTCGCCTG-1	2
NC_006614.4	15198966	15199526	ATCACCCTCGATCAGT-1	1
NC_006614.4	15198982	15199521	CGGTGAGAGGTGAAGC-1	3
NC_006614.4	15198988	15199243	CACTAGCCAAGGTGGC-1	1
NC_006614.4	15198996	15199027	CTATGGCCACAGCCAT-1	1
NC_006614.4	15199000	15199056	GGATTGCGTTCACCCA-1	2
NC_006614.4	15199016	15199049	ACGCTTGAGGGTGGAT-1	1
NC_006614.4	15199016	15199385	GTGCTTCTCCTCACTA-1	1
NC_006614.4	15199030	15199240	TTTGACCGTGATCATG-1	1
NC_006614.4	15199052	15199668	GTGCAAGCACCATATG-1	1
NC_006614.4	15199057	15199172	TTTGTCCCACTAGCGT-1	1
NC_006614.4	15199087	15199231	TGAGGCACATGGTTAT-1	3
NC_006614.4	15199230	15199387	GAAACCCGTGGGTACT-1	1
NC_006614.4	15199237	15199654	AACGGTAAGTCATGCG-1	2
NC_006614.4	15199277	15199359	TCTTGACGTGCTTAGA-1	1
NC_006614.4	15199336	15199486	TGAACAGAGCACTAGT-1	1
NC_006614.4	15199357	15199501	GCTGACCAGCCACAAT-1	1
NC_006614.4	15199357	15199729	TATCGCGAGTCGCTAG-1	1
NC_006614.4	15199390	15199452	AACATTGTCTCACATT-1	1
NC_006614.4	15199395	15199432	CCCAGTTTCGAAGTAG-1	1
NC_006614.4	15199396	15199453	CCTGTAACAGCAAATA-1	1
NC_006614.4	15199411	15199513	TGAGGAGGTAAGGTTT-1	1
NC_006614.4	15199443	15199469	GGCATTAGTTATAGCG-1	1
NC_006614.4	15199487	15199668	TAAGCTATCCAAATCA-1	3
NC_006614.4	15199491	15199785	CACTAAGGTCGAAGTC-1	1
NC_006614.4	15199503	15199567	ACTCCTCAGCATCCAG-1	2
NC_006614.4	15199507	15199809	TGCACCTTCTAACTGA-1	1
NC_006614.4	15199511	15199538	TGATGACTCCATAAGC-1	1
NC_006614.4	15199511	15199567	TCCTAGTGTGACATAT-1	4
NC_006614.4	15199523	15199853	CGGGCTTAGGTAAGGC-1	1
NC_006614.4	15199527	15199642	ACAAAGGTCCACCTGT-1	1
NC_006614.4	15199538	15199848	ATGCAAACACACAATT-1	1
NC_006614.4	15199548	15199699	GAGTTACTCTTGACCC-1	3
NC_006614.4	15199590	15200147	CGATCCTTCTGGCATG-1	1
NC_006614.4	15199640	15199798	AGTTGTCAGGCCCAGT-1	1
NC_006614.4	15199668	15199947	GTGCAAGCACCATATG-1	2
NC_006614.4	15199690	15200135	GAGGTACAGTAACTCA-1	1
NC_006614.4	15199699	15200194	ATGTTTGAGCTGGCTA-1	2
NC_006614.4	15199719	15199899	CTTGTAAAGGAGGGTT-1	1
NC_006614.4	15199742	15199969	CTAATAGTCAAATCGC-1	1
NC_006614.4	15199749	15200238	AACTGTTCAGGTTACC-1	2
NC_006614.4	15199757	15199793	CCTGAATAGTAGCCAT-1	1
NC_006614.4	15199757	15199834	TGATTAGTCTTGTCCA-1	2
NC_006614.4	15199757	15199853	CTATGACAGTTTAACG-1	1
NC_006614.4	15199769	15199915	GTCAGGCTCTCGCCCA-1	3
NC_006614.4	15199809	15199893	CTTTGTCCACCTGGTG-1	1
NC_006614.4	15199811	15199886	GAAGTCAAGGTCGAGG-1	1
NC_006614.4	15199824	15199870	GTAAGCGCAAGTAAGC-1	2
NC_006614.4	15199824	15199901	TCTAACCGTAATGGCC-1	1
NC_006614.4	15199833	15200012	ATTATCCTCAGTATTG-1	1
NC_006614.4	15199838	15200171	AAATCCGGTCCACAAA-1	1
NC_006614.4	15199859	15200066	TGCACCTTCTTGTCCA-1	1
NC_006614.4	15199863	15200130	CTAATAGTCAAATCGC-1	1
NC_006614.4	15199876	15199924	GTCTATCGTTATCCTA-1	1
NC_006614.4	15199901	15199940	TTGGATTCAGCAGGTA-1	1
NC_006614.4	15199947	15200275	CGGCTAATCGCTAAGT-1	2
NC_006614.4	15199956	15200322	AGTTGCGTCATGCTTT-1	1
NC_006614.4	15199961	15200058	AAGTGAAGTCGCATAA-1	3
NC_006614.4	15199966	15200174	ACTTACTTCCTCATCA-1	1
NC_006614.4	15199967	15200192	GAGGTAGGTAGGATTT-1	1
NC_006614.4	15200036	15200273	TGATTCAAGTGGCGGA-1	1
NC_006614.4	15200046	15200256	GCCAACATCTGTTGCC-1	1
NC_006614.4	15200057	15200251	CGATGTCCATGTCAGC-1	2
NC_006614.4	15200072	15200147	TCGTCAACAATGAGGT-1	1
NC_006614.4	15200072	15200152	GTTTGTCGTAATCGCA-1	3
NC_006614.4	15200081	15200147	TTGGCTTGTGTGTCCC-1	1
NC_006614.4	15200098	15200271	TTGTCCGGTACTTCAC-1	1
NC_006614.4	15200123	15200187	GTACTTAAGTTAGAGG-1	2
NC_006614.4	15200124	15200173	GGTTACCCAAACTGTT-1	1
NC_006614.4	15200130	15200173	TATAACCCATGTCAAT-1	1
NC_006614.4	15200130	15200193	TTTCGTCCACAATTAC-1	2
NC_006614.4	15200135	15200239	GGCATGGAGTAGGCGG-1	1
NC_006614.4	15200136	15200238	GCGCAAACAAGGACCA-1	1
NC_006614.4	15200137	15200186	GTGCTTACATCTTGAG-1	2
NC_006614.4	15200140	15200261	TGAACAACAAAGGCCA-1	1
NC_006614.4	15200142	15200241	CTAGTGAGTGAGGTGA-1	1
NC_006614.4	15200149	15200295	GTACGTAGTTCCTGAT-1	1
NC_006614.4	15200152	15200251	TGAGGAGGTTCGCTTG-1	1
NC_006614.4	15200152	15200270	TTGTAAGTCTCGACCT-1	1
NC_006614.4	15200154	15200317	GAAGCCTGTCATAACG-1	1
NC_006614.4	15200165	15200328	GTTCACCTCCCTCACG-1	1
NC_006614.4	15200166	15200228	CAATGACTCTAAGTCA-1	3
NC_006614.4	15200166	15200245	TGTTGTAAGGCGAATA-1	2
NC_006614.4	15200171	15200198	ATCACAATCGCAGGCT-1	1
NC_006614.4	15200173	15200233	GCACCTAAGCCTGACA-1	1
NC_006614.4	15200173	15200251	CAAGTAACACTAGCGT-1	2
NC_006614.4	15200173	15200273	CAGGGCTTCTAGCGTG-1	2
NC_006614.4	15200173	15200593	CTAATAGTCTGTTGCC-1	3
NC_006614.4	15200179	15200231	GAGTGAGGTCAACAAT-1	1
NC_006614.4	15200186	15200231	CGTAACCCACCTGTAA-1	2
NC_006614.4	15200193	15200246	GGAGGTTAGACTTACA-1	1
NC_006614.4	15200193	15200285	TGTGTGAGTACGCGCA-1	1
NC_006614.4	15200193	15200287	TACTGGCCAGCATGAG-1	1
NC_006614.4	15200194	15200256	GGTTGCTCAATAATGG-1	1
NC_006614.4	15200198	15200251	TGTATCGCAGCCAGTT-1	1
NC_006614.4	15200203	15200251	ATGAAGCCATGAGCAG-1	1
NC_006614.4	15200204	15200328	AACTGTTCAAGTCGCT-1	1
NC_006614.4	15200211	15200331	TCCTAGTGTATTGGAT-1	1
NC_006614.4	15200220	15200281	GGCGGTTTCGAGGTGG-1	1
NC_006614.4	15200231	15200324	GATTCAATCCCTGATC-1	1
NC_006614.4	15200231	15200337	AACCTCCTCAATGACC-1	4
NC_006614.4	15200231	15200575	CTACAACAGATGCCTG-1	2
NC_006614.4	15200236	15200337	AACCTCCTCCGGCTAA-1	1
NC_006614.4	15200236	15200680	TAATCACCAGCACCAT-1	2
NC_006614.4	15200238	15200269	TCCTTCAAGAAGCTAG-1	1
NC_006614.4	15200238	15200458	AACTGTTCAGGTTACC-1	1
NC_006614.4	15200241	15200274	GTACTAATCAGCACCA-1	1
NC_006614.4	15200241	15200285	CATGCGGGTGATGATT-1	2
NC_006614.4	15200241	15200307	TGAGCCGGTTGTAACG-1	3
NC_006614.4	15200241	15200318	GCTGTGCAGGTGCGGA-1	2
NC_006614.4	15200241	15200383	ACCTGGTCAAACTAAG-1	1
NC_006614.4	15200241	15200670	GGGTGAAGTAATAGCT-1	1
NC_006614.4	15200245	15200329	ATTTGTGAGAATCGCT-1	3
NC_006614.4	15200245	15200331	GGGTGTTGTAGACAAA-1	2
NC_006614.4	15200245	15200625	GTTGCCCGTCCTCCAA-1	1
NC_006614.4	15200246	15200293	ATGTAAGCAGCATGGA-1	1
NC_006614.4	15200251	15200288	CGATTATCACGTTACA-1	1
NC_006614.4	15200251	15200290	ACGAAGTCAATCTCTC-1	1
NC_006614.4	15200251	15200297	GAGTGTTTCATTATGG-1	1
NC_006614.4	15200251	15200302	CTATTGAAGTAATCCA-1	1
NC_006614.4	15200251	15200322	AAGGTCAAGTAACGAG-1	1
NC_006614.4	15200251	15200322	CGGTTCCGTTTACGTC-1	1
NC_006614.4	15200251	15200328	GAGCTTAGTGTTCCCA-1	2
NC_006614.4	15200251	15200329	CGTCATTGTCAAGTGC-1	3
NC_006614.4	15200251	15200336	GTTGGAGCACAATGCC-1	1
NC_006614.4	15200251	15200376	CCTCCTCTCATAACGC-1	2
NC_006614.4	15200251	15200511	TTGAGGCGTGAGAAAC-1	1
NC_006614.4	15200251	15200842	TAGCTAATCAGGTCCA-1	1
NC_006614.4	15200253	15200323	AAAGGAGCAAGCGAGC-1	1
NC_006614.4	15200256	15200295	TACCTCATCGGTTAGT-1	1
NC_006614.4	15200256	15200331	CAGGTGGAGGCAACAA-1	1
NC_006614.4	15200256	15200593	ACTTGTCGTCGTAAAT-1	1
NC_006614.4	15200261	15200312	CATCGCTTCCAATAGC-1	1
NC_006614.4	15200266	15200600	TACTCAAAGCTTTGGG-1	2
NC_006614.4	15200280	15200336	ACAGTATGTTGGTGAC-1	1
NC_006614.4	15200290	15200339	GGCGTTATCTTGGACG-1	1
NC_006614.4	15200298	15200373	GAACCTGTCACGCGGT-1	2
NC_006614.4	15200312	15200786	AGGAGCTAGTGAACGA-1	2
NC_006614.4	15200322	15200376	TCAGTAATCACGTTAA-1	1
NC_006614.4	15200322	15200645	AAGGTCAAGTAACGAG-1	1
NC_006614.4	15200322	15200754	GGCTAGACAAAGGTAC-1	2
NC_006614.4	15200328	15200577	CATAATGTCTCCATGC-1	1
NC_006614.4	15200328	15200632	AGACCCGGTGCGCATG-1	2
NC_006614.4	15200331	15200376	AATCATGTCTTGATGA-1	1
NC_006614.4	15200331	15200382	GGTATTTCAGGCATGA-1	1
NC_006614.4	15200331	15200570	TCCTTGCAGGTGTCCA-1	2
NC_006614.4	15200344	15200577	GGTTGCTCATAATCGT-1	1
NC_006614.4	15200373	15200608	TCATTGTTCGCTAAAC-1	2
NC_006614.4	15200376	15200634	CTTTGTCCACCTGGTG-1	1
NC_006614.4	15200376	15200659	TTGTCAAAGTGAGCGG-1	2
NC_006614.4	15200376	15200992	AGCTTCCTCCTAAATG-1	1
NC_006614.4	15200378	15200577	ACACTAGGTTTCCTCC-1	1
NC_006614.4	15200381	15200633	AGCAACAAGCTGCACA-1	1
NC_006614.4	15200437	15200587	TGACTCCTCCTGAATA-1	1
NC_006614.4	15200443	15200508	CATGCGCAGTAACCCG-1	2
NC_006614.4	15200478	15200652	AGGTGAGGTGTTTGTC-1	2
NC_006614.4	15200513	15200866	GGAAGCTAGGTCCTAG-1	1
NC_006614.4	15200537	15200792	GCTAATATCGGCCAGT-1	2
NC_006614.4	15200560	15200595	CAACTAGGTTGGTTGA-1	2
NC_006614.4	15200570	15200659	TGAACAGAGGGCTAAA-1	1
NC_006614.4	15200577	15200640	CACGCAATCTCCTCTT-1	1
NC_006614.4	15200577	15200724	CAGGGTGAGTGCACGC-1	1
NC_006614.4	15200588	15201097	CGGACCTAGTCTGGGC-1	1
NC_006614.4	15200593	15200659	CCCATAACAGAAATTG-1	2
NC_006614.4	15200593	15201046	CCAACATAGCCGGTAC-1	1
NC_006614.4	15200600	15200659	CTTGTCCAGCGAGGTG-1	1
NC_006614.4	15200615	15200680	TGCTTCCAGCGATACT-1	2
NC_006614.4	15200617	15200837	CGTTAAATCCCGAACA-1	1
NC_006614.4	15200625	15200685	GGTAACTTCAATGACC-1	1
NC_006614.4	15200628	15200695	TAATGGTGTTAGCCAA-1	1
NC_006614.4	15200628	15200826	AATCCGTAGTCAGTAC-1	1
NC_006614.4	15200633	15200791	TTGTTGTTCCGCTAGA-1	1
NC_006614.4	15200637	15200804	GAGTTTGGTAATCGCA-1	1
NC_006614.4	15200646	15200861	GTTCATTTCTTAATGG-1	2
NC_006614.4	15200659	15200905	AGCACTTAGAGAGGAG-1	4
NC_006614.4	15200680	15200866	ATATAGGCACCTGTAA-1	1
NC_006614.4	15200695	15200905	GGGTGTTGTAGACAAA-1	1
NC_006614.4	15200775	15200996	TCATTTGGTTCCGGGA-1	1
NC_006614.4	15200784	15200811	TTTGTCTAGCTATATG-1	1
NC_006614.4	15200802	15201139	CCGCTAGCAAAGCGCA-1	1
NC_006614.4	15200812	15200871	GCTGACCAGGTCGATT-1	1
NC_006614.4	15200812	15200990	CTTCAATTCCTAAGAC-1	4
NC_006614.4	15200817	15201014	CAAGGTAAGGTCCACA-1	1
NC_006614.4	15200833	15200884	CCCAACCGTCCGCTGT-1	2
NC_006614.4	15200833	15201111	AACGGTAAGTCATGCG-1	1
NC_006614.4	15200834	15200905	GCTGATCCATGCATAT-1	1
NC_006614.4	15200839	15200911	TAGGCTGTCGCTCACT-1	1
NC_006614.4	15200842	15201688	TGACTTCGTGTCCAAA-1	1
NC_006614.4	15200844	15200906	TAGCCTGAGGCGTAAA-1	1
NC_006614.4	15200871	15201014	GGTCCGTAGTTGCGTG-1	1
NC_006614.4	15200871	15201014	TCATAACCACAAAGGT-1	1
NC_006614.4	15200896	15200963	TTTCTTGCAGTTATGT-1	2
NC_006614.4	15200902	15201043	TCATGCCTCGCCTAAG-1	1
NC_006614.4	15200983	15201019	CTAAGTCAGTACCGCA-1	1
NC_006614.4	15200984	15201139	ATTTGCAAGAAAGGAA-1	1
NC_006614.4	15201014	15201129	GTTTGTCGTAATCGCA-1	3
NC_006614.4	15201046	15201248	GTCAATATCGATTTGA-1	3
NC_006614.4	15201054	15201082	GAGGTACAGGTTACGT-1	2
NC_006614.4	15201086	15201451	TTGTAAGTCTCGACCT-1	1
NC_006614.4	15201087	15201298	TCCGGTTTCATAACGC-1	1
NC_006614.4	15201091	15201452	TGCTTCATCTGTGAGT-1	1
NC_006614.4	15201096	15201182	GGCTGTCAGCTTAACA-1	1
NC_006614.4	15201111	15201129	ACCCAGGGTCAGTAAT-1	1
NC_006614.4	15201129	15201161	AACGGTAAGTCATGCG-1	3
NC_006614.4	15201129	15201236	TTGGATCAGGCTAAGA-1	1
NC_006614.4	15201242	15201298	GATTGCGTCCTGTTCA-1	1
NC_006614.4	15201246	15201298	TTAGCTGCAATCATGT-1	1
NC_006614.4	15201272	15201381	GTACTAGGTTAGGTTG-1	1
NC_006614.4	15201274	15201328	GAGTGATCATGTCGCG-1	1
NC_006614.4	15201275	15201316	TAGCGGCTCTTGGATA-1	2
NC_006614.4	15201297	15201507	GGGCTAACACGGTTTA-1	3
NC_006614.4	15201308	15201521	TTGGAGGCAATCCCTT-1	1
NC_006614.4	15201309	15201441	TATTTGCTCCACCTGT-1	1
NC_006614.4	15201326	15201413	TTAGCTGCAATCATGT-1	1
NC_006614.4	15201329	15201514	TATTAGGTCGTAATCA-1	1
NC_006614.4	15201374	15201456	GGGTGTTGTCTTTGAC-1	1
NC_006614.4	15201446	15201586	AGAAACCCAAGTCGCT-1	3
NC_006614.4	15201464	15201574	GCGCAATGTGTAACCA-1	3
NC_006614.4	15201468	15201536	GCGTTTCTCCCTCTAA-1	1
NC_006614.4	15201485	15201735	CCTGTAACAGCAAATA-1	2
NC_006614.4	15201488	15201595	CAGGGCTTCAATGTCA-1	1
NC_006614.4	15201531	15201701	TCTAGCACATCCTAGA-1	1
NC_006614.4	15201536	15201633	GCGTTTCTCCCTCTAA-1	1
NC_006614.4	15201537	15201893	GTGTAACTCATTAGGC-1	1
NC_006614.4	15201555	15201633	AGGTCAAAGGAATAAC-1	1
NC_006614.4	15201561	15201699	AAGTGCAAGAGAGCCG-1	2
NC_006614.4	15201563	15201608	CAAGTAACACTAGCGT-1	1
NC_006614.4	15201568	15201720	TAGCCGGGTCACTCGC-1	1
NC_006614.4	15201574	15201735	TAGGTTATCGGTCAGC-1	3
NC_006614.4	15201655	15201849	AACGGTAAGTAACTCA-1	1
NC_006614.4	15201725	15201918	CTGATCACATTGACAT-1	3
NC_006614.4	15201755	15202327	AATGAAGGTCACAGCG-1	2
NC_006614.4	15201768	15202278	GGTACTTAGCAACATC-1	1
NC_006614.4	15201828	15201977	ACAGGAATCGGGCCAT-1	1
NC_006614.4	15201859	15202236	AAGGATTAGTAAGAAC-1	1
NC_006614.4	15201879	15201981	CAACAATGTCTATCGT-1	2
NC_006614.4	15201879	15202016	ACCAAGCGTAACGAGG-1	1
NC_006614.4	15201886	15201964	TCTAATCTCTTTGAGA-1	1
NC_006614.4	15201893	15201970	GTGTAACTCATTAGGC-1	2
NC_006614.4	15201906	15202137	GGATGAATCAAGTGAG-1	1
NC_006614.4	15201920	15202132	ATTACCCGTTTAACGG-1	2
NC_006614.4	15201929	15201979	GTGCGGTTCAGCTAAC-1	1
NC_006614.4	15201939	15202001	GCTCATTGTTTATCGC-1	1
NC_006614.4	15201964	15202220	GTTGGCGGTTTACCGT-1	1
NC_006614.4	15202021	15202209	TCCGGTTTCGCCTAAG-1	3
NC_006614.4	15202024	15202173	CCCGTAAAGCTGCACA-1	1
NC_006614.4	15202028	15202237	CGTGCTTTCTCGCCTG-1	1
NC_006614.4	15202079	15202246	GCTTAAATCTGTTGCC-1	1
NC_006614.4	15202125	15202229	TGAGGGAGTGTCCAAA-1	1
NC_006614.4	15202130	15202308	ATGTTGTCACATAACT-1	1
NC_006614.4	15202193	15202484	GCAGCTATCTCAATGA-1	1
NC_006614.4	15202218	15202271	GTGAGCGAGCCGCAGT-1	2
NC_006614.4	15202246	15202323	CGGGCTTAGTACTGGT-1	1
NC_006614.4	15202252	15202326	CTCCCTGAGGCACAGG-1	3
NC_006614.4	15202252	15202437	ACACCTTGTAACCTAG-1	1
NC_006614.4	15202263	15202293	GGGAATATCAACCAAC-1	1
NC_006614.4	15202263	15202446	GTATGTTCAGTAAAGC-1	1
NC_006614.4	15202290	15202446	CGCTTGCGTCTCAGCC-1	1
NC_006614.4	15202323	15202401	TCCTCACAGGTTAGAG-1	1
NC_006614.4	15202326	15202379	GGCTTAAGTTTGCGCC-1	1
NC_006614.4	15202346	15202690	TCACCTCAGGAACGGT-1	2
NC_006614.4	15202390	15202432	AGAACAAGTTTAACGG-1	3
NC_006614.4	15202400	15202435	TACCGTTGTTTGGCTT-1	1
NC_006614.4	15202417	15202463	TGTAAAGCACTGGCCA-1	1
NC_006614.4	15202447	15202886	GAAACTGAGCAAGATG-1	2
NC_006614.4	15202495	15202568	TGTCATAAGTTCCTGC-1	1
NC_006614.4	15202502	15202605	GAGTTTGGTTTAACCC-1	1
NC_006614.4	15202521	15202552	TGGAACAAGGAAGTAT-1	1
NC_006614.4	15202528	15202562	TGATGATGTTGCGGAT-1	1
NC_006614.4	15202552	15202598	ATAACGACAGCAAGAT-1	1
NC_006614.4	15202562	15202595	AACTAGCTCTTGCAGG-1	1
NC_006614.4	15202562	15202598	CGTTAGTAGATTGAGG-1	1
NC_006614.4	15202572	15202607	TTGGGCGGTTGGTTCT-1	1
NC_006614.4	15202608	15202710	TACCTGCTCTAGCTAA-1	3
NC_006614.4	15202661	15202729	TGAGTTTCAGCTTACA-1	1
NC_006614.4	15202674	15202894	CTTGCGCGTTTGTCTA-1	2
NC_006614.4	15202693	15202754	CAGGAAGGTGTTGCTT-1	1
NC_006614.4	15202721	15202776	TCTTGACGTGCTTAGA-1	1
NC_006614.4	15202726	15202906	AAGCCACGTCCTTTAA-1	1
NC_006614.4	15202737	15202867	GTCCAAGTCGATTCTT-1	1
NC_006614.4	15202857	15202912	ACACTTGCAGTCTAAT-1	1
NC_006614.4	15202872	15203006	TAGTAACGTGATGATT-1	1
NC_006614.4	15202877	15203173	GGCTGTCAGCTTAACA-1	1
NC_006614.4	15202894	15203024	CCATAATCAGTACCGT-1	2
NC_006614.4	15202943	15203072	TGGTTCTGTGCAACTA-1	1
NC_006614.4	15202953	15203013	CCGTTTGGTGTCCAGG-1	1
NC_006614.4	15202974	15203038	ACCTTCATCCCGAACA-1	1
NC_006614.4	15202974	15203240	CACGCAATCGCAACAT-1	1
NC_006614.4	15202997	15203034	GAGTTTGGTGTTGCAA-1	1
NC_006614.4	15203001	15203074	TAGTACGGTGCATTAG-1	1
NC_006614.4	15203023	15203060	GTTCACCTCCGGTATG-1	1
NC_006614.4	15203023	15203149	AGTAGGATCGCTATGG-1	2
NC_006614.4	15203031	15203496	AGGTCCGGTTAGTTGG-1	2
NC_006614.4	15203087	15203286	ATCGCCCGTGGGTACT-1	1
NC_006614.4	15203087	15203288	ATCGCCCGTGGGTACT-1	3
NC_006614.4	15203108	15203144	TCGCATTGTTTACCGT-1	2
NC_006614.4	15203143	15203280	CCTGAGTCAAGGTGCA-1	1
NC_006614.4	15203238	15203379	CCAATATCAATGCGCT-1	3
NC_006614.4	15203246	15203398	TGACTTAAGGACTTAC-1	1
NC_006614.4	15203256	15203571	TACCTGCTCTAGCTAA-1	1
NC_006614.4	15203284	15203433	ATGAAGCCAACTCGCG-1	1
NC_006614.4	15203302	15203497	GGGCATTGTTGGTTCT-1	1
NC_006614.4	15203355	15203735	CTAATAGTCCCGCCTA-1	1
NC_006614.4	15203360	15203398	TATTAGGTCGTAATCA-1	1
NC_006614.4	15203362	15203433	CTAACCACAACTAGAA-1	1
NC_006614.4	15203379	15203519	CTCGTTATCAAGTGTC-1	1
NC_006614.4	15203415	15203458	GAGGTGAGTTAATGAC-1	1
NC_006614.4	15203417	15203548	GCCTGCTGTTAACACG-1	1
NC_006614.4	15203425	15203745	ATTCAACCAGTACCGT-1	2
NC_006614.4	15203433	15203651	GTTACCTGTGTTTGCT-1	1
NC_006614.4	15203458	15203513	TTATTGCTCTTGCTAT-1	1
NC_006614.4	15203459	15203542	TGGTTCCTCGATAACC-1	1
NC_006614.4	15203514	15203664	TGTGGAGCAAACCCTA-1	2
NC_006614.4	15203542	15204178	CGTGAGGAGGATGATG-1	1
NC_006614.4	15203554	15203858	TTTGTGGCAACTCGCG-1	2
NC_006614.4	15203555	15203596	TGTTGCACACGAATTT-1	1
NC_006614.4	15203561	15203722	GCTTCGCGTTAACAGT-1	1
NC_006614.4	15203567	15203781	GGTTTCCTCTTAGGGT-1	1
NC_006614.4	15203576	15203868	GATGAGGGTTGCGGAT-1	2
NC_006614.4	15203613	15203786	TATTTGGAGCTCATAA-1	2
NC_006614.4	15203684	15203761	TGACTTAAGGCCTTAG-1	3
NC_006614.4	15203732	15203767	AAGCTATGTGGATGTC-1	1
NC_006614.4	15203740	15203858	TGTTCATTCAAGCTTA-1	2
NC_006614.4	15203776	15204359	AAGCTATGTCCCGAAG-1	1
NC_006614.4	15203781	15203823	CTAGGACGTTCACCAT-1	1
NC_006614.4	15203786	15203827	CCATTATTCGACCTGA-1	1
NC_006614.4	15203788	15204047	ATTTAGGTCCCGCCTA-1	1
NC_006614.4	15203827	15203943	AGTGTGGCATTGGGAG-1	1
NC_006614.4	15203832	15203890	GAGTTACTCCAAATCA-1	1
NC_006614.4	15203868	15204186	TAAGTGCTCCCTCGCA-1	1
NC_006614.4	15203890	15204257	CGTACGGGTTAAGCCA-1	1
NC_006614.4	15203910	15204553	CAACCCTTCTAAGGAG-1	2
NC_006614.4	15203924	15204033	TTAGCTGCAATCATGT-1	1
NC_006614.4	15203932	15204102	TAGCAGGCATCACAGC-1	3
NC_006614.4	15203936	15204145	CAAGTAACACTAGCGT-1	1
NC_006614.4	15203949	15204159	ACAAACTGTTCGGGAT-1	1
NC_006614.4	15203961	15203998	GGTCCGTAGGCATTGT-1	5
NC_006614.4	15203961	15204143	AACTGTTCAGGTTACC-1	1
NC_006614.4	15203993	15204057	GATGCTTAGAGAGGAG-1	1
NC_006614.4	15204040	15204132	GTAAGCAAGTTAGTGC-1	2
NC_006614.4	15204132	15204220	GTAAGCAAGTTAGTGC-1	1
NC_006614.4	15204135	15204262	CTACAACAGCGCCTTT-1	1
NC_006614.4	15204159	15204265	ACAGCCGGTTGGATCA-1	2
NC_006614.4	15204173	15204225	TGCTTCATCTGTGAGT-1	1
NC_006614.4	15204176	15204371	CACCGGTAGACAACAG-1	1
NC_006614.4	15204182	15204257	GTACCGGGTTCCTGTG-1	1
NC_006614.4	15204183	15204356	TCGACAAGTAGCTAAT-1	1
NC_006614.4	15204239	15204751	TCGCGAGGTAACGAGG-1	2
NC_006614.4	15204243	15204478	ACTATGTCAAGCCAGA-1	3
NC_006614.4	15204257	15204386	GCATGAAAGTCGCTAG-1	1
NC_006614.4	15204260	15204418	GTTTGTCGTAATGGAA-1	1
NC_006614.4	15204269	15204418	AACTAGTGTGGATGTC-1	2
NC_006614.4	15204283	15204395	CGCCAAATCCGCTAGA-1	1
NC_006614.4	15204344	15204376	TTTAAGGTCGTTACAA-1	2
NC_006614.4	15204444	15204478	GTTTATCTCCTCACAC-1	3
NC_006614.4	15204476	15204646	TGTCCTTCAAGGTCCT-1	3
NC_006614.4	15204526	15204700	ATGCGATTCTCCATAT-1	1
NC_006614.4	15204541	15204604	GATGAGGGTTGCGGAT-1	1
NC_006614.4	15204556	15204595	TAGTACGGTTCCGCAC-1	2
NC_006614.4	15204558	15204717	GGAAGCTAGGTCCTAG-1	2
NC_006614.4	15204559	15204717	CGAACAAAGGGACCTC-1	2
NC_006614.4	15204641	15204707	AGTGATGAGTTAACCA-1	1
NC_006614.4	15204655	15204825	ATCCTTAGTTCCGGGA-1	1
NC_006614.4	15204663	15204885	GCAGGCAAGCTGCACA-1	3
NC_006614.4	15204670	15204889	GTCTCACTCTTTGTAC-1	1
NC_006614.4	15204677	15205000	AGAATCGAGTGTTGTA-1	2
NC_006614.4	15204684	15204879	TCCGGTAAGTTAGACC-1	2
NC_006614.4	15204700	15205441	AGGTCAAAGTTCCTGC-1	1
NC_006614.4	15204707	15204795	ATGTGAGAGTGACCTG-1	1
NC_006614.4	15204710	15204790	GCTTAAATCCACCTGT-1	2
NC_006614.4	15204711	15204861	GAAGCTAAGACACTTA-1	1
NC_006614.4	15204715	15204755	CATAGCTAGGTTACGT-1	1
NC_006614.4	15204717	15204785	AAACCGAAGCCAGGTC-1	1
NC_006614.4	15204752	15204907	CCTATAGCATGTTTGG-1	1
NC_006614.4	15204755	15204803	CGCTTACTCGTTCACC-1	3
NC_006614.4	15204785	15204823	AGGCAGGTCGGTTTCC-1	1
NC_006614.4	15204785	15204836	CCGTTAACACTCAACA-1	1
NC_006614.4	15204830	15204941	TCTTAGCGTGTGTGGT-1	2
NC_006614.4	15204830	15204988	AGTCAGGCAGAAACGT-1	2
NC_006614.4	15204833	15205021	GGAACAATCCCGTTTA-1	1
NC_006614.4	15204836	15204967	TCGTTTCCAGTAGGAT-1	1
NC_006614.4	15204843	15204940	GGTTTGTAGCACTTGG-1	1
NC_006614.4	15204855	15205500	AACAGGATCAGAAACG-1	1
NC_006614.4	15204877	15205023	AAACGCGCACCTGTAA-1	2
NC_006614.4	15204900	15205268	CGAACAAAGGAGGCAT-1	1
NC_006614.4	15204941	15205157	GAACCGCTCTGGTCCT-1	1
NC_006614.4	15204947	15205057	CCCGTTGTCACAAGCT-1	1
NC_006614.4	15204956	15205037	AGGCAGGTCGGTTTCC-1	4
NC_006614.4	15204956	15205153	GTTTAGCAGGCTGGCT-1	2
NC_006614.4	15204959	15205159	CCTGATGAGTGAACGA-1	1
NC_006614.4	15205022	15205062	CACAGGGAGCCTGTTC-1	1
NC_006614.4	15205038	15205162	CGTTAACAGATGGAGC-1	1
NC_006614.4	15205038	15205220	GCGAAGTAGGAAACTG-1	1
NC_006614.4	15205047	15205097	AACCTTGCACCATATG-1	1
NC_006614.4	15205057	15205135	GGGTGTTGTGGAGCAA-1	1
NC_006614.4	15205067	15205384	TCGACAAGTCCGTGAG-1	1
NC_006614.4	15205093	15205149	GAGCATGCACATAACT-1	1
NC_006614.4	15205124	15205422	AACATAGCACTCAACA-1	1
NC_006614.4	15205163	15205344	CGGTTGGGTTCGGTAA-1	2
NC_006614.4	15205168	15205284	CCGTTATGTGTGAGAG-1	1
NC_006614.4	15205179	15205250	AATGCAACAGGCTAAG-1	1
NC_006614.4	15205181	15205219	CCTTTAGTCATCAGTA-1	1
NC_006614.4	15205181	15205233	TATTAGGTCGTAATCA-1	1
NC_006614.4	15205181	15205533	CTCCTAATCTTTGACT-1	1
NC_006614.4	15205186	15205424	TCCATATTCCAAGTGT-1	2
NC_006614.4	15205203	15205239	TCGTTTCCATTGTCCT-1	1
NC_006614.4	15205208	15205344	AGGTCAAAGGACCGCT-1	2
NC_006614.4	15205254	15205452	GGGCATTGTTGGTTCT-1	1
NC_006614.4	15205267	15205418	GACTTGGTCCTAACGG-1	1
NC_006614.4	15205268	15205384	TAAGCCAGTCATAGAT-1	2
NC_006614.4	15205270	15205413	TAATGCATCATTATGG-1	1
NC_006614.4	15205277	15205507	TCCAGGATCTTTGTAC-1	3
NC_006614.4	15205303	15205344	CTCATTGTCGAGCAAA-1	1
NC_006614.4	15205305	15205464	TAAAGCCTCCTCCCTC-1	1
NC_006614.4	15205305	15205481	CTGTTAAAGGGATGAC-1	2
NC_006614.4	15205321	15205489	AGGCAATCATTTGCTC-1	3
NC_006614.4	15205329	15205395	TTAGTCAAGCCTTAAA-1	1
NC_006614.4	15205338	15205395	AGAAAGGCAGCGCTTG-1	1
NC_006614.4	15205343	15205447	TGTGCAAGTTAACGGC-1	2
NC_006614.4	15205344	15205477	AAGCGAGGTACCGTAA-1	1
NC_006614.4	15205355	15205408	CTCAATAAGGATGATG-1	1
NC_006614.4	15205369	15205483	TATGGCCCACATGCTA-1	2
NC_006614.4	15205376	15205447	ACAACAGAGTCCTGAG-1	1
NC_006614.4	15205378	15205533	TATGACATCCCTGGAA-1	1
NC_006614.4	15205379	15205425	CGAGCTGGTCCTAAGA-1	1
NC_006614.4	15205384	15205550	CAGGCTGGTTGTTGGA-1	1
NC_006614.4	15205386	15205430	GATTAGCTCCTCAGTC-1	1
NC_006614.4	15205386	15205507	CGGCCATAGCCGCTAA-1	1
NC_006614.4	15205388	15205488	AAGCCTCCACGGTACT-1	1
NC_006614.4	15205390	15205567	TATGGCCCACATAACT-1	3
NC_006614.4	15205395	15205477	CCTGCTCCAGTTTGGC-1	2
NC_006614.4	15205395	15205485	CATAGGTTCTGGTCCT-1	1
NC_006614.4	15205395	15205485	TCGCTAACACACAATT-1	1
NC_006614.4	15205400	15205435	AACCGCTCAATTTGGT-1	2
NC_006614.4	15205402	15205447	CGGTTTGAGAGGGACT-1	1
NC_006614.4	15205402	15205487	CCTAAAGGTTGAGCCG-1	1
NC_006614.4	15205405	15205439	ATGGTCTAGGGTTATC-1	1
NC_006614.4	15205405	15205463	AAGAATCAGGAGTCTT-1	2
NC_006614.4	15205405	15205477	ATGGTCTAGGGTTATC-1	1
NC_006614.4	15205407	15205452	TACAAGCTCAGCACGC-1	2
NC_006614.4	15205407	15205477	CAAATCATCCGCCAAA-1	1
NC_006614.4	15205407	15205498	ACCCTCCCAGGCTTGT-1	2
NC_006614.4	15205408	15205464	CCTAAAGGTGGACCTG-1	1
NC_006614.4	15205408	15205477	CTTTGGGAGGCCTTAG-1	2
NC_006614.4	15205408	15205483	CTGGATGTCATGCCTC-1	2
NC_006614.4	15205408	15205528	GGCAAATCAACACTTG-1	1
NC_006614.4	15205408	15205994	CCTAAGTAGAAACTGG-1	1
NC_006614.4	15205412	15205477	GAGAGGCGTGAGCAAG-1	1
NC_006614.4	15205412	15205498	ATCACACAGTCCTTCA-1	2
NC_006614.4	15205413	15205457	GTTGCGGGTAAAGCAA-1	1
NC_006614.4	15205413	15205477	CCTTGTTCATAGACTT-1	1
NC_006614.4	15205421	15205469	TTTGTCCCACGAATCC-1	1
NC_006614.4	15205423	15205604	TCGCTAACAAGGACCA-1	1
NC_006614.4	15205424	15205466	CGTGGTTCAAGGACCA-1	2
NC_006614.4	15205424	15205477	GATAATCGTGCTTAGA-1	1
NC_006614.4	15205424	15205479	TGCTAGCCACGAATTT-1	3
NC_006614.4	15205429	15205488	AGTCCTGAGTGTTGTA-1	2
NC_006614.4	15205429	15205544	TGTAAAGCAGCTTACA-1	1
NC_006614.4	15205430	15205477	CCTAAGCCAGGAATCG-1	2
NC_006614.4	15205434	15205487	GAGAGGCGTGAGCAAG-1	1
NC_006614.4	15205435	15205477	GTATTCAAGCACAGAA-1	2
NC_006614.4	15205435	15205481	AAACGTACACCATATG-1	2
NC_006614.4	15205435	15205543	AGGCTAGCATCCCGCT-1	1
NC_006614.4	15205435	15205562	TGAGCTTAGCTTGCTC-1	1
NC_006614.4	15205435	15205577	GGGATTAAGCACGTTG-1	1
NC_006614.4	15205441	15205488	CCCTGGACATCATGGC-1	2
NC_006614.4	15205444	15205500	GAGGAGGCACAGGATG-1	1
NC_006614.4	15205446	15205487	GGACGAAGTCAGGCAT-1	1
NC_006614.4	15205446	15205487	GGGATTAAGTGAACGA-1	4
NC_006614.4	15205446	15205845	GCCTGACAGGAACGGT-1	1
NC_006614.4	15205447	15205487	TTTAGCAAGCGGGCAA-1	1
NC_006614.4	15205447	15205624	TATTAGGTCCAACTGG-1	2
NC_006614.4	15205451	15205477	GGCAATCGTTAGCGTA-1	1
NC_006614.4	15205451	15205495	GAGCAAATCACCGGTA-1	1
NC_006614.4	15205453	15205487	CAGTATGGTTCGCTCA-1	1
NC_006614.4	15205470	15205544	TTAGAAGCAACGTGCT-1	1
NC_006614.4	15205476	15205562	TATAGGTGTGTGTGGT-1	2
NC_006614.4	15205477	15205514	TAGACCAGTTGGCGTG-1	1
NC_006614.4	15205477	15205514	TGTAAGCTCCCATAAA-1	1
NC_006614.4	15205477	15205521	AACCCGCAGGAGGCAT-1	1
NC_006614.4	15205477	15205522	CTCACAACACAGGAAT-1	3
NC_006614.4	15205477	15205543	CAGCTATAGTGACCTG-1	3
NC_006614.4	15205477	15205543	CAGGTCCAGGTCCACA-1	3
NC_006614.4	15205477	15205549	TCATTGTTCAGGAAGC-1	1
NC_006614.4	15205477	15205550	ACGCCACAGATGCCTG-1	2
NC_006614.4	15205477	15205562	AGCTAACTCATGTCAA-1	1
NC_006614.4	15205477	15205589	CAAGGTAAGCATTAGC-1	1
NC_006614.4	15205477	15205680	TATAGCCAGAAGCTAG-1	1
NC_006614.4	15205480	15205549	TATGGCCCACATGCTA-1	1
NC_006614.4	15205483	15205624	CTAAATGTCATTGCGG-1	1
NC_006614.4	15205483	15205632	TGCCTGTTCGGTTTGG-1	1
NC_006614.4	15205483	15205802	CCTGATGAGCAGCTAT-1	2
NC_006614.4	15205485	15205533	ATGTCAATCTGCAACG-1	1
NC_006614.4	15205485	15205554	TTGGCTGAGACTCGCA-1	1
NC_006614.4	15205485	15205623	CGCAATAGTCATCAAG-1	2
NC_006614.4	15205485	15205661	TACTCGCTCCCGTTGT-1	1
NC_006614.4	15205487	15205533	TCTTGACGTGCTTAGA-1	1
NC_006614.4	15205487	15205549	GGTTGCATCAGCAAAG-1	1
NC_006614.4	15205487	15205550	GGTTCTTGTTACAAAC-1	1
NC_006614.4	15205487	15205557	CCTTGTTCATAGACTT-1	1
NC_006614.4	15205487	15205562	TGCGGTTCACTGACCG-1	1
NC_006614.4	15205487	15205577	GATTGGTTCGCTATAA-1	2
NC_006614.4	15205487	15205595	AGCCAGTGTAATCGGC-1	2
NC_006614.4	15205487	15205597	GCCTGAGGTGATTACG-1	1
NC_006614.4	15205487	15205737	TCCATGCTCGTTAGCG-1	1
NC_006614.4	15205487	15205738	CAGCCAATCGAGCAAA-1	1
NC_006614.4	15205487	15206114	CCTCCTCTCGGCCATA-1	1
NC_006614.4	15205488	15205543	TCCGGAATCCGGTTGA-1	1
NC_006614.4	15205488	15205775	TAATCCGCACAGAAAC-1	1
NC_006614.4	15205489	15205526	CATCATAAGGGTGAGT-1	1
NC_006614.4	15205489	15205624	CTGATCACACATAGCC-1	1
NC_006614.4	15205498	15205542	TTGTTGCGTCACACCC-1	1
NC_006614.4	15205498	15205631	CCACAGGGTAGTAAGA-1	2
NC_006614.4	15205498	15205632	TGGTCAGTCACAAGCT-1	1
NC_006614.4	15205500	15205550	AAACGTACACCATATG-1	1
NC_006614.4	15205500	15205555	TCGACAAGTCCGTGAG-1	1
NC_006614.4	15205500	15205603	ATGTTCAAGAGGAAGG-1	1
NC_006614.4	15205507	15205577	TCGGTAAGTGATCAGC-1	1
NC_006614.4	15205507	15205648	CAATAAGCAATCCTGA-1	1
NC_006614.4	15205507	15205882	TCTACCTCACATACTG-1	2
NC_006614.4	15205513	15205550	CTATGACAGACAACGA-1	2
NC_006614.4	15205521	15205567	TTTCCTGAGGTTAGAG-1	1
NC_006614.4	15205521	15205622	GAGGAGGCACAGGATG-1	1
NC_006614.4	15205521	15205744	TAGCATATCTTAGTGA-1	2
NC_006614.4	15205528	15205555	TAGACCAGTTAGACCA-1	1
NC_006614.4	15205528	15205567	TCAGCGATCGGGCCAT-1	1
NC_006614.4	15205528	15205598	GTGAGCGAGCCGCAGT-1	2
NC_006614.4	15205528	15205835	TGCAATATCCCTTGCG-1	2
NC_006614.4	15205533	15205577	TTAATCGAGTGCACGC-1	1
NC_006614.4	15205533	15205680	CACTTTGTCAGGAACA-1	1
NC_006614.4	15205533	15205866	GCGCGATTCACAGCGC-1	2
NC_006614.4	15205534	15205774	TTACGTTTCCGGAACC-1	1
NC_006614.4	15205539	15205685	CGCCACACAGGTCCTG-1	1
NC_006614.4	15205543	15205594	GGCGTTATCAGGCCTA-1	3
NC_006614.4	15205543	15205632	AAACCGAAGTAACGGA-1	1
NC_006614.4	15205543	15205642	GTTCCCAGTGACATAT-1	3
NC_006614.4	15205544	15205610	TACGTACAGAGGAGTC-1	3
NC_006614.4	15205544	15205666	CCATAAGGTCCTTCTC-1	3
NC_006614.4	15205547	15205589	TCCATATTCATTGTTC-1	1
NC_006614.4	15205550	15205594	GAAGGAACATCGCTCC-1	2
NC_006614.4	15205550	15205609	CACCAACCAGTTAAAG-1	1
NC_006614.4	15205550	15205632	CTATGACAGACAACGA-1	1
NC_006614.4	15205550	15205832	AGAGATTAGCGCCTAA-1	1
NC_006614.4	15205562	15205631	TGAACAACAAAGGCCA-1	2
NC_006614.4	15205562	15205737	TACTTGTTCCGCCTAT-1	2
NC_006614.4	15205562	15205812	GTGTTCCTCCTCCATA-1	1
NC_006614.4	15205562	15205847	GTATTGATCGGTCAAT-1	1
NC_006614.4	15205564	15205763	AACCCGCAGCGATAGA-1	2
NC_006614.4	15205567	15205983	TTTAAGCCACTGACTA-1	1
NC_006614.4	15205567	15206124	GAACTTATCTTGACCC-1	1
NC_006614.4	15205575	15205698	TACTGAGGTAACGGGA-1	2
NC_006614.4	15205577	15205666	ATTGCAGGTTTGCGAA-1	3
NC_006614.4	15205577	15205955	GAGTGAGGTGAAACAA-1	1
NC_006614.4	15205583	15205716	CATCAATCATGGCCCA-1	1
NC_006614.4	15205587	15205648	TTCAGGTAGGCCAATT-1	1
NC_006614.4	15205597	15205809	AGTCAGGCAAGTAAGC-1	2
NC_006614.4	15205610	15205690	TATCGAGGTGGTGAGA-1	1
NC_006614.4	15205624	15205698	GATTATGTCGGTTCCT-1	3
NC_006614.4	15205629	15205780	GCAGGCAAGGCCTGGT-1	1
NC_006614.4	15205658	15206021	AAGAACAGTGCTAGAC-1	2
NC_006614.4	15205666	15205767	ATTGCTCGTTCAAGCA-1	2
NC_006614.4	15205676	15206281	TGCATGAGTTAGCATG-1	1
NC_006614.4	15205681	15205716	GAGGCTTGTTACTAGG-1	1
NC_006614.4	15205681	15205738	GCCATGATCGCTAAGT-1	1
NC_006614.4	15205681	15205783	GTAAAGCCATGCATAT-1	1
NC_006614.4	15205690	15205738	ATTATGGTCCGGTTGA-1	3
NC_006614.4	15205732	15205846	ACGCACGGTCACCTAT-1	5
NC_006614.4	15205736	15206275	CTAGTGAGTGAGAAAC-1	1
NC_006614.4	15205755	15205774	ATTGTCCGTGATCAGC-1	1
NC_006614.4	15205756	15205793	TCGCCCATCGGTCAGC-1	1
NC_006614.4	15205769	15205855	CTCTCACAGTCATGCG-1	2
NC_006614.4	15205780	15206147	AAGCCTTAGCAGGTGG-1	1
NC_006614.4	15205783	15205829	TACTGAGGTGCTAGAC-1	1
NC_006614.4	15205807	15206174	GGTACAAAGTTCCCGT-1	2
NC_006614.4	15205846	15205946	CCCAAATAGGCGTAAA-1	1
NC_006614.4	15205855	15206027	CCGCACACAAACCTAT-1	2
NC_006614.4	15205872	15205965	CAATCGCCATTGCGTA-1	2
NC_006614.4	15205900	15206047	TAGGAGGGTGCTAGCG-1	1
NC_006614.4	15205906	15205976	TATAACCCACCTCACC-1	2
NC_006614.4	15205911	15205947	AGCAAATAGTTATGTG-1	3
NC_006614.4	15205914	15205963	CTGTTCATCCTCGATC-1	2
NC_006614.4	15205917	15205957	AGTAATCGTTAGCTGA-1	1
NC_006614.4	15205941	15205987	TTGTTGCGTGATGGCT-1	1
NC_006614.4	15205970	15206702	TTTATGGAGGACTAAG-1	1
NC_006614.4	15205971	15206124	TTGGATCAGGCATTGT-1	2
NC_006614.4	15205994	15206031	TCAGGTCCAACAACAA-1	1
NC_006614.4	15206002	15206144	ACGAATCTCAATGTCA-1	1
NC_006614.4	15206003	15206238	CGTCAATAGTATTGGC-1	1
NC_006614.4	15206011	15206182	CAATGACTCGAGCAAA-1	1
NC_006614.4	15206014	15206234	CTTCACTCATAAGCAA-1	1
NC_006614.4	15206031	15206676	CGCATGATCGGCCAGT-1	1
NC_006614.4	15206093	15206150	GCTTCGCGTTAGACCA-1	3
NC_006614.4	15206127	15206167	AAGGTCAAGTAAGAAC-1	1
NC_006614.4	15206157	15206307	CCTGTAACAAACGGGC-1	1
NC_006614.4	15206174	15206238	CCAGGATGTTTAACCC-1	1
NC_006614.4	15206177	15206649	GGAAGCTAGTTGCGTG-1	1
NC_006614.4	15206192	15206237	GTAAGCTTCTAGCGTG-1	1
NC_006614.4	15206193	15206321	GATTACGGTGCTAGCG-1	1
NC_006614.4	15206203	15206369	CTAACCACACATTAAC-1	2
NC_006614.4	15206255	15206335	GGCTTCAAGGTGAAGC-1	2
NC_006614.4	15206265	15206403	ACGCCTTTCATCCTGC-1	1
NC_006614.4	15206265	15206461	ATAGATGCAAACAACA-1	1
NC_006614.4	15206265	15206684	GGCTAGACAGGAACAT-1	4
NC_006614.4	15206275	15206361	ACTTACAAGAGGATAT-1	2
NC_006614.4	15206288	15206313	GGCATGGAGTGCACGC-1	1
NC_006614.4	15206313	15206361	AGCGGATAGAGGATAT-1	2
NC_006614.4	15206321	15206397	GTCGCAATCCAAGTGT-1	1
NC_006614.4	15206343	15206706	GCGATTAGTATTGGTG-1	1
NC_006614.4	15206345	15206403	AACAAAGGTGCTTTAC-1	1
NC_006614.4	15206351	15206483	GAAACTGAGGCGCATC-1	2
NC_006614.4	15206383	15206906	AGTCAATGTGATGAGG-1	1
NC_006614.4	15206387	15206594	GCTCACAAGGAAACTG-1	1
NC_006614.4	15206403	15206545	TATAACCCACCTATAG-1	2
NC_006614.4	15206464	15206563	GGATTATGTACCGTAA-1	1
NC_006614.4	15206487	15206579	TATAACCCACCTATAG-1	2
NC_006614.4	15206501	15206549	ATTAGCTCAGGAACCA-1	1
NC_006614.4	15206506	15206583	ACACCTTGTTCATCTA-1	1
NC_006614.4	15206514	15206608	CTCGCTCCAATAACCT-1	1
NC_006614.4	15206522	15206713	AAACCGAAGCACAGAA-1	1
NC_006614.4	15206533	15206562	ATTGTCCGTGTTGCAA-1	1
NC_006614.4	15206561	15206681	GGAGGTTAGGCTGTGC-1	1
NC_006614.4	15206577	15206625	TGTTAGCAGAGGCTAA-1	1
NC_006614.4	15206577	15206789	ACCCAGGGTAATCCCT-1	1
NC_006614.4	15206579	15206623	TTTGCGGAGGTTAGAG-1	1
NC_006614.4	15206604	15206649	CATGCGGGTTGCTTCG-1	3
NC_006614.4	15206612	15207146	AAATGCCTCCGTAAAC-1	1
NC_006614.4	15206618	15206655	TATGACTCAATCCTAG-1	1
NC_006614.4	15206654	15206693	CCTGCTCCACTCGCTC-1	2
NC_006614.4	15206661	15206713	TGGCCAATCCACCTGT-1	1
NC_006614.4	15206676	15206823	GTGATGAAGCTTAACA-1	2
NC_006614.4	15206701	15206787	ATCGCCCGTAGCTAAT-1	2
NC_006614.4	15206721	15206960	GAAACTGAGGAAGCAC-1	1
NC_006614.4	15206750	15206955	AGGTTAACATGCTTAG-1	1
NC_006614.4	15206750	15206955	TACCTGCTCTCATCAT-1	1
NC_006614.4	15206787	15206885	CATTATCTCAAATCGC-1	1
NC_006614.4	15206790	15206855	AGAGGAACACAGGATG-1	1
NC_006614.4	15206819	15206853	AATGAAGGTTAGACCA-1	2
NC_006614.4	15206840	15206919	TGTGGAGCACAATGTT-1	1
NC_006614.4	15206845	15206901	AATAGAGGTTAAATGC-1	2
NC_006614.4	15206850	15207061	CTACGAAGTTCCGGGA-1	1
NC_006614.4	15206850	15207075	CTTGGACCACCTGCCT-1	1
NC_006614.4	15206851	15207199	GACTAATGTGCGCGTA-1	2
NC_006614.4	15206865	15207250	CTGTTCATCCTGGTCT-1	2
NC_006614.4	15206919	15207015	CTGAATATCCTCCATA-1	1
NC_006614.4	15206921	15206975	CTGCTACTCCAGGGAG-1	1
NC_006614.4	15206927	15207052	ACTCCTCAGGCCTGGT-1	1
NC_006614.4	15206929	15207101	ATGGTCTAGGCTAATC-1	1
NC_006614.4	15206946	15207014	ACTTATGAGCTTGCTC-1	2
NC_006614.4	15206946	15207242	TACCTCATCATTATGG-1	1
NC_006614.4	15206952	15207153	TATCGAGGTGGTGAGA-1	1
NC_006614.4	15206952	15207172	CTACGAAGTTCCGGCT-1	1
NC_006614.4	15206952	15207213	ACGAAGTCATAACGGG-1	1
NC_006614.4	15206952	15207386	TGATGACTCCTAAATG-1	1
NC_006614.4	15206955	15207052	TACCTGCTCTCATCAT-1	4
NC_006614.4	15206956	15207176	TCGTTATTCAAGCTAC-1	1
NC_006614.4	15206966	15207153	TAGTGAGAGGCAAGTA-1	1
NC_006614.4	15206974	15207101	ATGGTCTAGGCTAATC-1	1
NC_006614.4	15206984	15207549	CCGTTGCGTGATGGCT-1	1
NC_006614.4	15206989	15207185	ATGATGACACTGGCTG-1	1
NC_006614.4	15206992	15207209	GGCTAGACACAAACTT-1	1
NC_006614.4	15207008	15207310	CCTCCTGAGGCAGGTG-1	2
NC_006614.4	15207013	15207536	TTTAACGAGCTATGAC-1	1
NC_006614.4	15207014	15207386	GGTGAGCCAGTTTGGC-1	1
NC_006614.4	15207052	15207539	CCCGCTTCATAATCGT-1	2
NC_006614.4	15207060	15207101	TTTACGAAGCTGCACA-1	1
NC_006614.4	15207060	15207115	AATGCAACATAACGGG-1	2
NC_006614.4	15207060	15207654	ACCACATAGTAACGAG-1	2
NC_006614.4	15207075	15207118	CGTTAAATCCGTAAAC-1	1
NC_006614.4	15207084	15207146	CAGGCTATCATTGACA-1	1
NC_006614.4	15207084	15207209	AGTGGACAGTGAGGTA-1	1
NC_006614.4	15207090	15207185	ATTGCGCCAACCCTAA-1	1
NC_006614.4	15207101	15207136	ATGGTCTAGGCTAATC-1	2
NC_006614.4	15207101	15207136	CTATTACTCTCACTCA-1	1
NC_006614.4	15207101	15207232	TCAGCGATCGGCCATA-1	2
NC_006614.4	15207101	15207368	AGAAGGTGTGATGATT-1	1
NC_006614.4	15207107	15207554	CAGCTCAAGGCTGTCA-1	1
NC_006614.4	15207108	15207153	CGAGGTGAGTTATGTG-1	1
NC_006614.4	15207115	15207206	GCATGAGCACTATGGC-1	1
NC_006614.4	15207118	15207327	AAGCTAGAGGATTGCT-1	1
NC_006614.4	15207120	15207273	TTGATGTCACAGACTC-1	1
NC_006614.4	15207136	15207184	TCAGCCTTCCTAAGTA-1	1
NC_006614.4	15207136	15207216	TTACCGTGTGAGCACT-1	1
NC_006614.4	15207136	15207256	TTCTTAGGTGTGTGGT-1	1
NC_006614.4	15207153	15207186	CGTAGTTAGGAACACA-1	2
NC_006614.4	15207153	15207211	TCAACAATCGGCCAGT-1	1
NC_006614.4	15207153	15207214	AGGTGAATCGTAATCA-1	1
NC_006614.4	15207153	15207627	ATCCTGACATTGCAGC-1	1
NC_006614.4	15207162	15207472	AACCTAATCGGCCATA-1	1
NC_006614.4	15207167	15207547	GGCTTCAAGCTCCTTA-1	2
NC_006614.4	15207167	15207647	TCAACAATCGGTTTCC-1	1
NC_006614.4	15207170	15207291	CTATTACTCTCACTCA-1	1
NC_006614.4	15207172	15207340	CGGGCTTAGGCCTGGT-1	2
NC_006614.4	15207173	15207575	GGCAGGATCAGGAAGC-1	2
NC_006614.4	15207177	15207221	CGAAGGCCATCCCGCT-1	2
NC_006614.4	15207179	15207226	TTGAGGCGTGGATGTC-1	1
NC_006614.4	15207186	15207315	ATGCATTCAGTAAGTA-1	3
NC_006614.4	15207187	15207293	ACAGGAATCTTGTCTG-1	3
NC_006614.4	15207191	15207278	GCCCAAATCCAGGAAA-1	1
NC_006614.4	15207192	15207221	TTTCTCACAAGTAAGC-1	1
NC_006614.4	15207196	15207248	AGTACGCGTGATTTGG-1	1
NC_006614.4	15207197	15207544	CGCAATCCATGATTGT-1	1
NC_006614.4	15207198	15207679	CCTTATGTCGACCTGA-1	2
NC_006614.4	15207201	15207256	TATATCCTCAAACCTA-1	1
NC_006614.4	15207211	15207593	CCTTATGTCTATCGCC-1	1
NC_006614.4	15207221	15207442	TTGCGAGTCCGCTAGA-1	1
NC_006614.4	15207226	15207442	ATCGAGGCATCAGCAC-1	2
NC_006614.4	15207228	15207705	AGCATCCCAAAGGTAC-1	1
NC_006614.4	15207234	15207551	TGTTGGCCACTAGCGT-1	1
NC_006614.4	15207235	15207312	GCATATATCTTGCATT-1	3
NC_006614.4	15207240	15207285	TCATACTTCCCGTTAC-1	1
NC_006614.4	15207242	15207778	TTTGGCTGTAGCTAAT-1	1
NC_006614.4	15207243	15207549	TTGGATTCAATTGACT-1	2
NC_006614.4	15207248	15207298	CGAGGCAAGCGAGGTG-1	1
NC_006614.4	15207248	15207435	CCATCATGTGTTAAAC-1	1
NC_006614.4	15207255	15207711	ACAAACTGTTAGGTGC-1	1
NC_006614.4	15207255	15208036	ACTCCTCAGCATCCAG-1	1
NC_006614.4	15207256	15207734	GTGCTTCTCAAAGGCA-1	1
NC_006614.4	15207258	15207391	AGCTAACTCATGTCAA-1	1
NC_006614.4	15207258	15207542	GATTGTTCAATGAGGT-1	1
NC_006614.4	15207260	15207295	AGGACTAAGGGCTAAA-1	1
NC_006614.4	15207260	15207476	GTTGGCGGTATTGTCC-1	1
NC_006614.4	15207260	15207673	TTACAGCAGTGAGCAA-1	3
NC_006614.4	15207266	15207310	TATAACCCACCTCACC-1	3
NC_006614.4	15207266	15207637	TAGCGCGGTTGCACAA-1	1
NC_006614.4	15207268	15207841	CATTTGTTCCTCATCA-1	2
NC_006614.4	15207272	15207330	CTCACTCAGCTTTGTT-1	1
NC_006614.4	15207277	15207318	AGTCAATGTTGTAACG-1	1
NC_006614.4	15207277	15207799	CCTGGTAAGGATCCGC-1	1
NC_006614.4	15207283	15207554	GACTTAGGTCCTCCAA-1	1
NC_006614.4	15207284	15207362	GTAGGAGGTTGTAAAC-1	2
NC_006614.4	15207291	15207549	CGATTATCAAGCTTAT-1	1
NC_006614.4	15207293	15207334	TTAGCAATCTACCTGC-1	2
NC_006614.4	15207298	15207354	AGTGCGGAGGCATGAA-1	1
NC_006614.4	15207300	15207475	AAACGGATCCTTAAGA-1	1
NC_006614.4	15207302	15207350	GGAGGTTAGGCTGTGC-1	2
NC_006614.4	15207302	15207488	ACCAAGTTCCCTTGCG-1	1
NC_006614.4	15207310	15207391	TATGGCCCACATGCTA-1	3
NC_006614.4	15207310	15207440	CTTTCTTGTGAGAAAC-1	1
NC_006614.4	15207312	15207472	CAGCCTAAGGCGCTAC-1	2
NC_006614.4	15207312	15207488	GCCCATAAGCTGGACC-1	1
NC_006614.4	15207312	15207810	TATATCCTCATTACAG-1	1
NC_006614.4	15207312	15207840	GAGGTAGGTCCGTGAG-1	1
NC_006614.4	15207317	15207362	GTAGGAGGTTGTAAAC-1	1
NC_006614.4	15207317	15207376	TCTCACCAGCTTAACA-1	2
NC_006614.4	15207327	15207621	AGTGGACAGTGAGGTA-1	2
NC_006614.4	15207327	15207660	CTTCAATTCAAGTGTC-1	1
NC_006614.4	15207327	15207720	ACGCAAGCAGCTAACC-1	1
NC_006614.4	15207328	15207548	GGGCCTAGTCCTTCTC-1	1
NC_006614.4	15207328	15207804	CATGCAAGTAATCGTG-1	2
NC_006614.4	15207329	15207650	GAACCTGTCGCTCACT-1	1
NC_006614.4	15207330	15207549	CCATAGCCAGTTATGT-1	1
NC_006614.4	15207333	15207534	AAGTGAAGTGTGCACG-1	2
NC_006614.4	15207334	15207652	TACTAAGTCCGCCTAT-1	1
NC_006614.4	15207338	15207549	ATGTTCAAGGACCTCA-1	2
NC_006614.4	15207338	15207558	CCTAGTTGTACTGAAT-1	1
NC_006614.4	15207340	15207376	TGGTTAATCAGCACGC-1	2
NC_006614.4	15207340	15207391	AGCTAACTCGCTATAA-1	2
NC_006614.4	15207340	15207559	CCTTGTTCAATATAGG-1	1
NC_006614.4	15207340	15207841	CATGAGGCAAGGTCGA-1	2
NC_006614.4	15207347	15207594	TGATGATGTCTTGCAT-1	1
NC_006614.4	15207354	15207575	AGGCGGATCACGCATG-1	1
NC_006614.4	15207354	15207583	GGCTGTCAGCTTAACA-1	1
NC_006614.4	15207362	15207549	TCCACAACACCTATAG-1	1
NC_006614.4	15207364	15207542	GTAGTTATCACGAATC-1	3
NC_006614.4	15207372	15207593	ACTTTGTTCAATCATG-1	1
NC_006614.4	15207373	15207569	CAGCATGTCGAGCAAA-1	1
NC_006614.4	15207373	15207649	TGGTTCTGTCACACCC-1	1
NC_006614.4	15207376	15207417	CTAGTGAGTCTCACTG-1	1
NC_006614.4	15207376	15207662	CCTTATGTCTAAGGTC-1	1
NC_006614.4	15207376	15207667	AAGAATCAGGAATAAC-1	1
NC_006614.4	15207377	15207474	AATAGAGGTTAAATGC-1	2
NC_006614.4	15207377	15207575	TTGCATTTCTAAGTCA-1	3
NC_006614.4	15207377	15207607	CCAAACTAGGACAACA-1	1
NC_006614.4	15207378	15207694	ACTTATGAGCCAGTAT-1	3
NC_006614.4	15207382	15207660	TTAACTGAGCAACATC-1	2
NC_006614.4	15207391	15207554	ATCAATCCATTAAACC-1	1
NC_006614.4	15207391	15207652	TTAGGCCCAAGGTCCT-1	1
NC_006614.4	15207391	15207660	GAGGACTAGGAAACTG-1	1
NC_006614.4	15207391	15207667	TGAGCTTAGCTTGCTC-1	1
NC_006614.4	15207391	15207721	TGCCGGTAGCATGTTA-1	1
NC_006614.4	15207391	15207794	AGCGTGCTCTTTGTAC-1	1
NC_006614.4	15207392	15207594	CTTCACTCAGGTTACC-1	1
NC_006614.4	15207410	15207497	TATGGCCCACATGCTA-1	4
NC_006614.4	15207435	15207841	CTCCTCACACGAATCC-1	1
NC_006614.4	15207441	15207497	TCGTTTCCATTGTCCT-1	1
NC_006614.4	15207441	15207642	CAATCCCTCTGTTCAT-1	4
NC_006614.4	15207441	15207711	CCTAAGGTCTCACACC-1	1
NC_006614.4	15207442	15207469	TCTCACCAGGAATAAC-1	1
NC_006614.4	15207442	15207497	TTGCGAGTCCGCTAGA-1	2
NC_006614.4	15207447	15207640	ATCCTCATCTCCTCAA-1	2
NC_006614.4	15207474	15207721	AGTGATGAGCATTATG-1	1
NC_006614.4	15207475	15207549	AGAACAAGTTTAACGG-1	2
NC_006614.4	15207475	15207789	TGTGCACCAGAACCGA-1	1
NC_006614.4	15207479	15207524	TCGTTATTCAAGTGTC-1	2
NC_006614.4	15207479	15207679	ACGAACAAGGTAACGA-1	5
NC_006614.4	15207483	15207537	TCCGCCATCTGCAAAC-1	1
NC_006614.4	15207483	15207549	CGCCACACAGGTCCTG-1	1
NC_006614.4	15207483	15207549	GCGCTAGGTCCAAATG-1	1
NC_006614.4	15207484	15207565	TGGATTCAGCACGTTG-1	1
NC_006614.4	15207484	15207583	GCTAGCCAGCGCTCAA-1	2
NC_006614.4	15207488	15207549	CTCAATAAGACTCGCA-1	1
NC_006614.4	15207488	15207554	CATAAGCTCAGTGAAG-1	1
NC_006614.4	15207488	15207594	GTTAAGCTCTAGCGTG-1	1
NC_006614.4	15207488	15207660	ATGATGACACTGGCTG-1	1
NC_006614.4	15207488	15207709	GGCCAACTCGCGCTAA-1	1
NC_006614.4	15207488	15207752	GAACCTGTCTTAGTCT-1	1
NC_006614.4	15207490	15207647	GCCCAAATCGCACACA-1	2
NC_006614.4	15207490	15207699	CATCCTGGTTACTTCA-1	1
NC_006614.4	15207491	15207549	ACACTTGCAATTAGGA-1	3
NC_006614.4	15207491	15207575	CGCTGTGCATAGCTTG-1	1
NC_006614.4	15207491	15207687	ACTATCCGTCACACCC-1	1
NC_006614.4	15207492	15207534	GTCCTCAGTTAGGCTA-1	4
NC_006614.4	15207496	15207565	CGCAATAGTTGTTGGA-1	1
NC_006614.4	15207497	15207549	CATAGGTTCCCTCAGT-1	1
NC_006614.4	15207497	15207551	TCAGCAAGTTCCTGAT-1	1
NC_006614.4	15207497	15207554	TTAGGATGTTACATCC-1	2
NC_006614.4	15207497	15207577	ACTTATGAGGAACACA-1	1
NC_006614.4	15207502	15207547	TACCCGGCATGAAATG-1	1
NC_006614.4	15207524	15207659	ACTAACCAGGTTTGCG-1	2
NC_006614.4	15207524	15207784	AGCACTTAGAGAGGAG-1	1
NC_006614.4	15207527	15207943	CTCCAAACAAACTGCC-1	1
NC_006614.4	15207533	15207882	GGACTAAAGACCATAC-1	1
NC_006614.4	15207534	15207721	TATTCGTTCCTCGATC-1	1
NC_006614.4	15207535	15207721	AAACGCGCAGGCGATA-1	1
NC_006614.4	15207537	15207683	ACACCTTGTAACCTAG-1	2
NC_006614.4	15207537	15207710	CTGGTAAGTTAATGAC-1	1
NC_006614.4	15207541	15207709	TATGAAGCAGTTAAAG-1	1
NC_006614.4	15207542	15207585	TCATTACTCCCGCAAA-1	1
NC_006614.4	15207542	15207621	GCTAGTGTCGTTTCTG-1	1
NC_006614.4	15207542	15207652	AATCATCCATTGTGCA-1	2
NC_006614.4	15207542	15207679	GATAAAGGTATTCGTC-1	1
NC_006614.4	15207542	15207694	ACGAGTAAGCTGTAAC-1	4
NC_006614.4	15207542	15207793	GACCGTTCAGAAATTG-1	1
NC_006614.4	15207542	15207894	CTAATTGAGCTCAATA-1	1
NC_006614.4	15207544	15207621	ACCTTCCAGGCGGATG-1	1
NC_006614.4	15207547	15207583	AGGTGAATCGGTTTCC-1	1
NC_006614.4	15207547	15207583	CTTGTCCAGGAACACA-1	1
NC_006614.4	15207547	15207585	GTAGGTGCAGAAATTG-1	2
NC_006614.4	15207547	15207594	CGAGCGAAGTTTGAGC-1	1
NC_006614.4	15207547	15207615	TTTCTTGCAAACTAAG-1	1
NC_006614.4	15207547	15207649	TATCACAAGGCCTAAT-1	1
NC_006614.4	15207547	15207654	CAAGTATGTTAGGACC-1	1
NC_006614.4	15207547	15207799	AGTGATGAGTTATCCT-1	1
NC_006614.4	15207547	15207841	CATGAGGCAAGGTCGA-1	1
NC_006614.4	15207548	15207642	AGTGCCGGTAATCGCA-1	1
NC_006614.4	15207548	15207646	GCAGGCAAGCTCAATA-1	2
NC_006614.4	15207549	15207585	CATTGTAAGCAGGCCT-1	2
NC_006614.4	15207549	15207593	GTAAGCAAGCACGATT-1	1
NC_006614.4	15207549	15207607	CTTGCGCGTTGCGGAT-1	1
NC_006614.4	15207549	15207621	TTGTCAAAGGAACCAA-1	2
NC_006614.4	15207549	15207627	GAAGCCTGTTTGCTGT-1	1
NC_006614.4	15207549	15207647	AAGGTCAAGCGAGCGA-1	1
NC_006614.4	15207549	15207647	ATTCAACCACTAGGTC-1	1
NC_006614.4	15207549	15207647	CCGTGCTGTTGTTCAC-1	2
NC_006614.4	15207549	15207649	CAAGTTATCTCAATGA-1	1
NC_006614.4	15207549	15207660	AGGTCAAAGCAGGTGG-1	1
NC_006614.4	15207549	15207660	GGACAGCCAAGCTAAA-1	2
NC_006614.4	15207549	15207660	GGTAACTTCGCTATAA-1	1
NC_006614.4	15207549	15207660	TGAAGGATCCGGCTAA-1	1
NC_006614.4	15207549	15207660	TTCCACGGTGGTTCTT-1	1
NC_006614.4	15207549	15207667	AAGTGCAAGGGCTAAA-1	1
NC_006614.4	15207549	15207675	ACTCACCTCAGTGAAG-1	2
NC_006614.4	15207549	15207679	CGTAATGGTCATCATC-1	1
NC_006614.4	15207549	15207709	GCGTGCTAGTAAGAAC-1	1
NC_006614.4	15207549	15207793	GACTTGGTCACAGACT-1	1
NC_006614.4	15207549	15207799	CCATAAATCATTGACA-1	1
NC_006614.4	15207549	15207808	GCATTGCCACTAAGAA-1	1
NC_006614.4	15207549	15207813	TGGTGCATCCTCCTAA-1	2
NC_006614.4	15207551	15207723	ATATAGGCAATAAGCA-1	2
NC_006614.4	15207551	15207767	CTTACCGGTGAGGTGA-1	1
NC_006614.4	15207551	15208274	GGTCTTTGTAGTTAAC-1	1
NC_006614.4	15207554	15207635	CAGATTCAGCTCAAAC-1	1
NC_006614.4	15207554	15207642	CCTAAGTAGCAGGTTT-1	1
NC_006614.4	15207554	15207704	TGGGCATGTTAGGACC-1	1
NC_006614.4	15207554	15207736	ACGTCAAGTGAAACAA-1	1
NC_006614.4	15207554	15207795	GACTTAGGTCCTCCAA-1	3
NC_006614.4	15207554	15207841	AGAACCAAGTAACGGA-1	1
NC_006614.4	15207556	15207594	TGGCTAAGTTATCCGT-1	1
NC_006614.4	15207558	15207754	TGATTAGTCTAATCCT-1	1
NC_006614.4	15207559	15207591	ATGACCAGTGGAAGGC-1	2
NC_006614.4	15207559	15207605	AGTCAAGAGCCTCTCG-1	1
NC_006614.4	15207559	15207605	CTTCAAGCATGTTGCA-1	1
NC_006614.4	15207559	15207607	TCCTAGTGTATTTGCC-1	1
NC_006614.4	15207559	15207654	CTACTAAAGAAAGCAT-1	1
NC_006614.4	15207559	15207672	GCAAGCCTCGTTAAGC-1	1
NC_006614.4	15207559	15207742	CCGTTTGGTGATCAGC-1	1
NC_006614.4	15207559	15207767	TTTAACCTCTAATCTC-1	1
NC_006614.4	15207559	15207879	GATTAGTGTTTGTCTA-1	1
NC_006614.4	15207565	15207637	TTAATCGAGTGAGCGG-1	1
NC_006614.4	15207566	15207853	TGTCCTTCAATAATGG-1	1
NC_006614.4	15207567	15207647	AGTGCGGAGTTGGCCA-1	1
NC_006614.4	15207567	15207889	CGCAATAGTTGTTGGA-1	1
NC_006614.4	15207569	15207744	AGCCAGTGTTCGGTAA-1	1
NC_006614.4	15207571	15207649	GCGCAAACACAACAGG-1	1
NC_006614.4	15207573	15207611	CAAACAACACGGTACT-1	1
NC_006614.4	15207573	15207644	ATGTGAGAGGCTAATC-1	2
NC_006614.4	15207575	15207647	TTTGTCTAGTTAGTTG-1	1
NC_006614.4	15207575	15207660	CCATAAGGTCAGGCCA-1	2
NC_006614.4	15207575	15207683	ATCACTAAGTGAGGGT-1	1
NC_006614.4	15207575	15207789	GCAATCTAGCATGTTA-1	1
NC_006614.4	15207577	15207647	CATAGCTAGGTTACGT-1	3
NC_006614.4	15207577	15207647	CCTAAGGTCCTCATGC-1	1
NC_006614.4	15207577	15207711	CAAAGGATCCCTGATC-1	1
NC_006614.4	15207579	15207621	CAGGTGGAGGCAACAA-1	1
NC_006614.4	15207579	15207635	CTTCTCAAGTTAGGCT-1	1
NC_006614.4	15207581	15207627	CTAACCTGTGATGGCT-1	2
NC_006614.4	15207581	15207650	TCGCTAACAACAACAA-1	1
NC_006614.4	15207581	15207853	TTCACTGTCGTTCACC-1	1
NC_006614.4	15207583	15207627	CCGTTATGTTTATGGG-1	1
NC_006614.4	15207583	15207647	GAGAGGCGTTCACTGT-1	1
NC_006614.4	15207583	15207677	GCCCATAAGATGGACA-1	1
NC_006614.4	15207583	15207738	AGTAAGTAGGTAAGGC-1	1
NC_006614.4	15207583	15207779	GGTTCTTGTATTGCAG-1	1
NC_006614.4	15207583	15207813	GTGGATGCATGTTGTG-1	4
NC_006614.4	15207583	15207879	CCAGCTGCAGCCTGCA-1	1
NC_006614.4	15207583	15207908	ACAACAACAAGGAATC-1	1
NC_006614.4	15207585	15207647	CTTCTAAGTAAGGTTT-1	1
NC_006614.4	15207585	15207652	CATTGTAAGCAGGCCT-1	1
NC_006614.4	15207585	15207660	TGTTGGCCAAGCTAAA-1	1
NC_006614.4	15207585	15207687	GTCTAACAGCACGATT-1	1
NC_006614.4	15207587	15207625	TGTGCTGAGAGAAGGG-1	1
NC_006614.4	15207587	15207631	CATCCTGGTTTGGGTA-1	2
NC_006614.4	15207587	15207789	GAGAGGCGTGAGCAAG-1	1
NC_006614.4	15207588	15207664	TAATGGTGTCAAAGGG-1	1
NC_006614.4	15207588	15207677	GAGGACTAGGAAACTG-1	1
NC_006614.4	15207593	15207635	TAGACCAGTGAATCGC-1	1
NC_006614.4	15207593	15207647	CAGCATTAGCAGCTAT-1	3
NC_006614.4	15207593	15207679	ACTTCGCTCCTAAGAC-1	1
NC_006614.4	15207594	15207649	AGCCAGTGTATTCGTC-1	2
NC_006614.4	15207594	15207652	TCAGTGAGTCAATACG-1	1
NC_006614.4	15207594	15207654	AGAACAAGTTTAACGG-1	3
NC_006614.4	15207594	15207679	GCGATTTAGAGGAGTC-1	1
NC_006614.4	15207594	15207687	AGTTACATCGTGCCTT-1	1
NC_006614.4	15207594	15207705	TCCATAAAGGTCGAGG-1	1
NC_006614.4	15207594	15207732	GCTGTACCATAATGTC-1	1
NC_006614.4	15207594	15207795	GTTAACGGTCTTTGAC-1	1
NC_006614.4	15207594	15207812	GAGTGTTTCGAGGTGG-1	1
NC_006614.4	15207595	15207647	GACGCCTAGCTCATAA-1	1
NC_006614.4	15207595	15207671	TGCAATATCCCTTGCG-1	1
NC_006614.4	15207595	15207692	TTCATTCAGAGAAGGG-1	1
NC_006614.4	15207595	15207693	CATCGCTTCGAGCAAA-1	3
NC_006614.4	15207595	15207721	GCTGAGGAGCTAATCA-1	5
NC_006614.4	15207596	15207660	ATATGGTGTGATCATG-1	1
NC_006614.4	15207596	15207662	GATTCAGGTATGGTGC-1	1
NC_006614.4	15207596	15207793	GGTCAAGCAAGGTCCT-1	1
NC_006614.4	15207602	15207721	GTGAGGAGTGAAGCCT-1	2
NC_006614.4	15207605	15207647	CAGGAAGGTTGAAGCC-1	1
NC_006614.4	15207605	15207793	TGTCATAAGGCGCTTA-1	1
NC_006614.4	15207606	15208254	GGTTGCGGTCCAAGAC-1	2
NC_006614.4	15207607	15207693	GCCCATAAGCTGGACC-1	1
NC_006614.4	15207609	15207852	GGTTCTTGTAATGGCC-1	1
NC_006614.4	15207611	15207649	TCGCCCATCCGTTATT-1	1
NC_006614.4	15207615	15207859	ATCCCGCGTAGTTAAC-1	1
NC_006614.4	15207617	15207692	ACTCACTGTCATCCTG-1	1
NC_006614.4	15207619	15207711	AGTTACATCTGGTCCT-1	1
NC_006614.4	15207619	15207757	TTGGCGGGTTACGCAA-1	2
NC_006614.4	15207621	15207726	ATGTTCAAGCTTCTCA-1	2
NC_006614.4	15207621	15207753	GGTTATGGTTGGCCGA-1	1
NC_006614.4	15207621	15207992	ACAGTATGTTACCGGG-1	1
NC_006614.4	15207623	15207948	GAGTTACTCAGGTCCA-1	1
NC_006614.4	15207623	15207992	AGCGTGCTCCATAAGC-1	1
NC_006614.4	15207625	15207665	CGCATATAGCTAATTG-1	2
NC_006614.4	15207625	15207675	TCAGTAATCGCTATAA-1	1
NC_006614.4	15207625	15207679	GAGGCCTTCAGCAAAG-1	2
NC_006614.4	15207627	15207852	GGCGTTATCAGGCCTA-1	1
NC_006614.4	15207629	15207742	GAACCTTAGAGGATAT-1	1
NC_006614.4	15207632	15207679	TCCATAAAGCGCCTAA-1	1
NC_006614.4	15207635	15207723	ACCATAATCACGCGGT-1	1
NC_006614.4	15207637	15207679	AGTTGGCGTCTAACAG-1	1
NC_006614.4	15207637	15207683	CGTGGTTCAGTTTGGC-1	1
NC_006614.4	15207637	15207789	TCCTGGTTCTAGCTAA-1	1
NC_006614.4	15207637	15207793	TTTCTTGCAAACTAAG-1	1
NC_006614.4	15207637	15207943	CTGTTCATCGTTCACC-1	1
NC_006614.4	15207640	15207948	CCTACTGGTGGGAACA-1	1
NC_006614.4	15207642	15207709	GAGGGAGCAATTGACT-1	4
NC_006614.4	15207642	15207720	CAATGTGGTTAGTGAT-1	2
NC_006614.4	15207642	15207723	CGAGCTGGTTTGCTGT-1	2
NC_006614.4	15207642	15207842	TATGACTCATCCATCT-1	1
NC_006614.4	15207642	15207903	TTATTGCTCAATGTGC-1	2
NC_006614.4	15207644	15207721	ATTTGCGCAAGTAAGC-1	1
NC_006614.4	15207644	15207840	GGTCAATTCAAAGGCA-1	1
NC_006614.4	15207645	15207683	GAAGCTAAGGCTACAT-1	1
NC_006614.4	15207645	15207694	GCCTTTGGTACTGATG-1	1
NC_006614.4	15207647	15207687	AAGCGCTGTTCCATTA-1	2
NC_006614.4	15207647	15207692	CCTGTTGGTCCAAATG-1	1
NC_006614.4	15207647	15207693	AGTCAAGAGCCTCTCG-1	1
NC_006614.4	15207647	15207699	GCTAGTGTCGTTTCTG-1	3
NC_006614.4	15207647	15207699	TTATCCTAGGACTTAC-1	1
NC_006614.4	15207647	15207721	GCCTGTGCAGAAACGT-1	1
NC_006614.4	15207647	15207723	GGGTATTTCCGTTATT-1	2
NC_006614.4	15207647	15207738	CCAAGGCTCATGTGGT-1	1
NC_006614.4	15207647	15207757	TAGTGGCGTAGGATCC-1	1
NC_006614.4	15207647	15207778	TGATTGCAGGTTTGCG-1	1
NC_006614.4	15207647	15207798	CTCCCTGAGTTACCGG-1	1
NC_006614.4	15207647	15207841	ACCCGCTGTGATCAGC-1	2
NC_006614.4	15207647	15207841	TCCTGGTTCTAGCTAA-1	1
NC_006614.4	15207647	15207851	GGAAGCTAGGTCCTAG-1	3
NC_006614.4	15207647	15207940	GGGATTAAGGCCGGAA-1	1
NC_006614.4	15207647	15208107	CCAGGATGTCTAACAG-1	1
NC_006614.4	15207647	15208191	CCTAAGTAGCTATTGA-1	1
NC_006614.4	15207649	15207742	TGTTATGAGCTGTACG-1	1
NC_006614.4	15207649	15207774	TACTTGTTCCGCCTAT-1	1
NC_006614.4	15207649	15207788	GTTCTTGTCAGGTCCA-1	1
NC_006614.4	15207649	15207808	CGTGTGTCAGCATGGA-1	1
NC_006614.4	15207652	15207693	ATCAGGTTCCGCAAAT-1	1
NC_006614.4	15207652	15207716	AGTCAATGTCATGCCC-1	2
NC_006614.4	15207652	15207841	CAATCCCTCTGTTCAT-1	1
NC_006614.4	15207652	15207842	AACATAGCAAGGCCAA-1	1
NC_006614.4	15207652	15208355	AGTCCTTGTTAGTGAT-1	1
NC_006614.4	15207654	15207692	AAGCCTTAGGCGGGTA-1	1
NC_006614.4	15207654	15207692	CCCAATTGTGTAATAC-1	1
NC_006614.4	15207654	15207709	ACGTTGTAGAAAGCAT-1	1
NC_006614.4	15207654	15207711	ACGATTCAGTAAACCC-1	1
NC_006614.4	15207654	15207728	GCAAACCGTTAACAGT-1	1
NC_006614.4	15207654	15207754	ACTAACCAGAGAAGGG-1	1
NC_006614.4	15207654	15207799	CGTATTGCAAGTAAGC-1	2
NC_006614.4	15207654	15207859	ACCTTCCAGAGGGACT-1	1
NC_006614.4	15207654	15207908	GTTCTCATCCCTCACG-1	1
NC_006614.4	15207654	15207962	GTTAGGCGTGAGCACT-1	1
NC_006614.4	15207656	15208060	AAGTAGCCACATTAAC-1	1
NC_006614.4	15207659	15207693	AATGGCGCATCCTGAA-1	3
NC_006614.4	15207659	15207752	TAACCGGTCGGGATTT-1	1
NC_006614.4	15207659	15207849	CCTGATGAGTTAGCCG-1	1
NC_006614.4	15207659	15207988	GAGTTGCGTTGTTCAC-1	3
NC_006614.4	15207659	15208021	CTCATTAGTGGGTGAA-1	2
NC_006614.4	15207659	15208039	TTTACGAAGACTAAGG-1	1
NC_006614.4	15207660	15207728	CGCGATTCAGGATAAC-1	2
NC_006614.4	15207660	15207742	ATGGCTGTCCCTTGCG-1	1
NC_006614.4	15207660	15207742	CGGTGAGAGCACTTGG-1	1
NC_006614.4	15207660	15207742	GCGATTTAGTAAACCC-1	2
NC_006614.4	15207660	15207756	CACATACAGTAGCCAT-1	1
NC_006614.4	15207660	15207768	GAGTCATTCTTGCTAT-1	1
NC_006614.4	15207660	15207960	CGGCCATAGCCGCTAA-1	2
NC_006614.4	15207662	15207830	TGGCCTGCAGCAAATA-1	1
NC_006614.4	15207665	15207721	CATTGTGCACTTACAG-1	1
NC_006614.4	15207665	15207773	CTTGACGAGTGCACGC-1	2
NC_006614.4	15207667	15207728	AAGTTTGTCAGCAAAG-1	2
NC_006614.4	15207667	15207728	GATCACTAGTAGAGGC-1	1
NC_006614.4	15207667	15207752	TAGTCAATCACAGGAA-1	1
NC_006614.4	15207667	15207815	GACCTGCAGCTCAAAC-1	1
NC_006614.4	15207668	15207721	GGGTTACGTGCATTAG-1	1
NC_006614.4	15207676	15207728	CCGCACACATAGTCAT-1	1
NC_006614.4	15207677	15207770	GCGCAAACACAACAGG-1	1
NC_006614.4	15207677	15207780	TAAGCTATCGTTAACA-1	1
NC_006614.4	15207677	15207789	AGTCCTTGTTAGTGAT-1	3
NC_006614.4	15207677	15207795	GTGCGGTTCAGCTAAC-1	1
NC_006614.4	15207677	15207809	TACGGTTAGGCGAAAC-1	2
NC_006614.4	15207677	15207859	TGCAATATCCTTCTAG-1	1
NC_006614.4	15207677	15207894	CATCAATCAATTATGC-1	1
NC_006614.4	15207677	15208013	GTTACGCCATTGTCAG-1	1
NC_006614.4	15207678	15207756	CCACAATAGGCTTAGT-1	1
NC_006614.4	15207678	15207770	AAAGCTTGTTTAGTCC-1	1
NC_006614.4	15207679	15207710	GCTGACATCTAACTGA-1	1
NC_006614.4	15207679	15207720	TCAAGGAAGTAGCCAT-1	1
NC_006614.4	15207679	15207742	AATAGCTGTAGGATCC-1	1
NC_006614.4	15207679	15207742	ATTGGTTCAAGTAAGC-1	1
NC_006614.4	15207679	15207752	GGTTGCATCCAGGAAA-1	3
NC_006614.4	15207679	15207842	ATCGCCCGTCCTTCAG-1	1
NC_006614.4	15207679	15207877	TTGTAAGTCTCGACCT-1	1
NC_006614.4	15207679	15207894	TAGGCTAGTACCGAAC-1	1
NC_006614.4	15207679	15207962	ATGTAAGCACTTAGGC-1	1
NC_006614.4	15207679	15208060	CCATAATCAATTATGC-1	1
NC_006614.4	15207679	15208089	CAAGAACCACTGACTA-1	1
NC_006614.4	15207679	15208107	GCTCTGTTCTTTGTAC-1	1
NC_006614.4	15207683	15207721	CAGTATGGTTCCTGTG-1	3
NC_006614.4	15207683	15207723	ATTCCGGAGCTTTGTT-1	2
NC_006614.4	15207683	15207961	ACACCTTGTAACCTAG-1	2
NC_006614.4	15207684	15207720	TCCATTGTCGAGCTAT-1	1
NC_006614.4	15207687	15207738	CCCAGTTTCATGCGTG-1	3
NC_006614.4	15207687	15207738	CCTTATGTCATGCGTG-1	1
NC_006614.4	15207687	15207752	GGTTTCTGTAGTAAGA-1	2
NC_006614.4	15207687	15207893	GGCCAACTCAGGAACA-1	2
NC_006614.4	15207687	15208087	GGCATGGAGGCAAGTA-1	1
NC_006614.4	15207688	15207737	GAGTTACTCCAAATCA-1	1
NC_006614.4	15207692	15207752	TAGCGCGGTTGCACAA-1	1
NC_006614.4	15207692	15207754	TAGGTTATCACAGACT-1	3
NC_006614.4	15207692	15207780	TGTCATAAGGAGGTTA-1	1
NC_006614.4	15207692	15207859	ACACTAGGTTAGCATG-1	1
NC_006614.4	15207692	15208064	TGGACAAAGTCTCACC-1	1
NC_006614.4	15207693	15207770	CCTAAATCATAAGTTC-1	1
NC_006614.4	15207693	15207840	GGTAACTTCGCTATAA-1	1
NC_006614.4	15207693	15207879	ACTGAAACAGGCATGA-1	1
NC_006614.4	15207693	15208056	GGCGATACATGAATCT-1	1
NC_006614.4	15207694	15207732	AGAACAAGTTTAACGG-1	1
NC_006614.4	15207694	15207748	AGCAATTGTCACAGCG-1	2
NC_006614.4	15207694	15207754	TTGTGTGCAGGCTGTT-1	1
NC_006614.4	15207694	15207757	CCGTGCTGTTGTTCAC-1	1
NC_006614.4	15207694	15207770	TGCATGAGTTAGCATG-1	2
NC_006614.4	15207694	15207777	TTAGTCAAGCCTTAAA-1	2
NC_006614.4	15207694	15207841	ATCTATGAGGGTGAGT-1	2
NC_006614.4	15207694	15207882	ATCAAGCTCCTCACAC-1	2
NC_006614.4	15207694	15207948	GGCTGTCAGACAACAG-1	1
NC_006614.4	15207699	15207770	CAGCATTAGCAGCTAT-1	3
NC_006614.4	15207699	15207840	GCCCAAATCGCACACA-1	1
NC_006614.4	15207702	15207782	CGCATATAGCTAATTG-1	1
NC_006614.4	15207704	15207738	AACCTCCTCGTGCTAG-1	1
NC_006614.4	15207704	15207767	TCTAGCGAGGACCTGC-1	1
NC_006614.4	15207704	15207770	CTTGCATGTTCGCGCT-1	4
NC_006614.4	15207704	15207789	GACCGTTCATAGACTT-1	1
NC_006614.4	15207704	15207842	TGGACTAGTGTTTCAC-1	1
NC_006614.4	15207704	15207861	AGCACTTAGGTTAGAG-1	2
NC_006614.4	15207704	15207931	AGGACTAAGTACTGGT-1	1
NC_006614.4	15207704	15208088	GCTAAGCGTTACCGGG-1	1
NC_006614.4	15207704	15208198	CGGTAACGTGATTACG-1	5
NC_006614.4	15207705	15207815	GTTACCTGTATTGGTG-1	1
NC_006614.4	15207707	15208036	GATAAGCCAAGGTACG-1	1
NC_006614.4	15207709	15207770	CAGCTCAAGGCTGTCA-1	1
NC_006614.4	15207709	15207810	AAACCGCGTGATGAAA-1	4
NC_006614.4	15207709	15207813	GTACTTAAGGTTAGAG-1	3
NC_006614.4	15207709	15207841	AAGTTAGCAGCTACGT-1	1
NC_006614.4	15207709	15207842	TGGTGCATCGTTTCGC-1	1
NC_006614.4	15207709	15207859	ACGTTGTAGAAAGCAT-1	4
NC_006614.4	15207709	15207944	TTTACGAAGCCACAAT-1	1
NC_006614.4	15207709	15207952	CTGATCACACATAGCC-1	1
NC_006614.4	15207711	15207770	GGACCGAAGCAAGACA-1	1
NC_006614.4	15207711	15207787	AGTAAGTAGTATGTGC-1	1
NC_006614.4	15207711	15207788	CCTGACTTCGCACACA-1	3
NC_006614.4	15207711	15207788	GAGCTTGTCCATAAGC-1	1
NC_006614.4	15207711	15207794	AGGAGCTAGTGAGGGT-1	1
NC_006614.4	15207711	15207797	CTAGGCGGTATTTGCC-1	1
NC_006614.4	15207711	15207840	TGATTAGTCTAATCCT-1	1
NC_006614.4	15207711	15207847	CTTGCGCGTTTGTCTA-1	1
NC_006614.4	15207712	15207841	GCGATATTCCTAAGAC-1	2
NC_006614.4	15207712	15207841	TGTGATCAGGCATGAA-1	1
NC_006614.4	15207714	15207851	TTGACGTAGCAAGGTA-1	1
NC_006614.4	15207715	15207752	ACTTGAATCCCGTTTA-1	1
NC_006614.4	15207715	15207830	GGGTCAACAGGAAGCC-1	1
NC_006614.4	15207716	15207815	TGAGCTTAGCTTGCTC-1	1
NC_006614.4	15207719	15207752	TCTACCTCATGGCCCA-1	1
NC_006614.4	15207719	15207840	GTAAAGCCATGCATAT-1	1
NC_006614.4	15207721	15207765	AGGATATAGGACAACA-1	2
NC_006614.4	15207721	15207770	GATGCATTCGTTATAG-1	1
NC_006614.4	15207721	15207788	GATTGATGTGAATCGC-1	1
NC_006614.4	15207721	15207789	TCCTGGTTCTAGCTAA-1	1
NC_006614.4	15207721	15207795	TTTGGTGCAGGACCAA-1	2
NC_006614.4	15207721	15207799	GGTGAGGTCATAACTG-1	1
NC_006614.4	15207721	15207847	TTTGTCCCAGAACCGA-1	1
NC_006614.4	15207721	15207853	GCTAAGCGTCATAGAT-1	1
NC_006614.4	15207721	15207908	GTATCGCCAAGGTAAC-1	1
NC_006614.4	15207722	15208049	TGGACTAGTTCACCAT-1	1
NC_006614.4	15207723	15207754	ACAGGAATCATGCTTT-1	1
NC_006614.4	15207723	15207757	ATATGCTCACCTAATG-1	2
NC_006614.4	15207723	15207799	GGGCCTAGTCCGGTTC-1	1
NC_006614.4	15207723	15207847	GGTTGCATCCAGGAAA-1	1
NC_006614.4	15207723	15207851	CGCAATAGTCATCAAG-1	1
NC_006614.4	15207723	15207853	CCATAAATCATTGACA-1	1
NC_006614.4	15207723	15207853	CCCTGTTAGCTTAGCG-1	2
NC_006614.4	15207723	15208044	ACAGGAATCATGCTTT-1	3
NC_006614.4	15207723	15208049	AACTTAGTCGCTAGAT-1	2
NC_006614.4	15207726	15207795	TCCTAGTGTGACATAT-1	2
NC_006614.4	15207726	15208056	CACTGACCAAATACCT-1	1
NC_006614.4	15207726	15208119	GCTGAGGAGCTAATCA-1	1
NC_006614.4	15207728	15207770	CAGCATTAGGCATTAC-1	4
NC_006614.4	15207728	15207778	GCGTGCTAGTAAGAAC-1	1
NC_006614.4	15207728	15207778	TGGGCCTAGCATTTCT-1	1
NC_006614.4	15207728	15207793	TGTCCTGGTTTGGGTA-1	2
NC_006614.4	15207728	15207794	TACTCAAAGCTTTGGG-1	1
NC_006614.4	15207728	15207812	TTGGATCAGGCATTGT-1	4
NC_006614.4	15207728	15207841	ACTGAAACACTGACTA-1	1
NC_006614.4	15207728	15207859	CAGTACCCAATGCGCT-1	2
NC_006614.4	15207728	15208015	TCCTCACAGGACCTGC-1	1
NC_006614.4	15207734	15207794	TCCTTAGTCCCTGGAA-1	1
NC_006614.4	15207734	15207795	TGTAATGTCTTAGGGT-1	1
NC_006614.4	15207734	15207799	GCCTGAGGTGAAACAA-1	1
NC_006614.4	15207734	15207802	TGCTTGTGTGCTCCGT-1	1
NC_006614.4	15207734	15207842	AGAGAAGCATACCCGG-1	2
NC_006614.4	15207737	15207789	TTAAGCCAGGCAAGTA-1	2
NC_006614.4	15207737	15207812	GATTAAGCAGTTAAAG-1	1
NC_006614.4	15207737	15207841	ACCATTAAGCTTTGTT-1	1
NC_006614.4	15207737	15207841	TTTGTCCCACGTAAGG-1	2
NC_006614.4	15207742	15207788	ACGCACGGTAATCGGC-1	3
NC_006614.4	15207742	15207789	ACCCTGTTCATAAGCC-1	1
NC_006614.4	15207742	15207789	ATGACTCAGCCTGTTC-1	1
NC_006614.4	15207742	15207793	CCTTATGTCTATCGCC-1	2
NC_006614.4	15207742	15207794	AATCCTAAGGAGTCTT-1	1
NC_006614.4	15207742	15207798	AGCTTAATCCGCCTCA-1	1
NC_006614.4	15207742	15207799	AGCCGGTTCATGCAAC-1	1
NC_006614.4	15207742	15207799	GTCCTCAGTAGCAGCT-1	2
NC_006614.4	15207742	15207801	GTTAAGTGTCATTGAG-1	1
NC_006614.4	15207742	15207804	TATGACATCGCACACA-1	1
NC_006614.4	15207742	15207804	TCCTAGTGTATTTGCC-1	3
NC_006614.4	15207742	15207810	GCCCATAAGCTGGACC-1	1
NC_006614.4	15207742	15207823	TTGGATCAGGCATTGT-1	1
NC_006614.4	15207742	15207841	TGGTTAATCCAGGTTG-1	1
NC_006614.4	15207742	15207860	TCACTGACACTAGGTC-1	1
NC_006614.4	15207742	15207883	GCCTTAACAACCCTCC-1	1
NC_006614.4	15207742	15207889	GCGTAACGTGTTGCAA-1	1
NC_006614.4	15207742	15207899	GACCTGCAGCAAGATG-1	3
NC_006614.4	15207742	15207908	GATGCTTAGCACCACA-1	1
NC_006614.4	15207742	15207971	AGATGCTTCTCCATAT-1	2
NC_006614.4	15207742	15208038	GAGTTACTCGAGCTAT-1	3
NC_006614.4	15207742	15208087	CTTTAGTTCACAGCCA-1	1
NC_006614.4	15207742	15208148	AATGCGCGTACCGGAT-1	1
NC_006614.4	15207752	15207789	CGTCAATAGCATGAAG-1	1
NC_006614.4	15207752	15207795	ACCCGCTGTGTTTCAC-1	1
NC_006614.4	15207752	15207810	GTCCTCAGTTAGGCTA-1	1
NC_006614.4	15207752	15207842	AAGTTTGTCAGCAAAG-1	2
NC_006614.4	15207752	15207842	AGGTTTATCCAACTGG-1	2
NC_006614.4	15207752	15207971	ACGAGTAAGGAAGCTA-1	2
NC_006614.4	15207752	15208167	TGGTTGAGTTTCGCGC-1	1
NC_006614.4	15207752	15208450	CTGACCAAGGTGCGGA-1	1
NC_006614.4	15207754	15207809	CATGCATAGGCGTAAA-1	1
NC_006614.4	15207755	15207901	TCCATCATCCTCGATC-1	2
NC_006614.4	15207757	15207794	CGAGGAAGTATTGGAT-1	1
NC_006614.4	15207757	15207798	CCAAATCAGGTGCGGA-1	1
NC_006614.4	15207767	15207956	GACACCGGTGATGATT-1	2
NC_006614.4	15207769	15207838	TGGGCCTAGCCGGTAC-1	2
NC_006614.4	15207770	15207805	TCACATAAGCCTCTGT-1	2
NC_006614.4	15207770	15207807	GCAGCTATCCTCATCA-1	1
NC_006614.4	15207770	15207810	AACATAGCAAGGCCAA-1	1
NC_006614.4	15207770	15207810	AATTAGCGTCCTAAGA-1	2
NC_006614.4	15207770	15207840	ACTCCTCAGTCACCAG-1	1
NC_006614.4	15207770	15207841	CAGGACACACCTAATG-1	1
NC_006614.4	15207770	15207848	TATTAGGTCGTAATCA-1	1
NC_006614.4	15207770	15207859	CCTTCGTAGGGTGAGT-1	1
NC_006614.4	15207770	15207882	CATCCTGGTTCCTGTG-1	1
NC_006614.4	15207770	15207889	ATATAGGCAATAAGCA-1	1
NC_006614.4	15207770	15207889	GGAACTAAGGAACGCG-1	3
NC_006614.4	15207770	15207894	CGAAGGCCACAACCTA-1	1
NC_006614.4	15207770	15207943	CAACTAGGTAAAGCAA-1	1
NC_006614.4	15207771	15207804	AGAAAGGCACGTGCTG-1	2
NC_006614.4	15207771	15207835	TGTCCTGGTTTGGGTA-1	1
NC_006614.4	15207772	15207810	CGAACCGGTAGGTTAT-1	3
NC_006614.4	15207772	15207952	CAGTACCCACAAACTT-1	2
NC_006614.4	15207774	15207841	TTAAGCCAGGCTAATC-1	1
NC_006614.4	15207778	15207808	TGACTTAAGAAAGGAA-1	1
NC_006614.4	15207778	15207898	TGAACAACAAAGGCCA-1	1
NC_006614.4	15207778	15207906	GCGGATACAGAATGAC-1	1
NC_006614.4	15207779	15207841	CCCAAACCATAGTCAT-1	1
NC_006614.4	15207780	15207840	AGTCTTGCACAACAAA-1	1
NC_006614.4	15207782	15207808	GGTCCGTAGTTTGCGG-1	1
NC_006614.4	15207782	15207917	CCAGCTAAGCTATTGA-1	1
NC_006614.4	15207782	15207943	AACAAGCCACGTAATT-1	2
NC_006614.4	15207784	15207841	GGCTGAGAGCAAGGGT-1	2
NC_006614.4	15207787	15207830	GCAAACAAGCAAGATG-1	1
NC_006614.4	15207787	15207853	TTTGTCCCAGAACCGA-1	1
NC_006614.4	15207787	15208161	TTTGACTTCGCACACA-1	2
NC_006614.4	15207788	15207840	TCGGTTTGTGTTAGCA-1	3
NC_006614.4	15207788	15207851	ATTGCACAGGATTGAG-1	3
NC_006614.4	15207788	15207851	CAATGCCCATTAAGCT-1	2
NC_006614.4	15207788	15207851	TTGGGCGGTATTGTGG-1	1
NC_006614.4	15207788	15207926	GAGCTTGTCCATAAGC-1	1
NC_006614.4	15207788	15207960	TCCGGTTTCATAACGC-1	2
NC_006614.4	15207788	15207992	TATGACATCAAGTGTC-1	1
NC_006614.4	15207788	15208056	GAACCGCTCCAAACAC-1	1
NC_006614.4	15207789	15207823	AGATGAAGTCCGTGAG-1	1
NC_006614.4	15207789	15207840	TTAAGCCAGGCAAGTA-1	1
NC_006614.4	15207789	15207840	TTGCACACATGTGGGA-1	1
NC_006614.4	15207789	15207841	TCCATTGTCGTTACTT-1	1
NC_006614.4	15207789	15207851	TCAGCGATCGGCCATA-1	3
NC_006614.4	15207789	15207864	ACGCCTAAGCCTAATA-1	2
NC_006614.4	15207789	15207909	AGACAATAGCTGGCTA-1	1
NC_006614.4	15207789	15207943	GGAAGTATCTAATTGG-1	2
NC_006614.4	15207789	15208343	AGCTATATCTTAGTGA-1	1
NC_006614.4	15207792	15207842	GGTCAAGCAAGGTCCT-1	2
NC_006614.4	15207793	15207830	CTATTGAAGGCGGGTA-1	1
NC_006614.4	15207793	15207859	AAAGCTTGTAATCGGC-1	2
NC_006614.4	15207793	15207894	CTGTTCATCCTGGTCT-1	1
NC_006614.4	15207793	15207952	TGAGGTGCATAAGCAA-1	2
NC_006614.4	15207794	15207841	GATTGTTCACAGAAAC-1	1
NC_006614.4	15207794	15207841	TGACTTAAGGCCTTAG-1	1
NC_006614.4	15207794	15207869	TTTAGCTTCATTACTC-1	3
NC_006614.4	15207794	15207901	GAGTGAGGTCTAACAG-1	1
NC_006614.4	15207794	15207941	CTATTCAGTCAAGACC-1	1
NC_006614.4	15207794	15208056	TATATCCTCATTACAG-1	2
NC_006614.4	15207794	15208137	GGTAACTTCAGGATGA-1	1
NC_006614.4	15207795	15207841	CAACTAATCCCGTTAC-1	2
NC_006614.4	15207795	15207860	AGTAGCTTCTATGACA-1	1
NC_006614.4	15207795	15207890	ACCCAACCACAATACT-1	1
NC_006614.4	15207796	15207841	TAGGAGGGTTTCAGGA-1	1
NC_006614.4	15207796	15207859	AGAACAAGTTTAACGG-1	1
NC_006614.4	15207798	15207841	ACTTATGAGGAACACA-1	2
NC_006614.4	15207798	15207841	CAAATCATCTAAGTCA-1	1
NC_006614.4	15207798	15207861	CGTTGCAAGCGGATAA-1	1
NC_006614.4	15207798	15207883	GCGTGCTAGTAAGAAC-1	3
NC_006614.4	15207798	15207894	GGCATTGTCTAGCTTT-1	1
NC_006614.4	15207798	15207897	TCCTGTTCAGGCTGTT-1	1
NC_006614.4	15207798	15207900	GTGTGTTAGTTGGCCA-1	2
NC_006614.4	15207798	15208009	TTTACGAAGGAACGCG-1	1
NC_006614.4	15207799	15207840	GTGAGCGAGCCGCAGT-1	1
NC_006614.4	15207799	15207840	TGATTCAAGCAAGGTA-1	1
NC_006614.4	15207799	15207841	CGCCACACAGGTCCTG-1	1
NC_006614.4	15207799	15207841	GTTAAGCTCACATTGA-1	2
NC_006614.4	15207799	15207988	GAGCGAAGTGCAATGC-1	1
NC_006614.4	15207799	15208013	CAAGCTAGTTCGGTAA-1	1
NC_006614.4	15207800	15207840	TGAGCTTAGCTTGCTC-1	1
NC_006614.4	15207800	15208137	TAAGTAGCAAGGATTA-1	3
NC_006614.4	15207804	15207841	GTTCTTGTCTAGCTAA-1	1
NC_006614.4	15207804	15207853	GAGCAAATCGCTTCTA-1	1
NC_006614.4	15207804	15207917	CGCCACACAGGTCCTG-1	1
NC_006614.4	15207805	15207840	TGTAAGCTCCAAATCA-1	1
NC_006614.4	15207805	15208107	TTTCCACCAGCTCAAC-1	1
NC_006614.4	15207808	15207836	AGGATATAGGACAACA-1	1
NC_006614.4	15207808	15207841	GATTAGCTCCTCAGTC-1	2
NC_006614.4	15207808	15207841	GCCATTACAACTAGGG-1	2
NC_006614.4	15207808	15207841	TTGGGCCAGCATGCAT-1	3
NC_006614.4	15207808	15207847	GCCTGTGCAGAAACGT-1	1
NC_006614.4	15207808	15207849	CCTTCGTAGGGTGAGT-1	2
NC_006614.4	15207808	15207853	CGTGACATCCGTGACA-1	1
NC_006614.4	15207808	15207877	AACAGGATCACAGGAA-1	1
NC_006614.4	15207808	15207889	TATAACCCACCTCACC-1	1
NC_006614.4	15207808	15207894	CGATCCTTCTAGCGTG-1	1
NC_006614.4	15207808	15207915	GGTTGCGGTATTACCC-1	2
NC_006614.4	15207808	15208365	CGCCACACAGGTCCTG-1	1
NC_006614.4	15207809	15207841	TATAACCCACCTCACC-1	1
NC_006614.4	15207809	15207899	ATAAGCCTCATTAGTG-1	1
NC_006614.4	15207810	15207853	TGAAGGATCACAGACT-1	1
NC_006614.4	15207810	15207859	ACGAGTAAGCTGTAAC-1	2
NC_006614.4	15207810	15207889	ATTCGTTTCAAACCGT-1	2
NC_006614.4	15207810	15207983	TCAAGGAAGCTAATCA-1	1
NC_006614.4	15207810	15208021	ACATTAGTCTAATCTC-1	2
NC_006614.4	15207810	15208044	GCTTCGCGTTAACAGT-1	1
NC_006614.4	15207810	15208137	TCATTGTTCGCCTGTT-1	1
NC_006614.4	15207812	15207851	GATTGATGTGAATCGC-1	1
NC_006614.4	15207812	15207869	TATAGCTCAGGTTATT-1	1
NC_006614.4	15207812	15207887	GCTAAGCGTTACCGGG-1	1
NC_006614.4	15207812	15207901	CAGCTATAGCGGTTAT-1	1
NC_006614.4	15207812	15207918	CGAAGTAAGTTCCTGC-1	1
NC_006614.4	15207812	15208103	CGCACAATCGAGGAAC-1	1
NC_006614.4	15207813	15208056	GCTAGCGGTCGTAAAT-1	3
NC_006614.4	15207813	15208107	GGTTGCATCCAGGAAA-1	1
NC_006614.4	15207814	15207906	GTACTTAAGGTTAGAG-1	4
NC_006614.4	15207814	15207993	GGAGGTTAGCGAGCGA-1	1
NC_006614.4	15207815	15207851	GCAGGCAAGCAAGGAC-1	1
NC_006614.4	15207815	15207917	GACATTATCTTGCAGG-1	1
NC_006614.4	15207823	15208049	CATAGGTTCAAACCTA-1	1
NC_006614.4	15207826	15207853	GATTATGTCTAATTGG-1	1
NC_006614.4	15207828	15207901	ACGAACAAGACAGGTA-1	4
NC_006614.4	15207830	15208061	CAGCTCAAGGCTGTCA-1	1
NC_006614.4	15207831	15207861	CAACTAATCGTCCTTA-1	1
NC_006614.4	15207832	15207877	CAGAATCTCATGCGTG-1	1
NC_006614.4	15207832	15207908	TTAGCAGGTCACACCC-1	1
NC_006614.4	15207838	15208098	TATTGACCAGCCAGAA-1	3
NC_006614.4	15207840	15207889	CCCGCTTCATAATCGT-1	1
NC_006614.4	15207840	15207894	AGCTAGTTCCCGTTAC-1	1
NC_006614.4	15207840	15207909	GGCTAGTGTTCCTGAT-1	1
NC_006614.4	15207840	15207959	CAGCTCAAGGCTGTCA-1	1
NC_006614.4	15207840	15208046	TACTCGCTCCTCATGC-1	3
NC_006614.4	15207840	15208061	CGGTAACGTGCTCACC-1	1
NC_006614.4	15207840	15208061	TGATTCAAGCAAGGTA-1	1
NC_006614.4	15207840	15208108	TGATTAGTCTAATCCT-1	1
NC_006614.4	15207840	15208114	GCTTCGCGTTAACAGT-1	2
NC_006614.4	15207840	15208152	GAGCGATAGCATGACT-1	1
NC_006614.4	15207841	15207886	TGCATCCTCTTAGTGA-1	2
NC_006614.4	15207841	15207888	ACTAGGCGTACCTTAC-1	1
NC_006614.4	15207841	15207888	CCCAGCACAGGAACTG-1	3
NC_006614.4	15207841	15207889	TGAGCTTAGCTTGCTC-1	2
NC_006614.4	15207841	15207899	CCAAATCAGGTGCGGA-1	1
NC_006614.4	15207841	15207908	AGCTAACTCATGTCAA-1	1
NC_006614.4	15207841	15207908	GTACTTAAGGTTAGAG-1	1
NC_006614.4	15207841	15207929	TTGACATCAGTTATGT-1	1
NC_006614.4	15207841	15207952	TAGCCTGAGAAGGTGC-1	1
NC_006614.4	15207841	15207962	TAATCCGCACAGAAAC-1	1
NC_006614.4	15207841	15207987	AAGTTTGTCAGCAAAG-1	1
NC_006614.4	15207841	15207987	TGGACGGAGGCACAGG-1	1
NC_006614.4	15207841	15207993	AAGTAGCCAGGTTCAC-1	1
NC_006614.4	15207841	15208049	TATGCATCACAGGGAC-1	1
NC_006614.4	15207841	15208056	TATAACCCACCTCACC-1	1
NC_006614.4	15207841	15208355	AAGCCTTAGCATGGTT-1	1
NC_006614.4	15207842	15207879	AGGCAATCACTAAGAA-1	2
NC_006614.4	15207842	15207889	GTGCGGTTCAGCTAAC-1	1
NC_006614.4	15207842	15207897	CTCTATGTCTTTAGGA-1	1
NC_006614.4	15207842	15207900	ATAGGTACAGAAACGT-1	2
NC_006614.4	15207842	15207905	GTAAGCGCAGCATGTC-1	1
NC_006614.4	15207842	15207908	GGGTGTTGTAGTTAAC-1	1
NC_006614.4	15207842	15207943	TTCAGGTAGAGAAGGG-1	1
NC_006614.4	15207842	15207961	GTGCAAGCATCCCGCT-1	2
NC_006614.4	15207842	15207962	TTCATTCAGGTTACAC-1	1
NC_006614.4	15207842	15207971	CTGGTAAGTTAATGAC-1	1
NC_006614.4	15207842	15207971	GCTGTACCAATAAGCA-1	1
NC_006614.4	15207842	15208119	TCGTAATCAGTTAGCC-1	1
NC_006614.4	15207842	15208254	GGCGGTTTCTCAATGA-1	1
NC_006614.4	15207842	15208366	CATGCAAGTGTCCAGG-1	1
NC_006614.4	15207849	15207894	CCTGATGAGTTAGCCG-1	1
NC_006614.4	15207851	15207890	CAATGCCCATTAAGCT-1	1
NC_006614.4	15207851	15207890	CAGCTCAAGGCTGTCA-1	2
NC_006614.4	15207851	15207894	TACTTGTTCCGCCTAT-1	1
NC_006614.4	15207851	15207898	TTTCCTGAGGCCGGAA-1	1
NC_006614.4	15207851	15207908	CGAATCTAGGTAACGA-1	1
NC_006614.4	15207851	15207909	TAGGCTTAGGACCAGG-1	3
NC_006614.4	15207851	15207941	TTCCCACAGTGAGCAA-1	1
NC_006614.4	15207851	15207961	ACAGCCGGTAACTACG-1	1
NC_006614.4	15207851	15207971	TGGCCAATCGTCAAGT-1	2
NC_006614.4	15207851	15208005	TCTCCTCGTTGAGGTC-1	1
NC_006614.4	15207853	15207931	GTACTTCGTCGACTCC-1	1
NC_006614.4	15207853	15207948	ACTTGTAAGCCAAATC-1	2
NC_006614.4	15207853	15207967	GGTCCGTAGCCATCAG-1	1
NC_006614.4	15207853	15207978	CTGGCTAAGTTCCTGC-1	1
NC_006614.4	15207853	15207992	GCACCTAAGCCGCAAC-1	1
NC_006614.4	15207857	15207899	TGCATGAGTGTTAGCA-1	1
NC_006614.4	15207859	15207894	ATCATGTCATCCATCT-1	1
NC_006614.4	15207859	15207894	CGTTAGGTCAGCACCA-1	3
NC_006614.4	15207859	15207908	AAGCAAGTCCAAATCA-1	1
NC_006614.4	15207859	15207960	ACCCAGGGTTATCCGT-1	1
NC_006614.4	15207859	15207962	GATCACTAGCGCCTAA-1	1
NC_006614.4	15207859	15207971	TGATTGCAGGTTTGCG-1	2
NC_006614.4	15207859	15207978	GAGTTGCGTTCCGGCT-1	1
NC_006614.4	15207859	15208070	GTACTTAAGAATCGCT-1	1
NC_006614.4	15207859	15208170	AGCCGCTAGGAGCATA-1	1
NC_006614.4	15207861	15207969	TGGTGATTCGCACACA-1	2
NC_006614.4	15207861	15207999	TTGGATTCAATTGACT-1	2
NC_006614.4	15207861	15208203	GTAAGCAAGCACGATT-1	3
NC_006614.4	15207863	15207901	GAACTTATCTTGACCC-1	1
NC_006614.4	15207863	15208323	GTCAGGCTCAGAAACG-1	1
NC_006614.4	15207864	15207899	TTTCCGGGTAGCTAAT-1	2
NC_006614.4	15207864	15207908	CCTTACTCAATTAGGA-1	1
NC_006614.4	15207864	15207988	GGCATTGTCTAGCTTT-1	1
NC_006614.4	15207864	15208108	GCCCAAATCGCACACA-1	2
NC_006614.4	15207864	15208293	ATTGCACAGGATTGAG-1	1
NC_006614.4	15207869	15207960	ACACGGACAGAAATTG-1	1
NC_006614.4	15207869	15207998	GACTTGGTCACAGACT-1	1
NC_006614.4	15207871	15207908	GCGTGCTAGTAAGAAC-1	1
NC_006614.4	15207871	15208132	GCAAACCGTTAACAGT-1	2
NC_006614.4	15207877	15207931	AAAGGTTAGCATTATG-1	1
NC_006614.4	15207877	15208056	GTGCTCCGTTCGGTAA-1	2
NC_006614.4	15207879	15207941	AGGCAATCATTTGCTC-1	2
NC_006614.4	15207879	15207941	CTTGCGCGTGAGGTGA-1	1
NC_006614.4	15207879	15207952	ACTTGTAAGCTTTGTT-1	1
NC_006614.4	15207879	15207969	AAGTAGCCACCCTCAC-1	1
NC_006614.4	15207879	15208103	GATTGGCGTTTCAGGA-1	1
NC_006614.4	15207879	15208107	ACTTGTAAGCTTTGTT-1	1
NC_006614.4	15207879	15208176	GAGTATCTCTAAATCG-1	1
NC_006614.4	15207882	15207944	GTCATGCCAAGTTATC-1	2
NC_006614.4	15207882	15208049	CAAGACAAGTTTGGTA-1	1
NC_006614.4	15207882	15208101	GCTAAGAAGCTAAAGG-1	1
NC_006614.4	15207882	15208200	CCCAATTGTGTTTGTC-1	2
NC_006614.4	15207882	15208355	TAAGGCTTCGTTACTT-1	1
NC_006614.4	15207882	15208367	TATATCCTCAAACCTA-1	1
NC_006614.4	15207883	15208108	GCGCCTTGTTCCTGTG-1	1
NC_006614.4	15207884	15208135	GTCAGGCTCACTAAGC-1	2
NC_006614.4	15207887	15208107	GCCTTAGAGTTTGCGG-1	1
NC_006614.4	15207887	15208109	GGAGCATAGTTTAACG-1	1
NC_006614.4	15207887	15208352	CGGACCTAGCGAGTAA-1	1
NC_006614.4	15207888	15208108	GAGCTTAGTTTGAGGC-1	1
NC_006614.4	15207889	15207941	TACTTGTTCAATCTCT-1	2
NC_006614.4	15207889	15207976	ATTTAGGTCTGGCAAT-1	1
NC_006614.4	15207889	15207992	GCAGGCTTCCGGGACT-1	1
NC_006614.4	15207889	15208098	GCAGGCAAGCTCAATA-1	1
NC_006614.4	15207894	15207948	GACCTGATCCAATTAG-1	1
NC_006614.4	15207894	15207961	CCTTGTTCATAGACTT-1	1
NC_006614.4	15207894	15207969	GCAAACTTCATGCTTT-1	1
NC_006614.4	15207894	15207987	CACTTAAAGACTTACA-1	1
NC_006614.4	15207894	15207992	GTTAACGGTCTTTGAC-1	2
NC_006614.4	15207894	15208061	TAGGCTAGTACCGAAC-1	1
NC_006614.4	15207894	15208090	GGCTTAAGTTAATCGG-1	1
NC_006614.4	15207894	15208108	AGACAATAGCAGGTTT-1	1
NC_006614.4	15207894	15208402	ACCCGCTGTCATAACG-1	2
NC_006614.4	15207894	15208475	TTACCTGTCTTTAAGG-1	2
NC_006614.4	15207897	15208098	TAGCGGCTCAATGTCA-1	2
NC_006614.4	15207897	15208355	TGACTCCTCAGTATTG-1	1
NC_006614.4	15207899	15208045	ATAACGACATACTCCT-1	1
NC_006614.4	15207900	15208056	AGTCAGGCAAATTCGT-1	1
NC_006614.4	15207900	15208383	ATAGGTACAGAAACGT-1	1
NC_006614.4	15207901	15207966	CAGCTATAGCGGTTAT-1	1
NC_006614.4	15207902	15207971	GTAAGCTTCCCGTTGT-1	1
NC_006614.4	15207903	15208061	ATTGAAGCATTAGGCC-1	1
NC_006614.4	15207906	15207992	GCCAATTAGGTAAGGC-1	1
NC_006614.4	15207908	15207943	GCGCTAGGTAAGGTTT-1	3
NC_006614.4	15207908	15207960	ATATAGGCAATAAGCA-1	1
NC_006614.4	15207908	15207961	AACAAGCCAACCCTAA-1	1
NC_006614.4	15207908	15207961	CGCAATTAGGCGTAAA-1	3
NC_006614.4	15207908	15207962	CATAATGTCTCCTCAA-1	2
NC_006614.4	15207908	15207973	AAGCTATGTCCCGAAG-1	1
NC_006614.4	15207908	15207978	GCCAACATCCTTCTAG-1	2
NC_006614.4	15207908	15208046	CCTATTGTCATCAGTA-1	1
NC_006614.4	15207908	15208046	CGAGGTGAGCTCGCTT-1	1
NC_006614.4	15207908	15208051	TCTTCAAGTAGGTTGC-1	1
NC_006614.4	15207908	15208119	ACAGTATGTTACCGGG-1	1
NC_006614.4	15207908	15208135	TAGCTAGGTAATGACT-1	1
NC_006614.4	15207908	15208166	CTTTGGGAGTGAGCGG-1	1
NC_006614.4	15207908	15208206	GCTCATTGTGAGCGAA-1	2
NC_006614.4	15207908	15208254	AAGCTCCCAAACGGGC-1	1
NC_006614.4	15207908	15208375	GCTTACCTCGCTAAAC-1	1
NC_006614.4	15207908	15208480	GCAGGAAGTGCTTTAC-1	1
NC_006614.4	15207909	15207962	TGTATCGCACAAAGGT-1	2
NC_006614.4	15207909	15208293	AGTCCTGAGGAACACA-1	1
NC_006614.4	15207909	15208408	GTAAGCTTCAATAGCC-1	1
NC_006614.4	15207910	15208097	CATTGTGCAATCATGT-1	1
NC_006614.4	15207916	15207961	ACCCAGGGTGTCCAGG-1	1
NC_006614.4	15207916	15208070	TTTCCGGGTAGCTAAT-1	1
NC_006614.4	15207916	15208137	GAGCTTAGTGAATCGC-1	2
NC_006614.4	15207916	15208388	CTTGTCCAGGAACACA-1	1
NC_006614.4	15207917	15207971	CTCTCACAGGTCGAGG-1	1
NC_006614.4	15207924	15207992	TCAGCGATCGGCCATA-1	1
NC_006614.4	15207924	15208091	TGAAACTGTGGTTAGC-1	1
NC_006614.4	15207926	15207962	CTTGACGAGTGCACGC-1	2
NC_006614.4	15207926	15208078	TTGTTCCCATAAGTTC-1	1
NC_006614.4	15207929	15208274	TTGACATCAGTTATGT-1	1
NC_006614.4	15207932	15208108	AGCCAGTGTATTCGTC-1	1
NC_006614.4	15207933	15207971	CGGGACAAGCCGGTAC-1	1
NC_006614.4	15207934	15207971	GTAGTTATCGTACCGA-1	1
NC_006614.4	15207934	15207976	CCAGCTAAGCTATTGA-1	1
NC_006614.4	15207934	15208056	TGTGCAAGTTAGTTGG-1	1
NC_006614.4	15207936	15207992	CGAGCTGGTTAGAGGG-1	2
NC_006614.4	15207937	15208023	GTTGCTGAGTTTAACG-1	2
NC_006614.4	15207937	15208269	GTGAGCGAGCCGCAGT-1	1
NC_006614.4	15207942	15207992	TCAAGACTCCCTCAAC-1	1
NC_006614.4	15207942	15208049	GACACCGGTGATGATT-1	1
NC_006614.4	15207942	15208168	ACTCACCTCAGTGAAG-1	1
NC_006614.4	15207943	15208152	CACGCAATCAAGCCTG-1	1
NC_006614.4	15207946	15207992	AGTTACATCTGGTCCT-1	3
NC_006614.4	15207946	15207993	CGGCTCACATAATGTC-1	1
NC_006614.4	15207946	15208056	AAACCGCGTGCTCCAC-1	2
NC_006614.4	15207946	15208060	ATTTAGCCAGGCTTCG-1	2
NC_006614.4	15207946	15208384	AATTGACGTTATCCTA-1	1
NC_006614.4	15207948	15208031	GGAGGTTAGGCTGTGC-1	1
NC_006614.4	15207948	15208293	CGATTTGCAGCACCAT-1	2
NC_006614.4	15207950	15208338	TTTAACGAGGTTTACA-1	1
NC_006614.4	15207951	15208090	CTTCACTCATTGTTGG-1	1
NC_006614.4	15207956	15207993	AGGTTAGAGTTGGATC-1	1
NC_006614.4	15207957	15208038	TGAGGTGCACTCAACA-1	4
NC_006614.4	15207959	15208287	CGCCAAATCTTGCAGG-1	1
NC_006614.4	15207960	15208056	GTACTTAAGGTTAGAG-1	1
NC_006614.4	15207961	15207998	TACCTGCTCTCATCAT-1	1
NC_006614.4	15207961	15208039	TTAGAAGCAACGTGCT-1	1
NC_006614.4	15207961	15208518	ACGAACAAGACAGGTA-1	2
NC_006614.4	15207962	15208050	GCTTCGCGTTAACAGT-1	1
NC_006614.4	15207962	15208056	TCTCGCCCACGAACAG-1	1
NC_006614.4	15207962	15208107	TGAAACTGTTCGCTCA-1	1
NC_006614.4	15207962	15208585	GCCCATAAGAACCTAC-1	1
NC_006614.4	15207966	15207999	TTGGATTCAATTGACT-1	1
NC_006614.4	15207969	15208299	TAGTAACGTGATGATT-1	1
NC_006614.4	15207971	15208108	AGGTACGCAGCAATAA-1	3
NC_006614.4	15207976	15208026	GACGTAAAGGTGAAGC-1	1
NC_006614.4	15207976	15208049	TCATGCCTCGCCTAAG-1	1
NC_006614.4	15207978	15208051	TAGGAGGGTTTCAGGA-1	1
NC_006614.4	15207983	15208015	GTTCACCTCCTGGTGA-1	1
NC_006614.4	15207984	15208109	TCAGTGAGTCCCGAAG-1	1
NC_006614.4	15207984	15208262	GTTAAGCTCACATTGA-1	1
NC_006614.4	15207984	15208383	TCAAGCTAGCTTACTT-1	1
NC_006614.4	15207985	15208056	GTGTGAGCACACAATT-1	1
NC_006614.4	15207985	15208087	TCCTTTACAGTTTGGC-1	1
NC_006614.4	15207985	15208116	CCGCAAGGTCATCAAG-1	1
NC_006614.4	15207986	15208403	CCTGACTTCCTAATGA-1	2
NC_006614.4	15207987	15208049	GCGTGCTAGTAAGAAC-1	1
NC_006614.4	15207987	15208168	GGTTGACGTCGAAGTC-1	1
NC_006614.4	15207988	15208049	CTTGCTCAGGTGAAGC-1	3
NC_006614.4	15207992	15208049	CAACTAATCTTTGAGA-1	1
NC_006614.4	15207992	15208161	TTGCAGCCAGAAATTG-1	3
NC_006614.4	15207992	15208403	CTTGCATGTAGCTGGT-1	1
NC_006614.4	15207992	15208475	CATAAGCTCAGTGAAG-1	1
NC_006614.4	15207993	15208135	CCTCAAACAGCCGCTA-1	3
NC_006614.4	15207999	15208056	GGCGTTATCCAGGTCA-1	2
NC_006614.4	15207999	15208293	TTGGATTCAATTGACT-1	2
NC_006614.4	15207999	15208345	TCATTTGGTTCCAGGG-1	2
NC_006614.4	15208001	15208056	CGATTTGCAAGGAATC-1	1
NC_006614.4	15208010	15208117	GAAGGCCCAGTGAACG-1	1
NC_006614.4	15208011	15208173	TGTGCAAGTAATTAGC-1	2
NC_006614.4	15208015	15208075	CTACGAAGTCCTTCAG-1	1
NC_006614.4	15208036	15208597	CAGCTCAAGTTGGGCC-1	1
NC_006614.4	15208038	15208173	GCTGAGGAGCTAATCA-1	1
NC_006614.4	15208039	15208097	CCTGATGAGCAAGGTA-1	1
NC_006614.4	15208039	15208107	GACGTAAAGGCGCTTA-1	1
NC_006614.4	15208041	15208125	AGCTTAATCCTTGAGG-1	1
NC_006614.4	15208043	15208098	TATCCGGAGCGATACT-1	4
NC_006614.4	15208044	15208090	CCTATAGCAAAGGCCA-1	2
NC_006614.4	15208044	15208119	CCGTTACTCCGCAAGC-1	1
NC_006614.4	15208044	15208366	GCTCGATCAGTAGCCT-1	2
NC_006614.4	15208046	15208087	CAGCCTAAGCTCCTTA-1	1
NC_006614.4	15208046	15208098	CGAGGTGAGCTCGCTT-1	1
NC_006614.4	15208049	15208085	CATTTGTTCCTCATCA-1	1
NC_006614.4	15208049	15208090	GCAGGCAAGTTAGCTA-1	1
NC_006614.4	15208049	15208102	GCTCACAAGGAAACTG-1	1
NC_006614.4	15208049	15208135	CAACTAATCTTTGAGA-1	3
NC_006614.4	15208049	15208152	AGGATGCAGCACTTGG-1	2
NC_006614.4	15208049	15208277	CTACCGGCATGATTGT-1	2
NC_006614.4	15208049	15208277	GGAGTCTGTCACCTAT-1	2
NC_006614.4	15208049	15208375	AGGAGCTAGTGAGGGT-1	1
NC_006614.4	15208051	15208109	TAAACAGCACCACAAC-1	2
NC_006614.4	15208054	15208301	TCAAGTATCTAAGTCA-1	2
NC_006614.4	15208055	15208119	CGTCAATAGCATGAAG-1	1
NC_006614.4	15208055	15208119	GTGGCTTCAGTTTCTC-1	5
NC_006614.4	15208055	15208366	TACAGGTTCATTGTTC-1	1
NC_006614.4	15208055	15208599	GGTCAAGCAATTTAGC-1	1
NC_006614.4	15208056	15208097	CAGCAAGCATAAGCAA-1	1
NC_006614.4	15208056	15208097	TGTCCTGGTTGTTCAC-1	2
NC_006614.4	15208056	15208103	CCACACAAGTGTTGCG-1	2
NC_006614.4	15208056	15208119	CCTGTATGTGTGAGAG-1	1
NC_006614.4	15208056	15208207	AGATGCTTCGTGCCTT-1	4
NC_006614.4	15208061	15208098	GCTGACCAGCTATTAG-1	1
NC_006614.4	15208061	15208102	GGCATTAGTCCGTGAG-1	2
NC_006614.4	15208061	15208104	TTGTCCCAGAATGACG-1	1
NC_006614.4	15208061	15208107	ATTAGCGGTGTCACGG-1	2
NC_006614.4	15208061	15208107	TCAGCGATCGGCCATA-1	1
NC_006614.4	15208061	15208107	TTCCCACAGCGGTTAT-1	1
NC_006614.4	15208061	15208119	AATTGTGTCTTGTCTG-1	3
NC_006614.4	15208061	15208135	TGCGATTAGGTTTGCG-1	1
NC_006614.4	15208061	15208145	CGTAACTAGGCGCTAC-1	1
NC_006614.4	15208061	15208396	GTGCTGGGTGTTAGCA-1	1
NC_006614.4	15208068	15208362	TTGCAGCCAAACAACA-1	1
NC_006614.4	15208070	15208117	CAGCTCAAGGCTGTCA-1	1
NC_006614.4	15208070	15208166	GCTCATTGTACCGTTT-1	1
NC_006614.4	15208078	15208119	TGTAATGTCATGGCTG-1	1
NC_006614.4	15208085	15208293	TGCACTTGTAATCGCA-1	2
NC_006614.4	15208087	15208286	CCTAAAGGTAGGTTAT-1	1
NC_006614.4	15208088	15208249	ACTATGTCAAGCCAGA-1	1
NC_006614.4	15208089	15208135	CGTAACTAGGACCTCA-1	2
NC_006614.4	15208093	15208168	TTGGCTACAGGACCTT-1	1
NC_006614.4	15208097	15208175	GCATCCTTCGTTCACC-1	4
NC_006614.4	15208098	15208162	TGTGCGCAGTGAGCGG-1	1
NC_006614.4	15208098	15208408	TGATCAATCCATAATG-1	2
NC_006614.4	15208098	15208672	CTTAGGAGTAACAGGG-1	2
NC_006614.4	15208108	15208150	CGAAGGCCATGTCGCG-1	1
NC_006614.4	15208108	15208605	GAGCTTAGTGAATCGC-1	1
NC_006614.4	15208108	15208673	ATGATGGAGCTTAGTA-1	1
NC_006614.4	15208119	15208160	AGGGCTACACAGGAAT-1	3
NC_006614.4	15208121	15208293	ATGGTCTAGTTAACCA-1	2
NC_006614.4	15208123	15208154	TGAGTTTCATAAGGAC-1	1
NC_006614.4	15208123	15208154	TTGTGTGCAGGCTGTT-1	1
NC_006614.4	15208123	15208272	ATTTAGCCAGCCTGCA-1	1
NC_006614.4	15208135	15208348	GCAGGTTGTACAATGT-1	1
NC_006614.4	15208135	15208447	GAAACCCGTACCGTTT-1	1
NC_006614.4	15208137	15208198	CGTTGCAAGTCACCAG-1	1
NC_006614.4	15208137	15208361	AGGCAATCACTAAGAA-1	1
NC_006614.4	15208137	15208383	GGATGAATCCGGAACC-1	1
NC_006614.4	15208137	15208542	TACCTGCTCTCATCAT-1	1
NC_006614.4	15208140	15208301	GCACTAAGTGGACATC-1	1
NC_006614.4	15208143	15208203	GAGGACTAGGAAACTG-1	1
NC_006614.4	15208152	15208211	GCCACACAGTGCTGTG-1	1
NC_006614.4	15208152	15208255	TACCTGCTCTCATCAT-1	1
NC_006614.4	15208152	15208343	TGTCATAAGGCAACAA-1	3
NC_006614.4	15208153	15208205	GGTATTTCAGGAACAT-1	1
NC_006614.4	15208154	15208361	CTCCTCACACGAATCC-1	2
NC_006614.4	15208154	15208388	TATGGCCCACATGCTA-1	1
NC_006614.4	15208155	15208201	GTCTAGCCAGCACGAA-1	3
NC_006614.4	15208157	15208254	CAACTAATCGTCCTTA-1	1
NC_006614.4	15208157	15208477	GTACTGGTCCCTTGCG-1	1
NC_006614.4	15208160	15208543	TTGGTGAGTTTACTTG-1	1
NC_006614.4	15208169	15208206	CATAGTCAGCTTCTCA-1	1
NC_006614.4	15208176	15208605	GTCAAACTCAGCTAAC-1	1
NC_006614.4	15208194	15208240	TCAGGTTAGAGGCTAA-1	1
NC_006614.4	15208198	15208241	GTGTGTTAGTTCCTGC-1	1
NC_006614.4	15208200	15208343	GCGATATTCCGGAACC-1	2
NC_006614.4	15208200	15208355	AAGCTAGAGGCTATGT-1	1
NC_006614.4	15208200	15208465	CGGACCTAGTGAACAG-1	1
NC_006614.4	15208205	15208293	CGGCCATAGCCGCTAA-1	1
NC_006614.4	15208205	15208355	CAGCTCAAGTTACCGG-1	3
NC_006614.4	15208205	15208396	GAGTTACTCGAGCTAT-1	1
NC_006614.4	15208211	15208442	CATTATGAGCCTGAGC-1	1
NC_006614.4	15208212	15208345	GGTTTCCTCATTACTC-1	1
NC_006614.4	15208213	15208472	TACCTCATCCACCTGT-1	1
NC_006614.4	15208223	15208431	TATAACCCACCTCACC-1	2
NC_006614.4	15208249	15208299	GCTAACAGTTTGCTGT-1	1
NC_006614.4	15208249	15208477	CAATGTGGTCCAAGAC-1	2
NC_006614.4	15208253	15208449	TCATTGCGTTTCCTCC-1	1
NC_006614.4	15208254	15208300	AATAGAGGTCACCAAA-1	2
NC_006614.4	15208254	15208343	AAACCGGCAGGCTGTT-1	3
NC_006614.4	15208254	15208388	GATCAGTTCTCCTCTT-1	1
NC_006614.4	15208264	15208362	GTGTAACTCATTAGGC-1	1
NC_006614.4	15208265	15208366	GGTTCCCGTGCTAGCG-1	1
NC_006614.4	15208282	15208362	ACCAAACTCCTCGATC-1	1
NC_006614.4	15208286	15208413	TAGGGTTTCTTTGAGA-1	1
NC_006614.4	15208291	15208855	TTCGTGCTCCGGTTAG-1	1
NC_006614.4	15208293	15208355	ATTCGTTTCTTGGACG-1	1
NC_006614.4	15208293	15208472	TTAACCAAGCAAGGTA-1	2
NC_006614.4	15208299	15208345	TCTTGTCCAGGACCAA-1	1
NC_006614.4	15208299	15208403	GCTAACAGTTTGCTGT-1	1
NC_006614.4	15208301	15208343	TCAGTAATCGCTATAA-1	1
NC_006614.4	15208301	15208355	TGCCGGTAGGCGCTAC-1	1
NC_006614.4	15208301	15208360	CAAACCGTCCAAGTTA-1	1
NC_006614.4	15208313	15208378	TTGGATTCAATTGACT-1	2
NC_006614.4	15208321	15208618	CGTTAGGTCAGCACCA-1	2
NC_006614.4	15208331	15208475	GCAAACAAGGCGCACT-1	2
NC_006614.4	15208339	15208472	TTTGGCTGTTAGACCA-1	1
NC_006614.4	15208343	15208398	TCGGTTCTCATTTGCT-1	1
NC_006614.4	15208343	15208745	TAGGCTAGTTCGCTCA-1	2
NC_006614.4	15208345	15208460	AATCCCTGTGCCGCAA-1	1
NC_006614.4	15208345	15208641	ACATCATCAGGAACAT-1	1
NC_006614.4	15208348	15208384	ATAGCATGTCCTAGTT-1	1
NC_006614.4	15208353	15208480	TGTTATGAGCCTCTGT-1	1
NC_006614.4	15208353	15208485	AGTGTGGCATTGGGAG-1	1
NC_006614.4	15208355	15208403	TAGGAGGGTTTCAGGA-1	1
NC_006614.4	15208355	15208472	TCCACAACAGCAAGGC-1	2
NC_006614.4	15208355	15208517	TCTAATCTCCCATAAA-1	1
NC_006614.4	15208358	15208398	CTACTTAGTTTGCGAA-1	2
NC_006614.4	15208362	15208398	GACAATACAATGCCCG-1	1
NC_006614.4	15208365	15208397	CCTGTATGTGTGAGGA-1	1
NC_006614.4	15208365	15208426	GGGTTATTCGATTTGA-1	1
NC_006614.4	15208365	15208756	GGCCAACTCTAAGGAG-1	1
NC_006614.4	15208366	15208497	GGCTAGTGTCAAAGGG-1	1
NC_006614.4	15208366	15208649	TGTAAAGCAGCTTACA-1	1
NC_006614.4	15208372	15208427	GCTGATCCAATTGAGA-1	3
NC_006614.4	15208373	15208486	TATGGATGTGCAACTA-1	1
NC_006614.4	15208374	15208398	CGGAATCGTGGATTAT-1	1
NC_006614.4	15208376	15209075	CCAAATCAGGTGCGGA-1	1
NC_006614.4	15208382	15208426	CGATTATCAAGACTCC-1	1
NC_006614.4	15208382	15208531	CATGGCGGTTTAGCGA-1	1
NC_006614.4	15208384	15208488	CAGCTCAAGGCTGTCA-1	1
NC_006614.4	15208386	15208554	GATGAGGGTATGGTGC-1	3
NC_006614.4	15208388	15208465	CATAACGGTGCATTTC-1	1
NC_006614.4	15208388	15208605	AAGACAAGTTAGGACC-1	2
NC_006614.4	15208390	15208454	GAGTTACTCAGGTCCA-1	1
NC_006614.4	15208392	15208513	CTCTCACAGGTCGAGG-1	1
NC_006614.4	15208393	15208503	CCAGACTCATTAGGTT-1	1
NC_006614.4	15208394	15208475	TAGCGCGGTTGCACAA-1	1
NC_006614.4	15208394	15208490	AGTACGCGTGATTTGG-1	3
NC_006614.4	15208396	15208488	GCTGCAATCACAGCCA-1	1
NC_006614.4	15208397	15208442	CGCCACACAGGTCCTG-1	1
NC_006614.4	15208398	15208452	TATGCATCACAGGGAC-1	1
NC_006614.4	15208398	15208472	GCTGCATCAATAACCT-1	1
NC_006614.4	15208398	15208497	TGTATCGCAGCCAGAA-1	2
NC_006614.4	15208398	15208507	CGAAGTAAGTAGGCGG-1	2
NC_006614.4	15208398	15208641	GCCTGACAGCACGATT-1	1
NC_006614.4	15208403	15208475	TAGGAGGGTTTCAGGA-1	1
NC_006614.4	15208403	15208542	GTCGAGGAGCTGGACC-1	1
NC_006614.4	15208406	15209080	CGTAATGGTTCCGGCT-1	1
NC_006614.4	15208408	15208462	ACCTAAGGTAGACAAA-1	2
NC_006614.4	15208411	15208480	GCTAGCTCATTGGGAG-1	2
NC_006614.4	15208411	15208496	TCCCGTTAGTGCTGTG-1	1
NC_006614.4	15208416	15208605	GGCTAGACATTGCGTA-1	2
NC_006614.4	15208425	15208506	GTAATAGCACTAAGTT-1	1
NC_006614.4	15208427	15208491	GCTGATCCAATTGAGA-1	1
NC_006614.4	15208436	15208500	TATATCCTCAAACCTA-1	2
NC_006614.4	15208438	15208470	TTTAACGAGACAAACG-1	1
NC_006614.4	15208438	15208590	GCGTAACGTCAATAGT-1	2
NC_006614.4	15208450	15208486	TCCAGGATCATTAGTG-1	1
NC_006614.4	15208451	15208597	ACCCGCTGTGATCAGC-1	2
NC_006614.4	15208456	15208517	AAGCTTGGTGGATGTC-1	1
NC_006614.4	15208460	15208687	ATCCATAAGTTATGTG-1	1
NC_006614.4	15208461	15208493	TGGACGGAGGTAGCTT-1	1
NC_006614.4	15208465	15208491	AATAGCTGTGTTGTAG-1	1
NC_006614.4	15208465	15208543	CACATACAGTTTGGGT-1	1
NC_006614.4	15208465	15208747	GGTTGCTCAAACGGGC-1	1
NC_006614.4	15208467	15208649	CGACCTGCACAATGTT-1	1
NC_006614.4	15208470	15208532	CAAGCTAGTTTCCGGC-1	2
NC_006614.4	15208472	15208790	CTATGACAGGGTTATC-1	1
NC_006614.4	15208477	15208934	CGCCTGTGTGGGTACT-1	2
NC_006614.4	15208479	15208514	TCAGGTCCACAAAGGT-1	4
NC_006614.4	15208480	15208578	CCCTGTTAGTTAGTGC-1	2
NC_006614.4	15208517	15208604	TGGTGCATCGTTTCGC-1	1
NC_006614.4	15208537	15208592	GGACAGCCATATTGAC-1	2
NC_006614.4	15208541	15208651	TCAAGACTCGACAAAG-1	1
NC_006614.4	15208542	15208925	CGGTTTCTCTAAGTCA-1	1
NC_006614.4	15208553	15208599	GCAGGACCAATTAAGG-1	1
NC_006614.4	15208554	15208747	ATGTTCAAGAAGCTAG-1	4
NC_006614.4	15208557	15208945	ACCTGGTCAAACTAAG-1	1
NC_006614.4	15208579	15208641	GATGCGACATTAAAGG-1	1
NC_006614.4	15208590	15208618	GAGTAATAGCACAGCC-1	1
NC_006614.4	15208590	15208625	CACTGACCAATCTCTC-1	1
NC_006614.4	15208590	15208820	AGTGCCGGTCCCGGAA-1	2
NC_006614.4	15208590	15208960	ATTAGTCCAGGTCCTG-1	1
NC_006614.4	15208602	15208787	GTTAATGTCTTGCAAA-1	2
NC_006614.4	15208613	15208819	GTCTATGCAAGGTCCT-1	1
NC_006614.4	15208649	15208792	GAGAGGCGTGAGCAAG-1	2
NC_006614.4	15208665	15209115	AGTTACATCTGGTCCT-1	1
NC_006614.4	15208665	15209183	AGCACAGCAGGCTACT-1	1
NC_006614.4	15208702	15208863	AGGAACGGTGATTTGG-1	2
NC_006614.4	15208705	15208766	GGCTGAGAGATTGAGG-1	1
NC_006614.4	15208705	15208791	CGTAACTAGGACCTCA-1	1
NC_006614.4	15208724	15208772	CCTTAGTGTTCCTCCT-1	1
NC_006614.4	15208724	15208877	CCGTTAACAGGAACTG-1	1
NC_006614.4	15208733	15208924	GAATTTGTCCTGAATA-1	3
NC_006614.4	15208744	15208908	GGCTGTCAGCTAGAAG-1	1
NC_006614.4	15208756	15208840	CACTTTGTCCGGCTAA-1	4
NC_006614.4	15208761	15208829	GAGCGAAGTAGCTAAT-1	1
NC_006614.4	15208768	15209284	TAGCCTCTCCGTCCAT-1	3
NC_006614.4	15208772	15208868	CCTGTATGTGTGAGAG-1	1
NC_006614.4	15208780	15208977	TCGCGCACACAAACTT-1	1
NC_006614.4	15208782	15208867	TGAAGTGAGGCTAGAA-1	1
NC_006614.4	15208810	15208867	ACACTTGCAAGGTCCT-1	1
NC_006614.4	15208810	15208893	TAAGGACCAATTGAAG-1	1
NC_006614.4	15208810	15208996	GTTGCGGGTGAGAAAC-1	1
NC_006614.4	15208825	15209049	GGCTTCAAGTTTGCGG-1	2
NC_006614.4	15208828	15209001	ACTATGTCAAGCCAGA-1	1
NC_006614.4	15208830	15208934	AAACAGCCAACCCTCC-1	1
NC_006614.4	15208837	15208867	GGTGAGGTCATGCTTT-1	1
NC_006614.4	15208867	15208934	CCATATTTCCTGAGTG-1	1
NC_006614.4	15208867	15208945	AGCCAGTGTTTATCGC-1	3
NC_006614.4	15208867	15209236	CCACATTGTGCTCACC-1	1
NC_006614.4	15208873	15208940	CGCTACTTCGTTATCT-1	1
NC_006614.4	15208896	15209063	CTGGTTTGTTGTAACG-1	2
NC_006614.4	15208896	15209268	CGCTAATAGGAGCAAC-1	2
NC_006614.4	15208904	15208975	TTACAGCAGTGAGCAA-1	3
NC_006614.4	15208905	15209087	GGTAACTTCCTAGTAA-1	2
NC_006614.4	15208907	15209050	GAGCTTAGTGAGCGAA-1	1
NC_006614.4	15208914	15208950	CTTCACTCATGTCAGC-1	3
NC_006614.4	15208914	15209281	CGGTTTGAGCACGTTG-1	1
NC_006614.4	15208924	15208959	AGGCCCAGTCCTTAGT-1	3
NC_006614.4	15208937	15209327	ATGACTCAGACACCGC-1	1
NC_006614.4	15208940	15209168	TTGCAAGGTCCTAACT-1	1
NC_006614.4	15208954	15208999	GGACAGCCATATTGAC-1	1
NC_006614.4	15208970	15209001	CCTCCTCTCCGGTTAG-1	1
NC_006614.4	15208994	15209021	AAGGTATAGCTTCCCG-1	1
NC_006614.4	15208996	15209164	AAGCGGGTCTGTGCCT-1	1
NC_006614.4	15209006	15209380	CGAAGCCTCTTGTTCG-1	1
NC_006614.4	15209012	15209081	GCTATCCTCATTGTCT-1	1
NC_006614.4	15209016	15209091	TACCTGCTCTCATCAT-1	1
NC_006614.4	15209016	15209163	TTTGGTAAGCAGCTAT-1	1
NC_006614.4	15209031	15209081	TATCGCGAGCAAGATG-1	1
NC_006614.4	15209037	15209198	GTCTTTAGTTTAACCC-1	1
NC_006614.4	15209057	15209087	TAGTGGCGTTAAGCTG-1	1
NC_006614.4	15209069	15209105	AAGTTACGTAACGGGA-1	1
NC_006614.4	15209074	15209281	ACGAACAAGGTCAAAG-1	1
NC_006614.4	15209080	15209119	GCTAACCCACCGGCTA-1	1
NC_006614.4	15209087	15209385	ATGAAGTAGTCCTTCA-1	1
NC_006614.4	15209093	15209137	TGCGCAGGTGATGAAA-1	1
NC_006614.4	15209136	15209239	GTGAGCGAGCCGCAGT-1	1
NC_006614.4	15209136	15209421	CTAATGTCAACATAAG-1	1
NC_006614.4	15209137	15209196	ACAGGCTGTGGATGTC-1	2
NC_006614.4	15209137	15209360	AATTTGGTCGCCTGTT-1	1
NC_006614.4	15209137	15209636	TAAAGCCTCAAGGACA-1	2
NC_006614.4	15209138	15209693	GCTCCTTAGCCGCTAA-1	1
NC_006614.4	15209141	15209196	CAATCTAAGCAATAGG-1	2
NC_006614.4	15209147	15209321	CCCAATTGTGTTTGTC-1	1
NC_006614.4	15209163	15209200	TAAGCCTAGGAAACTG-1	1
NC_006614.4	15209175	15209507	TATTAGCCAAGGCCAA-1	1
NC_006614.4	15209196	15209518	ACTCCTCAGGCCTGGT-1	1
NC_006614.4	15209215	15209357	GATCACTAGTGAGGGT-1	1
NC_006614.4	15209236	15209302	TCAAGCTAGACAAACG-1	1
NC_006614.4	15209236	15209348	GTACTAGGTTGCTGGG-1	2
NC_006614.4	15209239	15209402	CTACGAAGTTCCGGCT-1	3
NC_006614.4	15209266	15209717	CAGTATGGTTTATGGG-1	1
NC_006614.4	15209268	15209336	CTCCAACTCCTCCTAA-1	2
NC_006614.4	15209273	15209360	TTTGAGTCACTGGCTG-1	1
NC_006614.4	15209286	15209360	CGTGAGGAGGATGATG-1	1
NC_006614.4	15209313	15209388	ATTCCTCCAAATGCCC-1	1
NC_006614.4	15209338	15209881	GAGAAACGTATTGGAT-1	1
NC_006614.4	15209378	15209599	CAAACTGGTACCGTTT-1	3
NC_006614.4	15209385	15209671	AATTCGTCAGGCTTGT-1	1
NC_006614.4	15209395	15209521	GCAAACTTCGATTCTT-1	1
NC_006614.4	15209419	15209610	AGCTGCTCAATTAGCT-1	1
NC_006614.4	15209421	15209502	AAAGCGGGTTATCCGT-1	1
NC_006614.4	15209421	15209589	GTCATGAGTACCGAAC-1	1
NC_006614.4	15209431	15209560	CCTGAGTCAAGGTGCA-1	1
NC_006614.4	15209431	15209706	TTAACTGAGCAAGGTA-1	1
NC_006614.4	15209462	15209549	CGTTAACAGGTGAAAT-1	2
NC_006614.4	15209479	15209605	CTATAACCATCGCTCC-1	1
NC_006614.4	15209502	15209691	GAGTCATTCGCACAAT-1	2
NC_006614.4	15209509	15209589	CTTTATGGTATTCGTC-1	2
NC_006614.4	15209523	15209704	TGCTATGCAGTGAACG-1	1
NC_006614.4	15209610	15209791	CAAACTGGTAACGAGG-1	1
NC_006614.4	15209613	15209724	ATGTTCAAGTCCTGAG-1	2
NC_006614.4	15209615	15209724	CTTAATGAGAGAAGGG-1	1
NC_006614.4	15209617	15209782	TAATGCATCGGTTTGG-1	1
NC_006614.4	15209698	15210028	ACTCCTCAGGCCTGGT-1	1
NC_006614.4	15209714	15209866	TATCCGGAGCGATACT-1	1
NC_006614.4	15209717	15209858	GGCAAATCACCTGCCT-1	2
NC_006614.4	15209717	15209904	GCCTTTGGTTGTTGGA-1	2
NC_006614.4	15209770	15209806	ACTTATCTCGCAATCG-1	1
NC_006614.4	15209774	15210023	GTTAAACGTTAGGCGT-1	1
NC_006614.4	15209776	15210083	GGACCGAAGAGGGACT-1	1
NC_006614.4	15209782	15209869	TCTTGTCCAGATTCAT-1	2
NC_006614.4	15209819	15210149	AAGGCCCTCCAGGTCA-1	1
NC_006614.4	15209835	15209919	TGGCCAATCGTGCTAG-1	1
NC_006614.4	15209863	15210207	GCTCCTTAGCCGCTAA-1	1
NC_006614.4	15209876	15210153	TAGTAACGTATACTGG-1	1
NC_006614.4	15209888	15210008	GTTGCGGGTGAGAAAC-1	2
NC_006614.4	15209896	15209963	GTACTTAAGGTTAGAG-1	1
NC_006614.4	15209903	15209959	CATAGGTTCTGGCATG-1	2
NC_006614.4	15209932	15210166	GCAAGTGCAGCACGAA-1	1
NC_006614.4	15209977	15210222	GGTAAACCAAACTAAG-1	1
NC_006614.4	15209984	15210025	CAATGACTCTAACCTT-1	1
NC_006614.4	15209992	15210175	CCTATATTCGCTCACT-1	2
NC_006614.4	15210005	15210148	TTGCAACAGGAGCACG-1	2
NC_006614.4	15210006	15210122	AACGCCCAGGCCAATT-1	1
NC_006614.4	15210008	15210083	CAAGTAACACTAGCGT-1	2
NC_006614.4	15210053	15210234	CAATATGTCACGCATG-1	1
NC_006614.4	15210059	15210122	GCTTACCTCGCTAAAC-1	2
NC_006614.4	15210066	15210120	TTGGAGGCAATCCCTT-1	1
NC_006614.4	15210066	15210136	TATGACTCACAAAGAC-1	1
NC_006614.4	15210071	15210096	GGTGAGCCAGCCAGTT-1	1
NC_006614.4	15210094	15210181	CGCCTGTGTGATGAGG-1	3
NC_006614.4	15210103	15210140	AAGTTTGTCCTAGTCC-1	2
NC_006614.4	15210125	15210193	TTTGAGTCAACTAGAA-1	4
NC_006614.4	15210139	15210181	CAAGTAACACTAGCGT-1	3
NC_006614.4	15210139	15210275	GAAGGATGTTGTTGCT-1	2
NC_006614.4	15210186	15210356	AGCAACAAGACAACGA-1	1
NC_006614.4	15210193	15210351	GGTGTCCAGTCTCACC-1	1
NC_006614.4	15210208	15210313	AAGAATCAGGAGTCTT-1	1
NC_006614.4	15210217	15210344	CGTTATCGTTGCCTCA-1	1
NC_006614.4	15210222	15210544	GTTGGCGGTACGTTTC-1	1
NC_006614.4	15210222	15210555	TACTCAAAGCTCCTAC-1	2
NC_006614.4	15210231	15210329	GTCCAAGTCCGGCTAA-1	1
NC_006614.4	15210238	15210300	AAAGGTTAGCCTCTGT-1	1
NC_006614.4	15210275	15210370	GAAGGATGTTGTTGCT-1	3
NC_006614.4	15210314	15210516	GCACGAACAAACGGGC-1	3
NC_006614.4	15210320	15210413	AGGTTAGAGTGAGGGT-1	1
NC_006614.4	15210349	15210392	AGAGATTAGGTGCGGA-1	1
NC_006614.4	15210375	15210467	TCGTTACGTACTTCAC-1	3
NC_006614.4	15210389	15210419	CCAACCCGTGCTCCGT-1	1
NC_006614.4	15210398	15210649	GCGGTTGGTTTGACCT-1	1
NC_006614.4	15210434	15210786	TCGCGCACACCTAAGC-1	1
NC_006614.4	15210502	15210661	GATCAGTTCTTGAGGT-1	1
NC_006614.4	15210504	15210555	TTTCATCAGCCGCAGT-1	5
NC_006614.4	15210504	15210556	GATTCGCCACCTGTAA-1	2
NC_006614.4	15210514	15210566	GACCGTTCAAGGTATA-1	1
NC_006614.4	15210519	15210899	GCTAACAGTGACATGC-1	1
NC_006614.4	15210544	15210612	TGGTCAAGTTACAAAC-1	2
NC_006614.4	15210549	15210583	CAAGGTAAGGTCCACA-1	2
NC_006614.4	15210622	15210829	ATGTGAGAGGCTAATC-1	1
NC_006614.4	15210624	15210666	GTCCAAGTCGGTTCCT-1	1
NC_006614.4	15210634	15210815	CTGCTCCCAGCATGTC-1	1
NC_006614.4	15210649	15210718	ACCTGTTGTGCTCCAC-1	2
NC_006614.4	15210649	15210809	ATATGGTGTCAACAAT-1	1
NC_006614.4	15210649	15210834	CCCGCTTCAACTGGCT-1	3
NC_006614.4	15210659	15210701	ATTAGGTGTTTACCGT-1	1
NC_006614.4	15210691	15210839	CCGGTTAAGGTCAAAG-1	2
NC_006614.4	15210708	15210860	CCTTATGTCCTCATGC-1	2
NC_006614.4	15210722	15210899	TCCTTTACACAGGATG-1	1
NC_006614.4	15210728	15210877	GATCAGTTCTCCTCTT-1	1
NC_006614.4	15210750	15210819	GTTGGCCAGGCTGTCA-1	1
NC_006614.4	15210760	15211165	AATCCATCACAACCTA-1	1
NC_006614.4	15210767	15210814	CAATGACTCTAACCTT-1	1
NC_006614.4	15210767	15210819	TTAGCTGCAACAGGAT-1	2
NC_006614.4	15210774	15210978	AATCATGTCTAGCGAT-1	2
NC_006614.4	15210798	15211407	CTACGAAGTCTATCGT-1	2
NC_006614.4	15210808	15210894	TAGGAGGGTGCAATGC-1	3
NC_006614.4	15210824	15210852	AAGCCTGTCTAGCTTT-1	2
NC_006614.4	15210837	15210897	CGTTAGGTCAGCACCA-1	1
NC_006614.4	15210850	15211073	GCCTCAAAGAATCGCT-1	1
NC_006614.4	15210883	15211044	AAGCTCCCATCAGCAC-1	2
NC_006614.4	15210884	15210978	TGTTCCTCATCGCTTT-1	1
NC_006614.4	15210934	15211308	TTGCGAGTCCAGCACA-1	1
NC_006614.4	15210983	15211165	GAACCTGTCTTAGTCT-1	1
NC_006614.4	15210984	15211245	AACTGTTCAGGTTACC-1	1
NC_006614.4	15211034	15211154	ATGGTTATCGCGCTAA-1	1
NC_006614.4	15211127	15211186	TTTGAGTCATTGCGGT-1	2
NC_006614.4	15211181	15211286	GATTGATGTCTCACTG-1	2
NC_006614.4	15211237	15211678	CTTCACTCATGAAATG-1	1
NC_006614.4	15211280	15211405	GATTGTTCAATGAGGT-1	2
NC_006614.4	15211304	15211344	GCACTTACACCGTTCC-1	2
NC_006614.4	15211346	15211516	GCAAACTTCGATTCTT-1	1
NC_006614.4	15211351	15211477	TTATGACCAACCTGGT-1	1
NC_006614.4	15211397	15211449	CGCCACACATCTTGAG-1	1
NC_006614.4	15211435	15211480	CAAGCTAGTCCTCCAA-1	1
NC_006614.4	15211458	15211518	TAAGCCTAGTTAGACC-1	1
NC_006614.4	15211531	15211583	GTGAGCGAGCCGCAGT-1	1
NC_006614.4	15211552	15211593	AATTTCCTCAATTACG-1	1
NC_006614.4	15211567	15211639	TCGCTAACATTAGCGC-1	1
NC_006614.4	15211580	15211733	TGGATTGGTAACTACG-1	1
NC_006614.4	15211593	15211810	TCAGGTTAGCGGTTAT-1	1
NC_006614.4	15211606	15211736	CGCTGTGCATTGTCCT-1	1
NC_006614.4	15211627	15211767	CACATACAGTAGCCAT-1	2
NC_006614.4	15211715	15211899	GGGCCTAGTGTGTCCC-1	1
NC_006614.4	15211725	15212046	CAATGACTCTAACCTT-1	1
NC_006614.4	15211764	15211850	CGCAAATTCCTTAAGA-1	1
NC_006614.4	15211792	15211855	AAGACCAAGTGAACGA-1	1
NC_006614.4	15211796	15211862	GTTGTTGCAGTTATGT-1	1
NC_006614.4	15211918	15212185	CAAGGGAGTACGTTTC-1	1
NC_006614.4	15211934	15212010	CGGGACAAGATAACCC-1	1
NC_006614.4	15211956	15212136	GCAATGTTCGTGCTAG-1	1
NC_006614.4	15211988	15212117	CCAAACTAGGACAACA-1	1
NC_006614.4	15212005	15212148	GATTGCAGTAAGCTTG-1	1
NC_006614.4	15212049	15212211	GTGCCTTTCTTGCAGG-1	1
NC_006614.4	15212059	15212092	GGCGGTTTCTCAATGA-1	1
NC_006614.4	15212079	15212124	AAAGCGGGTACCCACC-1	1
NC_006614.4	15212085	15212742	TTGCAAGGTCCTAACT-1	2
NC_006614.4	15212116	15212302	TGTATCGCAATCATGT-1	3
NC_006614.4	15212128	15212337	CGTTAAATCCCGAACA-1	1
NC_006614.4	15212142	15212207	CGATCCTTCCTCCATA-1	2
NC_006614.4	15212156	15212320	TGGCTAAGTTGTTGCT-1	2
NC_006614.4	15212320	15212407	ACCGCAATCCAACTGG-1	2
NC_006614.4	15212325	15212502	GAAGCTAAGGTTTACA-1	1
NC_006614.4	15212376	15212534	CTCCGGACATGCATAT-1	3
NC_006614.4	15212410	15212536	TTGGATATCGCTAAAC-1	1
NC_006614.4	15212410	15212946	TCCTCAATCAATAGCC-1	1
NC_006614.4	15212517	15212707	AAATGCCTCCATAATG-1	4
NC_006614.4	15212530	15212991	GCAGCTATCATAACGC-1	2
NC_006614.4	15212587	15212757	AGGGCCTTCCAAGTGT-1	2
NC_006614.4	15212598	15212744	GACTTGGTCAGTATTG-1	1
NC_006614.4	15212718	15212760	AATTGACGTCATCATC-1	1
NC_006614.4	15212736	15212912	CCGTTAACACTCAACA-1	2
NC_006614.4	15212755	15212800	GTTTGTCGTTCCGGGA-1	2
NC_006614.4	15212788	15213139	GGTAAACCACATAGCC-1	2
NC_006614.4	15212793	15212972	ACTCCTCAGCATCCAG-1	1
NC_006614.4	15212802	15212991	GGAAACTCACTGACCG-1	1
NC_006614.4	15212816	15212936	GGACGAAGTAAACAAG-1	1
NC_006614.4	15212816	15212977	TTTGGTGCAGGTCCTG-1	1
NC_006614.4	15212886	15213096	TTCACTGTCACCATTT-1	2
NC_006614.4	15212904	15213083	ATTCGTTTCGCTAGAT-1	3
NC_006614.4	15212926	15213171	TAATGGTGTGCAACTA-1	1
NC_006614.4	15212946	15212997	CAATGACTCCACCCTG-1	1
NC_006614.4	15212946	15213026	TTGTCCCAGGAACCAA-1	5
NC_006614.4	15212962	15212999	GGTGATTTCGGCTAGC-1	1
NC_006614.4	15212962	15213299	AGTCAATGTCGTAAAT-1	1
NC_006614.4	15212967	15213097	GATTACGGTAAATTGC-1	3
NC_006614.4	15212967	15213141	TGGTTAATCCCTCACG-1	3
NC_006614.4	15212991	15213046	GTGAACAAGCAAGGTA-1	1
NC_006614.4	15212991	15213154	TAAGTGCTCCCTCGCA-1	1
NC_006614.4	15212992	15213133	CACAATATCATCACTT-1	1
NC_006614.4	15212997	15213034	TGATCAGGTAATCGTG-1	2
NC_006614.4	15212998	15213034	ACGCAAGCATTATGCG-1	1
NC_006614.4	15212999	15213477	TGGCGGTTCCGTTAAA-1	1
NC_006614.4	15213002	15213247	GCGTAACGTCAATAGT-1	1
NC_006614.4	15213034	15213083	CCTTATGTCTAAGGTC-1	1
NC_006614.4	15213046	15213474	ATAGGTACAGTGAACG-1	1
NC_006614.4	15213078	15213152	GAACCTGTCTTAGTCT-1	1
NC_006614.4	15213078	15213228	AATGTCATCGGTCAAT-1	1
NC_006614.4	15213087	15213131	TGGCCAATCGTGCTAG-1	2
NC_006614.4	15213126	15213316	CGGCTCACAAAGCGGC-1	1
NC_006614.4	15213152	15213257	ATTGGCTAGCACGATT-1	1
NC_006614.4	15213207	15213266	TTAGACTCAGATTCAT-1	1
NC_006614.4	15213247	15213280	GAGCCTTCAATAGCCC-1	1
NC_006614.4	15213265	15213342	ATTTGCGCAACTAGAA-1	1
NC_006614.4	15213301	15213411	TTGTTCCCAAGTGTTT-1	1
NC_006614.4	15213326	15213598	CAAGTAACACTAGCGT-1	1
NC_006614.4	15213348	15213479	CGTCATTGTTACAAAC-1	2
NC_006614.4	15213394	15213457	GCATTGCCATGTCAAT-1	1
NC_006614.4	15213397	15213420	TGTAATGTCGAAGTGA-1	2
NC_006614.4	15213456	15213510	GCATTGCCATGTCAAT-1	4
NC_006614.4	15213491	15213773	TAAACAGCATGGCCTG-1	1
NC_006614.4	15213498	15213651	CCTTCAGGTTAGGTTG-1	1
NC_006614.4	15213510	15213616	GCATTGCCATGTCAAT-1	1
NC_006614.4	15213520	15213823	AGTAATGCAGCATTAT-1	2
NC_006614.4	15213535	15213899	TTGCCCGTCATGCTAA-1	1
NC_006614.4	15213626	15213842	TGCACCTTCACTCAAA-1	1
NC_006614.4	15213628	15213771	AACAAGCCACTCAACA-1	1
NC_006614.4	15213628	15214094	AAGCTAGAGGATTGCT-1	1
NC_006614.4	15213661	15214205	TAAGCCAGTTTAGCGA-1	1
NC_006614.4	15213662	15213798	TCGCGCACACCTAAGC-1	2
NC_006614.4	15213735	15213968	TGTGTGAGTAACCACA-1	2
NC_006614.4	15213745	15214269	CTGGCTAAGTTCCTGC-1	2
NC_006614.4	15213793	15213899	ACTATGTCAAGCCAGA-1	2
NC_006614.4	15213882	15213942	CATTATGAGGAGGCAT-1	2
NC_006614.4	15213892	15214042	ATTGGTTCATAATCGT-1	1
NC_006614.4	15213899	15214079	CCTTCAATCAATGTCA-1	1
NC_006614.4	15213955	15213995	CAGCCTTTCTCACTAT-1	1
NC_006614.4	15213966	15214153	AGCCAGTGTGTTCCCA-1	2
NC_006614.4	15213993	15214205	GAGAGGCGTGAGCAAG-1	1
NC_006614.4	15213993	15214217	CTAATAGTCAAATCGC-1	1
NC_006614.4	15214019	15214122	GCTGACATCACTTTAC-1	1
NC_006614.4	15214042	15214220	CGCTAACCATTAAACC-1	1
NC_006614.4	15214042	15214256	TCAGTAGGTAACTACG-1	2
NC_006614.4	15214059	15214270	ACCCGGTAGCAAGGAC-1	1
NC_006614.4	15214089	15214466	GCAGCTATCTTAGCCC-1	1
NC_006614.4	15214104	15214164	GGTGTGACAGACAAAC-1	1
NC_006614.4	15214142	15214192	CAAGTTATCCCTCAAC-1	1
NC_006614.4	15214175	15214232	GTGCTCAAGCCTGAGC-1	1
NC_006614.4	15214193	15214335	TCCTTTACACATACTG-1	1
NC_006614.4	15214193	15214369	TAGCTAGGTTACGCGG-1	1
NC_006614.4	15214262	15214404	TTATAGCCAAACGGGC-1	2
NC_006614.4	15214264	15214322	CGTAATGGTTCCTCCT-1	1
NC_006614.4	15214269	15214630	AAGTTACGTCTCAGCC-1	1
NC_006614.4	15214276	15214524	AAATGGCCAAGTCGCT-1	1
NC_006614.4	15214281	15214326	GGCTAGACATTGCGTA-1	1
NC_006614.4	15214290	15214311	AGCGATTTCAGGGCCT-1	1
NC_006614.4	15214301	15214472	GAGGTAGGTCCGTGAG-1	1
NC_006614.4	15214302	15214391	AACGGTAAGTAACCCG-1	1
NC_006614.4	15214320	15214454	TTGGCTGAGGCGAAAC-1	1
NC_006614.4	15214328	15214446	AGTAAACAGCATTTCT-1	3
NC_006614.4	15214372	15214458	CAAGGGAGTACGTTTC-1	3
NC_006614.4	15214374	15214514	TACAGCTAGTTTCCTG-1	2
NC_006614.4	15214374	15214516	TACAGCTAGTTTCCTG-1	1
NC_006614.4	15214379	15214514	TTGTGCGAGCAAGGGT-1	1
NC_006614.4	15214397	15214472	GTCCTCAGTCCCGAAG-1	1
NC_006614.4	15214402	15214454	ACGCACGGTACCAGGT-1	1
NC_006614.4	15214428	15214952	GGCATGGAGTAGGCGG-1	1
NC_006614.4	15214460	15214617	CAATGTCAGCGGATAA-1	2
NC_006614.4	15214470	15214797	CTGTACCTCTTAGGAC-1	1
NC_006614.4	15214480	15214554	CACGCAATCTTGACCC-1	1
NC_006614.4	15214502	15214669	AGTCTTGCAGTCTATG-1	2
NC_006614.4	15214554	15214804	ATCCATAAGTGAACCT-1	2
NC_006614.4	15214582	15214641	TCCCTGGTCCGCCAAA-1	1
NC_006614.4	15214648	15214690	CGGTGAGAGGGACGCA-1	4
NC_006614.4	15214648	15214908	ATGACCAGTGGTTCTT-1	1
NC_006614.4	15214656	15214804	TACATCAAGTCTTGAA-1	1
NC_006614.4	15214685	15214721	GCGTTTCTCCAAACAC-1	1
NC_006614.4	15214730	15214792	GTGCGCAGTTGTTGGA-1	2
NC_006614.4	15214735	15214946	GGTTTGTAGCCTGACA-1	1
NC_006614.4	15214737	15214906	AGCCTAAGTTGTTCAC-1	1
NC_006614.4	15214746	15214788	GAGTAATAGGCAGGTG-1	1
NC_006614.4	15214807	15214941	AACATCATCTTGTCTG-1	1
NC_006614.4	15214859	15215005	ATTGCTCGTATTGAGT-1	1
NC_006614.4	15214936	15215144	GGCTGAGAGATTGAGG-1	2
NC_006614.4	15214946	15215442	TCGCGCACACCTAAGC-1	1
NC_006614.4	15214962	15215015	GGAGCAAGTTTATTCG-1	1
NC_006614.4	15215005	15215333	ATAGGTACAGCAAGGC-1	3
NC_006614.4	15215139	15215308	TGAGGTGCAATTAGCT-1	1
NC_006614.4	15215150	15215335	ATTGGTTCAATTATGC-1	1
NC_006614.4	15215177	15215683	AAGGATCCATTAGGCC-1	1
NC_006614.4	15215225	15215387	GGGCAATAGGCCAATT-1	1
NC_006614.4	15215249	15215293	GAAGGAACAGCTAACC-1	5
NC_006614.4	15215259	15215368	CCAAGTTAGCTGAGGG-1	3
NC_006614.4	15215296	15215458	CAATGTCAGGGACGCA-1	1
NC_006614.4	15215306	15215355	TACATCAAGGTCAAAG-1	1
NC_006614.4	15215360	15215553	GGTAGGAGTTACCTGT-1	1
NC_006614.4	15215371	15215404	CATTGTAAGTGCTGTG-1	1
NC_006614.4	15215385	15215430	GCTTTGTGTTTGGGTA-1	1
NC_006614.4	15215400	15215788	GCTCGATCAGTAGCCT-1	1
NC_006614.4	15215440	15215490	TATTGACCAACTAGCC-1	1
NC_006614.4	15215481	15215560	AAGCCTTAGTTAACCA-1	1
NC_006614.4	15215547	15215725	AAAGCAAGTGATTACG-1	1
NC_006614.4	15215683	15216265	ATTCATGAGGTGAGAC-1	1
NC_006614.4	15215698	15215967	CCCAACCGTCCGCTGT-1	1
NC_006614.4	15215702	15215744	GCTCACAAGCCTGGTA-1	1
NC_006614.4	15215703	15215744	TGGATTGGTCCTAACT-1	1
NC_006614.4	15215703	15215932	GACACCGGTGATGATT-1	3
NC_006614.4	15215703	15216045	GTATGTGGTTCGCTTG-1	1
NC_006614.4	15215756	15215930	CCTAAGTAGGTTTACA-1	2
NC_006614.4	15215769	15215824	GATCGCTCAGGACCTT-1	1
NC_006614.4	15215769	15215863	GTTAAACGTTAGGCGT-1	1
NC_006614.4	15215821	15215972	CCAAGTTAGTGCACGC-1	1
NC_006614.4	15215823	15215963	CCTGAATAGCTTATGA-1	2
NC_006614.4	15215823	15216004	ATCAATCCATTAAACC-1	1
NC_006614.4	15215863	15216028	CATCAATCATAAACCT-1	1
NC_006614.4	15215941	15215960	AATTACCCATGTTGTG-1	2
NC_006614.4	15215984	15216066	AGCTACTAGGGATGCG-1	1
NC_006614.4	15215997	15216188	TTTACGAAGACTAAGG-1	1
NC_006614.4	15216022	15216072	TAGGGTTTCTCCATAT-1	1
NC_006614.4	15216049	15216216	GTTAAACGTTAGGCGT-1	2
NC_006614.4	15216049	15216454	GCGGATACACAGGATG-1	2
NC_006614.4	15216054	15216190	TGATGACTCATCCTCA-1	1
NC_006614.4	15216086	15216299	AATCCGTAGCCGCTAA-1	1
NC_006614.4	15216103	15216191	CTTCAGGAGGTTAGCT-1	2
NC_006614.4	15216148	15216310	ACCCGCTGTTACATCC-1	2
NC_006614.4	15216180	15216314	TACCTGCTCTCATCAT-1	1
NC_006614.4	15216183	15216314	AACTGTTCAGGTTACC-1	2
NC_006614.4	15216190	15216378	CGAAATGAGGATGATG-1	1
NC_006614.4	15216198	15216244	ATTTGTGAGCGCATTG-1	1
NC_006614.4	15216198	15216265	ACTCGCGCAGTTATCG-1	1
NC_006614.4	15216204	15216245	AAGAACAGTCGTAATG-1	2
NC_006614.4	15216242	15216282	GTTAATGTCACGCATG-1	1
NC_006614.4	15216254	15216317	ATTAGTCCATTGTGTG-1	1
NC_006614.4	15216275	15216325	GAGTGAGGTGTCACGG-1	1
NC_006614.4	15216294	15216454	TCGCTAACATTATGGT-1	2
NC_006614.4	15216302	15216342	GGCCAACTCATAACTG-1	2
NC_006614.4	15216325	15216435	CGTTAAATCCCGAACA-1	1
NC_006614.4	15216331	15216513	TTGTTTGGTATCTGGA-1	1
NC_006614.4	15216385	15216578	TTTCTCACATAAAGCA-1	2
NC_006614.4	15216386	15216515	TACTCGCTCCCTGGTT-1	1
NC_006614.4	15216427	15216504	GAGTAATAGGCAGGTG-1	2
NC_006614.4	15216431	15216464	GGAGTCTGTCCTTCTC-1	1
NC_006614.4	15216493	15216540	GATTGTTCACGGTACT-1	1
NC_006614.4	15216511	15216895	AGTCAATGTATGTGGC-1	1
NC_006614.4	15216552	15216658	AACTGTTCAGGTTACC-1	2
NC_006614.4	15216567	15216613	TTGCTTTAGCTTCTCA-1	1
NC_006614.4	15216595	15217023	GTAGGAGGTGATGAGG-1	2
NC_006614.4	15216604	15216943	TACCGAAGTAGTTGGC-1	1
NC_006614.4	15216605	15216643	GAACCTGTCCTGAATA-1	1
NC_006614.4	15216607	15216696	TCGTAATCACGCAACT-1	1
NC_006614.4	15216607	15216812	TTTCTTGCAAACTAAG-1	3
NC_006614.4	15216668	15216717	TGAGGTGCAATAATCC-1	1
NC_006614.4	15216668	15216734	CCTATTTAGGTGCGGA-1	3
NC_006614.4	15216694	15217092	GGTACAAAGTTCCCGT-1	2
NC_006614.4	15216699	15216882	AGCAATTGTCACAGCG-1	1
NC_006614.4	15216714	15216859	AGTTATGTCACAGACT-1	1
NC_006614.4	15216722	15217007	GTGCTGATCAGCAAAG-1	3
NC_006614.4	15216740	15216930	CCTTAACGTGGGAACA-1	1
NC_006614.4	15216748	15216796	TCACGGATCTCGACCT-1	1
NC_006614.4	15216756	15216849	CTATGACAGTTTAACG-1	2
NC_006614.4	15216766	15216899	CTCATGCTCTTGTCCA-1	1
NC_006614.4	15216767	15216903	AGTCTTGCATAGCGGA-1	2
NC_006614.4	15216768	15216906	CAAGACAAGTGTTGCG-1	1
NC_006614.4	15216784	15216963	GTCCTCAGTAGCAGCT-1	2
NC_006614.4	15216786	15217213	ACTGAAACAGAGGGAG-1	2
NC_006614.4	15216786	15217408	GATAAAGGTAGCTAGC-1	2
NC_006614.4	15216805	15216959	CTGTGTGAGAAAGCAT-1	2
NC_006614.4	15216841	15216882	AGGTTTGGTAGGATTT-1	1
NC_006614.4	15216849	15216888	ACTCACTGTCATCCTG-1	1
NC_006614.4	15216859	15216982	ACGTCAAGTTTAAAGC-1	2
NC_006614.4	15216870	15217099	TTTACGAAGTAATCCA-1	1
NC_006614.4	15216882	15216916	CATCCTCAGCATGTCG-1	1
NC_006614.4	15216883	15216930	AGGAGCTAGTGAACGA-1	1
NC_006614.4	15216897	15216938	TAGGTTATCTAACTGA-1	2
NC_006614.4	15216903	15216935	GAGGCTACACTGGCTG-1	2
NC_006614.4	15216903	15216935	GCGTGCTAGGAGGCAT-1	2
NC_006614.4	15216929	15217016	GCTGAGGAGTAAGTCC-1	1
NC_006614.4	15216930	15216953	CATGCATAGCACCACA-1	1
NC_006614.4	15216935	15217168	GTACGTAGTCAGTAAT-1	2
NC_006614.4	15216939	15217153	GCACTAAGTTTCGCCA-1	1
NC_006614.4	15216944	15216980	CGTCCTAGTAAGCTCA-1	1
NC_006614.4	15216976	15217335	AGGCAATCATAGCTGC-1	2
NC_006614.4	15216994	15217083	ATCAATCCATAGACCC-1	1
NC_006614.4	15217010	15217213	TGGTGATTCGATAACC-1	2
NC_006614.4	15217017	15217340	ATCCACCTCAGGGCCT-1	1
NC_006614.4	15217023	15217340	TGTATCGCAAGTTATC-1	1
NC_006614.4	15217026	15217228	AGGTCATTCAAATCGC-1	1
NC_006614.4	15217080	15217473	GTGATGAAGCACAGCC-1	1
NC_006614.4	15217097	15217680	AATGCGCGTAATTAGC-1	2
NC_006614.4	15217099	15217159	TATGGATGTATTGTGG-1	3
NC_006614.4	15217107	15217169	CACTTTGTCCAGGTTG-1	1
NC_006614.4	15217206	15217244	GGACATAAGCGGATTT-1	2
NC_006614.4	15217218	15217428	GATCAGGCACAGACTC-1	1
NC_006614.4	15217335	15217777	TCGTTAGCAGGCGATA-1	3
NC_006614.4	15217347	15217488	GGGCGAATCTGCAACG-1	1
NC_006614.4	15217451	15217561	TGTAAGTGTTTGCGAA-1	1
NC_006614.4	15217453	15217485	TACGCACCAGTAGGAT-1	1
NC_006614.4	15217453	15217665	CTATGAGGTCAGGCCA-1	2
NC_006614.4	15217493	15217675	ACAAAGGTCGCTAGAT-1	1
NC_006614.4	15217555	15217623	TGTTGCACACATTGCA-1	1
NC_006614.4	15217561	15218091	GGTCCTGCATTATGCG-1	1
NC_006614.4	15217568	15217949	GTAAGCGCAACTGGCT-1	1
NC_006614.4	15217597	15217867	TAAGCCAGTTTAGCGA-1	1
NC_006614.4	15217662	15217989	AGCGCTCAGAGGAGTC-1	1
NC_006614.4	15217680	15217807	AGGAACGGTGATTTGG-1	2
NC_006614.4	15217685	15217996	TCAAGACTCTCCATGC-1	2
NC_006614.4	15217705	15217838	GTTACTCGTTGCAATG-1	1
NC_006614.4	15217718	15217856	GCGGTTATCGGCCAGT-1	1
NC_006614.4	15217727	15217778	AATTGCTCAATTTGGT-1	1
NC_006614.4	15217727	15217906	TCGCGAGGTCCCGGAA-1	1
NC_006614.4	15217816	15217868	GTGCTTACACTTACAG-1	1
NC_006614.4	15217832	15218131	GGCAAATCACCTGCCT-1	2
NC_006614.4	15217840	15217906	AATTGACGTCATAGAT-1	1
NC_006614.4	15217851	15217906	GTCCTCAGTCCCGAAG-1	2
NC_006614.4	15217865	15217904	CGCCACACACGAATTT-1	1
NC_006614.4	15217938	15218019	TCGCGCACACAAACTT-1	2
NC_006614.4	15217979	15218108	TGATGATGTTTAACGG-1	1
NC_006614.4	15217998	15218510	GAGCGAAGTGTTCCCA-1	1
NC_006614.4	15218000	15218159	ACCAGGACAAGGACCA-1	2
NC_006614.4	15218014	15218045	TACCCGGCAGCCGCTA-1	1
NC_006614.4	15218019	15218359	ATGTTTGAGTGAACGA-1	2
NC_006614.4	15218112	15218194	GCAGGTGAGTGGACAA-1	2
NC_006614.4	15218119	15218318	CTGGATGTCGTGCTTC-1	2
NC_006614.4	15218127	15218173	CGAGCTGGTCGCGCAA-1	1
NC_006614.4	15218139	15218309	TATGACTCAGAAATTG-1	2
NC_006614.4	15218171	15218477	CTAACCCTCGGTCATG-1	1
NC_006614.4	15218173	15218345	GCTGAGGAGAAGGTGC-1	2
NC_006614.4	15218181	15218246	GCTAAGTTCATTGACA-1	3
NC_006614.4	15218212	15218303	ATGGCTAGTCATGCAA-1	1
NC_006614.4	15218218	15218284	CGAGCTGGTACTTCAC-1	3
NC_006614.4	15218242	15218271	CAATCTAAGTAGCCAT-1	1
NC_006614.4	15218246	15218442	GGAGCATAGCGCAATT-1	1
NC_006614.4	15218278	15218342	CCTCCTCTCCGTTAAA-1	2
NC_006614.4	15218297	15218586	CTAGGCGGTTAAATGC-1	1
NC_006614.4	15218305	15218792	CTCATGCTCTAAGTCA-1	1
NC_006614.4	15218326	15218525	TATTCGTTCACATTGA-1	1
NC_006614.4	15218339	15218750	TATAACCCACCTCACC-1	2
NC_006614.4	15218340	15218778	GGCTAGACAGAACCGA-1	1
NC_006614.4	15218355	15218479	TTTGGTGCATTAGGTT-1	1
NC_006614.4	15218372	15218511	TCAGTAATCATTAGCA-1	1
NC_006614.4	15218374	15218697	AAGTTTGTCGAAGTGA-1	1
NC_006614.4	15218422	15218484	TTAGACTCATTCCTGT-1	2
NC_006614.4	15218439	15218634	CACTTAAAGTCACGAT-1	1
NC_006614.4	15218461	15218516	TTAGCGGTCGCGCTAA-1	1
NC_006614.4	15218478	15218647	AGCTATATCCCGTTGT-1	1
NC_006614.4	15218485	15218565	AATTCGTCACGTAATT-1	2
NC_006614.4	15218510	15219010	TCAATCGCACCTCAGG-1	2
NC_006614.4	15218522	15218565	CGAATATGTAAAGCGG-1	1
NC_006614.4	15218522	15218565	CGAGCGAAGCCTCTCG-1	1
NC_006614.4	15218523	15218581	GTTCACCTCCGGTATG-1	1
NC_006614.4	15218528	15218647	TTGCAACAGTTCCCAC-1	1
NC_006614.4	15218533	15218565	GGTAATTGTCCAAGAC-1	4
NC_006614.4	15218563	15218710	GGCTGGTTCCTCACTA-1	1
NC_006614.4	15218563	15218811	GCCACAATCGGTACGC-1	1
NC_006614.4	15218563	15218916	GAAACCCGTTAGGTTG-1	1
NC_006614.4	15218565	15218636	GCGCAAACATCCATCT-1	1
NC_006614.4	15218575	15218710	GGTACTAGTCATAAGT-1	3
NC_006614.4	15218581	15218780	GTTCACCTCCGGTATG-1	1
NC_006614.4	15218586	15218647	TAAACAGCACAATGCC-1	1
NC_006614.4	15218591	15218687	TGGACAAAGGTCCGTA-1	1
NC_006614.4	15218594	15218802	ACAGCCGGTCTAACAG-1	1
NC_006614.4	15218610	15218746	ATGAAGCCAACTCGCG-1	1
NC_006614.4	15218664	15218708	GTTGGCCAGAAGCTAG-1	1
NC_006614.4	15218731	15218802	AGTAATGCATCAGCAC-1	1
NC_006614.4	15218751	15218879	TGGACAAAGGTCCGTA-1	1
NC_006614.4	15218755	15218807	TCGTCAACAATGAGGT-1	2
NC_006614.4	15218838	15218883	TCACCGGCATGGCCCA-1	1
NC_006614.4	15218849	15218900	CTCTCACAGTCATGCG-1	1
NC_006614.4	15218884	15219313	TTTCTCACAACGTGCT-1	2
NC_006614.4	15218921	15218989	CCTGGATCAATAGCAA-1	2
NC_006614.4	15218960	15219004	TTCCCACAGGTCATTA-1	1
NC_006614.4	15218960	15219150	TCAAGGTTCATGCTTT-1	1
NC_006614.4	15219036	15219304	GGTAACTTCAGGATGA-1	1
NC_006614.4	15219090	15219124	TACTAAGTCCTGATTT-1	1
NC_006614.4	15219098	15219272	CTTGCATGTTAACGAT-1	1
NC_006614.4	15219164	15219338	CCCAAATAGGGACTAA-1	5
NC_006614.4	15219233	15219557	CTGCTCCCACACAATT-1	2
NC_006614.4	15219335	15219473	GTACTAGGTTGGATCA-1	1
NC_006614.4	15219365	15219731	GATTGTTCAATGAGGT-1	1
NC_006614.4	15219381	15219487	AGAACCAAGTAACGGA-1	1
NC_006614.4	15219415	15219483	TTTGTCCCACTAGCGT-1	1
NC_006614.4	15219422	15219569	TAGCGGACATTGCGTA-1	1
NC_006614.4	15219481	15219562	ACTCACTGTCATCCTG-1	1
NC_006614.4	15219489	15219562	AGGGCCTTCCAAGTGT-1	1
NC_006614.4	15219532	15219886	CTCCGGACACCTGCCT-1	1
NC_006614.4	15219562	15219723	TGGCCTGCAACCTAAT-1	1
NC_006614.4	15219596	15219769	ACAACACTCATGGCTG-1	1
NC_006614.4	15219596	15219782	GTTGTGAGTTAGGTTG-1	1
NC_006614.4	15219601	15219828	CCCAAATAGGGACTAA-1	1
NC_006614.4	15219702	15219988	CGGTTGGGTTACGCAA-1	1
NC_006614.4	15219759	15220133	GCAAGTGCATTCAGCA-1	2
NC_006614.4	15219768	15219937	GGTTGACGTGCATTAG-1	1
NC_006614.4	15219778	15220117	CGCTTACTCCTTAAGA-1	2
NC_006614.4	15219790	15220166	TAATTGCCAGAGGCTA-1	1
NC_006614.4	15219795	15219836	GAAACCCGTTTGTCTA-1	1
NC_006614.4	15219805	15219844	TACGCACCACGCAACT-1	3
NC_006614.4	15219820	15220211	ACTCACTGTCATCCTG-1	1
NC_006614.4	15219960	15220117	ATGCAGGCAAAGGCCA-1	7
NC_006614.4	15219970	15220117	GGAGCAAGTATTTGGG-1	1
NC_006614.4	15219983	15220044	CCCTGTTAGGTCCGTA-1	1
NC_006614.4	15220090	15220375	CAATGTCAGACAGGTA-1	1
NC_006614.4	15220131	15220507	GCCTTAGAGGTTAGAG-1	1
NC_006614.4	15220205	15220333	GGTAAGGGTTGCTGGG-1	1
NC_006614.4	15220213	15220544	GAGAAACGTGGTGAGA-1	1
NC_006614.4	15220262	15220406	CATAACGGTTACTTCA-1	1
NC_006614.4	15220269	15220423	CCAACATAGGAGCACG-1	3
NC_006614.4	15220279	15220331	TTTGACTTCATGGTGT-1	2
NC_006614.4	15220279	15220342	GCCTGACAGCACGATT-1	1
NC_006614.4	15220279	15220434	GCTCTGTTCGATTCTT-1	4
NC_006614.4	15220288	15220669	ACACTTGCAAGTAAGC-1	1
NC_006614.4	15220318	15220712	TTTAAGCCAAATTCGT-1	1
NC_006614.4	15220323	15220483	ACAGGATCAGGTTTGC-1	1
NC_006614.4	15220324	15220397	CGGTTCCGTTCGCTTG-1	1
NC_006614.4	15220324	15220502	GGTTATATCTTGAGGT-1	3
NC_006614.4	15220333	15220591	TCTACTAGTAATCGTG-1	1
NC_006614.4	15220381	15220485	TGCGCGAGTGATTACG-1	2
NC_006614.4	15220387	15220738	CCAAACTAGGAGGCAT-1	1
NC_006614.4	15220437	15220474	AGGCTAGCAGGTATTT-1	3
NC_006614.4	15220440	15220515	TTTGTCCCACTAGCGT-1	1
NC_006614.4	15220440	15220526	GGGAGTAGTCCTTCAG-1	1
NC_006614.4	15220453	15220925	GCCCATAAGCTGGACC-1	1
NC_006614.4	15220462	15220515	TGCTCTCAGCAAGACA-1	2
NC_006614.4	15220472	15220546	CGGCTCACATTAAGCT-1	2
NC_006614.4	15220492	15220557	GGCGCTAGTGCATTAG-1	1
NC_006614.4	15220528	15220665	TAGAGCCGTGGTGAGA-1	2
NC_006614.4	15220530	15220584	GGCTTAAGTTAATCGG-1	1
NC_006614.4	15220530	15220728	GGAGCAAGTCAAGTAT-1	1
NC_006614.4	15220554	15220669	CGCCACACAGGTCCTG-1	1
NC_006614.4	15220584	15220963	GCGAGTGAGTCAATTG-1	3
NC_006614.4	15220589	15220677	GTGCTCAAGCCTGAGC-1	2
NC_006614.4	15220596	15220811	CATAGGTTCAAACCTA-1	1
NC_006614.4	15220608	15221126	TTTGTGGCAACTCGCG-1	1
NC_006614.4	15220618	15220665	GCTATCCTCATGGTTA-1	4
NC_006614.4	15220622	15220678	TGCTGGATCCTAAGTA-1	2
NC_006614.4	15220624	15220712	ACTCACCTCGTAATCA-1	1
NC_006614.4	15220624	15220793	GGATTGCGTAAGGTCC-1	1
NC_006614.4	15220624	15220818	GCACGCTAGCTCAATA-1	1
NC_006614.4	15220629	15220680	CCATTATTCAGTGAAG-1	1
NC_006614.4	15220629	15220818	CTCCTGAGTGTCCTGC-1	1
NC_006614.4	15220629	15220952	CAAACATGTTATGTGG-1	1
NC_006614.4	15220643	15220676	CAGGGTGAGCTGTAAC-1	1
NC_006614.4	15220683	15220729	TAGAGCCGTGGTGAGA-1	1
NC_006614.4	15220685	15220791	CGGTTCCGTTCGCTTG-1	1
NC_006614.4	15220687	15220709	TTGTGAGGTCATGCCC-1	1
NC_006614.4	15220690	15220755	TTATTGCTCATTGTCT-1	1
NC_006614.4	15220690	15220835	CTAATTGAGCAACAAG-1	1
NC_006614.4	15220691	15220719	AATTGCTCAACTCGCG-1	2
NC_006614.4	15220696	15220745	AGTTGTCAGTTAGCCG-1	2
NC_006614.4	15220697	15220724	AAGGATTAGTGCACGC-1	1
NC_006614.4	15220705	15220883	AGTGTGGCATTGCAGC-1	1
NC_006614.4	15220751	15220883	CTCTATGTCCATCAGG-1	1
NC_006614.4	15220757	15220926	TGTTGCACAGGCTACT-1	1
NC_006614.4	15220782	15221044	CACTAAGGTGGTGAGA-1	1
NC_006614.4	15220792	15220877	TGCTTGCTCCAAGTTA-1	1
NC_006614.4	15220818	15221162	AGGCAGGTCGGTTTCC-1	2
NC_006614.4	15220836	15220855	AGGGCCTTCCAAGTGT-1	2
NC_006614.4	15220836	15220883	TAACAAGCACACTAAT-1	1
NC_006614.4	15220836	15221135	TTATGACCAGTTATCG-1	1
NC_006614.4	15220853	15221049	TTTATGGAGGAACCGG-1	1
NC_006614.4	15220854	15220893	AGGGCCTTCCAAGTGT-1	1
NC_006614.4	15220913	15220950	AAGCTCCCATCAGCAC-1	1
NC_006614.4	15220933	15221230	GGCTGAGAGATTGAGG-1	1
NC_006614.4	15220952	15221152	CTCATGCTCTTGTCCA-1	2
NC_006614.4	15220952	15221337	CTTACCGGTGTCACGG-1	4
NC_006614.4	15220955	15221026	GACACCGGTTGCTGGG-1	1
NC_006614.4	15220955	15221142	GTAGTTATCGGGACCT-1	1
NC_006614.4	15220964	15221292	CCAGGATGTAAAGCGG-1	1
NC_006614.4	15220969	15221008	ATTCGTTTCGGCTAGC-1	1
NC_006614.4	15220977	15221024	ACTCACCTCGCACACA-1	2
NC_006614.4	15221003	15221060	GCTGTGATCATAGACC-1	1
NC_006614.4	15221003	15221209	GCTGCACAGCATGTTA-1	1
NC_006614.4	15221009	15221147	GCTTACCTCATTAGTG-1	1
NC_006614.4	15221009	15221147	TGCATGAGTTAGCATG-1	1
NC_006614.4	15221090	15221111	TAGCAGGCAACAGGAT-1	1
NC_006614.4	15221090	15221142	AACAGATAGGTCCTGA-1	3
NC_006614.4	15221093	15221147	GCCTGACAGCACGATT-1	1
NC_006614.4	15221094	15221176	TTGCGTCTCGGCCAGT-1	1
NC_006614.4	15221121	15221355	TCTAAGGGTAATAGCT-1	2
NC_006614.4	15221123	15221505	CTTTGAGCAAGGTAAC-1	2
NC_006614.4	15221135	15221265	AGGTGAGGTTTGAGCA-1	1
NC_006614.4	15221135	15221604	CGAAGTAAGGGCTTAT-1	1
NC_006614.4	15221171	15221260	GGATTGCGTAAGGTCC-1	1
NC_006614.4	15221179	15221277	GAGCGAAGTTAGCGTA-1	1
NC_006614.4	15221189	15221363	CATATCGCAAACATAG-1	2
NC_006614.4	15221204	15221245	CTGTTTAGTGATGATT-1	1
NC_006614.4	15221206	15221373	GCAACAGCATTGCGTA-1	1
NC_006614.4	15221211	15221349	TGTAAGTGTTTGTCTA-1	2
NC_006614.4	15221242	15221339	AAAGGACGTCAACAAT-1	1
NC_006614.4	15221255	15221602	CGGTTTGAGCACGTTG-1	2
NC_006614.4	15221257	15221328	GAAACTGAGGACCTTG-1	2
NC_006614.4	15221265	15221355	CAGTATGGTTCCTGTG-1	1
NC_006614.4	15221271	15221315	TGAGTTTCATAGCGGA-1	1
NC_006614.4	15221283	15221725	ACGCCTAAGCCTAATA-1	1
NC_006614.4	15221328	15221499	TTGGAGGCAATCCCTT-1	1
NC_006614.4	15221349	15221977	TCGTGCTTCACCAATA-1	1
NC_006614.4	15221366	15221500	GAGCAAGGTACCCACC-1	1
NC_006614.4	15221422	15221454	TTACACCGTATTGGAT-1	2
NC_006614.4	15221428	15221806	TGAGGTGCACTTCACT-1	1
NC_006614.4	15221433	15221465	CTATGGCCACAAACTT-1	1
NC_006614.4	15221463	15221536	CTGTTTAGTTCTTTAG-1	3
NC_006614.4	15221536	15221771	CTCACTCAGCTTTGTT-1	2
NC_006614.4	15221573	15221920	GTGGCTTCAAACCTTG-1	1
NC_006614.4	15221573	15222209	AATGTCCAGCAGGTGG-1	1
NC_006614.4	15221602	15221703	TCTTGACGTTAGGTTG-1	2
NC_006614.4	15221607	15221902	TGTGGCGGTTTGAGGC-1	2
NC_006614.4	15221702	15221745	AATTGCCAGCAAGGGT-1	1
NC_006614.4	15221745	15221815	CGGTTCCGTCAGGCAT-1	2
NC_006614.4	15221745	15221864	AATTGCCAGCAAGGGT-1	3
NC_006614.4	15221755	15221817	CACGCAATCTTAGCGG-1	2
NC_006614.4	15221756	15221815	TCTAACCGTCAAGACC-1	2
NC_006614.4	15221815	15221864	TAGTAGGAGCTTACTT-1	1
NC_006614.4	15221840	15222069	GAGAGGCGTGAGCAAG-1	1
NC_006614.4	15221842	15221976	GCGGATACACAATGCC-1	1
NC_006614.4	15221859	15221901	ACAGGAATCTTGTCTG-1	2
NC_006614.4	15221864	15221992	TAGTAGGAGCTTACTT-1	1
NC_006614.4	15221864	15222325	TGCCTGTTCGGTTAGT-1	2
NC_006614.4	15221901	15222443	GTGCTCCGTTTCCTCC-1	2
NC_006614.4	15221923	15222314	AGAAACCCAGGATAAC-1	1
NC_006614.4	15221933	15221962	CCACTTGGTGGTTATG-1	1
NC_006614.4	15221959	15222208	TGACTTAAGGAGGTTA-1	2
NC_006614.4	15221964	15222004	AAGGATCCAGGTTCAC-1	3
NC_006614.4	15221976	15222014	GCCTTACTCGTTAAGC-1	1
NC_006614.4	15221976	15222051	AAGCTTGGTTAGACCA-1	1
NC_006614.4	15221976	15222338	GACGTAAAGGTGAAGC-1	1
NC_006614.4	15222016	15222057	GTTACGCCAACTAGCC-1	1
NC_006614.4	15222025	15222059	CGTTATCGTTGCCTCA-1	1
NC_006614.4	15222031	15222179	CCGCTAGCAAAGCGCA-1	1
NC_006614.4	15222031	15222401	CATCGCTTCGAGCAAA-1	1
NC_006614.4	15222036	15222338	TCGCGCACACCGGCTA-1	2
NC_006614.4	15222037	15222367	TTTACGCGTGTTTGTC-1	3
NC_006614.4	15222041	15222106	GGACGAAGTCCTTTAA-1	1
NC_006614.4	15222062	15222129	TTTATGGAGTCATTTC-1	1
NC_006614.4	15222092	15222302	GATGAGGGTGTGTCCC-1	1
NC_006614.4	15222093	15222302	TTTGCGGAGGTTAGAG-1	1
NC_006614.4	15222095	15222301	TATAGGTGTACCCACC-1	2
NC_006614.4	15222096	15222266	AATCTCAAGGATTGAG-1	2
NC_006614.4	15222096	15222348	TATTCGTTCTCAATGA-1	1
NC_006614.4	15222097	15222325	AGGATGTCACGTAAGG-1	1
NC_006614.4	15222098	15222438	AAAGGTTAGTATTGCA-1	1
NC_006614.4	15222103	15222480	CCCAGCACAGGACCAA-1	1
NC_006614.4	15222106	15222176	TAATGCATCAAGCTTA-1	2
NC_006614.4	15222106	15222327	ATCACTAAGGCCGGAA-1	1
NC_006614.4	15222111	15222147	ATGCGATTCTTACTCG-1	2
NC_006614.4	15222112	15222363	CGGGACAAGGCTGGCT-1	1
NC_006614.4	15222133	15222327	CCTGACTTCCTTGCGT-1	1
NC_006614.4	15222134	15222523	TGAGCTTAGTCAATCA-1	2
NC_006614.4	15222143	15222199	CGTCAATAGGAGCAAC-1	1
NC_006614.4	15222144	15222522	GCAACAGCATTGCGTA-1	2
NC_006614.4	15222168	15222230	AACATAGCACTCAACA-1	1
NC_006614.4	15222173	15222209	CCTGTATGTGTGAGAG-1	1
NC_006614.4	15222174	15222243	GGTGCTTCACCCTCAC-1	1
NC_006614.4	15222178	15222251	GGGTCAACAGGAAGCC-1	1
NC_006614.4	15222178	15222304	ATGATGACACTGGCTG-1	1
NC_006614.4	15222179	15222256	TTATGACCAGTTATCG-1	1
NC_006614.4	15222185	15222258	ATTAGTCCAGGCATGA-1	1
NC_006614.4	15222192	15222443	CCCAATTGTGTTTGTC-1	1
NC_006614.4	15222199	15222419	TTGCCCGTCGTGCTAG-1	1
NC_006614.4	15222209	15222441	AGTTGGCGTCTAACAG-1	1
NC_006614.4	15222211	15222439	TGCTGGATCGTTCACC-1	2
NC_006614.4	15222221	15222320	CAGGTCCAGTTATGTG-1	1
NC_006614.4	15222226	15222668	CCACAATAGGAGTCGG-1	2
NC_006614.4	15222235	15222297	TTTCTCACAACGTGCT-1	1
NC_006614.4	15222237	15222395	TTGACTAAGAGGATAT-1	1
NC_006614.4	15222256	15222301	TTGACTAAGGTCCGTA-1	2
NC_006614.4	15222256	15222327	TGTATCCGTGCTTTAC-1	3
NC_006614.4	15222266	15222320	GGAAGCTAGGTCCTAG-1	2
NC_006614.4	15222266	15222358	TAGGCTAGTAATCCCT-1	2
NC_006614.4	15222266	15222433	GTGCTGGGTCATTGTC-1	1
NC_006614.4	15222290	15222388	ACTCCTCAGCATCCAG-1	1
NC_006614.4	15222290	15222952	GACTAATGTACCCACC-1	1
NC_006614.4	15222301	15222443	GAGGACTAGGCATGTT-1	1
NC_006614.4	15222302	15222443	TTGGTGAGTCTTACTA-1	1
NC_006614.4	15222304	15222568	ACGCCACAGGATGATG-1	1
NC_006614.4	15222314	15222603	GGCATTGTCTAGCTTT-1	1
NC_006614.4	15222315	15222377	ACGAGTAAGGAAGCTA-1	1
NC_006614.4	15222320	15222443	ACTGAATGTACTGAAT-1	1
NC_006614.4	15222320	15222443	CGTAATGGTACTGAAT-1	1
NC_006614.4	15222320	15222582	TAATGGACACTAAATC-1	1
NC_006614.4	15222323	15222475	CTGGTTACAATAACCT-1	1
NC_006614.4	15222324	15222401	TTGGGCGGTATTGTGG-1	2
NC_006614.4	15222324	15222433	GGAGCAAGTCAAGTAT-1	1
NC_006614.4	15222325	15222387	TATAGCTCACCTGGTG-1	1
NC_006614.4	15222325	15222467	GTGGATGCATGACTAT-1	1
NC_006614.4	15222325	15222888	GTCAATATCGATTTGA-1	1
NC_006614.4	15222327	15222401	CTATTACTCTTAATGG-1	1
NC_006614.4	15222327	15222551	GCTCAACCAATTGAAG-1	1
NC_006614.4	15222329	15222407	TGTAAAGCATTAGGTT-1	2
NC_006614.4	15222333	15222429	GCTAAGCGTTACCGGG-1	1
NC_006614.4	15222336	15222379	ACGTTACAGGTTAGCT-1	2
NC_006614.4	15222336	15222438	GAGCCACTCAAAGGCA-1	1
NC_006614.4	15222336	15222578	CGCATATAGCTCAATA-1	1
NC_006614.4	15222338	15222508	GGTATTTCAATAACGA-1	1
NC_006614.4	15222341	15222412	AGTAGCTTCCTCAGCT-1	1
NC_006614.4	15222343	15222379	ATCCCGCGTAGTTAAC-1	1
NC_006614.4	15222343	15222407	ACTTCGCTCTGTGCAG-1	1
NC_006614.4	15222343	15222433	TATGGATGTTCTTTAG-1	2
NC_006614.4	15222348	15222417	GAGCCACTCAAAGGCA-1	1
NC_006614.4	15222348	15222507	GTCTCACTCTTTGTAC-1	1
NC_006614.4	15222356	15222401	TTGCAGCCAAACAACA-1	2
NC_006614.4	15222358	15222438	GGTGATTTCCTAAGAC-1	2
NC_006614.4	15222358	15222443	TATATCCTCGAAGTGA-1	2
NC_006614.4	15222358	15222456	ACGTCAAGTAATCGCA-1	1
NC_006614.4	15222358	15222462	TGGCTTTGTACCAGGT-1	1
NC_006614.4	15222358	15222508	TTAACCAAGGTCCAAT-1	1
NC_006614.4	15222360	15222419	AGCTCATAGTACTGGT-1	1
NC_006614.4	15222360	15222513	TGCCATTGTTAACACG-1	1
NC_006614.4	15222365	15222433	CCTAAATCAGGATAAC-1	2
NC_006614.4	15222366	15222397	GGCCATCAGTCCTTCA-1	1
NC_006614.4	15222367	15222433	CAACAATGTCAATAGT-1	1
NC_006614.4	15222367	15222441	ACTGAATGTTGACTTC-1	2
NC_006614.4	15222368	15222448	TGCCGGTAGGTTTGCG-1	1
NC_006614.4	15222369	15222419	AATAACCGTGCTTAGA-1	1
NC_006614.4	15222369	15222424	CTCCAACTCCTCCTAA-1	1
NC_006614.4	15222369	15222541	GCCCAAATCGCACACA-1	5
NC_006614.4	15222370	15222438	GTGCTCAAGCCTGAGC-1	1
NC_006614.4	15222370	15222443	CGGCAATGTTGTAACG-1	1
NC_006614.4	15222371	15222634	ATGATGGAGCTTAGTA-1	2
NC_006614.4	15222372	15222419	ACTTAGGGTTTCCGGC-1	2
NC_006614.4	15222372	15222433	TGCATGAGTCTTTATG-1	1
NC_006614.4	15222372	15222490	TTGAGCTAGCTTAACA-1	1
NC_006614.4	15222375	15222433	AATTCGTCAGGAAGCC-1	2
NC_006614.4	15222377	15222419	TCATGTTTCCAGGGAG-1	1
NC_006614.4	15222377	15222422	TTAGGCTAGCTATATG-1	1
NC_006614.4	15222379	15222419	GCCTCAAAGGCGCACT-1	2
NC_006614.4	15222379	15222433	AAAGCAAGTTATGTGG-1	1
NC_006614.4	15222379	15222433	CAGCCTAAGCTCCTTA-1	2
NC_006614.4	15222379	15222433	GGATTGCGTAAGGTCC-1	1
NC_006614.4	15222379	15222455	GAGTCAAAGGTTTACA-1	2
NC_006614.4	15222379	15222579	GATAATCGTGCTTAGA-1	1
NC_006614.4	15222379	15223192	CGCCACACACTAAGTT-1	1
NC_006614.4	15222380	15222413	CACAGGCTCCCTGATC-1	1
NC_006614.4	15222380	15222426	ATGTTTGAGCTACTGG-1	1
NC_006614.4	15222380	15222433	CCCGCTTCATAATCGT-1	3
NC_006614.4	15222380	15222443	ATGAAGTAGTAGCCAT-1	1
NC_006614.4	15222380	15222443	TGAAGGATCCGGCTAA-1	2
NC_006614.4	15222380	15222490	GTCGAAGCAGGCCAAA-1	1
NC_006614.4	15222382	15222438	TCGCTAACATGTTTGG-1	1
NC_006614.4	15222383	15222433	AAAGGAGCATTAAGTC-1	3
NC_006614.4	15222383	15222682	GCATGAGCACTATGGC-1	1
NC_006614.4	15222389	15222433	GAGGCTTGTAATGGAA-1	2
NC_006614.4	15222389	15222779	CGTTAGTAGCTCCTTA-1	1
NC_006614.4	15222390	15222467	GCCTAATAGTCACCAG-1	1
NC_006614.4	15222390	15222626	TCGTAATCAGTTAGCC-1	1
NC_006614.4	15222392	15222551	CCTACTTCATAGACTT-1	2
NC_006614.4	15222395	15222438	TCATTGCGTTTGGGCG-1	2
NC_006614.4	15222395	15222443	GTAATAGCAAACTCAT-1	1
NC_006614.4	15222395	15222650	GACGTAAAGCAGGCCT-1	3
NC_006614.4	15222399	15222450	GCGAAGTAGGAAACTG-1	1
NC_006614.4	15222400	15222433	GCGCTTGCACCGTTCC-1	1
NC_006614.4	15222400	15222438	AGGTTTGGTACTGAAT-1	1
NC_006614.4	15222400	15222448	CATGGATTCCAATAGC-1	1
NC_006614.4	15222401	15222464	TATTCGTTCCTCGATC-1	1
NC_006614.4	15222406	15222438	GCAATGAAGTCAGGCC-1	1
NC_006614.4	15222407	15222443	AGGGCCTTCCAAGTGT-1	2
NC_006614.4	15222407	15222443	TATTAGGTCGTAATCA-1	1
NC_006614.4	15222407	15222448	TGTGGCCAGGCATGAA-1	1
NC_006614.4	15222407	15222473	AGTTACTCAGGCCTTG-1	1
NC_006614.4	15222407	15222490	GTCGAGGAGTCGCTAG-1	1
NC_006614.4	15222407	15222600	ATCCATAAGCGCTCAA-1	1
NC_006614.4	15222409	15222656	AATCATGTCTTGATGA-1	1
NC_006614.4	15222410	15222443	GCTATAGGTGGGAACA-1	3
NC_006614.4	15222412	15222448	TAAAGCCTCCTCCCTC-1	3
NC_006614.4	15222412	15222598	CTAAAGCTCACGCATG-1	1
NC_006614.4	15222413	15222483	TCCGGTTTCATAACGC-1	1
NC_006614.4	15222419	15222483	CTAATCTTCATTTGTC-1	1
NC_006614.4	15222419	15222563	CGGTAACGTCAGGCAT-1	1
NC_006614.4	15222419	15222568	CCGCAAGGTTGGATCA-1	2
NC_006614.4	15222421	15222462	ATGGTTATCAAACTCA-1	3
NC_006614.4	15222424	15222522	GTTGTTGCAGCTAATT-1	1
NC_006614.4	15222426	15222490	ACGTCAAGTAATCGCA-1	2
NC_006614.4	15222429	15222490	GCTAAGCGTTACCGGG-1	1
NC_006614.4	15222431	15222723	CCTATAGCACCGGTAT-1	1
NC_006614.4	15222433	15222462	ATGGCTTAGGCGGATG-1	2
NC_006614.4	15222433	15222480	GCATTGCCAATATGGA-1	2
NC_006614.4	15222433	15222482	TAGCAGGCAGTTAGCC-1	1
NC_006614.4	15222433	15222490	AACAAAGGTCCGCTGT-1	1
NC_006614.4	15222433	15222503	CGAGGTGAGGAGGACT-1	3
NC_006614.4	15222433	15222504	GCCACAATCAACAAGG-1	1
NC_006614.4	15222433	15222509	GGTTGACGTACTTCAC-1	2
NC_006614.4	15222433	15222510	GGTTTGTAGCCTCTGT-1	2
NC_006614.4	15222433	15222512	AATTAGGCACTAGGTC-1	1
NC_006614.4	15222433	15222525	AATAGAGGTAGCTGGT-1	1
NC_006614.4	15222433	15222537	ATTGGCTAGTCCTTCA-1	2
NC_006614.4	15222433	15222551	AGGTTAGAGTTGGATC-1	1
NC_006614.4	15222433	15222556	ACTATCCGTTACTTCA-1	3
NC_006614.4	15222433	15222561	AGGTTACTCAGGGCCT-1	1
NC_006614.4	15222433	15222563	CCTTCGTAGGGTGAGT-1	1
NC_006614.4	15222433	15222568	GATTCCTGTTCCGGGA-1	1
NC_006614.4	15222433	15222593	CCAAGGCTCAACAAGG-1	1
NC_006614.4	15222433	15222619	GGCTGGTTCGTGCTAG-1	1
NC_006614.4	15222433	15222668	CTTGTCCAGCCTAATA-1	1
NC_006614.4	15222433	15222709	GATTGCAGTAGGTTTG-1	1
NC_006614.4	15222435	15222490	GACCGAACACCGGCTA-1	1
NC_006614.4	15222437	15222517	GGCATTAGTTGGATAT-1	1
NC_006614.4	15222438	15222477	GCCTCAAAGGCGCACT-1	1
NC_006614.4	15222438	15222478	AACCTCCTCATGGTGT-1	1
NC_006614.4	15222438	15222480	CGTTGCAAGCTAAGTC-1	2
NC_006614.4	15222438	15222480	TTGCAGCCAAACAACA-1	1
NC_006614.4	15222438	15222490	CAGGTGGAGGCAACAA-1	2
NC_006614.4	15222438	15222490	GTGCTTCTCCGTAAAC-1	1
NC_006614.4	15222438	15222490	GTTCACCTCCGGTATG-1	1
NC_006614.4	15222438	15222508	ATTCACTTCGCTCACT-1	1
NC_006614.4	15222438	15222508	GGAGTCTGTCCAAATG-1	2
NC_006614.4	15222438	15222519	CGTGCTTTCTAAATCG-1	1
NC_006614.4	15222438	15222541	GCCACAATCATCAGTA-1	2
NC_006614.4	15222438	15222546	GCATTAGGTGGATTAT-1	3
NC_006614.4	15222438	15222551	TACGTTAAGTTATCCT-1	3
NC_006614.4	15222438	15222553	TTGGGTTAGCTACTGG-1	1
NC_006614.4	15222438	15222573	TGGTAAACACCCTCAC-1	1
NC_006614.4	15222438	15222593	CCCGCAACAGTTTGTG-1	2
NC_006614.4	15222438	15222593	GGCCGTTAGGGCTTTG-1	1
NC_006614.4	15222439	15222490	AGGTACGCAGGTATTT-1	1
NC_006614.4	15222439	15222490	ATTACCGCATGTTGCA-1	2
NC_006614.4	15222439	15222490	TTTAGGATCTCGACCT-1	2
NC_006614.4	15222439	15222549	TAGTAGGAGCCGCTAA-1	3
NC_006614.4	15222439	15222568	CTCTCACAGGTCGAGG-1	1
NC_006614.4	15222439	15222639	TGGATTGGTCGACTCC-1	1
NC_006614.4	15222441	15222485	AGCGGATAGAAGCTAG-1	1
NC_006614.4	15222441	15222499	ACTTCGCTCCTAAGAC-1	1
NC_006614.4	15222441	15222508	GTGTAACTCATTAGGC-1	1
NC_006614.4	15222441	15222523	ACCTTCCAGTCCTTTG-1	2
NC_006614.4	15222441	15222546	GACTTGGTCATAACGC-1	1
NC_006614.4	15222441	15222568	TGGACCGGTGCGCGTA-1	1
NC_006614.4	15222443	15222473	TACATCAAGGCTGTCA-1	1
NC_006614.4	15222443	15222475	GGTTGGTGTGCTCCAC-1	1
NC_006614.4	15222443	15222478	TAGGGTTTCCCTCTAA-1	1
NC_006614.4	15222443	15222480	TGACTTAAGGCTAGAA-1	1
NC_006614.4	15222443	15222490	ACCCGTAAGCACAGGG-1	1
NC_006614.4	15222443	15222490	ACGTTACAGTCATTAG-1	1
NC_006614.4	15222443	15222490	GAGTCATTCGATCAGT-1	2
NC_006614.4	15222443	15222490	TAGCATATCGAAGTAG-1	1
NC_006614.4	15222443	15222508	CGGGACAAGGCTGGCT-1	1
NC_006614.4	15222443	15222508	GGTTGCATCCACAATA-1	2
NC_006614.4	15222443	15222519	TACAAGCTCTGGCATG-1	2
NC_006614.4	15222443	15222522	GGCAAATCACCTGCCT-1	2
NC_006614.4	15222443	15222527	TGGACTAGTCTTGCAT-1	1
NC_006614.4	15222443	15222537	ACTTATCTCGAGGAGT-1	1
NC_006614.4	15222443	15222561	CAAAGCGCAGGTATTT-1	1
NC_006614.4	15222443	15222568	CGCCACACAGGTCCTG-1	1
NC_006614.4	15222443	15222568	GGCGATACATAAGGAC-1	1
NC_006614.4	15222443	15222573	TTGCACACATGTGGGA-1	2
NC_006614.4	15222443	15222574	TGACTTAAGGACTTAC-1	2
NC_006614.4	15222443	15222577	AATTCGTCAGGCTTGT-1	2
NC_006614.4	15222443	15222578	AGAACCGCAGCACCAT-1	2
NC_006614.4	15222443	15222593	CGCTCCATCCGCAACA-1	1
NC_006614.4	15222443	15222626	AGGCGGATCACGCATG-1	1
NC_006614.4	15222443	15222634	AGTAAACAGTTAGCCG-1	2
NC_006614.4	15222443	15222787	GTGCTCCGTTCGGTAA-1	2
NC_006614.4	15222446	15222528	CAACTAATCCCTCATA-1	2
NC_006614.4	15222447	15222527	CGTTTCTCAGCAAGGC-1	1
NC_006614.4	15222448	15222485	CTTCAGGAGTGAGCAA-1	2
NC_006614.4	15222448	15222490	GTTAGGCGTGAGCACT-1	1
NC_006614.4	15222448	15222490	TATATCCTCATTACAG-1	1
NC_006614.4	15222448	15222490	TGTTCATTCCTGGTCT-1	2
NC_006614.4	15222448	15222503	GACGTAAAGCAGGCCT-1	2
NC_006614.4	15222448	15222504	GGCAAATCACCTGCCT-1	2
NC_006614.4	15222448	15222510	TTGAGGCGTGCTAGAC-1	2
NC_006614.4	15222448	15222515	AGGGCTACAGGAAGCC-1	2
NC_006614.4	15222448	15222521	AGCTATATCGTAACGT-1	2
NC_006614.4	15222448	15222522	TGAGGGCCACCTGTAA-1	2
NC_006614.4	15222448	15222527	AGGACGTAGTAACCAC-1	2
NC_006614.4	15222448	15222527	ATTGAAGCAACTAGGG-1	1
NC_006614.4	15222448	15222528	TTGCTCTCAGCATGTC-1	1
NC_006614.4	15222448	15222535	TCGTTACGTGGATGTC-1	1
NC_006614.4	15222448	15222539	ATGTTTGAGGTGCGGA-1	1
NC_006614.4	15222448	15222546	CAAACCGTCTAAGTGC-1	1
NC_006614.4	15222448	15222546	GGACGAAGTAACGTGC-1	2
NC_006614.4	15222448	15222578	CTATGAGGTACGCGCA-1	1
NC_006614.4	15222448	15222587	TGAGGCACACGAATCC-1	1
NC_006614.4	15222448	15222588	TTGGATCAGGCATTGT-1	1
NC_006614.4	15222448	15222606	TAGGGTTTCCAATTAG-1	2
NC_006614.4	15222448	15222645	AAGGTGCAGGTGTTAC-1	3
NC_006614.4	15222452	15222490	ACCTTCCAGCGATACT-1	1
NC_006614.4	15222453	15222510	CCCAATTGTGTTTGTC-1	1
NC_006614.4	15222453	15222530	TACGGTTAGCCGCTAA-1	1
NC_006614.4	15222454	15222523	TGGGCCTAGGCGCTAC-1	2
NC_006614.4	15222457	15222523	GTTGGCCAGCTATATG-1	2
NC_006614.4	15222457	15222582	CTTCACTCATTGTTGG-1	2
NC_006614.4	15222458	15222529	ACATAGCTCCGGCTAA-1	1
NC_006614.4	15222458	15222530	GACCTGCAGTGAGAGC-1	1
NC_006614.4	15222458	15222568	TGAAACTGTGGTTAGC-1	2
NC_006614.4	15222458	15222698	GCGTAACGTTAGGATT-1	2
NC_006614.4	15222459	15222553	AGTAGCTTCCTCAGCT-1	1
NC_006614.4	15222462	15222525	TCTACCTCAATTTAGC-1	1
NC_006614.4	15222462	15222556	AAGCCTCCACGGTACT-1	2
NC_006614.4	15222462	15222558	AGCCTGGGTCGTTACT-1	1
NC_006614.4	15222462	15222562	CGGATAAAGGCTTAGT-1	1
NC_006614.4	15222464	15222508	GGTTGACGTTAGCTGA-1	1
NC_006614.4	15222466	15222499	TTTGTGAAGTTGTCCC-1	1
NC_006614.4	15222466	15222508	ATTTGCAAGTTGCGTG-1	1
NC_006614.4	15222467	15222499	CTAACCACAATAGTCT-1	1
NC_006614.4	15222467	15222568	GTTCTTAGTGCATCGG-1	2
NC_006614.4	15222467	15222568	TCGCGCACACAAACTT-1	1
NC_006614.4	15222468	15222541	TAACCGGTCGGGATTT-1	2
NC_006614.4	15222470	15222862	TTAACCAAGACTTATG-1	1
NC_006614.4	15222472	15222551	GCAAACAAGGACTTAC-1	1
NC_006614.4	15222473	15222508	TTTCAGTTCCAGGGAG-1	1
NC_006614.4	15222473	15222573	TCTTGACGTTAGGTTG-1	1
NC_006614.4	15222473	15222588	CAGGGCTTCAAAGGCA-1	1
NC_006614.4	15222473	15222593	AATAGAGGTCACGAAC-1	2
NC_006614.4	15222473	15222593	GCGAGTGAGATGCCTG-1	2
NC_006614.4	15222473	15222621	TGTGCTGAGGAGGCAT-1	3
NC_006614.4	15222475	15222512	CGCTGTGCAGTCTAGC-1	2
NC_006614.4	15222475	15222553	AATTTGCCACAGGGAC-1	1
NC_006614.4	15222475	15222558	TGAGCCGGTTTATCTG-1	3
NC_006614.4	15222475	15222563	TACTGCACAACACTTG-1	1
NC_006614.4	15222477	15222527	TCGTTTCCATCAATCG-1	3
NC_006614.4	15222477	15222541	AATCTTGAGCTGGAAA-1	1
NC_006614.4	15222477	15222553	TCTGGCTTCGATTCTT-1	2
NC_006614.4	15222477	15222568	TCCTTAGTCATGAAGG-1	1
NC_006614.4	15222477	15222593	GGTAAACCAAACTAAG-1	1
NC_006614.4	15222477	15222626	TCATACTTCAAACCGT-1	1
NC_006614.4	15222478	15222541	GCCACTAAGAGGGACT-1	1
NC_006614.4	15222478	15222551	GGTGAGTAGGAGCACG-1	1
NC_006614.4	15222478	15222558	TACTGACAGGTCCTGA-1	2
NC_006614.4	15222478	15222573	ATAATGGCATCAGTAT-1	1
NC_006614.4	15222480	15222553	GCGCTAGGTGGTTCTT-1	2
NC_006614.4	15222480	15222577	ATAATGGCAAGCGAGC-1	1
NC_006614.4	15222480	15222926	TTCAGGTAGTGACCTG-1	2
NC_006614.4	15222481	15222563	TATCACGCACGTTACA-1	1
NC_006614.4	15222483	15222626	TCCGGTTTCATAACGC-1	1
NC_006614.4	15222483	15223060	GTTGGCCAGCCTAACG-1	1
NC_006614.4	15222485	15222522	TTTGTCCCACTAGCGT-1	1
NC_006614.4	15222485	15222527	AGAATCTGTTTAGTCC-1	3
NC_006614.4	15222485	15222549	GCAAACCGTCATTGAG-1	1
NC_006614.4	15222485	15222562	AGTTGGCGTCTAACAG-1	2
NC_006614.4	15222485	15222563	TATAGCTCAATAATGG-1	2
NC_006614.4	15222485	15222568	GGACGAAGTCATCAAG-1	1
NC_006614.4	15222488	15222537	ATTTGCAAGAAAGGAA-1	1
NC_006614.4	15222488	15222611	CAATGCCCATTAAGCT-1	1
NC_006614.4	15222488	15222713	GGTCCGTAGCCATCAG-1	2
NC_006614.4	15222490	15222523	TTGTCCGGTTACCTGT-1	1
NC_006614.4	15222490	15222528	TGGGCCTAGGTAAGCA-1	2
NC_006614.4	15222490	15222540	GCAATGAAGGCGCTTA-1	2
NC_006614.4	15222490	15222545	TGACTTCGTGTGAGAG-1	1
NC_006614.4	15222490	15222546	AGCCGCTAGGCATGAA-1	1
NC_006614.4	15222490	15222546	TCATACTTCTACTAAG-1	1
NC_006614.4	15222490	15222551	GACCTGCAGGCTATGT-1	1
NC_006614.4	15222490	15222551	TTAATCGAGGTAAGGC-1	1
NC_006614.4	15222490	15222553	ACCTTCCAGCGATACT-1	1
NC_006614.4	15222490	15222553	CCACACAAGGTCAAAG-1	2
NC_006614.4	15222490	15222556	TGAGGAGGTTTATCGC-1	2
NC_006614.4	15222490	15222562	ATTAGCTCATAGGCGA-1	1
NC_006614.4	15222490	15222562	TGTATCCGTGCTTTAC-1	2
NC_006614.4	15222490	15222563	AAAGGAGCATCCATCT-1	4
NC_006614.4	15222490	15222563	ATTGACTCATTATGAC-1	2
NC_006614.4	15222490	15222566	GGCAAATCACCTGCCT-1	2
NC_006614.4	15222490	15222567	CCCTCATAGTCATGCG-1	2
NC_006614.4	15222490	15222578	ACGTTGTAGAAAGCAT-1	1
NC_006614.4	15222490	15222578	TAAAGCCTCCTCCCTC-1	1
NC_006614.4	15222490	15222578	TAGTCAATCATTGCGG-1	1
NC_006614.4	15222490	15222578	TGTTCATTCCTGGTCT-1	1
NC_006614.4	15222490	15222621	GCTTCGCGTTAACAGT-1	1
NC_006614.4	15222490	15222634	GTTTAGCAGCATGTCG-1	1
NC_006614.4	15222490	15223015	GGCGCTAGTTAGTACG-1	1
NC_006614.4	15222492	15222551	AAGAACAGTGTTGCAA-1	2
NC_006614.4	15222495	15222551	TAGCTTAAGGCGAATA-1	1
NC_006614.4	15222499	15222525	AGTCTTGCATGGAGGC-1	1
NC_006614.4	15222499	15222533	GATTACGGTGGACATC-1	3
NC_006614.4	15222499	15222546	TCCTGGTTCTAGCTAA-1	1
NC_006614.4	15222499	15222549	ACGCCTTTCTGTGAGT-1	1
NC_006614.4	15222499	15222551	ACGTTACAGACTAAGG-1	1
NC_006614.4	15222499	15222553	CCCTGGACAAACGCGA-1	2
NC_006614.4	15222499	15222557	AGCACTTAGTTAGTGC-1	1
NC_006614.4	15222499	15222568	CGGATTAGTAATCGGC-1	1
NC_006614.4	15222499	15222626	AAGCGGGTCGCACAAT-1	1
NC_006614.4	15222503	15222553	AGGAACGGTACCCACC-1	1
NC_006614.4	15222503	15222603	GAGCGATAGCTGTAAC-1	5
NC_006614.4	15222503	15222618	TTGTTGCGTCGTAAAT-1	1
NC_006614.4	15222504	15222553	ACCGAAGCAAAGCGCA-1	1
NC_006614.4	15222504	15222574	ACTTCGCTCTGTGCAG-1	1
NC_006614.4	15222504	15222673	GCTTCGCGTTAACAGT-1	1
NC_006614.4	15222508	15222541	CATCGCTTCCACAATA-1	2
NC_006614.4	15222508	15222556	CTCACTCAGCAAGACA-1	1
NC_006614.4	15222508	15222561	AATCCTAAGGAGTCTT-1	1
NC_006614.4	15222508	15222563	ACCTAAGGTGTGAGAG-1	1
NC_006614.4	15222508	15222563	ACGGTTAGTGAGGTGA-1	1
NC_006614.4	15222508	15222577	GAACCTTAGCAAGGAC-1	1
NC_006614.4	15222508	15222588	ACCGGCTAGAGAGGCT-1	1
NC_006614.4	15222508	15222608	GTGCACGGTTTACCGT-1	1
NC_006614.4	15222508	15222639	ACAAAGGTCAGCACGC-1	1
NC_006614.4	15222509	15222551	GAACCTGTCTGCAAAC-1	1
NC_006614.4	15222510	15222558	TTTACGCGTGTTTGTC-1	2
NC_006614.4	15222510	15222562	TGATGACTCTAAGTGC-1	1
NC_006614.4	15222510	15222577	TGAGGGCCATGTGGGA-1	1
NC_006614.4	15222512	15222582	TGAAGCAAGTTTGGGT-1	1
NC_006614.4	15222513	15222611	CGGCTAATCCCATAGG-1	1
NC_006614.4	15222513	15222613	TGCCATTGTTAACACG-1	1
NC_006614.4	15222515	15222684	GCTGCATCACTTACAG-1	1
NC_006614.4	15222516	15222551	TATGCATCATAACGGG-1	1
NC_006614.4	15222519	15222578	GTTAATGTCCCTGATC-1	1
NC_006614.4	15222519	15222668	GCAAACAAGGCGCACT-1	1
NC_006614.4	15222521	15222580	TTCGCAACAAACGCGA-1	1
NC_006614.4	15222522	15222551	ACGCCTAAGCCTAATA-1	1
NC_006614.4	15222522	15222563	ACTCACCTCGTAATCA-1	2
NC_006614.4	15222522	15222568	GTTTGTAAGGAAGTAT-1	1
NC_006614.4	15222522	15222568	TCCATCATCTATGACA-1	1
NC_006614.4	15222522	15222578	TGAGGGCCACCTGTAA-1	1
NC_006614.4	15222522	15222578	TGGTTCCTCACAGCCA-1	1
NC_006614.4	15222523	15222558	GGTCTTGAGGAGCAAC-1	1
NC_006614.4	15222523	15222562	TATATCCTCAAACCTA-1	1
NC_006614.4	15222523	15222563	TGGGCCTAGGCGCTAC-1	1
NC_006614.4	15222523	15222563	TTTCTTGCAGGACACA-1	1
NC_006614.4	15222523	15222568	AATGCGCGTGATCAGC-1	2
NC_006614.4	15222523	15222573	ACGATTCAGGTAACGA-1	1
NC_006614.4	15222523	15222578	GAGTTTGGTAGCCTCC-1	1
NC_006614.4	15222523	15222593	TCTTCAAGTTGGTGAC-1	1
NC_006614.4	15222523	15222603	GCTCGATCATAAACCT-1	1
NC_006614.4	15222523	15222645	GCCACTAAGAGGGACT-1	3
NC_006614.4	15222523	15222660	GTGATGAAGTGAGCGG-1	1
NC_006614.4	15222525	15222678	TGATCAGGTTAATGCG-1	1
NC_006614.4	15222525	15222702	TGATGAACATCAGCAC-1	3
NC_006614.4	15222527	15222572	GCCTGAGGTGAAACAA-1	4
NC_006614.4	15222527	15222578	TATGAAGCAAGTGTTT-1	1
NC_006614.4	15222527	15222593	TGGGCCTAGCATTTCT-1	2
NC_006614.4	15222527	15222603	ATGAGCCGTATTCGCT-1	1
NC_006614.4	15222527	15222645	TTGTGCCTCTCCATGC-1	1
NC_006614.4	15222527	15223130	CATCCCAGTACCGTTT-1	1
NC_006614.4	15222528	15222562	CATAGGTTCCCTCAGT-1	1
NC_006614.4	15222528	15222568	AGGGCCTTCTAAGGTC-1	1
NC_006614.4	15222529	15222553	GCAAGTCGTTCCATTA-1	1
NC_006614.4	15222529	15222668	ACTTATGAGGCAGGTG-1	1
NC_006614.4	15222533	15222639	GGTCTTGAGACAAAGT-1	1
NC_006614.4	15222536	15222593	TCACATAAGTTATCCT-1	2
NC_006614.4	15222538	15222578	GTTTCCTCATTGCGTA-1	1
NC_006614.4	15222539	15222574	TCCTCAATCTCACTCA-1	1
NC_006614.4	15222539	15222645	ATGACCAGTTGGGTTA-1	2
NC_006614.4	15222540	15222639	TATATCCTCAAACCTA-1	3
NC_006614.4	15222541	15222587	CTAGTAGGTGCTCACC-1	1
NC_006614.4	15222541	15222639	GGTAGGAGTTAGCAGC-1	1
NC_006614.4	15222541	15222639	TCTAGCGAGGACCTGC-1	2
NC_006614.4	15222545	15222593	ACTAATCCATGTGGGA-1	1
NC_006614.4	15222545	15223098	GGGTCAACAGGAAGCC-1	3
NC_006614.4	15222546	15222593	GTCCAGGGTTAGACCA-1	1
NC_006614.4	15222546	15222593	TTGAGGCGTGAGAAAC-1	3
NC_006614.4	15222546	15222639	ACGTTACAGACTAAGG-1	2
NC_006614.4	15222546	15222709	CACCTCAGTAAAGCAA-1	1
NC_006614.4	15222546	15222865	TCGCGCACACAAACTT-1	1
NC_006614.4	15222547	15222937	ATTAGCTCAACCTAAT-1	1
NC_006614.4	15222549	15222588	TACCCGGCAATAACGA-1	1
NC_006614.4	15222550	15222654	GCCCAAATCGCACACA-1	2
NC_006614.4	15222551	15222587	AGGTACGCAACTGGGA-1	1
NC_006614.4	15222551	15222593	CATAGGCGTTCACCAT-1	1
NC_006614.4	15222551	15222593	GTTTCTAGTGTTCCCA-1	1
NC_006614.4	15222551	15222619	TAGTGTGGTTGTAAAC-1	1
NC_006614.4	15222551	15222639	CAATAAGCAATCCTGA-1	1
NC_006614.4	15222551	15222650	AGCTAAACACCATATG-1	1
NC_006614.4	15222551	15222713	CCGCCAACATTAAACC-1	1
NC_006614.4	15222551	15222722	TAGCTTAAGGCGAATA-1	1
NC_006614.4	15222553	15222587	AGGAAACGTTCACTGT-1	2
NC_006614.4	15222553	15222588	CGAAGGCCATGAGTTT-1	1
NC_006614.4	15222553	15222593	GGCCTAATCCTTCGTA-1	1
NC_006614.4	15222553	15222593	TATGAAGCATTAAACC-1	1
NC_006614.4	15222553	15222593	TCATTGCGTGGAAACG-1	1
NC_006614.4	15222553	15222601	CAAAGTGAGTTTGGTA-1	1
NC_006614.4	15222553	15222991	GCTAACAGTGCACGCA-1	2
NC_006614.4	15222554	15222645	GTTGCGGGTGAGAAAC-1	1
NC_006614.4	15222556	15222662	ACCCGCTGTTACATCC-1	1
NC_006614.4	15222558	15222593	CGTAACTAGGACCTCA-1	1
NC_006614.4	15222558	15222593	TGGGCCTAGGTAAGCA-1	1
NC_006614.4	15222558	15222645	GCGGATACAGGCCATT-1	3
NC_006614.4	15222558	15222655	AGCCTGGGTCGTTACT-1	1
NC_006614.4	15222558	15222687	TTTCAGTTCAAACCGT-1	1
NC_006614.4	15222558	15222779	AACTGTTCACAATGCC-1	2
NC_006614.4	15222561	15222621	TAGGTTATCAATCATG-1	2
NC_006614.4	15222561	15222626	CTCCAAACAAACTGCC-1	1
NC_006614.4	15222563	15222593	TTATCCTAGGCTACTG-1	1
NC_006614.4	15222563	15222610	TCGGTAAGTTGGTGAC-1	1
NC_006614.4	15222563	15222611	ACTCACCTCGTAATCA-1	1
NC_006614.4	15222563	15222625	TGTTGGCCATTAAGTC-1	2
NC_006614.4	15222563	15222634	GCGTTTCTCACGTTAA-1	2
NC_006614.4	15222563	15222639	ACCCTGTTCATAAGCC-1	2
NC_006614.4	15222568	15222624	CCAAACTAGGTTTACA-1	1
NC_006614.4	15222568	15222626	CCAGACTCATTAGGTT-1	2
NC_006614.4	15222568	15222639	GTTCACCTCCGGTATG-1	1
NC_006614.4	15222568	15222650	ATGTTTGAGGTGCGGA-1	2
NC_006614.4	15222568	15222654	TACCTTAGTCTTACTA-1	1
NC_006614.4	15222568	15222709	GTCGCAATCGAAGTGA-1	1
NC_006614.4	15222568	15222723	CGACTAAGTCACCTAT-1	1
NC_006614.4	15222568	15222772	TAGTAAGCAAATTCGT-1	1
NC_006614.4	15222568	15222803	CCTCCTCTCAAGCCTG-1	1
NC_006614.4	15222568	15222952	CGAGCGAAGGTACCGC-1	1
NC_006614.4	15222568	15223024	AGTCAATGTCCTTAGT-1	1
NC_006614.4	15222568	15223099	AACCTAATCGGCCATA-1	1
NC_006614.4	15222569	15222704	TCGCGCACACAAACTT-1	1
NC_006614.4	15222573	15222603	CTAAGGTTCACCATTT-1	1
NC_006614.4	15222573	15222650	CCTGGTAAGAGGAGGA-1	3
NC_006614.4	15222574	15222645	CGGCAATGTTAAGGTT-1	1
NC_006614.4	15222576	15222640	TAGTACGGTCTCACTG-1	1
NC_006614.4	15222576	15222770	GGCGCTAGTGTCCAGG-1	3
NC_006614.4	15222578	15222612	TGTTGGCCATAAAGCA-1	1
NC_006614.4	15222578	15222626	AAACCAACATTGGGAG-1	1
NC_006614.4	15222578	15222626	CCCGCTTCATAATCGT-1	1
NC_006614.4	15222578	15222626	CGCAATTAGGCGTAAA-1	1
NC_006614.4	15222578	15222626	GGTGCTTCAAACTCAT-1	1
NC_006614.4	15222578	15222640	TGGGCCTAGCCGGTAC-1	1
NC_006614.4	15222578	15222650	GTGAGGAGTTAATGCG-1	1
NC_006614.4	15222578	15222661	CCGCCAACAATAACGA-1	2
NC_006614.4	15222580	15222660	ATGCCTGAGTGAGGGT-1	2
NC_006614.4	15222580	15222668	GCACTAAGTCAGGCAT-1	1
NC_006614.4	15222580	15222822	ATGGCTTAGGACTTAC-1	1
NC_006614.4	15222582	15222704	TGAGGGCCACTCGCTC-1	1
NC_006614.4	15222584	15222920	TTGCATTTCATGAGCT-1	1
NC_006614.4	15222587	15222650	CTTGCATGTAGCTGGT-1	1
NC_006614.4	15222587	15222713	ACTATCCGTTACTTCA-1	3
NC_006614.4	15222587	15222838	GAAGGAACAGCTAACC-1	1
NC_006614.4	15222588	15222650	ATCAGGTTCAATTGGC-1	1
NC_006614.4	15222588	15222687	GACCTGCAGCCAAATC-1	1
NC_006614.4	15222592	15222685	TACATCAAGTCTATGA-1	2
NC_006614.4	15222593	15222639	ATCAGGTTCGCGCTAA-1	2
NC_006614.4	15222593	15222639	GTTTATCTCCCTGATC-1	1
NC_006614.4	15222593	15222644	GGCTTCAAGTTTGTCT-1	1
NC_006614.4	15222593	15222644	TCATGCCTCGCCTAAG-1	1
NC_006614.4	15222593	15222649	CTAACCACAATAGTCT-1	1
NC_006614.4	15222593	15222650	AGTATAGCATGGTTAT-1	3
NC_006614.4	15222593	15222667	AAGCTATGTTCCTGTG-1	1
NC_006614.4	15222593	15222673	CGCCACACAGGTCCTG-1	1
NC_006614.4	15222593	15222675	GTGCGCAGTCAAACTG-1	1
NC_006614.4	15222593	15222675	TGTTGTTTCGTTTCGC-1	1
NC_006614.4	15222593	15222843	GACACCGGTAAATTGC-1	1
NC_006614.4	15222593	15222898	GCGAAGTAGGAAACTG-1	1
NC_006614.4	15222600	15222626	TGCTCCGTCCGGTTAG-1	1
NC_006614.4	15222608	15222690	CGACAAGCAAATATCC-1	1
NC_006614.4	15222608	15222759	ATGTTGTCATTGTGGC-1	1
NC_006614.4	15222608	15222841	GTGCGCAGTTTCCGGC-1	1
NC_006614.4	15222611	15222685	CGCTGTGCAGTCTAGC-1	1
NC_006614.4	15222615	15222798	CTTGGACCAATCGCAC-1	1
NC_006614.4	15222615	15222838	CAGCAAGCATAGCTTG-1	1
NC_006614.4	15222619	15222781	CATTGCGAGAAAGGAA-1	1
NC_006614.4	15222619	15223030	TGGCCAATCCACCTTA-1	1
NC_006614.4	15222623	15222663	AACCGCTCAATTAAGG-1	1
NC_006614.4	15222626	15222668	GCACGAACACCCACAG-1	1
NC_006614.4	15222626	15222668	TCTGTGACACAACAGG-1	1
NC_006614.4	15222626	15222688	CACAGGCTCACCGGTA-1	1
NC_006614.4	15222626	15222704	TAAGTAGCATGTTGTG-1	1
NC_006614.4	15222626	15222722	AGTAATCGTCATGAGC-1	3
NC_006614.4	15222626	15222723	AAACCGAAGTTACCGG-1	1
NC_006614.4	15222626	15222780	TCGACAAGTAAATTGC-1	1
NC_006614.4	15222626	15223024	AAACCAACATTGGGAG-1	1
NC_006614.4	15222626	15223065	GGACGAAGTAATCCCT-1	1
NC_006614.4	15222631	15222690	GAGGTAGGTCAACAAT-1	4
NC_006614.4	15222636	15222688	TGTTAGCAGCTGGAAA-1	2
NC_006614.4	15222639	15222676	GGTAACTTCAGGATGA-1	2
NC_006614.4	15222639	15222678	TGAGCAAAGGCATGAA-1	1
NC_006614.4	15222639	15222678	TGTCAGTAGCTCCTTA-1	1
NC_006614.4	15222639	15222704	GGACTAAAGGATTTGC-1	3
NC_006614.4	15222639	15222723	AATTCGTCAGGAAGCC-1	1
NC_006614.4	15222639	15222761	TTGATGTCATAGGCGA-1	1
NC_006614.4	15222639	15222798	AGGATGCAGAGCAAGC-1	1
NC_006614.4	15222639	15222940	CTTCACTCAGATTCAT-1	1
NC_006614.4	15222639	15223075	CTACGAAGTGGACCTG-1	2
NC_006614.4	15222640	15222685	CCACATTGTGCTCACC-1	1
NC_006614.4	15222643	15222696	CCAAACTAGGTTTACA-1	1
NC_006614.4	15222644	15222678	AGTCCTTGTTAGTGAT-1	1
NC_006614.4	15222644	15222715	CCGCTAGCAAAGCGCA-1	1
NC_006614.4	15222645	15222668	CAATGTCAGGCAACAA-1	1
NC_006614.4	15222645	15222685	GTACTGGTCCCTTGCG-1	1
NC_006614.4	15222645	15222689	GTACTTAAGGTTAGAG-1	2
NC_006614.4	15222645	15222723	ACAGTATGTTACCGGG-1	1
NC_006614.4	15222645	15223024	CCAACATAGTCATTTC-1	1
NC_006614.4	15222650	15222720	TGAAACTGTGGTTAGC-1	1
NC_006614.4	15222650	15222838	GTGGTTAGTTAGAGGG-1	1
NC_006614.4	15222668	15222709	ATCCCGCGTAGTTAAC-1	2
NC_006614.4	15222668	15222713	GCAAACCGTTAACAGT-1	1
NC_006614.4	15222673	15223024	GTGCAAGCAACCGCCA-1	2
NC_006614.4	15222678	15222862	TAAAGCCTCCTCCCTC-1	1
NC_006614.4	15222678	15223024	GATGCATTCGATTATG-1	1
NC_006614.4	15222679	15222942	ACAAACTGTAACCACA-1	2
NC_006614.4	15222684	15222723	CCTCAAACAGCCGCTA-1	2
NC_006614.4	15222685	15222780	GGGTCAACAGGAAGCC-1	2
NC_006614.4	15222686	15222926	GATGAGGGTTGCGGAT-1	1
NC_006614.4	15222686	15222930	CACCAACCAGTTAAAG-1	1
NC_006614.4	15222690	15222898	GTTTGTAAGTAAGAAC-1	1
NC_006614.4	15222695	15222843	GGCAGGATCCTAAATG-1	1
NC_006614.4	15222701	15222773	CGCAAATTCCTTCTAG-1	2
NC_006614.4	15222703	15222930	CGAAGAATCACTCGCT-1	1
NC_006614.4	15222709	15222747	GTGCTTCTCCGTAAAC-1	1
NC_006614.4	15222709	15222947	GACGCCTAGCTGGACC-1	1
NC_006614.4	15222711	15222754	CGCTAACCAGGAACCA-1	2
NC_006614.4	15222716	15222947	AGTCCTGAGGCCAATT-1	3
NC_006614.4	15222719	15222759	AAGGTATAGCTTAACA-1	1
NC_006614.4	15222722	15223075	GGGCAATAGCCTGGTA-1	1
NC_006614.4	15222723	15222759	AGTCTTGCAGTAGGAT-1	1
NC_006614.4	15222723	15222788	TTGTAAGTCTCGACCT-1	1
NC_006614.4	15222723	15222878	ATGAGCCGTCACAGAC-1	1
NC_006614.4	15222723	15223049	GCTAAGAAGTTTCCGC-1	1
NC_006614.4	15222725	15223115	ATGTTCAAGGACCTCA-1	1
NC_006614.4	15222733	15222787	GAAAGCCAGGGACTAA-1	1
NC_006614.4	15222749	15222838	GGGTTATTCTAGCTAA-1	1
NC_006614.4	15222749	15223065	GTTACTCGTTGCAATG-1	2
NC_006614.4	15222754	15222910	GTTTCAGCAATTTGGT-1	1
NC_006614.4	15222770	15222838	TCCACAACATCAATCG-1	1
NC_006614.4	15222770	15222937	ATATGCATCTAGCGAT-1	1
NC_006614.4	15222773	15222854	AATGAAGGTTAGTTGG-1	1
NC_006614.4	15222773	15222937	GCTGTGCAGGAAGCTA-1	1
NC_006614.4	15222777	15222811	GGATTCAGTTAGAGGG-1	1
NC_006614.4	15222782	15222862	TTGCCCGTCGTGCTAG-1	1
NC_006614.4	15222785	15222947	CAGCATTAGAAACTGG-1	1
NC_006614.4	15222802	15222893	CGCTTGCGTCACCAAA-1	2
NC_006614.4	15222803	15222836	CTTTATGGTTGGTTAG-1	1
NC_006614.4	15222816	15222886	ATCACACAGGAAGTAT-1	3
NC_006614.4	15222821	15222942	CTGCTCCCACACAATT-1	1
NC_006614.4	15222823	15222915	TCTTGACGTTTGCGAA-1	2
NC_006614.4	15222827	15222947	GCTTGTTGTTAGTTGG-1	1
NC_006614.4	15222828	15222888	ATGGTTATCAAGTGTC-1	1
NC_006614.4	15222838	15223018	CAAAGGATCAGAAACG-1	1
NC_006614.4	15222843	15223024	TCGCGCACACAAACTT-1	4
NC_006614.4	15222878	15222943	GTTGCATAGCAAGGGT-1	2
NC_006614.4	15222886	15222930	GTTACAGGTTGCGCGA-1	2
NC_006614.4	15222887	15222930	CCGTTGCGTGATGGCT-1	1
NC_006614.4	15222888	15223099	GGACCTCAGAGGCTAA-1	1
NC_006614.4	15222898	15223098	GGAACCTGTTGCTGGG-1	1
NC_006614.4	15222907	15223102	GTCCGTAAGGTCGAGG-1	1
NC_006614.4	15222915	15223275	CTTTGAGCATTGTTGG-1	1
NC_006614.4	15222920	15223125	GCTGAGGAGCTAATCA-1	2
NC_006614.4	15222926	15223109	GCTTGTTGTCCCGGAA-1	1
NC_006614.4	15222930	15223060	CTTGTTCCACAATGCC-1	1
NC_006614.4	15222930	15223605	TAGCCTTGTACCGAAC-1	2
NC_006614.4	15222931	15223099	TCTTAGTTCCATAATG-1	1
NC_006614.4	15222942	15222973	TTAACCAAGGTAAGGC-1	1
NC_006614.4	15222942	15222977	CAAGTATGTTAAGCCA-1	2
NC_006614.4	15222942	15223020	GGTCTTTGTTTGTCTA-1	2
NC_006614.4	15222942	15223115	CGGTAACGTTGTTGTC-1	1
NC_006614.4	15222942	15223290	TTGCTTAGTTCACTGT-1	1
NC_006614.4	15222947	15223060	GGTCTTTGTAGGTTTG-1	2
NC_006614.4	15222950	15223099	ACTAGGCGTAACCTAG-1	2
NC_006614.4	15222952	15223038	AGGTAACCAGCTACGT-1	1
NC_006614.4	15222952	15223098	CGGTTTGAGCACGTTG-1	1
NC_006614.4	15222960	15223098	TGCTTCCAGCATTTCT-1	2
NC_006614.4	15222981	15223024	CGTGCTTTCGTTATAG-1	1
NC_006614.4	15223013	15223042	AGGATGCAGCAAGACA-1	1
NC_006614.4	15223015	15223133	CCTTAACGTGGGAACA-1	2
NC_006614.4	15223018	15223074	GGTGAGGTCGTTCACC-1	2
NC_006614.4	15223029	15223122	CGTGTGTCAAGCGAGC-1	1
NC_006614.4	15223039	15223233	GGGTCACTCGTTAAGC-1	1
NC_006614.4	15223060	15223092	ATTACGTCACATAGCC-1	3
NC_006614.4	15223060	15223099	GGTGATTTCGTAACGT-1	1
NC_006614.4	15223060	15223109	GCCTTGCGTTAAGCCA-1	2
NC_006614.4	15223060	15223591	ATTGTGATCATAAGCC-1	1
NC_006614.4	15223071	15223099	TAGGAACCAGTTATCG-1	2
NC_006614.4	15223072	15223117	AGTTATGTCGTAATCA-1	1
NC_006614.4	15223084	15223123	AGGATGCAGCAAGACA-1	1
NC_006614.4	15223097	15223223	CTCCCTGAGCAGGCCT-1	1
NC_006614.4	15223098	15223409	AATTCGTCAGGAAGCC-1	1
NC_006614.4	15223109	15223140	GCCACAATCCAGCACA-1	1
NC_006614.4	15223109	15223220	ATTGAAGCAACTAGGG-1	1
NC_006614.4	15223115	15223172	TGTTGTGCAGGCCTTG-1	1
NC_006614.4	15223145	15223230	GCTGTGATCCCTCTAA-1	1
NC_006614.4	15223145	15223316	TTTATGGAGTCATTTC-1	2
NC_006614.4	15223162	15223323	GAAAGGCTCCAAGTGT-1	1
NC_006614.4	15223184	15223225	CGGTTTGAGCACGTTG-1	3
NC_006614.4	15223187	15223235	CCTTCAGGTTGGTTAG-1	1
NC_006614.4	15223191	15223239	CTATGGCCAAGCCAGA-1	1
NC_006614.4	15223192	15223247	AGCTTAATCCTAGTTT-1	1
NC_006614.4	15223205	15223242	GCACGCTAGGCGCTAC-1	1
NC_006614.4	15223225	15223345	GTTACTCGTTAGCGTA-1	2
NC_006614.4	15223228	15223265	CGGAGCAAGCGAGTAA-1	1
NC_006614.4	15223235	15223303	GGATTGCGTGCTGTAA-1	2
NC_006614.4	15223240	15223292	TCGGTAAGTTGTAAAC-1	1
NC_006614.4	15223240	15223437	GCTTAAATCTCACATT-1	1
NC_006614.4	15223240	15223503	AGCAATTGTCACAGCG-1	1
NC_006614.4	15223245	15223631	GAGGCTTGTGTGCACG-1	1
NC_006614.4	15223257	15223411	TACCTCATCTCGCCTG-1	1
NC_006614.4	15223289	15223663	GCAAGCCTCGCTAAGT-1	1
NC_006614.4	15223303	15223336	GGTAACTTCATTGACA-1	2
NC_006614.4	15223342	15223899	GATCGAGCACGTAAGG-1	1
NC_006614.4	15223343	15223409	CGCTTACTCCTGCGAA-1	2
NC_006614.4	15223343	15223631	AAGCGCTGTTCCATTA-1	1
NC_006614.4	15223376	15223425	TCAGCGATCGGCCATA-1	2
NC_006614.4	15223378	15223535	GATTACGGTAGCTGCG-1	1
NC_006614.4	15223404	15223503	GGGCAATAGCATTATG-1	2
NC_006614.4	15223409	15223516	AGGCTAAAGTGCTGTG-1	1
NC_006614.4	15223462	15223598	CAGTACCCATCCCTCA-1	2
NC_006614.4	15223472	15223541	TCTAGCGAGGAGGACT-1	2
NC_006614.4	15223497	15223605	ATTACGTCACATAGCC-1	1
NC_006614.4	15223523	15223562	AGCAATTGTCACAGCG-1	1
NC_006614.4	15223523	15223572	GTTCTTGTCGTGCTAG-1	1
NC_006614.4	15223535	15223705	ACGCACGGTTTGGGCG-1	1
NC_006614.4	15223557	15223617	ATTTAGCCAGCCTGCA-1	1
NC_006614.4	15223561	15223834	ATCCACCTCAGGGCCT-1	1
NC_006614.4	15223561	15223944	CCGCTAGCAAAGCGCA-1	2
NC_006614.4	15223562	15223604	GATGCAGCATCCCTCA-1	2
NC_006614.4	15223562	15223655	AGCAATTGTCACAGCG-1	1
NC_006614.4	15223570	15223749	GTTTGTAAGGTACCGC-1	1
NC_006614.4	15223631	15223663	TTGCACACACAGAACG-1	2
NC_006614.4	15223636	15223852	ACCAGGGAGAGGGACT-1	1
NC_006614.4	15223641	15223686	GCCTCGACATCTTGAG-1	1
NC_006614.4	15223643	15223963	ATGTTTGAGGCGCATC-1	1
NC_006614.4	15223647	15223693	AAAGCTTGTTAGTACG-1	3
NC_006614.4	15223647	15223852	ACTCAGTAGGTTAGCT-1	1
NC_006614.4	15223663	15223746	GCAAACTTCGATTCTT-1	1
NC_006614.4	15223698	15224090	GAAGGATGTGCTAGAC-1	1
NC_006614.4	15223698	15224253	GAGCATGCAAGGTGCA-1	1
NC_006614.4	15223746	15223808	AAGGATCCAGGTTCAC-1	1
NC_006614.4	15223746	15223904	CAGCCTAAGCTCCTTA-1	1
NC_006614.4	15223746	15223904	TTTGTCTAGGACCGCT-1	1
NC_006614.4	15223759	15224064	TCGCTAACAAGCGATG-1	1
NC_006614.4	15223767	15223787	ATTGAAGCAACTAGGG-1	2
NC_006614.4	15223784	15223834	CATAGTCAGTTCCCAC-1	2
NC_006614.4	15223787	15223926	CGTACGGGTCAGGCAT-1	1
NC_006614.4	15223813	15223850	GTCTAATCAGCAAATA-1	1
NC_006614.4	15223829	15223938	GTTGCATAGCCTTAAA-1	1
NC_006614.4	15223845	15223876	GTGGTTAGTGCTCCAC-1	1
NC_006614.4	15223876	15224412	CAAGTATGTCTTGCAT-1	2
NC_006614.4	15223894	15224064	ACATTGCAGTCAATTG-1	2
NC_006614.4	15223899	15224048	TATAGGTGTGAGCAAG-1	1
NC_006614.4	15223904	15223938	CTCTATGTCATGCGTG-1	1
NC_006614.4	15223904	15224279	TATATCCTCCGGGACT-1	4
NC_006614.4	15223904	15224465	CAAGCTAGTTTGGTTC-1	1
NC_006614.4	15223921	15224161	CGCTTCTAGTGAACAG-1	2
NC_006614.4	15223928	15224209	TATGGTCAGAACAAGT-1	1
NC_006614.4	15223938	15224161	AGCTCATAGGCGGATG-1	2
NC_006614.4	15224009	15224179	ACTTAGGGTACGTTTC-1	1
NC_006614.4	15224009	15224224	GAAAGCCAGCATTATG-1	1
NC_006614.4	15224067	15224136	GTCATCACATTGCAGC-1	1
NC_006614.4	15224091	15224199	ATGAATGCACGAACAG-1	1
NC_006614.4	15224151	15224205	GTGTGTTAGTTGGCCA-1	2
NC_006614.4	15224156	15224404	CGGTTTGAGAGGGACT-1	1
NC_006614.4	15224161	15224211	TGATCAATCCGCCAAA-1	1
NC_006614.4	15224177	15224213	AGACACGCAGTAAGTA-1	1
NC_006614.4	15224209	15224326	GACACCGGTGATGATT-1	4
NC_006614.4	15224211	15224388	CTGTAACAGGCTACTG-1	1
NC_006614.4	15224212	15224390	TGGTGATTCGGGATTT-1	2
NC_006614.4	15224221	15224406	GAGGTGAGTCTTGCAT-1	2
NC_006614.4	15224236	15224333	GATGGCTGTTCACCCA-1	1
NC_006614.4	15224238	15224280	GAGAACCAGCAGCTAT-1	2
NC_006614.4	15224238	15224519	CCGTTAACAGGAACTG-1	1
NC_006614.4	15224259	15224441	CGCCACACAGCGCTTG-1	1
NC_006614.4	15224314	15224339	AACCTAATCACGAATC-1	1
NC_006614.4	15224338	15224374	AACAGCAAGCTCCCTG-1	1
NC_006614.4	15224341	15224390	ACCAGGCTCTTGTCCA-1	1
NC_006614.4	15224341	15224404	GGGATTAAGAGGAGGA-1	1
NC_006614.4	15224390	15224673	GTGCTCCGTTCGGTAA-1	1
NC_006614.4	15224433	15224629	TAGCCGGGTTTCCTCC-1	1
NC_006614.4	15224436	15224505	TATTCGTTCGTTATAG-1	1
NC_006614.4	15224441	15224770	CATGCGCAGTTACTTC-1	1
NC_006614.4	15224465	15224632	ATGAAGCCAACTCGCG-1	1
NC_006614.4	15224476	15224565	GGCCAACTCAAGCCTG-1	1
NC_006614.4	15224476	15224683	CTAGATTCATCCCTCA-1	1
NC_006614.4	15224481	15224746	AAATGGCCATGAATAG-1	5
NC_006614.4	15224509	15224771	AGGTTGCGTTCGCTCA-1	2
NC_006614.4	15224510	15224632	CCAGGAACAGTAAGTA-1	1
NC_006614.4	15224510	15224677	CCTAAAGGTCGCGCAA-1	1
NC_006614.4	15224514	15224627	GATAGACCAAACGCGA-1	1
NC_006614.4	15224539	15224589	TAGCGGACAACCCTAA-1	1
NC_006614.4	15224549	15224627	CCTAAAGGTATACTGG-1	1
NC_006614.4	15224550	15224633	TGTCATAAGTGAGCGG-1	2
NC_006614.4	15224552	15224597	ATGACGAAGTATCGCG-1	1
NC_006614.4	15224609	15224653	AACATAGCACTTAACG-1	1
NC_006614.4	15224664	15225301	TGTTGTTTCAATGAGG-1	1
NC_006614.4	15224665	15224957	ACCCGTAAGTGCTGTG-1	1
NC_006614.4	15224683	15224770	ATATAGGCAATCATGT-1	1
NC_006614.4	15224745	15225080	TCCTCACAGGCCCAGT-1	1
NC_006614.4	15224753	15224922	GGTAACCGTGGAAACG-1	1
NC_006614.4	15224801	15224879	TCCACAACAGCAAGGC-1	1
NC_006614.4	15224802	15224933	TACGTAATCCTTAGTT-1	2
NC_006614.4	15224842	15225031	CGGAGCAAGGCGGGTA-1	1
NC_006614.4	15224917	15225243	AAATCCGGTGATCAGC-1	3
NC_006614.4	15224947	15225076	TCCATATTCATTGTTC-1	1
NC_006614.4	15224947	15225086	TGTTGGCCAGGCATCT-1	2
NC_006614.4	15224947	15225111	TCATGCCTCCCTCATA-1	1
NC_006614.4	15225020	15225197	TCGTAATCAGTTAGCC-1	1
NC_006614.4	15225024	15225455	TCTGTGACAAGTGTTT-1	1
NC_006614.4	15225026	15225071	TATGGATGTAAGCTTG-1	2
NC_006614.4	15225026	15225092	ATTAGGTGTCCGCTGT-1	2
NC_006614.4	15225097	15225225	GTTGCTGAGCCAGGTC-1	1
NC_006614.4	15225100	15225678	CCATAATCATCACAGC-1	1
NC_006614.4	15225131	15225532	AGTAACGAGGGTGAGT-1	1
NC_006614.4	15225139	15225179	GCTTTATTCAATTACG-1	1
NC_006614.4	15225143	15225496	GTGCATTAGTGAGGTA-1	1
NC_006614.4	15225163	15225282	ATGGTCTAGCGGATAA-1	1
NC_006614.4	15225233	15225443	TTTCAGTTCATGGCCA-1	2
NC_006614.4	15225241	15225297	GTTTCTAGTTCGCTCA-1	2
NC_006614.4	15225242	15225337	CGACCTGCATCCAGGT-1	1
NC_006614.4	15225253	15225342	GCGATTTAGTTATCCT-1	1
NC_006614.4	15225282	15225458	GCTATAGGTCATAAGT-1	2
NC_006614.4	15225282	15225627	TGCACCTTCACTCAAA-1	1
NC_006614.4	15225292	15225462	TCTAGCGAGGACCTCA-1	1
NC_006614.4	15225292	15225688	CTGTATTTCATTGCGG-1	1
NC_006614.4	15225349	15225574	AGGTTGCGTTCGCTCA-1	1
NC_006614.4	15225371	15225448	CGGTAACGTAAAGCGG-1	1
NC_006614.4	15225423	15225570	GCAGCAACAGGGAGCT-1	1
NC_006614.4	15225441	15225486	GGCCTTCGTTATAGCG-1	3
NC_006614.4	15225447	15225625	AGAGGAACAGAAACGT-1	1
NC_006614.4	15225448	15225614	TCCTGGTTCTAGCTAA-1	1
NC_006614.4	15225456	15225615	CAAACTGGTTAGTTGG-1	2
NC_006614.4	15225458	15225499	GGTTTAATCCTACCTA-1	1
NC_006614.4	15225474	15225615	CGTTATCGTGTTTGAG-1	1
NC_006614.4	15225484	15225555	GCATATATCCGCAAGC-1	2
NC_006614.4	15225508	15225839	GTTGGCCAGCACAGGG-1	1
NC_006614.4	15225555	15225597	ACGCCTAAGCCTAATA-1	3
NC_006614.4	15225561	15225630	TACAGCTAGCCGCTTT-1	1
NC_006614.4	15225639	15225708	GGGTCAACAGGAAGCC-1	1
NC_006614.4	15225649	15225831	AAGACAAGTGAACAAA-1	1
NC_006614.4	15225678	15225993	ACTAACGGTGAGAAAC-1	1
NC_006614.4	15225685	15225774	AGGTATTGTTGAGCCG-1	1
NC_006614.4	15225688	15225714	TTGCAACAGCAGGTTT-1	3
NC_006614.4	15225726	15225787	TGTCCTGGTAAGCTTG-1	2
NC_006614.4	15225768	15225795	CTCACTCAGGCCTTAG-1	1
NC_006614.4	15225776	15225827	ATGGTGCGTCCTTTAA-1	2
NC_006614.4	15225781	15226130	CCTAAATCAAATGCCC-1	2
NC_006614.4	15225786	15225866	GATTCATCAGGAACCA-1	1
NC_006614.4	15225837	15225988	AGGGCTACAATTGAGA-1	1
NC_006614.4	15225849	15226102	TAGTAACGTATACTGG-1	2
NC_006614.4	15225859	15225926	CCGCTTAGTAGTAAGA-1	1
NC_006614.4	15225892	15225933	TCTCGCCCAGATTCAT-1	2
NC_006614.4	15225938	15225993	ACGCAAGCACAGAAAC-1	4
NC_006614.4	15225954	15226130	AGCGTGCTCATTTGTC-1	1
NC_006614.4	15225958	15226027	GAGGCAAGTTGACTTC-1	2
NC_006614.4	15226080	15226427	TATATCCTCATTACAG-1	2
NC_006614.4	15226106	15226315	TTTACGAAGTAATCCA-1	1
NC_006614.4	15226124	15226321	GTTTGTCGTGATGATT-1	1
NC_006614.4	15226134	15226274	AATGCATGTCTAGCTT-1	1
NC_006614.4	15226197	15226428	ATTACCGCAAGGAATC-1	2
NC_006614.4	15226229	15226644	CTTACTAGTTTGTTGC-1	1
NC_006614.4	15226236	15226630	TACTCAAAGCTCCTAC-1	3
NC_006614.4	15226307	15226416	CCGCAAGGTCATCAAG-1	1
NC_006614.4	15226315	15226422	GAGGCTACAGGAATCG-1	1
NC_006614.4	15226326	15226446	AGTAACCTCAACCAAC-1	1
NC_006614.4	15226330	15226644	TGTAACTCAGGCTACT-1	1
NC_006614.4	15226350	15226649	GCTTATCGTTTATTCG-1	1
NC_006614.4	15226351	15226423	GCCCAAATCGCACACA-1	1
NC_006614.4	15226353	15226437	ACCAATATCCGGTTGA-1	2
NC_006614.4	15226363	15226411	TCCTAGTGTGTTCCCA-1	1
NC_006614.4	15226363	15226416	ACACTTAAGTTACCGG-1	1
NC_006614.4	15226363	15226567	GTAAGCGCAGCATGTC-1	1
NC_006614.4	15226366	15226424	CTTAACAAGGTCTTGG-1	2
NC_006614.4	15226386	15226437	GTTAGGCGTCAGGCCA-1	2
NC_006614.4	15226394	15226869	CCAAGGCTCAAGCGCC-1	1
NC_006614.4	15226402	15226853	GCATCCTTCGCAGGCT-1	1
NC_006614.4	15226426	15226505	CCTTCGTAGCATCCAG-1	1
NC_006614.4	15226426	15226624	CGGTTTGAGCACGTTG-1	1
NC_006614.4	15226428	15226671	GCAGGCTTCCGGGACT-1	1
NC_006614.4	15226482	15226532	ATCGAGGCATCAGCAC-1	1
NC_006614.4	15226485	15226648	CTATGTTTCGCGACAC-1	1
NC_006614.4	15226495	15226842	GTAAGCGCAGCATGTC-1	1
NC_006614.4	15226512	15226676	ATCAAGCTCAATCTCT-1	4
NC_006614.4	15226521	15226976	GTTAAACGTTAGGCGT-1	1
NC_006614.4	15226529	15227392	AAGAACAGTTTATCTG-1	1
NC_006614.4	15226546	15226651	GCAAGCCTCTAAGGAG-1	1
NC_006614.4	15226557	15226741	AGCAATTGTTCAAGCA-1	1
NC_006614.4	15226568	15226986	AGAAACCCATCCATCT-1	2
NC_006614.4	15226577	15226613	CTGGTAAGTCAAAGGG-1	4
NC_006614.4	15226611	15226912	GGCAAATCAGGAACCA-1	2
NC_006614.4	15226613	15226670	ATTCACTTCCTGTTCA-1	3
NC_006614.4	15226621	15226676	TTCACTGTCCATTACT-1	1
NC_006614.4	15226630	15226740	GGTCTTTGTATTGTCC-1	1
NC_006614.4	15226633	15226686	AAGCGCTGTTACCTGT-1	1
NC_006614.4	15226637	15226819	ACAGGATCAGGTTTGC-1	2
NC_006614.4	15226646	15226845	AGTATAGCAGGCTAGA-1	1
NC_006614.4	15226675	15226721	ATAGATGCAATATACC-1	1
NC_006614.4	15226676	15226721	CATAATGTCATTAGTG-1	2
NC_006614.4	15226699	15227138	GAGTGTTTCCCAGTAG-1	1
NC_006614.4	15226716	15226794	CCACATTGTGCTCACC-1	1
NC_006614.4	15226721	15226911	CAAGAACCATTATCCC-1	1
NC_006614.4	15226731	15226946	CCTGGTAAGACACCGC-1	1
NC_006614.4	15226740	15226907	GAGTTACTCCAAATCA-1	1
NC_006614.4	15226742	15226835	CGGCTAATCTACTAAG-1	1
NC_006614.4	15226749	15226969	TAGCCTTGTACCGAAC-1	2
NC_006614.4	15226773	15226899	TGATCACAGACAAACG-1	2
NC_006614.4	15226774	15226912	ACCTGGTCAACTAACT-1	3
NC_006614.4	15226775	15226845	TGGCGGTTCTAATTGG-1	2
NC_006614.4	15226786	15227498	CTTGAATCAAACGCGA-1	1
NC_006614.4	15226795	15226853	AAGCTATGTGCTGGTG-1	1
NC_006614.4	15226809	15226913	CCAAATCAGTTAACCA-1	3
NC_006614.4	15226820	15226968	GTAAGCGCAGCATGTC-1	1
NC_006614.4	15226853	15227025	TTTGTCTAGTCTCACC-1	1
NC_006614.4	15226872	15227101	GAGAAACGTGAAGCCT-1	1
NC_006614.4	15226907	15227101	TCGCGCACAACTAGGG-1	2
NC_006614.4	15226917	15227072	GCTCATTGTTAGGACC-1	1
NC_006614.4	15226931	15227070	CCCGTAAAGCTCCTTA-1	1
NC_006614.4	15226945	15226978	GCATCCTTCGATAACC-1	1
NC_006614.4	15226946	15226997	TATAACCCAATTTAGC-1	2
NC_006614.4	15226958	15227106	AAGCTATGTGCTGGTG-1	2
NC_006614.4	15226963	15227024	AGACACGCAGGAACAT-1	1
NC_006614.4	15226986	15227072	TGCTTGCTCTGCAAGT-1	1
NC_006614.4	15226990	15227418	TACTCGCTCACTTTAC-1	2
NC_006614.4	15227008	15227062	GACATTATCATAACCA-1	1
NC_006614.4	15227024	15227089	TCACATAAGTTATCCT-1	1
NC_006614.4	15227049	15227153	TCACCGGCATGGCCCA-1	1
NC_006614.4	15227055	15227088	ACGCTTGAGTTAGCCG-1	1
NC_006614.4	15227072	15227122	TTCAGCACATAATCGT-1	1
NC_006614.4	15227150	15227260	TTGACTAAGTTTGCGG-1	1
NC_006614.4	15227166	15227285	AAGGCCCTCCTTGTTG-1	1
NC_006614.4	15227339	15227613	TCACATAAGTAGGCGG-1	1
NC_006614.4	15227375	15227511	GCTGTAAGTGTTTGAG-1	1
NC_006614.4	15227420	15228037	CTGGCTAAGTTTCCTG-1	1
NC_006614.4	15227457	15227576	AGCACTTAGAAAGCAT-1	2
NC_006614.4	15227496	15227620	CCAAACCCAAATGCCC-1	1
NC_006614.4	15227549	15227698	ATAACGACAAGCCAGA-1	1
NC_006614.4	15227553	15227795	GGAGCGATCGATTTAG-1	1
NC_006614.4	15227563	15227923	TCCGCCATCGGTTAGT-1	1
NC_006614.4	15227570	15227764	GTAAGCGCAGCATGTC-1	1
NC_006614.4	15227630	15227791	CTAGATTCATCCCTCA-1	3
NC_006614.4	15227654	15227786	GTTACGCCACTTCATC-1	1
NC_006614.4	15227683	15227722	CCATCACTCGAAGCGG-1	2
NC_006614.4	15227696	15227741	GGGTTTCCACGTGCTG-1	1
NC_006614.4	15227698	15227750	GAGTTACTCGGTTACG-1	1
NC_006614.4	15227722	15227980	TGCGCGAGTGGAGCAA-1	1
NC_006614.4	15227734	15227786	GAAAGCCAGGTGTCCA-1	1
NC_006614.4	15227740	15227892	CAAGGCCTCATGCATA-1	1
NC_006614.4	15227742	15227803	ATCCTTAGTGTTGTGA-1	1
NC_006614.4	15227760	15228057	AGTGCCGGTGCATCGG-1	2
NC_006614.4	15227767	15227850	CCTGATGAGACTCGCA-1	1
NC_006614.4	15227778	15228062	AACTGTTCAAGGGTTG-1	1
NC_006614.4	15227785	15227882	TTTGCGGAGGTTAGAG-1	2
NC_006614.4	15227816	15228292	CCTAAGGTCAATCTCT-1	1
NC_006614.4	15227821	15227923	GGCTATTAGGAAGCAC-1	2
NC_006614.4	15227823	15227998	AGCTCATAGCAAGGTA-1	1
NC_006614.4	15227827	15227981	GACTTAGGTGGATTGC-1	1
NC_006614.4	15227851	15227877	GGGCAATAGAGCCGCT-1	1
NC_006614.4	15227867	15227906	GCTTAGTAGTGAGAGC-1	1
NC_006614.4	15227896	15227990	GCCTCAAAGCCACAAT-1	1
NC_006614.4	15227906	15227961	TATAGCCAGCCACAAT-1	2
NC_006614.4	15227906	15227980	TTATGACCAGTTATCG-1	2
NC_006614.4	15227920	15227974	GGCTGAGAGATTGAGG-1	1
NC_006614.4	15227924	15228003	ATCTATGAGGCTTAAC-1	1
NC_006614.4	15227924	15228118	TTTGTCCCAACTAGGG-1	1
NC_006614.4	15227937	15227983	TGTTAGCAGAAAGGAA-1	2
NC_006614.4	15227954	15228122	GAGGAGGCAGCCAGAA-1	1
NC_006614.4	15227969	15228016	CGTTATCGTAAGCTCA-1	1
NC_006614.4	15227980	15228292	CGTAATGGTTGTCCAT-1	2
NC_006614.4	15227980	15228303	GGTTAATGTTGTAACG-1	1
NC_006614.4	15228027	15228487	GGGTTATTCTTAATGG-1	4
NC_006614.4	15228047	15228090	TCAAACCAGTTTGGGT-1	1
NC_006614.4	15228062	15228212	CCTAAAGGTGGACCTG-1	1
NC_006614.4	15228108	15228175	GATCAAGAGCATCCAG-1	2
NC_006614.4	15228156	15228578	CAGGTTAGTTAACGGC-1	2
NC_006614.4	15228161	15228204	GGGCAATAGAGCCGCT-1	3
NC_006614.4	15228166	15228381	ATGGTGCGTTAAGCGC-1	1
NC_006614.4	15228180	15228226	AGAAACTAGATAAAGC-1	1
NC_006614.4	15228223	15228342	CACTGACCACTTAGGC-1	1
NC_006614.4	15228237	15228798	AATCGCCCACTAGGTC-1	3
NC_006614.4	15228239	15228409	TTAGGATGTTTAGCGA-1	2
NC_006614.4	15228239	15228440	TAGGCTAGTCAGGCCA-1	3
NC_006614.4	15228251	15228724	GTTACGCCACTTCATC-1	1
NC_006614.4	15228268	15228450	CAAACACTCCTAATGA-1	1
NC_006614.4	15228269	15228308	AACTGTTCAACTGGCT-1	1
NC_006614.4	15228274	15228582	GCACTAAGTTGAGGTC-1	2
NC_006614.4	15228292	15228342	GTTCTTGTCAATGTGC-1	2
NC_006614.4	15228310	15228655	CTTTATGGTACCAGGT-1	2
NC_006614.4	15228320	15228516	TCAGTAGGTCGTAATG-1	2
NC_006614.4	15228402	15228704	TATAACCCACCTCACC-1	2
NC_006614.4	15228427	15228860	TCAGCAAGTGACCTGG-1	1
NC_006614.4	15228440	15228547	TACAATGTCGCTAGCA-1	2
NC_006614.4	15228455	15228840	CCAACCCGTTAGGCTA-1	1
NC_006614.4	15228464	15228871	CCGCACACAGCAAGAT-1	2
NC_006614.4	15228470	15228994	ACCTGGTCAAACTAAG-1	1
NC_006614.4	15228471	15228818	CTAAAGCTCCGTGACA-1	1
NC_006614.4	15228477	15228755	CGGAGTCTCAAGTGTC-1	1
NC_006614.4	15228485	15228561	CTAAGTCAGTGCACGC-1	1
NC_006614.4	15228494	15228774	GATGCATTCAGGGCCT-1	2
NC_006614.4	15228498	15228764	CGTTGCGCATTGTCAG-1	1
NC_006614.4	15228510	15228766	GAGGCTACAGGAATCG-1	1
NC_006614.4	15228518	15228691	ACCGCAATCAATGTCA-1	1
NC_006614.4	15228518	15228708	TACAAGCTCGGTTACG-1	3
NC_006614.4	15228523	15228699	GGCTAGACATTGCGTA-1	1
NC_006614.4	15228541	15228676	ACCAAGCGTCAAGTAT-1	1
NC_006614.4	15228545	15228703	TGTATCCGTCTTTGAC-1	1
NC_006614.4	15228556	15228611	GAGTTACTCGGTTACG-1	1
NC_006614.4	15228559	15228792	GCAAACTTCCGCCTAT-1	1
NC_006614.4	15228566	15228616	ACGACTTAGAACCTGT-1	1
NC_006614.4	15228580	15228611	GGGCTAACAAGACTCC-1	1
NC_006614.4	15228582	15228725	AACCGCTCAGCTAATT-1	1
NC_006614.4	15228592	15228865	GTCCGTAAGGCTAATC-1	1
NC_006614.4	15228597	15228709	AACTGTTCAAGGGTTG-1	2
NC_006614.4	15228597	15228723	GTGCTCCGTGATCAGC-1	1
NC_006614.4	15228604	15228718	ATCCACCTCAGCACGC-1	3
NC_006614.4	15228609	15228765	ATTACCCGTGCTAGCG-1	3
NC_006614.4	15228623	15228723	TCATACTTCTCACTAT-1	1
NC_006614.4	15228623	15228761	CACTAGCCACAAAGAC-1	2
NC_006614.4	15228628	15228865	GTAAGCTTCGCTATGG-1	3
NC_006614.4	15228630	15228704	CAAGTATGTTGGTTAG-1	1
NC_006614.4	15228635	15228691	ATATGCTCAGGGAGCT-1	1
NC_006614.4	15228655	15228871	TGGATTCAGCTGTACG-1	1
NC_006614.4	15228664	15228701	ACACCTTGTTGCCTCA-1	1
NC_006614.4	15228669	15228746	GCCAACATCCTTCTAG-1	1
NC_006614.4	15228674	15228972	TTTCCTGAGCCTGTTC-1	2
NC_006614.4	15228674	15229010	TGGCCAATCGTCAAGT-1	1
NC_006614.4	15228676	15228713	AGTGCCGGTCACCTAT-1	1
NC_006614.4	15228676	15228741	GCCTGACAGCACGATT-1	2
NC_006614.4	15228676	15228997	ATTCACTTCCAATAGC-1	3
NC_006614.4	15228684	15228749	AATGCGCGTTAGAGGG-1	1
NC_006614.4	15228686	15228720	GGGTGTTGTGGAGCAA-1	1
NC_006614.4	15228686	15228739	GATCGAGCAAGCCAGA-1	1
NC_006614.4	15228691	15228731	CATAACGGTGCATTTC-1	1
NC_006614.4	15228691	15228935	ATATAGGCAGGCGAGT-1	2
NC_006614.4	15228696	15228730	AACAAGCCAGATTCAT-1	1
NC_006614.4	15228696	15228868	TTAACCAAGTAACTCA-1	1
NC_006614.4	15228699	15228749	CGCCTCATCCTCCATA-1	1
NC_006614.4	15228701	15228766	CGTGAGGAGGATGATG-1	1
NC_006614.4	15228701	15228774	GTTTATCTCAGAAACG-1	2
NC_006614.4	15228703	15228748	GAGAAACGTGGATTAT-1	1
NC_006614.4	15228703	15228786	AGCCTAAGTGTTTGTC-1	1
NC_006614.4	15228703	15228864	GGGCATGAGAGGGACT-1	3
NC_006614.4	15228704	15228864	TCCTCTAAGGGTGAAC-1	2
NC_006614.4	15228706	15228764	CGGCTAATCCTGATGG-1	1
NC_006614.4	15228706	15228776	CAAACACTCCTAATGA-1	1
NC_006614.4	15228706	15228784	AAGTTTGTCTGCAACG-1	3
NC_006614.4	15228706	15229010	ATTTGTGAGACAAACG-1	1
NC_006614.4	15228707	15228779	TAAGTAGCACAGAACG-1	1
NC_006614.4	15228713	15228788	ACCCGTAAGGCCTAAT-1	3
NC_006614.4	15228713	15229074	CAATAGCTCTCACATT-1	1
NC_006614.4	15228714	15228793	TGCGATTAGGTTTGCG-1	1
NC_006614.4	15228717	15228813	CGCCACACAGGTCCTG-1	1
NC_006614.4	15228718	15228798	GGCCTAATCAATGTGC-1	1
NC_006614.4	15228722	15228767	GTTCCCAGTGACATAT-1	1
NC_006614.4	15228727	15228785	ATTAGGTGTTTGTTGC-1	2
NC_006614.4	15228727	15229010	AGACCCGGTTTGTGGA-1	1
NC_006614.4	15228735	15228791	TCCACAACACCAGCAT-1	1
NC_006614.4	15228737	15228774	GTTAAGTGTTAGGATT-1	1
NC_006614.4	15228739	15228925	ATTACGTCAGCAGGTA-1	1
NC_006614.4	15228741	15228858	TCACGGATCCAATTAG-1	1
NC_006614.4	15228753	15228865	TGTAAGCTCCAAATCA-1	3
NC_006614.4	15228753	15228925	CGGACCTAGACAAGTG-1	1
NC_006614.4	15228759	15228980	CCCAGCACAGTTGCGT-1	3
NC_006614.4	15228765	15228860	ACGTCAAGTTAGGTTG-1	1
NC_006614.4	15228765	15229284	CCACAGGGTGTTTCAC-1	2
NC_006614.4	15228771	15228822	GCTCCTTAGCTCCTTA-1	1
NC_006614.4	15228774	15228818	GGCCTCTGTTAGCAGC-1	3
NC_006614.4	15228774	15228915	AGGAACCAGTTATGGC-1	1
NC_006614.4	15228774	15228918	CGGTGAGAGCGAGCGA-1	1
NC_006614.4	15228774	15228925	CCTGTAACAGCAATAA-1	2
NC_006614.4	15228774	15228935	CTAGTGAGTCGTAAAT-1	1
NC_006614.4	15228774	15229167	CTGTTAAAGCTGTACG-1	1
NC_006614.4	15228776	15228822	AAACCGCGTGGATGTC-1	1
NC_006614.4	15228781	15228865	AGCTAGTTCCACCCTG-1	1
NC_006614.4	15228781	15228865	GAGCGATAGCCTGATG-1	2
NC_006614.4	15228781	15228903	TAGTTGTCAAAGCTCC-1	1
NC_006614.4	15228791	15228957	GTGTGAGCAGCTCATA-1	1
NC_006614.4	15228793	15228949	CCAACATAGGAACCAA-1	1
NC_006614.4	15228793	15228955	TCCACAACACTAAGAA-1	1
NC_006614.4	15228814	15228864	TCTAGCGAGGAGGACT-1	1
NC_006614.4	15228822	15229020	GCCCGTTGTTCCGGGA-1	1
NC_006614.4	15228839	15229293	ATTAGCGGTTTAGCGA-1	2
NC_006614.4	15228840	15228970	GGTCTTTGTTTGTCTA-1	1
NC_006614.4	15228845	15228871	GCTTTGTGTAATCGCA-1	1
NC_006614.4	15228856	15228898	TCAAGGTTCAGAAACG-1	1
NC_006614.4	15228858	15228917	GTCGGTTCATAGCTTG-1	3
NC_006614.4	15228858	15228933	TGGTCATAGCTTAGCG-1	1
NC_006614.4	15228858	15228989	GGAACAATCGATTATG-1	1
NC_006614.4	15228859	15229216	TACCTGCTCTCATCAT-1	1
NC_006614.4	15228860	15228994	CGCATATAGAGCCGCT-1	1
NC_006614.4	15228865	15228925	TGTATCCGTCTTTGAC-1	1
NC_006614.4	15228865	15228940	ACCTGGATCGGTCAGC-1	1
NC_006614.4	15228870	15228923	CCTCAGTTCATCCTAT-1	1
NC_006614.4	15228870	15228965	TAGTACGGTCAAGTGC-1	1
NC_006614.4	15228873	15229262	CGCGATTCAGGATAAC-1	1
NC_006614.4	15228878	15228956	CGAGGAAGTGGTTATG-1	2
NC_006614.4	15228883	15228920	AACAAAGGTCCGCTGT-1	3
NC_006614.4	15228888	15228942	CAGCTATAGGGACCTC-1	1
NC_006614.4	15228888	15228970	ATACCTGCAACTAGAA-1	1
NC_006614.4	15228888	15228970	CTAGTCGAGCAAGGTA-1	1
NC_006614.4	15228889	15228925	GGCATTAGTCAAGTGC-1	1
NC_006614.4	15228890	15228970	GGTTACCCAAACTGTT-1	1
NC_006614.4	15228890	15229012	AGTGAGTCATCCTAGA-1	1
NC_006614.4	15228898	15229002	GTGGTTAGTACAATGT-1	1
NC_006614.4	15228909	15228970	CTAGCTGAGCGATAGA-1	1
NC_006614.4	15228909	15228984	TAGTAGGAGTACTGGT-1	1
NC_006614.4	15228918	15228970	CGTGACATCATGTCAA-1	1
NC_006614.4	15228920	15228994	AACAAAGGTCCGCTGT-1	1
NC_006614.4	15228923	15228972	CATAGGTTCTGTAAGC-1	2
NC_006614.4	15228923	15228983	CGTGAGGAGCTTTGGG-1	1
NC_006614.4	15228923	15229133	TCTTGACGTTAGGTTG-1	1
NC_006614.4	15228923	15229195	CTACAACAGTGAGGGT-1	1
NC_006614.4	15228925	15228980	GCCCAAATCGCACACA-1	1
NC_006614.4	15228925	15229007	CTAGGACGTTTACTTG-1	1
NC_006614.4	15228925	15229032	TCCTAGTGTGTTCCCA-1	1
NC_006614.4	15228925	15229055	CGCCACACAGGTCCTG-1	1
NC_006614.4	15228935	15229035	ATGTCCACATCAGCAC-1	1
NC_006614.4	15228936	15229048	TAAGGCTTCTTTAGGA-1	3
NC_006614.4	15228943	15229015	TTTGGCTGTAGCTAAT-1	1
NC_006614.4	15228945	15228972	CGACTAAGTCACCTAT-1	2
NC_006614.4	15228945	15229269	AATCGCCCACTAGGTC-1	1
NC_006614.4	15228947	15228984	TTAAGTGTCGCAATCG-1	1
NC_006614.4	15228952	15229010	ATCAATCCATCGCTCC-1	1
NC_006614.4	15228970	15229022	CGTGCACAGAACCTGT-1	4
NC_006614.4	15228970	15229055	TAATGGACATTAAGTC-1	1
NC_006614.4	15228970	15229171	CGTGACATCATGTCAA-1	1
NC_006614.4	15228970	15229200	GTAAGCGCAGCATGTC-1	2
NC_006614.4	15228972	15229010	ACCGGCTAGCTTCCCG-1	1
NC_006614.4	15228975	15229436	GGTCATTAGGAAGCTA-1	3
NC_006614.4	15228980	15229010	TGGTGCATCATGTTTC-1	1
NC_006614.4	15228980	15229022	CAAAGCGCAGTTAGCC-1	2
NC_006614.4	15228983	15229022	ATTCCGGAGCTTTGTT-1	1
NC_006614.4	15228986	15229055	ACCAGGCTCTTGTCCA-1	3
NC_006614.4	15228994	15229062	TGCTTCATCTGTGAGT-1	1
NC_006614.4	15229005	15229035	TGGACAAAGGTTAGAG-1	3
NC_006614.4	15229010	15229054	CCCTGGACAGTTATGT-1	1
NC_006614.4	15229020	15229190	ATCATGTCACAACCTA-1	1
NC_006614.4	15229024	15229078	CTCATTTAGGTTTACA-1	1
NC_006614.4	15229028	15229226	CCAAACCCATCATGTG-1	1
NC_006614.4	15229033	15229596	ATGTTCAAGACCATAC-1	1
NC_006614.4	15229042	15229327	TGGCCAATCCACCTTA-1	1
NC_006614.4	15229044	15229079	TACTCAAAGTTCCCGT-1	2
NC_006614.4	15229055	15229120	TCATTGTTCCCTGACT-1	3
NC_006614.4	15229055	15229284	GGTTGAGCACAGGATG-1	1
NC_006614.4	15229067	15229307	TCTAGCCTCATCCTCA-1	1
NC_006614.4	15229072	15229200	TCTCGCCCAGCCGCTA-1	1
NC_006614.4	15229092	15229274	AATTCGTCAGGAAGCC-1	1
NC_006614.4	15229108	15229317	AGGTCTTAGACACTTA-1	1
NC_006614.4	15229122	15229200	CTGTACCTCCGGAACC-1	2
NC_006614.4	15229125	15229200	AGCTAACTCGCTATAA-1	1
NC_006614.4	15229128	15229306	CTAATCGCAGGCGATA-1	2
NC_006614.4	15229167	15229226	TGTTGGCCAGGCATCT-1	1
NC_006614.4	15229225	15229398	AGGTTAGAGCGCCTAA-1	1
NC_006614.4	15229262	15229297	CTGCTCCCATTGTTGG-1	1
NC_006614.4	15229284	15229347	CATAGGTTCTGTAAGC-1	1
NC_006614.4	15229289	15229357	GTAAGGTCAGGCGAGT-1	4
NC_006614.4	15229289	15229489	GTCTAACAGGCTTAAC-1	2
NC_006614.4	15229295	15229819	AATTCGTCAGGAAGCC-1	2
NC_006614.4	15229296	15229424	CATCATAAGGGCTAAA-1	1
NC_006614.4	15229307	15229355	CCTAAAGGTGGACCTG-1	2
NC_006614.4	15229311	15229336	CTTGCAACATGCAACC-1	1
NC_006614.4	15229317	15229404	AGGTCTTAGACACTTA-1	2
NC_006614.4	15229333	15229427	GCTATAGGTGAGGTGA-1	1
NC_006614.4	15229352	15229441	TAGTTTGAGGCTAGAA-1	3
NC_006614.4	15229355	15229576	ACTTACTTCGCAGGCT-1	1
NC_006614.4	15229357	15229550	TAGTTTGAGCCGCAGT-1	1
NC_006614.4	15229367	15229570	AAGTTAGCAGGCTGTT-1	1
NC_006614.4	15229374	15229404	GATTCAATCCCTGATC-1	1
NC_006614.4	15229398	15229606	AGGTTAGAGCGCCTAA-1	1
NC_006614.4	15229404	15229468	ACCAATATCGATCAGT-1	1
NC_006614.4	15229404	15229586	TACGTAATCATAGACC-1	1
NC_006614.4	15229410	15229576	TCGCCCATCAGCCAAT-1	2
NC_006614.4	15229422	15229494	GGCCAACTCATAACTG-1	3
NC_006614.4	15229422	15229611	AACAGATAGACTTATG-1	1
NC_006614.4	15229428	15229540	TTGATGTCATAGCTTG-1	1
NC_006614.4	15229428	15229545	ATTGCGCCATAAGCAA-1	1
NC_006614.4	15229433	15229515	GCTGCAATCACAGCCA-1	1
NC_006614.4	15229433	15229784	GTTCTTGTCTAGCTAA-1	1
NC_006614.4	15229438	15229542	TGCCATTGTTTGCTGT-1	1
NC_006614.4	15229440	15229870	GTTACTAAGGACCTTG-1	1
NC_006614.4	15229453	15229509	GCTGCAATCACGCCAA-1	1
NC_006614.4	15229453	15229546	ACCTAAATCGGGATTT-1	1
NC_006614.4	15229457	15229865	CTCCTCACAACATAAG-1	1
NC_006614.4	15229457	15230061	AAAGCTTGTCGCAAAC-1	1
NC_006614.4	15229459	15229516	GGTCTTGAGCTTTGTT-1	1
NC_006614.4	15229459	15229581	TGTTGTGCAACCTAAT-1	1
NC_006614.4	15229497	15229534	GCTATAGGTGAGGTGA-1	1
NC_006614.4	15229504	15229579	CCTTCAATCACAGACT-1	1
NC_006614.4	15229507	15229560	CTGTTGGAGTTTCCTG-1	1
NC_006614.4	15229507	15229569	GTGCTTCTCGGTTTGG-1	1
NC_006614.4	15229509	15229784	ACCAATATCGATCAGT-1	1
NC_006614.4	15229518	15230198	AACAGGATCTTTGAGA-1	2
NC_006614.4	15229531	15229576	GAGGTACAGGCGCTAC-1	1
NC_006614.4	15229532	15229586	ACCTTCATCTGCAAAC-1	3
NC_006614.4	15229547	15229601	CCTAAGTAGCTATTGA-1	1
NC_006614.4	15229594	15229725	ACCAATATCGAAGTGA-1	1
NC_006614.4	15229606	15229797	AGGTTAGAGCGCCTAA-1	1
NC_006614.4	15229610	15229640	GGCTTAAGTGTGCAAC-1	1
NC_006614.4	15229610	15229774	CCTAAGGTCCCGCCTA-1	1
NC_006614.4	15229650	15229942	TCATAACCATAGCTTG-1	1
NC_006614.4	15229656	15229789	GGCGGTAAGTTTGTCT-1	3
NC_006614.4	15229673	15229877	GATTAGCTCTAGCTTT-1	1
NC_006614.4	15229692	15229882	TGCGATTAGCTTAGCG-1	1
NC_006614.4	15229734	15229882	CGCAATAGTACCTTAC-1	1
NC_006614.4	15229734	15229882	GCAAGCCTCAGCCAAT-1	6
NC_006614.4	15229762	15229854	CCCTGTTAGGCCTTAG-1	1
NC_006614.4	15229765	15230113	GCTCGATCACCTGCCT-1	1
NC_006614.4	15229774	15230251	CTCGCTAGTACAATGT-1	2
NC_006614.4	15229782	15229828	CCGCCAACAGATTCAT-1	1
NC_006614.4	15229784	15229829	AAACGGATCATAACGC-1	1
NC_006614.4	15229797	15229842	CGTTGCAAGCGGATAA-1	1
NC_006614.4	15229797	15229842	GGCATTAGTTTATTCG-1	1
NC_006614.4	15229797	15230328	TAGGCTAGTCAGGCCA-1	2
NC_006614.4	15229828	15229928	GAGGGAGCATGCTCCC-1	1
NC_006614.4	15229829	15230073	GGCTCACAGTAAAGGT-1	1
NC_006614.4	15229835	15229887	CACTTTGTCCAGGTTG-1	1
NC_006614.4	15229843	15229927	CCAGACTCAAAGGTAC-1	1
NC_006614.4	15229845	15229930	CTGGTTACAACCTGGT-1	2
NC_006614.4	15229849	15230162	CACGCTAAGAACCTGT-1	1
NC_006614.4	15229854	15229910	TATATCCTCATTACAG-1	1
NC_006614.4	15229854	15230166	GGTTGCGGTATTACCC-1	2
NC_006614.4	15229854	15230250	ACTCCTCAGCATCCAG-1	1
NC_006614.4	15229857	15229958	ATTTGCGCACAGAACG-1	1
NC_006614.4	15229935	15230076	CGCCTCATCCATTACT-1	1
NC_006614.4	15229937	15230003	CACTTTGTCCAGGTTG-1	1
NC_006614.4	15229937	15230065	TGTCCTGGTAAGCTTG-1	2
NC_006614.4	15229945	15230249	TCGCGAGGTTCTTTAG-1	2
NC_006614.4	15229952	15230064	CAAAGTGAGTTTGGTA-1	2
NC_006614.4	15229952	15230086	TCGTAATCAGTTAGCC-1	1
NC_006614.4	15229952	15230141	CTAGGCGGTTAAATGC-1	1
NC_006614.4	15230010	15230078	TTATCCTAGCTCCCTG-1	1
NC_006614.4	15230037	15230068	AGGAAACGTACAAAGA-1	3
NC_006614.4	15230038	15230113	CTGTTAAAGCTGTACG-1	2
NC_006614.4	15230062	15230274	AATTAGGCAAGGTAAC-1	1
NC_006614.4	15230064	15230104	GGACTAAAGTCATTAG-1	2
NC_006614.4	15230065	15230181	TTAAGGACAATATACC-1	1
NC_006614.4	15230075	15230150	CAATCGCCATTGCGGT-1	1
NC_006614.4	15230078	15230145	CCAACCAAGCACGATT-1	1
NC_006614.4	15230097	15230173	GACGTAAAGACACCGC-1	1
NC_006614.4	15230097	15230178	GGCTAGACATTGCGTA-1	2
NC_006614.4	15230097	15230212	GGAAGCTAGTAACGAG-1	1
NC_006614.4	15230097	15230218	AATTACCCACGGTACT-1	1
NC_006614.4	15230097	15230398	CTTTAGGCAAGTAAGC-1	2
NC_006614.4	15230097	15230486	CGTACGGGTCAGGCAT-1	1
NC_006614.4	15230104	15230150	CACAGGGAGCTCAATA-1	1
NC_006614.4	15230109	15230185	GTTGGAGCAGGAACTG-1	1
NC_006614.4	15230116	15230182	TCGCATTGTTAACACG-1	1
NC_006614.4	15230122	15230199	TGTTGGCCAGGCATCT-1	1
NC_006614.4	15230123	15230250	TATAGCCAGAAGCTAG-1	2
NC_006614.4	15230130	15230247	GTAGCGCTCAAACCTA-1	1
NC_006614.4	15230130	15230311	TTGTGAGGTGGCTTCC-1	1
NC_006614.4	15230130	15230393	ATCCTTAGTGGGTGAA-1	1
NC_006614.4	15230145	15230198	CGGCTCACATTGCGGT-1	1
NC_006614.4	15230145	15230332	TCGCGCACACCTAAGC-1	1
NC_006614.4	15230148	15230190	CCAACATAGGAGCACG-1	1
NC_006614.4	15230150	15230247	CGCACCACAGCAACAG-1	1
NC_006614.4	15230150	15230264	GCCCAAATCGCACACA-1	1
NC_006614.4	15230178	15231012	GTGAGCGAGCCGCAGT-1	1
NC_006614.4	15230180	15230726	ACTCAGTAGGTGCGGA-1	1
NC_006614.4	15230181	15230323	TTAAGGACAATATACC-1	2
NC_006614.4	15230190	15230254	AGTTTGCAGTCGCTAG-1	3
NC_006614.4	15230196	15230247	TGAGTTTCAGGAAGCC-1	1
NC_006614.4	15230196	15230285	ACACGGACAAGCTTTG-1	3
NC_006614.4	15230196	15230595	CGCTGTGCAAGGTGGC-1	2
NC_006614.4	15230201	15230263	CGGCTAATCTGCAAAC-1	1
NC_006614.4	15230204	15230247	TACCGTTGTAGCCATA-1	3
NC_006614.4	15230206	15230254	AACCTCCTCATGTGGT-1	1
NC_006614.4	15230206	15230259	GCTCATTGTGAGCGAA-1	1
NC_006614.4	15230239	15230274	GCAGGAAGTCCCGAAG-1	1
NC_006614.4	15230247	15230274	AGAGAGGAGTTCCCAC-1	1
NC_006614.4	15230247	15230633	TCCATAAAGCCAAATC-1	1
NC_006614.4	15230249	15230338	AGTGTGGCAGCTTAGC-1	1
NC_006614.4	15230249	15230377	AATCCATCAGGCTAAG-1	2
NC_006614.4	15230261	15230323	TAAGCTGGTTCGGTAA-1	1
NC_006614.4	15230264	15230383	TATCCAGCATGTGGGA-1	1
NC_006614.4	15230284	15230402	ATGCAGGCACCTGCCT-1	1
NC_006614.4	15230287	15230321	ACATCAATCATAACGC-1	1
NC_006614.4	15230292	15230402	GGACTAAAGTCATTAG-1	1
NC_006614.4	15230305	15230337	ATGTTGTCAAACGCGA-1	1
NC_006614.4	15230378	15230737	TAGCCTGAGGAACGCG-1	3
NC_006614.4	15230461	15230525	CGTTAGTAGTTCCCAC-1	1
NC_006614.4	15230481	15230748	CTCCTAATCTACTAAG-1	1
NC_006614.4	15230481	15230792	TGGATTCAGTGATTCA-1	2
NC_006614.4	15230488	15230560	GTATTCAAGCAGCTAT-1	1
NC_006614.4	15230496	15230572	CAATGACTCTAACCTT-1	2
NC_006614.4	15230498	15230892	ACTAATCCATTGTGGC-1	1
NC_006614.4	15230515	15230570	CAGGACCTCCGGAACC-1	3
NC_006614.4	15230572	15230620	CAATGACTCTAACCTT-1	1
NC_006614.4	15230587	15230666	CTCGCTAGTACAATGT-1	1
NC_006614.4	15230589	15230633	CAATCGCCAAGTGTTT-1	1
NC_006614.4	15230597	15230824	GGTAAACCAGGTCCTG-1	1
NC_006614.4	15230602	15230742	CTGGCTAAGGACAACA-1	1
NC_006614.4	15230608	15230648	TAGTGGCGTCCTAACT-1	1
NC_006614.4	15230610	15230749	CCGTTGCGTTCCGGGA-1	3
NC_006614.4	15230632	15230698	GTGTGTTAGTTGGCCA-1	1
NC_006614.4	15230633	15230816	TAAGCCAGTTTAGCGA-1	1
NC_006614.4	15230638	15231027	CGCTATGAGCTTTGTT-1	2
NC_006614.4	15230672	15231028	ACTTACTTCATAACTG-1	1
NC_006614.4	15230686	15231111	GAGTCATTCGATCAGT-1	3
NC_006614.4	15230687	15231045	GTGTGCGGTTCCGGCT-1	1
NC_006614.4	15230691	15230743	ACAGGATCAACTAGAA-1	2
NC_006614.4	15230691	15230776	GCGGTTATCATTGACA-1	1
NC_006614.4	15230701	15231319	AACTGTTCAAGGGTTG-1	1
NC_006614.4	15230729	15230799	AGTGGACAGCTCCTAC-1	1
NC_006614.4	15230748	15230797	CAGCTCAAGTCATTTC-1	1
NC_006614.4	15230748	15230816	TTGCAATCATTAAGTC-1	1
NC_006614.4	15230755	15230797	TCATGAGGTTTCCTCC-1	2
NC_006614.4	15230771	15230812	GTGATCAGTAAGCTTG-1	1
NC_006614.4	15230780	15230969	ACAACAACACAATACT-1	1
NC_006614.4	15230783	15230832	TTTACGCGTTCTTTAG-1	1
NC_006614.4	15230789	15230932	TACAGCTAGGAGGTTA-1	2
NC_006614.4	15230797	15231256	CCTCAATGTAGGTGTC-1	1
NC_006614.4	15230799	15230949	CGTCAATAGGTTTGAC-1	2
NC_006614.4	15230804	15230847	CGAAGCGAGATGGAGC-1	2
NC_006614.4	15230818	15230904	TCGCGCACACCTAAGC-1	1
NC_006614.4	15230820	15231455	TGGGCCTAGGTAAGCA-1	1
NC_006614.4	15230826	15230991	TATGCATCAAGACTCC-1	2
NC_006614.4	15230828	15230886	TCGGTTACAAACTAAG-1	2
NC_006614.4	15230843	15230873	TCTCGCCCAGTAGGAT-1	1
NC_006614.4	15230846	15230948	ATTGGTTCACAACAGG-1	1
NC_006614.4	15230867	15230950	ACACCTTGTTGTTGGA-1	2
NC_006614.4	15230887	15230944	AAGGATCCACATACTG-1	2
NC_006614.4	15230894	15230947	CGAAGGCCACCGGCTA-1	1
NC_006614.4	15230897	15230997	TTTCAGTTCATGGCCA-1	2
NC_006614.4	15230897	15231100	TCCATAAAGGTCGAGG-1	1
NC_006614.4	15230908	15231091	CTATGATCAACTAGAA-1	1
NC_006614.4	15230922	15230969	TAACCTAAGACTTACA-1	1
NC_006614.4	15230927	15231028	CACCTGTTCACTAAGC-1	1
NC_006614.4	15230942	15231100	GCGAAGCCAAGCTTAT-1	1
NC_006614.4	15230943	15231110	CCATTGTGTAAAGCAA-1	1
NC_006614.4	15230947	15231084	TTCGTTAGTGCTAGCG-1	1
NC_006614.4	15230959	15231127	CACTAAGGTCAAGTGC-1	1
NC_006614.4	15230959	15231127	CATTGCGAGGTAAGGC-1	1
NC_006614.4	15230967	15231057	AGGGCCTTCATGACCG-1	1
NC_006614.4	15230974	15231079	GTAGCGCTCGCCTGTT-1	1
NC_006614.4	15230976	15231127	GGTCTTTGTTACAACG-1	2
NC_006614.4	15230979	15231018	GCTGACCAGGTCCTGA-1	2
NC_006614.4	15231028	15231614	ACTTACTTCATAACTG-1	1
NC_006614.4	15231055	15231526	TTATGACCAGTTATCG-1	1
NC_006614.4	15231067	15231488	ATCACTAAGTCACCTC-1	1
NC_006614.4	15231074	15231282	AACTGTTCACAGCCAT-1	1
NC_006614.4	15231074	15231290	GTGAGCGAGCCGCAGT-1	1
NC_006614.4	15231100	15231668	CAGGTCCAGGCCGGAA-1	1
NC_006614.4	15231149	15231289	GGCAAGCCAGTTAGCC-1	1
NC_006614.4	15231153	15231343	CTTACTAGTTAACACG-1	1
NC_006614.4	15231159	15231229	GAGTTGCGTTAAGCCA-1	1
NC_006614.4	15231169	15231271	GTGGATGCATGGCCCA-1	1
NC_006614.4	15231175	15231628	GTGCTCAAGCCTGAGC-1	1
NC_006614.4	15231225	15231524	ATGGTCTAGGAACCAA-1	1
NC_006614.4	15231249	15231652	TAATCCGCAATGCCCG-1	1
NC_006614.4	15231259	15231302	TACTCAAAGCTTGCTC-1	1
NC_006614.4	15231259	15231418	GGCCTCTGTACGCGCA-1	1
NC_006614.4	15231277	15231316	CACTTTGTCTCAATGA-1	1
NC_006614.4	15231277	15231317	TATGGTCAGGCTAATC-1	2
NC_006614.4	15231304	15231599	CCAAATCAGTTAACCA-1	1
NC_006614.4	15231312	15231347	CAGGGCTTCATTGCGG-1	1
NC_006614.4	15231312	15231347	CCTCAAACAGCATGTC-1	1
NC_006614.4	15231340	15231494	TGAGCAAAGTGCACGC-1	1
NC_006614.4	15231357	15231697	GGTAGGAGTTACCTGT-1	3
NC_006614.4	15231363	15231445	AAGCGAGGTTCGGTAA-1	1
NC_006614.4	15231379	15231535	GCACATTAGGCTGTGC-1	1
NC_006614.4	15231398	15231562	AGGTCTTAGACACTTA-1	1
NC_006614.4	15231403	15231455	TGTGCAAGTTAGTTGG-1	2
NC_006614.4	15231407	15231643	CCGCTAAAGGTCGAGG-1	1
NC_006614.4	15231415	15231482	AGCACTTAGGTAAGCA-1	1
NC_006614.4	15231447	15231663	GTTCTTGTCTAAGGTC-1	1
NC_006614.4	15231455	15231476	TCACCTGGTAGCAGCT-1	1
NC_006614.4	15231476	15231541	GAGTTTGGTCATCATC-1	2
NC_006614.4	15231477	15231530	GTAGGTGCATTGCAGC-1	1
NC_006614.4	15231530	15231575	CGCTTACTCGTTCACC-1	1
NC_006614.4	15231550	15231587	GCGATTAGTAGGATTT-1	2
NC_006614.4	15231552	15231795	CATCAATCAATTTAGC-1	1
NC_006614.4	15231556	15231591	TCCACAACATAATCAC-1	2
NC_006614.4	15231568	15231710	AGCAATTGTCTTGCAT-1	3
NC_006614.4	15231579	15231763	GACCGTTCAGAAATTG-1	2
NC_006614.4	15231580	15231648	TTTACGCGTCCACAAA-1	1
NC_006614.4	15231580	15231729	ATTACGTCACCTAAGC-1	1
NC_006614.4	15231589	15231653	CTCCAACTCCGCTAGA-1	1
NC_006614.4	15231589	15231667	GGGCAATAGGTAACGA-1	2
NC_006614.4	15231589	15231773	CACCAACCATAGCAGG-1	1
NC_006614.4	15231591	15231628	CAATGACTCTAACCTT-1	1
NC_006614.4	15231616	15231654	GGTCTTGAGCTAATTG-1	1
NC_006614.4	15231633	15231673	CATAGACTCAAGCTAC-1	1
NC_006614.4	15231659	15231694	AGGACGTAGTAAGTGG-1	2
NC_006614.4	15231662	15231763	ACACTAATCTTGAGCG-1	1
NC_006614.4	15231682	15231835	TAGTAACGTATACTGG-1	2
NC_006614.4	15231746	15231779	CACATACAGACAAAGT-1	1
NC_006614.4	15231763	15231822	AGAGAGGAGTGATTCA-1	1
NC_006614.4	15231763	15231933	TTGCATTTCCAAGTTA-1	1
NC_006614.4	15231855	15232193	AGTGGACAGCTCCTAC-1	2
NC_006614.4	15231885	15231949	TCATTGTTCACGTTAA-1	1
NC_006614.4	15231947	15231985	TCGCGCACACCTAAGC-1	1
NC_006614.4	15231959	15232044	TTTACGAAGAGGAGGA-1	4
NC_006614.4	15231967	15232200	TAGACCAGTTGTGACA-1	1
NC_006614.4	15231976	15232346	CGAAATGAGGATGATG-1	3
NC_006614.4	15231985	15232193	CGATTTGCACAAAGCG-1	1
NC_006614.4	15231986	15232024	TTAACTGAGATAGACG-1	2
NC_006614.4	15231993	15232315	CGAATCTAGCTCAAAC-1	1
NC_006614.4	15232004	15232053	ATGGTTATCAGGCCTA-1	1
NC_006614.4	15232024	15232057	CAGTACCCACTTGTTC-1	1
NC_006614.4	15232049	15232278	ACTTGTAAGCTTTGTT-1	1
NC_006614.4	15232059	15232113	GACGCCTAGTGAAGTG-1	2
NC_006614.4	15232078	15232147	CTTAAGATCTTGTCTG-1	1
NC_006614.4	15232091	15232306	ACATTGCAGTTCCCAC-1	1
NC_006614.4	15232096	15232147	AATCCCTGTCATAGAT-1	1
NC_006614.4	15232121	15232150	CATTGCGAGCTGGACC-1	1
NC_006614.4	15232140	15232244	TTTGGTGCATTAGGTT-1	2
NC_006614.4	15232175	15232843	CAAGTTATCGAGCAAA-1	1
NC_006614.4	15232183	15232263	ACGTCAAGTGAAACAA-1	1
NC_006614.4	15232200	15232263	ATTAGCGGTAAGTCGC-1	1
NC_006614.4	15232200	15232283	GCCCAAATCGCACACA-1	2
NC_006614.4	15232210	15232244	TTTAGCTTCCGGTATG-1	3
NC_006614.4	15232210	15232273	CGCAATAGTATCTGGA-1	1
NC_006614.4	15232212	15232314	GCTCGATCACCTGCCT-1	2
NC_006614.4	15232212	15232380	AAACGTACAATTAAGG-1	3
NC_006614.4	15232221	15232288	CACTAAGGTGGTGAGA-1	1
NC_006614.4	15232228	15232288	CAATGTCAGGGACGCA-1	1
NC_006614.4	15232235	15232416	TGAGGTGCATTTAAGC-1	1
NC_006614.4	15232235	15232755	CTTACCTCATGCAACC-1	2
NC_006614.4	15232257	15232470	GCGCAATGTATTGCAG-1	2
NC_006614.4	15232259	15232306	GATAACGAGGGTTATC-1	1
NC_006614.4	15232259	15232622	TGCAAGCGTTGGTGAC-1	1
NC_006614.4	15232276	15232303	AAGGATCCACAGGGAC-1	1
NC_006614.4	15232288	15232325	GGCTAGACAACGTGCT-1	1
NC_006614.4	15232315	15232715	GTACAATGTACAATGT-1	1
NC_006614.4	15232319	15232605	GTGCTCCGTTCGGTAA-1	1
NC_006614.4	15232320	15232396	TACATCAAGTCTTGAA-1	1
NC_006614.4	15232324	15232773	ATTAGCGGTGGATGTC-1	1
NC_006614.4	15232337	15232385	CCTTTAGTCTGTGCCT-1	1
NC_006614.4	15232346	15232486	TCGGTAAGTCATAGAT-1	1
NC_006614.4	15232361	15232480	CCTACTGGTTCCGGCT-1	1
NC_006614.4	15232392	15232480	CACTAAGGTGGTGAGA-1	2
NC_006614.4	15232394	15232473	CCAGACTCATTAGGTT-1	1
NC_006614.4	15232453	15232586	TGTCATAAGAAAGGAA-1	2
NC_006614.4	15232470	15232843	AGAGGATGTAAACAAG-1	1
NC_006614.4	15232473	15232649	CCTCAAACAAGTAAGC-1	1
NC_006614.4	15232480	15232586	GATGCAGCAATTAGGA-1	1
NC_006614.4	15232586	15232986	CTTAGGAGTGCACGCA-1	1
NC_006614.4	15232629	15232654	CAAAGCGCAGCACGAA-1	1
NC_006614.4	15232672	15232737	CAAGTAACACCTACGG-1	3
NC_006614.4	15232704	15232815	GGTAAACCACTAAGTT-1	3
NC_006614.4	15232719	15232760	GCGTGCTAGTAAGAAC-1	1
NC_006614.4	15232720	15232768	ACAACATGTGGGAACA-1	1
NC_006614.4	15232720	15233262	CATAGACTCTCCTCAA-1	1
NC_006614.4	15232724	15232885	CAGATTCAGGTTACGT-1	2
NC_006614.4	15232744	15233009	CGCCACACAGGTCCTG-1	1
NC_006614.4	15232754	15232813	GTTTGCTGTTCAAGCA-1	2
NC_006614.4	15232755	15232791	GTATGTTCACAATGTT-1	1
NC_006614.4	15232781	15232815	GGGTTTCCAGCAACCT-1	2
NC_006614.4	15232791	15232820	ACTTGAATCCTAATGA-1	1
NC_006614.4	15232791	15233257	TGGTCAGTCCAACTGG-1	1
NC_006614.4	15232813	15232910	ATGAAGCCAACTCGCG-1	3
NC_006614.4	15232813	15232945	CTGTGTGAGGCTACAT-1	1
NC_006614.4	15232818	15233309	TTGACATCAAGCCAGA-1	1
NC_006614.4	15232824	15232950	CAATAAGCAGCAAGGC-1	1
NC_006614.4	15232829	15232915	CAAGTAACACTAGCGT-1	1
NC_006614.4	15232835	15232949	CGTAATGGTTGAGGTC-1	2
NC_006614.4	15232836	15232874	AGTTACATCTTAGCGG-1	1
NC_006614.4	15232836	15233082	GTTAAGCTCTTGGATA-1	2
NC_006614.4	15232845	15232920	AGTTTGCAGTCAGTAC-1	1
NC_006614.4	15232867	15232899	AGATGAAGTTGCGCGA-1	1
NC_006614.4	15232869	15233072	GAAGGAACACAATTAC-1	1
NC_006614.4	15232870	15233011	GGTTATATCTAAGGAG-1	1
NC_006614.4	15232879	15232910	TGAGGTGCATTTAAGC-1	1
NC_006614.4	15232883	15232937	GCACGGTTCTTCAATC-1	3
NC_006614.4	15232890	15233011	CGTTAAATCCCGAACA-1	1
NC_006614.4	15232899	15232952	ACAAACTGTTGGTGAC-1	2
NC_006614.4	15232900	15233072	TGTCATAAGGCGCTTA-1	1
NC_006614.4	15232904	15232950	CAGGCTGGTAATGACT-1	1
NC_006614.4	15232905	15233110	GGTTGCATCTCATCAT-1	4
NC_006614.4	15232907	15232948	CGAACAAAGAAGGTGC-1	1
NC_006614.4	15232908	15233019	GCCTGACAGGCCGGAA-1	2
NC_006614.4	15232910	15233151	CGGTTTGAGTCAGTAC-1	1
NC_006614.4	15232915	15233071	AGTTGCGTCTCGCCCA-1	3
NC_006614.4	15232918	15232999	GGTTACCCAATCCTAG-1	1
NC_006614.4	15232943	15233009	TCGGTTACAAAGGCCA-1	1
NC_006614.4	15232947	15232982	TCCGGTTTCATAACGC-1	1
NC_006614.4	15232959	15233159	CTATGTTTCGAGCAAA-1	2
NC_006614.4	15232967	15233071	ACCCAGGGTTAAGCTG-1	3
NC_006614.4	15232967	15233327	CCTTCGTAGGGTGAGT-1	1
NC_006614.4	15232974	15233019	AACAGGATCAGAAACG-1	1
NC_006614.4	15232986	15233704	GGTCCTGCATTATGCG-1	1
NC_006614.4	15232989	15233208	AAATCCGGTCATGCAA-1	2
NC_006614.4	15232994	15233325	AGGGCCTTCATGACCG-1	1
NC_006614.4	15232996	15233027	GAAGGCTAGGTGAAAT-1	1
NC_006614.4	15232996	15233084	AGTGTGGCATAGACTT-1	2
NC_006614.4	15233017	15233142	GAGGCAAGTACTGAAT-1	1
NC_006614.4	15233019	15233067	CGAATCTAGGTGAGAC-1	1
NC_006614.4	15233029	15233084	AGTTGTCAGGCCCAGT-1	1
NC_006614.4	15233029	15233159	GCCACACAGTGCTGTG-1	2
NC_006614.4	15233035	15233084	CGTAATGGTTGAGGTC-1	1
NC_006614.4	15233061	15233110	AATAGAGGTGAAGCCT-1	1
NC_006614.4	15233066	15233280	CGGCTCACATTAAGCT-1	1
NC_006614.4	15233066	15233609	AGATGAAGTTCACTGT-1	1
NC_006614.4	15233072	15233188	CTCCGTCCACTAAGCC-1	1
NC_006614.4	15233087	15233397	AGCAATTGTCACAGCG-1	1
NC_006614.4	15233140	15233192	GAGTAATAGCGGGCAA-1	1
NC_006614.4	15233140	15233262	CTATGAGGTTGGTGAC-1	1
NC_006614.4	15233140	15233623	AGGATGTCAGAAATGC-1	1
NC_006614.4	15233148	15233621	AATAACCGTTGCACAA-1	1
NC_006614.4	15233161	15233430	TTGTCCCAGGATTGAG-1	1
NC_006614.4	15233164	15233399	GCCTATTGTTGTCATC-1	1
NC_006614.4	15233171	15233794	CCCGCTTCATAATCGT-1	1
NC_006614.4	15233174	15233226	ACCTAAATCCGTCCAT-1	1
NC_006614.4	15233174	15233641	ATTCCTAGTTTATGGG-1	1
NC_006614.4	15233174	15233674	AAAGCTTGTTAATGCG-1	2
NC_006614.4	15233174	15233674	ACGGTTTAGCGGATAA-1	1
NC_006614.4	15233186	15233430	GTTAAACGTTAGGCGT-1	1
NC_006614.4	15233210	15233309	AAGGATTAGGCAAGTA-1	1
NC_006614.4	15233257	15233717	AAACGCGCAGAGAGCC-1	3
NC_006614.4	15233261	15233299	ACAGTATGTTAGTTGG-1	1
NC_006614.4	15233267	15233733	ATGGTTATCAAGTGTC-1	1
NC_006614.4	15233281	15233325	CATAAGCTCGAAGTGA-1	1
NC_006614.4	15233282	15233431	GTGCACGGTCTAACAG-1	1
NC_006614.4	15233302	15233725	GGCTAGACAGAACCGA-1	1
NC_006614.4	15233315	15233700	AGACACGCAAAGCTAA-1	1
NC_006614.4	15233316	15233674	CTTGACGAGTGCACGC-1	1
NC_006614.4	15233317	15233883	TGTGCAAGTTAACGGC-1	1
NC_006614.4	15233323	15233831	AGTAAGTAGGTAAGGC-1	1
NC_006614.4	15233325	15233391	TAACCTAAGTAACGAG-1	1
NC_006614.4	15233325	15233616	AGAACCAAGTAACGGA-1	1
NC_006614.4	15233325	15233674	CGTGGTTCAAGCCAGA-1	1
NC_006614.4	15233325	15233713	ACGAAGTCATGAATAG-1	1
NC_006614.4	15233327	15233651	AATCCTAAGAACCTAC-1	1
NC_006614.4	15233327	15233697	TATCGAGGTGGTGAGA-1	1
NC_006614.4	15233329	15233379	TTGGGCGGTCTTTGAC-1	1
NC_006614.4	15233329	15233383	GCAGGTGAGGCGCACT-1	1
NC_006614.4	15233330	15233366	CGCTTCTAGTTTGGTA-1	1
NC_006614.4	15233335	15233514	GCGCGATTCAAATCGC-1	1
NC_006614.4	15233371	15233397	TGTCAATCAACTAGAA-1	1
NC_006614.4	15233371	15233499	ACGAATCTCAATGTCA-1	2
NC_006614.4	15233391	15233609	TTTGTCTAGCAATAGG-1	1
NC_006614.4	15233392	15233437	CGGTTATAGGTCCACA-1	1
NC_006614.4	15233392	15233456	GCTTACCTCTTACTCG-1	2
NC_006614.4	15233392	15233463	ATTATGGTCTCCTCTT-1	2
NC_006614.4	15233392	15233498	ATATGCTCACCTAATG-1	2
NC_006614.4	15233392	15233516	CACAGGGAGTAAGGGC-1	1
NC_006614.4	15233393	15233656	AGGGCCTTCATGACCG-1	3
NC_006614.4	15233404	15233494	AGTGCACGTTGAGCCG-1	1
NC_006614.4	15233411	15233737	CGCTAACCATAGCTGC-1	1
NC_006614.4	15233428	15233497	AAGCTTGGTTTGGTTC-1	1
NC_006614.4	15233430	15233604	TCGGTTTGTCCTTCTC-1	4
NC_006614.4	15233431	15233491	TACTCAAAGGCTCATG-1	2
NC_006614.4	15233431	15233672	AGTTGCAGTGACATGC-1	1
NC_006614.4	15233448	15233491	ATCCATAAGGTTACAC-1	1
NC_006614.4	15233450	15233503	TATCACGCATAATCGT-1	1
NC_006614.4	15233467	15233639	GAGTTACTCGGTTACG-1	1
NC_006614.4	15233468	15233656	CGTTTCTCATAAGCAA-1	3
NC_006614.4	15233471	15233513	TGTAAGTGTCGTAATG-1	1
NC_006614.4	15233471	15233687	GAAGGATGTGTCCAGG-1	1
NC_006614.4	15233473	15233644	GCTATCCTCATAAGCC-1	1
NC_006614.4	15233473	15233806	GCCATTACAATAATGG-1	1
NC_006614.4	15233484	15233691	CCAACATAGTGAGAGC-1	1
NC_006614.4	15233485	15233667	TGTAAAGCATCATGGC-1	1
NC_006614.4	15233495	15233672	GGTCATTAGGAAGCTA-1	1
NC_006614.4	15233497	15233654	CATTCATTCTTGAGCG-1	1
NC_006614.4	15233502	15233674	CCTGGATCAATACTGT-1	1
NC_006614.4	15233507	15233665	AGCTCATAGTAGCGCC-1	2
NC_006614.4	15233512	15233727	CCGCAAGGTCATCAAG-1	3
NC_006614.4	15233514	15233687	CCTTAGTGTGTTGTGA-1	1
NC_006614.4	15233515	15233849	GTGTGAGCACCAACCG-1	2
NC_006614.4	15233517	15233604	GTCTTTGTCGGCTAGC-1	1
NC_006614.4	15233517	15233644	TGTGGCCAGGCATGAA-1	2
NC_006614.4	15233517	15233691	GTACCTTGTTTATGGG-1	1
NC_006614.4	15233517	15233831	CTTATGTTCGATTTGA-1	1
NC_006614.4	15233517	15233849	TATATCCTCGAAGTGA-1	1
NC_006614.4	15233534	15233642	TCTTAGTTCAGGTTTA-1	2
NC_006614.4	15233542	15233818	TACAGCTAGTATCGCG-1	1
NC_006614.4	15233577	15233621	CTACAACAGGCGCACT-1	1
NC_006614.4	15233577	15233698	TCAAGACTCTTGCAAA-1	1
NC_006614.4	15233582	15233712	ACACTAATCACTTTAC-1	1
NC_006614.4	15233596	15233651	CCTTTAGTCTTGTTCG-1	1
NC_006614.4	15233597	15233679	CTAGTAGGTCAGTAAT-1	2
NC_006614.4	15233599	15233710	TTTGGTGCATACTCCT-1	1
NC_006614.4	15233603	15233725	CTAATCCGTCTCAGCC-1	2
NC_006614.4	15233604	15233687	ATATGCTCAGGAACAT-1	1
NC_006614.4	15233604	15233687	GAGTTTGGTTTAACCC-1	2
NC_006614.4	15233604	15233730	TATGGCCCATCCTGAA-1	1
NC_006614.4	15233604	15233737	TTCACTGTCTGTGAGT-1	2
NC_006614.4	15233604	15233829	AGCACTAGTAACGGGA-1	2
NC_006614.4	15233609	15233665	ACCTAAATCAGCACGC-1	1
NC_006614.4	15233609	15233674	GCCTACTTCAATAGCC-1	1
NC_006614.4	15233609	15233707	TGGACAAAGTCTCACC-1	1
NC_006614.4	15233609	15233725	GGAGGTTAGGCTGTGC-1	1
NC_006614.4	15233609	15233746	ATATGCTCACTGGCCA-1	2
NC_006614.4	15233609	15233749	TTTCACCCATAAGTTC-1	1
NC_006614.4	15233609	15233816	CGAATCTAGCTCAAAC-1	1
NC_006614.4	15233614	15233661	CGCGGATTCTCACAAA-1	1
NC_006614.4	15233614	15233703	GGCAAATCAACACTTG-1	1
NC_006614.4	15233616	15233709	GACCTGATCTTAGGGT-1	1
NC_006614.4	15233617	15233674	GGGTCAACAGGAAGCC-1	1
NC_006614.4	15233619	15233674	TCGCGCACACAAACTT-1	2
NC_006614.4	15233619	15233687	AGCTAACTCATGTCAA-1	1
NC_006614.4	15233619	15233725	GGTACTTAGGTCCGTA-1	1
NC_006614.4	15233621	15233667	TAGCTTGCATAGCGAG-1	4
NC_006614.4	15233621	15233697	ACGTTGTAGAAAGCAT-1	1
NC_006614.4	15233623	15233674	GGCATTGTCTAGCTTT-1	1
NC_006614.4	15233626	15233829	CTTATGTTCAGGCTAT-1	1
NC_006614.4	15233627	15233742	CTGGATGTCAACCAAC-1	1
NC_006614.4	15233628	15233858	CATAATCCAATTGACT-1	1
NC_006614.4	15233631	15233674	AAAGCAAGTAGCTGGT-1	1
NC_006614.4	15233632	15233683	TATGACTCAGAAATTG-1	1
NC_006614.4	15233632	15233806	ACTCACCTCCGTTAAA-1	1
NC_006614.4	15233634	15233667	CAAGCTAGTTTGGTTC-1	2
NC_006614.4	15233634	15233667	CGAGGTGAGATGGACA-1	1
NC_006614.4	15233634	15233674	GTCATGAGTGCGCATG-1	1
NC_006614.4	15233634	15233797	TTAAGGACATACCCGG-1	2
NC_006614.4	15233636	15233670	CGTGCACAGTCTTGAA-1	2
NC_006614.4	15233636	15233687	AATGCGCGTTAGAGGG-1	1
NC_006614.4	15233639	15233697	AATCCTAAGAACCTAC-1	1
NC_006614.4	15233641	15233674	ACTAACGGTAATAGCT-1	1
NC_006614.4	15233641	15233725	ACAAAGGTCAGCACGC-1	1
NC_006614.4	15233642	15233673	GATTCATCACACTAAT-1	1
NC_006614.4	15233642	15233674	CGCAATCCACCCACCT-1	1
NC_006614.4	15233642	15233674	GGCAAATCAACACTTG-1	3
NC_006614.4	15233642	15233684	TCTTGACGTTTGCGAA-1	2
NC_006614.4	15233642	15233725	CTAAATGTCGTAATCA-1	2
NC_006614.4	15233644	15233674	GGAGCGATCCCGAACA-1	2
NC_006614.4	15233644	15233687	GCTTATCGTTGTAAAC-1	1
NC_006614.4	15233644	15233725	TTTGAGTCAATTAACC-1	1
NC_006614.4	15233644	15233774	TGTTCCTCAGTTTACG-1	2
NC_006614.4	15233644	15233774	TTGGGCGGTCTTTGAC-1	1
NC_006614.4	15233644	15233849	AGTTATGTCTCACACC-1	1
NC_006614.4	15233646	15233828	ACGACTTAGCATTTCT-1	1
NC_006614.4	15233647	15233738	CGACTAAGTCACCTAT-1	1
NC_006614.4	15233648	15233695	GAGGCCTTCAATGTCA-1	1
NC_006614.4	15233648	15233811	TTTGTCCCACGTAAGG-1	1
NC_006614.4	15233649	15233696	TTGCTTAGTGTTGCAA-1	1
NC_006614.4	15233649	15233704	CTTAGTTTCTAGCGTG-1	1
NC_006614.4	15233649	15233704	GCGCGATTCAAGTGAG-1	1
NC_006614.4	15233649	15233725	TACGCTTGTTAGGTGC-1	1
NC_006614.4	15233649	15233725	TGGGCATGTTAGGACC-1	1
NC_006614.4	15233649	15233738	CAAGACAAGACAACAG-1	1
NC_006614.4	15233649	15233806	CCTAAGGTCTCACAAA-1	1
NC_006614.4	15233649	15233831	CGTTAGTAGCCTGTTC-1	1
NC_006614.4	15233651	15233687	CTACTAAAGGGTCCAC-1	1
NC_006614.4	15233651	15233725	CAAACCGTCACGCCAA-1	1
NC_006614.4	15233651	15233727	GTCTTTAGTCTTACTA-1	3
NC_006614.4	15233651	15233837	CAATGACTCTAACCTT-1	1
NC_006614.4	15233651	15233842	ATGAAGTAGTAGCCAT-1	2
NC_006614.4	15233651	15233860	TTGTCCCAGCCTGAGC-1	2
NC_006614.4	15233654	15233777	AGCAATTGTCAGGCAT-1	2
NC_006614.4	15233655	15233720	AGCTTCCTCCGGTTGA-1	1
NC_006614.4	15233655	15233738	TTTGTGAAGTTGTCCC-1	3
NC_006614.4	15233655	15233764	CTAGTTGCAACGTGCT-1	2
NC_006614.4	15233656	15233691	CTGACATAGCATGTTA-1	1
NC_006614.4	15233656	15233697	ACATTAGTCCGTCCAT-1	1
NC_006614.4	15233656	15233704	ATGTTTGAGGCATTGT-1	2
NC_006614.4	15233656	15233718	CACCGGTAGGCTGTCA-1	1
NC_006614.4	15233656	15233725	TTGTCCCAGAGGCTAA-1	3
NC_006614.4	15233656	15233733	CCCTAATGTACAAAGA-1	1
NC_006614.4	15233656	15233774	TAGTACGGTTGGCGTG-1	2
NC_006614.4	15233656	15233782	GCCATTACAAATATCC-1	2
NC_006614.4	15233656	15233816	CGCAATCCACCCACCT-1	1
NC_006614.4	15233656	15233842	TTTCACCCATAAGTTC-1	1
NC_006614.4	15233656	15233967	AGTTTGATCCAATTAG-1	1
NC_006614.4	15233659	15233704	GTTTAGCAGCTTATGA-1	2
NC_006614.4	15233661	15233730	AACTTAGTCGCTAGAT-1	2
NC_006614.4	15233662	15233704	AAAGGTTAGTTAGCTA-1	1
NC_006614.4	15233663	15233725	GGTTAATGTGAAGCCT-1	1
NC_006614.4	15233663	15233738	TGACCAAGTCCGTAGG-1	3
NC_006614.4	15233665	15233725	CACATTAAGTCACGAT-1	1
NC_006614.4	15233665	15233787	GGCTGTCAGCTTAACA-1	1
NC_006614.4	15233665	15233800	CCAACCCGTTAGGATT-1	2
NC_006614.4	15233665	15233844	TGCCATTGTTAACACG-1	1
NC_006614.4	15233666	15233704	CTTCAGGAGTAGGCGG-1	1
NC_006614.4	15233666	15233715	TCTTAGTTCCAGGTTG-1	2
NC_006614.4	15233667	15233704	GTAGTTTCACACCAAC-1	3
NC_006614.4	15233667	15233725	CATAACGGTGCATTTC-1	1
NC_006614.4	15233667	15233725	TTTGCGGAGGTTAGAG-1	1
NC_006614.4	15233667	15233979	CCTGTAACATGCTATG-1	3
NC_006614.4	15233667	15234279	GAAACCCGTAATAGCT-1	1
NC_006614.4	15233668	15233725	ATGTGAGAGCTTGCTC-1	1
NC_006614.4	15233668	15233818	GGCTTAAGTTAATCGG-1	1
NC_006614.4	15233672	15233718	GGGCTAACAGGCGAGT-1	1
NC_006614.4	15233672	15233720	CTTAAGGGTCTTGCAT-1	1
NC_006614.4	15233672	15233720	GTTTCAGCATAGGCGA-1	1
NC_006614.4	15233672	15233744	ACTTGTCGTCGTAAAT-1	2
NC_006614.4	15233672	15233806	TGGCTTTGTTAGAGGG-1	1
NC_006614.4	15233672	15233842	CTTGCATGTAGCTGGT-1	1
NC_006614.4	15233672	15233853	AAATCCGGTGTGCACG-1	2
NC_006614.4	15233672	15233880	ACGCACGGTCACCTAT-1	1
NC_006614.4	15233672	15233880	CGGAGTCTCCTAAGGT-1	1
NC_006614.4	15233673	15233725	GGCTTCAAGTTTGTCT-1	2
NC_006614.4	15233673	15233815	CTTGCTCAGCTATTAG-1	2
NC_006614.4	15233674	15233707	CGAGCTGGTCCCGAAG-1	1
NC_006614.4	15233674	15233718	GCTTATCGTTATCCTA-1	2
NC_006614.4	15233674	15233718	GTTTATCTCCCTGATC-1	1
NC_006614.4	15233674	15233723	CCCGCAACAGTTTGTG-1	1
NC_006614.4	15233674	15233723	CTAACCCTCGACCTGA-1	1
NC_006614.4	15233674	15233725	AGTAAACAGCAAGACA-1	1
NC_006614.4	15233674	15233725	AGTGTTTCACTGGCCA-1	2
NC_006614.4	15233674	15233725	CATTGCGAGTTGGGCC-1	1
NC_006614.4	15233674	15233725	CCAGACTCAAGCTTTG-1	1
NC_006614.4	15233674	15233725	CTCCTCACAACTGGGA-1	2
NC_006614.4	15233674	15233725	TTCATTCAGGAACACA-1	2
NC_006614.4	15233674	15233738	ACGTCCAAGCAGGTGG-1	1
NC_006614.4	15233674	15233738	ATGGCTTAGGACTTAC-1	1
NC_006614.4	15233674	15233738	TGTGGCGGTGCTTACT-1	1
NC_006614.4	15233674	15233742	ACAGGTAAGCCACATG-1	2
NC_006614.4	15233674	15233749	CCAGCTGCACCCACCT-1	1
NC_006614.4	15233674	15233749	TGATTAGTCTAATCCT-1	2
NC_006614.4	15233674	15233751	GGCTATTAGCCTGTTC-1	2
NC_006614.4	15233674	15233762	TAAGTGCTCGAGCTAT-1	1
NC_006614.4	15233674	15233778	GCCTCAAAGGCGCACT-1	1
NC_006614.4	15233674	15233785	CCCATAACATGAATCT-1	1
NC_006614.4	15233674	15233785	CGGCAATGTTAAGGTT-1	1
NC_006614.4	15233674	15233795	AGTTTGATCCAATTAG-1	1
NC_006614.4	15233674	15233795	GGGTCAACAGGAAGCC-1	3
NC_006614.4	15233674	15233811	CTAACCCTCCCTGTTA-1	1
NC_006614.4	15233674	15233815	TACAAGCTCTGGCATG-1	1
NC_006614.4	15233674	15233816	CTAACCTGTTAATCGG-1	1
NC_006614.4	15233674	15233816	GGCTGTCAGGGACGCA-1	1
NC_006614.4	15233674	15233829	GACGTAAAGCAGGCCT-1	1
NC_006614.4	15233674	15233829	GCTAACAGTGCACGCA-1	1
NC_006614.4	15233674	15233829	TAGGAGTCACCTATAG-1	1
NC_006614.4	15233674	15233837	ACTAATCCATTGGGAG-1	2
NC_006614.4	15233674	15233849	TCGTTATTCTAATTGG-1	2
NC_006614.4	15233675	15233816	AATCCCTGTGCATTTC-1	2
NC_006614.4	15233680	15233806	AGGGCCTTCATGACCG-1	1
NC_006614.4	15233684	15233741	ACTTTGTTCAATTACG-1	1
NC_006614.4	15233684	15233816	CTCAATAAGGAACGCG-1	1
NC_006614.4	15233686	15233725	CATTGTGCATCGCTTT-1	2
NC_006614.4	15233687	15233714	CCAATATCACGTTACA-1	1
NC_006614.4	15233687	15233723	AGAGGATGTAACCTAG-1	1
NC_006614.4	15233687	15233725	AACAAGCCATAATCCG-1	3
NC_006614.4	15233687	15233737	CATGCGCAGTCGCTAG-1	2
NC_006614.4	15233687	15233799	AACCGCTCAATTTAGC-1	1
NC_006614.4	15233687	15233806	GTTGGCCAGGTTTACA-1	1
NC_006614.4	15233687	15233815	GGGTTTCCATTTAAGC-1	1
NC_006614.4	15233687	15233819	CTGGCTAAGGATTGCT-1	1
NC_006614.4	15233687	15233819	GTTTAGCAGCTTATGA-1	1
NC_006614.4	15233689	15233725	CTTGTCCAGTCATTAG-1	1
NC_006614.4	15233689	15233737	CTCTAAGCAAAGCTAA-1	1
NC_006614.4	15233689	15233748	GTTGCCCGTAACCTAG-1	1
NC_006614.4	15233689	15233758	CGTTAGTAGCCTGTTC-1	1
NC_006614.4	15233689	15233793	CTGATCACACATAGCC-1	1
NC_006614.4	15233689	15233795	GTAGGAGGTGTGAGAG-1	1
NC_006614.4	15233689	15233806	GCAACAGCACCCACCT-1	2
NC_006614.4	15233689	15233854	TTCTTAGGTCTTTGAC-1	1
NC_006614.4	15233691	15233723	ACATTGCAGACAAGTG-1	1
NC_006614.4	15233691	15233725	AAGCGTTTCAATGTCA-1	1
NC_006614.4	15233691	15233725	GGCTATTAGGAACACA-1	1
NC_006614.4	15233691	15233725	TGTTCATTCACTTTAC-1	5
NC_006614.4	15233691	15233725	TTGCAGCCACCTGTAA-1	2
NC_006614.4	15233691	15233744	CAATAGCTCCTAATTC-1	1
NC_006614.4	15233691	15233746	CATAACGGTGCATTTC-1	2
NC_006614.4	15233691	15233764	TATTCGTTCCTCGATC-1	1
NC_006614.4	15233691	15233766	GATTCATCACCATATG-1	1
NC_006614.4	15233691	15233774	GGAAGCTAGGTCCTAG-1	1
NC_006614.4	15233691	15233774	GTGATGAAGTTCCCGT-1	1
NC_006614.4	15233691	15233782	CTTCTAAGTTGAAGCC-1	2
NC_006614.4	15233691	15233816	CGCAATCCACCCACCT-1	1
NC_006614.4	15233691	15233816	GCATTAGGTGAACAAA-1	1
NC_006614.4	15233691	15233849	CGAGGCAAGCTCGCTT-1	2
NC_006614.4	15233691	15233849	GAGGGAGCAGTTATCG-1	1
NC_006614.4	15233691	15233883	TTGCTCTCAGCATGTC-1	2
NC_006614.4	15233691	15234054	TCAGTAGGTCGTAATG-1	3
NC_006614.4	15233692	15233816	ACGCACGGTATTGCAG-1	4
NC_006614.4	15233696	15233730	TGCATGAGTTAGCATG-1	2
NC_006614.4	15233697	15233725	ATTTGCAAGAGCCGCT-1	1
NC_006614.4	15233697	15233733	GAGGACTAGGAAACTG-1	1
NC_006614.4	15233697	15233739	GATGAGGGTTCCAGGG-1	1
NC_006614.4	15233697	15233764	GCTCGATCATAAACCT-1	1
NC_006614.4	15233698	15233774	AGCATCCCAATAGCCC-1	3
NC_006614.4	15233698	15233844	ATAGGTACAGAAACGT-1	2
NC_006614.4	15233700	15233751	TGACTCCTCCGCCTCA-1	1
NC_006614.4	15233702	15233764	CTCATGCTCCTGCGAA-1	1
NC_006614.4	15233702	15233832	ACCTCACTCTCCTCTT-1	1
NC_006614.4	15233703	15233819	TCGTTTCCATTGTCCT-1	1
NC_006614.4	15233704	15233813	TTGGGCGGTCGCGCAA-1	1
NC_006614.4	15233705	15233814	ATCCCGCGTAGTTAAC-1	3
NC_006614.4	15233706	15233836	GATGCAGCATCCCTCA-1	2
NC_006614.4	15233707	15233829	CTGGACCAGGACAACA-1	2
NC_006614.4	15233710	15233751	GGCAATCGTTAAGTGT-1	3
NC_006614.4	15233710	15233778	GAACCGCTCGATTATG-1	1
NC_006614.4	15233710	15233816	CATAATGTCTCCTCAA-1	2
NC_006614.4	15233712	15233806	GTTTCAGCATAGGCGA-1	1
NC_006614.4	15233712	15233811	CCTGAGTCAATAAGCA-1	1
NC_006614.4	15233716	15233842	AGGTGAGGTTCACTGT-1	2
NC_006614.4	15233717	15233806	AGAAACTAGCGATAAG-1	4
NC_006614.4	15233717	15233832	ACAGTATGTAGTAAGA-1	1
NC_006614.4	15233718	15233785	ACGAGTAAGGAAGCTA-1	1
NC_006614.4	15233718	15233808	GAGCCTTCAACCCTCC-1	1
NC_006614.4	15233718	15233937	TCCATATTCGATTTAG-1	1
NC_006614.4	15233720	15233766	GTGCTGGGTTTGGCTT-1	1
NC_006614.4	15233720	15233806	GAACACAAGGATCACT-1	1
NC_006614.4	15233720	15233892	TGGTCAGTCGCCTAAG-1	1
NC_006614.4	15233723	15233795	CGCTTCTAGTCTCACC-1	1
NC_006614.4	15233723	15233806	GAGAAACGTGAAGCCT-1	1
NC_006614.4	15233723	15233816	AGAACCGCAATATAGG-1	1
NC_006614.4	15233723	15233823	CAGGTGGAGCCTCTGT-1	2
NC_006614.4	15233723	15233829	CCTCCTGAGCACTAGT-1	1
NC_006614.4	15233723	15233829	GTCTCACTCTTTGTAC-1	1
NC_006614.4	15233724	15233782	AACGACAAGGGCCACT-1	1
NC_006614.4	15233724	15233788	CCTTCGTAGTGGCGGA-1	1
NC_006614.4	15233725	15233764	AAAGGAGCAAGCGAGC-1	2
NC_006614.4	15233725	15233774	ATCCTGACACAATGCC-1	2
NC_006614.4	15233725	15233776	GCGAAGTAGGAAACTG-1	1
NC_006614.4	15233725	15233785	TAGTAGGAGTACTGGT-1	3
NC_006614.4	15233725	15233788	CAGCATTAGACAAGTG-1	3
NC_006614.4	15233725	15233792	GGCCGTTAGGGCTTTG-1	1
NC_006614.4	15233725	15233794	ACTTACAAGCACAGCC-1	2
NC_006614.4	15233725	15233794	TAAGTAGCAAGGATTA-1	1
NC_006614.4	15233725	15233795	ATAAGCCTCATTAGTG-1	1
NC_006614.4	15233725	15233795	TGATTAGTCAAGCTAC-1	1
NC_006614.4	15233725	15233797	ATTACCGCATAACGGG-1	2
NC_006614.4	15233725	15233797	CTGTGTGAGGACTTAC-1	2
NC_006614.4	15233725	15233798	TACTTCGTCTTAAGTG-1	1
NC_006614.4	15233725	15233804	GTTCTCATCCTAAGGT-1	1
NC_006614.4	15233725	15233804	TACGGATTCAATAGCC-1	1
NC_006614.4	15233725	15233806	AGGCAATCATTTGCTC-1	3
NC_006614.4	15233725	15233806	GAAGTATAGTTGCCTC-1	2
NC_006614.4	15233725	15233808	AAACGGATCGTAACGT-1	2
NC_006614.4	15233725	15233808	CATGCAAGTCAGTAAT-1	1
NC_006614.4	15233725	15233808	GCACGCTAGAGAGGAG-1	1
NC_006614.4	15233725	15233815	TATTTGGAGCTCATAA-1	1
NC_006614.4	15233725	15233816	AGTGCGGAGCCTAACG-1	1
NC_006614.4	15233725	15233816	ATGAAGTAGTAGCCAT-1	2
NC_006614.4	15233725	15233816	CGAAGGCCATCCCGCT-1	1
NC_006614.4	15233725	15233816	CGAAGGCCATGTCGCG-1	1
NC_006614.4	15233725	15233816	GAGGTACAGTTGTCAA-1	1
NC_006614.4	15233725	15233816	TAAAGCCTCCTCCCTC-1	3
NC_006614.4	15233725	15233816	TGCTATGCAAGTTATC-1	1
NC_006614.4	15233725	15233817	AGGAGCTAGCAAGACA-1	1
NC_006614.4	15233725	15233817	GGTTAATGTGAAGCCT-1	2
NC_006614.4	15233725	15233826	CGGTGAGAGGCTAAGA-1	2
NC_006614.4	15233725	15233826	TTGGGTTAGTTATCTC-1	1
NC_006614.4	15233725	15233829	GTCGAGGAGTGAGGTA-1	1
NC_006614.4	15233725	15233829	TTTGCGGAGGTTAGAG-1	2
NC_006614.4	15233725	15233830	GAAGTCAAGTGCACGC-1	2
NC_006614.4	15233725	15233832	CAAGGTAAGTCCTGAG-1	2
NC_006614.4	15233725	15233842	ACAGGCTGTATTGCAG-1	1
NC_006614.4	15233725	15233842	ACGTTGTAGAAAGCAT-1	1
NC_006614.4	15233725	15233842	CCCAATTGTGTTTGTC-1	3
NC_006614.4	15233725	15233842	GCTGATCCAGGCCAAA-1	1
NC_006614.4	15233725	15233842	GGCTTAAGTTAATCGG-1	1
NC_006614.4	15233725	15233842	TCTGGCTTCGCTAAAC-1	3
NC_006614.4	15233725	15233844	ACGGGAAGTTAGGCGT-1	1
NC_006614.4	15233725	15233849	CCGCTAGCAAAGCGCA-1	1
NC_006614.4	15233725	15233853	AGTCCTTGTTAGTGAT-1	2
NC_006614.4	15233725	15233870	AGCATCCCAGCAACAG-1	2
NC_006614.4	15233725	15233883	TCCACAACACCTATAG-1	2
NC_006614.4	15233725	15234200	CGTAACTAGCCACATG-1	1
NC_006614.4	15233727	15233815	TACCTGCTCTCATCAT-1	1
NC_006614.4	15233727	15233849	CGCTCAGCAAGTGTCC-1	1
NC_006614.4	15233727	15233863	AGTCCTTGTTAGTGAT-1	1
NC_006614.4	15233729	15233795	CCTTCGTAGGGTGAGT-1	3
NC_006614.4	15233729	15233832	GTACTTCGTACTTCAC-1	2
NC_006614.4	15233730	15233785	CGTTAAATCATGGTTA-1	3
NC_006614.4	15233733	15233795	TGTTACTTCGTTACAA-1	1
NC_006614.4	15233733	15233885	TATCCAGCATGAATCT-1	1
NC_006614.4	15233737	15233798	TCTCCTCGTGATGAAA-1	1
NC_006614.4	15233737	15233799	CTTGTCCAGCATTAGC-1	1
NC_006614.4	15233737	15233806	GCTTAGTAGGAACCAA-1	1
NC_006614.4	15233737	15233815	TACAGGTTCGGTCAAT-1	1
NC_006614.4	15233737	15233816	TGTTGGCCATTAAGTC-1	2
NC_006614.4	15233737	15233823	AAAGGACGTACCAGGT-1	1
NC_006614.4	15233737	15233837	GCGTGCTAGGTCCACA-1	1
NC_006614.4	15233737	15233855	AAGCTAGAGCTTAACA-1	1
NC_006614.4	15233737	15233855	TGAAGGATCCGGCTAA-1	1
NC_006614.4	15233738	15233795	ACCTTGTGTGTTTCAC-1	1
NC_006614.4	15233738	15233804	GCAAACCGTCAATACG-1	1
NC_006614.4	15233738	15233806	AAGACAAGTGTCCAAA-1	1
NC_006614.4	15233738	15233806	TGAGCCGGTCATAAGT-1	1
NC_006614.4	15233738	15233816	AATTGGGAGCGAGCGA-1	1
NC_006614.4	15233738	15233823	AAACCGGCACACAATT-1	2
NC_006614.4	15233738	15233823	CTAACCACACATTGCA-1	1
NC_006614.4	15233738	15233829	CTATGTTTCATTGCGG-1	1
NC_006614.4	15233738	15233836	TCACTGACAAGGGTTG-1	2
NC_006614.4	15233738	15233863	GCTAAGCGTCCTAGTT-1	1
NC_006614.4	15233738	15233863	TCTACTAGTCCTAGTT-1	1
NC_006614.4	15233739	15233795	CCGTTGCGTGATGGCT-1	2
NC_006614.4	15233742	15233795	TCATTACTCGAAGTAG-1	1
NC_006614.4	15233742	15233863	CCCGTTGTCGCTAGCA-1	1
NC_006614.4	15233744	15233806	AATCCATCACAGAACG-1	2
NC_006614.4	15233744	15233813	CTCGTTATCAAGGACA-1	1
NC_006614.4	15233745	15233813	TTTGTGAAGGCTAGAA-1	1
NC_006614.4	15233746	15233796	TTTATGGAGTTCCTGC-1	1
NC_006614.4	15233749	15233794	GAAACTGAGCCTAATA-1	1
NC_006614.4	15233749	15233795	CAGCATTAGCAGCTAT-1	1
NC_006614.4	15233749	15233798	AGGCTAGCATTGTCAG-1	1
NC_006614.4	15233749	15233798	CATAGACTCTCACACC-1	1
NC_006614.4	15233749	15233813	GGGTTACGTGATCAGC-1	1
NC_006614.4	15233749	15233814	ATTGAAGCAACTAGGG-1	1
NC_006614.4	15233749	15233837	ATTGAAGCATGTCAGC-1	1
NC_006614.4	15233749	15233849	AAATCCGGTTACCTGT-1	2
NC_006614.4	15233749	15233885	AGCGGACCATAAACCT-1	1
NC_006614.4	15233749	15233885	GCGTAACGTCATAACG-1	1
NC_006614.4	15233750	15233806	GTGGTTAGTTACTTCA-1	3
NC_006614.4	15233750	15233816	ACTATCCGTCATTAGG-1	2
NC_006614.4	15233750	15233842	CATCATGCAGTTGCGT-1	1
NC_006614.4	15233760	15233790	CATGGATTCGTGCTAG-1	1
NC_006614.4	15233761	15233829	ATGGCCCAGGTCCTAG-1	3
NC_006614.4	15233762	15233796	AATTGGGAGTAACCCG-1	1
NC_006614.4	15233764	15233804	CGGTGAGAGGGACGCA-1	1
NC_006614.4	15233764	15233806	TTGTGCCTCCTAATGA-1	1
NC_006614.4	15233764	15233815	CAAACTGGTGTTGCTT-1	1
NC_006614.4	15233764	15233815	TCCGGAATCGGCCATA-1	1
NC_006614.4	15233764	15233819	TTGTTTGGTCTCAGCC-1	2
NC_006614.4	15233765	15233811	CAAGGGAGTGTGAGAG-1	4
NC_006614.4	15233773	15233849	AACCCGCAGTGCTGTG-1	1
NC_006614.4	15233774	15233831	GGGCATTGTTCGCTTG-1	1
NC_006614.4	15233774	15233858	TCACCTCAGGCATTGT-1	1
NC_006614.4	15233775	15233829	CGGCCATAGCCGCTAA-1	1
NC_006614.4	15233775	15233849	TTGTGCCTCGCACACA-1	1
NC_006614.4	15233778	15233816	TAGGTTGGTTCACCAT-1	1
NC_006614.4	15233785	15233842	CCTTTAGTCTGTGCCT-1	1
NC_006614.4	15233785	15233842	GGCATTGTCATGCTAA-1	2
NC_006614.4	15233785	15233849	CTAATCCGTCTCAGCC-1	1
NC_006614.4	15233785	15233855	CGCCACACAGGTCCTG-1	1
NC_006614.4	15233785	15233870	ATCAATCCATTAAACC-1	1
NC_006614.4	15233786	15233849	ACCAGGCTCTTGTCCA-1	1
NC_006614.4	15233787	15233829	TCCGCCATCCTAAGGT-1	1
NC_006614.4	15233790	15233885	GAGTTTGGTCATCATC-1	1
NC_006614.4	15233792	15233829	TGATTGCAGCCGCAAC-1	2
NC_006614.4	15233795	15233826	GGCAAATCAACACTTG-1	5
NC_006614.4	15233795	15233842	GAGAGGCGTAGGTTTG-1	1
NC_006614.4	15233795	15233849	TGGGCATGTTAGGACC-1	2
NC_006614.4	15233798	15233855	TGTGGCGGTCATTGTC-1	1
NC_006614.4	15233799	15233849	GCCAATTAGGAGCACG-1	2
NC_006614.4	15233804	15233842	TGAAGCAAGACACTTA-1	2
NC_006614.4	15233804	15233905	CAACTAATCGTCCTTA-1	2
NC_006614.4	15233806	15233853	GCCAATTAGCTTGCTC-1	1
NC_006614.4	15233807	15233855	GTTGGCCAGTAGGCGG-1	1
NC_006614.4	15233811	15233853	CTCTGTTCAGGTTAAA-1	1
NC_006614.4	15233813	15234035	GTATGTTCAATGAGGT-1	3
NC_006614.4	15233814	15233870	ACAGGATCACCTCGCT-1	1
NC_006614.4	15233814	15233870	GACCGAACAAACGCGA-1	1
NC_006614.4	15233814	15233915	ACAGGATCACCTCGCT-1	1
NC_006614.4	15233815	15233852	CATTTGTTCCTCATCA-1	2
NC_006614.4	15233815	15233860	GTACTAATCTTAATGG-1	1
NC_006614.4	15233815	15233863	ACGTCAAGTAATCGCA-1	2
NC_006614.4	15233816	15233849	CATCGCTTCTCAATAG-1	1
NC_006614.4	15233816	15233849	GCACTTACATGCATAT-1	1
NC_006614.4	15233816	15233855	CATAGACTCTCACACC-1	1
NC_006614.4	15233816	15233863	TAGGTTATCGGTCAGC-1	2
NC_006614.4	15233816	15233863	TGCTTGTGTAGTTACG-1	2
NC_006614.4	15233816	15233890	AGTAACCTCCACCTGT-1	2
NC_006614.4	15233816	15233905	GGGCGAATCTGCAACG-1	2
NC_006614.4	15233816	15234250	GCTGACATCTCACATT-1	1
NC_006614.4	15233824	15234188	TGATTAGTCTAATCCT-1	3
NC_006614.4	15233829	15233849	CGAGGCAAGCTCGCTT-1	1
NC_006614.4	15233829	15233863	CTTATGTTCAGGCTAT-1	2
NC_006614.4	15233829	15233870	TAAGTAGCAAGGATTA-1	1
NC_006614.4	15233829	15233885	GCACTAAGTCATCAAG-1	1
NC_006614.4	15233829	15233885	GTTAATGTCTAATTGG-1	1
NC_006614.4	15233829	15233885	TTGGCTGAGCCTCTGT-1	2
NC_006614.4	15233829	15233905	TCGCGCACACAAACTT-1	1
NC_006614.4	15233831	15233870	TTGGCTGAGCCTCTGT-1	1
NC_006614.4	15233831	15233883	GCTGACCAGCTATTAG-1	2
NC_006614.4	15233831	15233904	TTAAGGTGTAGGTTAT-1	1
NC_006614.4	15233831	15234058	GGTCCTGCAATGCCCG-1	1
NC_006614.4	15233832	15233903	TCCGCCATCCGCTAGA-1	2
NC_006614.4	15233832	15234194	GTACTGGTCTTGATGA-1	2
NC_006614.4	15233832	15234378	GAAGGATGTGTCCAGG-1	1
NC_006614.4	15233837	15233870	GGTTATGGTAGCTGGT-1	1
NC_006614.4	15233837	15233880	GAGGTACAGTTGTCAA-1	1
NC_006614.4	15233842	15233878	TTGGATCAGGAGTCGG-1	2
NC_006614.4	15233842	15233880	ACCTGGTCAAACTAAG-1	1
NC_006614.4	15233842	15233880	ATCACCCTCTCCTCTT-1	1
NC_006614.4	15233842	15233887	CAGCTAAGTACGCGCA-1	1
NC_006614.4	15233842	15233893	AAGTGTTGTGGGTGAA-1	1
NC_006614.4	15233842	15233903	CAGCTATAGCGGTTAT-1	1
NC_006614.4	15233842	15233943	GGGTGAAGTTTGGTTC-1	1
NC_006614.4	15233842	15234097	ATGTTGTCACACCAAC-1	2
NC_006614.4	15233844	15233883	TACAACATCTGGCAAT-1	1
NC_006614.4	15233847	15234211	TGTTAGCAGACAACAG-1	3
NC_006614.4	15233849	15233883	AAGTTACGTTAGCCAA-1	1
NC_006614.4	15233849	15233883	CTAACCACATTGCGAC-1	1
NC_006614.4	15233849	15233883	TTACCGTGTGAGCACT-1	2
NC_006614.4	15233849	15233885	AAACCGCGTTCCTGTG-1	1
NC_006614.4	15233849	15233933	CTTGTTTAGTGAACGA-1	1
NC_006614.4	15233849	15233987	CGCAATAGTTACGCGG-1	1
NC_006614.4	15233849	15234132	TGTGCTGAGGACCTGC-1	2
NC_006614.4	15233849	15234166	CTCACTCAGCTTTGTT-1	3
NC_006614.4	15233852	15234188	ACGGGAAGTACTGAAT-1	2
NC_006614.4	15233854	15233895	ATCATCAAGTGGCGGA-1	1
NC_006614.4	15233855	15233903	GAGCATGCACATAACT-1	1
NC_006614.4	15233855	15234018	GGAGCATAGTTTAACG-1	1
NC_006614.4	15233858	15233885	AATGAAGGTCGAAGTC-1	1
NC_006614.4	15233863	15233929	GTGAGCGAGCCGCAGT-1	1
NC_006614.4	15233863	15234009	TCCTTAGTCTCCATAT-1	1
NC_006614.4	15233871	15233948	ATGGTGCGTAATCGTG-1	1
NC_006614.4	15233878	15234042	CACATACAGTAGCCAT-1	2
NC_006614.4	15233879	15233951	GGCCGTTAGTAAACCC-1	1
NC_006614.4	15233879	15234050	AATCCTAAGAACCTAC-1	2
NC_006614.4	15233883	15234173	TGTGCAAGTTAACGGC-1	2
NC_006614.4	15233885	15234013	GAGTTTGGTCATCATC-1	4
NC_006614.4	15233887	15234013	GTTAATGTCTGGCAAT-1	1
NC_006614.4	15233890	15234132	CGGGACAAGTTTGTCT-1	1
NC_006614.4	15233895	15234278	GTGATCAGTGCATTAG-1	2
NC_006614.4	15233896	15234033	GTCCTAGAGCTCAATA-1	3
NC_006614.4	15233904	15234030	CTGTTAAAGCTGTACG-1	1
NC_006614.4	15233904	15234235	AGCAGGTAGCAGCTAT-1	1
NC_006614.4	15233905	15234136	CGGCTAATCTGGTCCT-1	1
NC_006614.4	15233909	15234188	TAGGTTGGTAGCCATA-1	1
NC_006614.4	15233922	15234026	ACTCACCTCGTAATCA-1	1
NC_006614.4	15233923	15233961	GAGCTAGCAGAGAGCC-1	1
NC_006614.4	15233925	15234080	CCAGGAACAGTAAGTA-1	1
NC_006614.4	15233931	15234166	CGCAATTAGGCGTAAA-1	1
NC_006614.4	15233948	15233995	ATGGTGCGTAATCGTG-1	1
NC_006614.4	15233948	15234097	GTGAGCGAGCCGCAGT-1	1
NC_006614.4	15233961	15234080	ATCAAGACAGCTTAAT-1	1
NC_006614.4	15233969	15234018	GTGAGCGAGCCGCAGT-1	1
NC_006614.4	15233974	15234105	TCCTTGCAGGTAGCTT-1	1
NC_006614.4	15233995	15234031	TCCTGGTTCATTAGCA-1	1
NC_006614.4	15234008	15234188	CTGGTTTGTTGGCCGA-1	3
NC_006614.4	15234018	15234068	GTGCGGTTCTTGAGGT-1	1
NC_006614.4	15234018	15234102	TACCTTAGTAAGCTCA-1	4
NC_006614.4	15234023	15234209	GTGCGGTTCACTAATG-1	1
NC_006614.4	15234033	15234087	TGGACGGAGGGTGAAC-1	1
NC_006614.4	15234058	15234188	ACTTATGAGGAACACA-1	1
NC_006614.4	15234064	15234107	ATTACCGCATGTTGCA-1	1
NC_006614.4	15234132	15234284	TGTCAATCATTCAGCA-1	1
NC_006614.4	15234188	15234215	TAGTTGTCAAAGCTCC-1	1
NC_006614.4	15234192	15234235	GTTTCCTCAGCAATAA-1	1
NC_006614.4	15234192	15234479	CTAGTCGAGCAAGGTA-1	1
NC_006614.4	15234200	15234235	CACCGGTAGGCTAGAA-1	3
NC_006614.4	15234229	15234316	GCAGCTATCACATTGA-1	5
NC_006614.4	15234233	15234290	GGTTATGGTGAGACTC-1	1
NC_006614.4	15234235	15234278	TCTTGACGTTAGGTTG-1	1
NC_006614.4	15234235	15234289	GTTCTCATCCTAAGGT-1	2
NC_006614.4	15234240	15234290	GATTACGGTAATAGCT-1	1
NC_006614.4	15234240	15234317	TGTGCAAGTTAACGGC-1	2
NC_006614.4	15234248	15234514	ACTCACTGTGATTTGG-1	1
NC_006614.4	15234271	15234325	TGCATGAGTTAGCATG-1	3
NC_006614.4	15234278	15234468	CTGTTGGAGCCTAACG-1	1
NC_006614.4	15234289	15234715	GATTTGCAGATTGAGG-1	1
NC_006614.4	15234295	15234478	GTCCTCAGTGCATTTC-1	2
NC_006614.4	15234330	15234479	CTAGTCGAGCAAGGTA-1	1
NC_006614.4	15234356	15234427	ATTAACCCAGGCTTGT-1	1
NC_006614.4	15234357	15234441	CGCTATGAGGTACCGC-1	1
NC_006614.4	15234365	15234610	CTCCAACTCAGCAAAG-1	1
NC_006614.4	15234370	15234592	GCCATGATCGGTCATG-1	1
NC_006614.4	15234397	15234425	GACCTAAGTGCATTAG-1	1
NC_006614.4	15234397	15234560	CCATCATGTGTTTGCT-1	3
NC_006614.4	15234399	15234437	GACTTAGGTCCTCCAA-1	1
NC_006614.4	15234407	15234488	AAACCGCGTCAAAGAA-1	3
NC_006614.4	15234425	15234820	AGTTGCGTCAGCTAAC-1	1
NC_006614.4	15234425	15234837	ACCAATATCACTTTAC-1	1
NC_006614.4	15234437	15234479	ATATGCTCACCTAATG-1	1
NC_006614.4	15234437	15234783	GTTCTTGTCTAGCTAA-1	1
NC_006614.4	15234446	15234479	CGACAAGCAAGTAAGC-1	1
NC_006614.4	15234447	15234498	CGGTTTGAGTAAGTCC-1	1
NC_006614.4	15234453	15234525	TATGGATGTGGAAGGC-1	1
NC_006614.4	15234454	15234535	ACTTAGGGTGCCGCAA-1	1
NC_006614.4	15234455	15234520	GTTGCCCGTTACATCC-1	1
NC_006614.4	15234462	15234493	AAAGCGGGTAATGGCC-1	1
NC_006614.4	15234473	15234626	GCCCATAAGCTGGACC-1	1
NC_006614.4	15234479	15234640	AGAACAAGTTTAACGG-1	3
NC_006614.4	15234489	15234560	TTGCGAGTCCGCTAGA-1	1
NC_006614.4	15234490	15234525	TTAGCGGTCTAAGTCA-1	1
NC_006614.4	15234490	15234866	GTTGGCCAGTTGCGTG-1	1
NC_006614.4	15234495	15234811	CTCATGCTCAATGTGC-1	2
NC_006614.4	15234503	15234535	CATAATGTCACACAGT-1	1
NC_006614.4	15234508	15234549	GTGCTGGGTCATGAGC-1	4
NC_006614.4	15234520	15234676	CAGGACACACATAGCC-1	1
NC_006614.4	15234525	15234560	CAGCTAAGTAGGTGTC-1	4
NC_006614.4	15234525	15234560	TCTACCTCAGGCTTCG-1	1
NC_006614.4	15234525	15234621	GGTTATATCGGGACCT-1	3
NC_006614.4	15234535	15234629	AAGCCTGTCCTCCCTC-1	1
NC_006614.4	15234535	15234713	GGTATTGGTCAACAAT-1	2
NC_006614.4	15234535	15234776	GGAACCACAACACTTG-1	2
NC_006614.4	15234535	15235092	ACTTAGGGTGCCGCAA-1	2
NC_006614.4	15234558	15234719	ATATGCTCACCTAATG-1	2
NC_006614.4	15234603	15235034	TGCATCCTCCTCACAC-1	1
NC_006614.4	15234603	15235315	GCAAACTTCTTCAATC-1	1
NC_006614.4	15234613	15234695	CAACAATGTTTATCTG-1	1
NC_006614.4	15234627	15234769	TCACGGATCCTCATCA-1	3
NC_006614.4	15234629	15234774	GTTCTCATCCTAAGGT-1	1
NC_006614.4	15234640	15235025	CTCTATGTCCATCAGG-1	1
NC_006614.4	15234665	15235171	GACTTAGGTTATGTGG-1	1
NC_006614.4	15234696	15234978	TATAACCCACCTCACC-1	3
NC_006614.4	15234699	15234829	CAGGCTGGTAATGACT-1	1
NC_006614.4	15234704	15234749	GATGAGGGTTGCGGAT-1	1
NC_006614.4	15234733	15234774	AAGCTTGGTTTGGTTC-1	1
NC_006614.4	15234744	15234800	GGAACTAAGCATGTCG-1	1
NC_006614.4	15234749	15234826	CGATTATCATCCAGGT-1	3
NC_006614.4	15234749	15234947	AGATGCTTCGCAATCG-1	1
NC_006614.4	15234760	15234968	GAGTATCTCATGGTTA-1	1
NC_006614.4	15234783	15235134	TCAGCGATCGGCCATA-1	1
NC_006614.4	15234786	15234946	CATAGGCGTGGAGCAA-1	1
NC_006614.4	15234788	15234830	GCTCACAAGAAGCTAG-1	1
NC_006614.4	15234821	15235001	TGCTCAACAAGGAATC-1	1
NC_006614.4	15234836	15234914	CTAAATGTCCTCATGC-1	1
NC_006614.4	15234837	15235034	GTTGGAGCACTATGGC-1	1
NC_006614.4	15234837	15235102	TGAGCTTAGCTTGCTC-1	2
NC_006614.4	15234932	15235417	TTGCACACACCCACCT-1	1
NC_006614.4	15234932	15235443	AATAGAGGTCATCATC-1	1
NC_006614.4	15234942	15235585	GAGTTACTCTAAATCG-1	2
NC_006614.4	15234971	15235032	AGCCTAGTCGGGACCT-1	1
NC_006614.4	15234996	15235297	TCATAACCATCGCTTT-1	1
NC_006614.4	15235005	15235219	TAATGGACACTAAATC-1	1
NC_006614.4	15235013	15235062	GATTAGCTCGATCAGT-1	2
NC_006614.4	15235013	15235097	CTAATCCGTCTCAGCC-1	1
NC_006614.4	15235034	15235067	TTTAGCTTCTTTAGGA-1	1
NC_006614.4	15235092	15235146	AGGGCCTTCATGACCG-1	1
NC_006614.4	15235094	15235163	TTTGGTAAGCAGCTAT-1	2
NC_006614.4	15235097	15235157	ACCAATATCCCGTTAC-1	1
NC_006614.4	15235102	15235181	TACTTCGTCGAGGTGG-1	1
NC_006614.4	15235136	15235323	GCTCATTGTGCTCACC-1	1
NC_006614.4	15235136	15235323	TGGGCCTAGTAGGCGG-1	1
NC_006614.4	15235144	15235346	GCGCCTTGTTCGCTCA-1	3
NC_006614.4	15235159	15235211	TGTGCAAGTAATTAGC-1	1
NC_006614.4	15235164	15235217	AATCTCAAGGACCTCA-1	1
NC_006614.4	15235164	15235728	CTTCACTCATTGTTGG-1	1
NC_006614.4	15235169	15235518	CCAAGTTAGGCTACAT-1	1
NC_006614.4	15235171	15235217	ATGGTCTAGCCGGTAC-1	1
NC_006614.4	15235206	15235546	TGAGTTTCAGTAGGTG-1	1
NC_006614.4	15235272	15235646	CCACACAAGTTTGTCT-1	1
NC_006614.4	15235278	15235407	TAGCATATCGAAGTAG-1	2
NC_006614.4	15235299	15235570	TCGTCAACAATGCCCG-1	1
NC_006614.4	15235302	15235525	GCACTTACAAACCTTG-1	2
NC_006614.4	15235302	15235525	GTTTCAGCAAGGTACG-1	2
NC_006614.4	15235323	15235539	TATGCATCATCACTTC-1	3
NC_006614.4	15235401	15235459	GTCATTAAGAAAGGAA-1	1
NC_006614.4	15235424	15235827	AGGATCCGTTAGGATT-1	1
NC_006614.4	15235429	15235684	CTAAATGTCCTCATGC-1	1
NC_006614.4	15235433	15235570	GTCAATATCAGCTAAC-1	1
NC_006614.4	15235434	15235607	TTTCAGTTCAGCACGC-1	1
NC_006614.4	15235447	15235588	TCATGTTTCGCCTAAG-1	1
NC_006614.4	15235457	15235630	GCCTGACAGGTATTGC-1	1
NC_006614.4	15235512	15235601	CTGGCTAAGCGGATAA-1	3
NC_006614.4	15235523	15235592	ACCATAATCGTTAGTA-1	1
NC_006614.4	15235525	15235712	TAGACCAGTTGTCATC-1	1
NC_006614.4	15235539	15235573	TACAGCTAGGAGGACT-1	2
NC_006614.4	15235562	15236101	GGCGCTAGTGCATTAG-1	1
NC_006614.4	15235638	15236194	AACCTTAAGTGAGCAA-1	1
NC_006614.4	15235641	15235847	ACCTTGTGTTCCTGTG-1	1
NC_006614.4	15235692	15235819	GCGGATACACCACAAC-1	2
NC_006614.4	15235709	15235912	GGATATTGTTGCGCGA-1	1
NC_006614.4	15235775	15235827	CTCATTTAGGGATGAC-1	2
NC_006614.4	15235785	15235927	ACCAGGACACAAACTT-1	1
NC_006614.4	15235786	15235946	CCTAAAGGTACCAGGT-1	2
NC_006614.4	15235809	15236212	GGCCGTTAGCCATCAG-1	1
NC_006614.4	15235821	15236203	TCACCTGGTTTAACGG-1	4
NC_006614.4	15235833	15235878	CGTGACATCGTTTCTG-1	1
NC_006614.4	15235863	15235914	CAACCCTTCAATGTCA-1	2
NC_006614.4	15235938	15235998	TACAGGTTCATCAGTA-1	2
NC_006614.4	15235951	15236123	CGGAGCAAGCGAGTAA-1	1
NC_006614.4	15235957	15235997	TTGACGTAGGTCCTGA-1	1
NC_006614.4	15235973	15236117	GTTTCTAGTGATGGCT-1	2
NC_006614.4	15235980	15236123	CCTGGTAAGGGACCTC-1	1
NC_006614.4	15235990	15236314	AAGTTACGTTTGCAGA-1	1
NC_006614.4	15236010	15236046	CGTGGTTCAAACGGGC-1	2
NC_006614.4	15236031	15236517	TCTAGCACAGTTATGT-1	1
NC_006614.4	15236035	15236212	GATGGCTGTCGCAAAC-1	1
NC_006614.4	15236036	15236070	ATGCAGGCAAAGGCCA-1	2
NC_006614.4	15236053	15236532	GGTGTGACAGTGAACG-1	2
NC_006614.4	15236086	15236122	AATTGACGTGACATAT-1	1
NC_006614.4	15236125	15236517	TTAAGGACAATATACC-1	1
NC_006614.4	15236151	15236201	GTATCGCCAAGGTAAC-1	1
NC_006614.4	15236162	15236212	AGGGCTACATGGTTAT-1	1
NC_006614.4	15236180	15236332	GATTGGTTCAAAGGCA-1	3
NC_006614.4	15236214	15236362	AATCTTGAGCTGGAAA-1	1
NC_006614.4	15236253	15236321	CATCGCTTCGCTAAGT-1	1
NC_006614.4	15236258	15236340	GGGCGAATCTGCAACG-1	1
NC_006614.4	15236369	15236422	GACCTGCAGCTTCCCG-1	1
NC_006614.4	15236422	15236615	GCCTGACAGCACGATT-1	1
NC_006614.4	15236426	15236548	CGAGCTGGTTCAAGCA-1	3
NC_006614.4	15236476	15236532	TGGACCGGTTGTTGGA-1	2
NC_006614.4	15236496	15236591	GTCAGGCTCTATTGTC-1	1
NC_006614.4	15236512	15236679	CCTTATGTCGTGCCTT-1	1
NC_006614.4	15236548	15236947	TCACATAAGTTTAACG-1	1
NC_006614.4	15236577	15237019	GCAAACTTCCGCAAAT-1	1
NC_006614.4	15236580	15236718	GTTTATCTCGCACAAT-1	3
NC_006614.4	15236610	15236812	AGGCTAGCAAAGGTAC-1	1
NC_006614.4	15236616	15236663	TAGGTTATCGGTCATG-1	1
NC_006614.4	15236616	15237008	GTAAGCGCAGCATGTC-1	1
NC_006614.4	15236630	15236676	GGGCGAATCTGCAACG-1	2
NC_006614.4	15236658	15236731	CGTGGTTCAAACGGGC-1	2
NC_006614.4	15236701	15236725	CAATATGTCCCGAACA-1	1
NC_006614.4	15236703	15236725	AGCCTGGGTTTGGCGG-1	2
NC_006614.4	15236728	15236871	TGGCGGTTCACAAGCT-1	1
NC_006614.4	15236803	15237018	GTCCGTAAGTTATGTG-1	1
NC_006614.4	15236815	15236926	AGCTCATAGGCGGATG-1	1
NC_006614.4	15236966	15237067	ACAGGAATCATAACCA-1	1
NC_006614.4	15236966	15237176	ATCCTGACACGTAATT-1	1
NC_006614.4	15236982	15237111	CCGCAAATCATTGCAA-1	4
NC_006614.4	15236993	15237162	GACTAATGTGTCCTGC-1	1
NC_006614.4	15237006	15237187	ACAGGAATCATAACCA-1	4
NC_006614.4	15237006	15237189	ACAGGAATCATAACCA-1	1
NC_006614.4	15237009	15237200	CAGTATGGTTCCTGTG-1	1
NC_006614.4	15237028	15237158	GTCAATATCCAAGTTA-1	2
NC_006614.4	15237166	15237376	ATTCACTTCCTAATTC-1	1
NC_006614.4	15237176	15237373	AATTGCCAGTGAACGA-1	1
NC_006614.4	15237178	15237206	GCGCTAGGTGTCCAAA-1	1
NC_006614.4	15237194	15237509	TATAGCCAGCCACAAT-1	1
NC_006614.4	15237200	15237242	GGATTTATCTACCTAT-1	1
NC_006614.4	15237238	15237407	CGACTAAGTCCGGTTC-1	1
NC_006614.4	15237242	15237534	CAAGTATGTGATGATT-1	1
NC_006614.4	15237264	15237364	CCTGATGAGTGACCTG-1	2
NC_006614.4	15237287	15237736	CTAAATGTCCTCATGC-1	1
NC_006614.4	15237305	15237442	CTCCAACTCCTCCTAA-1	1
NC_006614.4	15237368	15237679	CAAGGCCTCAGGTCCA-1	1
NC_006614.4	15237395	15237421	GAAGGCTAGCCGCAGT-1	1
NC_006614.4	15237409	15237498	ATAAGCCTCGTGCTTC-1	1
NC_006614.4	15237464	15237504	ACTTCGCTCCAGGTCA-1	1
NC_006614.4	15237504	15237534	TCCGGTTTCATAACGC-1	1
NC_006614.4	15237504	15237666	ACTTCGCTCCAGGTCA-1	1
NC_006614.4	15237556	15237767	CCAAACTAGGACAACA-1	1
NC_006614.4	15237591	15237943	ATTGCGCCAAGATTCT-1	2
NC_006614.4	15237609	15237801	GGCTGAGAGGGACGCA-1	1
NC_006614.4	15237633	15237721	CCTAAAGGTAGCTAGC-1	2
NC_006614.4	15237656	15237837	ATTTGTGAGGAACGCG-1	1
NC_006614.4	15237693	15237913	TAGCGCGGTACGCGCA-1	1
NC_006614.4	15237754	15237956	AATTAGGCACCTGGTG-1	1
NC_006614.4	15237762	15237817	GCGCTTGCATGAATCT-1	2
NC_006614.4	15237766	15237951	ATCGAGGCAGGAACAT-1	2
NC_006614.4	15237805	15237888	TCCGGTTTCCGCCAAA-1	2
NC_006614.4	15237819	15237971	CATAGACTCAATTACG-1	1
NC_006614.4	15237835	15237951	GTACTGGTCTGCAAGT-1	1
NC_006614.4	15237882	15238338	CGGTGAGAGGCTAAGA-1	3
NC_006614.4	15237897	15238237	ACAACACTCATGGCTG-1	1
NC_006614.4	15237902	15238080	CTACCTCAGGTGTCCA-1	1
NC_006614.4	15237927	15237973	GCATGAGCACTATGGC-1	3
NC_006614.4	15237933	15238145	CGTGGTTCACAATGTT-1	2
NC_006614.4	15237951	15237986	CGTGAGGAGGATGATG-1	1
NC_006614.4	15237951	15238158	AGAACCGCATTTGCTC-1	1
NC_006614.4	15237976	15238007	TTCAACCGTGGCTTCC-1	1
NC_006614.4	15237976	15238126	CACTAGCCATGTGGGA-1	1
NC_006614.4	15238007	15238051	GTCAATATCCGCAAGC-1	3
NC_006614.4	15238012	15238056	CCACATTGTAACTACG-1	4
NC_006614.4	15238052	15238400	GGTTTAATCCTACCTA-1	2
NC_006614.4	15238056	15238154	AATCCATCACTAAGTT-1	1
NC_006614.4	15238178	15238275	ATTAACCCAGGTATTT-1	1
NC_006614.4	15238258	15238326	TCCCGTTAGTTAGACC-1	1
NC_006614.4	15238264	15238481	CTGTTTAGTTGTGACA-1	1
NC_006614.4	15238300	15238328	TCATTGCGTTCCATTA-1	1
NC_006614.4	15238313	15238363	TTGCAATCATTAAGTC-1	1
NC_006614.4	15238346	15238489	GATGGCTGTAGGTTGC-1	1
NC_006614.4	15238368	15238515	GCTGACCAGGTTTGCG-1	1
NC_006614.4	15238404	15238501	CGGTTTCTCCTAGTTT-1	1
NC_006614.4	15238405	15238491	GGTAACTTCAGGATGA-1	1
NC_006614.4	15238430	15238567	CTGTACCTCCTAGTCC-1	1
NC_006614.4	15238463	15238524	CCAAACTAGCAGCTCA-1	1
NC_006614.4	15238491	15238567	CGGTTGGGTTCGGTAA-1	1
NC_006614.4	15238524	15238622	TGAAGCAAGAAAGGAA-1	1
NC_006614.4	15238525	15238648	TTACCGTGTCAAAGAA-1	1
NC_006614.4	15238608	15238681	GCACGCTAGCTGTAAC-1	1
NC_006614.4	15238620	15238844	GTTACCTGTTTGCGAA-1	1
NC_006614.4	15238674	15238870	CGAGGAAGTTAGGACC-1	1
NC_006614.4	15238677	15238736	GCCCAAATCAAATCGC-1	1
NC_006614.4	15238677	15238756	GAGCTTGTCGTGCCTT-1	4
NC_006614.4	15238682	15238846	GAGCGATAGTTTAACG-1	1
NC_006614.4	15238706	15238756	GGTTTGTAGCCACATG-1	3
NC_006614.4	15238756	15238899	GTAAGCGCAGCATGTC-1	1
NC_006614.4	15238756	15238926	TACTGACAGTGAACAG-1	1
NC_006614.4	15238764	15238953	GCACATTAGCCTGGTA-1	1
NC_006614.4	15238794	15239318	CCTGGTAAGTGTGATC-1	1
NC_006614.4	15238834	15238994	CCAAATCAGGCGCTAC-1	1
NC_006614.4	15238854	15238898	CGGGTCTAGCTCCTTA-1	2
NC_006614.4	15238869	15238906	TACTCGCTCACTTTAC-1	2
NC_006614.4	15238870	15238907	AAAGGTTAGTTGGGCC-1	1
NC_006614.4	15238870	15239070	AGCACAGCAACTAACT-1	1
NC_006614.4	15238906	15239000	TCCATAAAGACTAAGG-1	1
NC_006614.4	15238909	15239192	GATGGACAGTTTCCTG-1	1
NC_006614.4	15238909	15239194	GATGGACAGTTTCCTG-1	2
NC_006614.4	15238961	15239247	GAGCTGCTCGTTATCT-1	2
NC_006614.4	15239017	15239224	TACTGACAGTGAACAG-1	1
NC_006614.4	15239017	15239233	CTCAGGATCCCTGGTT-1	1
NC_006614.4	15239072	15239642	TTTGTGGCACCTGGTG-1	3
NC_006614.4	15239189	15239306	ACAACAGAGGGATGCG-1	1
NC_006614.4	15239222	15239392	TAATTGCCACAAAGCG-1	1
NC_006614.4	15239230	15239382	ACAACACTCATAGACC-1	1
NC_006614.4	15239248	15239723	CTTTAGTTCTGTTGCC-1	2
NC_006614.4	15239265	15239864	TACCTCATCCTAGTTT-1	1
NC_006614.4	15239286	15239390	CGCCACACAGGTCCTG-1	1
NC_006614.4	15239286	15239583	GATAAAGGTTTGCTGT-1	1
NC_006614.4	15239320	15239496	CGTTAAATCCCGAACA-1	1
NC_006614.4	15239325	15239839	GCCCATAAGCTGGACC-1	2
NC_006614.4	15239360	15239515	TCAGGTTAGCGAGTAA-1	1
NC_006614.4	15239364	15239478	ATATGTCCATCACTTC-1	1
NC_006614.4	15239419	15239641	GCTCACAAGCTGGAAA-1	1
NC_006614.4	15239445	15239647	CTGACCAAGCTTACTT-1	1
NC_006614.4	15239472	15239659	GCGGAACCATGCTTAG-1	2
NC_006614.4	15239481	15239533	CGCCACACAGGTCCTG-1	1
NC_006614.4	15239483	15239689	TTGCAGCCACAACCTA-1	2
NC_006614.4	15239515	15239761	TCAGGTTAGCGAGTAA-1	4
NC_006614.4	15239535	15239665	AACCCGCAGCATGACT-1	1
NC_006614.4	15239660	15239767	TTCAACCGTTCCTCCT-1	1
NC_006614.4	15239675	15239890	GTCGCAATCGGCCAGT-1	1
NC_006614.4	15239689	15239741	CCTACTGGTTGTGACA-1	1
NC_006614.4	15239689	15239741	GATCGAGCAACAACAA-1	1
NC_006614.4	15239728	15239898	CTCATCATCCCTTGCG-1	1
NC_006614.4	15239761	15239799	AGTTACATCATGCCTC-1	1
NC_006614.4	15239779	15239938	TGGCCATCAAGGTAAC-1	1
NC_006614.4	15239789	15240000	GACCTTTGTAACGGGA-1	1
NC_006614.4	15239794	15240266	ACTTACAAGAGGATAT-1	1
NC_006614.4	15239878	15240090	AATCGCCCAGCAAGAT-1	1
NC_006614.4	15239885	15239954	GAAGTATAGTTTGAGC-1	2
NC_006614.4	15239886	15239967	CATAGACTCTCCTCAA-1	1
NC_006614.4	15239966	15240581	TGGCCATCACCTGGTG-1	2
NC_006614.4	15240033	15240375	TTACCTGTCTTTAAGG-1	1
NC_006614.4	15240035	15240105	GGCGGTTTCGTGCCTT-1	1
NC_006614.4	15240050	15240341	CTTAACAAGTATTGCA-1	1
NC_006614.4	15240089	15240184	GGACCGAAGCACAGCC-1	1
NC_006614.4	15240202	15240247	AATCCATCAGTTATCG-1	1
NC_006614.4	15240202	15240293	TATATCCTCGAAGTGA-1	1
NC_006614.4	15240210	15240250	AAGCAAGTCGATCAGT-1	1
NC_006614.4	15240231	15240290	GACCTTTGTCGTTACT-1	1
NC_006614.4	15240258	15240317	ACCAGGGAGGCGAATA-1	1
NC_006614.4	15240266	15240343	ACTCACTGTCACACCC-1	1
NC_006614.4	15240284	15240332	GGAACCTGTTAGCTGA-1	4
NC_006614.4	15240293	15240341	TCATTTGGTTGTGACA-1	2
NC_006614.4	15240337	15240484	CCGTGCTGTTGTTCAC-1	1
NC_006614.4	15240337	15240656	ACCAAGCGTCAAGTAT-1	2
NC_006614.4	15240341	15240489	TCGATTAAGGCTAGAA-1	1
NC_006614.4	15240380	15240433	GTCCTCCCACCTACGG-1	3
NC_006614.4	15240485	15240581	CAAATCATCCGCCAAA-1	1
NC_006614.4	15240507	15240649	CGTTAAATCCCGAACA-1	1
NC_006614.4	15240546	15240586	CTAGGCGGTGGCTTCC-1	1
NC_006614.4	15240626	15241050	GACGTAAAGCGGGCAA-1	1
NC_006614.4	15240700	15240845	GTCCTCCCACCTACGG-1	1
NC_006614.4	15240725	15240894	AGAAACCCATGCTCCC-1	1
NC_006614.4	15240793	15240845	CTTCACTCATGAAATG-1	1
NC_006614.4	15240849	15241191	GTAAGCGCAGCATGTC-1	1
NC_006614.4	15240903	15241284	CTTCACTCATGAAATG-1	1
NC_006614.4	15240903	15241327	GAGGCCTTCAGGGCCT-1	1
NC_006614.4	15240948	15241015	GTCCTCCCACCTACGG-1	1
NC_006614.4	15240991	15241486	CCATAGCCAGTTTGTG-1	2
NC_006614.4	15241010	15241192	CCTAAAGGTCGCAAAC-1	1
NC_006614.4	15241012	15241090	CCATTGTGTTTGCGAA-1	2
NC_006614.4	15241012	15241152	GGCGGTAAGACAAACG-1	1
NC_006614.4	15241023	15241072	ATTTGCAAGGCATGTT-1	1
NC_006614.4	15241025	15241161	TCGGTAAGTTGGTGAC-1	1
NC_006614.4	15241054	15241133	TGTTGGCCACGTTACA-1	2
NC_006614.4	15241143	15241194	ATGATGGAGGACCAGG-1	1
NC_006614.4	15241166	15241255	GGTTGACGTTAGCTGA-1	1
NC_006614.4	15241174	15241234	TTAGACTCATACTCCT-1	1
NC_006614.4	15241189	15241260	CTAACCACACATTAAC-1	4
NC_006614.4	15241192	15241351	GCTTATCGTATTCGCT-1	1
NC_006614.4	15241193	15241294	GGTAAGGGTTGCTGGG-1	2
NC_006614.4	15241194	15241253	CCTAAGGTCCCGCCTA-1	1
NC_006614.4	15241255	15241612	GGAGGTTAGGTGAAGC-1	1
NC_006614.4	15241286	15241328	CCCAAACCACTAAGAA-1	1
NC_006614.4	15241294	15241335	GGAACCTGTTAGCTGA-1	1
NC_006614.4	15241295	15241751	CCCGCTTCATAATCGT-1	2
NC_006614.4	15241316	15241378	TCTAGCGAGGGATGCG-1	1
NC_006614.4	15241338	15241460	AGGTCTTAGGAATAAC-1	1
NC_006614.4	15241456	15241503	ATTGCAGGTAGTTGGC-1	1
NC_006614.4	15241498	15241573	CTACAACAGTGAGGGT-1	2
NC_006614.4	15241503	15241672	GGTGTCCAGGAGTCGG-1	1
NC_006614.4	15241503	15241697	GGTTTAATCCATTACT-1	2
NC_006614.4	15241542	15241739	GTCATCCTCTTGTTCG-1	1
NC_006614.4	15241563	15241761	TACCTTAGTTGTCCAT-1	3
NC_006614.4	15241598	15241635	CTAACCACAACTAGAA-1	2
NC_006614.4	15241635	15241691	CTAACCACAACTAGAA-1	1
NC_006614.4	15241643	15241678	ATGTCCACACGAACAG-1	1
NC_006614.4	15241653	15242039	GAGGCTACAGGAATCG-1	1
NC_006614.4	15241709	15242251	CAATGTCAGGGACGCA-1	1
NC_006614.4	15241712	15242374	TGTTGCACATGGCCCA-1	1
NC_006614.4	15241717	15241761	AACAGCAAGGAAACTG-1	1
NC_006614.4	15241737	15241891	CCCGTAAAGCTGCACA-1	1
NC_006614.4	15241761	15241974	AAGACATAGTTGTCAA-1	1
NC_006614.4	15241862	15242047	CCTAAAGGTTGAGCCG-1	1
NC_006614.4	15241870	15242181	GACGCCTAGTTAGAGG-1	1
NC_006614.4	15241888	15242096	CCTGTAACAAACGGGC-1	1
NC_006614.4	15241945	15242149	GAGTGTTTCGAAGTAG-1	2
NC_006614.4	15241956	15242405	ATATGCTCAAAGGCCA-1	1
NC_006614.4	15242047	15242209	GCTAAGAAGTAATCCA-1	1
NC_006614.4	15242054	15242097	GTTCCCAGTATGGTGC-1	1
NC_006614.4	15242242	15242715	GCGTTTCTCCCTCTAA-1	1
NC_006614.4	15242251	15242366	TGCATGAGTTAGCATG-1	1
NC_006614.4	15242356	15242412	ACTGAATGTGTGCACG-1	2
