barcode	RNA_features	RNA_UMI	ATAC_peak_features	ATAC_peak_counts	CD3_genes_detected	T_support_genes_detected	myeloid_genes_detected	B_genes_detected	all_QC	T_marker_2plus	T_marker_strict	T_marker_broad
AAACAGCCAGTCTAGC-1	1496	2968	7877	18040	0	0	0	0	1	0	0	0
AAACAGCCATAATCGT-1	2571	4919	1829	3576	0	0	0	0	1	0	0	0
AAACAGCCATGCATAT-1	3299	9643	4832	10086	0	0	0	0	1	0	0	0
AAACATGCAATGCGCT-1	1416	2406	499	957	0	0	0	0	1	0	0	0
AAACCAACAATAGCCC-1	1904	4527	5919	12829	0	0	0	0	1	0	0	0
AAACCAACAGGACACA-1	3238	6784	1672	3281	0	0	0	0	1	0	0	0
AAACCAACATATTGAC-1	2074	3614	1381	2688	0	0	0	0	1	0	0	0
AAACCAACATTGGGAG-1	5046	14558	10326	23338	0	0	0	0	1	0	0	0
AAACCGAAGCCTGATG-1	1986	3512	1354	2616	0	0	2	0	1	0	0	0
AAACCGAAGTTACCGG-1	4162	10337	3901	8063	0	0	0	0	1	0	0	0
AAACCGCGTACCTTAC-1	698	1000	1653	3352	0	0	0	0	1	0	0	0
AAACCGCGTGCTCCAC-1	3367	7272	2716	5465	0	0	1	0	1	0	0	0
AAACCGCGTGGATGTC-1	1914	3018	1433	2898	0	0	0	0	1	0	0	0
AAACCGCGTGTTGTAG-1	3341	7059	7320	15594	0	0	0	0	1	0	0	0
AAACCGCGTTATCGAG-1	6611	21907	12746	30735	1	0	2	0	1	0	0	0
AAACCGCGTTCCTGTG-1	715	1044	1243	2435	0	0	0	0	1	0	0	0
AAACCGGCAATTAAGG-1	3467	7877	2704	5272	0	0	0	0	1	0	0	0
AAACCGGCAGCCTTGG-1	1788	2720	308	576	0	0	2	0	1	0	0	0
AAACCGGCAGGCTGTT-1	4298	11126	8906	19796	0	0	0	0	1	0	0	0
AAACGCGCAATTGACT-1	2711	5231	1463	2910	0	0	0	0	1	0	0	0
AAACGCGCATAGACCC-1	2540	5092	4568	9526	0	0	1	0	1	0	0	0
AAACGGATCAGCAAAG-1	2859	5885	3692	7628	0	0	0	0	1	0	0	0
AAACGGATCCCGCAAA-1	1559	2503	630	1218	0	1	0	0	1	0	0	0
AAACGGATCCTAGTAA-1	1923	3399	1400	2787	3	1	0	1	1	1	1	1
AAACGGATCGTAACGT-1	891	1834	3733	7582	0	0	0	0	1	0	0	0
AAACGTACACCATATG-1	3124	7059	5212	10671	0	0	0	0	1	0	0	0
AAACGTACACGGTACT-1	4540	12237	2466	4805	0	1	1	0	1	0	0	0
AAAGCAAGTCATTAGG-1	2375	4538	2229	4289	0	0	0	0	1	0	0	0
AAAGCAAGTTACTAGG-1	1584	2526	502	962	0	0	0	0	1	0	0	0
AAAGCAAGTTTGTCTA-1	3284	6709	6358	13259	0	0	0	0	1	0	0	0
AAAGCACCAGTAGGTG-1	777	1124	1147	2255	0	0	1	0	1	0	0	0
AAAGCCCGTTCATCTA-1	645	1220	7602	16260	0	0	0	0	1	0	0	0
AAAGCCGCAAACATAG-1	750	1132	1387	2696	0	0	0	0	1	0	0	0
AAAGCCGCAGGACCTT-1	929	2664	731	1408	2	1	0	0	1	1	1	1
AAAGCGGGTCCGTAGG-1	2840	5398	7846	17055	0	0	0	0	1	0	0	0
AAAGCGGGTTATCCGT-1	8644	41869	6088	12817	0	0	0	0	1	0	0	0
AAAGCTTGTCGCAAAC-1	1106	1751	1289	2418	0	0	0	0	1	0	0	0
AAAGCTTGTGGCTTCC-1	5171	21695	6122	13205	0	0	0	0	1	0	0	0
AAAGCTTGTGTTGCAA-1	9620	60237	11250	25005	0	0	2	0	0	0	0	0
AAAGCTTGTTAGTACG-1	3339	7241	9042	19880	0	0	0	0	1	0	0	0
AAAGGACGTCAACAAT-1	1299	1866	1583	3228	1	1	0	0	1	0	0	1
AAAGGACGTCAAGTAT-1	2884	5705	3886	7779	0	0	0	0	1	0	0	0
AAAGGACGTGCTCCGT-1	1487	2648	719	1390	0	0	0	0	1	0	0	0
AAAGGACGTTACGCAA-1	3668	8084	1962	3710	0	0	0	0	1	0	0	0
AAAGGAGCAAGCGAGC-1	8973	46843	21268	58964	0	0	0	0	0	0	0	0
AAAGGAGCACACTAAT-1	851	1358	866	1680	0	0	0	0	1	0	0	0
AAAGGAGCACTAAGAA-1	1179	1692	1323	2615	0	0	1	0	1	0	0	0
AAAGGAGCATTGCGTA-1	3089	6999	4390	9302	0	0	0	0	1	0	0	0
AAAGGCTCAAGGAATC-1	855	1636	571	1132	0	0	0	0	1	0	0	0
AAAGGTTAGAGGAGGA-1	607	929	1811	3569	0	0	1	0	1	0	0	0
AAAGGTTAGCAATAGG-1	1724	3408	3459	6944	0	0	0	0	1	0	0	0
AAAGGTTAGGAACGGT-1	1607	2903	570	1074	0	0	1	0	1	0	0	0
AAAGGTTAGTATTGCA-1	1085	1598	2930	6010	0	0	0	0	1	0	0	0
AAAGGTTAGTTGGGCC-1	4951	15449	4112	8771	0	0	0	0	1	0	0	0
AAATCCGGTCATGCAA-1	3240	6910	6669	14137	0	0	1	0	1	0	0	0
AAATCCGGTCCACAAA-1	1688	2672	876	1666	0	0	1	0	1	0	0	0
AAATCCGGTGCAACTA-1	594	1195	879	1704	1	0	0	0	1	0	0	0
AAATCCGGTGGATTAT-1	1250	1765	1613	3261	0	0	1	0	1	0	0	0
AAATCCGGTTAGGACC-1	3430	7477	4491	9267	0	0	0	0	1	0	0	0
AAATGCCTCTTGCAGG-1	4790	15692	5976	12833	0	0	1	0	1	0	0	0
AAATGGCCAAGTCGCT-1	3543	7792	2056	3971	0	0	0	0	1	0	0	0
AAATGGCCAATAAGCA-1	2814	5439	1152	2120	0	0	0	0	1	0	0	0
AAATGGCCACCCACAG-1	1137	1809	1851	3804	1	2	0	0	1	0	0	1
AAATGGCCAGCATTAT-1	1968	3543	2657	5333	0	0	1	0	1	0	0	0
AAATGGCCATTTAAGC-1	2682	5218	2549	5053	0	0	1	0	1	0	0	0
AACAAAGGTCCGCTGT-1	7216	26742	16682	43528	0	0	0	0	1	0	0	0
AACAAAGGTGATCATG-1	3891	8234	3346	6898	0	0	0	0	1	0	0	0
AACAAAGGTTGTAACG-1	617	899	1156	2261	0	0	0	0	1	0	0	0
AACAAGCCAACCCTAA-1	2702	7996	3595	7328	0	0	0	0	1	0	0	0
AACAAGCCAATTAAGG-1	784	1280	1140	2247	0	0	0	0	1	0	0	0
AACAAGCCAGGCTTCG-1	3103	6023	920	1818	0	0	0	0	1	0	0	0
AACAAGCCATAATCCG-1	3055	6752	7516	16605	0	0	0	0	1	0	0	0
AACAGATAGAATCGCT-1	3643	8136	2846	5935	0	0	0	0	1	0	0	0
AACAGATAGGCGAATA-1	1520	2785	2515	5196	0	0	2	0	1	0	0	0
AACAGCAAGCGATAGA-1	841	1367	1025	1967	0	0	0	0	1	0	0	0
AACAGCAAGCTAGAAG-1	2929	5957	227	424	0	0	0	0	1	0	0	0
AACAGCAAGTAAGTCC-1	4078	10174	8837	19958	0	0	0	0	1	0	0	0
AACAGGATCAAGCCTG-1	2760	5556	2608	5310	0	0	1	0	1	0	0	0
AACAGGATCAGAAACG-1	4859	13502	4909	10057	0	0	0	0	1	0	0	0
AACAGGATCATTGTCT-1	3466	7659	2383	4915	0	0	1	0	1	0	0	0
AACAGGATCTTTGAGA-1	2621	4791	2459	5061	0	0	0	0	1	0	0	0
AACATAGCAAGGCCAA-1	5128	15066	5144	10821	0	0	1	0	1	0	0	0
AACATAGCAATTTAGC-1	2402	4410	741	1465	0	0	0	0	1	0	0	0
AACATAGCACTCAACA-1	3612	9356	3854	7989	0	0	0	0	1	0	0	0
AACATCATCATGCATA-1	973	2941	1656	3273	0	0	2	0	1	0	0	0
AACATCATCATTAGGC-1	2213	4306	1102	2063	0	0	0	0	1	0	0	0
AACATTGTCCACAATA-1	3645	9000	306	561	0	0	0	0	1	0	0	0
AACATTGTCTTAGTCT-1	641	901	1177	2426	0	0	0	0	1	0	0	0
AACCCGCAGCGATAGA-1	2496	5105	508	949	0	0	0	0	1	0	0	0
AACCCGCAGGATTTGC-1	4693	15150	4830	9791	0	0	0	0	1	0	0	0
AACCGCTCAATTTGGT-1	2183	4139	5363	11482	0	0	0	0	1	0	0	0
AACCGCTCAGAAATTG-1	3175	5984	1730	3354	0	0	0	0	1	0	0	0
AACCGCTCATGACTAT-1	1524	2518	2473	4973	0	0	1	0	1	0	0	0
AACCGGCTCCACAATA-1	2327	4253	1078	2029	0	0	1	0	1	0	0	0
AACCTAATCGGCCATA-1	2590	5101	2734	5418	1	0	0	0	1	0	0	0
AACCTAATCTTGATGA-1	623	1066	4072	8295	0	0	0	0	1	0	0	0
AACCTCACACAGGAAT-1	4028	9448	7385	15890	0	0	0	0	1	0	0	0
AACCTCACACCTCACC-1	2182	4944	10988	24958	0	0	0	0	1	0	0	0
AACCTCCTCAATGACC-1	3407	7928	6604	14226	0	0	0	0	1	0	0	0
AACCTCCTCATGGTGT-1	3472	7447	7611	17228	0	0	0	0	1	0	0	0
AACCTCCTCCACCTGT-1	1011	1461	803	1585	0	0	0	0	1	0	0	0
AACCTCCTCGGGACTC-1	6072	18211	8081	18052	0	0	2	0	1	0	0	0
AACCTCCTCGTGCTAG-1	1704	3233	2480	4863	0	0	0	0	1	0	0	0
AACCTTAAGGCGAAAC-1	854	1272	760	1493	0	0	0	0	1	0	0	0
AACCTTAAGGCTAATC-1	6518	22676	7510	16149	0	0	2	0	1	0	0	0
AACCTTAAGTGAGCAA-1	875	1189	1204	2267	2	1	0	0	1	1	1	1
AACCTTGCACATTGCA-1	1338	2468	431	815	0	0	0	0	1	0	0	0
AACCTTGCACTCAACA-1	1858	3159	1394	2708	0	0	0	0	1	0	0	0
AACCTTGCATAACGGG-1	3678	8508	4831	10044	0	0	0	0	1	0	0	0
AACGACAAGACTATTG-1	1201	1946	699	1349	2	1	0	0	1	1	1	1
AACGACAAGCATGTCG-1	3226	7267	6191	12868	0	0	0	0	1	0	0	0
AACGACAAGTATCGCG-1	1806	2855	1555	3118	0	0	0	0	1	0	0	0
AACGCCCAGCTGGACC-1	1504	2225	2022	4121	1	0	1	0	1	0	0	0
AACGCCCAGGAAACTG-1	2370	4458	2689	5331	0	0	1	0	1	0	0	0
AACGCCCAGGCCAATT-1	1308	2869	5963	13233	0	0	0	0	1	0	0	0
AACGGTAAGAAGCTAG-1	8302	39640	18349	47428	0	1	2	0	1	0	0	0
AACGGTAAGCCGCTTT-1	3564	8101	2375	4965	2	3	0	0	1	1	1	1
AACGGTAAGCTAATTG-1	3214	6577	6440	14073	0	0	1	0	1	0	0	0
AACGGTAAGCTCAATA-1	5256	14511	5723	11554	0	0	1	0	1	0	0	0
AACGGTAAGGGCTAAA-1	987	1543	717	1405	0	0	0	0	1	0	0	0
AACGGTAAGTCACGAT-1	1332	1970	1732	3488	0	0	0	0	1	0	0	0
AACTACTCAGTTTCTC-1	2347	4277	330	619	1	0	0	0	1	0	0	0
AACTAGCTCACAGGAA-1	4372	10853	5623	11736	0	1	0	0	1	0	0	0
AACTAGCTCTTCAATC-1	2424	4659	1415	2805	0	0	0	0	1	0	0	0
AACTAGCTCTTGCAGG-1	4390	11630	7133	14980	0	0	0	0	1	0	0	0
AACTAGTGTAAAGCAA-1	3731	9468	3474	7129	0	0	0	0	1	0	0	0
AACTAGTGTAAGGTCC-1	5536	19216	9197	20861	0	0	1	0	1	0	0	0
AACTAGTGTTGCTGGG-1	2370	4209	1177	2312	0	0	0	0	1	0	0	0
AACTCACAGCTTATGA-1	5908	20752	15185	37121	0	0	0	0	1	0	0	0
AACTCACAGGAAGCTA-1	1015	2116	824	1605	0	1	0	0	1	0	0	0
AACTCACAGGATGATG-1	2065	3836	2864	6015	0	0	0	0	1	0	0	0
AACTCACAGTAACCCG-1	3175	6024	2453	4771	0	0	0	0	1	0	0	0
AACTGTTCAACTGGCT-1	1205	1792	2389	4754	0	0	0	0	1	0	0	0
AACTGTTCAAGGGTTG-1	5947	18658	7959	17055	0	0	1	0	1	0	0	0
AACTGTTCAATAATGG-1	5049	16925	7283	15714	0	0	0	0	1	0	0	0
AACTGTTCACAATGCC-1	6330	22581	12453	28967	0	0	1	0	1	0	0	0
AACTGTTCACTATGGC-1	1765	3208	2416	5269	0	0	1	0	1	0	0	0
AACTGTTCACTGGCTG-1	1279	2736	334	648	0	0	1	0	1	0	0	0
AACTGTTCAGGTTACC-1	3654	9065	4837	9879	0	0	0	0	1	0	0	0
AAGAACAGTGCATTAG-1	2797	6318	5406	11235	0	0	0	0	1	0	0	0
AAGAACAGTGCTAGCG-1	2327	3880	1015	2037	0	0	0	0	1	0	0	0
AAGAACAGTGGAGCAA-1	348	489	4736	9655	0	0	1	0	1	0	0	0
AAGAACAGTGTTGCAA-1	3672	8399	6397	13700	0	1	0	0	1	0	0	0
AAGAACAGTTAACGAT-1	764	1267	768	1494	0	0	0	0	1	0	0	0
AAGAACAGTTAGGCTA-1	1812	3002	6261	13129	0	0	0	0	1	0	0	0
AAGAACAGTTTATCTG-1	1643	2467	1830	3672	0	0	0	0	1	0	0	0
AAGAATCAGCTATTAG-1	5033	14823	12437	28544	0	0	0	0	1	0	0	0
AAGAATCAGGAATAAC-1	4052	9860	4393	8988	1	2	1	0	1	0	0	1
AAGAATCAGGAGTCTT-1	5704	19566	18000	47169	0	0	0	0	1	0	0	0
AAGACAAGTGGACCTG-1	3506	7733	5278	11417	0	0	0	0	1	0	0	0
AAGACAAGTGTCCAAA-1	2142	4070	2731	5438	0	0	0	0	1	0	0	0
AAGACAAGTGTTCCCA-1	2725	5564	5047	10182	0	0	0	0	1	0	0	0
AAGACAAGTTGCGCGA-1	2494	4571	1345	2669	0	0	0	0	1	0	0	0
AAGACATAGGATTGCT-1	2006	3631	3298	6757	0	0	0	0	1	0	0	0
AAGACCAAGGCCCAGT-1	3565	8471	1364	2635	0	0	0	0	1	0	0	0
AAGCAAGTCATGGTTA-1	4575	12308	5126	10711	0	0	1	0	1	0	0	0
AAGCAAGTCCAAATCA-1	4002	10411	9711	22477	0	0	0	0	1	0	0	0
AAGCAAGTCCCGCAAA-1	2374	4282	985	1903	0	0	1	0	1	0	0	0
AAGCAAGTCCTCATCA-1	3802	8848	6984	14599	0	0	0	0	1	0	0	0
AAGCATGAGCACTTGG-1	1264	2311	1986	4062	0	0	0	0	1	0	0	0
AAGCATGAGCGGATAA-1	1521	2670	4161	8849	0	0	0	0	1	0	0	0
AAGCCACGTATTCGCT-1	1184	2361	2405	5049	0	0	0	0	1	0	0	0
AAGCCACGTGCTTTAC-1	1338	1891	842	1660	0	0	0	0	1	0	0	0
AAGCCACGTGTTTGCT-1	806	1280	863	1648	0	0	0	0	1	0	0	0
AAGCCACGTTACTAGG-1	2412	4757	919	1781	0	0	0	0	1	0	0	0
AAGCCACGTTACTTCA-1	3447	8878	7919	17725	0	0	0	0	1	0	0	0
AAGCCACGTTATGTGG-1	4087	10076	2864	5853	0	0	1	0	1	0	0	0
AAGCCTCCAACTAGGG-1	1381	2019	1353	2670	0	0	0	0	1	0	0	0
AAGCCTCCACATAGCC-1	3623	8154	6434	13821	1	0	0	0	1	0	0	0
AAGCCTCCACGGTACT-1	4810	14319	10923	25545	0	0	0	0	1	0	0	0
AAGCCTCCAGAATGAC-1	1882	3046	1674	3358	0	0	0	0	1	0	0	0
AAGCCTCCAGCATGGA-1	2924	5589	2179	4291	0	0	1	0	1	0	0	0
AAGCCTCCATTAAGCT-1	3485	8115	4151	8815	0	0	2	0	1	0	0	0
AAGCCTGTCATGGTTA-1	2275	4530	460	887	0	0	0	0	1	0	0	0
AAGCCTGTCCCGCCTA-1	1842	3544	2798	5694	0	0	1	0	1	0	0	0
AAGCCTGTCCCTCAGT-1	1574	2874	3676	7850	0	0	1	0	1	0	0	0
AAGCCTGTCGATAACC-1	1731	2742	2045	4147	0	0	0	0	1	0	0	0
AAGCCTGTCTTGGACG-1	696	920	1256	2600	0	0	1	0	1	0	0	0
AAGCCTTAGAACCTGT-1	526	1274	2830	5837	0	0	1	0	1	0	0	0
AAGCCTTAGCATGGTT-1	3273	7255	5910	12375	0	0	0	0	1	0	0	0
AAGCCTTAGGCGGGTA-1	2922	5777	5928	12594	0	0	0	0	1	0	0	0
AAGCCTTAGTAAGTGG-1	868	1229	1774	3678	0	1	0	0	1	0	0	0
AAGCCTTAGTGAGAGC-1	3547	9428	4474	9875	0	0	1	0	1	0	0	0
AAGCGAGGTACCGTAA-1	3995	10054	3036	5962	0	0	0	0	1	0	0	0
AAGCGAGGTCCTAGTT-1	2189	5640	2240	4299	0	0	0	0	1	0	0	0
AAGCGAGGTCCTGATT-1	4644	12133	63	123	0	0	2	0	0	0	0	0
AAGCGAGGTGTGCAAC-1	1177	2037	593	1129	0	0	0	0	1	0	0	0
AAGCGAGGTTAGCGTA-1	1468	2770	972	1825	0	0	0	0	1	0	0	0
AAGCGCTGTGCCGCAA-1	3580	7567	4284	9073	0	0	1	0	1	0	0	0
AAGCGCTGTTACTTCA-1	1482	2089	964	1936	0	0	0	0	1	0	0	0
AAGCGCTGTTCACTGT-1	6663	24475	12152	28817	2	1	1	0	1	1	1	1
AAGCGCTGTTCCATTA-1	9381	58611	24025	72102	0	1	1	1	0	0	0	0
AAGCGGGTCCCTCAAC-1	554	814	4685	9822	0	0	0	0	1	0	0	0
AAGCGGGTCCGGGACT-1	2800	5097	2455	5006	2	0	0	0	1	1	0	0
AAGCGGGTCTGTGCCT-1	1192	1835	4474	9021	0	0	0	0	1	0	0	0
AAGCGTTTCATTAGGC-1	3169	11557	2841	5837	0	0	0	0	1	0	0	0
AAGCGTTTCCTTTACG-1	1698	2762	1717	3357	0	0	0	0	1	0	0	0
AAGCTAGAGGATTGCT-1	3541	7979	4584	9611	0	0	0	0	1	0	0	0
AAGCTAGAGGCTATGT-1	5732	18290	8050	17646	0	0	1	0	1	0	0	0
AAGCTATGTACCGTAA-1	3415	8155	617	1175	0	0	0	0	1	0	0	0
AAGCTATGTCCCGAAG-1	3179	6831	5312	11642	0	0	0	0	1	0	0	0
AAGCTATGTGCTGGTG-1	1521	2409	2347	4757	0	0	0	0	1	0	0	0
AAGCTATGTGGATGTC-1	755	1108	1182	2710	0	0	0	0	1	0	0	0
AAGCTATGTTAATCGG-1	2876	5913	1807	3642	1	0	2	0	1	0	0	0
AAGCTATGTTCCAGGG-1	967	1555	920	1846	1	1	1	0	1	0	0	1
AAGCTCCCACTTAACG-1	1464	2177	1341	2671	0	0	0	0	1	0	0	0
AAGCTTGGTAAACAAG-1	1547	2523	2394	4795	0	0	1	0	1	0	0	0
AAGCTTGGTGATCAGC-1	2564	4444	1033	1972	0	0	0	0	1	0	0	0
AAGCTTGGTGCAACTA-1	688	1031	4538	9400	0	0	0	0	1	0	0	0
AAGCTTGGTTAGACCA-1	1925	4097	3109	6339	0	0	1	0	1	0	0	0
AAGCTTGGTTGGTTCT-1	4759	11504	9393	21001	1	0	1	0	1	0	0	0
AAGCTTGGTTTGGTTC-1	3007	7929	6372	13334	0	0	0	0	1	0	0	0
AAGGAAGCATGAAATG-1	4165	10190	284	514	0	0	2	0	1	0	0	0
AAGGATCCAAGTTATC-1	9036	50612	11374	26784	0	0	0	0	0	0	0	0
AAGGATCCAGGAAGCC-1	2939	6054	6068	12899	0	0	0	0	1	0	0	0
AAGGATCCAGGTTCAC-1	2081	3595	6849	15320	0	0	0	0	1	0	0	0
AAGGATCCATCATGGC-1	1415	2659	540	1077	0	0	0	0	1	0	0	0
AAGGATCCATTAGGCC-1	6698	22748	14843	35667	0	0	2	0	1	0	0	0
AAGGATGTCAATGTGC-1	5939	18137	3608	7053	0	0	1	0	1	0	0	0
AAGGATGTCCACCCTG-1	1804	3063	3012	5939	0	0	0	0	1	0	0	0
AAGGATTAGCAGGCCT-1	1783	3036	2283	4651	0	0	1	0	1	0	0	0
AAGGATTAGGCTGTCA-1	2542	4294	982	1941	0	0	1	0	1	0	0	0
AAGGCCCTCAGGCTAT-1	2321	4111	379	717	0	0	0	0	1	0	0	0
AAGGCCCTCGATTTGA-1	3269	7587	6438	14026	0	0	0	0	1	0	0	0
AAGGCCCTCGGCTAGC-1	1533	2456	1441	2947	0	1	0	0	1	0	0	0
AAGGTATAGAAAGCAT-1	3750	8590	547	1028	0	0	1	0	1	0	0	0
AAGGTATAGCAAGGGT-1	1381	2024	908	1762	1	0	0	0	1	0	0	0
AAGGTCAAGAAAGGAA-1	3052	6918	2829	5631	0	1	0	0	1	0	0	0
AAGGTCAAGCCGCTTT-1	3953	9022	1597	3106	0	0	0	0	1	0	0	0
AAGGTCAAGGCGAAAC-1	2078	3761	3312	6662	0	0	0	0	1	0	0	0
AAGGTGCAGCTATATG-1	3358	7030	6017	12730	0	0	1	0	1	0	0	0
AAGGTGCAGGTGTTAC-1	459	737	6146	13058	0	0	0	0	1	0	0	0
AAGTAGCCAATTGAGA-1	5895	20138	4164	8417	0	0	1	0	1	0	0	0
AAGTAGCCACAATTAC-1	5566	19078	11768	27636	0	0	1	0	1	0	0	0
AAGTAGCCAGGTTCAC-1	4534	12438	2737	5442	0	0	0	0	1	0	0	0
AAGTCTATCCTCACTA-1	5584	15964	2848	5752	0	0	0	0	1	0	0	0
AAGTCTATCGGTTTGG-1	4485	13521	4094	8281	0	0	1	0	1	0	0	0
AAGTGAAGTGCCGCAA-1	3434	7541	8357	18674	0	0	0	0	1	0	0	0
AAGTGAAGTTACAAAC-1	644	877	1545	3219	0	0	0	0	1	0	0	0
AAGTGAAGTTACAACG-1	1686	2571	799	1511	0	0	0	0	1	0	0	0
AAGTGAAGTTATAGCG-1	2105	3585	3348	6685	0	0	0	0	1	0	0	0
AAGTGCAAGAATCTCA-1	1342	2044	3872	8113	0	0	0	0	1	0	0	0
AAGTGCAAGACAAAGT-1	2481	4425	477	919	0	0	0	0	1	0	0	0
AAGTGCAAGATAGACG-1	3207	7127	215	411	0	0	1	0	1	0	0	0
AAGTGCAAGGCTAGAA-1	1651	4488	1571	3109	0	0	1	0	1	0	0	0
AAGTGCAAGGGATTAG-1	2588	5271	1372	2713	0	0	0	0	1	0	0	0
AAGTGCAAGTTAGACC-1	1273	1850	1078	2084	0	0	1	0	1	0	0	0
AAGTGCAAGTTTCCTG-1	3229	6530	900	1758	0	0	0	0	1	0	0	0
AAGTGTTGTACGGTAC-1	3405	7747	2008	3971	0	1	1	0	1	0	0	0
AAGTGTTGTCCTAGTT-1	647	1224	939	1804	0	0	0	0	1	0	0	0
AAGTGTTGTGGGTGAA-1	7068	27990	7306	16181	0	0	1	0	1	0	0	0
AAGTGTTGTTGGTTCT-1	1733	2803	2410	5161	0	0	1	0	1	0	0	0
AAGTTACGTAGTTACG-1	4082	9479	473	865	0	0	0	0	1	0	0	0
AAGTTACGTTCGCGCT-1	1983	3891	1121	2252	0	0	1	0	1	0	0	0
AAGTTAGCAATTAAGG-1	2856	5994	4528	9130	0	0	0	0	1	0	0	0
AAGTTAGCAGGCATGA-1	1928	3589	2858	5631	0	0	1	0	1	0	0	0
AAGTTTGTCAAACTCA-1	2359	4692	2014	3844	0	0	0	0	1	0	0	0
AAGTTTGTCAGCAAAG-1	3408	8111	5177	11511	0	0	0	0	1	0	0	0
AATAACCGTACTTAGG-1	2951	6068	1836	3516	0	0	1	0	1	0	0	0
AATAACCGTAGGTTTG-1	4211	14165	6232	13215	0	0	0	0	1	0	0	0
AATAACCGTCGCGCAA-1	6111	21767	12603	28514	0	0	0	0	1	0	0	0
AATAACCGTTCCTCCT-1	3479	7770	562	1015	0	0	0	0	1	0	0	0
AATAACCGTTCGGGAT-1	4691	13280	1770	3433	0	0	0	0	1	0	0	0
AATAACCGTTGCACAA-1	6123	21250	10034	24016	0	1	1	0	1	0	0	0
AATAACCGTTTCGCCA-1	1855	3141	315	589	0	0	0	0	1	0	0	0
AATACCGGTAATCCCT-1	2735	5885	3341	6972	0	0	0	0	1	0	0	0
AATACCGGTGCTCCAC-1	2785	5866	1794	3450	0	0	0	0	1	0	0	0
AATACCGGTGTAATAC-1	3142	7774	3470	7184	0	0	0	0	1	0	0	0
AATAGAGGTCAAGTAT-1	3308	7290	7103	15093	0	0	0	0	1	0	0	0
AATAGAGGTCACGAAC-1	3818	10771	5040	10357	0	0	0	0	1	0	0	0
AATAGAGGTCATCATC-1	3848	10428	4748	9572	0	0	0	0	1	0	0	0
AATAGAGGTGAAGCCT-1	2855	6600	3721	7713	0	1	0	0	1	0	0	0
AATAGAGGTTAAATGC-1	3033	7429	6016	12581	0	0	0	0	1	0	0	0
AATAGAGGTTGCCTCA-1	2377	4356	754	1407	0	0	0	0	1	0	0	0
AATAGCTGTCCTCCAA-1	474	691	5718	12108	0	1	1	0	1	0	0	0
AATATCCCAAACTAAG-1	1666	2807	2670	5440	0	0	0	0	1	0	0	0
AATATCCCAACTCGCG-1	2410	4894	3935	7885	0	0	0	0	1	0	0	0
AATATCCCAAGCTTTG-1	1205	2073	913	1797	0	0	0	0	1	0	0	0
AATATCCCACCAAAGG-1	2701	5621	3878	7790	0	0	0	0	1	0	0	0
AATATCCCATCACTTC-1	1070	1834	599	1163	0	0	0	0	1	0	0	0
AATCAGGAGAGAGGAG-1	3326	6699	4259	8852	0	0	0	0	1	0	0	0
AATCATCCACCCTCAC-1	3729	10916	5686	12038	0	1	0	0	1	0	0	0
AATCATCCAGCAATAA-1	1872	4469	3465	7004	0	0	0	0	1	0	0	0
AATCATCCATTGTGCA-1	6410	20716	10916	25367	0	1	1	0	1	0	0	0
AATCATGTCCTAAGAC-1	2110	3651	2810	5705	0	0	0	0	1	0	0	0
AATCATGTCGATTATG-1	2291	4021	1935	3946	0	0	0	0	1	0	0	0
AATCATGTCTAAGGTC-1	1345	2155	628	1204	0	0	0	0	1	0	0	0
AATCATGTCTTGATGA-1	2871	5569	2976	5590	0	0	1	0	1	0	0	0
AATCATGTCTTTAGGA-1	4030	11306	5972	12568	0	0	0	0	1	0	0	0
AATCCATCACTAAGTT-1	5826	16662	10305	23208	0	0	2	0	1	0	0	0
AATCCATCAGAGGCTA-1	2556	5557	2431	4800	0	0	0	0	1	0	0	0
AATCCATCAGCATGTC-1	3342	7960	3482	7060	0	0	0	0	1	0	0	0
AATCCATCAGGCTAAG-1	1709	2741	2697	5433	0	0	0	0	1	0	0	0
AATCCATCAGTTATCG-1	2445	4683	2470	5060	0	0	1	0	1	0	0	0
AATCCATCATAGCGGA-1	1562	2433	686	1331	0	0	0	0	1	0	0	0
AATCCATCATCCAGGT-1	3140	6646	1099	2099	0	0	0	0	1	0	0	0
AATCCCTGTCCCGAAG-1	3589	7295	4718	10170	3	1	0	0	1	1	1	1
AATCCCTGTGCATTTC-1	4978	12313	5948	12503	0	1	2	0	1	0	0	0
AATCCGTAGAACCTAC-1	3456	7959	3957	8367	0	0	0	0	1	0	0	0
AATCCGTAGTTCCTGC-1	646	875	1356	2654	0	0	0	0	1	0	0	0
AATCCTAAGAACCTAC-1	7240	27026	11988	27300	0	0	2	0	1	0	0	0
AATCCTAAGCATTATG-1	1465	2286	2411	4964	0	0	0	0	1	0	0	0
AATCCTAAGCCAGTAT-1	4300	10902	4270	8744	0	0	0	0	1	0	0	0
AATCCTAAGGGCCACT-1	7926	36786	8144	17837	1	1	2	0	1	0	0	0
AATCCTAAGTCATTAG-1	3847	9276	2733	5431	0	0	1	0	1	0	0	0
AATCCTAAGTTTAACG-1	4181	10671	4795	9947	0	0	0	0	1	0	0	0
AATCGCCCACTAGGTC-1	1777	2981	1413	2831	0	0	0	0	1	0	0	0
AATCGCCCATAGACTT-1	2301	4356	9297	20465	0	1	0	0	1	0	0	0
AATCTCAAGCTATGAC-1	3933	10554	2236	4428	0	1	0	0	1	0	0	0
AATCTCAAGGCACAGG-1	1367	2087	1566	3187	0	0	0	0	1	0	0	0
AATCTCAAGTCAGGCC-1	3501	8158	5331	11097	0	0	0	0	1	0	0	0
AATCTTGAGCCAGTAT-1	3700	7580	4232	8717	0	0	0	0	1	0	0	0
AATCTTGAGCTGGAAA-1	1707	3121	3500	7133	0	0	0	0	1	0	0	0
AATCTTGAGGAGCACG-1	1124	1631	998	1935	0	0	0	0	1	0	0	0
AATGAAGGTCACAGCG-1	2123	4550	2041	3877	0	0	1	0	1	0	0	0
AATGAAGGTCAGGAAG-1	4728	12248	8848	19828	0	0	1	0	1	0	0	0
AATGAAGGTCATCATC-1	4662	11837	5353	10492	0	1	1	0	1	0	0	0
AATGAAGGTGATTACG-1	2862	6186	7254	16191	0	0	0	0	1	0	0	0
AATGAAGGTGTGAGGA-1	3542	8582	3515	7609	0	0	0	0	1	0	0	0
AATGCAACAATGAATG-1	2266	4067	1697	3532	0	1	0	0	1	0	0	0
AATGCAACACATAGCC-1	2767	5974	6592	14287	0	0	2	0	1	0	0	0
AATGCAACACCTCAGG-1	4072	9737	1430	2749	0	0	0	0	1	0	0	0
AATGCAACACCTGCCT-1	1690	2651	2715	5478	0	0	0	0	1	0	0	0
AATGCAACAGGCTAAG-1	4344	11947	5111	10796	1	0	1	0	1	0	0	0
AATGCATGTCGACTCC-1	4540	11805	190	345	0	0	1	0	1	0	0	0
AATGCATGTCTAGCTT-1	12528	155412	12474	31065	2	1	2	0	0	0	0	0
AATGCGCGTAATTAGC-1	1656	2425	5577	11682	0	0	1	0	1	0	0	0
AATGCGCGTTAGAGGG-1	617	818	5789	12204	0	0	0	0	1	0	0	0
AATGTCATCCACCTTA-1	7292	30737	14672	37130	0	0	1	0	1	0	0	0
AATGTCATCCTCATGC-1	4336	10736	5235	10804	0	0	0	0	1	0	0	0
AATTACCCAAGGGTTG-1	959	1425	1213	2373	0	0	0	0	1	0	0	0
AATTACCCACGGTACT-1	2305	4332	2976	6105	0	0	0	0	1	0	0	0
AATTACCCATCAGTAT-1	708	1119	1072	2123	0	0	0	0	1	0	0	0
AATTAGCGTGCAATGC-1	5336	16368	13429	32766	0	0	0	0	1	0	0	0
AATTAGCGTTCATTTG-1	1968	4740	6153	13411	0	0	0	0	1	0	0	0
AATTAGGCAGCATGAG-1	854	1091	3582	7329	0	0	0	0	1	0	0	0
AATTCGTCAAGCCAGA-1	4067	9849	4050	8511	0	0	0	0	1	0	0	0
AATTCGTCACATTGCA-1	5503	16747	12198	28270	0	0	2	0	1	0	0	0
AATTCGTCAGGAAGCC-1	2699	5250	7822	16637	0	0	0	1	1	0	0	0
AATTCGTCAGGCTTGT-1	10974	82952	15611	38165	0	0	1	0	0	0	0	0
AATTCGTCATGAATCT-1	1136	1926	491	938	0	0	1	0	1	0	0	0
AATTGACGTCATCATC-1	668	923	4563	10168	0	0	0	0	1	0	0	0
AATTGACGTTATCCTA-1	1170	1883	1974	3881	0	0	0	0	1	0	0	0
AATTGACGTTCACCAT-1	3991	9538	273	511	0	1	0	0	1	0	0	0
AATTGACGTTGGCGTG-1	3462	7983	1657	3339	0	0	0	0	1	0	0	0
AATTGACGTTGTTGTC-1	4215	12107	6336	13381	0	0	0	0	1	0	0	0
AATTGACGTTTCCGGC-1	2616	4670	3731	7477	0	0	1	0	1	0	0	0
AATTGGACACAAAGCG-1	5185	18181	2266	4527	0	0	1	0	1	0	0	0
AATTGGACAGTTAGCC-1	1986	3088	1473	2993	1	0	0	0	1	0	0	0
AATTGGACATCCAGGT-1	3250	6895	4732	10016	0	0	1	0	1	0	0	0
AATTGGACATGGCCTG-1	2095	3627	1069	2082	0	0	1	0	1	0	0	0
AATTGGGAGATGGACA-1	517	686	2571	5189	0	0	0	0	1	0	0	0
AATTGGGAGATGGAGC-1	1713	2730	3998	8350	0	0	1	0	1	0	0	0
AATTGGGAGCGTGCGT-1	1208	1844	1206	2368	0	0	1	0	1	0	0	0
AATTGGGAGCTTACTT-1	8439	42013	20142	55209	0	0	1	0	0	0	0	0
AATTGTGTCCTTAATC-1	1851	3147	1209	2320	0	0	0	0	1	0	0	0
AATTGTGTCGTTATAG-1	1730	3583	4689	10006	0	0	0	0	1	0	0	0
AATTGTGTCTTGTCTG-1	3071	6311	10066	23484	0	0	0	0	1	0	0	0
AATTTCCTCACTTCAT-1	2224	4382	4428	9094	0	0	0	0	1	0	0	0
AATTTCCTCATGACCG-1	2785	5230	3383	6914	0	0	1	0	1	0	0	0
AATTTCCTCGCGCTAA-1	1505	2355	697	1357	0	0	0	0	1	0	0	0
AATTTGCCAGTAGGAT-1	1355	3496	772	1518	0	0	0	0	1	0	0	0
AATTTGGTCACCTGTC-1	2007	3989	675	1290	0	0	0	0	1	0	0	0
AATTTGGTCCGGCTAA-1	1674	3125	369	693	0	0	1	0	1	0	0	0
ACAAACTGTAAAGCAA-1	2410	4550	1186	2295	0	0	0	0	1	0	0	0
ACAAACTGTGATCATG-1	1669	2740	305	567	0	0	0	0	1	0	0	0
ACAAACTGTGATGGCT-1	2577	6231	581	1065	0	0	0	0	1	0	0	0
ACAAACTGTGGAAGGC-1	2230	4023	723	1418	0	0	0	0	1	0	0	0
ACAAACTGTTAGGTGC-1	3524	7953	1972	3738	0	0	0	0	1	0	0	0
ACAAAGGTCAGCACGC-1	4592	13096	10455	24589	0	0	2	0	1	0	0	0
ACAAAGGTCCCTCAAC-1	2972	6551	2865	5667	0	0	0	0	1	0	0	0
ACAACAACAACCTGGT-1	1649	2607	327	612	0	0	0	0	1	0	0	0
ACAACAACACAATACT-1	2350	6463	4161	8647	0	0	0	0	1	0	0	0
ACAACAACATCAGCAC-1	2595	5978	4010	8411	0	0	0	0	1	0	0	0
ACAACACTCCTTGTTG-1	653	886	1180	2304	0	0	0	0	1	0	0	0
ACAACACTCTTGGACG-1	1367	2491	1175	2361	0	1	2	0	1	0	0	0
ACAACAGAGCCGCAAC-1	4820	12442	5921	12444	0	0	1	0	1	0	0	0
ACAACAGAGGAGCAAC-1	759	926	1612	3266	1	0	0	0	1	0	0	0
ACAACAGAGTCCTGAG-1	304	421	3411	7259	0	0	0	0	1	0	0	0
ACAACAGAGTTACCGG-1	3242	8088	4493	9501	0	0	0	0	1	0	0	0
ACAACATGTGGGAACA-1	836	1258	1158	2262	0	0	0	0	1	0	0	0
ACAACATGTGGTTCCC-1	4066	9857	735	1417	0	0	1	0	1	0	0	0
ACACAATGTGCTAGAC-1	6726	25379	1825	3506	0	1	2	0	1	0	0	0
ACACAATGTTAGTGAT-1	2824	6158	6960	15055	0	0	0	0	1	0	0	0
ACACAATGTTTACCGT-1	1941	3743	3615	7595	0	0	1	0	1	0	0	0
ACACCTTGTAACCTAG-1	3111	13018	3856	8163	0	0	0	0	1	0	0	0
ACACCTTGTGATGGCT-1	1521	2566	1746	3510	0	0	0	0	1	0	0	0
ACACCTTGTGCCGCAA-1	2661	5226	3289	6696	0	0	0	0	1	0	0	0
ACACCTTGTTGCCTCA-1	3462	7605	911	1760	0	0	0	0	1	0	0	0
ACACGGACAAAGGCCA-1	1299	1884	5419	10954	0	0	0	0	1	0	0	0
ACACGGACAAGCTACC-1	1469	2449	4680	9803	0	0	0	0	1	0	0	0
ACACGGACAGAAATTG-1	4369	11148	6001	12821	0	0	0	0	1	0	0	0
ACACGGACAGCTACGT-1	1665	3044	965	1915	2	0	0	0	1	1	0	0
ACACGGACATTATGAC-1	3482	7200	304	555	0	0	0	0	1	0	0	0
ACACGGACATTATGCG-1	544	1222	2436	4905	0	0	0	0	1	0	0	0
ACACTAATCACTTTAC-1	5228	15277	7000	14812	0	0	0	0	1	0	0	0
ACACTAATCCCTCAAC-1	2316	4708	5401	11118	0	0	0	0	1	0	0	0
ACACTAATCCGCAAGC-1	3025	6250	5555	11818	0	0	0	0	1	0	0	0
ACACTAGGTATGTGGC-1	1696	2927	284	528	0	0	0	0	1	0	0	0
ACACTAGGTATTTGCC-1	577	896	4526	9257	0	0	0	0	1	0	0	0
ACACTAGGTCATTGTC-1	3664	8456	2742	5445	0	0	1	0	1	0	0	0
ACACTAGGTTAGCATG-1	2770	5278	1499	2916	0	0	0	0	1	0	0	0
ACACTAGGTTCGCGCT-1	561	751	2476	4885	0	0	0	0	1	0	0	0
ACACTAGGTTGGATAT-1	909	1349	1121	2219	0	0	0	0	1	0	0	0
ACACTAGGTTTCCTCC-1	1808	2799	2297	4586	0	1	2	0	1	0	0	0
ACACTAGGTTTCGCCA-1	4373	10550	2279	4365	0	0	2	0	1	0	0	0
ACACTTAAGCCTGAGC-1	4545	14794	6449	13165	0	0	0	0	1	0	0	0
ACACTTAAGGTAGCTT-1	3836	9201	6137	13219	0	0	0	0	1	0	0	0
ACACTTAAGGTATTGC-1	2494	4277	1107	2128	0	1	1	0	1	0	0	0
ACACTTAAGTTAGCCG-1	4139	10144	2288	4740	0	1	1	0	1	0	0	0
ACACTTAAGTTGGATC-1	3233	7059	1303	2450	0	1	1	0	1	0	0	0
ACAGCCGGTAACTACG-1	6433	25707	12266	28086	0	0	1	0	1	0	0	0
ACAGCCGGTGATTTGG-1	4387	11436	3869	7911	0	1	2	0	1	0	0	0
ACAGCGCTCCGCAAAT-1	1870	3172	2910	5953	0	0	0	0	1	0	0	0
ACAGGAATCCTAATTC-1	2570	4409	2286	4719	0	0	0	0	1	0	0	0
ACAGGAATCGCTAAGT-1	3570	7775	9172	20732	0	0	0	0	1	0	0	0
ACAGGAATCTTGTCTG-1	1878	3099	2722	5706	0	0	0	0	1	0	0	0
ACAGGATCAACTAGAA-1	1188	2061	1078	2139	0	0	0	0	1	0	0	0
ACAGGATCAAGGTGCA-1	1492	2724	821	1628	0	0	1	0	1	0	0	0
ACAGGATCAGGTTTGC-1	1157	1899	565	1049	0	0	0	0	1	0	0	0
ACAGGATCATAGCTTG-1	5150	15425	8690	18928	0	0	0	0	1	0	0	0
ACAGGCTGTAAGCTCA-1	6063	19647	6596	14262	0	0	1	0	1	0	0	0
ACAGGCTGTATTGCAG-1	6008	21438	13592	32371	0	0	0	0	1	0	0	0
ACAGGTAAGCGCCTAA-1	5833	17787	12058	27283	0	0	0	0	1	0	0	0
ACAGGTAAGGCGAAAC-1	5384	19012	5055	10378	0	1	0	0	1	0	0	0
ACAGGTAAGGGATTAG-1	5300	14547	9400	20624	0	2	1	0	1	0	0	0
ACAGTATGTAGTAAGA-1	2716	5119	2332	4552	0	0	1	0	1	0	0	0
ACAGTATGTGCAATGC-1	3358	8275	2659	5390	0	0	0	0	1	0	0	0
ACAGTATGTTACCGGG-1	4803	12649	18420	46426	0	0	1	0	1	0	0	0
ACAGTATGTTAGACCA-1	2874	6368	4479	9025	0	0	0	0	1	0	0	0
ACAGTATGTTGGTGAC-1	2513	5145	3910	8091	0	0	1	0	1	0	0	0
ACATAGCTCAAACACC-1	3178	7011	1598	3146	0	1	0	0	1	0	0	0
ACATAGCTCAGGAACA-1	963	1724	727	1426	0	0	0	0	1	0	0	0
ACATAGCTCCCTGGAA-1	6746	24187	8343	18578	0	0	0	0	1	0	0	0
ACATAGCTCGATATTG-1	612	947	1985	3947	0	0	1	0	1	0	0	0
ACATAGCTCGCTCACT-1	531	817	1525	2992	0	0	0	0	1	0	0	0
ACATAGCTCGTTACAA-1	2333	4270	1022	1972	0	0	0	0	1	0	0	0
ACATCAATCACGTTAA-1	3133	7222	3060	6359	0	0	0	0	1	0	0	0
ACATCAATCCAGGTTG-1	7382	26671	4635	9661	0	0	2	0	1	0	0	0
ACATCATCATCAATCG-1	2368	4860	2198	4446	0	0	1	0	1	0	0	0
ACATCATCATTGTGGC-1	678	2123	10250	23296	0	0	1	0	1	0	0	0
ACATTAGTCCGTCCAT-1	4561	12516	10025	22323	1	0	0	0	1	0	0	0
ACATTAGTCGCTAGCA-1	2689	5269	5449	11704	0	0	1	0	1	0	0	0
ACATTAGTCTAATCTC-1	2563	5058	2792	5487	0	0	0	0	1	0	0	0
ACATTGCAGGAGGCAT-1	1651	2575	1468	2888	0	0	0	0	1	0	0	0
ACATTGCAGGTCGAGG-1	829	1866	485	922	0	0	0	0	1	0	0	0
ACATTGCAGTTGGGCC-1	1103	1631	3777	8083	0	0	0	0	1	0	0	0
ACCAAGCGTCACTCGC-1	930	1305	791	1500	0	0	0	0	1	0	0	0
ACCAAGCGTCATAACG-1	1907	3038	1645	3223	0	0	0	0	1	0	0	0
ACCAAGCGTGTTTGCT-1	1762	3239	5496	11626	0	0	0	0	1	0	0	0
ACCAAGCGTTAAGGTT-1	2840	6060	3333	6799	0	0	0	0	1	0	0	0
ACCAAGCGTTTAACGG-1	5490	17953	3081	6313	0	0	1	0	1	0	0	0
ACCAAGTTCAATTACG-1	2175	3982	1137	2205	0	0	0	0	1	0	0	0
ACCAAGTTCCCTTGCG-1	2708	7742	4032	8452	0	0	1	0	1	0	0	0
ACCAAGTTCCGCAACA-1	801	1277	1882	4039	0	0	0	0	1	0	0	0
ACCAAGTTCCGCCTAT-1	2413	4344	3103	6555	0	0	0	0	1	0	0	0
ACCAAGTTCGTTACAA-1	2419	5205	3312	6504	0	0	0	0	1	0	0	0
ACCAAGTTCTTACTCG-1	1549	2444	2404	4864	0	0	1	0	1	0	0	0
ACCAATATCCCGTTAC-1	3668	8763	8481	18959	0	0	0	0	1	0	0	0
ACCAATATCCGTTAAA-1	3885	8587	6968	14862	2	2	1	1	1	1	1	1
ACCACATAGGTGAAAT-1	3463	8364	2225	4693	0	0	0	0	1	0	0	0
ACCACATAGTAACGAG-1	3688	9048	2953	5724	0	0	1	0	1	0	0	0
ACCAGCTCAAACTGCC-1	2951	6161	309	577	0	0	0	0	1	0	0	0
ACCAGCTCACGAACAG-1	3027	6879	2201	4440	0	0	0	0	1	0	0	0
ACCAGCTCATAATTGC-1	5800	18504	11047	24894	0	0	0	0	1	0	0	0
ACCAGGACAAACCTTG-1	2891	5974	3124	6357	0	0	0	0	1	0	0	0
ACCAGGACAGCCAGTT-1	1953	3408	1682	3252	0	0	1	0	1	0	0	0
ACCAGGACAGGAAGCC-1	2022	3560	1672	3236	0	0	0	0	1	0	0	0
ACCAGGCTCCCTCGCA-1	2215	4187	669	1281	0	0	1	0	1	0	0	0
ACCAGGCTCTTGTCCA-1	7222	26995	10543	23734	0	0	2	0	1	0	0	0
ACCAGGGAGTGGACAA-1	2405	4428	1197	2253	0	0	0	0	1	0	0	0
ACCAGGGAGTTTGTCT-1	2895	6128	2722	5457	0	0	0	0	1	0	0	0
ACCATAATCCATTACT-1	1512	2155	1078	2116	0	0	0	0	1	0	0	0
ACCATAATCCTTAATC-1	4058	10231	2781	5622	0	0	0	0	1	0	0	0
ACCATAATCGAGCAAA-1	2097	3684	2865	5763	0	0	0	0	1	0	0	0
ACCATAATCGCTTGCT-1	1114	1588	1673	3343	1	0	0	0	1	0	0	0
ACCATAATCGGTACGC-1	1935	3427	3994	8086	0	0	1	0	1	0	0	0
ACCATAATCGTTACTT-1	3024	7417	4120	8398	0	0	0	0	1	0	0	0
ACCATAATCGTTAGTA-1	3477	8937	11799	28022	0	0	0	0	1	0	0	0
ACCATAATCGTTCACC-1	3200	6589	5199	10835	0	0	0	0	1	0	0	0
ACCATAATCTAACCTT-1	2097	3401	1422	2822	0	1	0	0	1	0	0	0
ACCATAATCTCACATT-1	1795	3491	1166	2284	0	0	0	0	1	0	0	0
ACCATTAAGACAAAGT-1	4621	12441	5261	11303	0	0	2	0	1	0	0	0
ACCATTAAGATAGACG-1	254	1589	1138	2208	0	0	0	0	1	0	0	0
ACCATTAAGTCCTTTG-1	2347	6097	786	1479	0	0	0	0	1	0	0	0
ACCCAACCACAATACT-1	3428	7598	5650	11889	0	0	1	0	1	0	0	0
ACCCAACCATCGTTCT-1	2562	5209	3154	6377	0	0	0	0	1	0	0	0
ACCCAGGGTCAAGTAT-1	1092	1512	4171	8536	0	0	0	0	1	0	0	0
ACCCAGGGTCAATACG-1	1786	3405	1323	2603	0	0	1	0	1	0	0	0
ACCCAGGGTCAGTAAT-1	790	1107	2671	5457	0	0	0	0	1	0	0	0
ACCCAGGGTCATGAGC-1	3410	7141	11762	26984	0	0	0	0	1	0	0	0
ACCCAGGGTCCTGATT-1	4164	9742	271	477	0	0	2	0	1	0	0	0
ACCCAGGGTCTTGCTG-1	2255	4443	1380	2645	0	0	0	0	1	0	0	0
ACCCAGGGTGAGCACT-1	2240	4202	4479	9460	0	0	0	0	1	0	0	0
ACCCAGGGTGTCCAGG-1	689	1035	1968	4345	0	0	0	0	1	0	0	0
ACCCAGGGTTAGAGGG-1	3472	9641	7211	15301	0	0	0	0	1	0	0	0
ACCCGCTGTAACGAGG-1	6047	19989	973	1830	1	1	0	0	1	0	0	1
ACCCGCTGTCATAACG-1	4143	10576	4694	9405	0	0	1	0	1	0	0	0
ACCCGCTGTGTCACGG-1	2697	5147	7266	16241	0	1	0	0	1	0	0	0
ACCCGCTGTGTTTCAC-1	7316	32114	8087	17430	0	1	0	0	1	0	0	0
ACCCGCTGTTAGTTGG-1	5105	15767	11288	26706	0	0	1	0	1	0	0	0
ACCCGGTAGGGTTAGA-1	1520	2222	1648	3320	0	0	1	0	1	0	0	0
ACCCGTAAGAGAGCCG-1	903	1224	910	1818	0	0	0	0	1	0	0	0
ACCCGTAAGCGATAGA-1	1832	3109	1080	2062	0	0	0	0	1	0	0	0
ACCCGTAAGCGCATTG-1	1038	1618	1141	2264	0	0	0	0	1	0	0	0
ACCCGTAAGCGGCTGT-1	5008	14451	14327	34039	0	0	2	0	1	0	0	0
ACCCGTAAGGCCTAAT-1	5229	15231	3710	7661	0	0	1	0	1	0	0	0
ACCCGTAAGGCTGTGC-1	1664	2764	1847	3690	0	0	0	0	1	0	0	0
ACCCGTAAGGTCTTGG-1	3814	11672	2470	4885	0	0	0	0	1	0	0	0
ACCCTCCCACTTCACT-1	5477	19117	158	286	0	1	0	0	1	0	0	0
ACCCTCCCAGAACCGA-1	963	1455	2220	4495	0	0	0	0	1	0	0	0
ACCCTCCCAGTCTAGC-1	3026	6210	3018	6344	0	0	1	0	1	0	0	0
ACCCTGTTCAGGCTAT-1	3704	10118	4395	9135	0	0	0	0	1	0	0	0
ACCCTGTTCAGTTCCC-1	5994	22995	5720	12398	0	1	0	0	1	0	0	0
ACCCTGTTCATAACTG-1	5002	14249	10557	23561	0	0	1	0	1	0	0	0
ACCCTGTTCATAAGCC-1	3868	9931	5667	12284	0	0	0	0	1	0	0	0
ACCCTGTTCATAGCCG-1	1077	2122	631	1208	0	0	0	0	1	0	0	0
ACCCTGTTCCATCAGG-1	810	1201	1606	3143	0	0	1	0	1	0	0	0
ACCCTGTTCGTTATCT-1	3325	8104	2198	4385	0	0	1	0	1	0	0	0
ACCCTGTTCTAATTGG-1	3047	6739	3343	6853	0	1	0	0	1	0	0	0
ACCCTGTTCTAGCTAA-1	3248	6852	7869	16779	0	0	0	0	1	0	0	0
ACCGAAGCACTGACTA-1	721	1196	977	1886	0	0	0	0	1	0	0	0
ACCGAAGCAGACAAAC-1	2461	4402	1399	2885	0	0	0	0	1	0	0	0
ACCGCAATCAATGTCA-1	9138	47548	16722	43164	0	0	2	1	1	0	0	0
ACCGCAATCACAGCGC-1	2282	3882	3107	6398	0	0	0	0	1	0	0	0
ACCGCAATCCACCTTA-1	1135	1891	504	983	0	0	1	0	1	0	0	0
ACCGGCTAGCCACAAT-1	5502	18388	3390	6989	0	0	0	0	1	0	0	0
ACCGGCTAGCGATACT-1	2647	5483	3907	7770	0	0	1	0	1	0	0	0
ACCGGCTAGTAACAGG-1	1882	3737	2970	6060	0	0	0	0	1	0	0	0
ACCGGTTCAAATTGCT-1	3021	6412	2768	5372	0	0	0	0	1	0	0	0
ACCGGTTCACCTGGTG-1	1196	2176	422	818	0	0	0	0	1	0	0	0
ACCGGTTCACTTACAG-1	2598	5215	2676	5440	0	0	0	0	1	0	0	0
ACCGGTTCAGAAACGT-1	554	2771	5611	12025	0	0	0	0	1	0	0	0
ACCGGTTCAGGAACTG-1	2620	4709	2413	4919	1	0	2	0	1	0	0	0
ACCGGTTCATAAACCT-1	5922	19927	5771	12407	0	0	0	0	1	0	0	0
ACCGGTTCATTTGCTC-1	341	481	4666	9280	0	0	0	0	1	0	0	0
ACCTAAATCAAGTGTC-1	961	3147	1737	3659	0	0	0	1	1	0	0	0
ACCTAAATCAGGCCTA-1	3034	5802	3643	7243	1	0	1	0	1	0	0	0
ACCTAAGGTATTTGCC-1	3136	7231	10789	24052	0	0	0	0	1	0	0	0
ACCTAAGGTCATCCTG-1	598	825	1445	2899	0	0	1	0	1	0	0	0
ACCTAAGGTGTGAGGA-1	1730	2825	816	1604	0	0	1	0	1	0	0	0
ACCTACCTCACCTGCT-1	4562	11923	1054	2007	0	0	1	0	1	0	0	0
ACCTCACTCCAAACAC-1	1482	2265	959	1875	0	0	0	0	1	0	0	0
ACCTCACTCGCTAGTG-1	2598	4893	4528	9565	0	0	0	0	1	0	0	0
ACCTCACTCGTTAGTA-1	1709	2782	1399	2687	0	0	0	0	1	0	0	0
ACCTGGATCATCCTAT-1	841	1319	860	1666	0	0	1	0	1	0	0	0
ACCTGGATCCAAGTGT-1	1637	3380	564	1080	0	0	0	0	1	0	0	0
ACCTGGATCGCACACA-1	3374	7269	5135	10669	0	0	0	0	1	0	0	0
ACCTGGATCGGTAACT-1	3093	7022	4953	10744	0	0	0	0	1	0	0	0
ACCTGGATCGGTCAGC-1	2111	3555	1209	2359	0	0	0	0	1	0	0	0
ACCTGGTCAAACTAAG-1	4628	12083	18798	48864	0	0	2	0	1	0	0	0
ACCTGGTCACGTAATT-1	3214	7720	2601	5056	0	0	1	0	1	0	0	0
ACCTGTTGTGCTCCAC-1	2461	5073	662	1232	0	0	0	0	1	0	0	0
ACCTTCATCAGCATTA-1	3017	6969	6493	13944	0	0	0	0	1	0	0	0
ACCTTCATCCAACTGG-1	889	1216	1456	2829	1	0	1	0	1	0	0	0
ACCTTCATCCCGAACA-1	619	919	1314	2580	0	0	1	0	1	0	0	0
ACCTTCATCCTTAAGA-1	1438	2728	645	1238	0	0	0	0	1	0	0	0
ACCTTCCAGAGGGACT-1	3990	10351	5975	12660	0	0	0	0	1	0	0	0
ACCTTCCAGCATTATG-1	1119	1942	550	1097	0	0	1	0	1	0	0	0
ACCTTCCAGCGATACT-1	4806	14773	5006	10900	0	0	0	0	1	0	0	0
ACCTTGCTCAAGCGCC-1	591	758	2116	4360	0	0	0	0	1	0	0	0
ACCTTGCTCACTAATG-1	904	1478	1675	3362	0	0	0	0	1	0	0	0
ACCTTGCTCCTCACTA-1	4962	15428	6579	13664	0	0	0	0	1	0	0	0
ACCTTGTGTCCTAACT-1	4653	12472	2008	3910	1	0	0	0	1	0	0	0
ACCTTGTGTGTTTCAC-1	7272	27828	10079	22508	0	1	1	0	1	0	0	0
ACCTTGTGTTAGAGCC-1	2387	4598	1761	3416	0	0	0	0	1	0	0	0
ACGAACAAGCTTGCTC-1	6051	20013	10889	25082	0	0	1	0	1	0	0	0
ACGAACAAGGTCAAAG-1	1117	1567	2508	5308	0	0	0	0	1	0	0	0
ACGAACAAGGTCCTGA-1	3388	7265	3518	7022	0	0	0	0	1	0	0	0
ACGAACAAGTCCTGAG-1	2348	3998	1355	2691	0	0	0	0	1	0	0	0
ACGAAGTCACCGGCTA-1	4923	13021	1326	2532	0	0	2	0	1	0	0	0
ACGAAGTCATCCCGCT-1	3001	6868	216	406	0	0	0	0	1	0	0	0
ACGAAGTCATGAATAG-1	3241	7365	4425	8938	0	0	1	0	1	0	0	0
ACGAATCTCAAACTCA-1	1671	3012	970	1872	0	2	0	0	1	0	0	0
ACGAATCTCAATGTCA-1	4203	13320	9243	20982	0	1	1	0	1	0	0	0
ACGAATCTCAGTATTG-1	2090	3981	409	756	0	0	0	0	1	0	0	0
ACGAATCTCATGGTGT-1	3563	7717	5630	11486	0	0	1	0	1	0	0	0
ACGAATCTCGCAGGCT-1	2225	3893	2443	4901	0	0	1	0	1	0	0	0
ACGACAAAGGACTTAC-1	2953	6010	6093	13327	0	0	0	0	1	0	0	0
ACGACAAAGGATGATG-1	2352	4369	1560	3010	1	0	0	0	1	0	0	0
ACGACTTAGAATGACG-1	907	1420	1380	2699	0	0	0	0	1	0	0	0
ACGAGTAAGCTGTAAC-1	3297	7499	8711	19337	0	0	0	0	1	0	0	0
ACGAGTAAGGAAGCTA-1	3577	8308	9281	20847	0	0	0	0	1	0	0	0
ACGAGTAAGGCAAGTA-1	1220	2007	979	1878	0	0	0	0	1	0	0	0
ACGATTCAGTAAACCC-1	3363	7062	11800	27776	0	0	0	0	1	0	0	0
ACGATTCAGTAGAGGC-1	2063	3444	2668	5366	0	0	0	0	1	0	0	0
ACGCAAGCAAACTAAG-1	4253	10858	1613	3153	0	0	0	0	1	0	0	0
ACGCAAGCAATTTAGC-1	4299	10370	6207	13420	0	0	0	0	1	0	0	0
ACGCAAGCACAGAAAC-1	1802	3038	702	1345	0	0	0	0	1	0	0	0
ACGCAAGCAGCTAACC-1	5793	19126	8651	19648	0	0	1	0	1	0	0	0
ACGCAAGCAGGTTACC-1	1696	2857	2552	5260	0	0	1	0	1	0	0	0
ACGCAAGCATTTAAGC-1	3591	8025	8890	19807	0	0	1	0	1	0	0	0
ACGCACGGTAATCGGC-1	1988	3392	6020	13110	0	0	0	0	1	0	0	0
ACGCACGGTAGGTGTC-1	1656	2627	4231	8528	0	0	0	0	1	0	0	0
ACGCACGGTCTTGCAT-1	2827	5820	418	793	0	0	0	0	1	0	0	0
ACGCACGGTGAACAAA-1	6678	25126	3706	7565	0	0	1	0	1	0	0	0
ACGCACGGTGCTAGCG-1	2861	5798	4019	8576	0	0	0	0	1	0	0	0
ACGCCACAGCACTTGG-1	4857	13007	4652	9511	0	0	0	1	1	0	0	0
ACGCCACAGGATGATG-1	5449	18461	10765	24701	1	0	1	0	1	0	0	0
ACGCCACAGTTATGGC-1	3833	11402	2494	4784	0	0	0	0	1	0	0	0
ACGCCTAAGATGGAGC-1	2036	3609	2526	5377	0	0	0	0	1	0	0	0
ACGCCTAAGCCTAATA-1	3339	7893	4256	9115	0	0	0	0	1	0	0	0
ACGCCTAAGGTTTACA-1	598	877	1283	2665	0	0	0	0	1	0	0	0
ACGCCTTTCAAGTGTC-1	2819	5812	1153	2297	0	0	1	0	1	0	0	0
ACGCCTTTCCTAATAG-1	1257	3028	297	566	0	0	1	0	1	0	0	0
ACGCCTTTCTTGATGA-1	3304	6868	1784	3578	0	0	0	0	1	0	0	0
ACGCTTGAGCGAGGTG-1	3977	9186	7904	17444	0	0	0	0	1	0	0	0
ACGCTTGAGGGTGGAT-1	4549	12659	10670	24310	0	1	2	0	1	0	0	0
ACGCTTGAGTCTATGA-1	4582	12255	1194	2290	0	0	2	0	1	0	0	0
ACGCTTGAGTGCTGTG-1	645	812	2058	4171	1	0	0	0	1	0	0	0
ACGGGAAGTGGATTAT-1	3049	6239	9598	21782	0	0	0	0	1	0	0	0
ACGGGAAGTTACTAGG-1	6368	19086	15678	38882	0	1	1	0	1	0	0	0
ACGGTACGTAATAACC-1	4475	11816	781	1484	0	0	0	0	1	0	0	0
ACGGTACGTTGTTGCT-1	6380	23302	3069	6290	0	0	0	0	1	0	0	0
ACGGTTAGTCGCGCAA-1	1661	2864	1953	3872	0	0	2	0	1	0	0	0
ACGGTTAGTGCTAGAC-1	631	933	4858	10048	0	0	0	0	1	0	0	0
ACGGTTAGTTAAGCCA-1	3111	7610	5539	11583	0	0	0	0	1	0	0	0
ACGGTTTAGAGAGGAG-1	2071	3679	1771	3533	0	1	2	0	1	0	0	0
ACGGTTTAGAGGAAGG-1	2885	5992	3735	7575	0	0	0	0	1	0	0	0
ACGGTTTAGGACGTAA-1	1900	4231	1742	3422	0	0	0	0	1	0	0	0
ACGGTTTAGGCTACAT-1	2824	5676	1176	2287	0	0	0	0	1	0	0	0
ACGGTTTAGGCTGTCA-1	1185	1731	3402	7124	0	0	0	0	1	0	0	0
ACGTACCCAAACGCGA-1	1427	2172	1189	2299	2	0	0	0	1	1	0	0
ACGTACCCATACTCCT-1	4152	11065	2269	4345	0	1	0	0	1	0	0	0
ACGTCAAGTAATCGCA-1	6517	22242	10214	22786	0	0	1	0	1	0	0	0
ACGTCAAGTGAAACAA-1	5691	16640	9608	21351	0	1	1	0	1	0	0	0
ACGTCAAGTTAGGTTG-1	1615	2852	1690	3448	1	0	0	0	1	0	0	0
ACGTCAAGTTTAAAGC-1	5515	17684	9408	20532	0	0	1	0	1	0	0	0
ACGTCCAAGCCGCTAA-1	1305	2130	2275	4567	0	0	1	0	1	0	0	0
ACGTCCAAGTTCCCGT-1	936	1456	1110	2245	0	0	0	0	1	0	0	0
ACGTCCTTCGTAACGT-1	3533	8034	3358	6704	0	0	0	0	1	0	0	0
ACGTTACAGACTAAGG-1	3171	8820	12172	28215	0	0	0	0	1	0	0	0
ACGTTACAGCTTCCCG-1	4032	9186	6618	14235	2	2	1	0	1	1	1	1
ACGTTACAGGCATTAC-1	1700	2781	2181	4366	0	0	0	0	1	0	0	0
ACGTTACAGTCATTAG-1	1386	2091	3557	7585	0	1	1	0	1	0	0	0
ACGTTACAGTTAACCA-1	2637	5104	2432	4879	0	0	1	1	1	0	0	0
ACGTTGTAGAAAGCAT-1	11069	92726	27431	85615	1	1	2	0	0	0	0	0
ACGTTGTAGCAAGGTA-1	792	1121	1947	4076	1	1	0	0	1	0	0	1
ACTAAAGCAACAACAA-1	844	1401	852	1714	0	0	0	0	1	0	0	0
ACTAAAGCAAGGTAAC-1	1561	2558	1915	3794	0	0	0	0	1	0	0	0
ACTAAAGCATGTCGCG-1	2120	3803	3038	6199	0	0	1	0	1	0	0	0
ACTAACCAGAGAAGGG-1	277	372	6289	14117	0	0	0	0	1	0	0	0
ACTAACCAGGACACTT-1	2019	3362	2388	4784	0	0	0	0	1	0	0	0
ACTAACCAGGGACGCA-1	2829	5748	5544	11995	0	0	1	0	1	0	0	0
ACTAACCAGGGATGCG-1	2285	3963	622	1181	0	0	0	0	1	0	0	0
ACTAACCAGTCTATGA-1	744	1209	1517	2917	0	0	0	0	1	0	0	0
ACTAACGGTAAGCTCA-1	1204	1863	2901	5978	0	0	1	0	1	0	0	0
ACTAACGGTGAGAAAC-1	1588	2546	1557	3037	0	0	0	0	1	0	0	0
ACTAATCCAACAGCCT-1	5200	14356	9831	23075	0	0	0	0	1	0	0	0
ACTAATCCAAGACTCC-1	2472	6489	5314	11073	0	0	0	0	1	0	0	0
ACTAATCCAGCAGGTA-1	2340	4004	3384	6817	0	1	1	0	1	0	0	0
ACTAATCCATGTGGGA-1	3888	8432	2717	5172	0	0	1	0	1	0	0	0
ACTAGGCGTTCCTCCT-1	1274	2095	840	1645	0	0	0	0	1	0	0	0
ACTATCCGTAAATTGC-1	3056	6298	3334	6679	0	0	0	0	1	0	0	0
ACTATCCGTAATCACG-1	3380	8084	1033	1963	0	0	0	0	1	0	0	0
ACTATCCGTACTGATG-1	4865	13431	13589	31629	0	1	0	0	1	0	0	0
ACTATCCGTCACACCC-1	732	1099	1175	2317	0	0	0	0	1	0	0	0
ACTATCCGTCATCAAG-1	3520	8234	7061	15286	1	1	0	0	1	0	0	1
ACTATGTCAAGCCAGA-1	4312	10504	5188	10857	0	0	2	0	1	0	0	0
ACTATGTCAAGCTTAT-1	890	1416	1433	2781	0	0	0	0	1	0	0	0
ACTATGTCAAGGTGGC-1	2056	3701	2035	4193	0	0	0	0	1	0	0	0
ACTATGTCACTGACTA-1	3499	7537	5827	12472	0	0	1	0	1	0	0	0
ACTATGTCATTTGCTC-1	818	1138	1211	2519	1	2	0	0	1	0	0	1
ACTCACCTCAGTGAAG-1	4814	14422	3303	6784	0	0	0	0	1	0	0	0
ACTCACCTCCGTTAAA-1	6574	24634	7290	15791	0	0	0	0	1	0	0	0
ACTCACCTCGTAATCA-1	5944	20327	11791	26744	0	0	0	0	1	0	0	0
ACTCACCTCGTTATCT-1	1647	2619	831	1642	0	0	0	0	1	0	0	0
ACTCACCTCTAACCTT-1	3626	9384	3473	6945	0	0	1	0	1	0	0	0
ACTCACTGTATGTGGC-1	1225	2231	1103	2070	0	0	0	0	1	0	0	0
ACTCACTGTCATCCTG-1	3483	8042	10842	25091	0	0	0	0	1	0	0	0
ACTCACTGTGATTTGG-1	4152	10584	9926	23228	0	1	0	0	1	0	0	0
ACTCAGTAGACACTTA-1	2094	3428	1338	2604	0	0	0	0	1	0	0	0
ACTCAGTAGGCTACAT-1	1797	2787	674	1359	0	0	0	0	1	0	0	0
ACTCCTCAGCATCCAG-1	10965	86196	25893	76659	0	1	1	0	0	0	0	0
ACTCCTCAGGCAGGTG-1	3127	6841	7669	16372	0	0	0	0	1	0	0	0
ACTCCTCAGGCGTAAA-1	2597	5281	4375	8935	0	0	0	0	1	0	0	0
ACTCGCGCAGTTTGGC-1	3344	7980	6859	14747	0	0	0	0	1	0	0	0
ACTCGCGCATGAGTTT-1	3459	7271	3928	8203	0	0	0	0	1	0	0	0
ACTCGCTTCCAACTGG-1	4650	13676	9902	22575	0	0	1	0	1	0	0	0
ACTCGCTTCCTAGTTT-1	4126	12264	2973	6281	0	0	0	0	1	0	0	0
ACTCGCTTCCTGCGAA-1	4101	10441	4839	10115	0	0	0	0	1	0	0	0
ACTCGCTTCTTGAGCG-1	647	848	1354	2677	0	0	0	0	1	0	0	0
ACTGAAACACGTAATT-1	4769	15675	4873	9932	0	0	0	0	1	0	0	0
ACTGAAACAGGAACAT-1	1208	2106	1045	2118	0	0	0	0	1	0	0	0
ACTGAAACAGGAAGCC-1	3954	9839	4719	9671	0	0	0	0	1	0	0	0
ACTGAAACATCCTGAA-1	3717	7629	11548	26585	0	0	0	0	1	0	0	0
ACTGAATGTACTGAAT-1	3564	7634	3666	7519	0	0	0	0	1	0	0	0
ACTGAATGTGGACCTG-1	1555	2381	3512	7315	0	0	0	0	1	0	0	0
ACTGAATGTGTGCACG-1	1838	2895	1286	2598	0	0	0	0	1	0	0	0
ACTGAATGTTGACTTC-1	9934	71488	13724	32690	1	1	1	0	0	0	0	0
ACTTACAAGCACAGCC-1	5779	18649	13527	33434	0	1	0	0	1	0	0	0
ACTTACTTCATTGTCT-1	2216	4306	2056	4168	0	0	0	0	1	0	0	0
ACTTACTTCGCGCTAA-1	2542	4913	945	1844	0	1	1	0	1	0	0	0
ACTTACTTCTTAGGGT-1	597	918	1128	2164	0	0	0	0	1	0	0	0
ACTTAGGGTACGTTTC-1	6450	23785	4406	9082	2	0	2	1	1	1	0	0
ACTTAGGGTCACAGAC-1	4622	11667	9746	22653	0	0	0	0	1	0	0	0
ACTTAGGGTGCCGCAA-1	1267	1998	2821	5768	0	0	0	0	1	0	0	0
ACTTAGGGTGTGTGGT-1	1623	2690	5040	10394	0	0	0	0	1	0	0	0
ACTTAGGGTTAATCGG-1	988	1751	556	1053	0	0	0	0	1	0	0	0
ACTTAGTCACAAAGGT-1	909	2489	1206	2352	0	0	0	0	1	0	0	0
ACTTAGTCATACTCCT-1	3556	8994	1482	2926	0	0	0	0	1	0	0	0
ACTTATCTCATTGTTC-1	3377	6927	602	1169	0	0	0	0	1	0	0	0
ACTTATGAGAAAGCAT-1	550	1265	6159	13427	0	0	0	0	1	0	0	0
ACTTATGAGCCACATG-1	714	905	1277	2517	0	0	0	0	1	0	0	0
ACTTATGAGGAACACA-1	1565	4028	8462	18683	0	0	0	0	1	0	0	0
ACTTATGAGGCAGGTG-1	3312	8242	12756	31088	0	0	0	0	1	0	0	0
ACTTCGCTCCTAAGAC-1	2919	5996	7218	15431	0	0	0	0	1	0	0	0
ACTTCGCTCCTAAGTA-1	1590	2975	413	821	0	0	0	0	1	0	0	0
ACTTCGCTCGAAGTGA-1	4440	16607	1680	3469	0	0	0	0	1	0	0	0
ACTTGAATCATTAGTG-1	6208	19633	8669	20174	0	0	1	0	1	0	0	0
ACTTGAATCCGTTAAA-1	5038	16033	11269	25227	0	0	1	0	1	0	0	0
ACTTGAATCCTTCTAG-1	1096	1758	1345	2601	0	0	1	0	1	0	0	0
ACTTGAATCCTTTACG-1	4437	12177	8198	17930	0	0	0	0	1	0	0	0
ACTTGCACAACTAGGG-1	2977	6044	4793	9631	0	0	0	0	1	0	0	0
ACTTGCACAGGCGAGT-1	4398	12125	5761	12171	0	0	1	0	1	0	0	0
ACTTGCACATACTCCT-1	7041	26240	4801	10174	2	0	0	0	1	1	0	0
ACTTGCACATAGCAGG-1	1150	1798	1225	2483	0	0	0	0	1	0	0	0
ACTTGTAAGCGGATAA-1	5598	17195	11234	25459	0	0	2	0	1	0	0	0
ACTTGTAAGCTTTGTT-1	4981	16791	6871	14608	0	0	0	0	1	0	0	0
ACTTGTAAGGAGTAAT-1	5920	18055	1122	2130	0	0	0	0	1	0	0	0
ACTTGTCGTAGGTTAT-1	2755	5378	1479	2878	0	0	0	0	1	0	0	0
ACTTGTCGTCAATACG-1	2419	5199	5878	12594	0	0	0	0	1	0	0	0
ACTTGTCGTCGTAAAT-1	3229	6851	6267	13321	0	0	0	0	1	0	0	0
ACTTGTCGTGTCCAGG-1	948	1562	2465	4955	0	0	0	0	1	0	0	0
ACTTGTCGTTTGCGCC-1	2735	5527	7606	16537	0	0	0	0	1	0	0	0
ACTTTGTTCAAGCTTA-1	7390	27731	14510	35589	1	1	0	0	1	0	0	1
AGAAACCCAAACCTAT-1	2278	4313	3589	7002	0	0	1	0	1	0	0	0
AGAAACCCAAGTCGCT-1	983	1719	3088	6216	0	0	1	0	1	0	0	0
AGAAACCCACCAACCG-1	2152	4151	1621	3233	0	0	1	0	1	0	0	0
AGAAACCCACGAACAG-1	408	1001	2910	6217	0	0	0	0	1	0	0	0
AGAAACCCAGAGGCTA-1	638	1104	6383	13424	0	0	0	0	1	0	0	0
AGAAACCCATATAACC-1	1349	2060	1647	3420	0	0	1	0	1	0	0	0
AGAAACTAGATAAAGC-1	2968	5914	3281	6492	0	0	0	0	1	0	0	0
AGAAACTAGCTAAGTC-1	2309	4447	4488	9312	0	0	1	0	1	0	0	0
AGAAAGGCAAATGCCC-1	2802	5691	1586	2963	0	0	0	0	1	0	0	0
AGAAAGGCAGCGCTTG-1	5927	18137	9967	22781	0	0	0	0	1	0	0	0
AGAACAAGTCAAGTAT-1	4752	13489	2704	5310	0	0	2	0	1	0	0	0
AGAACAAGTGCCTCAC-1	1917	3183	1068	2079	0	0	0	0	1	0	0	0
AGAACAAGTGGTGAGA-1	4455	10179	2656	5429	0	0	2	0	1	0	0	0
AGAACAAGTTTAACGG-1	4489	12610	13633	32208	0	0	0	0	1	0	0	0
AGAACCAAGCGGTTAT-1	1278	1814	2130	4405	0	0	0	0	1	0	0	0
AGAACCAAGGCCTAAT-1	643	902	1442	2812	0	0	1	0	1	0	0	0
AGAACCAAGTAACGGA-1	9407	59638	10690	25019	0	0	1	0	0	0	0	0
AGAACCGCAACAGCCT-1	4952	13264	8500	19198	0	0	0	0	1	0	0	0
AGAACCGCATTTGCTC-1	1187	1717	933	1831	0	0	0	0	1	0	0	0
AGAAGGTGTGAGCAAG-1	3443	7762	4297	9253	0	0	0	0	1	0	0	0
AGAAGGTGTTAAGGCC-1	4390	11621	798	1562	0	0	0	0	1	0	0	0
AGAAGGTGTTACGCAA-1	1114	1924	1436	2912	0	0	0	0	1	0	0	0
AGAATCGAGATGGAGC-1	1052	1957	3387	6997	0	0	0	0	1	0	0	0
AGAATCGAGCAACAAG-1	4236	10387	478	888	0	0	1	0	1	0	0	0
AGAATCGAGCCACAAT-1	2692	5200	2128	4379	0	0	0	0	1	0	0	0
AGAATCGAGTGTTGCG-1	1181	1597	1306	2607	0	0	1	0	1	0	0	0
AGAATCTGTAATAGCT-1	843	1259	1902	3847	0	0	0	0	1	0	0	0
AGAATCTGTAATCGTG-1	3455	7776	3757	7533	0	0	0	0	1	0	0	0
AGAATCTGTGTCCTGC-1	1151	1620	1734	3492	1	1	0	0	1	0	0	1
AGAATCTGTTGCGTAA-1	3237	7120	578	1068	0	0	0	0	1	0	0	0
AGAATCTGTTTACGTC-1	4719	13096	4103	8566	0	1	2	0	1	0	0	0
AGAATCTGTTTAGTCC-1	8191	34927	12126	29078	1	0	3	0	1	0	0	0
AGACAATAGCAGGTTT-1	3341	7271	3152	6254	1	0	0	0	1	0	0	0
AGACAATAGCCGGTAC-1	6081	21805	8464	18515	0	0	0	0	1	0	0	0
AGACAATAGCGAAGTA-1	1946	3383	1237	2474	0	0	0	0	1	0	0	0
AGACAATAGCGCTCAA-1	834	1396	1414	2872	0	1	0	0	1	0	0	0
AGACAATAGCGGTTAT-1	1929	3107	4761	10212	0	0	1	0	1	0	0	0
AGACAATAGCTGGCTA-1	7262	27025	17815	45174	0	0	2	0	1	0	0	0
AGACAATAGGACCGCT-1	2203	4184	2511	5233	0	0	0	0	1	0	0	0
AGACAATAGTTACCGG-1	1450	2236	1377	2703	0	0	2	0	1	0	0	0
AGACACGCAAAGCTAA-1	3964	8928	7449	16670	0	0	0	0	1	0	0	0
AGACACGCAGTAAGTA-1	1657	2565	2097	4140	0	0	0	0	1	0	0	0
AGACCCGGTGCGCATG-1	1314	1978	1749	3457	0	0	1	0	1	0	0	0
AGACCCGGTGGTTAGC-1	1253	1769	1552	3057	0	0	1	0	1	0	0	0
AGACCCGGTTGGCCGA-1	4462	14242	6910	15444	0	0	0	0	1	0	0	0
AGACTATGTGGTTCCC-1	1883	3207	1995	3880	0	0	2	0	1	0	0	0
AGACTATGTTTATCGC-1	1071	1570	2337	4632	1	2	0	0	1	0	0	1
AGAGAAGCAAGTAAGC-1	1606	2547	807	1581	0	0	0	0	1	0	0	0
AGAGAAGCAATTTGGT-1	4713	12065	5358	11169	0	0	1	0	1	0	0	0
AGAGAAGCACTCGCTC-1	1848	3096	511	970	0	0	0	0	1	0	0	0
AGAGAAGCAGCTAATT-1	2913	6342	2474	4984	0	0	0	0	1	0	0	0
AGAGAAGCATAGCGGA-1	1224	1660	2729	5563	0	0	0	0	1	0	0	0
AGAGAGGAGCATGTTA-1	4279	12441	3964	8267	0	0	0	0	1	0	0	0
AGAGAGGAGGTCCAAT-1	981	1418	1351	2779	2	0	0	0	1	1	0	0
AGAGAGGAGTTCCCAC-1	1668	2531	2869	6011	0	0	0	0	1	0	0	0
AGAGATTAGCCGCAGT-1	3323	7550	3274	6470	0	0	0	0	1	0	0	0
AGAGATTAGGATCCGC-1	1688	2807	1556	3117	0	0	1	0	1	0	0	0
AGAGATTAGTTGTCCC-1	1877	3092	1457	2730	0	0	0	0	1	0	0	0
AGAGGAACAAACCCTA-1	685	1073	1373	2678	1	0	0	0	1	0	0	0
AGAGGAACAACCCTAA-1	850	1388	1048	2014	0	0	0	0	1	0	0	0
AGAGGAACATAAAGCA-1	2870	6392	6900	14938	0	0	0	0	1	0	0	0
AGAGGATGTAACCTAG-1	1937	3190	2648	5460	0	0	0	0	1	0	0	0
AGAGGATGTAGCCATA-1	2586	4981	1156	2290	0	0	0	0	1	0	0	0
AGAGGATGTCACTCGC-1	2566	4782	372	700	0	0	1	0	1	0	0	0
AGAGGATGTGATTTGG-1	1867	3920	3083	6610	0	0	0	0	1	0	0	0
AGAGGATGTTCACTGT-1	4721	12770	5509	11942	0	0	0	0	1	0	0	0
AGATGAAGTCCGTGAG-1	314	399	3275	6463	0	0	0	0	1	0	0	0
AGATGAAGTGACATGC-1	6685	23108	10885	25369	0	0	0	0	1	0	0	0
AGATGAAGTTAACGAT-1	3319	6478	3476	7159	0	0	1	0	1	0	0	0
AGATGAAGTTCACTGT-1	4295	11635	4819	9888	0	0	0	0	1	0	0	0
AGATGAAGTTCCTCCT-1	2701	5690	601	1130	0	0	0	0	1	0	0	0
AGATGAAGTTTAACGG-1	3222	6270	2425	4865	0	0	0	0	1	0	0	0
AGATGCTTCATTGACA-1	2951	6784	4473	9251	0	0	1	0	1	0	0	0
AGATGCTTCCCGCATT-1	3683	8369	348	671	0	0	0	0	1	0	0	0
AGATGCTTCCTCAGTC-1	1350	2671	5899	12572	0	0	0	0	1	0	0	0
AGATGCTTCGTGCCTT-1	7646	32177	17019	41956	0	0	2	0	1	0	0	0
AGATGCTTCTTCAATC-1	4390	10704	9757	21360	0	0	0	0	1	0	0	0
AGCAAATAGCGCCTTT-1	1289	1853	474	932	0	0	1	0	1	0	0	0
AGCAAATAGCGCTCAA-1	2033	3596	2781	5677	0	0	0	0	1	0	0	0
AGCAAATAGCTATGAC-1	8775	42924	11861	28573	1	3	2	0	1	0	0	0
AGCAAATAGTCACCTC-1	4195	12578	9423	21279	0	0	0	0	1	0	0	0
AGCAACAAGCTGCACA-1	8687	42773	11260	25584	1	2	1	0	1	0	0	1
AGCAACAAGGCGCACT-1	1720	3308	970	1896	0	0	0	0	1	0	0	0
AGCAAGGGTATTTGGG-1	2208	3843	1558	3145	0	0	0	0	1	0	0	0
AGCAAGGGTGAACAAA-1	1448	2311	1942	3941	0	0	1	0	1	0	0	0
AGCAATACACAATGTT-1	1879	3468	1323	2632	0	0	1	0	1	0	0	0
AGCAATACAGGAACTG-1	4804	15476	272	507	0	0	0	0	1	0	0	0
AGCAATACAGGCTACT-1	5552	19057	9578	22031	0	0	1	0	1	0	0	0
AGCAATACATGTCGCG-1	4359	10081	2731	5765	1	2	1	0	1	0	0	1
AGCAATTGTCACAGCG-1	6894	24931	11505	27123	0	0	0	0	1	0	0	0
AGCAATTGTTAGGCGT-1	1535	2285	1307	2526	0	0	1	0	1	0	0	0
AGCAATTGTTCAAGCA-1	2460	4566	3035	6061	0	0	0	0	1	0	0	0
AGCAATTGTTCATCTA-1	1385	2046	1601	3186	0	0	0	0	1	0	0	0
AGCAATTGTTTCCACG-1	4300	10441	428	798	0	0	1	0	1	0	0	0
AGCACAGCACCGGCTA-1	3152	8124	5954	12383	0	0	0	0	1	0	0	0
AGCACAGCAGTAATAG-1	811	1128	1426	2776	0	0	0	0	1	0	0	0
AGCACAGCATCACAGC-1	1245	1946	717	1417	1	1	0	0	1	0	0	1
AGCACAGCATTAGGCC-1	5159	14649	7338	15469	0	0	1	0	1	0	0	0
AGCACTAGTAAAGCGG-1	500	695	1833	3653	0	0	1	0	1	0	0	0
AGCACTAGTAACGGGA-1	964	1247	1475	2909	0	0	1	0	1	0	0	0
AGCACTAGTAGTTAAC-1	3338	8598	2661	5467	0	0	0	0	1	0	0	0
AGCACTAGTGTTTGAG-1	5182	14807	8161	17980	0	0	1	0	1	0	0	0
AGCACTAGTTAGCCAA-1	2648	5054	2189	4328	0	0	0	0	1	0	0	0
AGCACTAGTTCCTGTG-1	1471	2417	2075	4355	0	0	1	0	1	0	0	0
AGCACTTAGACAAACG-1	4581	12850	5033	10522	0	0	0	0	1	0	0	0
AGCACTTAGACAGGTA-1	3851	9255	10787	24482	0	0	1	0	1	0	0	0
AGCACTTAGAGAGGAG-1	4723	12974	7110	15413	0	0	0	0	1	0	0	0
AGCACTTAGGATCACT-1	1239	1956	1308	2688	0	0	0	0	1	0	0	0
AGCACTTAGTTAGTGC-1	1441	2079	3246	6569	0	0	0	0	1	0	0	0
AGCAGGTAGCAGCTAT-1	6946	24791	8170	17809	0	0	0	0	1	0	0	0
AGCAGGTAGGACCTCA-1	3402	6729	6441	13870	0	0	1	0	1	0	0	0
AGCAGGTAGGTTTGAC-1	2146	3699	674	1284	0	0	0	0	1	0	0	0
AGCATCCCAAAGGTAC-1	4170	10595	7741	17206	0	1	0	0	1	0	0	0
AGCATCCCATGAATCT-1	5675	16917	6617	14746	0	0	1	0	1	0	0	0
AGCATTTCAAGGACCA-1	1932	3762	1023	1977	0	0	1	0	1	0	0	0
AGCATTTCATAATCAC-1	3964	9311	284	520	0	0	1	0	1	0	0	0
AGCATTTCATTAAAGG-1	499	750	1970	3841	0	0	1	0	1	0	0	0
AGCCAGTGTATTCGTC-1	8447	39428	18009	46824	0	0	1	1	1	0	0	0
AGCCAGTGTGTTCCCA-1	8615	42968	9393	21065	1	2	1	0	1	0	0	1
AGCCAGTGTTACCTGT-1	1207	1711	586	1121	0	0	0	0	1	0	0	0
AGCCAGTGTTAGCATG-1	321	813	3078	6101	0	0	0	0	1	0	0	0
AGCCAGTGTTCGGTAA-1	4194	10232	10991	25506	0	0	0	0	1	0	0	0
AGCCGGTTCAAAGGCA-1	1495	2716	646	1238	0	0	1	0	1	0	0	0
AGCCGGTTCATGCAAC-1	3472	9101	12131	27713	0	0	0	0	1	0	0	0
AGCCGGTTCTGTGCAG-1	3129	7077	5331	10931	0	0	0	0	1	0	0	0
AGCCTAAGTCATGCAA-1	3027	5588	4440	9706	0	1	0	0	1	0	0	0
AGCCTAAGTGGTGAGA-1	1926	3074	6243	14407	0	0	0	0	1	0	0	0
AGCCTAAGTTTACTTG-1	2255	4139	3013	5975	0	0	0	0	1	0	0	0
AGCCTAAGTTTGAGCA-1	1332	2431	806	1517	0	0	0	0	1	0	0	0
AGCCTAGTCTCGACCT-1	2029	3679	3011	6097	0	0	0	0	1	0	0	0
AGCCTCCGTGCTAGCG-1	5843	17842	8730	19973	0	1	0	0	1	0	0	0
AGCCTCCGTGCTGGTG-1	2835	5491	2430	4852	0	0	0	0	1	0	0	0
AGCCTGGGTATTACCC-1	2731	5840	2477	4921	0	0	2	0	1	0	0	0
AGCCTGGGTCGTTACT-1	2303	4076	7285	15282	0	0	0	0	1	0	0	0
AGCGATTTCACAAGCT-1	3070	7394	3894	8001	0	0	1	0	1	0	0	0
AGCGATTTCATTGCGG-1	4128	10970	10579	23867	0	0	0	0	1	0	0	0
AGCGATTTCTTGAGCG-1	4550	10851	4245	8518	0	0	0	0	1	0	0	0
AGCGCCTAGCCATCAG-1	2687	5279	3287	6808	0	0	0	0	1	0	0	0
AGCGCCTAGCTATTGA-1	3466	8155	3805	7806	0	0	1	0	1	0	0	0
AGCGCCTAGGCTACAT-1	1515	2717	5543	11447	0	0	1	0	1	0	0	0
AGCGCCTAGGTGCGGA-1	998	1829	5231	11290	0	0	0	0	1	0	0	0
AGCGCTCAGAGGAGTC-1	1510	2407	3441	6757	0	0	0	0	1	0	0	0
AGCGCTCAGAGGGACT-1	3124	6719	5438	11190	0	0	0	0	1	0	0	0
AGCGCTCAGATTGAGG-1	2444	4440	4789	10149	0	1	1	0	1	0	0	0
AGCGCTCAGCTGAGGG-1	3305	7270	906	1783	0	0	1	0	1	0	0	0
AGCGCTCAGGGATGCG-1	3312	7026	3123	6283	0	0	1	0	1	0	0	0
AGCGCTCAGTAACGAG-1	2984	6263	2887	6025	0	0	0	0	1	0	0	0
AGCGCTCAGTCTTGAA-1	4828	15009	9442	21632	0	0	0	0	1	0	0	0
AGCGGACCAAGGTCCT-1	1202	1658	1209	2393	0	0	0	0	1	0	0	0
AGCGGACCAATTGCGC-1	2715	5345	1057	2076	0	0	1	0	1	0	0	0
AGCGGACCATAATCAC-1	2090	4007	1857	3585	0	0	1	0	1	0	0	0
AGCGGATAGGGTCTAT-1	1166	1600	762	1426	0	0	0	0	1	0	0	0
AGCGGATAGTAAGGGC-1	1390	2080	744	1435	1	0	1	0	1	0	0	0
AGCGTGCTCATAACCA-1	898	1205	1687	3466	0	0	1	0	1	0	0	0
AGCGTGCTCATCCTGC-1	1606	2775	3515	7503	0	0	0	0	1	0	0	0
AGCGTGCTCATTGTCT-1	2628	5480	5654	11568	0	0	0	0	1	0	0	0
AGCGTGCTCTTAGTGA-1	3551	8407	4604	9783	0	0	0	0	1	0	0	0
AGCGTGCTCTTTGTAC-1	3782	9816	8060	17441	0	0	0	0	1	0	0	0
AGCTAAACACAATTAC-1	1679	2850	770	1411	0	0	1	0	1	0	0	0
AGCTAAACACAGGATG-1	915	1632	1188	2321	0	0	1	0	1	0	0	0
AGCTAAACACTTAGGC-1	2693	5256	419	749	0	0	0	0	1	0	0	0
AGCTAAACAGGCCATT-1	3328	8197	5576	11423	0	0	0	0	1	0	0	0
AGCTAACTCATCCACC-1	3304	8241	313	597	0	0	0	0	1	0	0	0
AGCTAACTCATGTCAA-1	3373	7769	4728	10195	0	0	0	0	1	0	0	0
AGCTAACTCCATTACT-1	2960	5981	3442	6793	0	0	0	0	1	0	0	0
AGCTAACTCCTAGTTT-1	627	831	1273	2508	0	0	1	0	1	0	0	0
AGCTAACTCGCTAAGT-1	2520	4956	3482	6994	0	0	1	0	1	0	0	0
AGCTAACTCTACCTAT-1	1968	4088	1624	3210	0	1	0	0	1	0	0	0
AGCTAACTCTATTGTC-1	2837	6658	2005	4026	0	0	1	0	1	0	0	0
AGCTACGTCCAGGAAA-1	2359	4198	1510	3053	0	0	0	0	1	0	0	0
AGCTACGTCCATAATG-1	3661	8406	2001	3924	0	0	1	0	1	0	0	0
AGCTACGTCGAGGAAC-1	1390	2087	1430	2964	1	0	1	0	1	0	0	0
AGCTACGTCTTTAGGA-1	1897	3193	1427	2953	1	0	1	0	1	0	0	0
AGCTACTAGCCTCTGT-1	1982	3230	523	1032	0	0	0	0	1	0	0	0
AGCTACTAGGCATTGT-1	2681	5536	3472	6992	0	0	1	0	1	0	0	0
AGCTACTAGGGATGAC-1	1170	1693	554	1096	0	1	0	0	1	0	0	0
AGCTACTAGTTGTCCC-1	1661	2579	1141	2251	0	0	1	0	1	0	0	0
AGCTAGTTCGAGGTGG-1	8392	36189	16796	40940	0	0	2	0	1	0	0	0
AGCTATATCGGCTATG-1	2769	5562	4456	9019	0	1	0	0	1	0	0	0
AGCTATATCTTAGTGA-1	1780	3069	2766	5682	0	0	1	0	1	0	0	0
AGCTCATAGGCGGATG-1	4766	13516	9427	20563	0	0	0	0	1	0	0	0
AGCTCATAGTACCGCA-1	4074	10064	3344	6705	0	0	0	0	1	0	0	0
AGCTCATAGTCCTTTG-1	2160	3663	697	1292	0	0	2	0	1	0	0	0
AGCTGCTCAATCATGT-1	3393	8310	3768	7827	0	0	1	0	1	0	0	0
AGCTGCTCACCTGTAA-1	1522	2412	1164	2318	2	1	0	0	1	1	1	1
AGCTGCTCACTAAGAA-1	4355	10431	6671	14521	0	0	1	0	1	0	0	0
AGCTGCTCATGAAATG-1	4134	10687	570	1061	0	0	2	0	1	0	0	0
AGCTTAATCCGCCTCA-1	3371	8197	3653	7581	0	0	0	0	1	0	0	0
AGCTTAATCCTAGTTT-1	6822	24859	7930	17733	0	0	1	0	1	0	0	0
AGCTTAATCTAACTGA-1	1465	2219	1654	3271	0	0	0	0	1	0	0	0
AGCTTCCTCCGCACAA-1	1490	2064	2099	4294	0	0	0	0	1	0	0	0
AGCTTCCTCCTAAATG-1	1686	2526	3274	6933	0	0	2	0	1	0	0	0
AGCTTCCTCCTCGATC-1	3913	9694	5932	12455	0	0	2	0	1	0	0	0
AGCTTGGTCAGCACGC-1	1708	2742	329	625	0	0	0	0	1	0	0	0
AGCTTGGTCTAATTGG-1	3834	9176	3475	7024	0	0	0	0	1	0	0	0
AGCTTTAAGCTTCTCA-1	2860	7088	6379	14137	0	0	0	0	1	0	0	0
AGCTTTAAGGACACTT-1	2138	3724	5390	11447	0	0	0	0	1	0	0	0
AGCTTTAAGTAAACCC-1	5327	14978	11539	26765	1	1	1	0	1	0	0	1
AGCTTTAAGTGAGAGC-1	1561	2392	2959	6115	0	0	1	0	1	0	0	0
AGGAAACGTAATCACG-1	412	570	2406	5005	0	0	0	0	1	0	0	0
AGGAAACGTACAAAGA-1	3882	9764	3256	6538	0	0	1	0	1	0	0	0
AGGAAACGTACCGGAT-1	2484	4850	2184	4322	0	0	1	0	1	0	0	0
AGGAAACGTATACTGG-1	533	1319	2061	4222	0	0	0	0	1	0	0	0
AGGAAACGTGCTCACC-1	3745	8661	1787	3527	0	0	1	0	1	0	0	0
AGGAAACGTGGAAACG-1	2270	5143	3890	7825	0	0	0	0	1	0	0	0
AGGAAACGTTCACTGT-1	4123	10684	10091	22949	1	1	1	0	1	0	0	1
AGGAACCAGGAACGGT-1	4980	13699	11945	28246	0	0	1	0	1	0	0	0
AGGAACCAGGTTAGAG-1	924	1487	831	1637	0	0	0	0	1	0	0	0
AGGAACGGTAGCTAGC-1	2679	5105	702	1325	0	0	0	0	1	0	0	0
AGGAACGGTTATCCTA-1	4696	16092	1946	3687	0	0	0	0	1	0	0	0
AGGAACGGTTCGCGCT-1	3199	6946	3751	7789	0	0	0	0	1	0	0	0
AGGACGTAGGAGGCAT-1	625	945	1079	2075	0	0	0	0	1	0	0	0
AGGACGTAGTAACCAC-1	2725	5714	9072	19630	0	0	0	0	1	0	0	0
AGGACGTAGTCAATCA-1	1176	1724	1484	3028	0	0	1	0	1	0	0	0
AGGACTAAGCATGAAG-1	2423	4295	1681	3384	0	0	0	0	1	0	0	0
AGGACTAAGCCAAATC-1	2599	5365	211	390	0	0	2	0	1	0	0	0
AGGACTAAGGGCTTAT-1	1513	3098	789	1541	0	0	0	0	1	0	0	0
AGGACTAAGTGAGGTA-1	5009	14694	8818	19434	0	0	2	0	1	0	0	0
AGGAGCTAGACACTTA-1	7292	27317	6319	13469	0	1	2	0	1	0	0	0
AGGAGCTAGCAAGACA-1	5093	13749	11786	27283	0	0	0	0	1	0	0	0
AGGAGCTAGTGAGGGT-1	6070	20589	16393	39516	0	0	1	0	1	0	0	0
AGGAGCTAGTTATCCT-1	2354	5280	4368	9042	0	0	0	0	1	0	0	0
AGGATATAGGAACCAA-1	2115	3574	6081	13194	0	0	0	0	1	0	0	0
AGGATATAGGACAACA-1	3904	10799	8293	18755	1	1	0	0	1	0	0	1
AGGATATAGTAGGCGG-1	2343	5571	6571	14267	0	0	0	0	1	0	0	0
AGGATCCGTAACCTAG-1	3139	7425	3294	6761	0	0	0	0	1	0	0	0
AGGATGCAGAGCAAGC-1	1620	2704	814	1518	0	0	0	0	1	0	0	0
AGGATGCAGCACTTGG-1	310	443	5830	12397	0	0	0	0	1	0	0	0
AGGATGCAGGAACCGG-1	1567	2432	1498	2997	0	0	1	0	1	0	0	0
AGGATGCAGTTGCCTC-1	3480	12142	1850	3614	0	0	1	0	1	0	0	0
AGGATGTCAAGGTATA-1	1427	2038	715	1394	0	0	1	0	1	0	0	0
AGGATGTCATAGACCC-1	1146	1979	500	986	0	0	0	0	1	0	0	0
AGGATTGAGGGACGCA-1	1275	1848	2247	4570	0	0	0	0	1	0	0	0
AGGATTGAGTCTCACC-1	3068	5960	2887	5823	0	0	0	0	1	0	0	0
AGGATTGAGTTTGGTA-1	2658	4808	1759	3484	0	0	0	0	1	0	0	0
AGGCAATCAGACAAAC-1	788	1400	698	1352	0	0	0	0	1	0	0	0
AGGCAATCATAGCTGC-1	1249	1913	904	1739	0	0	2	0	1	0	0	0
AGGCAATCATTTGCTC-1	7110	28387	7227	15186	0	1	1	0	1	0	0	0
AGGCAGGTCCAAATCA-1	1980	3230	1712	3423	0	0	0	0	1	0	0	0
AGGCAGGTCCTCCATA-1	3514	7708	1278	2502	0	0	0	0	1	0	0	0
AGGCAGGTCGGTTTCC-1	4887	12281	8081	17737	0	0	1	0	1	0	0	0
AGGCCCAGTCAATGTG-1	2444	4617	1229	2349	0	0	1	0	1	0	0	0
AGGCCCAGTTACTAGG-1	1400	2198	1110	2150	3	2	0	0	1	1	1	1
AGGCGGATCACGCATG-1	7200	28131	15900	40819	0	0	1	0	1	0	0	0
AGGCGGATCCACAATA-1	4946	12597	4085	8113	0	0	0	0	1	0	0	0
AGGCTAGCAATAACCT-1	2278	4570	1568	3110	0	0	0	0	1	0	0	0
AGGCTAGCATAAGCAA-1	405	584	3728	7594	0	0	0	0	1	0	0	0
AGGCTAGCATCCCGCT-1	1088	1556	721	1383	0	0	1	0	1	0	0	0
AGGCTAGCATTAAGTC-1	541	817	1519	3037	0	0	0	0	1	0	0	0
AGGCTAGCATTGTCAG-1	3479	8191	4113	8146	0	0	0	0	1	0	0	0
AGGGCCTTCAGGAACA-1	4284	10905	6088	12781	0	0	1	0	1	0	0	0
AGGGCCTTCATGACCG-1	8260	37768	13332	32831	0	0	2	0	1	0	0	0
AGGGCCTTCCAAGTGT-1	4425	10525	10971	24628	0	0	0	0	1	0	0	0
AGGGCCTTCCCGTTAC-1	4229	10491	12058	27830	0	0	0	0	1	0	0	0
AGGGCCTTCGATTATG-1	3193	6698	2245	4552	0	0	1	0	1	0	0	0
AGGGCCTTCTAAGGTC-1	4029	9789	7789	16421	0	0	0	0	1	0	0	0
AGGGCCTTCTCTAGCC-1	1302	2351	767	1496	0	0	0	0	1	0	0	0
AGGGCCTTCTTTGTAC-1	2056	3431	879	1686	0	0	0	0	1	0	0	0
AGGGCTACACTAGGTC-1	943	1442	776	1497	0	0	0	0	1	0	0	0
AGGGCTACATTATGCG-1	2512	4648	2432	4869	0	0	0	0	1	0	0	0
AGGGTTGCAACACCTA-1	1143	2145	399	762	0	0	0	0	1	0	0	0
AGGGTTGCAAGCTACC-1	2984	6234	572	1095	0	0	0	0	1	0	0	0
AGGGTTGCAATCATGT-1	5742	17224	8638	19843	0	0	1	0	1	0	0	0
AGGGTTGCAGGCCAAA-1	694	1388	1893	3896	0	0	0	0	1	0	0	0
AGGTAACCACGGTTTA-1	3483	8086	4989	10868	0	0	0	0	1	0	0	0
AGGTACGCAAGTAAGC-1	3957	9926	4466	9178	0	0	1	0	1	0	0	0
AGGTACGCACAACAAA-1	2669	4966	6046	12678	0	0	2	0	1	0	0	0
AGGTACGCACCAACCG-1	2101	3899	2861	5640	0	0	0	0	1	0	0	0
AGGTACGCACCTACGG-1	1710	3584	1329	2727	0	0	0	0	1	0	0	0
AGGTACGCAGGAACCA-1	1942	3314	4504	9509	0	0	0	0	1	0	0	0
AGGTACGCATTCAGCA-1	3512	7992	4361	8918	0	0	0	0	1	0	0	0
AGGTATTGTAGGTTTG-1	3289	7070	5769	11864	0	0	0	0	1	0	0	0
AGGTATTGTGCCTCAC-1	2272	6123	10885	24608	0	0	0	0	1	0	0	0
AGGTATTGTGCTTAGA-1	2665	5389	2812	5543	0	0	0	0	1	0	0	0
AGGTATTGTTGAGCCG-1	3910	9328	12468	27902	0	0	0	0	1	0	0	0
AGGTCAAAGCTCATAA-1	2025	3796	3209	6589	0	0	1	0	1	0	0	0
AGGTCAAAGTAACCAC-1	2884	5813	2452	4909	0	0	1	0	1	0	0	0
AGGTCATTCAAGGACA-1	1646	2666	2201	4463	0	0	0	0	1	0	0	0
AGGTCATTCCAATAGC-1	2246	4574	1096	2032	0	0	1	0	1	0	0	0
AGGTCATTCCCTGTTA-1	3616	8184	1264	2520	1	0	1	0	1	0	0	0
AGGTCATTCTACCTCA-1	3121	7400	738	1381	0	0	0	0	1	0	0	0
AGGTCCGGTAGGTTGC-1	1843	3162	1363	2750	0	0	2	0	1	0	0	0
AGGTCCGGTCACCAAA-1	431	631	1790	3697	0	0	0	0	1	0	0	0
AGGTCCGGTTAGCGTA-1	1264	2363	395	753	0	0	0	0	1	0	0	0
AGGTCTTAGACACTTA-1	2576	4874	1539	2947	0	0	0	0	1	0	0	0
AGGTCTTAGTTTGGTA-1	2759	6021	1095	2199	0	0	0	0	1	0	0	0
AGGTGAATCGCAATCG-1	4230	9510	6391	13871	0	0	2	0	1	0	0	0
AGGTGAATCGTAATCA-1	4891	13120	7370	16607	0	0	0	0	1	0	0	0
AGGTGAATCGTTAACA-1	1726	2729	977	1874	0	0	0	0	1	0	0	0
AGGTGAGGTTCACTGT-1	7341	28875	9120	20452	0	0	1	0	1	0	0	0
AGGTGAGGTTGGCGTG-1	3327	7220	1818	3726	0	0	0	0	1	0	0	0
AGGTGAGGTTTGAGCA-1	6543	20853	7941	17465	0	0	1	0	1	0	0	0
AGGTTAACACGAACAG-1	2418	4758	2157	4413	0	0	1	0	1	0	0	0
AGGTTAACATCCCGCT-1	1028	1418	711	1362	0	0	0	0	1	0	0	0
AGGTTACTCAAACACC-1	2933	5850	1170	2260	0	0	0	0	1	0	0	0
AGGTTACTCAAGTGAG-1	699	1076	990	1929	0	0	0	0	1	0	0	0
AGGTTACTCCGCAAAT-1	3741	9073	4776	9864	2	2	1	0	1	1	1	1
AGGTTACTCGAAGTGA-1	4550	11002	5480	11129	0	0	0	0	1	0	0	0
AGGTTACTCGTGCCTT-1	3457	7373	1235	2346	0	0	0	0	1	0	0	0
AGGTTACTCTTGAGCG-1	491	898	4895	10263	0	0	0	0	1	0	0	0
AGGTTAGAGGTGAGAC-1	4026	9302	8423	19349	1	0	0	0	1	0	0	0
AGGTTAGAGTTGGATC-1	2187	4300	5721	12024	1	0	1	0	1	0	0	0
AGGTTGCGTAAGCACC-1	1875	4616	1943	3930	0	1	0	0	1	0	0	0
AGGTTGCGTAGCTAGC-1	1996	3562	554	1068	0	0	0	0	1	0	0	0
AGGTTGCGTCGTTATC-1	3582	7817	3061	6169	0	0	1	0	1	0	0	0
AGGTTGCGTGCGCGTA-1	2940	6196	1997	3821	0	0	1	0	1	0	0	0
AGGTTTATCGCAAACT-1	1191	2052	538	1060	0	0	2	0	1	0	0	0
AGGTTTATCGTTCACC-1	2552	4397	1477	2907	0	0	1	0	1	0	0	0
AGGTTTATCTTGATGA-1	3454	7431	5205	10842	0	1	0	0	1	0	0	0
AGGTTTGGTACTGAAT-1	654	861	1278	2535	0	0	1	0	1	0	0	0
AGTAAACAGAGAGGCT-1	1890	3159	1511	3035	0	0	1	0	1	0	0	0
AGTAAACAGAGGAGGA-1	697	1096	928	1835	0	0	1	0	1	0	0	0
AGTAAACAGGGATGCG-1	955	1596	1466	2872	0	0	0	0	1	0	0	0
AGTAACACAATTTAGC-1	3202	7113	7822	16917	0	0	0	0	1	0	0	0
AGTAACACACCTATAG-1	1041	1541	1219	2449	1	0	0	0	1	0	0	0
AGTAACCTCAATCATG-1	1611	2538	1584	3094	0	0	0	0	1	0	0	0
AGTAACCTCCCGAAGC-1	1853	3715	3056	6204	0	0	0	0	1	0	0	0
AGTAACCTCTAGCTAA-1	1878	2989	1714	3356	0	0	0	0	1	0	0	0
AGTAACGAGACCATAC-1	4936	15325	5951	12344	0	0	1	0	1	0	0	0
AGTAACGAGCTATTGA-1	1562	2921	1231	2464	1	0	1	0	1	0	0	0
AGTAACGAGGACCTGC-1	7706	37823	14838	37089	0	0	1	0	1	0	0	0
AGTAACGAGGGTGAGT-1	5089	15603	2584	5133	0	0	0	0	1	0	0	0
AGTAACGAGTAGCCAT-1	3923	9148	2797	5622	0	0	0	0	1	0	0	0
AGTAAGTAGAGCAAGC-1	1584	2792	1899	3704	0	0	0	0	1	0	0	0
AGTAAGTAGGCGCTTA-1	4272	13903	4922	10288	0	0	0	0	1	0	0	0
AGTAAGTAGGTAAGGC-1	4263	10559	9283	20652	0	0	0	0	1	0	0	0
AGTAAGTAGTAAGTGG-1	4213	10977	5616	12449	0	0	2	0	1	0	0	0
AGTAATCGTCACCAAA-1	1123	1886	6186	12884	0	0	1	0	1	0	0	0
AGTAATCGTCATGAGC-1	4386	11979	8086	17440	0	0	1	0	1	0	0	0
AGTAATCGTTAGCTGA-1	2131	3780	9993	23033	0	0	0	0	1	0	0	0
AGTACGCGTGATTTGG-1	10399	79694	13534	32397	0	2	2	0	0	0	0	0
AGTACGCGTTACATCC-1	1851	3092	1267	2532	0	0	0	0	1	0	0	0
AGTAGCTTCAAGCGCC-1	2090	5998	9387	20752	0	0	0	0	1	0	0	0
AGTAGCTTCAAGTGTC-1	1173	2696	4590	9509	0	0	0	0	1	0	0	0
AGTAGCTTCCTAATAG-1	2442	4573	1813	3713	0	0	1	0	1	0	0	0
AGTAGCTTCTATGACA-1	3227	6985	4590	9761	0	0	0	0	1	0	0	0
AGTATAGCAAAGGCCA-1	2113	3650	1190	2347	0	0	1	0	1	0	0	0
AGTATAGCATGGTTAT-1	4053	10300	6031	13118	0	0	0	0	1	0	0	0
AGTCAAGAGCACAGAA-1	4104	10970	369	705	0	0	0	0	1	0	0	0
AGTCAAGAGGGCTAAA-1	957	1519	612	1158	0	0	0	0	1	0	0	0
AGTCAAGAGGTCCTAG-1	2518	5318	3238	6721	0	0	0	0	1	0	0	0
AGTCAAGAGTAACGAG-1	3008	5932	6559	13925	0	1	1	0	1	0	0	0
AGTCAAGAGTGCTGTG-1	2272	3914	4956	10329	0	0	0	0	1	0	0	0
AGTCAAGAGTTGGCCA-1	3840	9855	4899	9861	0	0	0	0	1	0	0	0
AGTCAATGTAGCCATA-1	587	801	1320	2629	0	0	0	0	1	0	0	0
AGTCAATGTCATGCCC-1	7240	29218	17928	45412	0	0	1	0	1	0	0	0
AGTCAATGTGATGAGG-1	1524	2887	640	1258	0	0	1	0	1	0	0	0
AGTCAGGCAAATTCGT-1	2681	5487	3907	8041	0	0	0	0	1	0	0	0
AGTCAGGCAAGTAAGC-1	3819	9193	6978	15277	0	0	0	0	1	0	0	0
AGTCAGGCACTTCACT-1	1646	2504	516	1008	0	0	0	0	1	0	0	0
AGTCCTGAGGAACACA-1	2552	5800	2926	5849	0	0	0	0	1	0	0	0
AGTCCTGAGGCATGTT-1	1736	2658	1361	2769	0	0	0	0	1	0	0	0
AGTCCTTGTTAGTGAT-1	725	1757	15806	41814	0	0	0	0	1	0	0	0
AGTCCTTGTTGACTTC-1	1672	2652	1665	3275	0	0	0	0	1	0	0	0
AGTCTTGCAAGGTAAC-1	3809	8959	11786	26781	0	0	0	0	1	0	0	0
AGTCTTGCAATTATGC-1	6190	20994	12488	31068	1	0	1	0	1	0	0	0
AGTCTTGCACAGCCAT-1	1202	1973	930	1901	0	0	1	0	1	0	0	0
AGTCTTGCAGCATTAT-1	1975	3495	3340	6669	0	0	0	0	1	0	0	0
AGTCTTGCAGTCTATG-1	4402	11506	1355	2467	0	1	0	0	1	0	0	0
AGTCTTGCATTATGCG-1	3838	8829	4917	10251	0	0	0	0	1	0	0	0
AGTGAACCACTTCATC-1	1082	1806	718	1409	0	0	0	0	1	0	0	0
AGTGAACCAGCACCAT-1	4459	13198	4586	9681	0	1	0	0	1	0	0	0
AGTGAACCATAGCTTG-1	2195	3706	1458	2755	0	0	1	0	1	0	0	0
AGTGAACCATCCCGCT-1	937	1391	735	1371	1	0	1	0	1	0	0	0
AGTGAGTCATCCTAGA-1	3598	7917	1668	3202	1	0	0	0	1	0	0	0
AGTGAGTCATTAGCGC-1	1249	1782	505	1016	0	1	0	0	1	0	0	0
AGTGATGAGGAAGTAT-1	4076	12122	6738	14165	0	0	1	0	1	0	0	0
AGTGATGAGGCAAGTA-1	2135	3572	1385	2792	0	0	0	0	1	0	0	0
AGTGATGAGTATTGCA-1	3798	8105	3298	6878	0	0	1	0	1	0	0	0
AGTGATGAGTTATCCT-1	1865	3527	5562	11668	0	0	0	0	1	0	0	0
AGTGCACGTTAGCTGA-1	3532	7737	499	993	0	0	1	0	1	0	0	0
AGTGCACGTTTGGTTC-1	1676	3075	1857	3900	2	1	0	0	1	1	1	1
AGTGCCGGTAAGCTCA-1	1961	3273	735	1340	0	0	1	0	1	0	0	0
AGTGCCGGTAATCGCA-1	3133	6393	5860	12509	0	0	1	0	1	0	0	0
AGTGCCGGTCACGAAC-1	245	328	4880	10220	0	0	0	0	1	0	0	0
AGTGCCGGTGCTCCGT-1	5484	16771	6021	13142	1	0	0	0	1	0	0	0
AGTGCGGAGCCGCAAC-1	3044	5495	1203	2395	0	1	1	0	1	0	0	0
AGTGCGGAGCCTAACG-1	5049	13431	10266	23515	0	0	0	0	1	0	0	0
AGTGCGGAGGCTAATC-1	3583	7787	11978	26677	0	0	0	0	1	0	0	0
AGTGCGGAGGCTACTG-1	830	1204	1451	2833	0	0	0	0	1	0	0	0
AGTGGACAGATGCCTG-1	1828	2947	1552	3097	0	0	0	0	1	0	0	0
AGTGGACAGCTCCTAC-1	2350	4199	2371	4814	0	0	0	0	1	0	0	0
AGTGGACAGGACTAAG-1	3506	7851	3941	7673	0	0	0	0	1	0	0	0
AGTGGACAGGTCCTAG-1	7340	37257	17308	42749	0	0	0	0	1	0	0	0
AGTGGACAGTGAGGTA-1	7669	36624	17256	43804	0	0	1	0	1	0	0	0
AGTGTGGCAAACGGGC-1	3378	8268	1622	3136	0	0	1	0	1	0	0	0
AGTGTGGCACTATGGC-1	2666	5440	965	1923	0	0	0	0	1	0	0	0
AGTGTGGCAGCATGGA-1	933	1532	6141	12725	0	0	1	0	1	0	0	0
AGTGTGGCAGCTTAGC-1	4742	12399	3303	6579	0	0	0	0	1	0	0	0
AGTGTGGCATAGCTTG-1	3177	6225	1377	2630	0	0	1	0	1	0	0	0
AGTGTGGCATTGGGAG-1	1678	3474	5403	11430	1	0	0	0	1	0	0	0
AGTGTGGCATTTAAGC-1	2657	5061	2041	4183	0	0	0	0	1	0	0	0
AGTGTTTCACAGGAAT-1	3132	7118	6105	13044	0	0	0	0	1	0	0	0
AGTGTTTCAGGTTACC-1	1770	3037	832	1577	0	0	0	0	1	0	0	0
AGTTACATCAAGCCTG-1	4657	14705	3943	8322	0	0	1	0	1	0	0	0
AGTTACATCAATCTCT-1	3032	6700	201	376	0	0	1	0	1	0	0	0
AGTTACATCCCTGTTA-1	1650	4551	5391	11490	0	0	1	0	1	0	0	0
AGTTACATCCGCACAA-1	3283	6691	1950	4007	0	0	0	0	1	0	0	0
AGTTACATCCTCATGC-1	1974	3482	5579	11638	0	0	0	0	1	0	0	0
AGTTACATCGTGCCTT-1	7589	32259	15127	38999	0	1	1	0	1	0	0	0
AGTTACATCTAACCTT-1	4046	9425	2821	5912	0	0	2	0	1	0	0	0
AGTTACATCTGGTCCT-1	5220	15143	13637	32468	0	0	1	0	1	0	0	0
AGTTACATCTTAGCGG-1	3149	6875	4965	10223	0	0	0	0	1	0	0	0
AGTTACTCAAATTGCT-1	1867	3020	1624	3102	0	0	0	0	1	0	0	0
AGTTACTCAGGCCTTG-1	3958	9230	7150	15694	0	0	0	0	1	0	0	0
AGTTATGTCCAAACAC-1	6701	25911	7199	15821	0	1	2	0	1	0	0	0
AGTTATGTCGCAACAT-1	1121	2040	565	1084	0	0	0	0	1	0	0	0
AGTTATGTCGTAATCA-1	6511	20502	6799	14363	0	0	1	0	1	0	0	0
AGTTGCAGTTTATGGG-1	3766	8786	3201	6496	0	0	0	0	1	0	0	0
AGTTGCGTCATGCTTT-1	1650	2629	6878	14547	0	0	1	0	1	0	0	0
AGTTGCGTCGGGATTT-1	661	1031	1165	2254	0	0	0	0	1	0	0	0
AGTTGCGTCTCGCCCA-1	6098	20297	13839	33724	1	0	0	0	1	0	0	0
AGTTGGCGTCTAACAG-1	6767	26368	11456	26108	1	0	2	0	1	0	0	0
AGTTGTCAGCCTTAAA-1	5038	14660	9644	21441	0	0	1	0	1	0	0	0
AGTTGTCAGCGGCTGT-1	3279	6455	4369	9272	0	0	0	0	1	0	0	0
AGTTGTCAGGCTGTCA-1	1559	2600	1630	3346	2	0	1	0	1	1	0	0
AGTTGTCAGGTTTGCG-1	1136	1633	745	1438	0	0	0	0	1	0	0	0
AGTTGTCAGTCATGCG-1	1012	1733	589	1135	0	0	0	0	1	0	0	0
AGTTTGATCACCTGCT-1	6857	23452	736	1390	0	1	2	0	1	0	0	0
AGTTTGATCCCGCATT-1	2398	4480	4428	9313	0	0	1	0	1	0	0	0
AGTTTGATCCTCCCTC-1	2492	4349	2663	5358	0	0	0	0	1	0	0	0
AGTTTGATCGAGGAAC-1	2219	4724	4182	9343	0	0	0	0	1	0	0	0
AGTTTGATCTTGTCTG-1	369	873	8121	17624	0	0	0	0	1	0	0	0
AGTTTGCAGGAACCAA-1	3253	6958	3074	6165	0	0	1	0	1	0	0	0
AGTTTGCAGTCGCTAG-1	596	925	1645	3247	0	0	0	0	1	0	0	0
AGTTTGCAGTGTGATC-1	944	1320	1357	2674	0	0	1	0	1	0	0	0
AGTTTGCAGTTATGGC-1	2352	4287	4473	9226	0	0	1	0	1	0	0	0
ATAACGACAAGGTGGC-1	3643	8319	4536	9420	0	0	1	0	1	0	0	0
ATAACGACACAAGCCT-1	2348	4454	985	1867	2	1	0	0	1	1	1	1
ATAACGACATACTCCT-1	1874	3120	1805	3362	0	0	0	0	1	0	0	0
ATAAGCCTCATTAGTG-1	3772	8853	7301	15745	0	0	1	0	1	0	0	0
ATAAGCCTCTTTGACT-1	3300	7750	8592	19231	0	0	0	0	1	0	0	0
ATAAGTCGTAGTTGGC-1	3695	8345	1792	3439	0	0	0	0	1	0	0	0
ATAATGGCAACCTGGT-1	1402	3796	1197	2343	0	0	0	0	1	0	0	0
ATACCGGTCCCGCAAA-1	2010	3774	1327	2461	0	0	0	0	1	0	0	0
ATACCTGCAACTAGAA-1	992	1319	1853	3856	0	0	0	0	1	0	0	0
ATACCTGCAATAAGCA-1	2776	5586	3812	7848	0	0	0	0	1	0	0	0
ATACCTGCAGGTATTT-1	959	1422	1330	2588	0	0	0	0	1	0	0	0
ATAGATGCAATATACC-1	6121	21076	1842	3695	1	1	1	0	1	0	0	1
ATAGATGCAGACAAAC-1	2725	5573	973	1906	0	0	0	0	1	0	0	0
ATAGATGCATTCCTGT-1	4971	14144	7265	15359	0	0	1	0	1	0	0	0
ATAGCATGTATGGTGC-1	4054	9460	11754	26619	0	0	0	0	1	0	0	0
ATAGCATGTGTGCAAC-1	1712	2648	671	1314	0	0	0	0	1	0	0	0
ATAGCATGTGTTTCAC-1	2976	5601	803	1583	0	0	0	0	1	0	0	0
ATAGCATGTTCAAGCA-1	1846	3051	499	958	0	0	0	0	1	0	0	0
ATAGGTACAATAATCC-1	3135	6025	680	1306	0	0	1	0	1	0	0	0
ATAGGTACACTAGGTC-1	1801	2734	1637	3209	0	0	0	0	1	0	0	0
ATAGGTACAGAAACGT-1	598	1104	13266	30509	0	0	0	0	1	0	0	0
ATAGGTACAGTGAACG-1	1847	3421	3965	8157	0	0	0	0	1	0	0	0
ATATAGGCAAGCCAGA-1	761	1157	1305	2558	0	0	0	0	1	0	0	0
ATATAGGCAAGCGATG-1	2426	4436	530	1020	0	0	0	0	1	0	0	0
ATATAGGCAATAAGCA-1	6731	26005	11345	25860	0	0	1	0	1	0	0	0
ATATAGGCACGAACAG-1	7166	29765	17518	47616	0	0	0	0	1	0	0	0
ATATAGGCATTTGCTC-1	6996	27739	9481	20831	0	0	1	0	1	0	0	0
ATATGCATCCGGTTGA-1	721	1022	1352	2688	0	0	0	0	1	0	0	0
ATATGCTCACCTAATG-1	8385	40090	17673	45443	0	1	0	0	1	0	0	0
ATATGCTCACCTCGCT-1	4663	13670	1276	2454	0	0	1	0	1	0	0	0
ATATGCTCAGGCAAGC-1	2130	3973	1362	2724	0	0	1	0	1	0	0	0
ATATGCTCAGTAGGTG-1	7953	39244	9400	20958	0	0	2	0	1	0	0	0
ATATGCTCATAATTGC-1	917	1476	735	1436	0	1	0	0	1	0	0	0
ATATGGTGTAGACAAA-1	1650	2681	1887	3623	0	0	0	0	1	0	0	0
ATATGGTGTAGCTGCG-1	2708	5425	2088	4041	0	0	0	0	1	0	0	0
ATATGGTGTTGCGTAA-1	1577	3997	345	646	0	0	1	0	1	0	0	0
ATATGTCCAGCAAATA-1	363	479	4222	8491	0	0	0	0	1	0	0	0
ATCAAGACAAGTGTTT-1	9444	54058	18746	49933	0	0	2	0	0	0	0	0
ATCAAGCTCCCATAGG-1	8924	42952	9199	20644	1	1	1	0	1	0	0	1
ATCAAGCTCTTAATGG-1	2007	3830	533	1015	0	0	1	0	1	0	0	0
ATCAATCCAAATTGCT-1	2473	4998	4435	8864	0	0	1	0	1	0	0	0
ATCAATCCACGTGCTG-1	3468	7291	3489	7049	0	0	0	0	1	0	0	0
ATCAATCCATTAAACC-1	7600	33440	19460	50516	0	0	2	0	0	0	0	0
ATCACAATCAATGTGC-1	6105	20145	6656	14041	0	0	1	0	1	0	0	0
ATCACAATCCTAAGAC-1	748	1031	1530	2991	0	0	1	0	1	0	0	0
ATCACAATCTTCAATC-1	1733	3137	1575	3178	0	0	0	0	1	0	0	0
ATCACACAGCATGCAT-1	3433	8851	8499	18921	0	1	0	0	1	0	0	0
ATCACACAGGAGCACG-1	2337	3929	2252	4480	0	0	1	0	1	0	0	0
ATCACACAGTAACTCA-1	4236	11790	5375	11120	0	0	0	1	1	0	0	0
ATCACACAGTTTCCGC-1	4674	13723	3831	7922	0	0	0	0	1	0	0	0
ATCACCCTCCTTGCGT-1	1792	3182	448	844	0	0	0	0	1	0	0	0
ATCACCCTCGATCAGT-1	312	577	4754	10360	0	0	0	0	1	0	0	0
ATCACCCTCTGGCATG-1	2254	4053	2660	5340	0	0	0	0	1	0	0	0
ATCACTAAGACAAGTG-1	924	1507	6244	13475	1	1	0	0	1	0	0	1
ATCACTAAGTCACCTC-1	1465	2603	771	1449	0	0	1	0	1	0	0	0
ATCACTAAGTGAGGGT-1	10062	74471	29035	88323	0	0	2	0	0	0	0	0
ATCAGGTTCCAGGAAA-1	2437	4618	2210	4430	0	0	1	0	1	0	0	0
ATCAGGTTCCGCAAAT-1	5332	15325	4467	9254	0	0	1	0	1	0	0	0
ATCAGGTTCCTGAGTG-1	2318	4411	5626	11731	0	0	0	0	1	0	0	0
ATCAGGTTCGCGCTAA-1	2665	5327	3623	7397	0	0	0	0	1	0	0	0
ATCAGGTTCTGTAATG-1	615	821	2580	5460	0	0	0	0	1	0	0	0
ATCATCAAGCGCATTG-1	1234	2283	5163	11306	0	1	1	0	1	0	0	0
ATCCACCTCAGGGCCT-1	3060	6968	3400	6941	0	0	1	0	1	0	0	0
ATCCATAAGGTTACAC-1	5729	18752	8282	17863	1	1	2	0	1	0	0	0
ATCCATAAGTTTGGGT-1	2559	4655	4098	8344	0	0	0	0	1	0	0	0
ATCCCGCGTAGTTAAC-1	5521	17155	13934	33447	1	0	1	0	1	0	0	0
ATCCCGCGTCACCTAT-1	2144	3603	809	1531	0	0	0	0	1	0	0	0
ATCCCGCGTGGTTATG-1	2995	6311	1606	3112	0	0	0	0	1	0	0	0
ATCCCGCGTTAAGCCA-1	1344	2092	1339	2736	0	0	1	0	1	0	0	0
ATCCCGCGTTGCGGAT-1	1249	1929	1225	2419	2	1	0	0	1	1	1	1
ATCCTGACAAATTCGT-1	6334	24262	16403	38964	0	0	1	0	1	0	0	0
ATCCTGACATTGCAGC-1	2579	5362	3902	7825	0	0	0	0	1	0	0	0
ATCCTGACATTTAAGC-1	1447	2182	614	1199	0	0	0	0	1	0	0	0
ATCCTTAGTGAATCGC-1	630	956	1407	2812	0	0	1	0	1	0	0	0
ATCCTTAGTGGGTGAA-1	1468	2260	801	1585	0	0	0	0	1	0	0	0
ATCCTTAGTGTCCAAA-1	4257	11056	4965	10279	0	0	0	0	1	0	0	0
ATCCTTAGTTGTTGCT-1	1848	3364	1882	3760	0	0	1	0	1	0	0	0
ATCGAGGCAAACTCAT-1	1328	1989	1566	3022	0	0	0	0	1	0	0	0
ATCGAGGCAAAGGTAC-1	3493	7913	369	695	0	0	0	0	1	0	0	0
ATCGAGGCAGTTGCGT-1	706	1046	1275	2478	0	0	0	0	1	0	0	0
ATCGCCCGTAAATTGC-1	1393	2689	460	906	0	0	0	0	1	0	0	0
ATCGCCCGTCCTTCAG-1	3178	7219	7780	18246	0	1	0	0	1	0	0	0
ATCGCCCGTGCTGTAA-1	1363	2344	1605	3158	0	0	0	0	1	0	0	0
ATCGCCCGTTGTTGTC-1	1471	2269	1763	3612	0	0	1	0	1	0	0	0
ATCGCTTGTAAAGCAA-1	411	648	2552	4855	0	0	0	0	1	0	0	0
ATCGCTTGTAGGTTAT-1	1583	2402	713	1355	0	0	0	0	1	0	0	0
ATCGCTTGTAGTTACG-1	3851	10150	349	654	0	0	1	0	1	0	0	0
ATCGCTTGTTCGCGCT-1	3496	9352	3890	7868	0	0	0	0	1	0	0	0
ATCGGCCAGGCGCATC-1	2714	7113	2788	5703	0	0	1	0	1	0	0	0
ATCGGCCAGGTTTGCG-1	3353	7673	5944	12567	0	0	0	0	1	0	0	0
ATCTATGAGCGGATAA-1	4342	12218	7653	16412	0	0	1	0	1	0	0	0
ATCTATGAGGCTTAAC-1	5588	17646	4074	8450	0	0	1	0	1	0	0	0
ATCTATGAGGGTGAGT-1	6795	23652	11165	25792	0	1	1	0	1	0	0	0
ATCTTTGGTCAGGAAG-1	6907	27668	13634	32419	0	0	1	0	1	0	0	0
ATGAAGCCAAAGGTAC-1	906	1479	1085	2179	0	0	0	0	1	0	0	0
ATGAAGCCAACTCGCG-1	3352	7557	4509	9584	0	0	0	0	1	0	0	0
ATGAAGCCAATTAAGG-1	1215	2083	870	1789	0	0	0	0	1	0	0	0
ATGAAGTAGTAGCCAT-1	4520	10671	5731	12061	0	0	0	0	1	0	0	0
ATGAAGTAGTCCTTCA-1	3110	6927	6618	14382	0	0	0	0	1	0	0	0
ATGAATGCAAGCTTAT-1	3658	8470	14371	34731	0	0	0	0	1	0	0	0
ATGAATGCACAAAGCG-1	3017	6006	4087	8460	0	0	0	0	1	0	0	0
ATGAATGCAGGAAGCC-1	4518	11591	6796	14543	0	0	1	0	1	0	0	0
ATGACCAGTTGGGTTA-1	3999	9412	3040	6064	0	0	0	0	1	0	0	0
ATGACGAAGAGGATAT-1	2725	5879	2626	5263	0	0	0	0	1	0	0	0
ATGACGAAGCAGGCCT-1	1939	3416	1704	3279	0	0	0	0	1	0	0	0
ATGACGAAGGTCGATT-1	4419	10533	8225	18398	0	0	0	0	1	0	0	0
ATGACGAAGTATCGCG-1	2085	3999	7236	15280	0	0	0	0	1	0	0	0
ATGACTCAGACACCGC-1	4688	13372	17514	42075	0	0	0	0	1	0	0	0
ATGACTCAGCCTGTTC-1	1114	2173	4141	8980	0	0	0	0	1	0	0	0
ATGACTCAGGATCCGC-1	6549	23290	7927	16960	1	0	2	0	1	0	0	0
ATGAGCCGTATTGGTG-1	1506	2159	1343	2655	0	0	0	0	1	0	0	0
ATGAGCCGTCACAGAC-1	11562	108545	41338	166163	0	2	2	0	0	0	0	0
ATGAGCCGTGAGCGAA-1	560	791	5731	12233	0	0	0	0	1	0	0	0
ATGAGCCGTTAGGATT-1	5088	15566	3943	7876	1	0	1	0	1	0	0	0
ATGATGACAAGGTATA-1	1951	3004	565	1053	0	0	0	0	1	0	0	0
ATGATGACACGAATTT-1	1369	2828	7872	16861	0	0	1	0	1	0	0	0
ATGATGACACTGGCTG-1	12329	130510	28787	86401	1	1	2	0	0	0	0	0
ATGATGACATCTTGAG-1	1793	2966	1538	2983	0	0	0	0	1	0	0	0
ATGATGACATTGTCAG-1	6058	20617	6365	13280	0	0	1	0	1	0	0	0
ATGATGGAGCTTAGTA-1	453	799	7299	16031	1	0	0	0	1	0	0	0
ATGCAAACAATAGCAA-1	2533	4878	2515	5062	0	0	1	0	1	0	0	0
ATGCAAACAGCAACAG-1	3541	8923	7696	17305	0	0	0	0	1	0	0	0
ATGCAAACAGCAAGGC-1	5899	18668	9196	20821	0	0	1	0	1	0	0	0
ATGCAAACAGCTACGT-1	1579	2413	888	1730	0	0	1	0	1	0	0	0
ATGCAGGCACCTGCCT-1	3027	6488	5616	12018	0	0	0	0	1	0	0	0
ATGCAGGCAGGACACA-1	590	825	1300	2524	0	0	0	0	1	0	0	0
ATGCATTCAACAGGAT-1	1922	3479	4458	8868	0	0	1	0	1	0	0	0
ATGCATTCAATCGCAC-1	717	955	1437	2817	1	0	0	0	1	0	0	0
ATGCATTCAGCAAGGC-1	8358	39295	6106	12769	0	0	2	0	1	0	0	0
ATGCATTCAGGAATCG-1	1055	1683	1046	2039	0	0	0	0	1	0	0	0
ATGCATTCAGTAGGAT-1	5537	15166	7296	16103	0	0	2	0	1	0	0	0
ATGCATTCAGTTTGGC-1	2505	4807	5141	10612	0	0	0	0	1	0	0	0
ATGCCTGAGGATTTGC-1	3843	9732	1964	3877	0	0	0	0	1	0	0	0
ATGCCTGAGGCTGTCA-1	2848	6190	1699	3376	0	0	0	0	1	0	0	0
ATGCCTGAGTGAGGGT-1	9843	61505	13611	32491	1	1	1	0	0	0	0	0
ATGCCTGAGTTCCCGT-1	5746	20747	2054	4164	0	0	1	0	1	0	0	0
ATGCGATTCACTCAAA-1	656	881	1183	2323	0	0	0	0	1	0	0	0
ATGCGATTCCAGGTTG-1	5662	18980	11053	25579	0	0	2	0	1	0	0	0
ATGCGATTCCGCAAAT-1	2959	6011	2849	5797	0	0	0	0	1	0	0	0
ATGCGATTCCTCAGTC-1	2338	4711	6415	13752	0	0	0	0	1	0	0	0
ATGCGATTCGTACCGA-1	3091	6324	9906	22554	0	0	0	0	1	0	0	0
ATGCGATTCTAACCAA-1	3662	8861	7596	16464	0	0	0	0	1	0	0	0
ATGCGATTCTCCATAT-1	4970	15540	8796	19319	0	0	1	0	1	0	0	0
ATGCTTAAGCTCATAA-1	6669	24811	5348	11301	3	1	1	0	1	1	1	1
ATGCTTAAGGTCTTGG-1	1722	2723	2059	4177	0	0	1	0	1	0	0	0
ATGGACAAGGGTGAAC-1	1777	2968	3796	7736	0	0	0	0	1	0	0	0
ATGGACAAGTGAGCAA-1	1136	1641	1156	2342	2	1	1	1	1	1	1	1
ATGGCCCAGTTACTTC-1	8629	44004	848	1581	0	0	1	0	1	0	0	0
ATGGCCGGTTTGGCGG-1	2693	5753	1915	3773	0	0	0	0	1	0	0	0
ATGGCTAGTAAAGCAA-1	1979	3230	580	1098	0	0	2	0	1	0	0	0
ATGGCTAGTTAATGAC-1	3504	7747	797	1565	0	0	1	0	1	0	0	0
ATGGCTAGTTCGCTCA-1	2769	5731	5472	11517	0	0	0	0	1	0	0	0
ATGGCTGTCCCTTGCG-1	8024	37574	29102	88761	0	0	2	0	0	0	0	0
ATGGCTGTCCGGGACT-1	2263	4453	4303	8847	0	0	0	0	1	0	0	0
ATGGCTTAGCAAGGTA-1	4558	19267	4792	9976	0	0	0	0	1	0	0	0
ATGGCTTAGGACTTAC-1	5314	17930	14408	33960	0	0	0	0	1	0	0	0
ATGGCTTAGTCAATCA-1	579	965	1322	2576	0	0	0	0	1	0	0	0
ATGGCTTAGTCACGAT-1	3730	9516	2406	4738	0	0	0	0	1	0	0	0
ATGGCTTAGTCCTGAG-1	700	955	1436	2774	0	0	0	0	1	0	0	0
ATGGCTTAGTTAGGCT-1	3086	6640	1981	4009	0	0	1	0	1	0	0	0
ATGGCTTAGTTCCTGC-1	9168	56976	9585	21249	1	1	0	0	0	0	0	0
ATGGTCTAGCCGGTAC-1	5915	18413	8621	19004	0	0	2	0	1	0	0	0
ATGGTCTAGCGGATAA-1	2496	4953	3477	7003	0	0	1	0	1	0	0	0
ATGGTCTAGGAGCAAC-1	2032	3389	836	1565	0	0	1	0	1	0	0	0
ATGGTCTAGGTGAAAT-1	1025	1842	867	1678	0	0	0	0	1	0	0	0
ATGGTGCGTAATCGTG-1	6161	21723	7621	16311	0	0	0	0	1	0	0	0
ATGGTGCGTACCGTAA-1	558	759	1430	2781	0	0	0	0	1	0	0	0
ATGGTTATCAAGTGTC-1	6069	17752	6629	14351	0	1	0	0	1	0	0	0
ATGGTTATCCTAAATG-1	2161	3658	2383	4752	0	0	0	0	1	0	0	0
ATGGTTATCGCGCTAA-1	6363	22152	5128	10656	0	0	1	0	1	0	0	0
ATGTAACGTTTGACCT-1	1977	3931	959	1867	0	0	1	0	1	0	0	0
ATGTAAGCACGGTTTA-1	2505	5944	6010	12228	0	0	0	0	1	0	0	0
ATGTAAGCACTTAGGC-1	3719	8521	1693	3343	0	0	0	0	1	0	0	0
ATGTAAGCAGCATGGA-1	1959	3346	905	1770	0	1	0	0	1	0	0	0
ATGTAAGCAGTCTAGC-1	2908	5831	1268	2472	0	0	0	0	1	0	0	0
ATGTAAGCAGTTAAAG-1	891	1350	940	1813	0	0	0	0	1	0	0	0
ATGTAAGCATTAAACC-1	2203	4240	779	1445	0	0	0	0	1	0	0	0
ATGTCAATCATGTCAA-1	4429	10472	7272	15648	0	1	0	0	1	0	0	0
ATGTCAATCCCTCATA-1	5862	20227	7690	17103	0	0	0	0	1	0	0	0
ATGTCATCAGCATGGA-1	1121	1667	2050	4079	0	0	0	0	1	0	0	0
ATGTCATCAGGTTTGC-1	1211	1743	1608	3100	0	0	2	0	1	0	0	0
ATGTCCACAAACTGTT-1	2470	4658	1798	3537	0	0	0	0	1	0	0	0
ATGTCCACAACTGGCT-1	2763	5236	2819	5573	1	0	0	0	1	0	0	0
ATGTCCACACGAACAG-1	2503	4616	4766	10061	0	1	0	0	1	0	0	0
ATGTCCACAGCAAGTG-1	1972	3204	3126	6369	0	0	0	0	1	0	0	0
ATGTGAGAGCCGCAAC-1	1557	2320	1033	1978	0	0	0	0	1	0	0	0
ATGTGAGAGCTTGCTC-1	7144	29811	13026	31621	0	0	1	0	1	0	0	0
ATGTGAGAGGTCCAAT-1	1417	2085	1344	2731	0	0	0	0	1	0	0	0
ATGTTCAAGACCATAC-1	3849	9537	13467	30465	0	0	0	0	1	0	0	0
ATGTTCAAGAGGAAGG-1	4830	14760	7750	16717	0	0	2	0	1	0	0	0
ATGTTCAAGCCTGGTA-1	980	1397	5840	12576	0	0	0	0	1	0	0	0
ATGTTCAAGGACCTCA-1	8826	45586	14407	34247	0	0	1	0	1	0	0	0
ATGTTCAAGTATCGCG-1	3176	6711	2854	5752	0	0	0	0	1	0	0	0
ATGTTGTCAAACGCGA-1	4918	14404	3103	6449	0	0	0	0	1	0	0	0
ATGTTGTCAAGCTACC-1	640	943	4286	8691	0	0	0	0	1	0	0	0
ATGTTGTCAATCCCTT-1	726	929	1551	3232	1	0	0	0	1	0	0	0
ATGTTGTCAGGACCAA-1	1673	2715	1505	3101	0	0	0	0	1	0	0	0
ATGTTTGAGAATCTCA-1	839	1091	1441	2897	1	0	0	0	1	0	0	0
ATGTTTGAGCTACTGG-1	3285	7139	2232	4468	0	0	0	0	1	0	0	0
ATGTTTGAGTAGCTTA-1	4490	10829	3960	8496	1	0	1	0	1	0	0	0
ATTAACCCAAGTGTTT-1	2074	4067	3528	6990	0	0	0	0	1	0	0	0
ATTAACCCAATACTGT-1	3432	7292	4422	9270	0	0	0	0	1	0	0	0
ATTAACCCAGTCTATG-1	7669	32261	13273	32788	0	1	0	1	1	0	0	0
ATTACCCGTAATCCCT-1	3962	9944	3993	8250	0	0	1	0	1	0	0	0
ATTACCCGTGAACAAA-1	2189	3787	851	1644	0	0	1	0	1	0	0	0
ATTACCCGTGCTAGCG-1	2770	5279	666	1296	0	0	0	0	1	0	0	0
ATTACCGCACAAAGAC-1	1781	2991	965	1900	0	0	1	0	1	0	0	0
ATTACCGCATGTTGCA-1	3611	10399	5102	10458	0	0	0	0	1	0	0	0
ATTACGTCAAGTGTCC-1	1569	2557	2252	4528	0	0	0	0	1	0	0	0
ATTACGTCACATAGCC-1	3456	8444	4528	9744	0	0	0	0	1	0	0	0
ATTACGTCAGCTAATT-1	2990	6042	3606	7487	0	1	0	0	1	0	0	0
ATTACGTCAGCTACGT-1	6928	26416	12981	30988	0	1	1	0	1	0	0	0
ATTACGTCATAATGAG-1	2485	4406	1585	3146	0	0	0	0	1	0	0	0
ATTACTGAGCGAGGTG-1	3221	6728	5786	12789	0	0	0	0	1	0	0	0
ATTACTGAGCGCAATT-1	934	1511	763	1457	0	0	1	0	1	0	0	0
ATTACTGAGGCTAGAA-1	3512	7338	10402	23782	0	0	0	0	1	0	0	0
ATTACTGAGTCCTTCA-1	1625	2556	2913	6271	0	0	1	0	1	0	0	0
ATTAGCGGTAAATTGC-1	1181	2257	956	1966	0	0	0	0	1	0	0	0
ATTAGCGGTAAGTCGC-1	1020	1531	1289	2460	0	0	1	0	1	0	0	0
ATTAGCGGTCCTTAGT-1	5675	19302	4445	9044	0	0	2	0	1	0	0	0
ATTAGCGGTCTAACCT-1	4758	12136	9546	21621	0	0	1	0	1	0	0	0
ATTAGCGGTGGATGTC-1	1259	1888	869	1742	0	0	0	0	1	0	0	0
ATTAGCGGTTAACACG-1	2773	5235	3281	6817	1	1	0	0	1	0	0	1
ATTAGCGGTTCCGGCT-1	1737	3108	4699	9734	0	0	1	0	1	0	0	0
ATTAGCGGTTTAGCGA-1	2237	5027	2509	5098	0	0	0	0	1	0	0	0
ATTAGCGGTTTATGGG-1	1864	3028	3098	6151	0	0	0	0	1	0	0	0
ATTAGCTCAACCTAAT-1	6169	19372	4807	9839	0	1	1	0	1	0	0	0
ATTAGCTCAACTAACT-1	730	1199	2789	5591	0	0	0	0	1	0	0	0
ATTAGCTCACGGTTTA-1	2512	5230	4632	9215	0	0	0	0	1	0	0	0
ATTAGCTCATCAATCG-1	6192	18964	6243	13186	0	0	0	0	1	0	0	0
ATTAGCTCATTAGCGC-1	1635	2443	4614	9614	0	0	0	0	1	0	0	0
ATTAGGTGTGAAACAA-1	3008	6398	2889	5893	0	0	0	0	1	0	0	0
ATTAGGTGTGCTCCAC-1	2067	3821	4468	9258	1	0	2	0	1	0	0	0
ATTAGGTGTTTACCGT-1	3073	6386	2182	4392	0	0	1	0	1	0	0	0
ATTAGGTGTTTGTTGC-1	1341	2324	825	1568	0	1	1	0	1	0	0	0
ATTAGTCCAACAGGAT-1	978	1457	889	1673	0	0	0	0	1	0	0	0
ATTAGTCCAATTGACT-1	3621	8174	8044	17474	0	0	0	0	1	0	0	0
ATTAGTCCAATTTGGT-1	762	1115	1231	2501	1	1	0	0	1	0	0	1
ATTAGTCCACCCACAG-1	4941	13966	6464	13778	0	0	2	0	1	0	0	0
ATTAGTCCAGCACGAA-1	1035	1693	6129	13197	0	0	0	0	1	0	0	0
ATTAGTCCATTGTCCT-1	1465	2298	1451	3013	0	0	0	0	1	0	0	0
ATTATCCTCCAACTGG-1	5408	15003	4336	9190	2	2	1	1	1	1	1	1
ATTATCCTCCCTCGCA-1	1412	2424	1915	3858	0	0	1	0	1	0	0	0
ATTATCCTCCCTGTTA-1	756	1149	1282	2426	0	0	0	0	1	0	0	0
ATTATGGTCAAGTGAG-1	1038	2323	440	842	0	0	0	0	1	0	0	0
ATTATGGTCATGCCTC-1	4098	10405	182	345	0	0	0	0	1	0	0	0
ATTATGGTCCACCCTG-1	2782	5506	377	706	0	0	0	0	1	0	0	0
ATTATGGTCCCTGGTT-1	6696	24230	9839	22259	0	0	1	0	1	0	0	0
ATTATGGTCCTTGTTG-1	3303	7533	3126	6338	0	0	0	0	1	0	0	0
ATTATGGTCGCTTGCT-1	261	365	6659	13976	0	0	0	0	1	0	0	0
ATTATGGTCTCCTCTT-1	1610	2593	4057	8630	0	0	0	0	1	0	0	0
ATTCAACCAATCGCAC-1	4586	13920	7707	16406	0	0	0	0	1	0	0	0
ATTCAACCACTAGGTC-1	3011	6951	2619	5174	0	0	0	0	1	0	0	0
ATTCAACCAGAGGCTA-1	4346	10978	7408	16016	0	0	0	0	1	0	0	0
ATTCACTTCATGCCTC-1	5661	18215	1529	2847	0	1	0	0	1	0	0	0
ATTCACTTCCAATAGC-1	3482	7469	1006	1925	0	0	0	0	1	0	0	0
ATTCACTTCGCTCACT-1	8086	35422	14964	37471	3	1	3	0	1	1	0	0
ATTCACTTCTATGACA-1	8954	51886	10917	25332	0	0	2	0	0	0	0	0
ATTCACTTCTGTGCAG-1	1476	2872	454	871	0	1	0	0	1	0	0	0
ATTCACTTCTTGCAGG-1	1075	1822	661	1327	0	0	0	0	1	0	0	0
ATTCATGAGTGAGGTA-1	5611	16991	12834	30025	0	0	2	0	1	0	0	0
ATTCCGGAGCGATAAG-1	8606	44988	12886	30157	0	0	2	0	1	0	0	0
ATTCCGGAGCTTTGTT-1	3198	6199	810	1554	0	0	1	0	1	0	0	0
ATTCCTCCAACCCTCC-1	1600	2727	973	1911	0	1	0	0	1	0	0	0
ATTCGTTTCCCTGATC-1	552	903	6826	14676	0	0	0	0	1	0	0	0
ATTCGTTTCCGTGACA-1	2121	4145	403	761	0	0	0	0	1	0	0	0
ATTCGTTTCTAAATCG-1	4828	14987	6363	13425	0	1	1	0	1	0	0	0
ATTCGTTTCTGTGAGT-1	2019	3760	724	1336	0	0	0	0	1	0	0	0
ATTGAAGCAACTAGGG-1	7397	29643	18607	50210	0	0	1	0	0	0	0	0
ATTGAAGCAGAATGAC-1	751	1203	814	1556	0	0	0	0	1	0	0	0
ATTGAAGCATAATTGC-1	640	985	1583	3160	0	0	0	0	1	0	0	0
ATTGAAGCATGTCAGC-1	3852	8737	7319	16222	0	0	2	0	1	0	0	0
ATTGAAGCATTAGGCC-1	2593	5146	1196	2306	0	0	0	0	1	0	0	0
ATTGACTCAAGCTAAA-1	3526	7975	4293	9161	0	0	1	0	1	0	0	0
ATTGCACAGGATTGAG-1	4687	12263	3524	7409	0	0	2	0	1	0	0	0
ATTGCACAGGCCGGAA-1	878	1233	1351	2692	0	0	0	0	1	0	0	0
ATTGCACAGGCGCACT-1	3497	7672	10371	22724	0	0	1	0	1	0	0	0
ATTGCACAGGTTAGAG-1	630	1848	13386	32773	0	0	0	0	1	0	0	0
ATTGCAGGTTAATGCG-1	4484	11842	8424	18627	0	0	2	0	1	0	0	0
ATTGCGCCAAACAACA-1	294	376	7390	16012	0	0	0	0	1	0	0	0
ATTGCGCCAAGATTCT-1	5638	20249	9159	21062	0	0	0	0	1	0	0	0
ATTGCGCCAGCTAATT-1	674	915	1952	3848	0	0	0	0	1	0	0	0
ATTGCTCGTAGGATTT-1	966	1471	1412	2790	0	0	1	0	1	0	0	0
ATTGCTCGTCCGGTTC-1	1937	2968	1633	3155	1	0	0	0	1	0	0	0
ATTGCTCGTTATGTGG-1	4531	12370	4595	9921	0	0	1	0	1	0	0	0
ATTGGCTAGAGGAGGA-1	4033	8720	6993	15652	0	0	0	0	1	0	0	0
ATTGGCTAGCACGATT-1	3595	7915	9696	22479	0	1	0	0	1	0	0	0
ATTGGCTAGCATGTTA-1	2972	6851	7161	15300	0	0	1	0	1	0	0	0
ATTGGCTAGTCCTTCA-1	346	564	13202	30788	0	0	0	0	1	0	0	0
ATTGGCTAGTTTGGTA-1	591	797	1361	2722	0	0	0	0	1	0	0	0
ATTGGTTCAAGTAAGC-1	602	827	1322	2590	0	0	0	0	1	0	0	0
ATTGGTTCACAACAGG-1	637	1145	3349	6911	0	0	0	0	1	0	0	0
ATTGTCCGTACCGTTT-1	4801	14689	8734	19794	0	1	0	0	1	0	0	0
ATTGTCCGTGAGCACT-1	5208	16008	9056	21283	0	0	0	0	1	0	0	0
ATTGTCCGTGGGTGAA-1	3954	9722	3127	6431	0	0	0	0	1	0	0	0
ATTGTCCGTTCAAGCA-1	4216	12190	3914	8090	0	0	1	0	1	0	0	0
ATTGTGATCATGCGTG-1	2717	5636	3364	6891	0	0	1	0	1	0	0	0
ATTGTGATCGTTCACC-1	2122	4110	3350	7204	0	0	1	0	1	0	0	0
ATTTAGCCAGCCTGCA-1	6772	26043	8931	19835	0	0	0	0	1	0	0	0
ATTTGCAAGACACCGC-1	1151	1616	780	1519	0	0	1	0	1	0	0	0
ATTTGCAAGTTGGATC-1	5788	17745	4369	8711	0	1	1	0	1	0	0	0
ATTTGCGCAAGTAAGC-1	2747	5165	7008	14784	0	0	0	0	1	0	0	0
ATTTGCGCAATTAGCT-1	861	1288	1540	3029	0	0	0	0	1	0	0	0
ATTTGCGCACAGAACG-1	6034	19425	8042	17572	1	0	0	0	1	0	0	0
ATTTGCGCAGGCATCT-1	3531	7850	3410	6946	0	0	0	0	1	0	0	0
ATTTGCGCATATTGAC-1	2237	3777	2105	4021	0	0	0	0	1	0	0	0
ATTTGTGAGAATCGCT-1	1657	2659	2683	5557	0	0	1	0	1	0	0	0
ATTTGTGAGACAAACG-1	3093	6349	8501	19021	0	0	0	0	1	0	0	0
ATTTGTGAGCGGTTAT-1	2582	4946	4160	8722	0	0	0	0	1	0	0	0
ATTTGTGAGCTCCCTG-1	4380	11156	1623	2965	0	0	0	0	1	0	0	0
ATTTGTGAGGTGAGAC-1	4040	12101	3240	6528	0	0	1	0	1	0	0	0
CAAACAACAAGCCAGA-1	1748	2837	2754	5644	0	1	0	0	1	0	0	0
CAAACAACAATAACCT-1	3835	9589	10063	22276	0	0	0	0	1	0	0	0
CAAACACTCAAACCGT-1	2204	4273	3455	7001	0	0	0	0	1	0	0	0
CAAACACTCCATAATG-1	1304	2202	2471	4810	1	0	0	0	1	0	0	0
CAAACACTCCGCATGA-1	4833	13596	3851	7989	0	0	1	0	1	0	0	0
CAAACACTCGTTTCTG-1	4702	12662	8409	18693	0	0	0	0	1	0	0	0
CAAACATGTACAAAGA-1	2520	4556	1093	2145	0	0	1	0	1	0	0	0
CAAACATGTCATGCCC-1	3035	6708	1503	2942	0	0	0	0	1	0	0	0
CAAACATGTTATGTGG-1	2098	3583	5837	12268	0	0	1	0	1	0	0	0
CAAACATGTTTATCGC-1	1438	2448	3459	7358	0	1	0	0	1	0	0	0
CAAACCGTCACGCCAA-1	643	1943	2277	4539	0	0	0	0	1	0	0	0
CAAACCGTCATAACTG-1	1940	3352	425	773	0	0	0	0	1	0	0	0
CAAACCGTCTAAGTGC-1	3424	8281	2614	5100	0	0	0	0	1	0	0	0
CAAACGCGTGCGCGTA-1	1104	1906	501	1009	0	0	0	0	1	0	0	0
CAAACTGGTCATTAGG-1	724	1105	945	1788	0	0	1	0	1	0	0	0
CAAACTGGTCGTAATG-1	4760	11727	2016	3871	1	0	2	0	1	0	0	0
CAAACTGGTGGACCTG-1	3327	7314	7398	16340	0	0	0	0	1	0	0	0
CAAACTGGTTAACGGC-1	1706	2871	4049	8289	0	0	0	0	1	0	0	0
CAAACTGGTTAGTTGG-1	6567	31032	16454	41767	0	0	0	0	1	0	0	0
CAAAGCGCAGGTATTT-1	3062	8066	15793	37669	0	0	0	0	1	0	0	0
CAAAGCGCATGAAATG-1	1318	2045	1405	2837	0	0	0	0	1	0	0	0
CAAAGGATCAGAAACG-1	5027	13313	10030	23174	0	0	1	0	1	0	0	0
CAAAGGATCCGTTAAA-1	5559	21220	7779	17027	0	0	1	0	1	0	0	0
CAAAGTGAGCACTAAC-1	1164	2067	2551	5031	0	0	2	0	1	0	0	0
CAAAGTGAGCATGTCG-1	1879	3133	2247	4661	0	0	0	0	1	0	0	0
CAAAGTGAGTGAACGA-1	4626	12916	13162	30899	0	0	1	0	1	0	0	0
CAAAGTGAGTTGCGTG-1	682	885	1541	3032	0	0	0	0	1	0	0	0
CAAAGTGAGTTTGGTA-1	3764	8274	4259	9167	1	1	1	0	1	0	0	1
CAAATCATCAAGCTAC-1	3830	8415	4082	8611	0	0	1	0	1	0	0	0
CAAATCATCCCTCAAC-1	3331	6789	600	1108	0	0	1	0	1	0	0	0
CAAATCATCCGCCAAA-1	1209	2830	7210	15741	0	0	0	0	1	0	0	0
CAAATCATCGATAACC-1	647	1086	994	1895	0	0	1	0	1	0	0	0
CAAATCATCTCAATTC-1	1277	1824	2063	4301	0	0	1	0	1	0	0	0
CAAATCATCTTAGGGT-1	2776	5876	2640	5222	0	0	0	0	1	0	0	0
CAACAATGTACGGTAC-1	1763	2855	1322	2571	0	0	0	0	1	0	0	0
CAACAATGTACTTCAC-1	892	1411	1269	2591	1	0	1	0	1	0	0	0
CAACAATGTCAATAGT-1	4957	14871	2498	4885	0	0	0	0	1	0	0	0
CAACAATGTGATTACG-1	355	612	2937	6109	0	0	0	0	1	0	0	0
CAACAATGTTAGCATG-1	4531	11656	2098	4162	0	0	0	0	1	0	0	0
CAACAATGTTTATCTG-1	10488	71632	17505	45186	0	2	2	0	0	0	0	0
CAACAGGCAAATACCT-1	839	1350	2412	4849	0	0	0	0	1	0	0	0
CAACAGGCACCAGGTT-1	2464	4702	4327	8613	0	0	0	0	1	0	0	0
CAACAGGCAGCTTAAT-1	1749	2865	665	1310	0	0	2	0	1	0	0	0
CAACCCGCAGTCTATG-1	3145	6501	7829	17871	0	0	1	0	1	0	0	0
CAACCCTTCAATGTCA-1	2756	5515	2705	5447	0	0	0	0	1	0	0	0
CAACCCTTCACGTTAA-1	5106	16097	357	674	0	0	0	0	1	0	0	0
CAACCCTTCAGCACCA-1	1910	3244	554	1035	0	0	1	0	1	0	0	0
CAACCCTTCCGCCTCA-1	2531	5194	4327	8651	0	0	0	0	1	0	0	0
CAACCCTTCGCACAAT-1	1039	1489	1285	2575	2	0	1	0	1	1	0	0
CAACCCTTCTCCATAT-1	774	1119	1006	1962	0	0	0	0	1	0	0	0
CAACCCTTCTTAGTGA-1	936	1359	2143	4330	0	0	0	0	1	0	0	0
CAACTAATCCCGTTAC-1	1651	2634	968	1887	0	0	0	0	1	0	0	0
CAACTAATCCCTCATA-1	1138	1955	4765	10138	0	0	0	0	1	0	0	0
CAACTAATCGTCCTTA-1	3539	8800	6331	13380	0	0	0	0	1	0	0	0
CAACTAATCTTGGACG-1	2770	5475	6123	13223	0	0	0	0	1	0	0	0
CAACTAATCTTTGAGA-1	954	1544	802	1568	0	0	1	0	1	0	0	0
CAACTAGGTCTAACCT-1	928	1197	1252	2549	1	2	1	1	1	0	0	1
CAACTAGGTGATTACG-1	1215	2419	660	1253	0	0	0	0	1	0	0	0
CAAGAACCACGTTACA-1	2461	4572	1102	2196	0	0	0	0	1	0	0	0
CAAGACAAGACAACAG-1	523	838	3256	6738	0	0	0	0	1	0	0	0
CAAGCTAGTAATTAGC-1	307	505	2990	6549	0	0	0	0	1	0	0	0
CAAGCTAGTCAAGTAT-1	1833	2935	2198	4426	0	0	1	0	1	0	0	0
CAAGCTAGTCAAGTGC-1	609	840	2990	5838	0	0	0	0	1	0	0	0
CAAGCTAGTCCTCCAA-1	581	961	1643	3277	0	0	0	0	1	0	0	0
CAAGCTAGTGATCATG-1	1919	3606	2221	4422	0	0	2	0	1	0	0	0
CAAGGCCTCTGTGAGT-1	5218	16335	11161	25557	0	0	0	0	1	0	0	0
CAAGGCCTCTTAGGAC-1	2962	5939	1633	3205	0	0	0	0	1	0	0	0
CAAGGCTGTGCATCGG-1	3006	6009	1405	2657	0	0	0	0	1	0	0	0
CAAGGGAGTGGTTCTT-1	1192	1922	442	860	0	1	0	0	1	0	0	0
CAAGGTAAGAGGAGTC-1	2892	6336	6094	12932	0	0	1	0	1	0	0	0
CAAGGTAAGGCGAAAC-1	1989	3998	1472	2977	1	0	1	0	1	0	0	0
CAAGGTTTCATCACTT-1	2062	3816	2182	4323	0	0	0	0	1	0	0	0
CAAGGTTTCCTAGTTT-1	2297	4460	3108	6611	0	0	0	0	1	0	0	0
CAAGTAACAAGATTCT-1	2302	4416	1607	3221	0	0	0	0	1	0	0	0
CAAGTAACACTAGCGT-1	4174	10156	8933	20093	0	0	1	0	1	0	0	0
CAAGTAACAGCGCTTG-1	1177	1947	3679	7767	0	1	0	0	1	0	0	0
CAAGTATGTTAGGACC-1	2074	5097	5568	11687	0	0	0	0	1	0	0	0
CAAGTATGTTGGTTAG-1	2207	3847	5054	10827	0	0	0	0	1	0	0	0
CAAGTGAAGAGGGACT-1	972	1524	1299	2617	0	0	0	0	1	0	0	0
CAAGTGAAGCTTGCTC-1	3029	6358	4694	9664	0	0	1	0	1	0	0	0
CAAGTGAAGTAAGTCC-1	1447	2272	3377	6714	0	0	0	0	1	0	0	0
CAAGTTATCCCTCAAC-1	409	1003	3537	7216	0	0	0	0	1	0	0	0
CAAGTTATCCGCACAA-1	2944	7027	1962	4036	0	0	2	0	1	0	0	0
CAAGTTATCTCAATGA-1	2586	9646	4543	9426	0	0	0	0	1	0	0	0
CAAGTTATCTTAGCCC-1	5186	13744	5272	10992	0	0	0	0	1	0	0	0
CAATAAGCAAGGACCA-1	4380	11009	851	1688	0	0	1	0	1	0	0	0
CAATAAGCAATCCTGA-1	2581	4622	2538	5123	0	0	3	0	1	0	0	0
CAATAAGCACCCTCAC-1	1128	1878	1261	2469	0	0	0	0	1	0	0	0
CAATAAGCAGCAAGGC-1	8226	44192	17027	43125	0	0	2	0	1	0	0	0
CAATAAGCAGGCTTGT-1	2052	3697	4570	9640	1	0	0	0	1	0	0	0
CAATAGCTCAATGTGC-1	2058	3357	3846	8238	1	2	1	0	1	0	0	1
CAATAGCTCCTAAGAC-1	5746	18531	8241	18460	0	0	1	0	1	0	0	0
CAATAGCTCCTAATTC-1	1735	2749	2772	5492	0	0	0	0	1	0	0	0
CAATAGCTCTCCTCTT-1	3321	7838	3849	7787	0	0	0	0	1	0	0	0
CAATATGTCCAAACAC-1	2268	4802	5665	11913	0	0	1	0	1	0	0	0
CAATATGTCCGGAACC-1	6573	25663	16874	43433	0	0	1	0	1	0	0	0
CAATATGTCGATTATG-1	3647	9690	7972	17058	0	0	1	0	1	0	0	0
CAATATGTCTTGCAGG-1	5737	16089	4718	9895	0	0	1	0	1	0	0	0
CAATCCCTCCGCCTCA-1	932	1589	966	1913	1	1	1	0	1	0	0	1
CAATCCCTCCTTAGGG-1	3761	10007	5665	11693	0	0	0	0	1	0	0	0
CAATCCCTCTGTTCAT-1	5825	19674	9584	21660	0	0	1	0	1	0	0	0
CAATCCTGTAATGGAA-1	13045	167104	4543	9306	0	0	2	0	0	0	0	0
CAATCCTGTATCTGGA-1	668	974	1580	3131	0	0	0	0	1	0	0	0
CAATCCTGTTGCACAA-1	3835	10105	2233	4496	0	0	0	0	1	0	0	0
CAATCCTGTTGCACGG-1	4037	10487	3584	7371	0	0	1	0	1	0	0	0
CAATCGCCAAGCTTAT-1	1328	2443	3642	7351	0	0	2	0	1	0	0	0
CAATCGCCAAGGTGCA-1	1599	2502	2660	5402	0	0	0	0	1	0	0	0
CAATCGCCAAGTGTTT-1	591	902	2785	5770	0	0	0	0	1	0	0	0
CAATCGCCAATGAGGT-1	1442	2165	2160	4335	0	0	0	0	1	0	0	0
CAATCGCCAGCACGAA-1	1658	2496	3147	6423	0	0	0	0	1	0	0	0
CAATCTAAGCTATTAG-1	7349	28104	10861	24628	0	1	1	0	1	0	0	0
CAATCTAAGGAGCACG-1	1155	1597	1153	2310	0	0	1	0	1	0	0	0
CAATCTAAGTTTGGGT-1	3895	10178	2415	4665	0	0	0	0	1	0	0	0
CAATGAACACCAACCG-1	1091	1578	1288	2554	0	0	0	0	1	0	0	0
CAATGAACATAATCAC-1	2676	4905	5834	12810	0	0	1	0	1	0	0	0
CAATGAACATGGCCCA-1	1664	2749	1040	2090	0	0	0	0	1	0	0	0
CAATGACTCATAACTG-1	399	577	3523	6939	0	0	0	0	1	0	0	0
CAATGACTCGGCCAGT-1	1640	2447	644	1212	0	0	0	0	1	0	0	0
CAATGACTCTAACCTT-1	9609	56193	8173	17144	1	1	2	0	0	0	0	0
CAATGACTCTAAGTCA-1	1488	2186	1315	2628	0	0	0	0	1	0	0	0
CAATGCCCAGGTTCAC-1	856	1422	1148	2323	0	0	1	0	1	0	0	0
CAATGTCAGGCAACAA-1	2869	6347	2426	4829	0	0	0	0	1	0	0	0
CAATGTCAGGGACGCA-1	3394	7558	1868	3583	0	0	0	0	1	0	0	0
CAATGTGGTAGCTAGC-1	2859	5970	1544	3075	0	0	0	0	1	0	0	0
CAATGTGGTTAGTACG-1	1080	1777	806	1578	0	0	0	0	1	0	0	0
CACAAGCGTAGGATCC-1	890	1215	2214	4415	1	1	0	0	1	0	0	1
CACAAGCGTTGTCATC-1	1653	2910	5382	10811	0	0	0	0	1	0	0	0
CACAATATCAATGTGC-1	6831	25106	6524	13872	0	0	1	0	1	0	0	0
CACAATATCACAGCGC-1	3004	6053	8275	17991	0	0	1	0	1	0	0	0
CACAATATCAGGAAGC-1	904	1529	977	1945	0	0	1	0	1	0	0	0
CACAATATCATCACTT-1	3255	7205	5638	11609	0	0	1	0	1	0	0	0
CACAATATCTTGGATA-1	2037	3544	2027	4127	0	1	1	0	1	0	0	0
CACAGGCTCATTAGTG-1	651	2047	454	885	0	0	1	0	1	0	0	0
CACAGGCTCCCTGGAA-1	989	1846	493	927	0	0	0	0	1	0	0	0
CACAGGCTCCGCAACA-1	385	469	2534	5238	0	0	0	0	1	0	0	0
CACAGGCTCGAAGTGA-1	4144	9411	7096	14977	0	1	0	0	1	0	0	0
CACAGGGAGCAAGGAC-1	1054	2132	408	773	0	0	0	0	1	0	0	0
CACAGGGAGCATTAGC-1	715	1005	1386	2768	0	0	0	0	1	0	0	0
CACAGGGAGCGATAGA-1	3753	8199	5565	11614	0	0	1	0	1	0	0	0
CACAGGGAGCGTGCAC-1	1916	3233	994	1875	1	2	1	0	1	0	0	1
CACAGGGAGCTCAATA-1	1055	1868	789	1511	0	0	1	0	1	0	0	0
CACAGGGAGGCCTGGT-1	915	1755	1167	2282	0	0	0	0	1	0	0	0
CACAGGGAGGCGAAAC-1	3927	9989	4986	10341	0	0	0	0	1	0	0	0
CACAGGGAGTTATTCC-1	4276	10863	8480	18758	0	0	0	0	1	0	0	0
CACATAATCCCGCATT-1	3136	6700	4705	9555	0	0	1	0	1	0	0	0
CACATAATCGGCCATA-1	3109	6137	147	273	0	0	0	0	1	0	0	0
CACATAATCTTTAGGA-1	5652	18023	1495	2806	0	0	1	0	1	0	0	0
CACATACAGCCTGATG-1	1068	1566	2318	4685	0	0	0	0	1	0	0	0
CACATACAGTAGCCAT-1	9029	54082	13723	33794	0	0	1	0	0	0	0	0
CACATGCCAATTAACC-1	2355	4549	190	351	0	0	0	0	1	0	0	0
CACCAACCAATGAAGC-1	3608	8884	2575	4892	0	0	0	0	1	0	0	0
CACCAACCAGTTAAAG-1	2770	5315	6847	14153	0	0	1	0	1	0	0	0
CACCAACCATAGCAGG-1	4217	9697	2256	4443	0	0	0	0	1	0	0	0
CACCGGTAGACAACAG-1	5799	18477	9839	23032	0	0	1	0	1	0	0	0
CACCGGTAGCTATATG-1	10164	73691	16401	39690	1	3	2	0	0	0	0	0
CACCGGTAGGAACCAA-1	3037	6152	1517	2997	0	0	1	0	1	0	0	0
CACCGGTAGGCCCAGT-1	439	646	5988	13245	0	0	0	0	1	0	0	0
CACCGGTAGGCTAGAA-1	3651	7759	6735	14135	0	0	0	0	1	0	0	0
CACCTCAGTAAAGCAA-1	2841	6984	2140	4144	0	0	0	0	1	0	0	0
CACGCAATCGGTTCCT-1	3224	6932	7426	16443	0	0	1	0	1	0	0	0
CACGCTAAGAATCTCA-1	2247	4034	1090	2130	0	0	1	0	1	0	0	0
CACGCTAAGGGATTAG-1	1568	2577	438	830	0	0	1	0	1	0	0	0
CACGCTAAGGTTAGCT-1	4395	10178	6116	12940	0	0	1	0	1	0	0	0
CACTAAGGTAGGTTAT-1	1249	1931	11278	25802	2	1	0	0	1	1	1	1
CACTAAGGTCGAAGTC-1	2193	3755	2032	3991	0	0	0	0	1	0	0	0
CACTAAGGTGGAGCAA-1	5234	15012	13480	31773	0	0	1	0	1	0	0	0
CACTAAGGTGGTGAGA-1	8590	37511	21756	60139	0	0	1	0	0	0	0	0
CACTAAGGTTCACCCA-1	3871	8726	6047	13171	0	0	1	0	1	0	0	0
CACTAAGGTTGGTTGA-1	1542	2350	455	862	0	0	0	0	1	0	0	0
CACTAGCCAAACCCTA-1	1000	1346	851	1648	0	0	1	0	1	0	0	0
CACTAGCCACCGTTCC-1	1813	3051	442	827	0	0	0	0	1	0	0	0
CACTGACCAAACTAAG-1	3649	8787	2422	4702	0	1	1	0	1	0	0	0
CACTGACCAAATACCT-1	5404	15127	13000	30014	0	0	1	0	1	0	0	0
CACTGACCAATCTCTC-1	5583	17271	3730	7596	0	0	1	0	1	0	0	0
CACTGACCACGGTTTA-1	2752	4750	692	1326	0	0	0	1	1	0	0	0
CACTTAAAGACTTACA-1	4612	12973	7612	17047	0	0	0	0	1	0	0	0
CACTTAAAGGAACCGG-1	1660	3363	3622	7959	0	0	0	0	1	0	0	0
CACTTAAAGGTCCTAG-1	4790	12742	10154	22310	1	0	1	0	1	0	0	0
CACTTAAAGTAAGTCC-1	4083	9857	10446	23850	0	0	1	0	1	0	0	0
CACTTAAAGTGAGCAA-1	1851	3065	575	1071	0	0	0	0	1	0	0	0
CACTTTGTCCAGGTTG-1	7304	32958	9126	20935	0	1	1	0	1	0	0	0
CACTTTGTCGTAATCA-1	833	1161	1113	2180	0	0	0	0	1	0	0	0
CACTTTGTCGTTTCCA-1	3263	6477	8549	18890	0	0	1	0	1	0	0	0
CACTTTGTCTCAATGA-1	7241	29985	9320	21308	0	0	1	0	1	0	0	0
CAGAACCGTAATGGAA-1	1539	2194	635	1205	0	0	0	0	1	0	0	0
CAGAACCGTATCTGGA-1	2476	5291	3910	7837	0	0	0	0	1	0	0	0
CAGAACCGTTACATCC-1	482	990	2844	5677	0	0	0	0	1	0	0	0
CAGAACCGTTGGTTCT-1	2224	5604	2971	6026	0	0	0	0	1	0	0	0
CAGAATCTCAATCTCT-1	2081	3662	656	1225	0	0	0	0	1	0	0	0
CAGAATCTCAGGCTAT-1	1741	2953	567	1054	0	0	0	0	1	0	0	0
CAGAATCTCATCCTCA-1	705	1063	2399	4908	0	0	2	0	1	0	0	0
CAGAATCTCATGCGTG-1	3352	7470	6439	14044	0	0	0	0	1	0	0	0
CAGATTCAGGTTACGT-1	1445	2195	3235	6597	0	0	0	0	1	0	0	0
CAGATTCAGTAACGAG-1	994	1400	6160	13344	0	0	0	0	1	0	0	0
CAGATTCAGTAGCTTA-1	2366	5859	1024	1976	0	0	1	0	1	0	0	0
CAGCAAGCAAAGGTAC-1	1391	2763	876	1676	0	0	1	0	1	0	0	0
CAGCAAGCACAATGTT-1	1354	1923	684	1298	0	0	0	0	1	0	0	0
CAGCAAGCAGCATGGA-1	1147	1632	705	1348	0	0	2	0	1	0	0	0
CAGCAAGCATAAGCAA-1	1310	1976	2898	5869	0	0	0	0	1	0	0	0
CAGCAAGCATAGCTTG-1	6105	19967	11219	26186	0	0	1	0	1	0	0	0
CAGCATTAGAAACTGG-1	3169	6197	1031	1928	0	0	1	0	1	0	0	0
CAGCATTAGACAAGTG-1	3496	7608	3894	7973	0	0	0	0	1	0	0	0
CAGCATTAGCAGCTAT-1	3216	7715	10762	24863	0	0	0	0	1	0	0	0
CAGCCAATCGAGCAAA-1	2582	4874	4077	8693	0	0	0	0	1	0	0	0
CAGCCAATCTTAGTCT-1	705	1151	1050	2093	0	0	1	0	1	0	0	0
CAGCCTAAGAAGCTAG-1	2236	3843	811	1589	0	0	1	0	1	0	0	0
CAGCCTAAGCACTTGG-1	1391	2225	1316	2615	0	0	1	0	1	0	0	0
CAGCCTAAGCTCCTTA-1	6592	20784	14203	33803	0	0	2	0	1	0	0	0
CAGCCTAAGGCTGTCA-1	1867	3851	693	1361	0	0	0	0	1	0	0	0
CAGCCTAAGGTGAAGC-1	2743	8573	3257	6543	0	0	1	0	1	0	0	0
CAGCCTTTCCGCCAAA-1	1676	2695	717	1392	0	0	0	0	1	0	0	0
CAGCCTTTCCGTGACA-1	3094	6195	1461	2872	0	0	1	0	1	0	0	0
CAGCTAAGTACCTTAC-1	1613	2430	1968	3953	0	0	1	0	1	0	0	0
CAGCTAAGTACGCGCA-1	4333	11931	6423	13632	0	0	0	0	1	0	0	0
CAGCTAAGTACTTAGG-1	493	611	5460	11750	0	0	0	0	1	0	0	0
CAGCTAAGTAGGTGTC-1	416	727	6192	12909	0	0	0	0	1	0	0	0
CAGCTAAGTCACGGAT-1	1973	3076	1436	2721	0	0	0	0	1	0	0	0
CAGCTAAGTTACCTGT-1	5367	16763	8545	18117	0	0	0	0	1	0	0	0
CAGCTAAGTTCTTTAG-1	3436	8021	4600	9511	0	0	1	0	1	0	0	0
CAGCTATAGCCTGACA-1	3984	8693	9511	21812	0	0	0	0	1	0	0	0
CAGCTATAGCCTGATG-1	5748	15549	5568	12079	0	1	1	0	1	0	0	0
CAGCTATAGCGGTTAT-1	3775	9602	7123	15734	0	0	0	0	1	0	0	0
CAGCTATAGGATTGAG-1	5497	16340	2480	4793	0	0	0	0	1	0	0	0
CAGCTATAGGTTACAC-1	3324	7942	2004	4035	0	0	0	0	1	0	0	0
CAGCTATAGTGACCTG-1	5596	17395	5260	11148	0	0	0	0	1	0	0	0
CAGCTATAGTTATGGC-1	1792	2950	2032	4096	0	0	0	0	1	0	0	0
CAGCTCAAGCGAGGTG-1	2890	5307	4009	8354	0	0	1	0	1	0	0	0
CAGCTCAAGGCGAAAC-1	1304	1922	3364	6999	0	0	0	0	1	0	0	0
CAGCTCAAGGCTGTCA-1	4245	11445	11949	27761	0	0	0	0	1	0	0	0
CAGCTCAAGTTGGGCC-1	1320	2257	6659	14135	0	0	0	0	1	0	0	0
CAGGAAGGTAATCACG-1	3798	8731	2104	4164	0	0	0	0	1	0	0	0
CAGGAAGGTCTATCGT-1	1169	1838	638	1226	0	0	0	0	1	0	0	0
CAGGAAGGTGTCACGG-1	1110	1638	2777	5627	0	0	1	0	1	0	0	0
CAGGAAGGTGTTGCTT-1	1292	1930	2911	5776	0	0	0	0	1	0	0	0
CAGGAAGGTTACTAGG-1	3429	12605	1691	3192	0	0	0	0	1	0	0	0
CAGGAAGGTTAGCATG-1	2392	4380	1544	2924	0	0	0	0	1	0	0	0
CAGGAAGGTTAGTTGG-1	1035	1489	1131	2230	0	0	1	0	1	0	0	0
CAGGACACAAATGCCC-1	723	1058	1280	2557	0	0	0	0	1	0	0	0
CAGGACACAACCCTCC-1	1714	3520	1360	2660	0	0	0	0	1	0	0	0
CAGGACACAGTAAGTA-1	2894	5521	3217	6550	0	0	1	0	1	0	0	0
CAGGACACAGTGAACG-1	4070	9236	3367	6883	0	0	1	0	1	0	0	0
CAGGACCTCATCCTGC-1	4637	13664	1239	2383	0	0	0	0	1	0	0	0
CAGGACCTCCCGCCTA-1	4795	16526	9255	21022	0	0	1	0	1	0	0	0
CAGGACCTCCGCACAA-1	967	1351	717	1419	0	0	1	0	1	0	0	0
CAGGCTATCCAGGTTG-1	486	748	7123	15328	0	0	0	0	1	0	0	0
CAGGCTATCGGTTAGT-1	2556	5172	1991	3814	0	0	0	0	1	0	0	0
CAGGCTATCGTTACAA-1	1271	1872	3245	6577	0	0	1	0	1	0	0	0
CAGGCTGGTTGCGTAA-1	2554	5243	211	380	0	0	0	0	1	0	0	0
CAGGCTGGTTGTTGGA-1	5395	19400	10873	24901	0	0	0	0	1	0	0	0
CAGGGCTTCAAAGGCA-1	486	787	1840	3752	0	0	0	0	1	0	0	0
CAGGGCTTCGCCTGTT-1	2124	3808	3121	6264	0	0	0	0	1	0	0	0
CAGGGCTTCTAGCGTG-1	1606	2660	2410	4867	0	0	1	0	1	0	0	0
CAGGGTGAGGTCATTA-1	338	475	4111	8555	0	0	0	0	1	0	0	0
CAGGGTGAGTGCACGC-1	2986	7289	7518	15918	0	0	1	0	1	0	0	0
CAGGGTGAGTTAGCTA-1	3486	8171	6731	14215	0	0	0	0	1	0	0	0
CAGGTCCAGCACTTGG-1	3695	8120	6387	13774	0	0	0	0	1	0	0	0
CAGGTCCAGCGGATTT-1	3863	7966	6834	15000	0	0	0	0	1	0	0	0
CAGGTCCAGGAGTAAT-1	1921	3357	1339	2492	0	0	0	0	1	0	0	0
CAGGTCCAGTCAGTAC-1	735	1244	864	1702	0	0	0	0	1	0	0	0
CAGGTGGAGAGGAAGG-1	3210	7162	4392	8818	0	0	0	0	1	0	0	0
CAGGTGGAGCCTCTGT-1	1830	3096	2977	6151	0	0	1	0	1	0	0	0
CAGGTGGAGGCAACAA-1	423	559	4435	9076	0	0	0	0	1	0	0	0
CAGGTGGAGTAATCCA-1	1456	2303	768	1482	0	0	1	0	1	0	0	0
CAGGTTAGTATGGTGC-1	1953	4578	6406	13594	0	0	0	0	1	0	0	0
CAGGTTAGTTAACGGC-1	4831	12529	3830	7777	0	1	2	0	1	0	0	0
CAGGTTAGTTTGTCTA-1	4969	13067	3521	7073	0	0	1	0	1	0	0	0
CAGGTTTAGGTCCTAG-1	1725	3200	2705	5545	0	0	3	0	1	0	0	0
CAGTACCCACAAACTT-1	848	1527	3273	6675	0	0	2	0	1	0	0	0
CAGTACCCACTGGCTG-1	1418	2336	1788	3518	1	2	1	0	1	0	0	1
CAGTACCCAGTAGGAT-1	1521	2826	1475	2921	0	0	0	0	1	0	0	0
CAGTACCCATCCCTCA-1	1820	2950	2311	4721	0	0	1	0	1	0	0	0
CAGTACCCATGGCCCA-1	1285	2294	729	1418	0	0	1	0	1	0	0	0
CAGTACCCATTGTGAT-1	2065	3622	3566	7335	0	0	0	0	1	0	0	0
CAGTACCCATTGTGTG-1	588	1001	4999	10477	0	0	0	0	1	0	0	0
CAGTATGGTACTAAAC-1	6122	18937	89	170	0	0	2	0	0	0	0	0
CAGTATGGTCAATGTG-1	2812	5829	3300	6663	0	0	0	0	1	0	0	0
CAGTATGGTTAGGATT-1	4827	14152	6670	14524	0	0	0	0	1	0	0	0
CAGTATGGTTCACCAT-1	4093	10652	4615	9727	0	0	0	0	1	0	0	0
CAGTATGGTTCCTGTG-1	7554	34118	6012	12990	0	1	2	0	1	0	0	0
CATAACGGTAATCACG-1	3832	8491	1913	3671	0	0	0	0	1	0	0	0
CATAACGGTATTGAGT-1	2531	4624	1238	2427	0	0	1	0	1	0	0	0
CATAACGGTGCATTTC-1	9275	54554	19972	51531	0	0	1	0	0	0	0	0
CATAACGGTTAAGTGT-1	3202	6395	1594	3233	0	0	2	0	1	0	0	0
CATAACGGTTGAAGCC-1	1170	2021	428	828	0	0	0	0	1	0	0	0
CATAAGCTCAGTGAAG-1	10259	69874	26242	75791	0	1	2	0	0	0	0	0
CATAAGCTCATAACCA-1	2919	5843	1840	3670	1	1	0	0	1	0	0	1
CATAAGCTCATCCTCA-1	2258	4734	4151	8501	0	0	1	0	1	0	0	0
CATAAGCTCCAACTGG-1	3254	7066	6969	14928	0	0	0	0	1	0	0	0
CATAAGCTCGGTAACT-1	5947	19885	15190	37325	0	0	1	0	1	0	0	0
CATAATCCACAGGGAC-1	1119	2344	356	701	0	0	1	0	1	0	0	0
CATAATCCACTTACAG-1	648	906	1119	2222	0	0	0	0	1	0	0	0
CATAATCCATGCTATG-1	785	1302	7811	16653	0	0	1	0	1	0	0	0
CATAATCCATGGCCTG-1	887	1481	736	1418	0	0	1	0	1	0	0	0
CATAATCCATTCCTGT-1	1198	1683	624	1187	0	0	0	0	1	0	0	0
CATAATGTCAAACACC-1	5423	16670	1852	3512	0	0	0	0	1	0	0	0
CATAATGTCACACAGT-1	10089	72206	7864	16668	1	2	2	0	0	0	0	0
CATAATGTCTCCTCAA-1	8063	38873	7170	14817	0	0	1	0	1	0	0	0
CATAGACTCAATGTCA-1	2946	6336	7215	15478	0	0	0	0	1	0	0	0
CATAGACTCCTGAGTG-1	4347	11317	737	1392	1	0	1	0	1	0	0	0
CATAGACTCCTGATGG-1	3417	7756	3332	6633	0	0	0	0	1	0	0	0
CATAGACTCCTTGTTG-1	5286	15583	3426	7082	0	0	1	0	1	0	0	0
CATAGACTCTCCTCAA-1	6848	24855	10728	23403	0	0	2	0	1	0	0	0
CATAGACTCTTCAATC-1	3006	7236	3175	6540	0	0	0	0	1	0	0	0
CATAGCTAGGGTGAGT-1	4447	10377	4821	9876	1	0	2	0	1	0	0	0
CATAGCTAGGTTACGT-1	6272	20252	12780	30279	0	0	0	0	1	0	0	0
CATAGCTAGTGAAGTG-1	1796	3466	3631	7325	0	0	0	0	1	0	0	0
CATAGCTAGTTAGCTA-1	1226	1944	456	853	0	0	0	0	1	0	0	0
CATAGGCGTAGCCATA-1	2128	3698	1146	2280	0	0	0	0	1	0	0	0
CATAGGCGTTAAGGTT-1	3064	6232	4296	9138	1	0	1	0	1	0	0	0
CATAGGCGTTCACCAT-1	1930	3440	1437	2757	0	0	0	0	1	0	0	0
CATAGGTTCAAACCTA-1	3047	7080	8650	18862	0	0	0	0	1	0	0	0
CATAGGTTCATAGACC-1	4865	11958	2872	5864	0	0	0	0	1	0	0	0
CATAGGTTCCCTCAGT-1	4302	11049	13154	30899	0	0	0	0	1	0	0	0
CATAGGTTCTGTAAGC-1	3575	7968	3348	6859	0	0	1	0	1	0	0	0
CATAGTCAGCTGAGGG-1	7274	26605	10247	23487	0	0	1	0	1	0	0	0
CATAGTCAGGTAAGCA-1	3252	7793	1362	2601	0	0	0	0	1	0	0	0
CATATCGCAAACATAG-1	1610	2513	680	1290	0	0	0	0	1	0	0	0
CATATCGCAATCATGT-1	1440	3456	430	808	0	0	0	0	1	0	0	0
CATATCGCACCTAATG-1	3086	8158	1636	3182	0	1	1	0	1	0	0	0
CATCAATCACAACAAA-1	4110	11151	6774	14523	0	0	0	0	1	0	0	0
CATCAATCAGGTTACC-1	1861	3202	3202	6644	0	0	2	0	1	0	0	0
CATCAATCATAGCTTG-1	1872	3077	1246	2565	0	0	0	0	1	0	0	0
CATCACACACAGAAAC-1	3609	9241	496	934	0	0	0	0	1	0	0	0
CATCACACACCTAATG-1	4719	12833	4885	10103	1	0	0	0	1	0	0	0
CATCACACACGCAACT-1	2651	5392	1763	3337	0	0	0	0	1	0	0	0
CATCACACATCCCTCA-1	1087	1957	474	919	0	0	1	0	1	0	0	0
CATCATAAGATTCCTT-1	3127	6206	376	700	0	0	0	0	1	0	0	0
CATCATAAGGAAGTAT-1	3117	6272	615	1142	0	0	0	0	1	0	0	0
CATCATAAGTGAGGGT-1	1086	1740	566	1082	0	0	0	0	1	0	0	0
CATCATGCACAAACTT-1	2716	5552	6785	14914	0	0	0	0	1	0	0	0
CATCATGCATGTTGCA-1	3328	8399	321	618	0	0	0	0	1	0	0	0
CATCATGCATTTGCTC-1	743	1158	1135	2181	0	0	0	0	1	0	0	0
CATCCCAGTACCAGGT-1	3817	9794	2703	5539	0	0	2	0	1	0	0	0
CATCCCAGTGTTCCCA-1	2065	3468	1100	2107	0	0	0	0	1	0	0	0
CATCCCAGTTCAAGCA-1	956	1767	1352	3088	0	1	0	0	1	0	0	0
CATCCCAGTTGTGACA-1	4752	12451	7442	16004	1	0	0	0	1	0	0	0
CATCCTCAGCACTTGG-1	422	1335	3806	8082	0	0	0	0	1	0	0	0
CATCCTCAGCATGTCG-1	2698	5285	1749	3512	0	0	1	0	1	0	0	0
CATCCTCAGGCATTAC-1	2463	4965	1285	2402	0	0	0	0	1	0	0	0
CATCCTCAGGTGCTGC-1	4045	10720	11121	26154	0	0	0	0	1	0	0	0
CATCCTGGTTACTTCA-1	2901	6134	1175	2285	0	0	1	0	1	0	0	0
CATCCTGGTTCCTGTG-1	1704	3071	4483	9505	0	0	0	0	1	0	0	0
CATCCTGGTTTGGGTA-1	1569	3521	4690	9840	0	0	0	0	1	0	0	0
CATCCTTCAATGAGGT-1	3000	6875	800	1491	0	0	0	0	1	0	0	0
CATCCTTCAGCTTAAT-1	5736	17766	686	1314	0	0	1	0	1	0	0	0
CATCGCTTCATGCGTG-1	5426	15364	4462	9205	0	0	2	0	1	0	0	0
CATCGCTTCCAATAGC-1	2381	4034	3896	7929	0	0	1	0	1	0	0	0
CATCGCTTCGAGCAAA-1	4104	12229	10993	25285	0	0	0	0	1	0	0	0
CATCGCTTCTATCGCC-1	2959	8514	5534	12097	0	0	0	0	1	0	0	0
CATGAGGCAAGGTCGA-1	10769	86369	7333	15715	0	0	0	0	0	0	0	0
CATGAGGCACGTGCTG-1	2334	4235	5845	12524	0	0	0	0	1	0	0	0
CATGAGGCAGCAATAA-1	2388	4109	1409	2796	0	0	0	0	1	0	0	0
CATGAGGCAGCCTTGG-1	1385	2312	471	885	0	0	1	0	1	0	0	0
CATGAGGCAGGCCAAA-1	3191	6512	6347	13605	0	0	1	0	1	0	0	0
CATGCAAGTCGCAATA-1	3135	6385	2173	4250	0	0	0	0	1	0	0	0
CATGCAAGTGTCCAGG-1	3730	8499	9947	22658	0	0	0	0	1	0	0	0
CATGCAAGTTTGCGAA-1	1863	3221	2086	4219	0	0	0	0	1	0	0	0
CATGCATAGCAAGGTA-1	1081	1888	993	1917	0	0	0	0	1	0	0	0
CATGCATAGCTAATCA-1	2202	4220	3077	6227	0	0	3	0	1	0	0	0
CATGCGCAGGTGTCCA-1	1180	1718	776	1544	0	0	1	0	1	0	0	0
CATGCGGGTTAGCGTA-1	3412	6989	5224	10694	0	0	0	0	1	0	0	0
CATGGATTCCAATAGC-1	1612	3205	827	1609	0	0	1	0	1	0	0	0
CATGGATTCGTGCTAG-1	3579	8293	6914	14992	0	0	1	0	1	0	0	0
CATGGCGGTTCCGGCT-1	2613	5520	386	716	0	0	0	0	1	0	0	0
CATTATCTCACTCGCT-1	1673	3304	947	1790	2	0	1	0	1	1	0	0
CATTATCTCCGTAAAC-1	3498	9237	2904	5697	0	0	0	0	1	0	0	0
CATTATGAGCATTATG-1	2909	6438	9575	21130	0	0	0	0	1	0	0	0
CATTATGAGTTGGGCC-1	1845	3402	2766	5472	0	0	1	0	1	0	0	0
CATTCATTCCAAATCA-1	973	1602	755	1467	0	0	1	0	1	0	0	0
CATTCCTCAATTGAGA-1	1061	1861	753	1458	0	0	0	0	1	0	0	0
CATTGCGAGCACGATT-1	2987	6133	3714	7767	0	0	0	0	1	0	0	0
CATTGCGAGCTGGACC-1	1385	2069	656	1247	0	0	0	0	1	0	0	0
CATTGCGAGCTGTAAC-1	1185	1689	1760	3628	0	0	0	0	1	0	0	0
CATTGCGAGGACCTTG-1	1034	1731	584	1145	0	0	0	0	1	0	0	0
CATTGCGAGTTGGGCC-1	4679	12905	7415	15617	0	0	0	0	1	0	0	0
CATTGTAAGAGCAAGC-1	1958	3316	1247	2366	0	0	1	0	1	0	0	0
CATTGTGCAAGCTTTG-1	2693	4900	5456	11785	0	0	0	0	1	0	0	0
CATTGTGCAATCATGT-1	1939	3971	2163	4343	0	0	0	0	1	0	0	0
CATTGTGCACAGCCTG-1	2132	3756	425	808	0	0	0	0	1	0	0	0
CATTGTGCACCTGGTG-1	3255	7259	8728	19741	0	1	0	0	1	0	0	0
CATTGTGCAGGACCTT-1	4986	14167	11849	27405	0	0	1	0	1	0	0	0
CATTGTGCATCGCTTT-1	1611	2463	5282	11114	0	0	0	0	1	0	0	0
CATTTGTTCATAGCCG-1	2295	4162	3749	7645	0	0	1	0	1	0	0	0
CATTTGTTCATGGTGT-1	1284	1861	2290	4631	0	0	0	0	1	0	0	0
CATTTGTTCCTCATCA-1	6394	22984	20263	55656	0	1	2	0	0	0	0	0
CATTTGTTCGAGGAAC-1	1052	1748	690	1372	0	0	0	0	1	0	0	0
CATTTGTTCGAGGAGT-1	3735	11361	4874	10255	0	0	0	0	1	0	0	0
CATTTGTTCGTTACAA-1	1893	3106	2394	4704	0	0	0	0	1	0	0	0
CCAAACCCAAATGCCC-1	1504	2933	3603	7713	0	0	1	0	1	0	0	0
CCAAACTAGGCCTAAT-1	2584	4678	726	1382	0	0	0	0	1	0	0	0
CCAAACTAGGTGAGAC-1	2235	3871	214	406	0	0	0	0	1	0	0	0
CCAAACTAGGTTTACA-1	336	523	2502	5330	0	0	0	0	1	0	0	0
CCAAACTAGTCAGGCC-1	1570	2447	3713	7506	0	0	0	0	1	0	0	0
CCAAATCAGCTACTGG-1	1625	2872	3744	7665	0	0	0	0	1	0	0	0
CCAAATCAGGCATGTT-1	422	721	7000	15880	0	0	0	0	1	0	0	0
CCAAATCAGTGCACGC-1	692	1186	858	1669	0	0	0	0	1	0	0	0
CCAAATCAGTTAACCA-1	2094	3523	1571	3144	0	0	0	0	1	0	0	0
CCAACATAGGAGCACG-1	9786	60857	15263	36506	0	0	1	0	0	0	0	0
CCAACATAGTGTTGCG-1	1733	2943	1561	3259	3	0	1	0	1	1	0	0
CCAACCAAGCGGTTAT-1	1312	2064	1265	2517	0	0	0	0	1	0	0	0
CCAACCCGTAACTACG-1	325	685	1728	3388	0	0	0	0	1	0	0	0
CCAACCCGTTAGGATT-1	4554	12514	5895	12583	0	0	0	0	1	0	0	0
CCAAGGCTCATGTGGT-1	2640	5061	7834	16595	0	0	1	0	1	0	0	0
CCAAGGCTCGATCAGT-1	7015	26626	9309	21119	1	0	0	0	1	0	0	0
CCAAGGCTCGTTAACA-1	1028	1812	483	933	0	0	0	0	1	0	0	0
CCAAGTTAGCCTGATG-1	1493	2263	1888	3737	0	0	1	0	1	0	0	0
CCAAGTTAGTGCACGC-1	1553	2587	3742	7895	0	0	2	0	1	0	0	0
CCAAGTTAGTTAGCTA-1	800	1289	876	1645	1	0	1	0	1	0	0	0
CCAATATCAAATACCT-1	6391	23326	3266	6664	0	0	2	0	1	0	0	0
CCAATATCAGAAATTG-1	2872	6229	1214	2394	1	0	0	0	1	0	0	0
CCACAATAGCATCCAG-1	1569	2453	485	929	2	0	0	0	1	1	0	0
CCACAATAGGATAAAC-1	2183	3990	1910	3864	0	0	0	0	1	0	0	0
CCACAATAGGCTTAGT-1	885	1383	989	1947	0	0	1	0	1	0	0	0
CCACAATAGGGACCTC-1	3304	15387	733	1375	0	0	0	0	1	0	0	0
CCACAATAGTTCCTGC-1	3159	7232	1526	2944	0	0	1	0	1	0	0	0
CCACACAAGACAAAGT-1	5665	16510	6989	14695	2	1	1	0	1	1	1	1
CCACACAAGATAACCC-1	3801	8848	8285	18404	0	0	0	0	1	0	0	0
CCACACAAGCCTTAAA-1	1392	2287	743	1423	0	0	0	0	1	0	0	0
CCACACAAGTCATGCG-1	1458	2435	1837	3580	0	1	1	0	1	0	0	0
CCACACAAGTGTTGCG-1	1092	1667	2096	4237	0	0	1	0	1	0	0	0
CCACAGGGTAGTAAGA-1	1433	3250	789	1506	0	0	1	0	1	0	0	0
CCACAGGGTGGTGAGA-1	5430	18160	11144	24994	0	0	1	0	1	0	0	0
CCACAGGGTGTTTCAC-1	2551	4651	2149	4358	0	0	0	0	1	0	0	0
CCACAGGGTTAAGCCA-1	1773	2892	1730	3512	0	0	0	0	1	0	0	0
CCACATTGTAATTAGC-1	3061	6204	1837	3504	0	0	0	0	1	0	0	0
CCACATTGTACTTAGG-1	5575	16060	6496	14101	0	0	0	0	1	0	0	0
CCACATTGTAGTCAAT-1	2572	5095	216	400	0	0	0	0	1	0	0	0
CCACATTGTGCTCACC-1	9053	48751	20046	54108	0	0	1	1	0	0	0	0
CCACATTGTTGGATAT-1	2898	5297	568	1087	0	0	0	0	1	0	0	0
CCACATTGTTTGTGGA-1	1818	3193	4398	8733	2	0	0	0	1	1	0	0
CCACTTGGTATTACCC-1	8441	37690	16790	43068	0	1	1	0	1	0	0	0
CCACTTGGTGCTGGTG-1	4385	11303	6330	13494	0	0	1	0	1	0	0	0
CCACTTGGTGGTTATG-1	3447	7660	6569	14255	0	0	0	0	1	0	0	0
CCAGACTCAAAGGTAC-1	5203	13898	3481	7044	0	3	2	0	1	0	0	0
CCAGACTCAATCATGT-1	1499	2312	1525	3039	0	0	0	0	1	0	0	0
CCAGACTCACAGCCAT-1	4512	12392	4440	8951	0	0	0	0	1	0	0	0
CCAGACTCATTAGGTT-1	7575	31316	13160	30583	0	0	1	0	1	0	0	0
CCAGCCTGTTCCTGAT-1	8164	40122	2509	4839	0	0	0	0	1	0	0	0
CCAGCTAAGACTTATG-1	3065	6532	2911	5924	0	0	1	0	1	0	0	0
CCAGCTAAGCTACTGG-1	4153	10135	5946	12654	1	0	1	0	1	0	0	0
CCAGCTAAGCTATTGA-1	2876	5451	3675	7622	0	0	0	0	1	0	0	0
CCAGCTAAGGATAAAC-1	2443	4486	3664	7647	0	0	1	0	1	0	0	0
CCAGCTAAGGATTGAG-1	4014	10025	5735	11589	0	0	0	0	1	0	0	0
CCAGCTGCAGTAGGAT-1	1428	2055	476	912	0	0	0	0	1	0	0	0
CCAGCTGCATTAGCGC-1	2048	4499	1691	3257	0	0	0	0	1	0	0	0
CCAGGAACAAGGTATA-1	1141	1649	1756	3462	0	0	0	0	1	0	0	0
CCAGGAACAATCGCAC-1	5600	15815	4046	8448	1	0	1	0	1	0	0	0
CCAGGAACAGTAAGTA-1	1354	2004	1957	3713	0	0	0	0	1	0	0	0
CCAGGATGTATTCGCT-1	2013	3866	4829	10067	0	0	0	0	1	0	0	0
CCAGGATGTCATCCTG-1	1141	1972	634	1212	0	0	0	0	1	0	0	0
CCAGGATGTCGCATAA-1	3928	9030	1984	4094	0	0	1	0	1	0	0	0
CCAGGATGTCTAACAG-1	3752	9954	10636	24342	0	0	0	0	1	0	0	0
CCAGGATGTTGGTTGA-1	703	1007	1061	2093	0	0	0	0	1	0	0	0
CCAGGATGTTTAACCC-1	7269	27907	7600	16489	1	1	2	0	1	0	0	0
CCAGTTTGTAACGTGC-1	3356	7422	4897	10629	0	0	0	0	1	0	0	0
CCAGTTTGTCAACAAT-1	6412	21166	3550	6901	0	1	1	0	1	0	0	0
CCAGTTTGTCTCAGCC-1	8554	46953	2915	5623	1	2	0	0	1	0	0	1
CCAGTTTGTTGGATCA-1	4304	11210	1708	3278	0	0	0	0	1	0	0	0
CCATAAATCATTGACA-1	8435	44362	21556	56428	0	0	1	0	0	0	0	0
CCATAAGGTCAGGCCA-1	3147	6836	4331	9070	0	0	1	0	1	0	0	0
CCATAAGGTTTGCAGA-1	2494	4597	5780	12288	0	0	0	0	1	0	0	0
CCATAATCACGAATTT-1	1989	3724	1275	2550	0	0	0	0	1	0	0	0
CCATAATCAGGCCATT-1	2847	6130	484	919	0	0	0	0	1	0	0	0
CCATAGCCAAATACCT-1	3124	7050	3031	6087	0	0	0	0	1	0	0	0
CCATAGCCAATGAAGC-1	4181	10553	4037	8145	0	0	0	0	1	0	0	0
CCATATTTCATTGTCT-1	1556	2404	473	906	0	1	1	0	1	0	0	0
CCATATTTCCGCTAGA-1	2495	4665	869	1659	0	0	0	0	1	0	0	0
CCATCACTCGCCTAAG-1	5057	16280	2804	5652	0	0	0	0	1	0	0	0
CCATCATGTTGGCGTG-1	3099	6526	1714	3416	0	0	2	0	1	0	0	0
CCATCATGTTTGGGTA-1	2247	3889	2750	5464	0	0	0	0	1	0	0	0
CCATTATTCGATTATG-1	5405	16114	280	522	0	0	2	0	1	0	0	0
CCATTATTCGTTTCTG-1	2892	6008	394	733	0	0	1	0	1	0	0	0
CCCAAACCAATATAGG-1	1996	3231	3496	7186	0	0	0	0	1	0	0	0
CCCAAACCAGTAGCCT-1	1246	1864	2638	5340	0	0	0	0	1	0	0	0
CCCAAATAGACTATTG-1	2064	3831	1198	2379	0	0	0	0	1	0	0	0
CCCAAATAGCATTAGC-1	2858	5332	4538	9945	0	0	0	0	1	0	0	0
CCCAACCGTTGGATCA-1	6137	21631	9766	22300	1	0	1	0	1	0	0	0
CCCAATTGTCTCACTG-1	3391	7703	7026	14880	0	0	1	0	1	0	0	0
CCCAATTGTGTTTGTC-1	12167	128338	34020	116440	2	1	2	0	0	0	0	0
CCCAATTGTTTCCTCC-1	1569	2439	929	1857	0	0	0	0	1	0	0	0
CCCAGCACAAGGACCA-1	1766	2879	2594	5225	0	0	1	0	1	0	0	0
CCCAGCACACTGGCCA-1	6685	24731	8933	20257	0	0	1	0	1	0	0	0
CCCAGCACAGTTGCGT-1	4605	11407	6081	12792	0	0	1	0	1	0	0	0
CCCAGTTTCATAACGC-1	2158	3775	545	1067	0	0	0	0	1	0	0	0
CCCAGTTTCATTAGTG-1	1534	2265	3634	7573	0	0	2	0	1	0	0	0
CCCATAACAAGGTCGA-1	3017	6151	2105	4236	0	0	2	0	1	0	0	0
CCCATAACAATGAATG-1	3182	6920	1111	2045	0	0	0	0	1	0	0	0
CCCATAACACCAACCG-1	1917	3236	1205	2313	0	0	1	0	1	0	0	0
CCCATAACAGTTTGGC-1	2519	4929	1608	3166	0	0	1	0	1	0	0	0
CCCGCAACAGTTTGTG-1	7925	35929	11735	27190	0	1	0	0	1	0	0	0
CCCGCTTCACTATGGC-1	5491	17233	2982	5954	0	0	2	0	1	0	0	0
CCCGCTTCAGTCTAGC-1	2592	4646	360	672	0	0	0	0	1	0	0	0
CCCGCTTCATAATCGT-1	6417	23943	15005	37803	0	0	2	0	1	0	0	0
CCCGCTTCATAATGTC-1	2801	5446	4711	9570	0	1	0	0	1	0	0	0
CCCGCTTCATCTAGCA-1	1561	2875	1959	4008	0	0	2	0	1	0	0	0
CCCGTAAAGCAACAAG-1	1201	1681	592	1112	0	0	0	0	1	0	0	0
CCCGTAAAGTAGCCAT-1	3578	7155	5375	11488	0	0	1	0	1	0	0	0
CCCGTAAAGTTAGCCG-1	7942	34513	17344	44661	0	0	0	0	1	0	0	0
CCCGTAAAGTTATGTG-1	2821	9375	4845	9917	0	0	1	0	1	0	0	0
CCCGTTGTCAATCATG-1	5704	19076	6822	14633	0	0	0	0	1	0	0	0
CCCGTTGTCACAAGCT-1	1487	2331	3908	8235	0	0	1	0	1	0	0	0
CCCTAATGTACAAAGA-1	2171	3868	748	1415	0	0	0	0	1	0	0	0
CCCTAATGTTCATTTG-1	2004	3224	1586	3146	0	0	1	0	1	0	0	0
CCCTAATGTTCCTGAT-1	3948	9942	2710	5410	0	0	0	0	1	0	0	0
CCCTCACCAGAAACGT-1	2371	4277	2854	5942	0	0	2	0	1	0	0	0
CCCTCAGTCTTAGTGA-1	6361	24712	12376	30142	0	0	0	0	1	0	0	0
CCCTCATAGTCATGCG-1	4589	13107	9166	20670	0	0	0	0	1	0	0	0
CCCTGGACAAACGCGA-1	2272	4385	7069	15216	0	0	0	0	1	0	0	0
CCCTGGACACTAAGCC-1	3150	7222	2503	5088	0	0	2	0	1	0	0	0
CCCTGGACAGGTTACC-1	2508	4574	1214	2369	0	0	0	0	1	0	0	0
CCCTGGACAGTTATGT-1	6975	30356	9942	22766	0	0	1	0	1	0	0	0
CCCTGGACAGTTTACG-1	958	1648	562	1107	0	0	0	0	1	0	0	0
CCCTGGACATCATGGC-1	521	802	4057	8300	0	0	1	0	1	0	0	0
CCCTGTTAGACAAAGT-1	6134	21777	2891	5685	0	1	1	0	1	0	0	0
CCCTGTTAGCATCCAG-1	2220	4119	1728	3438	0	0	0	0	1	0	0	0
CCCTGTTAGGTCCGTA-1	1694	2827	1861	3668	3	3	0	0	1	1	1	1
CCCTGTTAGTTAGTGC-1	4104	20106	8976	19138	1	1	1	0	1	0	0	1
CCCTTAATCAGCATTA-1	1597	2529	515	976	0	0	0	0	1	0	0	0
CCCTTAATCTAACCTT-1	4780	13783	465	887	0	0	0	0	1	0	0	0
CCGACAGGTCAGGAAG-1	1334	1967	1237	2466	0	0	1	0	1	0	0	0
CCGACAGGTGGAAACG-1	648	888	1299	2540	0	0	0	0	1	0	0	0
CCGACAGGTGGGTACT-1	1453	2232	1209	2450	0	1	0	0	1	0	0	0
CCGATGCAGAGGGACT-1	6351	23689	12323	30118	0	0	0	1	1	0	0	0
CCGCAAATCATAATCG-1	2072	4153	1770	3527	0	0	1	0	1	0	0	0
CCGCAAATCCGTTAAA-1	962	1286	1965	3943	1	1	0	0	1	0	0	1
CCGCAAATCCTCGATC-1	8047	34693	5143	10614	1	0	1	0	1	0	0	0
CCGCAAATCTTGCAAA-1	2803	5274	3277	6651	0	0	1	0	1	0	0	0
CCGCAAGGTACCGGAT-1	1413	2399	4090	8304	0	0	1	0	1	0	0	0
CCGCAAGGTCATCAAG-1	3663	8032	11106	23983	0	0	1	0	1	0	0	0
CCGCAAGGTGTTTGCT-1	6394	28661	15850	43762	1	0	1	0	1	0	0	0
CCGCAAGGTTCCGCAC-1	3245	6990	4459	9519	0	0	0	0	1	0	0	0
CCGCAAGGTTGGATCA-1	4825	13006	11408	26402	0	0	0	0	1	0	0	0
CCGCACACATAGACCC-1	2443	4900	954	1855	0	0	0	0	1	0	0	0
CCGCCAACAGATTCAT-1	1618	2782	2976	6050	0	0	0	0	1	0	0	0
CCGCCAACAGCAAGAT-1	855	1342	760	1461	0	0	0	0	1	0	0	0
CCGCCAACATATAACC-1	3592	8230	4601	9642	0	0	0	0	1	0	0	0
CCGCTAAAGGCTGTCA-1	2226	3905	5002	10138	0	0	0	0	1	0	0	0
CCGCTAAAGGTCGAGG-1	1627	2511	1854	3799	0	0	0	0	1	0	0	0
CCGCTAGCAAAGCGCA-1	11567	105699	26311	75557	3	3	2	0	0	0	0	0
CCGCTAGCACCAAAGG-1	1362	2129	3035	6321	0	0	0	0	1	0	0	0
CCGCTAGCATATAACC-1	3398	7249	2975	6091	0	0	1	0	1	0	0	0
CCGCTAGCATCATGTG-1	3007	5913	3814	7841	0	0	0	0	1	0	0	0
CCGCTTAGTAGTAAGA-1	609	826	1883	3668	0	0	0	0	1	0	0	0
CCGCTTAGTCCTCCAA-1	1960	3637	4822	9869	0	0	0	0	1	0	0	0
CCGCTTAGTGGGTGAA-1	4081	11510	5043	10344	0	0	1	0	1	0	0	0
CCGGTAGGTCTTTGAC-1	427	677	4129	8644	0	0	0	0	1	0	0	0
CCGGTAGGTTTATTCG-1	691	1292	840	1616	0	0	0	0	1	0	0	0
CCGGTTAAGCAATAGG-1	3507	6744	2003	3981	0	0	1	0	1	0	0	0
CCGGTTAAGCTAAAGG-1	3437	7389	2243	4414	1	0	1	0	1	0	0	0
CCGGTTAAGGAACACA-1	2401	4578	3481	7439	0	0	0	0	1	0	0	0
CCGGTTAAGTAATCCA-1	1477	2501	1157	2308	1	0	0	0	1	0	0	0
CCGTGCTGTCATTAGG-1	6117	22078	9993	21673	0	1	0	0	1	0	0	0
CCGTGCTGTTTGGCTT-1	871	1381	1515	2960	0	0	0	0	1	0	0	0
CCGTTAACAATGCCTA-1	2630	4988	439	874	0	0	0	0	1	0	0	0
CCGTTAACACTCAACA-1	3885	8895	3813	7933	0	0	1	0	1	0	0	0
CCGTTACTCTGTGCCT-1	2074	3616	2455	4846	0	0	2	0	1	0	0	0
CCGTTATGTCAGGAAG-1	1177	1665	1162	2274	0	0	1	0	1	0	0	0
CCGTTATGTTTATCTG-1	930	1316	906	1737	0	0	0	0	1	0	0	0
CCGTTGCGTGATGGCT-1	8944	45593	19298	52596	1	2	2	1	0	0	0	0
CCGTTGCGTTAGACCA-1	1433	2386	2182	4268	0	1	1	0	1	0	0	0
CCGTTGCGTTAGGATT-1	270	444	2617	5456	0	0	0	0	1	0	0	0
CCGTTTGGTCCTTCTC-1	1258	2319	500	988	0	0	0	0	1	0	0	0
CCGTTTGGTTACTAGG-1	2831	6278	4504	9100	0	0	0	0	1	0	0	0
CCGTTTGGTTGGCCGA-1	2865	5492	4852	10129	0	0	0	0	1	0	0	0
CCTAAAGGTTGAGCCG-1	953	1863	9380	21502	0	0	1	0	1	0	0	0
CCTAAAGGTTGCGCGA-1	1470	2249	5754	12461	0	0	0	0	1	0	0	0
CCTAAATCAAATGCCC-1	11104	96377	31561	99634	1	0	2	0	0	0	0	0
CCTAAATCACGCAACT-1	2498	5417	270	497	0	0	0	0	1	0	0	0
CCTAAATCAGCAACCT-1	3613	8245	1830	3474	0	0	0	0	1	0	0	0
CCTAAATCAGGATAAC-1	1851	3155	6290	12870	0	0	0	0	1	0	0	0
CCTAAATCATAAGTTC-1	3252	7044	7209	15522	0	1	0	0	1	0	0	0
CCTAAATCATTATGGT-1	1570	2335	2103	4245	0	0	2	0	1	0	0	0
CCTAAATCATTGTTGG-1	977	1251	1977	3924	0	0	0	0	1	0	0	0
CCTAAGCCAAGCCACT-1	361	496	3605	7643	0	0	0	0	1	0	0	0
CCTAAGCCAATATACC-1	1208	2254	1127	2192	0	0	0	0	1	0	0	0
CCTAAGCCACTAAGTT-1	4113	10931	7545	16725	0	0	0	0	1	0	0	0
CCTAAGCCATTGCGGT-1	3816	9247	1106	2147	0	0	1	0	1	0	0	0
CCTAAGCCATTTAAGC-1	2716	5522	3996	7814	0	0	1	0	1	0	0	0
CCTAAGGTCATTAGTG-1	3354	7028	1828	3700	0	0	0	0	1	0	0	0
CCTAAGGTCCCGCAAA-1	3681	8879	5952	12961	0	0	0	0	1	0	0	0
CCTAAGGTCCCGCCTA-1	2928	6435	3168	6484	0	0	0	0	1	0	0	0
CCTAAGGTCCTCAGTC-1	6352	25230	5424	10969	0	1	0	0	1	0	0	0
CCTAAGGTCGCCTAAG-1	759	1432	5509	11431	0	0	0	0	1	0	0	0
CCTAAGGTCTAAGTGC-1	3037	7119	2336	4576	0	0	0	0	1	0	0	0
CCTAAGGTCTAATCAG-1	4810	12929	7358	16278	0	0	2	0	1	0	0	0
CCTAAGGTCTACCTCA-1	2349	4386	656	1234	0	0	0	0	1	0	0	0
CCTAAGGTCTATTGTC-1	323	419	8075	17409	0	0	0	0	1	0	0	0
CCTAAGGTCTCACAAA-1	4196	11393	6075	12804	0	1	0	0	1	0	0	0
CCTAAGTAGAAACTGG-1	4366	12116	3913	7895	1	1	2	0	1	0	0	0
CCTAAGTAGCGGATAA-1	2396	4958	1856	3617	0	0	1	0	1	0	0	0
CCTAAGTAGCTATTGA-1	3694	9783	7110	15588	0	1	0	0	1	0	0	0
CCTAAGTAGGACAACA-1	1380	2444	1112	2145	0	0	3	0	1	0	0	0
CCTAAGTAGTTATCTC-1	2462	4654	3232	6519	0	0	0	0	1	0	0	0
CCTAATAAGCCGCTTT-1	1709	2846	2097	4167	0	0	0	0	1	0	0	0
CCTAATAAGGAACCGG-1	3293	7264	988	1897	0	0	0	0	1	0	0	0
CCTAATAAGTTATCCT-1	2298	3872	780	1558	0	0	0	0	1	0	0	0
CCTAATCGTAATGGCC-1	3624	8225	3565	7265	0	0	0	0	1	0	0	0
CCTAATCGTCACCAAA-1	2370	4577	6490	13554	0	0	0	0	1	0	0	0
CCTAATCGTCATCAAG-1	3351	7413	2350	4668	0	0	1	0	1	0	0	0
CCTAATCGTGGAAGGC-1	5809	18959	9932	23641	0	0	0	0	1	0	0	0
CCTAATCGTGGTTCCC-1	4997	12956	545	1014	0	0	1	0	1	0	0	0
CCTACTGGTATTTGCC-1	5491	16040	2538	4882	0	0	0	0	1	0	0	0
CCTACTGGTCAATACG-1	6249	22751	6587	14279	0	0	1	0	1	0	0	0
CCTACTGGTGCGCAAT-1	845	1352	1840	3745	0	0	0	0	1	0	0	0
CCTACTGGTGGGAACA-1	3961	9280	7373	15986	0	0	0	0	1	0	0	0
CCTACTGGTTGGTTCT-1	1299	2124	417	791	0	0	0	0	1	0	0	0
CCTACTGGTTGTGATG-1	680	881	1691	3314	0	0	0	0	1	0	0	0
CCTACTTCAAACAACA-1	2990	7542	2115	4043	0	0	0	0	1	0	0	0
CCTACTTCAACAGCCT-1	1793	3708	898	1762	0	0	0	0	1	0	0	0
CCTACTTCAACTGGCT-1	1228	2077	487	918	0	0	0	0	1	0	0	0
CCTACTTCAGCCAGAA-1	824	1070	2428	4790	0	0	1	0	1	0	0	0
CCTACTTCATAGACTT-1	2880	6341	4686	9728	0	0	0	0	1	0	0	0
CCTAGTTGTACTGAAT-1	2379	4000	3430	7117	0	0	0	0	1	0	0	0
CCTAGTTGTAGCCTAA-1	1380	1983	664	1268	0	0	0	0	1	0	0	0
CCTAGTTGTTGTTCAC-1	2372	4528	2583	5057	0	0	0	0	1	0	0	0
CCTATAGCAAAGGCCA-1	2950	6316	5302	11195	0	0	0	0	1	0	0	0
CCTATAGCAAAGGTAC-1	1358	1955	1595	3203	0	0	1	0	1	0	0	0
CCTATAGCAACAGGAT-1	2434	4838	8634	18445	0	0	1	0	1	0	0	0
CCTATAGCACCGGTAT-1	2250	3664	2165	4455	0	0	2	0	1	0	0	0
CCTATAGCATTATGCG-1	1150	2139	1100	2151	0	0	0	0	1	0	0	0
CCTATATTCCGCAAGC-1	1751	2656	1491	2980	0	0	0	0	1	0	0	0
CCTATTGTCACCGGTA-1	990	1699	843	1602	0	0	1	0	1	0	0	0
CCTATTGTCATCAGTA-1	3660	9177	5506	11735	0	0	1	0	1	0	0	0
CCTATTGTCCTCAGCT-1	9697	61396	22431	63733	1	0	2	0	0	0	0	0
CCTATTGTCGTTTCGC-1	4172	9034	2132	4227	0	0	1	0	1	0	0	0
CCTATTGTCTAGCGTG-1	1051	1916	609	1150	0	0	0	0	1	0	0	0
CCTATTTAGACCATAC-1	4534	14158	5022	10345	0	0	0	0	1	0	0	0
CCTCAAACAGCCGCTA-1	6981	27843	11800	27369	0	0	1	0	1	0	0	0
CCTCAAACAGTAGGTG-1	2556	5351	2229	4427	0	0	1	0	1	0	0	0
CCTCAAACATCGTTCT-1	3174	6468	5211	10688	0	0	1	0	1	0	0	0
CCTCAAACATGTTGCA-1	1217	2109	684	1286	0	0	1	0	1	0	0	0
CCTCAATGTAATAACC-1	4459	11594	743	1396	1	0	0	0	1	0	0	0
CCTCAATGTGCGCATG-1	8799	47189	14180	34438	1	1	1	0	1	0	0	1
CCTCAATGTGTTCCCA-1	9333	51782	4666	9630	0	1	1	0	0	0	0	0
CCTCAGTTCATCACTT-1	5592	15691	5757	11950	0	0	0	0	1	0	0	0
CCTCAGTTCATGTTTC-1	5376	17245	4531	9775	0	0	1	0	1	0	0	0
CCTCAGTTCGGCTAGC-1	2758	5442	6028	12947	0	0	0	0	1	0	0	0
CCTCCTCTCAAAGGCA-1	2174	3952	4751	10016	0	0	1	0	1	0	0	0
CCTCCTCTCAAGCCTG-1	3087	6634	4662	9558	0	0	0	0	1	0	0	0
CCTCCTCTCCGCCTCA-1	7159	29575	12725	30986	0	0	1	0	1	0	0	0
CCTGAATAGAATCTCA-1	415	654	2207	4529	0	0	0	0	1	0	0	0
CCTGACTTCGCACACA-1	2694	6283	6790	14345	0	0	0	0	1	0	0	0
CCTGAGTCAAGGTGCA-1	5101	14810	7846	17366	0	0	0	0	1	0	0	0
CCTGAGTCACAATGTT-1	655	886	1196	2337	0	2	0	0	1	0	0	0
CCTGAGTCAGAGAGCC-1	1785	2849	1013	1949	0	0	0	0	1	0	0	0
CCTGAGTCATATAACC-1	2432	4918	4356	9324	0	0	0	0	1	0	0	0
CCTGAGTCATATTGAC-1	6297	20552	7696	17083	2	3	0	0	1	1	1	1
CCTGAGTCATGTCGCG-1	1263	1845	1714	3403	0	0	0	0	1	0	0	0
CCTGATGAGCAAGGTA-1	2996	5809	6284	13252	0	0	1	0	1	0	0	0
CCTGATGAGCAGCTAT-1	4126	10625	3081	6239	0	0	0	0	1	0	0	0
CCTGATGAGCCAAATC-1	4612	14523	4545	9416	0	0	0	0	1	0	0	0
CCTGATGAGGCAGGTG-1	2337	4385	3906	7828	0	0	0	0	1	0	0	0
CCTGATGAGTGACCTG-1	3046	5993	2452	5076	0	0	0	0	1	0	0	0
CCTGCTCCAACAACAA-1	3509	8821	6198	12515	0	0	1	0	1	0	0	0
CCTGCTCCAGCAAGTG-1	1688	3105	1048	2111	0	0	0	0	1	0	0	0
CCTGGATCAAATGCCC-1	2302	4274	4014	8276	0	0	1	0	1	0	0	0
CCTGGATCAAGGTGCA-1	6758	26304	8454	19211	0	1	0	0	1	0	0	0
CCTGGATCAATAGCAA-1	764	1152	1732	3429	0	0	0	0	1	0	0	0
CCTGGATCATTAGGTT-1	1223	1769	1212	2432	0	0	0	0	1	0	0	0
CCTGGTAAGACACCGC-1	1700	2700	3604	7264	0	0	1	0	1	0	0	0
CCTGGTAAGAGGAGGA-1	5077	15395	6200	13141	0	0	1	0	1	0	0	0
CCTGGTAAGCAAGGGT-1	2720	4576	2664	5396	0	0	0	0	1	0	0	0
CCTGGTAAGCGCTAAT-1	5835	18555	5921	12179	0	0	1	0	1	0	0	0
CCTGGTAAGTGTGATC-1	5494	17280	9747	23175	0	0	0	0	1	0	0	0
CCTGGTAAGTTATCTC-1	369	676	3134	6407	0	0	0	0	1	0	0	0
CCTGTAACAAACGGGC-1	4240	11090	2283	4706	0	0	1	0	1	0	0	0
CCTGTAACAATGAAGC-1	2367	5816	435	826	0	0	1	0	1	0	0	0
CCTGTAACAGCAATAA-1	544	828	2215	4400	0	0	0	0	1	0	0	0
CCTGTAACATGCTATG-1	3956	11607	12948	29730	0	0	0	0	1	0	0	0
CCTGTAACATGTTTGG-1	3725	12376	6345	13341	0	0	0	0	1	0	0	0
CCTGTATGTCCGGTTC-1	956	1301	10211	22448	0	0	0	0	1	0	0	0
CCTGTATGTGTGAGAG-1	734	1305	5251	10930	0	0	0	0	1	0	0	0
CCTGTTGGTAATGGCC-1	3494	7898	7141	15518	0	0	0	0	1	0	0	0
CCTGTTGGTTAGCTGA-1	3478	7765	5770	12665	0	0	0	0	1	0	0	0
CCTTAACGTACCGGAT-1	2324	5313	4456	9278	0	0	0	0	1	0	0	0
CCTTAACGTCAAGTGC-1	697	957	1359	2656	0	0	0	0	1	0	0	0
CCTTAACGTGGATTGC-1	1896	3093	596	1121	0	0	0	0	1	0	0	0
CCTTAACGTGGGAACA-1	4831	15913	13086	30696	0	0	0	0	1	0	0	0
CCTTACTCAATTAGGA-1	4767	13520	10109	22191	0	0	2	0	1	0	0	0
CCTTACTCACCTGCCT-1	3645	9067	6184	13290	0	0	0	0	1	0	0	0
CCTTAGTGTATACTGG-1	583	915	1086	2163	0	0	0	0	1	0	0	0
CCTTAGTGTCCTTCAG-1	2077	4684	1508	3056	0	0	0	1	1	0	0	0
CCTTAGTGTGACATGC-1	1086	1535	1083	2098	2	0	0	1	1	1	0	0
CCTTAGTGTGCTCACC-1	8258	38245	15707	40907	1	0	1	0	1	0	0	0
CCTTAGTGTGTTGTGA-1	3236	7150	6796	14526	0	0	0	0	1	0	0	0
CCTTATGTCGTGCCTT-1	1933	2962	964	1873	0	0	0	0	1	0	0	0
CCTTATGTCTAAGGTC-1	12449	139081	22236	60081	3	0	2	0	0	0	0	0
CCTTATGTCTATCGCC-1	8052	38581	12653	29833	1	0	1	0	1	0	0	0
CCTTATGTCTTCAATC-1	4077	10009	10595	23989	0	0	1	0	1	0	0	0
CCTTCAATCACAGACT-1	3079	8465	4253	8465	0	0	1	0	1	0	0	0
CCTTCAATCCAAACAC-1	2551	4970	1961	3923	0	0	0	0	1	0	0	0
CCTTCAATCCGGTTGA-1	3482	8236	8409	18637	0	0	0	0	1	0	0	0
CCTTCAATCGATTTAG-1	3143	6647	4142	8387	0	0	0	0	1	0	0	0
CCTTCAGGTAATCCCT-1	746	1162	876	1697	0	0	0	0	1	0	0	0
CCTTCAGGTCTAACCT-1	2544	5074	865	1660	0	0	1	0	1	0	0	0
CCTTCAGGTTAGGTTG-1	1629	2726	5200	10929	0	0	0	0	1	0	0	0
CCTTCAGGTTCCTGAT-1	2811	5619	1065	2109	0	0	0	0	1	0	0	0
CCTTCGGTCACGCATG-1	1605	2506	2757	5520	0	0	0	0	1	0	0	0
CCTTCGGTCCTTCAAT-1	3432	8822	297	567	0	0	0	0	1	0	0	0
CCTTCGTAGCATCCAG-1	5978	18393	6547	14128	0	0	2	0	1	0	0	0
CCTTCGTAGGAACCGG-1	3174	6894	6862	14396	0	0	1	0	1	0	0	0
CCTTCGTAGGCTCATG-1	1307	1817	2551	5188	0	0	0	0	1	0	0	0
CCTTCGTAGGGTGAGT-1	8592	39324	19646	51157	2	1	2	0	0	0	0	0
CCTTGCGTCACGCCAA-1	3417	7860	7033	15168	0	0	0	0	1	0	0	0
CCTTGCGTCCGGTTGA-1	2899	5820	5302	11324	2	0	0	0	1	1	0	0
CCTTGTTCAAACTGTT-1	1113	1935	755	1502	0	0	0	0	1	0	0	0
CCTTGTTCAAGATTCT-1	2228	3673	2003	3986	0	0	0	0	1	0	0	0
CCTTGTTCACAAAGAC-1	780	1077	1659	3400	3	0	0	0	1	1	0	0
CCTTGTTCATAGACTT-1	5945	21152	13861	33301	0	0	0	0	1	0	0	0
CCTTTAGTCAAGACTC-1	2263	4129	649	1225	0	0	0	0	1	0	0	0
CCTTTAGTCATCAGTA-1	1876	3371	1134	2230	1	3	2	0	1	0	0	0
CCTTTAGTCCCTGATC-1	1198	2036	581	1115	0	0	1	0	1	0	0	0
CCTTTAGTCTGTGCCT-1	2199	3830	8608	18841	0	0	0	0	1	0	0	0
CGAAATGAGCACTAAC-1	1823	3495	1588	3109	3	3	0	0	1	1	1	1
CGAAATGAGGCAAGTA-1	698	1099	1232	2383	0	0	0	0	1	0	0	0
CGAAATGAGTAGCGGG-1	604	828	1362	2670	0	0	0	0	1	0	0	0
CGAAATGAGTTCCCGT-1	7409	30974	8612	19004	0	0	2	0	1	0	0	0
CGAAATGAGTTTGTCT-1	3202	7109	3588	7407	0	0	0	0	1	0	0	0
CGAACAAAGAAGGTGC-1	3965	9501	4325	8971	0	0	0	0	1	0	0	0
CGAACAAAGGGTGAGT-1	1460	2315	1122	2150	0	0	0	0	1	0	0	0
CGAACAAAGTGGCGGA-1	2861	5545	3916	7981	0	0	0	0	1	0	0	0
CGAACCGGTAATCACG-1	3579	9349	1470	2853	0	0	1	0	1	0	0	0
CGAACCGGTCCTCCAA-1	6012	20151	11757	27241	0	0	1	0	1	0	0	0
CGAACCGGTGGATTCA-1	5836	18776	10284	22994	0	0	0	0	1	0	0	0
CGAACCGGTTATCCGT-1	5894	18545	7994	17209	0	0	0	0	1	0	0	0
CGAAGAATCACGCGGT-1	2937	5869	635	1218	0	0	0	0	1	0	0	0
CGAAGAATCATGCTAA-1	2891	5436	4135	8531	0	0	0	0	1	0	0	0
CGAAGAATCTACCTCA-1	5733	16616	184	338	0	0	1	0	1	0	0	0
CGAAGAATCTCGACCT-1	778	1260	835	1669	0	0	0	0	1	0	0	0
CGAAGCCTCGTTACAA-1	3145	8431	2766	5543	0	0	0	0	1	0	0	0
CGAAGCCTCTGTGAGT-1	4698	11695	10522	25329	0	0	1	0	1	0	0	0
CGAAGCGAGACACCGC-1	914	1366	1434	2846	0	0	0	0	1	0	0	0
CGAAGCGAGGACTAAG-1	2777	5955	533	993	0	0	0	0	1	0	0	0
CGAAGCGAGGCCCAGT-1	597	798	1429	2883	0	0	0	0	1	0	0	0
CGAAGGCCACAACCTA-1	2689	8722	8856	19409	0	0	0	0	1	0	0	0
CGAAGGCCATCCCGCT-1	2836	6560	7839	17399	0	0	0	0	1	0	0	0
CGAAGGCCATGTCGCG-1	3587	8744	11768	27411	0	0	0	0	1	0	0	0
CGAAGTAAGGAGGGTT-1	3483	7990	4272	8759	0	0	0	0	1	0	0	0
CGAAGTAAGTAAGTGG-1	2594	5135	4337	9301	1	0	1	0	1	0	0	0
CGAAGTAAGTTCCTGC-1	471	742	3489	7147	0	0	0	0	1	0	0	0
CGAATATGTAAAGCAA-1	2114	3664	2542	5101	0	0	0	0	1	0	0	0
CGAATATGTAAAGCGG-1	4741	11920	7469	16424	0	0	0	0	1	0	0	0
CGAATATGTGACCTGG-1	1090	1898	2389	4890	0	0	0	0	1	0	0	0
CGAATCTAGCTCAAAC-1	3590	7801	7554	16123	0	0	0	0	1	0	0	0
CGAATCTAGGCCAATT-1	743	1125	1515	2991	0	0	0	0	1	0	0	0
CGACAAGCAAATATCC-1	5636	18041	1933	3802	3	0	0	0	1	1	0	0
CGACCTGCACAATGTT-1	1138	2260	3241	6572	0	0	0	0	1	0	0	0
CGACCTGCATAAAGCA-1	1908	3130	7568	16228	0	0	0	0	1	0	0	0
CGACCTGCATAATGTC-1	420	829	10869	24458	0	0	0	0	1	0	0	0
CGACTAAGTAATAGCT-1	3062	6443	1697	3281	0	0	0	0	1	0	0	0
CGACTAAGTAATCGGC-1	2901	5802	657	1263	0	0	0	0	1	0	0	0
CGACTAAGTCACCTAT-1	3860	9125	6673	15021	0	0	0	0	1	0	0	0
CGACTAAGTGATGGCT-1	4005	10049	2843	5642	0	1	0	0	1	0	0	0
CGAGCGAAGGTACCGC-1	1751	2986	875	1647	0	0	0	0	1	0	0	0
CGAGCGAAGTGCACGC-1	5567	16967	8913	19911	0	0	0	0	1	0	0	0
CGAGCGAAGTTGGCCA-1	1328	2025	478	906	0	0	0	0	1	0	0	0
CGAGCGAAGTTTGAGC-1	2336	4249	9761	22992	0	1	0	0	1	0	0	0
CGAGCTGGTCCTTCAG-1	3402	8288	7309	16482	1	0	0	0	1	0	0	0
CGAGCTGGTCGCGCAA-1	1685	3235	2285	4596	0	0	1	0	1	0	0	0
CGAGCTGGTTAGAGGG-1	4117	9751	7432	16084	0	0	2	0	1	0	0	0
CGAGGAAGTAGCCATA-1	4753	11702	2858	5894	0	0	1	0	1	0	0	0
CGAGGAAGTGGTTCCC-1	2724	5418	730	1373	0	0	0	0	1	0	0	0
CGAGGCAAGGGCTTTG-1	5139	18275	9735	22063	1	0	1	0	1	0	0	0
CGAGGTGAGATTGAGG-1	3539	8349	3122	6490	0	0	0	0	1	0	0	0
CGAGGTGAGCCTGACA-1	3058	9108	6783	14312	0	0	1	0	1	0	0	0
CGAGGTGAGCTCGCTT-1	2485	5635	5596	11798	0	0	1	0	1	0	0	0
CGAGGTGAGGACCTGC-1	1895	3158	2493	5087	0	0	0	0	1	0	0	0
CGAGGTGAGGGCCATC-1	10630	82185	27621	84502	1	0	2	0	0	0	0	0
CGAGGTGAGTAACCAC-1	862	1428	744	1444	0	0	0	0	1	0	0	0
CGAGTCGGTCCAAATG-1	2252	3788	1206	2357	0	0	0	0	1	0	0	0
CGAGTCGGTTAATCGG-1	4421	11631	3802	7490	0	0	1	0	1	0	0	0
CGAGTCGGTTGGTGAC-1	9044	49231	19861	53144	1	1	2	0	0	0	0	0
CGAGTCGGTTTACTTG-1	1811	3200	2462	5068	0	0	0	0	1	0	0	0
CGATCCTTCACTTTAC-1	2693	4582	3799	8302	0	0	1	0	1	0	0	0
CGATGTCCATGTCGCG-1	2091	4255	748	1469	0	0	1	0	1	0	0	0
CGATTATCAAGACTCC-1	4638	13136	7516	16127	0	0	1	0	1	0	0	0
CGATTATCAATGAGGT-1	1112	1909	658	1286	0	0	0	0	1	0	0	0
CGATTATCAATTAACC-1	4402	10827	2769	5624	0	0	1	0	1	0	0	0
CGATTCCTCATGTCAA-1	2624	5523	363	700	0	0	0	0	1	0	0	0
CGATTCCTCCCGCAAA-1	3937	9551	2161	4321	0	0	0	0	1	0	0	0
CGATTCCTCGTGCTAG-1	3404	7821	4142	8533	0	0	0	0	1	0	0	0
CGATTGAGTAAACAAG-1	2276	3824	1101	2150	0	0	0	0	1	0	0	0
CGATTGAGTGATTTGG-1	902	1522	1461	2916	0	1	0	0	1	0	0	0
CGATTTGCACAGGAAT-1	1714	2708	1571	2987	0	0	0	0	1	0	0	0
CGCAAATTCATTAGGC-1	561	766	1370	2690	0	0	0	0	1	0	0	0
CGCAATAGTCAATGTG-1	3521	7540	849	1639	0	0	1	0	1	0	0	0
CGCAATAGTTGTTGGA-1	3886	8581	9922	22311	0	0	0	0	1	0	0	0
CGCAATCCAATAGCCC-1	2635	5540	3925	7982	0	0	1	1	1	0	0	0
CGCAATCCACCCACCT-1	4442	12591	7604	16891	0	0	0	0	1	0	0	0
CGCAATCCACGTGCTG-1	445	673	10485	24440	0	0	0	0	1	0	0	0
CGCAATCCAGGATGGC-1	3957	10770	2127	4242	0	1	1	0	1	0	0	0
CGCAATGTCATTTAGG-1	1811	2900	2714	5321	0	0	1	0	1	0	0	0
CGCAATGTCCTCCCTC-1	3942	9846	4960	10192	0	0	1	0	1	0	0	0
CGCAATTAGAACCTAC-1	2717	10815	7720	16801	0	0	0	0	1	0	0	0
CGCAATTAGGCGTAAA-1	8523	44200	17374	44731	0	0	1	0	1	0	0	0
CGCAATTAGGTCCTGA-1	2390	4493	372	706	0	0	0	0	1	0	0	0
CGCAATTAGTCATCCC-1	3186	6785	2298	4532	0	0	1	0	1	0	0	0
CGCAATTAGTTTGAGC-1	2530	5308	6191	13821	0	0	0	0	1	0	0	0
CGCACAATCCCGCCTA-1	1629	3754	3292	6607	0	0	0	0	1	0	0	0
CGCACACAGCCAAATC-1	552	824	3045	6206	0	0	0	0	1	0	0	0
CGCACACAGCTAATCA-1	2406	4407	867	1690	0	1	0	0	1	0	0	0
CGCACACAGTGATTCA-1	1885	2945	3411	7080	2	0	0	0	1	1	0	0
CGCACCACAAACAACA-1	1161	1771	2529	5024	0	0	0	0	1	0	0	0
CGCACCACAAGGTCGA-1	3379	7774	5874	12677	0	0	0	0	1	0	0	0
CGCACCACAATAACGA-1	1308	2088	1326	2711	0	0	0	0	1	0	0	0
CGCACCACAGCTAATT-1	7073	29325	3406	6805	1	1	2	0	1	0	0	0
CGCACCACAGTATGTT-1	1366	2572	416	791	0	0	0	0	1	0	0	0
CGCATATAGAGCCGCT-1	3599	8578	10380	23063	0	1	0	0	1	0	0	0
CGCATATAGCTAATTG-1	8721	44829	26862	82089	0	0	1	0	0	0	0	0
CGCATATAGCTCAATA-1	7006	30664	19837	51393	0	0	2	0	0	0	0	0
CGCATATAGGAGGGTT-1	4048	9005	7645	16868	0	0	0	0	1	0	0	0
CGCATATAGGTTAGCT-1	850	1267	1163	2279	0	0	0	0	1	0	0	0
CGCATGATCGGCCAGT-1	3608	8124	6265	13255	0	0	1	0	1	0	0	0
CGCATGATCTTGGACG-1	1078	1451	2344	4795	1	0	1	0	1	0	0	0
CGCATTACATTAAACC-1	712	1122	4703	9619	0	0	0	0	1	0	0	0
CGCATTTGTAAGGTTT-1	1596	2535	404	765	0	0	0	0	1	0	0	0
CGCATTTGTGGACATC-1	1561	2570	1656	3222	0	0	0	0	1	0	0	0
CGCATTTGTTAAGGCC-1	6584	25930	3006	5848	0	0	0	0	1	0	0	0
CGCCAAATCGACCTGA-1	2253	4070	2096	4177	0	0	0	0	1	0	0	0
CGCCAAATCTTGCAGG-1	6138	18824	9166	19860	0	0	1	0	1	0	0	0
CGCCACACAAACATAG-1	1322	1949	475	905	0	1	2	0	1	0	0	0
CGCCACACAAGGAATC-1	1600	3357	345	645	0	0	0	0	1	0	0	0
CGCCACACACATAACT-1	945	2646	684	1358	0	0	0	0	1	0	0	0
CGCCACACACCCACAG-1	678	1014	1108	2167	0	0	0	0	1	0	0	0
CGCCACACACTAAGTT-1	2307	4301	2106	4147	0	0	1	0	1	0	0	0
CGCCACACAGGCGAGT-1	5107	13714	6208	13440	0	0	1	0	1	0	0	0
CGCCACACAGGTCCTG-1	13260	187133	51860	256733	1	2	1	0	0	0	0	0
CGCCACACATGTTGTG-1	2095	3639	1545	3070	0	0	1	0	1	0	0	0
CGCCACACATTAAACC-1	1975	3513	1022	1974	0	0	0	0	1	0	0	0
CGCCTGTGTTAACACG-1	805	1203	1422	2775	0	0	0	0	1	0	0	0
CGCCTGTGTTAGCCAA-1	1842	3034	1040	1991	0	0	0	0	1	0	0	0
CGCCTGTGTTTGGGCG-1	4234	10663	5419	11609	0	0	0	0	1	0	0	0
CGCGATTCAATATAGG-1	9429	53283	12071	28168	0	0	2	0	0	0	0	0
CGCGATTCAGGATAAC-1	2876	6469	2550	5151	0	0	0	0	1	0	0	0
CGCGATTCATAGCGGA-1	3299	7680	5746	11815	0	0	2	0	1	0	0	0
CGCGGATTCAATAGCC-1	3024	6754	2353	4704	0	0	0	0	1	0	0	0
CGCGGATTCTCACAAA-1	2760	5194	8540	18281	0	0	0	0	1	0	0	0
CGCGGATTCTTGAGGT-1	3694	8188	7087	15522	0	0	0	0	1	0	0	0
CGCTAACCAATGCCTA-1	1997	3347	1751	3485	0	0	0	0	1	0	0	0
CGCTAACCAGTAATAG-1	1331	2017	2307	4586	1	0	0	0	1	0	0	0
CGCTAATAGGCAAGTA-1	5804	18010	5957	13109	0	0	0	0	1	0	0	0
CGCTAATAGTCATTGA-1	1544	4001	2396	4862	0	0	0	0	1	0	0	0
CGCTAATAGTTGTCTT-1	2477	4595	511	964	0	0	0	0	1	0	0	0
CGCTACTTCCCTTGCG-1	1393	2163	662	1294	0	0	0	0	1	0	0	0
CGCTACTTCTCACAAA-1	3113	6634	1333	2567	0	0	1	0	1	0	0	0
CGCTATGAGCTATATG-1	2315	4204	466	865	0	0	1	0	1	0	0	0
CGCTATGAGGGACCTC-1	4455	12794	586	1076	0	0	1	0	1	0	0	0
CGCTATGAGTTAGGCT-1	4561	11094	7848	16604	0	0	0	0	1	0	0	0
CGCTCAGCAACTCGCG-1	1316	1980	546	1036	0	0	0	0	1	0	0	0
CGCTCAGCAATAGCAA-1	1570	4093	243	455	0	0	0	0	1	0	0	0
CGCTCAGCACTGGCTG-1	3653	9213	1220	2410	0	0	1	0	1	0	0	0
CGCTCAGCATTTAAGC-1	671	1082	1035	1992	0	0	0	0	1	0	0	0
CGCTCCATCCGCAACA-1	718	984	7651	16693	0	0	0	0	1	0	0	0
CGCTGTGCAAGGTGGC-1	1518	2394	3661	7644	0	0	1	0	1	0	0	0
CGCTGTGCAATCCTAG-1	1732	2618	496	957	0	0	2	0	1	0	0	0
CGCTGTGCATAGCTTG-1	666	950	1153	2189	0	0	0	0	1	0	0	0
CGCTTAACAATATGGA-1	982	1560	5872	12395	0	0	0	0	1	0	0	0
CGCTTAACACCGTTCC-1	5286	20780	4608	9592	0	0	0	0	1	0	0	0
CGCTTACTCACCGGTA-1	3812	9215	7876	17425	0	0	0	0	1	0	0	0
CGCTTACTCCGCATGA-1	2433	4981	5994	12723	0	1	0	0	1	0	0	0
CGCTTACTCCTCCCTC-1	1508	2431	488	922	0	0	0	0	1	0	0	0
CGCTTACTCCTCGATC-1	875	1185	1566	3410	2	1	0	0	1	1	1	1
CGCTTCTAGTCTCACC-1	4865	13868	5474	11095	0	0	1	0	1	0	0	0
CGCTTCTAGTGAACAG-1	4566	11792	7276	16304	0	0	1	0	1	0	0	0
CGCTTGCGTCAATAGT-1	895	1180	935	1834	1	1	0	0	1	0	0	1
CGCTTGCGTGTTTCAC-1	1959	3349	3014	6150	0	0	1	0	1	0	0	0
CGCTTGCGTTAAGTGT-1	5495	15823	8289	18399	0	0	0	0	1	0	0	0
CGCTTGCGTTAATGAC-1	2032	3582	1369	2638	0	0	0	0	1	0	0	0
CGGAATCGTGGATTAT-1	7009	31659	11441	27328	0	0	1	0	1	0	0	0
CGGAATCGTTGTTGTC-1	2668	5536	5475	11794	0	0	0	0	1	0	0	0
CGGACAACACAGACTC-1	2022	3694	1437	2710	0	0	1	0	1	0	0	0
CGGACAACAGGATTAA-1	1428	2769	1791	3500	0	0	1	0	1	0	0	0
CGGACAACAGTTAAAG-1	2174	3613	2633	5214	0	0	0	0	1	0	0	0
CGGACCTAGCGAGTAA-1	2705	5381	5630	11641	0	0	0	0	1	0	0	0
CGGACCTAGTGAACAG-1	2774	5694	1677	3345	0	1	0	0	1	0	0	0
CGGAGCAAGACTAAGG-1	1301	2355	730	1428	0	0	0	0	1	0	0	0
CGGAGCAAGGCCTGGT-1	2413	4578	2187	4315	0	0	2	0	1	0	0	0
CGGAGCAAGTGGCGGA-1	4782	13106	9988	22476	0	0	0	0	1	0	0	0
CGGAGTCTCAAACACC-1	5739	22563	18362	47429	0	0	1	0	1	0	0	0
CGGAGTCTCAAGTGTC-1	3435	7309	7084	15684	0	0	0	0	1	0	0	0
CGGAGTCTCCGCAAAT-1	1009	3057	486	934	0	0	1	0	1	0	0	0
CGGATAAAGCTAAGTC-1	1260	1871	549	1049	0	0	0	0	1	0	0	0
CGGATAAAGGGTCCAC-1	4872	13225	6004	12659	0	0	0	0	1	0	0	0
CGGATAAAGTCACCAG-1	1193	2164	895	1730	0	0	0	0	1	0	0	0
CGGATAAAGTTAGAGG-1	1525	2488	687	1337	0	0	0	0	1	0	0	0
CGGATTAGTAAAGCGG-1	2098	3916	1222	2444	1	1	0	0	1	0	0	1
CGGATTAGTAGACAAA-1	1220	2552	596	1157	0	0	0	0	1	0	0	0
CGGATTAGTCACTCGC-1	3173	6298	752	1421	0	0	0	0	1	0	0	0
CGGCAATGTATTGAGT-1	7098	28564	15693	38960	0	0	0	0	1	0	0	0
CGGCAATGTCAATGTG-1	2967	6146	1245	2412	1	0	1	0	1	0	0	0
CGGCAATGTCCTCCAA-1	8746	49077	16483	41257	0	1	2	0	1	0	0	0
CGGCAATGTGTTGCAA-1	7894	34562	3801	7611	0	1	3	0	1	0	0	0
CGGCAATGTTAAGGTT-1	8411	42834	21539	61076	0	0	1	0	0	0	0	0
CGGCAATGTTCCATTA-1	367	512	4400	9362	0	0	0	0	1	0	0	0
CGGCAATGTTGTAACG-1	2151	4302	5146	11297	0	0	0	0	1	0	0	0
CGGCCATAGCCGCTAA-1	4779	13290	8263	18401	0	0	1	0	1	0	0	0
CGGCCATAGCTTACTT-1	3000	6362	3902	7968	0	0	0	0	1	0	0	0
CGGCCATAGGAGTCTT-1	2288	4622	978	1963	0	0	0	0	1	0	0	0
CGGCCATAGGTCCTAG-1	1422	2422	3610	7501	0	0	0	0	1	0	0	0
CGGCTAATCCTGATGG-1	7642	32111	7596	16281	1	0	1	0	1	0	0	0
CGGCTAATCTCAATAG-1	2018	3519	1927	3759	0	0	0	0	1	0	0	0
CGGCTAATCTGCAAAC-1	2897	5446	3089	6373	0	0	0	0	1	0	0	0
CGGCTCACACAGGAAT-1	3706	8600	1581	3067	0	0	0	0	1	0	0	0
CGGCTCACATAATGTC-1	1023	1426	2683	5429	0	0	0	0	1	0	0	0
CGGCTCACATTAAGCT-1	1726	2838	3368	6953	0	0	0	0	1	0	0	0
CGGGACAAGATAACCC-1	2735	5311	1578	3088	0	0	1	0	1	0	0	0
CGGGACAAGTTGGCCA-1	1282	1937	5595	11479	0	0	0	0	1	0	0	0
CGGGCTTAGCTCCTAC-1	2359	4224	2072	4211	0	0	0	0	1	0	0	0
CGGGCTTAGCTTAGCG-1	2637	5724	3102	6233	0	0	0	0	1	0	0	0
CGGGCTTAGGCTACAT-1	3512	8310	3919	8187	0	0	0	0	1	0	0	0
CGGGCTTAGGTAAGGC-1	3083	6731	2166	4386	0	0	0	0	1	0	0	0
CGGGCTTAGTTAGTTG-1	3261	7567	3294	6712	0	0	1	0	1	0	0	0
CGGGTATGTGATGAGG-1	839	1595	9229	20538	0	0	0	0	1	0	0	0
CGGGTATGTTAGGTTG-1	2884	5525	790	1499	0	0	0	0	1	0	0	0
CGGGTATGTTTACGTC-1	733	1165	2535	5262	0	1	0	0	1	0	0	0
CGGGTCTAGCTCCTTA-1	1182	2035	819	1597	0	0	0	0	1	0	0	0
CGGGTCTAGTCGCTAG-1	1216	2300	498	970	0	0	0	0	1	0	0	0
CGGGTCTAGTGAGGGT-1	1710	3062	1279	2533	0	0	1	0	1	0	0	0
CGGTAACGTCTATCGT-1	1197	1740	3053	6274	0	0	0	0	1	0	0	0
CGGTAACGTGATTACG-1	4970	14368	18058	48959	0	1	0	0	1	0	0	0
CGGTAACGTTAGCGTA-1	1159	1562	603	1164	0	0	0	0	1	0	0	0
CGGTAACGTTGCATCT-1	3180	7194	7184	15769	0	0	0	0	1	0	0	0
CGGTGAACACTAGGTC-1	1803	2829	582	1111	0	0	0	0	1	0	0	0
CGGTGAACATTGTGCA-1	3844	9511	1832	3494	0	0	0	0	1	0	0	0
CGGTGAGAGCACTTGG-1	3545	8053	3990	8246	0	0	0	0	1	0	0	0
CGGTGAGAGCGAGCGA-1	639	1131	1097	2089	0	0	1	0	1	0	0	0
CGGTGAGAGCTCGCTT-1	1901	3186	3045	6154	0	0	0	0	1	0	0	0
CGGTGAGAGGGACGCA-1	2466	4465	6109	13038	0	1	1	0	1	0	0	0
CGGTTATAGCTTAGCG-1	2185	5346	2362	4614	0	0	0	0	1	0	0	0
CGGTTATAGCTTATGA-1	3119	6408	3345	6949	0	0	0	0	1	0	0	0
CGGTTATAGGGCCATC-1	2905	6421	2902	6039	0	0	0	0	1	0	0	0
CGGTTCCGTCACACCC-1	6242	20254	16092	40515	0	0	2	0	1	0	0	0
CGGTTCCGTCATGAGC-1	451	681	6573	14442	0	0	0	0	1	0	0	0
CGGTTCCGTCTTACTA-1	2009	3849	2027	4110	0	0	0	0	1	0	0	0
CGGTTCCGTTACAAAC-1	1727	3003	1079	2191	0	1	1	0	1	0	0	0
CGGTTCCGTTCGCTTG-1	3317	6937	4602	9769	0	0	0	0	1	0	0	0
CGGTTCCGTTTAACCC-1	4182	10388	8194	18249	0	0	0	0	1	0	0	0
CGGTTCCGTTTACGTC-1	4076	10224	2698	5534	0	0	0	0	1	0	0	0
CGGTTCCGTTTGCGCC-1	3770	8868	6944	15151	0	0	0	0	1	0	0	0
CGGTTGGGTCAGTAAT-1	3485	7870	1237	2442	0	0	1	0	1	0	0	0
CGGTTTCTCAATTGGC-1	1779	2888	2711	5425	0	0	0	0	1	0	0	0
CGGTTTCTCCCTCGCA-1	2948	6838	3143	6085	0	0	0	0	1	0	0	0
CGGTTTGAGAGGGACT-1	3719	9253	10607	23573	0	0	0	0	1	0	0	0
CGGTTTGAGCAGGTTT-1	3737	8533	3109	6225	0	0	0	0	1	0	0	0
CGGTTTGAGTGTTGTA-1	1819	3358	3682	7642	0	0	1	0	1	0	0	0
CGTAACCCATGCTATG-1	4590	13336	13180	30700	0	0	0	0	1	0	0	0
CGTAACTAGCTCAAAC-1	1672	2873	1768	3454	0	0	0	0	1	0	0	0
CGTAACTAGGACCTCA-1	8668	48633	19139	48455	1	0	2	0	1	0	0	0
CGTAACTAGTTTGGTA-1	2829	5948	3983	8370	0	0	1	0	1	0	0	0
CGTAATGGTAATCGTG-1	3424	7674	3912	8400	0	0	0	0	1	0	0	0
CGTAATGGTACCCACC-1	1387	2135	2407	4865	0	0	1	0	1	0	0	0
CGTAATGGTCATCATC-1	7627	36576	17502	45152	0	1	1	0	1	0	0	0
CGTAATGGTGGATGTC-1	2555	4850	779	1451	0	0	1	0	1	0	0	0
CGTAATGGTTCCGGCT-1	4869	16137	2545	5057	0	0	3	0	1	0	0	0
CGTACGGGTAGCTAAT-1	1659	2949	1317	2711	0	0	1	0	1	0	0	0
CGTACGGGTATTGTCC-1	1337	1899	659	1249	0	0	0	0	1	0	0	0
CGTACGGGTCAGGCAT-1	7378	32824	12028	26797	0	1	1	0	1	0	0	0
CGTACGGGTTAGCAGC-1	1052	1396	811	1562	0	0	0	0	1	0	0	0
CGTACGGGTTATCGAG-1	2414	5583	4802	10199	0	0	1	0	1	0	0	0
CGTAGTTAGAGAGGAG-1	5704	18294	2673	5111	0	0	2	0	1	0	0	0
CGTAGTTAGCGCCTTT-1	2535	4843	4489	9201	0	0	0	0	1	0	0	0
CGTATTGCACCGGCTA-1	1363	2469	555	1082	0	0	1	0	1	0	0	0
CGTCAATAGAGCCGCT-1	2104	3847	2031	3860	0	0	0	0	1	0	0	0
CGTCAATAGCACAGCC-1	1929	3689	5195	10981	0	0	1	0	1	0	0	0
CGTCAATAGCATGAAG-1	4109	9708	7759	17383	0	0	0	0	1	0	0	0
CGTCAATAGCTTATGA-1	1991	4139	2950	5990	0	0	0	0	1	0	0	0
CGTCAATAGGTTTGAC-1	2164	4024	1220	2404	0	0	0	0	1	0	0	0
CGTCATTGTAACCAGC-1	5567	17297	4324	8703	0	0	1	0	1	0	0	0
CGTCATTGTAAGGTCC-1	4075	9503	5282	11655	0	0	0	0	1	0	0	0
CGTCATTGTTACAAAC-1	5758	18701	12016	26699	0	0	2	0	1	0	0	0
CGTCCTAGTAAGCTCA-1	4421	11018	5175	10798	0	0	0	0	1	0	0	0
CGTGACATCAATACGC-1	3719	9188	4461	8801	0	0	1	0	1	0	0	0
CGTGACATCATTGCGG-1	2211	3746	8051	17303	0	0	2	0	1	0	0	0
CGTGACATCCCTCAGT-1	1062	1733	683	1340	0	0	0	0	1	0	0	0
CGTGACATCTTGTCTG-1	6185	19746	11883	28562	1	0	1	0	1	0	0	0
CGTGAGGAGGATGATG-1	2978	6303	8609	18506	0	0	0	0	1	0	0	0
CGTGAGGAGTAAACCC-1	2263	4138	1811	3549	0	0	0	0	1	0	0	0
CGTGCACAGCTGGAAA-1	8891	48843	1721	3380	0	0	1	0	1	0	0	0
CGTGCTTTCAAAGGCA-1	2277	4062	1229	2308	0	0	0	0	1	0	0	0
CGTGCTTTCCTACCTA-1	1349	2119	1828	3751	0	0	0	0	1	0	0	0
CGTGCTTTCTAAGTCA-1	2671	5497	805	1508	0	0	0	0	1	0	0	0
CGTGCTTTCTATGACA-1	679	1094	6855	14658	0	0	1	0	1	0	0	0
CGTGGTTCAAACGGGC-1	3995	9085	12347	29161	1	0	0	0	1	0	0	0
CGTGGTTCAAGGACCA-1	1665	2566	3860	8047	0	0	0	0	1	0	0	0
CGTGTGTCAAGCGAGC-1	2408	4569	2839	5563	0	0	0	0	1	0	0	0
CGTGTGTCAGTAGGAT-1	2735	6269	2943	5768	0	0	0	0	1	0	0	0
CGTGTTACAATATGGA-1	854	2241	413	796	0	0	1	0	1	0	0	0
CGTGTTACAGTAGCCT-1	1160	1760	6401	13815	0	0	0	0	1	0	0	0
CGTGTTACATGAAGTA-1	2710	5510	497	916	0	0	0	0	1	0	0	0
CGTGTTACATGGTTAT-1	4349	11247	3413	7022	0	0	0	0	1	0	0	0
CGTGTTACATTAAACC-1	6150	17805	4073	8182	1	0	1	0	1	0	0	0
CGTTAAATCCCTTGCG-1	716	1196	7385	16715	0	0	1	0	1	0	0	0
CGTTAAATCGGGCCAT-1	2122	3856	4413	9096	0	0	0	0	1	0	0	0
CGTTAAATCGTTAACA-1	2263	5044	3210	6695	0	0	0	0	1	0	0	0
CGTTAAATCTTAGCCC-1	1697	2695	1185	2352	0	0	0	0	1	0	0	0
CGTTAACAGGAACCGG-1	3557	8146	5024	10424	0	0	0	0	1	0	0	0
CGTTAACAGGAACGGT-1	3950	9124	9426	21762	0	0	0	0	1	0	0	0
CGTTAACAGGACCTCA-1	2593	5105	1853	3717	0	0	0	0	1	0	0	0
CGTTAGGTCAGCACCA-1	3288	7265	2716	5279	0	0	0	0	1	0	0	0
CGTTAGGTCATGTCAA-1	1202	1839	1471	3039	0	0	0	0	1	0	0	0
CGTTAGGTCCTTAAGA-1	3639	8584	3452	6997	0	0	1	0	1	0	0	0
CGTTAGGTCGCAGGCT-1	1303	2119	1168	2322	0	0	0	0	1	0	0	0
CGTTAGGTCTCACATT-1	4702	13683	5689	12544	0	0	1	0	1	0	0	0
CGTTAGTAGCCTGTTC-1	3836	9133	8996	20149	0	0	0	0	1	0	0	0
CGTTAGTAGCTAATCA-1	2018	3660	9066	20056	0	0	1	0	1	0	0	0
CGTTAGTAGCTCCTTA-1	2581	4968	4970	10519	1	0	0	0	1	0	0	0
CGTTAGTAGTGGCGGA-1	5728	17234	7981	18580	1	2	3	0	1	0	0	0
CGTTATCGTAGCTGGT-1	676	866	1142	2356	0	0	0	0	1	0	0	0
CGTTATCGTGCTTTAC-1	673	1139	937	1841	0	0	0	0	1	0	0	0
CGTTATCGTTGTTGCT-1	657	958	1087	2129	0	0	0	0	1	0	0	0
CGTTGCAAGCATTATG-1	2010	3572	2278	4626	0	0	1	0	1	0	0	0
CGTTGCAAGCGGATAA-1	6391	22380	12676	31347	0	0	1	0	1	0	0	0
CGTTGCAAGCTAAGTC-1	5034	16368	6294	14052	0	0	0	0	1	0	0	0
CGTTGCAAGTCACCAG-1	4400	10577	8682	19214	0	0	0	0	1	0	0	0
CGTTGCGCAATAATGG-1	849	1334	1022	1957	0	0	1	0	1	0	0	0
CGTTGCGCAATAGCCC-1	1178	2193	448	860	0	0	1	0	1	0	0	0
CGTTGCGCAGCAAATA-1	3390	7248	1447	2773	0	0	0	0	1	0	0	0
CGTTTCTCAGCAAGGC-1	737	1453	944	1893	0	0	0	0	1	0	0	0
CGTTTCTCATTAAAGG-1	1921	3186	1227	2417	0	0	1	0	1	0	0	0
CGTTTGGAGGTTACGT-1	1670	2538	2197	4475	0	0	0	0	1	0	0	0
CGTTTGGAGTAACTCA-1	623	869	1483	2903	0	0	0	0	1	0	0	0
CGTTTGTGTAATTAGC-1	8894	45918	3455	6794	0	0	1	0	1	0	0	0
CGTTTGTGTTAGCCAA-1	3422	7786	170	309	0	0	0	0	1	0	0	0
CTAAAGCTCAAACACC-1	2493	4887	737	1398	0	0	0	0	1	0	0	0
CTAAAGCTCACTAAGC-1	1333	2315	493	948	0	0	1	0	1	0	0	0
CTAAATGTCCTCATGC-1	6408	21308	10968	24385	0	0	2	0	1	0	0	0
CTAACCACACATTAAC-1	1064	1638	1243	2465	0	0	0	0	1	0	0	0
CTAACCACATTGCGAC-1	3210	6943	3937	8192	1	0	1	0	1	0	0	0
CTAACCCTCAATTGGC-1	2629	7405	2385	4639	0	0	0	0	1	0	0	0
CTAACCCTCCGGCTAA-1	3026	6917	5193	11029	0	0	0	0	1	0	0	0
CTAACCCTCGATAACC-1	3469	9260	5529	11644	0	0	0	0	1	0	0	0
CTAACCCTCGGTCATG-1	1818	3251	592	1115	0	2	0	0	1	0	0	0
CTAACCTGTGTAACCA-1	3134	6150	4008	8418	3	1	0	0	1	1	1	1
CTAACCTGTTAATCGG-1	1868	3159	3779	7523	0	0	0	0	1	0	0	0
CTAACCTGTTTAACCC-1	4419	11162	7545	16956	0	0	0	0	1	0	0	0
CTAAGGTTCACCATTT-1	2360	4736	3989	8105	0	0	0	0	1	0	0	0
CTAAGGTTCCTGGCTT-1	4532	13346	6583	14137	0	0	1	0	1	0	0	0
CTAAGGTTCGCTAGCA-1	740	1123	996	2035	0	0	0	0	1	0	0	0
CTAAGTCAGAGGAAGG-1	3504	7623	8381	18227	0	0	0	0	1	0	0	0
CTAAGTCAGCTATATG-1	3073	6191	3619	7551	0	0	0	0	1	0	0	0
CTAAGTCAGCTTCTCA-1	3459	7518	6032	12842	0	0	0	0	1	0	0	0
CTAAGTCAGGGCTAAA-1	5462	14948	6503	13600	0	0	1	0	1	0	0	0
CTAAGTCAGGTCCTAG-1	3117	6943	3513	7110	0	0	1	0	1	0	0	0
CTAAGTCAGTTACTTC-1	3755	9219	135	251	0	0	0	0	1	0	0	0
CTAATAGTCAAATCGC-1	1883	3678	2597	5475	0	0	1	0	1	0	0	0
CTAATAGTCCTTAGGG-1	2677	4806	306	589	0	0	0	0	1	0	0	0
CTAATAGTCGATTTAG-1	3881	9776	1158	2224	0	0	0	0	1	0	0	0
CTAATAGTCGCAGGCT-1	3200	7261	5791	12369	0	0	0	0	1	0	0	0
CTAATAGTCTTAGCCC-1	920	1574	927	1745	0	0	0	0	1	0	0	0
CTAATCCGTAACGTGC-1	4811	13479	12898	29943	0	0	0	0	1	0	0	0
CTAATCCGTCTCAGCC-1	8048	38713	10788	24650	0	0	1	0	1	0	0	0
CTAATCCGTGATGAGG-1	1885	3206	6626	14311	0	0	0	0	1	0	0	0
CTAATCCGTGCTAGAC-1	2435	5266	2675	5147	0	0	1	0	1	0	0	0
CTAATCCGTTTAAAGC-1	1251	1847	622	1208	0	0	1	0	1	0	0	0
CTAATCGCAAGCTAAA-1	6901	25592	12392	29453	1	0	0	0	1	0	0	0
CTAATCGCAGAATGAC-1	3141	6819	1966	3860	0	0	0	0	1	0	0	0
CTAATCGCAGTAATAG-1	5671	19403	8097	18254	0	0	1	0	1	0	0	0
CTAATCTTCATTGCAA-1	817	1343	761	1463	0	0	0	0	1	0	0	0
CTAATCTTCGCACACA-1	2431	4753	2320	4705	0	0	0	0	1	0	0	0
CTAATGTCACAACCTA-1	2835	5653	1607	3264	0	0	2	0	1	0	0	0
CTAATGTCACACAATT-1	358	809	4089	8508	0	0	0	0	1	0	0	0
CTAATGTCACTCGCTC-1	617	914	1157	2243	0	0	1	0	1	0	0	0
CTAATGTCAGTTGCGT-1	5687	17011	8188	17468	0	0	2	0	1	0	0	0
CTAATGTCATAATGTC-1	2699	5528	1663	3307	0	0	0	0	1	0	0	0
CTAATTGAGCAACAAG-1	3341	7411	476	882	0	0	1	0	1	0	0	0
CTAATTGAGCCTGTTC-1	4999	12953	4192	8745	0	0	0	0	1	0	0	0
CTAATTGAGGCTGGCT-1	2359	4345	7189	15303	0	0	0	0	1	0	0	0
CTAATTGAGTGTTGCG-1	1770	3217	2088	4124	0	0	0	0	1	0	0	0
CTACAACAGCGAAGTA-1	1121	1992	489	955	0	0	1	0	1	0	0	0
CTACAACAGGCGCACT-1	381	593	4778	9789	0	0	0	0	1	0	0	0
CTACAACAGGTTACGT-1	5652	17644	14524	35828	0	1	0	0	1	0	0	0
CTACAACAGTGAGGGT-1	2795	5882	5971	12988	0	0	2	0	1	0	0	0
CTACAACAGTTACCGG-1	2788	5823	9660	21255	0	0	0	0	1	0	0	0
CTACCGGCAAGGACCA-1	1513	2363	1519	3094	0	1	1	0	1	0	0	0
CTACCGGCAGCTACGT-1	3301	8106	4140	8597	0	0	0	0	1	0	0	0
CTACCGGCATGAATCT-1	541	1023	5533	11809	0	0	1	0	1	0	0	0
CTACCTCAGCAAGATG-1	4258	10913	1764	3614	0	0	1	0	1	0	0	0
CTACCTCAGGGTGGAT-1	1588	2559	1443	2863	0	0	0	0	1	0	0	0
CTACCTCAGTTAGGCT-1	3459	8175	4643	10064	0	0	1	0	1	0	0	0
CTACGAAGTAGGTTTG-1	3817	8487	7954	18004	0	0	0	0	1	0	0	0
CTACGAAGTCAGGAAG-1	1111	1896	702	1368	0	1	0	0	1	0	0	0
CTACGAAGTGGACCTG-1	6107	18761	9211	20917	1	0	0	0	1	0	0	0
CTACGAAGTTATCCGT-1	1460	2283	1089	2129	0	0	1	0	1	0	0	0
CTACGAAGTTCCGGCT-1	2883	6447	4030	8230	0	0	0	0	1	0	0	0
CTACTAAAGGAGCACG-1	1075	1693	1261	2450	0	1	2	0	1	0	0	0
CTACTAAAGGGCCACT-1	1402	2011	1838	3588	0	0	0	0	1	0	0	0
CTACTAAAGTAGCCAT-1	1596	2516	554	1086	0	0	0	0	1	0	0	0
CTACTTAGTAATAGCT-1	5587	23884	16910	42750	0	0	0	0	1	0	0	0
CTACTTAGTAATCGGC-1	3265	6991	874	1616	0	0	0	0	1	0	0	0
CTACTTAGTCACCTAT-1	1642	3026	616	1243	1	0	1	0	1	0	0	0
CTACTTAGTCCAAATG-1	402	811	2943	5767	0	0	0	0	1	0	0	0
CTACTTAGTGCTGTAA-1	618	931	1336	2635	0	0	0	0	1	0	0	0
CTACTTAGTTCAAGCA-1	7455	34634	16545	42313	3	1	0	0	1	1	1	1
CTACTTAGTTTGCGAA-1	7938	37001	3508	7014	0	1	1	0	1	0	0	0
CTAGCGGGTGACCTGG-1	2536	4694	3778	7482	0	0	0	0	1	0	0	0
CTAGCTGAGCGATAGA-1	1832	2904	501	977	0	0	0	0	1	0	0	0
CTAGCTGAGCGCATTG-1	1194	1988	619	1184	0	0	0	0	1	0	0	0
CTAGCTGAGCTCGCTT-1	857	1320	917	1783	0	0	0	0	1	0	0	0
CTAGCTGAGGAAACTG-1	1533	2225	5735	12074	0	0	0	0	1	0	0	0
CTAGCTGAGGGCTAAA-1	2291	4481	2887	5752	0	0	0	0	1	0	0	0
CTAGCTGAGGTTTGAC-1	3069	6672	4633	9806	0	0	3	0	1	0	0	0
CTAGCTTGTGTGCAAC-1	3347	7886	6803	14809	0	0	1	0	1	0	0	0
CTAGGACGTGGTTAGC-1	2266	4980	4144	8342	0	0	0	0	1	0	0	0
CTAGGACGTTCACCAT-1	3852	12175	6560	13878	0	0	0	0	1	0	0	0
CTAGGACGTTTACTTG-1	3825	8599	9369	21357	0	0	0	0	1	0	0	0
CTAGGCGGTATTTGCC-1	2852	5866	7440	16245	0	0	0	0	1	0	0	0
CTAGGCGGTTAAATGC-1	2793	5640	2310	4504	0	0	0	0	1	0	0	0
CTAGTAATCCAAATCA-1	5325	18887	11963	27432	0	0	0	0	1	0	0	0
CTAGTAATCTACCTAT-1	3542	9195	402	750	0	0	0	0	1	0	0	0
CTAGTAGGTAACGTGC-1	2075	4167	6011	12748	0	0	0	0	1	0	0	0
CTAGTAGGTGCTCACC-1	8733	42195	21149	57825	0	0	2	0	0	0	0	0
CTAGTAGGTGTTTGCT-1	2918	5731	808	1522	0	0	0	0	1	0	0	0
CTAGTAGGTTCGGTAA-1	2375	4159	3989	8180	0	0	0	0	1	0	0	0
CTAGTCGAGCGGCTGT-1	2192	3745	2231	4770	0	0	0	0	1	0	0	0
CTAGTCGAGGCCTAAT-1	1649	2590	1239	2430	0	0	0	0	1	0	0	0
CTAGTCGAGGGACGCA-1	7506	30647	10547	23502	1	0	2	0	1	0	0	0
CTAGTCGAGGTGAAGC-1	660	833	1251	2501	1	0	0	0	1	0	0	0
CTAGTCGAGTTTCCGC-1	3426	6622	9637	20608	0	0	1	0	1	0	0	0
CTAGTGAGTAGCCTCC-1	1036	2600	4123	8680	0	0	1	0	1	0	0	0
CTAGTGAGTGTTGCAA-1	1106	1859	1348	2640	0	0	0	0	1	0	0	0
CTAGTGAGTTAAGCGC-1	3112	6975	5468	11680	0	0	0	0	1	0	0	0
CTAGTGAGTTGTCATC-1	2291	3658	6129	13526	0	0	1	0	1	0	0	0
CTAGTTGCAACGTGCT-1	2747	8988	4692	9581	0	0	0	0	1	0	0	0
CTAGTTGCAATCATGT-1	2370	4480	599	1152	0	0	0	0	1	0	0	0
CTAGTTGCATTGTTGG-1	2373	4462	583	1106	0	0	1	0	1	0	0	0
CTATAACCATCGCTCC-1	5081	15446	7949	16677	0	0	1	0	1	0	0	0
CTATAACCATTTGCTC-1	2254	4232	3206	6481	0	0	0	0	1	0	0	0
CTATGACAGACAACGA-1	4043	11574	4395	8844	0	0	0	0	1	0	0	0
CTATGACAGACTAAGG-1	3049	5974	386	706	0	0	1	0	1	0	0	0
CTATGACAGCTTAGCG-1	467	1439	6127	13160	0	0	0	0	1	0	0	0
CTATGACAGGACAATG-1	772	985	1044	2094	0	0	0	0	1	0	0	0
CTATGACAGGACCAGG-1	4659	13769	4325	8483	0	0	0	0	1	0	0	0
CTATGACAGGAGCAAC-1	3773	9217	4692	9609	0	0	1	0	1	0	0	0
CTATGACAGGGTTATC-1	4351	10912	8372	17863	0	0	0	0	1	0	0	0
CTATGACAGTTCCTCA-1	2251	4243	358	679	0	0	0	0	1	0	0	0
CTATGACAGTTTAACG-1	1965	3303	2719	5433	0	0	1	0	1	0	0	0
CTATGAGGTACGCGCA-1	1219	1868	1174	2308	0	0	0	0	1	0	0	0
CTATGAGGTTAAGGCC-1	606	2247	1545	2959	0	0	0	0	1	0	0	0
CTATGAGGTTAAGGTT-1	1377	2269	5204	10797	0	0	0	0	1	0	0	0
CTATGAGGTTCACCCA-1	1216	1909	1944	3884	0	0	0	0	1	0	0	0
CTATGAGGTTGGTGAC-1	3052	6071	993	1950	0	0	0	0	1	0	0	0
CTATGATCAAATGCCC-1	2154	3881	2782	5663	0	0	0	0	1	0	0	0
CTATGATCAGTAAGTA-1	3414	7718	1634	3185	0	0	0	0	1	0	0	0
CTATGATCATCCGTAA-1	7217	29365	5732	11616	0	1	1	0	1	0	0	0
CTATGATCATCGCTTT-1	3779	8702	535	1019	0	0	1	0	1	0	0	0
CTATGGCCATGAGTTT-1	1051	1577	1537	3129	0	0	0	0	1	0	0	0
CTATGTTTCATTGCGG-1	2552	4714	1723	3355	0	0	0	0	1	0	0	0
CTATTACTCTCACTCA-1	2381	4930	1638	3282	0	0	1	0	1	0	0	0
CTATTCAGTTCCGCAC-1	1928	3243	738	1433	0	0	1	0	1	0	0	0
CTATTGAAGCCAGGTC-1	1877	3317	1141	2156	0	0	1	0	1	0	0	0
CTATTGAAGCCTAACG-1	666	1017	1070	2032	0	0	0	0	1	0	0	0
CTATTGAAGCGATACT-1	1379	2384	1257	2488	0	0	1	0	1	0	0	0
CTATTGAAGGAGGCAT-1	510	842	1552	3189	0	0	0	0	1	0	0	0
CTATTGAAGGCGGGTA-1	4460	10682	14200	33254	0	0	1	0	1	0	0	0
CTCAATAAGACTCGCA-1	385	1186	9268	21476	0	0	0	0	1	0	0	0
CTCAATAAGTTGGGCC-1	5220	15486	4745	9848	0	0	0	0	1	0	0	0
CTCACAACACCTCAGG-1	2798	6341	1460	2806	0	0	1	0	1	0	0	0
CTCACAACATGTCAAT-1	2250	4512	3760	7711	1	0	1	0	1	0	0	0
CTCACACTCCAAGTGT-1	3534	8379	439	828	0	1	0	0	1	0	0	0
CTCACACTCCCTGATC-1	1512	2201	796	1553	0	0	1	0	1	0	0	0
CTCACTCAGCTTTGTT-1	4753	14059	12410	29085	0	0	1	0	1	0	0	0
CTCAGGATCCCTGGTT-1	4280	11928	9889	22604	0	0	0	0	1	0	0	0
CTCAGGATCCGCTAGA-1	2722	5870	8443	19070	0	0	0	0	1	0	0	0
CTCAGGATCCGGCTAA-1	7013	27510	20663	54446	0	0	1	0	0	0	0	0
CTCAGGATCCTAATAG-1	4909	14232	1031	1952	0	0	0	0	1	0	0	0
CTCATCATCAACAAGG-1	1027	2386	441	840	0	0	0	0	1	0	0	0
CTCATCATCATGCCTC-1	1277	1925	1052	1992	0	0	1	0	1	0	0	0
CTCATCATCCCTGACT-1	1294	2083	821	1544	0	0	1	0	1	0	0	0
CTCATCATCCGCAAAT-1	3082	6208	1369	2617	0	0	0	0	1	0	0	0
CTCATGACACGTAAGG-1	2977	5726	272	512	0	0	0	0	1	0	0	0
CTCATGACACTAAGCC-1	1547	2416	935	1834	0	0	2	0	1	0	0	0
CTCATGACATAGACTT-1	1420	2695	483	931	0	0	0	0	1	0	0	0
CTCATGACATCGTTCT-1	1567	2578	1507	2946	0	0	0	0	1	0	0	0
CTCATGCTCGGGACCT-1	1152	1680	785	1508	0	0	0	0	1	0	0	0
CTCATTAGTAGCTGGT-1	3447	8030	700	1339	0	0	1	0	1	0	0	0
CTCATTAGTCATCCTG-1	3609	8471	1245	2410	0	0	1	0	1	0	0	0
CTCATTAGTTAAATGC-1	2758	5683	133	250	0	0	0	0	1	0	0	0
CTCATTGTCCCGAACA-1	1990	3542	220	417	0	0	0	0	1	0	0	0
CTCATTTAGGTTTACA-1	2806	5362	987	1905	0	0	0	0	1	0	0	0
CTCATTTAGTTGTCTT-1	2307	4225	536	1029	0	0	0	0	1	0	0	0
CTCCAAACAAACTGCC-1	3949	10952	1147	2176	0	0	0	0	1	0	0	0
CTCCAAACAACACTTG-1	4785	13487	9817	22226	0	0	1	0	1	0	0	0
CTCCAAACAGCCTAAC-1	2198	3641	2929	6199	1	2	0	0	1	0	0	1
CTCCAAACAGTAGGTG-1	826	1249	1720	3353	0	0	1	0	1	0	0	0
CTCCAACTCCTCCTAA-1	441	670	8735	19217	0	0	0	0	1	0	0	0
CTCCAACTCGTAACGT-1	7362	32087	7832	16868	2	1	1	0	1	1	1	1
CTCCAACTCTAACTGA-1	467	1938	2996	6104	0	0	0	0	1	0	0	0
CTCCATCAGATTGAGG-1	540	828	1195	2525	0	0	0	0	1	0	0	0
CTCCCTGAGCGAGCGA-1	746	1102	3158	6675	0	0	0	0	1	0	0	0
CTCCCTGAGCTCCTAC-1	1812	3204	1028	1989	0	0	0	0	1	0	0	0
CTCCCTGAGGAACGCG-1	4822	13012	7585	16373	0	0	0	0	1	0	0	0
CTCCCTGAGGCACAGG-1	7623	33742	6335	13656	0	0	2	0	1	0	0	0
CTCCGGACAACAGGTG-1	1064	1660	573	1091	0	0	0	0	1	0	0	0
CTCCGGACAATAACGA-1	3996	10128	10600	24942	0	0	0	0	1	0	0	0
CTCCGGACAATTAAGG-1	3280	7641	4592	9492	0	1	0	0	1	0	0	0
CTCCGGACACCTAATG-1	551	856	1434	2830	0	0	0	0	1	0	0	0
CTCCGGACACCTGCCT-1	6793	28015	18892	50315	0	1	1	0	0	0	0	0
CTCCGTCCATTATGAC-1	1296	2022	1314	2614	0	0	1	0	1	0	0	0
CTCCTAATCAACAAGG-1	1025	1556	2048	4052	0	0	0	0	1	0	0	0
CTCCTAATCTACTAAG-1	2191	4096	4511	9280	0	0	1	0	1	0	0	0
CTCCTAATCTTTGACT-1	1859	3444	1897	3665	0	0	0	0	1	0	0	0
CTCCTCACAAACTGTT-1	954	1310	904	1774	1	0	0	0	1	0	0	0
CTCCTCACACGAATCC-1	4324	11424	7073	15057	0	0	1	0	1	0	0	0
CTCCTGAGTAGCTAGC-1	3190	6248	1371	2690	0	0	1	0	1	0	0	0
CTCCTGAGTCATTAGG-1	3111	5927	358	688	0	0	0	0	1	0	0	0
CTCCTGAGTGTCCTGC-1	3625	8272	7030	15031	0	0	0	0	1	0	0	0
CTCCTGAGTTTGCGCC-1	3446	8405	266	498	0	0	0	0	1	0	0	0
CTCGACAAGCCAAATC-1	3257	7617	1559	3097	0	0	1	0	1	0	0	0
CTCGACAAGCTTGCTC-1	2602	5993	11137	25065	0	0	0	0	1	0	0	0
CTCGCTAGTACAATGT-1	5062	14607	12290	29195	0	0	0	0	1	0	0	0
CTCGCTAGTCACAAAT-1	1385	2023	550	1049	0	0	1	0	1	0	0	0
CTCGCTCCAAGACTCC-1	760	1202	1010	1976	0	0	0	0	1	0	0	0
CTCGCTCCACCTACGG-1	3014	6686	833	1644	0	0	1	0	1	0	0	0
CTCGCTCCAGGCTTCG-1	1657	2698	2114	4248	0	0	1	0	1	0	0	0
CTCGCTCCAGGCTTGT-1	759	1192	873	1699	0	0	0	0	1	0	0	0
CTCGTTATCCTTGCAC-1	4836	14968	4140	8458	0	0	0	0	1	0	0	0
CTCTAAGCAATATACC-1	4792	13596	3051	6222	0	0	0	0	1	0	0	0
CTCTAAGCACAAAGGT-1	2734	6174	1158	2228	0	0	1	0	1	0	0	0
CTCTAAGCACAGCCAT-1	3595	7635	1438	2824	0	0	2	0	1	0	0	0
CTCTAAGCATGGAGGC-1	1247	1784	7244	15564	0	0	0	0	1	0	0	0
CTCTAGCTCGCTTGCT-1	1962	3605	3082	6070	0	0	1	0	1	0	0	0
CTCTAGCTCTAAGTGC-1	2215	4318	2849	5848	0	0	0	0	1	0	0	0
CTCTATGTCATGCGTG-1	690	1532	5711	11918	0	0	1	0	1	0	0	0
CTCTATGTCCATCAGG-1	419	556	2005	3985	0	0	0	0	1	0	0	0
CTCTATGTCGTTATAG-1	4636	11959	5168	11208	0	0	1	0	1	0	0	0
CTCTATGTCTTTAGGA-1	5788	28869	12350	27168	0	1	0	0	1	0	0	0
CTCTCACAGGTCGAGG-1	385	553	10528	25639	0	0	0	0	1	0	0	0
CTCTCACAGGTCGATT-1	4684	13510	6754	15088	0	0	1	0	1	0	0	0
CTCTCACAGTAGCTTA-1	1969	3306	944	1847	0	0	0	0	1	0	0	0
CTCTGTTCAATAACGA-1	2949	5913	1022	1998	1	3	0	0	1	0	0	1
CTCTTGATCAACAAGG-1	751	1184	1475	3123	0	0	0	0	1	0	0	0
CTCTTGATCCGTTAAA-1	2803	6147	4578	9774	0	0	0	0	1	0	0	0
CTCTTGATCCTCAGTC-1	360	754	4123	8455	0	0	0	0	1	0	0	0
CTCTTGATCCTTAAGA-1	1472	2465	2791	5657	0	0	0	0	1	0	0	0
CTGAAACTCTTGTTCG-1	2134	3615	807	1588	0	0	0	0	1	0	0	0
CTGAATATCCTCCATA-1	3230	10590	6467	13900	0	0	0	0	1	0	0	0
CTGACATAGGGACTAA-1	1318	1954	988	1911	0	0	0	0	1	0	0	0
CTGACATAGTGATTCA-1	2238	4948	4359	8944	0	0	1	0	1	0	0	0
CTGACCAAGCTGCACA-1	3828	9548	1527	2972	0	0	0	0	1	0	0	0
CTGACCAAGGCCAATT-1	6248	20868	9386	20345	0	0	1	0	1	0	0	0
CTGACCAAGTCACTAA-1	1804	2898	1858	3643	0	1	1	0	1	0	0	0
CTGATCACACATAGCC-1	9514	64474	19453	50251	0	1	3	0	0	0	0	0
CTGATCACAGGCTTCG-1	3504	7563	2804	5623	0	0	1	0	1	0	0	0
CTGATCACAGTTTACG-1	2759	5508	803	1517	1	0	0	0	1	0	0	0
CTGCAATAGGGACTAA-1	2844	5374	597	1153	0	0	0	0	1	0	0	0
CTGCTACTCCAGGGAG-1	884	1673	864	1662	0	0	0	0	1	0	0	0
CTGCTACTCCTAATTC-1	764	1114	1233	2378	1	0	0	0	1	0	0	0
CTGCTATGTGACATGC-1	1359	2138	1911	3920	0	0	0	0	1	0	0	0
CTGCTATGTTAAATGC-1	2231	3866	4908	10131	0	0	0	0	1	0	0	0
CTGCTCCCAAGCCACT-1	4956	14640	8560	19044	0	0	1	0	1	0	0	0
CTGCTCCCAAGTTATC-1	4327	12949	2736	5551	0	1	0	0	1	0	0	0
CTGCTCCCACACAATT-1	2056	3630	2466	5077	1	2	1	0	1	0	0	1
CTGCTCCCACACCAAC-1	1759	3048	681	1303	0	0	0	0	1	0	0	0
CTGCTCCCAGAGGGAG-1	3804	8774	3916	8119	0	0	1	0	1	0	0	0
CTGCTCCCAGGCGAGT-1	2142	3577	1071	2065	0	0	0	0	1	0	0	0
CTGCTCCCATTGTTGG-1	5728	19729	5121	10993	0	0	1	0	1	0	0	0
CTGGATGTCAACCAAC-1	2715	5751	5272	11055	0	0	0	0	1	0	0	0
CTGGATGTCACAGGAA-1	2536	5125	2042	4056	0	0	1	0	1	0	0	0
CTGGATGTCCAATAGC-1	1718	2685	1024	1983	0	0	0	0	1	0	0	0
CTGGATGTCGATATTG-1	4546	11891	7376	16060	0	0	0	0	1	0	0	0
CTGGATGTCGCATCCT-1	1854	3317	313	597	0	0	0	0	1	0	0	0
CTGGATGTCTCTAGCC-1	754	1214	1398	2734	0	0	0	0	1	0	0	0
CTGGCTAAGTTCCTGC-1	5306	19577	12780	30370	0	0	0	0	1	0	0	0
CTGGCTTTCTTTGAGA-1	3811	8603	171	326	0	0	0	0	1	0	0	0
CTGGTAAGTAACGGGA-1	670	872	5299	11729	0	0	0	0	1	0	0	0
CTGGTAAGTCCCGGAA-1	1723	2979	1191	2266	0	0	0	0	1	0	0	0
CTGGTAAGTGGATTCA-1	1083	1482	1546	3087	0	0	0	0	1	0	0	0
CTGGTAAGTTAAGCGC-1	4302	10586	5387	11316	0	2	1	0	1	0	0	0
CTGGTAAGTTATAGCG-1	2428	4827	4550	9274	0	0	0	0	1	0	0	0
CTGGTTACAGGCTGTT-1	1535	2439	3629	7566	0	0	1	0	1	0	0	0
CTGGTTACATAATGTC-1	1307	2562	440	836	0	0	0	0	1	0	0	0
CTGGTTTGTAACGTGC-1	3701	9236	5576	11826	0	0	0	0	1	0	0	0
CTGGTTTGTACGATTG-1	2129	3597	410	774	0	0	0	0	1	0	0	0
CTGGTTTGTATACTGG-1	1130	2004	798	1536	0	0	0	0	1	0	0	0
CTGGTTTGTTACTAGG-1	1254	2278	409	794	0	0	0	0	1	0	0	0
CTGGTTTGTTAGTACG-1	4483	12461	5725	12028	0	0	1	0	1	0	0	0
CTGGTTTGTTGGCCGA-1	940	1434	1405	2778	0	0	1	0	1	0	0	0
CTGGTTTGTTGTAACG-1	10821	85646	31296	106576	1	3	2	0	0	0	0	0
CTGTACCTCCAGGGAG-1	1440	2635	3279	6673	0	0	1	0	1	0	0	0
CTGTACCTCCGGAACC-1	5663	16087	5412	11339	0	0	1	0	1	0	0	0
CTGTACCTCTGTTCAT-1	402	681	3712	7818	0	0	1	0	1	0	0	0
CTGTATTTCAGTGAAG-1	1747	3142	2030	4035	0	0	0	0	1	0	0	0
CTGTATTTCATTGCGG-1	2930	5805	4078	8170	0	0	0	0	1	0	0	0
CTGTGTGAGCGAGGTG-1	1180	2092	953	1832	0	0	1	0	1	0	0	0
CTGTGTGAGGACTTAC-1	7121	27740	9043	20191	0	0	1	0	1	0	0	0
CTGTGTGAGGCGAAAC-1	4689	11286	4797	9979	0	0	1	0	1	0	0	0
CTGTGTGAGGCTCATG-1	2024	3945	954	1808	0	0	0	0	1	0	0	0
CTGTGTGAGTAACCCG-1	2717	5388	5472	11837	0	0	0	0	1	0	0	0
CTGTGTGAGTCAGTAC-1	2716	4855	4630	9900	0	0	1	0	1	0	0	0
CTGTTAAAGAATCGCT-1	426	600	7363	15783	0	0	0	0	1	0	0	0
CTGTTAAAGCATGACT-1	1487	2259	696	1324	0	0	1	0	1	0	0	0
CTGTTAAAGCGGCTGT-1	345	488	8568	18337	0	0	0	0	1	0	0	0
CTGTTAAAGCTGTACG-1	7960	35120	12774	30171	0	1	1	0	1	0	0	0
CTGTTAAAGGACTAAG-1	4134	10756	732	1364	0	0	0	0	1	0	0	0
CTGTTAAAGGGATGAC-1	2330	4484	4459	9505	0	0	0	0	1	0	0	0
CTGTTAAAGGTCAAAG-1	2613	5048	14072	33791	0	0	1	0	1	0	0	0
CTGTTAAAGTTTCCGC-1	1339	1992	1829	3751	0	0	0	0	1	0	0	0
CTGTTCATCAAGACTC-1	1715	3733	1091	2023	0	0	0	0	1	0	0	0
CTGTTCATCCAAATCA-1	7791	32120	19847	54405	1	1	2	0	0	0	0	0
CTGTTCATCCTGGTCT-1	7563	37389	21798	61041	1	0	1	0	0	0	0	0
CTGTTGGAGCCTAACG-1	925	1421	749	1459	1	0	0	0	1	0	0	0
CTGTTGGAGCTAAAGG-1	4822	11355	4708	10119	0	0	1	0	1	0	0	0
CTGTTGGAGTATTGCA-1	3662	8646	5809	12022	0	1	1	0	1	0	0	0
CTGTTTAGTAGCTAAT-1	5882	17651	5984	12459	0	0	0	0	1	0	0	0
CTTAACAAGGTAACGA-1	2392	4471	1099	2059	0	0	0	0	1	0	0	0
CTTAACAAGGTGAGAC-1	1549	2318	2344	4647	0	0	0	0	1	0	0	0
CTTAACAAGTAAGTGG-1	3981	9726	6472	13751	0	0	1	0	1	0	0	0
CTTAACAAGTTAGAGG-1	454	1868	5265	10970	0	0	0	0	1	0	0	0
CTTAATGAGAGAAGGG-1	8579	38122	9695	22505	1	2	1	0	1	0	0	1
CTTAATGAGCTTTGTT-1	1479	2932	327	619	0	1	0	0	1	0	0	0
CTTAATGAGGTTTACA-1	741	1069	1248	2474	0	0	1	0	1	0	0	0
CTTACCGGTAGCTGGT-1	1313	1992	2001	3930	0	0	0	0	1	0	0	0
CTTACCGGTATTCGTC-1	3306	8304	8603	19295	0	0	0	0	1	0	0	0
CTTACCGGTTAACAGT-1	4258	9944	4505	9274	0	0	1	0	1	0	0	0
CTTACCTCAAAGCTAA-1	1887	3225	1443	2870	0	0	0	0	1	0	0	0
CTTACCTCAGAGGGAG-1	1143	2045	566	1091	0	0	0	0	1	0	0	0
CTTACTAGTCTTGCTG-1	6065	20465	913	1729	0	0	1	0	1	0	0	0
CTTACTAGTTATCCGT-1	1779	3308	2043	3950	0	0	1	0	1	0	0	0
CTTAGGAGTACTGAAT-1	2536	4874	1617	3299	0	1	3	0	1	0	0	0
CTTAGGAGTAGGATTT-1	3597	9265	6358	13629	0	0	0	0	1	0	0	0
CTTAGGAGTCCTCCAA-1	3652	9252	4475	9386	0	0	1	0	1	0	0	0
CTTAGGAGTGGCTTCC-1	1377	2803	5445	11902	0	0	1	0	1	0	0	0
CTTAGGAGTGTGAGAG-1	3618	8288	6394	14325	0	0	2	0	1	0	0	0
CTTAGTTTCCTTCGTA-1	698	965	1142	2453	0	0	0	0	1	0	0	0
CTTAGTTTCTGTTCAT-1	951	1595	1867	3773	0	0	0	0	1	0	0	0
CTTATGTTCAGGCTAT-1	4720	13003	9718	21815	1	0	0	0	1	0	0	0
CTTATGTTCGATTTGA-1	2679	5886	2243	4403	0	0	0	0	1	0	0	0
CTTATTGGTTTACGTC-1	2964	6296	3732	7539	0	0	0	0	1	0	0	0
CTTCAAGCACAGGATG-1	4141	11089	5764	12102	0	0	0	0	1	0	0	0
CTTCAAGCACATTGCA-1	722	982	2067	4114	0	0	0	0	1	0	0	0
CTTCAATTCAAGTGTC-1	5646	17577	7139	14898	0	0	1	0	1	0	0	0
CTTCAATTCACTCGCT-1	3758	9410	4935	10006	0	0	0	0	1	0	0	0
CTTCAATTCCTAATAG-1	4786	14139	2151	4164	0	0	1	0	1	0	0	0
CTTCACTCACGTAAGG-1	3295	6494	9275	20374	0	0	1	0	1	0	0	0
CTTCACTCACTGGCCA-1	4359	14035	6348	13544	0	0	0	0	1	0	0	0
CTTCACTCAGATTCAT-1	2932	7145	3752	7581	0	0	0	0	1	0	0	0
CTTCACTCAGGCCATT-1	4471	11842	4074	8509	0	0	0	0	1	0	0	0
CTTCACTCATAGCGAG-1	3595	8663	5449	11488	0	0	0	0	1	0	0	0
CTTCACTCATGAAATG-1	7462	30852	16221	39464	1	0	1	0	1	0	0	0
CTTCACTCATGTTGGC-1	2997	7448	3071	6004	0	0	0	0	1	0	0	0
CTTCACTCATTGTTGG-1	7129	25649	16159	40398	0	0	0	0	1	0	0	0
CTTCAGGAGTCCTGAG-1	1952	3419	649	1264	0	0	0	0	1	0	0	0
CTTCATCCAGGCATGA-1	2421	5918	5368	10993	0	0	0	0	1	0	0	0
CTTCATCCAGTTAGCC-1	1814	2898	2156	4330	0	0	0	0	1	0	0	0
CTTCGCGTCAATGTGC-1	1028	1505	2740	5646	0	0	0	0	1	0	0	0
CTTCTAAGTAGTTACG-1	4414	13671	441	802	0	0	0	0	1	0	0	0
CTTCTCAAGAGCCGGA-1	2528	4754	508	938	0	0	0	0	1	0	0	0
CTTCTCAAGGCCATCA-1	1622	2621	3214	6545	0	0	0	0	1	0	0	0
CTTCTCAAGGCTCATG-1	2295	4389	1258	2336	0	0	1	0	1	0	0	0
CTTGAACAGCGAGCGA-1	521	725	2898	5969	0	0	0	0	1	0	0	0
CTTGAACAGCTGTACG-1	1124	1631	646	1238	0	0	0	0	1	0	0	0
CTTGAATCACATACTG-1	1458	2134	10207	23733	0	0	0	0	1	0	0	0
CTTGAATCAGTCTATG-1	3160	6700	2522	5167	0	0	2	0	1	0	0	0
CTTGAATCATGAAGTA-1	3487	9570	4132	8660	0	0	0	0	1	0	0	0
CTTGACGAGCATTATG-1	3942	9428	10445	23442	0	0	0	0	1	0	0	0
CTTGACGAGCCATCAG-1	2521	4469	3229	6638	0	0	0	0	1	0	0	0
CTTGACGAGCTAAGTC-1	1845	3594	1099	2201	0	0	0	0	1	0	0	0
CTTGACGAGGGATTAG-1	1815	3072	1521	2893	0	0	0	0	1	0	0	0
CTTGACGAGTCATTTC-1	4752	13988	351	652	0	0	0	0	1	0	0	0
CTTGACGAGTGCACGC-1	3946	15558	9096	20588	0	0	1	0	1	0	0	0
CTTGCAACAATCCTGA-1	1364	2394	1503	2965	0	0	1	0	1	0	0	0
CTTGCAACACCATATG-1	2910	6095	3362	6750	0	0	0	0	1	0	0	0
CTTGCAACAGGCTTCG-1	1412	2122	2196	4498	0	0	1	0	1	0	0	0
CTTGCATGTAGCTGGT-1	6237	21519	11658	27849	0	0	1	0	1	0	0	0
CTTGCATGTGATTTGG-1	1384	1986	828	1642	0	0	1	0	1	0	0	0
CTTGCGCGTACAATGT-1	1778	2927	2927	6271	3	0	1	0	1	1	0	0
CTTGCGCGTGGCTTCC-1	1569	2673	2306	4705	0	0	2	0	1	0	0	0
CTTGCGCGTTTGTCTA-1	8904	45420	25523	75459	0	2	1	0	0	0	0	0
CTTGCTCAGGCTAATC-1	2765	6981	3099	6090	0	0	1	0	1	0	0	0
CTTGCTCAGGTCTTGG-1	1947	3404	445	829	0	0	0	0	1	0	0	0
CTTGCTCAGGTGAAGC-1	1774	2859	1999	3865	0	1	0	0	1	0	0	0
CTTGCTCAGTCATTAG-1	4231	11582	100	185	0	0	0	0	0	0	0	0
CTTGCTCAGTCCTTCA-1	1822	3064	920	1846	0	0	1	0	1	0	0	0
CTTGCTCAGTTAGGCT-1	6491	22842	6316	13840	0	0	1	0	1	0	0	0
CTTGGACCAACCCTCC-1	4930	15803	6426	14021	0	0	0	0	1	0	0	0
CTTGGACCAAGTGTTT-1	2006	3454	809	1555	0	0	0	0	1	0	0	0
CTTGGACCACGAATTT-1	3031	7420	3599	7451	0	0	1	0	1	0	0	0
CTTGGACCACTAAGCC-1	2568	5309	5617	11791	0	0	0	0	1	0	0	0
CTTGGACCAGGCTTGT-1	1054	5644	3696	8044	0	0	0	0	1	0	0	0
CTTGTCCAGCCTAATA-1	1320	1921	1647	3301	0	0	1	0	1	0	0	0
CTTGTCCAGCGAGGTG-1	1142	1749	3373	6914	0	0	0	0	1	0	0	0
CTTGTCCAGGAACACA-1	1774	3261	5501	11860	0	0	0	0	1	0	0	0
CTTGTCCAGTCATTAG-1	1043	1908	737	1407	0	0	1	0	1	0	0	0
CTTGTCCAGTTTGGGT-1	1737	2851	2180	4265	0	0	0	0	1	0	0	0
CTTGTTCCACCTACGG-1	3932	10825	6802	14147	0	0	0	0	1	0	0	0
CTTGTTCCACTATGGC-1	765	1255	749	1473	0	0	0	0	1	0	0	0
CTTGTTCCATGAATAG-1	950	1852	1120	2260	0	0	1	0	1	0	0	0
CTTGTTTAGACAGGTA-1	1175	1865	960	1899	0	0	2	0	1	0	0	0
CTTGTTTAGCACGTTG-1	1753	3007	803	1575	0	0	0	0	1	0	0	0
CTTTAGGCAAACCTTG-1	2583	5314	2521	5154	0	0	0	0	1	0	0	0
CTTTAGGCAAGTAAGC-1	4548	11084	7089	15094	0	0	1	0	1	0	0	0
CTTTAGGCACAGCCTG-1	770	1093	1513	2993	0	0	0	0	1	0	0	0
CTTTAGGCACATGCTA-1	5992	19148	5879	12586	0	0	1	0	1	0	0	0
CTTTAGGCATGGCCCA-1	2014	4491	6231	13048	0	0	1	0	1	0	0	0
CTTTAGTTCACAGGAA-1	1460	2089	1562	3095	0	0	1	0	1	0	0	0
CTTTAGTTCGGGACTC-1	1746	3199	848	1633	0	0	0	0	1	0	0	0
CTTTAGTTCTGTTGCC-1	3859	9623	6051	12729	0	0	0	0	1	0	0	0
CTTTATCAGTAACGGA-1	3341	7082	298	582	0	0	0	0	1	0	0	0
CTTTATGGTACCTTAC-1	2813	6648	2869	5744	0	0	0	0	1	0	0	0
CTTTATGGTCTAACAG-1	2348	4817	1251	2375	0	0	0	0	1	0	0	0
CTTTATGGTTAATCGG-1	2360	4659	1094	2046	0	0	0	0	1	0	0	0
CTTTCTTGTACAAAGA-1	1354	2044	1033	2040	0	0	0	0	1	0	0	0
CTTTCTTGTGAGAAAC-1	4403	12638	5096	10537	0	0	0	0	1	0	0	0
CTTTGGGAGACAGGTA-1	3972	9595	3509	6754	0	0	0	0	1	0	0	0
CTTTGGGAGCTAGAAG-1	3136	6351	1688	3234	0	0	1	0	1	0	0	0
CTTTGGGAGGCCTTAG-1	2655	6410	5935	12213	0	0	0	0	1	0	0	0
CTTTGGGAGTGAGCGG-1	1628	4790	1549	3082	0	0	0	0	1	0	0	0
CTTTGGTGTCGTTACT-1	1229	1783	1435	2900	0	0	0	0	1	0	0	0
CTTTGGTGTGCGCAAT-1	1828	3019	2032	4068	0	0	1	0	1	0	0	0
CTTTGGTGTTGGCGTG-1	3719	8307	4673	9811	0	0	1	0	1	0	0	0
CTTTGGTGTTTCCACG-1	10421	70302	1497	2803	0	0	0	0	0	0	0	0
CTTTGGTGTTTGCAGA-1	2651	5298	2352	4719	0	0	2	0	1	0	0	0
CTTTGTCCAAGGAATC-1	1187	2149	418	817	0	0	0	0	1	0	0	0
CTTTGTCCACCTGGTG-1	1554	3351	1863	3798	0	0	0	1	1	0	0	0
CTTTGTCCATGTCGCG-1	1074	1552	1461	2885	3	2	1	0	1	1	1	1
GAAACCCGTAATAGCT-1	2602	4826	2750	5346	0	0	0	0	1	0	0	0
GAAACCCGTACCGTTT-1	3683	9415	1028	1922	0	0	0	0	1	0	0	0
GAAACCCGTTAGGTTG-1	582	883	2499	5181	0	0	0	0	1	0	0	0
GAAACCCGTTATAGCG-1	6288	19133	5685	11855	0	0	0	0	1	0	0	0
GAAACTGAGCAGGTTT-1	1836	3307	4629	9270	0	0	1	0	1	0	0	0
GAAACTGAGCTCCTTA-1	935	1672	4851	9968	0	0	1	0	1	0	0	0
GAAACTGAGGCGCATC-1	6231	23280	8026	17457	0	0	1	0	1	0	0	0
GAAACTGAGTGTTGCG-1	1673	2456	962	1892	0	0	0	0	1	0	0	0
GAAAGCCAGGTGAAAT-1	2179	3683	2116	4280	0	0	1	0	1	0	0	0
GAAAGGCTCCTAGTCC-1	2163	4248	2094	4320	0	0	1	0	1	0	0	0
GAAAGGCTCCTCACAC-1	2305	4698	964	1783	0	0	0	0	1	0	0	0
GAAAGGCTCCTGTTCA-1	1562	2355	1384	2730	0	0	0	0	1	0	0	0
GAAAGGCTCGATTTAG-1	975	1569	1058	2195	0	0	0	0	1	0	0	0
GAAAGGCTCGCTAAAC-1	5958	20722	10681	24386	1	1	1	0	1	0	0	1
GAACACAAGACACCGC-1	6366	19693	10475	24929	0	0	0	0	1	0	0	0
GAACACAAGAGAGGAG-1	1816	3290	4187	8531	0	0	0	0	1	0	0	0
GAACACAAGCGAGCGA-1	2107	3574	714	1354	0	0	0	0	1	0	0	0
GAACACAAGCTCAATA-1	3662	8613	9903	23026	2	3	1	0	1	1	1	1
GAACACAAGTCACCTC-1	3116	6285	2174	4361	0	0	0	0	1	0	0	0
GAACACAAGTCGCTAG-1	1556	2374	802	1513	0	0	1	0	1	0	0	0
GAACCAAAGACTTATG-1	3199	7057	4083	8188	0	0	0	0	1	0	0	0
GAACCAAAGCTAAGTC-1	4727	17582	7259	15506	1	0	1	0	1	0	0	0
GAACCAAAGGACCTTG-1	2971	6268	2381	4964	0	0	0	0	1	0	0	0
GAACCAGCAATAGCAA-1	5800	19289	6162	13164	0	0	0	0	1	0	0	0
GAACCAGCAGGATGGC-1	3398	7347	5843	12557	0	0	0	0	1	0	0	0
GAACCGCTCGATTATG-1	1196	2178	1298	2568	0	0	0	0	1	0	0	0
GAACCGCTCGCTAAAC-1	663	883	1245	2463	0	0	0	0	1	0	0	0
GAACCGCTCTATGACA-1	1668	2740	335	620	0	0	1	0	1	0	0	0
GAACCTGTCACACAGT-1	1943	4130	5511	11716	0	0	1	0	1	0	0	0
GAACCTGTCATTAGTG-1	3896	8609	4206	8917	0	0	1	0	1	0	0	0
GAACCTGTCCTGAGTG-1	1230	1747	1143	2241	0	0	1	0	1	0	0	0
GAACCTGTCTTAGTCT-1	3299	7148	11272	27542	0	0	0	0	1	0	0	0
GAACCTTAGAGGATAT-1	4754	13929	7765	16566	0	0	0	0	1	0	0	0
GAACCTTAGGCGAATA-1	1825	3096	1965	3905	0	0	1	0	1	0	0	0
GAACCTTAGTGAAGTG-1	1814	3014	3013	6044	0	0	1	0	1	0	0	0
GAACGAATCAAATCGC-1	1865	2806	1083	2182	0	0	0	0	1	0	0	0
GAACGAATCCGGAACC-1	285	361	6181	12955	0	0	0	0	1	0	0	0
GAACGAATCCTAACGG-1	1955	3339	788	1546	0	0	0	0	1	0	0	0
GAACGAATCCTAAGAC-1	1327	2810	301	603	0	0	0	0	1	0	0	0
GAACGAATCGCAACAT-1	1327	2930	402	761	0	0	1	0	1	0	0	0
GAACTTATCACGCCAA-1	1189	1815	2235	4729	1	1	1	0	1	0	0	1
GAACTTATCAGCCAAT-1	694	984	1254	2443	0	0	0	0	1	0	0	0
GAACTTATCCATAAGC-1	423	670	2634	5534	0	0	0	0	1	0	0	0
GAACTTATCCTAGTCC-1	4381	12094	8430	18624	0	0	2	0	1	0	0	0
GAACTTATCGTTAGTA-1	1052	1565	3117	6496	0	0	0	0	1	0	0	0
GAAGCCTGTCGTAATG-1	3812	9460	5569	11521	0	0	0	0	1	0	0	0
GAAGCCTGTGGGTGAA-1	2764	5092	5026	10385	0	0	0	0	1	0	0	0
GAAGCCTGTTGGTTGA-1	2387	4810	2414	4812	0	0	0	0	1	0	0	0
GAAGCCTGTTTGCTGT-1	3862	9323	9899	22126	0	0	1	0	1	0	0	0
GAAGCTAAGCCTGGTA-1	2470	4911	1768	3504	0	0	0	0	1	0	0	0
GAAGCTAAGGCTACAT-1	2874	5802	6745	14958	0	0	0	0	1	0	0	0
GAAGCTAAGGGACGCA-1	2471	4396	3079	6382	0	0	0	0	1	0	0	0
GAAGCTAAGGGTGAGT-1	3372	6923	2087	4248	0	0	0	0	1	0	0	0
GAAGGAACAACTGGGA-1	582	861	1471	2915	0	0	0	0	1	0	0	0
GAAGGAACACAATTAC-1	3981	9468	3996	8188	0	0	0	0	1	0	0	0
GAAGGAACAGCTAACC-1	7896	34517	11678	27620	0	0	1	0	1	0	0	0
GAAGGATGTAACGGGA-1	1111	2469	339	666	0	0	1	0	1	0	0	0
GAAGGATGTCCGGTTC-1	2964	6087	3198	6305	0	0	1	0	1	0	0	0
GAAGGATGTCGACTCC-1	1031	1409	1663	3213	0	0	0	0	1	0	0	0
GAAGGATGTGCTAGAC-1	3167	8205	4976	10223	0	1	1	0	1	0	0	0
GAAGGATGTGTTCCCA-1	6611	24600	22116	59177	0	0	1	0	0	0	0	0
GAAGGATGTTACAACG-1	3472	7800	2182	4224	0	0	0	0	1	0	0	0
GAAGGATGTTGTTGCT-1	755	1031	1001	1962	1	0	0	0	1	0	0	0
GAAGGATGTTTGGGCG-1	3084	6547	6747	14138	0	0	0	0	1	0	0	0
GAAGGCCCACAACAGG-1	2287	4172	4510	9401	0	0	1	0	1	0	0	0
GAAGGCCCAGGCTAGA-1	1293	2439	3670	7598	0	0	1	0	1	0	0	0
GAAGGCTAGAGAGCCG-1	1527	2487	1539	2936	0	0	1	0	1	0	0	0
GAAGGCTAGGTGAAAT-1	3504	8525	3201	6363	0	0	0	0	1	0	0	0
GAAGTAAGTCATAACG-1	1637	2637	1372	2694	0	0	0	0	1	0	0	0
GAAGTATAGCATGCAT-1	6037	23196	13420	31158	0	0	1	0	1	0	0	0
GAAGTATAGTTGCCTC-1	5769	17027	4575	9485	0	0	1	0	1	0	0	0
GAAGTCAAGAATGACG-1	3276	8358	2322	4585	0	0	0	0	1	0	0	0
GAAGTCAAGGAGGCAT-1	3386	7735	2790	5500	0	0	0	0	1	0	0	0
GAAGTCAAGGTCGAGG-1	372	623	5562	11483	0	0	0	0	1	0	0	0
GAAGTCAAGTGCACGC-1	323	490	5620	12898	0	0	0	0	1	0	0	0
GAAGTGATCCCTGTTA-1	5077	14977	2313	4561	0	0	0	0	1	0	0	0
GAAGTGATCGATAACC-1	3097	6664	3992	8037	0	0	1	0	1	0	0	0
GAAGTGATCGCAGGCT-1	1978	3598	2325	4628	0	0	0	0	1	0	0	0
GAAGTGATCTTAGCGG-1	3509	8779	4561	9408	0	0	0	0	1	0	0	0
GAATTTGTCTCCTCTT-1	3431	8411	425	804	0	0	0	0	1	0	0	0
GAATTTGTCTCTAGCC-1	3217	6878	316	585	1	0	0	0	1	0	0	0
GAATTTGTCTTAGGGT-1	997	1613	1287	2554	0	0	0	0	1	0	0	0
GACAATACACTGGCCA-1	1565	3003	265	497	0	0	1	0	1	0	0	0
GACAATACATGCAACC-1	1272	1948	4300	8586	0	0	0	0	1	0	0	0
GACACCGGTAAATTGC-1	2849	5886	3120	6284	0	0	2	0	1	0	0	0
GACACCGGTGATGATT-1	10430	76432	32602	110055	1	0	2	0	0	0	0	0
GACACTAGTGATGGCT-1	3812	9291	104	198	0	0	1	0	1	0	0	0
GACATAGAGCATGCAT-1	1665	2509	3257	6842	0	0	1	0	1	0	0	0
GACATAGAGCGGATTT-1	2998	5687	5052	10947	0	1	0	0	1	0	0	0
GACATAGAGCTTACTT-1	3734	8727	10328	23381	0	0	0	0	1	0	0	0
GACATAGAGTCATGCG-1	3241	7175	4101	8505	0	0	0	0	1	0	0	0
GACATTATCCCTGTTA-1	3436	8390	5285	11152	0	0	0	0	1	0	0	0
GACATTATCTTAGCGG-1	5032	14028	5656	12093	0	0	0	0	1	0	0	0
GACATTATCTTGCAGG-1	1147	1569	1004	2041	3	3	0	0	1	1	1	1
GACCGAACAATTAAGG-1	2164	4104	606	1171	0	0	0	0	1	0	0	0
GACCGTTCAGAAATTG-1	6265	21203	11796	27180	0	0	0	0	1	0	0	0
GACCGTTCAGCCTGCA-1	238	320	7396	15724	0	0	0	0	1	0	0	0
GACCGTTCATAGACTT-1	796	1265	2710	5690	0	0	1	0	1	0	0	0
GACCTAAGTAATGGCC-1	2133	4344	1229	2393	2	2	0	0	1	1	1	1
GACCTAGTCCGGTTAG-1	4614	11936	7026	15703	0	1	0	0	1	0	0	0
GACCTAGTCGATATTG-1	1265	1961	624	1182	0	0	0	0	1	0	0	0
GACCTCAAGAGAGGCT-1	3829	7916	6172	13422	0	0	0	0	1	0	0	0
GACCTCAAGCTGTCAG-1	4350	10716	6268	13561	0	0	0	0	1	0	0	0
GACCTCAAGGGTTATC-1	1459	2151	1233	2444	0	0	0	0	1	0	0	0
GACCTCAAGGTAAGGC-1	1176	2406	430	850	1	0	0	0	1	0	0	0
GACCTCAAGTAGAGGC-1	800	1034	1433	2787	0	0	0	0	1	0	0	0
GACCTGATCATCCTAT-1	890	2017	1658	3384	0	0	0	0	1	0	0	0
GACCTGATCCAATTAG-1	6495	21669	22133	61328	0	1	2	0	0	0	0	0
GACCTGATCGAGGAAC-1	1894	3082	3266	6524	0	0	1	0	1	0	0	0
GACCTGCAGCAAGATG-1	2186	4246	2222	4618	0	0	1	0	1	0	0	0
GACCTGCAGCTCAAAC-1	6732	25304	9098	20523	0	0	0	0	1	0	0	0
GACCTGCAGGACCTCA-1	3379	8318	5355	11614	0	0	0	0	1	0	0	0
GACCTGCAGGCTATGT-1	1122	1761	1714	3309	1	0	0	1	1	0	0	0
GACCTGCAGTGAGAGC-1	4878	13384	13724	33355	0	0	2	0	1	0	0	0
GACCTTTGTACCGTAA-1	2356	4407	2015	3885	0	0	0	0	1	0	0	0
GACCTTTGTAGCTGCG-1	956	2026	457	875	0	0	1	0	1	0	0	0
GACCTTTGTTACGCAA-1	2466	5030	2716	5354	0	0	0	0	1	0	0	0
GACCTTTGTTTGAGCA-1	823	1600	579	1091	0	0	0	0	1	0	0	0
GACCTTTGTTTGAGGC-1	897	1282	1144	2252	0	1	0	0	1	0	0	0
GACGCAACAATTGAGA-1	954	1489	850	1598	0	0	0	0	1	0	0	0
GACGCAACAGCTTAGC-1	4393	15418	2635	5283	0	0	0	0	1	0	0	0
GACGCAACATAAGCAA-1	2580	4814	944	1857	0	0	0	0	1	0	0	0
GACGCAACATGTTGGC-1	4370	11774	2463	4775	0	0	1	0	1	0	0	0
GACGCCTAGCTCATAA-1	7111	28181	20783	54589	1	1	0	0	0	0	0	0
GACGCCTAGTTCCTGC-1	1714	2681	1221	2396	0	0	0	0	1	0	0	0
GACGTAAAGAGGGACT-1	645	795	1655	3367	0	0	1	0	1	0	0	0
GACGTAAAGCAGGCCT-1	5061	13724	8876	20034	0	0	0	0	1	0	0	0
GACGTAAAGGACAACA-1	4640	13732	7610	16742	0	0	1	0	1	0	0	0
GACGTAAAGGCAACAA-1	2919	5622	710	1354	0	0	0	0	1	0	0	0
GACGTAAAGGCGCTTA-1	3191	7009	2527	4950	0	0	0	0	1	0	0	0
GACGTAAAGGTGAAGC-1	3670	8574	4943	10628	1	0	0	0	1	0	0	0
GACTAATGTACCCACC-1	546	707	1433	2966	0	0	0	0	1	0	0	0
GACTATTCAGCTAACC-1	1697	2776	540	1050	0	0	1	0	1	0	0	0
GACTATTCAGGAACAT-1	2800	6191	2269	4445	0	0	0	0	1	0	0	0
GACTATTCATAATGTC-1	520	818	4193	8813	0	0	0	0	1	0	0	0
GACTTACAGGTGCGGA-1	2398	4107	528	991	0	0	1	0	1	0	0	0
GACTTAGGTCCTCCAA-1	6717	24150	5088	10362	1	2	2	0	1	0	0	0
GACTTAGGTCCTTCTC-1	1944	3572	2371	4630	0	0	0	0	1	0	0	0
GACTTAGGTTATCGAG-1	1779	3103	1085	2170	0	0	0	0	1	0	0	0
GACTTGGTCACAAGCT-1	697	1028	1210	2485	0	1	0	0	1	0	0	0
GACTTGGTCACAGACT-1	4171	11800	2899	5814	0	0	1	0	1	0	0	0
GACTTGGTCATAACGC-1	5872	20399	6438	13574	0	0	0	0	1	0	0	0
GACTTGGTCCTAACGG-1	6544	24313	4278	8716	2	0	0	0	1	1	0	0
GACTTGGTCGCTAAGT-1	1953	3209	1395	2763	0	0	0	0	1	0	0	0
GAGAAACGTATTGGAT-1	1946	4216	4888	10475	0	0	1	0	1	0	0	0
GAGAAACGTGAAGCCT-1	2442	4877	4040	8303	0	0	0	0	1	0	0	0
GAGAAACGTGGATTAT-1	2113	4555	2302	4768	0	0	1	0	1	0	0	0
GAGAAACGTGGTGAGA-1	3931	9869	5948	12509	0	0	0	0	1	0	0	0
GAGAACCAGGTTTGAC-1	3824	9016	8637	18901	0	0	1	0	1	0	0	0
GAGAGGCGTATTGAGT-1	2519	5460	2902	5828	0	0	0	0	1	0	0	0
GAGAGGCGTGAGCAAG-1	8304	35495	29812	90743	0	1	1	0	0	0	0	0
GAGAGGCGTTAATGCG-1	3999	9928	5573	11943	0	0	0	0	1	0	0	0
GAGATAAGTGCCTCAC-1	9211	50982	11269	26552	0	0	1	0	0	0	0	0
GAGATAAGTTGGTGAC-1	2700	5381	2812	5736	0	0	0	0	1	0	0	0
GAGCAAATCATTGCGG-1	1804	2943	542	1052	0	0	1	0	1	0	0	0
GAGCAAATCCTAAATG-1	5086	15071	5734	12076	0	0	0	0	1	0	0	0
GAGCAAATCGCTAGAT-1	1157	2010	514	990	0	0	0	0	1	0	0	0
GAGCAAATCGCTTCTA-1	8395	38518	15826	38636	2	1	1	0	1	1	1	1
GAGCAAGGTTGAGCCG-1	2071	3493	4496	9255	0	0	0	0	1	0	0	0
GAGCAAGGTTTATGGG-1	2094	3669	1476	2898	0	0	1	0	1	0	0	0
GAGCATGCAAGGTGCA-1	2065	3856	2637	5166	0	0	0	0	1	0	0	0
GAGCATGCACATAACT-1	3122	6687	9754	21738	0	0	0	0	1	0	0	0
GAGCCACTCAAAGGCA-1	6603	22947	9883	22034	0	0	0	0	1	0	0	0
GAGCCACTCTAATCCT-1	1707	2770	1539	3078	0	0	0	0	1	0	0	0
GAGCCTTCAACCCTCC-1	7729	30510	14187	35994	0	0	1	0	1	0	0	0
GAGCCTTCACCTGCCT-1	477	678	5010	10180	0	0	0	0	1	0	0	0
GAGCCTTCAGGAACAT-1	1019	1752	2330	4850	0	0	0	0	1	0	0	0
GAGCCTTCAGTTTCTC-1	2178	3998	1011	1983	0	0	0	0	1	0	0	0
GAGCGAAGTCGCAATA-1	1435	2291	1003	1948	0	0	1	0	1	0	0	0
GAGCGAAGTCTAACAG-1	638	968	4449	9379	0	1	0	0	1	0	0	0
GAGCGAAGTGACATGC-1	4673	11124	9219	21283	0	0	0	0	1	0	0	0
GAGCGAAGTGTTCCCA-1	4642	10578	2089	3972	0	0	1	0	1	0	0	0
GAGCGATAGCCTGATG-1	4499	10862	4384	9447	0	0	0	0	1	0	0	0
GAGCGATAGGGTCTAT-1	5142	14229	3062	6370	2	1	1	0	1	1	1	1
GAGCGGTCAAGGTCGA-1	3624	7423	1464	2847	0	0	0	0	1	0	0	0
GAGCTAGCACCAAAGG-1	3134	6295	3174	6288	0	0	0	0	1	0	0	0
GAGCTAGCAGAGGGAG-1	1122	1883	4846	10109	0	0	0	0	1	0	0	0
GAGCTAGCAGGGAGCT-1	3240	6360	4428	9379	0	0	1	0	1	0	0	0
GAGCTAGCATAGACTT-1	2608	5608	2166	4344	0	0	0	0	1	0	0	0
GAGCTTAGTCATTGAG-1	2895	5866	1993	3933	0	0	0	0	1	0	0	0
GAGCTTAGTCCCGGAA-1	868	1371	4866	10537	0	0	0	0	1	0	0	0
GAGCTTAGTGAATCGC-1	5374	15473	20294	54356	0	0	0	0	0	0	0	0
GAGCTTAGTGAGCGAA-1	2360	4274	4362	9007	0	0	0	0	1	0	0	0
GAGCTTAGTGTTGTGA-1	1676	2693	2189	4278	0	0	0	0	1	0	0	0
GAGCTTAGTTCGCTTG-1	1680	3673	466	897	0	0	0	0	1	0	0	0
GAGCTTAGTTTAACGG-1	2269	4525	5039	10246	0	0	0	0	1	0	0	0
GAGCTTAGTTTGAGGC-1	5926	19633	15504	38122	0	0	0	0	1	0	0	0
GAGCTTGTCAGGAACA-1	4254	11760	5615	11798	0	0	1	0	1	0	0	0
GAGCTTGTCGTGCCTT-1	739	1204	983	1893	0	0	0	0	1	0	0	0
GAGCTTGTCTGGTCCT-1	1315	2456	751	1480	0	1	1	0	1	0	0	0
GAGGACTAGCCAAATC-1	1197	1829	570	1067	0	0	0	0	1	0	0	0
GAGGACTAGCGAGCGA-1	2163	3681	3239	6540	0	0	0	0	1	0	0	0
GAGGACTAGCGGGCAA-1	1808	2935	863	1678	0	0	0	0	1	0	0	0
GAGGACTAGGAAACTG-1	8536	42421	14214	34583	0	0	0	0	1	0	0	0
GAGGACTAGGAACACA-1	2347	4590	7155	16001	0	0	1	0	1	0	0	0
GAGGACTAGGCATGTT-1	2033	3403	4132	8335	0	0	0	0	1	0	0	0
GAGGACTAGTAGCCAT-1	3633	8331	2505	4952	0	0	0	0	1	0	0	0
GAGGACTAGTTCCTGC-1	1088	2170	547	1036	0	0	1	0	1	0	0	0
GAGGAGGCAAAGCTCC-1	1408	2173	744	1449	0	0	0	0	1	0	0	0
GAGGAGGCAAATACCT-1	3354	7679	6764	14377	0	0	0	0	1	0	0	0
GAGGAGGCAATATAGG-1	5389	15418	6805	14592	0	0	0	0	1	0	0	0
GAGGAGGCACAGGATG-1	6963	30236	9778	22406	0	0	0	0	1	0	0	0
GAGGAGGCATACCCGG-1	3109	6504	694	1294	0	0	0	0	1	0	0	0
GAGGAGGCATTAGCGC-1	1462	2166	479	931	0	0	1	0	1	0	0	0
GAGGCAAGTACTGAAT-1	5091	15378	7068	14930	0	0	1	0	1	0	0	0
GAGGCAAGTCATCATC-1	1571	2403	2618	5573	0	0	0	0	1	0	0	0
GAGGCAAGTTAAATGC-1	1593	2976	433	828	0	0	1	0	1	0	0	0
GAGGCCTTCAATGTCA-1	4478	11662	10088	22592	0	0	0	0	1	0	0	0
GAGGCCTTCACCTGTC-1	3890	10017	833	1582	1	0	0	0	1	0	0	0
GAGGCCTTCAGCAAAG-1	2161	4354	2617	5314	0	0	0	0	1	0	0	0
GAGGCCTTCAGGGCCT-1	3553	9313	6039	12490	0	0	0	0	1	0	0	0
GAGGCCTTCCAGGAAA-1	722	912	1277	2569	1	2	0	0	1	0	0	1
GAGGCCTTCCATTACT-1	3477	8272	4426	9021	0	0	0	0	1	0	0	0
GAGGCCTTCCTACCTA-1	2324	4077	1331	2672	0	0	1	0	1	0	0	0
GAGGCCTTCGCTAGCA-1	1168	1626	1092	2132	0	0	1	0	1	0	0	0
GAGGCCTTCGTTAGCG-1	5184	15895	12225	28790	0	0	2	0	1	0	0	0
GAGGCCTTCTCAATTC-1	2122	3605	407	781	0	0	0	0	1	0	0	0
GAGGCTACAGGAATCG-1	1276	1924	2992	5855	0	0	0	0	1	0	0	0
GAGGCTACATCCTGAA-1	7552	35381	12158	28152	0	0	3	0	1	0	0	0
GAGGCTACATTAAACC-1	4068	9893	216	422	0	1	0	0	1	0	0	0
GAGGCTTGTGAGGTGA-1	3014	6184	7943	17503	0	0	0	0	1	0	0	0
GAGGCTTGTGATGAGG-1	1213	1711	794	1559	0	0	0	0	1	0	0	0
GAGGCTTGTGGTTCTT-1	2294	5567	4387	9341	0	0	1	0	1	0	0	0
GAGGCTTGTGTGCACG-1	922	1234	1330	2757	0	0	1	0	1	0	0	0
GAGGGAGCACTAGGTC-1	655	913	1283	2540	1	0	0	0	1	0	0	0
GAGGGAGCAGTAAAGC-1	1348	2586	577	1111	0	0	0	0	1	0	0	0
GAGGGAGCATGCTCCC-1	1764	2649	668	1293	0	0	1	0	1	0	0	0
GAGGTACAGCCGCTTT-1	2358	4853	1165	2284	0	1	0	0	1	0	0	0
GAGGTACAGCGGCTGT-1	1231	3291	512	1002	0	0	0	0	1	0	0	0
GAGGTACAGCTCATAA-1	1261	1768	873	1704	0	0	1	0	1	0	0	0
GAGGTACAGTTATGGC-1	5353	14595	2938	5804	1	0	0	0	1	0	0	0
GAGGTAGGTAAGCTCA-1	1792	2959	3022	6423	0	0	1	0	1	0	0	0
GAGGTAGGTAGGATTT-1	2052	3465	5422	11727	0	0	0	0	1	0	0	0
GAGGTAGGTATTTGCC-1	2704	5724	3490	6879	0	0	0	0	1	0	0	0
GAGGTAGGTCAACAAT-1	5912	21244	13413	31166	0	0	1	0	1	0	0	0
GAGGTAGGTCCGTGAG-1	351	475	2601	5434	0	0	0	0	1	0	0	0
GAGGTAGGTGCTAGAC-1	1056	2152	1029	2057	0	0	0	0	1	0	0	0
GAGGTGAGTATTGGTG-1	5128	14703	6994	14729	1	0	0	0	1	0	0	0
GAGGTGAGTTCGCGCT-1	3689	8892	6323	13382	0	0	0	0	1	0	0	0
GAGGTTAAGGCATGTT-1	1993	3253	3242	6569	0	0	1	0	1	0	0	0
GAGGTTAAGGCCGGAA-1	1779	2775	1060	2123	0	0	0	0	1	0	0	0
GAGGTTAAGGCTAAGA-1	5121	15700	2623	5125	0	0	0	0	1	0	0	0
GAGGTTAAGGTTACGT-1	2867	6311	2834	6162	0	0	0	0	1	0	0	0
GAGGTTAAGTTTCCTG-1	2774	5690	1688	3442	1	2	0	0	1	0	0	1
GAGTAACCACAACCTA-1	661	941	1429	2844	0	0	0	0	1	0	0	0
GAGTAATAGCACAGCC-1	1339	2159	956	1879	0	0	0	0	1	0	0	0
GAGTAATAGCAGCTAT-1	3967	9668	2270	4535	0	0	1	0	1	0	0	0
GAGTAATAGCGGGCAA-1	750	1166	3654	7919	0	0	0	0	1	0	0	0
GAGTAATAGGCAGGTG-1	1054	1487	1518	2977	1	0	0	0	1	0	0	0
GAGTATCTCGGGATTT-1	1161	1587	907	1836	0	0	2	0	1	0	0	0
GAGTCAAAGCCAGGTC-1	3465	9548	6701	14049	0	0	1	0	1	0	0	0
GAGTCAAAGCGGATAA-1	2139	3496	5260	10939	0	0	2	0	1	0	0	0
GAGTCAAAGGAACCAA-1	1505	2494	2375	4847	0	0	0	0	1	0	0	0
GAGTCATTCTAAGGTC-1	989	1523	933	1777	0	1	0	0	1	0	0	0
GAGTCATTCTTGCTAT-1	4917	14280	3726	7500	1	0	0	0	1	0	0	0
GAGTGAGGTCTAACAG-1	2660	5184	8512	18591	0	0	0	0	1	0	0	0
GAGTGATCACTAAGAA-1	6088	22716	9435	21822	0	0	1	0	1	0	0	0
GAGTGATCAGCCTGCA-1	5153	16891	8389	18808	0	1	0	0	1	0	0	0
GAGTGATCATAATGAG-1	2666	5500	2507	5031	0	0	0	0	1	0	0	0
GAGTGTTTCATTTAGG-1	2616	5464	1237	2357	0	0	0	0	1	0	0	0
GAGTGTTTCCGCATGA-1	492	673	5455	11906	0	0	0	0	1	0	0	0
GAGTGTTTCCTAAGTA-1	1521	2301	3139	6423	0	0	1	0	1	0	0	0
GAGTGTTTCGTTATAG-1	6800	24033	11678	27293	0	0	1	0	1	0	0	0
GAGTGTTTCTAAGTCA-1	3828	8056	3333	6917	0	0	0	0	1	0	0	0
GAGTTACTCCAAATCA-1	2691	5720	4578	9835	0	0	0	0	1	0	0	0
GAGTTACTCGGTTACG-1	1438	2197	5888	12731	0	0	0	0	1	0	0	0
GAGTTACTCTAACCAA-1	2793	5911	2962	6218	0	0	2	0	1	0	0	0
GAGTTGCGTAGTTGGC-1	2644	5313	970	1874	0	0	3	0	1	0	0	0
GAGTTGCGTTGTTCAC-1	4238	10147	6317	13738	0	0	0	0	1	0	0	0
GAGTTTGGTGGATTCA-1	4397	11568	4220	8710	0	0	1	0	1	0	0	0
GAGTTTGGTGTTGCAA-1	4109	10516	3129	6224	0	0	1	0	1	0	0	0
GAGTTTGGTTTAACCC-1	5303	18699	4756	9769	0	0	0	0	1	0	0	0
GATAAAGGTAGCTAGC-1	2548	4871	1350	2583	0	0	1	0	1	0	0	0
GATAAAGGTAGCTGCG-1	2162	3570	1558	3029	1	0	1	0	1	0	0	0
GATAACGAGCCGCAAC-1	586	857	5364	11271	0	0	1	0	1	0	0	0
GATAAGCCACCTCGCT-1	3241	6825	1003	1968	0	0	0	0	1	0	0	0
GATAAGCCAGGCTGTT-1	766	1337	831	1626	0	0	0	0	1	0	0	0
GATAATCGTGCTTAGA-1	5283	15614	9852	22787	0	0	1	0	1	0	0	0
GATAGACCACTAAATC-1	3456	8253	3124	6542	0	0	0	0	1	0	0	0
GATAGACCAGTACCGT-1	2698	5408	4377	8912	0	0	0	0	1	0	0	0
GATCAAGAGCTCCTAC-1	1574	2972	4640	9801	0	0	1	0	1	0	0	0
GATCACTAGCGCCTAA-1	2284	5763	10980	24881	0	0	1	0	1	0	0	0
GATCACTAGGAGGGTT-1	301	558	1966	4026	0	0	0	0	1	0	0	0
GATCACTAGGCGGATG-1	2874	6269	2095	4078	0	0	1	0	1	0	0	0
GATCACTAGTTTAACG-1	1333	3700	406	766	0	0	1	0	1	0	0	0
GATCAGGCAAAGCTAA-1	3716	8192	3758	7834	0	1	0	0	1	0	0	0
GATCAGGCATTGTTGG-1	3788	8851	6219	13979	0	1	0	0	1	0	0	0
GATCCGTCAGCTAACC-1	2779	6272	5186	10919	0	0	1	0	1	0	0	0
GATCCGTCAGTTAGCC-1	732	1192	997	1932	0	0	0	0	1	0	0	0
GATCGAGCAAGTAAGC-1	1624	2424	2143	4153	0	0	0	0	1	0	0	0
GATCGAGCAGCTTAGC-1	2027	3607	560	1057	0	0	0	0	1	0	0	0
GATCGATTCACGTTAA-1	6715	23301	12321	28774	0	1	0	0	1	0	0	0
GATCGATTCATGCCTC-1	3457	8199	796	1477	0	0	1	0	1	0	0	0
GATCGATTCGGTTTGG-1	638	1015	974	1903	0	0	0	0	1	0	0	0
GATCGATTCGTCATTT-1	4043	10362	1024	1880	0	0	0	0	1	0	0	0
GATCGATTCTATGACA-1	5535	18677	3516	6774	0	1	0	0	1	0	0	0
GATCGATTCTTGCTAT-1	828	1255	1396	2745	0	0	0	0	1	0	0	0
GATCGCTCACCTACTT-1	2821	5853	4236	8598	0	0	0	0	1	0	0	0
GATGACTTCGGCTATG-1	2493	4648	1923	3671	0	0	0	0	1	0	0	0
GATGACTTCTATGACA-1	2708	4998	3449	7315	0	0	0	0	1	0	0	0
GATGAGGGTATGGTGC-1	1917	3115	1079	2278	0	0	0	0	1	0	0	0
GATGAGGGTCCAAGAC-1	757	1777	5019	10588	1	0	0	0	1	0	0	0
GATGAGGGTTCCGGGA-1	3573	7655	8410	19117	0	1	0	0	1	0	0	0
GATGAGGGTTGCGGAT-1	1135	1562	2101	4231	0	0	1	0	1	0	0	0
GATGAGGGTTGTCCAT-1	2568	4611	2379	4622	0	0	0	0	1	0	0	0
GATGAGGGTTGTGACA-1	744	1106	2532	5284	0	0	0	0	1	0	0	0
GATGCAGCAACAACAA-1	3376	7719	1965	3895	0	0	0	0	1	0	0	0
GATGCAGCAATGAGGT-1	1543	2954	427	830	0	0	0	0	1	0	0	0
GATGCAGCAATTAGGA-1	4553	12115	11172	25186	0	0	0	0	1	0	0	0
GATGCAGCACAAACTT-1	690	966	1693	3405	0	0	0	0	1	0	0	0
GATGCAGCATCAATCG-1	3933	8405	1977	4048	1	0	0	0	1	0	0	0
GATGCAGCATCCCTCA-1	5045	14645	9109	19382	0	0	1	0	1	0	0	0
GATGCATTCAGGGCCT-1	3851	8827	2567	5093	0	0	0	0	1	0	0	0
GATGCATTCGTTATAG-1	3468	8387	5641	12099	0	0	0	0	1	0	0	0
GATGCGACAGGTTATT-1	1481	2594	3175	6492	0	0	0	0	1	0	0	0
GATGCGACAGGTTTGC-1	2771	5860	1640	3056	0	0	0	0	1	0	0	0
GATGCGACATGCAACC-1	1462	2259	1674	3403	0	0	0	0	1	0	0	0
GATGCGACATTAAAGG-1	3581	8932	1190	2251	0	0	0	0	1	0	0	0
GATGCTTAGGCGAATA-1	1387	2092	1332	2792	0	0	0	0	1	0	0	0
GATGCTTAGTTAGTGC-1	1209	2343	636	1240	0	0	0	0	1	0	0	0
GATGGACAGCTTGCTC-1	2448	5426	2374	4773	0	0	1	0	1	0	0	0
GATGGACAGGGTGAGT-1	927	1624	962	1870	0	0	0	0	1	0	0	0
GATGGACAGTTTCCTG-1	2405	4647	6799	14559	0	1	0	0	1	0	0	0
GATGGCTGTACCGTTT-1	4627	11382	4712	9493	0	0	0	0	1	0	0	0
GATGGCTGTCGCAAAC-1	2633	5101	1314	2568	0	0	0	0	1	0	0	0
GATGGCTGTGATGAGG-1	1930	3151	1920	3893	0	0	0	0	1	0	0	0
GATGGCTGTTGACTTC-1	4110	10093	4945	9889	0	0	0	0	1	0	0	0
GATGGCTGTTGCACGG-1	6767	27576	11500	25935	0	0	1	0	1	0	0	0
GATTAAGCAAATGCCC-1	574	851	2312	4788	0	0	0	0	1	0	0	0
GATTAAGCACACCAAC-1	2731	5802	1321	2634	0	0	0	0	1	0	0	0
GATTAAGCAGCAAGGC-1	651	1512	4495	9303	0	0	0	0	1	0	0	0
GATTAAGCAGCTAATT-1	5103	14413	6260	13149	0	0	1	0	1	0	0	0
GATTAAGCATAGCGAG-1	1916	3372	2651	5182	0	0	0	0	1	0	0	0
GATTACGGTAAATTGC-1	841	1459	1868	3756	0	0	0	0	1	0	0	0
GATTACGGTACAAAGA-1	7032	24006	4403	8965	0	0	1	0	1	0	0	0
GATTACGGTGCTAGCG-1	3094	5680	5358	11480	0	0	0	0	1	0	0	0
GATTACGGTGGACATC-1	3626	9274	3818	7953	0	1	0	0	1	0	0	0
GATTACGGTGTTTGAG-1	3565	8089	2766	5445	0	0	0	0	1	0	0	0
GATTACGGTTATGTGG-1	948	1556	1223	2342	0	0	0	0	1	0	0	0
GATTACTCAAAGGCCA-1	3528	8104	6666	14596	0	0	0	0	1	0	0	0
GATTAGCTCAGGCTAT-1	3200	7498	254	464	0	0	1	0	1	0	0	0
GATTAGCTCCTAAATG-1	2325	3991	1055	2047	0	0	0	0	1	0	0	0
GATTAGCTCCTCACTA-1	812	1239	1270	2461	0	0	0	0	1	0	0	0
GATTAGCTCCTCAGTC-1	4364	13018	5899	12301	0	0	0	0	1	0	0	0
GATTAGCTCGTGCCTT-1	751	1075	1174	2346	0	0	0	0	1	0	0	0
GATTAGTGTATGTGGC-1	6695	31438	907	1693	0	0	1	0	1	0	0	0
GATTAGTGTCACCAAA-1	4843	13447	13905	32280	0	1	0	0	1	0	0	0
GATTAGTGTTAGCATG-1	4420	12089	2825	5618	0	0	0	0	1	0	0	0
GATTATGTCATGTCAA-1	3418	8750	1952	3852	0	1	1	0	1	0	0	0
GATTATGTCTCACATT-1	2959	5706	871	1669	0	0	0	0	1	0	0	0
GATTATGTCTTGAGCG-1	3662	9240	2627	5217	0	0	1	0	1	0	0	0
GATTCAATCAGGATGA-1	375	514	2686	5571	0	0	0	0	1	0	0	0
GATTCAATCGTAACGT-1	1116	1772	887	1708	0	0	0	0	1	0	0	0
GATTCAATCTCACATT-1	1673	2764	1905	3914	0	0	0	0	1	0	0	0
GATTCAGGTATGGTGC-1	2326	4368	7464	15971	0	0	0	0	1	0	0	0
GATTCATCAAGCGATG-1	3232	6898	4009	8265	0	0	0	0	1	0	0	0
GATTCATCAAGGAATC-1	964	1327	1082	2165	0	0	0	0	1	0	0	0
GATTCATCACACTAAT-1	1756	2894	2501	5188	0	0	0	0	1	0	0	0
GATTCATCACATAACT-1	3037	6308	4440	9264	0	0	0	0	1	0	0	0
GATTCCTGTATTTGCC-1	2981	6638	2467	4808	0	0	0	0	1	0	0	0
GATTCCTGTCATTGAG-1	2194	4013	963	1883	0	0	0	0	1	0	0	0
GATTCCTGTGATTTGG-1	3565	8197	1926	3716	0	0	0	0	1	0	0	0
GATTCCTGTTACAAAC-1	2783	5514	1758	3625	0	0	0	0	1	0	0	0
GATTCCTGTTCCGGGA-1	585	775	1480	2997	0	0	0	0	1	0	0	0
GATTCGCCAACGTGCT-1	3688	9262	2273	4455	0	0	0	0	1	0	0	0
GATTCGCCAAGGTATA-1	2796	5796	4214	8318	0	0	0	0	1	0	0	0
GATTGATGTCTCACTG-1	6263	21443	6912	14774	0	0	1	0	1	0	0	0
GATTGATGTTAGGTTG-1	802	1102	917	1849	0	0	0	0	1	0	0	0
GATTGCAGTAGGTTTG-1	3290	7598	5094	10545	0	0	1	0	1	0	0	0
GATTGCAGTTACATCC-1	541	803	1272	2563	0	0	0	0	1	0	0	0
GATTGCAGTTATCCTA-1	1391	2817	366	702	0	0	0	0	1	0	0	0
GATTGCGTCCTGTTCA-1	4707	15820	8398	17882	0	0	0	0	1	0	0	0
GATTGGCGTACGGTAC-1	2724	5314	5009	10574	0	0	0	0	1	0	0	0
GATTGGCGTATTTGGG-1	1978	3167	946	1858	0	0	0	0	1	0	0	0
GATTGGTTCGACAAAG-1	935	1570	939	1855	0	0	1	0	1	0	0	0
GATTGGTTCGCTATAA-1	2693	5159	4324	9298	0	0	0	0	1	0	0	0
GATTGTTCAAACTCAT-1	5066	14558	10695	24036	0	0	1	0	1	0	0	0
GATTGTTCAACAACAA-1	5630	21042	8886	19691	0	0	0	0	1	0	0	0
GATTGTTCAACTCGCG-1	1650	2662	1288	2533	0	0	1	0	1	0	0	0
GATTGTTCAATGAGGT-1	3923	9103	7169	16021	0	0	0	0	1	0	0	0
GATTGTTCACAGAAAC-1	302	468	3350	6615	0	0	0	0	1	0	0	0
GATTGTTCAGATTCAT-1	2828	5914	5834	12367	0	0	0	0	1	0	0	0
GATTGTTCAGCCTAAC-1	3057	8009	4402	9086	0	0	1	0	1	0	0	0
GATTGTTCAGGCTTCG-1	3689	7860	5064	11053	0	0	0	0	1	0	0	0
GATTTGCAGCATGCAT-1	1175	1829	1822	3656	0	0	1	0	1	0	0	0
GATTTGCAGCCTTAAA-1	4266	11496	859	1674	0	0	0	0	1	0	0	0
GATTTGCAGCTCAAAC-1	1888	3097	1087	2218	0	0	0	0	1	0	0	0
GATTTGCAGTTGTCTT-1	1265	2871	447	850	0	0	1	0	1	0	0	0
GCAAACAAGACTCGCA-1	6121	19960	7087	15427	0	0	2	0	1	0	0	0
GCAAACAAGGCAATAG-1	6350	23162	10046	23894	0	0	1	0	1	0	0	0
GCAAACAAGGCGAAAC-1	3295	6798	6560	14200	0	0	0	0	1	0	0	0
GCAAACAAGGCGCACT-1	4080	10254	9995	22704	0	0	0	0	1	0	0	0
GCAAACAAGGTTTACA-1	5362	14079	6169	13078	0	0	1	0	1	0	0	0
GCAAACCGTAATGGCC-1	7613	31287	8383	18632	0	2	1	0	1	0	0	0
GCAAACCGTGCTCCAC-1	691	988	1127	2234	0	0	0	0	1	0	0	0
GCAAACCGTTAACAGT-1	3920	10850	4944	10176	0	0	0	0	1	0	0	0
GCAAACCGTTAAGCTG-1	4657	12331	152	281	0	0	0	0	1	0	0	0
GCAAACCGTTCGGGAT-1	4764	12702	963	1776	0	0	0	0	1	0	0	0
GCAAACTTCACAGCCA-1	3510	6878	1939	3747	0	0	1	0	1	0	0	0
GCAAACTTCGATTCTT-1	3151	6818	6146	13135	0	0	0	0	1	0	0	0
GCAAACTTCTTAGCCC-1	6527	23685	5743	11840	0	0	2	0	1	0	0	0
GCAAACTTCTTCAATC-1	3718	8059	7065	14879	0	0	0	0	1	0	0	0
GCAACAGCACCCACCT-1	4012	10296	9293	20699	0	0	1	0	1	0	0	0
GCAACAGCATTATCCC-1	4135	10214	122	223	0	1	2	0	1	0	0	0
GCAAGCCTCAATCATG-1	3131	6540	9455	21157	1	0	0	0	1	0	0	0
GCAAGCCTCAGGATGA-1	2794	5811	5102	10500	0	0	0	0	1	0	0	0
GCAAGCCTCATCCTCA-1	5272	16162	4743	10109	0	1	1	0	1	0	0	0
GCAAGTCGTATTGTCC-1	1046	1851	1447	2963	0	0	1	0	1	0	0	0
GCAAGTCGTTCCATTA-1	10336	72288	12183	29689	2	1	2	0	0	0	0	0
GCAAGTGCACAACAGG-1	1112	2115	988	1937	0	0	0	0	1	0	0	0
GCAAGTGCAGGCTAAG-1	337	484	3962	8293	0	1	0	0	1	0	0	0
GCAAGTGCATGTGGGA-1	6168	29983	11785	27326	0	0	1	0	1	0	0	0
GCAATAGAGAGGAGGA-1	1115	1507	857	1708	0	0	2	0	1	0	0	0
GCAATAGAGCAGGCCT-1	2275	4150	3325	6833	0	0	0	0	1	0	0	0
GCAATAGAGTCTGGGC-1	1899	3215	1633	3148	0	0	0	0	1	0	0	0
GCAATATGTTACATCC-1	1569	2553	1642	3140	0	0	1	0	1	0	0	0
GCAATCTAGGAGCAAC-1	2333	4236	5165	11672	0	0	1	0	1	0	0	0
GCAATCTAGTACCGCA-1	1161	2614	4804	9917	0	0	0	0	1	0	0	0
GCAATGAAGCTCGCTT-1	3372	8832	7517	16411	0	0	0	0	1	0	0	0
GCAATGAAGTTATCCT-1	2329	4373	1247	2386	0	0	0	0	1	0	0	0
GCAATGTTCCAAGTTA-1	3673	8749	2138	4205	0	0	0	0	1	0	0	0
GCACATTAGGCTGTGC-1	863	1230	1181	2302	0	0	0	0	1	0	0	0
GCACCTAAGAGAGGAG-1	679	1041	1039	2034	0	0	1	0	1	0	0	0
GCACCTAAGCAAGGAC-1	1597	2996	1528	3003	0	0	0	0	1	0	0	0
GCACCTAAGCCGCAAC-1	3395	9189	11798	26936	0	0	0	0	1	0	0	0
GCACCTAAGGAAACTG-1	2715	5681	3228	6366	0	0	0	0	1	0	0	0
GCACCTAAGGACCTTG-1	1029	1426	2216	4612	0	0	0	0	1	0	0	0
GCACCTAAGGAGGGTT-1	2950	6535	7837	17365	0	0	0	0	1	0	0	0
GCACCTAAGTAGCGCC-1	470	775	3255	6488	0	0	0	0	1	0	0	0
GCACCTAAGTTGCCTC-1	4189	10468	4596	9264	0	0	0	0	1	0	0	0
GCACGAACAAACGGGC-1	6166	17845	11044	25615	0	0	0	0	1	0	0	0
GCACGAACAGAAACGT-1	1870	3241	609	1182	0	0	0	0	1	0	0	0
GCACGAACAGAAATGC-1	1723	2708	815	1605	0	0	1	0	1	0	0	0
GCACGAACAGGGAGCT-1	4433	13482	4727	9618	0	0	0	0	1	0	0	0
GCACGAACAGGTTTGC-1	3695	8721	3238	6353	0	0	0	0	1	0	0	0
GCACGAACATTGTGAT-1	1665	3216	655	1220	0	0	0	0	1	0	0	0
GCACGCTAGCTATGAC-1	3191	6608	6166	13612	0	0	0	0	1	0	0	0
GCACGGTTCTTAGGGT-1	4052	10031	5690	12487	0	0	1	0	1	0	0	0
GCACTAAGTAAGGTCC-1	1596	2545	475	941	0	0	0	0	1	0	0	0
GCACTAAGTATACTGG-1	791	1197	902	1788	0	0	0	0	1	0	0	0
GCACTAAGTCCTCCAA-1	1470	2237	3151	6290	0	0	0	0	1	0	0	0
GCACTAAGTTCAAGAT-1	3031	6042	3275	6974	0	0	1	0	1	0	0	0
GCACTTACAAACTCAT-1	1442	2266	3284	6630	0	0	1	0	1	0	0	0
GCACTTACAAATGCCC-1	2148	3820	1759	3479	0	0	0	0	1	0	0	0
GCACTTACAAGCTAAA-1	1985	3269	3520	7119	0	0	1	0	1	0	0	0
GCACTTACAGCATGAG-1	2779	5755	3250	6963	0	0	0	0	1	0	0	0
GCACTTACAGGAACAT-1	2628	5071	1626	3111	0	0	0	0	1	0	0	0
GCACTTACATGAATAG-1	1908	3347	6077	13037	0	0	0	0	1	0	0	0
GCAGCAACAGGATTAA-1	426	662	2560	5124	0	0	0	0	1	0	0	0
GCAGCAACAGGGAGCT-1	1336	2182	1649	3294	0	0	2	0	1	0	0	0
GCAGCAACATCACTTC-1	3166	6826	2253	4454	0	0	0	0	1	0	0	0
GCAGCCAGTCTTTATG-1	4192	11255	298	544	0	0	1	0	1	0	0	0
GCAGCTATCAATTACG-1	3006	6658	1929	3846	0	0	1	0	1	0	0	0
GCAGCTATCCTAGTAA-1	1337	1971	1284	2557	0	0	1	0	1	0	0	0
GCAGGAAGTCTCAGCC-1	2907	5586	1814	3359	0	0	0	0	1	0	0	0
GCAGGAAGTGCTTTAC-1	3372	7280	9079	19871	0	0	0	0	1	0	0	0
GCAGGAAGTGGATGTC-1	6048	19591	20565	50716	0	0	0	0	0	0	0	0
GCAGGAAGTTCCTGTG-1	879	1177	980	1945	3	2	0	0	1	1	1	1
GCAGGACCAAAGGCCA-1	2511	5660	1000	1937	0	0	0	0	1	0	0	0
GCAGGACCAAGCTAAA-1	5022	14253	10552	24056	0	0	1	0	1	0	0	0
GCAGGACCAAGTAAGC-1	2677	5117	3138	6109	0	0	0	0	1	0	0	0
GCAGGACCAATAACGA-1	1755	3416	589	1132	0	0	1	0	1	0	0	0
GCAGGACCAATTAAGG-1	949	1679	9201	20575	0	0	0	0	1	0	0	0
GCAGGACCAGTGAACG-1	2945	5683	1755	3575	0	0	0	0	1	0	0	0
GCAGGACCATTAGCGC-1	1552	3265	361	694	0	0	1	0	1	0	0	0
GCAGGATAGCGCTCAA-1	5617	16892	5458	11148	0	0	1	0	1	0	0	0
GCAGGCAAGCTGCACA-1	4023	10126	3351	6994	0	0	0	0	1	0	0	0
GCAGGCAAGTTAGCTA-1	4559	12130	8841	20598	0	0	1	0	1	0	0	0
GCAGGCTTCCAAGTTA-1	2686	5616	3662	7530	0	0	1	0	1	0	0	0
GCAGGCTTCCGGGACT-1	5113	17006	7562	15876	0	0	3	0	1	0	0	0
GCAGGTGAGTCTATGA-1	6642	26120	3642	7346	0	0	0	0	1	0	0	0
GCAGGTTGTACCGTTT-1	3015	7592	2156	4476	0	0	0	0	1	0	0	0
GCAGGTTGTCCTTTAA-1	2634	6342	3752	7931	0	0	0	0	1	0	0	0
GCAGGTTGTTCCATTA-1	2583	4891	4098	8657	0	0	0	0	1	0	0	0
GCAGGTTGTTTATGGG-1	6489	24980	5419	11021	0	0	1	0	1	0	0	0
GCATATATCACGCATG-1	5766	19631	15043	38358	0	0	0	0	1	0	0	0
GCATATATCATAATCG-1	2601	5055	4627	9344	0	0	0	0	1	0	0	0
GCATATATCATGTGGT-1	2793	5780	810	1536	0	0	0	0	1	0	0	0
GCATATATCCTTTACG-1	4879	13755	10384	23099	1	0	1	0	1	0	0	0
GCATATATCGCACAAT-1	4862	12021	12804	28970	0	0	1	0	1	0	0	0
GCATATATCTACCTCA-1	2153	3823	953	1861	0	0	0	0	1	0	0	0
GCATATATCTTGCATT-1	1290	1996	3017	5941	0	0	1	0	1	0	0	0
GCATCCTTCACCGGTA-1	2853	5969	3067	6151	0	0	0	0	1	0	0	0
GCATGAAAGATAGACG-1	1209	2282	645	1220	0	0	0	0	1	0	0	0
GCATGAAAGGACAATG-1	723	1681	5074	10826	0	0	0	0	1	0	0	0
GCATGAAAGTAACGGA-1	1159	2048	661	1281	0	0	0	0	1	0	0	0
GCATGAGCAAATGCCC-1	3224	9117	660	1223	0	0	0	0	1	0	0	0
GCATGAGCAACAGCCT-1	1830	2985	3256	6885	0	0	1	0	1	0	0	0
GCATGAGCACTATGGC-1	4793	12078	6364	13597	2	1	1	0	1	1	1	1
GCATGAGCAGATAGAC-1	4274	10352	3601	7294	0	0	1	0	1	0	0	0
GCATTAGGTAATAGCT-1	725	1056	1571	3099	1	0	0	0	1	0	0	0
GCATTAGGTACGCGCA-1	4374	12640	9083	20202	1	0	0	0	1	0	0	0
GCATTAGGTCGACTCC-1	1456	2271	1217	2302	0	0	0	0	1	0	0	0
GCATTAGGTCTAACAG-1	1332	2128	845	1707	0	0	1	0	1	0	0	0
GCATTAGGTGGATTAT-1	2477	4627	2986	6259	0	0	0	0	1	0	0	0
GCATTAGGTTAGTGAT-1	3546	7048	2644	5433	0	0	1	0	1	0	0	0
GCATTAGGTTTCAGGA-1	3085	6462	1258	2417	0	0	1	0	1	0	0	0
GCATTGCCACTAAGTT-1	5070	12755	5282	11419	0	0	0	0	1	0	0	0
GCATTGCCAGCCAGTT-1	2268	4264	4702	9685	0	0	0	0	1	0	0	0
GCATTGCCATAATCCG-1	1356	1983	1840	3824	0	0	1	0	1	0	0	0
GCATTGCCATGTCAAT-1	2979	6387	3511	7451	0	0	0	0	1	0	0	0
GCCAACATCAATGACC-1	1972	3847	5435	11255	0	0	1	0	1	0	0	0
GCCAACATCATGCTAA-1	1446	2330	1717	3513	0	0	1	0	1	0	0	0
GCCAACATCCAGCACA-1	2107	3925	1077	2093	0	0	2	0	1	0	0	0
GCCAACATCCTTCTAG-1	5871	25896	14170	33095	0	0	0	0	1	0	0	0
GCCAATAGTGTCACGG-1	2968	6529	5168	10967	0	0	0	0	1	0	0	0
GCCAATAGTTAGTACG-1	4163	11681	362	678	0	0	0	0	1	0	0	0
GCCAATAGTTCAAGCA-1	5792	18134	7052	15159	0	1	2	0	1	0	0	0
GCCAATAGTTGCTGGG-1	1104	1474	1651	3441	0	0	0	0	1	0	0	0
GCCAATTAGGTAAGGC-1	6720	26187	4579	9610	0	0	2	0	1	0	0	0
GCCAATTAGTAAAGGT-1	2630	4936	1497	3018	0	0	1	0	1	0	0	0
GCCAATTAGTAGAGGC-1	4768	13817	11002	27020	0	0	0	0	1	0	0	0
GCCACAATCATGAGCT-1	1514	2461	1285	2506	0	0	0	0	1	0	0	0
GCCACAATCATGCTCC-1	4092	10309	7397	15900	0	0	0	0	1	0	0	0
GCCACAATCCAGCACA-1	3579	7594	1718	3527	2	1	0	1	1	1	1	1
GCCACAATCCATAATG-1	2372	4703	5677	11727	0	0	1	0	1	0	0	0
GCCACAATCCTAAGAC-1	6398	23951	7046	15633	0	0	1	0	1	0	0	0
GCCACAATCCTCAGTC-1	307	407	2986	6136	0	0	0	0	1	0	0	0
GCCACACAGGCGCTTA-1	1480	2344	980	1906	0	0	0	0	1	0	0	0
GCCACACAGTGCTGTG-1	6444	20835	19678	53783	1	2	2	0	0	0	0	0
GCCACTAAGCAAGGTA-1	1498	2350	954	1853	0	0	0	0	1	0	0	0
GCCACTAAGGCCATCA-1	2686	5378	2884	5809	0	0	0	0	1	0	0	0
GCCACTAAGTGAACAG-1	3379	8622	13542	31541	0	0	0	0	1	0	0	0
GCCAGGAAGCAAGGGT-1	4811	12446	16727	40649	0	1	0	0	1	0	0	0
GCCAGGAAGGTCGATT-1	4558	12275	8103	17909	0	1	1	0	1	0	0	0
GCCAGGAAGTAAACCC-1	640	1014	3046	6597	0	0	0	0	1	0	0	0
GCCAGGTTCGATCAGT-1	1584	2590	1363	2797	0	0	0	0	1	0	0	0
GCCAGGTTCGCTCACT-1	3179	7217	10703	24460	0	1	0	0	1	0	0	0
GCCAGGTTCTATGACA-1	1335	1909	547	1054	0	0	0	0	1	0	0	0
GCCATGATCGAAGTAG-1	3203	6842	430	776	0	0	0	0	1	0	0	0
GCCATGATCGTTAACA-1	2534	4345	522	1004	0	0	0	0	1	0	0	0
GCCATGATCTCCATGC-1	2723	5488	6257	13753	0	0	0	0	1	0	0	0
GCCATGATCTTAGGGT-1	3196	6157	1922	3842	1	0	1	0	1	0	0	0
GCCATTACAACTAGGG-1	5583	17357	12388	27921	0	0	0	0	1	0	0	0
GCCATTACAATAATGG-1	2770	5986	4346	9078	0	0	0	0	1	0	0	0
GCCATTACATGAAATG-1	4241	9372	1903	3683	0	0	0	0	1	0	0	0
GCCCAAATCAAGCCTG-1	1132	1519	1155	2325	0	0	0	0	1	0	0	0
GCCCAAATCCCTGTTA-1	1596	2612	600	1162	0	0	1	0	1	0	0	0
GCCCAAATCCTCAGTC-1	3417	8323	2814	5578	0	0	0	0	1	0	0	0
GCCCAAATCGCACACA-1	6870	25712	15073	37937	0	0	0	0	1	0	0	0
GCCCATAAGCTGGACC-1	10268	74334	32485	105655	0	1	2	0	0	0	0	0
GCCCATAAGTAACCCG-1	4747	13435	4427	9157	0	0	0	0	1	0	0	0
GCCCATAAGTCACTAA-1	319	424	2832	6084	0	0	0	0	1	0	0	0
GCCCGTTGTAATTAGC-1	878	1389	916	1778	0	0	0	0	1	0	0	0
GCCCGTTGTTCCGGGA-1	3832	9329	3503	6949	0	0	0	0	1	0	0	0
GCCCTCATCATTCATC-1	3454	9908	62	116	0	0	0	0	0	0	0	0
GCCCTCATCATTGCGG-1	4602	12418	8367	18528	0	0	0	0	1	0	0	0
GCCCTCATCCCATAGG-1	3982	9028	593	1092	0	0	0	0	1	0	0	0
GCCCTCATCCCTGGAA-1	2924	5726	1307	2502	0	0	0	0	1	0	0	0
GCCCTCATCCTCATGC-1	1756	2824	1822	3661	0	0	1	0	1	0	0	0
GCCCTCATCTCACTAT-1	539	672	2327	4663	0	0	0	0	1	0	0	0
GCCGTGAGTATTGTGG-1	5232	20362	8730	18909	0	0	1	0	1	0	0	0
GCCGTGAGTTTGAGGC-1	1780	3351	3321	6889	0	0	1	0	1	0	0	0
GCCTAATAGTTTGGGT-1	3013	6603	3961	8045	0	0	0	0	1	0	0	0
GCCTACTTCTTAAGTG-1	259	428	2927	6201	0	0	0	0	1	0	0	0
GCCTATTGTAGTTACG-1	2011	3610	326	598	0	0	0	0	1	0	0	0
GCCTATTGTTCCTGTG-1	2125	3850	426	838	0	0	1	0	1	0	0	0
GCCTATTGTTGCTTCG-1	3567	8098	3249	6489	1	0	1	0	1	0	0	0
GCCTATTGTTTGACCT-1	2229	3915	545	1043	0	0	0	0	1	0	0	0
GCCTCAAAGCCACAAT-1	1706	2614	873	1701	0	0	0	0	1	0	0	0
GCCTCAAAGCTGGAAA-1	2220	4013	2266	4546	0	0	0	0	1	0	0	0
GCCTCAAAGGCGCACT-1	2678	5068	5848	13025	1	1	0	0	1	0	0	1
GCCTCAAAGTTACCGG-1	1878	4143	1312	2578	0	0	1	0	1	0	0	0
GCCTCCATCAATCATG-1	4428	12804	1920	3750	0	0	1	0	1	0	0	0
GCCTCCATCCTGGCTT-1	8238	38335	5045	10173	0	0	1	0	1	0	0	0
GCCTCGACAACCGCCA-1	2392	4762	1321	2504	0	0	0	0	1	0	0	0
GCCTGACAGCAAACCT-1	4837	14050	8100	18325	0	0	2	0	1	0	0	0
GCCTGACAGCACGATT-1	11641	109902	26662	78976	1	2	2	0	0	0	0	0
GCCTGACAGCGGATTT-1	1902	3256	2753	5678	0	0	0	0	1	0	0	0
GCCTGACAGGAACGGT-1	6582	24438	10351	25181	0	0	1	0	1	0	0	0
GCCTGAGGTCAAACTG-1	2271	4315	3470	7283	0	0	0	0	1	0	0	0
GCCTGAGGTGAAACAA-1	5433	15262	13931	32081	0	0	0	0	1	0	0	0
GCCTGAGGTTTGGCGG-1	911	1125	1458	3024	0	2	0	0	1	0	0	0
GCCTGAGGTTTGTGGA-1	2721	4846	764	1425	0	0	0	0	1	0	0	0
GCCTGCTGTCCGGTTC-1	1527	2400	620	1231	0	0	1	0	1	0	0	0
GCCTGCTGTGGATTCA-1	3812	9247	6617	14058	0	0	0	0	1	0	0	0
GCCTGCTGTGTTTGCT-1	1774	2846	1752	3449	0	0	0	0	1	0	0	0
GCCTGTGCACAGCCAT-1	6287	21025	10784	24414	0	0	1	0	1	0	0	0
GCCTGTGCAGAAACGT-1	4673	11847	12059	28623	0	1	0	0	1	0	0	0
GCCTTAACAGTTATCG-1	1085	2059	469	895	0	0	0	0	1	0	0	0
GCCTTAACATAATGTC-1	1127	1666	1425	2838	0	0	1	0	1	0	0	0
GCCTTAACATCAGCAC-1	674	1180	1724	3524	0	0	0	0	1	0	0	0
GCCTTACTCATGCGTG-1	3880	9404	6891	15552	0	0	1	0	1	0	0	0
GCCTTACTCTCCTCTT-1	768	1366	4275	8540	0	0	0	0	1	0	0	0
GCCTTAGAGTAACAGG-1	912	1410	845	1689	0	0	0	0	1	0	0	0
GCCTTAGAGTTGGGCC-1	893	1374	1340	2711	0	0	0	0	1	0	0	0
GCCTTGCGTAAATTGC-1	1255	2080	578	1117	0	0	0	0	1	0	0	0
GCCTTGCGTTAGGTTG-1	1571	2470	616	1180	0	0	0	0	1	0	0	0
GCCTTGCGTTGCGGAT-1	2655	5429	542	988	0	0	0	0	1	0	0	0
GCCTTTGGTACTGATG-1	3418	7022	6129	13731	0	0	0	0	1	0	0	0
GCGAAGCCAATATACC-1	1130	1958	515	990	0	0	0	0	1	0	0	0
GCGAAGTAGCGCTCAA-1	812	1348	1952	3831	0	0	0	0	1	0	0	0
GCGAAGTAGGAAACTG-1	8955	49544	17267	42979	0	0	2	0	1	0	0	0
GCGAAGTAGGCGGGTA-1	6673	24262	12569	29515	0	0	1	0	1	0	0	0
GCGAGTGAGAATCGCT-1	1051	1519	959	1891	0	0	2	0	1	0	0	0
GCGAGTGAGATGCCTG-1	3327	7800	6368	13707	0	0	0	0	1	0	0	0
GCGAGTGAGTGAGCAA-1	2759	5723	5466	11366	0	0	0	0	1	0	0	0
GCGATATTCAACCAAC-1	2795	5285	3117	6146	0	0	0	0	1	0	0	0
GCGATATTCCGGAACC-1	915	1411	739	1428	0	0	0	0	1	0	0	0
GCGATATTCCTAAGAC-1	4170	10454	7678	17560	0	0	1	0	1	0	0	0
GCGATTAGTATTGGTG-1	3158	6799	1232	2367	0	0	0	0	1	0	0	0
GCGATTAGTTGAATCG-1	1618	2665	758	1408	0	0	1	0	1	0	0	0
GCGCAAACACACCAAC-1	961	1653	562	1071	0	0	0	0	1	0	0	0
GCGCAAACAGCACGAA-1	965	1409	1275	2460	0	0	1	0	1	0	0	0
GCGCAAACAGCTACGT-1	666	864	1399	2755	0	0	0	0	1	0	0	0
GCGCAATGTAAGTCGC-1	9279	55404	11659	27247	0	1	3	0	0	0	0	0
GCGCAATGTCCAAATG-1	1697	2592	773	1513	0	0	0	0	1	0	0	0
GCGCAATGTGTAACCA-1	1209	2001	2438	5036	0	1	1	0	1	0	0	0
GCGCAATGTGTGAGAG-1	4088	11357	3584	7132	0	0	1	0	1	0	0	0
GCGCAATGTTGCACGG-1	891	1461	917	1740	0	0	0	0	1	0	0	0
GCGCCTTGTCAAAGGG-1	2560	5013	2245	4561	0	0	0	0	1	0	0	0
GCGCCTTGTGATCATG-1	1250	1864	502	945	0	0	0	0	1	0	0	0
GCGCCTTGTTAGCCAA-1	1143	2359	1219	2384	0	0	1	0	1	0	0	0
GCGCCTTGTTAGCGTA-1	1622	3056	958	1879	0	0	0	0	1	0	0	0
GCGCCTTGTTCCTGTG-1	5306	14048	11785	27223	0	0	1	0	1	0	0	0
GCGCCTTGTTCGCTCA-1	3975	9487	8292	18093	1	0	0	0	1	0	0	0
GCGCGATTCAAGTGAG-1	6678	25953	16277	41601	0	0	2	0	1	0	0	0
GCGCGATTCACAGCGC-1	4088	9747	13493	31912	0	0	0	0	1	0	0	0
GCGCGATTCCTCATCA-1	2653	5176	992	1962	0	0	0	0	1	0	0	0
GCGCGATTCTCTAGCC-1	1004	1725	833	1620	0	0	0	0	1	0	0	0
GCGCTAGGTACCGGAT-1	6317	19746	8567	19259	0	0	0	0	1	0	0	0
GCGCTAGGTCCAAATG-1	3714	8163	6970	14666	0	0	0	0	1	0	0	0
GCGCTAGGTGGTTCTT-1	435	1044	3829	7974	0	0	1	0	1	0	0	0
GCGCTAGGTGTTTGCT-1	4488	11700	6902	14743	0	0	0	0	1	0	0	0
GCGCTAGGTTAGTTGG-1	2265	4069	2119	4302	0	0	0	0	1	0	0	0
GCGCTAGGTTTGGCGG-1	1580	2342	1526	3078	0	0	0	0	1	0	0	0
GCGCTTAAGGCGGGTA-1	1289	1911	1024	2070	0	0	1	0	1	0	0	0
GCGCTTAAGGCTTAAC-1	5043	13520	14939	37405	0	0	1	0	1	0	0	0
GCGCTTGCAAGCCAGA-1	3677	8133	1690	3278	0	0	1	0	1	0	0	0
GCGCTTGCACCGTTCC-1	2708	5900	3437	6841	0	0	0	0	1	0	0	0
GCGCTTGCACTTCATC-1	2005	3314	4485	9146	0	0	1	0	1	0	0	0
GCGGAACCAGCAAATA-1	966	1743	600	1132	0	0	0	0	1	0	0	0
GCGGAACCATTAAGTC-1	1873	3383	2510	4927	0	0	0	0	1	0	0	0
GCGGATACAGCAAGGC-1	2438	4610	1403	2672	0	0	2	0	1	0	0	0
GCGGATACAGGCCATT-1	5150	16101	13214	31311	0	0	1	0	1	0	0	0
GCGGGTTTCCTGGCTT-1	2973	7409	2856	6016	0	0	1	0	1	0	0	0
GCGGGTTTCTTGCTAT-1	2781	5347	1377	2660	0	0	0	0	1	0	0	0
GCGGTTATCACGCCAA-1	1888	3634	965	1815	0	0	2	0	1	0	0	0
GCGGTTATCATTGACA-1	3154	7046	789	1472	0	0	1	0	1	0	0	0
GCGGTTGGTACCGAAC-1	3463	8013	3232	6633	0	0	0	0	1	0	0	0
GCGGTTGGTTAGTGAT-1	3834	8713	6823	14636	0	0	2	0	1	0	0	0
GCGGTTGGTTCATTTG-1	3318	7788	2898	5871	0	1	1	0	1	0	0	0
GCGGTTGGTTTAAAGC-1	3674	8543	6650	13798	0	0	0	0	1	0	0	0
GCGGTTGGTTTGACCT-1	5180	14442	3487	6968	0	0	0	0	1	0	0	0
GCGTAACGTCAATAGT-1	1633	2737	3462	7010	0	1	3	0	1	0	0	0
GCGTAACGTTAGCTGA-1	535	688	2842	6064	0	0	0	0	1	0	0	0
GCGTAACGTTTCAGGA-1	2117	3911	1525	2907	0	0	0	0	1	0	0	0
GCGTGCTAGTAAGAAC-1	3818	9486	13149	31725	1	0	0	0	1	0	0	0
GCGTTTCTCAAATCGC-1	3228	7713	2852	5644	0	0	2	0	1	0	0	0
GCGTTTCTCACGTTAA-1	2365	4880	7655	16006	0	0	0	0	1	0	0	0
GCGTTTCTCCCTCTAA-1	1784	3254	1624	3215	0	0	0	0	1	0	0	0
GCGTTTCTCCTTCTAG-1	1168	2053	703	1368	0	0	0	0	1	0	0	0
GCGTTTCTCTAGCTTT-1	2212	4631	4499	9496	0	0	0	0	1	0	0	0
GCTAACAGTACGCGCA-1	736	1215	6351	13631	0	0	0	0	1	0	0	0
GCTAACAGTCAAGTAT-1	5035	17037	2899	5688	0	0	0	0	1	0	0	0
GCTAACAGTCGACTCC-1	1971	3385	268	510	0	0	0	0	1	0	0	0
GCTAACAGTGCACGCA-1	5852	16874	11826	27299	0	0	1	0	1	0	0	0
GCTAACAGTGGAAGGC-1	2702	5920	3905	7782	0	0	0	0	1	0	0	0
GCTAACAGTTAGTACG-1	1918	3882	949	1834	0	1	0	0	1	0	0	0
GCTAACCCACTCGCTC-1	2878	5675	916	1853	0	0	1	0	1	0	0	0
GCTAACCCAGGCTACT-1	2733	5543	5266	10929	0	0	0	0	1	0	0	0
GCTAACCCATTCCTGT-1	3149	7478	310	567	0	0	0	0	1	0	0	0
GCTAAGAAGTAATCCA-1	4839	13353	9707	21619	0	0	0	0	1	0	0	0
GCTAAGAAGTCATGCG-1	6838	25727	16543	43408	0	0	0	0	1	0	0	0
GCTAAGAAGTTTCCGC-1	4991	12702	19580	49313	0	0	0	0	1	0	0	0
GCTAAGCGTAAGCACC-1	2391	4937	1437	2778	0	0	1	0	1	0	0	0
GCTAAGCGTATACTGG-1	3701	8537	6706	13839	0	0	0	0	1	0	0	0
GCTAAGCGTGCAACTA-1	2663	5522	332	631	0	0	0	0	1	0	0	0
GCTAAGCGTTACCGGG-1	7506	28551	8149	17872	2	2	2	0	1	1	0	0
GCTAAGTTCCGCTAGA-1	3614	10907	3381	6825	0	0	1	0	1	0	0	0
GCTAAGTTCCTGCGAA-1	1474	2498	960	1885	1	0	1	0	1	0	0	0
GCTAAGTTCCTTCTAG-1	3756	9658	1799	3565	0	0	1	0	1	0	0	0
GCTAATATCAATGAGG-1	2589	5503	6200	13643	0	0	0	0	1	0	0	0
GCTAATATCCCTCTAA-1	4379	10966	6118	13184	0	0	0	0	1	0	0	0
GCTAATATCCGCCTAT-1	1866	3251	1116	2251	0	0	0	0	1	0	0	0
GCTAATATCCTAATAG-1	3161	6929	3619	7282	0	0	0	0	1	0	0	0
GCTAATATCGGCCAGT-1	2111	3728	3865	7607	0	0	1	0	1	0	0	0
GCTAGCCAGACACCGC-1	1115	1635	9896	22100	0	0	0	0	1	0	0	0
GCTAGCCAGCGCTCAA-1	6570	29333	3817	7919	0	0	1	0	1	0	0	0
GCTAGCCAGGAGCAAC-1	5827	19156	11955	28027	0	0	0	0	1	0	0	0
GCTAGCCAGTGACCTG-1	3850	9283	2175	4245	0	0	0	0	1	0	0	0
GCTAGCCAGTTTCCGC-1	1995	3414	693	1337	0	1	2	0	1	0	0	0
GCTAGCGGTAGTTGGC-1	2285	4531	2574	5205	0	0	0	0	1	0	0	0
GCTAGCGGTGCAATGC-1	2842	5756	3293	6931	0	0	0	0	1	0	0	0
GCTAGCGGTTGAAGCC-1	2006	3325	853	1655	0	0	0	0	1	0	0	0
GCTAGCTCAAACTCAT-1	7557	31733	17735	43314	0	0	1	0	1	0	0	0
GCTAGTGTCCGCAAAT-1	3410	7085	11969	27194	0	0	1	0	1	0	0	0
GCTAGTGTCCTTAATC-1	797	1271	767	1499	0	0	0	0	1	0	0	0
GCTAGTGTCGTTTCTG-1	1713	3396	18158	45185	0	0	0	0	1	0	0	0
GCTATAGGTAATGGCC-1	717	2418	410	789	0	0	0	0	1	0	0	0
GCTATAGGTCCTAGTT-1	3642	8463	1411	2664	0	0	0	0	1	0	0	0
GCTATAGGTGAGGTGA-1	2190	3951	1773	3596	0	0	2	0	1	0	0	0
GCTATCCTCTTAAGTG-1	3327	7210	4993	9669	0	0	2	0	1	0	0	0
GCTATTGCAATAATCC-1	1913	4230	810	1551	0	0	0	0	1	0	0	0
GCTATTGCAATATACC-1	1533	2240	1241	2426	0	0	2	0	1	0	0	0
GCTATTGCAATCGCAC-1	2713	5384	2052	4033	3	2	1	0	1	1	1	1
GCTATTGCATAGGCGA-1	1666	2833	1259	2440	1	0	1	0	1	0	0	0
GCTCAACCAATTGAAG-1	2880	8680	2356	4633	0	0	1	0	1	0	0	0
GCTCACAAGAAGCTAG-1	2526	4875	10838	25368	0	0	1	0	1	0	0	0
GCTCACAAGCTGGAAA-1	2847	5497	8731	20184	0	0	2	0	1	0	0	0
GCTCACAAGGAAACTG-1	5804	17658	7202	15350	0	0	0	0	1	0	0	0
GCTCACAAGGACTTAC-1	1041	1510	769	1500	0	0	0	0	1	0	0	0
GCTCATTGTAAGCTTG-1	5038	16885	8466	18430	0	1	1	0	1	0	0	0
GCTCATTGTCAATACG-1	4535	12345	6037	12871	0	0	1	0	1	0	0	0
GCTCATTGTCATTAGG-1	4611	13840	2332	4544	0	0	1	0	1	0	0	0
GCTCATTGTGAGCGAA-1	1475	2475	5985	12907	0	0	0	0	1	0	0	0
GCTCATTGTGCTCACC-1	1140	1818	4406	9042	0	0	1	0	1	0	0	0
GCTCATTGTTAAGCCA-1	5149	17648	14303	33885	0	0	0	0	1	0	0	0
GCTCCTTAGCTCCTTA-1	1775	2814	3325	6832	0	0	1	0	1	0	0	0
GCTCGATCACCTGCCT-1	663	965	979	2028	0	0	0	0	1	0	0	0
GCTCGATCAGCAAATA-1	1300	2022	1755	3558	2	3	0	0	1	1	1	1
GCTCGATCAGGCCTTG-1	2261	3957	844	1650	0	0	0	0	1	0	0	0
GCTCGATCAGTAGGTG-1	2297	4299	1899	3750	0	1	1	0	1	0	0	0
GCTCGATCATAAACCT-1	5835	20518	11225	26904	0	0	1	0	1	0	0	0
GCTCGATCATCACTTC-1	1047	2500	1466	2949	0	0	0	0	1	0	0	0
GCTCGATCATTCCTGT-1	2089	3675	1297	2469	1	0	0	0	1	0	0	0
GCTCTGGCACACAATT-1	1058	1488	1456	2893	0	1	0	0	1	0	0	0
GCTCTGTTCGCCTGTT-1	1743	2894	606	1169	0	1	1	0	1	0	0	0
GCTCTGTTCGTAATCA-1	1708	2719	3687	7552	0	0	0	0	1	0	0	0
GCTCTGTTCTTTGTAC-1	2701	6110	4416	9380	0	0	0	0	1	0	0	0
GCTGACATCCGCAAGC-1	1166	1598	1940	3944	0	0	0	0	1	0	0	0
GCTGACCAGCCGCAGT-1	4361	12082	7610	16513	0	0	2	0	1	0	0	0
GCTGACCAGCTATTAG-1	3746	8375	10211	22837	0	0	0	0	1	0	0	0
GCTGACCAGTCAGGCC-1	2366	5713	343	652	0	1	0	0	1	0	0	0
GCTGACCAGTGTGATC-1	2833	5726	718	1321	0	0	1	0	1	0	0	0
GCTGAGGAGCTAATCA-1	4025	9729	4157	8579	0	0	0	0	1	0	0	0
GCTGAGGAGGACACTT-1	2723	5296	2848	5819	0	0	0	0	1	0	0	0
GCTGATCCAATTGAGA-1	3522	7252	8996	20908	0	0	0	0	1	0	0	0
GCTGATCCACCAGGTT-1	1026	1590	1337	2649	0	0	0	0	1	0	0	0
GCTGATCCACGAATCC-1	949	1784	2578	5347	0	0	0	0	1	0	0	0
GCTGATCCAGGCCAAA-1	5469	16892	18370	48185	1	0	0	0	1	0	0	0
GCTGATCCATGCATAT-1	3430	7456	2748	5814	0	0	0	0	1	0	0	0
GCTGATCCATTAAGCT-1	2410	5457	949	1758	0	0	1	0	1	0	0	0
GCTGCAATCGGGATTT-1	2157	3948	1666	3359	0	0	0	0	1	0	0	0
GCTGCAATCTCACTCA-1	802	1194	3182	6554	0	0	0	0	1	0	0	0
GCTGCACAGGCGCACT-1	4323	11532	6546	14494	0	0	0	0	1	0	0	0
GCTGCACAGGTAAGCA-1	1708	2682	2456	5066	0	0	1	0	1	0	0	0
GCTGCACAGTGAGGTA-1	1433	2129	1509	2927	0	0	0	0	1	0	0	0
GCTGCATCAATAACCT-1	1820	2910	3669	7386	0	0	1	0	1	0	0	0
GCTGCATCAATTGACT-1	6206	24350	17674	44086	0	0	0	0	1	0	0	0
GCTGCATCACTTACAG-1	4462	11151	8040	16964	1	2	1	0	1	0	0	1
GCTGCATCAGCAAGTG-1	711	1153	889	1712	0	0	0	0	1	0	0	0
GCTGGATGTATTGTCC-1	2981	6480	583	1054	0	0	0	0	1	0	0	0
GCTGGATGTGGAGCAA-1	3519	7944	3157	6429	0	0	1	0	1	0	0	0
GCTGGATGTTTGAGCA-1	6009	24441	10212	22869	0	0	0	0	1	0	0	0
GCTGGTTCAGCAAGAT-1	1765	2911	2939	5895	0	0	0	0	1	0	0	0
GCTGTAAGTCACCTAT-1	1671	2572	1352	2702	0	0	1	0	1	0	0	0
GCTGTAAGTGTTTGAG-1	3741	9349	1510	2998	0	0	0	0	1	0	0	0
GCTGTAAGTTGTGACA-1	7817	33478	11816	27888	0	0	1	0	1	0	0	0
GCTGTACCAACTAGAA-1	2824	6074	1949	3687	0	0	0	0	1	0	0	0
GCTGTACCAAGTGTTT-1	759	1178	1338	2573	0	0	0	0	1	0	0	0
GCTGTACCAATAAGCA-1	3034	6189	7880	17623	0	0	0	0	1	0	0	0
GCTGTACCAATTAGCT-1	967	1416	7584	17061	0	0	0	0	1	0	0	0
GCTGTACCATAATGTC-1	6421	21972	9683	21730	0	0	2	0	1	0	0	0
GCTGTGATCCCTGACT-1	2938	6591	3755	7494	0	0	0	0	1	0	0	0
GCTGTGATCGATTCTT-1	704	1298	1087	2148	0	0	0	0	1	0	0	0
GCTGTGCAGCACTTGG-1	759	1289	3423	7000	0	0	0	0	1	0	0	0
GCTGTGCAGCCTCTGT-1	3485	8523	8696	18942	0	0	0	0	1	0	0	0
GCTGTGCAGGGTGAAC-1	640	856	1421	2813	0	0	0	0	1	0	0	0
GCTGTGCAGTCAGTAC-1	2046	3286	4027	8529	0	0	1	0	1	0	0	0
GCTGTGCAGTTAGCCG-1	3208	7133	4677	9790	0	0	0	0	1	0	0	0
GCTTAACAGACTCGCA-1	4504	12994	5009	10423	0	0	0	0	1	0	0	0
GCTTAACAGCGCCTTT-1	3610	7661	7575	16492	0	0	0	0	1	0	0	0
GCTTACCTCAATTGGC-1	3730	8481	5133	10535	0	0	1	0	1	0	0	0
GCTTACCTCATTAGTG-1	2686	4965	13580	32808	0	0	0	0	1	0	0	0
GCTTACCTCCTAATTC-1	2052	3514	6673	14026	0	0	0	0	1	0	0	0
GCTTACCTCGCTAAAC-1	7683	30132	7024	16001	1	1	2	0	1	0	0	0
GCTTACCTCTAATCAG-1	1462	2718	899	1852	0	0	1	0	1	0	0	0
GCTTAGTAGAGAGGAG-1	1355	2022	2436	5038	0	0	2	0	1	0	0	0
GCTTAGTAGAGGAGTC-1	2708	4959	1434	2889	0	0	0	0	1	0	0	0
GCTTAGTAGATAGACG-1	2474	4951	8014	17933	0	0	0	0	1	0	0	0
GCTTAGTAGGAACCAA-1	1431	3460	8425	17782	1	0	0	0	1	0	0	0
GCTTAGTAGTGAGAGC-1	2662	5284	1507	2914	0	0	0	0	1	0	0	0
GCTTATCGTCTTACTA-1	2723	5540	1856	3668	0	0	1	0	1	0	0	0
GCTTATCGTTGTAAAC-1	4250	10694	9905	23783	0	0	1	0	1	0	0	0
GCTTCGCGTTAACAGT-1	9051	48123	22648	64044	0	0	1	0	0	0	0	0
GCTTCGCGTTAATGAC-1	1614	2652	593	1148	0	0	1	0	1	0	0	0
GCTTGACCATGCTTAG-1	6846	27607	5190	10917	0	0	1	0	1	0	0	0
GCTTGTTGTCATAGAT-1	4058	10003	4366	8763	0	0	1	0	1	0	0	0
GCTTTACGTAAATTGC-1	1613	2924	872	1730	0	0	0	0	1	0	0	0
GCTTTACGTCACGGAT-1	2396	4385	191	348	0	0	0	0	1	0	0	0
GCTTTACGTGTTTGCT-1	3521	9954	4721	9742	0	0	0	0	1	0	0	0
GCTTTATTCATGCTAA-1	1343	2387	1109	2205	0	0	0	0	1	0	0	0
GCTTTCATCGACAAAG-1	2977	6941	2327	4827	0	0	1	0	1	0	0	0
GCTTTCATCGTTTCTG-1	1997	3459	8837	20203	0	0	0	0	1	0	0	0
GCTTTGTGTAATCGCA-1	6429	22197	5675	12094	0	0	0	0	1	0	0	0
GGAAACTCAGATTCAT-1	4375	10962	2327	4693	0	0	2	0	1	0	0	0
GGAAACTCAGCCGCTA-1	1516	2955	1395	2762	0	1	0	0	1	0	0	0
GGAAACTCATTGTGAT-1	2076	3260	1588	3174	0	0	1	0	1	0	0	0
GGAAACTCATTGTGCA-1	5285	15394	2951	5918	0	0	0	0	1	0	0	0
GGAACAATCAATGTGC-1	1407	2156	2339	4745	1	0	0	1	1	0	0	0
GGAACAATCACCTGCT-1	1811	2977	1126	2157	0	0	0	0	1	0	0	0
GGAACAATCACTAAGC-1	2494	5294	2164	4438	0	0	0	0	1	0	0	0
GGAACAATCAGCATTA-1	3590	8029	6234	13354	0	0	0	0	1	0	0	0
GGAACCACAACTAGAA-1	859	1181	849	1678	0	0	0	0	1	0	0	0
GGAACCACATGTTGCA-1	4271	10926	5564	11968	0	0	0	0	1	0	0	0
GGAACCTGTCATAACG-1	1225	2316	5909	12808	0	1	0	0	1	0	0	0
GGAACCTGTCATCATC-1	670	1023	5678	12637	0	0	0	0	1	0	0	0
GGAACCTGTCCGTAGG-1	2970	5992	3092	5923	0	0	0	0	1	0	0	0
GGAACCTGTGTCACGG-1	3613	8709	9349	20993	0	0	0	0	1	0	0	0
GGAACCTGTTAGCTGA-1	5386	15333	7454	16438	0	0	3	0	1	0	0	0
GGAACGGTCTTCAATC-1	2715	5637	10239	23762	0	0	0	0	1	0	0	0
GGAACTAAGCTATTAG-1	3502	8320	7355	15999	0	0	0	0	1	0	0	0
GGAAGCTAGATAAAGC-1	2758	5341	1048	2007	0	0	0	0	1	0	0	0
GGAAGCTAGCCTTAAA-1	1834	3013	1405	2799	0	0	0	0	1	0	0	0
GGAAGCTAGGTAACGA-1	6527	23712	11514	27214	0	1	1	0	1	0	0	0
GGAAGCTAGGTCCTAG-1	5940	19686	16189	41076	0	0	1	0	1	0	0	0
GGAAGCTAGGTGTTAC-1	823	1299	9527	21991	0	0	0	0	1	0	0	0
GGAAGCTAGTCACCTC-1	377	541	3924	7993	0	0	0	0	1	0	0	0
GGAAGTATCATAATCG-1	4560	10299	11356	26823	0	1	1	0	1	0	0	0
GGAAGTATCGAGCAAA-1	864	1539	1301	2593	0	0	0	0	1	0	0	0
GGAATCTTCAATGTGC-1	2075	3637	481	922	0	0	0	0	1	0	0	0
GGAATCTTCAGCATTA-1	2107	3757	1908	3807	1	0	1	0	1	0	0	0
GGAATCTTCCGCATGA-1	2761	5443	2202	4341	0	0	1	0	1	0	0	0
GGAATCTTCTTGCAAA-1	2807	5474	1652	3073	0	0	0	0	1	0	0	0
GGACAGCCAAGCGATG-1	1659	2666	2850	5800	0	0	2	0	1	0	0	0
GGACAGCCAAGCTAAA-1	3698	11413	9116	20219	0	0	0	0	1	0	0	0
GGACAGCCAAGTGAAC-1	4273	12853	1924	3709	0	0	0	0	1	0	0	0
GGACAGCCACTCGCTC-1	1701	2831	2616	5182	0	0	2	0	1	0	0	0
GGACAGCCACTTACAG-1	2665	6503	5378	11761	0	0	1	0	1	0	0	0
GGACAGCCACTTCACT-1	4868	12234	2446	4945	0	0	0	0	1	0	0	0
GGACATAAGGCATGTT-1	2541	8216	4267	8900	0	0	0	0	1	0	0	0
GGACATAAGTAACGGA-1	1959	3232	7338	15482	0	0	0	0	1	0	0	0
GGACATAAGTCGCTAG-1	3693	10210	3356	7009	0	0	1	0	1	0	0	0
GGACATAAGTTAGAGG-1	2995	5722	3416	6845	0	0	0	0	1	0	0	0
GGACCGAAGAGGGACT-1	1116	1981	469	922	0	0	0	0	1	0	0	0
GGACCGAAGCGTGCAC-1	5643	17098	809	1543	1	0	1	0	1	0	0	0
GGACCGAAGGGACCTC-1	1151	1851	919	1780	0	0	0	0	1	0	0	0
GGACCGAAGTTATCCT-1	4030	9556	1730	3387	0	0	0	0	1	0	0	0
GGACCTCAGCATGAAG-1	3330	7030	2208	4363	0	0	0	0	1	0	0	0
GGACCTCAGTAACAGG-1	2131	4021	2365	4661	0	0	1	0	1	0	0	0
GGACGAAGTAAGGTTT-1	2873	5708	2039	4132	0	0	1	0	1	0	0	0
GGACGGATCCCTCAGT-1	1633	2539	670	1345	0	0	0	0	1	0	0	0
GGACGGATCTCAATAG-1	3608	8429	717	1367	0	0	0	0	1	0	0	0
GGACTAAAGAAAGGAA-1	2078	4717	2920	6019	0	0	0	0	1	0	0	0
GGACTAAAGACCATAC-1	3388	8084	10322	23525	0	0	0	0	1	0	0	0
GGACTAAAGCACTTGG-1	288	401	5142	10700	0	0	0	0	1	0	0	0
GGACTAAAGGATTTGC-1	9047	47525	20363	55061	0	1	2	0	0	0	0	0
GGACTAAAGGTGCTGC-1	2493	6207	8530	19865	0	0	1	0	1	0	0	0
GGACTAAAGTCAATCA-1	3180	6470	3941	8472	0	0	0	0	1	0	0	0
GGACTAAAGTCATGCG-1	2642	4735	2110	4294	0	0	0	0	1	0	0	0
GGACTAAAGTCATTAG-1	2578	4798	1633	3248	0	0	0	0	1	0	0	0
GGAGCAAGTATTTGGG-1	3989	9576	8866	19640	0	0	1	0	1	0	0	0
GGAGCAAGTCAAGTAT-1	3100	6317	9680	21739	0	0	0	0	1	0	0	0
GGAGCAAGTCACCTAT-1	4392	10836	4788	10182	0	0	0	0	1	0	0	0
GGAGCAAGTGAGCGAA-1	5045	15273	17018	44281	0	0	1	0	1	0	0	0
GGAGCAAGTGCTGTAA-1	1418	2414	740	1389	1	0	0	0	1	0	0	0
GGAGCATAGACTTACA-1	892	1321	1591	3198	1	1	0	0	1	0	0	1
GGAGCATAGGGACCTC-1	3608	7621	4458	9143	0	0	0	0	1	0	0	0
GGAGCATAGGGCCATC-1	2052	3566	2134	4242	0	0	0	0	1	0	0	0
GGAGCATAGTTTAACG-1	4222	11706	7189	15553	0	0	0	0	1	0	0	0
GGAGCGATCGATTTAG-1	6847	27141	4970	10127	0	0	1	0	1	0	0	0
GGAGCGATCGCTCACT-1	3225	6869	4231	8708	0	0	0	0	1	0	0	0
GGAGGTTAGGCTGTGC-1	3410	8352	9431	20853	0	0	0	0	1	0	0	0
GGAGTCTGTCAATGTG-1	1793	2850	1498	2907	0	0	0	0	1	0	0	0
GGAGTCTGTTGTTGTC-1	1849	2996	1463	2902	0	0	0	0	1	0	0	0
GGAGTGAGTCCTTCTC-1	468	775	2295	4633	0	0	0	0	1	0	0	0
GGAGTGAGTCGTAATG-1	2985	6353	1933	3744	0	0	0	0	1	0	0	0
GGAGTGAGTTGGTGAC-1	2719	4923	2879	5909	0	0	0	0	1	0	0	0
GGATAACCACTTCATC-1	3399	8494	176	333	0	1	2	0	1	0	0	0
GGATACTTCCCGCCTA-1	3953	11189	7614	16444	0	0	0	0	1	0	0	0
GGATACTTCCTAAGAC-1	2585	5494	854	1696	0	0	1	0	1	0	0	0
GGATATTGTATTCGCT-1	4537	11411	4191	8563	0	0	1	0	1	0	0	0
GGATATTGTGGTTATG-1	804	1280	1201	2541	0	0	0	0	1	0	0	0
GGATATTGTTGCGCGA-1	1268	1838	1048	2074	0	0	0	0	1	0	0	0
GGATGGCCAAGGAATC-1	1072	1788	1512	3056	0	0	0	0	1	0	0	0
GGATGGCCATCACTTC-1	1369	2106	1094	2205	0	0	0	0	1	0	0	0
GGATGTAAGTCCTGAG-1	6574	22677	8115	17613	0	0	3	0	1	0	0	0
GGATTATGTAATCGTG-1	1325	1902	1438	2899	0	0	0	0	1	0	0	0
GGATTATGTCCTAACT-1	3514	8382	3861	7933	0	0	0	0	1	0	0	0
GGATTATGTGGTTCCC-1	4525	13343	586	1094	0	0	0	0	1	0	0	0
GGATTATGTTAGGTGC-1	2495	5419	3441	7072	0	0	2	0	1	0	0	0
GGATTATGTTAGTGAT-1	2547	4827	2119	4403	0	0	0	0	1	0	0	0
GGATTCAGTTAATGCG-1	2653	5083	1253	2386	0	0	1	0	1	0	0	0
GGATTCAGTTAGAGGG-1	368	727	4406	8799	0	0	0	0	1	0	0	0
GGATTGCGTAAGGTCC-1	6325	22287	11887	28714	0	0	0	0	1	0	0	0
GGATTGCGTCCTTCTC-1	1541	2256	751	1465	0	0	0	0	1	0	0	0
GGATTGCGTGCTAGAC-1	8432	43934	7348	15960	0	0	0	0	1	0	0	0
GGATTGCGTTACTTCA-1	686	956	1187	2358	0	0	0	0	1	0	0	0
GGATTGCGTTGTTGGA-1	2897	5576	2092	4248	0	0	0	0	1	0	0	0
GGATTTATCACCGGTA-1	1959	3293	759	1444	0	0	2	0	1	0	0	0
GGATTTATCAGCACCA-1	3374	8350	1047	2054	0	0	0	0	1	0	0	0
GGATTTATCATAATCG-1	642	860	1334	2581	0	0	1	0	1	0	0	0
GGATTTATCGTTACAA-1	3819	9242	172	313	0	0	0	0	1	0	0	0
GGCAAATCAACACTTG-1	9720	62957	24654	72852	0	0	0	0	0	0	0	0
GGCAAATCACCTGCCT-1	12481	137653	33896	122382	0	1	3	0	0	0	0	0
GGCAAGCCAATGAAGC-1	3478	8860	5820	12636	0	0	2	0	1	0	0	0
GGCAAGCCAGTTTACG-1	1084	1659	4110	8475	0	0	1	0	1	0	0	0
GGCAAGCCATAGCTGC-1	2588	4978	787	1506	0	0	0	0	1	0	0	0
GGCAATCGTAAATTGC-1	1236	1815	1371	2725	0	0	0	0	1	0	0	0
GGCAATCGTAACCTAG-1	947	1328	2751	5800	1	2	0	0	1	0	0	1
GGCAGGATCGGTCAAT-1	2500	4708	6048	13394	0	0	0	0	1	0	0	0
GGCAGGATCTAACCTT-1	1439	2438	2628	5359	0	0	0	0	1	0	0	0
GGCAGGATCTTGATGA-1	2654	5317	2283	4562	0	0	1	0	1	0	0	0
GGCAGGATCTTGCAGG-1	3443	7851	8520	18995	0	0	1	0	1	0	0	0
GGCATGGAGGCGAATA-1	1631	2685	9484	21915	0	0	0	0	1	0	0	0
GGCATGGAGGTCGAGG-1	7865	32937	15150	36380	0	0	2	0	1	0	0	0
GGCATGGAGTAGGCGG-1	1866	2956	5472	11058	0	0	2	0	1	0	0	0
GGCATTAGTAGTTGGC-1	737	1289	1051	2039	0	0	0	0	1	0	0	0
GGCATTAGTTGGATAT-1	1016	1407	3001	6253	0	0	0	0	1	0	0	0
GGCATTAGTTGGCGTG-1	3455	7665	7530	16033	0	0	0	0	1	0	0	0
GGCATTAGTTTAGTCC-1	2327	4776	1407	2748	0	0	0	0	1	0	0	0
GGCATTGTCCTTTACG-1	584	801	2558	5080	0	0	0	0	1	0	0	0
GGCATTGTCGCATTAA-1	993	1399	1089	2116	1	0	0	0	1	0	0	0
GGCATTGTCGGTAACT-1	2329	4177	753	1464	0	0	0	0	1	0	0	0
GGCATTGTCTAGCTTT-1	5411	16195	10068	22605	0	0	0	0	1	0	0	0
GGCCAACTCAAACCTA-1	1777	3097	1409	2674	0	0	0	0	1	0	0	0
GGCCAACTCAGGAACA-1	6838	27748	9286	20946	0	0	0	0	1	0	0	0
GGCCAACTCCATAATG-1	3231	6533	712	1360	0	0	0	0	1	0	0	0
GGCCAACTCCCTGATC-1	6037	19657	4375	9133	2	2	0	0	1	1	1	1
GGCCAACTCGCGCTAA-1	9045	50661	12789	29944	0	0	2	0	0	0	0	0
GGCCAACTCGTAACGT-1	2778	5611	2423	4839	0	0	1	0	1	0	0	0
GGCCAACTCTTGATGA-1	3868	8757	8651	18920	0	0	0	0	1	0	0	0
GGCCAGTTCAAACACC-1	3051	7113	100	185	0	0	0	0	0	0	0	0
GGCCATCAGGAACGCG-1	536	904	3235	6615	0	0	0	0	1	0	0	0
GGCCATCAGTCACTCC-1	1306	2389	358	687	0	0	0	0	1	0	0	0
GGCCGTTAGCCATCAG-1	6663	25575	10812	24566	1	0	1	0	1	0	0	0
GGCCGTTAGCTTAGCG-1	1964	3292	1461	2878	0	0	2	0	1	0	0	0
GGCCGTTAGGCAATAG-1	2237	4110	1792	3417	0	0	1	0	1	0	0	0
GGCCGTTAGGGCTTTG-1	5738	18194	9134	20803	0	0	0	0	1	0	0	0
GGCCGTTAGTCCTGAG-1	884	1268	720	1515	1	0	0	0	1	0	0	0
GGCCTAATCAATGTGC-1	4230	11557	10794	24518	0	0	0	0	1	0	0	0
GGCCTAATCATAACTG-1	1611	3030	816	1564	0	0	0	0	1	0	0	0
GGCCTAATCCTCACTA-1	6449	25988	6011	12856	0	0	1	0	1	0	0	0
GGCCTAATCCTTCGTA-1	3385	6917	4521	9537	0	0	0	0	1	0	0	0
GGCCTCTGTACGCGCA-1	2077	3473	2881	5878	1	0	0	0	1	0	0	0
GGCCTCTGTGCCGCAA-1	2030	3299	568	1110	0	0	0	0	1	0	0	0
GGCCTCTGTGGGTGAA-1	5347	15655	4068	8554	0	0	0	0	1	0	0	0
GGCCTCTGTTATCCTA-1	5785	19660	6043	12698	0	0	0	0	1	0	0	0
GGCCTCTGTTCGGTAA-1	1489	2373	3040	6212	0	0	0	0	1	0	0	0
GGCCTTAAGCCATCAG-1	2348	4299	1605	3087	1	0	0	0	1	0	0	0
GGCCTTAAGCGGTTAT-1	2728	5171	576	1105	0	0	0	0	1	0	0	0
GGCCTTAAGGCTAGAA-1	1259	2026	6159	13511	0	0	0	0	1	0	0	0
GGCCTTAAGGGCTTTG-1	1009	1440	2883	6049	2	2	0	0	1	1	1	1
GGCCTTAAGGTCGAGG-1	3261	8083	1775	3482	0	1	0	0	1	0	0	0
GGCCTTAAGTAACCAC-1	1286	1931	1062	2052	0	0	0	0	1	0	0	0
GGCCTTCGTCCAAGAC-1	3116	6262	5796	12152	0	0	0	0	1	0	0	0
GGCCTTCGTGCATTAG-1	806	1020	1767	3718	0	0	0	0	1	0	0	0
GGCCTTCGTTATAGCG-1	4370	10822	4800	9781	0	1	1	0	1	0	0	0
GGCGATACACTAGGTC-1	3613	9343	416	792	0	0	1	0	1	0	0	0
GGCGATACATCCCGCT-1	1015	1442	743	1444	3	0	0	0	1	1	0	0
GGCGATACATGAATCT-1	1938	3652	9542	24059	0	0	2	0	1	0	0	0
GGCGCTAGTAACGGGA-1	2391	4534	1198	2312	0	0	0	0	1	0	0	0
GGCGCTAGTATTGTCC-1	2792	6596	6672	14659	0	0	0	0	1	0	0	0
GGCGCTAGTCATTGTC-1	1247	1733	1347	2724	0	0	0	0	1	0	0	0
GGCGCTAGTGCATTAG-1	2142	4116	3501	7523	0	0	0	0	1	0	0	0
GGCGCTAGTGTCCAGG-1	3490	7678	6374	13603	0	1	0	0	1	0	0	0
GGCGCTAGTTAGTACG-1	4317	10050	6870	14771	0	0	1	0	1	0	0	0
GGCGCTAGTTATAGCG-1	1661	3171	3208	6509	0	0	1	0	1	0	0	0
GGCGGTAAGAATCTCA-1	2988	6390	5534	11740	0	0	0	0	1	0	0	0
GGCGGTAAGACACCGC-1	4315	9609	10922	24364	0	0	1	0	1	0	0	0
GGCGGTAAGCCTGATG-1	2206	4012	2258	4433	0	0	1	0	1	0	0	0
GGCGGTAAGGCTACTG-1	2781	5784	456	862	0	0	0	0	1	0	0	0
GGCGGTAAGGGCTTAT-1	2575	5335	3875	7859	0	0	1	0	1	0	0	0
GGCGGTAAGTTTGTCT-1	3977	10146	11062	24750	0	0	0	0	1	0	0	0
GGCGGTTTCACCAATA-1	2304	4699	4732	9875	0	0	0	0	1	0	0	0
GGCGGTTTCAGCACGC-1	3159	6941	2356	4624	0	0	1	0	1	0	0	0
GGCGGTTTCGTGCCTT-1	3405	7132	11789	28101	0	0	0	0	1	0	0	0
GGCGGTTTCGTTAAGC-1	1827	3246	2750	5693	0	0	0	0	1	0	0	0
GGCGGTTTCTCAATGA-1	3416	7469	4407	9051	0	0	0	0	1	0	0	0
GGCGTTATCCCTGGAA-1	2567	5357	10063	22951	0	1	0	0	1	0	0	0
GGCTAGACACAGCCTG-1	6434	23240	7397	15920	1	1	1	0	1	0	0	1
GGCTAGACACCGTTCC-1	2893	5845	1306	2566	0	0	0	0	1	0	0	0
GGCTAGACAGAACCGA-1	1856	3118	4693	9798	0	0	1	0	1	0	0	0
GGCTAGACAGAATGAC-1	757	1687	4762	10010	0	0	0	0	1	0	0	0
GGCTAGACATTGCGTA-1	4530	13248	6371	13622	0	0	1	0	1	0	0	0
GGCTAGTGTTAACAGT-1	1261	1738	1121	2249	0	0	0	0	1	0	0	0
GGCTAGTGTTCGCTCA-1	2994	5686	2384	4759	0	0	0	0	1	0	0	0
GGCTAGTGTTGCTTCG-1	1461	2578	1159	2310	0	0	1	0	1	0	0	0
GGCTATGTCGGTAACT-1	1743	2783	309	587	0	0	0	0	1	0	0	0
GGCTATGTCGGTCAAT-1	3203	9121	1634	3137	0	0	1	0	1	0	0	0
GGCTATTAGAATGACG-1	4328	10096	2734	5530	0	0	1	0	1	0	0	0
GGCTCAATCCGTAAAC-1	2191	4419	2975	6152	0	0	0	0	1	0	0	0
GGCTCACAGAGCAAGC-1	2711	6026	1112	2061	0	0	0	0	1	0	0	0
GGCTCACAGGAGTAAT-1	3071	6264	911	1731	0	0	1	0	1	0	0	0
GGCTCACAGTAAAGGT-1	1507	2302	2998	6098	0	0	0	0	1	0	0	0
GGCTCACAGTCATCCC-1	641	1112	5805	13268	0	0	0	0	1	0	0	0
GGCTCACAGTTAGAGG-1	1205	1779	3157	6329	3	0	0	0	1	1	0	0
GGCTCACAGTTTCCTG-1	2495	4467	4792	9904	0	0	0	0	1	0	0	0
GGCTGAGAGCAGGTGG-1	3125	6771	2123	4351	1	0	1	0	1	0	0	0
GGCTGAGAGGGTCCAC-1	997	1535	1059	2058	0	0	0	0	1	0	0	0
GGCTGAGAGTATTGCA-1	3396	8317	2204	4377	0	0	1	0	1	0	0	0
GGCTGGTTCGGTTACG-1	859	1287	834	1638	0	0	1	0	1	0	0	0
GGCTGTCAGACAACAG-1	2174	3837	4673	10149	0	0	0	0	1	0	0	0
GGCTGTCAGACAACGA-1	1206	2179	463	958	0	0	1	0	1	0	0	0
GGCTGTCAGCTACTGG-1	3561	7825	5099	10541	0	0	0	0	1	0	0	0
GGCTGTCAGCTTAACA-1	7231	25448	13813	34297	0	0	2	0	1	0	0	0
GGCTGTCAGGCTGTCA-1	721	1095	1172	2324	0	0	0	0	1	0	0	0
GGCTGTCAGGGCTAAA-1	1683	2776	1146	2217	0	0	0	0	1	0	0	0
GGCTTAAGTCGCATAA-1	1936	3096	453	840	0	0	0	0	1	0	0	0
GGCTTAAGTGTGCAAC-1	5247	16805	5864	12481	0	0	0	0	1	0	0	0
GGCTTAAGTTAATCGG-1	3790	9158	6382	13865	0	0	1	0	1	0	0	0
GGCTTCAAGAGAGGCT-1	2611	5198	416	798	0	0	0	0	1	0	0	0
GGCTTCAAGCTCCTTA-1	5356	14988	13313	31938	0	0	1	0	1	0	0	0
GGCTTCAAGGGACCTC-1	686	984	1139	2222	0	0	0	0	1	0	0	0
GGCTTCAAGGTAGCTT-1	1119	1649	729	1429	0	0	0	0	1	0	0	0
GGCTTCAAGGTGAAGC-1	4276	11899	6740	14470	0	0	2	0	1	0	0	0
GGGAATATCATGGTGT-1	4115	9992	9447	20522	0	0	0	0	1	0	0	0
GGGAATATCCTTCTAG-1	1288	3606	4835	10266	0	0	0	0	1	0	0	0
GGGAATATCTATTGTC-1	1037	1818	4202	9109	0	0	0	0	1	0	0	0
GGGAGTAGTATTGTGG-1	1251	2761	841	1612	0	0	0	0	1	0	0	0
GGGAGTAGTCATAACG-1	2377	4976	2276	4518	0	0	0	0	1	0	0	0
GGGATAATCATAACTG-1	5459	15849	628	1207	0	0	1	0	1	0	0	0
GGGATTAAGCGATAGA-1	1740	3378	744	1455	0	0	2	0	1	0	0	0
GGGATTAAGCTGTCAG-1	2075	3944	1215	2405	0	0	0	0	1	0	0	0
GGGATTAAGGCCGGAA-1	3515	7989	5712	11922	0	0	1	0	1	0	0	0
GGGATTAAGTGAGGGT-1	4623	12810	17864	45711	0	0	1	0	1	0	0	0
GGGCATGAGAGGCTAA-1	1052	1473	941	1865	0	0	0	0	1	0	0	0
GGGCATGAGCTTTGGG-1	806	1282	919	1777	0	0	0	0	1	0	0	0
GGGCATGAGGGTGGAT-1	2757	8543	2383	4916	0	0	0	0	1	0	0	0
GGGCATGAGGTCAAAG-1	3396	8360	3755	7496	0	0	0	0	1	0	0	0
GGGCCTAGTAACGTGC-1	5536	18656	6137	13004	0	0	0	0	1	0	0	0
GGGCCTAGTAGGATCC-1	4635	11447	5757	12364	0	0	1	0	1	0	0	0
GGGCGAATCTGCAACG-1	5634	17287	12441	30646	0	0	0	0	1	0	0	0
GGGCTAACACGGTTTA-1	4592	11304	5292	10706	0	0	0	0	1	0	0	0
GGGCTAACAGGCGAGT-1	5089	15422	8725	19796	0	0	2	0	1	0	0	0
GGGCTAACATGTCAGC-1	2046	3255	3720	7813	0	0	0	0	1	0	0	0
GGGTATTTCCGTTATT-1	6461	32029	8520	18332	0	0	0	0	1	0	0	0
GGGTATTTCGATAACC-1	1351	2428	479	917	1	0	0	0	1	0	0	0
GGGTATTTCTTGATGA-1	1172	1637	2608	5057	1	0	1	0	1	0	0	0
GGGTCAACACAAAGCG-1	3080	6234	9185	20097	0	0	0	0	1	0	0	0
GGGTCAACACAGGGAC-1	3362	8913	3190	6515	0	0	0	0	1	0	0	0
GGGTCAACAGGAAGCC-1	10840	91617	36503	133165	0	0	2	0	0	0	0	0
GGGTCAACATTGCAGC-1	4858	12795	8955	19928	0	0	0	0	1	0	0	0
GGGTCACTCCTGGTGA-1	910	1300	1008	1928	0	0	0	0	1	0	0	0
GGGTCACTCTAGCGAT-1	2255	5455	3850	7880	0	0	1	0	1	0	0	0
GGGTCACTCTGTGCCT-1	1617	2790	1997	3984	0	0	0	0	1	0	0	0
GGGTGAAGTAATAGCT-1	9751	65097	14891	36442	1	1	1	0	0	0	0	0
GGGTGAAGTGCTCCAC-1	956	1279	1133	2294	0	0	1	0	1	0	0	0
GGGTGAAGTGGTTATG-1	1381	1973	1085	2215	0	0	0	0	1	0	0	0
GGGTGAAGTTTGGTTC-1	848	1510	676	1328	0	0	1	0	1	0	0	0
GGGTGTTGTAATGACT-1	1487	2134	1060	2135	0	0	0	0	1	0	0	0
GGGTGTTGTCTTTGAC-1	1230	1782	1086	2117	0	0	1	0	1	0	0	0
GGGTGTTGTGGAGCAA-1	8619	43278	23759	69234	0	0	1	0	0	0	0	0
GGGTGTTGTTGGATAT-1	3597	9610	5044	10551	0	0	0	0	1	0	0	0
GGGTTACGTAGCCTCC-1	1690	3042	1217	2283	0	0	2	0	1	0	0	0
GGGTTACGTCACACCC-1	838	1356	1365	2734	0	0	0	0	1	0	0	0
GGGTTACGTGATCAGC-1	5307	14142	13983	33705	0	1	1	0	1	0	0	0
GGGTTACGTGCATTAG-1	6195	21439	11084	25248	0	0	1	0	1	0	0	0
GGGTTATTCATAACTG-1	618	1699	5082	10552	0	0	1	0	1	0	0	0
GGGTTATTCGGTTAGT-1	2991	6050	854	1656	0	0	0	0	1	0	0	0
GGGTTATTCTAATTGG-1	4135	12445	4420	9081	0	1	2	0	1	0	0	0
GGGTTATTCTTAATGG-1	2023	3348	2362	4523	0	0	1	0	1	0	0	0
GGGTTTCCAGCAAATA-1	429	636	1947	3968	0	0	0	0	1	0	0	0
GGGTTTGTCAAATCGC-1	2833	5304	443	823	0	0	1	0	1	0	0	0
GGGTTTGTCGCATCCT-1	1241	2200	475	894	0	0	1	0	1	0	0	0
GGGTTTGTCGGCTAGC-1	346	497	3392	6722	0	0	0	0	1	0	0	0
GGTAAACCAAACTAAG-1	6413	20013	8254	18936	0	1	2	0	1	0	0	0
GGTAAACCACCAACCG-1	3140	7129	3492	7030	0	0	1	0	1	0	0	0
GGTAAACCAGCTAACC-1	822	1232	1229	2337	0	0	0	0	1	0	0	0
GGTAAACCAGGTCCTG-1	5763	17708	9847	22137	0	0	1	0	1	0	0	0
GGTAAACCATCCATCT-1	3087	6424	4669	9785	0	0	0	0	1	0	0	0
GGTAACCGTAAAGCGG-1	3597	9457	1926	3778	0	0	1	0	1	0	0	0
GGTAACCGTAACCAGC-1	2347	4678	2389	4764	0	0	0	0	1	0	0	0
GGTAACCGTAGGTTGC-1	650	923	1136	2264	0	0	0	0	1	0	0	0
GGTAACCGTATTGGTG-1	2797	5828	1260	2484	0	0	0	0	1	0	0	0
GGTAACCGTTACTTGC-1	3059	6213	3835	7825	0	0	0	0	1	0	0	0
GGTAACCGTTTGAGCA-1	981	3299	313	592	0	0	1	0	1	0	0	0
GGTAACTTCAGGATGA-1	3957	9922	9016	20120	0	0	0	0	1	0	0	0
GGTAACTTCATTGACA-1	2657	5375	5301	10947	0	0	0	0	1	0	0	0
GGTAACTTCGACCTGA-1	4972	14379	5900	12349	0	0	0	0	1	0	0	0
GGTAACTTCGCTATAA-1	3162	7232	10123	23101	0	0	1	0	1	0	0	0
GGTAACTTCTTGAGGT-1	1432	2213	623	1194	1	1	0	0	1	0	0	1
GGTAAGGGTTGCTGGG-1	3596	8392	12115	27868	0	0	0	0	1	0	0	0
GGTAATTGTTAACACG-1	3164	7063	3772	7748	0	0	1	0	1	0	0	0
GGTACAAAGAATCGCT-1	1704	2598	2501	5151	0	0	1	0	1	0	0	0
GGTACAAAGGTCTTGG-1	2472	4639	1004	2001	0	0	0	0	1	0	0	0
GGTACAAAGTTCCCGT-1	9942	63609	15603	39421	2	1	1	0	0	0	0	0
GGTACTAGTGACCTGG-1	7302	35895	12768	30372	0	0	1	0	1	0	0	0
GGTACTAGTGTTTCAC-1	3421	7218	7187	15825	1	0	0	0	1	0	0	0
GGTACTAGTTTGGGTA-1	3967	9298	6393	13614	0	0	0	0	1	0	0	0
GGTACTTAGCAACATC-1	2227	5022	3175	6301	0	0	1	0	1	0	0	0
GGTACTTAGGCATGTT-1	5081	14587	6052	12636	0	0	1	0	1	0	0	0
GGTACTTAGTAGCGGG-1	2004	3678	1789	3662	0	0	0	0	1	0	0	0
GGTAGGAGTAGGTTAT-1	1068	1386	786	1553	0	0	1	0	1	0	0	0
GGTAGGAGTCAAAGAA-1	3834	12079	3332	6469	0	0	0	0	1	0	0	0
GGTAGGAGTGCAATAT-1	3935	9310	178	331	0	0	0	0	1	0	0	0
GGTAGGAGTGCTCACC-1	562	787	1410	2792	0	0	0	0	1	0	0	0
GGTAGGAGTGGCTTCC-1	2801	5634	4138	8712	0	0	0	0	1	0	0	0
GGTAGGAGTTACCTGT-1	318	416	4408	8719	0	0	0	0	1	0	0	0
GGTATGTTCGGGACTC-1	3360	8449	4925	10224	0	0	0	0	1	0	0	0
GGTATTGGTCAGGAAG-1	1912	3241	1504	2957	0	0	0	0	1	0	0	0
GGTATTGGTTGAATCG-1	2161	3822	1332	2503	0	0	0	0	1	0	0	0
GGTATTTCAGCATGTC-1	696	972	2827	5728	0	0	0	0	1	0	0	0
GGTATTTCATCCAGGT-1	1183	1627	793	1546	0	0	0	0	1	0	0	0
GGTCAAGCAATTTAGC-1	2052	4381	4164	8739	1	0	0	0	1	0	0	0
GGTCAAGCATTAGGTT-1	4185	12080	1248	2410	0	1	2	0	1	0	0	0
GGTCAATTCAAAGGCA-1	8198	37386	22331	61761	0	0	1	0	0	0	0	0
GGTCAGGAGAAGCTAG-1	954	1644	1173	2270	0	0	1	0	1	0	0	0
GGTCAGGAGTGAGCAA-1	5055	14343	6004	13205	0	0	1	0	1	0	0	0
GGTCAGGAGTTATCTC-1	3958	9143	7419	16031	0	0	1	0	1	0	0	0
GGTCATTAGCATGCAT-1	606	813	1352	2819	0	0	1	0	1	0	0	0
GGTCATTAGGAAGCTA-1	1405	2291	3807	7803	0	0	0	0	1	0	0	0
GGTCATTAGGACCTGC-1	969	1432	1690	3271	0	0	0	0	1	0	0	0
GGTCATTAGGATTGCT-1	910	1345	1459	2896	0	0	0	0	1	0	0	0
GGTCCATCAATTGACT-1	1564	2318	433	816	0	0	0	0	1	0	0	0
GGTCCATCACAATGCC-1	6213	23187	3578	7099	0	0	1	0	1	0	0	0
GGTCCATCACCTGGTG-1	1727	3318	1699	3345	0	0	1	0	1	0	0	0
GGTCCATCATGCTTAG-1	5590	17352	1624	3174	1	0	1	0	1	0	0	0
GGTCCGTAGAAGGTGC-1	371	581	4077	8570	0	0	0	0	1	0	0	0
GGTCCGTAGCAGGCCT-1	4997	13697	13313	32333	0	0	1	0	1	0	0	0
GGTCCGTAGCCATCAG-1	3201	7625	3914	7993	0	0	0	0	1	0	0	0
GGTCCGTAGGATCCGC-1	1349	1983	553	1069	0	0	0	0	1	0	0	0
GGTCCGTAGTCATTTC-1	3148	7160	3519	7064	0	0	0	0	1	0	0	0
GGTCCGTAGTTACTTC-1	7546	35578	1749	3260	0	0	1	0	1	0	0	0
GGTCCTGCAACCCTAA-1	5310	15559	7679	16759	0	0	0	0	1	0	0	0
GGTCCTGCAGATTCAT-1	2882	5954	1625	3259	0	0	0	0	1	0	0	0
GGTCCTGCATTATGCG-1	3370	8448	3135	6311	0	0	0	0	1	0	0	0
GGTCCTGCATTGCGGT-1	2710	5998	5939	12752	0	0	0	0	1	0	0	0
GGTCGGTTCCCATAAA-1	965	1333	5595	11932	0	0	0	0	1	0	0	0
GGTCGGTTCGCTCCAT-1	3059	5676	1263	2455	0	0	0	0	1	0	0	0
GGTCGGTTCTTGAGGT-1	683	933	4964	10485	0	0	0	0	1	0	0	0
GGTCTTGAGACAAAGT-1	7447	29540	9136	20864	0	0	2	0	1	0	0	0
GGTCTTGAGCTAATCA-1	656	1082	1775	3573	0	0	0	0	1	0	0	0
GGTCTTGAGGAGCAAC-1	1891	3512	1577	3022	0	0	1	0	1	0	0	0
GGTCTTGAGGCGAAAC-1	2836	6131	6539	14384	0	0	1	0	1	0	0	0
GGTCTTGAGGTATTGC-1	506	709	2020	4248	0	0	0	0	1	0	0	0
GGTCTTGAGGTCGATT-1	1400	2469	1138	2304	0	0	0	0	1	0	0	0
GGTCTTTGTAGTTAAC-1	5751	17928	10486	24560	1	0	1	0	1	0	0	0
GGTCTTTGTCATCATC-1	2760	5645	2665	5258	0	0	0	0	1	0	0	0
GGTCTTTGTCGTAAAT-1	1802	3046	1209	2422	0	0	0	0	1	0	0	0
GGTCTTTGTTCACCCA-1	1874	6419	7015	15751	0	0	0	0	1	0	0	0
GGTCTTTGTTTGTCTA-1	2053	3489	3335	6807	0	0	0	0	1	0	0	0
GGTGAGCCAAACCCTA-1	1668	4071	997	1896	0	0	0	0	1	0	0	0
GGTGAGCCAAACCTTG-1	4904	13039	6492	14734	0	0	1	0	1	0	0	0
GGTGAGCCAGCCAGAA-1	1771	2965	3833	7866	0	0	0	0	1	0	0	0
GGTGAGCCAGTTTGGC-1	3206	6596	6207	13087	0	0	0	0	1	0	0	0
GGTGAGGTCATAACTG-1	2801	5825	6161	13202	0	0	0	0	1	0	0	0
GGTGAGGTCCCTCGCA-1	2149	5246	452	873	0	0	1	0	1	0	0	0
GGTGAGGTCCGCCTAT-1	964	1851	13142	30589	0	0	1	0	1	0	0	0
GGTGAGTAGCTGCACA-1	3202	6891	4434	9112	0	0	1	0	1	0	0	0
GGTGATTTCAAGTGTC-1	4355	11114	13212	31264	0	0	1	0	1	0	0	0
GGTGCTGGTCAAAGAA-1	2904	5559	2614	5226	0	0	0	0	1	0	0	0
GGTGCTGGTTAGGACC-1	4449	10753	4552	9594	0	0	1	0	1	0	0	0
GGTGCTTCAAACTCAT-1	3046	6677	6421	13640	0	0	0	0	1	0	0	0
GGTGCTTCAAGTGTCC-1	2745	5598	2102	4140	0	0	0	0	1	0	0	0
GGTGCTTCACATTAAC-1	1155	1569	3285	6792	0	0	0	0	1	0	0	0
GGTGTCCAGCGCATTG-1	2188	3819	2478	5069	0	0	1	0	1	0	0	0
GGTGTGACAAGGAATC-1	2762	5297	6285	13179	0	0	0	0	1	0	0	0
GGTGTGACAATTGAAG-1	1596	2481	6513	14246	0	0	0	0	1	0	0	0
GGTGTGACAGACAAAC-1	1338	1903	1830	3674	0	0	1	0	1	0	0	0
GGTGTGACAGCTAACC-1	2443	6433	5333	11136	0	0	0	0	1	0	0	0
GGTGTGACATCCTAGA-1	1437	2116	3189	6622	0	0	0	0	1	0	0	0
GGTGTTGTCATTAGTG-1	2382	7074	5337	11144	0	0	1	0	1	0	0	0
GGTGTTGTCGCTAGCA-1	2778	5330	12016	27138	0	0	0	0	1	0	0	0
GGTTAATGTACCGAAC-1	2749	5653	2217	4526	0	0	0	0	1	0	0	0
GGTTAATGTCGTTATC-1	2341	4800	1193	2289	0	0	0	0	1	0	0	0
GGTTAATGTGAAGCCT-1	1741	3831	559	1079	0	0	0	0	1	0	0	0
GGTTAATGTGCAATGC-1	4568	12158	980	1870	0	0	0	0	1	0	0	0
GGTTACCCAAACTGTT-1	7716	36077	21121	57952	0	0	2	0	0	0	0	0
GGTTACCCACACTAAT-1	1253	1895	1499	3023	0	0	0	0	1	0	0	0
GGTTACCCAGCATGAG-1	3191	6111	2048	4098	0	0	0	0	1	0	0	0
GGTTACCCAGTAATAG-1	2757	5825	655	1214	1	0	0	0	1	0	0	0
GGTTACTAGTAACGGA-1	1934	3229	1855	3540	0	0	0	0	1	0	0	0
GGTTAGCGTACAATGT-1	2566	5148	2899	6088	0	0	1	0	1	0	0	0
GGTTAGCGTGGGTACT-1	735	957	1166	2257	0	0	0	0	1	0	0	0
GGTTATATCGGGACCT-1	9329	53397	11242	24998	0	0	2	0	0	0	0	0
GGTTATGGTAATCACG-1	3178	7120	876	1715	0	0	1	0	1	0	0	0
GGTTCCCGTAGACAAA-1	5430	18353	4054	8216	0	0	0	0	1	0	0	0
GGTTCCCGTCACGAAC-1	3895	9861	8062	17769	0	0	0	0	1	0	0	0
GGTTCTTGTAATGGCC-1	5794	17447	14228	35034	0	1	1	0	1	0	0	0
GGTTCTTGTACCGAAC-1	2258	4121	1049	2065	0	0	0	0	1	0	0	0
GGTTCTTGTACCGTAA-1	1723	2732	478	943	0	0	0	0	1	0	0	0
GGTTCTTGTATTGCAG-1	3193	6797	3532	7136	0	0	0	0	1	0	0	0
GGTTCTTGTCAGGCAT-1	1671	3228	4428	9015	0	0	1	0	1	0	0	0
GGTTCTTGTTACAAAC-1	6140	20349	14405	35380	1	0	0	0	1	0	0	0
GGTTCTTGTTGCACGG-1	2119	4072	3263	6660	0	0	0	0	1	0	0	0
GGTTCTTGTTTGAGGC-1	1915	3291	1441	2859	0	0	1	0	1	0	0	0
GGTTGACGTACCGTAA-1	2199	4488	437	819	0	0	0	0	1	0	0	0
GGTTGACGTACTTCAC-1	2051	3931	2169	4329	0	0	0	0	1	0	0	0
GGTTGACGTCAAACTG-1	2635	4853	280	538	0	0	0	0	1	0	0	0
GGTTGACGTCACACCC-1	1427	2838	367	710	0	0	0	0	1	0	0	0
GGTTGACGTTAGCTGA-1	7258	28970	1715	3292	0	0	1	0	1	0	0	0
GGTTGAGCAATAATCC-1	1158	1720	3080	5838	0	0	0	0	1	0	0	0
GGTTGAGCACAGGATG-1	1613	2393	1494	3000	0	0	1	0	1	0	0	0
GGTTGAGCAGCAACCT-1	736	1414	2166	4193	0	0	0	0	1	0	0	0
GGTTGCATCATGCTCC-1	3536	7586	5203	11128	0	0	0	0	1	0	0	0
GGTTGCATCCACAATA-1	4470	11546	2136	4157	0	0	0	0	1	0	0	0
GGTTGCATCCAGGAAA-1	3259	6699	6180	13328	0	0	0	0	1	0	0	0
GGTTGCATCCCAGTAG-1	595	875	1314	2573	0	0	0	0	1	0	0	0
GGTTGCATCTCCTCAA-1	4393	11205	4173	8534	0	0	0	0	1	0	0	0
GGTTGCGGTATTACCC-1	8226	39646	11886	27631	0	0	1	0	1	0	0	0
GGTTGCGGTCACACCC-1	2832	5852	2445	4935	0	0	0	0	1	0	0	0
GGTTGCGGTCCAAGAC-1	2938	5652	6540	14489	0	0	1	0	1	0	0	0
GGTTGCTCAATAATGG-1	2050	3527	3965	8198	0	0	2	0	1	0	0	0
GGTTGCTCACTTCATC-1	1788	2950	7195	15662	0	0	0	0	1	0	0	0
GGTTGCTCATAATGAG-1	2440	4767	2692	5283	0	0	0	0	1	0	0	0
GGTTGGTGTAAGGTCC-1	7872	37418	19294	51381	0	0	0	0	0	0	0	0
GGTTGGTGTGTTTGAG-1	2221	4342	2721	5461	0	0	1	0	1	0	0	0
GGTTGGTGTTAAGCTG-1	5305	14167	743	1383	0	1	1	0	1	0	0	0
GGTTTAATCACTAAGC-1	3592	8341	7654	16519	0	0	0	0	1	0	0	0
GGTTTAATCAGGTTTA-1	837	1241	881	1742	1	0	0	0	1	0	0	0
GGTTTAATCTACTAAG-1	1342	2701	5420	11569	0	0	0	0	1	0	0	0
GGTTTCCTCATTACTC-1	4178	10110	8163	17510	0	0	1	0	1	0	0	0
GGTTTCTGTAGTAAGA-1	7732	36585	5843	12224	0	0	0	0	1	0	0	0
GGTTTCTGTGCCGCAA-1	2741	5266	1964	3846	1	0	0	0	1	0	0	0
GGTTTCTGTTGAGCCG-1	904	1168	2973	6145	2	2	0	0	1	1	1	1
GGTTTCTGTTGGTTAG-1	2432	4648	457	846	0	0	1	0	1	0	0	0
GGTTTGTAGCCTCTGT-1	3399	7018	4125	8288	0	0	0	0	1	0	0	0
GGTTTGTAGCCTGACA-1	5109	15141	10629	24081	0	0	1	0	1	0	0	0
GGTTTGTAGGCCCAGT-1	1734	3354	1068	2084	0	0	1	0	1	0	0	0
GTAAAGCCACAACAAA-1	3966	9604	3408	6924	0	0	1	0	1	0	0	0
GTAAAGCCACCTCGCT-1	5699	19724	1574	3099	0	0	1	0	1	0	0	0
GTAAAGCCAGTTATGT-1	853	1463	3543	7368	0	0	0	0	1	0	0	0
GTAAAGCCATGCATAT-1	3821	12898	4737	9827	0	0	0	0	1	0	0	0
GTAAGCAAGGCTATGT-1	2912	6158	425	785	0	0	0	0	1	0	0	0
GTAAGCAAGTTGCGTG-1	1506	2286	778	1513	0	0	0	0	1	0	0	0
GTAAGCGCAACTGGCT-1	1518	2959	996	1919	0	1	1	0	1	0	0	0
GTAAGCGCACGAACAG-1	1506	2271	1756	3555	0	0	0	0	1	0	0	0
GTAAGCGCAGCATGTC-1	7662	32740	25961	66987	0	0	1	0	0	0	0	0
GTAAGCTTCAATAGCC-1	5643	16783	13386	32196	0	0	0	0	1	0	0	0
GTAAGCTTCATGCCTC-1	2672	7566	4310	8912	0	0	0	0	1	0	0	0
GTAAGCTTCATGTTTC-1	644	910	1213	2332	0	0	1	0	1	0	0	0
GTAAGCTTCCCATAGG-1	1858	3755	854	1632	0	0	1	0	1	0	0	0
GTAAGCTTCGCTATGG-1	1003	1511	947	1785	0	0	0	0	1	0	0	0
GTAAGGTCAGGCGAGT-1	2073	3642	1564	3103	0	0	0	0	1	0	0	0
GTAAGGTCATGGAGGC-1	1727	2617	1483	2953	0	0	0	0	1	0	0	0
GTAATAGCAAACAACA-1	5036	16819	12039	27286	0	0	1	0	1	0	0	0
GTAATAGCAATTAACC-1	4340	11086	6399	13283	0	0	1	0	1	0	0	0
GTAATAGCAATTGAAG-1	793	1315	753	1486	0	1	1	0	1	0	0	0
GTAATAGCACAATTAC-1	2847	6510	2658	5366	0	0	0	0	1	0	0	0
GTAATAGCACACAATT-1	1939	3272	1362	2606	0	0	0	0	1	0	0	0
GTAATAGCAGCCAGTT-1	907	1296	1622	3083	0	0	0	0	1	0	0	0
GTAATAGCAGGAAGCC-1	4555	13057	9112	20707	0	1	0	0	1	0	0	0
GTAATAGCAGTTGCGT-1	4171	9472	5901	12449	0	0	0	0	1	0	0	0
GTACAATGTCAGGCCA-1	4092	11025	2497	4889	0	1	0	0	1	0	0	0
GTACACCCAAAGGCCA-1	3474	7166	4206	8815	0	0	0	0	1	0	0	0
GTACCGGGTAATCCCT-1	629	873	5862	11751	0	0	0	0	1	0	0	0
GTACCGGGTCACCTAT-1	1657	2748	1107	2186	0	0	0	0	1	0	0	0
GTACCGGGTTACTAGG-1	5223	15705	3592	7072	1	0	0	0	1	0	0	0
GTACCGGGTTGCAATG-1	3579	9827	4716	9729	0	0	0	0	1	0	0	0
GTACCTTGTTATCGAG-1	3758	9261	5127	10572	0	0	0	0	1	0	0	0
GTACCTTGTTTGACCT-1	3414	7430	1325	2556	0	0	0	0	1	0	0	0
GTACGTAGTGATTTGG-1	1650	2663	929	1756	0	0	1	0	1	0	0	0
GTACGTAGTTTACTTG-1	1084	1631	966	1935	0	0	0	0	1	0	0	0
GTACTAATCCTGAGTG-1	554	1027	4378	9224	0	0	0	0	1	0	0	0
GTACTAATCTTGCTAT-1	2453	4672	4153	8449	0	0	0	0	1	0	0	0
GTACTAGGTCATGCCC-1	920	1480	690	1372	0	0	0	0	1	0	0	0
GTACTAGGTGGGAACA-1	718	1111	1350	2667	0	0	0	0	1	0	0	0
GTACTAGGTTGTCCAT-1	2029	3701	1626	3233	0	0	0	0	1	0	0	0
GTACTGGTCCCTCAAC-1	7678	35706	10686	24961	0	0	0	0	1	0	0	0
GTACTGGTCGAGCTAT-1	1925	3421	1050	2027	0	0	0	0	1	0	0	0
GTACTGGTCTTCAATC-1	2149	4335	4586	9725	0	0	0	0	1	0	0	0
GTACTTAAGCTTATGA-1	6844	27015	10155	23090	0	0	1	0	1	0	0	0
GTACTTAAGGCAACAA-1	715	1126	1019	2004	1	0	0	0	1	0	0	0
GTACTTAAGGTTAGAG-1	4496	13568	14520	34656	0	0	0	0	1	0	0	0
GTACTTCGTACTTCAC-1	2551	6738	12758	30862	0	0	0	0	1	0	0	0
GTACTTCGTATTGCAG-1	2307	4650	5040	10793	0	0	1	0	1	0	0	0
GTACTTCGTGGATGTC-1	3834	9034	14743	34902	0	1	0	0	1	0	0	0
GTACTTCGTTAGTACG-1	4028	10599	9116	20611	0	0	0	0	1	0	0	0
GTACTTCGTTCCAGGG-1	820	1293	2498	5036	0	0	0	0	1	0	0	0
GTACTTCGTTTAGTCC-1	3130	7775	4892	9984	0	0	0	0	1	0	0	0
GTAGCCATCGAGGAGT-1	3162	7232	2139	4132	0	1	0	0	1	0	0	0
GTAGCCATCTCTAGCC-1	1876	2984	277	520	0	0	0	0	1	0	0	0
GTAGCGCTCAAACCTA-1	1666	2706	3561	7025	0	0	1	0	1	0	0	0
GTAGCGCTCATGGCTG-1	3547	8046	5421	11336	0	0	0	0	1	0	0	0
GTAGCTGTCAGGCCTA-1	4386	14434	2340	4540	0	0	0	0	1	0	0	0
GTAGCTGTCCTTGAGG-1	5247	15861	4465	9051	0	0	0	0	1	0	0	0
GTAGCTGTCGGTTTCC-1	3982	9934	6422	13725	0	1	0	0	1	0	0	0
GTAGGAGGTGATGAGG-1	3575	9018	6465	13874	0	0	0	0	1	0	0	0
GTAGGAGGTGTGTCCC-1	1633	2872	3994	8597	0	1	0	0	1	0	0	0
GTAGGAGGTTGTAAAC-1	6901	26309	12578	30791	0	0	1	0	1	0	0	0
GTAGGATCATCCATCT-1	990	1381	751	1478	0	1	0	0	1	0	0	0
GTAGGCGAGGCATGAA-1	1879	2826	1717	3529	0	0	0	0	1	0	0	0
GTAGGTGCAGAGAGCC-1	3618	9353	5787	11864	0	0	0	0	1	0	0	0
GTAGTTATCAAGCTTA-1	1143	1800	1483	2953	0	0	0	0	1	0	0	0
GTAGTTATCATGAAGG-1	913	1271	5636	12267	0	0	0	0	1	0	0	0
GTAGTTATCGGGACCT-1	2730	5115	4989	10755	0	0	0	0	1	0	0	0
GTAGTTATCTTGAGCG-1	3691	8194	5390	11393	0	0	0	0	1	0	0	0
GTAGTTTCAACTAGGG-1	3148	7643	8347	18080	0	0	0	0	1	0	0	0
GTAGTTTCAAGGTCCT-1	2531	4849	6717	13923	0	0	0	0	1	0	0	0
GTAGTTTCAATTTGGT-1	3971	9318	2898	5769	0	0	1	0	1	0	0	0
GTAGTTTCACATTGCA-1	2230	4082	1510	3006	0	0	1	0	1	0	0	0
GTATCGCCAAGGTAAC-1	5384	15364	8141	18052	0	0	1	0	1	0	0	0
GTATCGCCACCAACCG-1	1252	1805	1851	3692	0	0	0	0	1	0	0	0
GTATCGCCACCATATG-1	3622	8034	9706	21314	0	0	0	0	1	0	0	0
GTATCGCCACTTCATC-1	1314	2048	3370	6821	0	0	0	0	1	0	0	0
GTATCGCCATCAGTAT-1	1450	3040	551	1084	0	0	0	0	1	0	0	0
GTATGTGGTAGCTGGT-1	1969	3392	464	865	0	0	0	0	1	0	0	0
GTATGTGGTGGATTCA-1	3416	7751	447	817	0	0	0	0	1	0	0	0
GTATGTTCAACACCTA-1	848	1533	591	1203	0	0	0	0	1	0	0	0
GTATTCAAGCACCACA-1	8910	50378	7988	18054	0	0	1	0	0	0	0	0
GTATTCAAGCATGACT-1	2644	5154	1685	3283	0	0	0	0	1	0	0	0
GTATTCAAGCGAAGTA-1	843	1146	1409	2862	0	0	0	0	1	0	0	0
GTATTGATCACTCAAA-1	6286	20646	1580	3034	0	0	2	0	1	0	0	0
GTATTGATCCGCACAA-1	1533	2392	3693	7840	0	0	1	0	1	0	0	0
GTATTGATCTCACTCA-1	1601	2467	2611	5339	0	0	0	0	1	0	0	0
GTATTGCAGAAAGCAT-1	875	2393	774	1498	0	0	1	0	1	0	0	0
GTATTGCAGGCGGATG-1	892	1316	1405	2751	0	0	0	0	1	0	0	0
GTATTGCAGTTATCTC-1	966	1488	1752	3336	0	0	1	0	1	0	0	0
GTATTGTCACAAAGCG-1	1461	2394	3257	6703	0	0	0	0	1	0	0	0
GTATTGTCACATTGCA-1	3174	7017	7353	15782	0	0	0	0	1	0	0	0
GTATTGTCACCGGCTA-1	899	1506	929	1826	0	0	0	0	1	0	0	0
GTCAAACTCAGCTAAC-1	2520	5153	9047	19409	0	0	0	0	1	0	0	0
GTCAATATCGATTTGA-1	630	1237	7852	17019	0	0	1	0	1	0	0	0
GTCAGGCTCACTAAGC-1	329	549	4386	9167	0	0	0	0	1	0	0	0
GTCAGGCTCAGAAACG-1	6779	26329	14009	35520	0	0	1	0	1	0	0	0
GTCAGGCTCGCCTGTT-1	2746	5257	4991	10164	0	0	0	0	1	0	0	0
GTCAGGCTCGGCCAGT-1	4265	10560	11529	26649	0	0	2	0	1	0	0	0
GTCATCACAAAGCGCA-1	1012	1427	892	1745	0	0	0	0	1	0	0	0
GTCATCACAGCAATAA-1	2779	7988	4364	8766	1	0	1	0	1	0	0	0
GTCATCACATACCCGG-1	3469	7587	4249	8893	0	0	0	0	1	0	0	0
GTCATCACATTGCAGC-1	2950	6454	1158	2218	0	0	0	0	1	0	0	0
GTCATCCTCAATCATG-1	4053	10820	7659	16420	0	0	1	0	1	0	0	0
GTCATCCTCATGCCTC-1	1900	3399	281	518	0	0	1	0	1	0	0	0
GTCATCCTCCCGAACA-1	1728	2688	1425	2897	0	0	0	0	1	0	0	0
GTCATCCTCGTTATCT-1	2789	5723	7665	17090	0	0	0	0	1	0	0	0
GTCATGAGTCATAACG-1	4312	11541	2671	5086	0	0	2	0	1	0	0	0
GTCATGAGTCGACTAA-1	898	1207	1120	2207	1	1	0	0	1	0	0	1
GTCATGAGTGCGCATG-1	1720	3955	3336	6953	0	0	0	0	1	0	0	0
GTCATGAGTTAGCAGC-1	1306	5667	1974	4238	0	0	0	2	1	0	0	0
GTCATGAGTTCCGCAC-1	1901	3037	1312	2564	0	0	0	0	1	0	0	0
GTCATGAGTTTACGTC-1	3117	6261	2752	5612	1	1	0	0	1	0	0	1
GTCATGCCAATTATGC-1	1844	3346	959	1890	0	0	1	0	1	0	0	0
GTCATGCCATGTTGCA-1	888	1484	838	1627	0	1	0	0	1	0	0	0
GTCATTAAGCTTCCCG-1	4557	12210	2904	5977	0	0	1	0	1	0	0	0
GTCATTAAGGAGTCTT-1	1258	1867	1181	2425	0	0	2	0	1	0	0	0
GTCATTAAGGTTAGAG-1	3025	6149	3693	7396	0	0	0	0	1	0	0	0
GTCCAAGTCCCTGGTT-1	2824	6696	2074	3955	0	0	1	0	1	0	0	0
GTCCAAGTCGTTAGCG-1	4992	15069	12836	29686	0	0	1	0	1	0	0	0
GTCCAGGGTCCCGAAG-1	1870	3283	1452	2875	0	0	1	0	1	0	0	0
GTCCAGGGTGGGAACA-1	1487	2193	1064	2128	0	0	0	0	1	0	0	0
GTCCATTGTAATGGAA-1	3528	7959	1593	3246	0	0	2	0	1	0	0	0
GTCCATTGTGCGCGTA-1	1311	2049	1383	2786	0	2	0	0	1	0	0	0
GTCCGTAAGCCACAAT-1	1570	2577	838	1674	1	1	0	0	1	0	0	1
GTCCGTAAGGCTAATC-1	2286	4195	4015	8120	0	0	0	0	1	0	0	0
GTCCGTAAGGTCGAGG-1	2928	5456	6164	13225	0	0	0	0	1	0	0	0
GTCCGTAAGTGCACGC-1	5673	19937	2795	5752	0	0	1	0	1	0	0	0
GTCCGTAAGTTATGTG-1	10546	77508	16215	40950	1	0	2	0	0	0	0	0
GTCCGTAAGTTGCCTC-1	5653	18070	4089	8120	0	0	0	0	1	0	0	0
GTCCGTAAGTTGTCTT-1	262	363	4796	10285	0	0	0	0	1	0	0	0
GTCCTAGAGATAAAGC-1	3077	6565	4438	9248	0	0	0	0	1	0	0	0
GTCCTAGAGATTGAGG-1	538	750	2920	5930	0	0	0	0	1	0	0	0
GTCCTAGAGGCTGTGC-1	2624	5888	1075	2096	0	0	1	0	1	0	0	0
GTCCTCAGTAGCAGCT-1	4947	13822	7957	17224	0	0	0	0	1	0	0	0
GTCCTCAGTCCCGAAG-1	4307	14958	4508	9618	0	0	1	0	1	0	0	0
GTCCTCAGTGATCAGC-1	1109	1901	459	880	0	0	0	0	1	0	0	0
GTCCTCAGTGCTGTAA-1	857	1313	1105	2152	0	0	0	0	1	0	0	0
GTCCTCAGTGCTTTAC-1	610	1473	969	1907	0	0	0	0	1	0	0	0
GTCCTCAGTTAGGCTA-1	7275	27649	16031	40902	0	0	1	0	1	0	0	0
GTCCTCAGTTGCACAA-1	3720	8981	1025	1916	0	1	0	0	1	0	0	0
GTCCTCCCACAATGCC-1	4659	12609	14352	34677	0	0	0	0	1	0	0	0
GTCCTCCCAGCGCTTG-1	3020	6063	3850	7946	0	0	0	0	1	0	0	0
GTCGAAGCAACATAAG-1	3698	8077	8699	19346	0	0	0	0	1	0	0	0
GTCGAAGCAGGCCAAA-1	3220	6750	9672	21942	0	0	0	0	1	0	0	0
GTCGAAGCATATAACC-1	2492	4666	6739	14371	0	0	0	0	1	0	0	0
GTCGAGGAGAGCCGCT-1	1307	2002	1057	2116	0	0	1	0	1	0	0	0
GTCGAGGAGCGCATTG-1	522	661	8627	19474	0	0	0	0	1	0	0	0
GTCGAGGAGCTTATGA-1	1379	2203	1369	2789	0	0	1	0	1	0	0	0
GTCGAGGAGTCTATGA-1	4076	9328	1895	3625	0	0	0	0	1	0	0	0
GTCGAGGAGTGAGGTA-1	6437	21462	11329	25620	0	0	1	0	1	0	0	0
GTCGCAATCATGCGTG-1	413	618	2340	4719	0	0	0	0	1	0	0	0
GTCGCAATCCAAGTGT-1	3651	8488	6697	14719	0	1	0	0	1	0	0	0
GTCGCAATCCCGCATT-1	2942	5766	7439	16138	0	0	0	0	1	0	0	0
GTCGCAATCCTGGCTT-1	276	409	3765	7900	0	0	0	0	1	0	0	0
GTCGCAATCTGTGCAG-1	1780	3595	1187	2333	0	0	2	0	1	0	0	0
GTCGGTTCAAACATAG-1	7330	29947	14981	37785	0	0	2	0	1	0	0	0
GTCGGTTCATTGTGGC-1	4065	9883	6640	14114	0	0	0	0	1	0	0	0
GTCTAACAGAGAGCCG-1	3720	9309	6256	13518	0	0	0	0	1	0	0	0
GTCTAACAGAGAGGCT-1	430	603	4639	9441	0	0	0	0	1	0	0	0
GTCTAACAGCACGATT-1	4078	10161	6397	13559	0	0	0	0	1	0	0	0
GTCTAACAGTTGGATC-1	4971	12601	10496	24614	0	0	1	0	1	0	0	0
GTCTAATCATGTCAGC-1	1761	2926	3054	6315	0	0	0	0	1	0	0	0
GTCTAGCCAAGATTCT-1	2531	6798	5516	11665	0	0	0	0	1	0	0	0
GTCTAGCCAGGCGATA-1	2224	3832	1130	2254	0	0	0	0	1	0	0	0
GTCTAGCCATCGCTCC-1	1308	1956	1512	2943	0	0	0	0	1	0	0	0
GTCTAGCCATCTTGAG-1	3375	8159	13903	33437	0	0	0	0	1	0	0	0
GTCTAGCCATTAAGCT-1	1539	2343	758	1478	0	0	0	0	1	0	0	0
GTCTATCGTATGGTGC-1	4012	11076	4806	10181	0	0	1	0	1	0	0	0
GTCTATCGTGTGAGGA-1	667	1251	2389	4828	0	0	1	0	1	0	0	0
GTCTATCGTTAGCTGA-1	583	1148	1768	3506	0	0	0	0	1	0	0	0
GTCTATGCAAGGTCCT-1	834	1203	16617	38726	0	1	0	0	1	0	0	0
GTCTATGCACGCAACT-1	8170	37787	5053	10267	0	0	1	0	1	0	0	0
GTCTATGCAGGTATTT-1	5241	15386	11512	26276	0	0	0	0	1	0	0	0
GTCTATGCATTCCTGT-1	2826	5678	1857	3666	0	0	0	0	1	0	0	0
GTCTCACTCATTACTC-1	5566	17158	2185	4271	0	0	0	0	1	0	0	0
GTCTCACTCTTGTTCG-1	2987	5990	898	1727	0	0	0	0	1	0	0	0
GTCTCACTCTTTGTAC-1	3271	8226	9086	20295	0	0	0	0	1	0	0	0
GTCTTGCTCCAAGTGT-1	1226	2067	4461	9214	0	0	1	0	1	0	0	0
GTCTTGCTCTTGCAAA-1	2035	4204	6941	14694	0	0	0	0	1	0	0	0
GTCTTTAGTAATGGCC-1	4249	10120	3242	6716	0	0	0	0	1	0	0	0
GTCTTTAGTCTTACTA-1	3426	7530	4155	8785	0	0	0	0	1	0	0	0
GTCTTTAGTGATTACG-1	1639	2591	1913	3950	0	0	0	0	1	0	0	0
GTCTTTAGTGCATTTC-1	1790	2916	1019	1994	0	0	0	0	1	0	0	0
GTCTTTAGTGTTGTAG-1	1357	2311	681	1296	0	0	1	0	1	0	0	0
GTCTTTAGTTAACACG-1	821	1082	1523	3008	0	0	0	0	1	0	0	0
GTCTTTAGTTTGAGCA-1	3665	8881	2609	5200	0	0	1	0	1	0	0	0
GTCTTTGTCTTAATGG-1	2592	5016	9420	20577	0	0	0	0	1	0	0	0
GTCTTTGTCTTGCAAA-1	692	1090	1003	1952	0	0	0	0	1	0	0	0
GTGAACAAGATAAAGC-1	2425	5038	3995	8198	0	0	0	0	1	0	0	0
GTGAACAAGCCGCAGT-1	3283	6691	1292	2567	0	0	0	0	1	0	0	0
GTGAACAAGCCTAATA-1	705	940	1556	3081	0	0	0	0	1	0	0	0
GTGAACAAGTCACTAA-1	1762	2896	888	1742	0	0	1	0	1	0	0	0
GTGAATCTCACACAGT-1	6495	28138	11483	26953	0	0	2	0	1	0	0	0
GTGAGCGAGCCGCAGT-1	8699	39954	26763	78178	0	0	1	0	0	0	0	0
GTGAGCGAGTGCTGTG-1	951	3381	785	1502	0	0	0	0	1	0	0	0
GTGAGGAGTAATCACG-1	2975	5755	1263	2528	0	0	1	0	1	0	0	0
GTGAGGAGTATTGGTG-1	1815	3159	1003	1950	0	0	0	0	1	0	0	0
GTGAGGAGTGAAGCCT-1	8467	39654	12457	30377	1	0	2	0	1	0	0	0
GTGATCAGTACAATGT-1	1312	2649	5518	11497	0	0	0	0	1	0	0	0
GTGATCAGTCACAAAT-1	1289	2989	4014	9165	0	0	0	0	1	0	0	0
GTGATCAGTTATGTGG-1	2896	5859	1614	3104	0	0	0	0	1	0	0	0
GTGATCAGTTTGCTGT-1	6117	25437	8831	19324	0	0	0	0	1	0	0	0
GTGCAAGCAATTATGC-1	2090	4847	3164	6558	0	0	1	0	1	0	0	0
GTGCAAGCACAGAACG-1	1247	1702	2225	4521	0	0	0	0	1	0	0	0
GTGCAAGCACCATATG-1	2603	4515	1684	3363	0	0	0	0	1	0	0	0
GTGCAAGCACCGTTCC-1	2328	4106	1468	2778	0	0	0	0	1	0	0	0
GTGCACGGTATTGTCC-1	1601	2326	1588	3253	0	1	1	0	1	0	0	0
GTGCATTAGGCTCATG-1	1651	2491	380	717	0	0	0	0	1	0	0	0
GTGCATTAGTCTATGA-1	3923	8714	1266	2344	0	0	0	0	1	0	0	0
GTGCGCAGTACTGATG-1	4011	9749	5709	12014	0	0	2	0	1	0	0	0
GTGCGCAGTTGGATAT-1	2954	6620	3003	6387	0	1	0	0	1	0	0	0
GTGCGGTTCACGTTAA-1	1968	3120	255	482	0	0	0	0	1	0	0	0
GTGCGGTTCACTAATG-1	3529	7501	3907	8016	0	0	1	0	1	0	0	0
GTGCGGTTCAGCTAAC-1	5420	18072	8332	18110	0	0	1	0	1	0	0	0
GTGCGGTTCATGGTTA-1	1743	2978	448	845	0	0	0	0	1	0	0	0
GTGCGGTTCATTGCGG-1	1166	2645	819	1613	0	0	0	0	1	0	0	0
GTGCGGTTCTTGAGGT-1	2525	4804	880	1678	0	0	0	0	1	0	0	0
GTGCTCAAGCCTGAGC-1	6048	23261	14551	35075	0	0	0	0	1	0	0	0
GTGCTCAAGCTAATTG-1	1822	3019	4235	8948	0	0	0	0	1	0	0	0
GTGCTCAAGGTTTGCG-1	2847	5948	1106	2099	0	0	0	0	1	0	0	0
GTGCTCCGTGATCAGC-1	2402	4741	957	1904	0	0	0	0	1	0	0	0
GTGCTCCGTGGTGAGA-1	2089	3874	3753	7819	0	0	1	0	1	0	0	0
GTGCTCCGTTCGGTAA-1	9253	50589	28504	92205	0	0	1	0	0	0	0	0
GTGCTCCGTTGTTGTC-1	2991	6164	3710	7423	0	0	0	0	1	0	0	0
GTGCTGATCAATGTGC-1	2655	5362	4396	9168	0	0	0	0	1	0	0	0
GTGCTGATCCAACTGG-1	669	1014	1603	3179	0	0	0	0	1	0	0	0
GTGCTGATCCAAGTTA-1	3083	7318	4718	10198	0	0	1	0	1	0	0	0
GTGCTGGGTCATGAGC-1	2583	5275	5311	11402	0	0	0	0	1	0	0	0
GTGCTGGGTCCTTCTC-1	3618	8339	2770	5485	0	0	0	0	1	0	0	0
GTGCTGGGTGTTAGCA-1	4756	13784	10486	23839	0	0	0	0	1	0	0	0
GTGCTTACAAACCTAT-1	5130	14193	6939	15004	0	2	1	0	1	0	0	0
GTGCTTACAATAACCT-1	3132	6751	654	1252	0	0	1	0	1	0	0	0
GTGCTTACAATTGAAG-1	3640	8491	4046	8352	0	0	0	0	1	0	0	0
GTGCTTACACTTACAG-1	1727	2764	2962	5883	0	0	0	0	1	0	0	0
GTGCTTACATCTTGAG-1	1612	2684	3192	6799	1	0	1	0	1	0	0	0
GTGCTTCTCAAAGGCA-1	7421	29751	12883	30316	1	0	2	0	1	0	0	0
GTGCTTCTCCGTAAAC-1	3711	8074	7149	15714	0	0	0	0	1	0	0	0
GTGCTTCTCCTCCATA-1	5368	22431	11481	25791	0	0	0	0	1	0	0	0
GTGCTTCTCGTTAAGC-1	636	1026	1223	2373	0	0	0	0	1	0	0	0
GTGGATGCAGCTACGT-1	342	483	4685	9763	0	0	0	0	1	0	0	0
GTGGATGCATGGCCCA-1	2531	4906	2874	5547	0	0	0	0	1	0	0	0
GTGGATGCATGTTGTG-1	1050	2009	6931	15319	0	0	0	0	1	0	0	0
GTGGCTTCAAGGTCCT-1	3316	7632	4982	10695	0	0	0	0	1	0	0	0
GTGGCTTCAATTTAGC-1	3413	7464	5014	10552	0	0	0	0	1	0	0	0
GTGGCTTCACCTCAGG-1	1340	2036	2078	4178	0	0	1	0	1	0	0	0
GTGGCTTCATTTAAGC-1	1139	1579	1069	2111	0	0	1	0	1	0	0	0
GTGGTTAGTCACACCC-1	2969	6083	2326	4527	0	0	0	0	1	0	0	0
GTGGTTAGTGCTCCAC-1	3320	7111	7082	15305	0	0	0	0	1	0	0	0
GTGTAACTCATTAGGC-1	5773	17496	6020	12592	0	0	0	0	1	0	0	0
GTGTAACTCCTTGCGT-1	3225	6684	5800	12418	0	0	0	0	1	0	0	0
GTGTCCAAGCGGATTT-1	2256	3921	6695	15231	0	0	0	0	1	0	0	0
GTGTCCAAGCTCCTTA-1	2121	3602	638	1201	0	0	0	0	1	0	0	0
GTGTCCAAGGCTTAGT-1	3038	6433	1346	2625	0	0	0	0	1	0	0	0
GTGTCCAAGGGTGGAT-1	931	1557	1707	3383	0	0	0	0	1	0	0	0
GTGTCCAAGTTATTCC-1	2214	4248	1074	2085	0	0	2	0	1	0	0	0
GTGTCCAAGTTTGCGG-1	824	1185	2030	3975	0	0	0	0	1	0	0	0
GTGTGAGCAATACTGT-1	3433	8770	1395	2760	0	0	0	0	1	0	0	0
GTGTGAGCACACAATT-1	3484	8355	3513	7156	0	0	0	0	1	0	0	0
GTGTGAGCACCACAAC-1	3465	7643	2490	5192	0	1	1	0	1	0	0	0
GTGTGCGGTCGCATAA-1	2998	6017	1198	2240	0	0	1	0	1	0	0	0
GTGTGCGGTTAAGCGC-1	1581	2423	652	1287	0	0	0	0	1	0	0	0
GTGTGCGGTTCCGGCT-1	2730	5767	4177	8562	0	0	1	0	1	0	0	0
GTGTGCGGTTTCCACG-1	2714	6355	702	1312	0	0	0	0	1	0	0	0
GTGTGCGGTTTCGCGC-1	2838	5582	1880	3603	0	0	0	0	1	0	0	0
GTGTGTTAGCACGATT-1	1785	2897	799	1552	0	0	0	0	1	0	0	0
GTGTGTTAGGAGTCGG-1	1253	1831	1137	2244	0	0	0	0	1	0	0	0
GTGTGTTAGGGATTAG-1	3128	6269	148	283	0	0	0	0	1	0	0	0
GTGTGTTAGTTGGCCA-1	5974	17675	16528	42618	0	0	2	0	1	0	0	0
GTGTTACAGGGCTTTG-1	1282	1918	3608	7511	0	0	0	0	1	0	0	0
GTGTTACAGTGAGCGG-1	3334	7259	3918	8294	0	0	0	0	1	0	0	0
GTGTTACAGTTACCGG-1	1528	2502	1463	2843	2	1	1	0	1	1	1	1
GTGTTCCTCAGGATGA-1	738	977	2034	4149	1	1	0	0	1	0	0	1
GTGTTCCTCGAGCTAT-1	3851	8739	11291	25303	0	0	1	0	1	0	0	0
GTTAAACGTTAGGCGT-1	3858	9080	1137	2120	0	0	2	0	1	0	0	0
GTTAACCAGGAACGGT-1	6646	23785	961	1807	1	1	2	0	1	0	0	0
GTTAACCAGGCCAATT-1	2265	4194	2138	4235	0	0	0	0	1	0	0	0
GTTAACCAGGTGAAAT-1	2491	4765	4223	8783	0	0	0	0	1	0	0	0
GTTAACGGTCATGCCC-1	1554	2972	338	642	0	0	1	0	1	0	0	0
GTTAACGGTCTTTGAC-1	495	834	2630	5688	0	0	1	0	1	0	0	0
GTTAACGGTTGCGCGA-1	3701	9636	6831	14733	0	0	1	0	1	0	0	0
GTTAAGCTCCATTACT-1	4191	10472	2463	5090	1	2	1	0	1	0	0	1
GTTAAGCTCTTGGATA-1	5796	18315	15569	39309	0	0	2	0	1	0	0	0
GTTAAGTGTCATTGAG-1	2333	5356	6623	14731	0	0	1	0	1	0	0	0
GTTAAGTGTCTAACAG-1	1378	1926	7140	15527	0	0	0	0	1	0	0	0
GTTAAGTGTGGAGCAA-1	985	1302	7199	16234	1	1	0	0	1	0	0	1
GTTAATGTCCTGATGG-1	1207	2091	433	825	0	0	0	0	1	0	0	0
GTTAATGTCTTAGCCC-1	1525	2623	1190	2386	0	0	0	0	1	0	0	0
GTTACAGGTTCCGCAC-1	4293	11250	407	808	0	0	0	0	1	0	0	0
GTTACCTGTACCAGGT-1	594	766	1575	3043	0	0	0	0	1	0	0	0
GTTACGCCATAGGCGA-1	1549	2746	1970	3940	0	1	1	0	1	0	0	0
GTTACGTAGTTACCGG-1	3732	8182	2431	5079	0	0	1	0	1	0	0	0
GTTACTAAGCAACAAG-1	1966	3148	462	849	0	0	0	0	1	0	0	0
GTTACTAAGCACTTGG-1	4395	11271	5675	12013	0	0	0	0	1	0	0	0
GTTACTAAGCTCAAAC-1	3136	6735	3935	8367	0	0	1	0	1	0	0	0
GTTACTAAGGTTTACA-1	5748	14971	8443	18854	0	0	0	0	1	0	0	0
GTTACTAAGTATGTGC-1	6219	19625	2962	5775	0	0	1	0	1	0	0	0
GTTACTCGTCGCATAA-1	1690	2877	625	1197	0	0	0	0	1	0	0	0
GTTACTCGTCTCACTG-1	2803	6255	3593	7217	0	0	0	0	1	0	0	0
GTTACTCGTTAACACG-1	4123	11376	4877	10221	0	0	0	0	1	0	0	0
GTTACTCGTTGGCCGA-1	651	909	1484	2960	0	0	0	0	1	0	0	0
GTTACTCGTTTCGCGC-1	3223	7732	5710	11906	0	0	0	0	1	0	0	0
GTTAGACTCAAGACTC-1	1798	2840	1201	2346	0	0	1	0	1	0	0	0
GTTAGACTCCCAGTAG-1	2263	4300	2886	5806	0	0	0	0	1	0	0	0
GTTAGACTCGACAAAG-1	3670	7675	4194	8664	0	0	1	0	1	0	0	0
GTTAGGCGTGAGCACT-1	451	606	8674	19089	0	0	0	0	1	0	0	0
GTTAGGCGTTTCCGGC-1	1611	2633	3577	7355	0	0	2	0	1	0	0	0
GTTCACCTCCCTCACG-1	6927	26097	14243	34444	0	1	1	0	1	0	0	0
GTTCACCTCCGGTATG-1	6579	23190	15777	38633	0	0	0	0	1	0	0	0
GTTCACCTCCTCAGCT-1	1613	2849	454	876	0	0	2	0	1	0	0	0
GTTCATTTCATGCATA-1	3650	9555	3448	6964	0	0	0	0	1	0	0	0
GTTCATTTCCAAATCA-1	5393	16815	7887	16905	0	0	2	0	1	0	0	0
GTTCCCAGTAGGTGTC-1	3434	7385	4575	9354	0	0	0	0	1	0	0	0
GTTCCCAGTTAAATGC-1	3921	9864	8952	20087	0	0	0	0	1	0	0	0
GTTCCCAGTTAAGGTT-1	2345	4136	7639	16066	0	0	0	0	1	0	0	0
GTTCCCAGTTATCCGT-1	4299	12812	6367	13384	0	0	0	0	1	0	0	0
GTTCCCAGTTCCTGAT-1	1517	2478	1660	3236	0	0	0	0	1	0	0	0
GTTCCCAGTTTAGCTC-1	1982	3929	705	1330	0	0	1	0	1	0	0	0
GTTCCCAGTTTGCTGT-1	1506	2405	2529	5135	0	0	0	0	1	0	0	0
GTTCCTGGTGTGTCCC-1	3015	7615	4545	9203	0	0	2	0	1	0	0	0
GTTCCTGGTTCATTTG-1	4499	12127	6562	13826	0	0	0	0	1	0	0	0
GTTCCTTCACAGGATG-1	774	2006	5080	10889	0	0	0	0	1	0	0	0
GTTCCTTCACCTGCTC-1	4769	12664	3169	6331	0	0	1	0	1	0	0	0
GTTCGCGCAAGCGATG-1	2105	3793	3341	6845	0	0	2	0	1	0	0	0
GTTCGCGCAGCAAGGC-1	2262	4250	5422	11013	1	0	0	0	1	0	0	0
GTTCGCGCAGCTCAAC-1	904	1261	5190	10881	0	0	0	0	1	0	0	0
GTTCGCGCAGGACCTT-1	1201	2101	590	1138	0	0	0	0	1	0	0	0
GTTCGCTTCAAACCGT-1	1740	3016	4484	9661	0	0	0	0	1	0	0	0
GTTCGCTTCAAGCTTA-1	2018	3821	454	876	0	0	0	0	1	0	0	0
GTTCGCTTCATCGTTT-1	2297	6400	4244	8755	0	0	0	0	1	0	0	0
GTTCGCTTCGGTTAGT-1	663	1033	990	1908	0	0	0	0	1	0	0	0
GTTCGCTTCTTGCATT-1	1093	1549	1107	2215	0	0	0	0	1	0	0	0
GTTCTCATCAAGTGAG-1	3972	9250	4975	10355	1	0	0	0	1	0	0	0
GTTCTCATCAATCTCT-1	1942	3310	1600	3202	0	0	1	0	1	0	0	0
GTTCTCATCACCATTT-1	682	1111	2439	5099	0	0	0	0	1	0	0	0
GTTCTCATCACTAGGT-1	1483	2400	1230	2448	0	1	0	0	1	0	0	0
GTTCTCATCATTACTC-1	841	1366	1144	2242	0	0	0	0	1	0	0	0
GTTCTCATCCCTCACG-1	2369	4524	3541	7180	0	0	1	0	1	0	0	0
GTTCTCATCCGGGACT-1	539	774	1346	2692	0	0	1	0	1	0	0	0
GTTCTTAGTATTGAGT-1	1449	2213	1484	2964	0	0	0	0	1	0	0	0
GTTCTTAGTGCATCGG-1	4101	10237	4966	10256	0	0	0	0	1	0	0	0
GTTCTTAGTTTAGTCC-1	2379	4724	1289	2452	0	0	0	0	1	0	0	0
GTTCTTGTCAGCACCA-1	3524	8132	3411	6871	0	0	0	0	1	0	0	0
GTTCTTGTCCGGGACT-1	6805	27847	7696	17104	0	0	1	0	1	0	0	0
GTTCTTGTCTAAGGTC-1	4739	13904	5897	12001	0	0	0	0	1	0	0	0
GTTCTTGTCTAGCTAA-1	6789	26232	17035	42048	0	1	1	0	1	0	0	0
GTTGCATAGACAAACG-1	1237	1784	1044	2040	0	0	1	0	1	0	0	0
GTTGCATAGAGGATAT-1	2498	4867	7431	16208	0	0	0	0	1	0	0	0
GTTGCATAGGAACCAA-1	4373	15038	7604	16681	0	0	0	0	1	0	0	0
GTTGCCCGTCAATACG-1	3479	8018	1791	3586	0	0	0	0	1	0	0	0
GTTGCGGGTAAGCTCA-1	238	320	6806	14523	0	0	0	0	1	0	0	0
GTTGCGGGTGAATCGC-1	1038	1903	1056	2060	0	0	0	0	1	0	0	0
GTTGCGGGTGAGAAAC-1	3506	7783	10807	25797	0	0	0	0	1	0	0	0
GTTGCGGGTTGGTTGA-1	353	1002	3952	8200	0	0	0	0	1	0	0	0
GTTGCTGAGGCAACAA-1	5218	18558	6589	13794	0	0	0	0	1	0	0	0
GTTGCTGAGGTACCGC-1	1545	2427	448	845	0	0	0	0	1	0	0	0
GTTGCTGAGTAAGTGG-1	3539	8288	2764	5861	1	0	1	0	1	0	0	0
GTTGCTGAGTTTAACG-1	5820	21220	6160	13202	1	0	0	0	1	0	0	0
GTTGGAGCAAGGTACG-1	1124	1577	1570	3107	0	0	0	0	1	0	0	0
GTTGGAGCAATTGCGC-1	1152	2206	2684	5490	0	0	0	0	1	0	0	0
GTTGGAGCACAATGCC-1	1503	2331	743	1480	0	1	2	0	1	0	0	0
GTTGGAGCACCATATG-1	2306	3881	2750	5621	0	0	0	0	1	0	0	0
GTTGGAGCATAAGTCT-1	949	1350	1587	3076	2	1	0	0	1	1	1	1
GTTGGCCAGGCATGTT-1	2169	3746	1679	3369	0	0	0	0	1	0	0	0
GTTGGCCAGGTCGAGG-1	637	1315	2009	4082	0	0	0	0	1	0	0	0
GTTGGCCAGTAGGCGG-1	8077	32138	10981	25266	0	0	2	0	1	0	0	0
GTTGGCGGTAACCTAG-1	1185	1667	2001	4273	0	0	0	0	1	0	0	0
GTTGGCGGTAGTTAAC-1	1788	2917	1184	2289	0	0	0	0	1	0	0	0
GTTGGCGGTCTTACTA-1	1515	2428	817	1572	0	0	0	0	1	0	0	0
GTTGGCGGTGTGTGGT-1	1634	2414	860	1613	0	0	0	0	1	0	0	0
GTTGGCGGTTGCAGTA-1	1744	2619	426	803	0	0	1	0	1	0	0	0
GTTGTGAGTCGCAAAC-1	2699	5776	2426	5065	0	0	0	0	1	0	0	0
GTTGTGAGTGCATTAG-1	4091	9556	11034	26185	0	0	0	0	1	0	0	0
GTTGTGAGTGTTGTAG-1	1852	3059	873	1700	0	0	0	0	1	0	0	0
GTTGTTGCAAATACCT-1	8020	34109	9063	20074	0	0	2	0	1	0	0	0
GTTGTTGCAGCTAATT-1	985	2854	5652	12121	0	0	0	0	1	0	0	0
GTTTAACCAATTAGGA-1	2188	3629	1680	3342	0	0	0	0	1	0	0	0
GTTTAACCACTTCATC-1	3167	7151	5187	10637	0	0	0	0	1	0	0	0
GTTTAACCATCCCTCA-1	1139	1956	571	1093	0	1	1	0	1	0	0	0
GTTTACCGTAAGCTTG-1	2982	5744	5373	11321	0	0	0	0	1	0	0	0
GTTTACCGTAATGGCC-1	2249	4739	1440	2877	0	0	0	0	1	0	0	0
GTTTACCGTCACAGAC-1	1583	2708	2379	4801	0	0	0	0	1	0	0	0
GTTTACCGTTCCGGCT-1	2120	3742	1490	2943	0	0	0	0	1	0	0	0
GTTTACCGTTTGTTGC-1	724	1032	1644	3206	0	0	0	0	1	0	0	0
GTTTAGCAGCATGTCG-1	4933	13031	10350	22946	0	0	1	0	1	0	0	0
GTTTAGCAGCTAAAGG-1	4398	14191	12157	28166	0	0	0	0	1	0	0	0
GTTTAGCAGCTGAGGG-1	1781	2757	1736	3361	0	0	1	0	1	0	0	0
GTTTAGCAGGCTGGCT-1	7013	31799	13802	32108	0	0	1	0	1	0	0	0
GTTTAGCAGTCAGTAC-1	918	1802	500	978	0	0	0	0	1	0	0	0
GTTTATCTCAGAAACG-1	1546	2875	1090	2104	0	0	0	0	1	0	0	0
GTTTATCTCCCTGATC-1	8238	41209	19674	49726	0	0	1	0	1	0	0	0
GTTTATCTCGGTCAAT-1	1707	2592	1665	3174	0	0	1	0	1	0	0	0
GTTTATCTCTTGTCCA-1	2561	4776	4055	8320	0	0	0	0	1	0	0	0
GTTTCAGCATAGGCGA-1	1861	4230	28416	86703	0	0	0	0	0	0	0	0
GTTTCCTCAAAGCGGC-1	1299	1944	550	1033	0	0	1	0	1	0	0	0
GTTTCCTCACAGACTC-1	355	507	9454	21956	0	0	1	0	1	0	0	0
GTTTCCTCACCCACCT-1	1836	3281	1095	2174	0	0	0	0	1	0	0	0
GTTTCCTCATACTCCT-1	731	1138	1239	2336	1	0	0	0	1	0	0	0
GTTTCTAGTGCTAGAC-1	2911	6442	3030	6013	0	0	0	0	1	0	0	0
GTTTCTAGTTATAGCG-1	3040	6558	6933	15084	0	0	0	0	1	0	0	0
GTTTCTAGTTCCTCCT-1	2188	4256	2757	5564	0	0	0	0	1	0	0	0
GTTTGCTGTGGGTACT-1	1560	2818	712	1367	0	0	0	0	1	0	0	0
GTTTGCTGTTGTTGGA-1	1374	2049	1654	3358	0	0	1	0	1	0	0	0
GTTTGTAAGCACAGCC-1	3823	9154	1356	2719	0	1	1	0	1	0	0	0
GTTTGTAAGGTTTGCG-1	1137	1902	1174	2263	0	0	0	0	1	0	0	0
GTTTGTAAGTAACTCA-1	697	1050	1479	2912	0	0	0	0	1	0	0	0
GTTTGTAAGTAAGAAC-1	2875	6025	6360	13799	1	0	0	0	1	0	0	0
GTTTGTCGTAATCGCA-1	4802	12564	14021	34207	0	0	1	0	1	0	0	0
GTTTGTCGTAATGGAA-1	2500	5416	944	1818	0	0	0	0	1	0	0	0
GTTTGTCGTCATTGTC-1	2267	4443	2623	5244	0	0	0	0	1	0	0	0
GTTTGTCGTCGACTAA-1	1600	2552	891	1738	0	0	0	0	1	0	0	0
GTTTGTCGTCGCAAAC-1	3124	6032	1759	3578	1	1	1	0	1	0	0	1
GTTTGTCGTTCGGTAA-1	2717	5141	4069	8367	0	0	0	0	1	0	0	0
GTTTGTTTCACCATTT-1	2710	4898	2050	4131	0	0	0	0	1	0	0	0
TAAACAGCAAGCCAGA-1	5016	13573	10281	24001	0	0	1	0	1	0	0	0
TAAACAGCACCACAAC-1	7402	31418	9679	22134	1	0	0	0	1	0	0	0
TAAACAGCAGCACGTT-1	406	669	2179	4372	0	0	0	0	1	0	0	0
TAAACAGCAGGCTTCG-1	2408	4366	6643	14511	0	0	0	0	1	0	0	0
TAAACAGCATAGGCGA-1	1476	2353	1173	2177	0	0	1	0	1	0	0	0
TAAACAGCATGTCAGC-1	3635	8799	6417	13693	0	0	0	0	1	0	0	0
TAAAGCCTCAAGGACA-1	6581	22161	8047	17758	0	1	1	0	1	0	0	0
TAAAGCCTCATAACTG-1	3651	9108	4344	8969	0	0	0	0	1	0	0	0
TAAAGCCTCCTCCCTC-1	6159	25450	11261	26903	0	0	0	0	1	0	0	0
TAACCGGTCATTGCAA-1	1881	3848	4254	8925	1	0	0	0	1	0	0	0
TAACCGGTCCCTCACG-1	3197	6265	3229	6523	0	0	1	0	1	0	0	0
TAACCGGTCGGGATTT-1	4307	12439	8869	19823	0	0	1	0	1	0	0	0
TAACCGGTCGTTAACA-1	1946	3451	3342	6719	0	0	0	0	1	0	0	0
TAACCTAAGACTATTG-1	998	1718	3874	8052	0	0	0	0	1	0	0	0
TAACCTAAGATGGACA-1	6124	19227	4210	8807	0	0	1	0	1	0	0	0
TAACCTAAGCTAATCA-1	2697	5478	2764	5485	0	0	0	0	1	0	0	0
TAAGCCAGTGATGGCT-1	917	1492	893	1709	0	0	0	0	1	0	0	0
TAAGCCAGTGCAACTA-1	2621	5400	11615	25130	0	0	0	0	1	0	0	0
TAAGCCAGTGCTTAGA-1	3440	8125	273	507	0	0	0	0	1	0	0	0
TAAGCCAGTTGCACAA-1	4487	12360	4370	8965	0	0	0	0	1	0	0	0
TAAGCCTAGGAAACTG-1	6706	24438	8711	19316	0	0	1	0	1	0	0	0
TAAGCTATCAAGTGTC-1	2363	4443	1395	2657	0	0	0	0	1	0	0	0
TAAGCTATCCTCGATC-1	3636	8706	3073	6151	0	0	0	0	1	0	0	0
TAAGCTATCGGTTTCC-1	1755	2947	1488	2988	0	0	2	0	1	0	0	0
TAAGCTATCTTGCAGG-1	1671	2840	3655	7432	0	0	0	0	1	0	0	0
TAAGCTGGTACCGTAA-1	4487	12267	1375	2599	0	0	0	0	1	0	0	0
TAAGCTGGTCCTAAGA-1	5957	19462	3996	7944	0	0	0	0	1	0	0	0
TAAGCTGGTGTGCACG-1	1289	2296	396	756	0	0	2	0	1	0	0	0
TAAGCTGGTTAGACCA-1	4482	11305	7341	15521	0	0	1	0	1	0	0	0
TAAGCTGGTTTGCGCC-1	531	785	2848	5545	0	0	0	0	1	0	0	0
TAAGGACCAATTGAAG-1	3156	6401	7393	16161	0	0	2	0	1	0	0	0
TAAGGCTTCAAATCGC-1	3757	8415	4017	7985	0	0	0	0	1	0	0	0
TAAGGCTTCCTGATGG-1	1375	2214	1735	3291	2	0	0	0	1	1	0	0
TAAGGCTTCGTTACTT-1	2694	4974	2718	5547	0	0	0	0	1	0	0	0
TAAGTAGCAAGGATTA-1	8460	38913	21534	59430	0	0	2	0	0	0	0	0
TAAGTAGCACAGAACG-1	2509	4327	6108	12807	0	0	1	0	1	0	0	0
TAAGTGCTCCCTCGCA-1	1992	3736	4558	9076	0	0	1	0	1	0	0	0
TAAGTGCTCCTTCAAT-1	1745	3296	595	1105	0	0	1	0	1	0	0	0
TAAGTGCTCCTTGTTG-1	2600	7420	845	1613	0	0	1	0	1	0	0	0
TAAGTGCTCGCTATAA-1	1372	2764	620	1190	0	0	2	0	1	0	0	0
TAATCACCAAACCTTG-1	1619	2587	4053	8392	0	0	0	0	1	0	0	0
TAATCACCAACAGGTG-1	6231	21637	6975	15016	0	0	0	0	1	0	0	0
TAATCCGCAACCCTAA-1	714	1144	1053	2017	0	0	0	0	1	0	0	0
TAATCCGCACAGAAAC-1	7061	26719	11563	26532	0	0	0	0	1	0	0	0
TAATCCGCAGGGAGCT-1	4500	15231	4697	9773	0	0	1	0	1	0	0	0
TAATGCATCATTGTTC-1	4437	10095	4868	10157	3	2	2	0	1	1	0	0
TAATGCATCCGCAAGC-1	3428	7663	2048	4002	0	0	1	0	1	0	0	0
TAATGCATCCTAGTCC-1	2830	5404	3207	6243	1	1	0	0	1	0	0	1
TAATGCATCGATTTGA-1	2603	5704	3007	6197	0	0	0	0	1	0	0	0
TAATGGACACGGTACT-1	2606	4984	5152	10453	0	0	1	0	1	0	0	0
TAATGGACACTAAATC-1	3266	7074	5030	10562	0	0	1	0	1	0	0	0
TAATGGACAGGTTATT-1	2590	4598	757	1481	0	0	0	0	1	0	0	0
TAATGGACATTAAGTC-1	2884	5683	4331	8807	0	0	0	0	1	0	0	0
TAATGGACATTGCGGT-1	3507	8857	2655	5426	0	0	0	0	1	0	0	0
TAATGGTGTTAGCCAA-1	780	1227	920	1808	0	0	0	0	1	0	0	0
TAATGGTGTTTCCTCC-1	739	1404	965	1878	0	0	1	0	1	0	0	0
TAATTGCCAGTTTCTC-1	3158	7679	3875	8256	0	0	3	0	1	0	0	0
TACAACATCACGTTAA-1	336	603	6916	14098	0	0	0	0	1	0	0	0
TACAACATCTGGCTTC-1	5326	17764	933	1736	0	0	0	0	1	0	0	0
TACAAGCTCTGGCATG-1	2768	5603	9077	20739	0	0	0	0	1	0	0	0
TACAATGTCCTTAAGA-1	2719	5363	4017	8093	0	0	0	0	1	0	0	0
TACAGCTAGTATCGCG-1	3583	11733	3468	7035	0	0	1	0	1	0	0	0
TACAGCTAGTTATCTC-1	907	1279	2539	5389	2	1	0	1	1	1	1	1
TACAGGTTCATTGTTC-1	3787	9074	6889	14854	0	0	0	0	1	0	0	0
TACAGGTTCCTTTACG-1	1917	3357	3127	6569	0	0	1	0	1	0	0	0
TACAGGTTCGCCTGTT-1	2832	8535	3518	7362	0	0	0	0	1	0	0	0
TACAGGTTCGGTCAAT-1	2415	4823	5034	10109	0	0	1	0	1	0	0	0
TACATCAAGCTCCCTG-1	2148	3861	796	1515	0	0	0	0	1	0	0	0
TACATCAAGGAACCGG-1	2939	7110	3834	7749	0	0	0	0	1	0	0	0
TACATCAAGGAGTAAT-1	4200	10238	2604	5059	0	0	0	0	1	0	0	0
TACATCAAGTCTATGA-1	3521	8661	3559	7139	0	0	1	0	1	0	0	0
TACATCAAGTTAGGCT-1	2138	3453	2543	5213	0	0	0	0	1	0	0	0
TACCAAATCATAGCCG-1	2489	5714	2679	5428	0	0	1	0	1	0	0	0
TACCAAATCCCATAAA-1	1260	1826	758	1487	0	0	1	0	1	0	0	0
TACCAAATCCTGGCTT-1	1249	2109	4045	8657	0	0	0	0	1	0	0	0
TACCAAATCCTTCAAT-1	2610	5133	740	1414	0	0	0	0	1	0	0	0
TACCAGGTCATCGTTT-1	4296	10270	433	810	0	0	0	0	1	0	0	0
TACCAGGTCATGAGCT-1	1021	1527	2547	5250	0	0	1	0	1	0	0	0
TACCAGGTCGCAATCG-1	2746	7228	386	734	0	0	0	0	1	0	0	0
TACCAGGTCGGCCAGT-1	1270	1794	1556	3098	0	0	0	0	1	0	0	0
TACCCGGCACATAGCC-1	1466	2290	1034	2015	0	0	0	0	1	0	0	0
TACCGAAGTCCGCTGT-1	3142	6565	1800	3670	0	0	0	0	1	0	0	0
TACCGAAGTGAGCACT-1	4140	9970	9202	20211	0	0	0	0	1	0	0	0
TACCGAAGTGCTTACT-1	7977	38019	726	1375	0	0	1	0	1	0	0	0
TACCGAAGTGTCCAGG-1	893	1693	597	1161	0	0	0	0	1	0	0	0
TACCGCAAGCAAGGTA-1	2918	5339	3022	6147	0	0	1	0	1	0	0	0
TACCGCAAGGCCATCA-1	1342	2125	2061	4281	0	0	0	0	1	0	0	0
TACCGTTGTCGACTCC-1	1560	2408	2421	4914	0	0	1	0	1	0	0	0
TACCGTTGTTGCTGGG-1	356	2148	6934	15250	0	0	0	0	1	0	0	0
TACCTCATCATGCTAA-1	1782	2870	1049	2075	0	0	0	0	1	0	0	0
TACCTCATCCACCTGT-1	1794	2998	720	1370	0	0	0	0	1	0	0	0
TACCTCATCCCTGACT-1	5125	14206	5858	12221	0	0	1	0	1	0	0	0
TACCTCATCCTAATAG-1	8015	36158	13835	32934	0	1	2	0	1	0	0	0
TACCTCATCCTGGTCT-1	2350	4490	4420	9528	0	0	2	0	1	0	0	0
TACCTGCTCGGCTATG-1	3507	7795	2885	5737	0	0	2	0	1	0	0	0
TACCTGCTCTAGCTAA-1	3471	8020	5700	12023	0	0	0	0	1	0	0	0
TACCTGCTCTCATCAT-1	12750	145511	32708	106921	0	0	2	0	0	0	0	0
TACCTTAGTAAGCTCA-1	328	408	5626	11542	0	0	0	0	1	0	0	0
TACCTTAGTGGGTGAA-1	4004	9713	4954	10293	0	0	0	0	1	0	0	0
TACCTTAGTTACTTCA-1	3682	9149	6882	14483	0	0	0	0	1	0	0	0
TACCTTTAGGGTCCAC-1	2623	5281	5327	11255	0	0	1	0	1	0	0	0
TACGCACCAATTAGCT-1	2537	4840	3521	6926	0	0	0	0	1	0	0	0
TACGCACCACGTAAGG-1	1858	3127	1087	2134	0	0	0	0	1	0	0	0
TACGCACCACGTAATT-1	2029	3662	798	1571	0	0	1	0	1	0	0	0
TACGCACCAGGAATCG-1	673	1382	2494	5162	0	0	0	0	1	0	0	0
TACGCTTGTAGCCATA-1	1613	3197	349	680	0	0	1	0	1	0	0	0
TACGCTTGTCCTTCTC-1	1302	1858	1534	3140	0	0	0	0	1	0	0	0
TACGCTTGTTAATCGG-1	2669	5354	2672	5369	0	0	0	0	1	0	0	0
TACGCTTGTTAGGTGC-1	1907	3322	2320	4582	0	0	0	0	1	0	0	0
TACGGATTCAATAGCC-1	407	605	2786	5656	0	0	0	0	1	0	0	0
TACGGATTCCAGCACA-1	2420	4478	4933	10158	0	0	0	0	1	0	0	0
TACGGATTCGTTCACC-1	2640	5288	2968	6136	0	0	0	0	1	0	0	0
TACGGTTAGCATGTTA-1	3317	7493	6731	15088	0	0	0	0	1	0	0	0
TACGGTTAGGCTACAT-1	2290	4824	8950	20170	0	0	1	0	1	0	0	0
TACGGTTAGGGACCTC-1	2487	4278	1147	2281	0	0	0	0	1	0	0	0
TACGTAATCATAGACC-1	4171	14743	4129	7949	1	0	0	0	1	0	0	0
TACGTAATCCTAAGAC-1	1546	2695	3673	7478	0	0	1	0	1	0	0	0
TACGTAATCGCAGGCT-1	4302	11192	11327	27034	0	0	1	0	1	0	0	0
TACGTAATCGTGCCTT-1	1896	4556	781	1519	0	0	0	0	1	0	0	0
TACGTACAGACAAAGT-1	4100	9676	2322	4839	0	0	1	0	1	0	0	0
TACGTACAGAGAGCCG-1	3276	7440	4675	9819	0	0	0	0	1	0	0	0
TACGTACAGCAAGGTA-1	534	795	1796	3579	0	0	0	0	1	0	0	0
TACGTACAGCCGCTTT-1	1743	3194	1778	3556	0	0	0	0	1	0	0	0
TACGTACAGCTGGCTA-1	3423	8833	6254	13633	0	0	0	0	1	0	0	0
TACGTACAGGATTGAG-1	2304	4281	4125	8937	0	0	0	0	1	0	0	0
TACGTTAAGGAGTCTT-1	229	289	4642	10036	0	0	0	0	1	0	0	0
TACTAAGTCAGCTAAC-1	532	857	1248	2452	0	0	0	0	1	0	0	0
TACTAAGTCATTACGA-1	1663	2665	740	1418	1	2	0	0	1	0	0	1
TACTAAGTCCGCCTAT-1	3659	9667	10524	24577	0	0	0	0	1	0	0	0
TACTAAGTCTGGCATG-1	631	831	1405	2744	0	0	0	0	1	0	0	0
TACTAAGTCTTGGACG-1	1761	3134	3537	7263	0	0	0	0	1	0	0	0
TACTCAAAGAGGCTAA-1	2623	5167	2854	5907	1	0	0	0	1	0	0	0
TACTCAAAGCCAAATC-1	3193	6435	3471	7401	0	0	0	0	1	0	0	0
TACTCAAAGCTCCTAC-1	5089	14005	15918	38403	1	0	1	0	1	0	0	0
TACTCAAAGCTTATGA-1	1901	3306	1037	2060	0	0	0	0	1	0	0	0
TACTCAAAGCTTTGGG-1	3314	8862	5219	10977	0	0	0	0	1	0	0	0
TACTGACAGCCTGATG-1	1550	2331	1542	3014	0	0	2	0	1	0	0	0
TACTGACAGGTCCTGA-1	2654	6318	7901	17261	0	0	0	0	1	0	0	0
TACTGACAGGTGAAAT-1	2172	3798	358	682	0	0	1	0	1	0	0	0
TACTGACAGTAAGAAC-1	2575	5487	4328	8874	0	0	1	0	1	0	0	0
TACTGACAGTAGCCAT-1	2765	5291	1143	2222	0	0	0	0	1	0	0	0
TACTGACAGTGAACAG-1	5723	16567	9621	22007	0	1	1	0	1	0	0	0
TACTGACAGTGTTGTA-1	5856	17344	7493	16344	0	0	3	0	1	0	0	0
TACTGAGGTAGGATCC-1	6022	20284	3368	7098	0	0	1	0	1	0	0	0
TACTGAGGTGCTCACC-1	2395	4484	5466	11367	0	0	0	0	1	0	0	0
TACTGAGGTTAATGAC-1	1772	2998	4995	10624	0	0	0	0	1	0	0	0
TACTGCACAACACTTG-1	598	843	5127	11097	0	0	0	0	1	0	0	0
TACTGCACAAGGGTTG-1	2185	3863	1313	2553	0	0	0	0	1	0	0	0
TACTGCACAAGTAAGC-1	2116	4689	4966	9986	0	0	1	0	1	0	0	0
TACTGCACAAGTTATC-1	1526	2321	964	1889	0	0	1	0	1	0	0	0
TACTGCACACAGGGAC-1	2817	7290	5478	11625	0	0	1	0	1	0	0	0
TACTGCACACCTAAGC-1	1478	2313	5091	10779	0	0	0	0	1	0	0	0
TACTGCACAGTTTACG-1	6496	21507	9868	22545	0	1	2	0	1	0	0	0
TACTGGCCATTAAGTC-1	3523	7974	6549	14148	0	0	1	0	1	0	0	0
TACTTCGTCGAGGTGG-1	2038	3338	2671	5669	0	0	1	0	1	0	0	0
TACTTCGTCTCAATAG-1	3907	11763	4911	10474	0	0	1	0	1	0	0	0
TACTTCGTCTTAAGTG-1	4712	12445	12436	28216	0	0	0	0	1	0	0	0
TACTTGTTCAATCTCT-1	6225	21074	6847	14938	0	0	2	0	1	0	0	0
TACTTGTTCATTGCGG-1	2100	5884	5023	10594	0	0	0	0	1	0	0	0
TACTTGTTCCGCCAAA-1	2263	3820	1820	3604	0	0	1	0	1	0	0	0
TACTTGTTCCGCCTAT-1	7418	30047	10827	24564	0	0	1	0	1	0	0	0
TAGACCAGTTGACTTC-1	1583	2400	1391	2774	2	1	0	0	1	1	1	1
TAGACCAGTTGCCTCA-1	2945	6182	6164	12882	0	0	1	0	1	0	0	0
TAGAGCCGTATTTGCC-1	866	1358	1235	2399	0	0	0	0	1	0	0	0
TAGAGCCGTCGTAATG-1	2434	4880	1922	3734	0	0	0	0	1	0	0	0
TAGAGCCGTCTTTATG-1	2160	4396	273	503	0	0	2	0	1	0	0	0
TAGAGCCGTGTTGTAG-1	2362	4559	2934	5962	0	0	0	0	1	0	0	0
TAGCAGGCAACCCTCC-1	7034	29975	10886	25738	0	0	1	0	1	0	0	0
TAGCAGGCAGTTAGCC-1	3082	7854	6438	13964	0	0	0	0	1	0	0	0
TAGCATATCGAAGTAG-1	4898	12393	13638	33065	0	0	0	0	1	0	0	0
TAGCCGGGTGGATTAT-1	1672	3055	3712	7685	0	0	1	0	1	0	0	0
TAGCCGGGTTGCATCT-1	2087	4280	1626	3033	0	0	1	0	1	0	0	0
TAGCCTCTCAAACCTA-1	1465	2195	1624	3371	0	0	1	0	1	0	0	0
TAGCCTCTCCCTGGAA-1	2753	5941	2167	4201	0	0	0	0	1	0	0	0
TAGCCTGAGAAGGTGC-1	1045	1967	1718	3584	0	0	1	0	1	0	0	0
TAGCCTGAGACTAAGG-1	2038	3487	4767	9962	0	0	0	0	1	0	0	0
TAGCCTGAGCACTAAC-1	2435	4506	704	1351	0	0	0	0	1	0	0	0
TAGCCTGAGCATTAGC-1	4771	13487	478	888	0	0	0	0	1	0	0	0
TAGCCTGAGCTATTAG-1	3415	7335	6154	13226	0	0	0	0	1	0	0	0
TAGCCTGAGGCAACAA-1	2674	5365	2579	5086	0	0	0	0	1	0	0	0
TAGCCTGAGTAGCGGG-1	2703	7000	2796	5441	0	0	0	0	1	0	0	0
TAGCCTTGTAATCGGC-1	1226	2073	578	1079	3	2	0	0	1	1	1	1
TAGCCTTGTACCGAAC-1	7253	28257	10327	23179	0	0	2	0	1	0	0	0
TAGCCTTGTGAATCGC-1	4103	9537	9990	23224	0	0	1	0	1	0	0	0
TAGCCTTGTTAATGCG-1	1776	3190	870	1659	0	0	0	0	1	0	0	0
TAGCCTTGTTTATTCG-1	2681	5312	702	1335	0	0	0	0	1	0	0	0
TAGCGCGGTCTTTGAC-1	4781	14312	6340	13594	0	0	1	0	1	0	0	0
TAGCGCGGTGGTTAGC-1	4015	9377	7767	17104	0	0	0	0	1	0	0	0
TAGCGCGGTGTAATAC-1	2906	10046	5247	10522	0	0	0	0	1	0	0	0
TAGCGCGGTTGCACAA-1	2475	4573	8026	18638	0	0	0	0	1	0	0	0
TAGCGGACATTGCGTA-1	3064	6231	7112	15111	0	1	1	0	1	0	0	0
TAGCTAGGTAATGACT-1	3332	8463	8200	17616	0	0	0	0	1	0	0	0
TAGCTAGGTATTGTGG-1	3400	8601	1842	3747	0	0	0	0	1	0	0	0
TAGCTAGGTCTTTGAC-1	297	420	4755	9657	0	0	0	0	1	0	0	0
TAGCTTAAGCGGTTAT-1	2744	5328	3200	6481	0	0	0	0	1	0	0	0
TAGCTTAAGGGATGCG-1	3501	9020	15555	36773	0	0	0	0	1	0	0	0
TAGCTTGCAAGCTTAT-1	1803	2977	1679	3418	0	0	0	0	1	0	0	0
TAGCTTGCAGCCGCTA-1	2641	5518	5216	10711	0	0	1	0	1	0	0	0
TAGCTTGCATAGACTT-1	3424	7717	936	1751	0	0	0	0	1	0	0	0
TAGCTTGCATGCTATG-1	2958	5463	904	1761	0	0	2	0	1	0	0	0
TAGGAACCAAACTGTT-1	1153	3975	1709	3351	0	0	1	0	1	0	0	0
TAGGAACCAGGACACA-1	1989	3670	2326	4534	0	0	0	0	1	0	0	0
TAGGAACCAGTTATCG-1	3677	8829	3194	6768	1	0	0	0	1	0	0	0
TAGGAGGGTAATCGTG-1	2313	4322	6857	15039	0	0	0	0	1	0	0	0
TAGGAGGGTCAACAAT-1	1328	2756	787	1504	0	0	0	0	1	0	0	0
TAGGAGGGTGAATCGC-1	6455	22193	8386	18489	0	0	0	0	1	0	0	0
TAGGAGGGTTTACGTC-1	1580	2376	2517	5288	0	0	2	0	1	0	0	0
TAGGAGGGTTTCAGGA-1	5260	14311	16122	39606	1	0	0	0	1	0	0	0
TAGGAGTCACCCACAG-1	1350	2096	3525	6943	0	0	0	0	1	0	0	0
TAGGAGTCACCTATAG-1	1257	1825	2663	5203	0	0	1	0	1	0	0	0
TAGGAGTCACCTCGCT-1	816	1193	1633	3022	0	0	0	0	1	0	0	0
TAGGCTAGTACCGAAC-1	3186	6685	9707	23319	0	0	1	0	1	0	0	0
TAGGCTAGTCAGGCCA-1	4982	12267	13217	29929	0	0	1	0	1	0	0	0
TAGGCTAGTTCGCTCA-1	684	1058	1133	2231	0	0	1	0	1	0	0	0
TAGGCTGTCCCGTTTA-1	1477	2388	844	1627	0	0	0	0	1	0	0	0
TAGGCTGTCGTACCGA-1	1111	1875	3217	6670	0	0	0	0	1	0	0	0
TAGGCTTAGCAAACCT-1	5350	17201	8437	19179	0	0	0	0	1	0	0	0
TAGGCTTAGCATGGTT-1	2492	4297	4462	9475	2	1	0	0	1	1	1	1
TAGGCTTAGGACCAGG-1	9320	50978	3584	7128	0	2	2	0	0	0	0	0
TAGGCTTAGGACCGCT-1	3810	9549	7255	15671	0	0	0	0	1	0	0	0
TAGGCTTAGGAGCAAC-1	3446	8286	11291	26073	0	0	0	0	1	0	0	0
TAGGGTTTCAAACCTA-1	3038	5864	3481	6957	0	0	0	0	1	0	0	0
TAGGGTTTCATTCATC-1	4548	17074	6865	14433	0	1	1	0	1	0	0	0
TAGGGTTTCTCCATAT-1	2590	5355	1431	2866	0	0	0	0	1	0	0	0
TAGGTGCGTCCAAATG-1	3630	9944	5101	10627	0	0	0	0	1	0	0	0
TAGGTGCGTCTAGCTT-1	6338	25437	8117	17292	0	0	1	0	1	0	0	0
TAGGTGCGTGCAACTA-1	2526	6103	1532	3065	0	0	1	0	1	0	0	0
TAGGTGCGTGGTGAGA-1	1152	1605	1332	2686	0	0	1	0	1	0	0	0
TAGGTGCGTTTCCGGC-1	2517	4899	2992	6093	0	0	1	0	1	0	0	0
TAGGTTATCATAATCG-1	1594	2552	604	1135	0	0	1	0	1	0	0	0
TAGGTTATCTAACTGA-1	1065	1495	1141	2170	0	0	0	0	1	0	0	0
TAGGTTGGTAAAGCGG-1	1323	1875	1317	2627	0	0	1	0	1	0	0	0
TAGGTTGGTTCACCAT-1	445	623	2109	4338	0	0	0	0	1	0	0	0
TAGTAACGTACAATGT-1	1804	2970	2926	5935	0	0	1	0	1	0	0	0
TAGTAACGTATACTGG-1	8444	43201	10519	24311	0	0	2	0	1	0	0	0
TAGTAACGTGATGATT-1	1329	2289	2369	4753	0	0	1	0	1	0	0	0
TAGTAACGTGTTGCAA-1	825	1384	822	1574	0	0	0	0	1	0	0	0
TAGTAACGTGTTTGAG-1	4027	9439	4606	9583	0	0	0	0	1	0	0	0
TAGTAACGTTTGGGTA-1	921	1536	867	1665	0	0	0	0	1	0	0	0
TAGTAAGCAAATTCGT-1	4186	10468	8699	19211	0	0	1	0	1	0	0	0
TAGTAAGCAATAACGA-1	3075	6869	5976	12754	0	0	1	0	1	0	0	0
TAGTAAGCACCACAAC-1	1219	2497	416	797	0	0	0	0	1	0	0	0
TAGTAGGAGCTTACTT-1	926	1196	1781	3533	0	0	1	0	1	0	0	0
TAGTAGGAGCTTCTCA-1	933	1544	2277	4634	0	0	1	0	1	0	0	0
TAGTCAATCACAGGAA-1	5343	16707	15925	41259	0	0	0	0	1	0	0	0
TAGTCAATCATTGCGG-1	5821	18242	10246	23712	3	1	0	0	1	1	1	1
TAGTCAATCCACCCTG-1	938	2157	487	966	0	0	1	0	1	0	0	0
TAGTCAATCCCATAGG-1	2802	6045	5193	10752	0	0	0	0	1	0	0	0
TAGTGAGAGACCATAC-1	2041	4106	2564	4976	0	0	0	0	1	0	0	0
TAGTGAGAGCAGGTTT-1	898	1374	1084	2104	0	0	0	0	1	0	0	0
TAGTGAGAGGAGGACT-1	3326	7514	6525	13907	0	0	0	0	1	0	0	0
TAGTGAGAGGCGTAAA-1	3233	6753	480	917	0	0	0	0	1	0	0	0
TAGTGAGAGTAAGGGC-1	1342	2194	1516	3013	0	0	0	0	1	0	0	0
TAGTGAGAGTGTTGTA-1	2605	4842	1199	2418	0	0	0	0	1	0	0	0
TAGTGTGGTTGTAAAC-1	4505	10757	10782	24590	0	0	1	0	1	0	0	0
TAGTTGTCAAAGCTCC-1	402	593	8943	19813	0	0	0	0	1	0	0	0
TAGTTGTCACCTGCTC-1	1619	3572	2910	5784	0	0	0	0	1	0	0	0
TAGTTGTCACGGTTTA-1	2704	5706	4900	9842	0	0	0	0	1	0	0	0
TAGTTGTCACTTAACG-1	3081	6602	4237	8526	0	0	0	0	1	0	0	0
TAGTTGTCATTGTGGC-1	1033	1471	1648	3324	3	1	0	0	1	1	1	1
TAGTTTGAGGCTAGAA-1	3780	8106	5127	10769	0	0	1	0	1	0	0	0
TAGTTTGAGTGAACGA-1	2148	4047	3591	7409	0	0	0	0	1	0	0	0
TATAACCCAATTTAGC-1	1485	2298	1242	2412	0	0	0	0	1	0	0	0
TATAACCCACCTATAG-1	2790	5375	3250	6440	0	0	0	0	1	0	0	0
TATAACCCACCTCACC-1	8444	48620	25137	72228	0	1	2	0	0	0	0	0
TATAACCCAGAACCGA-1	1752	3080	3104	6160	0	0	2	0	1	0	0	0
TATAACCCATGAGTTT-1	973	1796	6022	12461	0	0	0	0	1	0	0	0
TATAGCCAGAAGCTAG-1	5306	16436	10184	23373	0	1	1	0	1	0	0	0
TATAGCTCAAGACTCC-1	2012	3797	3976	8060	0	1	1	0	1	0	0	0
TATAGCTCAAGTGTTT-1	590	739	1804	3554	0	0	0	0	1	0	0	0
TATAGCTCAATAATGG-1	323	513	2928	6094	0	0	0	0	1	0	0	0
TATAGCTCAGAGAGCC-1	1532	2553	3365	6789	0	0	0	0	1	0	0	0
TATAGGTGTGTGTGGT-1	4101	8995	9900	23480	0	0	0	0	1	0	0	0
TATAGGTGTTAGGTGC-1	1151	1737	1150	2263	0	1	0	0	1	0	0	0
TATAGGTGTTGCGTAA-1	1924	3232	1084	2062	0	0	0	0	1	0	0	0
TATATCCTCAAACCTA-1	3938	9702	10207	23316	0	0	0	0	1	0	0	0
TATATCCTCACAGGAA-1	2570	4754	1939	4040	0	0	0	0	1	0	0	0
TATATCCTCATTACAG-1	8686	50234	18322	45157	0	0	1	0	0	0	0	0
TATATCCTCGAAGTGA-1	7748	39357	15834	39346	0	0	0	0	1	0	0	0
TATATCCTCGGGACCT-1	3406	8179	4937	10389	0	0	1	0	1	0	0	0
TATCACAAGCAGCTAT-1	3625	8109	4279	8988	0	0	0	0	1	0	0	0
TATCACAAGGACAACA-1	2820	4977	1330	2561	0	0	0	0	1	0	0	0
TATCACGCAAGGTGGC-1	4457	15540	6378	14191	0	0	1	0	1	0	0	0
TATCACGCACGTTACA-1	669	1056	1477	2845	0	0	0	0	1	0	0	0
TATCCAGCAAACCTAT-1	1787	2998	1817	3575	0	0	0	0	1	0	0	0
TATCCAGCACCAACCG-1	2281	4364	3303	6554	0	0	1	0	1	0	0	0
TATCCAGCAGGTTATT-1	5118	16386	4191	8405	0	0	0	0	1	0	0	0
TATCCAGCATGTGGGA-1	715	998	3558	7296	0	0	0	0	1	0	0	0
TATCCGGAGCGATACT-1	2923	6448	5000	10260	0	0	1	0	1	0	0	0
TATCGAGGTAGCCTAA-1	6506	24097	2011	3839	0	0	1	0	1	0	0	0
TATCGAGGTGAGGTAG-1	2463	4903	1559	3076	0	0	0	0	1	0	0	0
TATCGAGGTGCAATGC-1	4477	15621	8628	18859	0	0	0	0	1	0	0	0
TATCGAGGTGGTGAGA-1	2736	5503	7312	16250	0	0	0	0	1	0	0	0
TATCGCACAAGGTATA-1	3077	6125	1962	3825	0	0	1	0	1	0	0	0
TATCGCACAGGATTAA-1	3708	10668	3021	5993	0	0	1	0	1	0	0	0
TATCGCACATTGTGTG-1	5871	18679	10686	23937	0	0	0	0	1	0	0	0
TATCGCGAGCAAGATG-1	1647	2529	5303	11368	0	1	0	0	1	0	0	0
TATCGCGAGGCATGAA-1	980	1716	644	1234	0	0	0	0	1	0	0	0
TATCGCGAGGCATTAC-1	1393	2178	5085	10694	0	1	0	0	1	0	0	0
TATCGCGAGGTCGAGG-1	2352	4409	1869	3778	0	0	0	0	1	0	0	0
TATCGCGAGTCGCTAG-1	4725	16709	9109	20712	0	0	0	0	1	0	0	0
TATGAAGCAACCCTAA-1	3765	8418	3292	6684	0	0	0	0	1	0	0	0
TATGAAGCACAACCTA-1	2345	4191	1072	2152	0	1	0	0	1	0	0	0
TATGAAGCAGCATGAG-1	3171	6856	4790	10317	0	0	1	0	1	0	0	0
TATGAAGCAGGCCTTG-1	2052	3562	4262	8746	0	0	0	0	1	0	0	0
TATGAAGCATTAAACC-1	3883	8479	5954	12900	0	0	0	0	1	0	0	0
TATGAAGCATTCCTGT-1	5020	15013	2530	4868	0	1	1	0	1	0	0	0
TATGACATCATAATCG-1	2958	8205	5464	11633	0	0	1	0	1	0	0	0
TATGACATCCCTGGAA-1	4741	14019	6245	13087	0	0	0	0	1	0	0	0
TATGACATCCTCCCTC-1	3643	8533	3777	7780	0	0	0	0	1	0	0	0
TATGACTCACAATTAC-1	1350	2509	11438	26666	0	0	0	0	1	0	0	0
TATGACTCAGAAATTG-1	1407	2880	5631	12086	0	0	0	0	1	0	0	0
TATGACTCAGGCTACT-1	4396	11328	7119	15086	0	0	1	0	1	0	0	0
TATGACTCATCCATCT-1	3352	7669	6438	13713	0	0	0	0	1	0	0	0
TATGACTCATCTTGAG-1	2751	5952	2472	5253	0	0	0	0	1	0	0	0
TATGACTCATGCTATG-1	1329	1978	519	982	0	0	1	0	1	0	0	0
TATGCATCACAGGGAC-1	5943	19759	9727	22007	0	0	0	0	1	0	0	0
TATGCATCAGATAGAC-1	2560	5086	2019	3945	0	0	0	0	1	0	0	0
TATGCATCAGCTTACA-1	2539	5224	9426	20561	0	0	1	0	1	0	0	0
TATGCATCATCACTTC-1	3320	7742	5158	10901	0	0	0	0	1	0	0	0
TATGGATGTATTGTGG-1	2079	4182	1664	3318	2	2	1	0	1	1	1	1
TATGGATGTCGTAATG-1	5222	15524	8276	17999	0	0	1	0	1	0	0	0
TATGGATGTCTATCGT-1	6784	29376	19356	51813	0	1	1	0	0	0	0	0
TATGGATGTGCAACTA-1	4140	11296	9383	21465	0	0	1	0	1	0	0	0
TATGGATGTTCTTTAG-1	5242	15639	9921	21803	0	1	0	0	1	0	0	0
TATGGCCCAATATAGG-1	1219	2102	1013	1994	0	0	0	0	1	0	0	0
TATGGCCCACATAACT-1	1865	2920	1738	3464	0	0	1	0	1	0	0	0
TATGGCCCACATGCTA-1	4128	11129	12343	28887	0	0	1	0	1	0	0	0
TATGGCCCAGGCATGA-1	4837	14518	3927	7751	0	0	0	0	1	0	0	0
TATGGGCGTCCACAAA-1	4313	10749	6553	14048	1	2	0	0	1	0	0	1
TATGGGCGTTCTTTAG-1	4067	10225	7538	15962	0	0	0	0	1	0	0	0
TATGGTCAGAACAAGT-1	5828	15720	6783	14649	0	0	0	0	1	0	0	0
TATGGTCAGCAAGACA-1	938	1390	1591	3176	0	0	0	0	1	0	0	0
TATGGTCAGGTCCGTA-1	1738	3404	7399	16042	0	0	0	0	1	0	0	0
TATGGTCAGGTGCTGC-1	3790	8739	4696	9693	0	0	0	0	1	0	0	0
TATGTGATCCTTCGTA-1	2063	3798	1550	3108	0	0	0	0	1	0	0	0
TATGTGATCGCTATAA-1	3925	8890	5276	11543	0	0	0	0	1	0	0	0
TATGTGATCTTGTTCG-1	1327	2335	2605	5232	0	0	1	0	1	0	0	0
TATTACCTCCCTCACG-1	6501	26267	3537	6963	0	0	2	0	1	0	0	0
TATTACCTCCTAAGTA-1	3241	8894	1573	3069	0	0	0	0	1	0	0	0
TATTACCTCGATATTG-1	2753	6331	134	256	0	0	0	0	1	0	0	0
TATTACCTCGCAGGCT-1	5422	19999	8891	19655	0	0	0	0	1	0	0	0
TATTACCTCGGGCCAT-1	5308	15169	9464	20411	0	0	2	0	1	0	0	0
TATTAGCCAACAACAA-1	2024	3151	1838	3704	0	0	0	0	1	0	0	0
TATTAGCCAAGGCCAA-1	2456	4435	2703	5647	0	0	0	0	1	0	0	0
TATTAGGTCATAATCG-1	1168	1626	1493	3060	0	0	1	0	1	0	0	0
TATTAGGTCGTAATCA-1	3741	8885	8196	18442	0	0	0	0	1	0	0	0
TATTAGGTCGTTAGTA-1	958	1428	4585	9861	0	0	0	0	1	0	0	0
TATTCGTTCCAGCACA-1	1452	2342	1747	3469	0	0	0	0	1	0	0	0
TATTCGTTCCTCGATC-1	4595	10745	10538	24730	0	1	1	0	1	0	0	0
TATTCGTTCTCAATGA-1	3995	10367	5734	12089	0	0	1	0	1	0	0	0
TATTGACCAGCCAGAA-1	1556	2272	1023	1991	0	0	0	0	1	0	0	0
TATTGACCATGGAGGC-1	1919	3065	1272	2473	0	0	0	0	1	0	0	0
TATTGACCATTGTGTG-1	2036	3517	712	1394	0	0	0	0	1	0	0	0
TATTTGCTCTTAGGAC-1	2408	4433	921	1743	0	0	0	0	1	0	0	0
TATTTGGAGCGCATTG-1	1539	2350	813	1573	0	0	0	0	1	0	0	0
TCAAACCAGCGTGCAC-1	1295	2501	434	810	0	0	0	0	1	0	0	0
TCAACAATCCAGGTCA-1	4374	11557	1485	2866	0	0	2	0	1	0	0	0
TCAACAATCCCGTTTA-1	3072	6805	2111	4163	0	1	0	0	1	0	0	0
TCAACAATCCGCTAGA-1	683	1022	2652	5446	0	0	0	0	1	0	0	0
TCAACAATCCGTCCAT-1	4719	12253	9003	19720	0	0	1	0	1	0	0	0
TCAACAATCGGTTTCC-1	3436	7916	4254	8831	0	0	0	0	1	0	0	0
TCAACAATCTGTGCCT-1	404	712	11638	26757	0	0	0	0	1	0	0	0
TCAAGAACAAGTCGCT-1	809	1245	1268	2413	0	0	0	0	1	0	0	0
TCAAGAACAATACTGT-1	3244	7124	3496	7087	0	0	0	0	1	0	0	0
TCAAGAACATTGTGTG-1	1168	1791	1061	2105	1	2	0	0	1	0	0	1
TCAAGACTCAAACCTA-1	2322	4255	607	1169	0	0	0	0	1	0	0	0
TCAAGACTCATGCAAC-1	448	1509	6306	13792	0	0	0	0	1	0	0	0
TCAAGACTCCAAACAC-1	639	892	1214	2380	0	0	0	0	1	0	0	0
TCAAGACTCCCTCAAC-1	1546	2238	3389	6952	1	0	0	0	1	0	0	0
TCAAGACTCGGCCAGT-1	2584	4524	678	1312	0	0	0	0	1	0	0	0
TCAAGCTAGCTTACTT-1	4257	12569	6654	14420	0	0	0	0	1	0	0	0
TCAAGCTAGCTTGCTC-1	1071	1897	1190	2313	0	0	0	0	1	0	0	0
TCAAGCTAGGACTAAG-1	5363	17276	775	1487	0	0	1	0	1	0	0	0
TCAAGGAAGCTAATCA-1	7032	27666	12878	31608	1	0	1	0	1	0	0	0
TCAAGGAAGGACAATG-1	1157	1588	2376	4857	0	0	0	0	1	0	0	0
TCAAGGAAGTTATTCC-1	3219	6812	5989	13402	1	1	0	1	1	0	0	1
TCAAGGTTCACCTGTC-1	2099	3320	645	1237	0	0	1	0	1	0	0	0
TCAAGGTTCTACTAAG-1	2057	3567	2330	4725	0	0	1	0	1	0	0	0
TCAAGTATCCTAGTTT-1	3057	11759	4101	8218	0	0	0	0	1	0	0	0
TCAAGTATCGGTCAAT-1	4278	10235	5890	12172	0	0	1	0	1	0	0	0
TCAAGTATCTAAGTCA-1	3495	9010	2539	4866	0	0	0	0	1	0	0	0
TCAAGTATCTTAGGGT-1	3645	8844	3407	6701	0	0	0	0	1	0	0	0
TCAATCGCACTAGGTC-1	2355	4828	4617	9984	0	0	0	0	1	0	0	0
TCACATAAGCCAGTAT-1	4556	11744	1792	3579	0	0	1	0	1	0	0	0
TCACATAAGCTCCTAC-1	3065	7874	9326	20715	0	0	0	0	1	0	0	0
TCACATAAGCTGAGGG-1	3166	6326	2113	4313	0	0	0	0	1	0	0	0
TCACATAAGTATTGTG-1	1454	2209	653	1214	0	0	1	0	1	0	0	0
TCACATAAGTCTATGA-1	1845	3019	366	689	0	0	0	0	1	0	0	0
TCACATAAGTTATCCT-1	613	848	2445	4936	0	0	1	0	1	0	0	0
TCACCGGCAAAGGCCA-1	775	2706	2681	5487	0	0	1	0	1	0	0	0
TCACCGGCAGCTTAGC-1	5292	15465	4522	9090	0	0	1	0	1	0	0	0
TCACCGGCAGTTATGT-1	5208	15149	7018	14572	0	0	0	0	1	0	0	0
TCACCTCAGCTGAGGG-1	1161	1631	827	1623	0	0	0	0	1	0	0	0
TCACCTCAGGGTGGAT-1	1485	2185	1418	2857	0	0	0	0	1	0	0	0
TCACCTGGTTACCGGG-1	1945	3452	5468	11149	0	0	0	0	1	0	0	0
TCACCTGGTTACGCGG-1	5214	18736	6885	14568	0	0	0	0	1	0	0	0
TCACCTGGTTTAACGG-1	2398	4951	10308	23428	0	0	0	0	1	0	0	0
TCACGGATCCTCATCA-1	774	2400	13187	31587	0	0	0	0	1	0	0	0
TCACGGATCTGTAAGC-1	3375	7084	7822	17507	0	0	1	0	1	0	0	0
TCACTGACACTAGGTC-1	5107	14790	2173	4263	0	0	1	0	1	0	0	0
TCACTGACATCCTGAA-1	3798	9121	4468	9370	0	0	0	0	1	0	0	0
TCAGCAAGTGTTGTGA-1	2552	5731	2154	4290	0	0	2	0	1	0	0	0
TCAGCAAGTTAAGCGC-1	3767	8568	8451	19014	0	0	0	0	1	0	0	0
TCAGCAAGTTCCAGGG-1	3216	7976	4628	9718	0	0	0	0	1	0	0	0
TCAGCAAGTTGTAAAC-1	3532	7767	3342	6912	0	0	0	0	1	0	0	0
TCAGCCTTCCTAAGTA-1	4667	11789	5047	10223	0	0	0	0	1	0	0	0
TCAGCGATCAGCCAAT-1	5639	15808	3614	7193	0	0	2	0	1	0	0	0
TCAGCGATCATTACGA-1	1999	4392	847	1667	0	1	1	0	1	0	0	0
TCAGCGATCCTCATGC-1	2464	4727	376	699	0	0	2	0	1	0	0	0
TCAGCGATCGCTTCTA-1	4018	8909	3891	7934	0	1	1	0	1	0	0	0
TCAGCGATCGGCCATA-1	9405	54970	25794	73022	1	0	2	0	0	0	0	0
TCAGCGATCGGTTCCT-1	1642	2490	2387	5005	0	0	1	0	1	0	0	0
TCAGGAGCAGTTATGT-1	2025	3424	1111	2150	0	0	1	0	1	0	0	0
TCAGGTCCAAGGCCAA-1	2010	3454	2918	5902	0	0	0	0	1	0	0	0
TCAGGTCCAATATACC-1	1238	2132	681	1319	0	0	0	0	1	0	0	0
TCAGGTCCACAGCCAT-1	1604	2689	6443	13596	0	0	0	0	1	0	0	0
TCAGGTCCATCCTAGA-1	696	1031	1370	2702	0	0	0	0	1	0	0	0
TCAGGTCCATGCTCCC-1	3347	7456	1154	2257	0	0	0	0	1	0	0	0
TCAGTAATCACGTTAA-1	1550	2354	3531	7133	0	0	2	0	1	0	0	0
TCAGTAATCCGGCTAA-1	1502	2347	472	915	0	0	0	0	1	0	0	0
TCAGTAATCTTAAGTG-1	1622	2683	717	1395	0	0	1	0	1	0	0	0
TCAGTAGGTAGTCAAT-1	2980	6828	230	431	0	0	0	0	1	0	0	0
TCAGTAGGTCGTAATG-1	2460	4597	2640	5175	0	0	0	0	1	0	0	0
TCAGTGAGTATTCGCT-1	1200	1785	1808	3498	0	0	0	0	1	0	0	0
TCAGTGAGTCAATACG-1	4585	12386	8725	19415	0	0	0	0	1	0	0	0
TCAGTGAGTTGGGTTA-1	3735	8670	4649	9558	0	1	1	0	1	0	0	0
TCATAACCACAGAACG-1	2937	6174	2722	5404	0	0	1	0	1	0	0	0
TCATAACCACTTGTTC-1	2186	3967	402	753	0	0	0	0	1	0	0	0
TCATAACCAGCAAGAT-1	646	977	2401	4960	0	0	0	0	1	0	0	0
TCATAACCATAGCTTG-1	5394	16031	4763	9702	0	0	1	0	1	0	0	0
TCATAACCATCAGTAT-1	1726	2948	2893	5855	0	0	0	0	1	0	0	0
TCATACTTCGCACACA-1	5424	19409	10664	23720	1	1	1	0	1	0	0	1
TCATACTTCGTTTCCA-1	1330	1865	2031	4055	0	0	1	0	1	0	0	0
TCATACTTCTCACTAT-1	3956	11562	6213	13085	0	0	0	0	1	0	0	0
TCATACTTCTTGGACG-1	1093	1500	1049	2103	0	0	0	0	1	0	0	0
TCATCCATCACAGGAA-1	1950	3319	1924	3727	0	0	2	0	1	0	0	0
TCATCCATCATCCACC-1	5269	16012	4851	10054	0	1	1	0	1	0	0	0
TCATCCATCCGCATGA-1	1361	1916	2539	5130	0	0	0	0	1	0	0	0
TCATGAGGTGGGTACT-1	1573	2936	1623	3306	1	0	1	0	1	0	0	0
TCATGCCTCACAAGCT-1	4817	16045	10751	24747	0	0	0	0	1	0	0	0
TCATGCCTCACAGGAA-1	830	1258	996	1919	0	0	0	0	1	0	0	0
TCATGCCTCCCTCATA-1	4257	10868	930	1793	0	1	0	1	1	0	0	0
TCATGCCTCCGCCTAT-1	4124	12126	2133	4249	0	1	0	0	1	0	0	0
TCATGCCTCGCCTAAG-1	7511	31498	10138	23574	0	0	1	0	1	0	0	0
TCATGCCTCTAATCCT-1	860	1246	4546	9547	1	1	0	0	1	0	0	1
TCATGTTTCCCTGACT-1	1016	1670	2214	4330	0	0	0	0	1	0	0	0
TCATGTTTCGAGGAAC-1	1792	2665	417	806	0	0	0	0	1	0	0	0
TCATGTTTCGCCTAAG-1	7625	28194	13906	34119	0	0	1	0	1	0	0	0
TCATTACTCGAAGTAG-1	5478	17570	6931	15523	0	0	0	0	1	0	0	0
TCATTACTCTCCATAT-1	2332	4602	1477	2763	0	0	0	0	1	0	0	0
TCATTGCGTGTCACGG-1	1029	2048	486	929	0	0	0	0	1	0	0	0
TCATTGTTCAGGAAGC-1	5349	16884	5381	11244	0	0	0	0	1	0	0	0
TCATTGTTCGGGACTC-1	1756	3057	711	1433	0	0	0	0	1	0	0	0
TCCACAACAAGCTTAT-1	3469	7839	5795	12280	0	0	0	0	1	0	0	0
TCCACAACACCAGCAT-1	4277	11355	3701	7670	0	0	0	0	1	0	0	0
TCCACAACACCTATAG-1	623	1252	7485	16030	0	0	0	0	1	0	0	0
TCCACAACATGGCCTG-1	3485	7801	274	516	0	0	0	0	1	0	0	0
TCCAGCAAGCCACATG-1	4640	12281	717	1338	0	0	0	1	1	0	0	0
TCCAGCAAGCCGCTAA-1	2575	5146	1409	2628	0	0	1	0	1	0	0	0
TCCAGCAAGGAGGGTT-1	2284	3949	2480	5129	0	0	0	0	1	0	0	0
TCCAGCAAGGAGGTTA-1	631	834	1651	3356	0	0	0	0	1	0	0	0
TCCAGGATCAATGACC-1	3439	8377	7882	17373	0	0	1	0	1	0	0	0
TCCAGGATCATTAGTG-1	474	890	8087	17569	0	0	0	0	1	0	0	0
TCCAGGATCATTCATC-1	1604	2497	1290	2604	0	0	1	0	1	0	0	0
TCCAGGATCCGGGACT-1	1733	2888	4642	9621	0	0	0	0	1	0	0	0
TCCAGGATCTACCTCA-1	4609	11349	558	1076	0	0	0	0	1	0	0	0
TCCAGGTCAGTCTAGC-1	617	848	1291	2519	0	0	0	0	1	0	0	0
TCCATAAAGCAAGGAC-1	1801	3226	2897	5736	0	0	0	0	1	0	0	0
TCCATAAAGCCAAATC-1	379	504	3046	6088	0	0	0	0	1	0	0	0
TCCATAAAGCGCCTAA-1	1447	2153	5085	10800	0	0	0	0	1	0	0	0
TCCATAAAGTAACCAC-1	5286	15737	13425	35286	0	0	0	0	1	0	0	0
TCCATATTCATTGTTC-1	1678	3840	6378	13602	0	0	0	0	1	0	0	0
TCCATATTCGATTTAG-1	2710	6283	10908	25473	0	0	0	0	1	0	0	0
TCCATATTCGCTATAA-1	2802	5370	1356	2744	0	0	0	0	1	0	0	0
TCCATATTCTCAATGA-1	1788	2683	1781	3569	0	0	1	0	1	0	0	0
TCCATCATCCTAAGTA-1	1756	3099	2925	6019	0	0	1	0	1	0	0	0
TCCATCATCCTACCTA-1	3346	7687	2587	5141	0	0	1	0	1	0	0	0
TCCATCATCCTCGATC-1	2691	5546	3845	8000	0	0	1	0	1	0	0	0
TCCATCATCCTTCGTA-1	2906	6910	1377	2838	0	0	0	0	1	0	0	0
TCCATCATCGATCAGT-1	2103	3435	1313	2635	0	0	1	0	1	0	0	0
TCCATCATCGATTTGA-1	665	1025	6041	12957	0	0	0	0	1	0	0	0
TCCATGCTCCGGTTGA-1	3358	7583	6377	13840	0	0	0	0	1	0	0	0
TCCATGCTCCGTTATT-1	3906	9342	1958	3771	0	0	0	0	1	0	0	0
TCCATGCTCCTAATTC-1	5376	16180	4271	8654	0	0	0	0	1	0	0	0
TCCATTGTCCCGCCTA-1	5230	16408	13582	31686	0	0	0	0	1	0	0	0
TCCATTGTCCGCCTAT-1	3585	8080	7488	16789	0	0	0	0	1	0	0	0
TCCATTGTCTAAATCG-1	2344	3967	264	516	0	0	0	0	1	0	0	0
TCCCGGACAATTAACC-1	4634	11843	7360	15637	0	0	1	0	1	0	0	0
TCCCGTTAGAATCTCA-1	1837	3033	1183	2260	0	0	0	0	1	0	0	0
TCCCGTTAGTGCTGTG-1	920	1325	4519	9584	0	0	0	0	1	0	0	0
TCCCGTTAGTTAGACC-1	4305	10160	4268	8735	0	0	1	0	1	0	0	0
TCCCTCACAAGCTTAT-1	9994	64596	19527	54276	2	1	1	0	0	0	0	0
TCCCTCACAATCCTAG-1	4849	12744	1408	2923	0	0	0	0	1	0	0	0
TCCCTCACATAATGAG-1	2878	6087	784	1477	0	0	0	0	1	0	0	0
TCCCTCACATGCTCCC-1	2093	4393	1529	2956	0	0	0	0	1	0	0	0
TCCCTCACATTGTGAT-1	3155	7018	2644	5216	0	0	0	0	1	0	0	0
TCCGCCATCACAAGCT-1	1065	1524	630	1228	0	0	1	0	1	0	0	0
TCCGCCATCAGCACGC-1	3310	7830	3586	7485	0	0	0	0	1	0	0	0
TCCGCCATCATGCGTG-1	884	1168	1324	2621	0	0	0	0	1	0	0	0
TCCGCCATCCTGTTCA-1	1405	2296	1294	2509	0	0	0	0	1	0	0	0
TCCGCCATCGATTATG-1	3318	7107	2525	5287	0	0	0	0	1	0	0	0
TCCGCCATCGGTTAGT-1	3133	6623	2258	4525	0	0	0	0	1	0	0	0
TCCGCCATCGTACCGA-1	3399	7099	6798	14830	0	0	0	0	1	0	0	0
TCCGCCATCGTTAACA-1	4852	14047	5128	10885	0	0	1	0	1	0	0	0
TCCGCCATCTGCAAAC-1	5242	15455	11406	25997	0	0	1	0	1	0	0	0
TCCGCCATCTTGCAAA-1	4026	8779	1782	3513	0	0	1	0	1	0	0	0
TCCGGAATCCCTGACT-1	1486	2324	2026	3925	0	0	0	0	1	0	0	0
TCCGGAATCTAACCTT-1	1013	1491	1097	2210	1	1	0	0	1	0	0	1
TCCGGTAAGGCAAGTA-1	3784	8688	2864	5684	0	0	0	0	1	0	0	0
TCCGGTAAGTCACTAA-1	3150	6382	1156	2205	0	0	1	0	1	0	0	0
TCCGGTTTCATAACGC-1	13228	181558	22394	64249	2	1	3	1	0	0	0	0
TCCGGTTTCCGCCAAA-1	842	1339	6119	12645	0	0	0	0	1	0	0	0
TCCGGTTTCCGCTAGA-1	1555	2351	1574	3148	0	0	0	0	1	0	0	0
TCCGGTTTCCTTAATC-1	1502	2556	536	1052	0	2	0	0	1	0	0	0
TCCGGTTTCGCGCTAA-1	2006	3343	3974	8111	0	0	1	0	1	0	0	0
TCCTAGTGTGACATAT-1	846	1139	3045	6332	0	0	0	0	1	0	0	0
TCCTAGTGTGTTCCCA-1	2812	5181	2822	5732	0	0	0	0	1	0	0	0
TCCTAGTGTTACTAGG-1	892	1207	1389	2784	2	0	0	0	1	1	0	0
TCCTAGTGTTAGGCTA-1	3379	7097	2140	4293	0	0	1	0	1	0	0	0
TCCTCAATCAATAGCC-1	4921	12994	8644	18270	0	0	1	0	1	0	0	0
TCCTCAATCCCGCCTA-1	3301	9082	2406	4804	0	0	1	0	1	0	0	0
TCCTCAATCCTAATTC-1	2517	4843	1688	3303	0	0	1	0	1	0	0	0
TCCTCAATCGGTTAGT-1	4058	9532	4688	9666	0	0	0	0	1	0	0	0
TCCTCAATCTGTTCAT-1	2647	5876	782	1422	0	0	2	0	1	0	0	0
TCCTCAATCTTGCAAA-1	3115	6539	4664	9450	0	0	0	0	1	0	0	0
TCCTCACAGGACCTGC-1	4779	14786	7603	16075	0	0	1	0	1	0	0	0
TCCTCTAAGATTCCTT-1	4199	12118	8382	18577	1	0	1	0	1	0	0	0
TCCTCTAAGGACAATG-1	4508	14329	3150	6310	0	0	1	0	1	0	0	0
TCCTCTAAGGGTGAAC-1	566	824	6415	13936	0	0	0	0	1	0	0	0
TCCTCTAAGTAGCTTA-1	4081	9987	9272	20901	0	0	0	0	1	0	0	0
TCCTCTAAGTGACCTG-1	2331	4279	5677	12092	0	0	0	0	1	0	0	0
TCCTCTAAGTTGGATC-1	5773	21379	14298	33415	1	0	1	0	1	0	0	0
TCCTGGTTCGAGCAAA-1	3334	6806	8095	17554	0	0	0	0	1	0	0	0
TCCTGGTTCTAGCTAA-1	11409	102447	23256	65759	0	0	2	0	0	0	0	0
TCCTGTTCAAGCCACT-1	1192	2218	398	743	0	0	0	0	1	0	0	0
TCCTGTTCACCCACAG-1	3358	7706	3731	7847	0	0	0	0	1	0	0	0
TCCTGTTCACGAATTT-1	2837	5856	2011	3975	0	0	1	0	1	0	0	0
TCCTGTTCAGCCAGTT-1	3083	6612	4203	8612	0	0	0	0	1	0	0	0
TCCTGTTCAGGCTGTT-1	5811	28638	14624	34168	0	0	1	0	1	0	0	0
TCCTTAGTCATGAAGG-1	909	1211	3841	7592	0	0	0	0	1	0	0	0
TCCTTAGTCATGTCAA-1	3800	8303	2729	5567	0	0	0	0	1	0	0	0
TCCTTAGTCCCGCATT-1	1909	3108	1291	2610	0	0	0	0	1	0	0	0
TCCTTAGTCCCTGGAA-1	2456	4318	6466	14322	0	0	0	0	1	0	0	0
TCCTTCAAGCAAGATG-1	1535	2424	4182	8691	0	0	0	0	1	0	0	0
TCCTTCAAGGCAATAG-1	3760	9193	6262	13359	0	0	0	0	1	0	0	0
TCCTTCAAGTCACCAG-1	3601	9498	4956	11059	0	0	0	0	1	0	0	0
TCCTTCAAGTTGCCTC-1	3273	7043	1005	1863	0	0	1	0	1	0	0	0
TCCTTCAAGTTGTCAA-1	5320	15469	7919	17610	0	0	0	0	1	0	0	0
TCCTTGCAGGTGTCCA-1	1886	3295	1020	1967	0	0	0	0	1	0	0	0
TCCTTTACACAGGATG-1	1298	1917	922	1835	0	0	0	0	1	0	0	0
TCGACAAGTACCTTAC-1	3260	7782	2057	4188	0	0	0	0	1	0	0	0
TCGACAAGTCAAGACC-1	1675	2890	2230	4562	0	0	0	0	1	0	0	0
TCGACAAGTTTGCAGA-1	3717	9156	3769	7983	0	0	0	0	1	0	0	0
TCGATTAAGCGTGCAC-1	5126	15921	966	1844	0	0	0	0	1	0	0	0
TCGATTAAGGATTGCT-1	524	1476	4831	9943	0	0	0	0	1	0	0	0
TCGATTAAGGCTAGAA-1	3698	8836	6332	13787	0	0	0	0	1	0	0	0
TCGATTAAGTCACTCC-1	2741	6636	3594	7250	1	0	1	0	1	0	0	0
TCGCATTGTAGTTAAC-1	4992	13199	12248	30119	0	0	1	0	1	0	0	0
TCGCATTGTATCTGGA-1	911	1450	851	1686	0	0	0	0	1	0	0	0
TCGCATTGTTACCTGT-1	1434	2083	3543	7419	0	0	0	0	1	0	0	0
TCGCGAGGTCATAGAT-1	2024	3275	1163	2233	0	0	0	0	1	0	0	0
TCGCGAGGTTAGAGGG-1	1798	3149	2497	5254	0	0	0	0	1	0	0	0
TCGCGAGGTTCTTTAG-1	276	558	2347	4769	0	0	0	0	1	0	0	0
TCGCGAGGTTGCGCGA-1	3529	8237	3651	7472	0	0	0	0	1	0	0	0
TCGCGCACAACTAGGG-1	4415	10348	5441	11634	0	0	2	0	1	0	0	0
TCGCGCACACAAACTT-1	8832	52948	27425	78698	1	0	0	0	0	0	0	0
TCGCGCACACCGGCTA-1	8292	38534	12478	28399	0	0	1	0	1	0	0	0
TCGCGCACATGAATAG-1	2905	6332	4980	10167	0	0	0	0	1	0	0	0
TCGCGCACATGCTATG-1	2424	5026	865	1621	0	0	0	0	1	0	0	0
TCGCTAACAACAACAA-1	7150	27761	14512	34227	0	0	1	0	1	0	0	0
TCGCTAACAATAATGG-1	2512	4773	686	1310	0	0	0	0	1	0	0	0
TCGCTAACACCCACAG-1	1938	3206	3201	6352	0	0	0	0	1	0	0	0
TCGCTAACATGTTTGG-1	6809	23572	17074	45435	0	0	0	0	1	0	0	0
TCGGTAAGTGATCAGC-1	5784	17343	12293	29350	0	1	1	0	1	0	0	0
TCGGTAAGTGGTTATG-1	2665	6556	3369	6770	0	0	0	0	1	0	0	0
TCGGTAAGTTGGTGAC-1	778	1925	1157	2273	0	0	1	0	1	0	0	0
TCGGTTACACCTATAG-1	5200	18894	9626	21147	0	0	0	0	1	0	0	0
TCGGTTACATAAGGAC-1	1921	3462	2285	4528	0	0	0	0	1	0	0	0
TCGGTTCTCATTTGCT-1	5855	20692	8464	19332	0	0	0	0	1	0	0	0
TCGGTTCTCGATTTAG-1	2009	3572	3913	8097	0	0	0	0	1	0	0	0
TCGGTTCTCTAACTGA-1	1008	1437	2178	4263	0	0	0	0	1	0	0	0
TCGGTTTGTACGCGCA-1	649	1307	5179	10803	0	0	1	0	1	0	0	0
TCGGTTTGTCACAGAC-1	3739	8110	6971	14970	0	0	0	0	1	0	0	0
TCGGTTTGTGTTAGCA-1	2056	4308	1552	3033	0	0	1	0	1	0	0	0
TCGGTTTGTTGAGCCG-1	387	584	2583	5569	0	0	0	0	1	0	0	0
TCGTAATCAACTGGGA-1	2767	5683	3499	6772	0	0	0	0	1	0	0	0
TCGTAATCAATTAGCT-1	2307	4420	2353	4787	0	0	0	0	1	0	0	0
TCGTAATCACGCAACT-1	1970	3597	3625	7115	0	0	0	0	1	0	0	0
TCGTAATCAGTAAAGC-1	5042	13787	8671	19327	0	0	1	0	1	0	0	0
TCGTAATCAGTTAGCC-1	6001	18562	9925	21675	0	0	1	0	1	0	0	0
TCGTAATCAGTTTGGC-1	1945	3571	2936	5940	0	0	1	0	1	0	0	0
TCGTCAACAACCTAAT-1	3333	6998	478	900	0	0	0	0	1	0	0	0
TCGTCAACAGCAAATA-1	1413	2615	410	764	0	0	0	0	1	0	0	0
TCGTCAACATTAAACC-1	2573	6071	2487	4965	0	0	0	0	1	0	0	0
TCGTCAACATTAGCCA-1	1000	1847	1053	1998	0	0	0	0	1	0	0	0
TCGTGCTTCAAGCTAC-1	1122	1482	1784	3562	0	0	0	0	1	0	0	0
TCGTGCTTCAATCTAG-1	2665	5586	4801	9965	0	0	0	0	1	0	0	0
TCGTGCTTCCTAAGAC-1	1618	2381	4550	9591	0	0	2	0	1	0	0	0
TCGTGCTTCGAAGCGG-1	4613	10925	9118	20100	0	0	0	0	1	0	0	0
TCGTGCTTCTAGCTTT-1	1538	2338	3951	8153	0	0	0	0	1	0	0	0
TCGTGCTTCTTTGAGA-1	1614	2456	566	1081	0	0	0	0	1	0	0	0
TCGTTAAAGATAACCC-1	2608	5336	3065	6084	0	0	0	0	1	0	0	0
TCGTTAAAGCACTAAC-1	3279	7474	5424	11405	1	0	1	0	1	0	0	0
TCGTTACGTGACATAT-1	3624	8376	9644	21493	0	0	0	0	1	0	0	0
TCGTTAGCAACGTGCT-1	1539	2483	1982	3982	0	0	0	0	1	0	0	0
TCGTTAGCAATGAGGT-1	2811	5568	1087	2101	0	0	2	0	1	0	0	0
TCGTTAGCAGGAAGCC-1	2237	4058	4578	9396	0	0	0	0	1	0	0	0
TCGTTAGCAGGATGGC-1	2497	4575	3898	7868	0	0	0	0	1	0	0	0
TCGTTAGCAGGTTACC-1	301	474	3796	7937	0	0	0	0	1	0	0	0
TCGTTAGCATCCATCT-1	3340	8645	3575	7395	0	0	0	0	1	0	0	0
TCGTTATTCAAGTGTC-1	6664	25777	14691	36496	1	0	1	0	1	0	0	0
TCGTTATTCCTCCATA-1	1790	3018	4706	9701	1	0	0	0	1	0	0	0
TCGTTATTCTCACTAT-1	3652	10017	5420	10806	0	0	0	0	1	0	0	0
TCGTTTCCACTGGCCA-1	3985	11249	2612	5461	0	0	1	0	1	0	0	0
TCGTTTCCATCAATCG-1	499	791	1812	3504	0	0	0	0	1	0	0	0
TCGTTTCCATTGCGGT-1	3935	9482	7258	15683	0	0	0	0	1	0	0	0
TCGTTTCCATTGTCCT-1	6506	23055	19236	49579	0	0	1	0	1	0	0	0
TCTAACCGTGAACAAA-1	2410	4774	3995	8306	0	0	0	0	1	0	0	0
TCTAACCGTGCTTACT-1	5919	23981	412	759	0	0	1	0	1	0	0	0
TCTAACCGTTGACTTC-1	1249	1770	1589	3148	0	0	0	0	1	0	0	0
TCTAACTTCCCGCATT-1	392	628	1905	3884	0	0	0	0	1	0	0	0
TCTAACTTCGACAAAG-1	1820	2993	1052	1997	0	0	0	0	1	0	0	0
TCTAAGGGTCCTTCAG-1	2430	4564	867	1635	0	0	1	0	1	0	0	0
TCTAATCTCAAGCGCC-1	4897	12914	3213	6446	0	0	1	0	1	0	0	0
TCTAATCTCACTAAGC-1	3617	8275	2276	4632	0	0	0	0	1	0	0	0
TCTAATCTCGGCCATA-1	3473	7504	3128	6179	0	0	0	0	1	0	0	0
TCTACCTCAACCTGGT-1	635	1013	1439	2798	0	0	1	0	1	0	0	0
TCTACCTCAATTTAGC-1	418	838	1964	3876	0	0	0	0	1	0	0	0
TCTACCTCACATACTG-1	4015	11109	3783	7892	0	0	0	0	1	0	0	0
TCTACCTCACGAATCC-1	1111	2193	694	1353	0	0	1	0	1	0	0	0
TCTACCTCAGTCTAAT-1	3362	7143	3866	7863	0	0	1	0	1	0	0	0
TCTACTAGTCACGGAT-1	796	1309	732	1392	0	0	0	0	1	0	0	0
TCTACTAGTCCTAATC-1	2626	5336	3569	7336	0	0	0	0	1	0	0	0
TCTAGCACAACTGGGA-1	937	1544	679	1284	0	0	0	0	1	0	0	0
TCTAGCACAGTAAGTA-1	565	802	1985	4199	0	0	0	0	1	0	0	0
TCTAGCACAGTTATGT-1	3143	6906	3560	7392	0	0	0	0	1	0	0	0
TCTAGCCTCATCCTCA-1	1027	2379	537	1017	0	0	1	0	1	0	0	0
TCTAGCCTCCAGGAAA-1	4289	11178	3087	6058	1	0	0	0	1	0	0	0
TCTAGCCTCGGTCAAT-1	7325	31706	15940	39360	0	0	0	0	1	0	0	0
TCTAGCCTCTACCTAT-1	4626	12681	1476	2824	2	0	0	0	1	1	0	0
TCTAGCGAGAGGGACT-1	998	1783	693	1351	0	0	1	0	1	0	0	0
TCTAGCGAGGACCTGC-1	5680	18678	6982	14894	0	0	1	0	1	0	0	0
TCTAGCGAGGTGAGAC-1	1892	3488	984	1939	0	0	1	0	1	0	0	0
TCTATGTTCAAGCTAC-1	1554	2610	671	1281	0	0	0	0	1	0	0	0
TCTATGTTCACAGCCA-1	1484	2365	1008	2030	0	0	0	0	1	0	0	0
TCTATGTTCCCGAAGC-1	2296	3886	861	1651	0	0	2	0	1	0	0	0
TCTATGTTCCTAGTTT-1	2105	3726	1433	2879	0	0	0	0	1	0	0	0
TCTATGTTCCTTGAGG-1	2515	4762	2363	4729	1	0	1	0	1	0	0	0
TCTATGTTCGAGCAAA-1	5043	12580	5341	10957	0	0	1	0	1	0	0	0
TCTATGTTCGTTCACC-1	1596	2628	655	1261	0	0	0	0	1	0	0	0
TCTCAAGCAGGCTAAG-1	666	885	3193	6713	0	0	0	0	1	0	0	0
TCTCAAGCAGTCTAAT-1	3602	8231	850	1620	0	0	0	0	1	0	0	0
TCTCAATTCATTAGGC-1	322	512	3477	7361	0	0	0	0	1	0	0	0
TCTCAATTCCGCAACA-1	732	1146	8790	19208	0	0	0	0	1	0	0	0
TCTCAATTCGTTACTT-1	4217	11023	3341	6708	0	0	0	0	1	0	0	0
TCTCAATTCTTGGACG-1	4480	11625	8744	19442	0	0	0	0	1	0	0	0
TCTCACCAGTAAGTCC-1	615	897	1349	2659	0	0	0	0	1	0	0	0
TCTCCTCGTGATGAAA-1	4005	10573	10013	22541	0	0	0	0	1	0	0	0
TCTCCTCGTGCAATGC-1	1322	1921	1374	2604	0	0	0	0	1	0	0	0
TCTCCTCGTGTAATAC-1	1773	3016	2772	5615	0	0	0	0	1	0	0	0
TCTCCTCGTGTTGCAA-1	2892	5676	6944	14647	0	0	0	0	1	0	0	0
TCTCCTCGTGTTTCAC-1	1490	2333	836	1614	0	0	0	0	1	0	0	0
TCTCGCCCAACCTGGT-1	1076	2836	649	1323	0	0	0	0	1	0	0	0
TCTCGCCCACGAACAG-1	4150	10439	11767	27500	0	0	1	0	1	0	0	0
TCTCGCCCAGATTCAT-1	1419	2525	3418	6990	0	0	0	0	1	0	0	0
TCTCGCCCAGCCGCTA-1	2190	3658	1825	3682	0	0	0	0	1	0	0	0
TCTCGCCCATTAGGCC-1	3149	6689	4798	10203	0	0	0	0	1	0	0	0
TCTGGCTTCATAAGCC-1	2031	3394	1431	2875	0	0	2	0	1	0	0	0
TCTGGCTTCCGGAACC-1	4132	10446	2585	5241	0	0	0	0	1	0	0	0
TCTGGCTTCGATTCTT-1	4382	11280	10969	25669	0	0	2	0	1	0	0	0
TCTGGCTTCGGTCAGC-1	1011	1484	1413	2963	0	0	0	0	1	0	0	0
TCTGGCTTCTAAGGTC-1	4775	13311	6344	13299	0	0	1	0	1	0	0	0
TCTGTGACAAGTGTTT-1	1983	3397	2065	4118	0	0	1	0	1	0	0	0
TCTGTGACAATAACCT-1	1471	2915	702	1372	0	0	0	0	1	0	0	0
TCTGTGACATGACTAT-1	1665	2628	725	1382	0	0	0	0	1	0	0	0
TCTTAGCGTGCTCCGT-1	3715	8543	632	1235	0	1	0	0	1	0	0	0
TCTTAGTTCCAAGTGT-1	5002	14764	4027	8235	0	0	0	0	1	0	0	0
TCTTAGTTCCTGGCTT-1	3446	8049	3145	6246	0	0	0	0	1	0	0	0
TCTTAGTTCTCACATT-1	4354	12975	10970	24859	0	0	0	0	1	0	0	0
TCTTAGTTCTTGACCC-1	2802	6222	448	829	0	0	1	0	1	0	0	0
TCTTCAAGTCATTGTC-1	800	1399	826	1658	0	0	0	0	1	0	0	0
TCTTCAAGTGTTGCAA-1	6010	17453	14983	35878	2	1	0	0	1	1	1	1
TCTTCAAGTTAGACCA-1	3993	10199	3491	7187	0	0	2	0	1	0	0	0
TCTTGACGTGACATAT-1	371	925	1831	3611	0	0	0	0	1	0	0	0
TCTTGACGTGATTACG-1	2527	5151	1661	3219	0	0	0	0	1	0	0	0
TCTTGACGTGCTTAGA-1	5298	17523	7934	16692	0	0	1	0	1	0	0	0
TCTTGACGTGGAAGGC-1	5027	14257	12592	29396	0	0	0	0	1	0	0	0
TCTTGACGTTAGGTTG-1	2985	6442	11763	27622	0	0	0	0	1	0	0	0
TCTTGACGTTCATTTG-1	613	1357	2991	5999	0	0	0	0	1	0	0	0
TCTTGACGTTTGCGAA-1	10487	72082	22889	67114	3	1	1	0	0	0	0	0
TCTTGTCCACATGCTA-1	2835	5939	3346	6897	0	0	0	0	1	0	0	0
TCTTGTCCAGAATGAC-1	2258	4128	3223	6691	0	0	1	0	1	0	0	0
TCTTGTCCAGTAATAG-1	9054	51781	12417	29540	1	0	2	0	0	0	0	0
TCTTGTCCAGTTAAAG-1	5975	21287	4419	9087	0	1	0	0	1	0	0	0
TCTTTGTAGCTCAATA-1	6054	19046	4290	8885	0	0	2	0	1	0	0	0
TCTTTGTAGGACCTGC-1	2887	5855	875	1727	0	0	0	0	1	0	0	0
TGAAACTGTCTTTATG-1	1455	2242	530	1021	0	0	0	0	1	0	0	0
TGAAACTGTGAAGCCT-1	3863	9824	8272	18690	0	0	0	0	1	0	0	0
TGAAACTGTGGTTAGC-1	2270	4267	12522	30426	0	0	2	0	1	0	0	0
TGAAACTGTGTGTGGT-1	2440	4838	3403	6867	0	0	1	0	1	0	0	0
TGAAACTGTTCGCTCA-1	10092	63181	13597	32971	2	2	2	0	0	0	0	0
TGAACAACAAAGCTCC-1	2397	4443	3198	6406	0	0	0	0	1	0	0	0
TGAACAACACTGACTA-1	709	1546	819	1597	0	0	1	0	1	0	0	0
TGAACAACAGAATGAC-1	1953	3488	825	1595	0	1	0	0	1	0	0	0
TGAACAACAGCTACGT-1	584	802	1321	2655	0	0	0	0	1	0	0	0
TGAACAACAGTAGGTG-1	947	1508	691	1327	0	0	0	0	1	0	0	0
TGAACAACATAAGCAA-1	1150	1669	4512	9187	0	0	0	0	1	0	0	0
TGAACAACATTGTGGC-1	1626	2764	1726	3465	0	0	1	0	1	0	0	0
TGAACAGAGCCTAATA-1	2517	4702	8034	17934	0	0	1	0	1	0	0	0
TGAACAGAGTAACAGG-1	3542	8550	3394	6655	0	0	0	0	1	0	0	0
TGAAGCAAGGGCCATC-1	2890	5596	3926	8145	0	0	0	0	1	0	0	0
TGAAGCAAGTAGAGGC-1	2949	6488	2204	4488	0	0	0	0	1	0	0	0
TGAAGGATCAATAGCC-1	2656	5603	1684	3282	0	0	0	0	1	0	0	0
TGAAGGATCCCATAGG-1	1159	1839	638	1214	0	0	0	0	1	0	0	0
TGAAGGATCCGGCTAA-1	7277	31451	16418	39345	0	0	0	0	1	0	0	0
TGAAGGATCGAAGTGA-1	878	1403	756	1488	0	0	0	0	1	0	0	0
TGAAGGATCTAACTGA-1	5813	20836	7759	16768	0	0	1	0	1	0	0	0
TGAAGTGAGAGGGACT-1	3447	7124	7376	16190	1	0	1	0	1	0	0	0
TGAAGTGAGCTCGCTT-1	509	893	1477	2985	0	0	0	0	1	0	0	0
TGAAGTGAGGTCCTGA-1	1301	2376	486	929	0	0	0	0	1	0	0	0
TGACCAAGTATTCGCT-1	2243	4141	1419	2812	0	0	1	0	1	0	0	0
TGACCAAGTCCTAACT-1	2705	5060	962	1911	0	0	2	0	1	0	0	0
TGACCAAGTTTCGCCA-1	1576	3001	958	1868	0	0	1	0	1	0	0	0
TGACCTTGTCAAACTG-1	2120	3885	1768	3507	0	0	0	0	1	0	0	0
TGACCTTGTGTTGCTT-1	1967	3044	1716	3351	0	0	0	0	1	0	0	0
TGACCTTGTTGAGCCG-1	2469	4600	1248	2454	0	0	0	0	1	0	0	0
TGACTCCTCAGTATTG-1	4145	10960	5152	10570	0	0	0	0	1	0	0	0
TGACTCCTCGATCAGT-1	5020	14566	5694	11851	0	0	2	0	1	0	0	0
TGACTTAAGCTTAGCG-1	3524	8458	11342	25582	0	0	0	0	1	0	0	0
TGACTTAAGGACTTAC-1	3762	8630	7719	16947	1	0	0	0	1	0	0	0
TGACTTAAGGCCTTAG-1	2633	5323	5242	11294	0	0	0	0	1	0	0	0
TGACTTAAGGCTAATC-1	4123	10152	3909	8257	0	0	0	0	1	0	0	0
TGACTTAAGGCTAGAA-1	2308	4545	10936	25186	0	0	0	0	1	0	0	0
TGACTTCGTAGCCTCC-1	2616	4957	1149	2252	0	0	0	0	1	0	0	0
TGACTTCGTGAGCGAA-1	3892	9140	3683	7403	0	0	2	0	1	0	0	0
TGAGAACCAATGAAGC-1	825	1147	2449	5120	0	0	0	0	1	0	0	0
TGAGAACCATTAGCCA-1	1381	2351	1030	2028	1	0	0	0	1	0	0	0
TGAGCAAAGCTGGACC-1	1554	2349	1003	1991	0	0	0	0	1	0	0	0
TGAGCAAAGGCATGAA-1	5036	14228	7547	16733	0	0	0	0	1	0	0	0
TGAGCACGTGGTTAGC-1	1291	2297	1425	2773	1	1	0	0	1	0	0	1
TGAGCACGTGTGTCCC-1	1534	2609	1693	3389	0	0	1	0	1	0	0	0
TGAGCACGTGTTTGCT-1	1254	1846	783	1512	0	0	0	0	1	0	0	0
TGAGCACGTTTGAGGC-1	1192	2099	626	1226	1	0	0	0	1	0	0	0
TGAGCCGGTAACGAGG-1	2829	5467	1028	2028	0	0	1	0	1	0	0	0
TGAGCCGGTCGCGCAA-1	3105	6633	522	1014	0	0	0	0	1	0	0	0
TGAGCCGGTTATCGAG-1	2868	6048	3311	6730	0	0	1	0	1	0	0	0
TGAGCTTAGCTTGCTC-1	4911	13323	14178	35140	0	0	0	0	1	0	0	0
TGAGCTTAGGGTGGAT-1	1708	2912	1842	3579	0	0	0	0	1	0	0	0
TGAGCTTAGTAGAGGC-1	5059	13622	8929	19806	0	1	0	0	1	0	0	0
TGAGCTTAGTCACGAT-1	3055	6250	3089	6368	0	1	1	1	1	0	0	0
TGAGGAGGTCCTAAGA-1	850	1139	4181	8933	1	1	0	0	1	0	0	1
TGAGGAGGTTACGCAA-1	2342	4054	275	512	0	0	0	0	1	0	0	0
TGAGGCACAAACCTAT-1	4309	10387	7746	16842	1	0	0	0	1	0	0	0
TGAGGCACAATTAACC-1	1621	2902	3892	8109	0	0	0	0	1	0	0	0
TGAGGCACACGAATCC-1	3504	7550	7521	16319	0	0	0	0	1	0	0	0
TGAGGGAGTACCGTAA-1	1534	2281	397	748	0	0	1	0	1	0	0	0
TGAGGGCCACCTGTAA-1	5460	14521	7069	15493	0	0	2	0	1	0	0	0
TGAGGTGCAAGGAATC-1	1451	2399	1618	3274	0	0	0	0	1	0	0	0
TGAGGTGCAATAATCC-1	1761	2752	1519	2954	0	0	0	0	1	0	0	0
TGAGGTGCACAGAACG-1	1845	3414	726	1457	0	0	1	0	1	0	0	0
TGAGGTGCACTTCACT-1	2584	5116	1695	3469	0	0	2	0	1	0	0	0
TGAGGTGCATTTAAGC-1	5387	15482	8539	18863	0	0	0	0	1	0	0	0
TGAGTGAAGCAAACCT-1	4297	9909	8356	18798	0	0	0	0	1	0	0	0
TGAGTTTCAAGCCAGA-1	3140	6765	6297	13891	0	0	1	0	1	0	0	0
TGAGTTTCAGCACGTT-1	3446	9641	3577	7157	0	0	0	0	1	0	0	0
TGAGTTTCAGCATGAG-1	1818	3029	1745	3556	0	0	0	0	1	0	0	0
TGAGTTTCAGCTTAAT-1	1112	2008	553	1036	0	0	0	0	1	0	0	0
TGAGTTTCAGCTTACA-1	2453	6246	4172	8879	0	0	1	0	1	0	0	0
TGAGTTTCAGGAAGCC-1	2141	3962	3998	8257	0	0	0	0	1	0	0	0
TGATCAATCATGAAGG-1	691	894	1255	2441	0	0	1	0	1	0	0	0
TGATCACAGACAAACG-1	5566	16839	8480	18852	1	0	1	0	1	0	0	0
TGATCACAGCGCTCAA-1	1450	2408	6271	13282	0	0	0	0	1	0	0	0
TGATCACAGTCACTCC-1	3370	7564	549	1050	0	0	1	0	1	0	0	0
TGATCAGGTAATCGTG-1	3094	5929	5812	12282	0	0	0	0	1	0	0	0
TGATCAGGTATTCGTC-1	1766	3002	2540	5288	0	0	0	0	1	0	0	0
TGATCAGGTCATAGAT-1	1855	3312	910	1794	0	0	1	0	1	0	0	0
TGATCAGGTGATGAGG-1	797	1311	1000	1923	0	0	0	0	1	0	0	0
TGATCAGGTGCTAGCG-1	5727	17518	11323	26766	0	0	0	0	1	0	0	0
TGATCAGGTTAATGCG-1	2443	5164	3752	7854	0	0	0	0	1	0	0	0
TGATCAGGTTATGTGG-1	1130	2041	487	932	0	0	1	0	1	0	0	0
TGATCAGGTTCCTCCT-1	2754	5316	335	636	0	0	0	0	1	0	0	0
TGATCCTGTAATCCCT-1	2879	5557	381	715	0	0	1	0	1	0	0	0
TGATCCTGTACAAAGA-1	1364	1917	556	1086	0	0	0	0	1	0	0	0
TGATCCTGTCAAACTG-1	2207	4705	713	1341	0	0	0	0	1	0	0	0
TGATCCTGTGCTAGCG-1	2273	3844	3689	7385	0	0	0	0	1	0	0	0
TGATCCTGTGTGTGGT-1	330	802	5335	11656	0	0	0	0	1	0	0	0
TGATCCTGTTAAATGC-1	1749	2865	1142	2177	0	0	0	0	1	0	0	0
TGATCGAGTGCATTAG-1	5478	17570	8789	19461	0	0	0	0	1	0	0	0
TGATGAACACCTGCTC-1	5438	18144	14434	34444	0	0	0	0	1	0	0	0
TGATGAACACTGACTA-1	3522	8731	540	1032	0	0	0	0	1	0	0	0
TGATGAACATCCGTAA-1	949	1480	1340	2625	0	0	0	0	1	0	0	0
TGATGAACATGTTTGG-1	3579	9833	7741	17069	0	0	0	0	1	0	0	0
TGATGACTCCCTCAGT-1	2118	3641	5118	10815	0	0	1	0	1	0	0	0
TGATGACTCCTAAATG-1	7036	29966	11693	27053	0	0	0	0	1	0	0	0
TGATGATGTGAATCGC-1	2939	5635	11945	26506	1	0	0	0	1	0	0	0
TGATGATGTGACCTGG-1	4719	14115	5014	10473	0	0	1	0	1	0	0	0
TGATTAGTCGCAACAT-1	2519	4967	1405	2808	2	0	1	0	1	1	0	0
TGATTAGTCGCAATCG-1	2888	6195	1915	3900	0	0	0	0	1	0	0	0
TGATTAGTCGCACACA-1	1155	1629	1242	2487	0	0	0	0	1	0	0	0
TGATTAGTCTAATCCT-1	4081	9998	10109	23151	0	0	0	0	1	0	0	0
TGATTCAAGGTGAGAC-1	3255	7151	490	934	0	0	0	0	1	0	0	0
TGATTCAAGTTAGTGC-1	1763	2790	2840	5760	0	0	0	0	1	0	0	0
TGATTGCAGCCACATG-1	1791	3150	1202	2329	0	0	0	0	1	0	0	0
TGATTGCAGCCGCAAC-1	3649	7843	6822	15326	0	0	1	0	1	0	0	0
TGATTGCAGGAGGCAT-1	847	1172	1082	2114	1	1	0	0	1	0	0	1
TGATTGCAGGTTTGCG-1	2415	4600	8001	17646	0	0	0	0	1	0	0	0
TGCAAGCGTAAGCACC-1	2839	6225	228	421	0	0	0	0	1	0	0	0
TGCAAGCGTACAATGT-1	1436	2406	374	708	0	0	0	0	1	0	0	0
TGCAAGCGTAGTAAGA-1	2013	3376	940	1847	0	0	0	0	1	0	0	0
TGCAAGCGTATTCGCT-1	3518	7692	3957	8216	0	0	2	0	1	0	0	0
TGCAAGCGTCTCAGCC-1	2900	5674	482	927	0	0	0	0	1	0	0	0
TGCAAGCGTGGAGCAA-1	2619	4651	813	1529	0	0	0	0	1	0	0	0
TGCAATATCAAGTGTC-1	1393	2910	612	1161	0	0	1	0	1	0	0	0
TGCAATATCATCAGTA-1	4277	11605	6245	13378	0	0	0	0	1	0	0	0
TGCAATATCATGGTGT-1	5592	17843	3447	7165	0	0	1	0	1	0	0	0
TGCAATATCCCTTGCG-1	6811	28759	9864	22848	0	0	1	0	1	0	0	0
TGCAATATCCTAAGAC-1	768	1426	7373	16364	0	0	0	0	1	0	0	0
TGCACACCAAGGATTA-1	2056	4194	416	779	0	0	1	0	1	0	0	0
TGCACCTTCAAGCCTG-1	879	1316	2089	4106	0	0	0	0	1	0	0	0
TGCACCTTCAGCACCA-1	2325	4392	1268	2333	0	0	0	0	1	0	0	0
TGCACCTTCCTCATCA-1	1148	1793	1088	2111	0	0	0	0	1	0	0	0
TGCACCTTCTTGTCCA-1	2797	5628	4800	9740	0	0	1	0	1	0	0	0
TGCACTTGTGCTCACC-1	2991	6136	522	996	0	0	0	0	1	0	0	0
TGCATCCTCATTACAG-1	374	587	6705	14356	0	0	0	0	1	0	0	0
TGCATCCTCCTAATTC-1	2119	4145	1871	3595	0	0	0	0	1	0	0	0
TGCATCCTCCTCACAC-1	1633	2782	4309	8799	0	0	0	0	1	0	0	0
TGCATCCTCTTGGACG-1	2196	5310	3255	6590	0	0	0	0	1	0	0	0
TGCATGAGTAATGACT-1	2050	3440	2716	5508	0	0	1	0	1	0	0	0
TGCATGAGTCTTTATG-1	4025	10383	3344	6598	0	0	0	0	1	0	0	0
TGCATGAGTTAGCATG-1	3719	9164	10129	23239	0	0	0	0	1	0	0	0
TGCATGAGTTCGGTAA-1	772	1027	1418	2834	1	0	0	0	1	0	0	0
TGCATGAGTTTGAGGC-1	1233	2795	2807	5973	0	0	0	0	1	0	0	0
TGCATTAAGAATCGCT-1	5672	18673	10751	24559	0	0	1	0	1	0	0	0
TGCATTAAGCGATACT-1	1552	2585	3410	6836	0	0	0	0	1	0	0	0
TGCATTAAGTTAGACC-1	4434	11881	2746	5322	0	0	0	0	1	0	0	0
TGCCATTGTAGGTTGC-1	4507	13164	10580	25136	0	0	0	0	1	0	0	0
TGCCATTGTTAACACG-1	8891	48490	15280	37348	1	1	2	0	1	0	0	0
TGCCATTGTTACAACG-1	1726	3207	2364	4764	0	0	2	0	1	0	0	0
TGCCGGTAGCATGTTA-1	7322	28593	15706	39014	0	0	2	0	1	0	0	0
TGCCTGTTCACGTTAA-1	1016	1749	933	1818	0	0	0	0	1	0	0	0
TGCCTGTTCCCATAGG-1	5317	15925	10739	25654	0	0	1	0	1	0	0	0
TGCCTGTTCTTAGTGA-1	6756	25702	15336	38650	0	0	2	0	1	0	0	0
TGCGATTAGCGAGCGA-1	1527	2414	673	1301	0	0	0	0	1	0	0	0
TGCGATTAGCTCCTTA-1	743	1532	7913	18044	0	0	0	0	1	0	0	0
TGCGATTAGGGATGAC-1	3829	9961	1031	1926	0	0	0	0	1	0	0	0
TGCGATTAGGTTTGCG-1	7697	35658	18255	49055	0	0	1	0	1	0	0	0
TGCGATTAGTCTGGGC-1	3083	6968	4134	8371	0	0	1	0	1	0	0	0
TGCGCAGGTGCTTTAC-1	1478	2389	3115	6481	0	0	1	0	1	0	0	0
TGCGCAGGTGGAGCAA-1	3769	9436	370	695	0	0	0	0	1	0	0	0
TGCGCAGGTTCTTTAG-1	2773	5820	4518	9286	0	0	0	0	1	0	0	0
TGCGCGAGTGATGGCT-1	1929	3348	543	1028	0	0	0	0	1	0	0	0
TGCGCGAGTGGAGCAA-1	3946	10086	11189	25664	0	0	0	0	1	0	0	0
TGCGCGAGTTCCATTA-1	479	860	1908	3799	0	0	0	0	1	0	0	0
TGCGGTTCAACCTGGT-1	5323	14348	6443	13801	0	0	0	0	1	0	0	0
TGCTAACAGCGATACT-1	613	919	2734	5611	0	0	1	0	1	0	0	0
TGCTAACAGGCTATGT-1	1377	2525	450	869	0	0	0	0	1	0	0	0
TGCTAACAGGTTTGAC-1	4681	12831	1836	3578	0	0	1	0	1	0	0	0
TGCTCACTCACCTGTC-1	1845	3397	1192	2377	0	0	0	0	1	0	0	0
TGCTCACTCCCTCACG-1	526	859	1933	3885	0	0	1	0	1	0	0	0
TGCTCACTCCTAACGG-1	2141	4216	2400	4837	0	0	0	0	1	0	0	0
TGCTCACTCGATAACC-1	2467	4137	7128	15671	0	0	0	0	1	0	0	0
TGCTCACTCGCTAAGT-1	3739	9519	1027	1959	0	0	0	0	1	0	0	0
TGCTCTCAGACAGGTA-1	460	704	1929	3909	0	0	0	0	1	0	0	0
TGCTCTCAGAGAAGGG-1	565	1665	2499	4879	0	0	1	0	1	0	0	0
TGCTGGATCCTAACGG-1	805	1739	2372	4844	0	0	0	0	1	0	0	0
TGCTGGATCGTTCACC-1	480	831	8540	19453	0	0	1	0	1	0	0	0
TGCTTAAAGGCCAATT-1	3118	7667	6797	14268	0	0	0	0	1	0	0	0
TGCTTAAAGTTCCCGT-1	827	1520	1525	3094	0	0	0	0	1	0	0	0
TGCTTCATCACTAAGC-1	4006	10824	10708	24145	0	0	0	0	1	0	0	0
TGCTTCATCCGCATGA-1	4779	14609	397	769	0	0	0	0	1	0	0	0
TGCTTCATCCGGTTGA-1	1540	2503	1939	3887	0	0	0	0	1	0	0	0
TGCTTCATCCTTGCAC-1	1699	2963	4026	8248	0	0	0	0	1	0	0	0
TGCTTCATCGCTAAGT-1	2517	4986	4629	9946	0	0	0	0	1	0	0	0
TGCTTCATCTGTGAGT-1	7948	31135	8353	18247	0	0	1	0	1	0	0	0
TGCTTCATCTGTGCCT-1	3336	7161	3195	6484	0	1	0	0	1	0	0	0
TGCTTCCAGGCTTAGT-1	651	1027	1272	2490	0	0	0	0	1	0	0	0
TGCTTCCAGGTGCTGC-1	4674	11463	11816	27553	0	0	2	0	1	0	0	0
TGCTTGCTCAGCACGC-1	412	562	5428	11292	0	0	1	0	1	0	0	0
TGCTTGCTCCCGCCTA-1	1634	2617	1477	2934	0	1	0	0	1	0	0	0
TGCTTGTGTCAGGCAT-1	1588	2563	455	874	0	0	0	0	1	0	0	0
TGCTTGTGTGTTGCAA-1	3259	6866	3775	8002	0	0	0	0	1	0	0	0
TGCTTTAGTCAAGTAT-1	1080	1536	1394	2768	0	0	0	0	1	0	0	0
TGGAACAAGCCTGGTA-1	568	954	1162	2306	0	0	0	0	1	0	0	0
TGGAACAAGTCACCTC-1	5627	17167	88	162	0	0	1	0	0	0	0	0
TGGAACAAGTGTTGTA-1	1727	2937	942	1819	0	0	0	0	1	0	0	0
TGGACAAAGAAAGGAA-1	1109	2807	379	710	0	0	0	0	1	0	0	0
TGGACAAAGCCTCTGT-1	3033	6501	3695	7479	0	0	0	0	1	0	0	0
TGGACAAAGCGATAGA-1	2296	3943	2762	5495	0	0	0	0	1	0	0	0
TGGACAAAGCTACTGG-1	7042	26530	3849	7779	0	0	2	0	1	0	0	0
TGGACAAAGGAACCAA-1	2955	5878	5281	11525	0	0	1	0	1	0	0	0
TGGACAAAGGGTTAGA-1	1596	4407	597	1142	0	1	0	0	1	0	0	0
TGGACAAAGTAAACCC-1	2527	4353	1525	2999	0	0	0	0	1	0	0	0
TGGACAAAGTCTCACC-1	3713	9969	5959	12292	0	0	0	0	1	0	0	0
TGGACCGGTCCGCTGT-1	4030	11065	3582	7134	0	0	0	0	1	0	0	0
TGGACGGAGACCATAC-1	977	1761	518	991	0	0	0	0	1	0	0	0
TGGACGGAGGGCTTAT-1	859	1183	2071	4169	0	0	0	0	1	0	0	0
TGGACGGAGGGTGAAC-1	4021	10118	11720	27590	0	0	2	0	1	0	0	0
TGGACGGAGTCATTTC-1	796	1060	3254	6950	2	0	0	0	1	1	0	0
TGGACTAGTACAAAGA-1	1001	1866	5859	12504	0	0	0	0	1	0	0	0
TGGACTAGTCAATAGT-1	482	610	6636	13998	0	0	0	0	1	0	0	0
TGGACTAGTTCACCAT-1	4060	10228	6533	13794	0	0	0	0	1	0	0	0
TGGACTAGTTCGCTCA-1	1065	1757	504	988	0	0	0	0	1	0	0	0
TGGATTCAGAACCTGT-1	2847	6195	541	1043	0	0	0	0	1	0	0	0
TGGATTCAGAGGATAT-1	5046	15309	9878	22628	0	0	1	0	1	0	0	0
TGGATTCAGCAATAGG-1	2710	5459	1676	3256	0	0	0	0	1	0	0	0
TGGATTCAGCACGTTG-1	6014	19292	7740	16829	0	0	0	0	1	0	0	0
TGGATTCAGCTGTACG-1	7474	29689	15037	35916	0	0	1	0	1	0	0	0
TGGATTCAGGTCCACA-1	1267	1907	1806	3629	0	0	0	0	1	0	0	0
TGGATTCAGTAGGCGG-1	1181	1727	1221	2476	0	0	0	0	1	0	0	0
TGGATTCAGTGATTCA-1	3741	7881	9398	21369	0	0	0	0	1	0	0	0
TGGATTGGTAGTAAGA-1	3261	8397	2312	4570	0	0	1	0	1	0	0	0
TGGATTGGTCAAACTG-1	1183	1827	741	1414	2	1	0	0	1	1	1	1
TGGATTGGTCCTAACT-1	2630	5299	1901	3811	0	0	1	0	1	0	0	0
TGGATTGGTCGACTCC-1	1335	2493	3440	6835	0	0	0	0	1	0	0	0
TGGATTGGTTAGTTGG-1	784	1026	1471	2919	0	0	0	0	1	0	0	0
TGGATTGGTTGCGTAA-1	1863	3323	309	572	0	0	0	0	1	0	0	0
TGGATTGGTTTACCGT-1	4454	10608	3430	7236	1	0	0	0	1	0	0	0
TGGCCAATCATTGCAA-1	2732	5214	1189	2258	0	0	0	0	1	0	0	0
TGGCCAATCCACCTTA-1	6751	30761	5087	10683	1	0	3	0	1	0	0	0
TGGCCAATCCATAATG-1	4097	9352	4141	8607	0	0	0	0	1	0	0	0
TGGCCAATCGTCAAGT-1	49	52	28267	89761	0	0	0	0	0	0	0	0
TGGCCATCACCCACCT-1	907	1434	661	1287	0	0	0	0	1	0	0	0
TGGCCATCACCGGCTA-1	3015	7750	4279	9041	2	3	0	0	1	1	1	1
TGGCCTGCAGCAAATA-1	2968	5987	4130	8447	0	0	0	0	1	0	0	0
TGGCCTTTCCGGCTAA-1	1105	2125	1314	2559	0	0	0	0	1	0	0	0
TGGCCTTTCTTTAAGG-1	1214	1697	1601	3178	0	0	0	0	1	0	0	0
TGGCGGTTCACAAGCT-1	504	720	2387	4820	0	0	0	0	1	0	0	0
TGGCGGTTCTAATTGG-1	3150	5903	3754	7532	0	0	1	0	1	0	0	0
TGGCTAAGTAGGATTT-1	2007	3259	2044	4141	0	0	0	0	1	0	0	0
TGGCTAAGTTATCCGT-1	630	1675	3915	8305	0	0	0	0	1	0	0	0
TGGGCATGTATGTGGC-1	2170	3902	197	363	0	0	0	0	1	0	0	0
TGGGCATGTTAGGACC-1	8776	44100	17157	44639	0	0	1	0	1	0	0	0
TGGGCATGTTGGATCA-1	2935	6207	4076	8693	0	0	0	0	1	0	0	0
TGGGCCTAGAACAAGT-1	2422	4732	817	1536	0	0	2	0	1	0	0	0
TGGGCCTAGCATTTCT-1	1227	1878	2972	5981	0	0	0	0	1	0	0	0
TGGGCCTAGCCAGTAT-1	1931	3214	1784	3621	0	0	0	0	1	0	0	0
TGGGCCTAGGGATTAG-1	949	1262	3014	5991	0	0	0	0	1	0	0	0
TGGGCCTAGGTAAGCA-1	5362	16117	8059	18194	0	0	0	0	1	0	0	0
TGGTAAACACCCTCAC-1	435	1248	15125	35913	0	0	0	0	1	0	0	0
TGGTAAACACTTACAG-1	1782	2835	559	1115	0	0	0	0	1	0	0	0
TGGTAAACAGAGAGCC-1	1214	2709	2102	4296	0	0	1	0	1	0	0	0
TGGTCAAGTACGTTTC-1	4183	10226	3577	7042	0	0	0	0	1	0	0	0
TGGTCAAGTTACAAAC-1	4760	20721	8846	19666	0	0	0	0	1	0	0	0
TGGTCAGTCCAACTGG-1	2809	6231	1110	2137	0	0	1	0	1	0	0	0
TGGTCAGTCCGCAAGC-1	926	1979	5074	10669	0	0	1	0	1	0	0	0
TGGTCAGTCGGTCATG-1	1002	1801	1564	3145	0	0	0	0	1	0	0	0
TGGTCAGTCTCGCCCA-1	4427	10952	3229	6299	0	0	1	0	1	0	0	0
TGGTCATAGACAAACG-1	3105	12798	3788	7842	0	0	0	0	1	0	0	0
TGGTCATAGGGTGAGT-1	6141	19129	6037	12337	0	0	1	0	1	0	0	0
TGGTCCTTCAAACACC-1	547	1074	1837	3619	0	0	0	0	1	0	0	0
TGGTCCTTCCGCCTCA-1	744	1157	851	1644	0	0	1	0	1	0	0	0
TGGTCCTTCGGTCATG-1	3019	6203	810	1544	0	0	1	0	1	0	0	0
TGGTGATTCATAACCA-1	506	830	1494	3006	0	0	0	0	1	0	0	0
TGGTGATTCGCACACA-1	6658	29776	13037	30013	0	0	1	0	1	0	0	0
TGGTGATTCTCGCCCA-1	3591	8050	1914	3669	0	0	0	0	1	0	0	0
TGGTGATTCTGTGCCT-1	4916	14746	1189	2266	0	0	0	0	1	0	0	0
TGGTGCATCACATTGA-1	3796	7892	3168	6507	0	0	0	0	1	0	0	0
TGGTGCATCCGCAAGC-1	631	985	1246	2423	0	0	0	0	1	0	0	0
TGGTGCATCCTCCTAA-1	9717	57953	15094	37569	0	1	2	0	0	0	0	0
TGGTGCATCCTTCTAG-1	2227	4107	647	1262	0	0	1	0	1	0	0	0
TGGTGCATCGTTTCGC-1	4667	13343	15523	37789	0	0	0	0	1	0	0	0
TGGTGCATCTAAGTGC-1	2145	3701	1265	2472	0	0	0	0	1	0	0	0
TGGTGCATCTACCTCA-1	2813	5619	1633	3160	0	0	0	0	1	0	0	0
TGGTTAATCGCTAGTG-1	682	863	1504	2998	0	0	1	0	1	0	0	0
TGGTTAATCTAAGTGC-1	4718	11987	4162	8608	0	0	1	0	1	0	0	0
TGGTTCCTCATTGTTC-1	1286	2395	635	1242	0	0	0	0	1	0	0	0
TGGTTCCTCGATAACC-1	1629	2786	2492	5002	0	0	1	0	1	0	0	0
TGGTTCTGTCAAGACC-1	1115	1946	902	1766	0	0	1	0	1	0	0	0
TGGTTCTGTCACACCC-1	4627	13116	13123	32252	0	1	0	0	1	0	0	0
TGGTTCTGTTGGTTCT-1	2257	4121	2151	4194	0	0	0	0	1	0	0	0
TGGTTGAGTTGGTTAG-1	1762	3864	1989	3993	0	0	0	0	1	0	0	0
TGTAAAGCAGCTTACA-1	6487	26091	17709	44381	0	0	0	0	1	0	0	0
TGTAAAGCAGTCTAAT-1	2639	5426	2823	5697	0	0	0	0	1	0	0	0
TGTAAAGCATCTTGAG-1	2952	6228	9008	20055	0	0	0	0	1	0	0	0
TGTAAAGCATTAGGTT-1	6401	19580	7993	17714	1	0	1	0	1	0	0	0
TGTAACTCATTGTGCA-1	1808	3008	3777	8031	0	0	1	0	1	0	0	0
TGTAAGCTCACCTGTC-1	4829	13610	1496	2917	0	0	1	0	1	0	0	0
TGTAAGCTCAGGAACA-1	1609	2507	1737	3435	0	0	1	0	1	0	0	0
TGTAAGCTCATGTGGT-1	6206	21515	4505	9620	0	0	1	0	1	0	0	0
TGTAAGCTCCAAATCA-1	1484	2239	1609	3216	0	0	0	0	1	0	0	0
TGTAAGTGTAGTAAGA-1	1345	2441	4206	8774	0	0	0	0	1	0	0	0
TGTAAGTGTGATTACG-1	4905	11740	5056	10732	0	0	0	0	1	0	0	0
TGTAAGTGTTAGGCGT-1	654	904	1260	2480	0	0	0	0	1	0	0	0
TGTAAGTGTTGAGCCG-1	1506	2151	1455	2858	0	0	0	0	1	0	0	0
TGTAAGTGTTTGCGAA-1	2245	3835	566	1065	0	1	0	0	1	0	0	0
TGTAAGTGTTTGGCTT-1	865	2855	382	728	0	0	0	0	1	0	0	0
TGTAATGTCGGTTAGT-1	11172	90159	20408	55951	0	1	2	0	0	0	0	0
TGTAATGTCGGTTTCC-1	5926	22774	8195	17396	0	0	0	0	1	0	0	0
TGTAATGTCTAGCTTT-1	1963	3491	994	2037	0	0	0	0	1	0	0	0
TGTAATGTCTTAGGGT-1	7248	26859	7557	17005	0	1	1	0	1	0	0	0
TGTATCCGTCTTTGAC-1	6518	22689	14618	34699	0	0	0	0	1	0	0	0
TGTATCGCAAGGCCAA-1	5823	19882	10115	22432	0	0	1	0	1	0	0	0
TGTATCGCACAAAGGT-1	769	1239	936	1842	0	0	0	0	1	0	0	0
TGTATCGCACCGGTAT-1	3085	6888	6047	12538	0	0	1	0	1	0	0	0
TGTATCGCACCTGGTG-1	1918	3210	2176	4380	0	0	0	0	1	0	0	0
TGTATCGCAGCCAGTT-1	782	1129	821	1664	0	0	1	0	1	0	0	0
TGTATCGCATAGCGAG-1	1353	2017	530	1002	0	1	1	0	1	0	0	0
TGTCAGTAGCTAATTG-1	2727	5208	1775	3517	0	0	0	0	1	0	0	0
TGTCAGTAGCTCCTTA-1	8226	36147	16187	41927	0	0	1	0	1	0	0	0
TGTCAGTAGGGATTAG-1	3660	9026	784	1476	0	0	1	0	1	0	0	0
TGTCAGTAGGTATTGC-1	2955	8328	2354	4547	0	0	0	0	1	0	0	0
TGTCATAAGCGCCTAA-1	1239	2000	1712	3411	0	0	0	0	1	0	0	0
TGTCATAAGGACCTTG-1	2445	4727	2810	5621	0	0	1	0	1	0	0	0
TGTCATAAGGCGCTTA-1	3546	8586	6040	12810	0	0	0	0	1	0	0	0
TGTCATAAGGTGAGAC-1	763	1072	7730	16609	0	0	0	0	1	0	0	0
TGTCATAAGTACTGGT-1	4288	10839	5997	12235	0	0	1	0	1	0	0	0
TGTCCTGGTAAAGCGG-1	1446	2197	3617	7535	0	0	1	0	1	0	0	0
TGTCCTGGTAAGCTTG-1	2935	7438	6004	12890	1	0	1	1	1	0	0	0
TGTCCTGGTATACTGG-1	642	1054	4859	10952	0	1	1	0	1	0	0	0
TGTCCTGGTCAAGTGC-1	713	1027	1115	2161	0	0	0	0	1	0	0	0
TGTCCTGGTTGTTCAC-1	1215	1757	2155	4263	0	0	0	0	1	0	0	0
TGTCCTGGTTTGGGTA-1	4779	13055	8920	20596	0	0	0	0	1	0	0	0
TGTCCTTCAATAATGG-1	6006	18858	9326	21230	0	0	2	0	1	0	0	0
TGTCCTTCACGAATCC-1	254	325	3910	7797	0	0	1	0	1	0	0	0
TGTCCTTCACTATGGC-1	916	1258	3712	7747	0	0	1	0	1	0	0	0
TGTGAAACAATGAAGC-1	3119	7509	5382	11670	0	0	1	0	1	0	0	0
TGTGAAACATAATCAC-1	5125	13129	9914	22085	0	0	0	0	1	0	0	0
TGTGAAACATTGTTGG-1	2165	3968	1386	2776	0	0	0	0	1	0	0	0
TGTGATCAGAGGGACT-1	1886	3227	6165	12977	0	0	0	0	1	0	0	0
TGTGATCAGGCATGAA-1	2462	4811	3244	6644	0	0	0	0	1	0	0	0
TGTGCAAGTCTTACTA-1	3329	8381	1058	1994	0	0	0	0	1	0	0	0
TGTGCAAGTTAACGGC-1	5204	14510	9133	20363	0	0	1	0	1	0	0	0
TGTGCAAGTTAGTTGG-1	4794	13633	3940	8194	0	0	1	0	1	0	0	0
TGTGCAAGTTGCACAA-1	1406	2677	730	1378	0	0	0	0	1	0	0	0
TGTGCACCACTTCACT-1	4352	12285	228	439	1	2	0	0	1	0	0	1
TGTGCGCAGCGATAAG-1	2586	4637	975	1909	0	1	1	0	1	0	0	0
TGTGCGCAGCGGGCAA-1	7393	32787	6791	14820	0	0	1	0	1	0	0	0
TGTGCGCAGGACCAGG-1	2966	5794	1813	3494	0	0	0	0	1	0	0	0
TGTGCGCAGGTTTGCG-1	4341	14318	6184	13096	0	0	0	0	1	0	0	0
TGTGCGCAGTAAAGGT-1	3975	11751	9043	19989	0	0	0	0	1	0	0	0
TGTGCGGGTTAAGCCA-1	993	1584	1544	3023	0	0	0	0	1	0	0	0
TGTGCGGGTTCCAGGG-1	2659	5217	5309	10903	0	0	0	0	1	0	0	0
TGTGCTGAGCATGAAG-1	662	865	1246	2427	0	0	0	0	1	0	0	0
TGTGCTGAGCGAGTAA-1	3037	6340	2241	4328	0	0	0	0	1	0	0	0
TGTGCTGAGCTCAATA-1	1135	2017	535	996	0	0	1	0	1	0	0	0
TGTGCTGAGGACCTGC-1	368	592	2057	4145	0	0	0	0	1	0	0	0
TGTGCTGAGGAGGCAT-1	5852	19982	9472	20879	0	0	1	0	1	0	0	0
TGTGGAGCACAATGTT-1	740	1145	1399	2721	1	1	0	0	1	0	0	1
TGTGGAGCACCGGCTA-1	1218	1870	2060	4006	0	0	0	0	1	0	0	0
TGTGGAGCAGCTCATA-1	6372	23566	10796	24802	0	0	2	0	1	0	0	0
TGTGGAGCAGCTTAGC-1	1514	2238	1759	3513	0	0	1	0	1	0	0	0
TGTGGAGCAGTAGGAT-1	3717	8415	4500	9317	0	0	0	0	1	0	0	0
TGTGGCCAGGCATGAA-1	2123	3909	8117	17988	0	0	1	0	1	0	0	0
TGTGGCGGTCCTAATC-1	2324	4019	581	1107	0	0	0	0	1	0	0	0
TGTGGCGGTGCTTACT-1	5571	17426	5131	10466	0	0	1	0	1	0	0	0
TGTGGCGGTTAGGTGC-1	2897	5995	2841	5805	0	0	1	0	1	0	0	0
TGTGGCTCAAAGCGCA-1	3622	11018	4042	8184	0	0	0	0	1	0	0	0
TGTGGCTCAATACTGT-1	5236	17949	6432	13745	0	1	0	0	1	0	0	0
TGTGGCTCAATTGCGC-1	2611	5268	3193	6371	0	0	1	0	1	0	0	0
TGTGGCTCACAAACTT-1	3685	8653	6925	14969	0	0	0	0	1	0	0	0
TGTGGCTCACTAGCGT-1	2849	5524	3505	7265	0	0	0	0	1	0	0	0
TGTGGCTCAGAGAGCC-1	1285	1839	3466	7080	0	0	0	0	1	0	0	0
TGTGGCTCATGAGCAG-1	5055	14266	6688	14732	0	0	1	0	1	0	0	0
TGTGTGAGTAACCACA-1	5627	16773	12127	28479	0	0	1	0	1	0	0	0
TGTGTGAGTACGCGCA-1	1081	1439	2267	4649	0	0	1	0	1	0	0	0
TGTGTGAGTGCGCATG-1	564	695	5917	12600	1	1	0	0	1	0	0	1
TGTGTTAAGACCATAC-1	1711	3044	3017	6144	0	0	0	0	1	0	0	0
TGTGTTAAGGAGCATA-1	4074	10670	8071	17676	0	0	0	0	1	0	0	0
TGTGTTAAGGTGAGAC-1	3943	9748	3913	8203	0	0	0	0	1	0	0	0
TGTTACTTCAGTTCCC-1	2176	4162	888	1733	0	0	0	0	1	0	0	0
TGTTACTTCATCCTAT-1	5533	15822	3204	6565	0	0	1	0	1	0	0	0
TGTTACTTCGTTACAA-1	4843	13417	9968	22994	0	0	0	0	1	0	0	0
TGTTACTTCTGTGAGT-1	2395	4933	3393	7021	0	0	1	0	1	0	0	0
TGTTAGCAGGAGGTTA-1	4539	15630	8824	20000	0	0	0	0	1	0	0	0
TGTTATGAGCCGCTAA-1	1321	1937	951	1937	0	0	0	0	1	0	0	0
TGTTATGAGCCTCTGT-1	2899	5804	5511	11407	0	0	0	0	1	0	0	0
TGTTATGAGCTATTAG-1	1038	1778	895	1748	0	0	0	0	1	0	0	0
TGTTATGAGCTGTACG-1	7269	33980	10419	24157	0	0	1	0	1	0	0	0
TGTTATGAGGCTACTG-1	2614	4799	6898	14894	0	0	0	0	1	0	0	0
TGTTCATTCACGAATC-1	4472	12552	3400	6983	0	0	1	0	1	0	0	0
TGTTCATTCATCCTGC-1	5234	13309	3593	7468	0	0	1	0	1	0	0	0
TGTTCATTCCAAGTTA-1	4033	9769	291	543	0	0	1	0	1	0	0	0
TGTTCATTCCCGCAAA-1	3547	8396	1266	2330	0	0	1	0	1	0	0	0
TGTTCCTCAAGATTCT-1	1074	1890	8124	17674	0	0	0	0	1	0	0	0
TGTTCCTCAGAGGGAG-1	1170	1748	1394	2775	0	0	1	0	1	0	0	0
TGTTCCTCAGTTTACG-1	4722	12462	10988	25820	0	0	1	0	1	0	0	0
TGTTGCACAGGCTACT-1	712	1164	4405	9270	0	0	0	0	1	0	0	0
TGTTGCACATAATCAC-1	2657	4993	3888	7777	0	0	0	0	1	0	0	0
TGTTGCACATAGCTGC-1	5164	18524	8852	20268	0	0	0	0	1	0	0	0
TGTTGGCCACCACAAC-1	2863	6098	457	867	0	0	1	0	1	0	0	0
TGTTGGCCAGGCATCT-1	2382	4199	1792	3421	0	0	0	0	1	0	0	0
TGTTGGCCATAAGCAA-1	1667	2786	2738	5823	0	0	0	0	1	0	0	0
TGTTGGCCATCCAGGT-1	2141	3635	2535	4987	0	0	1	0	1	0	0	0
TGTTGGCCATTAAGTC-1	3868	9059	12066	27772	0	0	0	0	1	0	0	0
TGTTGTAAGACAAAGT-1	2295	5173	1324	2592	0	0	0	0	1	0	0	0
TGTTGTAAGGCGAATA-1	1276	1864	3165	6676	0	0	2	0	1	0	0	0
TGTTGTAAGGTTTGCG-1	3822	10645	3909	8174	0	0	1	0	1	0	0	0
TGTTGTGCAAGGGTTG-1	1914	3443	3166	6525	0	0	0	0	1	0	0	0
TGTTGTGCAGGGAGGA-1	2068	3551	329	615	0	0	0	0	1	0	0	0
TGTTGTTTCGTTTCGC-1	6809	23569	14338	34586	0	0	1	0	1	0	0	0
TTAAAGGCAATCCTAG-1	5822	19680	5262	10662	1	2	1	0	1	0	0	1
TTAAAGGCACAAAGCG-1	5030	13491	4801	9806	0	0	2	0	1	0	0	0
TTAAAGGCACAGGGAC-1	1305	2071	882	1774	0	0	0	0	1	0	0	0
TTAAAGGCAGGTATTT-1	2066	3394	1848	3766	0	0	0	0	1	0	0	0
TTAAAGGCAGGTTCAC-1	2137	3842	5340	11011	0	0	0	0	1	0	0	0
TTAACCAAGACTTATG-1	310	752	1469	2908	0	0	0	0	1	0	0	0
TTAACCAAGCAATAGG-1	2347	4388	2643	5238	0	0	1	0	1	0	0	0
TTAACCAAGCATGTCG-1	2027	4242	4125	8333	0	0	0	0	1	0	0	0
TTAACCAAGGTCCAAT-1	7662	32808	16529	42147	0	0	2	0	1	0	0	0
TTAACCAAGGTGCTGC-1	974	1544	790	1579	1	0	0	0	1	0	0	0
TTAACCAAGGTTACAC-1	589	878	4203	8680	0	0	0	0	1	0	0	0
TTAACTGAGCAACATC-1	4519	11521	7518	16937	0	0	0	0	1	0	0	0
TTAACTGAGCAAGGTA-1	5243	15257	6833	14183	0	0	0	0	1	0	0	0
TTAACTGAGCCGCAAC-1	2006	3435	2431	4941	0	0	0	0	1	0	0	0
TTAACTGAGGGACTAA-1	3328	8886	3076	6315	0	0	0	0	1	0	0	0
TTAAGCCAGAAAGCAT-1	1312	3671	5755	12086	0	0	0	0	1	0	0	0
TTAAGCCAGCCAGTAT-1	478	828	2714	5511	0	0	0	0	1	0	0	0
TTAAGCCAGCGCAATT-1	2170	3582	1163	2259	0	0	0	0	1	0	0	0
TTAAGCCAGTAGCCAT-1	873	1521	841	1662	0	0	2	0	1	0	0	0
TTAAGGACAACAGGTG-1	6658	22520	15807	38568	0	0	1	0	1	0	0	0
TTAAGGACAATATACC-1	1529	2353	3628	7315	0	0	0	0	1	0	0	0
TTAAGGTGTGATCAGC-1	1988	3434	5588	11799	0	0	0	0	1	0	0	0
TTAAGGTGTTATGTGG-1	2946	6011	1563	3187	0	0	0	0	1	0	0	0
TTAAGTGTCCGCAAGC-1	1592	2488	1486	2883	0	0	0	0	1	0	0	0
TTAAGTGTCGCAATCG-1	2132	3841	2670	5621	0	0	0	0	1	0	0	0
TTAATCGAGACAACAG-1	1514	2216	2538	5196	0	0	0	0	1	0	0	0
TTAATCGAGGCTGTCA-1	1533	2356	618	1175	1	0	0	0	1	0	0	0
TTAATCGAGGTAAGGC-1	3123	6897	6871	14915	0	0	0	0	1	0	0	0
TTAATCGAGTAACAGG-1	1937	3413	499	940	0	0	0	0	1	0	0	0
TTAATCGAGTGAGCGG-1	2646	6393	8679	19113	0	0	0	0	1	0	0	0
TTACACCGTATTGGAT-1	4422	11194	5491	11459	0	0	1	0	1	0	0	0
TTACAGCAGCATGGTT-1	826	2806	6588	14024	1	0	0	0	1	0	0	0
TTACAGCAGGTAGCTT-1	3337	6879	4414	9124	0	0	0	0	1	0	0	0
TTACAGCAGTATTGTG-1	2535	4962	5478	11382	0	0	1	0	1	0	0	0
TTACAGCAGTGAACAG-1	3369	8160	5964	12532	0	0	0	0	1	0	0	0
TTACAGCAGTGAGCAA-1	4115	10844	9743	21325	0	1	0	0	1	0	0	0
TTACCGTGTCCGCTGT-1	2657	5777	1674	3307	0	0	0	0	1	0	0	0
TTACCGTGTGAGCACT-1	2222	3923	7246	15865	0	0	0	0	1	0	0	0
TTACCTGTCAGCTAAC-1	4001	11121	5133	10688	0	0	0	0	1	0	0	0
TTACCTGTCTTTAAGG-1	4581	11572	10285	22915	0	0	1	0	1	0	0	0
TTACGTTTCAGAAACG-1	1928	3878	4629	9623	0	0	1	0	1	0	0	0
TTACGTTTCATGCTTT-1	2165	3982	1744	3553	0	0	1	0	1	0	0	0
TTACGTTTCGAGGTGG-1	2054	3868	1812	3678	0	0	0	0	1	0	0	0
TTACGTTTCGGTCAAT-1	3861	7961	3825	7905	0	0	1	0	1	0	0	0
TTAGAAGCACATAGCC-1	1851	3414	1164	2331	0	0	1	0	1	0	0	0
TTAGAAGCATGACTAT-1	9482	55719	20920	56448	0	1	2	0	0	0	0	0
TTAGACTCACTAAGAA-1	2892	5841	3462	7028	0	0	0	0	1	0	0	0
TTAGACTCATACTCCT-1	3375	7792	809	1575	0	0	2	0	1	0	0	0
TTAGCAATCCTTAAGA-1	1460	2299	3379	6779	0	0	0	0	1	0	0	0
TTAGCAATCCTTAATC-1	2279	3694	814	1597	0	0	0	0	1	0	0	0
TTAGCAATCTAATCTC-1	2250	4129	1993	4159	0	0	2	0	1	0	0	0
TTAGCAATCTTGATGA-1	1190	1995	660	1274	0	0	0	0	1	0	0	0
TTAGCAGGTACCGGAT-1	1184	1739	1256	2552	0	0	1	0	1	0	0	0
TTAGCAGGTCACACCC-1	4164	10034	13356	31422	0	0	1	0	1	0	0	0
TTAGCAGGTCTTGCAT-1	1055	1824	655	1255	0	1	0	0	1	0	0	0
TTAGCAGGTGTTGTAG-1	1471	2289	871	1704	0	0	0	0	1	0	0	0
TTAGCCTGTGCACGCA-1	1303	2301	542	1031	0	0	0	0	1	0	0	0
TTAGCCTGTTTAAAGC-1	4152	10430	7519	16032	0	0	0	0	1	0	0	0
TTAGCGGTCACGCCAA-1	1337	1891	1111	2167	0	0	0	0	1	0	0	0
TTAGCGGTCATGGCCA-1	3429	7362	1730	3437	0	0	0	0	1	0	0	0
TTAGCGGTCCCGAACA-1	2819	5589	948	1822	0	0	0	0	1	0	0	0
TTAGCGGTCGTCATTT-1	3928	8734	310	562	2	0	1	1	1	1	0	0
TTAGCGGTCGTTTCTG-1	1055	1595	4737	9984	0	0	0	0	1	0	0	0
TTAGCTGCAAGGATTA-1	758	1266	4068	8310	0	0	1	0	1	0	0	0
TTAGCTGCAAGTTATC-1	997	1500	1419	2780	0	0	0	0	1	0	0	0
TTAGCTGCAATCATGT-1	2585	8445	4476	9282	0	0	0	0	1	0	0	0
TTAGCTGCACTAAATC-1	2199	4108	5459	11506	0	0	0	0	1	0	0	0
TTAGGAACAATGAATG-1	2947	6340	2550	4880	0	0	1	0	1	0	0	0
TTAGGAACACGGTTTA-1	1172	1794	1059	2091	0	0	0	0	1	0	0	0
TTAGGAACATGCTTAG-1	1731	2665	469	909	0	0	0	0	1	0	0	0
TTAGGATGTACCAGGT-1	1108	1770	1543	3063	0	0	0	0	1	0	0	0
TTAGGATGTACCGGAT-1	1915	3635	2707	5237	0	0	1	0	1	0	0	0
TTAGGATGTGTCCTGC-1	3286	6454	2523	5087	0	0	1	0	1	0	0	0
TTAGGCCCAATGCGCT-1	1450	2321	3520	7223	0	0	0	0	1	0	0	0
TTAGGCGTCATTAGCA-1	2975	6074	9269	20236	0	1	1	0	1	0	0	0
TTAGGCGTCCTTTACG-1	4528	10967	4293	8774	0	0	1	0	1	0	0	0
TTAGGCTAGAACCTAC-1	2441	4482	940	1919	0	0	0	0	1	0	0	0
TTAGTCAAGCCTTAAA-1	7717	34019	16417	41537	0	0	0	0	1	0	0	0
TTAGTCAAGCGGATAA-1	2315	3829	1655	3333	0	1	1	0	1	0	0	0
TTAGTCAAGGACCTCA-1	2379	4441	548	1026	0	0	0	0	1	0	0	0
TTAGTCAAGGTGCTGC-1	2874	5833	3806	8099	0	0	0	0	1	0	0	0
TTAGTCAAGTTACCGG-1	1910	3969	373	714	0	0	0	0	1	0	0	0
TTATAGCCATTGTGAT-1	5200	14271	4922	10153	0	0	1	0	1	0	0	0
TTATCCTAGCATGGTT-1	1129	1810	8491	18422	0	0	0	0	1	0	0	0
TTATCCTAGGAAACTG-1	2455	4956	868	1649	0	0	1	0	1	0	0	0
TTATCCTAGGACTTAC-1	9540	62807	22538	63651	0	0	2	0	0	0	0	0
TTATCCTAGGATAAAC-1	3087	6259	5421	11269	0	0	0	0	1	0	0	0
TTATGACCAACCCTAA-1	2507	5580	1876	3675	0	0	0	0	1	0	0	0
TTATGACCAACTAACT-1	2090	3791	1948	3866	3	0	1	0	1	1	0	0
TTATGACCAGTTGCGT-1	3237	7170	5023	10521	1	0	0	0	1	0	0	0
TTATTGCTCAATGTGC-1	1638	2475	7523	15844	0	0	0	0	1	0	0	0
TTCAACCGTGGAGCAA-1	2094	4181	1859	3907	2	0	0	0	1	1	0	0
TTCAACCGTGGCTTCC-1	2497	4964	3806	7818	0	0	0	0	1	0	0	0
TTCAACCGTTTGGCGG-1	3549	12118	6168	13487	0	0	0	0	1	0	0	0
TTCACTGTCATAACGC-1	2587	4346	211	395	2	3	1	0	1	1	1	1
TTCACTGTCATTTAGG-1	3012	6815	275	500	0	0	1	0	1	0	0	0
TTCACTGTCCATTACT-1	2108	3577	2794	5614	0	0	0	0	1	0	0	0
TTCACTGTCCCGAACA-1	2464	4419	12447	29029	0	0	1	0	1	0	0	0
TTCACTGTCGTTCACC-1	3890	10910	4122	8558	0	0	0	0	1	0	0	0
TTCACTGTCTAGCGAT-1	2765	6074	9771	22238	0	0	0	0	1	0	0	0
TTCAGCACAAAGGCCA-1	2523	5121	1831	3738	0	0	0	0	1	0	0	0
TTCAGCACAACCCTCC-1	1279	2309	436	838	0	0	0	0	1	0	0	0
TTCAGCACAGCTTAAT-1	1235	1875	1682	3239	0	0	0	0	1	0	0	0
TTCAGCACATAAAGCA-1	5091	13638	8171	18017	0	0	2	0	1	0	0	0
TTCAGGTAGAGAAGGG-1	9185	48440	15276	37976	1	0	3	0	1	0	0	0
TTCAGGTAGCCGGTAC-1	2477	4351	1754	3472	0	0	1	0	1	0	0	0
TTCAGGTAGGTAAGGC-1	1688	2734	2563	5079	0	0	1	0	1	0	0	0
TTCAGTTTCCTGAATA-1	3150	6628	2870	5703	0	0	0	0	1	0	0	0
TTCATCCCACAATGTT-1	4035	14030	8903	19710	0	0	0	0	1	0	0	0
TTCATCCCACCGTTCC-1	6017	18928	2982	6129	0	0	2	0	1	0	0	0
TTCATTCAGCGCCTTT-1	2826	5540	4050	8328	0	0	1	0	1	0	0	0
TTCATTCAGGAACACA-1	4009	9550	4385	9239	0	0	0	0	1	0	0	0
TTCCACGGTATTGTGG-1	3001	6591	957	1816	2	2	2	0	1	1	0	0
TTCCACGGTCCTTAGT-1	566	885	5508	12089	0	0	0	0	1	0	0	0
TTCCACGGTGATCAGC-1	3197	7168	5338	11069	0	0	0	0	1	0	0	0
TTCCACGGTGTGCAAC-1	5059	15515	7465	16235	0	0	0	0	1	0	0	0
TTCCCACAGAAAGCAT-1	2984	8966	1318	2543	0	0	0	0	1	0	0	0
TTCCCACAGGATTGCT-1	2659	5849	3043	6348	0	0	0	0	1	0	0	0
TTCCCACAGGTGTTAC-1	7028	29902	12205	29493	0	0	1	0	1	0	0	0
TTCCCACAGTTGTCAA-1	1363	2054	631	1234	0	0	0	0	1	0	0	0
TTCCCGCCACCTCACC-1	836	1520	1154	2357	0	0	0	0	1	0	0	0
TTCCTCAAGCTTGCTC-1	1258	2002	1597	3230	2	2	0	0	1	1	1	1
TTCCTTCTCCTGCGAA-1	1143	1817	2209	4361	0	0	0	0	1	0	0	0
TTCCTTCTCCTTGCGT-1	4267	11469	3984	8101	0	0	1	0	1	0	0	0
TTCCTTGAGTCATTGA-1	1983	3348	917	1755	0	0	0	0	1	0	0	0
TTCGCAACAAGCTTAT-1	3435	7588	2832	5545	0	0	1	0	1	0	0	0
TTCGCAACACAAACTT-1	2787	5850	856	1595	0	0	0	0	1	0	0	0
TTCGCAACAGAATGAC-1	2107	3939	548	1038	0	0	0	0	1	0	0	0
TTCGCAACAGGTTATT-1	3577	8461	3558	7353	0	0	0	0	1	0	0	0
TTCGGTACATTGCGTA-1	2262	4290	4585	9579	0	0	1	0	1	0	0	0
TTCGTGCTCAGCAAAG-1	1017	1425	1472	3039	0	0	1	0	1	0	0	0
TTCGTGCTCCTCATGC-1	2262	4019	1527	3009	0	0	1	0	1	0	0	0
TTCGTTAGTAAGCACC-1	777	1280	2333	4715	0	0	0	0	1	0	0	0
TTCGTTAGTGCTAGCG-1	1424	2069	8829	18979	0	0	0	0	1	0	0	0
TTCTTAGGTGGATTAT-1	3786	8498	1892	3859	0	0	0	0	1	0	0	0
TTCTTAGGTTGACTTC-1	6518	23499	4556	9282	0	0	1	0	1	0	0	0
TTCTTAGGTTGCACAA-1	3324	7488	4939	9913	1	0	0	0	1	0	0	0
TTGACATCAAACTCAT-1	5137	21739	4265	8731	0	0	2	0	1	0	0	0
TTGACATCAAACTGTT-1	2268	4469	3066	6153	0	0	1	0	1	0	0	0
TTGACGTAGCAAGGTA-1	1002	1391	2973	5980	1	0	0	0	1	0	0	0
TTGACGTAGGTCCTGA-1	993	1608	754	1449	0	0	1	0	1	0	0	0
TTGACTAAGCAGCTCA-1	586	1193	803	1573	0	0	1	0	1	0	0	0
TTGACTAAGCCGCTAA-1	1988	3431	1883	3757	0	0	1	0	1	0	0	0
TTGACTAAGCCTGGTA-1	1870	3022	2159	4394	0	1	0	0	1	0	0	0
TTGACTAAGGTCCGTA-1	2030	3432	4263	8722	0	0	0	0	1	0	0	0
TTGAGCTAGATGGACA-1	5572	16172	13439	31988	0	0	1	0	1	0	0	0
TTGAGCTAGCAACATC-1	1049	1373	1462	2928	0	0	0	0	1	0	0	0
TTGAGCTAGCATGTTA-1	4072	8957	5153	10562	0	0	0	0	1	0	0	0
TTGAGCTAGTCAGTAC-1	2563	5034	1053	2028	0	0	0	0	1	0	0	0
TTGAGGCGTGAGAAAC-1	1963	3291	1451	2854	0	0	0	0	1	0	0	0
TTGAGGCGTGCGCGTA-1	4760	12965	3865	7970	1	0	2	0	1	0	0	0
TTGATGTCAAACAACA-1	4266	11229	5177	10597	0	0	0	0	1	0	0	0
TTGATGTCAAGGAATC-1	1973	3269	596	1133	0	0	0	0	1	0	0	0
TTGATGTCACAGACTC-1	5877	18621	8263	18293	0	0	0	0	1	0	0	0
TTGCAACAGGCGCTAC-1	3490	8279	1421	2881	0	0	0	0	1	0	0	0
TTGCAAGGTCCTAACT-1	2328	4388	5500	11682	0	0	0	0	1	0	0	0
TTGCAAGGTTCGCTTG-1	3087	6624	9122	21066	0	0	0	0	1	0	0	0
TTGCAATCACCTCAGG-1	2572	5252	2482	4864	0	0	0	0	1	0	0	0
TTGCAATCAGAGGCTA-1	4513	10601	8809	19709	0	0	1	0	1	0	0	0
TTGCAATCATGGCCTG-1	2895	8039	2077	4140	0	0	1	0	1	0	0	0
TTGCAATCATTAAGCT-1	2943	6344	7261	16445	0	0	1	0	1	0	0	0
TTGCACACACCCACCT-1	4829	14494	7254	15053	0	0	0	0	1	0	0	0
TTGCACACACCTATAG-1	316	465	3669	7693	0	0	0	0	1	0	0	0
TTGCACACACCTCAGG-1	1237	1732	1560	3149	2	3	1	0	1	1	1	1
TTGCACACACGGTTTA-1	3929	10542	5231	11102	0	0	1	0	1	0	0	0
TTGCACACAGCCTGCA-1	3530	8492	4352	9325	0	0	0	0	1	0	0	0
TTGCACACATGTGGGA-1	3182	8799	7888	17752	0	0	1	0	1	0	0	0
TTGCAGCCAAACAACA-1	3604	8116	11831	27081	0	0	1	0	1	0	0	0
TTGCAGCCACCGGCTA-1	3692	8177	3114	6471	0	0	0	0	1	0	0	0
TTGCATTTCAATGAGG-1	5304	15104	2914	5868	1	0	2	0	1	0	0	0
TTGCATTTCTGGTCCT-1	3086	8318	3142	6519	0	0	2	0	1	0	0	0
TTGCCCGTCCTAAATG-1	3071	6849	1334	2679	0	0	1	0	1	0	0	0
TTGCCCGTCTTTGAGA-1	5583	19659	5721	11935	0	0	1	0	1	0	0	0
TTGCGAGTCCGCTAGA-1	6058	18654	11645	26954	1	1	0	0	1	0	0	1
TTGCGAGTCCTAAGAC-1	2333	4478	1791	3478	0	0	0	0	1	0	0	0
TTGCGTCTCATAAGCC-1	4500	11997	110	197	0	0	1	0	1	0	0	0
TTGCGTCTCCACCTGT-1	3389	8129	5732	12278	0	0	0	0	1	0	0	0
TTGCGTCTCCCTGTTA-1	1206	2122	532	1027	0	0	0	0	1	0	0	0
TTGCGTCTCCTCCATA-1	4530	11408	952	1810	0	0	0	0	1	0	0	0
TTGCTCTCAGCAAGGC-1	1451	2177	772	1492	0	0	1	0	1	0	0	0
TTGCTCTCAGCATGTC-1	5116	16311	16988	40521	0	0	0	0	1	0	0	0
TTGCTTAGTGTTGCAA-1	2091	3854	10560	24098	0	0	0	0	1	0	0	0
TTGCTTAGTTCACTGT-1	3970	11092	8021	17550	0	0	0	0	1	0	0	0
TTGCTTAGTTTATTCG-1	2317	4291	1861	3824	0	0	0	0	1	0	0	0
TTGCTTTAGACAACGA-1	6637	23085	10455	23485	0	0	2	0	1	0	0	0
TTGCTTTAGCTTCTCA-1	4264	11810	3237	6473	0	0	0	0	1	0	0	0
TTGCTTTAGTACCGCA-1	895	1268	1542	3085	1	0	0	0	1	0	0	0
TTGGAGGCAGGAAGCC-1	3583	8779	5674	12445	0	0	0	0	1	0	0	0
TTGGAGGCATCACAGC-1	1336	2116	624	1189	0	0	1	0	1	0	0	0
TTGGATATCCCGCCTA-1	5468	14765	2117	4144	0	0	1	0	1	0	0	0
TTGGATATCCTGTTCA-1	2996	6226	6008	12581	0	0	0	0	1	0	0	0
TTGGATATCGAGCTAT-1	3483	8730	4853	9594	0	0	1	0	1	0	0	0
TTGGATATCGCTAAAC-1	10453	76742	19282	52397	0	1	3	0	0	0	0	0
TTGGATATCGGTTAGT-1	850	1710	11972	27475	0	0	0	0	1	0	0	0
TTGGATATCGTCCTTA-1	2399	4530	2242	4461	2	0	1	0	1	1	0	0
TTGGATATCGTTATCT-1	2577	5910	3457	6954	0	0	1	0	1	0	0	0
TTGGATCAGCACAGAA-1	992	1448	3243	6519	0	0	0	0	1	0	0	0
TTGGATCAGGAGTCGG-1	7434	29898	15832	38945	0	0	1	0	1	0	0	0
TTGGATCAGTAACCAC-1	1272	1925	965	1924	0	0	2	0	1	0	0	0
TTGGATCAGTCTCACC-1	3207	7137	4845	10012	0	0	1	0	1	0	0	0
TTGGATTCAATTGACT-1	3326	6960	15389	40419	1	1	0	0	1	0	0	1
TTGGCGGGTCAATAGT-1	4230	10326	7604	17052	1	0	1	0	1	0	0	0
TTGGCGGGTCATAAGT-1	2371	4289	1228	2288	0	0	0	0	1	0	0	0
TTGGCTACAATATAGG-1	4048	10462	441	857	0	0	0	0	1	0	0	0
TTGGCTACACCAGGTT-1	1463	2631	597	1128	1	0	1	0	1	0	0	0
TTGGCTGAGCCTCTGT-1	7532	30989	15200	38098	0	0	1	0	1	0	0	0
TTGGCTGAGGGTCCAC-1	4237	11925	8625	18613	0	0	0	0	1	0	0	0
TTGGGCCAGATAACCC-1	5163	14958	5411	11511	0	0	0	0	1	0	0	0
TTGGGCCAGCATGCAT-1	3341	7616	6601	14334	0	0	0	0	1	0	0	0
TTGGGCCAGTTTGGGT-1	3438	7800	1433	2728	0	0	0	0	1	0	0	0
TTGGGCGGTACCCACC-1	1483	2244	6115	13120	0	0	0	0	1	0	0	0
TTGGGCGGTCAACAAT-1	5087	12782	7021	16081	0	0	1	0	1	0	0	0
TTGGGCGGTCGCGCAA-1	5229	14945	16533	41094	0	0	1	0	1	0	0	0
TTGGGCGGTTGGTTCT-1	3448	7572	1608	3191	0	0	0	0	1	0	0	0
TTGGGTTAGCTACTGG-1	329	927	5701	12352	0	0	0	0	1	0	0	0
TTGGGTTAGGATTTGC-1	820	1140	999	1994	2	1	0	0	1	1	1	1
TTGGGTTAGTTATCTC-1	3607	9739	6041	13025	0	0	0	0	1	0	0	0
TTGGTGAGTTTAACCC-1	9108	54439	11471	27329	0	0	2	0	0	0	0	0
TTGTAAGTCAGCCAAT-1	1919	3387	2653	5307	0	0	1	0	1	0	0	0
TTGTAAGTCAGGCTAT-1	1144	1562	950	1898	0	0	0	0	1	0	0	0
TTGTAAGTCTCGACCT-1	7720	33462	9072	19944	0	1	1	0	1	0	0	0
TTGTCAAAGCGAGCGA-1	3589	7863	5460	11874	0	0	0	0	1	0	0	0
TTGTCAAAGCGATAGA-1	5521	21660	10456	24857	0	2	1	0	1	0	0	0
TTGTCAAAGCTTACTT-1	1859	3573	5534	11537	0	0	0	0	1	0	0	0
TTGTCAAAGCTTCTCA-1	3428	7647	2891	5803	0	0	0	0	1	0	0	0
TTGTCAAAGGAGGGTT-1	1624	2241	1796	3567	0	0	0	0	1	0	0	0
TTGTCAAAGGCATTGT-1	2423	4232	656	1282	0	0	1	0	1	0	0	0
TTGTCAAAGTCTGGGC-1	2987	5885	2242	4428	0	0	0	0	1	0	0	0
TTGTCAAAGTGAGCGG-1	3137	6951	7389	16098	0	0	0	0	1	0	0	0
TTGTCCCAGAAACTGG-1	3356	7354	119	218	0	0	0	0	1	0	0	0
TTGTCCCAGAATCGCT-1	2674	5906	7295	15861	0	0	0	0	1	0	0	0
TTGTCCCAGACTTACA-1	2465	4668	738	1434	0	1	1	0	1	0	0	0
TTGTCCCAGCCTGAGC-1	2591	4936	7460	16190	0	0	1	0	1	0	0	0
TTGTCCCAGCGATAGA-1	5906	17345	9790	22430	0	0	1	0	1	0	0	0
TTGTCCCAGGAACCAA-1	2378	4339	688	1343	0	0	0	0	1	0	0	0
TTGTCCCAGGACAATG-1	1455	2418	597	1146	1	0	0	0	1	0	0	0
TTGTCCCAGGGTTAGA-1	4589	11833	4624	10002	2	1	2	0	1	1	0	0
TTGTCCCAGTACTGGT-1	1453	2580	1468	2907	0	0	0	0	1	0	0	0
TTGTCCCAGTGGACAA-1	1200	1989	496	962	0	0	0	0	1	0	0	0
TTGTCCGGTTACCTGT-1	3618	8485	8991	19823	0	0	0	0	1	0	0	0
TTGTGAGGTCAAAGGG-1	1949	3265	6861	14886	0	0	0	0	1	0	0	0
TTGTGAGGTGATCAGC-1	2092	3813	3134	6569	0	0	0	0	1	0	0	0
TTGTGAGGTGCGCAAT-1	4279	9320	3915	8507	0	0	1	0	1	0	0	0
TTGTGCCTCAGAAACG-1	2591	4267	1555	2951	0	0	1	0	1	0	0	0
TTGTGCCTCCCTTGCG-1	3688	8439	3550	7494	0	0	1	0	1	0	0	0
TTGTGCGAGCAAGGGT-1	1493	2217	1909	3978	0	0	0	0	1	0	0	0
TTGTGCGAGCTCATAA-1	1450	2847	487	930	0	0	1	0	1	0	0	0
TTGTGCGAGTTACCGG-1	1594	3339	1811	3586	0	0	1	0	1	0	0	0
TTGTGTGCAAGGTCGA-1	1793	3341	1206	2321	0	0	1	0	1	0	0	0
TTGTGTGCACACCAAC-1	2535	4780	527	1006	0	0	0	0	1	0	0	0
TTGTGTGCAGCCGCTA-1	2905	4916	9581	22828	0	1	0	0	1	0	0	0
TTGTGTGCAGGCTGTT-1	6605	25946	10425	23814	0	1	0	0	1	0	0	0
TTGTGTGCAGGTTTGC-1	4507	13823	903	1716	1	0	0	0	1	0	0	0
TTGTGTGCATAATCCG-1	1205	3767	309	569	0	0	0	0	1	0	0	0
TTGTTCCCAGGTTCAC-1	832	1120	1448	2851	0	1	0	0	1	0	0	0
TTGTTCCCATAAGTTC-1	2100	4366	7128	15343	0	0	0	0	1	0	0	0
TTGTTGTTCACAAGCT-1	778	1257	872	1675	0	0	0	0	1	0	0	0
TTGTTGTTCCGCAAGC-1	577	873	1240	2390	0	0	0	0	1	0	0	0
TTGTTTGGTGTAATAC-1	2803	6003	1931	3843	0	0	0	1	1	0	0	0
TTGTTTGGTTAAGCCA-1	851	1516	729	1387	0	0	0	0	1	0	0	0
TTGTTTGGTTCAAGCA-1	2127	3809	613	1182	0	0	0	0	1	0	0	0
TTTAACCTCGCACAAT-1	3666	8913	8293	18686	0	0	0	0	1	0	0	0
TTTAACCTCTATGACA-1	3124	6699	8241	17408	0	0	0	0	1	0	0	0
TTTAACGAGCTAAAGG-1	1021	1704	7602	16693	0	0	0	0	1	0	0	0
TTTAACGAGCTATGAC-1	3011	6298	4762	10156	1	0	0	0	1	0	0	0
TTTAAGCCAAGGTACG-1	1325	2424	938	1781	0	0	0	0	1	0	0	0
TTTAAGCCAGGCTAGA-1	1191	1733	1183	2338	0	0	1	0	1	0	0	0
TTTAAGCCATTGTCAG-1	1693	3183	1073	2115	0	0	1	0	1	0	0	0
TTTAAGCCATTGTGCA-1	4792	13372	8166	19013	0	0	0	0	1	0	0	0
TTTAAGGTCATGGTTA-1	2145	3989	1333	2569	0	0	1	0	1	0	0	0
TTTAAGGTCATTTGCT-1	2303	4118	4048	8306	0	0	0	0	1	0	0	0
TTTAAGGTCGCTAAAC-1	1377	2017	2618	5296	0	0	0	0	1	0	0	0
TTTAAGGTCTGCAAAC-1	2425	4709	4508	9524	0	0	0	0	1	0	0	0
TTTAAGGTCTGGCATG-1	600	820	1382	2755	0	0	0	0	1	0	0	0
TTTAAGGTCTGGTCCT-1	5255	16810	9428	21295	0	1	0	0	1	0	0	0
TTTAAGGTCTTGAGCG-1	1269	2071	1809	3670	0	0	1	0	1	0	0	0
TTTACGAAGACTAAGG-1	7073	30823	15437	37786	0	0	1	0	1	0	0	0
TTTACGAAGCCACAAT-1	2061	3879	2753	5646	0	0	1	0	1	0	0	0
TTTACGAAGCGCCTAA-1	5799	16192	9980	23319	0	0	0	0	1	0	0	0
TTTACGAAGCTGCACA-1	1485	2276	1985	4122	0	0	1	0	1	0	0	0
TTTACGAAGGAACGCG-1	2819	5365	9048	20669	0	0	0	0	1	0	0	0
TTTACGAAGGATTGAG-1	782	1339	836	1631	0	0	0	0	1	0	0	0
TTTACGAAGTAATCCA-1	4533	11085	4716	9811	0	0	2	0	1	0	0	0
TTTACGCGTCACCTAT-1	1995	3214	4083	8416	0	0	2	0	1	0	0	0
TTTACGCGTCTCACTG-1	1337	2135	1987	3925	0	0	0	0	1	0	0	0
TTTACGCGTGTCCAGG-1	985	1672	744	1470	0	0	0	0	1	0	0	0
TTTACGCGTGTTTGTC-1	3514	8443	11775	27517	0	0	1	0	1	0	0	0
TTTACGCGTTGCAATG-1	3239	6809	10778	24467	0	0	0	0	1	0	0	0
TTTAGCAAGTACTGGT-1	2941	5682	3612	7191	0	0	0	0	1	0	0	0
TTTAGCTTCACCGGTA-1	5285	18193	4324	8715	0	0	1	0	1	0	0	0
TTTAGCTTCATTACTC-1	3704	9883	4934	10292	0	0	1	0	1	0	0	0
TTTAGCTTCCCGTTGT-1	1648	3792	588	1116	0	0	0	0	1	0	0	0
TTTAGCTTCCTAATTC-1	1382	2088	1536	3048	1	0	0	0	1	0	0	0
TTTAGGATCATGCTAA-1	2512	4604	471	896	0	0	1	0	1	0	0	0
TTTAGGATCGGCTATG-1	4860	12225	5495	11878	0	1	1	0	1	0	0	0
TTTAGGATCTAACCAA-1	1390	2469	411	788	0	0	0	0	1	0	0	0
TTTAGGATCTCGACCT-1	1570	2534	5631	12087	0	0	0	0	1	0	0	0
TTTAGGATCTTGCAGG-1	3205	7760	7561	16104	0	0	0	0	1	0	0	0
TTTATGGAGATACTTG-1	3576	8603	614	1161	0	0	0	0	1	0	0	0
TTTATGGAGGACTAAG-1	3492	7786	667	1232	0	0	1	0	1	0	0	0
TTTATGGAGGATAAAC-1	7984	32248	12112	28307	0	0	2	0	1	0	0	0
TTTATGGAGGCGAATA-1	633	1036	2290	4408	0	0	0	0	1	0	0	0
TTTATGGAGGCTATGT-1	7365	27085	6335	13388	0	0	2	0	1	0	0	0
TTTATGGAGTAAGTCC-1	3085	6274	2686	5292	0	0	1	0	1	0	0	0
TTTCACCCATAAGTTC-1	3816	12610	3692	7279	0	0	0	0	1	0	0	0
TTTCAGTTCAAACCGT-1	601	939	1323	2622	0	0	0	0	1	0	0	0
TTTCAGTTCATGTGGT-1	3154	7383	1920	3691	0	0	2	0	1	0	0	0
TTTCATCAGAGGAAGG-1	423	1988	5816	12342	0	0	0	0	1	0	0	0
TTTCCACCAATAGCAA-1	2950	6033	4110	8590	0	0	0	0	1	0	0	0
TTTCCACCAATTGAAG-1	1796	2821	2671	5425	1	0	0	0	1	0	0	0
TTTCCACCACATACTG-1	844	1310	1012	1987	0	0	1	0	1	0	0	0
TTTCCACCATGATTGT-1	2835	6308	3462	7026	0	0	1	0	1	0	0	0
TTTCCGGGTAGCTAAT-1	4119	9722	6024	12723	0	0	0	0	1	0	0	0
TTTCCGGGTCTAACAG-1	320	457	3963	8265	0	0	0	0	1	0	0	0
TTTCCGGGTGGAAGGC-1	1136	1662	781	1503	0	0	0	0	1	0	0	0
TTTCCGGGTTGTTCAC-1	1097	1562	638	1230	0	0	0	0	1	0	0	0
TTTCCTGAGCCTGTTC-1	1788	2957	3382	6826	0	0	1	0	1	0	0	0
TTTCCTGAGTAAGTGG-1	1053	1802	554	1106	0	0	1	0	1	0	0	0
TTTCCTGAGTTAGTTG-1	4687	12255	11706	26669	0	0	1	0	1	0	0	0
TTTCGTCCAGCACGTT-1	3691	8712	2342	4737	0	0	0	0	1	0	0	0
TTTCGTCCAGGATGGC-1	1912	3304	2736	5543	0	0	0	0	1	0	0	0
TTTCGTCCATCCCTCA-1	2006	3620	1770	3437	0	0	1	0	1	0	0	0
TTTCGTCCATGAGTTT-1	3698	9168	6302	13627	0	0	0	0	1	0	0	0
TTTCGTCCATTTAAGC-1	3340	6840	1490	2909	0	0	1	0	1	0	0	0
TTTCTCACAACGTGCT-1	737	1002	6263	13894	0	0	1	0	1	0	0	0
TTTCTCACAAGTAAGC-1	2945	7360	2561	5260	0	0	0	0	1	0	0	0
TTTCTCACATAAAGCA-1	6802	25759	6662	14987	0	0	1	0	1	0	0	0
TTTCTTGCAAACTAAG-1	5325	16174	6110	13162	0	0	1	0	1	0	0	0
TTTCTTGCAATGCCCG-1	3810	8611	2123	4139	0	0	0	0	1	0	0	0
TTTCTTGCACCTCAGG-1	4411	13427	8109	18085	0	0	2	0	1	0	0	0
TTTCTTGCAGGACACA-1	6518	21772	4496	9178	0	0	1	0	1	0	0	0
TTTGACCGTCCAAGAC-1	391	624	1812	3605	0	0	0	0	1	0	0	0
TTTGACCGTGATCATG-1	3449	8298	1252	2466	0	0	1	0	1	0	0	0
TTTGACCGTTTGGGCG-1	2442	5716	1415	2892	0	0	1	0	1	0	0	0
TTTGACTTCAGAAACG-1	3031	5847	9117	20382	0	0	0	0	1	0	0	0
TTTGACTTCCTGAGTG-1	1813	3022	1066	2061	0	0	0	0	1	0	0	0
TTTGAGTCAACTAGAA-1	2949	7260	4541	9351	0	0	0	0	1	0	0	0
TTTGAGTCAGTTATCG-1	3133	6421	520	985	0	0	0	0	1	0	0	0
TTTGAGTCATTGTCCT-1	2529	4585	1299	2498	0	0	0	0	1	0	0	0
TTTGCATTCAAGCCTG-1	7414	32854	10636	25095	0	0	0	0	1	0	0	0
TTTGCATTCACCGGTA-1	816	1272	817	1580	0	0	0	0	1	0	0	0
TTTGCATTCCAAATCA-1	1264	3193	466	866	0	1	0	0	1	0	0	0
TTTGCATTCCACAATA-1	3119	6395	1632	3149	0	0	0	0	1	0	0	0
TTTGCATTCCGCCAAA-1	5168	14678	3725	7664	0	0	1	0	1	0	0	0
TTTGCGACAGCAAGGC-1	8228	37546	9746	22355	1	0	2	0	1	0	0	0
TTTGCGACAGGAACAT-1	1009	1568	3322	6874	0	0	2	0	1	0	0	0
TTTGCGACATACCCGG-1	3359	6992	2460	4995	0	0	0	0	1	0	0	0
TTTGCGACATCACTTC-1	3577	8641	5382	11157	0	0	0	0	1	0	0	0
TTTGCGACATCAGTAT-1	1162	1615	2072	4322	0	0	1	0	1	0	0	0
TTTGCGACATTATCCC-1	3559	8351	1105	2067	0	0	0	0	1	0	0	0
TTTGCGGAGGACGTAA-1	2215	3844	7358	16869	0	0	0	0	1	0	0	0
TTTGCGGAGGTTAGAG-1	5874	21229	24218	67629	1	0	0	0	0	0	0	0
TTTGGCTGTGTTGCAA-1	1616	2873	686	1289	0	0	0	0	1	0	0	0
TTTGGCTGTTCGCTCA-1	2996	5818	1386	2725	0	0	0	0	1	0	0	0
TTTGGCTGTTTGCGAA-1	3878	9337	3364	6554	0	0	0	0	1	0	0	0
TTTGGTAAGCCTAATA-1	3071	6711	3217	6629	0	0	1	0	1	0	0	0
TTTGGTAAGCGATAGA-1	2758	5308	2741	5528	0	0	1	0	1	0	0	0
TTTGGTGCATGTTGCA-1	1075	1571	1253	2492	2	1	0	0	1	1	1	1
TTTGGTGCATTAAGCT-1	1818	2977	572	1125	0	1	0	0	1	0	0	0
TTTGGTGCATTAGGTT-1	7511	28594	9154	20955	1	0	1	0	1	0	0	0
TTTGTCCCACGTAAGG-1	5639	18975	9515	20929	0	0	0	0	1	0	0	0
TTTGTCCCACTAGCGT-1	2583	5408	6807	14965	0	1	0	0	1	0	0	0
TTTGTCCCAGAACCGA-1	5729	17812	3875	7751	0	0	0	0	1	0	0	0
TTTGTCCCAGGTTACC-1	1925	3761	3473	7148	0	0	0	0	1	0	0	0
TTTGTCTAGAAAGCAT-1	1932	3306	1115	2230	0	0	0	0	1	0	0	0
TTTGTCTAGCATGACT-1	2589	5058	1311	2497	0	0	1	0	1	0	0	0
TTTGTCTAGCCACAAT-1	1349	1912	1233	2448	0	0	1	0	1	0	0	0
TTTGTCTAGGGACGCA-1	3267	7280	8977	20247	0	0	0	0	1	0	0	0
TTTGTCTAGTCTCACC-1	671	1063	1003	1943	0	0	0	0	1	0	0	0
TTTGTCTAGTTAGTTG-1	2773	6524	4501	9325	0	0	0	0	1	0	0	0
TTTGTCTAGTTCCTGC-1	2620	5074	1058	2038	0	1	0	0	1	0	0	0
TTTGTGAAGAGCCGCT-1	2207	5597	3877	7773	0	0	1	0	1	0	0	0
TTTGTGAAGCAGGTTT-1	706	1214	1594	3125	0	0	0	0	1	0	0	0
TTTGTGAAGTTGTCCC-1	3060	6389	8146	17545	0	0	0	0	1	0	0	0
TTTGTGGCAACTCGCG-1	4820	13378	9429	20889	0	0	0	0	1	0	0	0
TTTGTGGCAGTTGCGT-1	1459	2365	727	1432	0	0	0	0	1	0	0	0
TTTGTGGCATAACGGG-1	506	767	3506	7383	0	0	0	0	1	0	0	0
TTTGTGGCATAATTGC-1	2548	4822	1239	2368	0	0	1	0	1	0	0	0
TTTGTGGCATAGCTTG-1	3237	6845	3259	6603	0	0	1	0	1	0	0	0
TTTGTGTTCACTCAAA-1	2383	4063	1753	3488	0	0	0	0	1	0	0	0
TTTGTGTTCCTCGATC-1	2555	5071	4175	8757	0	0	1	0	1	0	0	0
TTTGTGTTCGACCTGA-1	1018	1751	550	1062	0	0	1	0	1	0	0	0
TTTGTGTTCGCAGGCT-1	1680	3013	2224	4540	0	1	0	0	1	0	0	0
TTTGTGTTCGCATTAA-1	3750	8151	8380	18445	0	1	1	0	1	0	0	0
TTTGTTGGTTGAGCCG-1	6433	26761	15121	35028	0	0	0	0	1	0	0	0
