barcode	res0.5_seed0	res0.5_seed42	res1.0_seed0	res1.0_seed42	res0.5_seed0_T_enriched	res0.5_seed42_T_enriched	res1.0_seed0_T_enriched	res1.0_seed42_T_enriched
AAACAGCCAGTCTAGC-1	0	0	0	0	0	0	0	0
AAACAGCCATAATCGT-1	1	1	1	1	0	0	0	0
AAACAGCCATGCATAT-1	1	1	1	1	0	0	0	0
AAACATGCAATGCGCT-1	2	2	2	2	0	0	0	0
AAACCAACAATAGCCC-1	2	2	2	2	0	0	0	0
AAACCAACAGGACACA-1	0	0	0	0	0	0	0	0
AAACCAACATATTGAC-1	3	3	3	3	0	0	0	0
AAACCAACATTGGGAG-1	0	0	0	0	0	0	0	0
AAACCGAAGCCTGATG-1	4	4	4	4	0	0	0	0
AAACCGAAGTTACCGG-1	5	5	5	5	0	0	0	0
AAACCGCGTACCTTAC-1	2	2	2	2	0	0	0	0
AAACCGCGTGCTCCAC-1	4	4	4	4	0	0	0	0
AAACCGCGTGGATGTC-1	3	3	3	3	0	0	0	0
AAACCGCGTGTTGTAG-1	0	0	0	0	0	0	0	0
AAACCGCGTTATCGAG-1	0	0	5	6	0	0	0	0
AAACCGCGTTCCTGTG-1	2	2	2	2	0	0	0	0
AAACCGGCAATTAAGG-1	6	5	6	5	0	0	0	0
AAACCGGCAGCCTTGG-1	4	4	4	4	0	0	0	0
AAACCGGCAGGCTGTT-1	5	6	5	7	0	0	0	0
AAACGCGCAATTGACT-1	3	3	3	3	0	0	0	0
AAACGCGCATAGACCC-1	7	7	7	8	0	0	0	0
AAACGGATCAGCAAAG-1	4	4	4	4	0	0	0	0
AAACGGATCCCGCAAA-1	3	3	3	3	0	0	0	0
AAACGGATCCTAGTAA-1	8	8	8	9	1	1	1	1
AAACGGATCGTAACGT-1	2	2	9	2	0	0	0	0
AAACGTACACCATATG-1	0	0	0	6	0	0	0	0
AAACGTACACGGTACT-1	7	7	7	8	0	0	0	0
AAAGCAAGTCATTAGG-1	6	5	6	5	0	0	0	0
AAAGCAAGTTACTAGG-1	4	4	4	4	0	0	0	0
AAAGCAAGTTTGTCTA-1	5	6	5	7	0	0	0	0
AAAGCACCAGTAGGTG-1	2	2	2	2	0	0	0	0
AAAGCCCGTTCATCTA-1	2	2	9	2	0	0	0	0
AAAGCCGCAAACATAG-1	2	2	2	2	0	0	0	0
AAAGCCGCAGGACCTT-1	8	8	8	9	1	1	1	1
AAAGCGGGTCCGTAGG-1	0	0	0	0	0	0	0	0
AAAGCGGGTTATCCGT-1	9	3	10	10	0	0	0	0
AAAGCTTGTCGCAAAC-1	4	4	4	4	0	0	0	0
AAAGCTTGTGGCTTCC-1	6	5	11	11	0	0	0	0
AAAGCTTGTTAGTACG-1	0	0	0	0	0	0	0	0
AAAGGACGTCAACAAT-1	4	4	4	4	0	0	0	0
AAAGGACGTCAAGTAT-1	0	0	0	0	0	0	0	0
AAAGGACGTGCTCCGT-1	2	2	2	2	0	0	0	0
AAAGGACGTTACGCAA-1	0	0	5	7	0	0	0	0
AAAGGAGCACACTAAT-1	2	2	2	2	0	0	0	0
AAAGGAGCACTAAGAA-1	4	4	4	4	0	0	0	0
AAAGGAGCATTGCGTA-1	6	5	11	11	0	0	0	0
AAAGGCTCAAGGAATC-1	2	2	2	2	0	0	0	0
AAAGGTTAGAGGAGGA-1	2	2	9	2	0	0	0	0
AAAGGTTAGCAATAGG-1	7	7	7	8	0	0	0	0
AAAGGTTAGGAACGGT-1	2	2	2	2	0	0	0	0
AAAGGTTAGTATTGCA-1	1	1	1	1	0	0	0	0
AAAGGTTAGTTGGGCC-1	0	0	0	0	0	0	0	0
AAATCCGGTCATGCAA-1	6	5	12	12	0	0	0	0
AAATCCGGTCCACAAA-1	4	4	4	4	0	0	0	0
AAATCCGGTGCAACTA-1	2	2	9	2	0	0	0	0
AAATCCGGTGGATTAT-1	4	4	4	4	0	0	0	0
AAATCCGGTTAGGACC-1	0	0	0	6	0	0	0	0
AAATGCCTCTTGCAGG-1	5	6	13	13	0	0	0	0
AAATGGCCAAGTCGCT-1	5	6	5	7	0	0	0	0
AAATGGCCAATAAGCA-1	3	3	3	3	0	0	0	0
AAATGGCCACCCACAG-1	8	8	8	9	1	1	1	1
AAATGGCCAGCATTAT-1	7	7	7	8	0	0	0	0
AAATGGCCATTTAAGC-1	4	4	4	4	0	0	0	0
AACAAAGGTCCGCTGT-1	9	3	10	10	0	0	0	0
AACAAAGGTGATCATG-1	9	3	10	10	0	0	0	0
AACAAAGGTTGTAACG-1	2	2	2	2	0	0	0	0
AACAAGCCAACCCTAA-1	1	1	1	1	0	0	0	0
AACAAGCCAATTAAGG-1	2	2	2	2	0	0	0	0
AACAAGCCAGGCTTCG-1	3	3	3	3	0	0	0	0
AACAAGCCATAATCCG-1	0	0	0	0	0	0	0	0
AACAGATAGAATCGCT-1	6	5	11	5	0	0	0	0
AACAGATAGGCGAATA-1	4	4	4	4	0	0	0	0
AACAGCAAGCGATAGA-1	2	2	2	2	0	0	0	0
AACAGCAAGCTAGAAG-1	0	0	0	0	0	0	0	0
AACAGCAAGTAAGTCC-1	6	0	11	11	0	0	0	0
AACAGGATCAAGCCTG-1	4	4	4	4	0	0	0	0
AACAGGATCAGAAACG-1	0	0	0	0	0	0	0	0
AACAGGATCATTGTCT-1	0	0	0	0	0	0	0	0
AACAGGATCTTTGAGA-1	3	3	3	3	0	0	0	0
AACATAGCAAGGCCAA-1	5	6	5	7	0	0	0	0
AACATAGCAATTTAGC-1	3	3	3	3	0	0	0	0
AACATAGCACTCAACA-1	0	0	0	0	0	0	0	0
AACATCATCATGCATA-1	2	2	9	2	0	0	0	0
AACATCATCATTAGGC-1	3	3	3	3	0	0	0	0
AACATTGTCCACAATA-1	0	0	0	0	0	0	0	0
AACATTGTCTTAGTCT-1	2	2	2	2	0	0	0	0
AACCCGCAGCGATAGA-1	3	3	3	3	0	0	0	0
AACCCGCAGGATTTGC-1	6	5	11	5	0	0	0	0
AACCGCTCAATTTGGT-1	6	5	11	5	0	0	0	0
AACCGCTCAGAAATTG-1	0	0	0	0	0	0	0	0
AACCGCTCATGACTAT-1	7	7	7	8	0	0	0	0
AACCGGCTCCACAATA-1	4	4	4	4	0	0	0	0
AACCTAATCGGCCATA-1	0	0	0	0	0	0	0	0
AACCTAATCTTGATGA-1	2	2	9	2	0	0	0	0
AACCTCACACAGGAAT-1	0	0	0	0	0	0	0	0
AACCTCACACCTCACC-1	6	5	12	12	0	0	0	0
AACCTCCTCAATGACC-1	0	0	0	0	0	0	0	0
AACCTCCTCATGGTGT-1	0	0	0	6	0	0	0	0
AACCTCCTCCACCTGT-1	4	4	4	4	0	0	0	0
AACCTCCTCGGGACTC-1	9	6	14	14	0	0	0	0
AACCTCCTCGTGCTAG-1	2	2	2	2	0	0	0	0
AACCTTAAGGCGAAAC-1	2	2	2	2	0	0	0	0
AACCTTAAGGCTAATC-1	3	3	3	3	0	0	0	0
AACCTTAAGTGAGCAA-1	8	8	8	9	1	1	1	1
AACCTTGCACATTGCA-1	2	2	2	2	0	0	0	0
AACCTTGCACTCAACA-1	4	4	4	4	0	0	0	0
AACCTTGCATAACGGG-1	9	3	10	10	0	0	0	0
AACGACAAGACTATTG-1	8	8	8	9	1	1	1	1
AACGACAAGCATGTCG-1	6	5	11	11	0	0	0	0
AACGACAAGTATCGCG-1	3	3	3	3	0	0	0	0
AACGCCCAGCTGGACC-1	4	4	4	4	0	0	0	0
AACGCCCAGGAAACTG-1	6	5	6	5	0	0	0	0
AACGCCCAGGCCAATT-1	2	2	9	2	0	0	0	0
AACGGTAAGAAGCTAG-1	9	0	14	14	0	0	0	0
AACGGTAAGCCGCTTT-1	8	8	8	9	1	1	1	1
AACGGTAAGCTAATTG-1	9	6	14	14	0	0	0	0
AACGGTAAGCTCAATA-1	9	6	14	14	0	0	0	0
AACGGTAAGGGCTAAA-1	2	2	2	2	0	0	0	0
AACGGTAAGTCACGAT-1	4	4	4	4	0	0	0	0
AACTACTCAGTTTCTC-1	4	4	4	4	0	0	0	0
AACTAGCTCACAGGAA-1	5	6	13	13	0	0	0	0
AACTAGCTCTTCAATC-1	6	5	6	5	0	0	0	0
AACTAGCTCTTGCAGG-1	6	5	12	12	0	0	0	0
AACTAGTGTAAAGCAA-1	5	6	13	13	0	0	0	0
AACTAGTGTAAGGTCC-1	6	5	11	11	0	0	0	0
AACTAGTGTTGCTGGG-1	3	3	3	3	0	0	0	0
AACTCACAGCTTATGA-1	6	5	11	11	0	0	0	0
AACTCACAGGAAGCTA-1	2	2	2	2	0	0	0	0
AACTCACAGGATGATG-1	3	3	3	3	0	0	0	0
AACTCACAGTAACCCG-1	5	6	5	7	0	0	0	0
AACTGTTCAACTGGCT-1	6	5	11	11	0	0	0	0
AACTGTTCAAGGGTTG-1	9	6	14	14	0	0	0	0
AACTGTTCAATAATGG-1	6	5	11	12	0	0	0	0
AACTGTTCACAATGCC-1	5	6	13	13	0	0	0	0
AACTGTTCACTATGGC-1	0	0	0	6	0	0	0	0
AACTGTTCACTGGCTG-1	2	2	2	2	0	0	0	0
AACTGTTCAGGTTACC-1	0	0	0	6	0	0	0	0
AAGAACAGTGCATTAG-1	6	5	11	11	0	0	0	0
AAGAACAGTGCTAGCG-1	3	3	3	3	0	0	0	0
AAGAACAGTGGAGCAA-1	2	2	2	2	0	0	0	0
AAGAACAGTGTTGCAA-1	6	5	6	5	0	0	0	0
AAGAACAGTTAACGAT-1	2	2	9	2	0	0	0	0
AAGAACAGTTAGGCTA-1	6	5	11	11	0	0	0	0
AAGAACAGTTTATCTG-1	4	4	4	4	0	0	0	0
AAGAATCAGCTATTAG-1	6	5	6	5	0	0	0	0
AAGAATCAGGAATAAC-1	0	0	0	6	0	0	0	0
AAGAATCAGGAGTCTT-1	0	0	0	6	0	0	0	0
AAGACAAGTGGACCTG-1	0	0	0	0	0	0	0	0
AAGACAAGTGTCCAAA-1	6	5	6	5	0	0	0	0
AAGACAAGTGTTCCCA-1	6	5	6	5	0	0	0	0
AAGACAAGTTGCGCGA-1	3	3	3	3	0	0	0	0
AAGACATAGGATTGCT-1	6	5	6	5	0	0	0	0
AAGACCAAGGCCCAGT-1	5	6	5	7	0	0	0	0
AAGCAAGTCATGGTTA-1	3	3	3	3	0	0	0	0
AAGCAAGTCCAAATCA-1	0	0	0	6	0	0	0	0
AAGCAAGTCCCGCAAA-1	7	7	7	8	0	0	0	0
AAGCAAGTCCTCATCA-1	6	5	11	5	0	0	0	0
AAGCATGAGCACTTGG-1	2	2	2	2	0	0	0	0
AAGCATGAGCGGATAA-1	6	5	6	5	0	0	0	0
AAGCCACGTATTCGCT-1	2	2	2	2	0	0	0	0
AAGCCACGTGCTTTAC-1	3	3	3	3	0	0	0	0
AAGCCACGTGTTTGCT-1	2	2	2	2	0	0	0	0
AAGCCACGTTACTAGG-1	6	5	6	5	0	0	0	0
AAGCCACGTTACTTCA-1	6	5	12	12	0	0	0	0
AAGCCACGTTATGTGG-1	6	5	11	11	0	0	0	0
AAGCCTCCAACTAGGG-1	4	4	4	4	0	0	0	0
AAGCCTCCACATAGCC-1	5	6	13	13	0	0	0	0
AAGCCTCCACGGTACT-1	5	6	13	13	0	0	0	0
AAGCCTCCAGAATGAC-1	3	3	3	3	0	0	0	0
AAGCCTCCAGCATGGA-1	6	5	6	5	0	0	0	0
AAGCCTCCATTAAGCT-1	0	0	0	0	0	0	0	0
AAGCCTGTCATGGTTA-1	3	3	3	3	0	0	0	0
AAGCCTGTCCCGCCTA-1	7	7	7	8	0	0	0	0
AAGCCTGTCCCTCAGT-1	1	1	1	1	0	0	0	0
AAGCCTGTCGATAACC-1	3	3	3	3	0	0	0	0
AAGCCTGTCTTGGACG-1	4	4	4	4	0	0	0	0
AAGCCTTAGAACCTGT-1	2	2	9	2	0	0	0	0
AAGCCTTAGCATGGTT-1	0	0	0	0	0	0	0	0
AAGCCTTAGGCGGGTA-1	3	3	3	3	0	0	0	0
AAGCCTTAGTAAGTGG-1	8	8	8	9	1	1	1	1
AAGCCTTAGTGAGAGC-1	7	7	7	8	0	0	0	0
AAGCGAGGTACCGTAA-1	0	0	0	0	0	0	0	0
AAGCGAGGTCCTAGTT-1	1	1	1	1	0	0	0	0
AAGCGAGGTGTGCAAC-1	2	2	2	2	0	0	0	0
AAGCGAGGTTAGCGTA-1	2	2	2	2	0	0	0	0
AAGCGCTGTGCCGCAA-1	0	0	0	0	0	0	0	0
AAGCGCTGTTACTTCA-1	3	3	3	3	0	0	0	0
AAGCGCTGTTCACTGT-1	5	6	13	13	0	0	0	0
AAGCGGGTCCCTCAAC-1	2	2	2	2	0	0	0	0
AAGCGGGTCCGGGACT-1	8	8	8	9	1	1	1	1
AAGCGGGTCTGTGCCT-1	6	5	11	11	0	0	0	0
AAGCGTTTCATTAGGC-1	1	1	1	1	0	0	0	0
AAGCGTTTCCTTTACG-1	1	1	1	1	0	0	0	0
AAGCTAGAGGATTGCT-1	0	0	0	6	0	0	0	0
AAGCTAGAGGCTATGT-1	0	0	5	6	0	0	0	0
AAGCTATGTACCGTAA-1	0	0	0	6	0	0	0	0
AAGCTATGTCCCGAAG-1	0	0	0	0	0	0	0	0
AAGCTATGTGCTGGTG-1	0	0	0	0	0	0	0	0
AAGCTATGTGGATGTC-1	2	2	2	2	0	0	0	0
AAGCTATGTTAATCGG-1	0	0	0	14	0	0	0	0
AAGCTATGTTCCAGGG-1	8	8	8	9	1	1	1	1
AAGCTCCCACTTAACG-1	4	4	4	4	0	0	0	0
AAGCTTGGTAAACAAG-1	7	7	7	8	0	0	0	0
AAGCTTGGTGATCAGC-1	3	3	3	3	0	0	0	0
AAGCTTGGTGCAACTA-1	2	2	2	2	0	0	0	0
AAGCTTGGTTAGACCA-1	2	2	2	2	0	0	0	0
AAGCTTGGTTGGTTCT-1	9	6	14	14	0	0	0	0
AAGCTTGGTTTGGTTC-1	1	1	1	1	0	0	0	0
AAGGAAGCATGAAATG-1	4	4	4	4	0	0	0	0
AAGGATCCAGGAAGCC-1	0	0	0	0	0	0	0	0
AAGGATCCAGGTTCAC-1	3	3	3	3	0	0	0	0
AAGGATCCATCATGGC-1	2	2	2	2	0	0	0	0
AAGGATCCATTAGGCC-1	9	6	14	14	0	0	0	0
AAGGATGTCAATGTGC-1	5	6	5	7	0	0	0	0
AAGGATGTCCACCCTG-1	6	5	6	5	0	0	0	0
AAGGATTAGCAGGCCT-1	4	4	4	4	0	0	0	0
AAGGATTAGGCTGTCA-1	3	3	3	3	0	0	0	0
AAGGCCCTCAGGCTAT-1	3	3	3	3	0	0	0	0
AAGGCCCTCGATTTGA-1	0	0	0	0	0	0	0	0
AAGGCCCTCGGCTAGC-1	4	4	4	4	0	0	0	0
AAGGTATAGAAAGCAT-1	3	3	3	3	0	0	0	0
AAGGTATAGCAAGGGT-1	3	3	3	3	0	0	0	0
AAGGTCAAGAAAGGAA-1	6	5	12	12	0	0	0	0
AAGGTCAAGCCGCTTT-1	0	0	0	6	0	0	0	0
AAGGTCAAGGCGAAAC-1	6	5	6	5	0	0	0	0
AAGGTGCAGCTATATG-1	0	0	0	6	0	0	0	0
AAGGTGCAGGTGTTAC-1	2	2	9	2	0	0	0	0
AAGTAGCCAATTGAGA-1	0	0	0	0	0	0	0	0
AAGTAGCCACAATTAC-1	9	6	14	14	0	0	0	0
AAGTAGCCAGGTTCAC-1	6	5	11	11	0	0	0	0
AAGTCTATCCTCACTA-1	0	0	3	7	0	0	0	0
AAGTCTATCGGTTTGG-1	0	0	0	0	0	0	0	0
AAGTGAAGTGCCGCAA-1	0	0	0	0	0	0	0	0
AAGTGAAGTTACAAAC-1	8	8	8	9	1	1	1	1
AAGTGAAGTTACAACG-1	3	3	3	3	0	0	0	0
AAGTGAAGTTATAGCG-1	6	5	11	5	0	0	0	0
AAGTGCAAGAATCTCA-1	0	0	0	6	0	0	0	0
AAGTGCAAGACAAAGT-1	3	3	3	3	0	0	0	0
AAGTGCAAGATAGACG-1	3	3	3	3	0	0	0	0
AAGTGCAAGGCTAGAA-1	2	2	2	2	0	0	0	0
AAGTGCAAGGGATTAG-1	3	3	3	3	0	0	0	0
AAGTGCAAGTTAGACC-1	4	4	4	4	0	0	0	0
AAGTGCAAGTTTCCTG-1	5	6	5	7	0	0	0	0
AAGTGTTGTACGGTAC-1	4	4	4	4	0	0	0	0
AAGTGTTGTCCTAGTT-1	2	2	9	2	0	0	0	0
AAGTGTTGTGGGTGAA-1	5	6	13	13	0	0	0	0
AAGTGTTGTTGGTTCT-1	1	1	1	1	0	0	0	0
AAGTTACGTAGTTACG-1	0	0	0	0	0	0	0	0
AAGTTACGTTCGCGCT-1	4	4	4	4	0	0	0	0
AAGTTAGCAATTAAGG-1	6	5	6	5	0	0	0	0
AAGTTAGCAGGCATGA-1	7	7	7	8	0	0	0	0
AAGTTTGTCAAACTCA-1	6	5	6	5	0	0	0	0
AAGTTTGTCAGCAAAG-1	0	0	0	0	0	0	0	0
AATAACCGTACTTAGG-1	0	0	0	0	0	0	0	0
AATAACCGTAGGTTTG-1	6	5	11	11	0	0	0	0
AATAACCGTCGCGCAA-1	5	6	13	13	0	0	0	0
AATAACCGTTCCTCCT-1	0	0	0	0	0	0	0	0
AATAACCGTTCGGGAT-1	5	6	5	7	0	0	0	0
AATAACCGTTGCACAA-1	5	6	5	7	0	0	0	0
AATAACCGTTTCGCCA-1	3	3	3	3	0	0	0	0
AATACCGGTAATCCCT-1	6	5	11	11	0	0	0	0
AATACCGGTGCTCCAC-1	0	0	0	0	0	0	0	0
AATACCGGTGTAATAC-1	6	5	11	11	0	0	0	0
AATAGAGGTCAAGTAT-1	5	6	5	7	0	0	0	0
AATAGAGGTCACGAAC-1	6	5	12	12	0	0	0	0
AATAGAGGTCATCATC-1	6	5	12	12	0	0	0	0
AATAGAGGTGAAGCCT-1	1	1	1	1	0	0	0	0
AATAGAGGTTAAATGC-1	0	0	0	0	0	0	0	0
AATAGAGGTTGCCTCA-1	3	3	3	3	0	0	0	0
AATAGCTGTCCTCCAA-1	2	2	2	2	0	0	0	0
AATATCCCAAACTAAG-1	6	5	6	5	0	0	0	0
AATATCCCAACTCGCG-1	6	5	11	11	0	0	0	0
AATATCCCAAGCTTTG-1	2	2	9	2	0	0	0	0
AATATCCCACCAAAGG-1	6	5	6	5	0	0	0	0
AATATCCCATCACTTC-1	2	2	9	2	0	0	0	0
AATCAGGAGAGAGGAG-1	0	0	0	6	0	0	0	0
AATCATCCACCCTCAC-1	6	5	12	12	0	0	0	0
AATCATCCAGCAATAA-1	6	5	12	12	0	0	0	0
AATCATCCATTGTGCA-1	9	6	14	14	0	0	0	0
AATCATGTCCTAAGAC-1	1	1	1	1	0	0	0	0
AATCATGTCGATTATG-1	0	0	0	6	0	0	0	0
AATCATGTCTAAGGTC-1	2	2	2	2	0	0	0	0
AATCATGTCTTGATGA-1	7	7	7	8	0	0	0	0
AATCATGTCTTTAGGA-1	6	5	6	5	0	0	0	0
AATCCATCACTAAGTT-1	6	5	12	14	0	0	0	0
AATCCATCAGAGGCTA-1	6	5	12	12	0	0	0	0
AATCCATCAGCATGTC-1	0	0	0	0	0	0	0	0
AATCCATCAGGCTAAG-1	3	3	3	3	0	0	0	0
AATCCATCAGTTATCG-1	6	5	6	5	0	0	0	0
AATCCATCATAGCGGA-1	7	7	7	8	0	0	0	0
AATCCATCATCCAGGT-1	5	6	5	7	0	0	0	0
AATCCCTGTCCCGAAG-1	0	0	0	6	0	0	0	0
AATCCCTGTGCATTTC-1	9	6	14	14	0	0	0	0
AATCCGTAGAACCTAC-1	6	5	11	5	0	0	0	0
AATCCGTAGTTCCTGC-1	2	2	2	2	0	0	0	0
AATCCTAAGAACCTAC-1	9	6	14	14	0	0	0	0
AATCCTAAGCATTATG-1	4	4	15	15	0	0	0	0
AATCCTAAGCCAGTAT-1	6	5	6	5	0	0	0	0
AATCCTAAGGGCCACT-1	9	6	14	14	0	0	0	0
AATCCTAAGTCATTAG-1	6	5	11	7	0	0	0	0
AATCCTAAGTTTAACG-1	0	0	0	0	0	0	0	0
AATCGCCCACTAGGTC-1	3	3	3	3	0	0	0	0
AATCGCCCATAGACTT-1	6	5	6	5	0	0	0	0
AATCTCAAGCTATGAC-1	2	2	9	2	0	0	0	0
AATCTCAAGGCACAGG-1	3	3	3	3	0	0	0	0
AATCTCAAGTCAGGCC-1	5	6	5	7	0	0	0	0
AATCTTGAGCCAGTAT-1	0	0	0	6	0	0	0	0
AATCTTGAGCTGGAAA-1	2	2	2	2	0	0	0	0
AATCTTGAGGAGCACG-1	6	5	6	5	0	0	0	0
AATGAAGGTCACAGCG-1	7	7	7	8	0	0	0	0
AATGAAGGTCAGGAAG-1	6	5	6	5	0	0	0	0
AATGAAGGTCATCATC-1	5	6	5	7	0	0	0	0
AATGAAGGTGATTACG-1	0	0	0	0	0	0	0	0
AATGAAGGTGTGAGGA-1	0	0	0	0	0	0	0	0
AATGCAACAATGAATG-1	4	4	4	4	0	0	0	0
AATGCAACACATAGCC-1	0	0	0	0	0	0	0	0
AATGCAACACCTCAGG-1	0	0	0	6	0	0	0	0
AATGCAACACCTGCCT-1	6	5	6	5	0	0	0	0
AATGCAACAGGCTAAG-1	6	5	12	14	0	0	0	0
AATGCATGTCGACTCC-1	6	5	6	5	0	0	0	0
AATGCGCGTAATTAGC-1	4	4	4	4	0	0	0	0
AATGCGCGTTAGAGGG-1	2	2	2	2	0	0	0	0
AATGTCATCCACCTTA-1	9	3	14	14	0	0	0	0
AATGTCATCCTCATGC-1	0	0	0	0	0	0	0	0
AATTACCCAAGGGTTG-1	6	5	6	5	0	0	0	0
AATTACCCACGGTACT-1	3	3	3	3	0	0	0	0
AATTACCCATCAGTAT-1	2	2	2	2	0	0	0	0
AATTAGCGTGCAATGC-1	0	0	5	6	0	0	0	0
AATTAGCGTTCATTTG-1	7	7	7	8	0	0	0	0
AATTAGGCAGCATGAG-1	0	0	0	6	0	0	0	0
AATTCGTCAAGCCAGA-1	5	6	5	7	0	0	0	0
AATTCGTCACATTGCA-1	9	6	14	14	0	0	0	0
AATTCGTCAGGAAGCC-1	0	0	0	6	0	0	0	0
AATTCGTCATGAATCT-1	2	2	2	2	0	0	0	0
AATTGACGTCATCATC-1	2	2	2	2	0	0	0	0
AATTGACGTTATCCTA-1	0	0	0	0	0	0	0	0
AATTGACGTTCACCAT-1	3	3	3	3	0	0	0	0
AATTGACGTTGGCGTG-1	2	2	9	2	0	0	0	0
AATTGACGTTGTTGTC-1	0	0	0	0	0	0	0	0
AATTGACGTTTCCGGC-1	7	7	7	8	0	0	0	0
AATTGGACACAAAGCG-1	6	5	12	14	0	0	0	0
AATTGGACAGTTAGCC-1	3	3	3	3	0	0	0	0
AATTGGACATCCAGGT-1	0	0	0	0	0	0	0	0
AATTGGACATGGCCTG-1	4	4	4	4	0	0	0	0
AATTGGGAGATGGACA-1	2	2	11	11	0	0	0	0
AATTGGGAGATGGAGC-1	4	4	4	4	0	0	0	0
AATTGGGAGCGTGCGT-1	7	7	7	8	0	0	0	0
AATTGTGTCCTTAATC-1	1	1	1	1	0	0	0	0
AATTGTGTCGTTATAG-1	2	2	2	2	0	0	0	0
AATTGTGTCTTGTCTG-1	0	0	0	0	0	0	0	0
AATTTCCTCACTTCAT-1	6	5	6	5	0	0	0	0
AATTTCCTCATGACCG-1	3	3	3	3	0	0	0	0
AATTTCCTCGCGCTAA-1	4	4	4	4	0	0	0	0
AATTTGCCAGTAGGAT-1	2	2	2	2	0	0	0	0
AATTTGGTCACCTGTC-1	3	3	3	3	0	0	0	0
AATTTGGTCCGGCTAA-1	2	2	2	2	0	0	0	0
ACAAACTGTAAAGCAA-1	6	5	11	12	0	0	0	0
ACAAACTGTGATCATG-1	3	3	3	3	0	0	0	0
ACAAACTGTGATGGCT-1	7	7	7	8	0	0	0	0
ACAAACTGTGGAAGGC-1	3	3	3	3	0	0	0	0
ACAAACTGTTAGGTGC-1	0	0	0	0	0	0	0	0
ACAAAGGTCAGCACGC-1	0	0	0	0	0	0	0	0
ACAAAGGTCCCTCAAC-1	6	5	12	12	0	0	0	0
ACAACAACAACCTGGT-1	3	3	3	3	0	0	0	0
ACAACAACACAATACT-1	1	1	1	1	0	0	0	0
ACAACAACATCAGCAC-1	2	2	2	2	0	0	0	0
ACAACACTCCTTGTTG-1	2	2	9	2	0	0	0	0
ACAACACTCTTGGACG-1	4	4	4	4	0	0	0	0
ACAACAGAGCCGCAAC-1	0	5	5	12	0	0	0	0
ACAACAGAGGAGCAAC-1	8	8	8	9	1	1	1	1
ACAACAGAGTCCTGAG-1	2	2	9	2	0	0	0	0
ACAACAGAGTTACCGG-1	0	5	5	11	0	0	0	0
ACAACATGTGGGAACA-1	2	2	2	2	0	0	0	0
ACAACATGTGGTTCCC-1	6	5	12	12	0	0	0	0
ACACAATGTGCTAGAC-1	3	3	3	3	0	0	0	0
ACACAATGTTAGTGAT-1	7	7	7	8	0	0	0	0
ACACAATGTTTACCGT-1	7	7	7	8	0	0	0	0
ACACCTTGTAACCTAG-1	1	1	1	1	0	0	0	0
ACACCTTGTGATGGCT-1	2	2	2	2	0	0	0	0
ACACCTTGTGCCGCAA-1	0	0	0	0	0	0	0	0
ACACCTTGTTGCCTCA-1	3	3	3	3	0	0	0	0
ACACGGACAAAGGCCA-1	1	1	1	1	0	0	0	0
ACACGGACAAGCTACC-1	1	1	1	1	0	0	0	0
ACACGGACAGAAATTG-1	6	5	12	14	0	0	0	0
ACACGGACAGCTACGT-1	8	8	8	9	1	1	1	1
ACACGGACATTATGAC-1	3	3	3	3	0	0	0	0
ACACGGACATTATGCG-1	2	2	9	2	0	0	0	0
ACACTAATCACTTTAC-1	0	0	5	6	0	0	0	0
ACACTAATCCCTCAAC-1	1	1	1	1	0	0	0	0
ACACTAATCCGCAAGC-1	0	0	0	0	0	0	0	0
ACACTAGGTATGTGGC-1	6	5	11	11	0	0	0	0
ACACTAGGTATTTGCC-1	2	2	2	2	0	0	0	0
ACACTAGGTCATTGTC-1	6	5	11	11	0	0	0	0
ACACTAGGTTAGCATG-1	3	3	3	3	0	0	0	0
ACACTAGGTTCGCGCT-1	2	2	2	2	0	0	0	0
ACACTAGGTTGGATAT-1	2	2	2	2	0	0	0	0
ACACTAGGTTTCCTCC-1	4	4	4	4	0	0	0	0
ACACTAGGTTTCGCCA-1	9	6	14	14	0	0	0	0
ACACTTAAGCCTGAGC-1	6	5	12	12	0	0	0	0
ACACTTAAGGTAGCTT-1	0	0	0	0	0	0	0	0
ACACTTAAGGTATTGC-1	3	3	3	3	0	0	0	0
ACACTTAAGTTAGCCG-1	7	7	7	8	0	0	0	0
ACACTTAAGTTGGATC-1	4	4	4	4	0	0	0	0
ACAGCCGGTAACTACG-1	6	5	11	11	0	0	0	0
ACAGCCGGTGATTTGG-1	6	5	11	11	0	0	0	0
ACAGCGCTCCGCAAAT-1	6	5	6	5	0	0	0	0
ACAGGAATCCTAATTC-1	5	6	5	7	0	0	0	0
ACAGGAATCGCTAAGT-1	0	0	0	0	0	0	0	0
ACAGGAATCTTGTCTG-1	6	5	6	5	0	0	0	0
ACAGGATCAACTAGAA-1	2	2	2	2	0	0	0	0
ACAGGATCAAGGTGCA-1	2	2	2	2	0	0	0	0
ACAGGATCAGGTTTGC-1	2	2	2	2	0	0	0	0
ACAGGATCATAGCTTG-1	0	0	0	6	0	0	0	0
ACAGGCTGTAAGCTCA-1	5	6	5	7	0	0	0	0
ACAGGCTGTATTGCAG-1	6	5	12	12	0	0	0	0
ACAGGTAAGCGCCTAA-1	0	0	0	0	0	0	0	0
ACAGGTAAGGCGAAAC-1	5	6	13	13	0	0	0	0
ACAGGTAAGGGATTAG-1	9	3	10	10	0	0	0	0
ACAGTATGTAGTAAGA-1	6	5	12	12	0	0	0	0
ACAGTATGTGCAATGC-1	0	0	0	6	0	0	0	0
ACAGTATGTTACCGGG-1	5	6	5	7	0	0	0	0
ACAGTATGTTAGACCA-1	1	1	1	1	0	0	0	0
ACAGTATGTTGGTGAC-1	4	4	4	4	0	0	0	0
ACATAGCTCAAACACC-1	6	5	11	11	0	0	0	0
ACATAGCTCAGGAACA-1	2	2	2	2	0	0	0	0
ACATAGCTCCCTGGAA-1	0	6	5	7	0	0	0	0
ACATAGCTCGATATTG-1	2	2	9	2	0	0	0	0
ACATAGCTCGCTCACT-1	2	2	2	2	0	0	0	0
ACATAGCTCGTTACAA-1	3	3	3	3	0	0	0	0
ACATCAATCACGTTAA-1	0	0	0	0	0	0	0	0
ACATCAATCCAGGTTG-1	9	3	10	10	0	0	0	0
ACATCATCATCAATCG-1	7	7	7	8	0	0	0	0
ACATCATCATTGTGGC-1	2	2	9	2	0	0	0	0
ACATTAGTCCGTCCAT-1	0	0	0	0	0	0	0	0
ACATTAGTCGCTAGCA-1	0	0	0	0	0	0	0	0
ACATTAGTCTAATCTC-1	6	5	11	11	0	0	0	0
ACATTGCAGGAGGCAT-1	3	3	3	3	0	0	0	0
ACATTGCAGGTCGAGG-1	2	2	9	2	0	0	0	0
ACATTGCAGTTGGGCC-1	3	3	3	3	0	0	0	0
ACCAAGCGTCACTCGC-1	1	1	1	1	0	0	0	0
ACCAAGCGTCATAACG-1	3	3	3	3	0	0	0	0
ACCAAGCGTGTTTGCT-1	6	5	6	5	0	0	0	0
ACCAAGCGTTAAGGTT-1	6	5	11	11	0	0	0	0
ACCAAGCGTTTAACGG-1	9	3	14	14	0	0	0	0
ACCAAGTTCAATTACG-1	3	3	3	3	0	0	0	0
ACCAAGTTCCCTTGCG-1	1	1	1	1	0	0	0	0
ACCAAGTTCCGCAACA-1	2	2	9	2	0	0	0	0
ACCAAGTTCCGCCTAT-1	3	3	3	3	0	0	0	0
ACCAAGTTCGTTACAA-1	6	5	11	5	0	0	0	0
ACCAAGTTCTTACTCG-1	4	4	4	4	0	0	0	0
ACCAATATCCCGTTAC-1	0	0	0	0	0	0	0	0
ACCAATATCCGTTAAA-1	0	0	0	6	0	0	0	0
ACCACATAGGTGAAAT-1	0	0	0	0	0	0	0	0
ACCACATAGTAACGAG-1	0	0	0	0	0	0	0	0
ACCAGCTCAAACTGCC-1	0	0	0	0	0	0	0	0
ACCAGCTCACGAACAG-1	0	0	0	0	0	0	0	0
ACCAGCTCATAATTGC-1	5	6	13	13	0	0	0	0
ACCAGGACAAACCTTG-1	6	5	6	5	0	0	0	0
ACCAGGACAGCCAGTT-1	1	1	1	1	0	0	0	0
ACCAGGACAGGAAGCC-1	6	5	6	5	0	0	0	0
ACCAGGCTCCCTCGCA-1	3	3	3	3	0	0	0	0
ACCAGGCTCTTGTCCA-1	9	6	14	14	0	0	0	0
ACCAGGGAGTGGACAA-1	6	5	12	12	0	0	0	0
ACCAGGGAGTTTGTCT-1	0	0	0	0	0	0	0	0
ACCATAATCCATTACT-1	4	4	4	4	0	0	0	0
ACCATAATCCTTAATC-1	6	5	6	5	0	0	0	0
ACCATAATCGAGCAAA-1	6	5	6	5	0	0	0	0
ACCATAATCGCTTGCT-1	8	8	8	9	1	1	1	1
ACCATAATCGGTACGC-1	6	5	11	11	0	0	0	0
ACCATAATCGTTACTT-1	6	5	12	12	0	0	0	0
ACCATAATCGTTAGTA-1	0	0	0	0	0	0	0	0
ACCATAATCGTTCACC-1	0	0	0	0	0	0	0	0
ACCATAATCTAACCTT-1	4	4	4	4	0	0	0	0
ACCATAATCTCACATT-1	2	2	2	2	0	0	0	0
ACCATTAAGACAAAGT-1	4	4	4	4	0	0	0	0
ACCATTAAGATAGACG-1	2	2	9	2	0	0	0	0
ACCATTAAGTCCTTTG-1	1	1	1	1	0	0	0	0
ACCCAACCACAATACT-1	0	0	0	6	0	0	0	0
ACCCAACCATCGTTCT-1	6	5	11	5	0	0	0	0
ACCCAGGGTCAAGTAT-1	3	3	3	3	0	0	0	0
ACCCAGGGTCAATACG-1	7	7	7	8	0	0	0	0
ACCCAGGGTCAGTAAT-1	2	2	2	2	0	0	0	0
ACCCAGGGTCATGAGC-1	1	0	1	6	0	0	0	0
ACCCAGGGTCCTGATT-1	0	0	5	6	0	0	0	0
ACCCAGGGTCTTGCTG-1	6	5	6	5	0	0	0	0
ACCCAGGGTGAGCACT-1	6	5	11	11	0	0	0	0
ACCCAGGGTGTCCAGG-1	2	2	9	2	0	0	0	0
ACCCAGGGTTAGAGGG-1	6	5	11	11	0	0	0	0
ACCCGCTGTAACGAGG-1	9	3	10	10	0	0	0	0
ACCCGCTGTCATAACG-1	0	0	0	0	0	0	0	0
ACCCGCTGTGTCACGG-1	0	0	0	0	0	0	0	0
ACCCGCTGTGTTTCAC-1	0	5	5	11	0	0	0	0
ACCCGCTGTTAGTTGG-1	5	6	5	7	0	0	0	0
ACCCGGTAGGGTTAGA-1	3	3	3	3	0	0	0	0
ACCCGTAAGAGAGCCG-1	3	3	3	3	0	0	0	0
ACCCGTAAGCGATAGA-1	0	0	0	6	0	0	0	0
ACCCGTAAGCGCATTG-1	2	2	2	2	0	0	0	0
ACCCGTAAGCGGCTGT-1	0	0	0	0	0	0	0	0
ACCCGTAAGGCCTAAT-1	3	3	3	3	0	0	0	0
ACCCGTAAGGCTGTGC-1	1	1	1	1	0	0	0	0
ACCCGTAAGGTCTTGG-1	0	0	0	0	0	0	0	0
ACCCTCCCACTTCACT-1	1	1	1	1	0	0	0	0
ACCCTCCCAGAACCGA-1	2	5	11	11	0	0	0	0
ACCCTCCCAGTCTAGC-1	6	5	12	12	0	0	0	0
ACCCTGTTCAGGCTAT-1	6	5	11	11	0	0	0	0
ACCCTGTTCAGTTCCC-1	5	6	5	7	0	0	0	0
ACCCTGTTCATAACTG-1	9	6	14	14	0	0	0	0
ACCCTGTTCATAAGCC-1	0	0	0	0	0	0	0	0
ACCCTGTTCATAGCCG-1	2	2	2	2	0	0	0	0
ACCCTGTTCCATCAGG-1	2	2	2	2	0	0	0	0
ACCCTGTTCGTTATCT-1	7	7	7	8	0	0	0	0
ACCCTGTTCTAATTGG-1	0	0	0	6	0	0	0	0
ACCCTGTTCTAGCTAA-1	6	5	11	11	0	0	0	0
ACCGAAGCACTGACTA-1	2	2	2	2	0	0	0	0
ACCGAAGCAGACAAAC-1	0	0	0	6	0	0	0	0
ACCGCAATCAATGTCA-1	9	0	14	14	0	0	0	0
ACCGCAATCACAGCGC-1	3	3	3	3	0	0	0	0
ACCGCAATCCACCTTA-1	2	2	2	2	0	0	0	0
ACCGGCTAGCCACAAT-1	5	6	13	13	0	0	0	0
ACCGGCTAGCGATACT-1	0	0	5	6	0	0	0	0
ACCGGCTAGTAACAGG-1	1	1	1	1	0	0	0	0
ACCGGTTCAAATTGCT-1	0	0	0	0	0	0	0	0
ACCGGTTCACCTGGTG-1	2	2	2	2	0	0	0	0
ACCGGTTCACTTACAG-1	3	3	3	3	0	0	0	0
ACCGGTTCAGAAACGT-1	2	2	9	2	0	0	0	0
ACCGGTTCAGGAACTG-1	4	4	4	4	0	0	0	0
ACCGGTTCATAAACCT-1	6	5	11	11	0	0	0	0
ACCGGTTCATTTGCTC-1	2	2	9	2	0	0	0	0
ACCTAAATCAAGTGTC-1	8	8	8	9	1	1	1	1
ACCTAAATCAGGCCTA-1	9	3	10	10	0	0	0	0
ACCTAAGGTATTTGCC-1	6	5	6	5	0	0	0	0
ACCTAAGGTCATCCTG-1	2	2	2	2	0	0	0	0
ACCTAAGGTGTGAGGA-1	4	4	4	4	0	0	0	0
ACCTACCTCACCTGCT-1	9	6	14	14	0	0	0	0
ACCTCACTCCAAACAC-1	4	4	4	4	0	0	0	0
ACCTCACTCGCTAGTG-1	0	0	0	0	0	0	0	0
ACCTCACTCGTTAGTA-1	3	3	3	3	0	0	0	0
ACCTGGATCATCCTAT-1	2	2	2	2	0	0	0	0
ACCTGGATCCAAGTGT-1	2	2	9	2	0	0	0	0
ACCTGGATCGCACACA-1	0	0	0	0	0	0	0	0
ACCTGGATCGGTAACT-1	0	0	0	0	0	0	0	0
ACCTGGATCGGTCAGC-1	3	3	3	3	0	0	0	0
ACCTGGTCAAACTAAG-1	9	6	14	14	0	0	0	0
ACCTGGTCACGTAATT-1	0	0	0	0	0	0	0	0
ACCTGTTGTGCTCCAC-1	1	1	1	1	0	0	0	0
ACCTTCATCAGCATTA-1	0	0	0	0	0	0	0	0
ACCTTCATCCAACTGG-1	8	8	8	9	1	1	1	1
ACCTTCATCCCGAACA-1	2	2	2	2	0	0	0	0
ACCTTCATCCTTAAGA-1	2	2	9	2	0	0	0	0
ACCTTCCAGAGGGACT-1	6	5	11	5	0	0	0	0
ACCTTCCAGCATTATG-1	2	2	2	2	0	0	0	0
ACCTTCCAGCGATACT-1	0	0	5	6	0	0	0	0
ACCTTGCTCAAGCGCC-1	2	2	2	2	0	0	0	0
ACCTTGCTCACTAATG-1	2	2	2	2	0	0	0	0
ACCTTGCTCCTCACTA-1	6	5	12	12	0	0	0	0
ACCTTGTGTCCTAACT-1	0	0	0	0	0	0	0	0
ACCTTGTGTGTTTCAC-1	9	6	14	14	0	0	0	0
ACCTTGTGTTAGAGCC-1	3	3	3	3	0	0	0	0
ACGAACAAGCTTGCTC-1	9	6	14	14	0	0	0	0
ACGAACAAGGTCAAAG-1	4	4	15	15	0	0	0	0
ACGAACAAGGTCCTGA-1	6	5	6	5	0	0	0	0
ACGAACAAGTCCTGAG-1	3	3	3	3	0	0	0	0
ACGAAGTCACCGGCTA-1	9	6	14	14	0	0	0	0
ACGAAGTCATCCCGCT-1	3	3	3	3	0	0	0	0
ACGAAGTCATGAATAG-1	6	5	12	12	0	0	0	0
ACGAATCTCAAACTCA-1	2	2	2	2	0	0	0	0
ACGAATCTCAATGTCA-1	6	5	12	12	0	0	0	0
ACGAATCTCAGTATTG-1	1	1	1	1	0	0	0	0
ACGAATCTCATGGTGT-1	0	0	0	6	0	0	0	0
ACGAATCTCGCAGGCT-1	0	0	0	0	0	0	0	0
ACGACAAAGGACTTAC-1	0	0	0	0	0	0	0	0
ACGACAAAGGATGATG-1	6	5	12	12	0	0	0	0
ACGACTTAGAATGACG-1	2	2	2	2	0	0	0	0
ACGAGTAAGCTGTAAC-1	6	5	12	12	0	0	0	0
ACGAGTAAGGAAGCTA-1	5	6	5	7	0	0	0	0
ACGAGTAAGGCAAGTA-1	2	2	2	2	0	0	0	0
ACGATTCAGTAAACCC-1	0	0	0	0	0	0	0	0
ACGATTCAGTAGAGGC-1	3	3	3	3	0	0	0	0
ACGCAAGCAAACTAAG-1	3	3	3	3	0	0	0	0
ACGCAAGCAATTTAGC-1	0	0	0	6	0	0	0	0
ACGCAAGCACAGAAAC-1	3	3	3	3	0	0	0	0
ACGCAAGCAGCTAACC-1	0	0	0	0	0	0	0	0
ACGCAAGCAGGTTACC-1	6	5	12	12	0	0	0	0
ACGCAAGCATTTAAGC-1	0	0	0	0	0	0	0	0
ACGCACGGTAATCGGC-1	3	3	3	3	0	0	0	0
ACGCACGGTAGGTGTC-1	6	5	6	5	0	0	0	0
ACGCACGGTCTTGCAT-1	0	0	0	0	0	0	0	0
ACGCACGGTGAACAAA-1	9	6	14	14	0	0	0	0
ACGCACGGTGCTAGCG-1	0	0	0	0	0	0	0	0
ACGCCACAGCACTTGG-1	0	6	5	7	0	0	0	0
ACGCCACAGGATGATG-1	6	0	5	12	0	0	0	0
ACGCCACAGTTATGGC-1	0	0	0	0	0	0	0	0
ACGCCTAAGATGGAGC-1	6	5	12	12	0	0	0	0
ACGCCTAAGCCTAATA-1	0	0	0	0	0	0	0	0
ACGCCTAAGGTTTACA-1	2	2	2	2	0	0	0	0
ACGCCTTTCAAGTGTC-1	7	7	7	8	0	0	0	0
ACGCCTTTCCTAATAG-1	2	2	9	2	0	0	0	0
ACGCCTTTCTTGATGA-1	0	0	0	14	0	0	0	0
ACGCTTGAGCGAGGTG-1	6	5	6	5	0	0	0	0
ACGCTTGAGGGTGGAT-1	7	7	7	8	0	0	0	0
ACGCTTGAGTCTATGA-1	8	8	8	9	1	1	1	1
ACGCTTGAGTGCTGTG-1	8	8	8	9	1	1	1	1
ACGGGAAGTGGATTAT-1	5	6	13	13	0	0	0	0
ACGGGAAGTTACTAGG-1	5	6	5	7	0	0	0	0
ACGGTACGTAATAACC-1	0	0	0	0	0	0	0	0
ACGGTACGTTGTTGCT-1	5	6	13	13	0	0	0	0
ACGGTTAGTCGCGCAA-1	1	1	1	1	0	0	0	0
ACGGTTAGTGCTAGAC-1	2	2	9	2	0	0	0	0
ACGGTTAGTTAAGCCA-1	6	5	12	12	0	0	0	0
ACGGTTTAGAGAGGAG-1	4	4	4	4	0	0	0	0
ACGGTTTAGAGGAAGG-1	6	5	11	11	0	0	0	0
ACGGTTTAGGACGTAA-1	2	2	2	2	0	0	0	0
ACGGTTTAGGCTACAT-1	3	3	3	3	0	0	0	0
ACGGTTTAGGCTGTCA-1	3	3	3	3	0	0	0	0
ACGTACCCAAACGCGA-1	8	8	8	9	1	1	1	1
ACGTACCCATACTCCT-1	0	0	0	0	0	0	0	0
ACGTCAAGTAATCGCA-1	9	6	14	14	0	0	0	0
ACGTCAAGTGAAACAA-1	0	0	0	0	0	0	0	0
ACGTCAAGTTAGGTTG-1	4	4	4	4	0	0	0	0
ACGTCAAGTTTAAAGC-1	9	6	14	14	0	0	0	0
ACGTCCAAGCCGCTAA-1	3	3	3	3	0	0	0	0
ACGTCCAAGTTCCCGT-1	2	2	2	2	0	0	0	0
ACGTCCTTCGTAACGT-1	6	5	11	11	0	0	0	0
ACGTTACAGACTAAGG-1	0	0	0	0	0	0	0	0
ACGTTACAGCTTCCCG-1	6	5	11	11	0	0	0	0
ACGTTACAGGCATTAC-1	6	5	6	5	0	0	0	0
ACGTTACAGTCATTAG-1	4	4	4	4	0	0	0	0
ACGTTACAGTTAACCA-1	6	5	12	12	0	0	0	0
ACGTTGTAGCAAGGTA-1	8	8	8	9	1	1	1	1
ACTAAAGCAACAACAA-1	2	2	2	2	0	0	0	0
ACTAAAGCAAGGTAAC-1	4	4	4	4	0	0	0	0
ACTAAAGCATGTCGCG-1	4	4	4	4	0	0	0	0
ACTAACCAGAGAAGGG-1	2	2	9	2	0	0	0	0
ACTAACCAGGACACTT-1	3	3	3	3	0	0	0	0
ACTAACCAGGGACGCA-1	6	5	6	5	0	0	0	0
ACTAACCAGGGATGCG-1	3	3	3	3	0	0	0	0
ACTAACCAGTCTATGA-1	2	2	2	2	0	0	0	0
ACTAACGGTAAGCTCA-1	4	4	4	4	0	0	0	0
ACTAACGGTGAGAAAC-1	3	3	3	3	0	0	0	0
ACTAATCCAACAGCCT-1	9	6	14	7	0	0	0	0
ACTAATCCAAGACTCC-1	6	5	12	12	0	0	0	0
ACTAATCCAGCAGGTA-1	2	2	2	2	0	0	0	0
ACTAATCCATGTGGGA-1	0	0	0	6	0	0	0	0
ACTAGGCGTTCCTCCT-1	0	0	5	6	0	0	0	0
ACTATCCGTAAATTGC-1	0	0	0	0	0	0	0	0
ACTATCCGTAATCACG-1	6	5	12	12	0	0	0	0
ACTATCCGTACTGATG-1	6	5	12	12	0	0	0	0
ACTATCCGTCACACCC-1	2	2	2	2	0	0	0	0
ACTATCCGTCATCAAG-1	5	6	13	13	0	0	0	0
ACTATGTCAAGCCAGA-1	9	6	14	14	0	0	0	0
ACTATGTCAAGCTTAT-1	2	2	2	2	0	0	0	0
ACTATGTCAAGGTGGC-1	3	3	3	3	0	0	0	0
ACTATGTCACTGACTA-1	0	0	0	6	0	0	0	0
ACTATGTCATTTGCTC-1	8	8	8	9	1	1	1	1
ACTCACCTCAGTGAAG-1	6	5	11	11	0	0	0	0
ACTCACCTCCGTTAAA-1	0	0	0	6	0	0	0	0
ACTCACCTCGTAATCA-1	0	0	11	0	0	0	0	0
ACTCACCTCGTTATCT-1	3	3	3	3	0	0	0	0
ACTCACCTCTAACCTT-1	6	5	11	11	0	0	0	0
ACTCACTGTATGTGGC-1	2	2	2	2	0	0	0	0
ACTCACTGTCATCCTG-1	0	0	0	0	0	0	0	0
ACTCACTGTGATTTGG-1	5	6	13	13	0	0	0	0
ACTCAGTAGACACTTA-1	3	3	3	3	0	0	0	0
ACTCAGTAGGCTACAT-1	3	3	3	3	0	0	0	0
ACTCCTCAGGCAGGTG-1	0	0	0	6	0	0	0	0
ACTCCTCAGGCGTAAA-1	7	7	7	8	0	0	0	0
ACTCGCGCAGTTTGGC-1	6	5	12	12	0	0	0	0
ACTCGCGCATGAGTTT-1	0	0	0	0	0	0	0	0
ACTCGCTTCCAACTGG-1	5	6	13	13	0	0	0	0
ACTCGCTTCCTAGTTT-1	6	5	12	12	0	0	0	0
ACTCGCTTCCTGCGAA-1	5	6	5	7	0	0	0	0
ACTCGCTTCTTGAGCG-1	2	2	2	2	0	0	0	0
ACTGAAACACGTAATT-1	6	5	11	11	0	0	0	0
ACTGAAACAGGAACAT-1	2	2	2	2	0	0	0	0
ACTGAAACAGGAAGCC-1	5	6	13	13	0	0	0	0
ACTGAAACATCCTGAA-1	0	0	5	6	0	0	0	0
ACTGAATGTACTGAAT-1	0	0	0	0	0	0	0	0
ACTGAATGTGGACCTG-1	1	1	1	1	0	0	0	0
ACTGAATGTGTGCACG-1	3	3	3	3	0	0	0	0
ACTTACAAGCACAGCC-1	0	0	0	0	0	0	0	0
ACTTACTTCATTGTCT-1	6	5	11	11	0	0	0	0
ACTTACTTCGCGCTAA-1	4	4	4	4	0	0	0	0
ACTTACTTCTTAGGGT-1	2	2	2	2	0	0	0	0
ACTTAGGGTACGTTTC-1	9	6	14	14	0	0	0	0
ACTTAGGGTCACAGAC-1	5	6	5	7	0	0	0	0
ACTTAGGGTGCCGCAA-1	9	9	16	16	0	0	0	0
ACTTAGGGTGTGTGGT-1	6	5	6	5	0	0	0	0
ACTTAGGGTTAATCGG-1	2	2	2	2	0	0	0	0
ACTTAGTCACAAAGGT-1	2	2	9	2	0	0	0	0
ACTTAGTCATACTCCT-1	6	5	11	11	0	0	0	0
ACTTATCTCATTGTTC-1	3	3	3	3	0	0	0	0
ACTTATGAGAAAGCAT-1	2	2	9	2	0	0	0	0
ACTTATGAGCCACATG-1	2	2	2	2	0	0	0	0
ACTTATGAGGAACACA-1	6	5	12	12	0	0	0	0
ACTTATGAGGCAGGTG-1	6	5	6	5	0	0	0	0
ACTTCGCTCCTAAGAC-1	6	5	6	5	0	0	0	0
ACTTCGCTCCTAAGTA-1	2	2	2	2	0	0	0	0
ACTTCGCTCGAAGTGA-1	6	5	11	11	0	0	0	0
ACTTGAATCATTAGTG-1	5	6	5	7	0	0	0	0
ACTTGAATCCGTTAAA-1	6	5	11	11	0	0	0	0
ACTTGAATCCTTCTAG-1	0	0	0	0	0	0	0	0
ACTTGAATCCTTTACG-1	0	0	0	0	0	0	0	0
ACTTGCACAACTAGGG-1	0	0	0	0	0	0	0	0
ACTTGCACAGGCGAGT-1	6	5	12	12	0	0	0	0
ACTTGCACATACTCCT-1	9	3	10	10	0	0	0	0
ACTTGCACATAGCAGG-1	4	4	4	4	0	0	0	0
ACTTGTAAGCGGATAA-1	0	0	0	0	0	0	0	0
ACTTGTAAGCTTTGTT-1	5	6	5	7	0	0	0	0
ACTTGTAAGGAGTAAT-1	0	0	5	6	0	0	0	0
ACTTGTCGTAGGTTAT-1	6	5	6	5	0	0	0	0
ACTTGTCGTCAATACG-1	0	0	0	0	0	0	0	0
ACTTGTCGTCGTAAAT-1	0	0	0	0	0	0	0	0
ACTTGTCGTGTCCAGG-1	2	2	9	2	0	0	0	0
ACTTGTCGTTTGCGCC-1	0	0	0	6	0	0	0	0
ACTTTGTTCAAGCTTA-1	0	0	0	6	0	0	0	0
AGAAACCCAAACCTAT-1	0	0	0	6	0	0	0	0
AGAAACCCAAGTCGCT-1	2	2	2	2	0	0	0	0
AGAAACCCACCAACCG-1	7	7	7	8	0	0	0	0
AGAAACCCACGAACAG-1	2	2	9	2	0	0	0	0
AGAAACCCAGAGGCTA-1	2	2	9	2	0	0	0	0
AGAAACCCATATAACC-1	4	4	4	4	0	0	0	0
AGAAACTAGATAAAGC-1	6	5	12	12	0	0	0	0
AGAAACTAGCTAAGTC-1	6	5	12	12	0	0	0	0
AGAAAGGCAAATGCCC-1	3	3	3	3	0	0	0	0
AGAAAGGCAGCGCTTG-1	0	0	0	0	0	0	0	0
AGAACAAGTCAAGTAT-1	4	4	4	4	0	0	0	0
AGAACAAGTGCCTCAC-1	3	3	3	3	0	0	0	0
AGAACAAGTGGTGAGA-1	4	4	4	4	0	0	0	0
AGAACAAGTTTAACGG-1	5	6	5	7	0	0	0	0
AGAACCAAGCGGTTAT-1	4	4	4	4	0	0	0	0
AGAACCAAGGCCTAAT-1	2	2	2	2	0	0	0	0
AGAACCGCAACAGCCT-1	9	3	10	10	0	0	0	0
AGAACCGCATTTGCTC-1	3	3	3	3	0	0	0	0
AGAAGGTGTGAGCAAG-1	6	5	6	5	0	0	0	0
AGAAGGTGTTAAGGCC-1	6	5	12	12	0	0	0	0
AGAAGGTGTTACGCAA-1	4	4	4	4	0	0	0	0
AGAATCGAGATGGAGC-1	2	2	2	2	0	0	0	0
AGAATCGAGCAACAAG-1	0	0	0	0	0	0	0	0
AGAATCGAGCCACAAT-1	0	0	5	6	0	0	0	0
AGAATCGAGTGTTGCG-1	4	4	4	4	0	0	0	0
AGAATCTGTAATAGCT-1	2	2	2	2	0	0	0	0
AGAATCTGTAATCGTG-1	0	0	0	0	0	0	0	0
AGAATCTGTGTCCTGC-1	8	8	8	9	1	1	1	1
AGAATCTGTTGCGTAA-1	0	0	0	0	0	0	0	0
AGAATCTGTTTACGTC-1	7	7	7	8	0	0	0	0
AGAATCTGTTTAGTCC-1	9	3	10	10	0	0	0	0
AGACAATAGCAGGTTT-1	0	0	0	0	0	0	0	0
AGACAATAGCCGGTAC-1	0	0	5	6	0	0	0	0
AGACAATAGCGAAGTA-1	3	3	3	3	0	0	0	0
AGACAATAGCGCTCAA-1	2	2	2	2	0	0	0	0
AGACAATAGCGGTTAT-1	0	0	0	6	0	0	0	0
AGACAATAGCTGGCTA-1	0	6	5	7	0	0	0	0
AGACAATAGGACCGCT-1	6	5	11	11	0	0	0	0
AGACAATAGTTACCGG-1	4	4	4	4	0	0	0	0
AGACACGCAAAGCTAA-1	0	0	0	6	0	0	0	0
AGACACGCAGTAAGTA-1	3	3	3	3	0	0	0	0
AGACCCGGTGCGCATG-1	4	4	4	4	0	0	0	0
AGACCCGGTGGTTAGC-1	4	4	4	4	0	0	0	0
AGACCCGGTTGGCCGA-1	5	6	13	13	0	0	0	0
AGACTATGTGGTTCCC-1	4	4	4	4	0	0	0	0
AGACTATGTTTATCGC-1	8	8	8	9	1	1	1	1
AGAGAAGCAAGTAAGC-1	3	3	3	3	0	0	0	0
AGAGAAGCAATTTGGT-1	0	0	0	6	0	0	0	0
AGAGAAGCACTCGCTC-1	3	3	3	3	0	0	0	0
AGAGAAGCAGCTAATT-1	6	5	11	11	0	0	0	0
AGAGAAGCATAGCGGA-1	4	4	4	4	0	0	0	0
AGAGAGGAGCATGTTA-1	0	0	0	6	0	0	0	0
AGAGAGGAGGTCCAAT-1	8	8	8	9	1	1	1	1
AGAGAGGAGTTCCCAC-1	3	3	3	3	0	0	0	0
AGAGATTAGCCGCAGT-1	6	5	12	12	0	0	0	0
AGAGATTAGGATCCGC-1	7	7	7	8	0	0	0	0
AGAGATTAGTTGTCCC-1	3	3	3	3	0	0	0	0
AGAGGAACAAACCCTA-1	2	2	2	2	0	0	0	0
AGAGGAACAACCCTAA-1	2	2	2	2	0	0	0	0
AGAGGAACATAAAGCA-1	6	5	6	5	0	0	0	0
AGAGGATGTAACCTAG-1	0	0	5	7	0	0	0	0
AGAGGATGTAGCCATA-1	3	3	3	3	0	0	0	0
AGAGGATGTCACTCGC-1	3	3	3	3	0	0	0	0
AGAGGATGTGATTTGG-1	2	2	2	2	0	0	0	0
AGAGGATGTTCACTGT-1	5	6	5	7	0	0	0	0
AGATGAAGTCCGTGAG-1	2	2	9	2	0	0	0	0
AGATGAAGTGACATGC-1	0	0	13	13	0	0	0	0
AGATGAAGTTAACGAT-1	4	4	4	4	0	0	0	0
AGATGAAGTTCACTGT-1	6	5	11	11	0	0	0	0
AGATGAAGTTCCTCCT-1	6	5	6	5	0	0	0	0
AGATGAAGTTTAACGG-1	0	0	5	6	0	0	0	0
AGATGCTTCATTGACA-1	6	5	11	11	0	0	0	0
AGATGCTTCCCGCATT-1	3	3	3	3	0	0	0	0
AGATGCTTCCTCAGTC-1	2	2	2	2	0	0	0	0
AGATGCTTCGTGCCTT-1	9	3	10	10	0	0	0	0
AGATGCTTCTTCAATC-1	0	0	0	6	0	0	0	0
AGCAAATAGCGCCTTT-1	4	4	4	4	0	0	0	0
AGCAAATAGCGCTCAA-1	6	5	11	11	0	0	0	0
AGCAAATAGCTATGAC-1	9	3	10	10	0	0	0	0
AGCAAATAGTCACCTC-1	6	5	11	11	0	0	0	0
AGCAACAAGCTGCACA-1	9	6	14	14	0	0	0	0
AGCAACAAGGCGCACT-1	4	4	4	4	0	0	0	0
AGCAAGGGTATTTGGG-1	4	4	4	4	0	0	0	0
AGCAAGGGTGAACAAA-1	4	4	4	4	0	0	0	0
AGCAATACACAATGTT-1	4	4	4	4	0	0	0	0
AGCAATACAGGAACTG-1	0	0	0	6	0	0	0	0
AGCAATACAGGCTACT-1	0	0	0	0	0	0	0	0
AGCAATACATGTCGCG-1	4	4	4	4	0	0	0	0
AGCAATTGTCACAGCG-1	5	6	5	7	0	0	0	0
AGCAATTGTTAGGCGT-1	4	4	4	4	0	0	0	0
AGCAATTGTTCAAGCA-1	6	5	6	5	0	0	0	0
AGCAATTGTTCATCTA-1	4	4	4	4	0	0	0	0
AGCAATTGTTTCCACG-1	6	5	11	5	0	0	0	0
AGCACAGCACCGGCTA-1	6	5	11	11	0	0	0	0
AGCACAGCAGTAATAG-1	2	2	2	2	0	0	0	0
AGCACAGCATCACAGC-1	8	8	8	9	1	1	1	1
AGCACAGCATTAGGCC-1	0	0	0	0	0	0	0	0
AGCACTAGTAAAGCGG-1	2	2	9	2	0	0	0	0
AGCACTAGTAACGGGA-1	1	1	1	1	0	0	0	0
AGCACTAGTAGTTAAC-1	6	5	11	11	0	0	0	0
AGCACTAGTGTTTGAG-1	0	6	5	7	0	0	0	0
AGCACTAGTTAGCCAA-1	9	0	14	14	0	0	0	0
AGCACTAGTTCCTGTG-1	7	7	7	8	0	0	0	0
AGCACTTAGACAAACG-1	0	0	0	0	0	0	0	0
AGCACTTAGACAGGTA-1	0	0	0	0	0	0	0	0
AGCACTTAGAGAGGAG-1	6	5	12	12	0	0	0	0
AGCACTTAGGATCACT-1	8	8	8	9	1	1	1	1
AGCACTTAGTTAGTGC-1	3	3	3	3	0	0	0	0
AGCAGGTAGCAGCTAT-1	0	0	5	6	0	0	0	0
AGCAGGTAGGACCTCA-1	0	0	0	0	0	0	0	0
AGCAGGTAGGTTTGAC-1	3	3	3	3	0	0	0	0
AGCATCCCAAAGGTAC-1	5	6	13	13	0	0	0	0
AGCATCCCATGAATCT-1	9	3	10	10	0	0	0	0
AGCATTTCAAGGACCA-1	7	7	7	8	0	0	0	0
AGCATTTCATAATCAC-1	9	6	14	14	0	0	0	0
AGCATTTCATTAAAGG-1	2	2	9	2	0	0	0	0
AGCCAGTGTATTCGTC-1	0	0	5	6	0	0	0	0
AGCCAGTGTGTTCCCA-1	0	0	5	6	0	0	0	0
AGCCAGTGTTACCTGT-1	4	4	4	4	0	0	0	0
AGCCAGTGTTAGCATG-1	2	2	9	2	0	0	0	0
AGCCAGTGTTCGGTAA-1	0	0	0	0	0	0	0	0
AGCCGGTTCAAAGGCA-1	2	2	2	2	0	0	0	0
AGCCGGTTCATGCAAC-1	6	5	12	12	0	0	0	0
AGCCGGTTCTGTGCAG-1	6	5	6	5	0	0	0	0
AGCCTAAGTCATGCAA-1	6	5	11	11	0	0	0	0
AGCCTAAGTGGTGAGA-1	6	5	11	5	0	0	0	0
AGCCTAAGTTTACTTG-1	6	5	11	11	0	0	0	0
AGCCTAAGTTTGAGCA-1	2	2	2	2	0	0	0	0
AGCCTAGTCTCGACCT-1	6	5	11	11	0	0	0	0
AGCCTCCGTGCTAGCG-1	6	5	11	11	0	0	0	0
AGCCTCCGTGCTGGTG-1	0	0	0	6	0	0	0	0
AGCCTGGGTATTACCC-1	0	0	0	0	0	0	0	0
AGCCTGGGTCGTTACT-1	0	0	0	0	0	0	0	0
AGCGATTTCACAAGCT-1	7	7	7	8	0	0	0	0
AGCGATTTCATTGCGG-1	6	5	12	12	0	0	0	0
AGCGATTTCTTGAGCG-1	6	5	6	5	0	0	0	0
AGCGCCTAGCCATCAG-1	6	5	12	12	0	0	0	0
AGCGCCTAGCTATTGA-1	6	5	12	12	0	0	0	0
AGCGCCTAGGCTACAT-1	7	7	7	8	0	0	0	0
AGCGCCTAGGTGCGGA-1	2	2	9	2	0	0	0	0
AGCGCTCAGAGGAGTC-1	6	5	12	12	0	0	0	0
AGCGCTCAGAGGGACT-1	6	5	11	11	0	0	0	0
AGCGCTCAGATTGAGG-1	4	4	4	4	0	0	0	0
AGCGCTCAGCTGAGGG-1	3	3	3	3	0	0	0	0
AGCGCTCAGGGATGCG-1	4	4	4	4	0	0	0	0
AGCGCTCAGTAACGAG-1	6	5	12	12	0	0	0	0
AGCGCTCAGTCTTGAA-1	5	6	13	13	0	0	0	0
AGCGGACCAAGGTCCT-1	4	4	4	4	0	0	0	0
AGCGGACCAATTGCGC-1	3	3	3	3	0	0	0	0
AGCGGACCATAATCAC-1	7	7	7	8	0	0	0	0
AGCGGATAGGGTCTAT-1	3	3	3	3	0	0	0	0
AGCGGATAGTAAGGGC-1	4	4	4	4	0	0	0	0
AGCGTGCTCATAACCA-1	4	4	4	4	0	0	0	0
AGCGTGCTCATCCTGC-1	2	2	2	2	0	0	0	0
AGCGTGCTCATTGTCT-1	6	5	11	11	0	0	0	0
AGCGTGCTCTTAGTGA-1	0	0	0	0	0	0	0	0
AGCGTGCTCTTTGTAC-1	6	5	12	12	0	0	0	0
AGCTAAACACAATTAC-1	7	7	7	8	0	0	0	0
AGCTAAACACAGGATG-1	2	2	2	2	0	0	0	0
AGCTAAACACTTAGGC-1	3	3	3	3	0	0	0	0
AGCTAAACAGGCCATT-1	6	5	12	12	0	0	0	0
AGCTAACTCATCCACC-1	3	3	3	3	0	0	0	0
AGCTAACTCATGTCAA-1	0	0	0	0	0	0	0	0
AGCTAACTCCATTACT-1	6	5	6	5	0	0	0	0
AGCTAACTCCTAGTTT-1	2	2	2	2	0	0	0	0
AGCTAACTCGCTAAGT-1	7	7	7	8	0	0	0	0
AGCTAACTCTACCTAT-1	2	2	2	2	0	0	0	0
AGCTAACTCTATTGTC-1	7	7	7	8	0	0	0	0
AGCTACGTCCAGGAAA-1	6	5	11	11	0	0	0	0
AGCTACGTCCATAATG-1	7	7	7	8	0	0	0	0
AGCTACGTCGAGGAAC-1	4	4	4	4	0	0	0	0
AGCTACGTCTTTAGGA-1	4	4	4	4	0	0	0	0
AGCTACTAGCCTCTGT-1	3	3	3	3	0	0	0	0
AGCTACTAGGCATTGT-1	4	4	4	4	0	0	0	0
AGCTACTAGGGATGAC-1	4	4	4	4	0	0	0	0
AGCTACTAGTTGTCCC-1	6	5	6	5	0	0	0	0
AGCTAGTTCGAGGTGG-1	9	6	14	14	0	0	0	0
AGCTATATCGGCTATG-1	6	5	11	11	0	0	0	0
AGCTATATCTTAGTGA-1	6	5	11	11	0	0	0	0
AGCTCATAGGCGGATG-1	0	0	0	0	0	0	0	0
AGCTCATAGTACCGCA-1	0	0	0	0	0	0	0	0
AGCTCATAGTCCTTTG-1	4	4	4	4	0	0	0	0
AGCTGCTCAATCATGT-1	5	6	13	13	0	0	0	0
AGCTGCTCACCTGTAA-1	8	8	8	9	1	1	1	1
AGCTGCTCACTAAGAA-1	9	3	10	10	0	0	0	0
AGCTGCTCATGAAATG-1	0	0	0	6	0	0	0	0
AGCTTAATCCGCCTCA-1	6	5	6	5	0	0	0	0
AGCTTAATCCTAGTTT-1	0	0	0	6	0	0	0	0
AGCTTAATCTAACTGA-1	4	4	15	15	0	0	0	0
AGCTTCCTCCGCACAA-1	2	2	2	2	0	0	0	0
AGCTTCCTCCTAAATG-1	4	4	4	4	0	0	0	0
AGCTTCCTCCTCGATC-1	9	6	14	14	0	0	0	0
AGCTTGGTCAGCACGC-1	3	3	3	3	0	0	0	0
AGCTTGGTCTAATTGG-1	0	0	0	6	0	0	0	0
AGCTTTAAGCTTCTCA-1	3	3	3	3	0	0	0	0
AGCTTTAAGGACACTT-1	0	0	0	6	0	0	0	0
AGCTTTAAGTAAACCC-1	9	6	14	14	0	0	0	0
AGCTTTAAGTGAGAGC-1	4	4	4	4	0	0	0	0
AGGAAACGTAATCACG-1	2	2	9	2	0	0	0	0
AGGAAACGTACAAAGA-1	0	0	0	0	0	0	0	0
AGGAAACGTACCGGAT-1	3	3	3	3	0	0	0	0
AGGAAACGTATACTGG-1	2	2	9	2	0	0	0	0
AGGAAACGTGCTCACC-1	0	5	6	5	0	0	0	0
AGGAAACGTGGAAACG-1	1	1	1	1	0	0	0	0
AGGAAACGTTCACTGT-1	6	5	12	12	0	0	0	0
AGGAACCAGGAACGGT-1	0	0	0	0	0	0	0	0
AGGAACCAGGTTAGAG-1	2	2	2	2	0	0	0	0
AGGAACGGTAGCTAGC-1	0	0	0	0	0	0	0	0
AGGAACGGTTATCCTA-1	6	5	11	11	0	0	0	0
AGGAACGGTTCGCGCT-1	6	5	11	14	0	0	0	0
AGGACGTAGGAGGCAT-1	2	2	2	2	0	0	0	0
AGGACGTAGTAACCAC-1	6	5	6	5	0	0	0	0
AGGACGTAGTCAATCA-1	4	4	4	4	0	0	0	0
AGGACTAAGCATGAAG-1	3	3	3	3	0	0	0	0
AGGACTAAGCCAAATC-1	3	3	3	3	0	0	0	0
AGGACTAAGGGCTTAT-1	2	2	11	2	0	0	0	0
AGGACTAAGTGAGGTA-1	0	0	0	6	0	0	0	0
AGGAGCTAGACACTTA-1	9	6	14	14	0	0	0	0
AGGAGCTAGCAAGACA-1	0	0	0	0	0	0	0	0
AGGAGCTAGTGAGGGT-1	6	0	12	14	0	0	0	0
AGGAGCTAGTTATCCT-1	3	3	3	3	0	0	0	0
AGGATATAGGAACCAA-1	0	0	0	0	0	0	0	0
AGGATATAGGACAACA-1	6	5	11	11	0	0	0	0
AGGATATAGTAGGCGG-1	1	1	1	1	0	0	0	0
AGGATCCGTAACCTAG-1	6	5	11	11	0	0	0	0
AGGATGCAGAGCAAGC-1	3	3	3	3	0	0	0	0
AGGATGCAGCACTTGG-1	2	2	9	2	0	0	0	0
AGGATGCAGGAACCGG-1	4	4	4	4	0	0	0	0
AGGATGCAGTTGCCTC-1	6	5	11	11	0	0	0	0
AGGATGTCAAGGTATA-1	4	4	4	4	0	0	0	0
AGGATGTCATAGACCC-1	2	2	2	2	0	0	0	0
AGGATTGAGGGACGCA-1	3	3	3	3	0	0	0	0
AGGATTGAGTCTCACC-1	6	5	6	5	0	0	0	0
AGGATTGAGTTTGGTA-1	3	3	3	3	0	0	0	0
AGGCAATCAGACAAAC-1	2	2	2	2	0	0	0	0
AGGCAATCATAGCTGC-1	4	4	4	4	0	0	0	0
AGGCAATCATTTGCTC-1	0	0	5	0	0	0	0	0
AGGCAGGTCCAAATCA-1	3	3	3	3	0	0	0	0
AGGCAGGTCCTCCATA-1	3	3	3	3	0	0	0	0
AGGCAGGTCGGTTTCC-1	9	6	14	14	0	0	0	0
AGGCCCAGTCAATGTG-1	6	5	6	5	0	0	0	0
AGGCCCAGTTACTAGG-1	8	8	8	9	1	1	1	1
AGGCGGATCACGCATG-1	0	0	0	0	0	0	0	0
AGGCGGATCCACAATA-1	3	3	3	3	0	0	0	0
AGGCTAGCAATAACCT-1	6	5	6	5	0	0	0	0
AGGCTAGCATAAGCAA-1	2	2	9	2	0	0	0	0
AGGCTAGCATCCCGCT-1	3	3	3	3	0	0	0	0
AGGCTAGCATTAAGTC-1	2	2	9	2	0	0	0	0
AGGCTAGCATTGTCAG-1	0	0	0	0	0	0	0	0
AGGGCCTTCAGGAACA-1	0	0	0	6	0	0	0	0
AGGGCCTTCATGACCG-1	0	6	5	7	0	0	0	0
AGGGCCTTCCAAGTGT-1	0	0	0	0	0	0	0	0
AGGGCCTTCCCGTTAC-1	5	6	5	7	0	0	0	0
AGGGCCTTCGATTATG-1	6	5	12	12	0	0	0	0
AGGGCCTTCTAAGGTC-1	0	0	0	0	0	0	0	0
AGGGCCTTCTCTAGCC-1	2	2	2	2	0	0	0	0
AGGGCCTTCTTTGTAC-1	3	3	3	3	0	0	0	0
AGGGCTACACTAGGTC-1	2	2	2	2	0	0	0	0
AGGGCTACATTATGCG-1	3	3	3	3	0	0	0	0
AGGGTTGCAACACCTA-1	2	2	9	2	0	0	0	0
AGGGTTGCAAGCTACC-1	3	3	3	3	0	0	0	0
AGGGTTGCAATCATGT-1	9	3	10	10	0	0	0	0
AGGGTTGCAGGCCAAA-1	2	2	8	9	0	0	1	1
AGGTAACCACGGTTTA-1	6	5	12	12	0	0	0	0
AGGTACGCAAGTAAGC-1	9	6	14	14	0	0	0	0
AGGTACGCACAACAAA-1	4	4	4	4	0	0	0	0
AGGTACGCACCAACCG-1	6	5	12	12	0	0	0	0
AGGTACGCACCTACGG-1	2	2	2	2	0	0	0	0
AGGTACGCAGGAACCA-1	4	4	4	4	0	0	0	0
AGGTACGCATTCAGCA-1	6	5	6	5	0	0	0	0
AGGTATTGTAGGTTTG-1	0	0	0	6	0	0	0	0
AGGTATTGTGCCTCAC-1	6	5	11	12	0	0	0	0
AGGTATTGTGCTTAGA-1	6	5	11	11	0	0	0	0
AGGTATTGTTGAGCCG-1	6	5	12	12	0	0	0	0
AGGTCAAAGCTCATAA-1	7	7	7	8	0	0	0	0
AGGTCAAAGTAACCAC-1	6	5	6	5	0	0	0	0
AGGTCATTCAAGGACA-1	6	5	11	5	0	0	0	0
AGGTCATTCCAATAGC-1	7	7	7	8	0	0	0	0
AGGTCATTCCCTGTTA-1	0	0	0	6	0	0	0	0
AGGTCATTCTACCTCA-1	6	5	12	12	0	0	0	0
AGGTCCGGTAGGTTGC-1	4	4	4	4	0	0	0	0
AGGTCCGGTCACCAAA-1	2	2	2	2	0	0	0	0
AGGTCCGGTTAGCGTA-1	2	2	2	2	0	0	0	0
AGGTCTTAGACACTTA-1	3	3	3	3	0	0	0	0
AGGTCTTAGTTTGGTA-1	6	5	6	5	0	0	0	0
AGGTGAATCGCAATCG-1	3	3	3	3	0	0	0	0
AGGTGAATCGTAATCA-1	0	0	5	6	0	0	0	0
AGGTGAATCGTTAACA-1	3	3	3	3	0	0	0	0
AGGTGAGGTTCACTGT-1	9	3	10	10	0	0	0	0
AGGTGAGGTTGGCGTG-1	3	3	3	3	0	0	0	0
AGGTGAGGTTTGAGCA-1	9	3	10	10	0	0	0	0
AGGTTAACACGAACAG-1	4	4	4	4	0	0	0	0
AGGTTAACATCCCGCT-1	4	4	4	4	0	0	0	0
AGGTTACTCAAACACC-1	3	3	3	3	0	0	0	0
AGGTTACTCAAGTGAG-1	2	2	2	2	0	0	0	0
AGGTTACTCCGCAAAT-1	0	0	0	6	0	0	0	0
AGGTTACTCGAAGTGA-1	5	6	5	7	0	0	0	0
AGGTTACTCGTGCCTT-1	3	3	3	3	0	0	0	0
AGGTTACTCTTGAGCG-1	2	2	9	2	0	0	0	0
AGGTTAGAGGTGAGAC-1	0	0	5	6	0	0	0	0
AGGTTAGAGTTGGATC-1	0	0	0	0	0	0	0	0
AGGTTGCGTAAGCACC-1	1	1	1	1	0	0	0	0
AGGTTGCGTAGCTAGC-1	3	3	3	3	0	0	0	0
AGGTTGCGTCGTTATC-1	0	6	5	13	0	0	0	0
AGGTTGCGTGCGCGTA-1	7	7	7	8	0	0	0	0
AGGTTTATCGCAAACT-1	2	2	2	2	0	0	0	0
AGGTTTATCGTTCACC-1	3	3	3	3	0	0	0	0
AGGTTTATCTTGATGA-1	0	0	0	0	0	0	0	0
AGGTTTGGTACTGAAT-1	2	2	2	2	0	0	0	0
AGTAAACAGAGAGGCT-1	7	7	7	8	0	0	0	0
AGTAAACAGAGGAGGA-1	2	2	2	2	0	0	0	0
AGTAAACAGGGATGCG-1	2	2	2	2	0	0	0	0
AGTAACACAATTTAGC-1	6	5	12	12	0	0	0	0
AGTAACACACCTATAG-1	8	8	8	9	1	1	1	1
AGTAACCTCAATCATG-1	3	3	3	3	0	0	0	0
AGTAACCTCCCGAAGC-1	1	1	1	1	0	0	0	0
AGTAACCTCTAGCTAA-1	6	5	12	12	0	0	0	0
AGTAACGAGACCATAC-1	5	6	5	7	0	0	0	0
AGTAACGAGCTATTGA-1	2	2	2	2	0	0	0	0
AGTAACGAGGACCTGC-1	6	5	11	11	0	0	0	0
AGTAACGAGGGTGAGT-1	5	6	13	13	0	0	0	0
AGTAACGAGTAGCCAT-1	6	5	6	5	0	0	0	0
AGTAAGTAGAGCAAGC-1	7	7	7	8	0	0	0	0
AGTAAGTAGGCGCTTA-1	5	6	5	7	0	0	0	0
AGTAAGTAGGTAAGGC-1	0	0	0	0	0	0	0	0
AGTAAGTAGTAAGTGG-1	6	5	11	11	0	0	0	0
AGTAATCGTCACCAAA-1	2	2	2	2	0	0	0	0
AGTAATCGTCATGAGC-1	0	0	0	0	0	0	0	0
AGTAATCGTTAGCTGA-1	0	0	0	14	0	0	0	0
AGTACGCGTTACATCC-1	1	2	1	1	0	0	0	0
AGTAGCTTCAAGCGCC-1	6	5	12	12	0	0	0	0
AGTAGCTTCAAGTGTC-1	2	2	2	2	0	0	0	0
AGTAGCTTCCTAATAG-1	4	4	4	4	0	0	0	0
AGTAGCTTCTATGACA-1	6	0	12	12	0	0	0	0
AGTATAGCAAAGGCCA-1	9	3	14	14	0	0	0	0
AGTATAGCATGGTTAT-1	0	0	0	6	0	0	0	0
AGTCAAGAGCACAGAA-1	3	3	3	3	0	0	0	0
AGTCAAGAGGGCTAAA-1	2	2	2	2	0	0	0	0
AGTCAAGAGGTCCTAG-1	6	5	6	5	0	0	0	0
AGTCAAGAGTAACGAG-1	5	5	5	5	0	0	0	0
AGTCAAGAGTGCTGTG-1	6	5	11	11	0	0	0	0
AGTCAAGAGTTGGCCA-1	6	5	6	5	0	0	0	0
AGTCAATGTAGCCATA-1	2	2	2	2	0	0	0	0
AGTCAATGTCATGCCC-1	9	6	14	14	0	0	0	0
AGTCAATGTGATGAGG-1	2	2	2	2	0	0	0	0
AGTCAGGCAAATTCGT-1	0	0	0	0	0	0	0	0
AGTCAGGCAAGTAAGC-1	6	5	12	12	0	0	0	0
AGTCAGGCACTTCACT-1	3	3	3	3	0	0	0	0
AGTCCTGAGGAACACA-1	6	5	11	5	0	0	0	0
AGTCCTGAGGCATGTT-1	3	3	3	3	0	0	0	0
AGTCCTTGTTAGTGAT-1	2	2	9	2	0	0	0	0
AGTCCTTGTTGACTTC-1	3	3	3	3	0	0	0	0
AGTCTTGCAAGGTAAC-1	6	5	12	12	0	0	0	0
AGTCTTGCAATTATGC-1	9	9	16	16	0	0	0	0
AGTCTTGCACAGCCAT-1	2	2	2	2	0	0	0	0
AGTCTTGCAGCATTAT-1	1	1	1	1	0	0	0	0
AGTCTTGCAGTCTATG-1	3	3	3	3	0	0	0	0
AGTCTTGCATTATGCG-1	9	3	10	10	0	0	0	0
AGTGAACCACTTCATC-1	2	2	2	2	0	0	0	0
AGTGAACCAGCACCAT-1	6	5	11	11	0	0	0	0
AGTGAACCATAGCTTG-1	3	3	3	3	0	0	0	0
AGTGAACCATCCCGCT-1	8	8	8	9	1	1	1	1
AGTGAGTCATCCTAGA-1	3	3	3	3	0	0	0	0
AGTGAGTCATTAGCGC-1	4	4	4	4	0	0	0	0
AGTGATGAGGAAGTAT-1	6	5	11	11	0	0	0	0
AGTGATGAGGCAAGTA-1	3	3	3	3	0	0	0	0
AGTGATGAGTATTGCA-1	9	3	14	14	0	0	0	0
AGTGATGAGTTATCCT-1	6	5	6	5	0	0	0	0
AGTGCACGTTAGCTGA-1	3	3	3	3	0	0	0	0
AGTGCACGTTTGGTTC-1	8	8	8	9	1	1	1	1
AGTGCCGGTAAGCTCA-1	0	0	0	0	0	0	0	0
AGTGCCGGTAATCGCA-1	6	0	12	0	0	0	0	0
AGTGCCGGTCACGAAC-1	2	2	9	2	0	0	0	0
AGTGCCGGTGCTCCGT-1	2	2	9	2	0	0	0	0
AGTGCGGAGCCGCAAC-1	3	3	3	3	0	0	0	0
AGTGCGGAGCCTAACG-1	4	4	4	4	0	0	0	0
AGTGCGGAGGCTAATC-1	6	5	6	5	0	0	0	0
AGTGCGGAGGCTACTG-1	2	2	2	2	0	0	0	0
AGTGGACAGATGCCTG-1	5	6	5	7	0	0	0	0
AGTGGACAGCTCCTAC-1	9	3	10	10	0	0	0	0
AGTGGACAGGACTAAG-1	6	5	12	12	0	0	0	0
AGTGGACAGGTCCTAG-1	6	5	11	11	0	0	0	0
AGTGGACAGTGAGGTA-1	0	0	0	0	0	0	0	0
AGTGTGGCAAACGGGC-1	7	7	7	8	0	0	0	0
AGTGTGGCACTATGGC-1	6	5	12	12	0	0	0	0
AGTGTGGCAGCATGGA-1	2	2	2	2	0	0	0	0
AGTGTGGCAGCTTAGC-1	9	3	10	10	0	0	0	0
AGTGTGGCATAGCTTG-1	3	3	3	10	0	0	0	0
AGTGTGGCATTGGGAG-1	1	1	1	1	0	0	0	0
AGTGTGGCATTTAAGC-1	6	5	12	12	0	0	0	0
AGTGTTTCACAGGAAT-1	0	0	0	0	0	0	0	0
AGTGTTTCAGGTTACC-1	6	5	6	5	0	0	0	0
AGTTACATCAAGCCTG-1	6	5	6	5	0	0	0	0
AGTTACATCAATCTCT-1	7	7	7	8	0	0	0	0
AGTTACATCCCTGTTA-1	2	2	2	2	0	0	0	0
AGTTACATCCGCACAA-1	6	5	11	5	0	0	0	0
AGTTACATCCTCATGC-1	6	5	11	5	0	0	0	0
AGTTACATCGTGCCTT-1	0	0	0	0	0	0	0	0
AGTTACATCTAACCTT-1	4	4	4	4	0	0	0	0
AGTTACATCTGGTCCT-1	1	1	1	1	0	0	0	0
AGTTACATCTTAGCGG-1	0	0	0	0	0	0	0	0
AGTTACTCAAATTGCT-1	3	3	3	3	0	0	0	0
AGTTACTCAGGCCTTG-1	0	0	0	0	0	0	0	0
AGTTATGTCCAAACAC-1	0	0	0	14	0	0	0	0
AGTTATGTCGCAACAT-1	2	2	9	2	0	0	0	0
AGTTATGTCGTAATCA-1	9	6	14	14	0	0	0	0
AGTTGCAGTTTATGGG-1	6	5	12	12	0	0	0	0
AGTTGCGTCATGCTTT-1	7	7	7	8	0	0	0	0
AGTTGCGTCGGGATTT-1	2	2	2	2	0	0	0	0
AGTTGCGTCTCGCCCA-1	0	0	0	0	0	0	0	0
AGTTGGCGTCTAACAG-1	6	5	11	11	0	0	0	0
AGTTGTCAGCCTTAAA-1	6	5	11	11	0	0	0	0
AGTTGTCAGCGGCTGT-1	0	0	0	0	0	0	0	0
AGTTGTCAGGCTGTCA-1	8	8	8	9	1	1	1	1
AGTTGTCAGGTTTGCG-1	3	3	3	3	0	0	0	0
AGTTGTCAGTCATGCG-1	2	2	2	2	0	0	0	0
AGTTTGATCACCTGCT-1	9	6	14	14	0	0	0	0
AGTTTGATCCCGCATT-1	7	7	7	8	0	0	0	0
AGTTTGATCCTCCCTC-1	6	5	12	12	0	0	0	0
AGTTTGATCGAGGAAC-1	0	0	0	0	0	0	0	0
AGTTTGATCTTGTCTG-1	2	2	9	2	0	0	0	0
AGTTTGCAGGAACCAA-1	6	5	12	12	0	0	0	0
AGTTTGCAGTCGCTAG-1	2	2	2	2	0	0	0	0
AGTTTGCAGTGTGATC-1	6	5	6	5	0	0	0	0
AGTTTGCAGTTATGGC-1	5	5	5	5	0	0	0	0
ATAACGACAAGGTGGC-1	0	0	0	6	0	0	0	0
ATAACGACACAAGCCT-1	8	8	8	9	1	1	1	1
ATAACGACATACTCCT-1	0	0	5	7	0	0	0	0
ATAAGCCTCATTAGTG-1	0	0	0	0	0	0	0	0
ATAAGCCTCTTTGACT-1	0	0	0	0	0	0	0	0
ATAAGTCGTAGTTGGC-1	5	6	5	7	0	0	0	0
ATAATGGCAACCTGGT-1	2	2	9	2	0	0	0	0
ATACCGGTCCCGCAAA-1	1	1	1	1	0	0	0	0
ATACCTGCAACTAGAA-1	3	3	3	3	0	0	0	0
ATACCTGCAATAAGCA-1	6	5	12	12	0	0	0	0
ATACCTGCAGGTATTT-1	2	2	2	2	0	0	0	0
ATAGATGCAATATACC-1	7	7	7	8	0	0	0	0
ATAGATGCAGACAAAC-1	6	5	11	11	0	0	0	0
ATAGATGCATTCCTGT-1	5	6	5	7	0	0	0	0
ATAGCATGTATGGTGC-1	0	0	0	0	0	0	0	0
ATAGCATGTGTGCAAC-1	3	3	3	3	0	0	0	0
ATAGCATGTGTTTCAC-1	3	3	3	3	0	0	0	0
ATAGCATGTTCAAGCA-1	3	3	3	3	0	0	0	0
ATAGGTACAATAATCC-1	3	3	3	3	0	0	0	0
ATAGGTACACTAGGTC-1	4	4	4	4	0	0	0	0
ATAGGTACAGAAACGT-1	2	2	2	2	0	0	0	0
ATAGGTACAGTGAACG-1	5	6	13	13	0	0	0	0
ATATAGGCAAGCCAGA-1	2	2	2	2	0	0	0	0
ATATAGGCAAGCGATG-1	3	3	3	3	0	0	0	0
ATATAGGCAATAAGCA-1	5	6	13	13	0	0	0	0
ATATAGGCACGAACAG-1	9	6	14	14	0	0	0	0
ATATAGGCATTTGCTC-1	9	6	14	14	0	0	0	0
ATATGCATCCGGTTGA-1	2	2	2	2	0	0	0	0
ATATGCTCACCTAATG-1	0	0	0	0	0	0	0	0
ATATGCTCACCTCGCT-1	0	0	0	0	0	0	0	0
ATATGCTCAGGCAAGC-1	7	7	7	8	0	0	0	0
ATATGCTCAGTAGGTG-1	0	0	5	6	0	0	0	0
ATATGCTCATAATTGC-1	2	2	2	2	0	0	0	0
ATATGGTGTAGACAAA-1	6	5	6	7	0	0	0	0
ATATGGTGTAGCTGCG-1	6	5	11	11	0	0	0	0
ATATGGTGTTGCGTAA-1	2	2	2	2	0	0	0	0
ATATGTCCAGCAAATA-1	2	2	9	2	0	0	0	0
ATCAAGCTCCCATAGG-1	9	3	10	10	0	0	0	0
ATCAAGCTCTTAATGG-1	2	2	2	2	0	0	0	0
ATCAATCCAAATTGCT-1	6	5	11	11	0	0	0	0
ATCAATCCACGTGCTG-1	5	6	5	7	0	0	0	0
ATCACAATCAATGTGC-1	5	6	5	7	0	0	0	0
ATCACAATCCTAAGAC-1	2	2	2	2	0	0	0	0
ATCACAATCTTCAATC-1	3	3	3	3	0	0	0	0
ATCACACAGCATGCAT-1	6	5	11	11	0	0	0	0
ATCACACAGGAGCACG-1	0	0	0	6	0	0	0	0
ATCACACAGTAACTCA-1	3	3	3	3	0	0	0	0
ATCACACAGTTTCCGC-1	5	6	13	13	0	0	0	0
ATCACCCTCCTTGCGT-1	9	3	10	10	0	0	0	0
ATCACCCTCGATCAGT-1	2	2	9	2	0	0	0	0
ATCACCCTCTGGCATG-1	0	0	0	6	0	0	0	0
ATCACTAAGACAAGTG-1	8	8	8	9	1	1	1	1
ATCACTAAGTCACCTC-1	7	7	7	8	0	0	0	0
ATCAGGTTCCAGGAAA-1	3	3	3	3	0	0	0	0
ATCAGGTTCCGCAAAT-1	9	6	14	14	0	0	0	0
ATCAGGTTCCTGAGTG-1	6	5	12	12	0	0	0	0
ATCAGGTTCGCGCTAA-1	6	5	6	5	0	0	0	0
ATCAGGTTCTGTAATG-1	2	2	2	2	0	0	0	0
ATCATCAAGCGCATTG-1	2	2	2	2	0	0	0	0
ATCCACCTCAGGGCCT-1	7	7	7	8	0	0	0	0
ATCCATAAGGTTACAC-1	9	6	14	14	0	0	0	0
ATCCATAAGTTTGGGT-1	6	5	6	5	0	0	0	0
ATCCCGCGTAGTTAAC-1	0	0	0	6	0	0	0	0
ATCCCGCGTCACCTAT-1	3	3	3	3	0	0	0	0
ATCCCGCGTGGTTATG-1	6	5	11	11	0	0	0	0
ATCCCGCGTTAAGCCA-1	7	7	7	8	0	0	0	0
ATCCCGCGTTGCGGAT-1	8	8	8	9	1	1	1	1
ATCCTGACAAATTCGT-1	5	6	13	13	0	0	0	0
ATCCTGACATTGCAGC-1	6	5	11	11	0	0	0	0
ATCCTGACATTTAAGC-1	3	3	3	3	0	0	0	0
ATCCTTAGTGAATCGC-1	2	2	2	2	0	0	0	0
ATCCTTAGTGGGTGAA-1	3	3	3	3	0	0	0	0
ATCCTTAGTGTCCAAA-1	0	0	0	0	0	0	0	0
ATCCTTAGTTGTTGCT-1	7	7	7	8	0	0	0	0
ATCGAGGCAAACTCAT-1	3	3	3	3	0	0	0	0
ATCGAGGCAAAGGTAC-1	3	3	3	3	0	0	0	0
ATCGAGGCAGTTGCGT-1	2	2	2	2	0	0	0	0
ATCGCCCGTAAATTGC-1	2	2	2	2	0	0	0	0
ATCGCCCGTCCTTCAG-1	0	0	0	0	0	0	0	0
ATCGCCCGTGCTGTAA-1	2	2	2	2	0	0	0	0
ATCGCCCGTTGTTGTC-1	4	4	4	4	0	0	0	0
ATCGCTTGTAAAGCAA-1	2	2	9	2	0	0	0	0
ATCGCTTGTAGGTTAT-1	3	3	3	3	0	0	0	0
ATCGCTTGTAGTTACG-1	0	0	0	0	0	0	0	0
ATCGCTTGTTCGCGCT-1	0	0	0	0	0	0	0	0
ATCGGCCAGGCGCATC-1	2	2	2	2	0	0	0	0
ATCGGCCAGGTTTGCG-1	0	0	0	0	0	0	0	0
ATCTATGAGCGGATAA-1	6	5	6	5	0	0	0	0
ATCTATGAGGCTTAAC-1	7	7	7	8	0	0	0	0
ATCTATGAGGGTGAGT-1	0	0	0	6	0	0	0	0
ATCTTTGGTCAGGAAG-1	9	6	14	14	0	0	0	0
ATGAAGCCAAAGGTAC-1	8	8	8	9	1	1	1	1
ATGAAGCCAACTCGCG-1	0	0	0	0	0	0	0	0
ATGAAGCCAATTAAGG-1	2	2	2	2	0	0	0	0
ATGAAGTAGTAGCCAT-1	0	0	0	6	0	0	0	0
ATGAAGTAGTCCTTCA-1	0	0	0	0	0	0	0	0
ATGAATGCAAGCTTAT-1	5	6	5	7	0	0	0	0
ATGAATGCACAAAGCG-1	9	3	10	10	0	0	0	0
ATGAATGCAGGAAGCC-1	6	5	11	11	0	0	0	0
ATGACCAGTTGGGTTA-1	0	0	0	6	0	0	0	0
ATGACGAAGAGGATAT-1	6	5	11	5	0	0	0	0
ATGACGAAGCAGGCCT-1	6	5	6	5	0	0	0	0
ATGACGAAGGTCGATT-1	9	3	10	10	0	0	0	0
ATGACGAAGTATCGCG-1	6	5	6	5	0	0	0	0
ATGACTCAGACACCGC-1	0	0	0	6	0	0	0	0
ATGACTCAGCCTGTTC-1	2	2	2	2	0	0	0	0
ATGACTCAGGATCCGC-1	0	5	5	11	0	0	0	0
ATGAGCCGTATTGGTG-1	4	4	4	4	0	0	0	0
ATGAGCCGTGAGCGAA-1	2	2	9	2	0	0	0	0
ATGAGCCGTTAGGATT-1	6	0	12	14	0	0	0	0
ATGATGACAAGGTATA-1	3	3	3	3	0	0	0	0
ATGATGACACGAATTT-1	2	2	2	2	0	0	0	0
ATGATGACATCTTGAG-1	6	5	6	5	0	0	0	0
ATGATGACATTGTCAG-1	5	6	13	13	0	0	0	0
ATGATGGAGCTTAGTA-1	2	2	9	2	0	0	0	0
ATGCAAACAATAGCAA-1	3	3	3	3	0	0	0	0
ATGCAAACAGCAACAG-1	0	0	0	6	0	0	0	0
ATGCAAACAGCAAGGC-1	6	6	5	7	0	0	0	0
ATGCAAACAGCTACGT-1	4	4	4	4	0	0	0	0
ATGCAGGCACCTGCCT-1	3	3	3	3	0	0	0	0
ATGCAGGCAGGACACA-1	2	2	2	2	0	0	0	0
ATGCATTCAACAGGAT-1	7	7	7	8	0	0	0	0
ATGCATTCAATCGCAC-1	8	8	8	9	1	1	1	1
ATGCATTCAGCAAGGC-1	9	6	14	14	0	0	0	0
ATGCATTCAGGAATCG-1	2	2	2	2	0	0	0	0
ATGCATTCAGTAGGAT-1	0	0	5	7	0	0	0	0
ATGCATTCAGTTTGGC-1	6	5	12	12	0	0	0	0
ATGCCTGAGGATTTGC-1	0	0	0	0	0	0	0	0
ATGCCTGAGGCTGTCA-1	0	0	0	0	0	0	0	0
ATGCCTGAGTTCCCGT-1	0	0	5	6	0	0	0	0
ATGCGATTCACTCAAA-1	2	2	2	2	0	0	0	0
ATGCGATTCCAGGTTG-1	0	0	5	6	0	0	0	0
ATGCGATTCCGCAAAT-1	6	5	11	5	0	0	0	0
ATGCGATTCCTCAGTC-1	6	5	12	12	0	0	0	0
ATGCGATTCGTACCGA-1	0	0	0	0	0	0	0	0
ATGCGATTCTAACCAA-1	0	0	0	6	0	0	0	0
ATGCGATTCTCCATAT-1	5	6	13	13	0	0	0	0
ATGCTTAAGCTCATAA-1	0	0	5	6	0	0	0	0
ATGCTTAAGGTCTTGG-1	4	4	4	4	0	0	0	0
ATGGACAAGGGTGAAC-1	6	5	11	11	0	0	0	0
ATGGACAAGTGAGCAA-1	8	8	8	9	1	1	1	1
ATGGCCCAGTTACTTC-1	0	0	5	6	0	0	0	0
ATGGCCGGTTTGGCGG-1	6	5	6	5	0	0	0	0
ATGGCTAGTAAAGCAA-1	4	4	4	4	0	0	0	0
ATGGCTAGTTAATGAC-1	3	3	3	3	0	0	0	0
ATGGCTAGTTCGCTCA-1	6	5	12	12	0	0	0	0
ATGGCTGTCCGGGACT-1	6	5	11	11	0	0	0	0
ATGGCTTAGCAAGGTA-1	1	1	1	1	0	0	0	0
ATGGCTTAGGACTTAC-1	0	0	5	6	0	0	0	0
ATGGCTTAGTCAATCA-1	2	2	2	2	0	0	0	0
ATGGCTTAGTCACGAT-1	5	6	13	13	0	0	0	0
ATGGCTTAGTCCTGAG-1	2	2	2	2	0	0	0	0
ATGGCTTAGTTAGGCT-1	6	5	6	5	0	0	0	0
ATGGTCTAGCCGGTAC-1	9	3	10	10	0	0	0	0
ATGGTCTAGCGGATAA-1	7	7	7	8	0	0	0	0
ATGGTCTAGGAGCAAC-1	3	3	3	3	0	0	0	0
ATGGTCTAGGTGAAAT-1	2	2	2	2	0	0	0	0
ATGGTGCGTAATCGTG-1	0	0	5	6	0	0	0	0
ATGGTGCGTACCGTAA-1	2	2	9	2	0	0	0	0
ATGGTTATCAAGTGTC-1	0	0	0	6	0	0	0	0
ATGGTTATCCTAAATG-1	3	3	3	3	0	0	0	0
ATGGTTATCGCGCTAA-1	0	5	5	11	0	0	0	0
ATGTAACGTTTGACCT-1	4	4	4	4	0	0	0	0
ATGTAAGCACGGTTTA-1	1	1	1	1	0	0	0	0
ATGTAAGCACTTAGGC-1	9	3	10	10	0	0	0	0
ATGTAAGCAGCATGGA-1	4	4	4	4	0	0	0	0
ATGTAAGCAGTCTAGC-1	3	3	3	3	0	0	0	0
ATGTAAGCAGTTAAAG-1	2	2	2	2	0	0	0	0
ATGTAAGCATTAAACC-1	3	3	3	3	0	0	0	0
ATGTCAATCATGTCAA-1	9	3	10	10	0	0	0	0
ATGTCAATCCCTCATA-1	5	6	13	13	0	0	0	0
ATGTCATCAGCATGGA-1	0	0	0	6	0	0	0	0
ATGTCATCAGGTTTGC-1	4	4	4	4	0	0	0	0
ATGTCCACAAACTGTT-1	6	5	6	5	0	0	0	0
ATGTCCACAACTGGCT-1	1	1	1	1	0	0	0	0
ATGTCCACACGAACAG-1	4	4	4	4	0	0	0	0
ATGTCCACAGCAAGTG-1	3	3	3	3	0	0	0	0
ATGTGAGAGCCGCAAC-1	3	3	3	3	0	0	0	0
ATGTGAGAGCTTGCTC-1	0	0	0	6	0	0	0	0
ATGTGAGAGGTCCAAT-1	3	3	3	3	0	0	0	0
ATGTTCAAGACCATAC-1	6	5	12	12	0	0	0	0
ATGTTCAAGAGGAAGG-1	0	0	0	0	0	0	0	0
ATGTTCAAGCCTGGTA-1	1	1	1	1	0	0	0	0
ATGTTCAAGGACCTCA-1	0	6	5	6	0	0	0	0
ATGTTCAAGTATCGCG-1	3	3	3	3	0	0	0	0
ATGTTGTCAAACGCGA-1	3	3	3	3	0	0	0	0
ATGTTGTCAAGCTACC-1	2	2	2	2	0	0	0	0
ATGTTGTCAATCCCTT-1	8	8	8	9	1	1	1	1
ATGTTGTCAGGACCAA-1	3	3	3	3	0	0	0	0
ATGTTTGAGAATCTCA-1	8	8	8	9	1	1	1	1
ATGTTTGAGCTACTGG-1	0	0	0	0	0	0	0	0
ATGTTTGAGTAGCTTA-1	5	6	5	7	0	0	0	0
ATTAACCCAAGTGTTT-1	1	1	1	1	0	0	0	0
ATTAACCCAATACTGT-1	0	0	0	6	0	0	0	0
ATTAACCCAGTCTATG-1	9	3	10	10	0	0	0	0
ATTACCCGTAATCCCT-1	0	0	0	6	0	0	0	0
ATTACCCGTGAACAAA-1	4	4	4	4	0	0	0	0
ATTACCCGTGCTAGCG-1	3	3	3	3	0	0	0	0
ATTACCGCACAAAGAC-1	7	7	7	8	0	0	0	0
ATTACCGCATGTTGCA-1	6	5	11	11	0	0	0	0
ATTACGTCAAGTGTCC-1	6	5	6	5	0	0	0	0
ATTACGTCACATAGCC-1	6	5	11	12	0	0	0	0
ATTACGTCAGCTAATT-1	0	0	0	0	0	0	0	0
ATTACGTCAGCTACGT-1	0	0	0	6	0	0	0	0
ATTACGTCATAATGAG-1	4	4	4	4	0	0	0	0
ATTACTGAGCGAGGTG-1	5	6	5	7	0	0	0	0
ATTACTGAGCGCAATT-1	2	2	2	2	0	0	0	0
ATTACTGAGGCTAGAA-1	0	0	0	0	0	0	0	0
ATTACTGAGTCCTTCA-1	5	6	5	7	0	0	0	0
ATTAGCGGTAAATTGC-1	2	2	2	2	0	0	0	0
ATTAGCGGTAAGTCGC-1	2	2	2	2	0	0	0	0
ATTAGCGGTCCTTAGT-1	7	7	7	8	0	0	0	0
ATTAGCGGTCTAACCT-1	9	6	14	14	0	0	0	0
ATTAGCGGTGGATGTC-1	3	3	3	3	0	0	0	0
ATTAGCGGTTAACACG-1	6	5	12	12	0	0	0	0
ATTAGCGGTTCCGGCT-1	7	7	7	8	0	0	0	0
ATTAGCGGTTTAGCGA-1	0	0	0	0	0	0	0	0
ATTAGCGGTTTATGGG-1	3	3	3	3	0	0	0	0
ATTAGCTCAACCTAAT-1	9	6	14	14	0	0	0	0
ATTAGCTCAACTAACT-1	2	2	2	2	0	0	0	0
ATTAGCTCACGGTTTA-1	1	1	1	1	0	0	0	0
ATTAGCTCATCAATCG-1	9	3	10	10	0	0	0	0
ATTAGCTCATTAGCGC-1	0	0	0	6	0	0	0	0
ATTAGGTGTGAAACAA-1	5	6	5	7	0	0	0	0
ATTAGGTGTGCTCCAC-1	4	4	4	4	0	0	0	0
ATTAGGTGTTTACCGT-1	0	6	0	7	0	0	0	0
ATTAGGTGTTTGTTGC-1	2	2	2	2	0	0	0	0
ATTAGTCCAACAGGAT-1	3	3	3	3	0	0	0	0
ATTAGTCCAATTGACT-1	5	6	5	7	0	0	0	0
ATTAGTCCAATTTGGT-1	8	8	8	9	1	1	1	1
ATTAGTCCACCCACAG-1	0	0	0	0	0	0	0	0
ATTAGTCCAGCACGAA-1	2	2	2	2	0	0	0	0
ATTAGTCCATTGTCCT-1	4	4	15	15	0	0	0	0
ATTATCCTCCAACTGG-1	0	0	0	6	0	0	0	0
ATTATCCTCCCTCGCA-1	4	4	4	4	0	0	0	0
ATTATCCTCCCTGTTA-1	2	2	2	2	0	0	0	0
ATTATGGTCAAGTGAG-1	2	2	9	2	0	0	0	0
ATTATGGTCATGCCTC-1	3	3	3	3	0	0	0	0
ATTATGGTCCACCCTG-1	3	3	3	3	0	0	0	0
ATTATGGTCCCTGGTT-1	6	6	5	5	0	0	0	0
ATTATGGTCCTTGTTG-1	0	0	0	6	0	0	0	0
ATTATGGTCGCTTGCT-1	2	2	9	2	0	0	0	0
ATTATGGTCTCCTCTT-1	0	0	5	7	0	0	0	0
ATTCAACCAATCGCAC-1	6	5	12	11	0	0	0	0
ATTCAACCACTAGGTC-1	2	2	9	2	0	0	0	0
ATTCAACCAGAGGCTA-1	0	6	5	7	0	0	0	0
ATTCACTTCATGCCTC-1	0	0	0	6	0	0	0	0
ATTCACTTCCAATAGC-1	0	0	0	0	0	0	0	0
ATTCACTTCGCTCACT-1	9	6	14	14	0	0	0	0
ATTCACTTCTGTGCAG-1	2	2	2	2	0	0	0	0
ATTCACTTCTTGCAGG-1	2	2	2	2	0	0	0	0
ATTCATGAGTGAGGTA-1	0	6	0	7	0	0	0	0
ATTCCGGAGCGATAAG-1	9	6	14	14	0	0	0	0
ATTCCGGAGCTTTGTT-1	3	3	3	3	0	0	0	0
ATTCCTCCAACCCTCC-1	3	3	3	3	0	0	0	0
ATTCGTTTCCCTGATC-1	2	2	9	2	0	0	0	0
ATTCGTTTCCGTGACA-1	6	5	11	11	0	0	0	0
ATTCGTTTCTAAATCG-1	6	5	11	11	0	0	0	0
ATTCGTTTCTGTGAGT-1	3	3	3	3	0	0	0	0
ATTGAAGCAGAATGAC-1	2	2	2	2	0	0	0	0
ATTGAAGCATAATTGC-1	2	2	2	2	0	0	0	0
ATTGAAGCATGTCAGC-1	0	0	0	6	0	0	0	0
ATTGAAGCATTAGGCC-1	6	5	12	12	0	0	0	0
ATTGACTCAAGCTAAA-1	4	4	4	4	0	0	0	0
ATTGCACAGGATTGAG-1	0	0	0	14	0	0	0	0
ATTGCACAGGCCGGAA-1	2	2	2	2	0	0	0	0
ATTGCACAGGCGCACT-1	6	5	12	12	0	0	0	0
ATTGCACAGGTTAGAG-1	2	2	9	2	0	0	0	0
ATTGCAGGTTAATGCG-1	0	0	0	0	0	0	0	0
ATTGCGCCAAACAACA-1	2	2	9	2	0	0	0	0
ATTGCGCCAAGATTCT-1	6	5	11	11	0	0	0	0
ATTGCGCCAGCTAATT-1	2	2	2	2	0	0	0	0
ATTGCTCGTAGGATTT-1	4	4	4	4	0	0	0	0
ATTGCTCGTCCGGTTC-1	3	3	3	3	0	0	0	0
ATTGCTCGTTATGTGG-1	0	0	0	6	0	0	0	0
ATTGGCTAGAGGAGGA-1	0	0	0	6	0	0	0	0
ATTGGCTAGCACGATT-1	5	6	5	7	0	0	0	0
ATTGGCTAGCATGTTA-1	6	5	11	11	0	0	0	0
ATTGGCTAGTCCTTCA-1	2	2	9	2	0	0	0	0
ATTGGCTAGTTTGGTA-1	2	2	2	2	0	0	0	0
ATTGGTTCAAGTAAGC-1	1	1	1	1	0	0	0	0
ATTGGTTCACAACAGG-1	2	2	9	2	0	0	0	0
ATTGTCCGTACCGTTT-1	6	5	11	11	0	0	0	0
ATTGTCCGTGAGCACT-1	0	0	0	6	0	0	0	0
ATTGTCCGTGGGTGAA-1	6	5	11	5	0	0	0	0
ATTGTCCGTTCAAGCA-1	6	5	11	11	0	0	0	0
ATTGTGATCATGCGTG-1	6	5	6	5	0	0	0	0
ATTGTGATCGTTCACC-1	7	7	7	8	0	0	0	0
ATTTAGCCAGCCTGCA-1	0	0	5	6	0	0	0	0
ATTTGCAAGACACCGC-1	4	4	4	4	0	0	0	0
ATTTGCAAGTTGGATC-1	0	6	5	7	0	0	0	0
ATTTGCGCAAGTAAGC-1	6	5	12	12	0	0	0	0
ATTTGCGCAATTAGCT-1	2	2	2	2	0	0	0	0
ATTTGCGCACAGAACG-1	9	6	14	14	0	0	0	0
ATTTGCGCAGGCATCT-1	5	6	5	7	0	0	0	0
ATTTGCGCATATTGAC-1	3	3	3	3	0	0	0	0
ATTTGTGAGAATCGCT-1	4	4	4	4	0	0	0	0
ATTTGTGAGACAAACG-1	9	3	10	10	0	0	0	0
ATTTGTGAGCGGTTAT-1	6	5	6	5	0	0	0	0
ATTTGTGAGCTCCCTG-1	3	3	3	3	0	0	0	0
ATTTGTGAGGTGAGAC-1	6	5	11	11	0	0	0	0
CAAACAACAAGCCAGA-1	3	3	3	3	0	0	0	0
CAAACAACAATAACCT-1	0	0	0	0	0	0	0	0
CAAACACTCAAACCGT-1	6	5	11	11	0	0	0	0
CAAACACTCCATAATG-1	2	2	2	2	0	0	0	0
CAAACACTCCGCATGA-1	6	5	11	11	0	0	0	0
CAAACACTCGTTTCTG-1	0	0	0	6	0	0	0	0
CAAACATGTACAAAGA-1	4	4	4	4	0	0	0	0
CAAACATGTCATGCCC-1	6	5	11	11	0	0	0	0
CAAACATGTTATGTGG-1	6	5	11	11	0	0	0	0
CAAACATGTTTATCGC-1	8	8	8	9	1	1	1	1
CAAACCGTCACGCCAA-1	2	2	9	2	0	0	0	0
CAAACCGTCATAACTG-1	3	3	3	3	0	0	0	0
CAAACCGTCTAAGTGC-1	6	5	11	11	0	0	0	0
CAAACGCGTGCGCGTA-1	2	2	2	2	0	0	0	0
CAAACTGGTCATTAGG-1	2	2	2	2	0	0	0	0
CAAACTGGTCGTAATG-1	9	9	16	16	0	0	0	0
CAAACTGGTGGACCTG-1	6	5	6	5	0	0	0	0
CAAACTGGTTAACGGC-1	6	5	6	5	0	0	0	0
CAAACTGGTTAGTTGG-1	0	0	0	6	0	0	0	0
CAAAGCGCAGGTATTT-1	6	5	12	12	0	0	0	0
CAAAGCGCATGAAATG-1	2	2	2	2	0	0	0	0
CAAAGGATCAGAAACG-1	6	5	12	12	0	0	0	0
CAAAGGATCCGTTAAA-1	5	6	13	13	0	0	0	0
CAAAGTGAGCACTAAC-1	2	2	2	2	0	0	0	0
CAAAGTGAGCATGTCG-1	0	0	0	6	0	0	0	0
CAAAGTGAGTGAACGA-1	5	6	13	13	0	0	0	0
CAAAGTGAGTTGCGTG-1	2	2	2	2	0	0	0	0
CAAAGTGAGTTTGGTA-1	0	0	0	14	0	0	0	0
CAAATCATCAAGCTAC-1	3	3	3	3	0	0	0	0
CAAATCATCCCTCAAC-1	4	4	4	4	0	0	0	0
CAAATCATCCGCCAAA-1	2	2	2	2	0	0	0	0
CAAATCATCGATAACC-1	2	2	9	2	0	0	0	0
CAAATCATCTCAATTC-1	4	4	4	4	0	0	0	0
CAAATCATCTTAGGGT-1	6	5	11	11	0	0	0	0
CAACAATGTACGGTAC-1	3	3	3	3	0	0	0	0
CAACAATGTACTTCAC-1	2	2	2	2	0	0	0	0
CAACAATGTCAATAGT-1	6	5	11	11	0	0	0	0
CAACAATGTGATTACG-1	2	2	9	2	0	0	0	0
CAACAATGTTAGCATG-1	6	5	6	5	0	0	0	0
CAACAGGCAAATACCT-1	2	2	2	2	0	0	0	0
CAACAGGCACCAGGTT-1	6	5	6	5	0	0	0	0
CAACAGGCAGCTTAAT-1	3	3	3	3	0	0	0	0
CAACCCGCAGTCTATG-1	0	0	0	0	0	0	0	0
CAACCCTTCAATGTCA-1	0	0	0	0	0	0	0	0
CAACCCTTCACGTTAA-1	3	3	3	3	0	0	0	0
CAACCCTTCAGCACCA-1	4	4	4	4	0	0	0	0
CAACCCTTCCGCCTCA-1	1	1	1	1	0	0	0	0
CAACCCTTCGCACAAT-1	8	8	8	9	1	1	1	1
CAACCCTTCTCCATAT-1	2	2	2	2	0	0	0	0
CAACCCTTCTTAGTGA-1	2	2	2	2	0	0	0	0
CAACTAATCCCGTTAC-1	3	3	3	3	0	0	0	0
CAACTAATCCCTCATA-1	2	2	2	2	0	0	0	0
CAACTAATCGTCCTTA-1	0	0	0	0	0	0	0	0
CAACTAATCTTGGACG-1	0	0	0	0	0	0	0	0
CAACTAATCTTTGAGA-1	2	2	2	2	0	0	0	0
CAACTAGGTCTAACCT-1	8	8	8	9	1	1	1	1
CAACTAGGTGATTACG-1	2	2	2	2	0	0	0	0
CAAGAACCACGTTACA-1	5	6	5	7	0	0	0	0
CAAGACAAGACAACAG-1	2	2	9	2	0	0	0	0
CAAGCTAGTAATTAGC-1	2	2	9	2	0	0	0	0
CAAGCTAGTCAAGTAT-1	4	4	4	4	0	0	0	0
CAAGCTAGTCAAGTGC-1	2	2	2	2	0	0	0	0
CAAGCTAGTCCTCCAA-1	2	2	9	2	0	0	0	0
CAAGCTAGTGATCATG-1	4	4	4	4	0	0	0	0
CAAGGCCTCTGTGAGT-1	0	0	0	0	0	0	0	0
CAAGGCCTCTTAGGAC-1	0	0	0	6	0	0	0	0
CAAGGCTGTGCATCGG-1	6	5	12	12	0	0	0	0
CAAGGGAGTGGTTCTT-1	2	2	2	2	0	0	0	0
CAAGGTAAGAGGAGTC-1	6	5	11	12	0	0	0	0
CAAGGTAAGGCGAAAC-1	2	2	2	2	0	0	0	0
CAAGGTTTCATCACTT-1	6	5	11	11	0	0	0	0
CAAGGTTTCCTAGTTT-1	2	2	2	2	0	0	0	0
CAAGTAACAAGATTCT-1	6	5	6	5	0	0	0	0
CAAGTAACACTAGCGT-1	0	0	0	6	0	0	0	0
CAAGTAACAGCGCTTG-1	2	2	2	2	0	0	0	0
CAAGTATGTTAGGACC-1	1	1	1	1	0	0	0	0
CAAGTATGTTGGTTAG-1	3	3	3	3	0	0	0	0
CAAGTGAAGAGGGACT-1	2	2	2	2	0	0	0	0
CAAGTGAAGCTTGCTC-1	4	4	4	4	0	0	0	0
CAAGTGAAGTAAGTCC-1	3	3	3	3	0	0	0	0
CAAGTTATCCCTCAAC-1	2	2	9	2	0	0	0	0
CAAGTTATCCGCACAA-1	2	2	2	2	0	0	0	0
CAAGTTATCTCAATGA-1	1	1	1	1	0	0	0	0
CAAGTTATCTTAGCCC-1	9	3	10	10	0	0	0	0
CAATAAGCAAGGACCA-1	3	3	3	3	0	0	0	0
CAATAAGCAATCCTGA-1	3	3	3	3	0	0	0	0
CAATAAGCACCCTCAC-1	2	2	2	2	0	0	0	0
CAATAAGCAGCAAGGC-1	9	5	10	11	0	0	0	0
CAATAAGCAGGCTTGT-1	6	5	11	11	0	0	0	0
CAATAGCTCAATGTGC-1	4	4	4	4	0	0	0	0
CAATAGCTCCTAAGAC-1	0	5	11	11	0	0	0	0
CAATAGCTCCTAATTC-1	4	4	4	4	0	0	0	0
CAATAGCTCTCCTCTT-1	5	6	5	7	0	0	0	0
CAATATGTCCAAACAC-1	7	7	7	8	0	0	0	0
CAATATGTCCGGAACC-1	0	0	0	6	0	0	0	0
CAATATGTCGATTATG-1	0	0	0	0	0	0	0	0
CAATATGTCTTGCAGG-1	5	6	5	7	0	0	0	0
CAATCCCTCCGCCTCA-1	2	2	2	2	0	0	0	0
CAATCCCTCCTTAGGG-1	6	5	11	11	0	0	0	0
CAATCCCTCTGTTCAT-1	0	0	0	6	0	0	0	0
CAATCCTGTATCTGGA-1	2	2	2	2	0	0	0	0
CAATCCTGTTGCACAA-1	5	6	13	13	0	0	0	0
CAATCCTGTTGCACGG-1	6	5	11	11	0	0	0	0
CAATCGCCAAGCTTAT-1	2	2	2	2	0	0	0	0
CAATCGCCAAGGTGCA-1	6	5	11	11	0	0	0	0
CAATCGCCAAGTGTTT-1	2	2	9	2	0	0	0	0
CAATCGCCAATGAGGT-1	3	3	3	3	0	0	0	0
CAATCGCCAGCACGAA-1	4	4	4	4	0	0	0	0
CAATCTAAGCTATTAG-1	9	6	14	14	0	0	0	0
CAATCTAAGGAGCACG-1	4	4	4	4	0	0	0	0
CAATCTAAGTTTGGGT-1	6	5	6	5	0	0	0	0
CAATGAACACCAACCG-1	2	2	2	2	0	0	0	0
CAATGAACATAATCAC-1	6	5	12	12	0	0	0	0
CAATGAACATGGCCCA-1	3	3	3	3	0	0	0	0
CAATGACTCATAACTG-1	2	2	9	2	0	0	0	0
CAATGACTCGGCCAGT-1	3	3	3	3	0	0	0	0
CAATGACTCTAAGTCA-1	4	4	4	4	0	0	0	0
CAATGCCCAGGTTCAC-1	2	2	2	2	0	0	0	0
CAATGTCAGGCAACAA-1	0	0	0	0	0	0	0	0
CAATGTCAGGGACGCA-1	3	3	3	3	0	0	0	0
CAATGTGGTAGCTAGC-1	6	5	12	12	0	0	0	0
CAATGTGGTTAGTACG-1	2	2	2	2	0	0	0	0
CACAAGCGTAGGATCC-1	8	8	8	9	1	1	1	1
CACAAGCGTTGTCATC-1	0	0	0	6	0	0	0	0
CACAATATCAATGTGC-1	9	3	10	10	0	0	0	0
CACAATATCACAGCGC-1	6	5	12	12	0	0	0	0
CACAATATCAGGAAGC-1	2	2	2	2	0	0	0	0
CACAATATCATCACTT-1	0	0	0	0	0	0	0	0
CACAATATCTTGGATA-1	6	5	6	5	0	0	0	0
CACAGGCTCATTAGTG-1	2	2	9	2	0	0	0	0
CACAGGCTCCCTGGAA-1	2	2	2	2	0	0	0	0
CACAGGCTCCGCAACA-1	2	2	2	2	0	0	0	0
CACAGGCTCGAAGTGA-1	5	6	5	7	0	0	0	0
CACAGGGAGCAAGGAC-1	2	2	9	2	0	0	0	0
CACAGGGAGCATTAGC-1	2	2	2	2	0	0	0	0
CACAGGGAGCGATAGA-1	6	5	12	12	0	0	0	0
CACAGGGAGCGTGCAC-1	8	8	8	9	1	1	1	1
CACAGGGAGCTCAATA-1	2	2	2	2	0	0	0	0
CACAGGGAGGCCTGGT-1	2	2	2	2	0	0	0	0
CACAGGGAGGCGAAAC-1	6	5	11	11	0	0	0	0
CACAGGGAGTTATTCC-1	0	0	0	6	0	0	0	0
CACATAATCCCGCATT-1	1	1	1	1	0	0	0	0
CACATAATCGGCCATA-1	5	6	5	7	0	0	0	0
CACATAATCTTTAGGA-1	0	6	5	7	0	0	0	0
CACATACAGCCTGATG-1	1	1	1	1	0	0	0	0
CACATGCCAATTAACC-1	0	0	0	0	0	0	0	0
CACCAACCAATGAAGC-1	6	5	11	11	0	0	0	0
CACCAACCAGTTAAAG-1	6	5	11	11	0	0	0	0
CACCAACCATAGCAGG-1	0	0	0	6	0	0	0	0
CACCGGTAGACAACAG-1	0	0	0	0	0	0	0	0
CACCGGTAGGAACCAA-1	6	5	6	5	0	0	0	0
CACCGGTAGGCCCAGT-1	2	2	9	2	0	0	0	0
CACCGGTAGGCTAGAA-1	0	0	5	6	0	0	0	0
CACCTCAGTAAAGCAA-1	6	5	12	12	0	0	0	0
CACGCAATCGGTTCCT-1	0	0	0	0	0	0	0	0
CACGCTAAGAATCTCA-1	3	3	3	3	0	0	0	0
CACGCTAAGGGATTAG-1	3	3	3	3	0	0	0	0
CACGCTAAGGTTAGCT-1	9	6	14	7	0	0	0	0
CACTAAGGTAGGTTAT-1	8	8	8	9	1	1	1	1
CACTAAGGTCGAAGTC-1	6	5	6	5	0	0	0	0
CACTAAGGTGGAGCAA-1	0	0	5	0	0	0	0	0
CACTAAGGTTCACCCA-1	0	0	5	6	0	0	0	0
CACTAAGGTTGGTTGA-1	4	4	4	4	0	0	0	0
CACTAGCCAAACCCTA-1	4	4	4	4	0	0	0	0
CACTAGCCACCGTTCC-1	1	1	1	1	0	0	0	0
CACTGACCAAACTAAG-1	7	7	7	8	0	0	0	0
CACTGACCAAATACCT-1	9	6	14	14	0	0	0	0
CACTGACCAATCTCTC-1	0	0	0	14	0	0	0	0
CACTGACCACGGTTTA-1	3	3	3	3	0	0	0	0
CACTTAAAGACTTACA-1	5	6	13	13	0	0	0	0
CACTTAAAGGAACCGG-1	2	2	2	2	0	0	0	0
CACTTAAAGGTCCTAG-1	0	0	0	0	0	0	0	0
CACTTAAAGTAAGTCC-1	5	6	5	7	0	0	0	0
CACTTAAAGTGAGCAA-1	3	3	3	3	0	0	0	0
CACTTTGTCCAGGTTG-1	6	5	12	12	0	0	0	0
CACTTTGTCGTAATCA-1	8	8	8	9	1	1	1	1
CACTTTGTCGTTTCCA-1	9	3	10	10	0	0	0	0
CACTTTGTCTCAATGA-1	5	6	13	13	0	0	0	0
CAGAACCGTAATGGAA-1	2	2	2	2	0	0	0	0
CAGAACCGTATCTGGA-1	6	5	11	11	0	0	0	0
CAGAACCGTTACATCC-1	2	2	9	2	0	0	0	0
CAGAACCGTTGGTTCT-1	1	1	1	1	0	0	0	0
CAGAATCTCAATCTCT-1	0	0	5	7	0	0	0	0
CAGAATCTCAGGCTAT-1	1	1	1	1	0	0	0	0
CAGAATCTCATCCTCA-1	2	2	2	2	0	0	0	0
CAGAATCTCATGCGTG-1	0	0	0	0	0	0	0	0
CAGATTCAGGTTACGT-1	3	3	3	3	0	0	0	0
CAGATTCAGTAACGAG-1	2	2	2	2	0	0	0	0
CAGATTCAGTAGCTTA-1	7	7	7	8	0	0	0	0
CAGCAAGCAAAGGTAC-1	2	2	2	2	0	0	0	0
CAGCAAGCACAATGTT-1	3	3	3	3	0	0	0	0
CAGCAAGCAGCATGGA-1	4	4	4	4	0	0	0	0
CAGCAAGCATAAGCAA-1	4	4	4	4	0	0	0	0
CAGCAAGCATAGCTTG-1	0	0	0	6	0	0	0	0
CAGCATTAGAAACTGG-1	3	3	3	3	0	0	0	0
CAGCATTAGACAAGTG-1	0	0	0	0	0	0	0	0
CAGCATTAGCAGCTAT-1	6	5	11	11	0	0	0	0
CAGCCAATCGAGCAAA-1	0	0	0	0	0	0	0	0
CAGCCAATCTTAGTCT-1	2	2	2	2	0	0	0	0
CAGCCTAAGAAGCTAG-1	3	3	3	3	0	0	0	0
CAGCCTAAGCACTTGG-1	4	4	4	4	0	0	0	0
CAGCCTAAGCTCCTTA-1	9	6	14	14	0	0	0	0
CAGCCTAAGGCTGTCA-1	2	2	9	2	0	0	0	0
CAGCCTAAGGTGAAGC-1	7	7	7	8	0	0	0	0
CAGCCTTTCCGCCAAA-1	4	4	4	4	0	0	0	0
CAGCCTTTCCGTGACA-1	0	0	0	14	0	0	0	0
CAGCTAAGTACCTTAC-1	4	4	4	4	0	0	0	0
CAGCTAAGTACGCGCA-1	6	5	12	12	0	0	0	0
CAGCTAAGTACTTAGG-1	2	2	2	2	0	0	0	0
CAGCTAAGTAGGTGTC-1	2	2	9	2	0	0	0	0
CAGCTAAGTCACGGAT-1	3	3	3	3	0	0	0	0
CAGCTAAGTTACCTGT-1	9	3	10	10	0	0	0	0
CAGCTAAGTTCTTTAG-1	0	0	0	6	0	0	0	0
CAGCTATAGCCTGACA-1	0	0	5	6	0	0	0	0
CAGCTATAGCCTGATG-1	0	6	5	7	0	0	0	0
CAGCTATAGCGGTTAT-1	0	0	0	6	0	0	0	0
CAGCTATAGGATTGAG-1	0	6	0	7	0	0	0	0
CAGCTATAGGTTACAC-1	6	5	11	11	0	0	0	0
CAGCTATAGTGACCTG-1	9	3	10	10	0	0	0	0
CAGCTATAGTTATGGC-1	0	0	0	6	0	0	0	0
CAGCTCAAGCGAGGTG-1	3	3	3	3	0	0	0	0
CAGCTCAAGGCGAAAC-1	3	3	3	3	0	0	0	0
CAGCTCAAGGCTGTCA-1	0	0	0	0	0	0	0	0
CAGCTCAAGTTGGGCC-1	1	1	1	1	0	0	0	0
CAGGAAGGTAATCACG-1	0	0	0	0	0	0	0	0
CAGGAAGGTCTATCGT-1	6	5	6	5	0	0	0	0
CAGGAAGGTGTCACGG-1	7	7	7	8	0	0	0	0
CAGGAAGGTGTTGCTT-1	6	5	11	5	0	0	0	0
CAGGAAGGTTACTAGG-1	1	1	1	1	0	0	0	0
CAGGAAGGTTAGCATG-1	0	0	0	0	0	0	0	0
CAGGAAGGTTAGTTGG-1	7	7	7	8	0	0	0	0
CAGGACACAAATGCCC-1	2	2	2	2	0	0	0	0
CAGGACACAACCCTCC-1	2	2	2	2	0	0	0	0
CAGGACACAGTAAGTA-1	6	5	6	5	0	0	0	0
CAGGACACAGTGAACG-1	9	3	10	10	0	0	0	0
CAGGACCTCATCCTGC-1	6	5	6	5	0	0	0	0
CAGGACCTCCCGCCTA-1	7	7	7	8	0	0	0	0
CAGGACCTCCGCACAA-1	4	4	4	4	0	0	0	0
CAGGCTATCCAGGTTG-1	2	2	9	2	0	0	0	0
CAGGCTATCGGTTAGT-1	1	1	1	1	0	0	0	0
CAGGCTATCGTTACAA-1	2	2	2	2	0	0	0	0
CAGGCTGGTTGCGTAA-1	0	0	0	0	0	0	0	0
CAGGCTGGTTGTTGGA-1	2	6	9	7	0	0	0	0
CAGGGCTTCAAAGGCA-1	2	2	9	2	0	0	0	0
CAGGGCTTCGCCTGTT-1	6	5	6	5	0	0	0	0
CAGGGCTTCTAGCGTG-1	7	7	7	8	0	0	0	0
CAGGGTGAGGTCATTA-1	2	2	9	2	0	0	0	0
CAGGGTGAGTGCACGC-1	7	7	7	8	0	0	0	0
CAGGGTGAGTTAGCTA-1	6	5	12	12	0	0	0	0
CAGGTCCAGCACTTGG-1	0	0	0	0	0	0	0	0
CAGGTCCAGCGGATTT-1	0	0	5	6	0	0	0	0
CAGGTCCAGGAGTAAT-1	1	1	1	1	0	0	0	0
CAGGTCCAGTCAGTAC-1	2	2	2	2	0	0	0	0
CAGGTGGAGAGGAAGG-1	6	5	11	11	0	0	0	0
CAGGTGGAGCCTCTGT-1	0	0	0	0	0	0	0	0
CAGGTGGAGGCAACAA-1	2	2	9	2	0	0	0	0
CAGGTGGAGTAATCCA-1	0	0	0	14	0	0	0	0
CAGGTTAGTATGGTGC-1	1	1	1	1	0	0	0	0
CAGGTTAGTTAACGGC-1	9	3	14	14	0	0	0	0
CAGGTTAGTTTGTCTA-1	4	4	4	4	0	0	0	0
CAGGTTTAGGTCCTAG-1	4	4	4	4	0	0	0	0
CAGTACCCACAAACTT-1	2	2	9	2	0	0	0	0
CAGTACCCACTGGCTG-1	8	8	8	9	1	1	1	1
CAGTACCCAGTAGGAT-1	4	4	4	4	0	0	0	0
CAGTACCCATCCCTCA-1	4	4	4	4	0	0	0	0
CAGTACCCATGGCCCA-1	2	2	2	2	0	0	0	0
CAGTACCCATTGTGAT-1	6	5	6	5	0	0	0	0
CAGTACCCATTGTGTG-1	2	2	9	2	0	0	0	0
CAGTATGGTCAATGTG-1	0	0	0	0	0	0	0	0
CAGTATGGTTAGGATT-1	0	0	0	0	0	0	0	0
CAGTATGGTTCACCAT-1	5	6	5	7	0	0	0	0
CAGTATGGTTCCTGTG-1	6	0	12	14	0	0	0	0
CATAACGGTAATCACG-1	6	6	12	7	0	0	0	0
CATAACGGTATTGAGT-1	3	3	3	3	0	0	0	0
CATAACGGTTAAGTGT-1	0	0	0	6	0	0	0	0
CATAACGGTTGAAGCC-1	2	2	2	2	0	0	0	0
CATAAGCTCATAACCA-1	0	0	0	6	0	0	0	0
CATAAGCTCATCCTCA-1	7	7	7	8	0	0	0	0
CATAAGCTCCAACTGG-1	6	5	11	11	0	0	0	0
CATAAGCTCGGTAACT-1	6	5	12	12	0	0	0	0
CATAATCCACAGGGAC-1	2	2	2	2	0	0	0	0
CATAATCCACTTACAG-1	8	8	8	9	1	1	1	1
CATAATCCATGCTATG-1	2	2	2	2	0	0	0	0
CATAATCCATGGCCTG-1	2	2	2	2	0	0	0	0
CATAATCCATTCCTGT-1	3	3	3	3	0	0	0	0
CATAATGTCAAACACC-1	0	0	0	0	0	0	0	0
CATAATGTCTCCTCAA-1	0	0	5	6	0	0	0	0
CATAGACTCAATGTCA-1	6	5	12	12	0	0	0	0
CATAGACTCCTGAGTG-1	6	5	6	5	0	0	0	0
CATAGACTCCTGATGG-1	6	5	12	12	0	0	0	0
CATAGACTCCTTGTTG-1	6	5	11	11	0	0	0	0
CATAGACTCTCCTCAA-1	9	6	14	14	0	0	0	0
CATAGACTCTTCAATC-1	0	0	0	6	0	0	0	0
CATAGCTAGGGTGAGT-1	9	6	14	14	0	0	0	0
CATAGCTAGGTTACGT-1	6	5	6	5	0	0	0	0
CATAGCTAGTGAAGTG-1	7	7	7	8	0	0	0	0
CATAGCTAGTTAGCTA-1	9	3	10	10	0	0	0	0
CATAGGCGTAGCCATA-1	6	5	6	5	0	0	0	0
CATAGGCGTTAAGGTT-1	7	7	7	8	0	0	0	0
CATAGGCGTTCACCAT-1	0	0	0	0	0	0	0	0
CATAGGTTCAAACCTA-1	6	5	11	11	0	0	0	0
CATAGGTTCATAGACC-1	9	3	10	10	0	0	0	0
CATAGGTTCCCTCAGT-1	0	0	0	0	0	0	0	0
CATAGGTTCTGTAAGC-1	1	1	1	1	0	0	0	0
CATAGTCAGCTGAGGG-1	9	6	14	14	0	0	0	0
CATAGTCAGGTAAGCA-1	0	0	0	0	0	0	0	0
CATATCGCAAACATAG-1	3	3	3	3	0	0	0	0
CATATCGCAATCATGT-1	2	2	9	2	0	0	0	0
CATATCGCACCTAATG-1	7	7	7	8	0	0	0	0
CATCAATCACAACAAA-1	6	5	12	12	0	0	0	0
CATCAATCAGGTTACC-1	4	4	4	4	0	0	0	0
CATCAATCATAGCTTG-1	3	3	3	3	0	0	0	0
CATCACACACAGAAAC-1	3	3	3	3	0	0	0	0
CATCACACACCTAATG-1	0	0	0	0	0	0	0	0
CATCACACACGCAACT-1	6	5	11	11	0	0	0	0
CATCACACATCCCTCA-1	2	2	9	2	0	0	0	0
CATCATAAGATTCCTT-1	0	0	0	0	0	0	0	0
CATCATAAGGAAGTAT-1	3	3	3	3	0	0	0	0
CATCATAAGTGAGGGT-1	2	2	2	2	0	0	0	0
CATCATGCACAAACTT-1	0	0	0	0	0	0	0	0
CATCATGCATGTTGCA-1	3	3	3	3	0	0	0	0
CATCATGCATTTGCTC-1	2	2	2	2	0	0	0	0
CATCCCAGTACCAGGT-1	7	7	7	8	0	0	0	0
CATCCCAGTGTTCCCA-1	3	3	3	3	0	0	0	0
CATCCCAGTTCAAGCA-1	2	2	2	2	0	0	0	0
CATCCCAGTTGTGACA-1	9	6	14	14	0	0	0	0
CATCCTCAGCACTTGG-1	2	2	9	2	0	0	0	0
CATCCTCAGCATGTCG-1	4	4	4	4	0	0	0	0
CATCCTCAGGCATTAC-1	3	3	3	3	0	0	0	0
CATCCTCAGGTGCTGC-1	1	0	1	1	0	0	0	0
CATCCTGGTTACTTCA-1	6	5	12	12	0	0	0	0
CATCCTGGTTCCTGTG-1	1	1	1	1	0	0	0	0
CATCCTGGTTTGGGTA-1	1	1	1	1	0	0	0	0
CATCCTTCAATGAGGT-1	6	5	12	12	0	0	0	0
CATCCTTCAGCTTAAT-1	0	0	0	0	0	0	0	0
CATCGCTTCATGCGTG-1	9	6	14	14	0	0	0	0
CATCGCTTCCAATAGC-1	4	4	4	4	0	0	0	0
CATCGCTTCGAGCAAA-1	0	0	0	0	0	0	0	0
CATCGCTTCTATCGCC-1	1	1	1	1	0	0	0	0
CATGAGGCACGTGCTG-1	6	5	6	5	0	0	0	0
CATGAGGCAGCAATAA-1	3	3	3	3	0	0	0	0
CATGAGGCAGCCTTGG-1	1	1	1	1	0	0	0	0
CATGAGGCAGGCCAAA-1	0	0	0	0	0	0	0	0
CATGCAAGTCGCAATA-1	6	6	6	7	0	0	0	0
CATGCAAGTGTCCAGG-1	6	5	12	12	0	0	0	0
CATGCAAGTTTGCGAA-1	6	5	6	5	0	0	0	0
CATGCATAGCAAGGTA-1	2	2	2	2	0	0	0	0
CATGCATAGCTAATCA-1	4	4	4	4	0	0	0	0
CATGCGCAGGTGTCCA-1	4	4	4	4	0	0	0	0
CATGCGGGTTAGCGTA-1	6	5	11	11	0	0	0	0
CATGGATTCCAATAGC-1	2	2	2	2	0	0	0	0
CATGGATTCGTGCTAG-1	0	0	0	0	0	0	0	0
CATGGCGGTTCCGGCT-1	1	1	1	1	0	0	0	0
CATTATCTCACTCGCT-1	2	2	2	2	0	0	0	0
CATTATCTCCGTAAAC-1	6	5	12	12	0	0	0	0
CATTATGAGCATTATG-1	0	0	0	0	0	0	0	0
CATTATGAGTTGGGCC-1	7	7	7	8	0	0	0	0
CATTCATTCCAAATCA-1	2	2	2	2	0	0	0	0
CATTCCTCAATTGAGA-1	2	2	2	2	0	0	0	0
CATTGCGAGCACGATT-1	0	0	0	0	0	0	0	0
CATTGCGAGCTGGACC-1	3	3	3	3	0	0	0	0
CATTGCGAGCTGTAAC-1	4	4	4	4	0	0	0	0
CATTGCGAGGACCTTG-1	2	2	2	2	0	0	0	0
CATTGCGAGTTGGGCC-1	6	5	12	12	0	0	0	0
CATTGTAAGAGCAAGC-1	6	5	6	5	0	0	0	0
CATTGTGCAAGCTTTG-1	0	0	0	6	0	0	0	0
CATTGTGCAATCATGT-1	1	1	1	1	0	0	0	0
CATTGTGCACAGCCTG-1	3	3	3	3	0	0	0	0
CATTGTGCACCTGGTG-1	5	6	13	13	0	0	0	0
CATTGTGCAGGACCTT-1	6	5	11	11	0	0	0	0
CATTGTGCATCGCTTT-1	6	5	11	11	0	0	0	0
CATTTGTTCATAGCCG-1	7	7	7	8	0	0	0	0
CATTTGTTCATGGTGT-1	1	1	1	1	0	0	0	0
CATTTGTTCGAGGAAC-1	2	2	2	2	0	0	0	0
CATTTGTTCGAGGAGT-1	6	5	11	11	0	0	0	0
CATTTGTTCGTTACAA-1	3	3	3	3	0	0	0	0
CCAAACCCAAATGCCC-1	2	2	2	2	0	0	0	0
CCAAACTAGGCCTAAT-1	3	3	3	3	0	0	0	0
CCAAACTAGGTGAGAC-1	3	3	3	3	0	0	0	0
CCAAACTAGGTTTACA-1	2	2	9	2	0	0	0	0
CCAAACTAGTCAGGCC-1	4	4	4	4	0	0	0	0
CCAAATCAGCTACTGG-1	3	3	3	3	0	0	0	0
CCAAATCAGGCATGTT-1	2	2	9	2	0	0	0	0
CCAAATCAGTGCACGC-1	2	2	2	2	0	0	0	0
CCAAATCAGTTAACCA-1	3	3	3	3	0	0	0	0
CCAACATAGTGTTGCG-1	8	8	8	9	1	1	1	1
CCAACCAAGCGGTTAT-1	2	2	2	2	0	0	0	0
CCAACCCGTAACTACG-1	2	2	9	2	0	0	0	0
CCAACCCGTTAGGATT-1	0	0	0	6	0	0	0	0
CCAAGGCTCATGTGGT-1	4	4	4	4	0	0	0	0
CCAAGGCTCGATCAGT-1	0	0	0	0	0	0	0	0
CCAAGGCTCGTTAACA-1	2	2	9	2	0	0	0	0
CCAAGTTAGCCTGATG-1	4	4	4	4	0	0	0	0
CCAAGTTAGTGCACGC-1	4	4	4	4	0	0	0	0
CCAAGTTAGTTAGCTA-1	2	2	2	2	0	0	0	0
CCAATATCAAATACCT-1	9	6	14	14	0	0	0	0
CCAATATCAGAAATTG-1	4	4	4	4	0	0	0	0
CCACAATAGCATCCAG-1	8	8	8	9	1	1	1	1
CCACAATAGGATAAAC-1	1	1	1	1	0	0	0	0
CCACAATAGGCTTAGT-1	2	2	2	2	0	0	0	0
CCACAATAGGGACCTC-1	1	1	1	1	0	0	0	0
CCACAATAGTTCCTGC-1	6	5	6	5	0	0	0	0
CCACACAAGACAAAGT-1	9	6	14	14	0	0	0	0
CCACACAAGATAACCC-1	0	0	0	0	0	0	0	0
CCACACAAGCCTTAAA-1	3	3	3	3	0	0	0	0
CCACACAAGTCATGCG-1	4	4	4	4	0	0	0	0
CCACACAAGTGTTGCG-1	2	2	2	2	0	0	0	0
CCACAGGGTAGTAAGA-1	2	2	2	2	0	0	0	0
CCACAGGGTGGTGAGA-1	6	5	6	5	0	0	0	0
CCACAGGGTGTTTCAC-1	9	3	10	10	0	0	0	0
CCACAGGGTTAAGCCA-1	4	4	4	4	0	0	0	0
CCACATTGTAATTAGC-1	5	6	5	7	0	0	0	0
CCACATTGTACTTAGG-1	9	3	10	10	0	0	0	0
CCACATTGTAGTCAAT-1	0	0	0	0	0	0	0	0
CCACATTGTTGGATAT-1	3	3	3	3	0	0	0	0
CCACATTGTTTGTGGA-1	7	7	7	8	0	0	0	0
CCACTTGGTATTACCC-1	5	6	5	7	0	0	0	0
CCACTTGGTGCTGGTG-1	0	0	0	0	0	0	0	0
CCACTTGGTGGTTATG-1	0	0	0	0	0	0	0	0
CCAGACTCAAAGGTAC-1	9	3	14	14	0	0	0	0
CCAGACTCAATCATGT-1	3	3	3	3	0	0	0	0
CCAGACTCACAGCCAT-1	6	5	12	12	0	0	0	0
CCAGACTCATTAGGTT-1	5	6	5	7	0	0	0	0
CCAGCCTGTTCCTGAT-1	5	6	13	13	0	0	0	0
CCAGCTAAGACTTATG-1	7	7	7	8	0	0	0	0
CCAGCTAAGCTACTGG-1	0	0	0	0	0	0	0	0
CCAGCTAAGCTATTGA-1	6	5	11	11	0	0	0	0
CCAGCTAAGGATAAAC-1	7	7	7	8	0	0	0	0
CCAGCTAAGGATTGAG-1	0	0	0	0	0	0	0	0
CCAGCTGCAGTAGGAT-1	6	5	12	12	0	0	0	0
CCAGCTGCATTAGCGC-1	1	1	1	1	0	0	0	0
CCAGGAACAAGGTATA-1	2	2	2	2	0	0	0	0
CCAGGAACAATCGCAC-1	9	6	14	14	0	0	0	0
CCAGGAACAGTAAGTA-1	6	5	6	5	0	0	0	0
CCAGGATGTATTCGCT-1	7	7	7	8	0	0	0	0
CCAGGATGTCATCCTG-1	2	2	2	2	0	0	0	0
CCAGGATGTCGCATAA-1	7	7	7	8	0	0	0	0
CCAGGATGTCTAACAG-1	6	5	11	11	0	0	0	0
CCAGGATGTTGGTTGA-1	2	2	2	2	0	0	0	0
CCAGGATGTTTAACCC-1	9	6	14	14	0	0	0	0
CCAGTTTGTAACGTGC-1	6	5	6	5	0	0	0	0
CCAGTTTGTCAACAAT-1	9	6	14	14	0	0	0	0
CCAGTTTGTCTCAGCC-1	0	0	5	6	0	0	0	0
CCAGTTTGTTGGATCA-1	1	1	1	1	0	0	0	0
CCATAAGGTCAGGCCA-1	0	0	0	0	0	0	0	0
CCATAAGGTTTGCAGA-1	0	0	0	0	0	0	0	0
CCATAATCACGAATTT-1	2	2	2	2	0	0	0	0
CCATAATCAGGCCATT-1	3	3	3	3	0	0	0	0
CCATAGCCAAATACCT-1	0	0	0	0	0	0	0	0
CCATAGCCAATGAAGC-1	0	0	0	0	0	0	0	0
CCATATTTCATTGTCT-1	4	4	4	4	0	0	0	0
CCATATTTCCGCTAGA-1	0	0	0	0	0	0	0	0
CCATCACTCGCCTAAG-1	5	6	5	7	0	0	0	0
CCATCATGTTGGCGTG-1	0	0	0	14	0	0	0	0
CCATCATGTTTGGGTA-1	3	3	3	3	0	0	0	0
CCATTATTCGATTATG-1	0	5	5	11	0	0	0	0
CCATTATTCGTTTCTG-1	0	0	5	6	0	0	0	0
CCCAAACCAATATAGG-1	6	5	6	5	0	0	0	0
CCCAAACCAGTAGCCT-1	6	5	11	11	0	0	0	0
CCCAAATAGACTATTG-1	6	5	6	5	0	0	0	0
CCCAAATAGCATTAGC-1	0	0	0	0	0	0	0	0
CCCAACCGTTGGATCA-1	9	6	14	14	0	0	0	0
CCCAATTGTCTCACTG-1	6	5	12	12	0	0	0	0
CCCAATTGTTTCCTCC-1	3	3	3	3	0	0	0	0
CCCAGCACAAGGACCA-1	4	4	4	4	0	0	0	0
CCCAGCACACTGGCCA-1	0	0	5	6	0	0	0	0
CCCAGCACAGTTGCGT-1	9	3	10	10	0	0	0	0
CCCAGTTTCATAACGC-1	3	3	3	3	0	0	0	0
CCCAGTTTCATTAGTG-1	4	4	4	4	0	0	0	0
CCCATAACAAGGTCGA-1	4	4	4	4	0	0	0	0
CCCATAACAATGAATG-1	5	6	13	13	0	0	0	0
CCCATAACACCAACCG-1	6	5	6	5	0	0	0	0
CCCATAACAGTTTGGC-1	0	0	0	6	0	0	0	0
CCCGCAACAGTTTGTG-1	9	3	10	10	0	0	0	0
CCCGCTTCACTATGGC-1	6	5	11	11	0	0	0	0
CCCGCTTCAGTCTAGC-1	3	3	3	3	0	0	0	0
CCCGCTTCATAATCGT-1	0	0	0	0	0	0	0	0
CCCGCTTCATAATGTC-1	6	5	6	5	0	0	0	0
CCCGCTTCATCTAGCA-1	4	4	4	4	0	0	0	0
CCCGTAAAGCAACAAG-1	4	4	4	4	0	0	0	0
CCCGTAAAGTAGCCAT-1	4	4	4	4	0	0	0	0
CCCGTAAAGTTAGCCG-1	9	3	10	10	0	0	0	0
CCCGTAAAGTTATGTG-1	1	1	1	1	0	0	0	0
CCCGTTGTCAATCATG-1	6	5	11	11	0	0	0	0
CCCGTTGTCACAAGCT-1	4	4	4	4	0	0	0	0
CCCTAATGTACAAAGA-1	3	3	3	3	0	0	0	0
CCCTAATGTTCATTTG-1	3	3	3	3	0	0	0	0
CCCTAATGTTCCTGAT-1	6	5	6	5	0	0	0	0
CCCTCACCAGAAACGT-1	4	4	4	4	0	0	0	0
CCCTCAGTCTTAGTGA-1	0	0	5	6	0	0	0	0
CCCTCATAGTCATGCG-1	6	5	12	12	0	0	0	0
CCCTGGACAAACGCGA-1	6	5	11	11	0	0	0	0
CCCTGGACACTAAGCC-1	4	4	4	4	0	0	0	0
CCCTGGACAGGTTACC-1	0	0	0	6	0	0	0	0
CCCTGGACAGTTATGT-1	9	3	10	10	0	0	0	0
CCCTGGACAGTTTACG-1	2	2	9	2	0	0	0	0
CCCTGGACATCATGGC-1	2	2	9	2	0	0	0	0
CCCTGTTAGACAAAGT-1	9	6	14	14	0	0	0	0
CCCTGTTAGCATCCAG-1	6	5	6	5	0	0	0	0
CCCTGTTAGGTCCGTA-1	8	8	8	9	1	1	1	1
CCCTGTTAGTTAGTGC-1	1	1	1	1	0	0	0	0
CCCTTAATCAGCATTA-1	3	3	3	3	0	0	0	0
CCCTTAATCTAACCTT-1	3	3	3	3	0	0	0	0
CCGACAGGTCAGGAAG-1	4	4	4	4	0	0	0	0
CCGACAGGTGGAAACG-1	2	2	2	2	0	0	0	0
CCGACAGGTGGGTACT-1	3	3	3	3	0	0	0	0
CCGATGCAGAGGGACT-1	0	0	5	0	0	0	0	0
CCGCAAATCATAATCG-1	4	4	4	4	0	0	0	0
CCGCAAATCCGTTAAA-1	8	8	8	9	1	1	1	1
CCGCAAATCCTCGATC-1	9	6	14	14	0	0	0	0
CCGCAAATCTTGCAAA-1	7	7	7	8	0	0	0	0
CCGCAAGGTACCGGAT-1	7	7	7	8	0	0	0	0
CCGCAAGGTCATCAAG-1	5	6	5	7	0	0	0	0
CCGCAAGGTGTTTGCT-1	7	7	7	8	0	0	0	0
CCGCAAGGTTCCGCAC-1	5	6	13	13	0	0	0	0
CCGCAAGGTTGGATCA-1	0	0	0	6	0	0	0	0
CCGCACACATAGACCC-1	6	5	6	5	0	0	0	0
CCGCCAACAGATTCAT-1	1	1	1	1	0	0	0	0
CCGCCAACAGCAAGAT-1	2	2	2	2	0	0	0	0
CCGCCAACATATAACC-1	6	5	6	5	0	0	0	0
CCGCTAAAGGCTGTCA-1	6	5	6	5	0	0	0	0
CCGCTAAAGGTCGAGG-1	3	3	3	3	0	0	0	0
CCGCTAGCACCAAAGG-1	4	4	4	4	0	0	0	0
CCGCTAGCATATAACC-1	7	7	7	8	0	0	0	0
CCGCTAGCATCATGTG-1	0	0	0	0	0	0	0	0
CCGCTTAGTAGTAAGA-1	2	2	9	2	0	0	0	0
CCGCTTAGTCCTCCAA-1	6	5	11	11	0	0	0	0
CCGCTTAGTGGGTGAA-1	7	7	7	8	0	0	0	0
CCGGTAGGTCTTTGAC-1	2	2	9	2	0	0	0	0
CCGGTAGGTTTATTCG-1	2	2	9	2	0	0	0	0
CCGGTTAAGCAATAGG-1	3	3	3	14	0	0	0	0
CCGGTTAAGCTAAAGG-1	4	4	4	4	0	0	0	0
CCGGTTAAGGAACACA-1	0	0	0	0	0	0	0	0
CCGGTTAAGTAATCCA-1	2	2	2	2	0	0	0	0
CCGTGCTGTCATTAGG-1	5	6	5	7	0	0	0	0
CCGTGCTGTTTGGCTT-1	2	2	2	2	0	0	0	0
CCGTTAACAATGCCTA-1	3	3	3	3	0	0	0	0
CCGTTAACACTCAACA-1	6	5	6	5	0	0	0	0
CCGTTACTCTGTGCCT-1	4	4	4	4	0	0	0	0
CCGTTATGTCAGGAAG-1	4	4	4	4	0	0	0	0
CCGTTATGTTTATCTG-1	6	5	6	5	0	0	0	0
CCGTTGCGTTAGACCA-1	4	4	4	4	0	0	0	0
CCGTTGCGTTAGGATT-1	2	2	9	2	0	0	0	0
CCGTTTGGTCCTTCTC-1	2	2	2	2	0	0	0	0
CCGTTTGGTTACTAGG-1	6	5	12	12	0	0	0	0
CCGTTTGGTTGGCCGA-1	6	5	6	5	0	0	0	0
CCTAAAGGTTGAGCCG-1	2	2	2	2	0	0	0	0
CCTAAAGGTTGCGCGA-1	1	1	1	1	0	0	0	0
CCTAAATCACGCAACT-1	6	5	11	11	0	0	0	0
CCTAAATCAGCAACCT-1	6	5	6	5	0	0	0	0
CCTAAATCAGGATAAC-1	1	1	1	1	0	0	0	0
CCTAAATCATAAGTTC-1	0	0	0	6	0	0	0	0
CCTAAATCATTATGGT-1	4	4	4	4	0	0	0	0
CCTAAATCATTGTTGG-1	4	4	4	4	0	0	0	0
CCTAAGCCAAGCCACT-1	2	2	9	2	0	0	0	0
CCTAAGCCAATATACC-1	2	2	2	2	0	0	0	0
CCTAAGCCACTAAGTT-1	0	0	0	0	0	0	0	0
CCTAAGCCATTGCGGT-1	0	0	0	0	0	0	0	0
CCTAAGCCATTTAAGC-1	6	5	6	5	0	0	0	0
CCTAAGGTCATTAGTG-1	0	0	0	14	0	0	0	0
CCTAAGGTCCCGCAAA-1	6	5	11	11	0	0	0	0
CCTAAGGTCCCGCCTA-1	0	0	0	6	0	0	0	0
CCTAAGGTCCTCAGTC-1	5	6	5	7	0	0	0	0
CCTAAGGTCGCCTAAG-1	2	2	9	2	0	0	0	0
CCTAAGGTCTAAGTGC-1	6	5	12	12	0	0	0	0
CCTAAGGTCTAATCAG-1	5	6	5	7	0	0	0	0
CCTAAGGTCTACCTCA-1	0	0	0	0	0	0	0	0
CCTAAGGTCTATTGTC-1	2	2	9	2	0	0	0	0
CCTAAGGTCTCACAAA-1	0	0	0	6	0	0	0	0
CCTAAGTAGAAACTGG-1	5	6	13	13	0	0	0	0
CCTAAGTAGCGGATAA-1	7	7	7	8	0	0	0	0
CCTAAGTAGCTATTGA-1	6	5	11	11	0	0	0	0
CCTAAGTAGGACAACA-1	4	4	4	4	0	0	0	0
CCTAAGTAGTTATCTC-1	0	0	0	6	0	0	0	0
CCTAATAAGCCGCTTT-1	4	4	4	4	0	0	0	0
CCTAATAAGGAACCGG-1	3	3	3	3	0	0	0	0
CCTAATAAGTTATCCT-1	3	3	3	3	0	0	0	0
CCTAATCGTAATGGCC-1	0	0	0	6	0	0	0	0
CCTAATCGTCACCAAA-1	6	5	12	12	0	0	0	0
CCTAATCGTCATCAAG-1	0	0	0	0	0	0	0	0
CCTAATCGTGGAAGGC-1	0	0	0	0	0	0	0	0
CCTAATCGTGGTTCCC-1	9	3	10	10	0	0	0	0
CCTACTGGTATTTGCC-1	9	3	10	10	0	0	0	0
CCTACTGGTCAATACG-1	0	0	5	6	0	0	0	0
CCTACTGGTGCGCAAT-1	2	2	2	2	0	0	0	0
CCTACTGGTGGGAACA-1	0	0	0	6	0	0	0	0
CCTACTGGTTGGTTCT-1	2	2	2	2	0	0	0	0
CCTACTGGTTGTGATG-1	2	2	2	2	0	0	0	0
CCTACTTCAAACAACA-1	6	5	12	12	0	0	0	0
CCTACTTCAACAGCCT-1	2	2	2	2	0	0	0	0
CCTACTTCAACTGGCT-1	2	2	2	2	0	0	0	0
CCTACTTCAGCCAGAA-1	7	7	7	8	0	0	0	0
CCTACTTCATAGACTT-1	6	5	11	5	0	0	0	0
CCTAGTTGTACTGAAT-1	0	0	0	0	0	0	0	0
CCTAGTTGTAGCCTAA-1	3	3	3	3	0	0	0	0
CCTAGTTGTTGTTCAC-1	1	1	1	1	0	0	0	0
CCTATAGCAAAGGCCA-1	6	5	12	12	0	0	0	0
CCTATAGCAAAGGTAC-1	3	3	3	3	0	0	0	0
CCTATAGCAACAGGAT-1	7	7	7	8	0	0	0	0
CCTATAGCACCGGTAT-1	4	4	4	4	0	0	0	0
CCTATAGCATTATGCG-1	2	2	2	2	0	0	0	0
CCTATATTCCGCAAGC-1	8	8	8	9	1	1	1	1
CCTATTGTCACCGGTA-1	2	2	2	2	0	0	0	0
CCTATTGTCATCAGTA-1	1	1	1	1	0	0	0	0
CCTATTGTCGTTTCGC-1	3	3	3	3	0	0	0	0
CCTATTGTCTAGCGTG-1	2	2	9	2	0	0	0	0
CCTATTTAGACCATAC-1	0	0	0	0	0	0	0	0
CCTCAAACAGCCGCTA-1	0	0	0	6	0	0	0	0
CCTCAAACAGTAGGTG-1	7	7	7	8	0	0	0	0
CCTCAAACATCGTTCT-1	0	0	5	6	0	0	0	0
CCTCAAACATGTTGCA-1	2	2	2	2	0	0	0	0
CCTCAATGTAATAACC-1	2	2	2	2	0	0	0	0
CCTCAATGTGCGCATG-1	9	6	14	14	0	0	0	0
CCTCAGTTCATCACTT-1	0	0	5	6	0	0	0	0
CCTCAGTTCATGTTTC-1	0	0	0	0	0	0	0	0
CCTCAGTTCGGCTAGC-1	0	0	0	0	0	0	0	0
CCTCCTCTCAAAGGCA-1	6	5	6	5	0	0	0	0
CCTCCTCTCAAGCCTG-1	0	0	0	0	0	0	0	0
CCTCCTCTCCGCCTCA-1	0	0	0	0	0	0	0	0
CCTGAATAGAATCTCA-1	2	2	9	2	0	0	0	0
CCTGACTTCGCACACA-1	6	5	12	12	0	0	0	0
CCTGAGTCAAGGTGCA-1	9	3	10	10	0	0	0	0
CCTGAGTCACAATGTT-1	8	8	8	9	1	1	1	1
CCTGAGTCAGAGAGCC-1	3	3	3	3	0	0	0	0
CCTGAGTCATATAACC-1	0	0	0	0	0	0	0	0
CCTGAGTCATATTGAC-1	0	0	0	6	0	0	0	0
CCTGAGTCATGTCGCG-1	3	3	3	3	0	0	0	0
CCTGATGAGCAAGGTA-1	9	3	10	10	0	0	0	0
CCTGATGAGCAGCTAT-1	0	0	0	6	0	0	0	0
CCTGATGAGCCAAATC-1	5	6	13	13	0	0	0	0
CCTGATGAGGCAGGTG-1	6	5	11	11	0	0	0	0
CCTGATGAGTGACCTG-1	0	0	0	6	0	0	0	0
CCTGCTCCAACAACAA-1	0	0	5	6	0	0	0	0
CCTGCTCCAGCAAGTG-1	2	2	2	2	0	0	0	0
CCTGGATCAAATGCCC-1	2	2	2	2	0	0	0	0
CCTGGATCAAGGTGCA-1	0	5	5	12	0	0	0	0
CCTGGATCAATAGCAA-1	2	2	2	2	0	0	0	0
CCTGGATCATTAGGTT-1	4	4	4	4	0	0	0	0
CCTGGTAAGACACCGC-1	4	4	4	4	0	0	0	0
CCTGGTAAGAGGAGGA-1	6	5	12	14	0	0	0	0
CCTGGTAAGCAAGGGT-1	5	6	5	7	0	0	0	0
CCTGGTAAGCGCTAAT-1	9	6	14	14	0	0	0	0
CCTGGTAAGTGTGATC-1	0	0	0	0	0	0	0	0
CCTGGTAAGTTATCTC-1	2	2	9	2	0	0	0	0
CCTGTAACAAACGGGC-1	3	3	3	3	0	0	0	0
CCTGTAACAATGAAGC-1	2	2	9	2	0	0	0	0
CCTGTAACAGCAATAA-1	2	2	9	2	0	0	0	0
CCTGTAACATGCTATG-1	5	6	5	7	0	0	0	0
CCTGTAACATGTTTGG-1	6	5	11	11	0	0	0	0
CCTGTATGTCCGGTTC-1	6	5	12	12	0	0	0	0
CCTGTATGTGTGAGAG-1	1	1	1	1	0	0	0	0
CCTGTTGGTAATGGCC-1	6	5	11	12	0	0	0	0
CCTGTTGGTTAGCTGA-1	0	0	0	6	0	0	0	0
CCTTAACGTACCGGAT-1	2	2	2	2	0	0	0	0
CCTTAACGTCAAGTGC-1	2	2	2	2	0	0	0	0
CCTTAACGTGGATTGC-1	3	3	3	3	0	0	0	0
CCTTAACGTGGGAACA-1	0	0	0	6	0	0	0	0
CCTTACTCAATTAGGA-1	5	6	5	7	0	0	0	0
CCTTACTCACCTGCCT-1	0	0	0	0	0	0	0	0
CCTTAGTGTATACTGG-1	2	2	9	2	0	0	0	0
CCTTAGTGTCCTTCAG-1	8	8	8	9	1	1	1	1
CCTTAGTGTGACATGC-1	8	8	8	9	1	1	1	1
CCTTAGTGTGCTCACC-1	0	0	5	6	0	0	0	0
CCTTAGTGTGTTGTGA-1	0	0	0	0	0	0	0	0
CCTTATGTCGTGCCTT-1	3	3	3	3	0	0	0	0
CCTTATGTCTATCGCC-1	9	6	14	14	0	0	0	0
CCTTATGTCTTCAATC-1	9	6	14	14	0	0	0	0
CCTTCAATCACAGACT-1	7	7	7	8	0	0	0	0
CCTTCAATCCAAACAC-1	6	0	12	14	0	0	0	0
CCTTCAATCCGGTTGA-1	6	5	6	5	0	0	0	0
CCTTCAATCGATTTAG-1	6	5	12	12	0	0	0	0
CCTTCAGGTAATCCCT-1	2	2	2	2	0	0	0	0
CCTTCAGGTCTAACCT-1	3	3	3	3	0	0	0	0
CCTTCAGGTTAGGTTG-1	6	5	12	12	0	0	0	0
CCTTCAGGTTCCTGAT-1	3	3	3	3	0	0	0	0
CCTTCGGTCACGCATG-1	4	4	4	4	0	0	0	0
CCTTCGGTCCTTCAAT-1	6	5	11	11	0	0	0	0
CCTTCGTAGCATCCAG-1	4	4	4	4	0	0	0	0
CCTTCGTAGGAACCGG-1	6	5	6	5	0	0	0	0
CCTTCGTAGGCTCATG-1	3	3	3	3	0	0	0	0
CCTTGCGTCACGCCAA-1	6	5	6	5	0	0	0	0
CCTTGCGTCCGGTTGA-1	0	0	0	0	0	0	0	0
CCTTGTTCAAACTGTT-1	2	2	2	2	0	0	0	0
CCTTGTTCAAGATTCT-1	3	3	3	3	0	0	0	0
CCTTGTTCACAAAGAC-1	8	8	8	9	1	1	1	1
CCTTGTTCATAGACTT-1	6	5	12	12	0	0	0	0
CCTTTAGTCAAGACTC-1	3	3	3	3	0	0	0	0
CCTTTAGTCATCAGTA-1	8	8	8	9	1	1	1	1
CCTTTAGTCCCTGATC-1	2	2	2	2	0	0	0	0
CCTTTAGTCTGTGCCT-1	0	0	5	7	0	0	0	0
CGAAATGAGCACTAAC-1	8	8	8	9	1	1	1	1
CGAAATGAGGCAAGTA-1	2	2	2	2	0	0	0	0
CGAAATGAGTAGCGGG-1	2	2	2	2	0	0	0	0
CGAAATGAGTTCCCGT-1	9	3	10	10	0	0	0	0
CGAAATGAGTTTGTCT-1	6	5	6	5	0	0	0	0
CGAACAAAGAAGGTGC-1	9	3	10	10	0	0	0	0
CGAACAAAGGGTGAGT-1	3	3	3	3	0	0	0	0
CGAACAAAGTGGCGGA-1	6	5	11	5	0	0	0	0
CGAACCGGTAATCACG-1	0	0	0	0	0	0	0	0
CGAACCGGTCCTCCAA-1	0	0	0	0	0	0	0	0
CGAACCGGTGGATTCA-1	5	6	5	7	0	0	0	0
CGAACCGGTTATCCGT-1	9	3	10	10	0	0	0	0
CGAAGAATCACGCGGT-1	3	3	3	3	0	0	0	0
CGAAGAATCATGCTAA-1	0	0	0	0	0	0	0	0
CGAAGAATCTACCTCA-1	5	6	5	7	0	0	0	0
CGAAGAATCTCGACCT-1	2	2	2	2	0	0	0	0
CGAAGCCTCGTTACAA-1	2	2	9	2	0	0	0	0
CGAAGCCTCTGTGAGT-1	0	0	5	6	0	0	0	0
CGAAGCGAGACACCGC-1	2	2	2	2	0	0	0	0
CGAAGCGAGGACTAAG-1	6	5	11	5	0	0	0	0
CGAAGCGAGGCCCAGT-1	2	2	2	2	0	0	0	0
CGAAGGCCACAACCTA-1	1	1	1	1	0	0	0	0
CGAAGGCCATCCCGCT-1	0	0	0	0	0	0	0	0
CGAAGGCCATGTCGCG-1	0	0	0	6	0	0	0	0
CGAAGTAAGGAGGGTT-1	6	5	6	5	0	0	0	0
CGAAGTAAGTAAGTGG-1	3	3	3	3	0	0	0	0
CGAAGTAAGTTCCTGC-1	2	2	9	2	0	0	0	0
CGAATATGTAAAGCAA-1	6	5	12	12	0	0	0	0
CGAATATGTAAAGCGG-1	0	0	0	6	0	0	0	0
CGAATATGTGACCTGG-1	2	2	2	2	0	0	0	0
CGAATCTAGCTCAAAC-1	0	0	0	6	0	0	0	0
CGAATCTAGGCCAATT-1	2	2	2	2	0	0	0	0
CGACAAGCAAATATCC-1	5	6	5	7	0	0	0	0
CGACCTGCACAATGTT-1	1	1	1	1	0	0	0	0
CGACCTGCATAAAGCA-1	6	5	11	11	0	0	0	0
CGACCTGCATAATGTC-1	2	2	9	2	0	0	0	0
CGACTAAGTAATAGCT-1	0	0	0	6	0	0	0	0
CGACTAAGTAATCGGC-1	3	3	3	3	0	0	0	0
CGACTAAGTCACCTAT-1	0	0	0	0	0	0	0	0
CGACTAAGTGATGGCT-1	6	5	11	11	0	0	0	0
CGAGCGAAGGTACCGC-1	2	2	2	2	0	0	0	0
CGAGCGAAGTGCACGC-1	5	6	13	13	0	0	0	0
CGAGCGAAGTTGGCCA-1	3	3	3	3	0	0	0	0
CGAGCGAAGTTTGAGC-1	0	0	0	0	0	0	0	0
CGAGCTGGTCCTTCAG-1	0	0	0	0	0	0	0	0
CGAGCTGGTCGCGCAA-1	2	2	2	2	0	0	0	0
CGAGCTGGTTAGAGGG-1	6	5	11	11	0	0	0	0
CGAGGAAGTAGCCATA-1	9	6	14	14	0	0	0	0
CGAGGAAGTGGTTCCC-1	6	5	11	11	0	0	0	0
CGAGGCAAGGGCTTTG-1	5	6	13	13	0	0	0	0
CGAGGTGAGATTGAGG-1	0	0	0	0	0	0	0	0
CGAGGTGAGCCTGACA-1	1	1	1	1	0	0	0	0
CGAGGTGAGCTCGCTT-1	1	1	1	1	0	0	0	0
CGAGGTGAGGACCTGC-1	3	3	3	3	0	0	0	0
CGAGGTGAGTAACCAC-1	2	2	2	2	0	0	0	0
CGAGTCGGTCCAAATG-1	3	3	3	3	0	0	0	0
CGAGTCGGTTAATCGG-1	9	6	14	14	0	0	0	0
CGAGTCGGTTTACTTG-1	3	3	3	3	0	0	0	0
CGATCCTTCACTTTAC-1	4	4	4	4	0	0	0	0
CGATGTCCATGTCGCG-1	7	7	7	8	0	0	0	0
CGATTATCAAGACTCC-1	0	0	0	0	0	0	0	0
CGATTATCAATGAGGT-1	2	2	2	2	0	0	0	0
CGATTATCAATTAACC-1	6	5	12	12	0	0	0	0
CGATTCCTCATGTCAA-1	3	3	3	3	0	0	0	0
CGATTCCTCCCGCAAA-1	5	6	13	13	0	0	0	0
CGATTCCTCGTGCTAG-1	0	0	0	0	0	0	0	0
CGATTGAGTAAACAAG-1	3	3	3	3	0	0	0	0
CGATTGAGTGATTTGG-1	2	2	2	2	0	0	0	0
CGATTTGCACAGGAAT-1	6	5	11	11	0	0	0	0
CGCAAATTCATTAGGC-1	2	2	2	2	0	0	0	0
CGCAATAGTCAATGTG-1	0	0	0	14	0	0	0	0
CGCAATAGTTGTTGGA-1	0	0	0	0	0	0	0	0
CGCAATCCAATAGCCC-1	6	5	11	5	0	0	0	0
CGCAATCCACCCACCT-1	0	0	0	6	0	0	0	0
CGCAATCCACGTGCTG-1	2	2	9	2	0	0	0	0
CGCAATCCAGGATGGC-1	7	7	7	8	0	0	0	0
CGCAATGTCATTTAGG-1	6	5	6	5	0	0	0	0
CGCAATGTCCTCCCTC-1	9	6	14	14	0	0	0	0
CGCAATTAGAACCTAC-1	1	1	1	1	0	0	0	0
CGCAATTAGGCGTAAA-1	0	0	5	6	0	0	0	0
CGCAATTAGGTCCTGA-1	3	3	3	3	0	0	0	0
CGCAATTAGTCATCCC-1	0	0	0	0	0	0	0	0
CGCAATTAGTTTGAGC-1	0	0	0	0	0	0	0	0
CGCACAATCCCGCCTA-1	2	2	2	2	0	0	0	0
CGCACACAGCCAAATC-1	2	2	2	2	0	0	0	0
CGCACACAGCTAATCA-1	3	3	3	3	0	0	0	0
CGCACACAGTGATTCA-1	7	7	7	8	0	0	0	0
CGCACCACAAACAACA-1	9	9	16	16	0	0	0	0
CGCACCACAAGGTCGA-1	0	0	0	6	0	0	0	0
CGCACCACAATAACGA-1	6	5	11	11	0	0	0	0
CGCACCACAGCTAATT-1	9	6	14	14	0	0	0	0
CGCACCACAGTATGTT-1	2	2	2	2	0	0	0	0
CGCATATAGAGCCGCT-1	0	0	0	6	0	0	0	0
CGCATATAGGAGGGTT-1	3	3	3	3	0	0	0	0
CGCATATAGGTTAGCT-1	4	4	4	4	0	0	0	0
CGCATGATCGGCCAGT-1	0	0	0	0	0	0	0	0
CGCATGATCTTGGACG-1	4	4	4	4	0	0	0	0
CGCATTACATTAAACC-1	2	2	9	2	0	0	0	0
CGCATTTGTAAGGTTT-1	3	3	3	3	0	0	0	0
CGCATTTGTGGACATC-1	3	3	3	3	0	0	0	0
CGCATTTGTTAAGGCC-1	5	6	13	13	0	0	0	0
CGCCAAATCGACCTGA-1	6	5	6	5	0	0	0	0
CGCCAAATCTTGCAGG-1	9	6	14	14	0	0	0	0
CGCCACACAAACATAG-1	4	4	4	4	0	0	0	0
CGCCACACAAGGAATC-1	2	2	2	2	0	0	0	0
CGCCACACACATAACT-1	2	2	2	2	0	0	0	0
CGCCACACACCCACAG-1	2	2	2	2	0	0	0	0
CGCCACACACTAAGTT-1	3	3	3	3	0	0	0	0
CGCCACACAGGCGAGT-1	0	0	5	0	0	0	0	0
CGCCACACATGTTGTG-1	6	5	6	5	0	0	0	0
CGCCACACATTAAACC-1	3	3	3	3	0	0	0	0
CGCCTGTGTTAACACG-1	2	2	2	2	0	0	0	0
CGCCTGTGTTAGCCAA-1	6	5	6	5	0	0	0	0
CGCCTGTGTTTGGGCG-1	0	0	0	0	0	0	0	0
CGCGATTCAGGATAAC-1	0	0	0	0	0	0	0	0
CGCGATTCATAGCGGA-1	6	5	12	12	0	0	0	0
CGCGGATTCAATAGCC-1	0	0	0	6	0	0	0	0
CGCGGATTCTCACAAA-1	6	5	6	5	0	0	0	0
CGCGGATTCTTGAGGT-1	0	0	0	0	0	0	0	0
CGCTAACCAATGCCTA-1	3	3	3	3	0	0	0	0
CGCTAACCAGTAATAG-1	3	3	3	3	0	0	0	0
CGCTAATAGGCAAGTA-1	0	0	5	6	0	0	0	0
CGCTAATAGTCATTGA-1	2	2	9	2	0	0	0	0
CGCTAATAGTTGTCTT-1	3	3	3	3	0	0	0	0
CGCTACTTCCCTTGCG-1	4	4	4	4	0	0	0	0
CGCTACTTCTCACAAA-1	3	3	3	3	0	0	0	0
CGCTATGAGCTATATG-1	7	7	7	8	0	0	0	0
CGCTATGAGGGACCTC-1	6	5	11	11	0	0	0	0
CGCTATGAGTTAGGCT-1	5	6	5	7	0	0	0	0
CGCTCAGCAACTCGCG-1	1	1	1	1	0	0	0	0
CGCTCAGCAATAGCAA-1	2	2	9	2	0	0	0	0
CGCTCAGCACTGGCTG-1	7	7	7	8	0	0	0	0
CGCTCAGCATTTAAGC-1	2	2	2	2	0	0	0	0
CGCTCCATCCGCAACA-1	2	2	2	2	0	0	0	0
CGCTGTGCAAGGTGGC-1	3	3	3	3	0	0	0	0
CGCTGTGCAATCCTAG-1	4	4	4	4	0	0	0	0
CGCTGTGCATAGCTTG-1	2	2	2	2	0	0	0	0
CGCTTAACAATATGGA-1	2	2	2	2	0	0	0	0
CGCTTAACACCGTTCC-1	6	5	11	11	0	0	0	0
CGCTTACTCACCGGTA-1	0	0	0	6	0	0	0	0
CGCTTACTCCGCATGA-1	6	5	11	11	0	0	0	0
CGCTTACTCCTCCCTC-1	4	4	15	15	0	0	0	0
CGCTTACTCCTCGATC-1	8	8	8	9	1	1	1	1
CGCTTCTAGTCTCACC-1	0	0	0	0	0	0	0	0
CGCTTCTAGTGAACAG-1	7	7	7	8	0	0	0	0
CGCTTGCGTCAATAGT-1	8	8	8	9	1	1	1	1
CGCTTGCGTGTTTCAC-1	7	7	7	8	0	0	0	0
CGCTTGCGTTAAGTGT-1	6	5	11	5	0	0	0	0
CGCTTGCGTTAATGAC-1	3	3	3	3	0	0	0	0
CGGAATCGTGGATTAT-1	5	6	13	13	0	0	0	0
CGGAATCGTTGTTGTC-1	0	0	0	0	0	0	0	0
CGGACAACACAGACTC-1	4	4	4	4	0	0	0	0
CGGACAACAGGATTAA-1	4	4	4	4	0	0	0	0
CGGACAACAGTTAAAG-1	3	3	3	3	0	0	0	0
CGGACCTAGCGAGTAA-1	0	0	0	0	0	0	0	0
CGGACCTAGTGAACAG-1	0	0	0	0	0	0	0	0
CGGAGCAAGACTAAGG-1	2	2	2	2	0	0	0	0
CGGAGCAAGGCCTGGT-1	4	4	4	4	0	0	0	0
CGGAGCAAGTGGCGGA-1	5	6	5	7	0	0	0	0
CGGAGTCTCAAACACC-1	0	0	0	0	0	0	0	0
CGGAGTCTCAAGTGTC-1	5	6	5	7	0	0	0	0
CGGAGTCTCCGCAAAT-1	2	2	2	2	0	0	0	0
CGGATAAAGCTAAGTC-1	3	3	3	3	0	0	0	0
CGGATAAAGGGTCCAC-1	0	0	0	0	0	0	0	0
CGGATAAAGTCACCAG-1	2	2	2	2	0	0	0	0
CGGATAAAGTTAGAGG-1	3	3	3	3	0	0	0	0
CGGATTAGTAAAGCGG-1	8	8	8	9	1	1	1	1
CGGATTAGTAGACAAA-1	2	2	2	2	0	0	0	0
CGGATTAGTCACTCGC-1	3	3	3	3	0	0	0	0
CGGCAATGTATTGAGT-1	5	6	13	13	0	0	0	0
CGGCAATGTCAATGTG-1	7	7	7	8	0	0	0	0
CGGCAATGTCCTCCAA-1	0	0	0	6	0	0	0	0
CGGCAATGTGTTGCAA-1	9	6	14	14	0	0	0	0
CGGCAATGTTCCATTA-1	2	2	9	2	0	0	0	0
CGGCAATGTTGTAACG-1	0	0	0	0	0	0	0	0
CGGCCATAGCCGCTAA-1	0	0	0	0	0	0	0	0
CGGCCATAGCTTACTT-1	0	0	0	0	0	0	0	0
CGGCCATAGGAGTCTT-1	3	3	3	3	0	0	0	0
CGGCCATAGGTCCTAG-1	2	2	2	2	0	0	0	0
CGGCTAATCCTGATGG-1	5	6	5	7	0	0	0	0
CGGCTAATCTCAATAG-1	6	5	6	5	0	0	0	0
CGGCTAATCTGCAAAC-1	3	3	3	3	0	0	0	0
CGGCTCACACAGGAAT-1	5	6	13	13	0	0	0	0
CGGCTCACATAATGTC-1	6	5	6	5	0	0	0	0
CGGCTCACATTAAGCT-1	6	5	11	11	0	0	0	0
CGGGACAAGATAACCC-1	0	0	6	6	0	0	0	0
CGGGACAAGTTGGCCA-1	0	0	0	0	0	0	0	0
CGGGCTTAGCTCCTAC-1	3	3	3	3	0	0	0	0
CGGGCTTAGCTTAGCG-1	3	3	3	3	0	0	0	0
CGGGCTTAGGCTACAT-1	0	0	0	0	0	0	0	0
CGGGCTTAGGTAAGGC-1	0	0	0	6	0	0	0	0
CGGGCTTAGTTAGTTG-1	0	0	0	0	0	0	0	0
CGGGTATGTGATGAGG-1	2	2	2	2	0	0	0	0
CGGGTATGTTAGGTTG-1	3	3	3	3	0	0	0	0
CGGGTATGTTTACGTC-1	2	2	2	2	0	0	0	0
CGGGTCTAGCTCCTTA-1	2	2	2	2	0	0	0	0
CGGGTCTAGTCGCTAG-1	2	2	2	2	0	0	0	0
CGGGTCTAGTGAGGGT-1	7	7	7	8	0	0	0	0
CGGTAACGTCTATCGT-1	1	1	1	1	0	0	0	0
CGGTAACGTGATTACG-1	0	0	0	0	0	0	0	0
CGGTAACGTTAGCGTA-1	4	4	4	4	0	0	0	0
CGGTAACGTTGCATCT-1	6	5	11	11	0	0	0	0
CGGTGAACACTAGGTC-1	3	3	3	3	0	0	0	0
CGGTGAACATTGTGCA-1	6	5	11	5	0	0	0	0
CGGTGAGAGCACTTGG-1	0	0	0	14	0	0	0	0
CGGTGAGAGCGAGCGA-1	2	2	2	2	0	0	0	0
CGGTGAGAGCTCGCTT-1	6	5	11	11	0	0	0	0
CGGTGAGAGGGACGCA-1	6	5	12	12	0	0	0	0
CGGTTATAGCTTAGCG-1	1	1	1	1	0	0	0	0
CGGTTATAGCTTATGA-1	6	5	6	5	0	0	0	0
CGGTTATAGGGCCATC-1	6	5	11	11	0	0	0	0
CGGTTCCGTCACACCC-1	9	6	14	14	0	0	0	0
CGGTTCCGTCATGAGC-1	2	2	9	2	0	0	0	0
CGGTTCCGTCTTACTA-1	4	4	4	4	0	0	0	0
CGGTTCCGTTACAAAC-1	8	8	8	9	1	1	1	1
CGGTTCCGTTCGCTTG-1	0	0	0	0	0	0	0	0
CGGTTCCGTTTAACCC-1	5	6	5	7	0	0	0	0
CGGTTCCGTTTACGTC-1	0	0	0	0	0	0	0	0
CGGTTCCGTTTGCGCC-1	5	6	13	13	0	0	0	0
CGGTTGGGTCAGTAAT-1	0	0	0	6	0	0	0	0
CGGTTTCTCAATTGGC-1	3	3	3	3	0	0	0	0
CGGTTTCTCCCTCGCA-1	1	1	1	1	0	0	0	0
CGGTTTGAGAGGGACT-1	6	5	12	12	0	0	0	0
CGGTTTGAGCAGGTTT-1	0	0	0	6	0	0	0	0
CGGTTTGAGTGTTGTA-1	2	6	9	7	0	0	0	0
CGTAACCCATGCTATG-1	6	5	6	5	0	0	0	0
CGTAACTAGCTCAAAC-1	6	6	0	7	0	0	0	0
CGTAACTAGGACCTCA-1	0	5	5	11	0	0	0	0
CGTAACTAGTTTGGTA-1	0	0	0	0	0	0	0	0
CGTAATGGTAATCGTG-1	6	5	11	11	0	0	0	0
CGTAATGGTACCCACC-1	4	4	4	4	0	0	0	0
CGTAATGGTCATCATC-1	6	5	11	11	0	0	0	0
CGTAATGGTGGATGTC-1	0	0	0	0	0	0	0	0
CGTAATGGTTCCGGCT-1	6	5	6	5	0	0	0	0
CGTACGGGTAGCTAAT-1	2	2	2	2	0	0	0	0
CGTACGGGTATTGTCC-1	4	4	4	4	0	0	0	0
CGTACGGGTCAGGCAT-1	9	6	14	14	0	0	0	0
CGTACGGGTTAGCAGC-1	3	3	3	3	0	0	0	0
CGTACGGGTTATCGAG-1	7	7	7	8	0	0	0	0
CGTAGTTAGAGAGGAG-1	6	5	11	11	0	0	0	0
CGTAGTTAGCGCCTTT-1	0	0	0	0	0	0	0	0
CGTATTGCACCGGCTA-1	2	2	2	2	0	0	0	0
CGTCAATAGAGCCGCT-1	3	3	3	3	0	0	0	0
CGTCAATAGCACAGCC-1	7	7	7	8	0	0	0	0
CGTCAATAGCATGAAG-1	5	6	13	13	0	0	0	0
CGTCAATAGCTTATGA-1	1	1	1	1	0	0	0	0
CGTCAATAGGTTTGAC-1	3	3	3	3	0	0	0	0
CGTCATTGTAACCAGC-1	9	3	10	10	0	0	0	0
CGTCATTGTAAGGTCC-1	0	0	0	6	0	0	0	0
CGTCATTGTTACAAAC-1	9	6	14	14	0	0	0	0
CGTCCTAGTAAGCTCA-1	6	5	12	12	0	0	0	0
CGTGACATCAATACGC-1	0	0	0	0	0	0	0	0
CGTGACATCATTGCGG-1	6	5	6	5	0	0	0	0
CGTGACATCCCTCAGT-1	2	2	2	2	0	0	0	0
CGTGACATCTTGTCTG-1	9	6	14	14	0	0	0	0
CGTGAGGAGGATGATG-1	6	5	11	11	0	0	0	0
CGTGAGGAGTAAACCC-1	1	1	1	1	0	0	0	0
CGTGCACAGCTGGAAA-1	0	6	5	7	0	0	0	0
CGTGCTTTCAAAGGCA-1	3	3	3	3	0	0	0	0
CGTGCTTTCCTACCTA-1	7	7	7	8	0	0	0	0
CGTGCTTTCTAAGTCA-1	3	3	3	3	0	0	0	0
CGTGCTTTCTATGACA-1	2	2	2	2	0	0	0	0
CGTGGTTCAAACGGGC-1	0	0	0	6	0	0	0	0
CGTGGTTCAAGGACCA-1	6	5	6	5	0	0	0	0
CGTGTGTCAAGCGAGC-1	0	0	0	0	0	0	0	0
CGTGTGTCAGTAGGAT-1	0	0	0	0	0	0	0	0
CGTGTTACAATATGGA-1	2	2	9	2	0	0	0	0
CGTGTTACAGTAGCCT-1	4	4	4	4	0	0	0	0
CGTGTTACATGAAGTA-1	0	0	0	0	0	0	0	0
CGTGTTACATGGTTAT-1	4	4	4	4	0	0	0	0
CGTGTTACATTAAACC-1	9	3	10	10	0	0	0	0
CGTTAAATCCCTTGCG-1	2	2	2	2	0	0	0	0
CGTTAAATCGGGCCAT-1	3	3	3	3	0	0	0	0
CGTTAAATCGTTAACA-1	2	2	2	2	0	0	0	0
CGTTAAATCTTAGCCC-1	3	3	3	3	0	0	0	0
CGTTAACAGGAACCGG-1	6	5	6	5	0	0	0	0
CGTTAACAGGAACGGT-1	0	0	0	0	0	0	0	0
CGTTAACAGGACCTCA-1	5	6	13	13	0	0	0	0
CGTTAGGTCAGCACCA-1	6	5	12	12	0	0	0	0
CGTTAGGTCATGTCAA-1	4	4	4	4	0	0	0	0
CGTTAGGTCCTTAAGA-1	0	0	0	0	0	0	0	0
CGTTAGGTCGCAGGCT-1	2	2	2	2	0	0	0	0
CGTTAGGTCTCACATT-1	0	0	0	14	0	0	0	0
CGTTAGTAGCCTGTTC-1	0	0	0	0	0	0	0	0
CGTTAGTAGCTAATCA-1	6	5	11	11	0	0	0	0
CGTTAGTAGCTCCTTA-1	0	0	0	0	0	0	0	0
CGTTAGTAGTGGCGGA-1	9	6	14	14	0	0	0	0
CGTTATCGTAGCTGGT-1	8	8	8	9	1	1	1	1
CGTTATCGTGCTTTAC-1	2	2	9	2	0	0	0	0
CGTTATCGTTGTTGCT-1	2	2	2	2	0	0	0	0
CGTTGCAAGCATTATG-1	6	5	11	11	0	0	0	0
CGTTGCAAGCGGATAA-1	0	0	0	0	0	0	0	0
CGTTGCAAGCTAAGTC-1	6	5	11	11	0	0	0	0
CGTTGCAAGTCACCAG-1	9	6	14	14	0	0	0	0
CGTTGCGCAATAATGG-1	2	2	2	2	0	0	0	0
CGTTGCGCAATAGCCC-1	2	2	2	2	0	0	0	0
CGTTGCGCAGCAAATA-1	3	3	3	3	0	0	0	0
CGTTTCTCAGCAAGGC-1	8	8	8	9	1	1	1	1
CGTTTCTCATTAAAGG-1	4	4	4	4	0	0	0	0
CGTTTGGAGGTTACGT-1	3	3	3	3	0	0	0	0
CGTTTGGAGTAACTCA-1	2	2	9	2	0	0	0	0
CGTTTGTGTAATTAGC-1	9	6	14	14	0	0	0	0
CGTTTGTGTTAGCCAA-1	5	6	5	7	0	0	0	0
CTAAAGCTCAAACACC-1	3	3	3	3	0	0	0	0
CTAAAGCTCACTAAGC-1	2	2	2	2	0	0	0	0
CTAAATGTCCTCATGC-1	0	5	5	11	0	0	0	0
CTAACCACACATTAAC-1	2	2	2	2	0	0	0	0
CTAACCACATTGCGAC-1	0	0	0	0	0	0	0	0
CTAACCCTCAATTGGC-1	1	1	1	1	0	0	0	0
CTAACCCTCCGGCTAA-1	0	0	0	6	0	0	0	0
CTAACCCTCGATAACC-1	6	5	12	12	0	0	0	0
CTAACCCTCGGTCATG-1	8	8	8	9	1	1	1	1
CTAACCTGTGTAACCA-1	3	3	3	3	0	0	0	0
CTAACCTGTTAATCGG-1	6	5	11	11	0	0	0	0
CTAACCTGTTTAACCC-1	0	0	0	6	0	0	0	0
CTAAGGTTCACCATTT-1	0	0	0	0	0	0	0	0
CTAAGGTTCCTGGCTT-1	0	0	0	0	0	0	0	0
CTAAGGTTCGCTAGCA-1	2	2	2	2	0	0	0	0
CTAAGTCAGAGGAAGG-1	0	0	0	6	0	0	0	0
CTAAGTCAGCTATATG-1	0	0	0	6	0	0	0	0
CTAAGTCAGCTTCTCA-1	0	0	0	6	0	0	0	0
CTAAGTCAGGGCTAAA-1	9	3	10	10	0	0	0	0
CTAAGTCAGGTCCTAG-1	6	5	6	5	0	0	0	0
CTAAGTCAGTTACTTC-1	6	5	11	11	0	0	0	0
CTAATAGTCAAATCGC-1	7	7	7	8	0	0	0	0
CTAATAGTCCTTAGGG-1	3	3	3	3	0	0	0	0
CTAATAGTCGATTTAG-1	2	6	9	7	0	0	0	0
CTAATAGTCGCAGGCT-1	6	5	12	12	0	0	0	0
CTAATAGTCTTAGCCC-1	2	2	2	2	0	0	0	0
CTAATCCGTAACGTGC-1	0	0	0	0	0	0	0	0
CTAATCCGTCTCAGCC-1	0	6	5	7	0	0	0	0
CTAATCCGTGATGAGG-1	6	5	11	11	0	0	0	0
CTAATCCGTGCTAGAC-1	7	7	7	8	0	0	0	0
CTAATCCGTTTAAAGC-1	4	4	4	4	0	0	0	0
CTAATCGCAAGCTAAA-1	9	3	10	10	0	0	0	0
CTAATCGCAGAATGAC-1	3	3	3	3	0	0	0	0
CTAATCGCAGTAATAG-1	0	0	0	0	0	0	0	0
CTAATCTTCATTGCAA-1	2	2	2	2	0	0	0	0
CTAATCTTCGCACACA-1	6	5	6	5	0	0	0	0
CTAATGTCACAACCTA-1	4	4	4	4	0	0	0	0
CTAATGTCACACAATT-1	2	2	9	2	0	0	0	0
CTAATGTCACTCGCTC-1	2	2	2	2	0	0	0	0
CTAATGTCAGTTGCGT-1	9	6	14	14	0	0	0	0
CTAATGTCATAATGTC-1	3	3	3	3	0	0	0	0
CTAATTGAGCAACAAG-1	6	5	11	11	0	0	0	0
CTAATTGAGCCTGTTC-1	0	0	0	6	0	0	0	0
CTAATTGAGGCTGGCT-1	6	5	6	5	0	0	0	0
CTAATTGAGTGTTGCG-1	6	5	6	5	0	0	0	0
CTACAACAGCGAAGTA-1	2	2	2	2	0	0	0	0
CTACAACAGGCGCACT-1	2	2	9	2	0	0	0	0
CTACAACAGGTTACGT-1	6	5	11	11	0	0	0	0
CTACAACAGTGAGGGT-1	4	4	4	4	0	0	0	0
CTACAACAGTTACCGG-1	6	5	12	12	0	0	0	0
CTACCGGCAAGGACCA-1	4	4	4	4	0	0	0	0
CTACCGGCAGCTACGT-1	6	5	11	11	0	0	0	0
CTACCGGCATGAATCT-1	2	2	9	2	0	0	0	0
CTACCTCAGCAAGATG-1	3	3	3	3	0	0	0	0
CTACCTCAGGGTGGAT-1	6	5	6	5	0	0	0	0
CTACCTCAGTTAGGCT-1	6	5	11	11	0	0	0	0
CTACGAAGTAGGTTTG-1	5	6	13	13	0	0	0	0
CTACGAAGTCAGGAAG-1	2	2	2	2	0	0	0	0
CTACGAAGTGGACCTG-1	9	3	10	10	0	0	0	0
CTACGAAGTTATCCGT-1	7	7	7	8	0	0	0	0
CTACGAAGTTCCGGCT-1	6	5	6	5	0	0	0	0
CTACTAAAGGAGCACG-1	2	2	2	2	0	0	0	0
CTACTAAAGGGCCACT-1	0	0	0	6	0	0	0	0
CTACTAAAGTAGCCAT-1	3	3	3	3	0	0	0	0
CTACTTAGTAATAGCT-1	0	0	0	0	0	0	0	0
CTACTTAGTAATCGGC-1	5	6	5	7	0	0	0	0
CTACTTAGTCACCTAT-1	2	2	2	2	0	0	0	0
CTACTTAGTCCAAATG-1	2	2	9	2	0	0	0	0
CTACTTAGTGCTGTAA-1	2	2	2	2	0	0	0	0
CTACTTAGTTCAAGCA-1	6	5	11	11	0	0	0	0
CTACTTAGTTTGCGAA-1	0	0	5	7	0	0	0	0
CTAGCGGGTGACCTGG-1	6	5	6	5	0	0	0	0
CTAGCTGAGCGATAGA-1	3	3	3	3	0	0	0	0
CTAGCTGAGCGCATTG-1	2	2	2	2	0	0	0	0
CTAGCTGAGCTCGCTT-1	2	2	2	2	0	0	0	0
CTAGCTGAGGAAACTG-1	0	0	5	6	0	0	0	0
CTAGCTGAGGGCTAAA-1	6	5	12	12	0	0	0	0
CTAGCTGAGGTTTGAC-1	4	4	4	4	0	0	0	0
CTAGCTTGTGTGCAAC-1	7	7	7	8	0	0	0	0
CTAGGACGTGGTTAGC-1	6	5	11	11	0	0	0	0
CTAGGACGTTCACCAT-1	6	5	12	12	0	0	0	0
CTAGGACGTTTACTTG-1	9	3	10	10	0	0	0	0
CTAGGCGGTATTTGCC-1	0	0	0	0	0	0	0	0
CTAGGCGGTTAAATGC-1	6	5	12	12	0	0	0	0
CTAGTAATCCAAATCA-1	6	5	11	11	0	0	0	0
CTAGTAATCTACCTAT-1	6	5	6	5	0	0	0	0
CTAGTAGGTAACGTGC-1	1	1	1	1	0	0	0	0
CTAGTAGGTGTTTGCT-1	3	3	3	3	0	0	0	0
CTAGTAGGTTCGGTAA-1	6	5	6	5	0	0	0	0
CTAGTCGAGCGGCTGT-1	6	5	6	5	0	0	0	0
CTAGTCGAGGCCTAAT-1	0	0	0	6	0	0	0	0
CTAGTCGAGGGACGCA-1	0	0	0	14	0	0	0	0
CTAGTCGAGGTGAAGC-1	8	8	8	9	1	1	1	1
CTAGTCGAGTTTCCGC-1	9	6	14	14	0	0	0	0
CTAGTGAGTAGCCTCC-1	2	2	9	2	0	0	0	0
CTAGTGAGTGTTGCAA-1	2	2	2	2	0	0	0	0
CTAGTGAGTTAAGCGC-1	6	5	12	12	0	0	0	0
CTAGTGAGTTGTCATC-1	4	4	4	4	0	0	0	0
CTAGTTGCAACGTGCT-1	1	1	1	1	0	0	0	0
CTAGTTGCAATCATGT-1	3	3	3	3	0	0	0	0
CTAGTTGCATTGTTGG-1	4	4	4	4	0	0	0	0
CTATAACCATCGCTCC-1	9	6	14	14	0	0	0	0
CTATAACCATTTGCTC-1	6	5	11	12	0	0	0	0
CTATGACAGACAACGA-1	0	0	0	0	0	0	0	0
CTATGACAGACTAAGG-1	4	4	4	4	0	0	0	0
CTATGACAGCTTAGCG-1	2	2	9	2	0	0	0	0
CTATGACAGGACAATG-1	8	8	8	9	1	1	1	1
CTATGACAGGACCAGG-1	0	0	0	6	0	0	0	0
CTATGACAGGAGCAAC-1	5	6	5	7	0	0	0	0
CTATGACAGGGTTATC-1	0	0	0	0	0	0	0	0
CTATGACAGTTCCTCA-1	3	3	3	3	0	0	0	0
CTATGACAGTTTAACG-1	4	4	4	4	0	0	0	0
CTATGAGGTACGCGCA-1	6	5	11	11	0	0	0	0
CTATGAGGTTAAGGCC-1	2	2	9	2	0	0	0	0
CTATGAGGTTAAGGTT-1	1	1	1	1	0	0	0	0
CTATGAGGTTCACCCA-1	7	7	7	8	0	0	0	0
CTATGAGGTTGGTGAC-1	3	3	3	3	0	0	0	0
CTATGATCAAATGCCC-1	6	5	11	11	0	0	0	0
CTATGATCAGTAAGTA-1	6	5	12	12	0	0	0	0
CTATGATCATCCGTAA-1	0	5	5	11	0	0	0	0
CTATGATCATCGCTTT-1	3	3	3	3	0	0	0	0
CTATGGCCATGAGTTT-1	8	8	8	9	1	1	1	1
CTATGTTTCATTGCGG-1	3	3	3	3	0	0	0	0
CTATTACTCTCACTCA-1	7	7	7	8	0	0	0	0
CTATTCAGTTCCGCAC-1	4	4	4	4	0	0	0	0
CTATTGAAGCCAGGTC-1	2	2	2	2	0	0	0	0
CTATTGAAGCCTAACG-1	2	2	9	2	0	0	0	0
CTATTGAAGCGATACT-1	2	2	2	2	0	0	0	0
CTATTGAAGGAGGCAT-1	2	2	9	2	0	0	0	0
CTATTGAAGGCGGGTA-1	0	0	0	6	0	0	0	0
CTCAATAAGACTCGCA-1	2	2	9	2	0	0	0	0
CTCAATAAGTTGGGCC-1	0	0	0	6	0	0	0	0
CTCACAACACCTCAGG-1	6	5	6	5	0	0	0	0
CTCACAACATGTCAAT-1	7	7	7	8	0	0	0	0
CTCACACTCCAAGTGT-1	4	4	4	4	0	0	0	0
CTCACACTCCCTGATC-1	4	4	4	4	0	0	0	0
CTCACTCAGCTTTGTT-1	0	0	0	0	0	0	0	0
CTCAGGATCCCTGGTT-1	5	6	13	13	0	0	0	0
CTCAGGATCCGCTAGA-1	6	5	12	12	0	0	0	0
CTCAGGATCCTAATAG-1	0	0	0	0	0	0	0	0
CTCATCATCAACAAGG-1	2	2	2	2	0	0	0	0
CTCATCATCATGCCTC-1	6	5	6	5	0	0	0	0
CTCATCATCCCTGACT-1	7	7	7	8	0	0	0	0
CTCATCATCCGCAAAT-1	0	0	0	0	0	0	0	0
CTCATGACACGTAAGG-1	3	3	3	3	0	0	0	0
CTCATGACACTAAGCC-1	4	4	4	4	0	0	0	0
CTCATGACATAGACTT-1	2	2	2	2	0	0	0	0
CTCATGACATCGTTCT-1	4	4	4	4	0	0	0	0
CTCATGCTCGGGACCT-1	4	4	15	15	0	0	0	0
CTCATTAGTAGCTGGT-1	4	4	4	4	0	0	0	0
CTCATTAGTCATCCTG-1	0	0	0	6	0	0	0	0
CTCATTAGTTAAATGC-1	6	5	6	5	0	0	0	0
CTCATTGTCCCGAACA-1	3	3	3	3	0	0	0	0
CTCATTTAGGTTTACA-1	3	3	3	3	0	0	0	0
CTCATTTAGTTGTCTT-1	3	3	3	3	0	0	0	0
CTCCAAACAAACTGCC-1	6	5	12	12	0	0	0	0
CTCCAAACAACACTTG-1	5	6	5	7	0	0	0	0
CTCCAAACAGCCTAAC-1	8	8	8	9	1	1	1	1
CTCCAAACAGTAGGTG-1	6	5	11	11	0	0	0	0
CTCCAACTCCTCCTAA-1	2	2	9	2	0	0	0	0
CTCCAACTCGTAACGT-1	5	6	13	13	0	0	0	0
CTCCAACTCTAACTGA-1	2	2	9	2	0	0	0	0
CTCCATCAGATTGAGG-1	2	2	9	2	0	0	0	0
CTCCCTGAGCGAGCGA-1	2	2	2	2	0	0	0	0
CTCCCTGAGCTCCTAC-1	5	6	13	13	0	0	0	0
CTCCCTGAGGAACGCG-1	0	0	0	0	0	0	0	0
CTCCCTGAGGCACAGG-1	9	6	14	14	0	0	0	0
CTCCGGACAACAGGTG-1	2	2	9	2	0	0	0	0
CTCCGGACAATAACGA-1	5	6	13	13	0	0	0	0
CTCCGGACAATTAAGG-1	0	0	0	0	0	0	0	0
CTCCGGACACCTAATG-1	2	2	9	2	0	0	0	0
CTCCGTCCATTATGAC-1	4	4	4	4	0	0	0	0
CTCCTAATCAACAAGG-1	2	2	2	2	0	0	0	0
CTCCTAATCTACTAAG-1	2	2	2	14	0	0	0	0
CTCCTAATCTTTGACT-1	1	1	1	1	0	0	0	0
CTCCTCACAAACTGTT-1	8	8	8	9	1	1	1	1
CTCCTCACACGAATCC-1	9	6	14	14	0	0	0	0
CTCCTGAGTAGCTAGC-1	3	3	3	3	0	0	0	0
CTCCTGAGTCATTAGG-1	3	3	3	3	0	0	0	0
CTCCTGAGTGTCCTGC-1	0	0	0	0	0	0	0	0
CTCCTGAGTTTGCGCC-1	3	3	3	3	0	0	0	0
CTCGACAAGCCAAATC-1	6	5	11	11	0	0	0	0
CTCGACAAGCTTGCTC-1	6	5	11	11	0	0	0	0
CTCGCTAGTACAATGT-1	9	3	10	10	0	0	0	0
CTCGCTAGTCACAAAT-1	4	4	4	4	0	0	0	0
CTCGCTCCAAGACTCC-1	2	2	2	2	0	0	0	0
CTCGCTCCACCTACGG-1	6	5	6	5	0	0	0	0
CTCGCTCCAGGCTTCG-1	7	7	7	8	0	0	0	0
CTCGCTCCAGGCTTGT-1	2	2	2	2	0	0	0	0
CTCGTTATCCTTGCAC-1	6	5	11	11	0	0	0	0
CTCTAAGCAATATACC-1	6	5	11	5	0	0	0	0
CTCTAAGCACAAAGGT-1	7	7	7	8	0	0	0	0
CTCTAAGCACAGCCAT-1	3	3	3	3	0	0	0	0
CTCTAAGCATGGAGGC-1	1	1	1	1	0	0	0	0
CTCTAGCTCGCTTGCT-1	7	7	7	8	0	0	0	0
CTCTAGCTCTAAGTGC-1	1	1	1	1	0	0	0	0
CTCTATGTCATGCGTG-1	2	2	9	2	0	0	0	0
CTCTATGTCCATCAGG-1	2	2	9	2	0	0	0	0
CTCTATGTCGTTATAG-1	9	6	14	14	0	0	0	0
CTCTATGTCTTTAGGA-1	6	5	12	12	0	0	0	0
CTCTCACAGGTCGAGG-1	2	2	9	2	0	0	0	0
CTCTCACAGGTCGATT-1	6	5	11	11	0	0	0	0
CTCTCACAGTAGCTTA-1	3	3	3	3	0	0	0	0
CTCTGTTCAATAACGA-1	8	8	8	9	1	1	1	1
CTCTTGATCAACAAGG-1	2	2	2	2	0	0	0	0
CTCTTGATCCGTTAAA-1	6	5	12	12	0	0	0	0
CTCTTGATCCTCAGTC-1	2	2	9	2	0	0	0	0
CTCTTGATCCTTAAGA-1	1	1	1	1	0	0	0	0
CTGAAACTCTTGTTCG-1	3	3	3	3	0	0	0	0
CTGAATATCCTCCATA-1	1	1	1	1	0	0	0	0
CTGACATAGGGACTAA-1	3	3	3	3	0	0	0	0
CTGACATAGTGATTCA-1	1	1	1	1	0	0	0	0
CTGACCAAGCTGCACA-1	0	0	0	0	0	0	0	0
CTGACCAAGGCCAATT-1	0	0	0	6	0	0	0	0
CTGACCAAGTCACTAA-1	0	0	0	14	0	0	0	0
CTGATCACAGGCTTCG-1	4	4	4	4	0	0	0	0
CTGATCACAGTTTACG-1	3	3	3	3	0	0	0	0
CTGCAATAGGGACTAA-1	3	3	3	3	0	0	0	0
CTGCTACTCCAGGGAG-1	2	2	2	2	0	0	0	0
CTGCTACTCCTAATTC-1	8	8	8	9	1	1	1	1
CTGCTATGTGACATGC-1	4	4	4	4	0	0	0	0
CTGCTATGTTAAATGC-1	6	5	11	11	0	0	0	0
CTGCTCCCAAGCCACT-1	6	5	12	12	0	0	0	0
CTGCTCCCAAGTTATC-1	0	0	0	0	0	0	0	0
CTGCTCCCACACAATT-1	8	8	8	9	1	1	1	1
CTGCTCCCACACCAAC-1	6	5	6	5	0	0	0	0
CTGCTCCCAGAGGGAG-1	7	7	7	8	0	0	0	0
CTGCTCCCAGGCGAGT-1	3	3	3	3	0	0	0	0
CTGCTCCCATTGTTGG-1	6	5	11	11	0	0	0	0
CTGGATGTCAACCAAC-1	0	0	0	0	0	0	0	0
CTGGATGTCACAGGAA-1	3	3	3	3	0	0	0	0
CTGGATGTCCAATAGC-1	3	3	3	3	0	0	0	0
CTGGATGTCGATATTG-1	0	0	0	0	0	0	0	0
CTGGATGTCGCATCCT-1	5	6	5	7	0	0	0	0
CTGGATGTCTCTAGCC-1	2	2	2	2	0	0	0	0
CTGGCTAAGTTCCTGC-1	6	5	11	11	0	0	0	0
CTGGCTTTCTTTGAGA-1	9	3	10	10	0	0	0	0
CTGGTAAGTAACGGGA-1	2	2	2	2	0	0	0	0
CTGGTAAGTCCCGGAA-1	6	5	6	5	0	0	0	0
CTGGTAAGTGGATTCA-1	4	4	4	4	0	0	0	0
CTGGTAAGTTAAGCGC-1	6	5	11	11	0	0	0	0
CTGGTAAGTTATAGCG-1	6	5	6	5	0	0	0	0
CTGGTTACAGGCTGTT-1	4	4	4	4	0	0	0	0
CTGGTTACATAATGTC-1	2	2	2	2	0	0	0	0
CTGGTTTGTAACGTGC-1	6	0	11	11	0	0	0	0
CTGGTTTGTACGATTG-1	6	5	6	5	0	0	0	0
CTGGTTTGTATACTGG-1	2	2	2	2	0	0	0	0
CTGGTTTGTTACTAGG-1	2	2	2	2	0	0	0	0
CTGGTTTGTTAGTACG-1	0	0	0	6	0	0	0	0
CTGGTTTGTTGGCCGA-1	2	2	2	2	0	0	0	0
CTGTACCTCCAGGGAG-1	7	7	7	8	0	0	0	0
CTGTACCTCCGGAACC-1	5	6	5	7	0	0	0	0
CTGTACCTCTGTTCAT-1	2	2	9	2	0	0	0	0
CTGTATTTCAGTGAAG-1	6	5	11	11	0	0	0	0
CTGTATTTCATTGCGG-1	0	0	0	0	0	0	0	0
CTGTGTGAGCGAGGTG-1	2	2	2	2	0	0	0	0
CTGTGTGAGGACTTAC-1	9	6	14	14	0	0	0	0
CTGTGTGAGGCGAAAC-1	0	0	0	14	0	0	0	0
CTGTGTGAGGCTCATG-1	6	5	11	11	0	0	0	0
CTGTGTGAGTAACCCG-1	0	0	0	0	0	0	0	0
CTGTGTGAGTCAGTAC-1	4	4	4	4	0	0	0	0
CTGTTAAAGAATCGCT-1	2	2	9	2	0	0	0	0
CTGTTAAAGCATGACT-1	3	3	3	3	0	0	0	0
CTGTTAAAGCGGCTGT-1	2	2	9	2	0	0	0	0
CTGTTAAAGCTGTACG-1	5	6	13	13	0	0	0	0
CTGTTAAAGGACTAAG-1	6	5	12	12	0	0	0	0
CTGTTAAAGGGATGAC-1	0	0	0	0	0	0	0	0
CTGTTAAAGGTCAAAG-1	4	4	4	4	0	0	0	0
CTGTTAAAGTTTCCGC-1	0	0	0	14	0	0	0	0
CTGTTCATCAAGACTC-1	4	4	4	4	0	0	0	0
CTGTTGGAGCCTAACG-1	2	2	2	2	0	0	0	0
CTGTTGGAGCTAAAGG-1	9	6	14	14	0	0	0	0
CTGTTGGAGTATTGCA-1	7	7	7	8	0	0	0	0
CTGTTTAGTAGCTAAT-1	5	6	5	7	0	0	0	0
CTTAACAAGGTAACGA-1	6	5	6	5	0	0	0	0
CTTAACAAGGTGAGAC-1	4	4	4	4	0	0	0	0
CTTAACAAGTAAGTGG-1	9	6	14	14	0	0	0	0
CTTAACAAGTTAGAGG-1	2	2	9	2	0	0	0	0
CTTAATGAGAGAAGGG-1	9	3	10	10	0	0	0	0
CTTAATGAGCTTTGTT-1	2	2	2	2	0	0	0	0
CTTAATGAGGTTTACA-1	2	2	2	2	0	0	0	0
CTTACCGGTAGCTGGT-1	3	3	3	3	0	0	0	0
CTTACCGGTATTCGTC-1	6	5	12	12	0	0	0	0
CTTACCGGTTAACAGT-1	9	6	14	14	0	0	0	0
CTTACCTCAAAGCTAA-1	4	4	4	4	0	0	0	0
CTTACCTCAGAGGGAG-1	2	2	2	2	0	0	0	0
CTTACTAGTCTTGCTG-1	9	6	14	14	0	0	0	0
CTTACTAGTTATCCGT-1	7	7	7	8	0	0	0	0
CTTAGGAGTACTGAAT-1	4	4	4	4	0	0	0	0
CTTAGGAGTAGGATTT-1	6	5	12	12	0	0	0	0
CTTAGGAGTCCTCCAA-1	6	5	11	11	0	0	0	0
CTTAGGAGTGGCTTCC-1	2	2	2	2	0	0	0	0
CTTAGGAGTGTGAGAG-1	0	0	0	0	0	0	0	0
CTTAGTTTCCTTCGTA-1	2	2	9	2	0	0	0	0
CTTAGTTTCTGTTCAT-1	2	2	9	2	0	0	0	0
CTTATGTTCAGGCTAT-1	0	0	0	0	0	0	0	0
CTTATGTTCGATTTGA-1	5	6	5	7	0	0	0	0
CTTATTGGTTTACGTC-1	0	0	0	6	0	0	0	0
CTTCAAGCACAGGATG-1	6	5	11	11	0	0	0	0
CTTCAAGCACATTGCA-1	8	8	8	9	1	1	1	1
CTTCAATTCAAGTGTC-1	6	5	11	11	0	0	0	0
CTTCAATTCACTCGCT-1	0	0	0	0	0	0	0	0
CTTCAATTCCTAATAG-1	5	6	5	7	0	0	0	0
CTTCACTCACGTAAGG-1	4	4	4	4	0	0	0	0
CTTCACTCACTGGCCA-1	6	5	11	11	0	0	0	0
CTTCACTCAGATTCAT-1	6	5	11	11	0	0	0	0
CTTCACTCAGGCCATT-1	6	5	6	12	0	0	0	0
CTTCACTCATAGCGAG-1	0	0	0	6	0	0	0	0
CTTCACTCATGAAATG-1	5	6	13	13	0	0	0	0
CTTCACTCATGTTGGC-1	6	5	12	12	0	0	0	0
CTTCACTCATTGTTGG-1	5	6	5	7	0	0	0	0
CTTCAGGAGTCCTGAG-1	3	3	3	3	0	0	0	0
CTTCATCCAGGCATGA-1	1	1	1	1	0	0	0	0
CTTCATCCAGTTAGCC-1	4	4	4	4	0	0	0	0
CTTCGCGTCAATGTGC-1	7	7	7	8	0	0	0	0
CTTCTAAGTAGTTACG-1	6	5	11	11	0	0	0	0
CTTCTCAAGAGCCGGA-1	0	0	0	6	0	0	0	0
CTTCTCAAGGCCATCA-1	3	3	3	3	0	0	0	0
CTTCTCAAGGCTCATG-1	7	7	7	8	0	0	0	0
CTTGAACAGCGAGCGA-1	2	2	2	2	0	0	0	0
CTTGAACAGCTGTACG-1	2	2	2	2	0	0	0	0
CTTGAATCACATACTG-1	6	5	6	5	0	0	0	0
CTTGAATCAGTCTATG-1	4	6	4	14	0	0	0	0
CTTGAATCATGAAGTA-1	0	0	0	6	0	0	0	0
CTTGACGAGCATTATG-1	6	5	6	5	0	0	0	0
CTTGACGAGCCATCAG-1	3	3	3	10	0	0	0	0
CTTGACGAGCTAAGTC-1	4	4	4	4	0	0	0	0
CTTGACGAGGGATTAG-1	1	1	1	1	0	0	0	0
CTTGACGAGTCATTTC-1	3	3	3	3	0	0	0	0
CTTGACGAGTGCACGC-1	6	5	11	11	0	0	0	0
CTTGCAACAATCCTGA-1	2	2	2	2	0	0	0	0
CTTGCAACACCATATG-1	6	5	12	12	0	0	0	0
CTTGCAACAGGCTTCG-1	4	4	4	4	0	0	0	0
CTTGCATGTAGCTGGT-1	9	3	10	10	0	0	0	0
CTTGCATGTGATTTGG-1	4	4	4	4	0	0	0	0
CTTGCGCGTACAATGT-1	8	8	8	9	1	1	1	1
CTTGCGCGTGGCTTCC-1	4	4	4	4	0	0	0	0
CTTGCTCAGGCTAATC-1	6	5	6	5	0	0	0	0
CTTGCTCAGGTCTTGG-1	3	3	3	3	0	0	0	0
CTTGCTCAGGTGAAGC-1	4	4	4	4	0	0	0	0
CTTGCTCAGTCCTTCA-1	7	7	7	8	0	0	0	0
CTTGCTCAGTTAGGCT-1	0	6	5	7	0	0	0	0
CTTGGACCAACCCTCC-1	5	6	13	13	0	0	0	0
CTTGGACCAAGTGTTT-1	3	3	3	3	0	0	0	0
CTTGGACCACGAATTT-1	6	5	6	5	0	0	0	0
CTTGGACCACTAAGCC-1	6	5	11	11	0	0	0	0
CTTGGACCAGGCTTGT-1	2	2	9	2	0	0	0	0
CTTGTCCAGCCTAATA-1	4	4	4	4	0	0	0	0
CTTGTCCAGCGAGGTG-1	2	2	2	2	0	0	0	0
CTTGTCCAGGAACACA-1	1	1	1	1	0	0	0	0
CTTGTCCAGTCATTAG-1	2	2	2	2	0	0	0	0
CTTGTCCAGTTTGGGT-1	6	5	6	5	0	0	0	0
CTTGTTCCACCTACGG-1	0	0	0	0	0	0	0	0
CTTGTTCCACTATGGC-1	2	2	2	2	0	0	0	0
CTTGTTCCATGAATAG-1	8	8	8	9	1	1	1	1
CTTGTTTAGACAGGTA-1	4	4	4	4	0	0	0	0
CTTGTTTAGCACGTTG-1	6	5	11	11	0	0	0	0
CTTTAGGCAAACCTTG-1	6	5	6	5	0	0	0	0
CTTTAGGCAAGTAAGC-1	9	6	14	14	0	0	0	0
CTTTAGGCACAGCCTG-1	2	2	2	2	0	0	0	0
CTTTAGGCACATGCTA-1	5	6	13	13	0	0	0	0
CTTTAGGCATGGCCCA-1	7	7	7	8	0	0	0	0
CTTTAGTTCACAGGAA-1	4	4	4	4	0	0	0	0
CTTTAGTTCGGGACTC-1	2	2	2	2	0	0	0	0
CTTTAGTTCTGTTGCC-1	6	5	6	5	0	0	0	0
CTTTATCAGTAACGGA-1	3	3	3	3	0	0	0	0
CTTTATGGTACCTTAC-1	6	5	11	5	0	0	0	0
CTTTATGGTCTAACAG-1	6	5	6	5	0	0	0	0
CTTTATGGTTAATCGG-1	0	0	0	0	0	0	0	0
CTTTCTTGTACAAAGA-1	3	3	3	3	0	0	0	0
CTTTCTTGTGAGAAAC-1	0	0	0	6	0	0	0	0
CTTTGGGAGACAGGTA-1	0	0	0	0	0	0	0	0
CTTTGGGAGCTAGAAG-1	6	5	6	5	0	0	0	0
CTTTGGGAGGCCTTAG-1	6	5	12	12	0	0	0	0
CTTTGGGAGTGAGCGG-1	8	8	8	9	1	1	1	1
CTTTGGTGTCGTTACT-1	3	3	3	3	0	0	0	0
CTTTGGTGTGCGCAAT-1	6	5	6	5	0	0	0	0
CTTTGGTGTTGGCGTG-1	0	0	0	14	0	0	0	0
CTTTGGTGTTTGCAGA-1	4	4	4	4	0	0	0	0
CTTTGTCCAAGGAATC-1	2	2	9	2	0	0	0	0
CTTTGTCCACCTGGTG-1	2	2	2	2	0	0	0	0
CTTTGTCCATGTCGCG-1	8	8	8	9	1	1	1	1
GAAACCCGTAATAGCT-1	0	0	5	7	0	0	0	0
GAAACCCGTACCGTTT-1	6	5	12	12	0	0	0	0
GAAACCCGTTAGGTTG-1	2	2	2	2	0	0	0	0
GAAACCCGTTATAGCG-1	0	0	0	0	0	0	0	0
GAAACTGAGCAGGTTT-1	7	7	7	8	0	0	0	0
GAAACTGAGCTCCTTA-1	2	2	2	2	0	0	0	0
GAAACTGAGGCGCATC-1	6	5	12	14	0	0	0	0
GAAACTGAGTGTTGCG-1	3	3	3	3	0	0	0	0
GAAAGCCAGGTGAAAT-1	4	4	4	4	0	0	0	0
GAAAGGCTCCTAGTCC-1	7	7	7	8	0	0	0	0
GAAAGGCTCCTCACAC-1	6	5	11	11	0	0	0	0
GAAAGGCTCCTGTTCA-1	3	3	3	3	0	0	0	0
GAAAGGCTCGATTTAG-1	2	2	2	2	0	0	0	0
GAAAGGCTCGCTAAAC-1	6	6	12	14	0	0	0	0
GAACACAAGACACCGC-1	5	6	5	7	0	0	0	0
GAACACAAGAGAGGAG-1	6	5	6	5	0	0	0	0
GAACACAAGCGAGCGA-1	3	3	3	3	0	0	0	0
GAACACAAGCTCAATA-1	0	0	0	0	0	0	0	0
GAACACAAGTCACCTC-1	0	0	0	6	0	0	0	0
GAACACAAGTCGCTAG-1	4	4	4	4	0	0	0	0
GAACCAAAGACTTATG-1	6	5	12	12	0	0	0	0
GAACCAAAGCTAAGTC-1	1	1	1	1	0	0	0	0
GAACCAAAGGACCTTG-1	6	5	6	5	0	0	0	0
GAACCAGCAATAGCAA-1	0	0	0	0	0	0	0	0
GAACCAGCAGGATGGC-1	0	0	0	0	0	0	0	0
GAACCGCTCGATTATG-1	2	2	2	2	0	0	0	0
GAACCGCTCGCTAAAC-1	2	2	2	2	0	0	0	0
GAACCGCTCTATGACA-1	7	7	7	8	0	0	0	0
GAACCTGTCACACAGT-1	2	2	2	2	0	0	0	0
GAACCTGTCATTAGTG-1	9	6	14	14	0	0	0	0
GAACCTGTCCTGAGTG-1	4	4	4	4	0	0	0	0
GAACCTGTCTTAGTCT-1	0	0	0	0	0	0	0	0
GAACCTTAGAGGATAT-1	6	5	12	12	0	0	0	0
GAACCTTAGGCGAATA-1	2	2	2	2	0	0	0	0
GAACCTTAGTGAAGTG-1	7	7	7	8	0	0	0	0
GAACGAATCAAATCGC-1	3	3	3	3	0	0	0	0
GAACGAATCCGGAACC-1	2	2	9	2	0	0	0	0
GAACGAATCCTAACGG-1	0	0	0	14	0	0	0	0
GAACGAATCCTAAGAC-1	2	2	9	2	0	0	0	0
GAACGAATCGCAACAT-1	2	2	9	2	0	0	0	0
GAACTTATCACGCCAA-1	8	8	8	9	1	1	1	1
GAACTTATCAGCCAAT-1	2	2	2	2	0	0	0	0
GAACTTATCCATAAGC-1	2	2	9	2	0	0	0	0
GAACTTATCCTAGTCC-1	0	0	0	0	0	0	0	0
GAACTTATCGTTAGTA-1	2	2	2	2	0	0	0	0
GAAGCCTGTCGTAATG-1	0	0	0	6	0	0	0	0
GAAGCCTGTGGGTGAA-1	0	0	5	6	0	0	0	0
GAAGCCTGTTGGTTGA-1	6	5	6	5	0	0	0	0
GAAGCCTGTTTGCTGT-1	0	0	0	0	0	0	0	0
GAAGCTAAGCCTGGTA-1	3	3	3	3	0	0	0	0
GAAGCTAAGGCTACAT-1	0	0	0	0	0	0	0	0
GAAGCTAAGGGACGCA-1	6	5	12	12	0	0	0	0
GAAGCTAAGGGTGAGT-1	3	3	3	3	0	0	0	0
GAAGGAACAACTGGGA-1	2	2	2	2	0	0	0	0
GAAGGAACACAATTAC-1	0	0	0	0	0	0	0	0
GAAGGAACAGCTAACC-1	5	6	5	7	0	0	0	0
GAAGGATGTAACGGGA-1	2	2	2	2	0	0	0	0
GAAGGATGTCCGGTTC-1	7	7	7	8	0	0	0	0
GAAGGATGTCGACTCC-1	6	5	6	5	0	0	0	0
GAAGGATGTGCTAGAC-1	7	7	7	8	0	0	0	0
GAAGGATGTTACAACG-1	0	0	0	0	0	0	0	0
GAAGGATGTTGTTGCT-1	2	2	3	3	0	0	0	0
GAAGGATGTTTGGGCG-1	5	6	5	7	0	0	0	0
GAAGGCCCACAACAGG-1	6	5	6	5	0	0	0	0
GAAGGCCCAGGCTAGA-1	2	2	2	2	0	0	0	0
GAAGGCTAGAGAGCCG-1	7	7	7	8	0	0	0	0
GAAGGCTAGGTGAAAT-1	6	5	12	12	0	0	0	0
GAAGTAAGTCATAACG-1	7	7	7	8	0	0	0	0
GAAGTATAGCATGCAT-1	9	6	14	14	0	0	0	0
GAAGTATAGTTGCCTC-1	5	6	5	7	0	0	0	0
GAAGTCAAGAATGACG-1	6	5	6	5	0	0	0	0
GAAGTCAAGGAGGCAT-1	0	0	0	0	0	0	0	0
GAAGTCAAGGTCGAGG-1	2	2	9	2	0	0	0	0
GAAGTCAAGTGCACGC-1	2	2	9	2	0	0	0	0
GAAGTGATCCCTGTTA-1	6	5	12	12	0	0	0	0
GAAGTGATCGATAACC-1	6	5	12	12	0	0	0	0
GAAGTGATCGCAGGCT-1	6	5	6	5	0	0	0	0
GAAGTGATCTTAGCGG-1	6	5	11	11	0	0	0	0
GAATTTGTCTCCTCTT-1	0	0	0	6	0	0	0	0
GAATTTGTCTCTAGCC-1	6	5	11	5	0	0	0	0
GAATTTGTCTTAGGGT-1	2	2	2	2	0	0	0	0
GACAATACACTGGCCA-1	2	2	2	2	0	0	0	0
GACAATACATGCAACC-1	0	0	0	0	0	0	0	0
GACACCGGTAAATTGC-1	6	5	11	5	0	0	0	0
GACACTAGTGATGGCT-1	0	0	0	6	0	0	0	0
GACATAGAGCATGCAT-1	4	4	4	4	0	0	0	0
GACATAGAGCGGATTT-1	9	6	14	14	0	0	0	0
GACATAGAGCTTACTT-1	0	0	0	0	0	0	0	0
GACATAGAGTCATGCG-1	0	0	0	0	0	0	0	0
GACATTATCCCTGTTA-1	0	0	0	0	0	0	0	0
GACATTATCTTAGCGG-1	5	6	5	7	0	0	0	0
GACATTATCTTGCAGG-1	8	8	8	9	1	1	1	1
GACCGAACAATTAAGG-1	3	3	3	3	0	0	0	0
GACCGTTCAGAAATTG-1	5	6	5	7	0	0	0	0
GACCGTTCAGCCTGCA-1	2	2	9	2	0	0	0	0
GACCGTTCATAGACTT-1	2	2	2	2	0	0	0	0
GACCTAAGTAATGGCC-1	8	8	8	9	1	1	1	1
GACCTAGTCCGGTTAG-1	0	0	0	6	0	0	0	0
GACCTAGTCGATATTG-1	3	3	3	3	0	0	0	0
GACCTCAAGAGAGGCT-1	0	0	5	6	0	0	0	0
GACCTCAAGCTGTCAG-1	5	6	5	7	0	0	0	0
GACCTCAAGGGTTATC-1	3	3	3	3	0	0	0	0
GACCTCAAGGTAAGGC-1	2	2	2	2	0	0	0	0
GACCTCAAGTAGAGGC-1	3	3	3	3	0	0	0	0
GACCTGATCATCCTAT-1	2	2	2	2	0	0	0	0
GACCTGATCGAGGAAC-1	0	0	0	14	0	0	0	0
GACCTGCAGCAAGATG-1	0	0	0	14	0	0	0	0
GACCTGCAGCTCAAAC-1	5	6	13	13	0	0	0	0
GACCTGCAGGACCTCA-1	0	0	0	0	0	0	0	0
GACCTGCAGGCTATGT-1	8	8	8	9	1	1	1	1
GACCTGCAGTGAGAGC-1	0	0	0	6	0	0	0	0
GACCTTTGTACCGTAA-1	6	5	12	12	0	0	0	0
GACCTTTGTAGCTGCG-1	2	2	2	2	0	0	0	0
GACCTTTGTTACGCAA-1	6	5	6	5	0	0	0	0
GACCTTTGTTTGAGCA-1	2	2	9	2	0	0	0	0
GACCTTTGTTTGAGGC-1	8	8	8	9	1	1	1	1
GACGCAACAATTGAGA-1	2	2	2	2	0	0	0	0
GACGCAACAGCTTAGC-1	6	5	11	11	0	0	0	0
GACGCAACATAAGCAA-1	4	4	4	4	0	0	0	0
GACGCAACATGTTGGC-1	6	5	11	11	0	0	0	0
GACGCCTAGTTCCTGC-1	3	3	3	3	0	0	0	0
GACGTAAAGAGGGACT-1	4	4	4	4	0	0	0	0
GACGTAAAGCAGGCCT-1	5	6	5	7	0	0	0	0
GACGTAAAGGACAACA-1	6	5	12	12	0	0	0	0
GACGTAAAGGCAACAA-1	0	0	0	0	0	0	0	0
GACGTAAAGGCGCTTA-1	0	0	0	0	0	0	0	0
GACGTAAAGGTGAAGC-1	0	0	0	0	0	0	0	0
GACTAATGTACCCACC-1	4	4	4	4	0	0	0	0
GACTATTCAGCTAACC-1	3	3	3	3	0	0	0	0
GACTATTCAGGAACAT-1	6	5	6	5	0	0	0	0
GACTATTCATAATGTC-1	2	2	9	2	0	0	0	0
GACTTACAGGTGCGGA-1	3	3	3	3	0	0	0	0
GACTTAGGTCCTCCAA-1	0	0	0	14	0	0	0	0
GACTTAGGTCCTTCTC-1	6	5	6	5	0	0	0	0
GACTTAGGTTATCGAG-1	6	5	6	5	0	0	0	0
GACTTGGTCACAAGCT-1	2	2	2	2	0	0	0	0
GACTTGGTCACAGACT-1	5	6	13	13	0	0	0	0
GACTTGGTCATAACGC-1	6	5	12	12	0	0	0	0
GACTTGGTCCTAACGG-1	5	6	13	13	0	0	0	0
GACTTGGTCGCTAAGT-1	3	3	3	3	0	0	0	0
GAGAAACGTATTGGAT-1	2	2	2	2	0	0	0	0
GAGAAACGTGAAGCCT-1	3	3	3	3	0	0	0	0
GAGAAACGTGGATTAT-1	2	2	2	2	0	0	0	0
GAGAAACGTGGTGAGA-1	6	5	11	11	0	0	0	0
GAGAACCAGGTTTGAC-1	7	7	7	8	0	0	0	0
GAGAGGCGTATTGAGT-1	6	5	11	11	0	0	0	0
GAGAGGCGTTAATGCG-1	5	6	13	13	0	0	0	0
GAGATAAGTTGGTGAC-1	6	5	12	12	0	0	0	0
GAGCAAATCATTGCGG-1	3	3	3	3	0	0	0	0
GAGCAAATCCTAAATG-1	0	0	0	0	0	0	0	0
GAGCAAATCGCTAGAT-1	2	2	2	2	0	0	0	0
GAGCAAATCGCTTCTA-1	0	6	5	7	0	0	0	0
GAGCAAGGTTGAGCCG-1	1	1	1	1	0	0	0	0
GAGCAAGGTTTATGGG-1	3	3	3	3	0	0	0	0
GAGCATGCAAGGTGCA-1	6	5	6	5	0	0	0	0
GAGCATGCACATAACT-1	6	5	12	12	0	0	0	0
GAGCCACTCAAAGGCA-1	0	0	0	6	0	0	0	0
GAGCCACTCTAATCCT-1	3	3	3	3	0	0	0	0
GAGCCTTCAACCCTCC-1	6	5	11	11	0	0	0	0
GAGCCTTCACCTGCCT-1	2	2	2	2	0	0	0	0
GAGCCTTCAGGAACAT-1	2	2	2	2	0	0	0	0
GAGCCTTCAGTTTCTC-1	3	3	3	3	0	0	0	0
GAGCGAAGTCGCAATA-1	4	4	4	4	0	0	0	0
GAGCGAAGTCTAACAG-1	2	2	2	2	0	0	0	0
GAGCGAAGTGACATGC-1	6	5	6	5	0	0	0	0
GAGCGAAGTGTTCCCA-1	5	6	5	7	0	0	0	0
GAGCGATAGCCTGATG-1	3	3	3	3	0	0	0	0
GAGCGATAGGGTCTAT-1	0	0	0	6	0	0	0	0
GAGCGGTCAAGGTCGA-1	0	0	0	0	0	0	0	0
GAGCTAGCACCAAAGG-1	0	0	0	0	0	0	0	0
GAGCTAGCAGAGGGAG-1	2	2	2	2	0	0	0	0
GAGCTAGCAGGGAGCT-1	5	6	5	7	0	0	0	0
GAGCTAGCATAGACTT-1	4	4	4	4	0	0	0	0
GAGCTTAGTCATTGAG-1	3	3	3	3	0	0	0	0
GAGCTTAGTCCCGGAA-1	2	2	2	2	0	0	0	0
GAGCTTAGTGAGCGAA-1	6	5	12	12	0	0	0	0
GAGCTTAGTGTTGTGA-1	3	3	3	3	0	0	0	0
GAGCTTAGTTCGCTTG-1	2	2	9	2	0	0	0	0
GAGCTTAGTTTAACGG-1	6	5	11	11	0	0	0	0
GAGCTTAGTTTGAGGC-1	0	0	0	0	0	0	0	0
GAGCTTGTCAGGAACA-1	0	0	0	0	0	0	0	0
GAGCTTGTCGTGCCTT-1	2	2	2	2	0	0	0	0
GAGCTTGTCTGGTCCT-1	2	2	2	2	0	0	0	0
GAGGACTAGCCAAATC-1	6	5	11	11	0	0	0	0
GAGGACTAGCGAGCGA-1	1	1	1	1	0	0	0	0
GAGGACTAGCGGGCAA-1	3	3	3	3	0	0	0	0
GAGGACTAGGAAACTG-1	0	0	5	6	0	0	0	0
GAGGACTAGGAACACA-1	6	5	11	11	0	0	0	0
GAGGACTAGGCATGTT-1	0	0	0	6	0	0	0	0
GAGGACTAGTAGCCAT-1	0	0	0	6	0	0	0	0
GAGGACTAGTTCCTGC-1	2	2	2	2	0	0	0	0
GAGGAGGCAAAGCTCC-1	4	4	4	4	0	0	0	0
GAGGAGGCAAATACCT-1	6	5	12	12	0	0	0	0
GAGGAGGCAATATAGG-1	0	0	5	6	0	0	0	0
GAGGAGGCACAGGATG-1	5	6	5	7	0	0	0	0
GAGGAGGCATACCCGG-1	0	0	0	0	0	0	0	0
GAGGAGGCATTAGCGC-1	4	4	4	4	0	0	0	0
GAGGCAAGTACTGAAT-1	6	0	12	12	0	0	0	0
GAGGCAAGTCATCATC-1	0	0	5	6	0	0	0	0
GAGGCAAGTTAAATGC-1	2	2	2	2	0	0	0	0
GAGGCCTTCAATGTCA-1	0	0	0	6	0	0	0	0
GAGGCCTTCACCTGTC-1	6	5	6	5	0	0	0	0
GAGGCCTTCAGCAAAG-1	1	1	1	1	0	0	0	0
GAGGCCTTCAGGGCCT-1	6	5	12	12	0	0	0	0
GAGGCCTTCCAGGAAA-1	8	8	8	9	1	1	1	1
GAGGCCTTCCATTACT-1	0	0	0	0	0	0	0	0
GAGGCCTTCCTACCTA-1	3	3	3	3	0	0	0	0
GAGGCCTTCGCTAGCA-1	4	4	4	4	0	0	0	0
GAGGCCTTCGTTAGCG-1	5	6	13	13	0	0	0	0
GAGGCCTTCTCAATTC-1	3	3	3	3	0	0	0	0
GAGGCTACAGGAATCG-1	6	5	6	5	0	0	0	0
GAGGCTACATCCTGAA-1	9	6	14	14	0	0	0	0
GAGGCTACATTAAACC-1	3	3	3	3	0	0	0	0
GAGGCTTGTGAGGTGA-1	6	5	11	11	0	0	0	0
GAGGCTTGTGATGAGG-1	3	3	3	3	0	0	0	0
GAGGCTTGTGGTTCTT-1	2	2	2	2	0	0	0	0
GAGGCTTGTGTGCACG-1	8	8	8	9	1	1	1	1
GAGGGAGCACTAGGTC-1	2	2	2	2	0	0	0	0
GAGGGAGCAGTAAAGC-1	2	2	2	2	0	0	0	0
GAGGGAGCATGCTCCC-1	3	3	3	3	0	0	0	0
GAGGTACAGCCGCTTT-1	3	3	3	3	0	0	0	0
GAGGTACAGCGGCTGT-1	2	2	2	2	0	0	0	0
GAGGTACAGCTCATAA-1	4	4	4	4	0	0	0	0
GAGGTACAGTTATGGC-1	0	0	0	6	0	0	0	0
GAGGTAGGTAAGCTCA-1	4	4	4	4	0	0	0	0
GAGGTAGGTAGGATTT-1	4	4	4	4	0	0	0	0
GAGGTAGGTATTTGCC-1	1	1	1	1	0	0	0	0
GAGGTAGGTCAACAAT-1	0	0	0	6	0	0	0	0
GAGGTAGGTCCGTGAG-1	2	2	9	2	0	0	0	0
GAGGTAGGTGCTAGAC-1	2	2	9	2	0	0	0	0
GAGGTGAGTATTGGTG-1	6	5	6	12	0	0	0	0
GAGGTGAGTTCGCGCT-1	6	5	6	5	0	0	0	0
GAGGTTAAGGCATGTT-1	4	4	4	4	0	0	0	0
GAGGTTAAGGCCGGAA-1	3	3	3	3	0	0	0	0
GAGGTTAAGGCTAAGA-1	0	0	0	6	0	0	0	0
GAGGTTAAGGTTACGT-1	6	5	11	11	0	0	0	0
GAGGTTAAGTTTCCTG-1	8	8	8	9	1	1	1	1
GAGTAACCACAACCTA-1	2	2	2	2	0	0	0	0
GAGTAATAGCACAGCC-1	3	3	3	3	0	0	0	0
GAGTAATAGCAGCTAT-1	1	1	1	1	0	0	0	0
GAGTAATAGCGGGCAA-1	2	2	2	2	0	0	0	0
GAGTAATAGGCAGGTG-1	8	8	8	9	1	1	1	1
GAGTATCTCGGGATTT-1	4	4	4	4	0	0	0	0
GAGTCAAAGCCAGGTC-1	6	5	11	11	0	0	0	0
GAGTCAAAGCGGATAA-1	4	4	4	4	0	0	0	0
GAGTCAAAGGAACCAA-1	0	0	0	6	0	0	0	0
GAGTCATTCTAAGGTC-1	8	8	8	9	1	1	1	1
GAGTCATTCTTGCTAT-1	6	5	12	12	0	0	0	0
GAGTGAGGTCTAACAG-1	6	5	12	12	0	0	0	0
GAGTGATCACTAAGAA-1	6	5	11	11	0	0	0	0
GAGTGATCAGCCTGCA-1	6	5	11	11	0	0	0	0
GAGTGATCATAATGAG-1	6	5	11	11	0	0	0	0
GAGTGTTTCATTTAGG-1	6	5	11	11	0	0	0	0
GAGTGTTTCCGCATGA-1	2	2	9	2	0	0	0	0
GAGTGTTTCCTAAGTA-1	4	4	4	4	0	0	0	0
GAGTGTTTCGTTATAG-1	9	6	14	14	0	0	0	0
GAGTGTTTCTAAGTCA-1	9	3	10	10	0	0	0	0
GAGTTACTCCAAATCA-1	6	5	11	11	0	0	0	0
GAGTTACTCGGTTACG-1	3	3	3	3	0	0	0	0
GAGTTACTCTAACCAA-1	4	4	4	4	0	0	0	0
GAGTTGCGTAGTTGGC-1	4	4	4	4	0	0	0	0
GAGTTGCGTTGTTCAC-1	0	0	0	6	0	0	0	0
GAGTTTGGTGGATTCA-1	7	7	7	8	0	0	0	0
GAGTTTGGTGTTGCAA-1	7	7	7	8	0	0	0	0
GAGTTTGGTTTAACCC-1	0	0	0	6	0	0	0	0
GATAAAGGTAGCTAGC-1	4	4	4	4	0	0	0	0
GATAAAGGTAGCTGCG-1	4	4	4	4	0	0	0	0
GATAACGAGCCGCAAC-1	2	2	2	2	0	0	0	0
GATAAGCCACCTCGCT-1	0	0	0	0	0	0	0	0
GATAAGCCAGGCTGTT-1	2	2	2	2	0	0	0	0
GATAATCGTGCTTAGA-1	0	0	0	6	0	0	0	0
GATAGACCACTAAATC-1	0	0	0	0	0	0	0	0
GATAGACCAGTACCGT-1	6	5	6	5	0	0	0	0
GATCAAGAGCTCCTAC-1	2	2	2	2	0	0	0	0
GATCACTAGCGCCTAA-1	6	5	11	11	0	0	0	0
GATCACTAGGAGGGTT-1	2	2	9	2	0	0	0	0
GATCACTAGGCGGATG-1	7	7	7	8	0	0	0	0
GATCACTAGTTTAACG-1	2	2	2	2	0	0	0	0
GATCAGGCAAAGCTAA-1	0	0	0	0	0	0	0	0
GATCAGGCATTGTTGG-1	0	0	0	6	0	0	0	0
GATCCGTCAGCTAACC-1	7	7	7	8	0	0	0	0
GATCCGTCAGTTAGCC-1	2	2	2	2	0	0	0	0
GATCGAGCAAGTAAGC-1	3	3	3	3	0	0	0	0
GATCGAGCAGCTTAGC-1	3	3	3	3	0	0	0	0
GATCGATTCACGTTAA-1	6	5	11	11	0	0	0	0
GATCGATTCATGCCTC-1	6	5	12	12	0	0	0	0
GATCGATTCGGTTTGG-1	2	2	2	2	0	0	0	0
GATCGATTCGTCATTT-1	6	5	12	12	0	0	0	0
GATCGATTCTATGACA-1	6	5	6	5	0	0	0	0
GATCGATTCTTGCTAT-1	2	2	2	2	0	0	0	0
GATCGCTCACCTACTT-1	0	0	0	0	0	0	0	0
GATGACTTCGGCTATG-1	3	3	3	3	0	0	0	0
GATGACTTCTATGACA-1	0	0	0	0	0	0	0	0
GATGAGGGTATGGTGC-1	6	5	11	11	0	0	0	0
GATGAGGGTCCAAGAC-1	2	2	9	2	0	0	0	0
GATGAGGGTTCCGGGA-1	5	6	5	7	0	0	0	0
GATGAGGGTTGCGGAT-1	4	4	4	4	0	0	0	0
GATGAGGGTTGTCCAT-1	0	0	0	6	0	0	0	0
GATGAGGGTTGTGACA-1	2	2	2	2	0	0	0	0
GATGCAGCAACAACAA-1	0	0	0	6	0	0	0	0
GATGCAGCAATGAGGT-1	2	2	2	2	0	0	0	0
GATGCAGCAATTAGGA-1	6	5	12	12	0	0	0	0
GATGCAGCACAAACTT-1	2	2	2	2	0	0	0	0
GATGCAGCATCAATCG-1	0	0	5	7	0	0	0	0
GATGCAGCATCCCTCA-1	0	0	0	0	0	0	0	0
GATGCATTCAGGGCCT-1	3	3	3	3	0	0	0	0
GATGCATTCGTTATAG-1	0	0	0	0	0	0	0	0
GATGCGACAGGTTATT-1	1	1	1	1	0	0	0	0
GATGCGACAGGTTTGC-1	1	1	1	1	0	0	0	0
GATGCGACATGCAACC-1	6	5	6	5	0	0	0	0
GATGCGACATTAAAGG-1	0	0	0	0	0	0	0	0
GATGCTTAGGCGAATA-1	1	1	1	1	0	0	0	0
GATGCTTAGTTAGTGC-1	2	2	2	2	0	0	0	0
GATGGACAGCTTGCTC-1	7	7	7	8	0	0	0	0
GATGGACAGGGTGAGT-1	2	2	9	2	0	0	0	0
GATGGACAGTTTCCTG-1	0	0	0	14	0	0	0	0
GATGGCTGTACCGTTT-1	9	3	10	10	0	0	0	0
GATGGCTGTCGCAAAC-1	3	3	3	3	0	0	0	0
GATGGCTGTGATGAGG-1	6	5	6	5	0	0	0	0
GATGGCTGTTGACTTC-1	6	5	6	5	0	0	0	0
GATGGCTGTTGCACGG-1	6	5	5	12	0	0	0	0
GATTAAGCAAATGCCC-1	2	2	9	2	0	0	0	0
GATTAAGCACACCAAC-1	6	5	11	11	0	0	0	0
GATTAAGCAGCAAGGC-1	2	2	9	2	0	0	0	0
GATTAAGCAGCTAATT-1	6	5	6	5	0	0	0	0
GATTAAGCATAGCGAG-1	9	9	16	16	0	0	0	0
GATTACGGTAAATTGC-1	2	2	2	2	0	0	0	0
GATTACGGTACAAAGA-1	9	6	14	14	0	0	0	0
GATTACGGTGCTAGCG-1	0	6	0	7	0	0	0	0
GATTACGGTGGACATC-1	0	0	0	0	0	0	0	0
GATTACGGTGTTTGAG-1	5	6	5	7	0	0	0	0
GATTACGGTTATGTGG-1	2	2	2	2	0	0	0	0
GATTACTCAAAGGCCA-1	0	0	0	6	0	0	0	0
GATTAGCTCAGGCTAT-1	7	7	7	8	0	0	0	0
GATTAGCTCCTAAATG-1	3	3	3	3	0	0	0	0
GATTAGCTCCTCACTA-1	2	2	2	2	0	0	0	0
GATTAGCTCCTCAGTC-1	5	6	13	13	0	0	0	0
GATTAGCTCGTGCCTT-1	2	2	2	2	0	0	0	0
GATTAGTGTATGTGGC-1	6	5	11	11	0	0	0	0
GATTAGTGTCACCAAA-1	0	0	5	6	0	0	0	0
GATTAGTGTTAGCATG-1	5	6	13	13	0	0	0	0
GATTATGTCATGTCAA-1	0	0	0	6	0	0	0	0
GATTATGTCTCACATT-1	3	3	3	3	0	0	0	0
GATTATGTCTTGAGCG-1	0	0	5	6	0	0	0	0
GATTCAATCAGGATGA-1	2	2	9	2	0	0	0	0
GATTCAATCGTAACGT-1	6	5	6	5	0	0	0	0
GATTCAATCTCACATT-1	6	5	6	5	0	0	0	0
GATTCAGGTATGGTGC-1	0	0	0	0	0	0	0	0
GATTCATCAAGCGATG-1	0	0	0	0	0	0	0	0
GATTCATCAAGGAATC-1	3	3	3	3	0	0	0	0
GATTCATCACACTAAT-1	3	3	3	3	0	0	0	0
GATTCATCACATAACT-1	0	0	0	0	0	0	0	0
GATTCCTGTATTTGCC-1	6	5	6	5	0	0	0	0
GATTCCTGTCATTGAG-1	6	5	11	11	0	0	0	0
GATTCCTGTGATTTGG-1	6	5	12	12	0	0	0	0
GATTCCTGTTACAAAC-1	6	5	12	12	0	0	0	0
GATTCCTGTTCCGGGA-1	2	2	2	2	0	0	0	0
GATTCGCCAACGTGCT-1	6	5	6	5	0	0	0	0
GATTCGCCAAGGTATA-1	6	5	6	5	0	0	0	0
GATTGATGTCTCACTG-1	0	6	5	7	0	0	0	0
GATTGATGTTAGGTTG-1	4	4	4	4	0	0	0	0
GATTGCAGTAGGTTTG-1	6	5	12	12	0	0	0	0
GATTGCAGTTACATCC-1	2	2	2	2	0	0	0	0
GATTGCAGTTATCCTA-1	2	2	9	2	0	0	0	0
GATTGCGTCCTGTTCA-1	6	5	11	11	0	0	0	0
GATTGGCGTACGGTAC-1	0	0	0	0	0	0	0	0
GATTGGCGTATTTGGG-1	3	3	3	3	0	0	0	0
GATTGGTTCGACAAAG-1	2	2	2	2	0	0	0	0
GATTGGTTCGCTATAA-1	0	0	0	0	0	0	0	0
GATTGTTCAAACTCAT-1	6	5	6	5	0	0	0	0
GATTGTTCAACAACAA-1	0	0	0	6	0	0	0	0
GATTGTTCAACTCGCG-1	4	4	4	4	0	0	0	0
GATTGTTCAATGAGGT-1	5	6	13	13	0	0	0	0
GATTGTTCACAGAAAC-1	2	2	9	2	0	0	0	0
GATTGTTCAGATTCAT-1	0	0	0	0	0	0	0	0
GATTGTTCAGCCTAAC-1	7	7	7	8	0	0	0	0
GATTGTTCAGGCTTCG-1	5	6	5	7	0	0	0	0
GATTTGCAGCATGCAT-1	4	4	4	4	0	0	0	0
GATTTGCAGCCTTAAA-1	3	3	3	3	0	0	0	0
GATTTGCAGCTCAAAC-1	6	5	6	5	0	0	0	0
GATTTGCAGTTGTCTT-1	2	2	2	2	0	0	0	0
GCAAACAAGACTCGCA-1	3	3	3	3	0	0	0	0
GCAAACAAGGCAATAG-1	5	6	13	13	0	0	0	0
GCAAACAAGGCGAAAC-1	0	0	0	0	0	0	0	0
GCAAACAAGGCGCACT-1	0	0	0	0	0	0	0	0
GCAAACAAGGTTTACA-1	9	6	14	14	0	0	0	0
GCAAACCGTAATGGCC-1	9	3	10	10	0	0	0	0
GCAAACCGTGCTCCAC-1	2	2	9	2	0	0	0	0
GCAAACCGTTAACAGT-1	0	0	0	0	0	0	0	0
GCAAACCGTTAAGCTG-1	0	0	0	0	0	0	0	0
GCAAACCGTTCGGGAT-1	6	6	6	5	0	0	0	0
GCAAACTTCACAGCCA-1	4	4	4	4	0	0	0	0
GCAAACTTCGATTCTT-1	0	0	0	0	0	0	0	0
GCAAACTTCTTAGCCC-1	7	7	7	8	0	0	0	0
GCAAACTTCTTCAATC-1	4	4	4	4	0	0	0	0
GCAACAGCACCCACCT-1	6	5	6	12	0	0	0	0
GCAACAGCATTATCCC-1	3	3	3	3	0	0	0	0
GCAAGCCTCAATCATG-1	0	0	0	0	0	0	0	0
GCAAGCCTCAGGATGA-1	6	5	11	11	0	0	0	0
GCAAGCCTCATCCTCA-1	7	7	7	8	0	0	0	0
GCAAGTCGTATTGTCC-1	2	2	2	2	0	0	0	0
GCAAGTGCACAACAGG-1	2	2	2	2	0	0	0	0
GCAAGTGCAGGCTAAG-1	2	2	9	2	0	0	0	0
GCAAGTGCATGTGGGA-1	6	5	11	11	0	0	0	0
GCAATAGAGAGGAGGA-1	4	4	4	4	0	0	0	0
GCAATAGAGCAGGCCT-1	3	3	3	3	0	0	0	0
GCAATAGAGTCTGGGC-1	3	3	3	3	0	0	0	0
GCAATATGTTACATCC-1	7	7	7	8	0	0	0	0
GCAATCTAGGAGCAAC-1	6	5	11	11	0	0	0	0
GCAATCTAGTACCGCA-1	2	2	2	2	0	0	0	0
GCAATGAAGCTCGCTT-1	6	5	12	12	0	0	0	0
GCAATGAAGTTATCCT-1	3	3	3	3	0	0	0	0
GCAATGTTCCAAGTTA-1	5	6	5	7	0	0	0	0
GCACATTAGGCTGTGC-1	2	2	2	2	0	0	0	0
GCACCTAAGAGAGGAG-1	2	2	2	2	0	0	0	0
GCACCTAAGCAAGGAC-1	2	2	2	2	0	0	0	0
GCACCTAAGCCGCAAC-1	6	5	11	11	0	0	0	0
GCACCTAAGGAAACTG-1	6	5	6	5	0	0	0	0
GCACCTAAGGACCTTG-1	4	4	4	4	0	0	0	0
GCACCTAAGGAGGGTT-1	0	0	0	0	0	0	0	0
GCACCTAAGTAGCGCC-1	2	2	9	2	0	0	0	0
GCACCTAAGTTGCCTC-1	6	5	12	12	0	0	0	0
GCACGAACAAACGGGC-1	0	6	5	7	0	0	0	0
GCACGAACAGAAACGT-1	3	3	3	3	0	0	0	0
GCACGAACAGAAATGC-1	3	3	3	3	0	0	0	0
GCACGAACAGGGAGCT-1	6	5	12	12	0	0	0	0
GCACGAACAGGTTTGC-1	0	0	0	0	0	0	0	0
GCACGAACATTGTGAT-1	2	2	2	2	0	0	0	0
GCACGCTAGCTATGAC-1	6	5	12	12	0	0	0	0
GCACGGTTCTTAGGGT-1	0	0	0	6	0	0	0	0
GCACTAAGTAAGGTCC-1	3	3	3	3	0	0	0	0
GCACTAAGTATACTGG-1	2	2	2	2	0	0	0	0
GCACTAAGTCCTCCAA-1	2	2	11	11	0	0	0	0
GCACTAAGTTCAAGAT-1	6	5	6	5	0	0	0	0
GCACTTACAAACTCAT-1	4	4	4	4	0	0	0	0
GCACTTACAAATGCCC-1	3	3	3	3	0	0	0	0
GCACTTACAAGCTAAA-1	1	1	1	1	0	0	0	0
GCACTTACAGCATGAG-1	6	5	12	12	0	0	0	0
GCACTTACAGGAACAT-1	0	0	0	0	0	0	0	0
GCACTTACATGAATAG-1	1	1	1	1	0	0	0	0
GCAGCAACAGGATTAA-1	2	2	9	2	0	0	0	0
GCAGCAACAGGGAGCT-1	4	4	4	4	0	0	0	0
GCAGCAACATCACTTC-1	6	5	12	12	0	0	0	0
GCAGCCAGTCTTTATG-1	0	0	0	0	0	0	0	0
GCAGCTATCAATTACG-1	7	7	7	8	0	0	0	0
GCAGCTATCCTAGTAA-1	4	4	4	4	0	0	0	0
GCAGGAAGTCTCAGCC-1	3	3	3	3	0	0	0	0
GCAGGAAGTGCTTTAC-1	0	0	0	0	0	0	0	0
GCAGGAAGTTCCTGTG-1	8	8	8	9	1	1	1	1
GCAGGACCAAAGGCCA-1	6	5	6	5	0	0	0	0
GCAGGACCAAGCTAAA-1	0	0	0	0	0	0	0	0
GCAGGACCAAGTAAGC-1	0	0	5	7	0	0	0	0
GCAGGACCAATAACGA-1	2	2	2	2	0	0	0	0
GCAGGACCAATTAAGG-1	2	2	2	2	0	0	0	0
GCAGGACCAGTGAACG-1	6	5	6	5	0	0	0	0
GCAGGACCATTAGCGC-1	2	2	2	2	0	0	0	0
GCAGGATAGCGCTCAA-1	5	6	5	7	0	0	0	0
GCAGGCAAGCTGCACA-1	6	5	11	5	0	0	0	0
GCAGGCAAGTTAGCTA-1	0	0	0	0	0	0	0	0
GCAGGCTTCCAAGTTA-1	7	7	7	8	0	0	0	0
GCAGGCTTCCGGGACT-1	6	5	12	12	0	0	0	0
GCAGGTGAGTCTATGA-1	0	6	0	7	0	0	0	0
GCAGGTTGTACCGTTT-1	6	5	6	5	0	0	0	0
GCAGGTTGTCCTTTAA-1	1	1	1	1	0	0	0	0
GCAGGTTGTTCCATTA-1	6	5	11	11	0	0	0	0
GCAGGTTGTTTATGGG-1	9	6	14	14	0	0	0	0
GCATATATCACGCATG-1	5	6	13	13	0	0	0	0
GCATATATCATAATCG-1	1	1	1	1	0	0	0	0
GCATATATCATGTGGT-1	6	5	6	5	0	0	0	0
GCATATATCCTTTACG-1	6	5	6	5	0	0	0	0
GCATATATCGCACAAT-1	9	3	10	10	0	0	0	0
GCATATATCTACCTCA-1	3	3	3	3	0	0	0	0
GCATATATCTTGCATT-1	7	7	7	8	0	0	0	0
GCATCCTTCACCGGTA-1	6	5	11	11	0	0	0	0
GCATGAAAGATAGACG-1	2	2	2	2	0	0	0	0
GCATGAAAGGACAATG-1	2	2	9	2	0	0	0	0
GCATGAAAGTAACGGA-1	2	2	2	2	0	0	0	0
GCATGAGCAAATGCCC-1	3	3	3	3	0	0	0	0
GCATGAGCAACAGCCT-1	6	5	6	5	0	0	0	0
GCATGAGCACTATGGC-1	9	6	14	14	0	0	0	0
GCATGAGCAGATAGAC-1	5	6	13	13	0	0	0	0
GCATTAGGTAATAGCT-1	2	2	2	2	0	0	0	0
GCATTAGGTACGCGCA-1	5	6	13	13	0	0	0	0
GCATTAGGTCGACTCC-1	1	1	1	1	0	0	0	0
GCATTAGGTCTAACAG-1	7	7	7	8	0	0	0	0
GCATTAGGTGGATTAT-1	3	3	3	3	0	0	0	0
GCATTAGGTTAGTGAT-1	9	6	14	14	0	0	0	0
GCATTAGGTTTCAGGA-1	6	5	6	5	0	0	0	0
GCATTGCCACTAAGTT-1	5	6	5	7	0	0	0	0
GCATTGCCAGCCAGTT-1	6	5	11	11	0	0	0	0
GCATTGCCATAATCCG-1	2	2	2	2	0	0	0	0
GCATTGCCATGTCAAT-1	0	0	0	0	0	0	0	0
GCCAACATCAATGACC-1	7	7	7	8	0	0	0	0
GCCAACATCATGCTAA-1	4	4	4	4	0	0	0	0
GCCAACATCCAGCACA-1	4	4	4	4	0	0	0	0
GCCAACATCCTTCTAG-1	6	5	11	11	0	0	0	0
GCCAATAGTGTCACGG-1	0	0	0	0	0	0	0	0
GCCAATAGTTAGTACG-1	3	3	3	3	0	0	0	0
GCCAATAGTTCAAGCA-1	9	6	14	14	0	0	0	0
GCCAATAGTTGCTGGG-1	4	4	4	4	0	0	0	0
GCCAATTAGGTAAGGC-1	6	5	12	12	0	0	0	0
GCCAATTAGTAAAGGT-1	3	3	3	3	0	0	0	0
GCCAATTAGTAGAGGC-1	0	0	0	6	0	0	0	0
GCCACAATCATGAGCT-1	6	5	6	5	0	0	0	0
GCCACAATCATGCTCC-1	5	5	5	5	0	0	0	0
GCCACAATCCAGCACA-1	4	4	4	4	0	0	0	0
GCCACAATCCATAATG-1	6	5	6	5	0	0	0	0
GCCACAATCCTAAGAC-1	0	0	5	6	0	0	0	0
GCCACAATCCTCAGTC-1	2	2	9	2	0	0	0	0
GCCACACAGGCGCTTA-1	3	3	3	3	0	0	0	0
GCCACTAAGCAAGGTA-1	3	3	3	3	0	0	0	0
GCCACTAAGGCCATCA-1	0	0	0	0	0	0	0	0
GCCACTAAGTGAACAG-1	2	2	2	2	0	0	0	0
GCCAGGAAGCAAGGGT-1	9	6	14	14	0	0	0	0
GCCAGGAAGGTCGATT-1	5	6	13	13	0	0	0	0
GCCAGGAAGTAAACCC-1	2	2	2	2	0	0	0	0
GCCAGGTTCGATCAGT-1	0	0	0	0	0	0	0	0
GCCAGGTTCGCTCACT-1	0	0	0	0	0	0	0	0
GCCAGGTTCTATGACA-1	6	5	6	5	0	0	0	0
GCCATGATCGAAGTAG-1	3	3	3	3	0	0	0	0
GCCATGATCGTTAACA-1	3	3	3	3	0	0	0	0
GCCATGATCTCCATGC-1	0	0	0	0	0	0	0	0
GCCATGATCTTAGGGT-1	0	0	5	6	0	0	0	0
GCCATTACAACTAGGG-1	0	0	0	6	0	0	0	0
GCCATTACAATAATGG-1	0	0	0	6	0	0	0	0
GCCATTACATGAAATG-1	5	6	5	7	0	0	0	0
GCCCAAATCAAGCCTG-1	4	4	4	4	0	0	0	0
GCCCAAATCCCTGTTA-1	7	7	7	8	0	0	0	0
GCCCAAATCCTCAGTC-1	0	0	0	0	0	0	0	0
GCCCAAATCGCACACA-1	9	3	10	10	0	0	0	0
GCCCATAAGTAACCCG-1	2	6	9	7	0	0	0	0
GCCCATAAGTCACTAA-1	2	2	9	2	0	0	0	0
GCCCGTTGTAATTAGC-1	2	2	2	2	0	0	0	0
GCCCGTTGTTCCGGGA-1	3	3	3	3	0	0	0	0
GCCCTCATCATTGCGG-1	5	6	13	13	0	0	0	0
GCCCTCATCCCATAGG-1	6	5	12	12	0	0	0	0
GCCCTCATCCCTGGAA-1	3	3	3	3	0	0	0	0
GCCCTCATCCTCATGC-1	4	4	4	4	0	0	0	0
GCCCTCATCTCACTAT-1	2	2	2	2	0	0	0	0
GCCGTGAGTATTGTGG-1	6	5	11	11	0	0	0	0
GCCGTGAGTTTGAGGC-1	7	7	7	8	0	0	0	0
GCCTAATAGTTTGGGT-1	6	5	12	12	0	0	0	0
GCCTACTTCTTAAGTG-1	2	2	9	2	0	0	0	0
GCCTATTGTAGTTACG-1	6	5	6	5	0	0	0	0
GCCTATTGTTCCTGTG-1	3	3	3	3	0	0	0	0
GCCTATTGTTGCTTCG-1	0	0	0	6	0	0	0	0
GCCTATTGTTTGACCT-1	3	3	3	3	0	0	0	0
GCCTCAAAGCCACAAT-1	3	3	3	3	0	0	0	0
GCCTCAAAGCTGGAAA-1	6	5	6	5	0	0	0	0
GCCTCAAAGGCGCACT-1	6	5	6	5	0	0	0	0
GCCTCAAAGTTACCGG-1	7	7	7	8	0	0	0	0
GCCTCCATCAATCATG-1	0	0	0	0	0	0	0	0
GCCTCCATCCTGGCTT-1	9	6	14	14	0	0	0	0
GCCTCGACAACCGCCA-1	6	5	13	12	0	0	0	0
GCCTGACAGCAAACCT-1	0	0	5	0	0	0	0	0
GCCTGACAGCGGATTT-1	1	1	1	1	0	0	0	0
GCCTGACAGGAACGGT-1	6	5	6	5	0	0	0	0
GCCTGAGGTCAAACTG-1	0	0	0	0	0	0	0	0
GCCTGAGGTGAAACAA-1	5	6	5	7	0	0	0	0
GCCTGAGGTTTGGCGG-1	8	8	8	9	1	1	1	1
GCCTGAGGTTTGTGGA-1	0	0	5	6	0	0	0	0
GCCTGCTGTCCGGTTC-1	3	3	3	3	0	0	0	0
GCCTGCTGTGGATTCA-1	0	0	0	0	0	0	0	0
GCCTGCTGTGTTTGCT-1	3	3	3	3	0	0	0	0
GCCTGTGCACAGCCAT-1	9	3	14	14	0	0	0	0
GCCTGTGCAGAAACGT-1	0	0	5	7	0	0	0	0
GCCTTAACAGTTATCG-1	2	2	9	2	0	0	0	0
GCCTTAACATAATGTC-1	4	4	4	4	0	0	0	0
GCCTTAACATCAGCAC-1	2	2	9	2	0	0	0	0
GCCTTACTCATGCGTG-1	0	0	0	0	0	0	0	0
GCCTTACTCTCCTCTT-1	2	2	2	2	0	0	0	0
GCCTTAGAGTAACAGG-1	2	2	2	2	0	0	0	0
GCCTTAGAGTTGGGCC-1	4	2	4	4	0	0	0	0
GCCTTGCGTAAATTGC-1	2	2	2	2	0	0	0	0
GCCTTGCGTTAGGTTG-1	3	3	3	3	0	0	0	0
GCCTTGCGTTGCGGAT-1	1	1	1	1	0	0	0	0
GCCTTTGGTACTGATG-1	5	6	5	7	0	0	0	0
GCGAAGCCAATATACC-1	2	2	2	2	0	0	0	0
GCGAAGTAGCGCTCAA-1	2	2	2	2	0	0	0	0
GCGAAGTAGGAAACTG-1	0	0	0	6	0	0	0	0
GCGAAGTAGGCGGGTA-1	9	5	10	12	0	0	0	0
GCGAGTGAGAATCGCT-1	4	4	15	15	0	0	0	0
GCGAGTGAGATGCCTG-1	0	0	0	0	0	0	0	0
GCGAGTGAGTGAGCAA-1	6	5	12	12	0	0	0	0
GCGATATTCAACCAAC-1	0	0	5	7	0	0	0	0
GCGATATTCCGGAACC-1	2	2	2	2	0	0	0	0
GCGATATTCCTAAGAC-1	6	5	11	5	0	0	0	0
GCGATTAGTATTGGTG-1	0	0	0	0	0	0	0	0
GCGATTAGTTGAATCG-1	2	2	2	2	0	0	0	0
GCGCAAACACACCAAC-1	2	2	2	2	0	0	0	0
GCGCAAACAGCACGAA-1	2	2	2	2	0	0	0	0
GCGCAAACAGCTACGT-1	2	2	2	2	0	0	0	0
GCGCAATGTCCAAATG-1	3	3	3	3	0	0	0	0
GCGCAATGTGTAACCA-1	2	2	2	2	0	0	0	0
GCGCAATGTGTGAGAG-1	6	5	12	12	0	0	0	0
GCGCAATGTTGCACGG-1	2	2	2	2	0	0	0	0
GCGCCTTGTCAAAGGG-1	6	5	11	11	0	0	0	0
GCGCCTTGTGATCATG-1	3	3	3	3	0	0	0	0
GCGCCTTGTTAGCCAA-1	2	2	2	2	0	0	0	0
GCGCCTTGTTAGCGTA-1	2	2	2	2	0	0	0	0
GCGCCTTGTTCCTGTG-1	9	6	14	14	0	0	0	0
GCGCCTTGTTCGCTCA-1	0	0	0	6	0	0	0	0
GCGCGATTCAAGTGAG-1	9	6	14	14	0	0	0	0
GCGCGATTCACAGCGC-1	0	0	0	0	0	0	0	0
GCGCGATTCCTCATCA-1	3	3	3	3	0	0	0	0
GCGCGATTCTCTAGCC-1	2	2	2	2	0	0	0	0
GCGCTAGGTACCGGAT-1	5	6	5	7	0	0	0	0
GCGCTAGGTCCAAATG-1	0	0	0	0	0	0	0	0
GCGCTAGGTGGTTCTT-1	2	2	9	2	0	0	0	0
GCGCTAGGTGTTTGCT-1	6	5	11	11	0	0	0	0
GCGCTAGGTTAGTTGG-1	6	5	12	12	0	0	0	0
GCGCTAGGTTTGGCGG-1	3	3	3	3	0	0	0	0
GCGCTTAAGGCGGGTA-1	4	4	4	4	0	0	0	0
GCGCTTAAGGCTTAAC-1	9	6	14	14	0	0	0	0
GCGCTTGCAAGCCAGA-1	9	6	14	14	0	0	0	0
GCGCTTGCACCGTTCC-1	0	0	0	0	0	0	0	0
GCGCTTGCACTTCATC-1	7	7	7	8	0	0	0	0
GCGGAACCAGCAAATA-1	2	2	2	2	0	0	0	0
GCGGAACCATTAAGTC-1	3	3	3	3	0	0	0	0
GCGGATACAGCAAGGC-1	7	7	7	8	0	0	0	0
GCGGATACAGGCCATT-1	6	5	12	12	0	0	0	0
GCGGGTTTCCTGGCTT-1	7	7	7	8	0	0	0	0
GCGGGTTTCTTGCTAT-1	3	3	3	3	0	0	0	0
GCGGTTATCACGCCAA-1	2	2	2	2	0	0	0	0
GCGGTTATCATTGACA-1	0	0	0	0	0	0	0	0
GCGGTTGGTACCGAAC-1	6	5	12	12	0	0	0	0
GCGGTTGGTTAGTGAT-1	9	6	14	14	0	0	0	0
GCGGTTGGTTCATTTG-1	7	7	7	8	0	0	0	0
GCGGTTGGTTTAAAGC-1	0	0	0	0	0	0	0	0
GCGGTTGGTTTGACCT-1	0	0	0	6	0	0	0	0
GCGTAACGTCAATAGT-1	4	4	4	4	0	0	0	0
GCGTAACGTTAGCTGA-1	2	2	2	2	0	0	0	0
GCGTAACGTTTCAGGA-1	6	5	6	5	0	0	0	0
GCGTGCTAGTAAGAAC-1	0	0	0	0	0	0	0	0
GCGTTTCTCAAATCGC-1	4	4	4	4	0	0	0	0
GCGTTTCTCACGTTAA-1	6	5	11	11	0	0	0	0
GCGTTTCTCCCTCTAA-1	2	2	2	2	0	0	0	0
GCGTTTCTCCTTCTAG-1	2	2	9	2	0	0	0	0
GCGTTTCTCTAGCTTT-1	6	5	11	11	0	0	0	0
GCTAACAGTACGCGCA-1	2	2	2	2	0	0	0	0
GCTAACAGTCAAGTAT-1	6	5	11	11	0	0	0	0
GCTAACAGTCGACTCC-1	3	3	3	3	0	0	0	0
GCTAACAGTGCACGCA-1	9	6	14	14	0	0	0	0
GCTAACAGTGGAAGGC-1	6	5	6	5	0	0	0	0
GCTAACAGTTAGTACG-1	2	2	2	2	0	0	0	0
GCTAACCCACTCGCTC-1	0	0	0	0	0	0	0	0
GCTAACCCAGGCTACT-1	0	0	0	0	0	0	0	0
GCTAACCCATTCCTGT-1	6	5	11	11	0	0	0	0
GCTAAGAAGTAATCCA-1	0	6	5	7	0	0	0	0
GCTAAGAAGTCATGCG-1	0	0	5	6	0	0	0	0
GCTAAGAAGTTTCCGC-1	0	0	0	6	0	0	0	0
GCTAAGCGTAAGCACC-1	6	5	6	5	0	0	0	0
GCTAAGCGTATACTGG-1	5	6	13	13	0	0	0	0
GCTAAGCGTGCAACTA-1	0	0	0	0	0	0	0	0
GCTAAGCGTTACCGGG-1	0	0	5	7	0	0	0	0
GCTAAGTTCCGCTAGA-1	6	5	11	11	0	0	0	0
GCTAAGTTCCTGCGAA-1	2	2	2	2	0	0	0	0
GCTAAGTTCCTTCTAG-1	5	5	5	11	0	0	0	0
GCTAATATCAATGAGG-1	0	0	0	0	0	0	0	0
GCTAATATCCCTCTAA-1	0	0	0	6	0	0	0	0
GCTAATATCCGCCTAT-1	3	3	3	3	0	0	0	0
GCTAATATCCTAATAG-1	0	0	0	0	0	0	0	0
GCTAATATCGGCCAGT-1	6	5	11	11	0	0	0	0
GCTAGCCAGACACCGC-1	5	6	13	13	0	0	0	0
GCTAGCCAGCGCTCAA-1	6	5	11	11	0	0	0	0
GCTAGCCAGGAGCAAC-1	5	6	5	7	0	0	0	0
GCTAGCCAGTGACCTG-1	5	6	5	7	0	0	0	0
GCTAGCCAGTTTCCGC-1	4	4	4	4	0	0	0	0
GCTAGCGGTAGTTGGC-1	6	5	6	5	0	0	0	0
GCTAGCGGTGCAATGC-1	0	0	0	0	0	0	0	0
GCTAGCGGTTGAAGCC-1	3	3	3	3	0	0	0	0
GCTAGCTCAAACTCAT-1	9	6	14	14	0	0	0	0
GCTAGTGTCCGCAAAT-1	9	6	14	14	0	0	0	0
GCTAGTGTCCTTAATC-1	2	2	9	2	0	0	0	0
GCTAGTGTCGTTTCTG-1	5	6	13	13	0	0	0	0
GCTATAGGTAATGGCC-1	2	2	9	2	0	0	0	0
GCTATAGGTCCTAGTT-1	6	5	12	12	0	0	0	0
GCTATAGGTGAGGTGA-1	4	4	4	4	0	0	0	0
GCTATCCTCTTAAGTG-1	4	4	4	4	0	0	0	0
GCTATTGCAATAATCC-1	2	2	2	2	0	0	0	0
GCTATTGCAATATACC-1	4	4	4	4	0	0	0	0
GCTATTGCAATCGCAC-1	8	8	8	9	1	1	1	1
GCTATTGCATAGGCGA-1	8	8	8	9	1	1	1	1
GCTCAACCAATTGAAG-1	2	2	2	2	0	0	0	0
GCTCACAAGAAGCTAG-1	0	0	0	6	0	0	0	0
GCTCACAAGCTGGAAA-1	4	4	4	4	0	0	0	0
GCTCACAAGGAAACTG-1	3	3	3	3	0	0	0	0
GCTCACAAGGACTTAC-1	3	3	3	3	0	0	0	0
GCTCATTGTAAGCTTG-1	6	0	12	14	0	0	0	0
GCTCATTGTCAATACG-1	0	0	0	6	0	0	0	0
GCTCATTGTCATTAGG-1	0	0	0	6	0	0	0	0
GCTCATTGTGAGCGAA-1	3	3	3	3	0	0	0	0
GCTCATTGTGCTCACC-1	2	2	11	11	0	0	0	0
GCTCATTGTTAAGCCA-1	5	6	13	13	0	0	0	0
GCTCCTTAGCTCCTTA-1	3	3	3	3	0	0	0	0
GCTCGATCACCTGCCT-1	2	2	9	2	0	0	0	0
GCTCGATCAGCAAATA-1	8	8	8	9	1	1	1	1
GCTCGATCAGGCCTTG-1	3	3	3	3	0	0	0	0
GCTCGATCAGTAGGTG-1	7	7	7	8	0	0	0	0
GCTCGATCATAAACCT-1	0	0	5	6	0	0	0	0
GCTCGATCATCACTTC-1	2	2	9	2	0	0	0	0
GCTCGATCATTCCTGT-1	0	0	0	6	0	0	0	0
GCTCTGGCACACAATT-1	4	4	4	4	0	0	0	0
GCTCTGTTCGCCTGTT-1	4	4	4	4	0	0	0	0
GCTCTGTTCGTAATCA-1	3	3	3	3	0	0	0	0
GCTCTGTTCTTTGTAC-1	6	5	12	12	0	0	0	0
GCTGACATCCGCAAGC-1	4	4	4	4	0	0	0	0
GCTGACCAGCCGCAGT-1	0	0	0	0	0	0	0	0
GCTGACCAGCTATTAG-1	6	5	12	12	0	0	0	0
GCTGACCAGTCAGGCC-1	2	2	2	2	0	0	0	0
GCTGACCAGTGTGATC-1	3	3	3	3	0	0	0	0
GCTGAGGAGCTAATCA-1	0	0	0	6	0	0	0	0
GCTGAGGAGGACACTT-1	3	3	3	3	0	0	0	0
GCTGATCCAATTGAGA-1	0	0	0	6	0	0	0	0
GCTGATCCACCAGGTT-1	2	2	2	2	0	0	0	0
GCTGATCCACGAATCC-1	2	2	2	2	0	0	0	0
GCTGATCCAGGCCAAA-1	0	0	0	0	0	0	0	0
GCTGATCCATGCATAT-1	6	5	11	11	0	0	0	0
GCTGATCCATTAAGCT-1	7	7	7	8	0	0	0	0
GCTGCAATCGGGATTT-1	6	5	6	5	0	0	0	0
GCTGCAATCTCACTCA-1	2	2	2	2	0	0	0	0
GCTGCACAGGCGCACT-1	6	5	11	11	0	0	0	0
GCTGCACAGGTAAGCA-1	4	4	4	4	0	0	0	0
GCTGCACAGTGAGGTA-1	1	1	1	1	0	0	0	0
GCTGCATCAATAACCT-1	1	1	1	1	0	0	0	0
GCTGCATCAATTGACT-1	6	5	12	12	0	0	0	0
GCTGCATCACTTACAG-1	0	0	0	6	0	0	0	0
GCTGCATCAGCAAGTG-1	2	2	2	2	0	0	0	0
GCTGGATGTATTGTCC-1	3	3	3	3	0	0	0	0
GCTGGATGTGGAGCAA-1	0	0	0	0	0	0	0	0
GCTGGATGTTTGAGCA-1	6	5	11	11	0	0	0	0
GCTGGTTCAGCAAGAT-1	3	3	3	3	0	0	0	0
GCTGTAAGTCACCTAT-1	4	4	4	4	0	0	0	0
GCTGTAAGTGTTTGAG-1	6	5	11	11	0	0	0	0
GCTGTAAGTTGTGACA-1	9	6	14	14	0	0	0	0
GCTGTACCAACTAGAA-1	3	3	3	3	0	0	0	0
GCTGTACCAAGTGTTT-1	2	2	2	2	0	0	0	0
GCTGTACCAATAAGCA-1	0	0	0	0	0	0	0	0
GCTGTACCAATTAGCT-1	6	5	12	12	0	0	0	0
GCTGTACCATAATGTC-1	0	0	0	14	0	0	0	0
GCTGTGATCCCTGACT-1	6	5	11	11	0	0	0	0
GCTGTGATCGATTCTT-1	2	2	9	2	0	0	0	0
GCTGTGCAGCACTTGG-1	2	2	2	2	0	0	0	0
GCTGTGCAGCCTCTGT-1	0	0	0	0	0	0	0	0
GCTGTGCAGGGTGAAC-1	2	2	2	2	0	0	0	0
GCTGTGCAGTCAGTAC-1	4	4	4	4	0	0	0	0
GCTGTGCAGTTAGCCG-1	0	6	5	7	0	0	0	0
GCTTAACAGACTCGCA-1	6	5	12	14	0	0	0	0
GCTTAACAGCGCCTTT-1	0	0	0	0	0	0	0	0
GCTTACCTCAATTGGC-1	0	0	0	0	0	0	0	0
GCTTACCTCATTAGTG-1	0	0	0	0	0	0	0	0
GCTTACCTCCTAATTC-1	6	5	6	5	0	0	0	0
GCTTACCTCGCTAAAC-1	9	3	10	10	0	0	0	0
GCTTACCTCTAATCAG-1	2	2	2	2	0	0	0	0
GCTTAGTAGAGAGGAG-1	4	4	4	4	0	0	0	0
GCTTAGTAGAGGAGTC-1	3	3	3	3	0	0	0	0
GCTTAGTAGATAGACG-1	6	5	12	12	0	0	0	0
GCTTAGTAGGAACCAA-1	2	2	2	2	0	0	0	0
GCTTAGTAGTGAGAGC-1	0	0	0	0	0	0	0	0
GCTTATCGTCTTACTA-1	6	5	6	5	0	0	0	0
GCTTATCGTTGTAAAC-1	5	6	13	13	0	0	0	0
GCTTCGCGTTAATGAC-1	4	4	4	4	0	0	0	0
GCTTGACCATGCTTAG-1	9	3	14	14	0	0	0	0
GCTTGTTGTCATAGAT-1	6	5	6	5	0	0	0	0
GCTTTACGTAAATTGC-1	2	2	2	2	0	0	0	0
GCTTTACGTCACGGAT-1	4	4	4	4	0	0	0	0
GCTTTACGTGTTTGCT-1	1	1	1	1	0	0	0	0
GCTTTATTCATGCTAA-1	2	2	2	2	0	0	0	0
GCTTTCATCGACAAAG-1	3	3	3	3	0	0	0	0
GCTTTCATCGTTTCTG-1	0	0	0	0	0	0	0	0
GCTTTGTGTAATCGCA-1	9	3	10	10	0	0	0	0
GGAAACTCAGATTCAT-1	3	3	3	3	0	0	0	0
GGAAACTCAGCCGCTA-1	2	2	2	2	0	0	0	0
GGAAACTCATTGTGAT-1	9	6	14	14	0	0	0	0
GGAAACTCATTGTGCA-1	3	3	3	3	0	0	0	0
GGAACAATCAATGTGC-1	8	8	8	9	1	1	1	1
GGAACAATCACCTGCT-1	3	3	3	3	0	0	0	0
GGAACAATCACTAAGC-1	6	5	11	11	0	0	0	0
GGAACAATCAGCATTA-1	0	0	0	0	0	0	0	0
GGAACCACAACTAGAA-1	2	2	2	2	0	0	0	0
GGAACCACATGTTGCA-1	0	0	0	6	0	0	0	0
GGAACCTGTCATAACG-1	2	2	2	2	0	0	0	0
GGAACCTGTCATCATC-1	2	2	2	2	0	0	0	0
GGAACCTGTCCGTAGG-1	3	3	3	3	0	0	0	0
GGAACCTGTGTCACGG-1	6	5	6	5	0	0	0	0
GGAACCTGTTAGCTGA-1	9	6	14	14	0	0	0	0
GGAACGGTCTTCAATC-1	0	0	0	0	0	0	0	0
GGAACTAAGCTATTAG-1	0	0	5	6	0	0	0	0
GGAAGCTAGATAAAGC-1	5	6	13	13	0	0	0	0
GGAAGCTAGCCTTAAA-1	3	3	3	3	0	0	0	0
GGAAGCTAGGTAACGA-1	0	0	0	0	0	0	0	0
GGAAGCTAGGTCCTAG-1	0	0	0	0	0	0	0	0
GGAAGCTAGGTGTTAC-1	2	2	2	2	0	0	0	0
GGAAGCTAGTCACCTC-1	2	2	9	2	0	0	0	0
GGAAGTATCATAATCG-1	9	6	14	14	0	0	0	0
GGAAGTATCGAGCAAA-1	8	8	8	9	1	1	1	1
GGAATCTTCAATGTGC-1	3	3	3	3	0	0	0	0
GGAATCTTCAGCATTA-1	4	4	4	4	0	0	0	0
GGAATCTTCCGCATGA-1	3	3	3	3	0	0	0	0
GGAATCTTCTTGCAAA-1	3	3	3	3	0	0	0	0
GGACAGCCAAGCGATG-1	4	4	4	4	0	0	0	0
GGACAGCCAAGCTAAA-1	6	5	12	12	0	0	0	0
GGACAGCCAAGTGAAC-1	6	5	6	5	0	0	0	0
GGACAGCCACTCGCTC-1	2	2	2	2	0	0	0	0
GGACAGCCACTTACAG-1	2	2	2	2	0	0	0	0
GGACAGCCACTTCACT-1	0	0	5	6	0	0	0	0
GGACATAAGGCATGTT-1	1	1	1	1	0	0	0	0
GGACATAAGTAACGGA-1	1	1	1	1	0	0	0	0
GGACATAAGTCGCTAG-1	6	5	6	5	0	0	0	0
GGACATAAGTTAGAGG-1	0	0	0	0	0	0	0	0
GGACCGAAGAGGGACT-1	2	2	9	2	0	0	0	0
GGACCGAAGCGTGCAC-1	9	6	14	14	0	0	0	0
GGACCGAAGGGACCTC-1	2	2	2	2	0	0	0	0
GGACCGAAGTTATCCT-1	3	3	3	3	0	0	0	0
GGACCTCAGCATGAAG-1	6	5	6	5	0	0	0	0
GGACCTCAGTAACAGG-1	7	7	7	8	0	0	0	0
GGACGAAGTAAGGTTT-1	7	7	7	8	0	0	0	0
GGACGGATCCCTCAGT-1	3	3	3	3	0	0	0	0
GGACGGATCTCAATAG-1	6	5	12	12	0	0	0	0
GGACTAAAGAAAGGAA-1	6	5	11	11	0	0	0	0
GGACTAAAGACCATAC-1	6	5	11	11	0	0	0	0
GGACTAAAGCACTTGG-1	2	2	9	2	0	0	0	0
GGACTAAAGGTGCTGC-1	2	2	2	2	0	0	0	0
GGACTAAAGTCAATCA-1	6	5	6	5	0	0	0	0
GGACTAAAGTCATGCG-1	3	3	3	3	0	0	0	0
GGACTAAAGTCATTAG-1	3	3	3	3	0	0	0	0
GGAGCAAGTATTTGGG-1	7	7	7	8	0	0	0	0
GGAGCAAGTCAAGTAT-1	6	5	12	12	0	0	0	0
GGAGCAAGTCACCTAT-1	6	5	11	11	0	0	0	0
GGAGCAAGTGAGCGAA-1	5	6	5	7	0	0	0	0
GGAGCAAGTGCTGTAA-1	2	2	2	2	0	0	0	0
GGAGCATAGACTTACA-1	8	8	8	9	1	1	1	1
GGAGCATAGGGACCTC-1	0	0	0	6	0	0	0	0
GGAGCATAGGGCCATC-1	6	5	6	5	0	0	0	0
GGAGCATAGTTTAACG-1	0	0	0	0	0	0	0	0
GGAGCGATCGATTTAG-1	0	6	5	7	0	0	0	0
GGAGCGATCGCTCACT-1	0	0	0	6	0	0	0	0
GGAGGTTAGGCTGTGC-1	6	5	11	11	0	0	0	0
GGAGTCTGTCAATGTG-1	3	3	3	3	0	0	0	0
GGAGTCTGTTGTTGTC-1	6	5	6	5	0	0	0	0
GGAGTGAGTCCTTCTC-1	2	2	9	2	0	0	0	0
GGAGTGAGTCGTAATG-1	6	5	11	11	0	0	0	0
GGAGTGAGTTGGTGAC-1	3	3	3	3	0	0	0	0
GGATAACCACTTCATC-1	0	0	5	6	0	0	0	0
GGATACTTCCCGCCTA-1	5	6	5	7	0	0	0	0
GGATACTTCCTAAGAC-1	7	7	7	8	0	0	0	0
GGATATTGTATTCGCT-1	0	0	0	6	0	0	0	0
GGATATTGTGGTTATG-1	2	2	2	2	0	0	0	0
GGATATTGTTGCGCGA-1	3	3	3	3	0	0	0	0
GGATGGCCAAGGAATC-1	2	2	2	2	0	0	0	0
GGATGGCCATCACTTC-1	3	3	3	3	0	0	0	0
GGATGTAAGTCCTGAG-1	3	3	3	3	0	0	0	0
GGATTATGTAATCGTG-1	4	4	4	4	0	0	0	0
GGATTATGTCCTAACT-1	6	5	11	11	0	0	0	0
GGATTATGTGGTTCCC-1	6	5	12	12	0	0	0	0
GGATTATGTTAGGTGC-1	4	4	4	4	0	0	0	0
GGATTATGTTAGTGAT-1	0	0	5	6	0	0	0	0
GGATTCAGTTAATGCG-1	0	0	0	0	0	0	0	0
GGATTCAGTTAGAGGG-1	2	2	9	2	0	0	0	0
GGATTGCGTAAGGTCC-1	6	0	11	11	0	0	0	0
GGATTGCGTCCTTCTC-1	0	0	0	0	0	0	0	0
GGATTGCGTGCTAGAC-1	5	6	13	13	0	0	0	0
GGATTGCGTTACTTCA-1	2	2	2	2	0	0	0	0
GGATTGCGTTGTTGGA-1	3	3	3	3	0	0	0	0
GGATTTATCACCGGTA-1	4	4	4	4	0	0	0	0
GGATTTATCAGCACCA-1	6	5	11	11	0	0	0	0
GGATTTATCATAATCG-1	2	2	2	2	0	0	0	0
GGATTTATCGTTACAA-1	0	0	0	0	0	0	0	0
GGCAAGCCAATGAAGC-1	7	7	7	8	0	0	0	0
GGCAAGCCAGTTTACG-1	7	7	7	8	0	0	0	0
GGCAAGCCATAGCTGC-1	3	3	3	3	0	0	0	0
GGCAATCGTAAATTGC-1	4	4	4	4	0	0	0	0
GGCAATCGTAACCTAG-1	8	8	8	9	1	1	1	1
GGCAGGATCGGTCAAT-1	0	0	0	6	0	0	0	0
GGCAGGATCTAACCTT-1	1	1	1	1	0	0	0	0
GGCAGGATCTTGATGA-1	3	3	3	3	0	0	0	0
GGCAGGATCTTGCAGG-1	6	5	11	11	0	0	0	0
GGCATGGAGGCGAATA-1	6	5	12	12	0	0	0	0
GGCATGGAGGTCGAGG-1	0	0	0	6	0	0	0	0
GGCATGGAGTAGGCGG-1	4	4	4	4	0	0	0	0
GGCATTAGTAGTTGGC-1	2	2	9	2	0	0	0	0
GGCATTAGTTGGATAT-1	4	4	4	4	0	0	0	0
GGCATTAGTTGGCGTG-1	6	5	6	5	0	0	0	0
GGCATTAGTTTAGTCC-1	6	5	6	5	0	0	0	0
GGCATTGTCCTTTACG-1	6	5	11	11	0	0	0	0
GGCATTGTCGCATTAA-1	8	8	8	9	1	1	1	1
GGCATTGTCGGTAACT-1	3	3	3	3	0	0	0	0
GGCATTGTCTAGCTTT-1	0	0	0	6	0	0	0	0
GGCCAACTCAAACCTA-1	6	5	6	5	0	0	0	0
GGCCAACTCAGGAACA-1	0	0	0	0	0	0	0	0
GGCCAACTCCATAATG-1	3	3	3	3	0	0	0	0
GGCCAACTCCCTGATC-1	6	5	11	11	0	0	0	0
GGCCAACTCGTAACGT-1	3	3	3	3	0	0	0	0
GGCCAACTCTTGATGA-1	6	5	12	12	0	0	0	0
GGCCATCAGGAACGCG-1	2	2	9	2	0	0	0	0
GGCCATCAGTCACTCC-1	2	2	2	2	0	0	0	0
GGCCGTTAGCCATCAG-1	0	0	0	0	0	0	0	0
GGCCGTTAGCTTAGCG-1	4	4	4	4	0	0	0	0
GGCCGTTAGGCAATAG-1	6	5	6	5	0	0	0	0
GGCCGTTAGGGCTTTG-1	0	6	5	7	0	0	0	0
GGCCGTTAGTCCTGAG-1	2	2	2	2	0	0	0	0
GGCCTAATCAATGTGC-1	6	5	11	11	0	0	0	0
GGCCTAATCATAACTG-1	2	2	2	2	0	0	0	0
GGCCTAATCCTCACTA-1	6	5	11	11	0	0	0	0
GGCCTAATCCTTCGTA-1	0	0	0	6	0	0	0	0
GGCCTCTGTACGCGCA-1	4	4	4	4	0	0	0	0
GGCCTCTGTGCCGCAA-1	3	3	3	3	0	0	0	0
GGCCTCTGTGGGTGAA-1	0	0	5	6	0	0	0	0
GGCCTCTGTTATCCTA-1	0	0	0	6	0	0	0	0
GGCCTCTGTTCGGTAA-1	4	4	4	4	0	0	0	0
GGCCTTAAGCCATCAG-1	0	0	0	14	0	0	0	0
GGCCTTAAGCGGTTAT-1	3	3	3	3	0	0	0	0
GGCCTTAAGGCTAGAA-1	2	2	2	2	0	0	0	0
GGCCTTAAGGGCTTTG-1	8	8	8	9	1	1	1	1
GGCCTTAAGGTCGAGG-1	3	3	3	3	0	0	0	0
GGCCTTAAGTAACCAC-1	4	4	4	4	0	0	0	0
GGCCTTCGTCCAAGAC-1	0	0	0	0	0	0	0	0
GGCCTTCGTGCATTAG-1	4	4	4	4	0	0	0	0
GGCCTTCGTTATAGCG-1	0	0	0	0	0	0	0	0
GGCGATACACTAGGTC-1	3	3	3	3	0	0	0	0
GGCGATACATCCCGCT-1	8	8	8	9	1	1	1	1
GGCGATACATGAATCT-1	7	7	7	8	0	0	0	0
GGCGCTAGTAACGGGA-1	3	3	3	3	0	0	0	0
GGCGCTAGTATTGTCC-1	6	5	12	12	0	0	0	0
GGCGCTAGTCATTGTC-1	0	0	0	6	0	0	0	0
GGCGCTAGTGCATTAG-1	1	1	1	1	0	0	0	0
GGCGCTAGTGTCCAGG-1	0	0	0	6	0	0	0	0
GGCGCTAGTTAGTACG-1	9	3	10	10	0	0	0	0
GGCGCTAGTTATAGCG-1	2	2	2	2	0	0	0	0
GGCGGTAAGAATCTCA-1	6	5	6	5	0	0	0	0
GGCGGTAAGACACCGC-1	9	6	14	14	0	0	0	0
GGCGGTAAGCCTGATG-1	7	7	7	8	0	0	0	0
GGCGGTAAGGCTACTG-1	3	3	3	3	0	0	0	0
GGCGGTAAGGGCTTAT-1	7	7	7	8	0	0	0	0
GGCGGTAAGTTTGTCT-1	0	0	0	0	0	0	0	0
GGCGGTTTCACCAATA-1	0	0	0	6	0	0	0	0
GGCGGTTTCAGCACGC-1	6	5	11	11	0	0	0	0
GGCGGTTTCGTGCCTT-1	0	0	0	6	0	0	0	0
GGCGGTTTCGTTAAGC-1	6	5	6	5	0	0	0	0
GGCGGTTTCTCAATGA-1	0	0	0	0	0	0	0	0
GGCGTTATCCCTGGAA-1	6	5	11	11	0	0	0	0
GGCTAGACACAGCCTG-1	3	3	3	3	0	0	0	0
GGCTAGACACCGTTCC-1	0	0	0	6	0	0	0	0
GGCTAGACAGAACCGA-1	9	9	16	16	0	0	0	0
GGCTAGACAGAATGAC-1	2	2	2	2	0	0	0	0
GGCTAGACATTGCGTA-1	6	5	11	11	0	0	0	0
GGCTAGTGTTAACAGT-1	3	3	3	3	0	0	0	0
GGCTAGTGTTCGCTCA-1	3	3	3	3	0	0	0	0
GGCTAGTGTTGCTTCG-1	2	2	2	2	0	0	0	0
GGCTATGTCGGTAACT-1	3	3	3	3	0	0	0	0
GGCTATGTCGGTCAAT-1	7	7	7	8	0	0	0	0
GGCTATTAGAATGACG-1	9	6	14	14	0	0	0	0
GGCTCAATCCGTAAAC-1	6	5	6	5	0	0	0	0
GGCTCACAGAGCAAGC-1	0	0	0	0	0	0	0	0
GGCTCACAGGAGTAAT-1	6	5	12	12	0	0	0	0
GGCTCACAGTAAAGGT-1	3	3	3	3	0	0	0	0
GGCTCACAGTCATCCC-1	2	2	9	2	0	0	0	0
GGCTCACAGTTAGAGG-1	8	8	8	9	1	1	1	1
GGCTCACAGTTTCCTG-1	1	1	1	1	0	0	0	0
GGCTGAGAGCAGGTGG-1	6	0	12	14	0	0	0	0
GGCTGAGAGGGTCCAC-1	2	2	2	2	0	0	0	0
GGCTGAGAGTATTGCA-1	0	0	0	14	0	0	0	0
GGCTGGTTCGGTTACG-1	2	2	2	2	0	0	0	0
GGCTGTCAGACAACAG-1	3	3	3	3	0	0	0	0
GGCTGTCAGACAACGA-1	2	2	2	2	0	0	0	0
GGCTGTCAGCTACTGG-1	0	0	0	0	0	0	0	0
GGCTGTCAGCTTAACA-1	9	6	14	14	0	0	0	0
GGCTGTCAGGCTGTCA-1	2	2	2	2	0	0	0	0
GGCTGTCAGGGCTAAA-1	6	5	6	5	0	0	0	0
GGCTTAAGTCGCATAA-1	3	3	3	3	0	0	0	0
GGCTTAAGTGTGCAAC-1	0	0	0	6	0	0	0	0
GGCTTAAGTTAATCGG-1	0	0	0	6	0	0	0	0
GGCTTCAAGAGAGGCT-1	3	3	3	3	0	0	0	0
GGCTTCAAGCTCCTTA-1	9	6	14	14	0	0	0	0
GGCTTCAAGGGACCTC-1	2	2	2	2	0	0	0	0
GGCTTCAAGGTAGCTT-1	6	5	11	11	0	0	0	0
GGCTTCAAGGTGAAGC-1	6	0	12	14	0	0	0	0
GGGAATATCATGGTGT-1	0	0	0	6	0	0	0	0
GGGAATATCCTTCTAG-1	2	2	9	2	0	0	0	0
GGGAATATCTATTGTC-1	2	2	2	2	0	0	0	0
GGGAGTAGTATTGTGG-1	2	2	2	2	0	0	0	0
GGGAGTAGTCATAACG-1	2	2	2	2	0	0	0	0
GGGATAATCATAACTG-1	0	0	0	6	0	0	0	0
GGGATTAAGCGATAGA-1	2	2	2	2	0	0	0	0
GGGATTAAGCTGTCAG-1	3	3	3	3	0	0	0	0
GGGATTAAGGCCGGAA-1	6	5	12	14	0	0	0	0
GGGATTAAGTGAGGGT-1	6	5	12	12	0	0	0	0
GGGCATGAGAGGCTAA-1	4	4	4	4	0	0	0	0
GGGCATGAGCTTTGGG-1	2	2	2	2	0	0	0	0
GGGCATGAGGGTGGAT-1	1	1	1	1	0	0	0	0
GGGCATGAGGTCAAAG-1	0	0	0	0	0	0	0	0
GGGCCTAGTAACGTGC-1	0	0	5	6	0	0	0	0
GGGCCTAGTAGGATCC-1	9	6	14	14	0	0	0	0
GGGCGAATCTGCAACG-1	0	0	0	6	0	0	0	0
GGGCTAACACGGTTTA-1	0	0	0	0	0	0	0	0
GGGCTAACAGGCGAGT-1	5	6	13	13	0	0	0	0
GGGCTAACATGTCAGC-1	6	5	6	5	0	0	0	0
GGGTATTTCCGTTATT-1	5	6	13	13	0	0	0	0
GGGTATTTCGATAACC-1	2	2	2	2	0	0	0	0
GGGTATTTCTTGATGA-1	4	4	4	4	0	0	0	0
GGGTCAACACAAAGCG-1	0	0	0	0	0	0	0	0
GGGTCAACACAGGGAC-1	6	5	11	11	0	0	0	0
GGGTCAACATTGCAGC-1	5	6	13	13	0	0	0	0
GGGTCACTCCTGGTGA-1	2	2	2	2	0	0	0	0
GGGTCACTCTAGCGAT-1	2	2	2	2	0	0	0	0
GGGTCACTCTGTGCCT-1	9	9	16	16	0	0	0	0
GGGTGAAGTGCTCCAC-1	4	4	4	4	0	0	0	0
GGGTGAAGTGGTTATG-1	3	3	3	3	0	0	0	0
GGGTGAAGTTTGGTTC-1	2	2	2	2	0	0	0	0
GGGTGTTGTAATGACT-1	3	3	3	3	0	0	0	0
GGGTGTTGTCTTTGAC-1	4	4	4	4	0	0	0	0
GGGTGTTGTTGGATAT-1	6	5	6	5	0	0	0	0
GGGTTACGTAGCCTCC-1	4	4	4	4	0	0	0	0
GGGTTACGTCACACCC-1	2	2	2	2	0	0	0	0
GGGTTACGTGATCAGC-1	9	6	14	14	0	0	0	0
GGGTTACGTGCATTAG-1	9	6	14	14	0	0	0	0
GGGTTATTCATAACTG-1	2	2	9	2	0	0	0	0
GGGTTATTCGGTTAGT-1	3	3	3	3	0	0	0	0
GGGTTATTCTAATTGG-1	6	5	11	11	0	0	0	0
GGGTTATTCTTAATGG-1	4	4	4	4	0	0	0	0
GGGTTTCCAGCAAATA-1	2	2	2	2	0	0	0	0
GGGTTTGTCAAATCGC-1	0	0	0	6	0	0	0	0
GGGTTTGTCGCATCCT-1	2	2	2	2	0	0	0	0
GGGTTTGTCGGCTAGC-1	2	2	9	2	0	0	0	0
GGTAAACCAAACTAAG-1	9	6	14	14	0	0	0	0
GGTAAACCACCAACCG-1	6	5	6	5	0	0	0	0
GGTAAACCAGCTAACC-1	2	2	2	2	0	0	0	0
GGTAAACCAGGTCCTG-1	9	6	14	14	0	0	0	0
GGTAAACCATCCATCT-1	0	0	0	6	0	0	0	0
GGTAACCGTAAAGCGG-1	2	2	2	2	0	0	0	0
GGTAACCGTAACCAGC-1	6	5	11	11	0	0	0	0
GGTAACCGTAGGTTGC-1	2	2	9	2	0	0	0	0
GGTAACCGTATTGGTG-1	6	5	11	11	0	0	0	0
GGTAACCGTTACTTGC-1	6	5	6	5	0	0	0	0
GGTAACCGTTTGAGCA-1	2	2	2	2	0	0	0	0
GGTAACTTCAGGATGA-1	0	0	0	6	0	0	0	0
GGTAACTTCATTGACA-1	6	5	12	12	0	0	0	0
GGTAACTTCGACCTGA-1	5	6	13	13	0	0	0	0
GGTAACTTCGCTATAA-1	6	5	11	11	0	0	0	0
GGTAACTTCTTGAGGT-1	8	8	8	9	1	1	1	1
GGTAAGGGTTGCTGGG-1	6	5	11	11	0	0	0	0
GGTAATTGTTAACACG-1	0	0	0	14	0	0	0	0
GGTACAAAGAATCGCT-1	4	4	4	4	0	0	0	0
GGTACAAAGGTCTTGG-1	3	3	3	3	0	0	0	0
GGTACTAGTGACCTGG-1	5	6	13	13	0	0	0	0
GGTACTAGTGTTTCAC-1	5	6	13	13	0	0	0	0
GGTACTAGTTTGGGTA-1	0	0	0	6	0	0	0	0
GGTACTTAGCAACATC-1	7	7	7	8	0	0	0	0
GGTACTTAGGCATGTT-1	0	0	0	0	0	0	0	0
GGTACTTAGTAGCGGG-1	6	5	6	5	0	0	0	0
GGTAGGAGTAGGTTAT-1	4	4	4	4	0	0	0	0
GGTAGGAGTCAAAGAA-1	5	6	5	7	0	0	0	0
GGTAGGAGTGCAATAT-1	5	6	5	7	0	0	0	0
GGTAGGAGTGCTCACC-1	2	2	2	2	0	0	0	0
GGTAGGAGTGGCTTCC-1	0	0	0	0	0	0	0	0
GGTAGGAGTTACCTGT-1	2	2	2	2	0	0	0	0
GGTATGTTCGGGACTC-1	0	0	0	0	0	0	0	0
GGTATTGGTCAGGAAG-1	3	3	3	3	0	0	0	0
GGTATTGGTTGAATCG-1	6	5	6	5	0	0	0	0
GGTATTTCAGCATGTC-1	7	7	7	8	0	0	0	0
GGTATTTCATCCAGGT-1	6	5	6	5	0	0	0	0
GGTCAAGCAATTTAGC-1	2	2	2	2	0	0	0	0
GGTCAAGCATTAGGTT-1	6	5	11	11	0	0	0	0
GGTCAGGAGAAGCTAG-1	2	2	2	2	0	0	0	0
GGTCAGGAGTGAGCAA-1	7	7	7	8	0	0	0	0
GGTCAGGAGTTATCTC-1	0	0	5	7	0	0	0	0
GGTCATTAGCATGCAT-1	2	2	2	2	0	0	0	0
GGTCATTAGGAAGCTA-1	3	3	3	3	0	0	0	0
GGTCATTAGGACCTGC-1	2	2	2	2	0	0	0	0
GGTCATTAGGATTGCT-1	2	2	2	2	0	0	0	0
GGTCCATCAATTGACT-1	3	3	3	3	0	0	0	0
GGTCCATCACAATGCC-1	6	6	11	14	0	0	0	0
GGTCCATCACCTGGTG-1	2	2	2	2	0	0	0	0
GGTCCATCATGCTTAG-1	0	0	5	6	0	0	0	0
GGTCCGTAGAAGGTGC-1	2	2	2	2	0	0	0	0
GGTCCGTAGCAGGCCT-1	0	0	0	0	0	0	0	0
GGTCCGTAGCCATCAG-1	6	5	12	12	0	0	0	0
GGTCCGTAGGATCCGC-1	4	4	4	4	0	0	0	0
GGTCCGTAGTCATTTC-1	6	5	6	5	0	0	0	0
GGTCCGTAGTTACTTC-1	6	5	11	11	0	0	0	0
GGTCCTGCAACCCTAA-1	0	0	0	6	0	0	0	0
GGTCCTGCAGATTCAT-1	6	5	11	11	0	0	0	0
GGTCCTGCATTATGCG-1	0	0	0	0	0	0	0	0
GGTCCTGCATTGCGGT-1	6	5	11	11	0	0	0	0
GGTCGGTTCCCATAAA-1	6	5	6	5	0	0	0	0
GGTCGGTTCGCTCCAT-1	5	6	5	7	0	0	0	0
GGTCGGTTCTTGAGGT-1	2	2	9	2	0	0	0	0
GGTCTTGAGACAAAGT-1	9	3	10	10	0	0	0	0
GGTCTTGAGCTAATCA-1	2	2	2	2	0	0	0	0
GGTCTTGAGGAGCAAC-1	7	7	7	8	0	0	0	0
GGTCTTGAGGCGAAAC-1	0	0	0	0	0	0	0	0
GGTCTTGAGGTATTGC-1	2	2	9	2	0	0	0	0
GGTCTTGAGGTCGATT-1	6	5	6	5	0	0	0	0
GGTCTTTGTAGTTAAC-1	4	4	4	4	0	0	0	0
GGTCTTTGTCATCATC-1	6	5	6	5	0	0	0	0
GGTCTTTGTCGTAAAT-1	3	3	3	3	0	0	0	0
GGTCTTTGTTCACCCA-1	2	2	9	2	0	0	0	0
GGTCTTTGTTTGTCTA-1	3	3	3	3	0	0	0	0
GGTGAGCCAAACCCTA-1	2	2	2	2	0	0	0	0
GGTGAGCCAAACCTTG-1	6	5	6	5	0	0	0	0
GGTGAGCCAGCCAGAA-1	7	7	7	8	0	0	0	0
GGTGAGCCAGTTTGGC-1	6	5	11	12	0	0	0	0
GGTGAGGTCATAACTG-1	0	0	0	0	0	0	0	0
GGTGAGGTCCCTCGCA-1	2	2	9	2	0	0	0	0
GGTGAGGTCCGCCTAT-1	2	2	2	2	0	0	0	0
GGTGAGTAGCTGCACA-1	7	7	7	8	0	0	0	0
GGTGATTTCAAGTGTC-1	0	0	0	0	0	0	0	0
GGTGCTGGTCAAAGAA-1	9	3	10	10	0	0	0	0
GGTGCTGGTTAGGACC-1	0	0	0	6	0	0	0	0
GGTGCTTCAAACTCAT-1	5	6	5	7	0	0	0	0
GGTGCTTCAAGTGTCC-1	6	5	12	12	0	0	0	0
GGTGCTTCACATTAAC-1	3	3	3	3	0	0	0	0
GGTGTCCAGCGCATTG-1	4	4	4	4	0	0	0	0
GGTGTGACAAGGAATC-1	6	5	12	12	0	0	0	0
GGTGTGACAATTGAAG-1	0	0	0	0	0	0	0	0
GGTGTGACAGACAAAC-1	4	4	4	4	0	0	0	0
GGTGTGACAGCTAACC-1	1	1	1	1	0	0	0	0
GGTGTGACATCCTAGA-1	4	4	4	4	0	0	0	0
GGTGTTGTCATTAGTG-1	1	1	1	1	0	0	0	0
GGTGTTGTCGCTAGCA-1	6	5	12	12	0	0	0	0
GGTTAATGTACCGAAC-1	4	4	4	4	0	0	0	0
GGTTAATGTCGTTATC-1	1	1	1	1	0	0	0	0
GGTTAATGTGAAGCCT-1	2	2	9	2	0	0	0	0
GGTTAATGTGCAATGC-1	3	3	3	3	0	0	0	0
GGTTACCCACACTAAT-1	4	4	4	4	0	0	0	0
GGTTACCCAGCATGAG-1	9	6	14	14	0	0	0	0
GGTTACCCAGTAATAG-1	3	3	3	3	0	0	0	0
GGTTACTAGTAACGGA-1	9	9	16	16	0	0	0	0
GGTTAGCGTACAATGT-1	0	0	0	0	0	0	0	0
GGTTAGCGTGGGTACT-1	2	2	3	3	0	0	0	0
GGTTATGGTAATCACG-1	6	5	6	5	0	0	0	0
GGTTCCCGTAGACAAA-1	0	0	0	0	0	0	0	0
GGTTCCCGTCACGAAC-1	5	6	13	13	0	0	0	0
GGTTCTTGTAATGGCC-1	0	5	5	11	0	0	0	0
GGTTCTTGTACCGAAC-1	3	3	3	3	0	0	0	0
GGTTCTTGTACCGTAA-1	3	3	3	3	0	0	0	0
GGTTCTTGTATTGCAG-1	5	6	13	13	0	0	0	0
GGTTCTTGTCAGGCAT-1	7	7	7	8	0	0	0	0
GGTTCTTGTTACAAAC-1	5	6	13	13	0	0	0	0
GGTTCTTGTTGCACGG-1	6	5	11	11	0	0	0	0
GGTTCTTGTTTGAGGC-1	3	3	3	3	0	0	0	0
GGTTGACGTACCGTAA-1	6	5	12	12	0	0	0	0
GGTTGACGTACTTCAC-1	6	5	11	11	0	0	0	0
GGTTGACGTCAAACTG-1	3	3	3	3	0	0	0	0
GGTTGACGTCACACCC-1	2	2	2	2	0	0	0	0
GGTTGACGTTAGCTGA-1	0	0	0	14	0	0	0	0
GGTTGAGCAATAATCC-1	6	5	6	5	0	0	0	0
GGTTGAGCACAGGATG-1	3	3	3	3	0	0	0	0
GGTTGAGCAGCAACCT-1	2	2	2	2	0	0	0	0
GGTTGCATCATGCTCC-1	0	0	0	0	0	0	0	0
GGTTGCATCCACAATA-1	0	0	0	0	0	0	0	0
GGTTGCATCCAGGAAA-1	0	0	0	0	0	0	0	0
GGTTGCATCCCAGTAG-1	2	2	2	2	0	0	0	0
GGTTGCATCTCCTCAA-1	6	5	12	12	0	0	0	0
GGTTGCGGTATTACCC-1	9	3	10	10	0	0	0	0
GGTTGCGGTCACACCC-1	6	5	6	5	0	0	0	0
GGTTGCGGTCCAAGAC-1	0	0	0	0	0	0	0	0
GGTTGCTCAATAATGG-1	4	4	4	4	0	0	0	0
GGTTGCTCACTTCATC-1	0	0	0	6	0	0	0	0
GGTTGCTCATAATGAG-1	6	5	11	5	0	0	0	0
GGTTGGTGTGTTTGAG-1	7	7	7	8	0	0	0	0
GGTTGGTGTTAAGCTG-1	9	6	14	14	0	0	0	0
GGTTTAATCACTAAGC-1	6	5	6	5	0	0	0	0
GGTTTAATCAGGTTTA-1	8	8	8	9	1	1	1	1
GGTTTAATCTACTAAG-1	2	2	2	2	0	0	0	0
GGTTTCCTCATTACTC-1	0	0	0	6	0	0	0	0
GGTTTCTGTAGTAAGA-1	5	6	13	13	0	0	0	0
GGTTTCTGTGCCGCAA-1	6	5	6	5	0	0	0	0
GGTTTCTGTTGAGCCG-1	8	8	8	9	1	1	1	1
GGTTTCTGTTGGTTAG-1	7	7	7	8	0	0	0	0
GGTTTGTAGCCTCTGT-1	0	0	0	0	0	0	0	0
GGTTTGTAGCCTGACA-1	0	0	0	0	0	0	0	0
GGTTTGTAGGCCCAGT-1	2	2	2	2	0	0	0	0
GTAAAGCCACAACAAA-1	3	3	3	3	0	0	0	0
GTAAAGCCACCTCGCT-1	6	5	11	11	0	0	0	0
GTAAAGCCAGTTATGT-1	2	2	2	2	0	0	0	0
GTAAAGCCATGCATAT-1	1	1	1	1	0	0	0	0
GTAAGCAAGGCTATGT-1	3	3	3	3	0	0	0	0
GTAAGCAAGTTGCGTG-1	3	3	3	3	0	0	0	0
GTAAGCGCAACTGGCT-1	2	2	2	2	0	0	0	0
GTAAGCGCACGAACAG-1	3	3	3	3	0	0	0	0
GTAAGCTTCAATAGCC-1	0	0	0	0	0	0	0	0
GTAAGCTTCATGCCTC-1	1	1	1	1	0	0	0	0
GTAAGCTTCATGTTTC-1	2	2	2	2	0	0	0	0
GTAAGCTTCCCATAGG-1	2	2	2	2	0	0	0	0
GTAAGCTTCGCTATGG-1	3	3	3	3	0	0	0	0
GTAAGGTCAGGCGAGT-1	3	3	3	3	0	0	0	0
GTAAGGTCATGGAGGC-1	3	3	3	3	0	0	0	0
GTAATAGCAAACAACA-1	9	6	14	14	0	0	0	0
GTAATAGCAATTAACC-1	9	3	10	10	0	0	0	0
GTAATAGCAATTGAAG-1	2	2	2	2	0	0	0	0
GTAATAGCACAATTAC-1	0	0	0	0	0	0	0	0
GTAATAGCACACAATT-1	3	3	3	3	0	0	0	0
GTAATAGCAGCCAGTT-1	7	7	7	8	0	0	0	0
GTAATAGCAGGAAGCC-1	5	6	5	7	0	0	0	0
GTAATAGCAGTTGCGT-1	5	6	5	7	0	0	0	0
GTACAATGTCAGGCCA-1	6	5	11	11	0	0	0	0
GTACACCCAAAGGCCA-1	0	0	0	6	0	0	0	0
GTACCGGGTAATCCCT-1	2	2	2	2	0	0	0	0
GTACCGGGTCACCTAT-1	3	3	3	3	0	0	0	0
GTACCGGGTTACTAGG-1	0	5	5	11	0	0	0	0
GTACCGGGTTGCAATG-1	6	5	12	12	0	0	0	0
GTACCTTGTTATCGAG-1	6	5	6	5	0	0	0	0
GTACCTTGTTTGACCT-1	0	0	0	6	0	0	0	0
GTACGTAGTGATTTGG-1	3	3	3	3	0	0	0	0
GTACGTAGTTTACTTG-1	4	4	4	4	0	0	0	0
GTACTAATCCTGAGTG-1	2	2	9	2	0	0	0	0
GTACTAATCTTGCTAT-1	6	5	12	12	0	0	0	0
GTACTAGGTCATGCCC-1	8	8	8	9	1	1	1	1
GTACTAGGTGGGAACA-1	2	2	2	2	0	0	0	0
GTACTAGGTTGTCCAT-1	6	5	11	11	0	0	0	0
GTACTGGTCCCTCAAC-1	5	6	13	13	0	0	0	0
GTACTGGTCGAGCTAT-1	3	3	3	3	0	0	0	0
GTACTGGTCTTCAATC-1	2	2	11	11	0	0	0	0
GTACTTAAGCTTATGA-1	6	5	11	12	0	0	0	0
GTACTTAAGGCAACAA-1	2	2	9	2	0	0	0	0
GTACTTAAGGTTAGAG-1	6	5	12	12	0	0	0	0
GTACTTCGTACTTCAC-1	6	5	12	12	0	0	0	0
GTACTTCGTATTGCAG-1	0	0	0	0	0	0	0	0
GTACTTCGTGGATGTC-1	0	0	0	0	0	0	0	0
GTACTTCGTTAGTACG-1	6	5	12	12	0	0	0	0
GTACTTCGTTCCAGGG-1	2	2	2	2	0	0	0	0
GTACTTCGTTTAGTCC-1	6	5	11	11	0	0	0	0
GTAGCCATCGAGGAGT-1	6	5	11	11	0	0	0	0
GTAGCCATCTCTAGCC-1	3	3	3	3	0	0	0	0
GTAGCGCTCAAACCTA-1	3	3	3	3	0	0	0	0
GTAGCGCTCATGGCTG-1	0	0	0	0	0	0	0	0
GTAGCTGTCAGGCCTA-1	0	0	0	0	0	0	0	0
GTAGCTGTCCTTGAGG-1	5	6	5	7	0	0	0	0
GTAGCTGTCGGTTTCC-1	0	0	0	0	0	0	0	0
GTAGGAGGTGATGAGG-1	0	0	0	0	0	0	0	0
GTAGGAGGTGTGTCCC-1	1	1	1	1	0	0	0	0
GTAGGAGGTTGTAAAC-1	6	5	11	11	0	0	0	0
GTAGGATCATCCATCT-1	8	8	8	9	1	1	1	1
GTAGGCGAGGCATGAA-1	3	3	3	3	0	0	0	0
GTAGGTGCAGAGAGCC-1	6	5	11	11	0	0	0	0
GTAGTTATCAAGCTTA-1	2	2	2	2	0	0	0	0
GTAGTTATCATGAAGG-1	2	2	2	2	0	0	0	0
GTAGTTATCGGGACCT-1	0	0	0	0	0	0	0	0
GTAGTTATCTTGAGCG-1	0	0	0	6	0	0	0	0
GTAGTTTCAACTAGGG-1	6	5	12	12	0	0	0	0
GTAGTTTCAAGGTCCT-1	6	5	6	5	0	0	0	0
GTAGTTTCAATTTGGT-1	9	3	10	10	0	0	0	0
GTAGTTTCACATTGCA-1	2	2	2	2	0	0	0	0
GTATCGCCAAGGTAAC-1	3	3	3	3	0	0	0	0
GTATCGCCACCAACCG-1	3	3	3	3	0	0	0	0
GTATCGCCACCATATG-1	0	0	0	0	0	0	0	0
GTATCGCCACTTCATC-1	9	9	16	16	0	0	0	0
GTATCGCCATCAGTAT-1	2	2	2	2	0	0	0	0
GTATGTGGTAGCTGGT-1	1	1	1	1	0	0	0	0
GTATGTGGTGGATTCA-1	0	0	0	6	0	0	0	0
GTATGTTCAACACCTA-1	2	2	9	2	0	0	0	0
GTATTCAAGCATGACT-1	6	5	6	5	0	0	0	0
GTATTCAAGCGAAGTA-1	2	2	2	2	0	0	0	0
GTATTGATCACTCAAA-1	9	6	14	14	0	0	0	0
GTATTGATCCGCACAA-1	4	4	4	4	0	0	0	0
GTATTGATCTCACTCA-1	4	4	4	4	0	0	0	0
GTATTGCAGAAAGCAT-1	2	2	9	2	0	0	0	0
GTATTGCAGGCGGATG-1	2	2	2	2	0	0	0	0
GTATTGCAGTTATCTC-1	2	2	2	2	0	0	0	0
GTATTGTCACAAAGCG-1	6	5	6	5	0	0	0	0
GTATTGTCACATTGCA-1	6	5	12	12	0	0	0	0
GTATTGTCACCGGCTA-1	2	2	2	2	0	0	0	0
GTCAAACTCAGCTAAC-1	6	5	11	11	0	0	0	0
GTCAATATCGATTTGA-1	2	2	9	2	0	0	0	0
GTCAGGCTCACTAAGC-1	2	2	9	2	0	0	0	0
GTCAGGCTCAGAAACG-1	0	5	5	12	0	0	0	0
GTCAGGCTCGCCTGTT-1	6	5	11	5	0	0	0	0
GTCAGGCTCGGCCAGT-1	0	0	0	0	0	0	0	0
GTCATCACAAAGCGCA-1	6	5	6	5	0	0	0	0
GTCATCACAGCAATAA-1	2	2	2	2	0	0	0	0
GTCATCACATACCCGG-1	0	0	0	6	0	0	0	0
GTCATCACATTGCAGC-1	6	5	12	12	0	0	0	0
GTCATCCTCAATCATG-1	6	5	11	11	0	0	0	0
GTCATCCTCATGCCTC-1	7	7	7	8	0	0	0	0
GTCATCCTCCCGAACA-1	4	4	4	4	0	0	0	0
GTCATCCTCGTTATCT-1	0	0	0	0	0	0	0	0
GTCATGAGTCATAACG-1	6	5	6	5	0	0	0	0
GTCATGAGTCGACTAA-1	8	8	8	9	1	1	1	1
GTCATGAGTGCGCATG-1	2	2	2	2	0	0	0	0
GTCATGAGTTAGCAGC-1	8	8	8	9	1	1	1	1
GTCATGAGTTCCGCAC-1	3	3	3	3	0	0	0	0
GTCATGAGTTTACGTC-1	9	9	16	16	0	0	0	0
GTCATGCCAATTATGC-1	7	7	7	8	0	0	0	0
GTCATGCCATGTTGCA-1	2	2	2	2	0	0	0	0
GTCATTAAGCTTCCCG-1	6	5	6	5	0	0	0	0
GTCATTAAGGAGTCTT-1	4	4	4	4	0	0	0	0
GTCATTAAGGTTAGAG-1	6	5	12	12	0	0	0	0
GTCCAAGTCCCTGGTT-1	7	7	7	8	0	0	0	0
GTCCAAGTCGTTAGCG-1	6	5	12	12	0	0	0	0
GTCCAGGGTCCCGAAG-1	6	5	6	5	0	0	0	0
GTCCAGGGTGGGAACA-1	3	3	3	3	0	0	0	0
GTCCATTGTAATGGAA-1	4	4	4	4	0	0	0	0
GTCCATTGTGCGCGTA-1	8	8	8	9	1	1	1	1
GTCCGTAAGCCACAAT-1	8	8	8	9	1	1	1	1
GTCCGTAAGGCTAATC-1	6	5	6	5	0	0	0	0
GTCCGTAAGGTCGAGG-1	6	5	6	5	0	0	0	0
GTCCGTAAGTGCACGC-1	5	6	5	7	0	0	0	0
GTCCGTAAGTTGCCTC-1	0	0	0	6	0	0	0	0
GTCCGTAAGTTGTCTT-1	2	2	9	2	0	0	0	0
GTCCTAGAGATAAAGC-1	6	5	11	11	0	0	0	0
GTCCTAGAGATTGAGG-1	2	2	2	2	0	0	0	0
GTCCTAGAGGCTGTGC-1	7	7	7	8	0	0	0	0
GTCCTCAGTAGCAGCT-1	5	6	5	7	0	0	0	0
GTCCTCAGTCCCGAAG-1	6	5	12	12	0	0	0	0
GTCCTCAGTGATCAGC-1	2	2	2	2	0	0	0	0
GTCCTCAGTGCTGTAA-1	2	2	2	2	0	0	0	0
GTCCTCAGTGCTTTAC-1	2	2	9	2	0	0	0	0
GTCCTCAGTTAGGCTA-1	0	6	5	7	0	0	0	0
GTCCTCAGTTGCACAA-1	3	3	3	3	0	0	0	0
GTCCTCCCACAATGCC-1	0	0	0	6	0	0	0	0
GTCCTCCCAGCGCTTG-1	0	0	0	6	0	0	0	0
GTCGAAGCAACATAAG-1	0	0	0	0	0	0	0	0
GTCGAAGCAGGCCAAA-1	0	0	0	6	0	0	0	0
GTCGAAGCATATAACC-1	6	5	12	12	0	0	0	0
GTCGAGGAGAGCCGCT-1	7	7	7	8	0	0	0	0
GTCGAGGAGCGCATTG-1	2	2	2	2	0	0	0	0
GTCGAGGAGCTTATGA-1	7	7	7	8	0	0	0	0
GTCGAGGAGTCTATGA-1	6	5	12	12	0	0	0	0
GTCGAGGAGTGAGGTA-1	9	6	14	14	0	0	0	0
GTCGCAATCATGCGTG-1	2	2	9	2	0	0	0	0
GTCGCAATCCAAGTGT-1	0	0	0	0	0	0	0	0
GTCGCAATCCCGCATT-1	0	0	0	0	0	0	0	0
GTCGCAATCCTGGCTT-1	2	2	9	2	0	0	0	0
GTCGCAATCTGTGCAG-1	1	1	1	1	0	0	0	0
GTCGGTTCAAACATAG-1	0	6	5	7	0	0	0	0
GTCGGTTCATTGTGGC-1	6	5	12	12	0	0	0	0
GTCTAACAGAGAGCCG-1	0	6	13	13	0	0	0	0
GTCTAACAGAGAGGCT-1	2	2	9	2	0	0	0	0
GTCTAACAGCACGATT-1	0	0	0	0	0	0	0	0
GTCTAACAGTTGGATC-1	5	6	13	13	0	0	0	0
GTCTAATCATGTCAGC-1	3	3	3	3	0	0	0	0
GTCTAGCCAAGATTCT-1	1	1	1	1	0	0	0	0
GTCTAGCCAGGCGATA-1	3	3	3	3	0	0	0	0
GTCTAGCCATCGCTCC-1	0	0	0	6	0	0	0	0
GTCTAGCCATCTTGAG-1	0	0	0	6	0	0	0	0
GTCTAGCCATTAAGCT-1	3	3	3	3	0	0	0	0
GTCTATCGTATGGTGC-1	7	7	7	8	0	0	0	0
GTCTATCGTGTGAGGA-1	2	2	9	2	0	0	0	0
GTCTATCGTTAGCTGA-1	2	2	9	2	0	0	0	0
GTCTATGCAAGGTCCT-1	2	2	2	2	0	0	0	0
GTCTATGCACGCAACT-1	0	6	5	7	0	0	0	0
GTCTATGCAGGTATTT-1	0	0	5	6	0	0	0	0
GTCTATGCATTCCTGT-1	6	5	12	12	0	0	0	0
GTCTCACTCATTACTC-1	9	3	10	10	0	0	0	0
GTCTCACTCTTGTTCG-1	0	0	0	6	0	0	0	0
GTCTCACTCTTTGTAC-1	6	5	11	11	0	0	0	0
GTCTTGCTCCAAGTGT-1	2	2	2	2	0	0	0	0
GTCTTGCTCTTGCAAA-1	1	1	1	1	0	0	0	0
GTCTTTAGTAATGGCC-1	0	0	0	6	0	0	0	0
GTCTTTAGTCTTACTA-1	0	0	0	0	0	0	0	0
GTCTTTAGTGATTACG-1	0	0	0	6	0	0	0	0
GTCTTTAGTGCATTTC-1	3	3	3	3	0	0	0	0
GTCTTTAGTGTTGTAG-1	2	2	2	2	0	0	0	0
GTCTTTAGTTAACACG-1	2	2	2	2	0	0	0	0
GTCTTTAGTTTGAGCA-1	6	5	6	5	0	0	0	0
GTCTTTGTCTTAATGG-1	6	5	11	5	0	0	0	0
GTCTTTGTCTTGCAAA-1	2	2	9	2	0	0	0	0
GTGAACAAGATAAAGC-1	0	0	0	0	0	0	0	0
GTGAACAAGCCGCAGT-1	5	6	5	7	0	0	0	0
GTGAACAAGCCTAATA-1	2	2	2	2	0	0	0	0
GTGAACAAGTCACTAA-1	3	3	3	3	0	0	0	0
GTGAATCTCACACAGT-1	5	6	13	13	0	0	0	0
GTGAGCGAGTGCTGTG-1	2	2	9	2	0	0	0	0
GTGAGGAGTAATCACG-1	4	4	4	4	0	0	0	0
GTGAGGAGTATTGGTG-1	6	5	11	11	0	0	0	0
GTGAGGAGTGAAGCCT-1	9	6	14	14	0	0	0	0
GTGATCAGTACAATGT-1	2	2	2	2	0	0	0	0
GTGATCAGTCACAAAT-1	2	2	9	2	0	0	0	0
GTGATCAGTTATGTGG-1	3	3	3	3	0	0	0	0
GTGATCAGTTTGCTGT-1	0	0	0	0	0	0	0	0
GTGCAAGCAATTATGC-1	7	7	7	8	0	0	0	0
GTGCAAGCACAGAACG-1	4	4	4	4	0	0	0	0
GTGCAAGCACCATATG-1	3	3	3	3	0	0	0	0
GTGCAAGCACCGTTCC-1	1	1	1	1	0	0	0	0
GTGCACGGTATTGTCC-1	4	4	4	4	0	0	0	0
GTGCATTAGGCTCATG-1	6	5	6	5	0	0	0	0
GTGCATTAGTCTATGA-1	0	0	0	0	0	0	0	0
GTGCGCAGTACTGATG-1	9	6	14	14	0	0	0	0
GTGCGCAGTTGGATAT-1	0	0	0	6	0	0	0	0
GTGCGGTTCACGTTAA-1	3	3	3	3	0	0	0	0
GTGCGGTTCACTAATG-1	9	6	14	14	0	0	0	0
GTGCGGTTCAGCTAAC-1	6	5	11	11	0	0	0	0
GTGCGGTTCATGGTTA-1	3	3	3	3	0	0	0	0
GTGCGGTTCATTGCGG-1	2	2	2	2	0	0	0	0
GTGCGGTTCTTGAGGT-1	3	3	3	3	0	0	0	0
GTGCTCAAGCCTGAGC-1	0	0	5	6	0	0	0	0
GTGCTCAAGCTAATTG-1	6	5	6	5	0	0	0	0
GTGCTCAAGGTTTGCG-1	6	5	12	12	0	0	0	0
GTGCTCCGTGATCAGC-1	3	3	3	3	0	0	0	0
GTGCTCCGTGGTGAGA-1	6	5	11	5	0	0	0	0
GTGCTCCGTTGTTGTC-1	1	1	1	1	0	0	0	0
GTGCTGATCAATGTGC-1	9	9	16	16	0	0	0	0
GTGCTGATCCAACTGG-1	2	2	2	2	0	0	0	0
GTGCTGATCCAAGTTA-1	4	4	4	4	0	0	0	0
GTGCTGGGTCATGAGC-1	6	5	12	12	0	0	0	0
GTGCTGGGTCCTTCTC-1	0	0	0	0	0	0	0	0
GTGCTGGGTGTTAGCA-1	6	5	12	12	0	0	0	0
GTGCTTACAAACCTAT-1	6	6	12	12	0	0	0	0
GTGCTTACAATAACCT-1	3	3	3	3	0	0	0	0
GTGCTTACAATTGAAG-1	6	5	12	12	0	0	0	0
GTGCTTACACTTACAG-1	6	5	11	11	0	0	0	0
GTGCTTACATCTTGAG-1	4	4	4	4	0	0	0	0
GTGCTTCTCAAAGGCA-1	9	6	14	14	0	0	0	0
GTGCTTCTCCGTAAAC-1	0	0	0	0	0	0	0	0
GTGCTTCTCCTCCATA-1	6	5	11	11	0	0	0	0
GTGCTTCTCGTTAAGC-1	2	2	2	2	0	0	0	0
GTGGATGCAGCTACGT-1	2	2	9	2	0	0	0	0
GTGGATGCATGGCCCA-1	6	5	6	5	0	0	0	0
GTGGATGCATGTTGTG-1	2	2	2	2	0	0	0	0
GTGGCTTCAAGGTCCT-1	0	0	0	0	0	0	0	0
GTGGCTTCAATTTAGC-1	0	0	0	0	0	0	0	0
GTGGCTTCACCTCAGG-1	4	4	4	4	0	0	0	0
GTGGCTTCATTTAAGC-1	4	4	4	4	0	0	0	0
GTGGTTAGTCACACCC-1	3	3	3	3	0	0	0	0
GTGGTTAGTGCTCCAC-1	0	0	0	0	0	0	0	0
GTGTAACTCATTAGGC-1	9	3	10	10	0	0	0	0
GTGTAACTCCTTGCGT-1	0	0	0	6	0	0	0	0
GTGTCCAAGCGGATTT-1	0	0	0	6	0	0	0	0
GTGTCCAAGCTCCTTA-1	3	3	3	3	0	0	0	0
GTGTCCAAGGCTTAGT-1	3	3	3	3	0	0	0	0
GTGTCCAAGGGTGGAT-1	2	2	2	2	0	0	0	0
GTGTCCAAGTTATTCC-1	6	5	11	11	0	0	0	0
GTGTCCAAGTTTGCGG-1	2	2	2	2	0	0	0	0
GTGTGAGCAATACTGT-1	6	5	11	5	0	0	0	0
GTGTGAGCACACAATT-1	0	0	0	0	0	0	0	0
GTGTGAGCACCACAAC-1	6	5	6	5	0	0	0	0
GTGTGCGGTCGCATAA-1	6	5	11	11	0	0	0	0
GTGTGCGGTTAAGCGC-1	3	3	3	3	0	0	0	0
GTGTGCGGTTCCGGCT-1	6	5	11	11	0	0	0	0
GTGTGCGGTTTCCACG-1	1	1	1	1	0	0	0	0
GTGTGCGGTTTCGCGC-1	0	0	0	0	0	0	0	0
GTGTGTTAGCACGATT-1	3	3	3	3	0	0	0	0
GTGTGTTAGGAGTCGG-1	3	3	3	3	0	0	0	0
GTGTGTTAGGGATTAG-1	6	5	6	5	0	0	0	0
GTGTGTTAGTTGGCCA-1	0	5	5	11	0	0	0	0
GTGTTACAGGGCTTTG-1	1	1	1	1	0	0	0	0
GTGTTACAGTGAGCGG-1	3	3	3	3	0	0	0	0
GTGTTACAGTTACCGG-1	8	8	8	9	1	1	1	1
GTGTTCCTCAGGATGA-1	8	8	8	9	1	1	1	1
GTGTTCCTCGAGCTAT-1	5	5	5	5	0	0	0	0
GTTAAACGTTAGGCGT-1	4	4	4	4	0	0	0	0
GTTAACCAGGAACGGT-1	0	0	0	6	0	0	0	0
GTTAACCAGGCCAATT-1	1	1	1	1	0	0	0	0
GTTAACCAGGTGAAAT-1	0	0	0	0	0	0	0	0
GTTAACGGTCATGCCC-1	2	2	2	2	0	0	0	0
GTTAACGGTCTTTGAC-1	2	2	9	2	0	0	0	0
GTTAACGGTTGCGCGA-1	6	5	11	11	0	0	0	0
GTTAAGCTCCATTACT-1	7	7	7	8	0	0	0	0
GTTAAGCTCTTGGATA-1	6	5	11	11	0	0	0	0
GTTAAGTGTCATTGAG-1	1	1	1	1	0	0	0	0
GTTAAGTGTCTAACAG-1	6	5	6	5	0	0	0	0
GTTAAGTGTGGAGCAA-1	8	8	8	9	1	1	1	1
GTTAATGTCCTGATGG-1	2	2	2	2	0	0	0	0
GTTAATGTCTTAGCCC-1	6	5	6	5	0	0	0	0
GTTACAGGTTCCGCAC-1	3	3	3	3	0	0	0	0
GTTACCTGTACCAGGT-1	2	2	2	2	0	0	0	0
GTTACGCCATAGGCGA-1	4	4	4	4	0	0	0	0
GTTACGTAGTTACCGG-1	5	6	5	7	0	0	0	0
GTTACTAAGCAACAAG-1	3	3	3	3	0	0	0	0
GTTACTAAGCACTTGG-1	5	6	5	7	0	0	0	0
GTTACTAAGCTCAAAC-1	0	0	0	0	0	0	0	0
GTTACTAAGGTTTACA-1	0	0	0	6	0	0	0	0
GTTACTAAGTATGTGC-1	5	6	13	13	0	0	0	0
GTTACTCGTCGCATAA-1	6	5	11	11	0	0	0	0
GTTACTCGTCTCACTG-1	6	5	6	5	0	0	0	0
GTTACTCGTTAACACG-1	6	5	11	11	0	0	0	0
GTTACTCGTTGGCCGA-1	2	2	2	2	0	0	0	0
GTTACTCGTTTCGCGC-1	6	5	11	11	0	0	0	0
GTTAGACTCAAGACTC-1	4	4	4	4	0	0	0	0
GTTAGACTCCCAGTAG-1	3	3	3	3	0	0	0	0
GTTAGACTCGACAAAG-1	0	0	5	7	0	0	0	0
GTTAGGCGTGAGCACT-1	2	2	9	2	0	0	0	0
GTTAGGCGTTTCCGGC-1	4	4	4	4	0	0	0	0
GTTCACCTCCCTCACG-1	9	6	14	14	0	0	0	0
GTTCACCTCCGGTATG-1	0	0	5	0	0	0	0	0
GTTCACCTCCTCAGCT-1	6	5	6	5	0	0	0	0
GTTCATTTCATGCATA-1	6	5	6	5	0	0	0	0
GTTCATTTCCAAATCA-1	9	6	14	14	0	0	0	0
GTTCCCAGTAGGTGTC-1	0	0	0	0	0	0	0	0
GTTCCCAGTTAAATGC-1	5	6	13	13	0	0	0	0
GTTCCCAGTTAAGGTT-1	6	5	12	12	0	0	0	0
GTTCCCAGTTATCCGT-1	6	5	11	11	0	0	0	0
GTTCCCAGTTCCTGAT-1	3	3	3	3	0	0	0	0
GTTCCCAGTTTAGCTC-1	6	5	12	12	0	0	0	0
GTTCCCAGTTTGCTGT-1	3	3	3	3	0	0	0	0
GTTCCTGGTGTGTCCC-1	7	7	7	8	0	0	0	0
GTTCCTGGTTCATTTG-1	0	0	0	0	0	0	0	0
GTTCCTTCACAGGATG-1	2	2	9	2	0	0	0	0
GTTCCTTCACCTGCTC-1	9	3	14	14	0	0	0	0
GTTCGCGCAAGCGATG-1	7	7	7	8	0	0	0	0
GTTCGCGCAGCAAGGC-1	6	5	6	5	0	0	0	0
GTTCGCGCAGCTCAAC-1	1	2	2	1	0	0	0	0
GTTCGCGCAGGACCTT-1	2	2	2	2	0	0	0	0
GTTCGCTTCAAACCGT-1	0	0	0	0	0	0	0	0
GTTCGCTTCAAGCTTA-1	2	2	2	2	0	0	0	0
GTTCGCTTCATCGTTT-1	1	1	1	1	0	0	0	0
GTTCGCTTCGGTTAGT-1	2	2	9	2	0	0	0	0
GTTCGCTTCTTGCATT-1	6	5	6	5	0	0	0	0
GTTCTCATCAAGTGAG-1	0	0	11	0	0	0	0	0
GTTCTCATCAATCTCT-1	3	3	3	3	0	0	0	0
GTTCTCATCACCATTT-1	2	2	9	2	0	0	0	0
GTTCTCATCACTAGGT-1	8	8	8	9	1	1	1	1
GTTCTCATCATTACTC-1	2	2	2	2	0	0	0	0
GTTCTCATCCCTCACG-1	6	5	6	5	0	0	0	0
GTTCTCATCCGGGACT-1	2	2	2	2	0	0	0	0
GTTCTTAGTATTGAGT-1	3	3	3	3	0	0	0	0
GTTCTTAGTGCATCGG-1	0	0	0	6	0	0	0	0
GTTCTTAGTTTAGTCC-1	6	5	6	5	0	0	0	0
GTTCTTGTCAGCACCA-1	5	6	5	7	0	0	0	0
GTTCTTGTCCGGGACT-1	3	3	3	3	0	0	0	0
GTTCTTGTCTAAGGTC-1	0	0	0	6	0	0	0	0
GTTCTTGTCTAGCTAA-1	9	3	10	10	0	0	0	0
GTTGCATAGACAAACG-1	4	4	4	4	0	0	0	0
GTTGCATAGAGGATAT-1	0	0	0	0	0	0	0	0
GTTGCATAGGAACCAA-1	6	5	11	11	0	0	0	0
GTTGCCCGTCAATACG-1	5	6	5	7	0	0	0	0
GTTGCGGGTAAGCTCA-1	2	2	9	2	0	0	0	0
GTTGCGGGTGAATCGC-1	2	2	9	2	0	0	0	0
GTTGCGGGTGAGAAAC-1	5	6	5	7	0	0	0	0
GTTGCGGGTTGGTTGA-1	2	2	9	2	0	0	0	0
GTTGCTGAGGCAACAA-1	6	5	11	11	0	0	0	0
GTTGCTGAGGTACCGC-1	3	3	3	3	0	0	0	0
GTTGCTGAGTAAGTGG-1	6	5	6	5	0	0	0	0
GTTGCTGAGTTTAACG-1	6	5	6	5	0	0	0	0
GTTGGAGCAAGGTACG-1	4	4	4	4	0	0	0	0
GTTGGAGCAATTGCGC-1	2	2	2	2	0	0	0	0
GTTGGAGCACAATGCC-1	4	4	4	4	0	0	0	0
GTTGGAGCACCATATG-1	0	0	0	6	0	0	0	0
GTTGGAGCATAAGTCT-1	8	8	8	9	1	1	1	1
GTTGGCCAGGCATGTT-1	4	4	4	4	0	0	0	0
GTTGGCCAGGTCGAGG-1	2	2	9	2	0	0	0	0
GTTGGCCAGTAGGCGG-1	9	6	14	7	0	0	0	0
GTTGGCGGTAACCTAG-1	3	3	3	3	0	0	0	0
GTTGGCGGTAGTTAAC-1	3	3	3	3	0	0	0	0
GTTGGCGGTCTTACTA-1	3	3	3	3	0	0	0	0
GTTGGCGGTGTGTGGT-1	0	0	5	7	0	0	0	0
GTTGGCGGTTGCAGTA-1	0	0	5	6	0	0	0	0
GTTGTGAGTCGCAAAC-1	5	6	13	13	0	0	0	0
GTTGTGAGTGCATTAG-1	0	0	0	0	0	0	0	0
GTTGTGAGTGTTGTAG-1	3	3	3	3	0	0	0	0
GTTGTTGCAAATACCT-1	9	3	10	10	0	0	0	0
GTTGTTGCAGCTAATT-1	2	2	9	2	0	0	0	0
GTTTAACCAATTAGGA-1	3	3	3	3	0	0	0	0
GTTTAACCACTTCATC-1	6	5	12	12	0	0	0	0
GTTTAACCATCCCTCA-1	2	2	2	2	0	0	0	0
GTTTACCGTAAGCTTG-1	5	6	5	7	0	0	0	0
GTTTACCGTAATGGCC-1	2	2	2	2	0	0	0	0
GTTTACCGTCACAGAC-1	6	5	6	5	0	0	0	0
GTTTACCGTTCCGGCT-1	6	5	6	5	0	0	0	0
GTTTACCGTTTGTTGC-1	2	2	2	2	0	0	0	0
GTTTAGCAGCATGTCG-1	0	0	0	0	0	0	0	0
GTTTAGCAGCTAAAGG-1	6	5	11	11	0	0	0	0
GTTTAGCAGCTGAGGG-1	3	3	3	3	0	0	0	0
GTTTAGCAGGCTGGCT-1	9	6	14	14	0	0	0	0
GTTTAGCAGTCAGTAC-1	2	2	2	2	0	0	0	0
GTTTATCTCAGAAACG-1	2	2	2	2	0	0	0	0
GTTTATCTCCCTGATC-1	5	6	13	7	0	0	0	0
GTTTATCTCGGTCAAT-1	4	4	4	4	0	0	0	0
GTTTATCTCTTGTCCA-1	6	5	6	5	0	0	0	0
GTTTCCTCAAAGCGGC-1	3	3	3	3	0	0	0	0
GTTTCCTCACAGACTC-1	2	2	9	2	0	0	0	0
GTTTCCTCACCCACCT-1	7	7	7	8	0	0	0	0
GTTTCCTCATACTCCT-1	2	2	9	2	0	0	0	0
GTTTCTAGTGCTAGAC-1	6	5	12	12	0	0	0	0
GTTTCTAGTTATAGCG-1	0	0	0	0	0	0	0	0
GTTTCTAGTTCCTCCT-1	0	0	0	0	0	0	0	0
GTTTGCTGTGGGTACT-1	2	2	2	2	0	0	0	0
GTTTGCTGTTGTTGGA-1	4	4	4	4	0	0	0	0
GTTTGTAAGCACAGCC-1	7	7	7	8	0	0	0	0
GTTTGTAAGGTTTGCG-1	2	2	2	2	0	0	0	0
GTTTGTAAGTAACTCA-1	2	2	2	2	0	0	0	0
GTTTGTAAGTAAGAAC-1	0	0	0	0	0	0	0	0
GTTTGTCGTAATCGCA-1	9	6	14	14	0	0	0	0
GTTTGTCGTAATGGAA-1	2	2	2	2	0	0	0	0
GTTTGTCGTCATTGTC-1	6	5	6	5	0	0	0	0
GTTTGTCGTCGACTAA-1	3	3	3	3	0	0	0	0
GTTTGTCGTCGCAAAC-1	3	3	3	3	0	0	0	0
GTTTGTCGTTCGGTAA-1	3	3	3	3	0	0	0	0
GTTTGTTTCACCATTT-1	3	3	3	3	0	0	0	0
TAAACAGCAAGCCAGA-1	0	0	0	0	0	0	0	0
TAAACAGCACCACAAC-1	5	6	13	13	0	0	0	0
TAAACAGCAGCACGTT-1	2	2	9	2	0	0	0	0
TAAACAGCAGGCTTCG-1	0	0	0	0	0	0	0	0
TAAACAGCATAGGCGA-1	0	0	0	0	0	0	0	0
TAAACAGCATGTCAGC-1	5	6	13	13	0	0	0	0
TAAAGCCTCAAGGACA-1	9	6	14	14	0	0	0	0
TAAAGCCTCATAACTG-1	0	0	0	0	0	0	0	0
TAAAGCCTCCTCCCTC-1	0	0	0	6	0	0	0	0
TAACCGGTCATTGCAA-1	6	5	11	11	0	0	0	0
TAACCGGTCCCTCACG-1	0	0	0	6	0	0	0	0
TAACCGGTCGGGATTT-1	5	6	5	7	0	0	0	0
TAACCGGTCGTTAACA-1	0	0	0	6	0	0	0	0
TAACCTAAGACTATTG-1	2	2	2	2	0	0	0	0
TAACCTAAGATGGACA-1	5	6	5	7	0	0	0	0
TAACCTAAGCTAATCA-1	6	5	12	12	0	0	0	0
TAAGCCAGTGATGGCT-1	2	2	2	2	0	0	0	0
TAAGCCAGTGCAACTA-1	6	5	6	5	0	0	0	0
TAAGCCAGTGCTTAGA-1	3	3	3	3	0	0	0	0
TAAGCCAGTTGCACAA-1	5	6	13	13	0	0	0	0
TAAGCCTAGGAAACTG-1	9	6	14	14	0	0	0	0
TAAGCTATCAAGTGTC-1	0	0	0	0	0	0	0	0
TAAGCTATCCTCGATC-1	0	0	0	0	0	0	0	0
TAAGCTATCGGTTTCC-1	4	4	4	4	0	0	0	0
TAAGCTATCTTGCAGG-1	7	7	7	8	0	0	0	0
TAAGCTGGTACCGTAA-1	0	0	0	0	0	0	0	0
TAAGCTGGTCCTAAGA-1	5	6	13	13	0	0	0	0
TAAGCTGGTGTGCACG-1	2	2	2	2	0	0	0	0
TAAGCTGGTTAGACCA-1	9	6	14	14	0	0	0	0
TAAGCTGGTTTGCGCC-1	2	2	2	2	0	0	0	0
TAAGGACCAATTGAAG-1	5	6	5	7	0	0	0	0
TAAGGCTTCAAATCGC-1	0	0	0	0	0	0	0	0
TAAGGCTTCCTGATGG-1	2	2	11	11	0	0	0	0
TAAGGCTTCGTTACTT-1	0	0	0	0	0	0	0	0
TAAGTAGCACAGAACG-1	4	4	4	4	0	0	0	0
TAAGTGCTCCCTCGCA-1	6	5	11	11	0	0	0	0
TAAGTGCTCCTTCAAT-1	7	7	7	8	0	0	0	0
TAAGTGCTCCTTGTTG-1	7	7	7	8	0	0	0	0
TAAGTGCTCGCTATAA-1	2	2	9	2	0	0	0	0
TAATCACCAAACCTTG-1	6	5	6	5	0	0	0	0
TAATCACCAACAGGTG-1	0	0	5	6	0	0	0	0
TAATCCGCAACCCTAA-1	2	2	2	2	0	0	0	0
TAATCCGCACAGAAAC-1	0	0	0	0	0	0	0	0
TAATCCGCAGGGAGCT-1	6	5	6	5	0	0	0	0
TAATGCATCATTGTTC-1	9	6	14	14	0	0	0	0
TAATGCATCCGCAAGC-1	0	0	0	0	0	0	0	0
TAATGCATCCTAGTCC-1	6	5	6	5	0	0	0	0
TAATGCATCGATTTGA-1	6	5	11	11	0	0	0	0
TAATGGACACGGTACT-1	6	5	6	5	0	0	0	0
TAATGGACACTAAATC-1	0	0	0	6	0	0	0	0
TAATGGACAGGTTATT-1	3	3	3	3	0	0	0	0
TAATGGACATTAAGTC-1	3	3	3	3	0	0	0	0
TAATGGACATTGCGGT-1	0	0	0	0	0	0	0	0
TAATGGTGTTAGCCAA-1	2	2	2	2	0	0	0	0
TAATGGTGTTTCCTCC-1	2	2	2	2	0	0	0	0
TAATTGCCAGTTTCTC-1	2	2	2	2	0	0	0	0
TACAACATCACGTTAA-1	2	2	9	2	0	0	0	0
TACAACATCTGGCTTC-1	6	5	11	5	0	0	0	0
TACAAGCTCTGGCATG-1	6	5	6	5	0	0	0	0
TACAATGTCCTTAAGA-1	6	5	6	5	0	0	0	0
TACAGCTAGTATCGCG-1	1	1	1	1	0	0	0	0
TACAGCTAGTTATCTC-1	8	8	8	9	1	1	1	1
TACAGGTTCATTGTTC-1	6	5	12	12	0	0	0	0
TACAGGTTCCTTTACG-1	4	4	4	4	0	0	0	0
TACAGGTTCGCCTGTT-1	1	1	1	1	0	0	0	0
TACAGGTTCGGTCAAT-1	0	0	0	6	0	0	0	0
TACATCAAGCTCCCTG-1	3	3	3	3	0	0	0	0
TACATCAAGGAACCGG-1	1	1	1	1	0	0	0	0
TACATCAAGGAGTAAT-1	6	5	6	5	0	0	0	0
TACATCAAGTCTATGA-1	0	0	0	14	0	0	0	0
TACATCAAGTTAGGCT-1	3	3	3	3	0	0	0	0
TACCAAATCATAGCCG-1	7	7	7	8	0	0	0	0
TACCAAATCCCATAAA-1	4	4	4	4	0	0	0	0
TACCAAATCCTGGCTT-1	2	2	2	2	0	0	0	0
TACCAAATCCTTCAAT-1	6	5	6	5	0	0	0	0
TACCAGGTCATCGTTT-1	0	0	0	0	0	0	0	0
TACCAGGTCATGAGCT-1	4	4	4	4	0	0	0	0
TACCAGGTCGCAATCG-1	6	5	11	11	0	0	0	0
TACCAGGTCGGCCAGT-1	4	4	4	4	0	0	0	0
TACCCGGCACATAGCC-1	6	5	6	5	0	0	0	0
TACCGAAGTCCGCTGT-1	0	0	0	6	0	0	0	0
TACCGAAGTGAGCACT-1	5	6	5	7	0	0	0	0
TACCGAAGTGCTTACT-1	0	6	5	7	0	0	0	0
TACCGAAGTGTCCAGG-1	2	2	2	2	0	0	0	0
TACCGCAAGCAAGGTA-1	3	3	3	3	0	0	0	0
TACCGCAAGGCCATCA-1	8	8	8	9	1	1	1	1
TACCGTTGTCGACTCC-1	4	4	4	4	0	0	0	0
TACCGTTGTTGCTGGG-1	2	2	9	2	0	0	0	0
TACCTCATCATGCTAA-1	3	3	3	3	0	0	0	0
TACCTCATCCACCTGT-1	3	3	3	3	0	0	0	0
TACCTCATCCCTGACT-1	9	6	14	14	0	0	0	0
TACCTCATCCTAATAG-1	9	6	14	14	0	0	0	0
TACCTCATCCTGGTCT-1	4	4	4	4	0	0	0	0
TACCTGCTCGGCTATG-1	7	7	7	8	0	0	0	0
TACCTGCTCTAGCTAA-1	0	0	0	0	0	0	0	0
TACCTTAGTAAGCTCA-1	2	2	9	2	0	0	0	0
TACCTTAGTGGGTGAA-1	5	6	13	13	0	0	0	0
TACCTTAGTTACTTCA-1	0	0	0	0	0	0	0	0
TACCTTTAGGGTCCAC-1	7	7	7	8	0	0	0	0
TACGCACCAATTAGCT-1	1	1	1	1	0	0	0	0
TACGCACCACGTAAGG-1	3	3	3	3	0	0	0	0
TACGCACCACGTAATT-1	7	7	7	8	0	0	0	0
TACGCACCAGGAATCG-1	2	2	9	2	0	0	0	0
TACGCTTGTAGCCATA-1	2	2	2	2	0	0	0	0
TACGCTTGTCCTTCTC-1	4	4	4	4	0	0	0	0
TACGCTTGTTAATCGG-1	6	5	12	12	0	0	0	0
TACGCTTGTTAGGTGC-1	2	2	3	2	0	0	0	0
TACGGATTCAATAGCC-1	2	2	9	2	0	0	0	0
TACGGATTCCAGCACA-1	6	5	6	5	0	0	0	0
TACGGATTCGTTCACC-1	6	5	6	5	0	0	0	0
TACGGTTAGCATGTTA-1	0	0	0	0	0	0	0	0
TACGGTTAGGCTACAT-1	0	0	0	6	0	0	0	0
TACGGTTAGGGACCTC-1	3	3	3	3	0	0	0	0
TACGTAATCATAGACC-1	3	3	3	3	0	0	0	0
TACGTAATCCTAAGAC-1	7	7	7	8	0	0	0	0
TACGTAATCGCAGGCT-1	0	0	0	6	0	0	0	0
TACGTAATCGTGCCTT-1	2	2	9	2	0	0	0	0
TACGTACAGACAAAGT-1	9	3	10	10	0	0	0	0
TACGTACAGAGAGCCG-1	0	0	0	0	0	0	0	0
TACGTACAGCAAGGTA-1	2	2	2	2	0	0	0	0
TACGTACAGCCGCTTT-1	6	5	6	5	0	0	0	0
TACGTACAGCTGGCTA-1	6	5	12	12	0	0	0	0
TACGTACAGGATTGAG-1	3	3	3	3	0	0	0	0
TACGTTAAGGAGTCTT-1	2	2	9	2	0	0	0	0
TACTAAGTCAGCTAAC-1	2	2	2	2	0	0	0	0
TACTAAGTCATTACGA-1	8	8	8	9	1	1	1	1
TACTAAGTCCGCCTAT-1	6	5	12	12	0	0	0	0
TACTAAGTCTGGCATG-1	2	2	2	2	0	0	0	0
TACTAAGTCTTGGACG-1	7	7	7	8	0	0	0	0
TACTCAAAGAGGCTAA-1	3	3	3	3	0	0	0	0
TACTCAAAGCCAAATC-1	0	0	0	0	0	0	0	0
TACTCAAAGCTCCTAC-1	9	6	14	14	0	0	0	0
TACTCAAAGCTTATGA-1	4	4	4	4	0	0	0	0
TACTCAAAGCTTTGGG-1	6	5	11	11	0	0	0	0
TACTGACAGCCTGATG-1	4	4	4	4	0	0	0	0
TACTGACAGGTCCTGA-1	6	2	2	12	0	0	0	0
TACTGACAGGTGAAAT-1	1	1	1	1	0	0	0	0
TACTGACAGTAAGAAC-1	7	7	7	8	0	0	0	0
TACTGACAGTAGCCAT-1	3	3	3	3	0	0	0	0
TACTGACAGTGAACAG-1	0	0	5	6	0	0	0	0
TACTGACAGTGTTGTA-1	9	6	14	14	0	0	0	0
TACTGAGGTAGGATCC-1	6	5	11	11	0	0	0	0
TACTGAGGTGCTCACC-1	6	5	11	11	0	0	0	0
TACTGAGGTTAATGAC-1	3	3	3	3	0	0	0	0
TACTGCACAACACTTG-1	2	2	9	2	0	0	0	0
TACTGCACAAGGGTTG-1	6	5	6	5	0	0	0	0
TACTGCACAAGTAAGC-1	7	7	7	8	0	0	0	0
TACTGCACAAGTTATC-1	4	4	4	4	0	0	0	0
TACTGCACACAGGGAC-1	7	7	7	8	0	0	0	0
TACTGCACACCTAAGC-1	3	3	3	3	0	0	0	0
TACTGCACAGTTTACG-1	9	6	14	14	0	0	0	0
TACTGGCCATTAAGTC-1	0	0	0	0	0	0	0	0
TACTTCGTCGAGGTGG-1	4	4	4	4	0	0	0	0
TACTTCGTCTCAATAG-1	6	5	12	12	0	0	0	0
TACTTCGTCTTAAGTG-1	6	5	12	12	0	0	0	0
TACTTGTTCAATCTCT-1	9	6	14	14	0	0	0	0
TACTTGTTCATTGCGG-1	1	1	1	1	0	0	0	0
TACTTGTTCCGCCAAA-1	4	4	4	4	0	0	0	0
TACTTGTTCCGCCTAT-1	0	0	5	6	0	0	0	0
TAGACCAGTTGACTTC-1	8	8	8	9	1	1	1	1
TAGACCAGTTGCCTCA-1	6	5	6	5	0	0	0	0
TAGAGCCGTATTTGCC-1	2	2	2	2	0	0	0	0
TAGAGCCGTCGTAATG-1	6	5	12	12	0	0	0	0
TAGAGCCGTCTTTATG-1	4	4	4	4	0	0	0	0
TAGAGCCGTGTTGTAG-1	6	5	6	5	0	0	0	0
TAGCAGGCAACCCTCC-1	5	6	13	13	0	0	0	0
TAGCAGGCAGTTAGCC-1	0	0	0	0	0	0	0	0
TAGCATATCGAAGTAG-1	5	6	5	7	0	0	0	0
TAGCCGGGTGGATTAT-1	7	7	7	8	0	0	0	0
TAGCCGGGTTGCATCT-1	7	7	7	8	0	0	0	0
TAGCCTCTCAAACCTA-1	4	4	4	4	0	0	0	0
TAGCCTCTCCCTGGAA-1	0	0	0	0	0	0	0	0
TAGCCTGAGAAGGTGC-1	2	2	2	2	0	0	0	0
TAGCCTGAGACTAAGG-1	6	5	6	5	0	0	0	0
TAGCCTGAGCACTAAC-1	3	3	3	3	0	0	0	0
TAGCCTGAGCATTAGC-1	5	6	5	7	0	0	0	0
TAGCCTGAGCTATTAG-1	6	5	12	12	0	0	0	0
TAGCCTGAGGCAACAA-1	0	0	0	0	0	0	0	0
TAGCCTGAGTAGCGGG-1	0	0	0	0	0	0	0	0
TAGCCTTGTAATCGGC-1	8	8	8	9	1	1	1	1
TAGCCTTGTACCGAAC-1	9	3	10	10	0	0	0	0
TAGCCTTGTGAATCGC-1	6	0	0	12	0	0	0	0
TAGCCTTGTTAATGCG-1	3	3	3	3	0	0	0	0
TAGCCTTGTTTATTCG-1	3	3	3	3	0	0	0	0
TAGCGCGGTCTTTGAC-1	7	7	7	8	0	0	0	0
TAGCGCGGTGGTTAGC-1	0	0	5	7	0	0	0	0
TAGCGCGGTGTAATAC-1	1	1	1	1	0	0	0	0
TAGCGCGGTTGCACAA-1	0	0	0	6	0	0	0	0
TAGCGGACATTGCGTA-1	6	5	12	12	0	0	0	0
TAGCTAGGTAATGACT-1	0	0	0	0	0	0	0	0
TAGCTAGGTATTGTGG-1	6	5	11	11	0	0	0	0
TAGCTAGGTCTTTGAC-1	2	2	9	2	0	0	0	0
TAGCTTAAGCGGTTAT-1	6	5	6	5	0	0	0	0
TAGCTTAAGGGATGCG-1	6	5	6	12	0	0	0	0
TAGCTTGCAAGCTTAT-1	3	3	3	3	0	0	0	0
TAGCTTGCAGCCGCTA-1	6	5	11	11	0	0	0	0
TAGCTTGCATAGACTT-1	0	0	0	0	0	0	0	0
TAGCTTGCATGCTATG-1	3	3	3	3	0	0	0	0
TAGGAACCAAACTGTT-1	2	2	9	2	0	0	0	0
TAGGAACCAGGACACA-1	1	1	1	1	0	0	0	0
TAGGAACCAGTTATCG-1	5	6	13	13	0	0	0	0
TAGGAGGGTAATCGTG-1	6	5	12	12	0	0	0	0
TAGGAGGGTCAACAAT-1	2	2	9	2	0	0	0	0
TAGGAGGGTGAATCGC-1	0	0	5	7	0	0	0	0
TAGGAGGGTTTACGTC-1	4	4	4	4	0	0	0	0
TAGGAGGGTTTCAGGA-1	0	6	5	7	0	0	0	0
TAGGAGTCACCCACAG-1	3	3	3	3	0	0	0	0
TAGGAGTCACCTATAG-1	0	0	0	0	0	0	0	0
TAGGAGTCACCTCGCT-1	2	2	2	2	0	0	0	0
TAGGCTAGTACCGAAC-1	0	0	0	6	0	0	0	0
TAGGCTAGTCAGGCCA-1	9	3	10	10	0	0	0	0
TAGGCTAGTTCGCTCA-1	2	2	2	2	0	0	0	0
TAGGCTGTCCCGTTTA-1	4	4	4	4	0	0	0	0
TAGGCTGTCGTACCGA-1	2	2	9	2	0	0	0	0
TAGGCTTAGCAAACCT-1	6	5	6	5	0	0	0	0
TAGGCTTAGCATGGTT-1	8	8	8	9	1	1	1	1
TAGGCTTAGGACCGCT-1	6	5	11	11	0	0	0	0
TAGGCTTAGGAGCAAC-1	6	5	12	12	0	0	0	0
TAGGGTTTCAAACCTA-1	6	5	6	5	0	0	0	0
TAGGGTTTCATTCATC-1	6	5	11	11	0	0	0	0
TAGGGTTTCTCCATAT-1	0	0	0	0	0	0	0	0
TAGGTGCGTCCAAATG-1	6	5	12	14	0	0	0	0
TAGGTGCGTCTAGCTT-1	6	5	12	12	0	0	0	0
TAGGTGCGTGCAACTA-1	2	2	9	2	0	0	0	0
TAGGTGCGTGGTGAGA-1	4	4	4	4	0	0	0	0
TAGGTGCGTTTCCGGC-1	0	0	0	0	0	0	0	0
TAGGTTATCATAATCG-1	0	0	0	6	0	0	0	0
TAGGTTATCTAACTGA-1	2	2	2	2	0	0	0	0
TAGGTTGGTAAAGCGG-1	4	4	4	4	0	0	0	0
TAGGTTGGTTCACCAT-1	2	2	9	2	0	0	0	0
TAGTAACGTACAATGT-1	4	4	4	4	0	0	0	0
TAGTAACGTATACTGG-1	0	0	5	6	0	0	0	0
TAGTAACGTGATGATT-1	2	2	2	2	0	0	0	0
TAGTAACGTGTTGCAA-1	2	2	2	2	0	0	0	0
TAGTAACGTGTTTGAG-1	0	0	0	0	0	0	0	0
TAGTAACGTTTGGGTA-1	2	2	2	2	0	0	0	0
TAGTAAGCAAATTCGT-1	6	5	11	5	0	0	0	0
TAGTAAGCAATAACGA-1	6	5	12	12	0	0	0	0
TAGTAAGCACCACAAC-1	2	2	2	2	0	0	0	0
TAGTAGGAGCTTACTT-1	4	4	4	4	0	0	0	0
TAGTAGGAGCTTCTCA-1	2	2	2	2	0	0	0	0
TAGTCAATCACAGGAA-1	5	6	13	13	0	0	0	0
TAGTCAATCATTGCGG-1	5	6	5	7	0	0	0	0
TAGTCAATCCACCCTG-1	2	2	9	2	0	0	0	0
TAGTCAATCCCATAGG-1	6	5	6	5	0	0	0	0
TAGTGAGAGACCATAC-1	6	5	6	5	0	0	0	0
TAGTGAGAGCAGGTTT-1	2	2	2	2	0	0	0	0
TAGTGAGAGGAGGACT-1	6	5	12	12	0	0	0	0
TAGTGAGAGGCGTAAA-1	5	6	5	7	0	0	0	0
TAGTGAGAGTAAGGGC-1	2	2	2	2	0	0	0	0
TAGTGAGAGTGTTGTA-1	6	5	6	5	0	0	0	0
TAGTGTGGTTGTAAAC-1	0	0	5	0	0	0	0	0
TAGTTGTCAAAGCTCC-1	2	2	2	2	0	0	0	0
TAGTTGTCACCTGCTC-1	2	2	2	2	0	0	0	0
TAGTTGTCACGGTTTA-1	6	5	6	5	0	0	0	0
TAGTTGTCACTTAACG-1	0	0	0	0	0	0	0	0
TAGTTGTCATTGTGGC-1	8	8	8	9	1	1	1	1
TAGTTTGAGGCTAGAA-1	9	6	14	14	0	0	0	0
TAGTTTGAGTGAACGA-1	3	3	3	3	0	0	0	0
TATAACCCAATTTAGC-1	3	3	3	3	0	0	0	0
TATAACCCACCTATAG-1	0	0	5	6	0	0	0	0
TATAACCCAGAACCGA-1	6	5	12	12	0	0	0	0
TATAACCCATGAGTTT-1	2	2	2	2	0	0	0	0
TATAGCCAGAAGCTAG-1	9	6	14	14	0	0	0	0
TATAGCTCAAGACTCC-1	2	2	2	2	0	0	0	0
TATAGCTCAAGTGTTT-1	2	2	2	2	0	0	0	0
TATAGCTCAATAATGG-1	2	2	9	2	0	0	0	0
TATAGCTCAGAGAGCC-1	0	0	0	0	0	0	0	0
TATAGGTGTGTGTGGT-1	5	6	5	7	0	0	0	0
TATAGGTGTTAGGTGC-1	8	8	8	9	1	1	1	1
TATAGGTGTTGCGTAA-1	3	3	3	3	0	0	0	0
TATATCCTCAAACCTA-1	0	0	0	6	0	0	0	0
TATATCCTCACAGGAA-1	1	1	1	1	0	0	0	0
TATATCCTCGAAGTGA-1	6	5	11	11	0	0	0	0
TATATCCTCGGGACCT-1	6	5	12	12	0	0	0	0
TATCACAAGCAGCTAT-1	0	0	0	6	0	0	0	0
TATCACAAGGACAACA-1	0	0	0	6	0	0	0	0
TATCACGCAAGGTGGC-1	6	5	11	11	0	0	0	0
TATCACGCACGTTACA-1	2	2	2	2	0	0	0	0
TATCCAGCAAACCTAT-1	3	3	3	3	0	0	0	0
TATCCAGCACCAACCG-1	6	5	6	5	0	0	0	0
TATCCAGCAGGTTATT-1	5	6	5	7	0	0	0	0
TATCCAGCATGTGGGA-1	3	3	3	3	0	0	0	0
TATCCGGAGCGATACT-1	7	7	7	8	0	0	0	0
TATCGAGGTAGCCTAA-1	9	6	14	14	0	0	0	0
TATCGAGGTGAGGTAG-1	6	5	6	5	0	0	0	0
TATCGAGGTGCAATGC-1	6	5	12	12	0	0	0	0
TATCGAGGTGGTGAGA-1	0	0	0	6	0	0	0	0
TATCGCACAAGGTATA-1	0	0	0	6	0	0	0	0
TATCGCACAGGATTAA-1	7	7	7	8	0	0	0	0
TATCGCACATTGTGTG-1	0	0	0	0	0	0	0	0
TATCGCGAGCAAGATG-1	4	4	4	4	0	0	0	0
TATCGCGAGGCATGAA-1	2	2	2	2	0	0	0	0
TATCGCGAGGCATTAC-1	1	1	1	1	0	0	0	0
TATCGCGAGGTCGAGG-1	6	5	12	12	0	0	0	0
TATCGCGAGTCGCTAG-1	6	5	11	11	0	0	0	0
TATGAAGCAACCCTAA-1	0	0	0	0	0	0	0	0
TATGAAGCACAACCTA-1	3	3	3	3	0	0	0	0
TATGAAGCAGCATGAG-1	5	6	13	13	0	0	0	0
TATGAAGCAGGCCTTG-1	7	7	7	8	0	0	0	0
TATGAAGCATTAAACC-1	5	6	5	7	0	0	0	0
TATGAAGCATTCCTGT-1	0	0	0	0	0	0	0	0
TATGACATCATAATCG-1	2	2	2	2	0	0	0	0
TATGACATCCCTGGAA-1	5	6	13	13	0	0	0	0
TATGACATCCTCCCTC-1	0	0	0	0	0	0	0	0
TATGACTCACAATTAC-1	2	2	2	2	0	0	0	0
TATGACTCAGAAATTG-1	2	2	2	2	0	0	0	0
TATGACTCAGGCTACT-1	6	5	12	12	0	0	0	0
TATGACTCATCCATCT-1	0	0	0	0	0	0	0	0
TATGACTCATCTTGAG-1	6	5	11	11	0	0	0	0
TATGACTCATGCTATG-1	4	4	4	4	0	0	0	0
TATGCATCACAGGGAC-1	0	0	0	0	0	0	0	0
TATGCATCAGATAGAC-1	3	3	3	3	0	0	0	0
TATGCATCAGCTTACA-1	2	2	2	2	0	0	0	0
TATGCATCATCACTTC-1	6	5	6	5	0	0	0	0
TATGGATGTATTGTGG-1	8	8	8	9	1	1	1	1
TATGGATGTCGTAATG-1	0	0	0	0	0	0	0	0
TATGGATGTGCAACTA-1	6	5	12	14	0	0	0	0
TATGGATGTTCTTTAG-1	0	0	0	0	0	0	0	0
TATGGCCCAATATAGG-1	2	2	2	2	0	0	0	0
TATGGCCCACATAACT-1	0	0	0	6	0	0	0	0
TATGGCCCACATGCTA-1	6	5	12	12	0	0	0	0
TATGGCCCAGGCATGA-1	6	5	6	5	0	0	0	0
TATGGGCGTCCACAAA-1	0	0	0	6	0	0	0	0
TATGGGCGTTCTTTAG-1	6	5	6	5	0	0	0	0
TATGGTCAGAACAAGT-1	9	3	10	10	0	0	0	0
TATGGTCAGCAAGACA-1	2	2	2	2	0	0	0	0
TATGGTCAGGTCCGTA-1	1	1	1	1	0	0	0	0
TATGGTCAGGTGCTGC-1	0	0	0	0	0	0	0	0
TATGTGATCCTTCGTA-1	3	3	3	3	0	0	0	0
TATGTGATCGCTATAA-1	0	0	0	6	0	0	0	0
TATGTGATCTTGTTCG-1	7	7	7	8	0	0	0	0
TATTACCTCCCTCACG-1	5	6	5	7	0	0	0	0
TATTACCTCCTAAGTA-1	0	0	0	0	0	0	0	0
TATTACCTCGATATTG-1	3	3	3	3	0	0	0	0
TATTACCTCGCAGGCT-1	1	1	1	1	0	0	0	0
TATTACCTCGGGCCAT-1	9	6	14	14	0	0	0	0
TATTAGCCAACAACAA-1	3	3	3	3	0	0	0	0
TATTAGCCAAGGCCAA-1	6	5	6	5	0	0	0	0
TATTAGGTCATAATCG-1	4	4	4	4	0	0	0	0
TATTAGGTCGTAATCA-1	0	0	0	0	0	0	0	0
TATTAGGTCGTTAGTA-1	2	2	2	2	0	0	0	0
TATTCGTTCCAGCACA-1	6	5	6	5	0	0	0	0
TATTCGTTCCTCGATC-1	9	6	14	14	0	0	0	0
TATTCGTTCTCAATGA-1	6	5	12	12	0	0	0	0
TATTGACCAGCCAGAA-1	3	3	3	3	0	0	0	0
TATTGACCATGGAGGC-1	3	3	3	3	0	0	0	0
TATTGACCATTGTGTG-1	3	3	3	3	0	0	0	0
TATTTGCTCTTAGGAC-1	6	5	6	5	0	0	0	0
TATTTGGAGCGCATTG-1	3	3	3	3	0	0	0	0
TCAAACCAGCGTGCAC-1	2	2	2	2	0	0	0	0
TCAACAATCCAGGTCA-1	0	0	0	6	0	0	0	0
TCAACAATCCCGTTTA-1	0	0	0	0	0	0	0	0
TCAACAATCCGCTAGA-1	2	2	2	2	0	0	0	0
TCAACAATCCGTCCAT-1	9	6	14	14	0	0	0	0
TCAACAATCGGTTTCC-1	0	0	0	6	0	0	0	0
TCAACAATCTGTGCCT-1	2	2	9	2	0	0	0	0
TCAAGAACAAGTCGCT-1	2	2	2	2	0	0	0	0
TCAAGAACAATACTGT-1	2	2	2	2	0	0	0	0
TCAAGAACATTGTGTG-1	8	8	8	9	1	1	1	1
TCAAGACTCAAACCTA-1	3	3	3	3	0	0	0	0
TCAAGACTCATGCAAC-1	2	2	9	2	0	0	0	0
TCAAGACTCCAAACAC-1	2	2	2	2	0	0	0	0
TCAAGACTCCCTCAAC-1	8	8	8	9	1	1	1	1
TCAAGACTCGGCCAGT-1	3	3	3	3	0	0	0	0
TCAAGCTAGCTTACTT-1	0	0	0	0	0	0	0	0
TCAAGCTAGCTTGCTC-1	2	2	2	2	0	0	0	0
TCAAGCTAGGACTAAG-1	9	6	14	14	0	0	0	0
TCAAGGAAGCTAATCA-1	5	6	13	7	0	0	0	0
TCAAGGAAGGACAATG-1	4	4	4	4	0	0	0	0
TCAAGGAAGTTATTCC-1	6	5	11	11	0	0	0	0
TCAAGGTTCACCTGTC-1	0	6	0	0	0	0	0	0
TCAAGGTTCTACTAAG-1	4	4	4	4	0	0	0	0
TCAAGTATCCTAGTTT-1	1	1	1	1	0	0	0	0
TCAAGTATCGGTCAAT-1	0	0	0	0	0	0	0	0
TCAAGTATCTAAGTCA-1	6	5	12	12	0	0	0	0
TCAAGTATCTTAGGGT-1	6	5	12	12	0	0	0	0
TCAATCGCACTAGGTC-1	5	6	13	13	0	0	0	0
TCACATAAGCCAGTAT-1	0	0	0	6	0	0	0	0
TCACATAAGCTCCTAC-1	6	5	11	11	0	0	0	0
TCACATAAGCTGAGGG-1	1	1	1	1	0	0	0	0
TCACATAAGTATTGTG-1	4	4	4	4	0	0	0	0
TCACATAAGTCTATGA-1	3	3	3	3	0	0	0	0
TCACATAAGTTATCCT-1	2	2	2	2	0	0	0	0
TCACCGGCAAAGGCCA-1	2	2	9	2	0	0	0	0
TCACCGGCAGCTTAGC-1	9	6	14	14	0	0	0	0
TCACCGGCAGTTATGT-1	0	0	0	6	0	0	0	0
TCACCTCAGCTGAGGG-1	4	4	4	4	0	0	0	0
TCACCTCAGGGTGGAT-1	3	3	3	3	0	0	0	0
TCACCTGGTTACCGGG-1	1	1	1	1	0	0	0	0
TCACCTGGTTACGCGG-1	6	5	11	11	0	0	0	0
TCACCTGGTTTAACGG-1	0	0	0	0	0	0	0	0
TCACGGATCCTCATCA-1	2	2	9	2	0	0	0	0
TCACGGATCTGTAAGC-1	6	5	12	12	0	0	0	0
TCACTGACACTAGGTC-1	9	3	10	10	0	0	0	0
TCACTGACATCCTGAA-1	6	5	6	5	0	0	0	0
TCAGCAAGTGTTGTGA-1	7	7	7	8	0	0	0	0
TCAGCAAGTTAAGCGC-1	0	0	0	0	0	0	0	0
TCAGCAAGTTCCAGGG-1	0	0	0	0	0	0	0	0
TCAGCAAGTTGTAAAC-1	5	6	13	13	0	0	0	0
TCAGCCTTCCTAAGTA-1	0	0	0	0	0	0	0	0
TCAGCGATCAGCCAAT-1	9	6	14	14	0	0	0	0
TCAGCGATCATTACGA-1	2	2	2	2	0	0	0	0
TCAGCGATCCTCATGC-1	4	4	4	4	0	0	0	0
TCAGCGATCGCTTCTA-1	9	6	14	14	0	0	0	0
TCAGCGATCGGTTCCT-1	0	0	0	0	0	0	0	0
TCAGGAGCAGTTATGT-1	3	3	3	3	0	0	0	0
TCAGGTCCAAGGCCAA-1	3	3	3	3	0	0	0	0
TCAGGTCCAATATACC-1	2	2	2	2	0	0	0	0
TCAGGTCCACAGCCAT-1	1	1	1	1	0	0	0	0
TCAGGTCCATCCTAGA-1	2	2	2	2	0	0	0	0
TCAGGTCCATGCTCCC-1	6	5	11	11	0	0	0	0
TCAGTAATCACGTTAA-1	4	4	4	4	0	0	0	0
TCAGTAATCCGGCTAA-1	3	3	3	3	0	0	0	0
TCAGTAATCTTAAGTG-1	4	4	4	4	0	0	0	0
TCAGTAGGTAGTCAAT-1	1	1	1	1	0	0	0	0
TCAGTAGGTCGTAATG-1	3	3	3	3	0	0	0	0
TCAGTGAGTATTCGCT-1	5	6	13	13	0	0	0	0
TCAGTGAGTCAATACG-1	0	0	0	0	0	0	0	0
TCAGTGAGTTGGGTTA-1	0	0	0	6	0	0	0	0
TCATAACCACAGAACG-1	6	5	12	12	0	0	0	0
TCATAACCACTTGTTC-1	3	3	3	3	0	0	0	0
TCATAACCAGCAAGAT-1	2	2	2	2	0	0	0	0
TCATAACCATAGCTTG-1	9	3	10	10	0	0	0	0
TCATAACCATCAGTAT-1	7	7	7	8	0	0	0	0
TCATACTTCGCACACA-1	0	0	0	0	0	0	0	0
TCATACTTCGTTTCCA-1	4	4	4	4	0	0	0	0
TCATACTTCTCACTAT-1	0	0	0	6	0	0	0	0
TCATACTTCTTGGACG-1	4	4	4	4	0	0	0	0
TCATCCATCACAGGAA-1	4	4	4	4	0	0	0	0
TCATCCATCATCCACC-1	0	0	0	14	0	0	0	0
TCATCCATCCGCATGA-1	4	4	4	4	0	0	0	0
TCATGAGGTGGGTACT-1	6	5	11	11	0	0	0	0
TCATGCCTCACAAGCT-1	5	6	13	13	0	0	0	0
TCATGCCTCACAGGAA-1	2	2	2	2	0	0	0	0
TCATGCCTCCCTCATA-1	3	3	3	3	0	0	0	0
TCATGCCTCCGCCTAT-1	1	1	1	1	0	0	0	0
TCATGCCTCGCCTAAG-1	0	0	5	6	0	0	0	0
TCATGCCTCTAATCCT-1	8	8	8	9	1	1	1	1
TCATGTTTCCCTGACT-1	2	2	2	2	0	0	0	0
TCATGTTTCGAGGAAC-1	3	3	3	3	0	0	0	0
TCATGTTTCGCCTAAG-1	9	3	10	10	0	0	0	0
TCATTACTCGAAGTAG-1	0	0	0	0	0	0	0	0
TCATTACTCTCCATAT-1	1	1	1	1	0	0	0	0
TCATTGCGTGTCACGG-1	2	2	9	2	0	0	0	0
TCATTGTTCAGGAAGC-1	0	0	0	6	0	0	0	0
TCATTGTTCGGGACTC-1	3	3	3	3	0	0	0	0
TCCACAACAAGCTTAT-1	6	5	11	11	0	0	0	0
TCCACAACACCAGCAT-1	3	3	3	3	0	0	0	0
TCCACAACACCTATAG-1	2	2	9	2	0	0	0	0
TCCACAACATGGCCTG-1	3	3	3	3	0	0	0	0
TCCAGCAAGCCACATG-1	3	3	3	3	0	0	0	0
TCCAGCAAGCCGCTAA-1	3	3	3	3	0	0	0	0
TCCAGCAAGGAGGGTT-1	3	3	3	3	0	0	0	0
TCCAGCAAGGAGGTTA-1	4	2	4	4	0	0	0	0
TCCAGGATCAATGACC-1	6	5	12	12	0	0	0	0
TCCAGGATCATTAGTG-1	2	2	9	2	0	0	0	0
TCCAGGATCATTCATC-1	4	4	4	4	0	0	0	0
TCCAGGATCCGGGACT-1	1	1	1	1	0	0	0	0
TCCAGGATCTACCTCA-1	0	0	5	6	0	0	0	0
TCCAGGTCAGTCTAGC-1	2	2	2	2	0	0	0	0
TCCATAAAGCAAGGAC-1	6	5	11	11	0	0	0	0
TCCATAAAGCCAAATC-1	2	2	9	2	0	0	0	0
TCCATAAAGCGCCTAA-1	1	1	1	1	0	0	0	0
TCCATAAAGTAACCAC-1	5	6	5	7	0	0	0	0
TCCATATTCATTGTTC-1	2	2	2	2	0	0	0	0
TCCATATTCGATTTAG-1	6	5	11	11	0	0	0	0
TCCATATTCGCTATAA-1	3	3	3	3	0	0	0	0
TCCATATTCTCAATGA-1	4	4	4	4	0	0	0	0
TCCATCATCCTAAGTA-1	7	7	7	8	0	0	0	0
TCCATCATCCTACCTA-1	4	4	4	4	0	0	0	0
TCCATCATCCTCGATC-1	6	5	6	5	0	0	0	0
TCCATCATCCTTCGTA-1	6	5	11	11	0	0	0	0
TCCATCATCGATCAGT-1	5	6	5	7	0	0	0	0
TCCATCATCGATTTGA-1	2	2	2	2	0	0	0	0
TCCATGCTCCGGTTGA-1	0	0	0	0	0	0	0	0
TCCATGCTCCGTTATT-1	0	0	0	0	0	0	0	0
TCCATGCTCCTAATTC-1	0	0	5	6	0	0	0	0
TCCATTGTCCCGCCTA-1	0	0	5	6	0	0	0	0
TCCATTGTCCGCCTAT-1	0	0	0	6	0	0	0	0
TCCATTGTCTAAATCG-1	3	3	3	3	0	0	0	0
TCCCGGACAATTAACC-1	0	0	5	6	0	0	0	0
TCCCGTTAGAATCTCA-1	3	3	3	3	0	0	0	0
TCCCGTTAGTGCTGTG-1	1	1	1	1	0	0	0	0
TCCCGTTAGTTAGACC-1	0	0	5	6	0	0	0	0
TCCCTCACAATCCTAG-1	0	0	0	6	0	0	0	0
TCCCTCACATAATGAG-1	0	0	0	6	0	0	0	0
TCCCTCACATGCTCCC-1	1	1	1	1	0	0	0	0
TCCCTCACATTGTGAT-1	0	0	0	0	0	0	0	0
TCCGCCATCACAAGCT-1	5	6	13	13	0	0	0	0
TCCGCCATCAGCACGC-1	6	5	11	11	0	0	0	0
TCCGCCATCATGCGTG-1	3	3	3	3	0	0	0	0
TCCGCCATCCTGTTCA-1	6	2	2	12	0	0	0	0
TCCGCCATCGATTATG-1	0	0	0	6	0	0	0	0
TCCGCCATCGGTTAGT-1	0	0	0	6	0	0	0	0
TCCGCCATCGTACCGA-1	6	5	12	12	0	0	0	0
TCCGCCATCGTTAACA-1	9	3	14	14	0	0	0	0
TCCGCCATCTGCAAAC-1	9	6	14	14	0	0	0	0
TCCGCCATCTTGCAAA-1	0	0	5	6	0	0	0	0
TCCGGAATCCCTGACT-1	1	1	1	1	0	0	0	0
TCCGGAATCTAACCTT-1	8	8	8	9	1	1	1	1
TCCGGTAAGGCAAGTA-1	0	0	0	0	0	0	0	0
TCCGGTAAGTCACTAA-1	7	7	7	8	0	0	0	0
TCCGGTTTCCGCCAAA-1	2	2	2	2	0	0	0	0
TCCGGTTTCCGCTAGA-1	3	3	3	3	0	0	0	0
TCCGGTTTCCTTAATC-1	8	8	8	9	1	1	1	1
TCCGGTTTCGCGCTAA-1	4	4	4	4	0	0	0	0
TCCTAGTGTGACATAT-1	2	2	2	2	0	0	0	0
TCCTAGTGTGTTCCCA-1	4	3	4	4	0	0	0	0
TCCTAGTGTTACTAGG-1	8	8	8	9	1	1	1	1
TCCTAGTGTTAGGCTA-1	4	4	4	4	0	0	0	0
TCCTCAATCAATAGCC-1	0	0	0	6	0	0	0	0
TCCTCAATCCCGCCTA-1	7	7	7	8	0	0	0	0
TCCTCAATCCTAATTC-1	7	7	7	8	0	0	0	0
TCCTCAATCGGTTAGT-1	0	0	0	6	0	0	0	0
TCCTCAATCTGTTCAT-1	2	2	2	2	0	0	0	0
TCCTCAATCTTGCAAA-1	0	0	0	0	0	0	0	0
TCCTCACAGGACCTGC-1	0	0	0	0	0	0	0	0
TCCTCTAAGATTCCTT-1	5	6	13	13	0	0	0	0
TCCTCTAAGGACAATG-1	6	5	12	12	0	0	0	0
TCCTCTAAGGGTGAAC-1	2	2	9	2	0	0	0	0
TCCTCTAAGTAGCTTA-1	0	0	5	6	0	0	0	0
TCCTCTAAGTGACCTG-1	6	5	6	5	0	0	0	0
TCCTCTAAGTTGGATC-1	6	5	11	11	0	0	0	0
TCCTGGTTCGAGCAAA-1	0	0	0	0	0	0	0	0
TCCTGTTCAAGCCACT-1	2	2	2	2	0	0	0	0
TCCTGTTCACCCACAG-1	6	5	11	11	0	0	0	0
TCCTGTTCACGAATTT-1	6	5	6	5	0	0	0	0
TCCTGTTCAGCCAGTT-1	6	5	6	5	0	0	0	0
TCCTGTTCAGGCTGTT-1	6	5	11	11	0	0	0	0
TCCTTAGTCATGAAGG-1	2	2	2	2	0	0	0	0
TCCTTAGTCATGTCAA-1	0	0	5	6	0	0	0	0
TCCTTAGTCCCGCATT-1	3	3	3	3	0	0	0	0
TCCTTAGTCCCTGGAA-1	0	0	0	0	0	0	0	0
TCCTTCAAGCAAGATG-1	9	9	16	16	0	0	0	0
TCCTTCAAGGCAATAG-1	0	0	0	6	0	0	0	0
TCCTTCAAGTCACCAG-1	6	5	11	11	0	0	0	0
TCCTTCAAGTTGCCTC-1	3	3	3	3	0	0	0	0
TCCTTCAAGTTGTCAA-1	6	5	11	11	0	0	0	0
TCCTTGCAGGTGTCCA-1	4	4	4	4	0	0	0	0
TCCTTTACACAGGATG-1	4	4	4	4	0	0	0	0
TCGACAAGTACCTTAC-1	6	5	11	11	0	0	0	0
TCGACAAGTCAAGACC-1	6	5	11	11	0	0	0	0
TCGACAAGTTTGCAGA-1	6	5	11	11	0	0	0	0
TCGATTAAGCGTGCAC-1	5	6	13	13	0	0	0	0
TCGATTAAGGATTGCT-1	2	2	9	2	0	0	0	0
TCGATTAAGGCTAGAA-1	0	0	0	0	0	0	0	0
TCGATTAAGTCACTCC-1	6	5	11	11	0	0	0	0
TCGCATTGTAGTTAAC-1	5	6	13	13	0	0	0	0
TCGCATTGTATCTGGA-1	2	2	2	2	0	0	0	0
TCGCATTGTTACCTGT-1	6	5	6	5	0	0	0	0
TCGCGAGGTCATAGAT-1	3	3	3	3	0	0	0	0
TCGCGAGGTTAGAGGG-1	3	3	3	3	0	0	0	0
TCGCGAGGTTCTTTAG-1	2	2	9	2	0	0	0	0
TCGCGAGGTTGCGCGA-1	3	3	3	3	0	0	0	0
TCGCGCACAACTAGGG-1	4	4	4	4	0	0	0	0
TCGCGCACACCGGCTA-1	0	0	5	7	0	0	0	0
TCGCGCACATGAATAG-1	6	5	6	5	0	0	0	0
TCGCGCACATGCTATG-1	6	5	6	5	0	0	0	0
TCGCTAACAACAACAA-1	5	6	13	13	0	0	0	0
TCGCTAACAATAATGG-1	3	3	3	3	0	0	0	0
TCGCTAACACCCACAG-1	3	3	3	3	0	0	0	0
TCGCTAACATGTTTGG-1	9	3	10	10	0	0	0	0
TCGGTAAGTGATCAGC-1	0	0	0	6	0	0	0	0
TCGGTAAGTGGTTATG-1	1	1	1	1	0	0	0	0
TCGGTAAGTTGGTGAC-1	2	2	9	2	0	0	0	0
TCGGTTACACCTATAG-1	6	5	11	11	0	0	0	0
TCGGTTACATAAGGAC-1	5	6	5	7	0	0	0	0
TCGGTTCTCATTTGCT-1	6	5	12	12	0	0	0	0
TCGGTTCTCGATTTAG-1	6	5	11	5	0	0	0	0
TCGGTTCTCTAACTGA-1	4	4	4	4	0	0	0	0
TCGGTTTGTACGCGCA-1	2	2	2	2	0	0	0	0
TCGGTTTGTCACAGAC-1	5	6	5	7	0	0	0	0
TCGGTTTGTGTTAGCA-1	6	5	11	11	0	0	0	0
TCGGTTTGTTGAGCCG-1	2	2	9	2	0	0	0	0
TCGTAATCAACTGGGA-1	6	5	12	12	0	0	0	0
TCGTAATCAATTAGCT-1	6	5	6	5	0	0	0	0
TCGTAATCACGCAACT-1	1	1	1	1	0	0	0	0
TCGTAATCAGTAAAGC-1	9	6	14	14	0	0	0	0
TCGTAATCAGTTAGCC-1	9	6	14	14	0	0	0	0
TCGTAATCAGTTTGGC-1	1	1	1	1	0	0	0	0
TCGTCAACAACCTAAT-1	0	0	0	0	0	0	0	0
TCGTCAACAGCAAATA-1	4	4	4	4	0	0	0	0
TCGTCAACATTAAACC-1	0	0	0	0	0	0	0	0
TCGTCAACATTAGCCA-1	2	2	9	2	0	0	0	0
TCGTGCTTCAAGCTAC-1	3	3	3	3	0	0	0	0
TCGTGCTTCAATCTAG-1	6	5	11	11	0	0	0	0
TCGTGCTTCCTAAGAC-1	4	4	4	4	0	0	0	0
TCGTGCTTCGAAGCGG-1	0	0	0	6	0	0	0	0
TCGTGCTTCTAGCTTT-1	6	5	6	5	0	0	0	0
TCGTGCTTCTTTGAGA-1	3	3	3	3	0	0	0	0
TCGTTAAAGATAACCC-1	6	5	6	5	0	0	0	0
TCGTTAAAGCACTAAC-1	6	5	6	5	0	0	0	0
TCGTTACGTGACATAT-1	0	0	0	0	0	0	0	0
TCGTTAGCAACGTGCT-1	1	1	1	1	0	0	0	0
TCGTTAGCAATGAGGT-1	7	7	7	8	0	0	0	0
TCGTTAGCAGGAAGCC-1	6	5	12	12	0	0	0	0
TCGTTAGCAGGATGGC-1	6	5	6	5	0	0	0	0
TCGTTAGCAGGTTACC-1	2	2	9	2	0	0	0	0
TCGTTAGCATCCATCT-1	0	5	5	11	0	0	0	0
TCGTTATTCAAGTGTC-1	0	6	5	7	0	0	0	0
TCGTTATTCCTCCATA-1	9	9	16	16	0	0	0	0
TCGTTATTCTCACTAT-1	6	5	11	11	0	0	0	0
TCGTTTCCACTGGCCA-1	6	5	12	14	0	0	0	0
TCGTTTCCATCAATCG-1	2	2	9	2	0	0	0	0
TCGTTTCCATTGCGGT-1	6	5	12	12	0	0	0	0
TCGTTTCCATTGTCCT-1	6	5	12	12	0	0	0	0
TCTAACCGTGAACAAA-1	6	5	6	5	0	0	0	0
TCTAACCGTGCTTACT-1	0	0	0	0	0	0	0	0
TCTAACCGTTGACTTC-1	4	4	4	4	0	0	0	0
TCTAACTTCCCGCATT-1	2	2	9	2	0	0	0	0
TCTAACTTCGACAAAG-1	4	4	4	4	0	0	0	0
TCTAAGGGTCCTTCAG-1	0	0	5	6	0	0	0	0
TCTAATCTCAAGCGCC-1	9	6	14	14	0	0	0	0
TCTAATCTCACTAAGC-1	6	5	11	11	0	0	0	0
TCTAATCTCGGCCATA-1	0	0	0	0	0	0	0	0
TCTACCTCAACCTGGT-1	2	2	2	2	0	0	0	0
TCTACCTCAATTTAGC-1	2	2	9	2	0	0	0	0
TCTACCTCACATACTG-1	0	0	0	6	0	0	0	0
TCTACCTCACGAATCC-1	2	2	2	2	0	0	0	0
TCTACCTCAGTCTAAT-1	0	0	0	0	0	0	0	0
TCTACTAGTCACGGAT-1	2	2	2	2	0	0	0	0
TCTACTAGTCCTAATC-1	6	5	6	5	0	0	0	0
TCTAGCACAACTGGGA-1	2	2	2	2	0	0	0	0
TCTAGCACAGTAAGTA-1	2	2	2	2	0	0	0	0
TCTAGCACAGTTATGT-1	0	0	0	0	0	0	0	0
TCTAGCCTCATCCTCA-1	2	2	2	2	0	0	0	0
TCTAGCCTCCAGGAAA-1	5	6	13	13	0	0	0	0
TCTAGCCTCGGTCAAT-1	5	6	13	13	0	0	0	0
TCTAGCCTCTACCTAT-1	0	0	0	0	0	0	0	0
TCTAGCGAGAGGGACT-1	2	2	2	2	0	0	0	0
TCTAGCGAGGACCTGC-1	5	6	5	7	0	0	0	0
TCTAGCGAGGTGAGAC-1	7	7	7	8	0	0	0	0
TCTATGTTCAAGCTAC-1	2	2	2	2	0	0	0	0
TCTATGTTCACAGCCA-1	4	4	15	15	0	0	0	0
TCTATGTTCCCGAAGC-1	4	4	4	4	0	0	0	0
TCTATGTTCCTAGTTT-1	3	3	3	3	0	0	0	0
TCTATGTTCCTTGAGG-1	5	6	5	7	0	0	0	0
TCTATGTTCGAGCAAA-1	9	3	10	10	0	0	0	0
TCTATGTTCGTTCACC-1	3	3	3	3	0	0	0	0
TCTCAAGCAGGCTAAG-1	2	2	2	2	0	0	0	0
TCTCAAGCAGTCTAAT-1	3	3	3	3	0	0	0	0
TCTCAATTCATTAGGC-1	2	2	9	2	0	0	0	0
TCTCAATTCCGCAACA-1	2	2	2	2	0	0	0	0
TCTCAATTCGTTACTT-1	6	5	11	11	0	0	0	0
TCTCAATTCTTGGACG-1	0	0	0	0	0	0	0	0
TCTCACCAGTAAGTCC-1	2	2	2	2	0	0	0	0
TCTCCTCGTGATGAAA-1	6	5	12	12	0	0	0	0
TCTCCTCGTGCAATGC-1	6	5	11	11	0	0	0	0
TCTCCTCGTGTAATAC-1	7	7	7	8	0	0	0	0
TCTCCTCGTGTTGCAA-1	6	5	11	11	0	0	0	0
TCTCCTCGTGTTTCAC-1	6	5	11	11	0	0	0	0
TCTCGCCCAACCTGGT-1	2	2	9	2	0	0	0	0
TCTCGCCCACGAACAG-1	6	5	12	12	0	0	0	0
TCTCGCCCAGATTCAT-1	2	2	2	2	0	0	0	0
TCTCGCCCAGCCGCTA-1	3	3	3	3	0	0	0	0
TCTCGCCCATTAGGCC-1	0	0	0	0	0	0	0	0
TCTGGCTTCATAAGCC-1	4	4	4	4	0	0	0	0
TCTGGCTTCCGGAACC-1	6	5	6	12	0	0	0	0
TCTGGCTTCGATTCTT-1	5	6	5	7	0	0	0	0
TCTGGCTTCGGTCAGC-1	3	3	3	3	0	0	0	0
TCTGGCTTCTAAGGTC-1	0	0	0	6	0	0	0	0
TCTGTGACAAGTGTTT-1	4	4	4	4	0	0	0	0
TCTGTGACAATAACCT-1	2	2	2	2	0	0	0	0
TCTGTGACATGACTAT-1	3	3	3	3	0	0	0	0
TCTTAGCGTGCTCCGT-1	3	3	3	3	0	0	0	0
TCTTAGTTCCAAGTGT-1	8	8	8	9	1	1	1	1
TCTTAGTTCCTGGCTT-1	0	0	0	0	0	0	0	0
TCTTAGTTCTCACATT-1	0	0	0	0	0	0	0	0
TCTTAGTTCTTGACCC-1	4	4	4	4	0	0	0	0
TCTTCAAGTCATTGTC-1	2	2	2	2	0	0	0	0
TCTTCAAGTGTTGCAA-1	0	0	0	6	0	0	0	0
TCTTCAAGTTAGACCA-1	5	6	5	7	0	0	0	0
TCTTGACGTGACATAT-1	2	2	9	2	0	0	0	0
TCTTGACGTGATTACG-1	3	3	3	3	0	0	0	0
TCTTGACGTGCTTAGA-1	5	6	13	13	0	0	0	0
TCTTGACGTGGAAGGC-1	5	6	13	13	0	0	0	0
TCTTGACGTTAGGTTG-1	6	5	6	5	0	0	0	0
TCTTGACGTTCATTTG-1	2	2	9	2	0	0	0	0
TCTTGTCCACATGCTA-1	6	5	6	5	0	0	0	0
TCTTGTCCAGAATGAC-1	6	5	6	5	0	0	0	0
TCTTGTCCAGTTAAAG-1	5	6	5	7	0	0	0	0
TCTTTGTAGCTCAATA-1	5	6	5	7	0	0	0	0
TCTTTGTAGGACCTGC-1	3	3	3	3	0	0	0	0
TGAAACTGTCTTTATG-1	4	4	4	4	0	0	0	0
TGAAACTGTGAAGCCT-1	0	0	0	6	0	0	0	0
TGAAACTGTGGTTAGC-1	4	4	4	4	0	0	0	0
TGAAACTGTGTGTGGT-1	0	0	0	0	0	0	0	0
TGAACAACAAAGCTCC-1	6	5	12	12	0	0	0	0
TGAACAACACTGACTA-1	2	2	2	2	0	0	0	0
TGAACAACAGAATGAC-1	3	3	3	3	0	0	0	0
TGAACAACAGCTACGT-1	2	2	2	2	0	0	0	0
TGAACAACAGTAGGTG-1	2	2	2	2	0	0	0	0
TGAACAACATAAGCAA-1	6	5	11	11	0	0	0	0
TGAACAACATTGTGGC-1	7	7	7	8	0	0	0	0
TGAACAGAGCCTAATA-1	6	5	11	5	0	0	0	0
TGAACAGAGTAACAGG-1	6	5	6	5	0	0	0	0
TGAAGCAAGGGCCATC-1	6	5	12	12	0	0	0	0
TGAAGCAAGTAGAGGC-1	6	5	6	5	0	0	0	0
TGAAGGATCAATAGCC-1	6	5	11	11	0	0	0	0
TGAAGGATCCCATAGG-1	2	2	2	2	0	0	0	0
TGAAGGATCCGGCTAA-1	0	0	5	6	0	0	0	0
TGAAGGATCGAAGTGA-1	2	2	2	2	0	0	0	0
TGAAGGATCTAACTGA-1	0	0	0	6	0	0	0	0
TGAAGTGAGAGGGACT-1	0	0	5	6	0	0	0	0
TGAAGTGAGCTCGCTT-1	2	2	2	2	0	0	0	0
TGAAGTGAGGTCCTGA-1	2	2	9	2	0	0	0	0
TGACCAAGTATTCGCT-1	7	7	7	8	0	0	0	0
TGACCAAGTCCTAACT-1	4	4	4	4	0	0	0	0
TGACCAAGTTTCGCCA-1	7	7	7	8	0	0	0	0
TGACCTTGTCAAACTG-1	4	4	4	4	0	0	0	0
TGACCTTGTGTTGCTT-1	3	3	3	3	0	0	0	0
TGACCTTGTTGAGCCG-1	3	3	3	3	0	0	0	0
TGACTCCTCAGTATTG-1	6	5	11	11	0	0	0	0
TGACTCCTCGATCAGT-1	9	3	14	14	0	0	0	0
TGACTTAAGCTTAGCG-1	6	5	11	11	0	0	0	0
TGACTTAAGGACTTAC-1	0	0	0	0	0	0	0	0
TGACTTAAGGCCTTAG-1	0	0	0	0	0	0	0	0
TGACTTAAGGCTAATC-1	9	3	10	10	0	0	0	0
TGACTTAAGGCTAGAA-1	6	5	12	12	0	0	0	0
TGACTTCGTAGCCTCC-1	3	3	3	3	0	0	0	0
TGACTTCGTGAGCGAA-1	7	7	7	8	0	0	0	0
TGAGAACCAATGAAGC-1	2	2	2	2	0	0	0	0
TGAGAACCATTAGCCA-1	8	8	8	9	1	1	1	1
TGAGCAAAGCTGGACC-1	3	3	3	3	0	0	0	0
TGAGCAAAGGCATGAA-1	0	6	5	7	0	0	0	0
TGAGCACGTGGTTAGC-1	8	8	8	9	1	1	1	1
TGAGCACGTGTGTCCC-1	4	4	4	4	0	0	0	0
TGAGCACGTGTTTGCT-1	3	3	3	3	0	0	0	0
TGAGCACGTTTGAGGC-1	2	2	2	2	0	0	0	0
TGAGCCGGTAACGAGG-1	7	7	7	8	0	0	0	0
TGAGCCGGTCGCGCAA-1	3	3	3	3	0	0	0	0
TGAGCCGGTTATCGAG-1	7	7	7	8	0	0	0	0
TGAGCTTAGCTTGCTC-1	6	5	12	12	0	0	0	0
TGAGCTTAGGGTGGAT-1	6	5	6	5	0	0	0	0
TGAGCTTAGTAGAGGC-1	9	6	14	14	0	0	0	0
TGAGCTTAGTCACGAT-1	3	3	3	3	0	0	0	0
TGAGGAGGTCCTAAGA-1	8	8	8	9	1	1	1	1
TGAGGAGGTTACGCAA-1	3	3	3	3	0	0	0	0
TGAGGCACAAACCTAT-1	0	0	0	6	0	0	0	0
TGAGGCACAATTAACC-1	4	4	4	4	0	0	0	0
TGAGGCACACGAATCC-1	0	0	0	0	0	0	0	0
TGAGGGAGTACCGTAA-1	4	4	4	4	0	0	0	0
TGAGGGCCACCTGTAA-1	9	6	14	14	0	0	0	0
TGAGGTGCAAGGAATC-1	4	4	4	4	0	0	0	0
TGAGGTGCAATAATCC-1	4	4	4	4	0	0	0	0
TGAGGTGCACAGAACG-1	4	4	4	4	0	0	0	0
TGAGGTGCACTTCACT-1	4	4	4	4	0	0	0	0
TGAGGTGCATTTAAGC-1	6	5	12	12	0	0	0	0
TGAGTGAAGCAAACCT-1	0	0	0	6	0	0	0	0
TGAGTTTCAAGCCAGA-1	0	0	0	6	0	0	0	0
TGAGTTTCAGCACGTT-1	6	5	12	12	0	0	0	0
TGAGTTTCAGCATGAG-1	3	3	3	3	0	0	0	0
TGAGTTTCAGCTTAAT-1	2	2	2	2	0	0	0	0
TGAGTTTCAGCTTACA-1	7	7	7	8	0	0	0	0
TGAGTTTCAGGAAGCC-1	6	5	11	5	0	0	0	0
TGATCAATCATGAAGG-1	2	2	2	2	0	0	0	0
TGATCACAGACAAACG-1	3	3	3	3	0	0	0	0
TGATCACAGCGCTCAA-1	6	5	11	11	0	0	0	0
TGATCACAGTCACTCC-1	4	4	4	4	0	0	0	0
TGATCAGGTAATCGTG-1	0	0	0	0	0	0	0	0
TGATCAGGTATTCGTC-1	6	5	6	5	0	0	0	0
TGATCAGGTCATAGAT-1	7	7	7	8	0	0	0	0
TGATCAGGTGATGAGG-1	2	2	2	2	0	0	0	0
TGATCAGGTGCTAGCG-1	0	0	0	0	0	0	0	0
TGATCAGGTTAATGCG-1	6	5	11	11	0	0	0	0
TGATCAGGTTATGTGG-1	2	2	2	2	0	0	0	0
TGATCAGGTTCCTCCT-1	3	3	3	3	0	0	0	0
TGATCCTGTAATCCCT-1	4	4	4	4	0	0	0	0
TGATCCTGTACAAAGA-1	6	5	6	5	0	0	0	0
TGATCCTGTCAAACTG-1	6	5	11	11	0	0	0	0
TGATCCTGTGCTAGCG-1	9	6	14	14	0	0	0	0
TGATCCTGTGTGTGGT-1	2	2	9	2	0	0	0	0
TGATCCTGTTAAATGC-1	4	4	4	4	0	0	0	0
TGATCGAGTGCATTAG-1	6	5	12	12	0	0	0	0
TGATGAACACCTGCTC-1	5	6	13	13	0	0	0	0
TGATGAACACTGACTA-1	3	3	3	3	0	0	0	0
TGATGAACATCCGTAA-1	2	2	2	2	0	0	0	0
TGATGAACATGTTTGG-1	0	0	0	0	0	0	0	0
TGATGACTCCCTCAGT-1	4	4	4	4	0	0	0	0
TGATGACTCCTAAATG-1	0	5	5	11	0	0	0	0
TGATGATGTGAATCGC-1	9	9	16	16	0	0	0	0
TGATGATGTGACCTGG-1	9	6	14	14	0	0	0	0
TGATTAGTCGCAACAT-1	4	4	4	4	0	0	0	0
TGATTAGTCGCAATCG-1	0	0	0	0	0	0	0	0
TGATTAGTCGCACACA-1	4	4	4	4	0	0	0	0
TGATTAGTCTAATCCT-1	0	0	0	0	0	0	0	0
TGATTCAAGGTGAGAC-1	3	3	3	3	0	0	0	0
TGATTCAAGTTAGTGC-1	6	5	12	12	0	0	0	0
TGATTGCAGCCACATG-1	6	5	11	11	0	0	0	0
TGATTGCAGCCGCAAC-1	9	6	14	14	0	0	0	0
TGATTGCAGGAGGCAT-1	8	8	8	9	1	1	1	1
TGATTGCAGGTTTGCG-1	0	0	0	0	0	0	0	0
TGCAAGCGTAAGCACC-1	3	3	3	3	0	0	0	0
TGCAAGCGTACAATGT-1	4	4	4	4	0	0	0	0
TGCAAGCGTAGTAAGA-1	6	5	6	5	0	0	0	0
TGCAAGCGTATTCGCT-1	9	6	14	14	0	0	0	0
TGCAAGCGTCTCAGCC-1	0	0	0	6	0	0	0	0
TGCAAGCGTGGAGCAA-1	0	0	0	6	0	0	0	0
TGCAATATCAAGTGTC-1	2	2	2	2	0	0	0	0
TGCAATATCATCAGTA-1	6	5	11	11	0	0	0	0
TGCAATATCATGGTGT-1	9	3	10	10	0	0	0	0
TGCAATATCCCTTGCG-1	0	0	13	13	0	0	0	0
TGCAATATCCTAAGAC-1	2	2	2	2	0	0	0	0
TGCACACCAAGGATTA-1	2	2	2	2	0	0	0	0
TGCACCTTCAAGCCTG-1	2	2	2	2	0	0	0	0
TGCACCTTCAGCACCA-1	3	3	3	3	0	0	0	0
TGCACCTTCCTCATCA-1	2	2	2	2	0	0	0	0
TGCACCTTCTTGTCCA-1	9	6	14	14	0	0	0	0
TGCACTTGTGCTCACC-1	3	3	3	3	0	0	0	0
TGCATCCTCATTACAG-1	2	2	9	2	0	0	0	0
TGCATCCTCCTAATTC-1	1	1	1	1	0	0	0	0
TGCATCCTCCTCACAC-1	9	9	16	16	0	0	0	0
TGCATCCTCTTGGACG-1	1	1	1	1	0	0	0	0
TGCATGAGTAATGACT-1	4	4	4	4	0	0	0	0
TGCATGAGTCTTTATG-1	0	0	11	0	0	0	0	0
TGCATGAGTTAGCATG-1	0	0	0	0	0	0	0	0
TGCATGAGTTCGGTAA-1	8	8	8	9	1	1	1	1
TGCATGAGTTTGAGGC-1	2	2	2	2	0	0	0	0
TGCATTAAGAATCGCT-1	5	6	13	13	0	0	0	0
TGCATTAAGCGATACT-1	6	5	6	5	0	0	0	0
TGCATTAAGTTAGACC-1	0	0	0	0	0	0	0	0
TGCCATTGTAGGTTGC-1	0	0	0	0	0	0	0	0
TGCCATTGTTAACACG-1	0	6	5	7	0	0	0	0
TGCCATTGTTACAACG-1	4	4	4	4	0	0	0	0
TGCCGGTAGCATGTTA-1	9	6	14	14	0	0	0	0
TGCCTGTTCACGTTAA-1	2	2	2	2	0	0	0	0
TGCCTGTTCCCATAGG-1	0	0	0	6	0	0	0	0
TGCCTGTTCTTAGTGA-1	9	0	14	14	0	0	0	0
TGCGATTAGCGAGCGA-1	3	3	3	3	0	0	0	0
TGCGATTAGCTCCTTA-1	2	2	9	2	0	0	0	0
TGCGATTAGGGATGAC-1	0	0	0	0	0	0	0	0
TGCGATTAGGTTTGCG-1	6	5	11	11	0	0	0	0
TGCGATTAGTCTGGGC-1	6	5	12	12	0	0	0	0
TGCGCAGGTGCTTTAC-1	4	4	4	4	0	0	0	0
TGCGCAGGTGGAGCAA-1	3	3	3	3	0	0	0	0
TGCGCAGGTTCTTTAG-1	6	5	11	11	0	0	0	0
TGCGCGAGTGATGGCT-1	6	5	11	11	0	0	0	0
TGCGCGAGTGGAGCAA-1	6	5	6	5	0	0	0	0
TGCGCGAGTTCCATTA-1	2	2	9	2	0	0	0	0
TGCGGTTCAACCTGGT-1	9	6	14	14	0	0	0	0
TGCTAACAGCGATACT-1	2	2	9	2	0	0	0	0
TGCTAACAGGCTATGT-1	2	2	2	2	0	0	0	0
TGCTAACAGGTTTGAC-1	4	4	4	4	0	0	0	0
TGCTCACTCACCTGTC-1	6	5	11	11	0	0	0	0
TGCTCACTCCCTCACG-1	2	2	2	2	0	0	0	0
TGCTCACTCCTAACGG-1	6	5	11	11	0	0	0	0
TGCTCACTCGATAACC-1	3	3	3	3	0	0	0	0
TGCTCACTCGCTAAGT-1	5	6	13	13	0	0	0	0
TGCTCTCAGACAGGTA-1	2	2	9	2	0	0	0	0
TGCTCTCAGAGAAGGG-1	2	2	9	2	0	0	0	0
TGCTGGATCCTAACGG-1	2	2	9	2	0	0	0	0
TGCTGGATCGTTCACC-1	2	2	9	2	0	0	0	0
TGCTTAAAGGCCAATT-1	6	5	12	12	0	0	0	0
TGCTTAAAGTTCCCGT-1	2	2	2	2	0	0	0	0
TGCTTCATCACTAAGC-1	5	6	13	13	0	0	0	0
TGCTTCATCCGCATGA-1	3	3	3	3	0	0	0	0
TGCTTCATCCGGTTGA-1	0	5	0	6	0	0	0	0
TGCTTCATCCTTGCAC-1	1	1	1	1	0	0	0	0
TGCTTCATCGCTAAGT-1	0	0	0	0	0	0	0	0
TGCTTCATCTGTGAGT-1	9	3	10	10	0	0	0	0
TGCTTCATCTGTGCCT-1	4	4	4	4	0	0	0	0
TGCTTCCAGGCTTAGT-1	2	2	2	2	0	0	0	0
TGCTTCCAGGTGCTGC-1	9	6	14	14	0	0	0	0
TGCTTGCTCAGCACGC-1	2	2	2	2	0	0	0	0
TGCTTGCTCCCGCCTA-1	4	4	15	15	0	0	0	0
TGCTTGTGTCAGGCAT-1	3	3	3	3	0	0	0	0
TGCTTGTGTGTTGCAA-1	0	0	0	6	0	0	0	0
TGCTTTAGTCAAGTAT-1	2	2	2	2	0	0	0	0
TGGAACAAGCCTGGTA-1	2	2	2	2	0	0	0	0
TGGAACAAGTGTTGTA-1	6	5	11	11	0	0	0	0
TGGACAAAGAAAGGAA-1	2	2	9	2	0	0	0	0
TGGACAAAGCCTCTGT-1	5	6	13	13	0	0	0	0
TGGACAAAGCGATAGA-1	0	0	5	6	0	0	0	0
TGGACAAAGCTACTGG-1	0	0	0	14	0	0	0	0
TGGACAAAGGAACCAA-1	4	4	4	4	0	0	0	0
TGGACAAAGGGTTAGA-1	2	2	9	2	0	0	0	0
TGGACAAAGTAAACCC-1	3	3	3	3	0	0	0	0
TGGACAAAGTCTCACC-1	6	5	6	5	0	0	0	0
TGGACCGGTCCGCTGT-1	6	5	6	5	0	0	0	0
TGGACGGAGACCATAC-1	2	2	2	2	0	0	0	0
TGGACGGAGGGCTTAT-1	1	1	1	1	0	0	0	0
TGGACGGAGGGTGAAC-1	0	0	0	0	0	0	0	0
TGGACGGAGTCATTTC-1	8	8	8	9	1	1	1	1
TGGACTAGTACAAAGA-1	2	2	2	2	0	0	0	0
TGGACTAGTCAATAGT-1	2	2	2	2	0	0	0	0
TGGACTAGTTCACCAT-1	0	0	0	0	0	0	0	0
TGGACTAGTTCGCTCA-1	2	2	2	2	0	0	0	0
TGGATTCAGAACCTGT-1	3	3	3	3	0	0	0	0
TGGATTCAGAGGATAT-1	6	5	11	11	0	0	0	0
TGGATTCAGCAATAGG-1	0	0	0	0	0	0	0	0
TGGATTCAGCACGTTG-1	0	0	0	0	0	0	0	0
TGGATTCAGCTGTACG-1	9	0	14	14	0	0	0	0
TGGATTCAGGTCCACA-1	4	4	15	15	0	0	0	0
TGGATTCAGTAGGCGG-1	4	4	4	4	0	0	0	0
TGGATTCAGTGATTCA-1	0	0	0	6	0	0	0	0
TGGATTGGTAGTAAGA-1	7	7	7	8	0	0	0	0
TGGATTGGTCAAACTG-1	8	8	8	9	1	1	1	1
TGGATTGGTCCTAACT-1	6	5	6	5	0	0	0	0
TGGATTGGTCGACTCC-1	2	2	2	2	0	0	0	0
TGGATTGGTTAGTTGG-1	3	3	3	3	0	0	0	0
TGGATTGGTTGCGTAA-1	1	1	1	1	0	0	0	0
TGGATTGGTTTACCGT-1	0	0	0	6	0	0	0	0
TGGCCAATCATTGCAA-1	3	3	3	3	0	0	0	0
TGGCCAATCCACCTTA-1	1	1	1	1	0	0	0	0
TGGCCAATCCATAATG-1	9	6	14	14	0	0	0	0
TGGCCATCACCCACCT-1	2	2	2	2	0	0	0	0
TGGCCATCACCGGCTA-1	8	8	8	9	1	1	1	1
TGGCCTGCAGCAAATA-1	0	0	0	0	0	0	0	0
TGGCCTTTCCGGCTAA-1	2	2	2	2	0	0	0	0
TGGCCTTTCTTTAAGG-1	4	4	4	4	0	0	0	0
TGGCGGTTCACAAGCT-1	2	2	9	2	0	0	0	0
TGGCGGTTCTAATTGG-1	4	4	4	4	0	0	0	0
TGGCTAAGTAGGATTT-1	4	4	4	4	0	0	0	0
TGGCTAAGTTATCCGT-1	2	2	9	2	0	0	0	0
TGGGCATGTATGTGGC-1	6	5	11	11	0	0	0	0
TGGGCATGTTAGGACC-1	9	3	10	10	0	0	0	0
TGGGCATGTTGGATCA-1	6	5	6	5	0	0	0	0
TGGGCCTAGAACAAGT-1	4	4	4	4	0	0	0	0
TGGGCCTAGCATTTCT-1	2	5	11	11	0	0	0	0
TGGGCCTAGCCAGTAT-1	0	0	5	6	0	0	0	0
TGGGCCTAGGGATTAG-1	1	1	1	1	0	0	0	0
TGGGCCTAGGTAAGCA-1	0	0	0	0	0	0	0	0
TGGTAAACACCCTCAC-1	2	2	9	2	0	0	0	0
TGGTAAACACTTACAG-1	3	3	3	3	0	0	0	0
TGGTAAACAGAGAGCC-1	2	2	2	2	0	0	0	0
TGGTCAAGTACGTTTC-1	5	6	5	7	0	0	0	0
TGGTCAAGTTACAAAC-1	1	1	1	1	0	0	0	0
TGGTCAGTCCAACTGG-1	0	0	0	14	0	0	0	0
TGGTCAGTCCGCAAGC-1	2	2	9	2	0	0	0	0
TGGTCAGTCGGTCATG-1	2	2	2	2	0	0	0	0
TGGTCAGTCTCGCCCA-1	5	6	5	7	0	0	0	0
TGGTCATAGACAAACG-1	1	1	1	1	0	0	0	0
TGGTCATAGGGTGAGT-1	0	6	5	12	0	0	0	0
TGGTCCTTCAAACACC-1	2	2	9	2	0	0	0	0
TGGTCCTTCCGCCTCA-1	2	2	2	2	0	0	0	0
TGGTCCTTCGGTCATG-1	0	0	0	0	0	0	0	0
TGGTGATTCATAACCA-1	2	2	9	2	0	0	0	0
TGGTGATTCGCACACA-1	5	6	13	13	0	0	0	0
TGGTGATTCTCGCCCA-1	0	0	0	0	0	0	0	0
TGGTGATTCTGTGCCT-1	0	0	0	0	0	0	0	0
TGGTGCATCACATTGA-1	9	3	10	10	0	0	0	0
TGGTGCATCCGCAAGC-1	2	2	2	2	0	0	0	0
TGGTGCATCCTTCTAG-1	6	5	11	11	0	0	0	0
TGGTGCATCGTTTCGC-1	6	5	11	11	0	0	0	0
TGGTGCATCTAAGTGC-1	3	3	3	3	0	0	0	0
TGGTGCATCTACCTCA-1	0	0	0	6	0	0	0	0
TGGTTAATCGCTAGTG-1	4	4	4	4	0	0	0	0
TGGTTAATCTAAGTGC-1	0	0	0	0	0	0	0	0
TGGTTCCTCATTGTTC-1	2	2	9	2	0	0	0	0
TGGTTCCTCGATAACC-1	7	7	7	8	0	0	0	0
TGGTTCTGTCAAGACC-1	2	2	2	2	0	0	0	0
TGGTTCTGTCACACCC-1	0	0	0	0	0	0	0	0
TGGTTCTGTTGGTTCT-1	5	6	5	7	0	0	0	0
TGGTTGAGTTGGTTAG-1	2	2	9	2	0	0	0	0
TGTAAAGCAGCTTACA-1	6	5	11	11	0	0	0	0
TGTAAAGCAGTCTAAT-1	0	0	0	0	0	0	0	0
TGTAAAGCATCTTGAG-1	6	5	12	12	0	0	0	0
TGTAAAGCATTAGGTT-1	9	6	14	14	0	0	0	0
TGTAACTCATTGTGCA-1	3	3	3	3	0	0	0	0
TGTAAGCTCACCTGTC-1	9	6	14	14	0	0	0	0
TGTAAGCTCAGGAACA-1	4	4	4	4	0	0	0	0
TGTAAGCTCATGTGGT-1	0	0	0	6	0	0	0	0
TGTAAGCTCCAAATCA-1	3	3	3	3	0	0	0	0
TGTAAGTGTAGTAAGA-1	2	2	2	2	0	0	0	0
TGTAAGTGTGATTACG-1	9	3	10	10	0	0	0	0
TGTAAGTGTTAGGCGT-1	2	2	2	2	0	0	0	0
TGTAAGTGTTGAGCCG-1	4	4	4	4	0	0	0	0
TGTAAGTGTTTGCGAA-1	4	4	4	4	0	0	0	0
TGTAAGTGTTTGGCTT-1	2	2	9	2	0	0	0	0
TGTAATGTCGGTTTCC-1	6	5	6	5	0	0	0	0
TGTAATGTCTAGCTTT-1	3	3	3	3	0	0	0	0
TGTAATGTCTTAGGGT-1	9	6	14	14	0	0	0	0
TGTATCCGTCTTTGAC-1	9	3	10	10	0	0	0	0
TGTATCGCAAGGCCAA-1	5	6	13	13	0	0	0	0
TGTATCGCACAAAGGT-1	2	2	9	2	0	0	0	0
TGTATCGCACCGGTAT-1	6	5	6	5	0	0	0	0
TGTATCGCACCTGGTG-1	6	5	6	5	0	0	0	0
TGTATCGCAGCCAGTT-1	2	2	2	2	0	0	0	0
TGTATCGCATAGCGAG-1	4	4	4	4	0	0	0	0
TGTCAGTAGCTAATTG-1	3	3	3	3	0	0	0	0
TGTCAGTAGCTCCTTA-1	9	3	10	10	0	0	0	0
TGTCAGTAGGGATTAG-1	6	5	11	11	0	0	0	0
TGTCAGTAGGTATTGC-1	6	5	12	12	0	0	0	0
TGTCATAAGCGCCTAA-1	3	3	3	3	0	0	0	0
TGTCATAAGGACCTTG-1	7	7	7	8	0	0	0	0
TGTCATAAGGCGCTTA-1	0	0	0	0	0	0	0	0
TGTCATAAGGTGAGAC-1	2	2	2	2	0	0	0	0
TGTCATAAGTACTGGT-1	6	5	6	5	0	0	0	0
TGTCCTGGTAAAGCGG-1	4	4	4	4	0	0	0	0
TGTCCTGGTAAGCTTG-1	2	2	2	2	0	0	0	0
TGTCCTGGTATACTGG-1	2	2	2	2	0	0	0	0
TGTCCTGGTCAAGTGC-1	2	2	2	2	0	0	0	0
TGTCCTGGTTGTTCAC-1	6	5	6	5	0	0	0	0
TGTCCTGGTTTGGGTA-1	9	3	10	10	0	0	0	0
TGTCCTTCAATAATGG-1	0	0	5	6	0	0	0	0
TGTCCTTCACGAATCC-1	2	2	9	2	0	0	0	0
TGTCCTTCACTATGGC-1	2	2	11	11	0	0	0	0
TGTGAAACAATGAAGC-1	7	7	7	8	0	0	0	0
TGTGAAACATAATCAC-1	9	3	10	10	0	0	0	0
TGTGAAACATTGTTGG-1	3	3	3	3	0	0	0	0
TGTGATCAGAGGGACT-1	6	5	6	5	0	0	0	0
TGTGATCAGGCATGAA-1	0	0	0	0	0	0	0	0
TGTGCAAGTCTTACTA-1	6	5	11	11	0	0	0	0
TGTGCAAGTTAACGGC-1	0	0	5	7	0	0	0	0
TGTGCAAGTTAGTTGG-1	9	6	14	14	0	0	0	0
TGTGCAAGTTGCACAA-1	2	2	9	2	0	0	0	0
TGTGCACCACTTCACT-1	6	5	11	11	0	0	0	0
TGTGCGCAGCGATAAG-1	0	0	5	6	0	0	0	0
TGTGCGCAGCGGGCAA-1	9	5	10	11	0	0	0	0
TGTGCGCAGGACCAGG-1	0	0	0	6	0	0	0	0
TGTGCGCAGGTTTGCG-1	6	5	11	11	0	0	0	0
TGTGCGCAGTAAAGGT-1	6	5	12	12	0	0	0	0
TGTGCGGGTTAAGCCA-1	2	2	2	2	0	0	0	0
TGTGCGGGTTCCAGGG-1	6	5	11	11	0	0	0	0
TGTGCTGAGCATGAAG-1	2	2	2	2	0	0	0	0
TGTGCTGAGCGAGTAA-1	0	0	0	0	0	0	0	0
TGTGCTGAGCTCAATA-1	2	2	2	2	0	0	0	0
TGTGCTGAGGACCTGC-1	2	2	9	2	0	0	0	0
TGTGCTGAGGAGGCAT-1	0	0	0	6	0	0	0	0
TGTGGAGCACAATGTT-1	8	8	8	9	1	1	1	1
TGTGGAGCACCGGCTA-1	7	7	7	8	0	0	0	0
TGTGGAGCAGCTCATA-1	6	5	11	11	0	0	0	0
TGTGGAGCAGCTTAGC-1	3	3	3	3	0	0	0	0
TGTGGAGCAGTAGGAT-1	9	3	10	10	0	0	0	0
TGTGGCCAGGCATGAA-1	7	7	7	8	0	0	0	0
TGTGGCGGTCCTAATC-1	3	3	3	3	0	0	0	0
TGTGGCGGTGCTTACT-1	0	0	0	0	0	0	0	0
TGTGGCGGTTAGGTGC-1	2	2	2	2	0	0	0	0
TGTGGCTCAAAGCGCA-1	6	5	11	11	0	0	0	0
TGTGGCTCAATACTGT-1	0	0	0	6	0	0	0	0
TGTGGCTCAATTGCGC-1	6	5	11	11	0	0	0	0
TGTGGCTCACAAACTT-1	6	5	11	5	0	0	0	0
TGTGGCTCACTAGCGT-1	0	0	0	0	0	0	0	0
TGTGGCTCAGAGAGCC-1	6	5	12	12	0	0	0	0
TGTGGCTCATGAGCAG-1	0	6	5	7	0	0	0	0
TGTGTGAGTAACCACA-1	9	6	14	14	0	0	0	0
TGTGTGAGTACGCGCA-1	4	4	4	4	0	0	0	0
TGTGTGAGTGCGCATG-1	8	8	8	9	1	1	1	1
TGTGTTAAGACCATAC-1	6	5	6	5	0	0	0	0
TGTGTTAAGGAGCATA-1	6	5	12	12	0	0	0	0
TGTGTTAAGGTGAGAC-1	5	6	5	7	0	0	0	0
TGTTACTTCAGTTCCC-1	6	5	11	11	0	0	0	0
TGTTACTTCATCCTAT-1	5	6	5	7	0	0	0	0
TGTTACTTCGTTACAA-1	6	5	12	12	0	0	0	0
TGTTACTTCTGTGAGT-1	6	5	6	5	0	0	0	0
TGTTAGCAGGAGGTTA-1	6	5	11	11	0	0	0	0
TGTTATGAGCCGCTAA-1	3	3	3	3	0	0	0	0
TGTTATGAGCCTCTGT-1	0	0	0	0	0	0	0	0
TGTTATGAGCTATTAG-1	2	2	2	2	0	0	0	0
TGTTATGAGCTGTACG-1	0	5	5	11	0	0	0	0
TGTTATGAGGCTACTG-1	0	0	0	0	0	0	0	0
TGTTCATTCACGAATC-1	0	0	0	14	0	0	0	0
TGTTCATTCATCCTGC-1	9	3	10	10	0	0	0	0
TGTTCATTCCAAGTTA-1	3	3	3	3	0	0	0	0
TGTTCATTCCCGCAAA-1	3	3	3	3	0	0	0	0
TGTTCCTCAAGATTCT-1	2	2	2	2	0	0	0	0
TGTTCCTCAGAGGGAG-1	4	4	4	4	0	0	0	0
TGTTCCTCAGTTTACG-1	0	0	5	6	0	0	0	0
TGTTGCACAGGCTACT-1	2	2	2	2	0	0	0	0
TGTTGCACATAATCAC-1	0	0	0	0	0	0	0	0
TGTTGCACATAGCTGC-1	5	6	13	13	0	0	0	0
TGTTGGCCACCACAAC-1	3	3	3	3	0	0	0	0
TGTTGGCCAGGCATCT-1	3	3	3	3	0	0	0	0
TGTTGGCCATAAGCAA-1	6	5	6	5	0	0	0	0
TGTTGGCCATCCAGGT-1	0	0	0	14	0	0	0	0
TGTTGGCCATTAAGTC-1	0	0	0	6	0	0	0	0
TGTTGTAAGACAAAGT-1	1	1	1	1	0	0	0	0
TGTTGTAAGGCGAATA-1	4	4	4	4	0	0	0	0
TGTTGTAAGGTTTGCG-1	6	5	12	12	0	0	0	0
TGTTGTGCAAGGGTTG-1	1	1	1	1	0	0	0	0
TGTTGTGCAGGGAGGA-1	3	3	3	3	0	0	0	0
TGTTGTTTCGTTTCGC-1	9	6	14	14	0	0	0	0
TTAAAGGCAATCCTAG-1	0	0	5	6	0	0	0	0
TTAAAGGCACAAAGCG-1	9	6	14	14	0	0	0	0
TTAAAGGCACAGGGAC-1	4	4	4	4	0	0	0	0
TTAAAGGCAGGTATTT-1	3	3	3	3	0	0	0	0
TTAAAGGCAGGTTCAC-1	6	5	6	5	0	0	0	0
TTAACCAAGACTTATG-1	2	2	9	2	0	0	0	0
TTAACCAAGCAATAGG-1	6	5	11	11	0	0	0	0
TTAACCAAGCATGTCG-1	6	5	6	5	0	0	0	0
TTAACCAAGGTCCAAT-1	9	6	14	14	0	0	0	0
TTAACCAAGGTGCTGC-1	2	2	2	2	0	0	0	0
TTAACCAAGGTTACAC-1	2	2	2	2	0	0	0	0
TTAACTGAGCAACATC-1	5	6	5	7	0	0	0	0
TTAACTGAGCAAGGTA-1	0	0	0	14	0	0	0	0
TTAACTGAGCCGCAAC-1	3	3	3	3	0	0	0	0
TTAACTGAGGGACTAA-1	6	5	12	12	0	0	0	0
TTAAGCCAGAAAGCAT-1	2	2	9	2	0	0	0	0
TTAAGCCAGCCAGTAT-1	2	2	9	2	0	0	0	0
TTAAGCCAGCGCAATT-1	3	3	3	3	0	0	0	0
TTAAGCCAGTAGCCAT-1	2	2	2	2	0	0	0	0
TTAAGGACAACAGGTG-1	0	0	10	10	0	0	0	0
TTAAGGACAATATACC-1	3	3	3	3	0	0	0	0
TTAAGGTGTGATCAGC-1	1	1	1	1	0	0	0	0
TTAAGGTGTTATGTGG-1	6	5	11	11	0	0	0	0
TTAAGTGTCCGCAAGC-1	3	3	3	3	0	0	0	0
TTAAGTGTCGCAATCG-1	1	1	1	1	0	0	0	0
TTAATCGAGACAACAG-1	0	0	0	6	0	0	0	0
TTAATCGAGGCTGTCA-1	6	5	12	12	0	0	0	0
TTAATCGAGGTAAGGC-1	6	5	12	12	0	0	0	0
TTAATCGAGTAACAGG-1	3	3	3	3	0	0	0	0
TTAATCGAGTGAGCGG-1	6	5	12	12	0	0	0	0
TTACACCGTATTGGAT-1	6	5	12	12	0	0	0	0
TTACAGCAGCATGGTT-1	2	2	9	2	0	0	0	0
TTACAGCAGGTAGCTT-1	0	0	0	0	0	0	0	0
TTACAGCAGTATTGTG-1	2	2	2	2	0	0	0	0
TTACAGCAGTGAACAG-1	0	0	0	0	0	0	0	0
TTACAGCAGTGAGCAA-1	6	5	11	11	0	0	0	0
TTACCGTGTCCGCTGT-1	0	0	0	0	0	0	0	0
TTACCGTGTGAGCACT-1	0	0	0	0	0	0	0	0
TTACCTGTCAGCTAAC-1	6	5	11	5	0	0	0	0
TTACCTGTCTTTAAGG-1	9	6	14	14	0	0	0	0
TTACGTTTCAGAAACG-1	7	7	7	8	0	0	0	0
TTACGTTTCATGCTTT-1	7	7	7	8	0	0	0	0
TTACGTTTCGAGGTGG-1	6	5	6	5	0	0	0	0
TTACGTTTCGGTCAAT-1	3	3	3	14	0	0	0	0
TTAGAAGCACATAGCC-1	7	7	7	8	0	0	0	0
TTAGACTCACTAAGAA-1	6	5	12	12	0	0	0	0
TTAGACTCATACTCCT-1	0	0	0	0	0	0	0	0
TTAGCAATCCTTAAGA-1	1	1	1	1	0	0	0	0
TTAGCAATCCTTAATC-1	4	4	4	4	0	0	0	0
TTAGCAATCTAATCTC-1	4	4	4	4	0	0	0	0
TTAGCAATCTTGATGA-1	2	2	2	2	0	0	0	0
TTAGCAGGTACCGGAT-1	4	4	15	15	0	0	0	0
TTAGCAGGTCACACCC-1	6	5	11	11	0	0	0	0
TTAGCAGGTCTTGCAT-1	2	2	2	2	0	0	0	0
TTAGCAGGTGTTGTAG-1	4	4	4	4	0	0	0	0
TTAGCCTGTGCACGCA-1	2	2	2	2	0	0	0	0
TTAGCCTGTTTAAAGC-1	0	0	0	0	0	0	0	0
TTAGCGGTCACGCCAA-1	0	0	0	6	0	0	0	0
TTAGCGGTCATGGCCA-1	6	5	6	5	0	0	0	0
TTAGCGGTCCCGAACA-1	3	3	3	3	0	0	0	0
TTAGCGGTCGTCATTT-1	9	6	14	14	0	0	0	0
TTAGCGGTCGTTTCTG-1	2	2	2	2	0	0	0	0
TTAGCTGCAAGGATTA-1	2	2	2	2	0	0	0	0
TTAGCTGCAAGTTATC-1	2	2	2	2	0	0	0	0
TTAGCTGCAATCATGT-1	1	1	1	1	0	0	0	0
TTAGCTGCACTAAATC-1	9	9	16	16	0	0	0	0
TTAGGAACAATGAATG-1	6	5	11	11	0	0	0	0
TTAGGAACACGGTTTA-1	0	0	0	6	0	0	0	0
TTAGGAACATGCTTAG-1	3	3	3	3	0	0	0	0
TTAGGATGTACCAGGT-1	2	2	2	2	0	0	0	0
TTAGGATGTACCGGAT-1	7	7	7	8	0	0	0	0
TTAGGATGTGTCCTGC-1	9	6	14	14	0	0	0	0
TTAGGCCCAATGCGCT-1	6	5	6	5	0	0	0	0
TTAGGCGTCATTAGCA-1	6	5	12	12	0	0	0	0
TTAGGCGTCCTTTACG-1	9	6	14	14	0	0	0	0
TTAGGCTAGAACCTAC-1	0	0	0	0	0	0	0	0
TTAGTCAAGCCTTAAA-1	0	0	0	0	0	0	0	0
TTAGTCAAGCGGATAA-1	4	4	4	4	0	0	0	0
TTAGTCAAGGACCTCA-1	3	3	3	3	0	0	0	0
TTAGTCAAGGTGCTGC-1	0	0	0	0	0	0	0	0
TTAGTCAAGTTACCGG-1	2	2	9	2	0	0	0	0
TTATAGCCATTGTGAT-1	0	0	0	0	0	0	0	0
TTATCCTAGCATGGTT-1	2	2	2	2	0	0	0	0
TTATCCTAGGAAACTG-1	7	7	7	8	0	0	0	0
TTATCCTAGGATAAAC-1	9	6	14	14	0	0	0	0
TTATGACCAACCCTAA-1	6	5	6	5	0	0	0	0
TTATGACCAACTAACT-1	4	4	4	4	0	0	0	0
TTATGACCAGTTGCGT-1	6	5	12	12	0	0	0	0
TTATTGCTCAATGTGC-1	1	1	1	1	0	0	0	0
TTCAACCGTGGAGCAA-1	8	8	8	9	1	1	1	1
TTCAACCGTGGCTTCC-1	6	5	11	11	0	0	0	0
TTCAACCGTTTGGCGG-1	1	1	1	1	0	0	0	0
TTCACTGTCATAACGC-1	4	4	4	4	0	0	0	0
TTCACTGTCATTTAGG-1	1	1	1	1	0	0	0	0
TTCACTGTCCATTACT-1	3	3	3	3	0	0	0	0
TTCACTGTCCCGAACA-1	6	5	12	12	0	0	0	0
TTCACTGTCGTTCACC-1	0	0	0	0	0	0	0	0
TTCACTGTCTAGCGAT-1	6	5	12	12	0	0	0	0
TTCAGCACAAAGGCCA-1	6	5	6	5	0	0	0	0
TTCAGCACAACCCTCC-1	2	2	2	2	0	0	0	0
TTCAGCACAGCTTAAT-1	2	2	2	2	0	0	0	0
TTCAGCACATAAAGCA-1	9	3	10	10	0	0	0	0
TTCAGGTAGAGAAGGG-1	9	6	14	14	0	0	0	0
TTCAGGTAGCCGGTAC-1	7	7	7	8	0	0	0	0
TTCAGGTAGGTAAGGC-1	7	7	7	8	0	0	0	0
TTCAGTTTCCTGAATA-1	6	5	6	5	0	0	0	0
TTCATCCCACAATGTT-1	1	1	1	1	0	0	0	0
TTCATCCCACCGTTCC-1	9	6	14	14	0	0	0	0
TTCATTCAGCGCCTTT-1	6	5	6	5	0	0	0	0
TTCATTCAGGAACACA-1	0	0	0	0	0	0	0	0
TTCCACGGTATTGTGG-1	8	8	8	9	1	1	1	1
TTCCACGGTCCTTAGT-1	2	2	2	2	0	0	0	0
TTCCACGGTGATCAGC-1	6	5	12	12	0	0	0	0
TTCCACGGTGTGCAAC-1	0	0	0	0	0	0	0	0
TTCCCACAGAAAGCAT-1	0	0	0	0	0	0	0	0
TTCCCACAGGATTGCT-1	0	0	0	6	0	0	0	0
TTCCCACAGGTGTTAC-1	5	6	13	13	0	0	0	0
TTCCCACAGTTGTCAA-1	3	3	3	3	0	0	0	0
TTCCCGCCACCTCACC-1	8	8	8	9	1	1	1	1
TTCCTCAAGCTTGCTC-1	8	8	8	9	1	1	1	1
TTCCTTCTCCTGCGAA-1	0	0	5	7	0	0	0	0
TTCCTTCTCCTTGCGT-1	9	3	14	14	0	0	0	0
TTCCTTGAGTCATTGA-1	4	4	4	4	0	0	0	0
TTCGCAACAAGCTTAT-1	6	5	12	12	0	0	0	0
TTCGCAACACAAACTT-1	1	1	1	1	0	0	0	0
TTCGCAACAGAATGAC-1	3	3	3	3	0	0	0	0
TTCGCAACAGGTTATT-1	0	0	0	0	0	0	0	0
TTCGGTACATTGCGTA-1	6	5	12	12	0	0	0	0
TTCGTGCTCAGCAAAG-1	4	4	4	4	0	0	0	0
TTCGTGCTCCTCATGC-1	3	3	3	3	0	0	0	0
TTCGTTAGTAAGCACC-1	2	2	2	2	0	0	0	0
TTCGTTAGTGCTAGCG-1	0	0	0	6	0	0	0	0
TTCTTAGGTGGATTAT-1	5	6	5	7	0	0	0	0
TTCTTAGGTTGACTTC-1	9	6	14	14	0	0	0	0
TTCTTAGGTTGCACAA-1	0	0	0	0	0	0	0	0
TTGACATCAAACTCAT-1	6	5	11	11	0	0	0	0
TTGACATCAAACTGTT-1	7	7	7	8	0	0	0	0
TTGACGTAGCAAGGTA-1	8	8	8	9	1	1	1	1
TTGACGTAGGTCCTGA-1	2	2	2	2	0	0	0	0
TTGACTAAGCAGCTCA-1	2	2	2	2	0	0	0	0
TTGACTAAGCCGCTAA-1	3	3	3	3	0	0	0	0
TTGACTAAGCCTGGTA-1	4	4	4	4	0	0	0	0
TTGACTAAGGTCCGTA-1	0	0	0	6	0	0	0	0
TTGAGCTAGATGGACA-1	5	6	13	13	0	0	0	0
TTGAGCTAGCAACATC-1	4	4	4	4	0	0	0	0
TTGAGCTAGCATGTTA-1	9	3	10	10	0	0	0	0
TTGAGCTAGTCAGTAC-1	3	3	3	3	0	0	0	0
TTGAGGCGTGAGAAAC-1	3	3	3	3	0	0	0	0
TTGAGGCGTGCGCGTA-1	5	6	5	7	0	0	0	0
TTGATGTCAAACAACA-1	0	0	0	0	0	0	0	0
TTGATGTCAAGGAATC-1	3	3	3	3	0	0	0	0
TTGATGTCACAGACTC-1	0	0	0	0	0	0	0	0
TTGCAACAGGCGCTAC-1	0	0	5	6	0	0	0	0
TTGCAAGGTCCTAACT-1	6	5	6	5	0	0	0	0
TTGCAAGGTTCGCTTG-1	0	0	0	0	0	0	0	0
TTGCAATCACCTCAGG-1	6	5	6	5	0	0	0	0
TTGCAATCAGAGGCTA-1	0	0	5	6	0	0	0	0
TTGCAATCATGGCCTG-1	7	7	7	8	0	0	0	0
TTGCAATCATTAAGCT-1	6	5	11	11	0	0	0	0
TTGCACACACCCACCT-1	0	0	0	0	0	0	0	0
TTGCACACACCTATAG-1	2	2	9	2	0	0	0	0
TTGCACACACCTCAGG-1	8	8	8	9	1	1	1	1
TTGCACACACGGTTTA-1	7	7	7	8	0	0	0	0
TTGCACACAGCCTGCA-1	0	0	0	6	0	0	0	0
TTGCACACATGTGGGA-1	6	5	12	12	0	0	0	0
TTGCAGCCAAACAACA-1	0	0	0	0	0	0	0	0
TTGCAGCCACCGGCTA-1	0	0	0	6	0	0	0	0
TTGCATTTCAATGAGG-1	3	3	3	3	0	0	0	0
TTGCATTTCTGGTCCT-1	6	5	11	11	0	0	0	0
TTGCCCGTCCTAAATG-1	2	2	2	2	0	0	0	0
TTGCCCGTCTTTGAGA-1	5	6	13	13	0	0	0	0
TTGCGAGTCCGCTAGA-1	9	6	14	14	0	0	0	0
TTGCGAGTCCTAAGAC-1	6	5	6	5	0	0	0	0
TTGCGTCTCATAAGCC-1	6	5	12	12	0	0	0	0
TTGCGTCTCCACCTGT-1	6	5	11	11	0	0	0	0
TTGCGTCTCCCTGTTA-1	2	2	2	2	0	0	0	0
TTGCGTCTCCTCCATA-1	5	6	5	7	0	0	0	0
TTGCTCTCAGCAAGGC-1	4	4	4	4	0	0	0	0
TTGCTCTCAGCATGTC-1	0	0	0	6	0	0	0	0
TTGCTTAGTGTTGCAA-1	6	5	6	5	0	0	0	0
TTGCTTAGTTCACTGT-1	0	0	0	13	0	0	0	0
TTGCTTAGTTTATTCG-1	3	3	3	3	0	0	0	0
TTGCTTTAGACAACGA-1	9	6	14	14	0	0	0	0
TTGCTTTAGCTTCTCA-1	5	6	13	13	0	0	0	0
TTGCTTTAGTACCGCA-1	8	8	8	9	1	1	1	1
TTGGAGGCAGGAAGCC-1	6	5	6	5	0	0	0	0
TTGGAGGCATCACAGC-1	3	3	3	3	0	0	0	0
TTGGATATCCCGCCTA-1	9	6	14	14	0	0	0	0
TTGGATATCCTGTTCA-1	6	5	12	5	0	0	0	0
TTGGATATCGAGCTAT-1	7	7	7	8	0	0	0	0
TTGGATATCGGTTAGT-1	2	2	9	2	0	0	0	0
TTGGATATCGTCCTTA-1	2	2	2	2	0	0	0	0
TTGGATATCGTTATCT-1	2	2	2	2	0	0	0	0
TTGGATCAGCACAGAA-1	2	2	2	2	0	0	0	0
TTGGATCAGGAGTCGG-1	0	5	5	11	0	0	0	0
TTGGATCAGTAACCAC-1	4	4	4	4	0	0	0	0
TTGGATCAGTCTCACC-1	6	5	11	11	0	0	0	0
TTGGATTCAATTGACT-1	0	0	5	6	0	0	0	0
TTGGCGGGTCAATAGT-1	5	6	13	13	0	0	0	0
TTGGCGGGTCATAAGT-1	3	3	3	3	0	0	0	0
TTGGCTACAATATAGG-1	3	3	3	3	0	0	0	0
TTGGCTACACCAGGTT-1	2	2	2	2	0	0	0	0
TTGGCTGAGCCTCTGT-1	0	0	0	6	0	0	0	0
TTGGCTGAGGGTCCAC-1	0	0	0	0	0	0	0	0
TTGGGCCAGATAACCC-1	5	6	13	13	0	0	0	0
TTGGGCCAGCATGCAT-1	5	6	13	13	0	0	0	0
TTGGGCCAGTTTGGGT-1	6	5	11	12	0	0	0	0
TTGGGCGGTACCCACC-1	4	4	4	4	0	0	0	0
TTGGGCGGTCAACAAT-1	5	6	5	7	0	0	0	0
TTGGGCGGTCGCGCAA-1	0	0	5	6	0	0	0	0
TTGGGCGGTTGGTTCT-1	5	6	5	7	0	0	0	0
TTGGGTTAGCTACTGG-1	2	2	9	2	0	0	0	0
TTGGGTTAGGATTTGC-1	8	8	8	9	1	1	1	1
TTGGGTTAGTTATCTC-1	0	0	0	0	0	0	0	0
TTGTAAGTCAGCCAAT-1	4	4	4	4	0	0	0	0
TTGTAAGTCAGGCTAT-1	4	4	4	4	0	0	0	0
TTGTAAGTCTCGACCT-1	9	0	14	14	0	0	0	0
TTGTCAAAGCGAGCGA-1	0	0	0	0	0	0	0	0
TTGTCAAAGCGATAGA-1	0	0	8	9	0	0	1	1
TTGTCAAAGCTTACTT-1	1	1	1	1	0	0	0	0
TTGTCAAAGCTTCTCA-1	6	5	6	5	0	0	0	0
TTGTCAAAGGAGGGTT-1	2	2	2	2	0	0	0	0
TTGTCAAAGGCATTGT-1	3	3	3	3	0	0	0	0
TTGTCAAAGTCTGGGC-1	0	0	0	0	0	0	0	0
TTGTCAAAGTGAGCGG-1	6	5	11	11	0	0	0	0
TTGTCCCAGAAACTGG-1	3	3	3	3	0	0	0	0
TTGTCCCAGAATCGCT-1	0	0	0	0	0	0	0	0
TTGTCCCAGACTTACA-1	3	3	3	3	0	0	0	0
TTGTCCCAGCCTGAGC-1	6	5	11	11	0	0	0	0
TTGTCCCAGCGATAGA-1	0	0	0	0	0	0	0	0
TTGTCCCAGGAACCAA-1	3	3	3	3	0	0	0	0
TTGTCCCAGGACAATG-1	3	3	3	3	0	0	0	0
TTGTCCCAGGGTTAGA-1	4	4	4	4	0	0	0	0
TTGTCCCAGTACTGGT-1	2	2	2	2	0	0	0	0
TTGTCCCAGTGGACAA-1	2	2	2	2	0	0	0	0
TTGTCCGGTTACCTGT-1	0	0	0	0	0	0	0	0
TTGTGAGGTCAAAGGG-1	0	0	0	0	0	0	0	0
TTGTGAGGTGATCAGC-1	6	5	11	11	0	0	0	0
TTGTGAGGTGCGCAAT-1	9	3	10	10	0	0	0	0
TTGTGCCTCAGAAACG-1	4	4	4	4	0	0	0	0
TTGTGCCTCCCTTGCG-1	6	5	12	12	0	0	0	0
TTGTGCGAGCAAGGGT-1	4	4	4	4	0	0	0	0
TTGTGCGAGCTCATAA-1	2	2	2	2	0	0	0	0
TTGTGCGAGTTACCGG-1	7	7	7	8	0	0	0	0
TTGTGTGCAAGGTCGA-1	7	7	7	8	0	0	0	0
TTGTGTGCACACCAAC-1	3	3	3	3	0	0	0	0
TTGTGTGCAGCCGCTA-1	5	6	5	7	0	0	0	0
TTGTGTGCAGGCTGTT-1	5	6	13	13	0	0	0	0
TTGTGTGCAGGTTTGC-1	6	5	12	12	0	0	0	0
TTGTGTGCATAATCCG-1	2	2	9	2	0	0	0	0
TTGTTCCCAGGTTCAC-1	8	8	8	9	1	1	1	1
TTGTTCCCATAAGTTC-1	6	5	11	11	0	0	0	0
TTGTTGTTCACAAGCT-1	2	2	2	2	0	0	0	0
TTGTTGTTCCGCAAGC-1	2	2	2	2	0	0	0	0
TTGTTTGGTGTAATAC-1	0	0	0	0	0	0	0	0
TTGTTTGGTTAAGCCA-1	2	2	2	2	0	0	0	0
TTGTTTGGTTCAAGCA-1	3	3	3	3	0	0	0	0
TTTAACCTCGCACAAT-1	0	0	0	6	0	0	0	0
TTTAACCTCTATGACA-1	6	5	6	5	0	0	0	0
TTTAACGAGCTAAAGG-1	2	2	2	2	0	0	0	0
TTTAACGAGCTATGAC-1	0	0	0	6	0	0	0	0
TTTAAGCCAAGGTACG-1	2	2	2	2	0	0	0	0
TTTAAGCCAGGCTAGA-1	4	4	4	4	0	0	0	0
TTTAAGCCATTGTCAG-1	7	7	7	8	0	0	0	0
TTTAAGCCATTGTGCA-1	0	0	0	0	0	0	0	0
TTTAAGGTCATGGTTA-1	7	7	7	8	0	0	0	0
TTTAAGGTCATTTGCT-1	0	0	0	6	0	0	0	0
TTTAAGGTCGCTAAAC-1	3	3	3	3	0	0	0	0
TTTAAGGTCTGCAAAC-1	2	2	2	2	0	0	0	0
TTTAAGGTCTGGCATG-1	2	2	2	2	0	0	0	0
TTTAAGGTCTGGTCCT-1	6	5	12	12	0	0	0	0
TTTAAGGTCTTGAGCG-1	7	7	7	8	0	0	0	0
TTTACGAAGACTAAGG-1	6	5	12	12	0	0	0	0
TTTACGAAGCCACAAT-1	6	5	12	12	0	0	0	0
TTTACGAAGCGCCTAA-1	5	6	5	7	0	0	0	0
TTTACGAAGCTGCACA-1	4	4	4	4	0	0	0	0
TTTACGAAGGAACGCG-1	0	0	0	0	0	0	0	0
TTTACGAAGGATTGAG-1	2	2	9	2	0	0	0	0
TTTACGAAGTAATCCA-1	3	3	3	14	0	0	0	0
TTTACGCGTCACCTAT-1	4	4	4	4	0	0	0	0
TTTACGCGTCTCACTG-1	2	2	2	2	0	0	0	0
TTTACGCGTGTCCAGG-1	2	2	2	2	0	0	0	0
TTTACGCGTGTTTGTC-1	0	0	0	0	0	0	0	0
TTTACGCGTTGCAATG-1	6	5	12	12	0	0	0	0
TTTAGCAAGTACTGGT-1	0	0	0	0	0	0	0	0
TTTAGCTTCACCGGTA-1	9	6	14	14	0	0	0	0
TTTAGCTTCATTACTC-1	6	0	0	0	0	0	0	0
TTTAGCTTCCCGTTGT-1	2	2	2	2	0	0	0	0
TTTAGCTTCCTAATTC-1	8	8	8	9	1	1	1	1
TTTAGGATCATGCTAA-1	3	3	3	3	0	0	0	0
TTTAGGATCGGCTATG-1	9	6	14	14	0	0	0	0
TTTAGGATCTAACCAA-1	2	2	9	2	0	0	0	0
TTTAGGATCTCGACCT-1	0	0	0	6	0	0	0	0
TTTAGGATCTTGCAGG-1	6	5	11	11	0	0	0	0
TTTATGGAGATACTTG-1	0	0	0	6	0	0	0	0
TTTATGGAGGACTAAG-1	6	5	12	12	0	0	0	0
TTTATGGAGGATAAAC-1	9	6	14	14	0	0	0	0
TTTATGGAGGCGAATA-1	2	2	2	2	0	0	0	0
TTTATGGAGGCTATGT-1	9	6	14	14	0	0	0	0
TTTATGGAGTAAGTCC-1	0	0	0	0	0	0	0	0
TTTCACCCATAAGTTC-1	6	5	12	12	0	0	0	0
TTTCAGTTCAAACCGT-1	2	2	2	2	0	0	0	0
TTTCAGTTCATGTGGT-1	6	5	12	12	0	0	0	0
TTTCATCAGAGGAAGG-1	2	2	9	2	0	0	0	0
TTTCCACCAATAGCAA-1	6	5	12	12	0	0	0	0
TTTCCACCAATTGAAG-1	6	5	6	5	0	0	0	0
TTTCCACCACATACTG-1	4	4	4	4	0	0	0	0
TTTCCACCATGATTGT-1	0	0	0	0	0	0	0	0
TTTCCGGGTAGCTAAT-1	0	0	0	6	0	0	0	0
TTTCCGGGTCTAACAG-1	2	2	9	2	0	0	0	0
TTTCCGGGTGGAAGGC-1	9	9	16	16	0	0	0	0
TTTCCGGGTTGTTCAC-1	6	5	6	5	0	0	0	0
TTTCCTGAGCCTGTTC-1	3	3	3	3	0	0	0	0
TTTCCTGAGTAAGTGG-1	2	2	2	2	0	0	0	0
TTTCCTGAGTTAGTTG-1	0	0	0	0	0	0	0	0
TTTCGTCCAGCACGTT-1	6	0	12	14	0	0	0	0
TTTCGTCCAGGATGGC-1	6	5	11	11	0	0	0	0
TTTCGTCCATCCCTCA-1	4	4	4	4	0	0	0	0
TTTCGTCCATGAGTTT-1	6	5	6	5	0	0	0	0
TTTCGTCCATTTAAGC-1	3	3	3	3	0	0	0	0
TTTCTCACAACGTGCT-1	2	2	2	2	0	0	0	0
TTTCTCACAAGTAAGC-1	6	5	11	11	0	0	0	0
TTTCTCACATAAAGCA-1	0	6	5	14	0	0	0	0
TTTCTTGCAAACTAAG-1	5	6	13	13	0	0	0	0
TTTCTTGCAATGCCCG-1	6	5	12	12	0	0	0	0
TTTCTTGCACCTCAGG-1	6	5	11	11	0	0	0	0
TTTCTTGCAGGACACA-1	0	0	5	6	0	0	0	0
TTTGACCGTCCAAGAC-1	2	2	9	2	0	0	0	0
TTTGACCGTGATCATG-1	7	7	7	8	0	0	0	0
TTTGACCGTTTGGGCG-1	2	2	2	2	0	0	0	0
TTTGACTTCAGAAACG-1	0	0	0	6	0	0	0	0
TTTGACTTCCTGAGTG-1	3	3	3	3	0	0	0	0
TTTGAGTCAACTAGAA-1	6	5	11	11	0	0	0	0
TTTGAGTCAGTTATCG-1	3	3	3	3	0	0	0	0
TTTGAGTCATTGTCCT-1	0	0	0	6	0	0	0	0
TTTGCATTCAAGCCTG-1	9	3	10	10	0	0	0	0
TTTGCATTCACCGGTA-1	2	2	2	2	0	0	0	0
TTTGCATTCCAAATCA-1	2	2	9	2	0	0	0	0
TTTGCATTCCACAATA-1	6	5	11	11	0	0	0	0
TTTGCATTCCGCCAAA-1	5	6	13	13	0	0	0	0
TTTGCGACAGCAAGGC-1	9	3	10	10	0	0	0	0
TTTGCGACAGGAACAT-1	2	2	2	2	0	0	0	0
TTTGCGACATACCCGG-1	6	5	12	12	0	0	0	0
TTTGCGACATCACTTC-1	6	5	6	5	0	0	0	0
TTTGCGACATCAGTAT-1	4	4	4	4	0	0	0	0
TTTGCGACATTATCCC-1	6	0	11	11	0	0	0	0
TTTGCGGAGGACGTAA-1	5	6	5	7	0	0	0	0
TTTGGCTGTGTTGCAA-1	3	3	3	3	0	0	0	0
TTTGGCTGTTCGCTCA-1	5	6	5	7	0	0	0	0
TTTGGCTGTTTGCGAA-1	0	0	0	0	0	0	0	0
TTTGGTAAGCCTAATA-1	3	3	3	3	0	0	0	0
TTTGGTAAGCGATAGA-1	5	6	5	7	0	0	0	0
TTTGGTGCATGTTGCA-1	8	8	8	9	1	1	1	1
TTTGGTGCATTAAGCT-1	4	4	4	4	0	0	0	0
TTTGGTGCATTAGGTT-1	0	6	5	7	0	0	0	0
TTTGTCCCACGTAAGG-1	5	6	13	13	0	0	0	0
TTTGTCCCACTAGCGT-1	6	5	11	5	0	0	0	0
TTTGTCCCAGAACCGA-1	0	0	0	0	0	0	0	0
TTTGTCCCAGGTTACC-1	4	4	4	4	0	0	0	0
TTTGTCTAGAAAGCAT-1	3	3	3	3	0	0	0	0
TTTGTCTAGCATGACT-1	6	5	11	11	0	0	0	0
TTTGTCTAGCCACAAT-1	4	4	4	4	0	0	0	0
TTTGTCTAGGGACGCA-1	0	0	0	6	0	0	0	0
TTTGTCTAGTCTCACC-1	2	2	2	2	0	0	0	0
TTTGTCTAGTTAGTTG-1	6	5	12	12	0	0	0	0
TTTGTCTAGTTCCTGC-1	3	3	3	3	0	0	0	0
TTTGTGAAGAGCCGCT-1	7	7	7	8	0	0	0	0
TTTGTGAAGCAGGTTT-1	2	2	9	2	0	0	0	0
TTTGTGAAGTTGTCCC-1	0	0	0	0	0	0	0	0
TTTGTGGCAACTCGCG-1	0	0	0	0	0	0	0	0
TTTGTGGCAGTTGCGT-1	4	4	4	4	0	0	0	0
TTTGTGGCATAACGGG-1	2	2	9	2	0	0	0	0
TTTGTGGCATAATTGC-1	3	3	3	3	0	0	0	0
TTTGTGGCATAGCTTG-1	4	4	15	15	0	0	0	0
TTTGTGTTCACTCAAA-1	3	3	3	3	0	0	0	0
TTTGTGTTCCTCGATC-1	4	4	4	4	0	0	0	0
TTTGTGTTCGACCTGA-1	2	2	2	2	0	0	0	0
TTTGTGTTCGCAGGCT-1	8	8	8	9	1	1	1	1
TTTGTGTTCGCATTAA-1	0	0	0	6	0	0	0	0
TTTGTTGGTTGAGCCG-1	5	6	13	13	0	0	0	0
