chrom	start0	end0	bases	relation_to_catalogued_span	GC_fraction_canonical	canonical_fraction	N_bases	MAPQ_min	exclude_marked_duplicates	aligned_read_bases	mean_read_base_depth
NC_049253.1	0	100000	100000	outside	0.5621021021021021	0.999	100	20	False	390382	3.90382
NC_049253.1	100000	200000	100000	outside	0.5640840840840841	0.999	100	20	False	589738	5.89738
NC_049253.1	200000	300000	100000	outside	0.56462	1.0	0	20	False	1770486	17.70486
NC_049253.1	300000	400000	100000	outside	0.56495	1.0	0	20	False	2139808	21.39808
NC_049253.1	400000	500000	100000	outside	0.56409	1.0	0	20	False	2038337	20.38337
NC_049253.1	500000	600000	100000	outside	0.56501	1.0	0	20	False	2005498	20.05498
NC_049253.1	600000	700000	100000	outside	0.56518	1.0	0	20	False	1536365	15.36365
NC_049253.1	700000	800000	100000	outside	0.40063	1.0	0	20	False	1782494	17.82494
NC_049253.1	800000	900000	100000	outside	0.38055	1.0	0	20	False	2264583	22.64583
NC_049253.1	900000	1000000	100000	outside	0.47535	1.0	0	20	False	2140855	21.40855
NC_049253.1	1000000	1100000	100000	outside	0.42716	1.0	0	20	False	4377275	43.77275
NC_049253.1	1100000	1200000	100000	outside	0.38277	1.0	0	20	False	2230998	22.30998
NC_049253.1	1200000	1300000	100000	outside	0.37886	1.0	0	20	False	2305370	23.0537
NC_049253.1	1300000	1400000	100000	outside	0.38328	1.0	0	20	False	2238153	22.38153
NC_049253.1	1400000	1500000	100000	outside	0.38058	1.0	0	20	False	2362212	23.62212
NC_049253.1	1500000	1600000	100000	outside	0.38373	1.0	0	20	False	2349438	23.49438
NC_049253.1	1600000	1700000	100000	outside	0.36431	1.0	0	20	False	2319472	23.19472
NC_049253.1	1700000	1800000	100000	outside	0.37111	1.0	0	20	False	2283112	22.83112
NC_049253.1	1800000	1900000	100000	outside	0.39807	1.0	0	20	False	2357801	23.57801
NC_049253.1	1900000	2000000	100000	outside	0.39278	1.0	0	20	False	2272303	22.72303
NC_049253.1	2000000	2100000	100000	outside	0.37859	1.0	0	20	False	2207154	22.07154
NC_049253.1	2100000	2200000	100000	outside	0.36338	1.0	0	20	False	2387476	23.87476
NC_049253.1	2200000	2300000	100000	outside	0.38275	1.0	0	20	False	2318508	23.18508
NC_049253.1	2300000	2400000	100000	outside	0.36117	1.0	0	20	False	2391318	23.91318
NC_049253.1	2400000	2500000	100000	outside	0.35713	1.0	0	20	False	2336041	23.36041
NC_049253.1	2500000	2600000	100000	outside	0.36732	1.0	0	20	False	2323695	23.23695
NC_049253.1	2600000	2700000	100000	outside	0.36123	1.0	0	20	False	2301063	23.01063
NC_049253.1	2700000	2800000	100000	outside	0.34445	1.0	0	20	False	2265518	22.65518
NC_049253.1	2800000	2900000	100000	outside	0.35514	1.0	0	20	False	2296636	22.96636
NC_049253.1	2900000	3000000	100000	outside	0.3456	1.0	0	20	False	2114492	21.14492
NC_049253.1	3000000	3100000	100000	outside	0.33833	1.0	0	20	False	2243441	22.43441
NC_049253.1	3100000	3200000	100000	outside	0.35052	1.0	0	20	False	2253031	22.53031
NC_049253.1	3200000	3300000	100000	outside	0.32982	1.0	0	20	False	2187928	21.87928
NC_049253.1	3300000	3400000	100000	outside	0.36011	1.0	0	20	False	2290451	22.90451
NC_049253.1	3400000	3500000	100000	outside	0.34493	1.0	0	20	False	2157147	21.57147
NC_049253.1	3500000	3600000	100000	outside	0.34689	1.0	0	20	False	2228448	22.28448
NC_049253.1	3600000	3700000	100000	outside	0.34545	1.0	0	20	False	2205574	22.05574
NC_049253.1	3700000	3800000	100000	outside	0.35614	1.0	0	20	False	2250705	22.50705
NC_049253.1	3800000	3900000	100000	outside	0.34328	1.0	0	20	False	2242607	22.42607
NC_049253.1	3900000	4000000	100000	outside	0.3366	1.0	0	20	False	2272095	22.72095
NC_049253.1	4000000	4100000	100000	outside	0.32757	1.0	0	20	False	2185300	21.853
NC_049253.1	4100000	4200000	100000	outside	0.33096	1.0	0	20	False	2217282	22.17282
NC_049253.1	4200000	4300000	100000	outside	0.33876	1.0	0	20	False	2231468	22.31468
NC_049253.1	4300000	4400000	100000	outside	0.34173	1.0	0	20	False	2182937	21.82937
NC_049253.1	4400000	4500000	100000	outside	0.33427	1.0	0	20	False	2136097	21.36097
NC_049253.1	4500000	4600000	100000	outside	0.34638	1.0	0	20	False	2024516	20.24516
NC_049253.1	4600000	4700000	100000	outside	0.33446	1.0	0	20	False	2172431	21.72431
NC_049253.1	4700000	4800000	100000	crosses_catalogue_boundary	0.33219	1.0	0	20	False	1785021	17.85021
NC_049253.1	4800000	4900000	100000	inside	0.34209209209209207	0.999	100	20	False	527920	5.2792
NC_049253.1	4900000	5000000	100000	inside	0.34663	1.0	0	20	False	2170568	21.70568
NC_049253.1	5000000	5100000	100000	inside	0.33749	1.0	0	20	False	2127129	21.27129
NC_049253.1	5100000	5200000	100000	inside	0.34961	1.0	0	20	False	2088978	20.88978
NC_049253.1	5200000	5300000	100000	inside	0.32868	1.0	0	20	False	2299828	22.99828
NC_049253.1	5300000	5400000	100000	inside	0.33703	1.0	0	20	False	2286583	22.86583
NC_049253.1	5400000	5500000	100000	inside	0.3483	1.0	0	20	False	2236089	22.36089
NC_049253.1	5500000	5600000	100000	inside	0.35423	1.0	0	20	False	2316822	23.16822
NC_049253.1	5600000	5700000	100000	inside	0.36366	1.0	0	20	False	2339761	23.39761
NC_049253.1	5700000	5800000	100000	inside	0.37139	1.0	0	20	False	2231464	22.31464
NC_049253.1	5800000	5900000	100000	inside	0.35618	1.0	0	20	False	2277098	22.77098
NC_049253.1	5900000	6000000	100000	inside	0.34017	1.0	0	20	False	2321090	23.2109
NC_049253.1	6000000	6100000	100000	inside	0.35335	1.0	0	20	False	2337715	23.37715
NC_049253.1	6100000	6200000	100000	inside	0.3687	1.0	0	20	False	2307490	23.0749
NC_049253.1	6200000	6300000	100000	inside	0.36326	1.0	0	20	False	2257570	22.5757
NC_049253.1	6300000	6400000	100000	inside	0.36984	1.0	0	20	False	2352575	23.52575
NC_049253.1	6400000	6500000	100000	inside	0.35272	1.0	0	20	False	2362021	23.62021
NC_049253.1	6500000	6600000	100000	inside	0.35048	1.0	0	20	False	2395238	23.95238
NC_049253.1	6600000	6700000	100000	inside	0.35767	1.0	0	20	False	2310901	23.10901
NC_049253.1	6700000	6800000	100000	inside	0.37762	1.0	0	20	False	2342020	23.4202
NC_049253.1	6800000	6900000	100000	inside	0.35588	1.0	0	20	False	2303182	23.03182
NC_049253.1	6900000	7000000	100000	inside	0.36648	1.0	0	20	False	2306730	23.0673
NC_049253.1	7000000	7100000	100000	inside	0.36826	1.0	0	20	False	2257660	22.5766
NC_049253.1	7100000	7200000	100000	inside	0.3558	1.0	0	20	False	2367265	23.67265
NC_049253.1	7200000	7300000	100000	inside	0.37374	1.0	0	20	False	2231887	22.31887
NC_049253.1	7300000	7400000	100000	inside	0.39288	1.0	0	20	False	2263590	22.6359
NC_049253.1	7400000	7500000	100000	inside	0.3786	1.0	0	20	False	2254883	22.54883
NC_049253.1	7500000	7600000	100000	inside	0.39412	1.0	0	20	False	2268365	22.68365
NC_049253.1	7600000	7700000	100000	inside	0.39189	1.0	0	20	False	2335583	23.35583
NC_049253.1	7700000	7800000	100000	inside	0.37388	1.0	0	20	False	2334145	23.34145
NC_049253.1	7800000	7900000	100000	inside	0.3641	1.0	0	20	False	2361837	23.61837
NC_049253.1	7900000	8000000	100000	inside	0.36609	1.0	0	20	False	2294316	22.94316
NC_049253.1	8000000	8100000	100000	inside	0.34919	1.0	0	20	False	2354169	23.54169
NC_049253.1	8100000	8200000	100000	inside	0.34656	1.0	0	20	False	2287312	22.87312
NC_049253.1	8200000	8300000	100000	inside	0.3548	1.0	0	20	False	2254045	22.54045
NC_049253.1	8300000	8400000	100000	inside	0.3514	1.0	0	20	False	2303451	23.03451
NC_049253.1	8400000	8500000	100000	inside	0.34497	1.0	0	20	False	2249908	22.49908
NC_049253.1	8500000	8600000	100000	inside	0.33842	1.0	0	20	False	2242580	22.4258
NC_049253.1	8600000	8700000	100000	inside	0.34704	1.0	0	20	False	1769217	17.69217
NC_049253.1	8700000	8800000	100000	inside	0.35095	1.0	0	20	False	1648505	16.48505
NC_049253.1	8800000	8900000	100000	inside	0.35219	1.0	0	20	False	2271770	22.7177
NC_049253.1	8900000	9000000	100000	inside	0.3703	1.0	0	20	False	2332945	23.32945
NC_049253.1	9000000	9100000	100000	inside	0.36734	1.0	0	20	False	2329837	23.29837
NC_049253.1	9100000	9200000	100000	inside	0.42965	1.0	0	20	False	2241037	22.41037
NC_049253.1	9200000	9300000	100000	inside	0.37001	1.0	0	20	False	2325215	23.25215
NC_049253.1	9300000	9400000	100000	inside	0.38431	1.0	0	20	False	2271443	22.71443
NC_049253.1	9400000	9500000	100000	inside	0.38754	1.0	0	20	False	2244272	22.44272
NC_049253.1	9500000	9600000	100000	inside	0.39532	1.0	0	20	False	2258780	22.5878
NC_049253.1	9600000	9700000	100000	inside	0.38649	1.0	0	20	False	2280559	22.80559
NC_049253.1	9700000	9800000	100000	inside	0.38067	1.0	0	20	False	2322673	23.22673
NC_049253.1	9800000	9900000	100000	inside	0.37217	1.0	0	20	False	2345350	23.4535
NC_049253.1	9900000	10000000	100000	inside	0.3897	1.0	0	20	False	2307396	23.07396
NC_049253.1	10000000	10100000	100000	inside	0.40155	1.0	0	20	False	2250664	22.50664
NC_049253.1	10100000	10200000	100000	inside	0.35972	1.0	0	20	False	2353246	23.53246
NC_049253.1	10200000	10300000	100000	inside	0.39708	1.0	0	20	False	2088354	20.88354
NC_049253.1	10300000	10400000	100000	inside	0.35703	1.0	0	20	False	2380869	23.80869
NC_049253.1	10400000	10500000	100000	inside	0.35174	1.0	0	20	False	2349256	23.49256
NC_049253.1	10500000	10600000	100000	inside	0.35629	1.0	0	20	False	2398627	23.98627
NC_049253.1	10600000	10700000	100000	inside	0.35842	1.0	0	20	False	2429900	24.299
NC_049253.1	10700000	10800000	100000	inside	0.37385	1.0	0	20	False	2424698	24.24698
NC_049253.1	10800000	10900000	100000	inside	0.39952	1.0	0	20	False	2314175	23.14175
NC_049253.1	10900000	11000000	100000	inside	0.39162	1.0	0	20	False	2364890	23.6489
NC_049253.1	11000000	11100000	100000	inside	0.41378	1.0	0	20	False	2256486	22.56486
NC_049253.1	11100000	11200000	100000	inside	0.39431	1.0	0	20	False	1984245	19.84245
NC_049253.1	11200000	11300000	100000	inside	0.40214	1.0	0	20	False	2331349	23.31349
NC_049253.1	11300000	11400000	100000	inside	0.41818	1.0	0	20	False	2335432	23.35432
NC_049253.1	11400000	11500000	100000	inside	0.4122	1.0	0	20	False	2312545	23.12545
NC_049253.1	11500000	11600000	100000	inside	0.39621	1.0	0	20	False	2304804	23.04804
NC_049253.1	11600000	11700000	100000	inside	0.38832	1.0	0	20	False	2272050	22.7205
NC_049253.1	11700000	11800000	100000	inside	0.38337	1.0	0	20	False	2375858	23.75858
NC_049253.1	11800000	11900000	100000	inside	0.37784	1.0	0	20	False	2358611	23.58611
NC_049253.1	11900000	12000000	100000	inside	0.35919	1.0	0	20	False	2349809	23.49809
NC_049253.1	12000000	12100000	100000	inside	0.36853	1.0	0	20	False	2181111	21.81111
NC_049253.1	12100000	12200000	100000	inside	0.36103	1.0	0	20	False	2350747	23.50747
NC_049253.1	12200000	12300000	100000	inside	0.36067	1.0	0	20	False	2275862	22.75862
NC_049253.1	12300000	12400000	100000	inside	0.36242	1.0	0	20	False	2283204	22.83204
NC_049253.1	12400000	12500000	100000	inside	0.3438	1.0	0	20	False	2291531	22.91531
NC_049253.1	12500000	12600000	100000	inside	0.35321	1.0	0	20	False	2303797	23.03797
NC_049253.1	12600000	12700000	100000	inside	0.35927	1.0	0	20	False	2256780	22.5678
NC_049253.1	12700000	12800000	100000	inside	0.35816	1.0	0	20	False	2343799	23.43799
NC_049253.1	12800000	12900000	100000	inside	0.34823	1.0	0	20	False	2318964	23.18964
NC_049253.1	12900000	13000000	100000	inside	0.34351	1.0	0	20	False	2374321	23.74321
NC_049253.1	13000000	13100000	100000	inside	0.38806	1.0	0	20	False	2349473	23.49473
NC_049253.1	13100000	13200000	100000	inside	0.39013	1.0	0	20	False	2303394	23.03394
NC_049253.1	13200000	13300000	100000	inside	0.35933	1.0	0	20	False	2388671	23.88671
NC_049253.1	13300000	13400000	100000	inside	0.35447	1.0	0	20	False	2286431	22.86431
NC_049253.1	13400000	13500000	100000	inside	0.37917	1.0	0	20	False	2303008	23.03008
NC_049253.1	13500000	13600000	100000	inside	0.38358	1.0	0	20	False	2220483	22.20483
NC_049253.1	13600000	13700000	100000	inside	0.35527	1.0	0	20	False	2339137	23.39137
NC_049253.1	13700000	13800000	100000	inside	0.36775	1.0	0	20	False	2339262	23.39262
NC_049253.1	13800000	13900000	100000	inside	0.35757	1.0	0	20	False	2305692	23.05692
NC_049253.1	13900000	14000000	100000	inside	0.38156	1.0	0	20	False	2377127	23.77127
NC_049253.1	14000000	14100000	100000	inside	0.36638	1.0	0	20	False	2363765	23.63765
NC_049253.1	14100000	14200000	100000	inside	0.36974	1.0	0	20	False	2388445	23.88445
NC_049253.1	14200000	14300000	100000	inside	0.36678	1.0	0	20	False	2352355	23.52355
NC_049253.1	14300000	14400000	100000	inside	0.38092	1.0	0	20	False	2279247	22.79247
NC_049253.1	14400000	14500000	100000	inside	0.35849	1.0	0	20	False	2298304	22.98304
NC_049253.1	14500000	14600000	100000	inside	0.35075	1.0	0	20	False	2231540	22.3154
NC_049253.1	14600000	14700000	100000	inside	0.35141	1.0	0	20	False	2347121	23.47121
NC_049253.1	14700000	14800000	100000	inside	0.35815	1.0	0	20	False	2286723	22.86723
NC_049253.1	14800000	14900000	100000	inside	0.35503	1.0	0	20	False	2260925	22.60925
NC_049253.1	14900000	15000000	100000	inside	0.35255	1.0	0	20	False	2239958	22.39958
NC_049253.1	15000000	15100000	100000	inside	0.35286	1.0	0	20	False	2246392	22.46392
NC_049253.1	15100000	15200000	100000	inside	0.35974	1.0	0	20	False	2330954	23.30954
NC_049253.1	15200000	15300000	100000	inside	0.36447	1.0	0	20	False	2317559	23.17559
NC_049253.1	15300000	15400000	100000	inside	0.36308	1.0	0	20	False	2359141	23.59141
NC_049253.1	15400000	15500000	100000	inside	0.37344	1.0	0	20	False	2310497	23.10497
NC_049253.1	15500000	15600000	100000	inside	0.36106	1.0	0	20	False	2341051	23.41051
NC_049253.1	15600000	15700000	100000	inside	0.37461	1.0	0	20	False	2282625	22.82625
NC_049253.1	15700000	15800000	100000	inside	0.3777	1.0	0	20	False	2288589	22.88589
NC_049253.1	15800000	15900000	100000	inside	0.40277	1.0	0	20	False	2299961	22.99961
NC_049253.1	15900000	16000000	100000	inside	0.38435	1.0	0	20	False	2334454	23.34454
NC_049253.1	16000000	16100000	100000	inside	0.38303	1.0	0	20	False	2369398	23.69398
NC_049253.1	16100000	16200000	100000	inside	0.37794	1.0	0	20	False	2398052	23.98052
NC_049253.1	16200000	16300000	100000	inside	0.37964	1.0	0	20	False	2330835	23.30835
NC_049253.1	16300000	16400000	100000	inside	0.35057	1.0	0	20	False	2344231	23.44231
NC_049253.1	16400000	16500000	100000	inside	0.34938	1.0	0	20	False	2414100	24.141
NC_049253.1	16500000	16600000	100000	inside	0.35255	1.0	0	20	False	2354666	23.54666
NC_049253.1	16600000	16700000	100000	inside	0.35992	1.0	0	20	False	2325464	23.25464
NC_049253.1	16700000	16800000	100000	inside	0.35266	1.0	0	20	False	2418644	24.18644
NC_049253.1	16800000	16900000	100000	inside	0.36801	1.0	0	20	False	2225946	22.25946
NC_049253.1	16900000	17000000	100000	inside	0.35546	1.0	0	20	False	2303653	23.03653
NC_049253.1	17000000	17100000	100000	inside	0.36405	1.0	0	20	False	2382729	23.82729
NC_049253.1	17100000	17200000	100000	inside	0.36306	1.0	0	20	False	2313416	23.13416
NC_049253.1	17200000	17300000	100000	inside	0.37452	1.0	0	20	False	2277339	22.77339
NC_049253.1	17300000	17400000	100000	inside	0.37601	1.0	0	20	False	2249066	22.49066
NC_049253.1	17400000	17500000	100000	inside	0.35909	1.0	0	20	False	2280388	22.80388
NC_049253.1	17500000	17600000	100000	inside	0.36421	1.0	0	20	False	2318363	23.18363
NC_049253.1	17600000	17700000	100000	inside	0.3672	1.0	0	20	False	2371809	23.71809
NC_049253.1	17700000	17800000	100000	inside	0.38799	1.0	0	20	False	2363722	23.63722
NC_049253.1	17800000	17900000	100000	inside	0.39619	1.0	0	20	False	2299908	22.99908
NC_049253.1	17900000	18000000	100000	inside	0.39156	1.0	0	20	False	2286515	22.86515
NC_049253.1	18000000	18100000	100000	inside	0.36992	1.0	0	20	False	2337827	23.37827
NC_049253.1	18100000	18200000	100000	inside	0.39789	1.0	0	20	False	2333025	23.33025
NC_049253.1	18200000	18300000	100000	inside	0.40035	1.0	0	20	False	2361697	23.61697
NC_049253.1	18300000	18400000	100000	inside	0.36868	1.0	0	20	False	2187036	21.87036
NC_049253.1	18400000	18500000	100000	inside	0.38381	1.0	0	20	False	2064236	20.64236
NC_049253.1	18500000	18600000	100000	inside	0.37419	1.0	0	20	False	2358651	23.58651
NC_049253.1	18600000	18700000	100000	inside	0.3754	1.0	0	20	False	2307877	23.07877
NC_049253.1	18700000	18800000	100000	inside	0.3884	1.0	0	20	False	2271091	22.71091
NC_049253.1	18800000	18900000	100000	inside	0.36946	1.0	0	20	False	2343652	23.43652
NC_049253.1	18900000	19000000	100000	inside	0.40089	1.0	0	20	False	2289647	22.89647
NC_049253.1	19000000	19100000	100000	inside	0.41288	1.0	0	20	False	2226084	22.26084
NC_049253.1	19100000	19200000	100000	inside	0.42907	1.0	0	20	False	2285615	22.85615
NC_049253.1	19200000	19300000	100000	inside	0.36691	1.0	0	20	False	2353913	23.53913
NC_049253.1	19300000	19400000	100000	inside	0.3512	1.0	0	20	False	2337948	23.37948
NC_049253.1	19400000	19500000	100000	inside	0.36513	1.0	0	20	False	2367698	23.67698
NC_049253.1	19500000	19600000	100000	inside	0.35203	1.0	0	20	False	2279900	22.799
NC_049253.1	19600000	19700000	100000	inside	0.34536	1.0	0	20	False	2268934	22.68934
NC_049253.1	19700000	19800000	100000	inside	0.34074	1.0	0	20	False	2215834	22.15834
NC_049253.1	19800000	19900000	100000	inside	0.33486	1.0	0	20	False	2250699	22.50699
NC_049253.1	19900000	20000000	100000	inside	0.33891	1.0	0	20	False	2332517	23.32517
NC_049253.1	20000000	20100000	100000	inside	0.36021	1.0	0	20	False	2263656	22.63656
NC_049253.1	20100000	20200000	100000	inside	0.35506	1.0	0	20	False	2331735	23.31735
NC_049253.1	20200000	20300000	100000	inside	0.35357	1.0	0	20	False	2324229	23.24229
NC_049253.1	20300000	20400000	100000	inside	0.34871	1.0	0	20	False	2273682	22.73682
NC_049253.1	20400000	20500000	100000	inside	0.35759	1.0	0	20	False	2169687	21.69687
NC_049253.1	20500000	20600000	100000	inside	0.33779	1.0	0	20	False	2232649	22.32649
NC_049253.1	20600000	20700000	100000	inside	0.34164	1.0	0	20	False	2262973	22.62973
NC_049253.1	20700000	20800000	100000	inside	0.34857	1.0	0	20	False	2263141	22.63141
NC_049253.1	20800000	20900000	100000	inside	0.33898	1.0	0	20	False	2203252	22.03252
NC_049253.1	20900000	21000000	100000	inside	0.34999	1.0	0	20	False	2195148	21.95148
NC_049253.1	21000000	21100000	100000	inside	0.35476	1.0	0	20	False	2226833	22.26833
NC_049253.1	21100000	21200000	100000	inside	0.35198	1.0	0	20	False	2235484	22.35484
NC_049253.1	21200000	21300000	100000	inside	0.3517	1.0	0	20	False	2250480	22.5048
NC_049253.1	21300000	21400000	100000	inside	0.35298	1.0	0	20	False	2292524	22.92524
NC_049253.1	21400000	21500000	100000	inside	0.35107	1.0	0	20	False	2325477	23.25477
NC_049253.1	21500000	21600000	100000	inside	0.36823	1.0	0	20	False	2293816	22.93816
NC_049253.1	21600000	21700000	100000	inside	0.35498	1.0	0	20	False	2263903	22.63903
NC_049253.1	21700000	21800000	100000	inside	0.36473	1.0	0	20	False	2305769	23.05769
NC_049253.1	21800000	21900000	100000	inside	0.37904	1.0	0	20	False	2367338	23.67338
NC_049253.1	21900000	22000000	100000	inside	0.40795	1.0	0	20	False	2256992	22.56992
NC_049253.1	22000000	22100000	100000	inside	0.35902	1.0	0	20	False	2269280	22.6928
NC_049253.1	22100000	22200000	100000	inside	0.36145	1.0	0	20	False	2292055	22.92055
NC_049253.1	22200000	22300000	100000	inside	0.36088	1.0	0	20	False	2283179	22.83179
NC_049253.1	22300000	22400000	100000	inside	0.38833	1.0	0	20	False	2285743	22.85743
NC_049253.1	22400000	22500000	100000	inside	0.35592	1.0	0	20	False	2353931	23.53931
NC_049253.1	22500000	22600000	100000	inside	0.35164	1.0	0	20	False	2337228	23.37228
NC_049253.1	22600000	22700000	100000	inside	0.3732	1.0	0	20	False	2127316	21.27316
NC_049253.1	22700000	22800000	100000	inside	0.35685	1.0	0	20	False	2378904	23.78904
NC_049253.1	22800000	22900000	100000	inside	0.3593	1.0	0	20	False	2378008	23.78008
NC_049253.1	22900000	23000000	100000	inside	0.35926	1.0	0	20	False	2302748	23.02748
NC_049253.1	23000000	23100000	100000	inside	0.36858	1.0	0	20	False	2327685	23.27685
NC_049253.1	23100000	23200000	100000	inside	0.3941	1.0	0	20	False	2208604	22.08604
NC_049253.1	23200000	23300000	100000	inside	0.36303	1.0	0	20	False	2315324	23.15324
NC_049253.1	23300000	23400000	100000	inside	0.35441	1.0	0	20	False	2278902	22.78902
NC_049253.1	23400000	23500000	100000	inside	0.34199	1.0	0	20	False	2159548	21.59548
NC_049253.1	23500000	23600000	100000	inside	0.3469	1.0	0	20	False	2297201	22.97201
NC_049253.1	23600000	23700000	100000	inside	0.34901	1.0	0	20	False	2285413	22.85413
NC_049253.1	23700000	23800000	100000	inside	0.34875	1.0	0	20	False	2252068	22.52068
NC_049253.1	23800000	23900000	100000	inside	0.336	1.0	0	20	False	2238947	22.38947
NC_049253.1	23900000	24000000	100000	inside	0.33685	1.0	0	20	False	2250388	22.50388
NC_049253.1	24000000	24100000	100000	inside	0.33935	1.0	0	20	False	2201051	22.01051
NC_049253.1	24100000	24200000	100000	inside	0.33673	1.0	0	20	False	2272582	22.72582
NC_049253.1	24200000	24300000	100000	inside	0.33382	1.0	0	20	False	2250597	22.50597
NC_049253.1	24300000	24400000	100000	inside	0.33764	1.0	0	20	False	2178343	21.78343
NC_049253.1	24400000	24500000	100000	inside	0.34343	1.0	0	20	False	2199543	21.99543
NC_049253.1	24500000	24600000	100000	inside	0.338	1.0	0	20	False	2217697	22.17697
NC_049253.1	24600000	24700000	100000	inside	0.34616	1.0	0	20	False	2219325	22.19325
NC_049253.1	24700000	24800000	100000	inside	0.35405	1.0	0	20	False	2128324	21.28324
NC_049253.1	24800000	24900000	100000	inside	0.35889	1.0	0	20	False	2209884	22.09884
NC_049253.1	24900000	25000000	100000	inside	0.34516	1.0	0	20	False	2326944	23.26944
NC_049253.1	25000000	25100000	100000	inside	0.33566	1.0	0	20	False	2193216	21.93216
NC_049253.1	25100000	25200000	100000	inside	0.34405	1.0	0	20	False	2187776	21.87776
NC_049253.1	25200000	25300000	100000	inside	0.34399	1.0	0	20	False	2273201	22.73201
NC_049253.1	25300000	25400000	100000	inside	0.34301	1.0	0	20	False	2250690	22.5069
NC_049253.1	25400000	25500000	100000	inside	0.34593	1.0	0	20	False	2063260	20.6326
NC_049253.1	25500000	25600000	100000	inside	0.34453	1.0	0	20	False	2249685	22.49685
NC_049253.1	25600000	25700000	100000	inside	0.3334	1.0	0	20	False	2267093	22.67093
NC_049253.1	25700000	25800000	100000	inside	0.34247	1.0	0	20	False	2236403	22.36403
NC_049253.1	25800000	25900000	100000	inside	0.34724	1.0	0	20	False	2249972	22.49972
NC_049253.1	25900000	26000000	100000	inside	0.34119	1.0	0	20	False	2267853	22.67853
NC_049253.1	26000000	26100000	100000	inside	0.33892	1.0	0	20	False	2265866	22.65866
NC_049253.1	26100000	26200000	100000	inside	0.33726	1.0	0	20	False	2256946	22.56946
NC_049253.1	26200000	26300000	100000	inside	0.3439	1.0	0	20	False	2259817	22.59817
NC_049253.1	26300000	26400000	100000	inside	0.33851	1.0	0	20	False	2296810	22.9681
NC_049253.1	26400000	26500000	100000	inside	0.35292	1.0	0	20	False	2361764	23.61764
NC_049253.1	26500000	26600000	100000	inside	0.35546	1.0	0	20	False	2252380	22.5238
NC_049253.1	26600000	26700000	100000	inside	0.35634	1.0	0	20	False	2353605	23.53605
NC_049253.1	26700000	26800000	100000	inside	0.35419	1.0	0	20	False	2339670	23.3967
NC_049253.1	26800000	26900000	100000	inside	0.35981	1.0	0	20	False	2242501	22.42501
NC_049253.1	26900000	27000000	100000	inside	0.34481	1.0	0	20	False	2357787	23.57787
NC_049253.1	27000000	27100000	100000	inside	0.35222	1.0	0	20	False	2301143	23.01143
NC_049253.1	27100000	27200000	100000	inside	0.3688	1.0	0	20	False	2388563	23.88563
NC_049253.1	27200000	27300000	100000	inside	0.3603	1.0	0	20	False	2377023	23.77023
NC_049253.1	27300000	27400000	100000	inside	0.38629	1.0	0	20	False	2395837	23.95837
NC_049253.1	27400000	27500000	100000	inside	0.39005	1.0	0	20	False	2324132	23.24132
NC_049253.1	27500000	27600000	100000	inside	0.38223	1.0	0	20	False	2123517	21.23517
NC_049253.1	27600000	27700000	100000	inside	0.36869	1.0	0	20	False	2334569	23.34569
NC_049253.1	27700000	27800000	100000	inside	0.34575	1.0	0	20	False	2346422	23.46422
NC_049253.1	27800000	27900000	100000	inside	0.36939	1.0	0	20	False	2363561	23.63561
NC_049253.1	27900000	28000000	100000	inside	0.3991	1.0	0	20	False	2407816	24.07816
NC_049253.1	28000000	28100000	100000	inside	0.3924	1.0	0	20	False	2300852	23.00852
NC_049253.1	28100000	28200000	100000	inside	0.39665	1.0	0	20	False	2302041	23.02041
NC_049253.1	28200000	28300000	100000	inside	0.40183	1.0	0	20	False	2255463	22.55463
NC_049253.1	28300000	28400000	100000	inside	0.40124	1.0	0	20	False	2245463	22.45463
NC_049253.1	28400000	28500000	100000	inside	0.39518	1.0	0	20	False	1778079	17.78079
NC_049253.1	28500000	28600000	100000	inside	0.3837037037037037	0.999	100	20	False	1574356	15.74356
NC_049253.1	28600000	28700000	100000	inside	0.37635	1.0	0	20	False	2347177	23.47177
NC_049253.1	28700000	28800000	100000	inside	0.36799	1.0	0	20	False	2350019	23.50019
NC_049253.1	28800000	28900000	100000	inside	0.37031	1.0	0	20	False	2378581	23.78581
NC_049253.1	28900000	29000000	100000	inside	0.37347	1.0	0	20	False	2295107	22.95107
NC_049253.1	29000000	29100000	100000	inside	0.37671	1.0	0	20	False	2302551	23.02551
NC_049253.1	29100000	29200000	100000	inside	0.37777	1.0	0	20	False	2334705	23.34705
NC_049253.1	29200000	29300000	100000	inside	0.38556	1.0	0	20	False	2311373	23.11373
NC_049253.1	29300000	29400000	100000	inside	0.38009	1.0	0	20	False	2320728	23.20728
NC_049253.1	29400000	29500000	100000	inside	0.40917	1.0	0	20	False	2298657	22.98657
NC_049253.1	29500000	29600000	100000	inside	0.41921	1.0	0	20	False	2209270	22.0927
NC_049253.1	29600000	29700000	100000	inside	0.39439	1.0	0	20	False	2252997	22.52997
NC_049253.1	29700000	29800000	100000	inside	0.34731	1.0	0	20	False	2406955	24.06955
NC_049253.1	29800000	29900000	100000	inside	0.36619	1.0	0	20	False	2276200	22.762
NC_049253.1	29900000	30000000	100000	inside	0.37662	1.0	0	20	False	2231556	22.31556
NC_049253.1	30000000	30100000	100000	inside	0.3745	1.0	0	20	False	2218890	22.1889
NC_049253.1	30100000	30200000	100000	inside	0.36138	1.0	0	20	False	2337394	23.37394
NC_049253.1	30200000	30300000	100000	inside	0.35109	1.0	0	20	False	2341195	23.41195
NC_049253.1	30300000	30400000	100000	inside	0.34477	1.0	0	20	False	2360273	23.60273
NC_049253.1	30400000	30500000	100000	inside	0.37552	1.0	0	20	False	2285965	22.85965
NC_049253.1	30500000	30600000	100000	inside	0.36398	1.0	0	20	False	2194693	21.94693
NC_049253.1	30600000	30700000	100000	inside	0.37305	1.0	0	20	False	2191773	21.91773
NC_049253.1	30700000	30800000	100000	inside	0.35956	1.0	0	20	False	2333531	23.33531
NC_049253.1	30800000	30900000	100000	inside	0.35415	1.0	0	20	False	2290264	22.90264
NC_049253.1	30900000	31000000	100000	inside	0.38106	1.0	0	20	False	2300986	23.00986
NC_049253.1	31000000	31100000	100000	inside	0.3627	1.0	0	20	False	2316174	23.16174
NC_049253.1	31100000	31200000	100000	inside	0.3703	1.0	0	20	False	2365224	23.65224
NC_049253.1	31200000	31300000	100000	inside	0.37929	1.0	0	20	False	2262056	22.62056
NC_049253.1	31300000	31400000	100000	inside	0.37331	1.0	0	20	False	2201928	22.01928
NC_049253.1	31400000	31500000	100000	inside	0.35415	1.0	0	20	False	2286134	22.86134
NC_049253.1	31500000	31600000	100000	inside	0.38619	1.0	0	20	False	2323545	23.23545
NC_049253.1	31600000	31700000	100000	inside	0.39144	1.0	0	20	False	2190766	21.90766
NC_049253.1	31700000	31800000	100000	inside	0.41407	1.0	0	20	False	2224201	22.24201
NC_049253.1	31800000	31900000	100000	inside	0.37649	1.0	0	20	False	2300002	23.00002
NC_049253.1	31900000	32000000	100000	inside	0.37505	1.0	0	20	False	2361073	23.61073
NC_049253.1	32000000	32100000	100000	inside	0.37791	1.0	0	20	False	2351476	23.51476
NC_049253.1	32100000	32200000	100000	inside	0.36871	1.0	0	20	False	2315975	23.15975
NC_049253.1	32200000	32300000	100000	inside	0.36449	1.0	0	20	False	2264919	22.64919
NC_049253.1	32300000	32400000	100000	inside	0.36851	1.0	0	20	False	2332254	23.32254
NC_049253.1	32400000	32500000	100000	inside	0.37475	1.0	0	20	False	2357405	23.57405
NC_049253.1	32500000	32600000	100000	inside	0.38685	1.0	0	20	False	2287903	22.87903
NC_049253.1	32600000	32700000	100000	inside	0.39074	1.0	0	20	False	2361473	23.61473
NC_049253.1	32700000	32800000	100000	inside	0.38887	1.0	0	20	False	2351287	23.51287
NC_049253.1	32800000	32900000	100000	inside	0.40745	1.0	0	20	False	2276763	22.76763
NC_049253.1	32900000	33000000	100000	inside	0.39963	1.0	0	20	False	2323684	23.23684
NC_049253.1	33000000	33100000	100000	inside	0.37797	1.0	0	20	False	2140173	21.40173
NC_049253.1	33100000	33200000	100000	inside	0.37064	1.0	0	20	False	2350321	23.50321
NC_049253.1	33200000	33300000	100000	inside	0.40808	1.0	0	20	False	2313282	23.13282
NC_049253.1	33300000	33400000	100000	inside	0.43171	1.0	0	20	False	2297104	22.97104
NC_049253.1	33400000	33500000	100000	inside	0.42764	1.0	0	20	False	2261672	22.61672
NC_049253.1	33500000	33600000	100000	inside	0.41925	1.0	0	20	False	2263955	22.63955
NC_049253.1	33600000	33700000	100000	crosses_catalogue_boundary	0.395	1.0	0	20	False	2222839	22.22839
NC_049253.1	33700000	33800000	100000	outside	0.38978	1.0	0	20	False	2295905	22.95905
NC_049253.1	33800000	33900000	100000	outside	0.39458	1.0	0	20	False	2323415	23.23415
NC_049253.1	33900000	34000000	100000	outside	0.39815	1.0	0	20	False	2204148	22.04148
NC_049253.1	34000000	34100000	100000	outside	0.3907	1.0	0	20	False	2329184	23.29184
NC_049253.1	34100000	34200000	100000	outside	0.38725	1.0	0	20	False	2354217	23.54217
NC_049253.1	34200000	34300000	100000	outside	0.38681	1.0	0	20	False	2396002	23.96002
NC_049253.1	34300000	34400000	100000	outside	0.38639	1.0	0	20	False	2327449	23.27449
NC_049253.1	34400000	34500000	100000	outside	0.41206	1.0	0	20	False	2221428	22.21428
NC_049253.1	34500000	34600000	100000	outside	0.39394	1.0	0	20	False	2295186	22.95186
NC_049253.1	34600000	34700000	100000	outside	0.3873	1.0	0	20	False	2303995	23.03995
NC_049253.1	34700000	34800000	100000	outside	0.38655	1.0	0	20	False	2258195	22.58195
NC_049253.1	34800000	34900000	100000	outside	0.36459	1.0	0	20	False	2253574	22.53574
NC_049253.1	34900000	35000000	100000	outside	0.36403	1.0	0	20	False	2205983	22.05983
NC_049253.1	35000000	35100000	100000	outside	0.3536	1.0	0	20	False	2327919	23.27919
NC_049253.1	35100000	35200000	100000	outside	0.36068	1.0	0	20	False	2364781	23.64781
NC_049253.1	35200000	35300000	100000	outside	0.3614	1.0	0	20	False	1296905	12.96905
NC_049253.1	35300000	35400000	100000	outside	0.36372	1.0	0	20	False	2320260	23.2026
NC_049253.1	35400000	35500000	100000	outside	0.39168	1.0	0	20	False	2204303	22.04303
NC_049253.1	35500000	35600000	100000	outside	0.4132	1.0	0	20	False	2227060	22.2706
NC_049253.1	35600000	35700000	100000	outside	0.37686	1.0	0	20	False	2314146	23.14146
NC_049253.1	35700000	35800000	100000	outside	0.37134	1.0	0	20	False	2375425	23.75425
NC_049253.1	35800000	35900000	100000	outside	0.36223	1.0	0	20	False	2384160	23.8416
NC_049253.1	35900000	36000000	100000	outside	0.36886	1.0	0	20	False	2353123	23.53123
NC_049253.1	36000000	36100000	100000	outside	0.35813	1.0	0	20	False	2358776	23.58776
NC_049253.1	36100000	36200000	100000	outside	0.3777977977977978	0.999	100	20	False	360682	3.60682
NC_049253.1	36200000	36300000	100000	outside	0.3748948948948949	0.999	100	20	False	1262923	12.62923
NC_049253.1	36300000	36400000	100000	outside	0.36848	1.0	0	20	False	1968028	19.68028
NC_049253.1	36400000	36500000	100000	outside	0.36026052104208417	0.998	200	20	False	305632	3.05632
NC_049253.1	36500000	36600000	100000	outside	0.36595	1.0	0	20	False	1581661	15.81661
NC_049253.1	36600000	36700000	100000	outside	0.36558	1.0	0	20	False	2331278	23.31278
NC_049253.1	36700000	36800000	100000	outside	0.35417	1.0	0	20	False	2384995	23.84995
NC_049253.1	36800000	36900000	100000	outside	0.37752	1.0	0	20	False	2330116	23.30116
NC_049253.1	36900000	37000000	100000	outside	0.35692	1.0	0	20	False	2357979	23.57979
NC_049253.1	37000000	37100000	100000	outside	0.38015	1.0	0	20	False	2252831	22.52831
NC_049253.1	37100000	37200000	100000	outside	0.40753	1.0	0	20	False	2315061	23.15061
NC_049253.1	37200000	37300000	100000	outside	0.42265	1.0	0	20	False	2243742	22.43742
NC_049253.1	37300000	37400000	100000	outside	0.3917	1.0	0	20	False	2316897	23.16897
NC_049253.1	37400000	37500000	100000	outside	0.40724	1.0	0	20	False	2286995	22.86995
NC_049253.1	37500000	37600000	100000	outside	0.38479	1.0	0	20	False	2344805	23.44805
NC_049253.1	37600000	37700000	100000	outside	0.39414	1.0	0	20	False	2295130	22.9513
NC_049253.1	37700000	37800000	100000	outside	0.3638	1.0	0	20	False	2280750	22.8075
NC_049253.1	37800000	37900000	100000	outside	0.3884	1.0	0	20	False	2315984	23.15984
NC_049253.1	37900000	38000000	100000	outside	0.3441	1.0	0	20	False	2354593	23.54593
NC_049253.1	38000000	38100000	100000	outside	0.38065	1.0	0	20	False	2365533	23.65533
NC_049253.1	38100000	38200000	100000	outside	0.38823	1.0	0	20	False	2350160	23.5016
NC_049253.1	38200000	38300000	100000	outside	0.37919	1.0	0	20	False	2345550	23.4555
NC_049253.1	38300000	38400000	100000	outside	0.40072	1.0	0	20	False	2355098	23.55098
NC_049253.1	38400000	38500000	100000	outside	0.41066	1.0	0	20	False	2309226	23.09226
NC_049253.1	38500000	38600000	100000	outside	0.38921	1.0	0	20	False	2360613	23.60613
NC_049253.1	38600000	38700000	100000	outside	0.41628	1.0	0	20	False	2275353	22.75353
NC_049253.1	38700000	38800000	100000	outside	0.41499	1.0	0	20	False	2246956	22.46956
NC_049253.1	38800000	38900000	100000	outside	0.43442	1.0	0	20	False	2199006	21.99006
NC_049253.1	38900000	39000000	100000	outside	0.42248	1.0	0	20	False	2270702	22.70702
NC_049253.1	39000000	39100000	100000	outside	0.41226	1.0	0	20	False	2219196	22.19196
NC_049253.1	39100000	39200000	100000	outside	0.39687	1.0	0	20	False	2235399	22.35399
NC_049253.1	39200000	39300000	100000	outside	0.41433	1.0	0	20	False	2225946	22.25946
NC_049253.1	39300000	39400000	100000	outside	0.4146446446446446	0.999	100	20	False	2231313	22.31313
NC_049253.1	39400000	39500000	100000	outside	0.38466	1.0	0	20	False	2294584	22.94584
NC_049253.1	39500000	39600000	100000	outside	0.37501	1.0	0	20	False	2311681	23.11681
NC_049253.1	39600000	39700000	100000	outside	0.39307	1.0	0	20	False	2354262	23.54262
NC_049253.1	39700000	39800000	100000	outside	0.41711	1.0	0	20	False	2234053	22.34053
NC_049253.1	39800000	39900000	100000	outside	0.37611	1.0	0	20	False	2272314	22.72314
NC_049253.1	39900000	40000000	100000	outside	0.39549	1.0	0	20	False	2308282	23.08282
NC_049253.1	40000000	40100000	100000	outside	0.38655	1.0	0	20	False	2169392	21.69392
NC_049253.1	40100000	40200000	100000	outside	0.4276	1.0	0	20	False	2183261	21.83261
NC_049253.1	40200000	40225481	25481	outside	0.4925238412935128	1.0	0	20	False	459711	18.041324908755545
NC_049253.1	0	100000	100000	outside	0.5621021021021021	0.999	100	20	True	344196	3.44196
NC_049253.1	100000	200000	100000	outside	0.5640840840840841	0.999	100	20	True	515167	5.15167
NC_049253.1	200000	300000	100000	outside	0.56462	1.0	0	20	True	1540247	15.40247
NC_049253.1	300000	400000	100000	outside	0.56495	1.0	0	20	True	1871306	18.71306
NC_049253.1	400000	500000	100000	outside	0.56409	1.0	0	20	True	1764812	17.64812
NC_049253.1	500000	600000	100000	outside	0.56501	1.0	0	20	True	1737579	17.37579
NC_049253.1	600000	700000	100000	outside	0.56518	1.0	0	20	True	1341656	13.41656
NC_049253.1	700000	800000	100000	outside	0.40063	1.0	0	20	True	1530990	15.3099
NC_049253.1	800000	900000	100000	outside	0.38055	1.0	0	20	True	1947270	19.4727
NC_049253.1	900000	1000000	100000	outside	0.47535	1.0	0	20	True	1843131	18.43131
NC_049253.1	1000000	1100000	100000	outside	0.42716	1.0	0	20	True	3773342	37.73342
NC_049253.1	1100000	1200000	100000	outside	0.38277	1.0	0	20	True	1912163	19.12163
NC_049253.1	1200000	1300000	100000	outside	0.37886	1.0	0	20	True	1976266	19.76266
NC_049253.1	1300000	1400000	100000	outside	0.38328	1.0	0	20	True	1929412	19.29412
NC_049253.1	1400000	1500000	100000	outside	0.38058	1.0	0	20	True	2027884	20.27884
NC_049253.1	1500000	1600000	100000	outside	0.38373	1.0	0	20	True	2021563	20.21563
NC_049253.1	1600000	1700000	100000	outside	0.36431	1.0	0	20	True	1993814	19.93814
NC_049253.1	1700000	1800000	100000	outside	0.37111	1.0	0	20	True	1955489	19.55489
NC_049253.1	1800000	1900000	100000	outside	0.39807	1.0	0	20	True	2026055	20.26055
NC_049253.1	1900000	2000000	100000	outside	0.39278	1.0	0	20	True	1973659	19.73659
NC_049253.1	2000000	2100000	100000	outside	0.37859	1.0	0	20	True	1917579	19.17579
NC_049253.1	2100000	2200000	100000	outside	0.36338	1.0	0	20	True	2039646	20.39646
NC_049253.1	2200000	2300000	100000	outside	0.38275	1.0	0	20	True	1996096	19.96096
NC_049253.1	2300000	2400000	100000	outside	0.36117	1.0	0	20	True	2037610	20.3761
NC_049253.1	2400000	2500000	100000	outside	0.35713	1.0	0	20	True	2018992	20.18992
NC_049253.1	2500000	2600000	100000	outside	0.36732	1.0	0	20	True	1997332	19.97332
NC_049253.1	2600000	2700000	100000	outside	0.36123	1.0	0	20	True	1980537	19.80537
NC_049253.1	2700000	2800000	100000	outside	0.34445	1.0	0	20	True	1928706	19.28706
NC_049253.1	2800000	2900000	100000	outside	0.35514	1.0	0	20	True	1973285	19.73285
NC_049253.1	2900000	3000000	100000	outside	0.3456	1.0	0	20	True	1817326	18.17326
NC_049253.1	3000000	3100000	100000	outside	0.33833	1.0	0	20	True	1920546	19.20546
NC_049253.1	3100000	3200000	100000	outside	0.35052	1.0	0	20	True	1931247	19.31247
NC_049253.1	3200000	3300000	100000	outside	0.32982	1.0	0	20	True	1865768	18.65768
NC_049253.1	3300000	3400000	100000	outside	0.36011	1.0	0	20	True	1955266	19.55266
NC_049253.1	3400000	3500000	100000	outside	0.34493	1.0	0	20	True	1852521	18.52521
NC_049253.1	3500000	3600000	100000	outside	0.34689	1.0	0	20	True	1921530	19.2153
NC_049253.1	3600000	3700000	100000	outside	0.34545	1.0	0	20	True	1897054	18.97054
NC_049253.1	3700000	3800000	100000	outside	0.35614	1.0	0	20	True	1933729	19.33729
NC_049253.1	3800000	3900000	100000	outside	0.34328	1.0	0	20	True	1919941	19.19941
NC_049253.1	3900000	4000000	100000	outside	0.3366	1.0	0	20	True	1934971	19.34971
NC_049253.1	4000000	4100000	100000	outside	0.32757	1.0	0	20	True	1883250	18.8325
NC_049253.1	4100000	4200000	100000	outside	0.33096	1.0	0	20	True	1900221	19.00221
NC_049253.1	4200000	4300000	100000	outside	0.33876	1.0	0	20	True	1907561	19.07561
NC_049253.1	4300000	4400000	100000	outside	0.34173	1.0	0	20	True	1877549	18.77549
NC_049253.1	4400000	4500000	100000	outside	0.33427	1.0	0	20	True	1842556	18.42556
NC_049253.1	4500000	4600000	100000	outside	0.34638	1.0	0	20	True	1756837	17.56837
NC_049253.1	4600000	4700000	100000	outside	0.33446	1.0	0	20	True	1867592	18.67592
NC_049253.1	4700000	4800000	100000	crosses_catalogue_boundary	0.33219	1.0	0	20	True	1540701	15.40701
NC_049253.1	4800000	4900000	100000	inside	0.34209209209209207	0.999	100	20	True	446445	4.46445
NC_049253.1	4900000	5000000	100000	inside	0.34663	1.0	0	20	True	1850074	18.50074
NC_049253.1	5000000	5100000	100000	inside	0.33749	1.0	0	20	True	1839631	18.39631
NC_049253.1	5100000	5200000	100000	inside	0.34961	1.0	0	20	True	1805930	18.0593
NC_049253.1	5200000	5300000	100000	inside	0.32868	1.0	0	20	True	1957213	19.57213
NC_049253.1	5300000	5400000	100000	inside	0.33703	1.0	0	20	True	1949952	19.49952
NC_049253.1	5400000	5500000	100000	inside	0.3483	1.0	0	20	True	1917503	19.17503
NC_049253.1	5500000	5600000	100000	inside	0.35423	1.0	0	20	True	1989881	19.89881
NC_049253.1	5600000	5700000	100000	inside	0.36366	1.0	0	20	True	2003999	20.03999
NC_049253.1	5700000	5800000	100000	inside	0.37139	1.0	0	20	True	1934838	19.34838
NC_049253.1	5800000	5900000	100000	inside	0.35618	1.0	0	20	True	1951434	19.51434
NC_049253.1	5900000	6000000	100000	inside	0.34017	1.0	0	20	True	1984492	19.84492
NC_049253.1	6000000	6100000	100000	inside	0.35335	1.0	0	20	True	1995197	19.95197
NC_049253.1	6100000	6200000	100000	inside	0.3687	1.0	0	20	True	1991897	19.91897
NC_049253.1	6200000	6300000	100000	inside	0.36326	1.0	0	20	True	1947438	19.47438
NC_049253.1	6300000	6400000	100000	inside	0.36984	1.0	0	20	True	2015101	20.15101
NC_049253.1	6400000	6500000	100000	inside	0.35272	1.0	0	20	True	2024995	20.24995
NC_049253.1	6500000	6600000	100000	inside	0.35048	1.0	0	20	True	2061685	20.61685
NC_049253.1	6600000	6700000	100000	inside	0.35767	1.0	0	20	True	1992069	19.92069
NC_049253.1	6700000	6800000	100000	inside	0.37762	1.0	0	20	True	2014321	20.14321
NC_049253.1	6800000	6900000	100000	inside	0.35588	1.0	0	20	True	1989745	19.89745
NC_049253.1	6900000	7000000	100000	inside	0.36648	1.0	0	20	True	1987834	19.87834
NC_049253.1	7000000	7100000	100000	inside	0.36826	1.0	0	20	True	1958997	19.58997
NC_049253.1	7100000	7200000	100000	inside	0.3558	1.0	0	20	True	2034714	20.34714
NC_049253.1	7200000	7300000	100000	inside	0.37374	1.0	0	20	True	1936752	19.36752
NC_049253.1	7300000	7400000	100000	inside	0.39288	1.0	0	20	True	1948735	19.48735
NC_049253.1	7400000	7500000	100000	inside	0.3786	1.0	0	20	True	1932182	19.32182
NC_049253.1	7500000	7600000	100000	inside	0.39412	1.0	0	20	True	1950123	19.50123
NC_049253.1	7600000	7700000	100000	inside	0.39189	1.0	0	20	True	2006015	20.06015
NC_049253.1	7700000	7800000	100000	inside	0.37388	1.0	0	20	True	1994427	19.94427
NC_049253.1	7800000	7900000	100000	inside	0.3641	1.0	0	20	True	2015453	20.15453
NC_049253.1	7900000	8000000	100000	inside	0.36609	1.0	0	20	True	1963271	19.63271
NC_049253.1	8000000	8100000	100000	inside	0.34919	1.0	0	20	True	2014757	20.14757
NC_049253.1	8100000	8200000	100000	inside	0.34656	1.0	0	20	True	1971301	19.71301
NC_049253.1	8200000	8300000	100000	inside	0.3548	1.0	0	20	True	1929836	19.29836
NC_049253.1	8300000	8400000	100000	inside	0.3514	1.0	0	20	True	1982882	19.82882
NC_049253.1	8400000	8500000	100000	inside	0.34497	1.0	0	20	True	1931944	19.31944
NC_049253.1	8500000	8600000	100000	inside	0.33842	1.0	0	20	True	1934952	19.34952
NC_049253.1	8600000	8700000	100000	inside	0.34704	1.0	0	20	True	1528221	15.28221
NC_049253.1	8700000	8800000	100000	inside	0.35095	1.0	0	20	True	1423659	14.23659
NC_049253.1	8800000	8900000	100000	inside	0.35219	1.0	0	20	True	1959131	19.59131
NC_049253.1	8900000	9000000	100000	inside	0.3703	1.0	0	20	True	2005919	20.05919
NC_049253.1	9000000	9100000	100000	inside	0.36734	1.0	0	20	True	2010669	20.10669
NC_049253.1	9100000	9200000	100000	inside	0.42965	1.0	0	20	True	1931681	19.31681
NC_049253.1	9200000	9300000	100000	inside	0.37001	1.0	0	20	True	2002673	20.02673
NC_049253.1	9300000	9400000	100000	inside	0.38431	1.0	0	20	True	1967624	19.67624
NC_049253.1	9400000	9500000	100000	inside	0.38754	1.0	0	20	True	1938627	19.38627
NC_049253.1	9500000	9600000	100000	inside	0.39532	1.0	0	20	True	1958202	19.58202
NC_049253.1	9600000	9700000	100000	inside	0.38649	1.0	0	20	True	1971410	19.7141
NC_049253.1	9700000	9800000	100000	inside	0.38067	1.0	0	20	True	1996308	19.96308
NC_049253.1	9800000	9900000	100000	inside	0.37217	1.0	0	20	True	2025810	20.2581
NC_049253.1	9900000	10000000	100000	inside	0.3897	1.0	0	20	True	2000156	20.00156
NC_049253.1	10000000	10100000	100000	inside	0.40155	1.0	0	20	True	1947564	19.47564
NC_049253.1	10100000	10200000	100000	inside	0.35972	1.0	0	20	True	2014022	20.14022
NC_049253.1	10200000	10300000	100000	inside	0.39708	1.0	0	20	True	1811469	18.11469
NC_049253.1	10300000	10400000	100000	inside	0.35703	1.0	0	20	True	2038519	20.38519
NC_049253.1	10400000	10500000	100000	inside	0.35174	1.0	0	20	True	2011730	20.1173
NC_049253.1	10500000	10600000	100000	inside	0.35629	1.0	0	20	True	2065066	20.65066
NC_049253.1	10600000	10700000	100000	inside	0.35842	1.0	0	20	True	2081183	20.81183
NC_049253.1	10700000	10800000	100000	inside	0.37385	1.0	0	20	True	2068730	20.6873
NC_049253.1	10800000	10900000	100000	inside	0.39952	1.0	0	20	True	1997583	19.97583
NC_049253.1	10900000	11000000	100000	inside	0.39162	1.0	0	20	True	2040412	20.40412
NC_049253.1	11000000	11100000	100000	inside	0.41378	1.0	0	20	True	1949193	19.49193
NC_049253.1	11100000	11200000	100000	inside	0.39431	1.0	0	20	True	1710046	17.10046
NC_049253.1	11200000	11300000	100000	inside	0.40214	1.0	0	20	True	2016495	20.16495
NC_049253.1	11300000	11400000	100000	inside	0.41818	1.0	0	20	True	2012354	20.12354
NC_049253.1	11400000	11500000	100000	inside	0.4122	1.0	0	20	True	1997363	19.97363
NC_049253.1	11500000	11600000	100000	inside	0.39621	1.0	0	20	True	2000044	20.00044
NC_049253.1	11600000	11700000	100000	inside	0.38832	1.0	0	20	True	1978973	19.78973
NC_049253.1	11700000	11800000	100000	inside	0.38337	1.0	0	20	True	2056721	20.56721
NC_049253.1	11800000	11900000	100000	inside	0.37784	1.0	0	20	True	2038727	20.38727
NC_049253.1	11900000	12000000	100000	inside	0.35919	1.0	0	20	True	2013286	20.13286
NC_049253.1	12000000	12100000	100000	inside	0.36853	1.0	0	20	True	1878088	18.78088
NC_049253.1	12100000	12200000	100000	inside	0.36103	1.0	0	20	True	2009195	20.09195
NC_049253.1	12200000	12300000	100000	inside	0.36067	1.0	0	20	True	1952989	19.52989
NC_049253.1	12300000	12400000	100000	inside	0.36242	1.0	0	20	True	1973933	19.73933
NC_049253.1	12400000	12500000	100000	inside	0.3438	1.0	0	20	True	1973272	19.73272
NC_049253.1	12500000	12600000	100000	inside	0.35321	1.0	0	20	True	1983510	19.8351
NC_049253.1	12600000	12700000	100000	inside	0.35927	1.0	0	20	True	1935452	19.35452
NC_049253.1	12700000	12800000	100000	inside	0.35816	1.0	0	20	True	2002465	20.02465
NC_049253.1	12800000	12900000	100000	inside	0.34823	1.0	0	20	True	2006631	20.06631
NC_049253.1	12900000	13000000	100000	inside	0.34351	1.0	0	20	True	2043652	20.43652
NC_049253.1	13000000	13100000	100000	inside	0.38806	1.0	0	20	True	2014342	20.14342
NC_049253.1	13100000	13200000	100000	inside	0.39013	1.0	0	20	True	1989871	19.89871
NC_049253.1	13200000	13300000	100000	inside	0.35933	1.0	0	20	True	2071098	20.71098
NC_049253.1	13300000	13400000	100000	inside	0.35447	1.0	0	20	True	1961201	19.61201
NC_049253.1	13400000	13500000	100000	inside	0.37917	1.0	0	20	True	1992873	19.92873
NC_049253.1	13500000	13600000	100000	inside	0.38358	1.0	0	20	True	1907454	19.07454
NC_049253.1	13600000	13700000	100000	inside	0.35527	1.0	0	20	True	2018699	20.18699
NC_049253.1	13700000	13800000	100000	inside	0.36775	1.0	0	20	True	2008304	20.08304
NC_049253.1	13800000	13900000	100000	inside	0.35757	1.0	0	20	True	1973726	19.73726
NC_049253.1	13900000	14000000	100000	inside	0.38156	1.0	0	20	True	2050913	20.50913
NC_049253.1	14000000	14100000	100000	inside	0.36638	1.0	0	20	True	2037851	20.37851
NC_049253.1	14100000	14200000	100000	inside	0.36974	1.0	0	20	True	2049504	20.49504
NC_049253.1	14200000	14300000	100000	inside	0.36678	1.0	0	20	True	2020423	20.20423
NC_049253.1	14300000	14400000	100000	inside	0.38092	1.0	0	20	True	1954173	19.54173
NC_049253.1	14400000	14500000	100000	inside	0.35849	1.0	0	20	True	1976874	19.76874
NC_049253.1	14500000	14600000	100000	inside	0.35075	1.0	0	20	True	1921188	19.21188
NC_049253.1	14600000	14700000	100000	inside	0.35141	1.0	0	20	True	2007131	20.07131
NC_049253.1	14700000	14800000	100000	inside	0.35815	1.0	0	20	True	1975037	19.75037
NC_049253.1	14800000	14900000	100000	inside	0.35503	1.0	0	20	True	1942393	19.42393
NC_049253.1	14900000	15000000	100000	inside	0.35255	1.0	0	20	True	1935773	19.35773
NC_049253.1	15000000	15100000	100000	inside	0.35286	1.0	0	20	True	1936602	19.36602
NC_049253.1	15100000	15200000	100000	inside	0.35974	1.0	0	20	True	1982483	19.82483
NC_049253.1	15200000	15300000	100000	inside	0.36447	1.0	0	20	True	1987861	19.87861
NC_049253.1	15300000	15400000	100000	inside	0.36308	1.0	0	20	True	2024171	20.24171
NC_049253.1	15400000	15500000	100000	inside	0.37344	1.0	0	20	True	1975640	19.7564
NC_049253.1	15500000	15600000	100000	inside	0.36106	1.0	0	20	True	2012712	20.12712
NC_049253.1	15600000	15700000	100000	inside	0.37461	1.0	0	20	True	1962252	19.62252
NC_049253.1	15700000	15800000	100000	inside	0.3777	1.0	0	20	True	1965482	19.65482
NC_049253.1	15800000	15900000	100000	inside	0.40277	1.0	0	20	True	1989540	19.8954
NC_049253.1	15900000	16000000	100000	inside	0.38435	1.0	0	20	True	2005156	20.05156
NC_049253.1	16000000	16100000	100000	inside	0.38303	1.0	0	20	True	2034962	20.34962
NC_049253.1	16100000	16200000	100000	inside	0.37794	1.0	0	20	True	2049586	20.49586
NC_049253.1	16200000	16300000	100000	inside	0.37964	1.0	0	20	True	2008828	20.08828
NC_049253.1	16300000	16400000	100000	inside	0.35057	1.0	0	20	True	2006853	20.06853
NC_049253.1	16400000	16500000	100000	inside	0.34938	1.0	0	20	True	2082756	20.82756
NC_049253.1	16500000	16600000	100000	inside	0.35255	1.0	0	20	True	2020786	20.20786
NC_049253.1	16600000	16700000	100000	inside	0.35992	1.0	0	20	True	2000120	20.0012
NC_049253.1	16700000	16800000	100000	inside	0.35266	1.0	0	20	True	2082193	20.82193
NC_049253.1	16800000	16900000	100000	inside	0.36801	1.0	0	20	True	1904626	19.04626
NC_049253.1	16900000	17000000	100000	inside	0.35546	1.0	0	20	True	1978387	19.78387
NC_049253.1	17000000	17100000	100000	inside	0.36405	1.0	0	20	True	2039066	20.39066
NC_049253.1	17100000	17200000	100000	inside	0.36306	1.0	0	20	True	1983957	19.83957
NC_049253.1	17200000	17300000	100000	inside	0.37452	1.0	0	20	True	1971520	19.7152
NC_049253.1	17300000	17400000	100000	inside	0.37601	1.0	0	20	True	1941429	19.41429
NC_049253.1	17400000	17500000	100000	inside	0.35909	1.0	0	20	True	1967462	19.67462
NC_049253.1	17500000	17600000	100000	inside	0.36421	1.0	0	20	True	1986132	19.86132
NC_049253.1	17600000	17700000	100000	inside	0.3672	1.0	0	20	True	2028484	20.28484
NC_049253.1	17700000	17800000	100000	inside	0.38799	1.0	0	20	True	2030203	20.30203
NC_049253.1	17800000	17900000	100000	inside	0.39619	1.0	0	20	True	1983025	19.83025
NC_049253.1	17900000	18000000	100000	inside	0.39156	1.0	0	20	True	1967638	19.67638
NC_049253.1	18000000	18100000	100000	inside	0.36992	1.0	0	20	True	2010780	20.1078
NC_049253.1	18100000	18200000	100000	inside	0.39789	1.0	0	20	True	2014412	20.14412
NC_049253.1	18200000	18300000	100000	inside	0.40035	1.0	0	20	True	2039370	20.3937
NC_049253.1	18300000	18400000	100000	inside	0.36868	1.0	0	20	True	1879618	18.79618
NC_049253.1	18400000	18500000	100000	inside	0.38381	1.0	0	20	True	1781268	17.81268
NC_049253.1	18500000	18600000	100000	inside	0.37419	1.0	0	20	True	2036034	20.36034
NC_049253.1	18600000	18700000	100000	inside	0.3754	1.0	0	20	True	1994763	19.94763
NC_049253.1	18700000	18800000	100000	inside	0.3884	1.0	0	20	True	1961209	19.61209
NC_049253.1	18800000	18900000	100000	inside	0.36946	1.0	0	20	True	2006852	20.06852
NC_049253.1	18900000	19000000	100000	inside	0.40089	1.0	0	20	True	1974356	19.74356
NC_049253.1	19000000	19100000	100000	inside	0.41288	1.0	0	20	True	1923518	19.23518
NC_049253.1	19100000	19200000	100000	inside	0.42907	1.0	0	20	True	1980830	19.8083
NC_049253.1	19200000	19300000	100000	inside	0.36691	1.0	0	20	True	2043442	20.43442
NC_049253.1	19300000	19400000	100000	inside	0.3512	1.0	0	20	True	2007014	20.07014
NC_049253.1	19400000	19500000	100000	inside	0.36513	1.0	0	20	True	2029611	20.29611
NC_049253.1	19500000	19600000	100000	inside	0.35203	1.0	0	20	True	1962191	19.62191
NC_049253.1	19600000	19700000	100000	inside	0.34536	1.0	0	20	True	1946637	19.46637
NC_049253.1	19700000	19800000	100000	inside	0.34074	1.0	0	20	True	1892876	18.92876
NC_049253.1	19800000	19900000	100000	inside	0.33486	1.0	0	20	True	1934189	19.34189
NC_049253.1	19900000	20000000	100000	inside	0.33891	1.0	0	20	True	1989560	19.8956
NC_049253.1	20000000	20100000	100000	inside	0.36021	1.0	0	20	True	1946831	19.46831
NC_049253.1	20100000	20200000	100000	inside	0.35506	1.0	0	20	True	1980492	19.80492
NC_049253.1	20200000	20300000	100000	inside	0.35357	1.0	0	20	True	1995724	19.95724
NC_049253.1	20300000	20400000	100000	inside	0.34871	1.0	0	20	True	1968057	19.68057
NC_049253.1	20400000	20500000	100000	inside	0.35759	1.0	0	20	True	1859264	18.59264
NC_049253.1	20500000	20600000	100000	inside	0.33779	1.0	0	20	True	1905760	19.0576
NC_049253.1	20600000	20700000	100000	inside	0.34164	1.0	0	20	True	1943024	19.43024
NC_049253.1	20700000	20800000	100000	inside	0.34857	1.0	0	20	True	1937936	19.37936
NC_049253.1	20800000	20900000	100000	inside	0.33898	1.0	0	20	True	1903084	19.03084
NC_049253.1	20900000	21000000	100000	inside	0.34999	1.0	0	20	True	1893625	18.93625
NC_049253.1	21000000	21100000	100000	inside	0.35476	1.0	0	20	True	1910975	19.10975
NC_049253.1	21100000	21200000	100000	inside	0.35198	1.0	0	20	True	1914077	19.14077
NC_049253.1	21200000	21300000	100000	inside	0.3517	1.0	0	20	True	1949044	19.49044
NC_049253.1	21300000	21400000	100000	inside	0.35298	1.0	0	20	True	1960944	19.60944
NC_049253.1	21400000	21500000	100000	inside	0.35107	1.0	0	20	True	1993622	19.93622
NC_049253.1	21500000	21600000	100000	inside	0.36823	1.0	0	20	True	1963763	19.63763
NC_049253.1	21600000	21700000	100000	inside	0.35498	1.0	0	20	True	1942266	19.42266
NC_049253.1	21700000	21800000	100000	inside	0.36473	1.0	0	20	True	1973504	19.73504
NC_049253.1	21800000	21900000	100000	inside	0.37904	1.0	0	20	True	2047420	20.4742
NC_049253.1	21900000	22000000	100000	inside	0.40795	1.0	0	20	True	1936000	19.36
NC_049253.1	22000000	22100000	100000	inside	0.35902	1.0	0	20	True	1960421	19.60421
NC_049253.1	22100000	22200000	100000	inside	0.36145	1.0	0	20	True	1975692	19.75692
NC_049253.1	22200000	22300000	100000	inside	0.36088	1.0	0	20	True	1961713	19.61713
NC_049253.1	22300000	22400000	100000	inside	0.38833	1.0	0	20	True	1961788	19.61788
NC_049253.1	22400000	22500000	100000	inside	0.35592	1.0	0	20	True	2035752	20.35752
NC_049253.1	22500000	22600000	100000	inside	0.35164	1.0	0	20	True	2002841	20.02841
NC_049253.1	22600000	22700000	100000	inside	0.3732	1.0	0	20	True	1837326	18.37326
NC_049253.1	22700000	22800000	100000	inside	0.35685	1.0	0	20	True	2049705	20.49705
NC_049253.1	22800000	22900000	100000	inside	0.3593	1.0	0	20	True	2039479	20.39479
NC_049253.1	22900000	23000000	100000	inside	0.35926	1.0	0	20	True	1975205	19.75205
NC_049253.1	23000000	23100000	100000	inside	0.36858	1.0	0	20	True	1991414	19.91414
NC_049253.1	23100000	23200000	100000	inside	0.3941	1.0	0	20	True	1922981	19.22981
NC_049253.1	23200000	23300000	100000	inside	0.36303	1.0	0	20	True	1995552	19.95552
NC_049253.1	23300000	23400000	100000	inside	0.35441	1.0	0	20	True	1964408	19.64408
NC_049253.1	23400000	23500000	100000	inside	0.34199	1.0	0	20	True	1860750	18.6075
NC_049253.1	23500000	23600000	100000	inside	0.3469	1.0	0	20	True	1978208	19.78208
NC_049253.1	23600000	23700000	100000	inside	0.34901	1.0	0	20	True	1952644	19.52644
NC_049253.1	23700000	23800000	100000	inside	0.34875	1.0	0	20	True	1930498	19.30498
NC_049253.1	23800000	23900000	100000	inside	0.336	1.0	0	20	True	1916651	19.16651
NC_049253.1	23900000	24000000	100000	inside	0.33685	1.0	0	20	True	1924382	19.24382
NC_049253.1	24000000	24100000	100000	inside	0.33935	1.0	0	20	True	1895110	18.9511
NC_049253.1	24100000	24200000	100000	inside	0.33673	1.0	0	20	True	1946661	19.46661
NC_049253.1	24200000	24300000	100000	inside	0.33382	1.0	0	20	True	1935446	19.35446
NC_049253.1	24300000	24400000	100000	inside	0.33764	1.0	0	20	True	1878936	18.78936
NC_049253.1	24400000	24500000	100000	inside	0.34343	1.0	0	20	True	1890863	18.90863
NC_049253.1	24500000	24600000	100000	inside	0.338	1.0	0	20	True	1917515	19.17515
NC_049253.1	24600000	24700000	100000	inside	0.34616	1.0	0	20	True	1907908	19.07908
NC_049253.1	24700000	24800000	100000	inside	0.35405	1.0	0	20	True	1848272	18.48272
NC_049253.1	24800000	24900000	100000	inside	0.35889	1.0	0	20	True	1897458	18.97458
NC_049253.1	24900000	25000000	100000	inside	0.34516	1.0	0	20	True	1991280	19.9128
NC_049253.1	25000000	25100000	100000	inside	0.33566	1.0	0	20	True	1891649	18.91649
NC_049253.1	25100000	25200000	100000	inside	0.34405	1.0	0	20	True	1884603	18.84603
NC_049253.1	25200000	25300000	100000	inside	0.34399	1.0	0	20	True	1954284	19.54284
NC_049253.1	25300000	25400000	100000	inside	0.34301	1.0	0	20	True	1936123	19.36123
NC_049253.1	25400000	25500000	100000	inside	0.34593	1.0	0	20	True	1778103	17.78103
NC_049253.1	25500000	25600000	100000	inside	0.34453	1.0	0	20	True	1933408	19.33408
NC_049253.1	25600000	25700000	100000	inside	0.3334	1.0	0	20	True	1940356	19.40356
NC_049253.1	25700000	25800000	100000	inside	0.34247	1.0	0	20	True	1912316	19.12316
NC_049253.1	25800000	25900000	100000	inside	0.34724	1.0	0	20	True	1931201	19.31201
NC_049253.1	25900000	26000000	100000	inside	0.34119	1.0	0	20	True	1932599	19.32599
NC_049253.1	26000000	26100000	100000	inside	0.33892	1.0	0	20	True	1936343	19.36343
NC_049253.1	26100000	26200000	100000	inside	0.33726	1.0	0	20	True	1928441	19.28441
NC_049253.1	26200000	26300000	100000	inside	0.3439	1.0	0	20	True	1940611	19.40611
NC_049253.1	26300000	26400000	100000	inside	0.33851	1.0	0	20	True	1967719	19.67719
NC_049253.1	26400000	26500000	100000	inside	0.35292	1.0	0	20	True	2012238	20.12238
NC_049253.1	26500000	26600000	100000	inside	0.35546	1.0	0	20	True	1939893	19.39893
NC_049253.1	26600000	26700000	100000	inside	0.35634	1.0	0	20	True	2001475	20.01475
NC_049253.1	26700000	26800000	100000	inside	0.35419	1.0	0	20	True	1987845	19.87845
NC_049253.1	26800000	26900000	100000	inside	0.35981	1.0	0	20	True	1919575	19.19575
NC_049253.1	26900000	27000000	100000	inside	0.34481	1.0	0	20	True	2019613	20.19613
NC_049253.1	27000000	27100000	100000	inside	0.35222	1.0	0	20	True	1958613	19.58613
NC_049253.1	27100000	27200000	100000	inside	0.3688	1.0	0	20	True	2051045	20.51045
NC_049253.1	27200000	27300000	100000	inside	0.3603	1.0	0	20	True	2047210	20.4721
NC_049253.1	27300000	27400000	100000	inside	0.38629	1.0	0	20	True	2060549	20.60549
NC_049253.1	27400000	27500000	100000	inside	0.39005	1.0	0	20	True	2006613	20.06613
NC_049253.1	27500000	27600000	100000	inside	0.38223	1.0	0	20	True	1833575	18.33575
NC_049253.1	27600000	27700000	100000	inside	0.36869	1.0	0	20	True	1999968	19.99968
NC_049253.1	27700000	27800000	100000	inside	0.34575	1.0	0	20	True	2024377	20.24377
NC_049253.1	27800000	27900000	100000	inside	0.36939	1.0	0	20	True	2039914	20.39914
NC_049253.1	27900000	28000000	100000	inside	0.3991	1.0	0	20	True	2065140	20.6514
NC_049253.1	28000000	28100000	100000	inside	0.3924	1.0	0	20	True	1994851	19.94851
NC_049253.1	28100000	28200000	100000	inside	0.39665	1.0	0	20	True	1984598	19.84598
NC_049253.1	28200000	28300000	100000	inside	0.40183	1.0	0	20	True	1962608	19.62608
NC_049253.1	28300000	28400000	100000	inside	0.40124	1.0	0	20	True	1938793	19.38793
NC_049253.1	28400000	28500000	100000	inside	0.39518	1.0	0	20	True	1534572	15.34572
NC_049253.1	28500000	28600000	100000	inside	0.3837037037037037	0.999	100	20	True	1357451	13.57451
NC_049253.1	28600000	28700000	100000	inside	0.37635	1.0	0	20	True	2015099	20.15099
NC_049253.1	28700000	28800000	100000	inside	0.36799	1.0	0	20	True	2035799	20.35799
NC_049253.1	28800000	28900000	100000	inside	0.37031	1.0	0	20	True	2049688	20.49688
NC_049253.1	28900000	29000000	100000	inside	0.37347	1.0	0	20	True	1976891	19.76891
NC_049253.1	29000000	29100000	100000	inside	0.37671	1.0	0	20	True	1980160	19.8016
NC_049253.1	29100000	29200000	100000	inside	0.37777	1.0	0	20	True	2010342	20.10342
NC_049253.1	29200000	29300000	100000	inside	0.38556	1.0	0	20	True	1996020	19.9602
NC_049253.1	29300000	29400000	100000	inside	0.38009	1.0	0	20	True	1993870	19.9387
NC_049253.1	29400000	29500000	100000	inside	0.40917	1.0	0	20	True	1996887	19.96887
NC_049253.1	29500000	29600000	100000	inside	0.41921	1.0	0	20	True	1912437	19.12437
NC_049253.1	29600000	29700000	100000	inside	0.39439	1.0	0	20	True	1957406	19.57406
NC_049253.1	29700000	29800000	100000	inside	0.34731	1.0	0	20	True	2065718	20.65718
NC_049253.1	29800000	29900000	100000	inside	0.36619	1.0	0	20	True	1952097	19.52097
NC_049253.1	29900000	30000000	100000	inside	0.37662	1.0	0	20	True	1929623	19.29623
NC_049253.1	30000000	30100000	100000	inside	0.3745	1.0	0	20	True	1930778	19.30778
NC_049253.1	30100000	30200000	100000	inside	0.36138	1.0	0	20	True	2003875	20.03875
NC_049253.1	30200000	30300000	100000	inside	0.35109	1.0	0	20	True	2008283	20.08283
NC_049253.1	30300000	30400000	100000	inside	0.34477	1.0	0	20	True	2022756	20.22756
NC_049253.1	30400000	30500000	100000	inside	0.37552	1.0	0	20	True	1957652	19.57652
NC_049253.1	30500000	30600000	100000	inside	0.36398	1.0	0	20	True	1871448	18.71448
NC_049253.1	30600000	30700000	100000	inside	0.37305	1.0	0	20	True	1883660	18.8366
NC_049253.1	30700000	30800000	100000	inside	0.35956	1.0	0	20	True	2006191	20.06191
NC_049253.1	30800000	30900000	100000	inside	0.35415	1.0	0	20	True	1977886	19.77886
NC_049253.1	30900000	31000000	100000	inside	0.38106	1.0	0	20	True	1983974	19.83974
NC_049253.1	31000000	31100000	100000	inside	0.3627	1.0	0	20	True	1999211	19.99211
NC_049253.1	31100000	31200000	100000	inside	0.3703	1.0	0	20	True	2034434	20.34434
NC_049253.1	31200000	31300000	100000	inside	0.37929	1.0	0	20	True	1954601	19.54601
NC_049253.1	31300000	31400000	100000	inside	0.37331	1.0	0	20	True	1888516	18.88516
NC_049253.1	31400000	31500000	100000	inside	0.35415	1.0	0	20	True	1962379	19.62379
NC_049253.1	31500000	31600000	100000	inside	0.38619	1.0	0	20	True	1994209	19.94209
NC_049253.1	31600000	31700000	100000	inside	0.39144	1.0	0	20	True	1865037	18.65037
NC_049253.1	31700000	31800000	100000	inside	0.41407	1.0	0	20	True	1921475	19.21475
NC_049253.1	31800000	31900000	100000	inside	0.37649	1.0	0	20	True	1982586	19.82586
NC_049253.1	31900000	32000000	100000	inside	0.37505	1.0	0	20	True	2027662	20.27662
NC_049253.1	32000000	32100000	100000	inside	0.37791	1.0	0	20	True	2027247	20.27247
NC_049253.1	32100000	32200000	100000	inside	0.36871	1.0	0	20	True	1974606	19.74606
NC_049253.1	32200000	32300000	100000	inside	0.36449	1.0	0	20	True	1949041	19.49041
NC_049253.1	32300000	32400000	100000	inside	0.36851	1.0	0	20	True	2004568	20.04568
NC_049253.1	32400000	32500000	100000	inside	0.37475	1.0	0	20	True	2039682	20.39682
NC_049253.1	32500000	32600000	100000	inside	0.38685	1.0	0	20	True	1960604	19.60604
NC_049253.1	32600000	32700000	100000	inside	0.39074	1.0	0	20	True	2003905	20.03905
NC_049253.1	32700000	32800000	100000	inside	0.38887	1.0	0	20	True	2021576	20.21576
NC_049253.1	32800000	32900000	100000	inside	0.40745	1.0	0	20	True	1967540	19.6754
NC_049253.1	32900000	33000000	100000	inside	0.39963	1.0	0	20	True	2014707	20.14707
NC_049253.1	33000000	33100000	100000	inside	0.37797	1.0	0	20	True	1842865	18.42865
NC_049253.1	33100000	33200000	100000	inside	0.37064	1.0	0	20	True	2012575	20.12575
NC_049253.1	33200000	33300000	100000	inside	0.40808	1.0	0	20	True	1974430	19.7443
NC_049253.1	33300000	33400000	100000	inside	0.43171	1.0	0	20	True	2004655	20.04655
NC_049253.1	33400000	33500000	100000	inside	0.42764	1.0	0	20	True	1938416	19.38416
NC_049253.1	33500000	33600000	100000	inside	0.41925	1.0	0	20	True	1949433	19.49433
NC_049253.1	33600000	33700000	100000	crosses_catalogue_boundary	0.395	1.0	0	20	True	1920636	19.20636
NC_049253.1	33700000	33800000	100000	outside	0.38978	1.0	0	20	True	1973893	19.73893
NC_049253.1	33800000	33900000	100000	outside	0.39458	1.0	0	20	True	2003072	20.03072
NC_049253.1	33900000	34000000	100000	outside	0.39815	1.0	0	20	True	1909962	19.09962
NC_049253.1	34000000	34100000	100000	outside	0.3907	1.0	0	20	True	2005903	20.05903
NC_049253.1	34100000	34200000	100000	outside	0.38725	1.0	0	20	True	2024029	20.24029
NC_049253.1	34200000	34300000	100000	outside	0.38681	1.0	0	20	True	2058507	20.58507
NC_049253.1	34300000	34400000	100000	outside	0.38639	1.0	0	20	True	2015985	20.15985
NC_049253.1	34400000	34500000	100000	outside	0.41206	1.0	0	20	True	1901182	19.01182
NC_049253.1	34500000	34600000	100000	outside	0.39394	1.0	0	20	True	1966455	19.66455
NC_049253.1	34600000	34700000	100000	outside	0.3873	1.0	0	20	True	1973267	19.73267
NC_049253.1	34700000	34800000	100000	outside	0.38655	1.0	0	20	True	1954607	19.54607
NC_049253.1	34800000	34900000	100000	outside	0.36459	1.0	0	20	True	1937457	19.37457
NC_049253.1	34900000	35000000	100000	outside	0.36403	1.0	0	20	True	1902582	19.02582
NC_049253.1	35000000	35100000	100000	outside	0.3536	1.0	0	20	True	1998503	19.98503
NC_049253.1	35100000	35200000	100000	outside	0.36068	1.0	0	20	True	2031814	20.31814
NC_049253.1	35200000	35300000	100000	outside	0.3614	1.0	0	20	True	1114085	11.14085
NC_049253.1	35300000	35400000	100000	outside	0.36372	1.0	0	20	True	1994438	19.94438
NC_049253.1	35400000	35500000	100000	outside	0.39168	1.0	0	20	True	1895646	18.95646
NC_049253.1	35500000	35600000	100000	outside	0.4132	1.0	0	20	True	1918448	19.18448
NC_049253.1	35600000	35700000	100000	outside	0.37686	1.0	0	20	True	1984238	19.84238
NC_049253.1	35700000	35800000	100000	outside	0.37134	1.0	0	20	True	2044116	20.44116
NC_049253.1	35800000	35900000	100000	outside	0.36223	1.0	0	20	True	2041532	20.41532
NC_049253.1	35900000	36000000	100000	outside	0.36886	1.0	0	20	True	2027246	20.27246
NC_049253.1	36000000	36100000	100000	outside	0.35813	1.0	0	20	True	2023730	20.2373
NC_049253.1	36100000	36200000	100000	outside	0.3777977977977978	0.999	100	20	True	308477	3.08477
NC_049253.1	36200000	36300000	100000	outside	0.3748948948948949	0.999	100	20	True	1078047	10.78047
NC_049253.1	36300000	36400000	100000	outside	0.36848	1.0	0	20	True	1695228	16.95228
NC_049253.1	36400000	36500000	100000	outside	0.36026052104208417	0.998	200	20	True	253756	2.53756
NC_049253.1	36500000	36600000	100000	outside	0.36595	1.0	0	20	True	1369238	13.69238
NC_049253.1	36600000	36700000	100000	outside	0.36558	1.0	0	20	True	2000548	20.00548
NC_049253.1	36700000	36800000	100000	outside	0.35417	1.0	0	20	True	2031738	20.31738
NC_049253.1	36800000	36900000	100000	outside	0.37752	1.0	0	20	True	2013045	20.13045
NC_049253.1	36900000	37000000	100000	outside	0.35692	1.0	0	20	True	2028652	20.28652
NC_049253.1	37000000	37100000	100000	outside	0.38015	1.0	0	20	True	1949187	19.49187
NC_049253.1	37100000	37200000	100000	outside	0.40753	1.0	0	20	True	1989850	19.8985
NC_049253.1	37200000	37300000	100000	outside	0.42265	1.0	0	20	True	1934697	19.34697
NC_049253.1	37300000	37400000	100000	outside	0.3917	1.0	0	20	True	2012756	20.12756
NC_049253.1	37400000	37500000	100000	outside	0.40724	1.0	0	20	True	1955653	19.55653
NC_049253.1	37500000	37600000	100000	outside	0.38479	1.0	0	20	True	2021907	20.21907
NC_049253.1	37600000	37700000	100000	outside	0.39414	1.0	0	20	True	1984301	19.84301
NC_049253.1	37700000	37800000	100000	outside	0.3638	1.0	0	20	True	1972301	19.72301
NC_049253.1	37800000	37900000	100000	outside	0.3884	1.0	0	20	True	1995115	19.95115
NC_049253.1	37900000	38000000	100000	outside	0.3441	1.0	0	20	True	2034149	20.34149
NC_049253.1	38000000	38100000	100000	outside	0.38065	1.0	0	20	True	2032341	20.32341
NC_049253.1	38100000	38200000	100000	outside	0.38823	1.0	0	20	True	2037220	20.3722
NC_049253.1	38200000	38300000	100000	outside	0.37919	1.0	0	20	True	2002137	20.02137
NC_049253.1	38300000	38400000	100000	outside	0.40072	1.0	0	20	True	2023971	20.23971
NC_049253.1	38400000	38500000	100000	outside	0.41066	1.0	0	20	True	1999844	19.99844
NC_049253.1	38500000	38600000	100000	outside	0.38921	1.0	0	20	True	2031759	20.31759
NC_049253.1	38600000	38700000	100000	outside	0.41628	1.0	0	20	True	1961104	19.61104
NC_049253.1	38700000	38800000	100000	outside	0.41499	1.0	0	20	True	1931996	19.31996
NC_049253.1	38800000	38900000	100000	outside	0.43442	1.0	0	20	True	1902874	19.02874
NC_049253.1	38900000	39000000	100000	outside	0.42248	1.0	0	20	True	1966059	19.66059
NC_049253.1	39000000	39100000	100000	outside	0.41226	1.0	0	20	True	1923239	19.23239
NC_049253.1	39100000	39200000	100000	outside	0.39687	1.0	0	20	True	1936061	19.36061
NC_049253.1	39200000	39300000	100000	outside	0.41433	1.0	0	20	True	1911088	19.11088
NC_049253.1	39300000	39400000	100000	outside	0.4146446446446446	0.999	100	20	True	1940176	19.40176
NC_049253.1	39400000	39500000	100000	outside	0.38466	1.0	0	20	True	1965124	19.65124
NC_049253.1	39500000	39600000	100000	outside	0.37501	1.0	0	20	True	1996327	19.96327
NC_049253.1	39600000	39700000	100000	outside	0.39307	1.0	0	20	True	2043970	20.4397
NC_049253.1	39700000	39800000	100000	outside	0.41711	1.0	0	20	True	1936861	19.36861
NC_049253.1	39800000	39900000	100000	outside	0.37611	1.0	0	20	True	1955286	19.55286
NC_049253.1	39900000	40000000	100000	outside	0.39549	1.0	0	20	True	2014680	20.1468
NC_049253.1	40000000	40100000	100000	outside	0.38655	1.0	0	20	True	1866317	18.66317
NC_049253.1	40100000	40200000	100000	outside	0.4276	1.0	0	20	True	1889032	18.89032
NC_049253.1	40200000	40225481	25481	outside	0.4925238412935128	1.0	0	20	True	394416	15.478827361563518
NC_049253.1	0	100000	100000	outside	0.5621021021021021	0.999	100	30	False	302294	3.02294
NC_049253.1	100000	200000	100000	outside	0.5640840840840841	0.999	100	30	False	474802	4.74802
NC_049253.1	200000	300000	100000	outside	0.56462	1.0	0	30	False	1531621	15.31621
NC_049253.1	300000	400000	100000	outside	0.56495	1.0	0	30	False	2011578	20.11578
NC_049253.1	400000	500000	100000	outside	0.56409	1.0	0	30	False	1871753	18.71753
NC_049253.1	500000	600000	100000	outside	0.56501	1.0	0	30	False	1869138	18.69138
NC_049253.1	600000	700000	100000	outside	0.56518	1.0	0	30	False	1398649	13.98649
NC_049253.1	700000	800000	100000	outside	0.40063	1.0	0	30	False	1726673	17.26673
NC_049253.1	800000	900000	100000	outside	0.38055	1.0	0	30	False	2214060	22.1406
NC_049253.1	900000	1000000	100000	outside	0.47535	1.0	0	30	False	2078782	20.78782
NC_049253.1	1000000	1100000	100000	outside	0.42716	1.0	0	30	False	4229337	42.29337
NC_049253.1	1100000	1200000	100000	outside	0.38277	1.0	0	30	False	2223027	22.23027
NC_049253.1	1200000	1300000	100000	outside	0.37886	1.0	0	30	False	2293958	22.93958
NC_049253.1	1300000	1400000	100000	outside	0.38328	1.0	0	30	False	2221003	22.21003
NC_049253.1	1400000	1500000	100000	outside	0.38058	1.0	0	30	False	2361564	23.61564
NC_049253.1	1500000	1600000	100000	outside	0.38373	1.0	0	30	False	2349243	23.49243
NC_049253.1	1600000	1700000	100000	outside	0.36431	1.0	0	30	False	2319022	23.19022
NC_049253.1	1700000	1800000	100000	outside	0.37111	1.0	0	30	False	2272432	22.72432
NC_049253.1	1800000	1900000	100000	outside	0.39807	1.0	0	30	False	2357424	23.57424
NC_049253.1	1900000	2000000	100000	outside	0.39278	1.0	0	30	False	2271589	22.71589
NC_049253.1	2000000	2100000	100000	outside	0.37859	1.0	0	30	False	2206532	22.06532
NC_049253.1	2100000	2200000	100000	outside	0.36338	1.0	0	30	False	2387051	23.87051
NC_049253.1	2200000	2300000	100000	outside	0.38275	1.0	0	30	False	2317658	23.17658
NC_049253.1	2300000	2400000	100000	outside	0.36117	1.0	0	30	False	2390169	23.90169
NC_049253.1	2400000	2500000	100000	outside	0.35713	1.0	0	30	False	2334750	23.3475
NC_049253.1	2500000	2600000	100000	outside	0.36732	1.0	0	30	False	2322672	23.22672
NC_049253.1	2600000	2700000	100000	outside	0.36123	1.0	0	30	False	2295000	22.95
NC_049253.1	2700000	2800000	100000	outside	0.34445	1.0	0	30	False	2262256	22.62256
NC_049253.1	2800000	2900000	100000	outside	0.35514	1.0	0	30	False	2296529	22.96529
NC_049253.1	2900000	3000000	100000	outside	0.3456	1.0	0	30	False	2105023	21.05023
NC_049253.1	3000000	3100000	100000	outside	0.33833	1.0	0	30	False	2240071	22.40071
NC_049253.1	3100000	3200000	100000	outside	0.35052	1.0	0	30	False	2247173	22.47173
NC_049253.1	3200000	3300000	100000	outside	0.32982	1.0	0	30	False	2185959	21.85959
NC_049253.1	3300000	3400000	100000	outside	0.36011	1.0	0	30	False	2290070	22.9007
NC_049253.1	3400000	3500000	100000	outside	0.34493	1.0	0	30	False	2148738	21.48738
NC_049253.1	3500000	3600000	100000	outside	0.34689	1.0	0	30	False	2227897	22.27897
NC_049253.1	3600000	3700000	100000	outside	0.34545	1.0	0	30	False	2201953	22.01953
NC_049253.1	3700000	3800000	100000	outside	0.35614	1.0	0	30	False	2247196	22.47196
NC_049253.1	3800000	3900000	100000	outside	0.34328	1.0	0	30	False	2242408	22.42408
NC_049253.1	3900000	4000000	100000	outside	0.3366	1.0	0	30	False	2269579	22.69579
NC_049253.1	4000000	4100000	100000	outside	0.32757	1.0	0	30	False	2178245	21.78245
NC_049253.1	4100000	4200000	100000	outside	0.33096	1.0	0	30	False	2215626	22.15626
NC_049253.1	4200000	4300000	100000	outside	0.33876	1.0	0	30	False	2224230	22.2423
NC_049253.1	4300000	4400000	100000	outside	0.34173	1.0	0	30	False	2177497	21.77497
NC_049253.1	4400000	4500000	100000	outside	0.33427	1.0	0	30	False	2134471	21.34471
NC_049253.1	4500000	4600000	100000	outside	0.34638	1.0	0	30	False	2005582	20.05582
NC_049253.1	4600000	4700000	100000	outside	0.33446	1.0	0	30	False	2168543	21.68543
NC_049253.1	4700000	4800000	100000	crosses_catalogue_boundary	0.33219	1.0	0	30	False	1771098	17.71098
NC_049253.1	4800000	4900000	100000	inside	0.34209209209209207	0.999	100	30	False	337007	3.37007
NC_049253.1	4900000	5000000	100000	inside	0.34663	1.0	0	30	False	2162738	21.62738
NC_049253.1	5000000	5100000	100000	inside	0.33749	1.0	0	30	False	2125258	21.25258
NC_049253.1	5100000	5200000	100000	inside	0.34961	1.0	0	30	False	2068187	20.68187
NC_049253.1	5200000	5300000	100000	inside	0.32868	1.0	0	30	False	2299451	22.99451
NC_049253.1	5300000	5400000	100000	inside	0.33703	1.0	0	30	False	2285852	22.85852
NC_049253.1	5400000	5500000	100000	inside	0.3483	1.0	0	30	False	2230256	22.30256
NC_049253.1	5500000	5600000	100000	inside	0.35423	1.0	0	30	False	2316822	23.16822
NC_049253.1	5600000	5700000	100000	inside	0.36366	1.0	0	30	False	2338575	23.38575
NC_049253.1	5700000	5800000	100000	inside	0.37139	1.0	0	30	False	2231315	22.31315
NC_049253.1	5800000	5900000	100000	inside	0.35618	1.0	0	30	False	2268834	22.68834
NC_049253.1	5900000	6000000	100000	inside	0.34017	1.0	0	30	False	2320870	23.2087
NC_049253.1	6000000	6100000	100000	inside	0.35335	1.0	0	30	False	2329865	23.29865
NC_049253.1	6100000	6200000	100000	inside	0.3687	1.0	0	30	False	2305758	23.05758
NC_049253.1	6200000	6300000	100000	inside	0.36326	1.0	0	30	False	2249805	22.49805
NC_049253.1	6300000	6400000	100000	inside	0.36984	1.0	0	30	False	2351911	23.51911
NC_049253.1	6400000	6500000	100000	inside	0.35272	1.0	0	30	False	2361222	23.61222
NC_049253.1	6500000	6600000	100000	inside	0.35048	1.0	0	30	False	2395108	23.95108
NC_049253.1	6600000	6700000	100000	inside	0.35767	1.0	0	30	False	2309685	23.09685
NC_049253.1	6700000	6800000	100000	inside	0.37762	1.0	0	30	False	2341433	23.41433
NC_049253.1	6800000	6900000	100000	inside	0.35588	1.0	0	30	False	2303101	23.03101
NC_049253.1	6900000	7000000	100000	inside	0.36648	1.0	0	30	False	2305308	23.05308
NC_049253.1	7000000	7100000	100000	inside	0.36826	1.0	0	30	False	2257565	22.57565
NC_049253.1	7100000	7200000	100000	inside	0.3558	1.0	0	30	False	2366535	23.66535
NC_049253.1	7200000	7300000	100000	inside	0.37374	1.0	0	30	False	2228669	22.28669
NC_049253.1	7300000	7400000	100000	inside	0.39288	1.0	0	30	False	2261178	22.61178
NC_049253.1	7400000	7500000	100000	inside	0.3786	1.0	0	30	False	2254154	22.54154
NC_049253.1	7500000	7600000	100000	inside	0.39412	1.0	0	30	False	2268365	22.68365
NC_049253.1	7600000	7700000	100000	inside	0.39189	1.0	0	30	False	2333549	23.33549
NC_049253.1	7700000	7800000	100000	inside	0.37388	1.0	0	30	False	2326452	23.26452
NC_049253.1	7800000	7900000	100000	inside	0.3641	1.0	0	30	False	2360641	23.60641
NC_049253.1	7900000	8000000	100000	inside	0.36609	1.0	0	30	False	2293603	22.93603
NC_049253.1	8000000	8100000	100000	inside	0.34919	1.0	0	30	False	2353865	23.53865
NC_049253.1	8100000	8200000	100000	inside	0.34656	1.0	0	30	False	2286715	22.86715
NC_049253.1	8200000	8300000	100000	inside	0.3548	1.0	0	30	False	2252230	22.5223
NC_049253.1	8300000	8400000	100000	inside	0.3514	1.0	0	30	False	2303243	23.03243
NC_049253.1	8400000	8500000	100000	inside	0.34497	1.0	0	30	False	2246688	22.46688
NC_049253.1	8500000	8600000	100000	inside	0.33842	1.0	0	30	False	2242355	22.42355
NC_049253.1	8600000	8700000	100000	inside	0.34704	1.0	0	30	False	1721750	17.2175
NC_049253.1	8700000	8800000	100000	inside	0.35095	1.0	0	30	False	1628754	16.28754
NC_049253.1	8800000	8900000	100000	inside	0.35219	1.0	0	30	False	2271688	22.71688
NC_049253.1	8900000	9000000	100000	inside	0.3703	1.0	0	30	False	2331574	23.31574
NC_049253.1	9000000	9100000	100000	inside	0.36734	1.0	0	30	False	2329367	23.29367
NC_049253.1	9100000	9200000	100000	inside	0.42965	1.0	0	30	False	2240856	22.40856
NC_049253.1	9200000	9300000	100000	inside	0.37001	1.0	0	30	False	2323743	23.23743
NC_049253.1	9300000	9400000	100000	inside	0.38431	1.0	0	30	False	2268310	22.6831
NC_049253.1	9400000	9500000	100000	inside	0.38754	1.0	0	30	False	2228842	22.28842
NC_049253.1	9500000	9600000	100000	inside	0.39532	1.0	0	30	False	2258561	22.58561
NC_049253.1	9600000	9700000	100000	inside	0.38649	1.0	0	30	False	2279579	22.79579
NC_049253.1	9700000	9800000	100000	inside	0.38067	1.0	0	30	False	2322182	23.22182
NC_049253.1	9800000	9900000	100000	inside	0.37217	1.0	0	30	False	2342914	23.42914
NC_049253.1	9900000	10000000	100000	inside	0.3897	1.0	0	30	False	2307249	23.07249
NC_049253.1	10000000	10100000	100000	inside	0.40155	1.0	0	30	False	2248057	22.48057
NC_049253.1	10100000	10200000	100000	inside	0.35972	1.0	0	30	False	2352425	23.52425
NC_049253.1	10200000	10300000	100000	inside	0.39708	1.0	0	30	False	2079040	20.7904
NC_049253.1	10300000	10400000	100000	inside	0.35703	1.0	0	30	False	2380413	23.80413
NC_049253.1	10400000	10500000	100000	inside	0.35174	1.0	0	30	False	2349016	23.49016
NC_049253.1	10500000	10600000	100000	inside	0.35629	1.0	0	30	False	2398627	23.98627
NC_049253.1	10600000	10700000	100000	inside	0.35842	1.0	0	30	False	2428783	24.28783
NC_049253.1	10700000	10800000	100000	inside	0.37385	1.0	0	30	False	2424385	24.24385
NC_049253.1	10800000	10900000	100000	inside	0.39952	1.0	0	30	False	2313687	23.13687
NC_049253.1	10900000	11000000	100000	inside	0.39162	1.0	0	30	False	2364781	23.64781
NC_049253.1	11000000	11100000	100000	inside	0.41378	1.0	0	30	False	2249860	22.4986
NC_049253.1	11100000	11200000	100000	inside	0.39431	1.0	0	30	False	1980802	19.80802
NC_049253.1	11200000	11300000	100000	inside	0.40214	1.0	0	30	False	2331056	23.31056
NC_049253.1	11300000	11400000	100000	inside	0.41818	1.0	0	30	False	2335323	23.35323
NC_049253.1	11400000	11500000	100000	inside	0.4122	1.0	0	30	False	2312143	23.12143
NC_049253.1	11500000	11600000	100000	inside	0.39621	1.0	0	30	False	2304281	23.04281
NC_049253.1	11600000	11700000	100000	inside	0.38832	1.0	0	30	False	2270476	22.70476
NC_049253.1	11700000	11800000	100000	inside	0.38337	1.0	0	30	False	2375176	23.75176
NC_049253.1	11800000	11900000	100000	inside	0.37784	1.0	0	30	False	2349789	23.49789
NC_049253.1	11900000	12000000	100000	inside	0.35919	1.0	0	30	False	2349209	23.49209
NC_049253.1	12000000	12100000	100000	inside	0.36853	1.0	0	30	False	2172564	21.72564
NC_049253.1	12100000	12200000	100000	inside	0.36103	1.0	0	30	False	2350482	23.50482
NC_049253.1	12200000	12300000	100000	inside	0.36067	1.0	0	30	False	2273729	22.73729
NC_049253.1	12300000	12400000	100000	inside	0.36242	1.0	0	30	False	2283154	22.83154
NC_049253.1	12400000	12500000	100000	inside	0.3438	1.0	0	30	False	2291189	22.91189
NC_049253.1	12500000	12600000	100000	inside	0.35321	1.0	0	30	False	2303507	23.03507
NC_049253.1	12600000	12700000	100000	inside	0.35927	1.0	0	30	False	2249187	22.49187
NC_049253.1	12700000	12800000	100000	inside	0.35816	1.0	0	30	False	2335968	23.35968
NC_049253.1	12800000	12900000	100000	inside	0.34823	1.0	0	30	False	2313632	23.13632
NC_049253.1	12900000	13000000	100000	inside	0.34351	1.0	0	30	False	2373071	23.73071
NC_049253.1	13000000	13100000	100000	inside	0.38806	1.0	0	30	False	2348279	23.48279
NC_049253.1	13100000	13200000	100000	inside	0.39013	1.0	0	30	False	2303163	23.03163
NC_049253.1	13200000	13300000	100000	inside	0.35933	1.0	0	30	False	2384153	23.84153
NC_049253.1	13300000	13400000	100000	inside	0.35447	1.0	0	30	False	2286219	22.86219
NC_049253.1	13400000	13500000	100000	inside	0.37917	1.0	0	30	False	2302857	23.02857
NC_049253.1	13500000	13600000	100000	inside	0.38358	1.0	0	30	False	2209752	22.09752
NC_049253.1	13600000	13700000	100000	inside	0.35527	1.0	0	30	False	2338491	23.38491
NC_049253.1	13700000	13800000	100000	inside	0.36775	1.0	0	30	False	2337017	23.37017
NC_049253.1	13800000	13900000	100000	inside	0.35757	1.0	0	30	False	2305389	23.05389
NC_049253.1	13900000	14000000	100000	inside	0.38156	1.0	0	30	False	2376691	23.76691
NC_049253.1	14000000	14100000	100000	inside	0.36638	1.0	0	30	False	2363391	23.63391
NC_049253.1	14100000	14200000	100000	inside	0.36974	1.0	0	30	False	2388312	23.88312
NC_049253.1	14200000	14300000	100000	inside	0.36678	1.0	0	30	False	2352223	23.52223
NC_049253.1	14300000	14400000	100000	inside	0.38092	1.0	0	30	False	2277970	22.7797
NC_049253.1	14400000	14500000	100000	inside	0.35849	1.0	0	30	False	2292000	22.92
NC_049253.1	14500000	14600000	100000	inside	0.35075	1.0	0	30	False	2230795	22.30795
NC_049253.1	14600000	14700000	100000	inside	0.35141	1.0	0	30	False	2345301	23.45301
NC_049253.1	14700000	14800000	100000	inside	0.35815	1.0	0	30	False	2276171	22.76171
NC_049253.1	14800000	14900000	100000	inside	0.35503	1.0	0	30	False	2260232	22.60232
NC_049253.1	14900000	15000000	100000	inside	0.35255	1.0	0	30	False	2235488	22.35488
NC_049253.1	15000000	15100000	100000	inside	0.35286	1.0	0	30	False	2236122	22.36122
NC_049253.1	15100000	15200000	100000	inside	0.35974	1.0	0	30	False	2330458	23.30458
NC_049253.1	15200000	15300000	100000	inside	0.36447	1.0	0	30	False	2309035	23.09035
NC_049253.1	15300000	15400000	100000	inside	0.36308	1.0	0	30	False	2358199	23.58199
NC_049253.1	15400000	15500000	100000	inside	0.37344	1.0	0	30	False	2308433	23.08433
NC_049253.1	15500000	15600000	100000	inside	0.36106	1.0	0	30	False	2335481	23.35481
NC_049253.1	15600000	15700000	100000	inside	0.37461	1.0	0	30	False	2278202	22.78202
NC_049253.1	15700000	15800000	100000	inside	0.3777	1.0	0	30	False	2287299	22.87299
NC_049253.1	15800000	15900000	100000	inside	0.40277	1.0	0	30	False	2298685	22.98685
NC_049253.1	15900000	16000000	100000	inside	0.38435	1.0	0	30	False	2334177	23.34177
NC_049253.1	16000000	16100000	100000	inside	0.38303	1.0	0	30	False	2307437	23.07437
NC_049253.1	16100000	16200000	100000	inside	0.37794	1.0	0	30	False	2396340	23.9634
NC_049253.1	16200000	16300000	100000	inside	0.37964	1.0	0	30	False	2329451	23.29451
NC_049253.1	16300000	16400000	100000	inside	0.35057	1.0	0	30	False	2344231	23.44231
NC_049253.1	16400000	16500000	100000	inside	0.34938	1.0	0	30	False	2413868	24.13868
NC_049253.1	16500000	16600000	100000	inside	0.35255	1.0	0	30	False	2338198	23.38198
NC_049253.1	16600000	16700000	100000	inside	0.35992	1.0	0	30	False	2323234	23.23234
NC_049253.1	16700000	16800000	100000	inside	0.35266	1.0	0	30	False	2418430	24.1843
NC_049253.1	16800000	16900000	100000	inside	0.36801	1.0	0	30	False	2225732	22.25732
NC_049253.1	16900000	17000000	100000	inside	0.35546	1.0	0	30	False	2303244	23.03244
NC_049253.1	17000000	17100000	100000	inside	0.36405	1.0	0	30	False	2382183	23.82183
NC_049253.1	17100000	17200000	100000	inside	0.36306	1.0	0	30	False	2313259	23.13259
NC_049253.1	17200000	17300000	100000	inside	0.37452	1.0	0	30	False	2273937	22.73937
NC_049253.1	17300000	17400000	100000	inside	0.37601	1.0	0	30	False	2248918	22.48918
NC_049253.1	17400000	17500000	100000	inside	0.35909	1.0	0	30	False	2273914	22.73914
NC_049253.1	17500000	17600000	100000	inside	0.36421	1.0	0	30	False	2305169	23.05169
NC_049253.1	17600000	17700000	100000	inside	0.3672	1.0	0	30	False	2371137	23.71137
NC_049253.1	17700000	17800000	100000	inside	0.38799	1.0	0	30	False	2362629	23.62629
NC_049253.1	17800000	17900000	100000	inside	0.39619	1.0	0	30	False	2299429	22.99429
NC_049253.1	17900000	18000000	100000	inside	0.39156	1.0	0	30	False	2281914	22.81914
NC_049253.1	18000000	18100000	100000	inside	0.36992	1.0	0	30	False	2337548	23.37548
NC_049253.1	18100000	18200000	100000	inside	0.39789	1.0	0	30	False	2332397	23.32397
NC_049253.1	18200000	18300000	100000	inside	0.40035	1.0	0	30	False	2361284	23.61284
NC_049253.1	18300000	18400000	100000	inside	0.36868	1.0	0	30	False	2181618	21.81618
NC_049253.1	18400000	18500000	100000	inside	0.38381	1.0	0	30	False	2058390	20.5839
NC_049253.1	18500000	18600000	100000	inside	0.37419	1.0	0	30	False	2355451	23.55451
NC_049253.1	18600000	18700000	100000	inside	0.3754	1.0	0	30	False	2305448	23.05448
NC_049253.1	18700000	18800000	100000	inside	0.3884	1.0	0	30	False	2270189	22.70189
NC_049253.1	18800000	18900000	100000	inside	0.36946	1.0	0	30	False	2341963	23.41963
NC_049253.1	18900000	19000000	100000	inside	0.40089	1.0	0	30	False	2289445	22.89445
NC_049253.1	19000000	19100000	100000	inside	0.41288	1.0	0	30	False	2225144	22.25144
NC_049253.1	19100000	19200000	100000	inside	0.42907	1.0	0	30	False	2285494	22.85494
NC_049253.1	19200000	19300000	100000	inside	0.36691	1.0	0	30	False	2353780	23.5378
NC_049253.1	19300000	19400000	100000	inside	0.3512	1.0	0	30	False	2337030	23.3703
NC_049253.1	19400000	19500000	100000	inside	0.36513	1.0	0	30	False	2363149	23.63149
NC_049253.1	19500000	19600000	100000	inside	0.35203	1.0	0	30	False	2269368	22.69368
NC_049253.1	19600000	19700000	100000	inside	0.34536	1.0	0	30	False	2265605	22.65605
NC_049253.1	19700000	19800000	100000	inside	0.34074	1.0	0	30	False	2210153	22.10153
NC_049253.1	19800000	19900000	100000	inside	0.33486	1.0	0	30	False	2249017	22.49017
NC_049253.1	19900000	20000000	100000	inside	0.33891	1.0	0	30	False	2330053	23.30053
NC_049253.1	20000000	20100000	100000	inside	0.36021	1.0	0	30	False	2256476	22.56476
NC_049253.1	20100000	20200000	100000	inside	0.35506	1.0	0	30	False	2328344	23.28344
NC_049253.1	20200000	20300000	100000	inside	0.35357	1.0	0	30	False	2323067	23.23067
NC_049253.1	20300000	20400000	100000	inside	0.34871	1.0	0	30	False	2272308	22.72308
NC_049253.1	20400000	20500000	100000	inside	0.35759	1.0	0	30	False	2148641	21.48641
NC_049253.1	20500000	20600000	100000	inside	0.33779	1.0	0	30	False	2231841	22.31841
NC_049253.1	20600000	20700000	100000	inside	0.34164	1.0	0	30	False	2262337	22.62337
NC_049253.1	20700000	20800000	100000	inside	0.34857	1.0	0	30	False	2262997	22.62997
NC_049253.1	20800000	20900000	100000	inside	0.33898	1.0	0	30	False	2203068	22.03068
NC_049253.1	20900000	21000000	100000	inside	0.34999	1.0	0	30	False	2191748	21.91748
NC_049253.1	21000000	21100000	100000	inside	0.35476	1.0	0	30	False	2224042	22.24042
NC_049253.1	21100000	21200000	100000	inside	0.35198	1.0	0	30	False	2235295	22.35295
NC_049253.1	21200000	21300000	100000	inside	0.3517	1.0	0	30	False	2249597	22.49597
NC_049253.1	21300000	21400000	100000	inside	0.35298	1.0	0	30	False	2292306	22.92306
NC_049253.1	21400000	21500000	100000	inside	0.35107	1.0	0	30	False	2325435	23.25435
NC_049253.1	21500000	21600000	100000	inside	0.36823	1.0	0	30	False	2293066	22.93066
NC_049253.1	21600000	21700000	100000	inside	0.35498	1.0	0	30	False	2263393	22.63393
NC_049253.1	21700000	21800000	100000	inside	0.36473	1.0	0	30	False	2305193	23.05193
NC_049253.1	21800000	21900000	100000	inside	0.37904	1.0	0	30	False	2366216	23.66216
NC_049253.1	21900000	22000000	100000	inside	0.40795	1.0	0	30	False	2254190	22.5419
NC_049253.1	22000000	22100000	100000	inside	0.35902	1.0	0	30	False	2265594	22.65594
NC_049253.1	22100000	22200000	100000	inside	0.36145	1.0	0	30	False	2291936	22.91936
NC_049253.1	22200000	22300000	100000	inside	0.36088	1.0	0	30	False	2282756	22.82756
NC_049253.1	22300000	22400000	100000	inside	0.38833	1.0	0	30	False	2285201	22.85201
NC_049253.1	22400000	22500000	100000	inside	0.35592	1.0	0	30	False	2352090	23.5209
NC_049253.1	22500000	22600000	100000	inside	0.35164	1.0	0	30	False	2335909	23.35909
NC_049253.1	22600000	22700000	100000	inside	0.3732	1.0	0	30	False	2123157	21.23157
NC_049253.1	22700000	22800000	100000	inside	0.35685	1.0	0	30	False	2378364	23.78364
NC_049253.1	22800000	22900000	100000	inside	0.3593	1.0	0	30	False	2377581	23.77581
NC_049253.1	22900000	23000000	100000	inside	0.35926	1.0	0	30	False	2302714	23.02714
NC_049253.1	23000000	23100000	100000	inside	0.36858	1.0	0	30	False	2323781	23.23781
NC_049253.1	23100000	23200000	100000	inside	0.3941	1.0	0	30	False	2208430	22.0843
NC_049253.1	23200000	23300000	100000	inside	0.36303	1.0	0	30	False	2292980	22.9298
NC_049253.1	23300000	23400000	100000	inside	0.35441	1.0	0	30	False	2278562	22.78562
NC_049253.1	23400000	23500000	100000	inside	0.34199	1.0	0	30	False	2149139	21.49139
NC_049253.1	23500000	23600000	100000	inside	0.3469	1.0	0	30	False	2297112	22.97112
NC_049253.1	23600000	23700000	100000	inside	0.34901	1.0	0	30	False	2283443	22.83443
NC_049253.1	23700000	23800000	100000	inside	0.34875	1.0	0	30	False	2251270	22.5127
NC_049253.1	23800000	23900000	100000	inside	0.336	1.0	0	30	False	2238568	22.38568
NC_049253.1	23900000	24000000	100000	inside	0.33685	1.0	0	30	False	2246470	22.4647
NC_049253.1	24000000	24100000	100000	inside	0.33935	1.0	0	30	False	2200219	22.00219
NC_049253.1	24100000	24200000	100000	inside	0.33673	1.0	0	30	False	2271946	22.71946
NC_049253.1	24200000	24300000	100000	inside	0.33382	1.0	0	30	False	2249620	22.4962
NC_049253.1	24300000	24400000	100000	inside	0.33764	1.0	0	30	False	2175132	21.75132
NC_049253.1	24400000	24500000	100000	inside	0.34343	1.0	0	30	False	2196974	21.96974
NC_049253.1	24500000	24600000	100000	inside	0.338	1.0	0	30	False	2217203	22.17203
NC_049253.1	24600000	24700000	100000	inside	0.34616	1.0	0	30	False	2218914	22.18914
NC_049253.1	24700000	24800000	100000	inside	0.35405	1.0	0	30	False	2123211	21.23211
NC_049253.1	24800000	24900000	100000	inside	0.35889	1.0	0	30	False	2202693	22.02693
NC_049253.1	24900000	25000000	100000	inside	0.34516	1.0	0	30	False	2324939	23.24939
NC_049253.1	25000000	25100000	100000	inside	0.33566	1.0	0	30	False	2191960	21.9196
NC_049253.1	25100000	25200000	100000	inside	0.34405	1.0	0	30	False	2182549	21.82549
NC_049253.1	25200000	25300000	100000	inside	0.34399	1.0	0	30	False	2272498	22.72498
NC_049253.1	25300000	25400000	100000	inside	0.34301	1.0	0	30	False	2249290	22.4929
NC_049253.1	25400000	25500000	100000	inside	0.34593	1.0	0	30	False	2055291	20.55291
NC_049253.1	25500000	25600000	100000	inside	0.34453	1.0	0	30	False	2248608	22.48608
NC_049253.1	25600000	25700000	100000	inside	0.3334	1.0	0	30	False	2267093	22.67093
NC_049253.1	25700000	25800000	100000	inside	0.34247	1.0	0	30	False	2228596	22.28596
NC_049253.1	25800000	25900000	100000	inside	0.34724	1.0	0	30	False	2247151	22.47151
NC_049253.1	25900000	26000000	100000	inside	0.34119	1.0	0	30	False	2267287	22.67287
NC_049253.1	26000000	26100000	100000	inside	0.33892	1.0	0	30	False	2261754	22.61754
NC_049253.1	26100000	26200000	100000	inside	0.33726	1.0	0	30	False	2256458	22.56458
NC_049253.1	26200000	26300000	100000	inside	0.3439	1.0	0	30	False	2258355	22.58355
NC_049253.1	26300000	26400000	100000	inside	0.33851	1.0	0	30	False	2296028	22.96028
NC_049253.1	26400000	26500000	100000	inside	0.35292	1.0	0	30	False	2348435	23.48435
NC_049253.1	26500000	26600000	100000	inside	0.35546	1.0	0	30	False	2251224	22.51224
NC_049253.1	26600000	26700000	100000	inside	0.35634	1.0	0	30	False	2352398	23.52398
NC_049253.1	26700000	26800000	100000	inside	0.35419	1.0	0	30	False	2339446	23.39446
NC_049253.1	26800000	26900000	100000	inside	0.35981	1.0	0	30	False	2242149	22.42149
NC_049253.1	26900000	27000000	100000	inside	0.34481	1.0	0	30	False	2357749	23.57749
NC_049253.1	27000000	27100000	100000	inside	0.35222	1.0	0	30	False	2300732	23.00732
NC_049253.1	27100000	27200000	100000	inside	0.3688	1.0	0	30	False	2380364	23.80364
NC_049253.1	27200000	27300000	100000	inside	0.3603	1.0	0	30	False	2376995	23.76995
NC_049253.1	27300000	27400000	100000	inside	0.38629	1.0	0	30	False	2383486	23.83486
NC_049253.1	27400000	27500000	100000	inside	0.39005	1.0	0	30	False	2322849	23.22849
NC_049253.1	27500000	27600000	100000	inside	0.38223	1.0	0	30	False	2107940	21.0794
NC_049253.1	27600000	27700000	100000	inside	0.36869	1.0	0	30	False	2334119	23.34119
NC_049253.1	27700000	27800000	100000	inside	0.34575	1.0	0	30	False	2346163	23.46163
NC_049253.1	27800000	27900000	100000	inside	0.36939	1.0	0	30	False	2362967	23.62967
NC_049253.1	27900000	28000000	100000	inside	0.3991	1.0	0	30	False	2406967	24.06967
NC_049253.1	28000000	28100000	100000	inside	0.3924	1.0	0	30	False	2300712	23.00712
NC_049253.1	28100000	28200000	100000	inside	0.39665	1.0	0	30	False	2301588	23.01588
NC_049253.1	28200000	28300000	100000	inside	0.40183	1.0	0	30	False	2253677	22.53677
NC_049253.1	28300000	28400000	100000	inside	0.40124	1.0	0	30	False	2245068	22.45068
NC_049253.1	28400000	28500000	100000	inside	0.39518	1.0	0	30	False	1728547	17.28547
NC_049253.1	28500000	28600000	100000	inside	0.3837037037037037	0.999	100	30	False	1523703	15.23703
NC_049253.1	28600000	28700000	100000	inside	0.37635	1.0	0	30	False	2344177	23.44177
NC_049253.1	28700000	28800000	100000	inside	0.36799	1.0	0	30	False	2348976	23.48976
NC_049253.1	28800000	28900000	100000	inside	0.37031	1.0	0	30	False	2372275	23.72275
NC_049253.1	28900000	29000000	100000	inside	0.37347	1.0	0	30	False	2288480	22.8848
NC_049253.1	29000000	29100000	100000	inside	0.37671	1.0	0	30	False	2286789	22.86789
NC_049253.1	29100000	29200000	100000	inside	0.37777	1.0	0	30	False	2333281	23.33281
NC_049253.1	29200000	29300000	100000	inside	0.38556	1.0	0	30	False	2308735	23.08735
NC_049253.1	29300000	29400000	100000	inside	0.38009	1.0	0	30	False	2320728	23.20728
NC_049253.1	29400000	29500000	100000	inside	0.40917	1.0	0	30	False	2298291	22.98291
NC_049253.1	29500000	29600000	100000	inside	0.41921	1.0	0	30	False	2205845	22.05845
NC_049253.1	29600000	29700000	100000	inside	0.39439	1.0	0	30	False	2251796	22.51796
NC_049253.1	29700000	29800000	100000	inside	0.34731	1.0	0	30	False	2406504	24.06504
NC_049253.1	29800000	29900000	100000	inside	0.36619	1.0	0	30	False	2274624	22.74624
NC_049253.1	29900000	30000000	100000	inside	0.37662	1.0	0	30	False	2218056	22.18056
NC_049253.1	30000000	30100000	100000	inside	0.3745	1.0	0	30	False	2203860	22.0386
NC_049253.1	30100000	30200000	100000	inside	0.36138	1.0	0	30	False	2337024	23.37024
NC_049253.1	30200000	30300000	100000	inside	0.35109	1.0	0	30	False	2340806	23.40806
NC_049253.1	30300000	30400000	100000	inside	0.34477	1.0	0	30	False	2360141	23.60141
NC_049253.1	30400000	30500000	100000	inside	0.37552	1.0	0	30	False	2284750	22.8475
NC_049253.1	30500000	30600000	100000	inside	0.36398	1.0	0	30	False	2177647	21.77647
NC_049253.1	30600000	30700000	100000	inside	0.37305	1.0	0	30	False	2184819	21.84819
NC_049253.1	30700000	30800000	100000	inside	0.35956	1.0	0	30	False	2332556	23.32556
NC_049253.1	30800000	30900000	100000	inside	0.35415	1.0	0	30	False	2288980	22.8898
NC_049253.1	30900000	31000000	100000	inside	0.38106	1.0	0	30	False	2299938	22.99938
NC_049253.1	31000000	31100000	100000	inside	0.3627	1.0	0	30	False	2314134	23.14134
NC_049253.1	31100000	31200000	100000	inside	0.3703	1.0	0	30	False	2364696	23.64696
NC_049253.1	31200000	31300000	100000	inside	0.37929	1.0	0	30	False	2261304	22.61304
NC_049253.1	31300000	31400000	100000	inside	0.37331	1.0	0	30	False	2201580	22.0158
NC_049253.1	31400000	31500000	100000	inside	0.35415	1.0	0	30	False	2286020	22.8602
NC_049253.1	31500000	31600000	100000	inside	0.38619	1.0	0	30	False	2323153	23.23153
NC_049253.1	31600000	31700000	100000	inside	0.39144	1.0	0	30	False	2178739	21.78739
NC_049253.1	31700000	31800000	100000	inside	0.41407	1.0	0	30	False	2205000	22.05
NC_049253.1	31800000	31900000	100000	inside	0.37649	1.0	0	30	False	2299149	22.99149
NC_049253.1	31900000	32000000	100000	inside	0.37505	1.0	0	30	False	2359265	23.59265
NC_049253.1	32000000	32100000	100000	inside	0.37791	1.0	0	30	False	2348772	23.48772
NC_049253.1	32100000	32200000	100000	inside	0.36871	1.0	0	30	False	2305609	23.05609
NC_049253.1	32200000	32300000	100000	inside	0.36449	1.0	0	30	False	2261958	22.61958
NC_049253.1	32300000	32400000	100000	inside	0.36851	1.0	0	30	False	2331800	23.318
NC_049253.1	32400000	32500000	100000	inside	0.37475	1.0	0	30	False	2354508	23.54508
NC_049253.1	32500000	32600000	100000	inside	0.38685	1.0	0	30	False	2286594	22.86594
NC_049253.1	32600000	32700000	100000	inside	0.39074	1.0	0	30	False	2346966	23.46966
NC_049253.1	32700000	32800000	100000	inside	0.38887	1.0	0	30	False	2350876	23.50876
NC_049253.1	32800000	32900000	100000	inside	0.40745	1.0	0	30	False	2276344	22.76344
NC_049253.1	32900000	33000000	100000	inside	0.39963	1.0	0	30	False	2318153	23.18153
NC_049253.1	33000000	33100000	100000	inside	0.37797	1.0	0	30	False	2140173	21.40173
NC_049253.1	33100000	33200000	100000	inside	0.37064	1.0	0	30	False	2349671	23.49671
NC_049253.1	33200000	33300000	100000	inside	0.40808	1.0	0	30	False	2312231	23.12231
NC_049253.1	33300000	33400000	100000	inside	0.43171	1.0	0	30	False	2295151	22.95151
NC_049253.1	33400000	33500000	100000	inside	0.42764	1.0	0	30	False	2260973	22.60973
NC_049253.1	33500000	33600000	100000	inside	0.41925	1.0	0	30	False	2262992	22.62992
NC_049253.1	33600000	33700000	100000	crosses_catalogue_boundary	0.395	1.0	0	30	False	2220157	22.20157
NC_049253.1	33700000	33800000	100000	outside	0.38978	1.0	0	30	False	2288661	22.88661
NC_049253.1	33800000	33900000	100000	outside	0.39458	1.0	0	30	False	2323142	23.23142
NC_049253.1	33900000	34000000	100000	outside	0.39815	1.0	0	30	False	2203600	22.036
NC_049253.1	34000000	34100000	100000	outside	0.3907	1.0	0	30	False	2321470	23.2147
NC_049253.1	34100000	34200000	100000	outside	0.38725	1.0	0	30	False	2352874	23.52874
NC_049253.1	34200000	34300000	100000	outside	0.38681	1.0	0	30	False	2392330	23.9233
NC_049253.1	34300000	34400000	100000	outside	0.38639	1.0	0	30	False	2323104	23.23104
NC_049253.1	34400000	34500000	100000	outside	0.41206	1.0	0	30	False	2213557	22.13557
NC_049253.1	34500000	34600000	100000	outside	0.39394	1.0	0	30	False	2281110	22.8111
NC_049253.1	34600000	34700000	100000	outside	0.3873	1.0	0	30	False	2298904	22.98904
NC_049253.1	34700000	34800000	100000	outside	0.38655	1.0	0	30	False	2258105	22.58105
NC_049253.1	34800000	34900000	100000	outside	0.36459	1.0	0	30	False	2250599	22.50599
NC_049253.1	34900000	35000000	100000	outside	0.36403	1.0	0	30	False	2192615	21.92615
NC_049253.1	35000000	35100000	100000	outside	0.3536	1.0	0	30	False	2323625	23.23625
NC_049253.1	35100000	35200000	100000	outside	0.36068	1.0	0	30	False	2360167	23.60167
NC_049253.1	35200000	35300000	100000	outside	0.3614	1.0	0	30	False	1170816	11.70816
NC_049253.1	35300000	35400000	100000	outside	0.36372	1.0	0	30	False	2315475	23.15475
NC_049253.1	35400000	35500000	100000	outside	0.39168	1.0	0	30	False	2202905	22.02905
NC_049253.1	35500000	35600000	100000	outside	0.4132	1.0	0	30	False	2216429	22.16429
NC_049253.1	35600000	35700000	100000	outside	0.37686	1.0	0	30	False	2299710	22.9971
NC_049253.1	35700000	35800000	100000	outside	0.37134	1.0	0	30	False	2354868	23.54868
NC_049253.1	35800000	35900000	100000	outside	0.36223	1.0	0	30	False	2378700	23.787
NC_049253.1	35900000	36000000	100000	outside	0.36886	1.0	0	30	False	2349072	23.49072
NC_049253.1	36000000	36100000	100000	outside	0.35813	1.0	0	30	False	2358377	23.58377
NC_049253.1	36100000	36200000	100000	outside	0.3777977977977978	0.999	100	30	False	268680	2.6868
NC_049253.1	36200000	36300000	100000	outside	0.3748948948948949	0.999	100	30	False	1197496	11.97496
NC_049253.1	36300000	36400000	100000	outside	0.36848	1.0	0	30	False	1955826	19.55826
NC_049253.1	36400000	36500000	100000	outside	0.36026052104208417	0.998	200	30	False	213447	2.13447
NC_049253.1	36500000	36600000	100000	outside	0.36595	1.0	0	30	False	1502140	15.0214
NC_049253.1	36600000	36700000	100000	outside	0.36558	1.0	0	30	False	2330749	23.30749
NC_049253.1	36700000	36800000	100000	outside	0.35417	1.0	0	30	False	2384591	23.84591
NC_049253.1	36800000	36900000	100000	outside	0.37752	1.0	0	30	False	2328733	23.28733
NC_049253.1	36900000	37000000	100000	outside	0.35692	1.0	0	30	False	2353071	23.53071
NC_049253.1	37000000	37100000	100000	outside	0.38015	1.0	0	30	False	2252545	22.52545
NC_049253.1	37100000	37200000	100000	outside	0.40753	1.0	0	30	False	2314466	23.14466
NC_049253.1	37200000	37300000	100000	outside	0.42265	1.0	0	30	False	2235875	22.35875
NC_049253.1	37300000	37400000	100000	outside	0.3917	1.0	0	30	False	2316006	23.16006
NC_049253.1	37400000	37500000	100000	outside	0.40724	1.0	0	30	False	2286748	22.86748
NC_049253.1	37500000	37600000	100000	outside	0.38479	1.0	0	30	False	2341775	23.41775
NC_049253.1	37600000	37700000	100000	outside	0.39414	1.0	0	30	False	2293203	22.93203
NC_049253.1	37700000	37800000	100000	outside	0.3638	1.0	0	30	False	2274332	22.74332
NC_049253.1	37800000	37900000	100000	outside	0.3884	1.0	0	30	False	2308557	23.08557
NC_049253.1	37900000	38000000	100000	outside	0.3441	1.0	0	30	False	2353227	23.53227
NC_049253.1	38000000	38100000	100000	outside	0.38065	1.0	0	30	False	2358026	23.58026
NC_049253.1	38100000	38200000	100000	outside	0.38823	1.0	0	30	False	2347920	23.4792
NC_049253.1	38200000	38300000	100000	outside	0.37919	1.0	0	30	False	2314487	23.14487
NC_049253.1	38300000	38400000	100000	outside	0.40072	1.0	0	30	False	2341421	23.41421
NC_049253.1	38400000	38500000	100000	outside	0.41066	1.0	0	30	False	2308422	23.08422
NC_049253.1	38500000	38600000	100000	outside	0.38921	1.0	0	30	False	2360192	23.60192
NC_049253.1	38600000	38700000	100000	outside	0.41628	1.0	0	30	False	2273353	22.73353
NC_049253.1	38700000	38800000	100000	outside	0.41499	1.0	0	30	False	2245736	22.45736
NC_049253.1	38800000	38900000	100000	outside	0.43442	1.0	0	30	False	2197217	21.97217
NC_049253.1	38900000	39000000	100000	outside	0.42248	1.0	0	30	False	2263294	22.63294
NC_049253.1	39000000	39100000	100000	outside	0.41226	1.0	0	30	False	2213552	22.13552
NC_049253.1	39100000	39200000	100000	outside	0.39687	1.0	0	30	False	2232580	22.3258
NC_049253.1	39200000	39300000	100000	outside	0.41433	1.0	0	30	False	2224819	22.24819
NC_049253.1	39300000	39400000	100000	outside	0.4146446446446446	0.999	100	30	False	2230270	22.3027
NC_049253.1	39400000	39500000	100000	outside	0.38466	1.0	0	30	False	2288560	22.8856
NC_049253.1	39500000	39600000	100000	outside	0.37501	1.0	0	30	False	2300392	23.00392
NC_049253.1	39600000	39700000	100000	outside	0.39307	1.0	0	30	False	2350755	23.50755
NC_049253.1	39700000	39800000	100000	outside	0.41711	1.0	0	30	False	2232899	22.32899
NC_049253.1	39800000	39900000	100000	outside	0.37611	1.0	0	30	False	2270616	22.70616
NC_049253.1	39900000	40000000	100000	outside	0.39549	1.0	0	30	False	2299658	22.99658
NC_049253.1	40000000	40100000	100000	outside	0.38655	1.0	0	30	False	2165038	21.65038
NC_049253.1	40100000	40200000	100000	outside	0.4276	1.0	0	30	False	2122503	21.22503
NC_049253.1	40200000	40225481	25481	outside	0.4925238412935128	1.0	0	30	False	351846	13.808170793924885
NC_049253.1	0	100000	100000	outside	0.5621021021021021	0.999	100	30	True	265820	2.6582
NC_049253.1	100000	200000	100000	outside	0.5640840840840841	0.999	100	30	True	415631	4.15631
NC_049253.1	200000	300000	100000	outside	0.56462	1.0	0	30	True	1334371	13.34371
NC_049253.1	300000	400000	100000	outside	0.56495	1.0	0	30	True	1753645	17.53645
NC_049253.1	400000	500000	100000	outside	0.56409	1.0	0	30	True	1619960	16.1996
NC_049253.1	500000	600000	100000	outside	0.56501	1.0	0	30	True	1615837	16.15837
NC_049253.1	600000	700000	100000	outside	0.56518	1.0	0	30	True	1219949	12.19949
NC_049253.1	700000	800000	100000	outside	0.40063	1.0	0	30	True	1481965	14.81965
NC_049253.1	800000	900000	100000	outside	0.38055	1.0	0	30	True	1905547	19.05547
NC_049253.1	900000	1000000	100000	outside	0.47535	1.0	0	30	True	1790077	17.90077
NC_049253.1	1000000	1100000	100000	outside	0.42716	1.0	0	30	True	3644992	36.44992
NC_049253.1	1100000	1200000	100000	outside	0.38277	1.0	0	30	True	1905310	19.0531
NC_049253.1	1200000	1300000	100000	outside	0.37886	1.0	0	30	True	1966044	19.66044
NC_049253.1	1300000	1400000	100000	outside	0.38328	1.0	0	30	True	1913747	19.13747
NC_049253.1	1400000	1500000	100000	outside	0.38058	1.0	0	30	True	2027236	20.27236
NC_049253.1	1500000	1600000	100000	outside	0.38373	1.0	0	30	True	2021368	20.21368
NC_049253.1	1600000	1700000	100000	outside	0.36431	1.0	0	30	True	1993364	19.93364
NC_049253.1	1700000	1800000	100000	outside	0.37111	1.0	0	30	True	1946609	19.46609
NC_049253.1	1800000	1900000	100000	outside	0.39807	1.0	0	30	True	2025811	20.25811
NC_049253.1	1900000	2000000	100000	outside	0.39278	1.0	0	30	True	1973095	19.73095
NC_049253.1	2000000	2100000	100000	outside	0.37859	1.0	0	30	True	1916957	19.16957
NC_049253.1	2100000	2200000	100000	outside	0.36338	1.0	0	30	True	2039294	20.39294
NC_049253.1	2200000	2300000	100000	outside	0.38275	1.0	0	30	True	1995377	19.95377
NC_049253.1	2300000	2400000	100000	outside	0.36117	1.0	0	30	True	2036461	20.36461
NC_049253.1	2400000	2500000	100000	outside	0.35713	1.0	0	30	True	2017701	20.17701
NC_049253.1	2500000	2600000	100000	outside	0.36732	1.0	0	30	True	1996459	19.96459
NC_049253.1	2600000	2700000	100000	outside	0.36123	1.0	0	30	True	1975314	19.75314
NC_049253.1	2700000	2800000	100000	outside	0.34445	1.0	0	30	True	1926238	19.26238
NC_049253.1	2800000	2900000	100000	outside	0.35514	1.0	0	30	True	1973178	19.73178
NC_049253.1	2900000	3000000	100000	outside	0.3456	1.0	0	30	True	1809357	18.09357
NC_049253.1	3000000	3100000	100000	outside	0.33833	1.0	0	30	True	1917626	19.17626
NC_049253.1	3100000	3200000	100000	outside	0.35052	1.0	0	30	True	1925539	19.25539
NC_049253.1	3200000	3300000	100000	outside	0.32982	1.0	0	30	True	1864225	18.64225
NC_049253.1	3300000	3400000	100000	outside	0.36011	1.0	0	30	True	1954885	19.54885
NC_049253.1	3400000	3500000	100000	outside	0.34493	1.0	0	30	True	1844262	18.44262
NC_049253.1	3500000	3600000	100000	outside	0.34689	1.0	0	30	True	1921129	19.21129
NC_049253.1	3600000	3700000	100000	outside	0.34545	1.0	0	30	True	1893530	18.9353
NC_049253.1	3700000	3800000	100000	outside	0.35614	1.0	0	30	True	1930520	19.3052
NC_049253.1	3800000	3900000	100000	outside	0.34328	1.0	0	30	True	1919742	19.19742
NC_049253.1	3900000	4000000	100000	outside	0.3366	1.0	0	30	True	1932755	19.32755
NC_049253.1	4000000	4100000	100000	outside	0.32757	1.0	0	30	True	1878498	18.78498
NC_049253.1	4100000	4200000	100000	outside	0.33096	1.0	0	30	True	1898656	18.98656
NC_049253.1	4200000	4300000	100000	outside	0.33876	1.0	0	30	True	1901914	19.01914
NC_049253.1	4300000	4400000	100000	outside	0.34173	1.0	0	30	True	1873275	18.73275
NC_049253.1	4400000	4500000	100000	outside	0.33427	1.0	0	30	True	1840930	18.4093
NC_049253.1	4500000	4600000	100000	outside	0.34638	1.0	0	30	True	1739467	17.39467
NC_049253.1	4600000	4700000	100000	outside	0.33446	1.0	0	30	True	1864304	18.64304
NC_049253.1	4700000	4800000	100000	crosses_catalogue_boundary	0.33219	1.0	0	30	True	1527978	15.27978
NC_049253.1	4800000	4900000	100000	inside	0.34209209209209207	0.999	100	30	True	287823	2.87823
NC_049253.1	4900000	5000000	100000	inside	0.34663	1.0	0	30	True	1843695	18.43695
NC_049253.1	5000000	5100000	100000	inside	0.33749	1.0	0	30	True	1838060	18.3806
NC_049253.1	5100000	5200000	100000	inside	0.34961	1.0	0	30	True	1787888	17.87888
NC_049253.1	5200000	5300000	100000	inside	0.32868	1.0	0	30	True	1956942	19.56942
NC_049253.1	5300000	5400000	100000	inside	0.33703	1.0	0	30	True	1949221	19.49221
NC_049253.1	5400000	5500000	100000	inside	0.3483	1.0	0	30	True	1911670	19.1167
NC_049253.1	5500000	5600000	100000	inside	0.35423	1.0	0	30	True	1989881	19.89881
NC_049253.1	5600000	5700000	100000	inside	0.36366	1.0	0	30	True	2003113	20.03113
NC_049253.1	5700000	5800000	100000	inside	0.37139	1.0	0	30	True	1934689	19.34689
NC_049253.1	5800000	5900000	100000	inside	0.35618	1.0	0	30	True	1944070	19.4407
NC_049253.1	5900000	6000000	100000	inside	0.34017	1.0	0	30	True	1984272	19.84272
NC_049253.1	6000000	6100000	100000	inside	0.35335	1.0	0	30	True	1988247	19.88247
NC_049253.1	6100000	6200000	100000	inside	0.3687	1.0	0	30	True	1990165	19.90165
NC_049253.1	6200000	6300000	100000	inside	0.36326	1.0	0	30	True	1939673	19.39673
NC_049253.1	6300000	6400000	100000	inside	0.36984	1.0	0	30	True	2014437	20.14437
NC_049253.1	6400000	6500000	100000	inside	0.35272	1.0	0	30	True	2024196	20.24196
NC_049253.1	6500000	6600000	100000	inside	0.35048	1.0	0	30	True	2061555	20.61555
NC_049253.1	6600000	6700000	100000	inside	0.35767	1.0	0	30	True	1990965	19.90965
NC_049253.1	6700000	6800000	100000	inside	0.37762	1.0	0	30	True	2013734	20.13734
NC_049253.1	6800000	6900000	100000	inside	0.35588	1.0	0	30	True	1989664	19.89664
NC_049253.1	6900000	7000000	100000	inside	0.36648	1.0	0	30	True	1986412	19.86412
NC_049253.1	7000000	7100000	100000	inside	0.36826	1.0	0	30	True	1958902	19.58902
NC_049253.1	7100000	7200000	100000	inside	0.3558	1.0	0	30	True	2033984	20.33984
NC_049253.1	7200000	7300000	100000	inside	0.37374	1.0	0	30	True	1933936	19.33936
NC_049253.1	7300000	7400000	100000	inside	0.39288	1.0	0	30	True	1946473	19.46473
NC_049253.1	7400000	7500000	100000	inside	0.3786	1.0	0	30	True	1931453	19.31453
NC_049253.1	7500000	7600000	100000	inside	0.39412	1.0	0	30	True	1950123	19.50123
NC_049253.1	7600000	7700000	100000	inside	0.39189	1.0	0	30	True	2004281	20.04281
NC_049253.1	7700000	7800000	100000	inside	0.37388	1.0	0	30	True	1988009	19.88009
NC_049253.1	7800000	7900000	100000	inside	0.3641	1.0	0	30	True	2014407	20.14407
NC_049253.1	7900000	8000000	100000	inside	0.36609	1.0	0	30	True	1962558	19.62558
NC_049253.1	8000000	8100000	100000	inside	0.34919	1.0	0	30	True	2014607	20.14607
NC_049253.1	8100000	8200000	100000	inside	0.34656	1.0	0	30	True	1970704	19.70704
NC_049253.1	8200000	8300000	100000	inside	0.3548	1.0	0	30	True	1928021	19.28021
NC_049253.1	8300000	8400000	100000	inside	0.3514	1.0	0	30	True	1982734	19.82734
NC_049253.1	8400000	8500000	100000	inside	0.34497	1.0	0	30	True	1929624	19.29624
NC_049253.1	8500000	8600000	100000	inside	0.33842	1.0	0	30	True	1934801	19.34801
NC_049253.1	8600000	8700000	100000	inside	0.34704	1.0	0	30	True	1487758	14.87758
NC_049253.1	8700000	8800000	100000	inside	0.35095	1.0	0	30	True	1405408	14.05408
NC_049253.1	8800000	8900000	100000	inside	0.35219	1.0	0	30	True	1959049	19.59049
NC_049253.1	8900000	9000000	100000	inside	0.3703	1.0	0	30	True	2004925	20.04925
NC_049253.1	9000000	9100000	100000	inside	0.36734	1.0	0	30	True	2010330	20.1033
NC_049253.1	9100000	9200000	100000	inside	0.42965	1.0	0	30	True	1931500	19.315
NC_049253.1	9200000	9300000	100000	inside	0.37001	1.0	0	30	True	2001201	20.01201
NC_049253.1	9300000	9400000	100000	inside	0.38431	1.0	0	30	True	1965091	19.65091
NC_049253.1	9400000	9500000	100000	inside	0.38754	1.0	0	30	True	1925730	19.2573
NC_049253.1	9500000	9600000	100000	inside	0.39532	1.0	0	30	True	1957983	19.57983
NC_049253.1	9600000	9700000	100000	inside	0.38649	1.0	0	30	True	1970430	19.7043
NC_049253.1	9700000	9800000	100000	inside	0.38067	1.0	0	30	True	1995817	19.95817
NC_049253.1	9800000	9900000	100000	inside	0.37217	1.0	0	30	True	2023524	20.23524
NC_049253.1	9900000	10000000	100000	inside	0.3897	1.0	0	30	True	2000009	20.00009
NC_049253.1	10000000	10100000	100000	inside	0.40155	1.0	0	30	True	1945707	19.45707
NC_049253.1	10100000	10200000	100000	inside	0.35972	1.0	0	30	True	2013201	20.13201
NC_049253.1	10200000	10300000	100000	inside	0.39708	1.0	0	30	True	1803454	18.03454
NC_049253.1	10300000	10400000	100000	inside	0.35703	1.0	0	30	True	2038063	20.38063
NC_049253.1	10400000	10500000	100000	inside	0.35174	1.0	0	30	True	2011584	20.11584
NC_049253.1	10500000	10600000	100000	inside	0.35629	1.0	0	30	True	2065066	20.65066
NC_049253.1	10600000	10700000	100000	inside	0.35842	1.0	0	30	True	2080214	20.80214
NC_049253.1	10700000	10800000	100000	inside	0.37385	1.0	0	30	True	2068417	20.68417
NC_049253.1	10800000	10900000	100000	inside	0.39952	1.0	0	30	True	1997226	19.97226
NC_049253.1	10900000	11000000	100000	inside	0.39162	1.0	0	30	True	2040303	20.40303
NC_049253.1	11000000	11100000	100000	inside	0.41378	1.0	0	30	True	1943409	19.43409
NC_049253.1	11100000	11200000	100000	inside	0.39431	1.0	0	30	True	1707946	17.07946
NC_049253.1	11200000	11300000	100000	inside	0.40214	1.0	0	30	True	2016202	20.16202
NC_049253.1	11300000	11400000	100000	inside	0.41818	1.0	0	30	True	2012298	20.12298
NC_049253.1	11400000	11500000	100000	inside	0.4122	1.0	0	30	True	1997031	19.97031
NC_049253.1	11500000	11600000	100000	inside	0.39621	1.0	0	30	True	1999651	19.99651
NC_049253.1	11600000	11700000	100000	inside	0.38832	1.0	0	30	True	1977641	19.77641
NC_049253.1	11700000	11800000	100000	inside	0.38337	1.0	0	30	True	2056039	20.56039
NC_049253.1	11800000	11900000	100000	inside	0.37784	1.0	0	30	True	2030652	20.30652
NC_049253.1	11900000	12000000	100000	inside	0.35919	1.0	0	30	True	2012986	20.12986
NC_049253.1	12000000	12100000	100000	inside	0.36853	1.0	0	30	True	1871614	18.71614
NC_049253.1	12100000	12200000	100000	inside	0.36103	1.0	0	30	True	2008930	20.0893
NC_049253.1	12200000	12300000	100000	inside	0.36067	1.0	0	30	True	1950856	19.50856
NC_049253.1	12300000	12400000	100000	inside	0.36242	1.0	0	30	True	1973883	19.73883
NC_049253.1	12400000	12500000	100000	inside	0.3438	1.0	0	30	True	1972930	19.7293
NC_049253.1	12500000	12600000	100000	inside	0.35321	1.0	0	30	True	1983220	19.8322
NC_049253.1	12600000	12700000	100000	inside	0.35927	1.0	0	30	True	1928759	19.28759
NC_049253.1	12700000	12800000	100000	inside	0.35816	1.0	0	30	True	1995384	19.95384
NC_049253.1	12800000	12900000	100000	inside	0.34823	1.0	0	30	True	2001899	20.01899
NC_049253.1	12900000	13000000	100000	inside	0.34351	1.0	0	30	True	2042402	20.42402
NC_049253.1	13000000	13100000	100000	inside	0.38806	1.0	0	30	True	2013289	20.13289
NC_049253.1	13100000	13200000	100000	inside	0.39013	1.0	0	30	True	1989640	19.8964
NC_049253.1	13200000	13300000	100000	inside	0.35933	1.0	0	30	True	2067252	20.67252
NC_049253.1	13300000	13400000	100000	inside	0.35447	1.0	0	30	True	1960989	19.60989
NC_049253.1	13400000	13500000	100000	inside	0.37917	1.0	0	30	True	1992722	19.92722
NC_049253.1	13500000	13600000	100000	inside	0.38358	1.0	0	30	True	1899233	18.99233
NC_049253.1	13600000	13700000	100000	inside	0.35527	1.0	0	30	True	2018154	20.18154
NC_049253.1	13700000	13800000	100000	inside	0.36775	1.0	0	30	True	2006959	20.06959
NC_049253.1	13800000	13900000	100000	inside	0.35757	1.0	0	30	True	1973423	19.73423
NC_049253.1	13900000	14000000	100000	inside	0.38156	1.0	0	30	True	2050477	20.50477
NC_049253.1	14000000	14100000	100000	inside	0.36638	1.0	0	30	True	2037531	20.37531
NC_049253.1	14100000	14200000	100000	inside	0.36974	1.0	0	30	True	2049371	20.49371
NC_049253.1	14200000	14300000	100000	inside	0.36678	1.0	0	30	True	2020291	20.20291
NC_049253.1	14300000	14400000	100000	inside	0.38092	1.0	0	30	True	1953046	19.53046
NC_049253.1	14400000	14500000	100000	inside	0.35849	1.0	0	30	True	1970570	19.7057
NC_049253.1	14500000	14600000	100000	inside	0.35075	1.0	0	30	True	1920695	19.20695
NC_049253.1	14600000	14700000	100000	inside	0.35141	1.0	0	30	True	2005800	20.058
NC_049253.1	14700000	14800000	100000	inside	0.35815	1.0	0	30	True	1966484	19.66484
NC_049253.1	14800000	14900000	100000	inside	0.35503	1.0	0	30	True	1941700	19.417
NC_049253.1	14900000	15000000	100000	inside	0.35255	1.0	0	30	True	1931303	19.31303
NC_049253.1	15000000	15100000	100000	inside	0.35286	1.0	0	30	True	1927982	19.27982
NC_049253.1	15100000	15200000	100000	inside	0.35974	1.0	0	30	True	1981987	19.81987
NC_049253.1	15200000	15300000	100000	inside	0.36447	1.0	0	30	True	1980659	19.80659
NC_049253.1	15300000	15400000	100000	inside	0.36308	1.0	0	30	True	2023540	20.2354
NC_049253.1	15400000	15500000	100000	inside	0.37344	1.0	0	30	True	1973858	19.73858
NC_049253.1	15500000	15600000	100000	inside	0.36106	1.0	0	30	True	2007892	20.07892
NC_049253.1	15600000	15700000	100000	inside	0.37461	1.0	0	30	True	1957979	19.57979
NC_049253.1	15700000	15800000	100000	inside	0.3777	1.0	0	30	True	1964192	19.64192
NC_049253.1	15800000	15900000	100000	inside	0.40277	1.0	0	30	True	1988264	19.88264
NC_049253.1	15900000	16000000	100000	inside	0.38435	1.0	0	30	True	2004879	20.04879
NC_049253.1	16000000	16100000	100000	inside	0.38303	1.0	0	30	True	1985298	19.85298
NC_049253.1	16100000	16200000	100000	inside	0.37794	1.0	0	30	True	2048024	20.48024
NC_049253.1	16200000	16300000	100000	inside	0.37964	1.0	0	30	True	2007878	20.07878
NC_049253.1	16300000	16400000	100000	inside	0.35057	1.0	0	30	True	2006853	20.06853
NC_049253.1	16400000	16500000	100000	inside	0.34938	1.0	0	30	True	2082524	20.82524
NC_049253.1	16500000	16600000	100000	inside	0.35255	1.0	0	30	True	2006195	20.06195
NC_049253.1	16600000	16700000	100000	inside	0.35992	1.0	0	30	True	1997890	19.9789
NC_049253.1	16700000	16800000	100000	inside	0.35266	1.0	0	30	True	2081979	20.81979
NC_049253.1	16800000	16900000	100000	inside	0.36801	1.0	0	30	True	1904412	19.04412
NC_049253.1	16900000	17000000	100000	inside	0.35546	1.0	0	30	True	1977978	19.77978
NC_049253.1	17000000	17100000	100000	inside	0.36405	1.0	0	30	True	2038520	20.3852
NC_049253.1	17100000	17200000	100000	inside	0.36306	1.0	0	30	True	1983836	19.83836
NC_049253.1	17200000	17300000	100000	inside	0.37452	1.0	0	30	True	1968568	19.68568
NC_049253.1	17300000	17400000	100000	inside	0.37601	1.0	0	30	True	1941281	19.41281
NC_049253.1	17400000	17500000	100000	inside	0.35909	1.0	0	30	True	1961425	19.61425
NC_049253.1	17500000	17600000	100000	inside	0.36421	1.0	0	30	True	1974436	19.74436
NC_049253.1	17600000	17700000	100000	inside	0.3672	1.0	0	30	True	2027903	20.27903
NC_049253.1	17700000	17800000	100000	inside	0.38799	1.0	0	30	True	2029110	20.2911
NC_049253.1	17800000	17900000	100000	inside	0.39619	1.0	0	30	True	1982546	19.82546
NC_049253.1	17900000	18000000	100000	inside	0.39156	1.0	0	30	True	1963710	19.6371
NC_049253.1	18000000	18100000	100000	inside	0.36992	1.0	0	30	True	2010501	20.10501
NC_049253.1	18100000	18200000	100000	inside	0.39789	1.0	0	30	True	2013815	20.13815
NC_049253.1	18200000	18300000	100000	inside	0.40035	1.0	0	30	True	2039093	20.39093
NC_049253.1	18300000	18400000	100000	inside	0.36868	1.0	0	30	True	1874784	18.74784
NC_049253.1	18400000	18500000	100000	inside	0.38381	1.0	0	30	True	1775992	17.75992
NC_049253.1	18500000	18600000	100000	inside	0.37419	1.0	0	30	True	2033278	20.33278
NC_049253.1	18600000	18700000	100000	inside	0.3754	1.0	0	30	True	1992457	19.92457
NC_049253.1	18700000	18800000	100000	inside	0.3884	1.0	0	30	True	1960451	19.60451
NC_049253.1	18800000	18900000	100000	inside	0.36946	1.0	0	30	True	2005248	20.05248
NC_049253.1	18900000	19000000	100000	inside	0.40089	1.0	0	30	True	1974154	19.74154
NC_049253.1	19000000	19100000	100000	inside	0.41288	1.0	0	30	True	1922748	19.22748
NC_049253.1	19100000	19200000	100000	inside	0.42907	1.0	0	30	True	1980709	19.80709
NC_049253.1	19200000	19300000	100000	inside	0.36691	1.0	0	30	True	2043309	20.43309
NC_049253.1	19300000	19400000	100000	inside	0.3512	1.0	0	30	True	2006191	20.06191
NC_049253.1	19400000	19500000	100000	inside	0.36513	1.0	0	30	True	2025948	20.25948
NC_049253.1	19500000	19600000	100000	inside	0.35203	1.0	0	30	True	1952859	19.52859
NC_049253.1	19600000	19700000	100000	inside	0.34536	1.0	0	30	True	1944358	19.44358
NC_049253.1	19700000	19800000	100000	inside	0.34074	1.0	0	30	True	1888905	18.88905
NC_049253.1	19800000	19900000	100000	inside	0.33486	1.0	0	30	True	1932851	19.32851
NC_049253.1	19900000	20000000	100000	inside	0.33891	1.0	0	30	True	1987753	19.87753
NC_049253.1	20000000	20100000	100000	inside	0.36021	1.0	0	30	True	1941389	19.41389
NC_049253.1	20100000	20200000	100000	inside	0.35506	1.0	0	30	True	1978001	19.78001
NC_049253.1	20200000	20300000	100000	inside	0.35357	1.0	0	30	True	1994562	19.94562
NC_049253.1	20300000	20400000	100000	inside	0.34871	1.0	0	30	True	1966837	19.66837
NC_049253.1	20400000	20500000	100000	inside	0.35759	1.0	0	30	True	1841804	18.41804
NC_049253.1	20500000	20600000	100000	inside	0.33779	1.0	0	30	True	1905124	19.05124
NC_049253.1	20600000	20700000	100000	inside	0.34164	1.0	0	30	True	1942388	19.42388
NC_049253.1	20700000	20800000	100000	inside	0.34857	1.0	0	30	True	1937817	19.37817
NC_049253.1	20800000	20900000	100000	inside	0.33898	1.0	0	30	True	1902900	19.029
NC_049253.1	20900000	21000000	100000	inside	0.34999	1.0	0	30	True	1890331	18.90331
NC_049253.1	21000000	21100000	100000	inside	0.35476	1.0	0	30	True	1908933	19.08933
NC_049253.1	21100000	21200000	100000	inside	0.35198	1.0	0	30	True	1913888	19.13888
NC_049253.1	21200000	21300000	100000	inside	0.3517	1.0	0	30	True	1948363	19.48363
NC_049253.1	21300000	21400000	100000	inside	0.35298	1.0	0	30	True	1960726	19.60726
NC_049253.1	21400000	21500000	100000	inside	0.35107	1.0	0	30	True	1993580	19.9358
NC_049253.1	21500000	21600000	100000	inside	0.36823	1.0	0	30	True	1963163	19.63163
NC_049253.1	21600000	21700000	100000	inside	0.35498	1.0	0	30	True	1941756	19.41756
NC_049253.1	21700000	21800000	100000	inside	0.36473	1.0	0	30	True	1973044	19.73044
NC_049253.1	21800000	21900000	100000	inside	0.37904	1.0	0	30	True	2046298	20.46298
NC_049253.1	21900000	22000000	100000	inside	0.40795	1.0	0	30	True	1933912	19.33912
NC_049253.1	22000000	22100000	100000	inside	0.35902	1.0	0	30	True	1957035	19.57035
NC_049253.1	22100000	22200000	100000	inside	0.36145	1.0	0	30	True	1975573	19.75573
NC_049253.1	22200000	22300000	100000	inside	0.36088	1.0	0	30	True	1961290	19.6129
NC_049253.1	22300000	22400000	100000	inside	0.38833	1.0	0	30	True	1961313	19.61313
NC_049253.1	22400000	22500000	100000	inside	0.35592	1.0	0	30	True	2034511	20.34511
NC_049253.1	22500000	22600000	100000	inside	0.35164	1.0	0	30	True	2001672	20.01672
NC_049253.1	22600000	22700000	100000	inside	0.3732	1.0	0	30	True	1833257	18.33257
NC_049253.1	22700000	22800000	100000	inside	0.35685	1.0	0	30	True	2049165	20.49165
NC_049253.1	22800000	22900000	100000	inside	0.3593	1.0	0	30	True	2039096	20.39096
NC_049253.1	22900000	23000000	100000	inside	0.35926	1.0	0	30	True	1975171	19.75171
NC_049253.1	23000000	23100000	100000	inside	0.36858	1.0	0	30	True	1987899	19.87899
NC_049253.1	23100000	23200000	100000	inside	0.3941	1.0	0	30	True	1922807	19.22807
NC_049253.1	23200000	23300000	100000	inside	0.36303	1.0	0	30	True	1976708	19.76708
NC_049253.1	23300000	23400000	100000	inside	0.35441	1.0	0	30	True	1964068	19.64068
NC_049253.1	23400000	23500000	100000	inside	0.34199	1.0	0	30	True	1851841	18.51841
NC_049253.1	23500000	23600000	100000	inside	0.3469	1.0	0	30	True	1978119	19.78119
NC_049253.1	23600000	23700000	100000	inside	0.34901	1.0	0	30	True	1950948	19.50948
NC_049253.1	23700000	23800000	100000	inside	0.34875	1.0	0	30	True	1929700	19.297
NC_049253.1	23800000	23900000	100000	inside	0.336	1.0	0	30	True	1916355	19.16355
NC_049253.1	23900000	24000000	100000	inside	0.33685	1.0	0	30	True	1920914	19.20914
NC_049253.1	24000000	24100000	100000	inside	0.33935	1.0	0	30	True	1894278	18.94278
NC_049253.1	24100000	24200000	100000	inside	0.33673	1.0	0	30	True	1946169	19.46169
NC_049253.1	24200000	24300000	100000	inside	0.33382	1.0	0	30	True	1934469	19.34469
NC_049253.1	24300000	24400000	100000	inside	0.33764	1.0	0	30	True	1876019	18.76019
NC_049253.1	24400000	24500000	100000	inside	0.34343	1.0	0	30	True	1888512	18.88512
NC_049253.1	24500000	24600000	100000	inside	0.338	1.0	0	30	True	1917021	19.17021
NC_049253.1	24600000	24700000	100000	inside	0.34616	1.0	0	30	True	1907497	19.07497
NC_049253.1	24700000	24800000	100000	inside	0.35405	1.0	0	30	True	1843325	18.43325
NC_049253.1	24800000	24900000	100000	inside	0.35889	1.0	0	30	True	1891286	18.91286
NC_049253.1	24900000	25000000	100000	inside	0.34516	1.0	0	30	True	1989275	19.89275
NC_049253.1	25000000	25100000	100000	inside	0.33566	1.0	0	30	True	1890393	18.90393
NC_049253.1	25100000	25200000	100000	inside	0.34405	1.0	0	30	True	1879823	18.79823
NC_049253.1	25200000	25300000	100000	inside	0.34399	1.0	0	30	True	1953581	19.53581
NC_049253.1	25300000	25400000	100000	inside	0.34301	1.0	0	30	True	1934982	19.34982
NC_049253.1	25400000	25500000	100000	inside	0.34593	1.0	0	30	True	1771484	17.71484
NC_049253.1	25500000	25600000	100000	inside	0.34453	1.0	0	30	True	1932331	19.32331
NC_049253.1	25600000	25700000	100000	inside	0.3334	1.0	0	30	True	1940356	19.40356
NC_049253.1	25700000	25800000	100000	inside	0.34247	1.0	0	30	True	1906390	19.0639
NC_049253.1	25800000	25900000	100000	inside	0.34724	1.0	0	30	True	1928873	19.28873
NC_049253.1	25900000	26000000	100000	inside	0.34119	1.0	0	30	True	1932033	19.32033
NC_049253.1	26000000	26100000	100000	inside	0.33892	1.0	0	30	True	1932531	19.32531
NC_049253.1	26100000	26200000	100000	inside	0.33726	1.0	0	30	True	1928040	19.2804
NC_049253.1	26200000	26300000	100000	inside	0.3439	1.0	0	30	True	1939377	19.39377
NC_049253.1	26300000	26400000	100000	inside	0.33851	1.0	0	30	True	1967048	19.67048
NC_049253.1	26400000	26500000	100000	inside	0.35292	1.0	0	30	True	2003001	20.03001
NC_049253.1	26500000	26600000	100000	inside	0.35546	1.0	0	30	True	1938925	19.38925
NC_049253.1	26600000	26700000	100000	inside	0.35634	1.0	0	30	True	2000268	20.00268
NC_049253.1	26700000	26800000	100000	inside	0.35419	1.0	0	30	True	1987621	19.87621
NC_049253.1	26800000	26900000	100000	inside	0.35981	1.0	0	30	True	1919223	19.19223
NC_049253.1	26900000	27000000	100000	inside	0.34481	1.0	0	30	True	2019575	20.19575
NC_049253.1	27000000	27100000	100000	inside	0.35222	1.0	0	30	True	1958335	19.58335
NC_049253.1	27100000	27200000	100000	inside	0.3688	1.0	0	30	True	2044037	20.44037
NC_049253.1	27200000	27300000	100000	inside	0.3603	1.0	0	30	True	2047182	20.47182
NC_049253.1	27300000	27400000	100000	inside	0.38629	1.0	0	30	True	2051422	20.51422
NC_049253.1	27400000	27500000	100000	inside	0.39005	1.0	0	30	True	2005466	20.05466
NC_049253.1	27500000	27600000	100000	inside	0.38223	1.0	0	30	True	1819767	18.19767
NC_049253.1	27600000	27700000	100000	inside	0.36869	1.0	0	30	True	1999668	19.99668
NC_049253.1	27700000	27800000	100000	inside	0.34575	1.0	0	30	True	2024118	20.24118
NC_049253.1	27800000	27900000	100000	inside	0.36939	1.0	0	30	True	2039320	20.3932
NC_049253.1	27900000	28000000	100000	inside	0.3991	1.0	0	30	True	2064291	20.64291
NC_049253.1	28000000	28100000	100000	inside	0.3924	1.0	0	30	True	1994711	19.94711
NC_049253.1	28100000	28200000	100000	inside	0.39665	1.0	0	30	True	1984243	19.84243
NC_049253.1	28200000	28300000	100000	inside	0.40183	1.0	0	30	True	1961121	19.61121
NC_049253.1	28300000	28400000	100000	inside	0.40124	1.0	0	30	True	1938398	19.38398
NC_049253.1	28400000	28500000	100000	inside	0.39518	1.0	0	30	True	1490576	14.90576
NC_049253.1	28500000	28600000	100000	inside	0.3837037037037037	0.999	100	30	True	1313098	13.13098
NC_049253.1	28600000	28700000	100000	inside	0.37635	1.0	0	30	True	2012220	20.1222
NC_049253.1	28700000	28800000	100000	inside	0.36799	1.0	0	30	True	2034865	20.34865
NC_049253.1	28800000	28900000	100000	inside	0.37031	1.0	0	30	True	2043867	20.43867
NC_049253.1	28900000	29000000	100000	inside	0.37347	1.0	0	30	True	1971406	19.71406
NC_049253.1	29000000	29100000	100000	inside	0.37671	1.0	0	30	True	1967390	19.6739
NC_049253.1	29100000	29200000	100000	inside	0.37777	1.0	0	30	True	2008918	20.08918
NC_049253.1	29200000	29300000	100000	inside	0.38556	1.0	0	30	True	1993982	19.93982
NC_049253.1	29300000	29400000	100000	inside	0.38009	1.0	0	30	True	1993870	19.9387
NC_049253.1	29400000	29500000	100000	inside	0.40917	1.0	0	30	True	1996567	19.96567
NC_049253.1	29500000	29600000	100000	inside	0.41921	1.0	0	30	True	1909256	19.09256
NC_049253.1	29600000	29700000	100000	inside	0.39439	1.0	0	30	True	1956205	19.56205
NC_049253.1	29700000	29800000	100000	inside	0.34731	1.0	0	30	True	2065267	20.65267
NC_049253.1	29800000	29900000	100000	inside	0.36619	1.0	0	30	True	1950836	19.50836
NC_049253.1	29900000	30000000	100000	inside	0.37662	1.0	0	30	True	1918223	19.18223
NC_049253.1	30000000	30100000	100000	inside	0.3745	1.0	0	30	True	1917983	19.17983
NC_049253.1	30100000	30200000	100000	inside	0.36138	1.0	0	30	True	2003705	20.03705
NC_049253.1	30200000	30300000	100000	inside	0.35109	1.0	0	30	True	2007894	20.07894
NC_049253.1	30300000	30400000	100000	inside	0.34477	1.0	0	30	True	2022624	20.22624
NC_049253.1	30400000	30500000	100000	inside	0.37552	1.0	0	30	True	1956582	19.56582
NC_049253.1	30500000	30600000	100000	inside	0.36398	1.0	0	30	True	1857181	18.57181
NC_049253.1	30600000	30700000	100000	inside	0.37305	1.0	0	30	True	1878115	18.78115
NC_049253.1	30700000	30800000	100000	inside	0.35956	1.0	0	30	True	2005216	20.05216
NC_049253.1	30800000	30900000	100000	inside	0.35415	1.0	0	30	True	1976602	19.76602
NC_049253.1	30900000	31000000	100000	inside	0.38106	1.0	0	30	True	1982926	19.82926
NC_049253.1	31000000	31100000	100000	inside	0.3627	1.0	0	30	True	1997445	19.97445
NC_049253.1	31100000	31200000	100000	inside	0.3703	1.0	0	30	True	2033906	20.33906
NC_049253.1	31200000	31300000	100000	inside	0.37929	1.0	0	30	True	1953849	19.53849
NC_049253.1	31300000	31400000	100000	inside	0.37331	1.0	0	30	True	1888168	18.88168
NC_049253.1	31400000	31500000	100000	inside	0.35415	1.0	0	30	True	1962265	19.62265
NC_049253.1	31500000	31600000	100000	inside	0.38619	1.0	0	30	True	1993817	19.93817
NC_049253.1	31600000	31700000	100000	inside	0.39144	1.0	0	30	True	1854660	18.5466
NC_049253.1	31700000	31800000	100000	inside	0.41407	1.0	0	30	True	1904810	19.0481
NC_049253.1	31800000	31900000	100000	inside	0.37649	1.0	0	30	True	1981883	19.81883
NC_049253.1	31900000	32000000	100000	inside	0.37505	1.0	0	30	True	2026499	20.26499
NC_049253.1	32000000	32100000	100000	inside	0.37791	1.0	0	30	True	2024843	20.24843
NC_049253.1	32100000	32200000	100000	inside	0.36871	1.0	0	30	True	1965582	19.65582
NC_049253.1	32200000	32300000	100000	inside	0.36449	1.0	0	30	True	1946481	19.46481
NC_049253.1	32300000	32400000	100000	inside	0.36851	1.0	0	30	True	2004114	20.04114
NC_049253.1	32400000	32500000	100000	inside	0.37475	1.0	0	30	True	2037115	20.37115
NC_049253.1	32500000	32600000	100000	inside	0.38685	1.0	0	30	True	1959295	19.59295
NC_049253.1	32600000	32700000	100000	inside	0.39074	1.0	0	30	True	1992097	19.92097
NC_049253.1	32700000	32800000	100000	inside	0.38887	1.0	0	30	True	2021301	20.21301
NC_049253.1	32800000	32900000	100000	inside	0.40745	1.0	0	30	True	1967121	19.67121
NC_049253.1	32900000	33000000	100000	inside	0.39963	1.0	0	30	True	2010467	20.10467
NC_049253.1	33000000	33100000	100000	inside	0.37797	1.0	0	30	True	1842865	18.42865
NC_049253.1	33100000	33200000	100000	inside	0.37064	1.0	0	30	True	2012135	20.12135
NC_049253.1	33200000	33300000	100000	inside	0.40808	1.0	0	30	True	1973432	19.73432
NC_049253.1	33300000	33400000	100000	inside	0.43171	1.0	0	30	True	2002746	20.02746
NC_049253.1	33400000	33500000	100000	inside	0.42764	1.0	0	30	True	1937717	19.37717
NC_049253.1	33500000	33600000	100000	inside	0.41925	1.0	0	30	True	1948470	19.4847
NC_049253.1	33600000	33700000	100000	crosses_catalogue_boundary	0.395	1.0	0	30	True	1917954	19.17954
NC_049253.1	33700000	33800000	100000	outside	0.38978	1.0	0	30	True	1967892	19.67892
NC_049253.1	33800000	33900000	100000	outside	0.39458	1.0	0	30	True	2002799	20.02799
NC_049253.1	33900000	34000000	100000	outside	0.39815	1.0	0	30	True	1909499	19.09499
NC_049253.1	34000000	34100000	100000	outside	0.3907	1.0	0	30	True	1999173	19.99173
NC_049253.1	34100000	34200000	100000	outside	0.38725	1.0	0	30	True	2022846	20.22846
NC_049253.1	34200000	34300000	100000	outside	0.38681	1.0	0	30	True	2054835	20.54835
NC_049253.1	34300000	34400000	100000	outside	0.38639	1.0	0	30	True	2012085	20.12085
NC_049253.1	34400000	34500000	100000	outside	0.41206	1.0	0	30	True	1895229	18.95229
NC_049253.1	34500000	34600000	100000	outside	0.39394	1.0	0	30	True	1954751	19.54751
NC_049253.1	34600000	34700000	100000	outside	0.3873	1.0	0	30	True	1968471	19.68471
NC_049253.1	34700000	34800000	100000	outside	0.38655	1.0	0	30	True	1954607	19.54607
NC_049253.1	34800000	34900000	100000	outside	0.36459	1.0	0	30	True	1934482	19.34482
NC_049253.1	34900000	35000000	100000	outside	0.36403	1.0	0	30	True	1890527	18.90527
NC_049253.1	35000000	35100000	100000	outside	0.3536	1.0	0	30	True	1994805	19.94805
NC_049253.1	35100000	35200000	100000	outside	0.36068	1.0	0	30	True	2027468	20.27468
NC_049253.1	35200000	35300000	100000	outside	0.3614	1.0	0	30	True	1006552	10.06552
NC_049253.1	35300000	35400000	100000	outside	0.36372	1.0	0	30	True	1990342	19.90342
NC_049253.1	35400000	35500000	100000	outside	0.39168	1.0	0	30	True	1894744	18.94744
NC_049253.1	35500000	35600000	100000	outside	0.4132	1.0	0	30	True	1908916	19.08916
NC_049253.1	35600000	35700000	100000	outside	0.37686	1.0	0	30	True	1971120	19.7112
NC_049253.1	35700000	35800000	100000	outside	0.37134	1.0	0	30	True	2027038	20.27038
NC_049253.1	35800000	35900000	100000	outside	0.36223	1.0	0	30	True	2036372	20.36372
NC_049253.1	35900000	36000000	100000	outside	0.36886	1.0	0	30	True	2024166	20.24166
NC_049253.1	36000000	36100000	100000	outside	0.35813	1.0	0	30	True	2023331	20.23331
NC_049253.1	36100000	36200000	100000	outside	0.3777977977977978	0.999	100	30	True	232025	2.32025
NC_049253.1	36200000	36300000	100000	outside	0.3748948948948949	0.999	100	30	True	1023120	10.2312
NC_049253.1	36300000	36400000	100000	outside	0.36848	1.0	0	30	True	1684674	16.84674
NC_049253.1	36400000	36500000	100000	outside	0.36026052104208417	0.998	200	30	True	177280	1.7728
NC_049253.1	36500000	36600000	100000	outside	0.36595	1.0	0	30	True	1304323	13.04323
NC_049253.1	36600000	36700000	100000	outside	0.36558	1.0	0	30	True	2000019	20.00019
NC_049253.1	36700000	36800000	100000	outside	0.35417	1.0	0	30	True	2031334	20.31334
NC_049253.1	36800000	36900000	100000	outside	0.37752	1.0	0	30	True	2011662	20.11662
NC_049253.1	36900000	37000000	100000	outside	0.35692	1.0	0	30	True	2024494	20.24494
NC_049253.1	37000000	37100000	100000	outside	0.38015	1.0	0	30	True	1948901	19.48901
NC_049253.1	37100000	37200000	100000	outside	0.40753	1.0	0	30	True	1989326	19.89326
NC_049253.1	37200000	37300000	100000	outside	0.42265	1.0	0	30	True	1927596	19.27596
NC_049253.1	37300000	37400000	100000	outside	0.3917	1.0	0	30	True	2011920	20.1192
NC_049253.1	37400000	37500000	100000	outside	0.40724	1.0	0	30	True	1955406	19.55406
NC_049253.1	37500000	37600000	100000	outside	0.38479	1.0	0	30	True	2019327	20.19327
NC_049253.1	37600000	37700000	100000	outside	0.39414	1.0	0	30	True	1982752	19.82752
NC_049253.1	37700000	37800000	100000	outside	0.3638	1.0	0	30	True	1966688	19.66688
NC_049253.1	37800000	37900000	100000	outside	0.3884	1.0	0	30	True	1988225	19.88225
NC_049253.1	37900000	38000000	100000	outside	0.3441	1.0	0	30	True	2032783	20.32783
NC_049253.1	38000000	38100000	100000	outside	0.38065	1.0	0	30	True	2025310	20.2531
NC_049253.1	38100000	38200000	100000	outside	0.38823	1.0	0	30	True	2035070	20.3507
NC_049253.1	38200000	38300000	100000	outside	0.37919	1.0	0	30	True	1975018	19.75018
NC_049253.1	38300000	38400000	100000	outside	0.40072	1.0	0	30	True	2012189	20.12189
NC_049253.1	38400000	38500000	100000	outside	0.41066	1.0	0	30	True	1999040	19.9904
NC_049253.1	38500000	38600000	100000	outside	0.38921	1.0	0	30	True	2031432	20.31432
NC_049253.1	38600000	38700000	100000	outside	0.41628	1.0	0	30	True	1959375	19.59375
NC_049253.1	38700000	38800000	100000	outside	0.41499	1.0	0	30	True	1930843	19.30843
NC_049253.1	38800000	38900000	100000	outside	0.43442	1.0	0	30	True	1901385	19.01385
NC_049253.1	38900000	39000000	100000	outside	0.42248	1.0	0	30	True	1960001	19.60001
NC_049253.1	39000000	39100000	100000	outside	0.41226	1.0	0	30	True	1918195	19.18195
NC_049253.1	39100000	39200000	100000	outside	0.39687	1.0	0	30	True	1933242	19.33242
NC_049253.1	39200000	39300000	100000	outside	0.41433	1.0	0	30	True	1909961	19.09961
NC_049253.1	39300000	39400000	100000	outside	0.4146446446446446	0.999	100	30	True	1939133	19.39133
NC_049253.1	39400000	39500000	100000	outside	0.38466	1.0	0	30	True	1959535	19.59535
NC_049253.1	39500000	39600000	100000	outside	0.37501	1.0	0	30	True	1986565	19.86565
NC_049253.1	39600000	39700000	100000	outside	0.39307	1.0	0	30	True	2040841	20.40841
NC_049253.1	39700000	39800000	100000	outside	0.41711	1.0	0	30	True	1935812	19.35812
NC_049253.1	39800000	39900000	100000	outside	0.37611	1.0	0	30	True	1954281	19.54281
NC_049253.1	39900000	40000000	100000	outside	0.39549	1.0	0	30	True	2007575	20.07575
NC_049253.1	40000000	40100000	100000	outside	0.38655	1.0	0	30	True	1861963	18.61963
NC_049253.1	40100000	40200000	100000	outside	0.4276	1.0	0	30	True	1837541	18.37541
NC_049253.1	40200000	40225481	25481	outside	0.4925238412935128	1.0	0	30	True	300225	11.782308386641027
