chrom	start	end	length	orientation	left_gene	right_gene	hard_veto	veto_tad_boundary	veto_atac_peak	veto_risk_gene	veto_low_mappability	veto_mirna_nearby	veto_risk_gene_radius	veto_gene_dense_neighborhood	veto_lncrna_smallrna	veto_tad_risk_gene	veto_high_repeat_content	pct_repeat	veto_ultraconserved_element	max_50bp_rolling_phyloP	veto_external_regulatory_element	veto_low_atac_accessibility	no_rrbs_coverage	atac_mean	atac_mean_percentile	atac_mean_narrow	atac_mean_narrow_percentile	atac_variability	atac_peak_frequency	rrbs_mean	rrbs_variability	tad_boundary_distance	mirna_distance	risk_gene_radius_distance	gene_5prime_clearance	gene_dense_clearance_old_bodydist	score_stability_atac	score_low_peak_frequency	score_low_methylation	score_stability_rrbs	score_tad_distance	final_score	final_score_percentile
NC_051805.1	5377330	5428711	51381	convergent	LOC111090571	LOC111090572	True	False	False	False	False	False	False	False	False	False	False		False		True	True	False	0.9521743254099306	0.327	0.9666322712637484	0.3973333333333333	0.05014803755382431	1.0	6.073176193779281	12.777171888134696	178020	12071148	660814	384680	12788	0.6983	0.5053	0.3777	0.776	0.772	0.6259	85.7
NC_051805.1	7072137	7132579	60442	convergent	LOC111090579	LOC100685067	True	False	False	False	False	False	False	False	False	False	False	31.25	False	4.15556	False	True	False	0.9394483517755928	0.264	0.9361465922668576	0.25666666666666665	0.049242952746250665	1.0	2.3898520983566	23.147630348205567	447642	10371810	812616	383530	120385	0.8227	0.5053	0.8823	0.0363	0.9643	0.6422	88.9
NC_051805.1	12686627	12749345	62718	convergent	LOC111093764	LOC607190	True	False	False	False	False	False	False	False	False	False	False	37.17	False	4.39912	False	True	False	0.9055627527682923	0.11766666666666667	0.7788445811182261	0.04466666666666667	0.050605679229591506	2.0	4.2940739857884	18.342065620422364	232014	4756182	704919	332720	65011	0.6383	0.4627	0.5623	0.262	0.85	0.5551	74.2
NC_051805.1	15464961	15523285	58324	convergent	LOC111090610	LOC100688146	True	False	False	False	False	False	False	False	False	False	False		False		False	True	False	0.9531995821364802	0.333	0.9668993477329612	0.3983333333333333	0.04915564255493193	1.0	3.197954598870201	23.171606577174618	344123	1980045	846396	205959	14232	0.8333	0.5053	0.7303	0.036	0.9318	0.6074	81.6
NC_051805.1	16284172	16340519	56347	convergent	LOC119869864	PMAIP1	True	False	True	True	False	False	True	True	False	True	False		False		True	False	False	1.2958323103411187	0.9233333333333333	1.0873943568617106	0.7233333333333334	0.07116852834105629	61.0	9.30568025020207	18.540418343001253	37345	1161823	28174	3842	92123	0.0573	0.0517	0.2227	0.2467	0.2885	0.1734	0.7
NC_051805.1	23540619	23593624	53005	convergent	LOC119870725	LOC119870724	True	False	True	False	False	False	True	False	False	False	False		False		False	True	False	1.0582848083021597	0.6696666666666666	1.0066883541181684	0.546	0.056217087745925265	41.0	6.180743995719041	16.23979918162028	157879	6092931	200280	115978	7937	0.291	0.147	0.368	0.4573	0.7294	0.3985	41.6
NC_051805.1	26121059	26180255	59196	convergent	LOC111095273	LOC476208	True	False	False	False	False	False	True	True	False	True	False		False		False	True	False	0.9310292222400728	0.22333333333333333	0.8311553662359714	0.05333333333333334	0.049744324841838834	14.0	4.172635352178976	16.77658143951054	50657	8676467	160573	1215	22847	0.7523	0.304	0.5777	0.403	0.3524	0.4779	59.4
NC_051805.1	29601219	29667821	66602	convergent	LOC100856045	IL20RA	True	False	False	False	False	False	False	True	False	False	False		False		True	True	False	0.9752333310689552	0.41833333333333333	0.9858825764730572	0.4713333333333333	0.05123184390095939	5.0	5.3405908574456875	17.1860857547169	40480	12160330	596972	14053	10367	0.572	0.4037	0.4397	0.3617	0.3033	0.4161	44.7
NC_051805.1	30822469	30875140	52671	convergent	ARFGEF3	LOC111095460	True	False	False	False	False	False	False	True	False	False	False		False		True	True	False	0.9530785870614643	0.333	0.9412298831425607	0.2813333333333333	0.049456294240522856	1.0	4.232992701052361	15.799850463867188	248804	13374614	418211	4644	4644	0.7943	0.5053	0.5693	0.5023	0.8668	0.6476	89.2
NC_051805.1	32197089	32249732	52643	convergent	LOC119870654	LOC111090654	True	False	False	False	False	False	False	False	False	False	False	27.97	True	6.91712	True	True	False	0.9730439151806226	0.4116666666666667	0.9373150307834148	0.25933333333333336	0.051544175840976224	12.0	3.116231138301363	17.457620228038113	26590	12405452	1792817	510233	282559	0.5437	0.3233	0.746	0.3377	0.2325	0.4366	51.2
NC_051805.1	48451052	48513492	62440	convergent	LOC111095873	RSPH3	True	False	False	False	False	False	True	True	False	True	False		False		True	False	False	1.1188058083777928	0.772	1.0410192410841583	0.6403333333333333	0.05876710642610687	27.0	8.052642870071528	16.63738420365871	42728	733093	84534	20864	12483	0.2257	0.219	0.2747	0.4173	0.3132	0.29	11.9
NC_051805.1	54446758	54504939	58181	convergent	LOC119869870	PRR18	True	True	True	False	False	False	True	True	False	True	False		False		True	False	False	1.233036049310045	0.8813333333333333	1.5134219624504448	0.9586666666666667	0.06493227496012698	43.0	18.506951485063983	17.540817072343778	25848	5260460	116958	669	3885	0.115	0.1383	0.0813	0.332	0.2274	0.1788	1.1
NC_051805.1	55288363	55358132	69769	convergent	LOC102153253	LOC111090695	True	True	False	False	False	False	True	True	False	True	False		False		True	False	False	1.1078271191953173	0.7543333333333333	1.1578466733932495	0.81	0.05676123567218814	2.0	18.15972535969592	17.702007427403593	23247	6107859	256635	12490	12490	0.2753	0.4627	0.083	0.3187	0.217	0.2713	8.7
NC_051805.1	55810634	55864353	53719	convergent	LOC119870159	LOC111090696	True	False	False	False	False	False	True	True	False	True	False		False		True	False	False	1.1725609673173232	0.8333333333333334	1.15431078055501	0.8066666666666666	0.060339790574289204	1.0	23.29652586231641	17.417166964402274	37493	6622105	72862	1595	1595	0.189	0.5053	0.053	0.3413	0.2886	0.2754	9.3
NC_051805.1	60400908	60462010	61102	convergent	LOC119869937	LOC111089986	True	False	False	False	False	False	False	False	False	False	False	38.17	False	5.4602200000000005	False	True	False	0.9014754359578095	0.10866666666666666	0.9314316511526703	0.23066666666666666	0.04791870934521868	1.0	3.4845800260245587	17.10731092840433	343541	11216071	698716	329898	70594	0.943	0.5053	0.6797	0.3717	0.9313	0.6862	93.1
NC_051805.1	65127836	65201393	73557	convergent	TRMT11	LOC100682630	True	False	False	False	False	False	False	False	False	True	False		False		True	False	False	1.0535969476516487	0.658	1.0157697320111096	0.5793333333333334	0.05545214256029358	11.0	12.481358750216511	13.651432768718616	39614	6817352	884788	55951	4557	0.3183	0.3303	0.1513	0.6993	0.2984	0.3596	28.9
NC_051805.1	68528776	68579924	51148	convergent	LOC111090714	TMEM244	True	False	False	False	False	False	False	True	False	False	False		False		True	True	False	1.0063366854090374	0.5273333333333333	0.9750699210911989	0.43433333333333335	0.05230873215785089	1.0	18.733429082761745	13.561201597662533	29350	3427616	1197047	16225	46339	0.4807	0.5053	0.0787	0.706	0.2478	0.4037	43.0
NC_051805.1	71035668	71094862	59194	convergent	LOC111096339	ERCC6L2	True	False	False	False	False	False	False	False	False	False	False		False		True	False	False	1.1254974131832358	0.7803333333333333	1.1691268627792597	0.8226666666666667	0.05771910486004093	3.0	10.713479112852996	16.46639594968581	140265	916701	477694	121269	35792	0.247	0.4403	0.185	0.4377	0.6889	0.3998	41.9
NC_051805.1	75730614	75782632	52018	convergent	LOC100684008	RMI1	True	True	False	False	False	True	True	True	False	True	False		False		False	True	False	0.9362977120335381	0.24866666666666667	0.9638355813719333	0.3873333333333333	0.05062792231821131	1.0	3.8769010643337722	14.073790724460896	6623	54435	44011	18002	2984	0.635	0.5053	0.6217	0.6647	0.1247	0.5103	66.2
NC_051805.1	76492055	76558248	66193	convergent	FRMD3	LOC111096570	True	False	False	False	False	False	False	True	False	False	False		False		False	True	False	0.9608979339885003	0.36633333333333334	0.9423659930177033	0.28633333333333333	0.05055685151478188	0.0	3.3058743091251475	18.966725836408898	224849	714070	712332	7637	7637	0.6437	0.885	0.7093	0.2173	0.8409	0.6592	90.0
NC_051805.1	78699957	78766843	66886	convergent	LOC100685388	LOC476315	True	False	False	False	False	False	False	True	False	False	False		False		False	True	False	0.9061067066138748	0.11833333333333333	0.8536133668012917	0.062	0.04862595702757357	1.0	3.180635073458511	15.613710545204782	266600	2922319	756588	31879	2947	0.8957	0.5053	0.7343	0.5173	0.8832	0.7072	94.6
NC_051805.1	84616059	84680359	64300	convergent	LOC119869841	LOC100686852	True	False	False	False	False	False	False	False	False	False	False		False		False	True	False	0.9359358067256667	0.24766666666666667	0.9246721343189478	0.19766666666666666	0.04979866169127902	1.0	1.6962647860750997	27.062154657700482	501791	2623158	546039	499534	17725	0.7473	0.5053	0.966	0.005	0.9739	0.6395	88.3
NC_051805.1	85740590	85790734	50144	convergent	LOC119869527	LOC102153097	True	False	False	False	False	False	False	False	False	False	False	28.76	False	4.517519999999999	True	False	False	1.1453715373227644	0.7976666666666666	1.1460311657220126	0.7986666666666666	0.06283011997144176	25.0	1.487282076381009	10.623716433842977	90662	1505705	320906	78303	67378	0.1433	0.2273	0.9777	0.908	0.5275	0.5568	74.6
NC_051805.1	86132349	86196873	64524	convergent	LOC102153343	C1H9orf85	True	True	False	False	False	False	False	False	False	False	False		False		True	False	False	1.0186103602928918	0.5613333333333334	1.0129298108063638	0.5716666666666667	0.05271248554341778	15.0	5.4051364867111245	16.96176848321591	0	1106756	719855	60116	60471	0.4503	0.294	0.434	0.3893	0.0901	0.3316	20.6
NC_051805.1	87683331	87744102	60771	convergent	KLF9	SMC5	True	False	True	True	False	False	True	True	False	True	False		False		True	False	False	1.0433526827011002	0.6313333333333333	1.0122798903644086	0.5686666666666667	0.054093999557712776	40.0	5.38183101906489	14.991497535365658	136284	442327	30385	22488	23373	0.3767	0.154	0.4353	0.5773	0.6786	0.4444	51.8
NC_051805.1	91186888	91251253	64365	convergent	LOC119869582	LOC111096818	True	False	False	False	False	False	True	True	False	True	False		False		True	False	False	1.0296915458630898	0.5933333333333334	1.0210045913234354	0.5933333333333334	0.053250571582620275	3.0	7.263347983110259	16.608182894217002	205930	2530495	37266	5083	5083	0.4227	0.4403	0.3113	0.4227	0.8158	0.4826	61.0
NC_051805.1	97204375	97272513	68138	convergent	LOC102156616	LOC111090790	True	False	False	False	False	False	False	False	False	False	False		False		True	False	False	1.214940113888897	0.869	1.2130820134952665	0.8553333333333333	0.0639925735473322	2.0	27.548462574292106	15.602949431674046	111556	1280871	302059	75719	24923	0.1277	0.4627	0.036	0.5177	0.6034	0.3495	26.5
NC_051805.1	102569417	102626167	56750	convergent	LOC119870888	LOC119871020	True	False	False	False	False	False	True	True	False	False	False		False		False	True	False	0.8721620580283556	0.06566666666666666	0.7434149929918349	0.03966666666666667	0.04865422862531329	1.0	6.104648064096594	21.403757284558008	97792	1463935	129894	138	41312	0.892	0.5053	0.374	0.0817	0.554	0.4814	60.5
NC_051805.1	118762948	118834530	71582	convergent	LOC100685960	LOC111098307	True	True	False	False	False	False	False	False	False	False	False		False		False	True	False	0.9831867696219493	0.451	0.9641859852790833	0.3883333333333333	0.05139777413549834	6.0	5.148357352614653	15.507656483814634	0	4248827	647951	50051	3974	0.5563	0.388	0.456	0.5287	0.0901	0.4038	43.2
NC_051805.1	120003827	120058858	55031	convergent	LOC102152107	DPY19L3	True	False	False	False	False	False	False	True	False	False	False		False		True	False	False	1.0730155301203232	0.6983333333333334	1.0728837647795677	0.7006666666666667	0.05501071764859962	2.0	23.364789803369373	15.204920069784182	31342	3016224	582029	16890	15969	0.3377	0.4627	0.0523	0.5567	0.258	0.3335	21.3
NC_051806.1	2276949	2331192	54243	convergent	CUL2	LOC111094492	True	True	False	False	False	False	False	False	False	False	False		False		True	True	False	1.023756157085919	0.5746666666666667	0.9908685084953904	0.49	0.052945255072148326	9.0	6.223889957989743	15.104104224255812	4070	40699965	1406095	92822	22196	0.441	0.3503	0.366	0.5657	0.1131	0.3672	32.1
NC_051806.1	5490645	5562196	71551	convergent	LOC119870094	GAD2	True	True	False	False	False	False	True	True	False	False	False		False		False	True	False	0.9619353855068656	0.36933333333333335	0.894000703305006	0.09433333333333334	0.05165762673558479	12.0	5.265203564040834	14.607028278811224	0	37477615	277071	43261	43261	0.533	0.3233	0.446	0.611	0.0901	0.4007	42.1
NC_051806.1	9925163	9998285	73122	convergent	LOC119869979	LOC106560013	True	True	False	False	False	False	False	True	False	False	False		False		True	True	False	0.41126728890832204	0.011	0.3948329461827874	0.02	0.03632579540677788	0.0	3.916353052663632	12.368468523025513	13276	33042311	933384	526	38794	0.9923	0.885	0.615	0.8053	0.1644	0.6924	93.9
NC_051806.1	13354030	13405141	51111	convergent	LOC111091364	LOC106560015	True	False	False	False	False	False	True	True	False	False	False		False		True	False	False	1.1760988272123767	0.836	1.0382986555583775	0.6346666666666667	0.05959634844245408	28.0	11.866093439758565	12.85710725370194	54585	29624450	156901	30296	2688	0.205	0.2137	0.164	0.7707	0.3713	0.3449	25.6
NC_051806.1	17055808	17110317	54509	convergent	PTCHD3	ANKRD26	True	False	False	False	False	False	False	True	False	False	False	32.01	False	1.74708	False	True	False	0.9534177956644931	0.3343333333333333	0.9830500986382366	0.464	0.05017742431229778	2.0	6.846130742143025	18.77389081842021	66938	25920973	2101216	25700	56866	0.6957	0.4627	0.332	0.231	0.4266	0.4296	48.2
NC_051806.1	23362298	23415104	52806	convergent	BEND7	LOC119869987	True	False	False	False	False	False	True	True	False	False	False		False		True	False	False	1.0827978266565266	0.714	1.0908492124155165	0.726	0.05459959959494965	1.0	19.8563444943192	14.607589021141793	36299	19615334	286259	35958	35958	0.355	0.5053	0.0707	0.611	0.2835	0.3651	31.0
NC_051806.1	25264511	25315271	50760	convergent	USP6NL	LOC119869990	True	True	False	False	False	False	True	False	False	False	False		False		True	False	False	1.1780023237292554	0.8366666666666667	1.221487680861354	0.8626666666666667	0.05970784263337536	30.0	25.632949931274915	13.830881854609006	0	17714144	84179	168959	30775	0.203	0.205	0.0427	0.6867	0.0901	0.2455	4.3
NC_051806.1	29613097	29682625	69528	convergent	LOC111091644	LOC111091655	True	False	False	False	False	False	False	True	False	False	False		False		False	True	False	0.996547712626506	0.493	1.0212591368228197	0.594	0.050759229612255666	3.0	3.681788982641106	14.825824342043278	97861	13356174	561955	16953	6493	0.6213	0.4403	0.6507	0.5907	0.554	0.5714	77.0
NC_051806.1	31421264	31473494	52230	convergent	LOC111091701	LOC119870074	True	False	False	False	False	False	False	False	False	True	False		False		True	True	False	0.9825840053146606	0.44666666666666666	0.9556124680951238	0.343	0.051383139660769885	7.0	7.684527217668522	14.340129361223818	322379	11556656	375809	326835	28409	0.5573	0.3723	0.2907	0.636	0.9209	0.5554	74.4
NC_051806.1	37763146	37815322	52176	convergent	LOC102153902	LOC111094200	True	False	False	False	False	False	True	False	False	True	False		False		True	False	False	1.0700082344973185	0.6946666666666667	1.0649450518667698	0.686	0.05301637905053288	1.0	5.368393411083625	17.108464748425714	135766	5214801	119627	52283	52283	0.4363	0.5053	0.4367	0.3717	0.6759	0.4852	61.8
NC_051806.1	38503041	38573083	70042	convergent	ARHGAP26	NR3C1	True	True	False	True	False	False	True	False	False	True	False		False		True	True	False	0.9640688439983517	0.379	0.960158547911793	0.36766666666666664	0.05133069653108902	1.0	9.03604275760698	13.738048814591908	11938	4465973	35021	119380	132269	0.5633	0.5053	0.2337	0.6937	0.1534	0.4299	48.4
NC_051806.1	39071176	39129828	58652	convergent	LOC119879638	LOC111092064	True	True	False	False	False	False	False	False	False	False	False		False		False	False	False	1.040482821891279	0.624	1.0533601249590516	0.6643333333333333	0.0527238645988129	19.0	4.665121028605908	19.925446718931198	0	3903533	408039	230904	14974	0.4497	0.2673	0.5187	0.1517	0.0901	0.2955	12.6
NC_051806.1	39159547	39230847	71300	convergent	LOC111094604	LOC119870003	True	False	False	False	False	False	False	False	False	False	False		False		True	True	False	1.0070826326889544	0.529	0.9856754691258073	0.4706666666666667	0.05121468052394997	1.0	3.3999763665326346	15.003198658978498	70197	3808838	502734	129885	14836	0.5753	0.5053	0.6937	0.5767	0.4441	0.559	75.3
NC_051806.1	55898984	55971473	72489	convergent	PTCD2	ZNF366	True	False	False	False	False	False	False	True	False	False	False		False		True	False	False	1.0824164739286781	0.7133333333333334	1.030764341020584	0.6166666666666667	0.055377446966927396	1.0	15.286318270336453	15.525579596092689	139772	2006509	594728	31014	31063	0.3213	0.5053	0.111	0.5257	0.6865	0.43	48.6
NC_051806.1	61050066	61110203	60137	convergent	LOC119870018	LOC102154386	True	True	False	False	False	False	True	True	False	False	False		False		False	False	False	1.0962407594955184	0.7366666666666667	1.116538592582941	0.762	0.05525133776105658	1.0	13.917677463987136	16.63855242577328	5134	1086768	38918	8850	8850	0.3273	0.5053	0.128	0.417	0.1189	0.2993	13.2
NC_051806.1	62723085	62783656	60571	convergent	RPGRIP1L	LOC119870323	True	True	False	False	False	False	True	True	False	False	False		False		True	False	False	1.0613006528730358	0.675	1.1032954145371914	0.7453333333333333	0.05460447247211191	1.0	16.457086151763416	15.86796607393207	0	2760004	52350	11086	11086	0.3547	0.5053	0.0997	0.4953	0.0901	0.309	15.0
NC_051806.1	63630965	63704659	73694	convergent	TOX3	LOC100687235	True	True	False	False	False	False	False	False	False	False	False		False		True	False	False	1.017607696692473	0.5596666666666666	1.0223005322039127	0.5976666666666667	0.05173494563512409	1.0	5.828398208422496	17.909789436393314	7188	3674446	810677	106570	44696	0.5233	0.5053	0.396	0.3	0.1304	0.371	32.8
NC_051806.1	77425724	77486897	61173	convergent	LOC102153519	LOC119870436	True	True	False	False	False	False	True	True	False	False	False		False		False	False	False	1.175757753017509	0.836	1.1623325567245484	0.815	0.05912945157464841	1.0	19.825816212551953	18.66002304515531	6310	847142	158053	26227	4814	0.2143	0.5053	0.0707	0.2387	0.1247	0.2307	3.0
NC_051806.1	80612441	80666392	53951	convergent	LOC119870059	KLHDC7A	True	True	False	False	False	False	False	True	False	False	False		False		True	False	False	1.153686910887025	0.8076666666666666	1.0799781971901654	0.7126666666666667	0.05769738475384081	1.0	19.132483604736464	17.2828676218828	0	4030248	871943	7373	13440	0.2477	0.5053	0.0767	0.3523	0.0901	0.2544	5.6
NC_051806.1	84152591	84202660	50069	convergent	LOC119870024	PDPN	True	False	False	False	False	False	True	True	False	True	False		False		True	False	False	1.110840911718833	0.7593333333333333	1.118836674578488	0.7653333333333333	0.057467262614655255	8.0	21.13883381158077	14.543152867688352	47375	959073	26810	1776	1776	0.2553	0.3613	0.0633	0.615	0.3378	0.3266	19.7
NC_051806.1	84303869	84363723	59854	convergent	LRRC38	C2H1orf158	True	False	False	False	False	False	True	True	False	False	False		False		True	False	False	1.1586988710506076	0.8146666666666667	1.12317390088439	0.771	0.05890034749303129	4.0	33.63236692309993	15.596482058573617	66204	802902	182981	13084	20937	0.2207	0.42	0.022	0.519	0.4265	0.3216	19.1
NC_051807.1	9691905	9747134	55229	convergent	ST8SIA4	LOC106558558	True	False	False	False	False	False	False	False	False	False	False		False		True	True	False	0.9929618364987056	0.482	1.0423700315132738	0.6413333333333333	0.05389943734100855	37.0	2.675331695017338	10.505478005660208	169519	10186984	1457004	93100	1328	0.386	0.1673	0.831	0.9133	0.7547	0.6105	83.1
NC_051807.1	10779807	10837318	57511	convergent	LOC100685686	LOC119871165	True	False	False	False	False	False	False	False	False	False	False	38.03	False	4.32784	False	True	False	0.9317193059915793	0.22666666666666666	0.9419744451984763	0.2836666666666667	0.049374424007107405	1.0	3.321582916037428	19.011245020504656	216438	9097941	367961	339205	59955	0.8063	0.5053	0.7083	0.2137	0.8308	0.6129	83.5
NC_051807.1	21623166	21678171	55005	convergent	LOC119871170	LOC111095350	True	False	False	False	False	False	False	True	False	False	False		False		True	True	False	0.9135366178116423	0.143	0.9408988293483853	0.2776666666666667	0.04854877970098941	0.0	3.0996254875100577	15.181107536606167	200668	1744142	565092	9181	9181	0.903	0.885	0.75	0.559	0.8086	0.7811	98.7
NC_051807.1	22304729	22367018	62289	convergent	LOC111095151	LOC119871362	True	False	False	False	False	False	False	False	False	False	False	32.58	False	4.00506	False	True	False	0.904076081729375	0.11333333333333333	0.8822270643398166	0.079	0.04759483672363512	1.0	1.6423998444138035	12.81789126762977	139127	2429347	1250297	690744	105411	0.9537	0.5053	0.9703	0.772	0.6865	0.7776	98.5
NC_051807.1	25390804	25445201	54397	convergent	LOC119871164	LOC111095157	True	False	True	False	False	False	True	True	False	True	False		False		True	True	False	1.062318049505059	0.677	0.9345898170441389	0.249	0.05716204905212685	39.0	3.9153435400691077	14.232232752405567	268002	5511476	112640	40503	40503	0.263	0.1593	0.6153	0.6483	0.8848	0.5142	66.8
NC_051807.1	31153307	31211185	57878	convergent	GCNT4	MIR8901	True	False	False	False	False	True	True	True	False	False	False		False		True	True	False	0.6458655027170284	0.021333333333333333	0.10588498089462518	0.007	0.05065067031874208	25.0	7.508229737687306	15.59386080801487	207246	28959	261615	17812	16870	0.6313	0.2273	0.2977	0.5193	0.8186	0.4989	63.6
NC_051807.1	32087727	32156058	68331	convergent	TUBGCP5	LOC100688323	True	False	False	False	False	False	False	True	False	False	False		False		True	True	False	0.9723223551172931	0.4103333333333333	1.008553645272553	0.553	0.05330189829089575	18.0	8.310521523778828	12.969255555712659	96892	904072	1201261	6828	6828	0.42	0.2737	0.2617	0.7583	0.5502	0.4528	53.6
NC_051807.1	34846149	34921008	74859	convergent	LOC119871185	LOC106558580	True	False	False	False	False	False	False	False	False	False	False		False		False	True	False	0.9759013175615608	0.4216666666666667	1.0262016402006149	0.6073333333333333	0.05093130173861194	30.0	2.3078859923628263	19.513417308833322	141422	1857590	1919698	278110	449	0.6047	0.205	0.8947	0.1813	0.6915	0.5154	67.0
NC_051807.1	35803900	35876584	72684	convergent	UBE3A	LOC100685501	True	True	False	False	False	False	False	False	False	False	False		False		False	True	False	0.9307596483499765	0.22266666666666668	0.9382420937046408	0.265	0.049469492621123455	1.0	3.235469256228864	15.056945651769638	0	2416216	963034	95766	29968	0.793	0.5053	0.7213	0.5697	0.0901	0.5359	69.6
NC_051807.1	44207725	44265967	58242	convergent	LOC119870785	LOC111095367	True	False	False	False	False	False	False	False	False	False	False	27.34	True	7.80566	False	True	False	0.975126646882277	0.4176666666666667	0.9874016104906798	0.4766666666666667	0.05066384107243135	1.0	2.214627645651123	19.636253055773285	111846	5980366	311387	295840	102576	0.6303	0.5053	0.91	0.1713	0.6034	0.5641	75.7
NC_051807.1	50781019	50831091	50072	convergent	AGBL1	LOC102152355	True	False	False	False	False	False	False	False	False	True	False		False		False	True	False	0.947022159021859	0.30266666666666664	0.9631876698806882	0.38466666666666666	0.049410726033896776	1.0	2.785448891645347	15.339385621687946	281055	1416138	742330	582954	122480	0.802	0.5053	0.8063	0.5463	0.8949	0.711	95.7
NC_051807.1	56269278	56323122	53844	convergent	EFL1	LOC106558624	True	False	False	False	False	False	False	True	False	False	False		False		True	False	False	1.1952182675442882	0.853	1.1945983006991445	0.8416666666666667	0.06125417241484747	1.0	22.63375661249333	14.525573679741393	178800	1218670	852591	16826	3932	0.169	0.5053	0.056	0.6163	0.772	0.4237	47.1
NC_051807.1	60928139	60979861	51722	convergent	LOC119871320	HMX1	True	False	False	False	False	False	False	True	False	False	False		False		True	False	False	1.2509128539154781	0.8973333333333333	1.2348884246870875	0.873	0.06452106187407244	10.0	17.409879865956498	16.103408784588613	46000	614422	652918	3652	9581	0.1203	0.3413	0.0897	0.4697	0.3328	0.2708	8.5
NC_051807.1	67665045	67732484	67439	convergent	LOC111095269	LOC111095270	True	True	False	False	False	False	False	False	False	False	False		False		False	True	False	0.9816852566538375	0.44266666666666665	1.0068309419184924	0.5476666666666666	0.050813631412420096	1.0	2.3781634520398325	19.18783361261541	26236	6576141	2858148	459160	29449	0.6157	0.5053	0.8843	0.1987	0.2325	0.4873	62.5
NC_051807.1	72901974	72956918	54944	convergent	RBM47	CHRNA9	True	False	True	True	False	False	True	True	False	True	False		False		True	False	False	1.095219035708575	0.7356666666666667	1.014130714061111	0.5756666666666667	0.057883086950241136	57.0	4.715894700728257	14.10207245349884	245554	1345459	27472	13405	31393	0.243	0.0693	0.5143	0.6617	0.8637	0.4704	57.9
NC_051807.1	73210443	73261055	50612	convergent	LOC119871251	TRNAK-CUU-6	True	False	False	False	False	False	True	True	False	False	False		False		False	True	False	0.8993447846868835	0.10533333333333333	0.9356531505852937	0.25433333333333336	0.04927574200959318	5.0	6.392682924257817	13.314209972109113	35749	1039156	192116	3060	0	0.8197	0.4037	0.356	0.7297	0.2784	0.5175	67.7
NC_051807.1	74470819	74522415	51596	convergent	LOC106558641	LOC111095389	True	False	True	False	False	True	True	True	False	True	False		False		True	False	False	1.1038923692089595	0.7493333333333333	1.0867540584295987	0.723	0.057281263348364087	42.0	5.049493939610948	12.542776691286187	96617	221690	53300	27502	27502	0.261	0.143	0.467	0.7923	0.5502	0.4427	51.6
NC_051807.1	76113264	76180116	66852	convergent	LOC111095297	LOC102153709	True	False	False	False	False	False	False	False	False	False	False		False		False	True	False	0.9128024632811426	0.14033333333333334	0.9244809800088406	0.19666666666666666	0.04813325625524007	1.0	2.7321367755096277	16.654701693852743	53310	1871763	1703373	219952	1875	0.9307	0.5053	0.8177	0.4163	0.3666	0.6073	81.3
NC_051807.1	76613649	76664485	50836	convergent	ARAP2	LOC100688576	True	True	False	False	False	False	False	True	False	False	False		False		False	True	False	0.9216051736985946	0.17566666666666667	0.9476801806107163	0.30966666666666665	0.04974705433087797	1.0	3.0642725442281087	13.342273950576782	14067	2364140	2195750	45500	45500	0.7517	0.5053	0.755	0.725	0.1696	0.5813	77.9
NC_051807.1	77813684	77865855	52171	convergent	LOC111095391	LOC111095392	True	False	False	False	False	False	False	False	False	False	False	38.77	False	6.1870400000000005	False	True	False	0.8915577583301015	0.08933333333333333	0.8558027942731976	0.063	0.047210911632840594	1.0	1.5747682392598341	19.179609727859496	214769	3564842	3396452	1103699	329130	0.964	0.5053	0.974	0.2	0.8283	0.6943	94.1
NC_051807.1	81859047	81912809	53762	convergent	LOC119872911	LOC119871343	True	False	False	False	False	False	False	False	False	False	False		False		False	True	False	0.9117970998243364	0.136	0.9363276245847344	0.257	0.04936014982588172	0.0	3.0157605362037816	12.169623250546662	385928	7611001	3966029	216448	44557	0.8097	0.885	0.762	0.818	0.9476	0.8445	99.3
NC_051807.1	85288823	85342443	53620	convergent	LOC111095403	LOC100686918	True	False	False	False	False	False	False	True	False	False	False		False		False	False	False	1.150702003188673	0.8036666666666666	1.0632604892477393	0.6826666666666666	0.060790068518418325	38.0	5.939765045634849	16.695810219757245	159367	4713437	536324	844	33294	0.1783	0.1623	0.388	0.4113	0.734	0.3748	34.7
NC_051808.1	1943254	2003893	60639	convergent	LOC102151881	LOC111095689	True	False	False	False	False	False	False	False	False	False	False		False		False	True	False	0.9429955381913158	0.2816666666666667	0.9004389636233449	0.10833333333333334	0.050762422046818245	1.0	2.498945666719103	16.577078819274902	476427	6753568	1548021	339521	34553	0.6207	0.5053	0.8663	0.4263	0.97	0.6777	92.0
NC_051808.1	4984288	5034699	50411	convergent	LOC111095431	LOC111095433	True	False	False	False	False	False	True	False	False	False	False		False		True	False	False	1.2094504062721647	0.8643333333333333	1.1692455365151166	0.823	0.06241655561450251	28.0	8.703909947345249	16.896765459667552	134493	3717648	235220	176505	16052	0.1517	0.2137	0.2453	0.394	0.6731	0.3356	23.0
NC_051808.1	5485501	5546210	60709	convergent	LOC102155069	SLC35F3	True	True	False	False	False	False	False	True	False	False	False		False		False	True	False	0.9480032377408555	0.30866666666666664	0.9562796495631337	0.345	0.049700549601087704	3.0	4.537253198462012	17.54496715126968	0	3211286	741582	13076	11030	0.7597	0.4403	0.5343	0.332	0.0901	0.4313	49.7
NC_051808.1	6820779	6870891	50112	convergent	LOC119871610	LOC111095435	True	False	False	False	False	False	False	True	False	False	False		False		True	True	False	0.9128514201752603	0.141	0.9494500185921788	0.31966666666666665	0.04812957555843842	1.0	4.489998530896231	17.035429231559867	120835	1881306	1233130	21282	1863	0.9307	0.5053	0.54	0.3813	0.6323	0.5979	79.8
NC_051808.1	12066504	12128157	61653	convergent	LOC111095700	SLC16A9	True	True	False	False	False	False	True	False	False	False	False		False		False	True	False	0.9990041098917491	0.501	0.9569483292996883	0.348	0.05220524781777138	9.0	3.7391233596577775	16.98003171682358	0	3347478	131631	58777	69057	0.488	0.3503	0.6433	0.387	0.0901	0.3918	38.6
NC_051808.1	13169783	13237184	67401	convergent	CDK1	RHOBTB1	True	True	False	True	False	False	True	True	False	True	False		False		True	False	False	1.1075328876856494	0.754	1.0444657983005048	0.647	0.05850785078181354	37.0	6.339005322890105	13.2866012957189	3483	2241325	33700	20340	12954	0.231	0.1673	0.358	0.7337	0.1074	0.3195	18.7
NC_051808.1	14781335	14832377	51042	convergent	LOC111095463	LOC119871460	True	False	True	False	False	False	False	False	False	False	False		False		True	False	False	1.31040267519144	0.9306666666666666	1.5154124719679356	0.9586666666666667	0.07178227482627422	51.0	3.1485227108991967	17.80816283592811	56856	637952	442444	130207	15939	0.0553	0.0987	0.739	0.3083	0.3808	0.3164	17.4
NC_051808.1	17362530	17419663	57133	convergent	LOC100856460	LOC100686735	True	True	False	False	False	False	False	False	False	False	False		False		False	True	False	0.8643315147963293	0.058666666666666666	0.8807833249889314	0.078	0.04761647891065779	1.0	4.013781614064723	15.979933950636122	8904	1946263	2063595	930798	3957	0.953	0.5053	0.6027	0.4847	0.1362	0.5364	70.1
NC_051808.1	28998408	29056566	58158	convergent	LOC102155105	LOC111095511	True	False	False	False	False	False	True	False	False	True	False		False		True	False	False	1.3952001638700506	0.9563333333333334	1.524016263526678	0.9606666666666667	0.07316053097765239	19.0	30.22188219211404	15.052707119866701	172513	5376944	81259	52180	42941	0.0477	0.2673	0.0293	0.5697	0.7607	0.3349	21.9
NC_051808.1	36047237	36120971	73734	convergent	LOC100684047	LOC111095523	True	False	False	False	False	False	True	False	False	False	False		False		True	True	False	1.0080305329680679	0.5306666666666666	1.0117827922940255	0.568	0.05215726938995362	23.0	4.804757830215004	18.546156249326817	59104	1234607	125965	64507	20551	0.491	0.2423	0.5003	0.2457	0.3948	0.3748	34.7
NC_051808.1	37518160	37569466	51306	convergent	THOC3	CPLX2	True	False	False	True	False	True	True	True	False	True	False		False		True	False	False	1.081109826766956	0.7106666666666667	1.109397646677494	0.7523333333333333	0.056549491673768104	21.0	4.7447735425050706	18.852670835124123	131187	225082	25653	20316	33818	0.2793	0.2543	0.5073	0.2237	0.6646	0.3859	37.7
NC_051808.1	37795829	37851034	55205	convergent	LOC119871736	SFXN1	True	False	False	False	False	False	False	True	False	False	False		False		False	False	False	1.1336445862444056	0.7876666666666666	1.0631881583437324	0.6826666666666666	0.05834129607063914	24.0	12.505224010687884	13.352946751206009	51569	504700	305271	23459	3625	0.2357	0.2363	0.151	0.7237	0.3572	0.3408	24.3
NC_051808.1	42728958	42791035	62077	convergent	LOC119871511	LOC100687995	True	False	False	False	False	False	True	False	False	True	False		False		False	True	False	0.9420171083947353	0.2786666666666667	0.9320233022257686	0.23366666666666666	0.04992783773383733	0.0	2.0156425677510783	12.625003046459621	59996	672371	168565	76323	51435	0.727	0.885	0.937	0.785	0.3948	0.7458	97.4
NC_051808.1	55513056	55565959	52903	convergent	LOC106558729	LOC119871746	True	True	False	False	False	False	True	True	False	True	False		False		True	False	False	1.2157214746979657	0.87	1.1797195288926363	0.8303333333333334	0.0627625024203295	37.0	10.10836520520144	14.320160592303557	10493	4219046	169920	2382	2382	0.144	0.1673	0.197	0.639	0.1477	0.259	6.7
NC_051808.1	56109927	56183571	73644	convergent	LOC111095578	GRIA1	True	True	False	False	False	False	False	True	False	False	False		False		True	True	False	1.0329869723134744	0.605	0.9765658665314316	0.44066666666666665	0.05306749824854311	1.0	5.647754798687351	18.10064763501163	0	3611804	777162	45836	12106	0.434	0.5053	0.4083	0.281	0.0901	0.3438	25.2
NC_051808.1	61210674	61263506	52832	convergent	CSPG4B	LOC119871643	True	False	False	False	False	False	False	False	False	False	False		False		True	False	False	1.1496942728514732	0.8026666666666666	1.0652764311134815	0.6876666666666666	0.06109073526074783	31.0	5.72219287027813	18.110070938534207	87090	1219976	1427710	60102	31768	0.1717	0.1987	0.4017	0.28	0.516	0.3136	16.5
NC_051808.1	64067111	64119158	52047	convergent	LOC102157144	LOC100687852	True	False	False	False	False	False	False	True	False	False	False		False		False	True	False	0.9366908876221881	0.251	0.953961452524364	0.3363333333333333	0.04995830432762255	0.0	2.7491001972243416	21.02932098388672	368134	4076020	1326175	25189	22185	0.723	0.885	0.8133	0.098	0.9416	0.6922	93.7
NC_051808.1	65949583	66022083	72500	convergent	LOC100687240	MRPS30	True	True	False	False	False	False	False	True	False	False	False		False		True	True	False	0.9376687560081481	0.25533333333333336	0.9392713237926364	0.269	0.04935588602968498	1.0	4.646472836198478	14.782979687777432	0	5968719	1244226	7057	9474	0.8097	0.5053	0.5197	0.594	0.0901	0.5038	64.6
NC_051808.1	76456036	76509373	53337	convergent	DROSHA	CDH6	True	True	False	False	False	True	False	False	False	False	False		False		False	False	False	1.0358165641527382	0.6103333333333333	1.0213406683161854	0.594	0.05284824892814974	13.0	5.515902378133699	15.192611163003104	0	132659	639037	55665	11687	0.4463	0.3137	0.4247	0.558	0.0901	0.3666	31.9
NC_051808.1	77033647	77089414	55767	convergent	TMEM125	LOC102156164	True	False	False	False	False	False	False	True	False	False	False		False		False	True	False	0.9569273230652945	0.35	0.9586378953829408	0.3576666666666667	0.05066127392017745	0.0	1.6981723825143233	14.125899195671082	561530	711485	1217863	2975	2937	0.6303	0.885	0.9657	0.6587	0.9807	0.8241	99.1
NC_051808.1	81940968	82004288	63320	convergent	LOC100685641	LOC479379	True	False	False	False	False	False	False	True	False	False	False	34.07	False	4.810820000000001	False	True	False	0.9191146629854839	0.16333333333333333	0.9294906407117843	0.22166666666666668	0.04873185801888691	1.0	3.1127763652982248	23.324533803122385	52372	5622583	5024402	10083	64427	0.8833	0.5053	0.7467	0.0327	0.3619	0.506	65.1
NC_051808.1	83742031	83797839	55808	convergent	CDH12	LOC111095663	True	False	False	False	False	False	False	False	False	False	False		False		False	True	False	0.933820617748606	0.23633333333333334	0.9599850383996964	0.36666666666666664	0.0506787915476535	0.0	7.196486232067467	17.326953747915844	244935	7419890	3227095	742727	12344	0.6293	0.885	0.3157	0.349	0.8627	0.6083	81.8
NC_051808.1	87580819	87638502	57683	convergent	ZNF622	LOC106558684	True	True	False	False	False	False	True	True	False	False	False		False		True	False	False	1.2136106249288252	0.8676666666666667	1.2260884303748607	0.867	0.06363616769232928	6.0	40.62262531036358	12.811821943688615	0	11259615	45463	13763	16622	0.1323	0.388	0.0143	0.7723	0.0901	0.2794	10.2
NC_051809.1	2620428	2685222	64794	convergent	OPCML	NTM	True	False	False	True	False	False	True	False	False	True	False		False		False	False	False	1.0623818143963515	0.677	1.0405178232491017	0.6396666666666667	0.05341426648103855	1.0	7.548622766070798	20.44878254879962	347175	1683777	32397	849333	37204	0.413	0.5053	0.296	0.1253	0.9331	0.4546	54.4
NC_051809.1	6345291	6400601	55310	convergent	LOC111096091	LOC119871991	True	False	False	False	False	False	True	False	False	False	False		False		False	True	False	0.9564043810216283	0.348	0.9922620316922665	0.49666666666666665	0.05065921285014427	1.0	3.735673463359661	8.942621741976057	47946	5403898	229522	332823	5403	0.6307	0.5053	0.6443	0.964	0.3378	0.6164	84.2
NC_051809.1	14259045	14318214	59169	convergent	LOC119871999	LOC111095807	True	False	False	False	False	False	True	False	False	False	False		False		True	False	False	1.2181619483016217	0.8703333333333333	1.1639323398560286	0.816	0.06284091628679439	7.0	15.048213306106193	17.831404368222845	36371	2076373	158811	86963	17739	0.1433	0.3723	0.1143	0.3063	0.2835	0.244	4.1
NC_051809.1	18909987	18974471	64484	convergent	C5H11orf71	LOC119881489	True	True	False	False	False	False	True	True	False	False	False		False		True	True	False	0.7758255375269703	0.03266666666666666	0.9706676674380899	0.4176666666666667	0.04947963105795612	0.0	4.355747740703957	16.569085587846473	7771	2577202	105143	2194	2303	0.7913	0.885	0.5563	0.427	0.1304	0.558	75.1
NC_051809.1	23237689	23310760	73071	convergent	LOC111095852	C5H11orf87	True	False	False	False	False	False	False	True	False	False	False		False		False	True	False	0.9493892206844254	0.31466666666666665	0.9147978838816285	0.15666666666666668	0.04939927385484932	1.0	2.201147462263516	16.28206892671256	75776	1689813	439216	7316	3333	0.8037	0.5053	0.911	0.4533	0.4663	0.6279	86.1
NC_051809.1	27846016	27902436	56420	convergent	LOC100687870	LOC111095862	True	False	False	False	False	False	False	True	False	False	False		False		False	True	False	0.9402034744667863	0.2683333333333333	0.8614050114631653	0.066	0.04870664260861011	1.0	2.6949834941930275	21.959338063779086	174226	3229833	1155416	8319	8319	0.887	0.5053	0.828	0.065	0.7647	0.61	82.9
NC_051809.1	32059172	32124240	65068	convergent	LOC119871841	LOC111095870	True	False	False	False	False	True	True	True	False	False	False		False		True	False	False	1.0460354336228546	0.6373333333333333	1.0558152180671692	0.6703333333333333	0.05358621952985944	11.0	5.003226939443365	16.675002914960267	41706	58754	64290	6311	6901	0.4013	0.3303	0.4723	0.413	0.3082	0.385	37.3
NC_051809.1	47160487	47220638	60151	convergent	LOC119871875	LOC100684598	True	False	False	False	False	False	True	True	False	False	False		False		False	True	False	0.9407861095951576	0.2703333333333333	0.9347856962218881	0.25033333333333335	0.05012964196290735	0.0	2.4053031632324355	20.50100091934204	165562	1823108	191651	4454	17552	0.7	0.885	0.8803	0.1237	0.7467	0.6671	91.3
NC_051809.1	67812010	67871860	59850	convergent	ZDHHC7	LOC119872032	True	False	True	False	False	False	True	True	False	True	False		False		True	False	False	1.2816606630508165	0.9166666666666666	1.2303204070925713	0.87	0.0674538468787864	52.0	23.152064109904227	15.877333813243443	133065	5129843	127019	25787	3376	0.0857	0.0947	0.0537	0.4943	0.6703	0.2797	10.4
NC_051809.1	89203545	89257435	53890	convergent	LOC111096139	LOC119874957	True	True	False	False	False	False	False	False	False	False	False		False		False	False	False	1.0483947335072739	0.643	1.0572557329535484	0.673	0.052319486963242214	1.0	5.126006340002788	22.76636702280778	0	6629093	4673146	1313762	6738	0.4807	0.5053	0.4573	0.0453	0.0901	0.3158	16.7
NC_051810.1	3695908	3765879	69971	convergent	LOC119881536	LOC119872440	True	False	False	False	False	False	False	True	False	False	False		False		True	True	False	1.009625154573042	0.537	0.9951029093362391	0.509	0.0512846965805497	8.0	6.590448200907963	17.289069373333504	144107	1995233	1812851	1734	1975	0.5677	0.3613	0.3423	0.3523	0.6989	0.4645	55.7
NC_051810.1	15694571	15754185	59614	convergent	LOC102156691	LOC111096491	True	True	False	False	False	True	True	True	False	False	False		False		True	False	False	1.2946150537110201	0.9233333333333333	1.3070198852539063	0.908	0.06665946905391111	1.0	28.485870947828072	16.236544772931108	0	223852	115206	34679	20039	0.0947	0.5053	0.0333	0.458	0.0901	0.2363	3.3
NC_051810.1	43751242	43809227	57985	convergent	SLC25A24	LOC102151888	True	False	False	False	False	False	True	True	False	True	False		False		True	False	False	1.1023151755990823	0.746	1.042900029680133	0.6436666666666667	0.05753516070533339	25.0	7.326859135231787	12.158226763918286	55234	1177299	143623	48307	23040	0.253	0.2273	0.3067	0.819	0.376	0.3964	40.3
NC_051810.1	46489068	46547626	58558	convergent	LOC111096509	LOC100683041	True	False	False	False	False	False	False	True	False	False	False		False		False	True	False	0.9565615808270808	0.3486666666666667	0.9729776395261288	0.42833333333333334	0.04957058234378841	2.0	2.063042927221537	24.282883087793987	93347	3915412	1245341	28428	11043	0.7787	0.4627	0.9317	0.0217	0.5388	0.5467	73.8
NC_051810.1	50658944	50727578	68634	convergent	LOC119872255	LOC119872463	True	True	False	False	False	False	False	True	False	False	False		False		False	True	False	0.9452488580558789	0.294	0.9640800918743014	0.38766666666666666	0.050510906789445156	1.0	2.712686921199809	19.267598167542488	0	1302385	1453352	25241	5650	0.6513	0.5053	0.823	0.1937	0.0901	0.4527	53.4
NC_051810.1	54055016	54116812	61796	convergent	LOC111096377	LOC111096379	True	False	False	False	False	False	False	False	False	False	False		False		True	True	False	0.9862271095296004	0.46166666666666667	0.9935245776668191	0.502	0.051892263853456314	0.0	5.513214395226641	21.122009842212382	64086	2090247	522336	348329	18449	0.5113	0.885	0.4257	0.095	0.4176	0.4669	56.8
NC_051810.1	54185278	54253504	68226	convergent	LOC119872358	LOC119876387	True	False	False	False	False	False	False	False	False	False	False		False		True	True	False	0.9634549210373702	0.37533333333333335	0.9649731127977371	0.39066666666666666	0.05060929158858198	1.0	6.330632003264416	17.58406247641589	44391	2223724	388859	211637	47129	0.638	0.5053	0.3583	0.328	0.323	0.4305	48.8
NC_051810.1	65303098	65376045	72947	convergent	LOC102151889	LOC111096431	True	False	False	False	False	False	False	False	False	False	False		False		False	True	False	0.9454438580606045	0.2946666666666667	0.9513651558935642	0.326	0.050182880818424466	1.0	4.085503149805891	21.76283391662266	535429	10132612	2352656	988869	6825	0.6953	0.5053	0.5927	0.07	0.9781	0.5683	76.4
NC_051810.1	68878658	68947141	68483	convergent	LOC102152406	IFI44	True	True	False	False	False	False	False	True	False	False	False		False		False	True	False	0.9717686404044137	0.4093333333333333	0.9412159764632583	0.2806666666666667	0.05124179106759997	17.0	4.857472138341971	17.11103798259388	0	6559284	550948	16261	5168	0.572	0.2783	0.4937	0.3713	0.0901	0.3611	29.7
NC_051811.1	2494758	2545521	50763	convergent	LOC111096593	LOC102152591	True	False	False	False	False	False	True	True	False	True	False		False		True	False	False	1.0436635787753614	0.6326666666666667	1.0164482920736075	0.581	0.053662559306460286	1.0	29.095673399294878	13.05047683429001	179861	1188895	52583	17294	11458	0.3977	0.5053	0.0317	0.7533	0.7737	0.4923	63.1
NC_051811.1	11479120	11529669	50549	convergent	LOC111096626	LOC610143	True	False	False	False	False	False	True	False	False	True	False		False		False	False	False	1.024198813517088	0.575	1.0366147116973996	0.6316666666666667	0.05267749394364009	1.0	5.996973283585791	18.65501586928567	320606	3713246	201255	175980	28037	0.454	0.5053	0.3843	0.2393	0.9197	0.5005	63.8
NC_051811.1	15394995	15461327	66332	convergent	LOC106559021	GLUL	True	False	False	False	False	False	False	True	False	False	False		False		True	False	False	1.0735660230680588	0.6993333333333334	1.1475564524844288	0.7996666666666666	0.05640604567915273	9.0	4.545969077756233	18.388192882140476	71839	6916475	534647	7824	7824	0.2847	0.3503	0.534	0.26	0.4487	0.3755	34.9
NC_051811.1	17217706	17274511	56805	convergent	LOC119876429	LOC119872513	False	False	False	False	False	False	False	False	False	False	False		False		False	False	False	1.026969899234926	0.5826666666666667	1.0410692459478974	0.6403333333333333	0.05306728332181759	3.0	5.2192546494273	16.77547710499865	103892	5098528	528189	92704	25228	0.434	0.4403	0.4497	0.403	0.5756	0.4605	55.1
NC_051811.1	22837876	22907514	69638	convergent	LOC100688557	LOC111096880	True	True	False	False	False	False	False	False	False	False	False		False		False	True	False	0.9710528241203676	0.407	0.9282693765759468	0.21633333333333332	0.050802924505713616	11.0	3.3622715145117548	22.522206514309612	27305	415374	1217408	52290	5449	0.617	0.3303	0.7003	0.0487	0.2376	0.3868	38.0
NC_051811.1	25873242	25943461	70219	convergent	LOC111096660	LOC111096885	True	False	False	False	False	False	False	False	False	False	False	43.31	False	4.32162	False	True	False	0.9769327910485557	0.42433333333333334	0.9887203564040363	0.481	0.05226206435500041	13.0	3.1895359364554685	14.095475240187211	91649	655224	407488	82137	79754	0.483	0.3137	0.732	0.6623	0.5313	0.5445	72.5
NC_051811.1	35118386	35179633	61247	convergent	LOC111096699	LOC111096700	True	True	False	False	False	False	False	False	False	True	False		False		True	False	False	1.1123804096978276	0.7606666666666667	1.0330371850520372	0.6223333333333333	0.05837229385512558	17.0	9.888957184297297	13.962993051404151	991	676467	379963	56528	14394	0.2347	0.2783	0.2053	0.675	0.0901	0.2967	12.8
NC_051811.1	48020921	48077046	56125	convergent	RIT2	LOC119872716	True	False	False	False	False	False	False	False	False	False	False	29.76	False	4.31966	False	True	False	0.9348020173467878	0.24233333333333335	0.9276646728441119	0.21366666666666667	0.049952849766625326	0.0	2.012625665813353	23.185036288367378	501017	5140880	1719514	466947	70063	0.7233	0.885	0.937	0.036	0.9739	0.711	95.7
NC_051811.1	54309697	54360521	50824	convergent	LOC106559055	GALNT1	True	True	False	False	False	True	False	True	False	True	False		False		False	False	False	1.06706433363321	0.6876666666666666	1.0115106746718288	0.566	0.056281296798146356	26.0	8.08846709222732	16.457198156866916	10109	102265	327506	255	76093	0.2897	0.224	0.2737	0.438	0.1477	0.2746	9.1
NC_051811.1	57734073	57792841	58768	convergent	TRAPPC8	LOC111096784	True	True	False	False	False	False	True	True	False	True	False		False		True	True	False	0.9836692563781712	0.4523333333333333	1.0278838782906532	0.6123333333333333	0.05106240803195322	9.0	4.856952748991896	14.983068221654648	13457	3530613	203636	41712	41712	0.5913	0.3503	0.4937	0.5777	0.1644	0.4355	50.8
NC_051811.1	59853346	59916313	62967	convergent	NA	LOC612611	True	False	False	False	False	False	False	False	False	True	False		False		False	True	False	0.9040992783773985	0.11333333333333333	0.9287436423137784	0.21766666666666667	0.048564539734181546	1.0	2.9225897500856024	16.752182852837347	84829	5651985	870069	838585	100	0.9007	0.5053	0.7823	0.4057	0.5036	0.6195	84.6
NC_051811.1	62263653	62326266	62613	convergent	KCTD1	TAF4B	True	False	False	False	False	False	True	False	False	False	False		False		True	False	False	1.058764827494325	0.6696666666666666	1.0661702022910118	0.6886666666666666	0.05472830131979027	4.0	8.557726393574095	17.341687583431757	80041	3984184	245549	125797	13807	0.352	0.42	0.2513	0.348	0.487	0.3717	33.0
NC_051811.1	69954234	70019343	65109	convergent	MYL12B	LOC106559068	True	False	False	False	False	False	True	True	False	True	False		False		True	True	False	0.9984788582689939	0.49966666666666665	0.9625379993908108	0.38166666666666665	0.05265911879507561	25.0	7.132692222347382	17.198745058642494	36788	3704499	112030	15813	21136	0.4553	0.2273	0.3177	0.3603	0.2835	0.3288	20.2
NC_051811.1	72146896	72199972	53076	convergent	LOC111096813	LOC111096814	True	False	False	False	False	False	True	False	False	True	False		False		False	True	False	1.01602454753255	0.5563333333333333	0.9922653036341071	0.497	0.05349171651629479	1.0	7.917999121380765	15.977779839833577	126566	5891145	113888	87350	19373	0.407	0.5053	0.2807	0.4847	0.6506	0.4657	56.2
NC_051811.1	77245369	77305935	60566	convergent	NA	LOC111096922	True	False	False	False	False	False	False	False	False	False	False		False		False	True	False	0.9330285653802614	0.23333333333333334	0.9138781208537519	0.154	0.04937771073380077	1.0	2.4520215467595285	13.357460555712676	124348	10993363	945218	129866	100	0.8057	0.5053	0.8733	0.723	0.6447	0.7104	95.2
NC_051811.1	80890788	80943582	52794	convergent	MAPK4	LOC100688129	True	False	False	False	False	False	True	False	False	False	False		False		True	True	False	1.005624201773511	0.5243333333333333	0.9420497075617313	0.2846666666666667	0.052124566625623536	1.0	9.841597476285367	18.51648300103467	92185	14634896	268243	148632	24106	0.493	0.5053	0.2067	0.2497	0.535	0.3979	41.4
NC_051812.1	52431	118675	66244	convergent	LOC119872972	LOC119872973	True	False	False	False	False	False	True	True	False	False	False		False		False	True	False	0.44091164209067835	0.012666666666666666	0.21760388695895672	0.012	0.04528039610456458	1.0	3.1351935236532182	16.412533944652928	864447	3659103	214085	14098	574	0.9787	0.5053	0.7413	0.4413	0.9931	0.7319	96.7
NC_051812.1	788172	845815	57643	convergent	LOC490585	OR4L1	True	False	False	False	False	False	False	True	False	False	False		False		False	True	False	0.9309361631506746	0.22333333333333333	0.9811699756845832	0.4563333333333333	0.04875844227135018	1.0	3.9666788915086166	23.80992352090231	133007	2927663	321290	939	34939	0.8793	0.5053	0.6077	0.0257	0.6703	0.5377	70.7
NC_051812.1	5172690	5239184	66494	convergent	LOC119873153	LOC608162	True	True	False	False	False	False	False	True	False	False	False		False		False	True	False	0.9757222266607859	0.421	0.9834423246532679	0.4653333333333333	0.05059412493490718	1.0	5.0204767171008555	19.33174980128253	0	1433014	785611	936	184419	0.6397	0.5053	0.4707	0.19	0.0901	0.3792	36.0
NC_051812.1	5534832	5600865	66033	convergent	LOC111097200	LOC119872981	True	False	False	False	False	False	False	False	False	False	False	37.48	True	7.07716	False	True	False	0.9605293228536058	0.364	0.966900400787592	0.3983333333333333	0.050250353961197994	1.0	3.226352542778238	13.726457715034485	342848	1794925	660041	294712	57388	0.6857	0.5053	0.724	0.6947	0.9309	0.7081	94.8
NC_051812.1	6167980	6227889	59909	convergent	LOC119872983	NOVA1	True	False	False	True	False	False	True	False	False	True	False		False		True	True	False	0.9339050882208952	0.23666666666666666	0.9752832208454609	0.436	0.050323957640733046	1.0	2.8662152154955565	22.70115093562914	97934	2425011	29955	149563	150437	0.6763	0.5053	0.7953	0.0463	0.554	0.5155	67.2
NC_051812.1	8640791	8694857	54066	convergent	LOC111096975	LOC102154002	True	False	False	False	False	False	True	False	False	True	False		False		False	True	False	0.9445122717450621	0.29033333333333333	0.9638376865774393	0.3873333333333333	0.049989095432551874	1.0	2.4291892350326343	21.515941734313966	467824	4894901	286462	261907	44373	0.7187	0.5053	0.8767	0.0783	0.9682	0.6294	87.0
NC_051812.1	10610167	10663583	53416	convergent	LOC102155565	HEATR5A	True	True	False	False	False	False	False	True	False	False	False		False		True	True	False	0.9940598933446037	0.485	0.9738995740190148	0.43066666666666664	0.05118092928857748	16.0	9.501303411697723	15.07741501687587	11875	6863952	655989	15455	562	0.5783	0.2863	0.216	0.5683	0.1534	0.3605	29.1
NC_051812.1	12903397	12977974	74577	convergent	NPAS3	EGLN3	True	True	False	False	False	False	False	True	False	False	False		False		True	False	False	1.0768809495389495	0.705	1.143391573175788	0.7953333333333333	0.05494693744160505	13.0	8.854354750623022	15.936808979839359	15685	9167762	1176284	28007	45244	0.342	0.3137	0.2403	0.4877	0.1749	0.3117	15.8
NC_051812.1	21931015	21992476	61461	convergent	LOC100684096	LOC119872816	True	False	False	False	False	False	False	False	False	False	False	39.5	False	4.96006	True	True	False	0.4753682402173009	0.015666666666666666	0.18518858708068728	0.011333333333333334	0.041904966091926794	0.0	1.1999826547184458	18.88421712602888	186745	11137336	4445874	199920	114580	0.9837	0.885	0.989	0.2233	0.7862	0.7734	98.0
NC_051812.1	27735066	27803631	68565	convergent	TMX1	LOC111097216	True	True	False	False	False	False	True	True	False	False	False		False		True	True	False	0.9965893759850833	0.493	1.0874617376953364	0.7236666666666667	0.05117784656744215	5.0	3.647767334496228	15.213093378964592	5652	5329733	165300	14674	14233	0.5787	0.4037	0.655	0.556	0.1189	0.4624	55.5
NC_051812.1	28781785	28839966	58181	convergent	LOC111097218	TXNDC16	True	False	False	False	False	False	True	False	False	False	False		False		True	True	False	0.8502004732421223	0.048	1.0151965660229325	0.5783333333333334	0.04877921297086962	5.0	3.3503900349843976	12.074987895786762	39125	4288206	143186	83644	7405	0.8773	0.4037	0.7013	0.825	0.2984	0.6212	84.8
NC_051812.1	36266983	36333691	66708	convergent	SLC38A6	LOC111097065	True	False	False	False	False	False	True	False	False	False	False		False		True	False	False	1.049745125341449	0.6436666666666667	1.0771480404496192	0.7063333333333334	0.05369599543924225	2.0	10.025779133886072	16.444130195153726	50337	3201231	105822	72468	22885	0.3943	0.4627	0.2007	0.439	0.3524	0.3698	32.3
NC_051812.1	54071776	54128751	56975	convergent	LOC102153790	LOC119873009	True	True	False	False	False	True	True	True	False	False	False		False		True	True	False	1.0335586502210463	0.6056666666666667	1.0052986494943499	0.5426666666666666	0.05498050775681445	23.0	4.0371689042170456	20.615347609800452	0	45791	45135	16648	16648	0.34	0.2423	0.5987	0.1197	0.0901	0.2782	10.0
NC_051812.1	55781421	55851186	69765	convergent	LOC111097231	LOC106559104	True	False	False	False	False	False	False	False	False	True	False		False		False	True	False	0.866696293858066	0.061	0.8561984627917409	0.063	0.04691243257892372	1.0	3.5297951417730364	19.88282024292719	266303	1761831	1674173	1639290	22161	0.9683	0.5053	0.6723	0.1543	0.8832	0.6367	87.6
NC_051812.1	58732540	58805036	72496	convergent	LOC119873149	LOC119873016	True	False	False	False	False	False	False	False	False	False	False	28.09	False	4.7614600000000005	True	True	False	0.9248083879089193	0.19166666666666668	0.8663321039102971	0.067	0.04935156191114723	1.0	2.7506415114132308	22.369022369384766	268788	4714316	1177972	784627	182418	0.81	0.5053	0.813	0.0513	0.8848	0.6129	83.5
NC_051812.1	61680835	61737486	56651	convergent	CALM1	LOC111097143	True	True	False	False	False	False	False	True	False	False	False		False		True	False	False	1.2218195648166508	0.873	1.3154881172478199	0.9106666666666666	0.06465572630011429	33.0	18.700168713630305	14.498333069623685	0	7000889	718757	7949	8668	0.118	0.1917	0.0787	0.6183	0.0901	0.2194	2.0
NC_051812.1	67788194	67843405	55211	convergent	LOC119873039	LOC111097248	True	False	False	False	False	False	True	False	False	True	False		False		False	False	False	1.0725035529306173	0.6973333333333334	1.1156970071613788	0.7613333333333333	0.054492003419683945	1.0	10.946649830631229	16.53318776686986	40799	894250	93499	157169	65893	0.36	0.5053	0.1803	0.43	0.3033	0.3558	27.8
NC_051812.1	70725627	70776316	50689	convergent	LOC106559203	LOC119881569	True	False	True	False	False	True	True	True	False	True	False		False		True	False	False	1.520542475546539	0.9806666666666667	1.3312960728257894	0.9176666666666666	0.08190685867679416	57.0	19.390880210945145	13.465398821005454	149029	183282	141034	2548	2548	0.0213	0.0693	0.0743	0.7153	0.7113	0.3183	18.2
NC_051812.1	71254791	71309046	54255	convergent	TNFAIP2	LOC480441	True	False	False	False	False	False	True	True	False	False	False		False		True	False	False	1.1910326903398747	0.849	1.2337250974833964	0.8726666666666667	0.06138296042666143	17.0	16.93397862524132	15.38605132775429	156918	347640	214245	1291	1430	0.1663	0.2783	0.0957	0.544	0.7272	0.3623	29.9
NC_051813.1	8313493	8376479	62986	convergent	LOC102156472	LOC102156400	True	True	False	False	False	False	True	False	False	False	False		False		True	False	False	1.0891992303604332	0.729	1.0830145395845174	0.7156666666666667	0.05478681464637674	1.0	15.717235554193143	17.893914503664583	0	2169826	134962	106629	8002	0.349	0.5053	0.109	0.3003	0.0901	0.2708	8.5
NC_051813.1	8406782	8479948	73166	convergent	LOC119873409	SOX9	True	True	False	True	False	False	True	True	False	False	False		False		True	False	False	1.0767269167533118	0.704	1.1026668703332543	0.7446666666666667	0.05465246781741621	1.0	14.44766940692038	18.12175650297574	0	2071447	36583	3160	8673	0.354	0.5053	0.1197	0.28	0.0901	0.2698	7.6
NC_051813.1	15175682	15238845	63163	convergent	LOC102154199	CACNG5	True	True	False	False	False	False	True	True	False	False	False		False		True	False	False	1.1661910273712348	0.826	1.1393607844948768	0.7906666666666666	0.059102417777037036	1.0	14.371189261366812	17.40499250903101	0	4188754	93573	2687	2687	0.2147	0.5053	0.1207	0.3427	0.0901	0.2547	5.9
NC_051813.1	33214836	33269418	54582	convergent	MSI2	CCDC182	True	False	False	True	False	False	True	True	False	True	False		False		False	True	False	0.9827211783213127	0.44733333333333336	1.0255685628823936	0.6056666666666667	0.053074884940521934	1.0	9.796907242096374	16.172933484731097	32873	326475	27291	1203	7939	0.4333	0.5053	0.2073	0.4633	0.2631	0.3745	34.3
NC_051813.1	35794767	35867117	72350	convergent	BRIP1	LOC100855486	True	False	False	True	False	False	True	True	False	True	False		False		False	True	False	0.866356311150889	0.061	0.7866545497901738	0.04533333333333334	0.047068529080008185	1.0	4.138278250704161	15.224420835387033	155942	680036	36175	493	105492	0.9663	0.5053	0.584	0.555	0.725	0.6671	91.3
NC_051813.1	42596793	42666787	69994	convergent	LOC102151497	LOC111097438	True	True	False	False	False	False	True	True	False	False	False		False		True	False	False	1.1481091487565906	0.8006666666666666	1.1840817217305302	0.8323333333333334	0.060255973145975354	38.0	8.473317311021756	13.938319659927517	31790	494609	69451	19285	7929	0.1903	0.1623	0.2533	0.677	0.258	0.3082	14.8
NC_051813.1	44260433	44316601	56168	convergent	LOC119873524	LOC119881587	True	True	False	False	False	False	False	True	False	False	False		False		False	False	False	1.023581957669785	0.5743333333333334	1.0512085089147092	0.6613333333333333	0.052486798042633946	32.0	8.521678000837118	13.617017083389815	13517	439741	530634	1282	1282	0.4677	0.195	0.252	0.702	0.1644	0.3562	28.0
NC_051813.1	53233104	53304110	71006	convergent	MED27	LOC111097551	True	True	False	True	False	False	True	True	False	True	False		False		True	False	False	1.1904977657446723	0.8486666666666667	1.20952407451272	0.8516666666666667	0.060058126100257805	4.0	21.794608505350453	15.945895798763358	6393	2255178	35503	28016	28016	0.194	0.42	0.0597	0.4873	0.1247	0.2571	6.3
NC_051813.1	55289222	55342350	53128	convergent	LOC102151894	LOC111097492	True	False	True	False	False	True	True	False	False	True	False		False		True	False	False	1.3519883320569104	0.9463333333333334	1.2438648816913367	0.8803333333333333	0.07102883362357906	45.0	16.59752550572628	16.67913059460915	159214	207999	115030	63383	15773	0.0587	0.1283	0.0983	0.4127	0.734	0.2864	11.5
NC_051813.1	60390416	60460489	70073	convergent	LOC119873444	LOC119873377	True	False	False	False	False	False	False	True	False	False	False		False		True	False	False	1.1497898762090994	0.8026666666666666	1.0838861079737545	0.7166666666666667	0.05881503890740566	2.0	9.772158501302115	16.510444796182277	50452	1202512	659142	1734	1734	0.224	0.4627	0.2083	0.4333	0.3524	0.3362	23.4
NC_051814.1	6647061	6715959	68898	convergent	LOC119881620	LOC119881618	True	True	False	False	False	False	False	True	False	False	False		False		False	True	False	0.2818225451444655	0.006	0.2542605751492083	0.014	0.03366432687608043	0.0	0.963758254743992	26.233397165934246	31510	3844367	595416	1589	1589	0.995	0.885	0.9947	0.007	0.258	0.6279	86.1
NC_051814.1	16586697	16654416	67719	convergent	LOC100685032	LOC119873751	True	False	False	False	False	False	False	True	False	False	False		False		False	True	False	0.9245138726269784	0.19066666666666668	0.8868719812989235	0.083	0.04958818052516397	1.0	7.681027125772884	19.504778616636703	79444	4146654	436987	4699	13814	0.775	0.5053	0.291	0.183	0.4828	0.4474	52.7
NC_051814.1	22082493	22156729	74236	convergent	LOC119873757	LOC102153700	True	False	False	False	False	False	True	True	False	False	False		False		True	False	False	1.2214104076718466	0.8726666666666667	1.252368439243734	0.8836666666666667	0.06248568218226006	2.0	34.350233752943076	15.851228272174037	80389	565838	298603	17944	12724	0.1503	0.4627	0.021	0.497	0.487	0.3236	19.3
NC_051814.1	24918877	24986657	67780	convergent	LOC119873626	LOC119873758	True	False	False	False	False	False	True	True	False	True	False		False		True	False	False	1.1958092052868754	0.853	1.12702812487334	0.7753333333333333	0.06289874155610484	32.0	11.698981133237696	11.228341749195236	122233	751093	48727	14837	5278	0.1427	0.195	0.1683	0.8717	0.6385	0.4032	42.5
NC_051814.1	25211889	25276787	64898	convergent	SLC25A17	MCHR1	True	True	False	False	False	False	True	True	False	False	False		False		True	False	False	1.1050954671470024	0.7503333333333333	1.0880729442536832	0.7243333333333334	0.05670022074340673	30.0	8.452312397241938	13.725794718437587	5662	1042664	67064	12832	12832	0.2767	0.205	0.2537	0.6947	0.1189	0.3098	15.2
NC_051814.1	29447517	29507386	59869	convergent	LOC102152977	MCM5	True	True	False	True	False	False	True	True	False	False	False		False		True	False	False	1.2487937871405754	0.8953333333333333	1.2512285764575004	0.8836666666666667	0.06415962479727598	1.0	29.374190792870714	15.887251773772881	22549	831314	29935	18695	18695	0.126	0.5053	0.0307	0.4943	0.2117	0.2736	8.9
NC_051814.1	33387381	33437530	50149	convergent	LOC106559418	LOC106559383	True	True	False	False	False	False	True	False	False	True	False		False		False	False	False	1.0523248327723547	0.6536666666666666	1.0850629713386297	0.7196666666666667	0.0529896427400739	1.0	8.855019626656606	19.839275990213668	12545	4766318	33702	82329	8628	0.438	0.5053	0.2403	0.156	0.1592	0.2998	13.7
NC_051814.1	34678177	34747422	69245	convergent	LOC102152060	TXNRD1	True	True	False	False	False	False	False	True	False	False	False		False		True	False	False	1.104199078593222	0.7496666666666667	1.1450952229827642	0.7973333333333333	0.05644566258042889	28.0	8.132771751890804	13.000240764995613	12201	6066662	1334046	24122	24122	0.284	0.2137	0.272	0.7563	0.1592	0.337	23.6
NC_051814.1	35158873	35212398	53525	convergent	SEPTIN10	LOC106559442	True	True	False	False	False	False	False	False	False	False	False		False		False	True	False	1.0207959730326712	0.5676666666666667	0.9902191642075777	0.487	0.05249394630962744	1.0	8.209206252830823	17.340526286466623	0	6046292	1806882	57243	15614	0.467	0.5053	0.2673	0.348	0.0901	0.3356	23.0
NC_051814.1	46275184	46345564	70380	convergent	TRNAI-UAU-2	LOC119873662	True	True	True	False	False	False	True	True	False	False	False		False		True	False	False	1.383825553321015	0.955	1.1835972828060388	0.832	0.0725601482314633	69.0	14.099171485703382	15.289387312106909	0	5078426	74552	17291	0	0.0527	0.0123	0.1247	0.5507	0.0901	0.1661	0.4
NC_051814.1	46556671	46612324	55653	convergent	LOC106559407	LOC119873664	True	False	True	False	False	False	False	True	False	False	False		False		True	False	False	1.6830930590528903	0.9913333333333333	1.8107168496906758	0.985	0.09197585393674655	63.0	17.63087202227602	18.75298779740181	65503	5352549	348675	15666	11347	0.0077	0.0433	0.088	0.2317	0.4221	0.1586	0.2
NC_051814.1	55173498	55233905	60407	convergent	NA	LOC102151272	True	False	False	False	False	False	False	False	False	False	False		False		True	True	False	0.9416682669257369	0.2763333333333333	0.9463640802621841	0.30533333333333335	0.048584741149244375	1.0	3.2287504247413152	17.144936546066102	78701	2555815	2433939	555375	100	0.8977	0.5053	0.723	0.3667	0.4788	0.5943	79.4
NC_051814.1	57054512	57104779	50267	convergent	LOC119873779	CLHC1	True	False	True	False	False	False	False	True	False	False	False		False		True	False	False	1.2905780560273032	0.9203333333333333	1.5891739165633916	0.9673333333333334	0.07005227022631143	42.0	11.122563010168765	14.940924346446991	70355	679871	557995	32123	11200	0.063	0.143	0.177	0.581	0.4442	0.2816	10.6
NC_051814.1	57815583	57880350	64767	convergent	LOC119873681	LOC111097852	True	False	False	False	False	True	True	False	False	True	False		False		False	True	False	0.9988938500834923	0.5006666666666667	0.9504144002556801	0.323	0.05249021645447036	1.0	5.882319569236156	20.786235949572394	272966	70142	148242	53637	20	0.4673	0.5053	0.3917	0.1107	0.8881	0.4726	58.6
NC_051814.1	61932847	61989787	56940	convergent	LOC102155693	LOC119873691	True	False	True	False	False	False	True	True	False	True	False		False		False	False	False	1.1844000250854783	0.842	1.1257435041576624	0.774	0.06324292281887835	47.0	9.765285071800749	15.22979018252383	186317	4183493	36038	7568	7568	0.1377	0.1177	0.2083	0.5543	0.7862	0.3608	29.3
NC_051814.1	63844443	63896703	52260	convergent	OTX1	LOC100686739	True	True	False	False	False	False	False	True	False	False	False		False		True	True	False	0.9764639485346555	0.4236666666666667	0.961285854126513	0.37566666666666665	0.05162683386589806	3.0	5.378126721248926	14.9977510496974	0	6092749	987989	6907	5011	0.5357	0.4403	0.436	0.577	0.0901	0.4158	44.5
NC_051814.1	66943912	67008116	64204	convergent	MEIS1	LOC111097797	True	True	False	True	False	False	True	False	False	True	False		False		True	True	False	0.9906561676187461	0.4736666666666667	1.01890056193918	0.5863333333333334	0.05216384344270244	1.0	18.208463434608294	13.379636808901125	23986	9198190	32102	132352	81938	0.49	0.5053	0.0827	0.7213	0.217	0.4033	42.7
NC_051814.1	68117840	68179368	61528	convergent	LOC100683563	C1D	True	True	False	False	False	False	True	True	False	False	False		False		True	False	False	1.0366846112554504	0.6126666666666667	1.1048264139905573	0.747	0.05411303753974277	5.0	15.602293172508514	13.113809580053685	26396	10370780	79720	488	18614	0.3753	0.4037	0.1097	0.7473	0.2325	0.3737	34.1
NC_051815.1	5132068	5205139	73071	convergent	LOC102157398	LOC119873853	True	False	False	False	False	False	True	True	False	False	False		False		True	False	False	1.1032514316633024	0.748	1.0808551152557135	0.7136666666666667	0.05969204352716968	35.0	8.056760551623714	18.44137244911517	118603	3491883	156027	2136	33885	0.203	0.1787	0.274	0.255	0.6258	0.3073	14.5
NC_051815.1	7585907	7653876	67969	convergent	LOC100687242	LOC106559451	True	False	False	False	False	False	False	True	False	False	False	41.9	False	4.64874	False	True	False	0.9410089760083498	0.271	0.946574748172611	0.30666666666666664	0.05019835194372028	25.0	2.9601073127922475	16.99305837804621	69891	5943171	2607315	2311	129592	0.6923	0.2273	0.777	0.3857	0.4397	0.5044	64.9
NC_051815.1	15804115	15863613	59498	convergent	LOC111097925	LOC111098006	True	False	False	False	False	False	False	False	False	False	False	37.99	True	6.66906	True	True	False	0.9607243387168137	0.365	0.9647760428890586	0.3903333333333333	0.049612944686714025	2.0	2.585966584101345	13.90685909986496	208864	1108139	3089002	221114	80706	0.7713	0.4627	0.8497	0.679	0.8201	0.7165	95.9
NC_051815.1	33774377	33832861	58484	convergent	LOC100856273	LOC100856119	True	True	False	False	False	False	False	False	False	False	False		False		False	True	False	0.8731959298776398	0.06733333333333333	0.9404566534936428	0.274	0.04867020773650921	1.0	3.373179929167242	17.238083696365358	3619	7439264	1639127	389827	18072	0.8907	0.5053	0.6983	0.3567	0.1074	0.5117	66.4
NC_051815.1	54176384	54240721	64337	convergent	MELK	LOC119874128	True	False	False	True	False	False	True	False	False	True	False		False		True	False	False	1.0687682327115673	0.6916666666666667	1.0653466631904245	0.6876666666666666	0.054730762644999445	7.0	9.694416560093094	15.138793130874634	33552	3111288	32168	95945	385	0.352	0.3723	0.2107	0.5627	0.2682	0.3532	27.1
NC_051815.1	56181459	56247618	66159	convergent	LOC111098102	LOC119874060	True	False	False	False	False	False	True	True	False	True	False		False		True	False	False	1.06386527272599	0.6806666666666666	1.084693380062282	0.718	0.05547688348141289	35.0	5.408161426859385	14.329577841541983	60462	5117274	127406	7887	4541	0.317	0.1787	0.434	0.638	0.3995	0.3934	39.7
NC_051815.1	67619694	67676552	56858	convergent	LOC119873978	LOC111097883	True	False	True	False	False	False	True	True	False	False	False		False		True	False	False	1.2872446807116242	0.9193333333333333	1.447990442210436	0.9486666666666667	0.07089252243091844	53.0	11.306327764964212	14.757274635059318	76877	1937353	213341	45046	11553	0.06	0.089	0.1733	0.595	0.4705	0.2776	9.5
NC_051815.1	72532281	72586362	54081	convergent	LOC106559529	LOC119873989	True	True	True	False	False	False	True	True	False	True	False		False		True	False	False	1.1828022860613994	0.8406666666666667	1.1203763849198818	0.7673333333333333	0.06349111822112961	49.0	7.6232452619706415	18.087415730421366	15679	2973823	65032	48768	6753	0.134	0.1083	0.2937	0.2827	0.1749	0.1987	1.3
NC_051815.1	74432972	74494463	61491	convergent	LOC111097897	LOC119874053	True	False	False	False	False	False	False	False	False	False	False	24.88	True	7.307460000000001	True	False	False	1.1922060874605203	0.8506666666666667	1.1966394486308098	0.8423333333333334	0.06190347103750707	0.0	52.671094738790174	13.667973391128966	138717	4878219	511932	339712	185978	0.1583	0.885	0.0043	0.6977	0.684	0.4859	62.0
NC_051816.1	729204	780179	50975	convergent	LOC100684529	LOC119874351	True	False	True	False	False	False	True	True	False	False	False		False		True	False	False	1.1613315238445163	0.819	1.2132081376314163	0.8553333333333333	0.06075322441830239	51.0	9.861167982392828	14.687343741493715	70309	2246970	43693	18205	6763	0.1787	0.0987	0.2057	0.601	0.4442	0.3056	14.1
NC_051816.1	888522	959052	70530	convergent	MUC21	LOC119876866	True	False	False	False	False	False	True	True	False	True	False		False		True	False	False	1.0858129217777035	0.721	1.0895530408814549	0.7253333333333334	0.055974031176091926	25.0	8.007690198291671	14.056227597621604	73787	2077874	80051	3740	4397	0.297	0.2273	0.277	0.6673	0.4576	0.3853	37.5
NC_051816.1	2021125	2084815	63690	convergent	LOC119881685	TSBP1	True	False	False	False	False	False	False	True	False	False	False		False		False	True	False	0.522950570261222	0.01633333333333333	0.6273056239113212	0.03	0.03571038762510895	0.0	2.0338269690550894	10.926853853113512	227970	948691	498270	3359	3359	0.993	0.885	0.9343	0.887	0.8444	0.9087	100.0
NC_051816.1	5010995	5063926	52931	convergent	LOC608284	FKBP5	True	True	False	False	False	False	True	True	False	False	False		False		True	True	False	1.016364172467279	0.5573333333333333	0.96282002504915	0.38266666666666665	0.05266180666251495	7.0	6.796336793356314	17.26260958457815	12460	1504288	95507	26965	26965	0.455	0.3723	0.334	0.3547	0.1592	0.335	22.1
NC_051816.1	10056117	10121857	65740	convergent	LOC111098152	LOC119874267	True	False	False	False	False	False	True	False	False	False	False		False		False	True	False	1.0690704347067668	0.692	1.003515615108609	0.539	0.054611485885164866	6.0	4.722206154999705	19.635596995451014	36013	6555815	218136	152314	11008	0.3547	0.388	0.513	0.1713	0.2835	0.3421	24.9
NC_051816.1	13571280	13642018	70738	convergent	LOC111098270	SUPT3H	True	True	False	False	False	False	True	False	False	False	False		False		False	False	False	1.0586614900350322	0.6696666666666666	1.0540243024423719	0.6663333333333333	0.054274246963876185	3.0	7.506679759896093	13.203902941483717	31649	6697892	297488	305173	41771	0.368	0.4403	0.2977	0.7403	0.258	0.4209	45.8
NC_051816.1	16360664	16416333	55669	convergent	OPN5	LOC119876862	True	True	False	False	False	False	False	True	False	False	False		False		False	True	False	0.9321284396931414	0.229	0.936859294295311	0.258	0.049683865788107746	0.0	2.258830623917596	17.635147998207493	13498	3916043	646588	7415	4555	0.7623	0.885	0.9023	0.3227	0.1644	0.6073	81.3
NC_051816.1	25815845	25884245	68400	convergent	LOC111098165	LOC111098166	True	False	False	False	False	False	False	False	False	False	False		False		False	True	False	0.9327713703344527	0.231	0.9138533794097602	0.154	0.04980850647628756	1.0	1.7684793388634397	18.466357370902752	399955	5541280	1729887	773741	49232	0.7453	0.5053	0.962	0.253	0.952	0.6835	92.6
NC_051816.1	40263604	40321877	58273	convergent	LOC100855752	LOC111098325	True	False	False	False	False	False	False	False	False	False	True	50.26	False	3.54012	False	True	False	0.9146743437100031	0.148	0.912442696198821	0.15	0.0490830432892203	1.0	2.3521218834939974	21.814315145665947	257260	1191024	1050417	307444	55732	0.8423	0.5053	0.8893	0.0683	0.8753	0.6361	87.4
NC_051816.1	41991512	42044662	53150	convergent	BCKDHB	LOC102155357	True	False	False	False	False	False	True	False	False	False	False		False		True	True	False	0.9788449793055948	0.43266666666666664	0.9682219137042761	0.4063333333333333	0.05161068602550483	10.0	3.044723776299664	10.703973884582519	93087	534300	296643	127978	52577	0.5373	0.3413	0.757	0.9037	0.5388	0.6156	83.9
NC_051816.1	47327902	47386565	58663	convergent	HTR1E	CGA	True	False	False	False	False	False	False	True	False	False	False		False		True	True	False	1.0123261918142803	0.546	1.0219309163153172	0.596	0.05301172808522657	15.0	2.660958136538098	17.330385593267586	32233	5873446	442180	6077	6077	0.4367	0.294	0.8337	0.349	0.2631	0.4353	50.5
NC_051816.1	48272208	48342011	69803	convergent	SPACA1	CNR1	True	False	False	False	False	False	False	True	False	True	False		False		False	True	False	0.9607978354164289	0.366	0.9392533838421107	0.269	0.04982462819416777	1.0	2.5699928831770986	16.54534618316158	317891	6823322	442287	17695	22850	0.742	0.5053	0.8537	0.4287	0.9179	0.6895	93.5
NC_051816.1	48393708	48452461	58753	convergent	LOC111098352	LOC119874280	True	False	False	False	False	False	False	True	False	True	False		False		False	True	False	0.9241996649501496	0.18966666666666668	0.9332914190977811	0.24266666666666667	0.04967891589791282	1.0	2.3781572831181643	25.22201531273978	201916	6939297	326312	28249	5161	0.763	0.5053	0.8843	0.011	0.8101	0.5947	79.6
NC_051816.1	53806181	53865232	59051	convergent	LOC100684677	LOC100687875	True	False	False	False	False	False	False	False	False	False	False		False		False	True	False	0.9100688045935248	0.13066666666666665	0.9310023971959949	0.22833333333333333	0.04842646997328256	1.0	2.4250596510873628	19.691013236840565	235706	12351919	722636	693111	39862	0.9137	0.5053	0.8777	0.167	0.8533	0.6634	90.2
NC_051816.1	64340623	64411071	70448	convergent	PRDM1	ATG5	True	False	True	True	False	False	True	True	False	True	False		False		True	False	False	1.2501710252842693	0.897	1.3107331083372236	0.9096666666666666	0.0671933295446328	41.0	18.08548529304322	16.04232905019863	75847	22892060	35224	23949	87411	0.0883	0.147	0.0833	0.4757	0.4663	0.2521	5.4
NC_051816.1	67608124	67672326	64202	convergent	GPR6	LOC111098188	True	False	False	False	False	False	False	True	False	False	False		False		True	True	False	1.0339077938482555	0.606	0.9902356161922217	0.487	0.054044191155004646	1.0	9.991982498553968	16.616707801818848	215225	26156438	755065	1582	45279	0.378	0.5053	0.201	0.4207	0.8295	0.4669	56.8
NC_051816.1	70866191	70918704	52513	convergent	MARCKS	LOC106559557	True	True	False	False	False	False	True	True	False	False	False		False		True	False	False	1.0276892667494855	0.584	1.0606753142863512	0.6786666666666666	0.05576765806062457	2.0	27.371258734113077	13.259402550433341	7553	29408660	40601	7479	14344	0.3043	0.4627	0.0363	0.7357	0.1304	0.3339	21.5
NC_051816.1	72343871	72396378	52507	convergent	LOC119874236	LOC111098409	True	False	False	False	False	False	True	False	False	True	False		False		True	False	False	1.065327391773363	0.6843333333333333	1.0251016266256572	0.6033333333333334	0.05520696106166368	1.0	29.752827371996908	13.415562958974778	45124	30886337	172031	242650	7422	0.3293	0.5053	0.03	0.7203	0.3279	0.3826	36.7
NC_051816.1	73372682	73425689	53007	convergent	LOC111098416	PSMB1	True	False	False	True	False	False	True	True	False	False	False		False		True	False	False	1.2210381705624063	0.8723333333333333	1.227286328393966	0.8683333333333333	0.0637956836846463	2.0	40.406231970302805	13.037634438555065	724185	31915398	26504	5756	9747	0.1293	0.4627	0.0147	0.754	0.9901	0.4701	57.7
NC_051817.1	670319	729017	58698	convergent	LOC111098485	LOC111098432	True	False	False	False	False	False	True	True	False	False	False		False		True	True	False	1.0191919474599673	0.5633333333333334	1.0071776173621416	0.5486666666666666	0.051941977014536164	4.0	6.325640044442563	19.55506877045133	124668	992125	144087	17271	17271	0.5063	0.42	0.3583	0.1793	0.6447	0.4217	46.4
NC_051817.1	2762900	2833447	70547	convergent	LOC119876950	LOC119864717	True	False	True	False	False	False	True	True	False	True	False		False		True	False	False	1.104043010933025	0.7493333333333333	1.123811056689918	0.7723333333333333	0.057263310918289026	59.0	4.900306571303353	19.03993939558665	126827	1106178	64101	14215	14215	0.262	0.0603	0.488	0.2113	0.6507	0.3345	21.7
NC_051817.1	8064988	8132108	67120	convergent	LOC111098516	LOC119865560	True	False	False	False	False	False	False	True	False	False	False		False		False	True	False	0.9323555228201599	0.22933333333333333	0.9466598294615746	0.30666666666666664	0.04917518369094785	0.0	1.6957676488821782	18.884297872844495	123548	1934690	774995	39496	9865	0.8313	0.885	0.966	0.2233	0.6416	0.7095	95.0
NC_051817.1	8580007	8642797	62790	convergent	LOC111098518	LOC111098519	True	False	False	False	False	False	True	True	False	False	False		False		False	True	False	0.9169601210715912	0.156	0.9516830477520823	0.328	0.04895154453325442	1.0	4.101460480086267	16.167610134397233	188598	1421836	262141	6134	6134	0.8573	0.5053	0.589	0.464	0.7895	0.641	88.7
NC_051817.1	10033333	10096852	63519	convergent	MIR8836	NUDCD1	True	False	False	False	False	True	False	False	False	False	False		False		False	True	False	0.9652891615708451	0.38433333333333336	1.0356286934554577	0.6303333333333333	0.050496231364345556	1.0	4.904503587282478	17.729137632082093	59908	31834	1042691	79797	70293	0.653	0.5053	0.488	0.317	0.3948	0.4716	58.4
NC_051817.1	12626538	12686868	60330	convergent	LOC106559613	CSMD3	True	False	False	False	False	False	False	True	False	False	False	40.73	False	4.02278	False	True	False	0.8414976226642281	0.045	0.7782443112909794	0.04466666666666667	0.04708953278328017	0.0	4.559111265564724	17.099007431368264	131703	2623445	2648540	602	56726	0.9663	0.885	0.532	0.373	0.6646	0.6842	92.8
NC_051817.1	16507341	16565029	57688	convergent	UTP23	LOC100687037	True	False	False	True	False	False	True	True	False	True	False		False		True	True	False	0.9730539310740591	0.4116666666666667	0.9877357893809676	0.478	0.051001938933652194	14.0	2.7700817778411047	14.637250725428263	36185	6502927	28844	6224	6323	0.595	0.304	0.8087	0.6083	0.2835	0.5199	67.9
NC_051817.1	24350676	24411685	61009	convergent	LOC119865453	LOC102151612	True	False	False	False	False	False	False	False	False	False	False	48.13	False	3.44548	False	True	False	0.9639757620924667	0.37833333333333335	0.934066072307527	0.247	0.0500588668022496	1.0	2.436953627792969	13.837021275570518	56180	6890712	689245	152667	68335	0.7093	0.5053	0.8757	0.6863	0.3808	0.6315	87.2
NC_051817.1	28001742	28068918	67176	convergent	LOC111098451	ADCY8	True	True	False	False	False	False	False	False	False	False	False		False		False	False	False	1.0873349300143484	0.724	1.0093178817629813	0.5563333333333333	0.055531606840217344	24.0	5.3189832908391415	12.086210396330236	10330	3236562	765306	188339	45331	0.3153	0.2363	0.442	0.824	0.1477	0.3931	39.3
NC_051817.1	29429036	29482883	53847	convergent	LOC102153335	LRRC6	True	True	False	False	False	False	False	True	False	False	False		False		False	False	False	1.094589110216944	0.7353333333333333	1.1098183516278863	0.7526666666666667	0.056564946377764165	1.0	9.48230222196595	17.13051290190622	19041	1815933	548843	11668	4221	0.2793	0.5053	0.2167	0.3683	0.1959	0.3131	16.3
NC_051817.1	42409351	42467972	58621	convergent	LOC119865519	LOC119865447	True	False	False	False	False	False	False	False	False	False	False		False		False	True	False	0.8564127675085866	0.051	0.7621627372391522	0.043333333333333335	0.04831171241498432	0.0	2.5089424412663046	20.41145107481215	538661	1692722	2586838	413692	12374	0.9237	0.885	0.8633	0.127	0.9785	0.7555	97.8
NC_051817.1	50196685	50266401	69716	convergent	LOC100683751	LOC100683821	True	True	False	False	False	False	False	False	False	False	False		False		False	True	False	0.7983380096499492	0.036333333333333336	0.9439376172870397	0.294	0.05000743463756989	0.0	2.445337515059529	20.20352148287224	0	9485604	409888	55234	55234	0.716	0.885	0.874	0.138	0.0901	0.5406	71.6
NC_051818.1	5712360	5767938	55578	convergent	LOC102155278	LOC119867007	True	True	False	False	False	True	False	True	False	False	False		False		True	False	False	1.2921133938561613	0.9216666666666666	1.3383078721642494	0.9193333333333333	0.06631632606043139	14.0	8.075268593151575	15.718167230061121	0	178540	635945	12819	12819	0.0983	0.304	0.274	0.5097	0.0901	0.2552	6.1
NC_051818.1	9869905	9920386	50481	convergent	LOC119865745	LOC100688839	True	False	False	False	False	False	False	True	False	False	False		False		False	True	False	0.9209190079607423	0.173	0.9218493790626526	0.186	0.04926703973961254	1.0	3.1928852633542397	21.71836459118387	295145	939574	1435757	5139	5374	0.821	0.5053	0.7313	0.0703	0.9046	0.6065	80.7
NC_051818.1	14495427	14554191	58764	convergent	LOC119874506	TEX47	True	False	False	False	False	False	False	True	False	False	False		False		False	True	False	0.9345682741619343	0.242	0.9450404708191752	0.298	0.04952183500313861	1.0	3.7056474443533953	16.586993283695644	75191	4261752	1017370	1667	1667	0.786	0.5053	0.6487	0.4263	0.4662	0.5665	76.1
NC_051818.1	19245636	19304857	59221	convergent	GNG11	BET1	True	True	False	False	False	False	True	True	False	False	False		False		False	True	False	0.9646970912479738	0.382	0.9464900438912213	0.30533333333333335	0.05074037254260769	1.0	2.794079142793515	15.130681439449912	25246	487998	56896	4300	4565	0.624	0.5053	0.8057	0.5633	0.2274	0.5452	73.1
NC_051818.1	43701564	43775013	73449	convergent	ADCYAP1R1	LOC102154587	True	True	False	False	False	False	True	False	False	False	False		False		True	False	False	1.0245210173800376	0.5756666666666667	1.0422720192462205	0.6413333333333333	0.052799102555109396	8.0	6.111070161042758	16.60075495686642	0	3455569	193771	58851	66581	0.448	0.3613	0.3737	0.4237	0.0901	0.3394	24.1
NC_051818.1	47079968	47131672	51704	convergent	LOC119867666	LOC111098822	True	False	False	False	False	False	True	False	False	False	False		False		False	False	False	1.0788499182480675	0.7073333333333334	1.0954916177168488	0.7313333333333333	0.055611941372518396	8.0	10.719184280732975	15.965563243085688	69180	6823101	213706	68350	17480	0.311	0.3613	0.185	0.486	0.4397	0.3566	28.2
NC_051818.1	60626704	60697896	71192	convergent	LOC119866869	SLC13A1	True	False	False	False	False	False	False	True	False	False	False		False		True	False	False	1.1363684767508693	0.7916666666666666	1.1790866688638926	0.829	0.05801887641166782	1.0	29.765962197815707	13.829226841612304	212700	20379581	524509	24807	20561	0.2413	0.5053	0.03	0.687	0.8258	0.4579	54.7
NC_051819.1	3753627	3825487	71860	convergent	LOC119869470	LOC119881733	True	True	False	False	False	False	False	True	False	False	False		False		True	False	False	1.193997978740272	0.8526666666666667	1.102283133740723	0.7443333333333333	0.06210945403418453	20.0	9.676164708038309	12.985457760173006	0	1416851	687617	4049	38048	0.1573	0.2603	0.211	0.757	0.0901	0.2952	12.4
NC_051819.1	4205082	4273748	68666	convergent	LOC111098951	LOC102151429	True	False	False	False	False	False	False	False	False	False	False		False		True	False	False	1.1469167633126933	0.7986666666666666	1.1851099424660205	0.833	0.058801715616094895	1.0	19.691057560513876	15.159453220367432	164415	1866709	484368	208404	12378	0.2243	0.5053	0.072	0.561	0.7447	0.4215	46.2
NC_051819.1	20314140	20377667	63527	convergent	LOC119869464	LOC119869379	True	False	False	False	False	False	True	False	False	False	False		False		True	True	False	0.9472477555648858	0.304	0.934672053873539	0.24933333333333332	0.049399029541731795	1.0	3.4002845804152417	19.754498423952043	95903	7255581	109665	77902	26375	0.8037	0.5053	0.6937	0.162	0.5464	0.5422	71.8
NC_051819.1	23412529	23465999	53470	convergent	MYF5	LIN7A	True	False	False	False	False	False	False	True	False	False	False		False		False	True	False	0.9756207117942175	0.42033333333333334	0.9753290304027498	0.436	0.051947266414012906	1.0	3.7819853126835508	17.922508965367857	239264	4162220	871080	2393	8007	0.5053	0.5053	0.6363	0.299	0.8576	0.5607	75.5
NC_051819.1	27740518	27794146	53628	convergent	LOC102154855	LOC100683898	True	False	False	False	False	True	True	False	False	True	False		False		True	True	False	0.9434866585732706	0.2843333333333333	0.9570094704657793	0.3486666666666667	0.049538935936975274	1.0	2.879838834292956	18.094495577471598	167332	165826	209721	151397	11042	0.7833	0.5053	0.7917	0.2817	0.7507	0.6225	85.0
NC_051819.1	27864256	27917940	53684	convergent	LOC111090020	RASSF9	True	False	False	False	False	True	True	True	False	True	False		False		True	True	False	0.9275881823255838	0.205	0.9502066626489163	0.32233333333333336	0.04897200163756105	1.0	3.8064788008009782	20.231281222719133	108902	289592	85955	27603	5459	0.8557	0.5053	0.6337	0.1367	0.593	0.5449	72.9
NC_051819.1	29615719	29672503	56784	convergent	LOC111098932	LOC111098894	True	False	False	False	False	False	False	False	False	False	False		False		True	True	False	0.9298701667095379	0.219	0.9660173814877868	0.395	0.048438090090072244	0.0	2.2538723912699923	19.567267723083496	44111	2042605	586421	147670	49328	0.9133	0.885	0.9033	0.1777	0.323	0.6405	88.5
NC_051819.1	30913325	30967876	54551	convergent	LOC119869342	DUSP6	True	False	True	True	False	False	True	True	False	True	False		False		True	False	False	1.1162758351368802	0.7696666666666667	1.0576406482979654	0.6733333333333333	0.059737815810034435	50.0	9.321762157057744	14.426647819970784	159400	2198128	27276	4573	5775	0.2027	0.1033	0.2227	0.6277	0.734	0.3781	35.6
NC_051819.1	32255898	32317043	61145	convergent	LOC111090028	CCER1	True	False	False	False	False	False	True	True	False	False	False		False		False	True	False	0.9837633388958185	0.45266666666666666	1.0065674738585948	0.5446666666666666	0.05220740676873816	1.0	4.319699676012075	22.02358255666845	38530	852258	203487	1935	9635	0.4877	0.5053	0.5597	0.063	0.2935	0.3818	36.4
NC_051819.1	35221213	35288244	67031	convergent	LOC119869290	TMCC3	True	True	False	False	False	False	True	True	False	True	False		False		True	False	False	1.0805794426775124	0.71	1.1305645598351954	0.7803333333333333	0.05677709698228402	14.0	13.29294562675904	16.074677408102787	20272	644666	174224	16277	8359	0.274	0.304	0.1363	0.473	0.2011	0.2777	9.8
NC_051819.1	50452875	50525877	73002	convergent	LOC119869387	LOC111098915	True	False	False	False	False	False	False	False	False	False	False		False		True	False	False	1.0656692220405801	0.6843333333333333	1.090132756587863	0.7256666666666667	0.0534451799966833	1.0	7.831801630327765	18.871532668349563	39376	10648318	380056	74132	14722	0.4113	0.5053	0.285	0.2237	0.2984	0.3448	25.4
NC_051819.1	56330968	56393135	62167	convergent	LOC119867837	LOC119869360	True	False	False	False	False	False	False	True	False	False	False		False		True	True	False	0.9493511286087252	0.31466666666666665	0.9312642507761717	0.22933333333333333	0.050231917303072963	2.0	3.035726249174842	15.438039370945521	87949	16520993	3461798	1571	1571	0.6867	0.4627	0.7593	0.5357	0.5161	0.5921	79.0
NC_051820.1	1623305	1690052	66747	convergent	PDIA4	LOC119869648	True	False	True	False	False	True	True	True	False	True	False		False		True	False	False	1.1923264403492295	0.8506666666666667	1.123683639461547	0.7713333333333333	0.06221890901095393	50.0	14.36941770688446	13.325147946107956	56678	145386	74231	10391	9948	0.1553	0.1033	0.1207	0.7283	0.3808	0.2977	13.0
NC_051820.1	12347409	12407429	60020	convergent	LUZP6	LOC102156014	True	False	True	False	False	False	False	True	False	False	False		False		False	False	False	1.0788688241568993	0.7073333333333334	1.1754273264944552	0.8256666666666667	0.06232852481354134	41.0	5.616871565431406	14.86932118733724	72581	531025	1027779	3007	3146	0.153	0.147	0.4117	0.587	0.4531	0.3504	26.9
NC_051820.1	22590144	22660334	70190	convergent	DYNC2I1	VIPR2	True	True	False	False	False	False	False	True	False	False	False		False		True	False	False	1.0898329938359455	0.73	1.1013206878706814	0.7416666666666667	0.05733223082190701	12.0	17.07538141282404	17.229679284951626	239	960719	1380241	48631	56325	0.2603	0.3233	0.0943	0.3577	0.0901	0.2252	2.4
NC_051820.1	22976673	23048542	71869	convergent	LOC111090199	LOC100682550	False	False	False	False	False	False	False	False	False	False	False		False		False	False	False	1.0322754230453355	0.6026666666666667	1.1204873326271771	0.7673333333333333	0.05508197190778691	1.0	5.498873184452084	20.91540060383933	62607	1348087	1478413	142295	14208	0.333	0.5053	0.4267	0.1043	0.4089	0.3556	27.5
NC_051820.1	35121001	35190439	69438	convergent	LOC100686540	WRN	True	True	False	False	False	False	False	False	False	False	False		False		True	True	False	1.0132241553957622	0.5476666666666666	1.009036918003112	0.5546666666666666	0.05188664886553717	6.0	3.511484883588945	11.249149338765578	0	1686160	355497	140118	7955	0.512	0.388	0.6753	0.8707	0.0901	0.5072	65.5
NC_051820.1	37178242	37231175	52933	convergent	LOC119869555	LOC102155995	True	True	False	False	False	True	False	False	False	False	False		False		True	False	False	1.0560653198316097	0.666	1.084613045888394	0.718	0.05477695101068441	8.0	4.298020877535095	13.7785225203543	0	292684	360395	110771	8415	0.35	0.3613	0.5613	0.691	0.0901	0.4108	44.0
NC_051820.1	37416979	37473636	56657	convergent	PPP1R3B	ERI1	True	False	False	False	False	True	False	True	False	False	False		False		True	False	False	1.1221353673260799	0.7773333333333333	1.071816222718358	0.6986666666666667	0.060205125033829535	25.0	3.360869567746938	17.507668142733365	79693	52085	600994	12225	23716	0.1917	0.2273	0.7003	0.3347	0.4828	0.3874	38.2
NC_051820.1	38028250	38082724	54474	convergent	LOC111090314	LOC111090316	True	False	False	False	False	False	False	True	False	False	False		False		True	False	False	1.0267870618574033	0.5816666666666667	1.0276349914453924	0.6116666666666667	0.05291987769831297	3.0	7.404812093864223	14.470030130878571	144513	558070	515911	908	908	0.4427	0.4403	0.302	0.6213	0.6989	0.501	64.0
NC_051820.1	46125770	46187174	61404	convergent	LOC119869631	LOC100682827	True	False	False	False	False	False	True	False	False	True	False		False		True	True	False	0.9801848474364604	0.43633333333333335	0.9772295291393995	0.442	0.05179366581560712	1.0	4.894138421540804	22.082651019096375	218528	5941766	177187	146485	5684	0.5193	0.5053	0.489	0.0603	0.8333	0.4815	60.7
NC_051820.1	46199665	46254098	54433	convergent	LOC119869583	LOC119869626	True	False	False	False	False	False	True	False	False	True	False		False		False	True	False	0.9544199687891192	0.33866666666666667	0.955844617793709	0.3436666666666667	0.050381299875591104	1.0	4.430177767894831	20.538391625881196	148119	6012175	106778	79561	11698	0.6697	0.5053	0.5457	0.121	0.7088	0.5101	65.9
NC_051820.1	49468828	49528532	59704	convergent	LOC119869512	LOC102156721	True	False	False	False	False	False	False	True	False	False	False		False		False	True	False	1.012783648061094	0.5466666666666666	1.007019861906767	0.5483333333333333	0.052716451706637336	1.0	11.51435349496491	17.638238542730157	151320	9283974	1149894	4144	24469	0.4503	0.5053	0.171	0.3227	0.716	0.4331	49.9
NC_051820.1	51445768	51508808	63040	convergent	LOC119874730	LOC119874609	True	False	False	False	False	False	False	False	False	False	False	23.68	False	5.761419999999999	False	True	False	0.9490909438440812	0.31333333333333335	0.9829902223840356	0.464	0.04961299678596994	0.0	3.1696269354844455	19.164617753797963	52288	11262582	3128502	1175659	705279	0.7713	0.885	0.7353	0.2007	0.3619	0.5908	78.7
NC_051820.1	54629014	54692819	63805	convergent	AGA	NEIL3	True	False	False	False	False	False	False	True	False	False	False		False		True	False	False	1.0228403583473755	0.5723333333333334	1.0271224705927073	0.6096666666666667	0.053259020803929406	1.0	17.161205220527012	14.330729998535846	139084	14446210	535013	10957	11183	0.4223	0.5053	0.0937	0.6377	0.6865	0.4691	57.5
NC_051821.1	4818014	4875944	57930	convergent	LOC111090412	LOC102151619	True	False	False	False	False	False	False	False	False	False	False	33.22	False	6.178679999999999	True	False	False	1.0654928284076834	0.6843333333333333	1.045443140603602	0.6523333333333333	0.05543276582692046	13.0	6.092579942199823	14.75981891155243	96979	2403959	1164570	193302	72039	0.3193	0.3137	0.376	0.5947	0.5502	0.4308	49.2
NC_051821.1	11891971	11964254	72283	convergent	LOC102157135	LOC111090504	True	False	False	False	False	False	True	True	False	True	False		False		True	False	False	1.1027541700122088	0.7463333333333333	1.0872201818034053	0.7233333333333334	0.056627042953764306	1.0	17.869255599586637	17.134340783611673	303112	1315736	73661	43628	15126	0.278	0.5053	0.0857	0.368	0.9097	0.4293	47.9
NC_051821.1	12278057	12338750	60693	convergent	LOC102157261	CYRIA	True	True	False	False	False	False	False	False	False	False	False		False		True	False	False	1.0900008627108502	0.7303333333333333	1.145063241046667	0.7973333333333333	0.05529333152623421	7.0	5.506041409248767	15.91289527022212	0	935445	453952	103481	23097	0.325	0.3723	0.4263	0.4907	0.0901	0.3409	24.7
NC_051821.1	15968485	16030074	61589	convergent	LOC111090394	APOB	True	False	False	False	False	False	False	True	False	False	False		False		True	False	False	1.1044758209054493	0.75	1.1200247287511826	0.7663333333333333	0.055277394066740766	0.0	9.358879717344486	18.92340038826591	50721	2755411	407273	37331	15746	0.3257	0.885	0.2213	0.2213	0.3524	0.4012	42.3
NC_051821.1	17141980	17213143	71163	convergent	LOC111090524	LOC119881779	True	False	False	False	False	False	False	False	False	False	False		False		False	True	False	0.9265472875959868	0.20066666666666666	0.9327688155174255	0.23866666666666667	0.04883503414844559	1.0	2.3090658783820524	18.083692704477617	102561	2673592	1553109	902155	13790	0.8707	0.5053	0.8943	0.2833	0.5721	0.6252	85.2
NC_051821.1	19088682	19138909	50227	convergent	LOC111090423	LOC111090532	True	False	False	False	False	False	False	False	False	False	False		False		False	True	False	0.9786716398645834	0.43166666666666664	1.0027058947235346	0.5353333333333333	0.05153156135439849	6.0	5.759158417276045	14.731355827908184	38795	737358	376925	57720	14673	0.545	0.388	0.3993	0.5977	0.2936	0.4447	52.1
NC_051821.1	25527391	25580014	52623	convergent	LOC119869680	SRD5A2	True	True	False	False	False	False	False	True	False	False	False		False		False	True	False	1.0183037304765308	0.5606666666666666	1.002921439550817	0.5356666666666666	0.05334323189501002	21.0	2.3960955110399182	26.321785926818848	0	3741376	871948	2857	2857	0.4173	0.2543	0.881	0.007	0.0901	0.33	20.4
NC_051821.1	34751027	34802687	51660	convergent	LOC102151793	KCNG3	True	True	False	False	False	False	True	True	False	False	False		False		False	False	False	1.0527275188234348	0.6546666666666666	1.1149009521111846	0.761	0.054009135768299646	18.0	7.44918162733651	17.150251366541937	1857	4700748	74190	6477	6477	0.381	0.2737	0.2997	0.366	0.0959	0.2832	10.8
NC_051821.1	51685511	51738942	53431	convergent	LOC119869763	LOC111090442	True	False	False	False	False	False	False	False	False	False	False		False		True	False	False	1.2091635232565232	0.8643333333333333	1.2792964533388616	0.896	0.06315961529693434	13.0	10.390524668441072	19.58061561044657	237226	579368	1213512	183655	9778	0.139	0.3137	0.1903	0.1767	0.8556	0.3351	22.6
NC_051821.1	52870289	52932765	62476	convergent	LOC111090443	LOC119864061	True	True	False	False	False	False	True	False	False	False	False		False		False	False	False	1.033528411511564	0.6056666666666667	1.0592163004487753	0.6776666666666666	0.05331490098936211	7.0	3.6648896571058676	18.375971658809764	23473	609910	91523	79160	6958	0.419	0.3723	0.6527	0.2603	0.217	0.3843	36.9
NC_051821.1	52940905	52993050	52145	convergent	LOC102154674	TRIM33	True	True	False	True	False	False	True	False	False	False	False		False		False	False	False	1.0307028937564393	0.5963333333333334	1.201197195610404	0.845	0.05508400641510174	35.0	6.58691487271224	16.96076666405707	0	675360	26073	113164	8035	0.333	0.1787	0.3423	0.3893	0.0901	0.2667	7.2
NC_051821.1	53716583	53781749	65166	convergent	LOC100688064	NGF	True	True	False	True	False	False	True	False	False	True	False		False		True	True	False	1.0297353359519699	0.5933333333333334	0.9871849425286054	0.47633333333333333	0.0522537712280767	1.0	3.8077501098494193	26.91639123492771	24166	1457549	32583	52844	13081	0.484	0.5053	0.6333	0.0053	0.2223	0.3701	32.5
NC_051821.1	55900409	55960106	59697	convergent	LOC111090684	LOC100688781	True	False	False	False	False	False	True	False	False	True	False		False		True	False	False	1.0706061661173047	0.6956666666666667	1.0961074905753136	0.7316666666666667	0.055268157814833616	4.0	7.109173436475335	17.804247841468225	155257	3638640	78027	70064	4573	0.327	0.42	0.3187	0.3087	0.7249	0.4198	45.3
NC_051821.1	57904516	57954590	50074	convergent	LOC102154106	LOC111090694	True	False	False	False	False	False	True	True	False	True	False		False		True	False	False	1.1008494462540115	0.743	1.122071071973443	0.769	0.05747231605340141	9.0	5.381629590519264	18.21992337703705	404553	5637936	29110	4073	4073	0.255	0.3503	0.4353	0.2713	0.9535	0.4531	53.8
NC_051821.1	62647649	62699011	51362	convergent	LOC119864001	LOC119878526	True	False	False	False	False	False	False	False	False	False	False		False		False	True	False	0.20273152868522393	0.004666666666666667	0.09889100882783532	0.007	0.03664666030036739	0.0	0.8564059085681809	11.66265869140625	173330	10381713	628322	77316	7652	0.9917	0.885	0.9953	0.8473	0.7627	0.8964	99.8
NC_051821.1	62708801	62760445	51644	convergent	LOC119878525	LOC119877138	True	False	False	False	False	False	False	True	False	False	False		False		False	True	False	0.12500520713379776	0.003	0.007270290553569794	0.0036666666666666666	0.03685010879658142	0.0	1.096944886149153	14.969016710917154	234623	10443006	689615	26629	7680	0.9917	0.885	0.9917	0.5783	0.8522	0.8598	99.6
NC_051822.1	7159763	7220802	61039	convergent	LOC111090865	LOC102151924	True	False	False	False	False	False	True	True	False	False	False		False		False	True	False	0.9419526820263733	0.2783333333333333	0.9371237871587277	0.25866666666666666	0.0498329444295065	1.0	2.7981300349629183	17.112945274873212	34718	19068196	74877	21720	8671	0.7413	0.5053	0.805	0.3707	0.2733	0.5391	70.9
NC_051822.1	11006057	11065538	59481	convergent	VPS41	LOC119864320	True	True	False	False	False	False	False	True	False	False	False		False		True	False	False	1.0710754761823167	0.696	1.094110395361483	0.7296666666666667	0.05645998827765206	2.0	18.528854275969888	15.291282098684738	0	15222681	1253661	34009	25376	0.2823	0.4627	0.081	0.5503	0.0901	0.2933	12.1
NC_051822.1	12195480	12258671	63191	convergent	LOC100683828	EPDR1	True	False	False	False	False	False	True	True	False	True	False		False		False	True	False	0.9625375584706185	0.37233333333333335	0.9213894132338464	0.18533333333333332	0.05072330909219123	2.0	5.3683865259180825	20.092136424163293	77075	14031403	62383	452	19828	0.625	0.4627	0.4367	0.145	0.4746	0.4288	47.7
NC_051822.1	18243340	18307563	64223	convergent	PHTF2	MAGI2	True	True	False	False	False	False	True	False	False	False	False		False		True	True	False	1.0140184283670923	0.5506666666666666	0.9899170840464533	0.48633333333333334	0.052777052804867004	0.0	13.679453764334067	14.715380107317749	0	7983027	263457	113512	13364	0.4487	0.885	0.1313	0.599	0.0901	0.4308	49.2
NC_051822.1	23806419	23872683	66264	convergent	LOC111090917	SEMA3A	True	False	False	True	False	False	True	False	False	True	False		False		False	True	False	0.9160976328183297	0.15266666666666667	0.9598336417540908	0.36633333333333334	0.049183885085945137	1.0	6.184929348442933	16.93173201424735	64551	2418927	33132	237790	30863	0.8307	0.5053	0.3677	0.3913	0.4176	0.5025	64.4
NC_051822.1	30797965	30858164	60199	convergent	LOC111091010	LOC100682696	True	True	False	False	False	False	False	True	False	False	False		False		False	True	False	0.7490973547787921	0.029666666666666668	0.6944942727535963	0.035333333333333335	0.046968846969813634	1.0	2.26663677305749	23.5157694383101	3064	2772946	1453487	4186	3837	0.9677	0.5053	0.9013	0.0303	0.1074	0.5024	64.2
NC_051822.1	36175607	36236940	61333	convergent	LOC111090814	LOC119864218	True	False	False	False	False	False	True	True	False	True	False		False		False	False	False	1.049606703753991	0.6436666666666667	1.1091835431873798	0.752	0.05384032140085882	3.0	8.776815446135315	17.217412279999774	81273	2605240	41620	10953	10953	0.3897	0.4403	0.2423	0.359	0.4911	0.3845	37.1
NC_051822.1	37530345	37599747	69402	convergent	MPPED2	ARL14EP	True	True	False	True	False	False	True	True	False	False	False		False		True	True	False	1.012607914458513	0.5466666666666666	0.9488838191851974	0.31566666666666665	0.052676430035559864	17.0	6.939812912050817	15.721116705374284	0	1660380	34701	19237	19292	0.454	0.2783	0.327	0.5093	0.0901	0.3318	20.8
NC_051822.1	37625161	37675210	50049	convergent	LOC111090955	OR10V5	True	False	False	False	False	False	True	True	False	False	False		False		False	True	False	0.9754437412452183	0.419	0.9393252826817333	0.269	0.05108832316379573	8.0	4.009628429282126	19.341494366526604	75185	1575241	119840	1217	6177	0.5883	0.3613	0.603	0.19	0.4662	0.4418	51.4
NC_051822.1	55169332	55241058	71726	convergent	AHNAK	SCGB1A1	True	False	True	True	False	False	True	True	False	True	False		False		True	False	False	1.326275711723061	0.9393333333333334	1.2106747021973132	0.8526666666666667	0.06959880107485689	54.0	10.343374624423307	16.244408146864703	80195	1882892	35863	4036	10203	0.067	0.086	0.1927	0.4567	0.487	0.2579	6.5
NC_051822.1	55656583	55708852	52269	convergent	LOC100856625	LOC111091015	True	False	True	False	False	False	True	True	False	True	False		False		True	False	False	1.1963641583981104	0.853	1.0689968844503164	0.6926666666666667	0.06504054052502373	43.0	6.802479641819181	15.368047769988909	67283	2360414	50077	4023	4023	0.1133	0.1383	0.334	0.5443	0.4309	0.3122	16.1
NC_051823.1	15192889	15259450	66561	convergent	LOC119864516	FAT4	True	False	False	True	False	False	True	False	False	True	False		False		False	True	False	0.9015704689760126	0.109	0.8228723637789488	0.050333333333333334	0.049070136144502105	1.0	2.9451492742155985	21.168206426832413	76169	1491726	33281	172204	265551	0.843	0.5053	0.779	0.091	0.4703	0.5377	70.7
NC_051823.1	22718008	22788982	70974	convergent	NA	LOC111091051	True	True	True	False	False	False	False	False	False	False	False		False		False	False	False	1.6344637453984783	0.99	3.746469540234655	1.0	0.0890213543280714	76.0	5.3308649162812545	17.611197219954597	3495	9019052	1327208	565676	101	0.0103	0.0	0.4417	0.326	0.1074	0.1771	0.9
NC_051823.1	32708863	32761746	52883	convergent	NA	LOC100683928	True	False	False	False	False	False	False	True	False	False	False		False		False	False	False	1.0332450097343613	0.605	1.033129478225112	0.6226666666666667	0.052653527774451814	0.0	3.60244002363053	16.512806585856847	235304	7146649	672115	351	100	0.4563	0.885	0.6607	0.4333	0.8533	0.6577	89.8
NC_051823.1	40699370	40753962	54592	convergent	LOC119864393	LOC119864525	True	False	False	False	False	False	False	False	False	False	False	45.71	False	3.31068	False	True	False	0.9896956667359176	0.4713333333333333	1.0090384921073914	0.5546666666666666	0.05160433004178971	0.0	3.210580670400353	16.04614683856135	101666	844692	530211	277778	106276	0.5377	0.885	0.7277	0.4753	0.5686	0.6389	88.1
NC_051823.1	42150441	42214374	63933	convergent	LOC119864487	LOC119864518	True	False	False	False	False	False	False	False	False	False	False		False		True	True	False	0.9575556383067599	0.35133333333333333	0.9570069631099701	0.3486666666666667	0.04933986039417408	1.0	1.702630015866334	15.82749776279225	232407	2300433	1863467	58536	12142	0.812	0.5053	0.9653	0.4987	0.85	0.7263	96.3
NC_051823.1	43660794	43734482	73688	convergent	LOC119864395	LOC119864396	True	False	False	False	False	False	False	False	False	False	False	26.7	False	4.45736	False	True	False	0.9348707059953386	0.24266666666666667	0.9552722442522645	0.3416666666666667	0.0497648007043255	1.0	2.388180352463524	22.233840575585	72638	3815664	348236	683467	71379	0.7493	0.5053	0.883	0.0557	0.4531	0.5293	68.5
NC_051823.1	46607767	46663039	55272	convergent	KYNU	LOC111091185	True	False	False	False	False	False	False	True	False	False	False		False		False	True	False	1.0062870382513154	0.527	0.9878354538649321	0.4786666666666667	0.05340037087207344	35.0	4.317466017650892	13.769731476902962	35403	6753429	758879	2649	2649	0.413	0.1787	0.5603	0.6917	0.2784	0.4244	47.3
NC_051823.1	50766576	50830568	63992	convergent	LOC111091082	LOC111091197	True	False	False	False	False	False	False	False	False	False	False		False		True	True	False	0.9851167475713173	0.4583333333333333	1.0091267491474747	0.555	0.05262681997825487	1.0	7.4347511248702425	17.51166666940201	101428	10916598	2553781	283938	3914	0.4577	0.5053	0.3007	0.334	0.5686	0.4333	50.1
NC_051823.1	51746959	51816629	69670	convergent	LOC111091200	LOC119864405	True	False	False	False	False	False	False	True	False	False	False		False		True	False	False	1.1329729534750845	0.7873333333333333	1.1509835222020746	0.8023333333333333	0.05939314566776172	23.0	22.55256258218655	14.08250559482029	56794	11899820	1570559	13105	13105	0.2087	0.2423	0.057	0.6643	0.3808	0.3106	15.6
NC_051823.1	53515801	53574039	58238	convergent	LOC119864407	LOC119864408	True	False	False	False	False	False	True	False	False	True	False		False		True	True	False	0.9915928780424111	0.4766666666666667	0.9766839900799096	0.44066666666666665	0.05192252625835893	0.0	13.6144710981468	16.079711440705903	30080	13662946	172424	93296	27951	0.5087	0.885	0.1327	0.4723	0.2528	0.4503	52.9
NC_051823.1	53669125	53730654	61529	convergent	LOC100687327	LOC119864410	True	False	False	False	False	False	False	True	False	False	False		False		False	True	False	0.996269072185806	0.49233333333333335	1.0223990117698907	0.5976666666666667	0.05145512275112206	1.0	9.26540643642759	18.343497811900495	99889	13817915	327393	1790	16343	0.5517	0.5053	0.2243	0.262	0.5616	0.421	46.0
NC_051824.1	4223236	4289981	66745	convergent	LOC100683648	CHCHD4	True	True	False	False	False	False	True	True	False	False	False		False		False	True	False	0.9351375046879425	0.24333333333333335	0.9378062051013112	0.262	0.04834078975076823	6.0	2.905244935147369	15.32888453219665	0	3741862	93658	2304	2304	0.9213	0.388	0.7853	0.547	0.0901	0.5464	73.5
NC_051824.1	11749774	11807289	57515	convergent	LOC100685632	LOC111091252	True	True	False	False	False	False	False	False	False	False	False		False		True	True	False	0.9712006588086018	0.4073333333333333	0.9666602624192834	0.3973333333333333	0.050654824315052714	1.0	3.2233779848860333	14.523271719614664	28531	3780039	3537964	660581	29272	0.631	0.5053	0.7243	0.6163	0.2427	0.5439	72.2
NC_051824.1	12427622	12487484	59862	convergent	LOC111091257	EDEM1	True	False	False	False	False	False	False	True	False	False	False		False		False	False	False	1.0744668235575108	0.7006666666666667	1.0689193560920656	0.6926666666666667	0.056143536911839924	16.0	5.432510617533591	15.902062473625973	42447	4459061	4216986	28375	15216	0.2927	0.2863	0.4323	0.493	0.3132	0.3635	30.6
NC_051824.1	13377340	13441692	64352	convergent	LOC476550	LOC100686411	True	False	False	False	False	False	False	False	False	False	False		False		False	True	False	0.9506856827398791	0.31933333333333336	0.9196195583820344	0.17933333333333334	0.05006423106334449	1.0	2.0262451506206376	18.11439347267151	109516	5411024	3404166	115437	7432	0.709	0.5053	0.9357	0.28	0.5964	0.6053	80.5
NC_051824.1	17040502	17103820	63318	convergent	LOC102154165	LOC119864650	True	True	False	False	False	False	True	True	False	True	False		False		False	True	False	0.9487297069739661	0.31233333333333335	0.9500752347201109	0.322	0.0493882047870743	1.0	3.5585244526786735	18.56925509572029	2839	9073669	63184	31525	5458	0.8043	0.5053	0.668	0.244	0.1016	0.4647	56.0
NC_051824.1	19442546	19500025	57479	convergent	SHQ1	LOC102154862	True	True	False	False	False	False	False	False	False	False	False		False		True	False	False	1.18020497977969	0.8376666666666667	1.133441154897213	0.7816666666666666	0.06171113861769033	28.0	8.49589556031746	16.169145342121777	3715	11472793	1000823	102300	11927	0.1607	0.2137	0.2527	0.464	0.1074	0.2397	3.7
NC_051824.1	21700981	21759122	58141	convergent	MDFIC2	LOC119864576	True	False	False	False	False	False	True	True	False	False	False		False		False	True	False	0.9571684271764059	0.35033333333333333	0.9291846217796207	0.22033333333333333	0.04989484369553473	1.0	4.4805966246019615	21.6707542859591	94949	13731559	153260	12201	107355	0.7317	0.5053	0.5407	0.0723	0.5426	0.4785	59.9
NC_051824.1	24572625	24634330	61705	convergent	LOC102157163	LOC111091281	True	True	False	False	False	False	False	False	False	True	False		False		True	True	False	0.9555613668586435	0.344	0.9773503157302738	0.44233333333333336	0.049654787875358514	1.0	2.4852830225195937	19.690271492004396	3477	13208504	345270	57297	54159	0.766	0.5053	0.8677	0.1673	0.1074	0.4827	61.2
NC_051824.1	32811725	32865996	54271	convergent	LOC111091305	SLMAP	True	True	False	False	False	False	False	True	False	False	False		False		True	False	False	1.1981022375337398	0.8536666666666667	1.2814618659168482	0.8966666666666666	0.06278504980698102	14.0	15.234985630261523	14.629278937975565	11140	4973121	471846	4910	4910	0.144	0.304	0.1113	0.6087	0.1534	0.2643	6.9
NC_051825.1	1063011	1131564	68553	convergent	LOC111091473	LOC606831	True	False	False	False	False	False	False	True	False	False	False		False		False	True	False	0.9137884943133178	0.14433333333333334	0.8989350675776601	0.10533333333333333	0.04910121384754876	2.0	4.545596520485086	18.791230154037475	77713	5367498	380045	1388	16346	0.8393	0.4627	0.534	0.2283	0.4747	0.5078	65.7
NC_051825.1	11676400	11742674	66274	convergent	GRM5	LOC119864956	True	False	False	False	False	False	False	False	False	False	False		False		True	True	False	0.9764447263402211	0.4236666666666667	0.9343098147138953	0.24833333333333332	0.05091509110424522	20.0	3.71578307899636	11.483078147089758	84537	5244731	2267972	95756	4908	0.605	0.2603	0.6483	0.8567	0.5036	0.5748	77.2
NC_051825.1	15952393	16002786	50393	convergent	DLG2	LOC100686619	True	True	False	True	False	False	True	True	False	True	False		False		False	True	False	0.9471793249410614	0.303	0.9123149711944163	0.15	0.04932852258220613	1.0	5.002478379131918	13.66312264381571	22411	3761275	25196	876	46491	0.8127	0.5053	0.4727	0.698	0.2117	0.5401	71.4
NC_051825.1	38848629	38901890	53261	convergent	LOC102152988	CRSP-2	True	False	False	False	False	False	True	True	False	True	False		False		False	True	False	0.9436839596398081	0.2866666666666667	0.9082092733845115	0.13033333333333333	0.0495190994028616	1.0	2.6432163745220265	25.578647790131747	299741	4352939	133670	3786	2685	0.7863	0.5053	0.8363	0.0097	0.9073	0.609	82.2
NC_051825.1	48906661	48959809	53148	convergent	BBOX1	LOC111091586	True	False	False	False	False	False	False	True	False	False	False		False		True	True	False	1.0056218296444208	0.5243333333333333	0.9818293984532356	0.45966666666666667	0.05138054323102471	1.0	14.71039596077299	15.03628459889838	291765	2992202	402557	31938	11327	0.5577	0.5053	0.1163	0.5717	0.9019	0.5306	68.8
NC_051825.1	51990876	52054339	63463	convergent	LOC119864909	LOC119864867	True	False	False	False	False	True	False	True	False	False	False		False		True	True	False	0.42583837201617925	0.011333333333333334	0.1577117000333965	0.009	0.04686606678703677	5.0	4.194276295132133	13.05970090150833	297607	97145	2635643	1335	26437	0.9687	0.4037	0.5743	0.7527	0.9059	0.7211	96.1
NC_051826.1	1416239	1480570	64331	convergent	LOC111091743	LOC111091793	True	False	False	False	False	False	False	False	False	False	False	39.29	False	4.48116	True	False	False	1.0293682475379642	0.592	1.0593716915994882	0.678	0.05308621953851644	5.0	14.494874226074295	10.91796701661558	98404	386118	418913	290354	61550	0.4323	0.4037	0.1177	0.8877	0.5577	0.4798	60.1
NC_051826.1	5334971	5405776	70805	convergent	ZC3H13	LOC111091811	True	True	False	True	False	False	True	True	False	False	False		False		True	False	False	1.04924558432297	0.6436666666666667	1.0766568449631333	0.7063333333333334	0.05400135283242508	1.0	15.626452528811656	13.203113891947716	0	857152	35402	32594	32594	0.381	0.5053	0.1097	0.7403	0.0901	0.3653	31.2
NC_051826.1	10143251	10217071	73820	convergent	LOC111091828	LOC100685259	True	False	False	False	False	True	False	False	False	False	False		False		False	False	False	1.0527625137952665	0.6546666666666666	1.0880242731451988	0.7243333333333334	0.054630436467169675	5.0	6.085808915970481	21.700935978359645	80161	120131	3907823	52861	52861	0.3543	0.4037	0.3773	0.072	0.487	0.3389	23.9
NC_051826.1	14184578	14251277	66699	convergent	PCDH17	LOC119865129	True	False	False	True	False	False	True	False	False	True	False		False		False	True	False	0.9304050983819674	0.22133333333333333	0.9281946768075228	0.21566666666666667	0.04963139693389324	1.0	2.557104498455822	17.772908733004616	267927	4157897	33349	96594	98090	0.768	0.5053	0.855	0.3127	0.884	0.665	90.5
NC_051826.1	16687132	16738584	51452	convergent	TDRD3	LOC100686550	True	True	False	False	False	False	False	True	False	False	False		False		True	True	False	1.0024758003383336	0.513	1.0131416787840426	0.5726666666666667	0.052255113199588296	6.0	6.688778276976555	17.797237075976472	12142	6652828	675578	24565	24565	0.484	0.388	0.3377	0.3097	0.1592	0.3357	23.2
NC_051826.1	19596764	19663367	66603	convergent	LOC100687588	LOC100687653	True	False	False	False	False	False	False	False	False	False	False	26.06	False	4.29328	False	True	False	0.9221054939879649	0.178	0.9298172083720565	0.22266666666666668	0.04859285216414593	1.0	2.84081061369678	19.49074923992157	269935	9570035	1947532	195799	50525	0.8977	0.5053	0.7987	0.1833	0.8856	0.6541	89.6
NC_051826.1	27517646	27576124	58478	convergent	KLF5	LOC100682890	True	False	False	True	False	False	True	True	False	True	False		False		False	True	False	0.9845020614592194	0.4553333333333333	0.9774381408020854	0.44233333333333336	0.051569202117675815	6.0	5.554255053333212	16.812515169382095	346885	15332413	29239	22083	52834	0.543	0.388	0.4193	0.4	0.9327	0.5366	70.3
NC_051826.1	29235878	29299159	63281	convergent	LOC100684181	LOC111091654	True	False	False	False	False	False	False	False	False	False	False	35.11	False	5.65148	False	True	False	0.9417672344962026	0.27666666666666667	0.9419835629925132	0.2836666666666667	0.04893656461166801	1.0	2.372867278418569	15.606966068870143	107482	13611780	482950	326346	134195	0.8587	0.5053	0.8857	0.5177	0.5894	0.6714	91.5
NC_051826.1	33638670	33695479	56809	convergent	LOC106557558	SPRY2	True	True	False	True	False	False	True	True	False	False	False		False		False	True	False	0.9518696522420607	0.324	0.9462658296242357	0.30466666666666664	0.049362454857597736	1.0	2.3219113231647452	21.76400703430176	7926	9212224	28405	5113	27708	0.8087	0.5053	0.8927	0.07	0.1304	0.4814	60.5
NC_051826.1	36431283	36491812	60529	convergent	LOC100684683	LOC111091757	True	False	False	False	False	False	False	False	False	False	False		False		False	True	False	0.9366444878482155	0.251	0.9223551112636924	0.18833333333333332	0.04945300157125466	0.0	2.1789725385469043	18.77098222005935	313453	6417751	2760955	198916	14467	0.7943	0.885	0.915	0.231	0.9158	0.7482	97.6
NC_051826.1	45865441	45937672	72231	convergent	GPR180	SOX21	True	True	False	False	False	False	False	True	False	False	False		False		True	True	False	1.0038373365811981	0.5166666666666667	0.9967826999813318	0.514	0.051972647391135184	2.0	6.1954182337134185	16.196546670162316	0	3021535	1598909	2551	34122	0.5033	0.4627	0.3667	0.4627	0.0901	0.3771	35.4
NC_051826.1	55453706	55512794	59088	convergent	LOC100683697	LOC111091706	True	True	False	False	False	False	False	False	False	False	False		False		True	True	False	0.9906803782098248	0.4736666666666667	1.0187502124160528	0.586	0.05195236885477423	1.0	3.4810814210595784	19.466213035583497	0	12603229	3335689	608487	91811	0.505	0.5053	0.6803	0.1843	0.0901	0.393	39.0
NC_051826.1	55859005	55918918	59913	convergent	LOC119865267	LOC119865154	True	False	False	False	False	False	False	False	False	False	False	25.53	False	5.220280000000001	False	True	False	0.9763543598576834	0.4236666666666667	0.9740646369501949	0.43066666666666664	0.05127163490355903	1.0	5.5449737966157135	19.57138878612195	186039	13008940	2929978	202363	80888	0.5683	0.5053	0.421	0.1777	0.7862	0.4917	62.9
NC_051826.1	59581650	59643922	62272	convergent	ING1	LOC119865109	True	True	False	True	False	False	True	True	False	False	False		False		False	False	False	1.018364392607669	0.5606666666666666	1.0085687985613943	0.5533333333333333	0.05206023039638275	1.0	8.938460928011773	15.107239121482486	12786	16732765	31136	5542	6796	0.4967	0.5053	0.237	0.565	0.1592	0.3926	38.8
NC_051827.1	1109045	1172665	63620	convergent	SYNDIG1	LOC100688361	True	False	False	False	False	False	False	False	False	False	False	39.0	False	2.41274	False	True	False	1.0883790593218388	0.7283333333333334	0.982393255520612	0.462	0.05582686016839206	17.0	6.277305707358894	14.477747946074516	65855	877667	1696441	189544	117837	0.3033	0.2783	0.363	0.6203	0.4222	0.3974	41.0
NC_051827.1	2619236	2673562	54326	convergent	LOC100687334	LOC111091893	True	False	False	False	False	True	True	True	False	False	False		False		False	True	False	0.8760507789018078	0.071	1.0222923527494072	0.5976666666666667	0.05069272855864628	1.0	3.0271408708247485	20.523564281670943	28601	173476	190897	22959	8529	0.6287	0.5053	0.76	0.1217	0.2427	0.4517	53.1
NC_051827.1	3227875	3294390	66515	convergent	LOC111091943	LOC119865296	True	False	True	False	False	False	False	True	False	False	False		False		True	False	False	1.0592957242101257	0.671	1.1560984701715409	0.808	0.05524207256889226	52.0	5.5704268428478745	16.564353833433056	88868	788209	389354	6598	6598	0.3283	0.0947	0.417	0.4277	0.5199	0.3575	28.4
NC_051827.1	6808405	6874087	65682	convergent	STAC	LOC100685633	True	True	False	False	False	False	False	False	False	False	False		False		False	True	False	0.9530330209885546	0.333	0.9674500712469221	0.402	0.04929879007444807	1.0	2.6803991840395422	21.969257464775673	8754	734933	333169	74897	41839	0.8173	0.5053	0.8303	0.0647	0.1362	0.4708	58.1
NC_051827.1	10487084	10553541	66457	convergent	LOC111091857	LOC106557623	True	False	False	False	False	False	False	False	False	True	False		False		False	False	False	1.0232335317427603	0.5733333333333334	1.0360999083921314	0.631	0.05128183348534669	1.0	3.039811891156017	21.863740892121285	195312	2005383	300859	234162	76984	0.5677	0.5053	0.758	0.0667	0.8007	0.5397	71.1
NC_051827.1	23551824	23607775	55951	convergent	LOC111091912	LOC119865327	True	True	False	False	False	False	True	True	False	False	False		False		False	True	False	0.9360280462695039	0.248	0.9334529413759708	0.244	0.04928398421344207	1.0	1.0757850898826808	6.399248695373535	0	11054081	71591	22063	1649	0.8187	0.5053	0.9917	0.9947	0.0901	0.6801	92.4
NC_051827.1	29008575	29073911	65336	convergent	NUDT16	MRPL3	True	False	False	False	False	False	False	True	False	False	False		False		True	False	False	1.042093700763407	0.6276666666666667	1.022589163632691	0.598	0.054004138554968065	7.0	9.733079248124504	17.518246917037278	133757	16515525	3859201	2580	2008	0.381	0.3723	0.2093	0.3337	0.6703	0.3933	39.5
NC_051827.1	34198197	34269938	71741	convergent	LOC111091952	LOC119865310	True	False	False	False	False	False	False	False	False	False	False	33.47	True	8.54362	False	True	False	0.9684816915384808	0.39666666666666667	0.9551006003141403	0.3416666666666667	0.05120225030771828	1.0	1.6884765048602706	17.621448695659637	209067	15586082	681582	284157	89176	0.576	0.5053	0.967	0.3247	0.8215	0.6389	88.1
NC_051827.1	34370653	34427811	57158	convergent	LOC111091954	LOC119865330	True	False	False	False	False	False	False	False	False	False	False		False		False	True	False	0.9580304606325035	0.354	0.9704064733147622	0.4156666666666667	0.05070917120055363	1.0	5.022241433633917	19.519070863723755	374232	15420917	516417	184134	1459	0.6267	0.5053	0.4703	0.181	0.9438	0.5454	73.3
NC_051827.1	39231375	39301877	70502	convergent	CHST2	LOC100688497	True	False	False	False	False	False	False	True	False	False	False		False		False	False	False	1.0844955155937956	0.7173333333333334	1.094153019836545	0.7296666666666667	0.05616643070937478	22.0	12.19753956497823	17.432057307876704	41626	10553523	510575	3885	45659	0.292	0.2497	0.1553	0.3407	0.3082	0.2692	7.4
NC_051827.1	45474517	45526737	52220	convergent	LOC100855515	LOC119865420	True	True	False	False	False	False	False	False	False	False	False		False		False	True	False	1.0206105550619113	0.5676666666666667	0.9843740366220475	0.4673333333333333	0.05272355034400943	1.0	6.945012304482447	21.556662066229457	24373	4319522	462461	155699	5091	0.4497	0.5053	0.327	0.0777	0.2223	0.3164	17.4
NC_051828.1	11487994	11545704	57710	convergent	LOC119865622	LOC111092144	True	False	False	False	False	False	False	False	False	False	False		False		False	True	False	0.9774285782511365	0.4266666666666667	0.9666556107982993	0.3973333333333333	0.0504108448586903	1.0	2.819556515709694	28.921518564224243	358151	6369856	551341	522486	17154	0.6653	0.5053	0.8027	0.001	0.9377	0.5824	78.3
NC_051828.1	16606256	16661497	55241	convergent	GPCPD1	LOC119865589	True	True	False	False	False	False	True	True	False	False	False		False		True	True	False	0.9053283619236734	0.116	1.0012950743630529	0.5276666666666666	0.06124703006957706	24.0	6.334254461173717	14.266738198353695	16124	1252829	258280	28745	68765	0.169	0.2363	0.358	0.6453	0.1801	0.3178	18.0
NC_051828.1	19302591	19370767	68176	convergent	LOC111092201	STK35	True	False	False	False	False	False	True	True	False	False	False		False		True	False	False	1.1196165546054462	0.773	1.0733802450954915	0.701	0.05579679549693282	2.0	10.035265939923498	15.333973973989487	86679	1449951	195761	44283	42345	0.3037	0.4627	0.1997	0.547	0.5119	0.405	43.6
NC_051828.1	26717079	26778334	61255	convergent	SRC	LOC111092200	True	True	False	True	False	False	True	True	False	True	False		False		True	False	False	1.2498736967639859	0.8966666666666666	1.2015919678814708	0.8453333333333334	0.06509639076109715	16.0	13.655592277189944	18.371096751974815	22706	2026181	30627	37487	2949	0.113	0.2863	0.1323	0.2607	0.2117	0.2008	1.5
NC_051828.1	36042329	36111036	68707	convergent	LOC119865683	PREX1	True	True	False	True	False	False	True	False	False	False	False		False		True	False	False	1.1622208521874642	0.82	1.1533449797078967	0.805	0.05979985694475794	3.0	19.99075189017031	15.272635569722633	0	11274911	34354	176305	8351	0.2	0.4403	0.0697	0.552	0.0901	0.2704	8.0
NC_051828.1	36665388	36721820	56432	convergent	LOC111092109	KCNB1	True	True	False	False	False	False	True	True	False	False	False		False		True	False	False	1.168026625440169	0.828	1.1378954811453819	0.788	0.06082446364028399	15.0	7.709175381235945	17.496316894700257	0	10657989	58064	4317	1133	0.1777	0.294	0.2897	0.3353	0.0901	0.2374	3.5
NC_051828.1	37513357	37574621	61264	convergent	LOC119865562	LOC102152659	True	False	True	False	False	False	True	False	False	False	False		False		True	False	False	1.326610504677794	0.9393333333333334	1.4380018238276244	0.9453333333333334	0.07044846751038805	50.0	24.16448648128786	15.776262418263489	56011	9807604	98513	67881	17403	0.062	0.1033	0.0487	0.5047	0.3808	0.2199	2.2
NC_051828.1	40064815	40121938	57123	convergent	TSHZ2	ZNF217	True	True	False	True	False	False	True	True	False	False	False		False		True	False	False	1.08662318737173	0.7223333333333334	1.0736890647292137	0.701	0.05602683267473131	7.0	13.154479588659747	15.90976134307093	6624	7258217	28562	24291	34995	0.2957	0.3723	0.1387	0.4913	0.1247	0.2845	11.1
NC_051828.1	42475068	42526723	51655	convergent	LOC611771	LOC119865771	True	True	False	False	False	False	True	True	False	False	False		False		True	False	False	1.108938092027372	0.7566666666666667	1.102182178363204	0.7443333333333333	0.056183808914332445	4.0	24.226460910041915	15.807667990215123	0	4850698	48187	1660	1702	0.2917	0.42	0.0487	0.5017	0.0901	0.2704	8.0
NC_051828.1	42745535	42819449	73914	convergent	LOC119865786	LOC119865699	True	False	False	False	False	False	True	False	False	True	False		False		False	True	False	0.22939000972482	0.005	0.10895557314157486	0.007	0.03824021790903803	0.0	3.2345746216824436	15.87502940495809	192508	4569101	222976	196453	1067	0.99	0.885	0.7213	0.4947	0.7959	0.7774	98.3
NC_051829.1	326595	381037	54442	convergent	THSD1	LOC100684545	True	True	False	False	False	False	False	True	False	False	False		False		False	True	False	0.9588930772908342	0.35833333333333334	1.00410641707927	0.5403333333333333	0.05013787111631511	3.0	4.314369495547119	13.445235203294192	21184	9552611	346804	25831	28615	0.6993	0.4403	0.5603	0.718	0.2064	0.5249	68.1
NC_051829.1	804447	863659	59212	convergent	FOXO1	LOC102153908	True	False	False	True	False	False	True	False	False	True	False		False		True	True	False	1.0334800289496995	0.6056666666666667	0.9665474321767688	0.3973333333333333	0.05223073060634682	2.0	7.100587589212634	12.466378606028027	184053	9072374	29606	103827	35437	0.486	0.4627	0.3187	0.797	0.7826	0.5694	76.6
NC_051829.1	9416764	9476935	60171	convergent	LOC119865997	LOC119865829	True	False	False	False	False	False	True	False	False	True	False		False		True	True	False	0.8752393288580053	0.06933333333333333	0.5387792288556695	0.027666666666666666	0.06323160431085727	26.0	5.750067495435555	18.379726281532875	78151	459578	62204	65620	8343	0.138	0.224	0.3997	0.2603	0.4787	0.3001	13.9
NC_051829.1	12228903	12283288	54385	convergent	LOC106557742	LOC102153058	True	True	False	False	False	False	True	True	False	False	False		False		True	False	False	1.0645519214199453	0.6826666666666666	1.0787184554934501	0.71	0.05472961566752795	5.0	9.243396525108125	15.685599044613216	0	2349643	40224	3792	3792	0.352	0.4037	0.225	0.5117	0.0901	0.3165	17.6
NC_051829.1	16583402	16638128	54726	convergent	LOC119865834	LOC106557750	True	False	False	False	False	False	True	False	False	True	False		False		True	False	False	1.0186854734038224	0.5613333333333334	1.0333747155442834	0.6236666666666667	0.052078224758018245	1.0	6.946971699390147	18.360833406448364	35765	2551047	156950	165151	18044	0.4963	0.5053	0.327	0.261	0.2784	0.3736	33.8
NC_051829.1	20424770	20475505	50735	convergent	LOC111092453	NEK1	True	False	False	False	False	False	False	True	False	False	False		False		False	True	False	0.9152593100565554	0.14966666666666667	0.9375218153841793	0.26033333333333336	0.04998039366221846	0.0	3.4821537326471765	16.799155756279273	49863	323599	1284234	39288	39288	0.7197	0.885	0.68	0.4013	0.3476	0.6067	80.9
NC_051829.1	34024080	34083975	59895	convergent	NKX3-1	LOC111092402	True	False	False	True	False	False	True	True	False	True	False		False		False	False	False	1.0280164196615835	0.5856666666666667	1.044115250429511	0.646	0.05464437152925505	14.0	5.377453056378122	16.558250562711194	104027	1174155	29947	2757	31681	0.354	0.304	0.436	0.4283	0.579	0.4203	45.6
NC_051829.1	40554664	40610407	55743	convergent	AGFG1	LOC486150	True	False	False	False	False	False	False	True	False	False	False		False		False	False	False	1.0342934526356193	0.6073333333333333	1.0437322263717652	0.6456666666666667	0.05401803496117415	4.0	10.675339328137717	14.59679607017753	192465	4929314	646249	42438	47540	0.38	0.42	0.1853	0.6113	0.7959	0.4785	59.9
NC_051829.1	45854728	45924770	70042	convergent	LOC119866032	LOC119865861	True	False	True	False	False	False	False	False	False	False	False		False		True	False	False	1.2336619491367262	0.8816666666666667	1.1279400842055678	0.7763333333333333	0.06586033664803838	49.0	12.396414200762162	12.957868396430403	160251	377875	311364	120681	25690	0.1027	0.1083	0.1523	0.7603	0.7362	0.372	33.2
NC_051829.1	46659216	46733469	74253	convergent	LOC111092437	LOC119865863	True	False	False	False	False	False	False	False	False	False	False		False		True	False	False	1.1256790752716117	0.7806666666666666	1.1888663996487856	0.836	0.0571359560195987	4.0	20.53301788819059	17.081220116857754	146342	1184468	979240	67079	18943	0.2637	0.42	0.0653	0.3743	0.7039	0.3654	31.7
NC_051830.1	3084750	3142913	58163	convergent	SLC15A4	TMEM132C	True	True	False	False	False	False	False	True	False	False	False		False		False	False	False	1.112317303947821	0.7606666666666667	1.0558058665916323	0.6703333333333333	0.05691075108630431	3.0	13.415392426126337	13.609549026489258	0	11674446	1079421	28264	16041	0.27	0.4403	0.1353	0.702	0.0901	0.3276	20.0
NC_051830.1	4496506	4546999	50493	convergent	LOC119866086	LOC477441	True	True	False	False	False	False	False	True	False	False	False		False		False	False	False	1.031675751050417	0.601	1.0600897552996873	0.678	0.05198927029201532	1.0	8.33183561910616	14.94982597793358	21752	10266525	684551	1121	5806	0.5027	0.5053	0.261	0.5803	0.2064	0.4112	44.3
NC_051830.1	12974593	13028567	53974	convergent	LOC119866092	MED13L	True	True	False	False	False	False	False	False	False	False	False		False		True	False	False	1.3386428679411058	0.942	1.6138474927842617	0.9706666666666667	0.07733643824398113	4.0	19.480094002092446	16.115440314738596	1580	1786697	1033739	295635	25078	0.033	0.42	0.0737	0.4687	0.0959	0.2182	1.7
NC_051830.1	17193803	17254161	60358	convergent	LOC119866085	LOC119866121	True	False	False	False	False	False	True	False	False	True	False		False		True	True	False	0.5619906194172566	0.017666666666666667	0.6512567170798779	0.030666666666666665	0.04437359859970576	0.0	4.745755556674209	13.606525956459766	123982	2435680	131538	56099	58224	0.9793	0.885	0.507	0.7023	0.6416	0.7431	97.2
NC_051830.1	20964282	21018696	54414	convergent	LOC119866095	LOC119866096	True	False	False	False	False	False	False	False	False	True	False		False		False	False	False	1.0843248356859534	0.7173333333333334	1.100985630246997	0.7416666666666667	0.05432118485329921	1.0	5.094974554592374	23.754918134437418	41489	6203187	592288	331460	32180	0.3663	0.5053	0.461	0.0257	0.3082	0.3333	21.0
NC_051830.1	37136455	37205993	69538	convergent	LOC106557850	LOC102154823	True	False	False	False	False	False	True	True	False	True	False		False		True	True	False	1.0065174298516035	0.5273333333333333	1.0037843596503138	0.54	0.05240397562888698	1.0	16.56328108680372	15.957455358051119	146224	4840999	56303	25053	21534	0.474	0.5053	0.0983	0.4867	0.7039	0.4536	54.0
NC_051831.1	11296029	11362267	66238	convergent	LOC106557871	LOC111092904	True	False	False	False	False	False	False	False	False	False	False		False		True	True	False	0.942493436743945	0.2803333333333333	0.967939944255352	0.4046666666666667	0.05009335442995188	1.0	3.11270841398498	17.3481874630369	220852	10054707	2554120	160691	12958	0.7053	0.5053	0.7467	0.3473	0.8358	0.6281	86.3
NC_051831.1	12006551	12065044	58493	convergent	GXYLT1	LOC111092835	True	True	False	False	False	False	False	False	False	False	False		False		True	True	False	1.0068677594689104	0.5286666666666666	1.0011654322162271	0.5276666666666666	0.05278799821402575	11.0	6.59162403839468	14.788655264723685	0	10761356	3260769	55035	63903	0.4483	0.3303	0.342	0.5937	0.0901	0.3609	29.5
NC_051831.1	13274723	13345552	70829	convergent	NA	MUC19	True	True	False	False	False	False	False	False	False	False	False		False		True	True	False	0.807103897767433	0.036333333333333336	0.9223826381720602	0.18833333333333332	0.0483888823969027	1.0	4.436085994285126	9.83880572517713	14863	12035696	3010052	68312	100	0.917	0.5053	0.5453	0.94	0.1696	0.6155	83.7
NC_051831.1	17823426	17886691	63265	convergent	IPO8	LOC100685338	True	True	False	False	False	False	False	False	False	False	False		False		False	True	False	0.915242089262727	0.14966666666666667	0.9389388956815005	0.268	0.04920141535493482	1.0	5.69568211030067	15.229232173977476	0	16580617	1507657	71502	79785	0.8277	0.5053	0.403	0.5547	0.0901	0.4762	58.8
NC_051831.1	32573520	32640058	66538	convergent	LOC102155441	LOC100685365	True	True	False	False	False	False	False	False	False	False	False		False		True	False	False	1.0617571647453001	0.676	1.0827932454690337	0.7156666666666667	0.05511575467091349	25.0	6.267855077020757	14.81786481302176	18211	5827486	309949	62897	5554	0.331	0.2273	0.364	0.5913	0.1906	0.3409	24.7
NC_051831.1	39677324	39739751	62427	convergent	ANO2	NTF3	False	False	False	False	False	False	False	False	False	False	False	28.74	False	5.1012200000000005	False	False	False	1.0962177455527424	0.7366666666666667	1.0570188698232175	0.673	0.0557593080346994	1.0	8.359786694848841	19.880895701787804	341463	1273818	881321	71476	154498	0.305	0.5053	0.2593	0.1543	0.9304	0.4309	49.5
NC_051831.1	40299441	40358999	59558	convergent	LOC119866433	GALNT8	True	False	False	False	False	False	False	True	False	False	False		False		False	True	False	1.0107005257332733	0.5406666666666666	0.9775895814225077	0.443	0.05204727117742468	1.0	3.0800400084831776	17.050084735407975	170780	1894501	329915	7998	5828	0.497	0.5053	0.7517	0.3787	0.7567	0.5779	77.7
NC_051832.1	2510899	2563279	52380	convergent	NA	OR6D5	True	True	False	False	False	False	False	True	False	False	False		False		True	True	False	0.8901890778584807	0.088	0.8989129544988275	0.10533333333333333	0.047430789063926206	1.0	3.5672196844872195	12.029042462507883	0	2169457	491937	963	100	0.9593	0.5053	0.666	0.8283	0.0901	0.6098	82.6
NC_051832.1	6155210	6215233	60023	convergent	LOC119866635	LOC106557967	True	True	False	False	False	False	False	True	False	False	False		False		False	True	False	1.0392960363603443	0.6193333333333333	0.9626787263564766	0.38266666666666665	0.0540542524762859	29.0	5.535854265443102	16.551117787610238	14779	890985	593010	6286	6286	0.378	0.2097	0.4213	0.4283	0.1696	0.3214	18.9
NC_051832.1	24424569	24481957	57388	convergent	LOC100855860	LOC111093048	True	False	False	False	False	False	True	True	False	True	False		False		True	False	False	1.1542009451681874	0.8086666666666666	1.2049482108786702	0.848	0.06118274939972151	33.0	7.622227330087178	16.423885224470453	153263	8211080	44249	15555	15173	0.1697	0.1917	0.2937	0.4403	0.7204	0.3631	30.2
NC_051832.1	25443005	25493730	50725	convergent	ADRB1	CCDC186	True	False	False	False	False	False	True	True	False	False	False		False		True	False	False	1.1247218848802352	0.7796666666666666	1.122788459827006	0.771	0.05934859787534621	26.0	5.42714319680347	16.290461412973716	181633	9226184	202315	1427	2132	0.2097	0.224	0.4323	0.453	0.7773	0.4193	45.1
NC_051832.1	34214445	34267922	53477	convergent	LOC111093045	LOC119866531	True	False	False	False	False	False	True	False	False	False	False		False		True	False	False	1.1615906889778755	0.819	1.2292964701235294	0.8693333333333333	0.0610972727389795	10.0	16.34072459058139	18.814623907122307	58817	7238293	143759	62663	33753	0.1717	0.3413	0.1003	0.227	0.3901	0.2461	4.6
NC_051833.1	357464	431756	74292	convergent	UBE2V2	LOC100856084	True	True	False	False	False	False	True	True	False	False	False		False		False	True	False	0.9183210330027304	0.162	0.8956734085828066	0.098	0.04897529275049466	1.0	5.555519613266916	15.628447622866243	0	13967579	135007	37539	37539	0.8547	0.5053	0.4193	0.5163	0.0901	0.4772	59.0
NC_051833.1	1669770	1738756	68986	convergent	LOC100684688	LOC119866769	True	False	False	False	False	False	False	False	False	False	False		False		False	True	False	0.878234753932267	0.07266666666666667	0.846088807721436	0.058	0.04747027443482571	1.0	4.494434041104347	16.697604044428413	120737	12657926	490928	60011	2166	0.958	0.5053	0.54	0.4113	0.6323	0.6094	82.4
NC_051833.1	20829395	20898312	68917	convergent	LOC119866675	MSC	True	True	False	False	False	False	False	True	False	False	False		False		True	True	False	0.9909663961077756	0.47533333333333333	0.9673957350499928	0.402	0.05190086600882605	12.0	3.5614392836880557	19.007802527001562	13853	6501643	1220733	2622	1682	0.5103	0.3233	0.667	0.214	0.1644	0.3758	35.1
NC_051833.1	21906082	21964104	58022	convergent	LOC111093217	LOC119866789	True	True	False	False	False	False	False	True	False	False	False		False		True	True	False	1.0308233515935155	0.5966666666666667	0.9912634530425072	0.493	0.05286642921201241	2.0	6.974489494779644	20.428486065692212	0	7463482	1854802	22829	937	0.4453	0.4627	0.3257	0.1263	0.0901	0.29	11.9
NC_051833.1	23112498	23172320	59822	convergent	LOC111093212	LOC111093135	True	False	False	False	False	False	False	False	False	False	False	43.94	False	4.77938	False	True	False	0.9396621301879312	0.2653333333333333	0.9561554263144731	0.3446666666666667	0.04964312970345223	0.0	2.505953361100823	19.462737560272217	142409	6256166	647486	169009	165046	0.7673	0.885	0.864	0.1843	0.6939	0.6789	92.2
NC_051833.1	23509733	23568950	59217	convergent	CRISPLD1	LOC100688946	True	False	False	False	False	False	True	True	False	True	False		False		True	True	False	0.9238943244718939	0.18866666666666668	0.932711797015369	0.23833333333333334	0.04874279026607266	1.0	3.4949359748534086	18.19087768963405	39341	5859234	250554	47886	2243	0.8813	0.5053	0.676	0.2753	0.2984	0.5273	68.3
NC_051833.1	28263136	28333785	70649	convergent	LOC106558008	PAG1	True	True	False	False	False	False	False	True	False	False	False		False		True	False	False	1.0505864779194676	0.647	1.008787566587329	0.554	0.05529169071735528	16.0	7.6180582195062705	15.463543095678654	1540	1100115	320836	15590	15590	0.325	0.2863	0.294	0.5327	0.0959	0.3068	14.3
NC_051833.1	28623707	28681799	58092	convergent	FABP5	LOC119866803	True	True	False	True	False	False	True	True	False	False	False		False		True	True	False	1.0219358711139908	0.5696666666666667	0.9597174493864179	0.36566666666666664	0.05416878762738987	14.0	3.3761534621578795	17.465269598849986	27753	745822	29046	4411	4516	0.3717	0.304	0.698	0.3377	0.2376	0.3898	38.4
NC_051833.1	38580004	38634159	54155	convergent	LOC100685448	LOC119866804	True	False	False	False	False	False	False	False	False	False	False		False		True	False	False	1.0549787851799097	0.6626666666666666	1.0162022914484143	0.5803333333333334	0.054455720687593356	4.0	9.73498021364322	15.842533185368492	142919	9208482	515007	173461	45988	0.3617	0.42	0.2093	0.498	0.6939	0.4366	51.2
NC_051834.1	2536913	2592033	55120	convergent	LOC111093357	GJD2	True	False	False	False	False	False	True	True	False	True	False		False		True	False	False	1.0569157994483396	0.6673333333333333	1.090128710885346	0.7256666666666667	0.054609366408352226	17.0	5.110213531205547	17.632032731000116	114473	768957	121203	2935	3679	0.3547	0.2783	0.4597	0.3237	0.6131	0.4059	43.8
NC_051834.1	4478505	4544211	65706	convergent	CDIN1	MEIS2	True	True	False	True	False	False	True	False	False	False	False		False		True	True	False	0.9721488865650912	0.4103333333333333	0.9626113339409232	0.382	0.050492377326147336	1.0	6.307406927923654	13.61986765348249	0	1177903	32853	204816	110217	0.6547	0.5053	0.36	0.7017	0.0901	0.4624	55.5
NC_051834.1	11061036	11119847	58811	convergent	LOC119866880	LOC111093393	True	True	False	False	False	False	False	True	False	False	False		False		False	True	False	0.9905497481287092	0.4736666666666667	1.0048107451349497	0.542	0.05043362696649594	7.0	6.464856020908992	17.28462152847877	0	847547	409320	942	942	0.663	0.3723	0.349	0.3523	0.0901	0.3654	31.7
NC_051834.1	24994850	25055410	60560	convergent	FOXB1	LOC119866903	True	False	False	False	False	False	False	True	False	False	False		False		True	True	False	0.9647098821569406	0.382	0.9751287582665682	0.43466666666666665	0.05020960345568785	1.0	2.7031709590392823	19.88311118664949	149870	2575237	327567	2638	44442	0.6907	0.5053	0.8257	0.1543	0.7113	0.5775	77.4
NC_051834.1	32644888	32717232	72344	convergent	LOC111093320	LOC100684041	True	True	False	False	False	False	True	True	False	False	False		False		False	False	False	1.0762719989087	0.7033333333333334	1.1458282623589038	0.7986666666666666	0.05521633048596313	4.0	11.531412621244687	18.663396965373646	0	5080671	256888	13042	13042	0.329	0.42	0.1703	0.2387	0.0901	0.2496	5.0
NC_051834.1	34669412	34723012	53600	convergent	LOC102154511	LARP6	True	True	False	False	False	False	False	True	False	False	False		False		True	False	False	1.079805164620169	0.7096666666666667	1.1034118130862713	0.7453333333333333	0.05518555250541072	1.0	14.35277639929928	15.530566332996756	3788	3725696	1149534	666	666	0.3297	0.5053	0.1207	0.5253	0.1074	0.3177	17.8
NC_051834.1	38942658	39000282	57624	convergent	LINGO1	LOC119866844	True	True	False	False	False	False	True	False	False	False	False		False		True	False	False	1.2528444908488985	0.899	1.2496228241324425	0.8823333333333333	0.0650654042643464	1.0	43.40522120330924	15.969043421594128	0	549542	267826	68949	9662	0.1133	0.5053	0.0113	0.4857	0.0901	0.2412	3.9
NC_051835.1	955347	1016678	61331	convergent	LOC100688275	LOC102152193	True	False	False	False	False	False	False	True	False	False	False		False		False	True	False	0.9227669042671808	0.18	0.9052259667381645	0.121	0.04885826993687626	0.0	2.338705606947741	21.52655863761902	61012	12301976	882355	4002	4002	0.869	0.885	0.8913	0.0783	0.4042	0.6256	85.5
NC_051835.1	13106261	13156978	50717	convergent	LOC119867042	LOC111093424	True	False	False	False	False	True	False	False	False	False	False		False		False	True	False	0.9257863738716787	0.19566666666666666	0.9159609058737754	0.16066666666666668	0.04943788308600773	0.0	1.6778840658959313	29.12981810936561	31619	156369	982062	523772	19315	0.7983	0.885	0.9673	0.0003	0.258	0.5818	78.1
NC_051835.1	18249632	18323889	74257	convergent	LOC100685420	LOC100685577	True	False	False	False	False	False	False	False	False	False	False	42.86	False	2.96612	False	True	False	0.9078467658649786	0.12566666666666668	0.91652277880162	0.16466666666666666	0.0491852804681871	0.0	3.477752268589681	21.166880977153777	263240	2846082	2982980	59407	59407	0.8307	0.885	0.681	0.091	0.8808	0.6737	91.8
NC_051835.1	23436373	23508916	72543	convergent	LOC111093569	LOC119867012	True	False	False	False	False	False	False	False	False	False	False	26.44	False	5.49128	True	True	False	0.9150195089293698	0.14966666666666667	0.9069188234865665	0.127	0.048397113745408546	1.0	2.8430432422616327	17.83971693936516	422644	2339779	702325	499122	124149	0.9163	0.5053	0.7983	0.3057	0.9584	0.6968	94.4
NC_051835.1	33017236	33069006	51770	convergent	LOC102152343	LOC111093484	True	True	False	False	False	False	True	False	False	True	False		False		True	False	False	1.1013429545218683	0.7436666666666667	1.073942728859186	0.702	0.05684101653572683	4.0	7.431816712111056	15.190531149143126	6879	2736844	89446	58848	7688	0.2717	0.42	0.301	0.558	0.1247	0.3351	22.6
NC_051835.1	33785714	33837005	51291	convergent	LOC119867070	LOC111093482	True	True	False	False	False	False	False	True	False	False	False		False		False	False	False	1.0255887493598956	0.5783333333333334	1.0290891754180194	0.6143333333333333	0.05244948567624258	0.0	7.509332783816118	17.139382081309662	0	3505082	369636	12097	12097	0.471	0.885	0.2977	0.3673	0.0901	0.4222	46.6
NC_051835.1	36406001	36461046	55045	convergent	SLC37A1	LOC119867027	True	True	False	False	False	False	True	True	False	True	False		False		True	False	False	1.2266232177952199	0.8773333333333333	1.2239398011028766	0.864	0.06415692930784889	10.0	31.37692182522529	15.724390356628984	8523	6127246	232475	5355	5355	0.126	0.3413	0.0253	0.509	0.1362	0.2276	2.8
NC_051836.1	3698661	3752870	54209	convergent	LOC111093630	GK2	True	False	False	False	False	False	False	True	False	False	False		False		False	True	False	0.8830867193963778	0.08	0.8436893965266645	0.057666666666666665	0.0478605360797179	0.0	4.035001373811755	20.24222073188195	174235	28928985	382996	1890	18910	0.9457	0.885	0.6	0.1357	0.7647	0.6662	90.7
NC_051836.1	11276866	11345764	68898	convergent	MEPE	LOC111093643	True	False	True	False	False	False	True	True	False	True	False		False		True	True	False	1.0035248584179142	0.5163333333333333	0.9558872962370515	0.344	0.05393542542937382	47.0	3.710442818821302	12.83782079003074	113685	21343435	95065	10283	22413	0.3847	0.1177	0.6483	0.7713	0.61	0.5064	65.3
NC_051836.1	27013911	27071204	57293	convergent	NPNT	TBCK	False	False	False	False	False	False	False	False	False	False	False		False		False	False	False	1.0309355950252743	0.5973333333333334	1.043225128248334	0.6443333333333333	0.05280469644028534	9.0	6.827160799960871	13.264068352324623	142557	5612193	683450	75668	1845	0.4477	0.3503	0.3327	0.7353	0.6939	0.512	66.6
NC_051837.1	574972	634483	59511	convergent	LOC111093784	LOC111093791	True	True	False	False	False	False	True	False	False	False	False		False		True	True	False	0.9288814450434169	0.212	0.8919481584742666	0.09033333333333333	0.050146459378585535	1.0	11.34921033313788	11.5383632386603	4727	18147617	205352	171392	8592	0.6983	0.5053	0.173	0.8547	0.1131	0.4689	57.3
NC_051837.1	7790832	7842018	51186	convergent	LOC111093705	IMPG2	True	False	False	False	False	False	False	False	False	False	False	31.33	False	4.81276	False	True	False	0.9833541494704926	0.451	0.9884533782117069	0.48	0.05160349843484336	10.0	5.463817823591357	19.644095069483708	33575	10935919	340841	82881	84740	0.5377	0.3413	0.43	0.171	0.2682	0.3496	26.7
NC_051837.1	8568536	8621477	52941	convergent	LOC119867284	LOC111093752	True	False	False	False	False	False	False	False	False	False	False		False		True	False	False	1.0247712897517176	0.5766666666666667	1.0398419528439642	0.6386666666666667	0.053186427086108976	11.0	5.450418106643729	15.281753131321498	29994	10157338	432187	124181	29224	0.4277	0.3303	0.4313	0.551	0.2478	0.3976	41.2
NC_051837.1	11353405	11418044	64639	convergent	ALCAM	CBLB	True	True	False	True	False	False	True	False	False	False	False		False		True	True	False	0.9800595311230791	0.43566666666666665	0.9671218157097697	0.40066666666666667	0.05185597816590675	4.0	10.371517839949476	11.1941891431709	14276	7366620	32320	211634	12513	0.5147	0.42	0.191	0.873	0.1696	0.4337	50.3
NC_051837.1	20017414	20079909	62495	convergent	GAP43	LSAMP	True	False	False	True	False	False	True	False	False	True	False		False		True	False	False	1.055000570648212	0.663	1.0958165866315366	0.7316666666666667	0.0553537320689426	20.0	6.335935143053327	13.795666915178298	51339	1296297	31248	99550	149473	0.322	0.2603	0.358	0.6897	0.3572	0.3974	41.0
NC_051837.1	31269207	31329671	60464	convergent	LOC106558167	FAM43A	True	True	False	False	False	False	True	True	False	False	False		False		True	False	False	1.206329957698626	0.8626666666666667	1.063771810503304	0.684	0.06424498133281674	15.0	43.63004999382845	14.537447281941596	561	1384109	45354	2583	15122	0.1253	0.294	0.0113	0.6153	0.0901	0.2272	2.6
NC_051838.1	7080793	7147581	66788	convergent	NSUN2	UBE2QL1	True	True	False	True	False	False	True	True	False	False	False		False		True	False	False	1.1620108996046465	0.8196666666666667	1.0819226648628713	0.7143333333333334	0.060298008794141156	1.0	24.558606641538315	16.618964694070478	0	5122751	33394	27551	27945	0.1897	0.5053	0.0467	0.4203	0.0901	0.2504	5.2
NC_051838.1	10054548	10126362	71814	convergent	LOC111093922	LOC119867475	True	False	False	False	False	False	False	True	False	False	False		False		True	False	False	1.0906924109083338	0.7316666666666667	1.0497343019023537	0.6596666666666666	0.056157291946517626	1.0	13.319409154283939	18.85674476623535	334545	2146483	644181	2860	2860	0.2923	0.5053	0.136	0.2237	0.927	0.4169	44.9
NC_051838.1	19004008	19067846	63838	convergent	LOC119867441	CRYGS	True	False	False	False	False	False	True	True	False	False	False		False		False	False	False	1.143760368078102	0.7963333333333333	1.1272284898757934	0.7753333333333333	0.058676335257210936	32.0	9.440849525684468	14.61352152037389	39073	1869525	236466	6238	3832	0.2277	0.195	0.218	0.6103	0.2984	0.3099	15.4
NC_051838.1	19321861	19376696	54835	convergent	ADIPOQ	LOC119867406	True	False	False	True	False	False	True	True	False	True	False		False		True	False	False	1.0634005641229631	0.6783333333333333	1.0594971121147274	0.678	0.05583066690220289	19.0	6.3816943881265376	14.427983688456672	49278	1556174	27417	2453	2453	0.3033	0.2673	0.3567	0.627	0.3476	0.3804	36.2
NC_051838.1	33370196	33420674	50478	convergent	MIR551B	LOC119867412	True	False	False	False	False	True	False	False	False	True	False		False		False	True	False	0.9316940137572497	0.22666666666666666	0.932291289396584	0.23533333333333334	0.04917735451164745	0.0	2.000517958322103	15.09037683991825	220435	25252	429536	157140	3486	0.8313	0.885	0.939	0.5677	0.8358	0.8118	98.9
NC_051838.1	33641835	33705242	63407	convergent	LOC119867455	LOC102151967	True	False	False	False	False	False	True	False	False	True	False		False		False	True	False	0.9267161333328944	0.20233333333333334	0.9173706299647689	0.16866666666666666	0.04924724820131653	1.0	2.298495129789772	21.03781806945801	176462	303355	151433	64021	43751	0.8227	0.5053	0.896	0.098	0.7684	0.6181	84.4
NC_051838.1	34380069	34430694	50625	convergent	LOC102152454	LOC111093889	True	True	False	False	False	False	True	True	False	True	False		False		True	False	False	1.0287780726294458	0.589	1.0243815402939915	0.602	0.052106470026637035	5.0	9.344795585767722	13.179866829125778	5381	1035198	27413	2101	2101	0.4937	0.4037	0.2217	0.742	0.1189	0.396	40.1
NC_051838.1	36725342	36775647	50305	convergent	FNDC3B	GHSR	True	False	False	True	False	False	True	True	False	True	False		False		False	True	False	1.007008480098835	0.529	1.023657237276435	0.6006666666666667	0.052557576445369174	13.0	11.74527272068119	13.864180384798253	50494	3380311	25152	3360	28281	0.4643	0.3137	0.168	0.6843	0.3524	0.3966	40.6
NC_051838.1	40621835	40683716	61881	convergent	LOC111093930	TBL1XR1	True	True	False	False	False	False	False	False	False	False	False		False		True	False	False	1.1620818992598356	0.8196666666666667	1.205938020721078	0.8486666666666667	0.060812606837248664	10.0	43.98578696713952	9.216135703219045	0	7282592	3609426	166337	88955	0.1783	0.3413	0.0113	0.9587	0.0901	0.316	16.9
NC_051839.1	1643004	1708560	65556	convergent	LOC119867596	LOC119867597	True	True	False	False	False	False	True	True	False	False	False		False		True	False	False	1.0153866017378121	0.5553333333333333	1.0310892789661885	0.6166666666666667	0.05276850695674535	1.0	13.606912553386769	16.533391163049156	24218	inf	36497	3719	3719	0.449	0.5053	0.1327	0.43	0.2223	0.3479	26.0
NC_051839.1	1805405	1856208	50803	convergent	FOXF2	LOC100684996	True	False	False	True	False	False	True	True	False	True	False		False		True	False	False	1.0547970336393946	0.6623333333333333	1.0447197779864072	0.648	0.055710843147611676	2.0	21.771197102767847	15.556007735498268	94194	inf	25401	594	2877	0.307	0.4627	0.0597	0.522	0.5426	0.3788	35.8
NC_051839.1	11518999	11569382	50383	convergent	LOC111093992	LOC111094013	True	False	True	False	False	False	False	False	False	False	False		False		True	False	False	1.098479315986649	0.7406666666666667	1.284502757512033	0.899	0.05719193365335582	59.0	2.0214493390199855	19.864265203475952	205810	inf	405431	51003	37062	0.263	0.0603	0.9363	0.1553	0.8158	0.4462	52.3
NC_051839.1	18052245	18123443	71198	convergent	LOC111093969	LOC102156827	True	False	False	False	False	False	False	False	False	True	False		False		False	True	False	0.9535672072547317	0.33466666666666667	0.9956092677772045	0.5106666666666667	0.04999934533992856	1.0	3.7220468855717233	18.008576149843176	612156	inf	376258	340659	294	0.717	0.5053	0.647	0.289	0.9845	0.6286	86.8
NC_051839.1	18480986	18533175	52189	convergent	LOC111094025	LOC111094007	True	False	False	False	False	False	True	True	False	True	False		False		False	True	False	0.9967495989160157	0.494	0.9670991093814373	0.40066666666666667	0.052105863325823884	1.0	5.943478153565503	18.661915009481866	192920	inf	39986	16884	13892	0.4937	0.5053	0.3873	0.2387	0.7959	0.4842	61.4
NC_051840.1	1166863	1219794	52931	convergent	GALNT13	LOC106558288	True	False	False	False	False	False	False	False	False	False	False		False		True	True	False	0.9713250979511172	0.4073333333333333	0.9797817636944354	0.44966666666666666	0.051295662491490854	1.0	4.646877416308856	18.581695637804398	68328	364259	794834	146432	8308	0.5657	0.5053	0.5197	0.2433	0.4353	0.4539	54.2
NC_051840.1	7616013	7676372	60359	convergent	LOC111094266	GCG	True	True	False	False	False	False	True	True	False	True	False		False		True	True	False	0.9967573037926108	0.494	1.0510643227607013	0.661	0.05230852505493444	3.0	4.807597758702483	19.203539295630023	28808	6088582	39214	9035	9035	0.4807	0.4403	0.5003	0.1973	0.2427	0.3723	33.4
NC_051840.1	8466112	8532234	66122	convergent	LOC100688550	LOC119867785	True	False	False	False	False	False	False	False	False	False	False		False		False	True	False	0.8604426582862398	0.054	0.9377765626251697	0.262	0.04938128048653736	1.0	3.1595486744515804	22.21163894000806	50827	6941563	892195	72912	12455	0.8047	0.5053	0.7373	0.0563	0.3525	0.4912	62.7
NC_051840.1	14845639	14901149	55510	convergent	UBR3	LOC111094278	True	True	False	False	False	False	True	True	False	False	False		False		True	True	False	1.006178709447996	0.5266666666666666	0.9913159028246998	0.493	0.052439552416349886	1.0	9.540493758470813	11.886321954105211	0	5226450	270853	24761	24761	0.4717	0.5053	0.2153	0.8353	0.0901	0.4236	46.9
NC_051840.1	16124607	16177018	52411	convergent	CYBRD1	LOC111094279	True	True	False	False	False	False	True	True	False	False	False		False		False	False	False	1.0220277051249584	0.57	1.0345000876158477	0.6266666666666667	0.05346176162348147	21.0	3.5050994365794983	16.205904454895943	24188	3949032	73536	30498	24456	0.4093	0.2543	0.6757	0.462	0.2223	0.4047	43.4
NC_051840.1	16788107	16853124	65017	convergent	LOC111094247	LOC119867830	True	False	False	False	False	False	True	True	False	False	False		False		True	False	False	1.0538007560245062	0.658	1.0268393993377685	0.6093333333333333	0.05440502227697859	1.0	10.03594123362094	12.743349786315646	104385	3279229	224112	26275	23081	0.364	0.5053	0.1997	0.7773	0.579	0.4851	61.6
NC_051840.1	24054229	24128740	74511	convergent	LOC119867869	LOC111094258	True	False	False	False	False	False	False	False	False	False	False		False		True	True	False	0.9763898071573536	0.4236666666666667	0.992229447183013	0.49666666666666665	0.050894835116104355	1.0	4.88001819623958	19.523524788190734	258516	2831477	924436	236016	3333	0.607	0.5053	0.4917	0.1807	0.8762	0.5322	69.2
NC_051840.1	24296513	24361259	64746	convergent	LOC111094259	LOC119867786	True	True	False	False	False	False	False	True	False	False	False		False		False	True	False	0.9821074177506635	0.44466666666666665	0.9482815191581845	0.31133333333333335	0.05167616255186719	11.0	6.997387920249195	17.063857916629676	21114	3068879	687034	3497	3497	0.531	0.3303	0.3237	0.3757	0.2064	0.3534	27.3
NC_051840.1	26520111	26586822	66711	convergent	LOC111094249	LOC102155713	True	False	False	False	False	False	False	True	False	False	False		False		False	True	False	0.9546197682149573	0.339	0.95196509475559	0.328	0.05091695260315138	0.0	8.234675447251528	19.47253788434542	71534	5293459	1533264	44217	49701	0.605	0.885	0.2663	0.184	0.4487	0.4778	59.2
NC_051841.1	2245776	2303016	57240	convergent	LOC119867916	TMEFF2	True	True	False	True	False	False	True	True	False	True	False		False		True	False	False	1.0477094069102442	0.642	1.0663949450016021	0.6886666666666666	0.05376831192044121	2.0	26.52278762276901	14.27535363136669	604	22795627	28620	43258	43258	0.392	0.4627	0.0377	0.6447	0.0901	0.3254	19.5
NC_051841.1	7533022	7602083	69061	convergent	LOC100686361	LOC100686866	True	False	False	False	False	False	False	False	False	False	False	33.99	False	5.647460000000001	True	True	False	1.029041547295383	0.5913333333333334	0.9948762109294533	0.508	0.05310779388714451	5.0	7.630387696394613	18.209518939599224	57448	17502471	516682	407141	61328	0.432	0.4037	0.2937	0.274	0.3855	0.3578	28.6
NC_051841.1	12473128	12532864	59736	convergent	CD28	LOC100856338	True	False	False	False	False	False	True	True	False	True	False		False		False	False	False	1.0327903825270335	0.6046666666666667	1.013582066296041	0.5736666666666667	0.05481906367832354	31.0	2.207333370753843	14.411651401519775	297004	12567027	81281	32532	51413	0.3473	0.1987	0.9107	0.63	0.9059	0.5985	80.0
NC_051841.1	27629161	27690392	61231	convergent	LOC119867980	EPHA4	True	False	False	False	False	False	False	False	False	False	False		False		True	True	False	1.000852919607954	0.5083333333333333	0.9775331589072943	0.44266666666666665	0.05166249333566381	1.0	7.021089392031867	17.328616247620694	490224	1909501	711674	144271	31298	0.5317	0.5053	0.3227	0.349	0.9723	0.5362	69.8
NC_051841.1	28495545	28545686	50141	convergent	LOC106558331	LOC119867969	True	False	False	False	False	False	True	True	False	True	False		False		False	False	False	1.0286916731294433	0.5886666666666667	1.034753496080637	0.6273333333333333	0.053928053678994115	3.0	10.400265495782028	16.81193808887316	45615	1824982	50974	14937	14937	0.385	0.4403	0.19	0.4	0.328	0.3487	26.2
NC_051841.1	29390284	29459285	69001	convergent	LOC111094442	SCG2	True	False	False	False	False	False	False	True	False	False	False		False		False	True	False	0.9544081800958474	0.33866666666666667	0.9541819229245185	0.33866666666666667	0.05008244978970043	1.0	4.01301691424019	16.460838758945464	74784	920813	682986	5573	23421	0.7067	0.5053	0.6027	0.4377	0.462	0.5429	72.0
NC_051841.1	29837431	29901354	63923	convergent	LOC111094360	LOC119867910	True	False	False	False	False	False	False	False	False	False	False		False		True	True	False	0.9961779476966958	0.492	1.085547115702927	0.7213333333333334	0.05378250006557347	2.0	6.912928825717261	19.152833347320556	230608	476205	1127594	55967	8749	0.392	0.4627	0.328	0.202	0.8477	0.4465	52.5
NC_051842.1	3541738	3613722	71984	convergent	LOC111094553	LOC111094552	True	True	False	False	False	False	False	False	False	False	False		False		False	True	False	0.8627868284015712	0.056666666666666664	0.9291271368116141	0.21966666666666668	0.049237511858477315	1.0	2.0371105411789845	19.82563744544983	27730	1654274	807693	538197	8259	0.824	0.5053	0.9343	0.1577	0.2376	0.5318	69.0
NC_051842.1	6148634	6217613	68979	convergent	LOC119868013	RGS2	True	False	False	False	False	False	True	True	False	False	False		False		False	True	False	1.0170590582352619	0.558	0.9679370612934232	0.4046666666666667	0.05416695536190713	24.0	3.321687038635485	20.929751247167587	41877	4259667	206527	3331	3338	0.3717	0.2363	0.7083	0.1037	0.3083	0.3457	25.8
NC_051842.1	8585823	8643867	58044	convergent	BRINP3	LOC119868094	True	True	False	False	False	False	False	False	False	False	False		False		False	True	False	0.9255195319864096	0.19433333333333333	0.9381842752769589	0.265	0.049297689933998065	0.0	2.0370254065756974	24.824645148383247	14845	6315788	2220848	377669	127371	0.8173	0.885	0.9343	0.0147	0.1696	0.5642	75.9
NC_051842.1	16412131	16486695	74564	convergent	LOC111094583	LOC111094562	True	False	False	False	False	False	False	False	False	False	False		False		True	False	False	1.0742038952005946	0.7003333333333334	1.0511822845205665	0.6613333333333333	0.05595718312133612	33.0	5.913897818822243	15.474337469736735	100587	1185280	1085168	132711	8248	0.2977	0.1917	0.3893	0.5317	0.5652	0.3951	39.9
NC_051842.1	19592201	19658874	66673	convergent	LOC111094531	NUF2	True	True	False	True	False	False	True	True	False	True	False		False		True	True	False	1.0058750904433977	0.525	0.9387839559063316	0.26766666666666666	0.05270597849657168	1.0	10.119013423232955	15.010229471253187	537	1990822	33337	28335	28573	0.451	0.5053	0.197	0.5763	0.0901	0.364	30.8
NC_051842.1	22834825	22886249	51424	convergent	OR10J2	ACKR1	True	True	False	False	False	False	False	True	False	False	False		False		True	False	False	1.094108269237244	0.7343333333333333	1.0373103237703443	0.633	0.057514694350029746	1.0	31.665824854158807	15.344388143158051	14463	5225822	339361	933	326	0.253	0.5053	0.0247	0.546	0.1696	0.2997	13.4
NC_051843.1	6868917	6934242	65325	convergent	CLCN4	LOC119868598	True	True	False	False	False	False	False	False	False	False	False		False		True	False	False	1.0642076431213099	0.682	1.0386541423767806	0.6363333333333333	0.05623101436632537	17.0	24.9082227992318	14.999018779477558	26579	32754261	3129056	69061	41896	0.291	0.2783	0.045	0.577	0.2325	0.2848	11.3
NC_051843.1	8354252	8409529	55277	convergent	LOC106558419	LOC119868687	True	False	False	False	True	False	False	True	False	False	False		False		False	True	False	0.6566031430140568	0.022	0.7823815563619136	0.04466666666666667	0.05006369710577673	0.0	1.448908139774401	24.27036714553833	31890	31273950	1648745	157	38224	0.709	0.885	0.98	0.0217	0.258	0.5707	76.8
NC_051843.1	10578732	10643009	64277	convergent	LOC480844	FANCB	True	False	False	False	False	False	False	False	False	False	False	34.92	False	5.37718	True	True	False	0.9479373312935638	0.30833333333333335	0.968376326777041	0.407	0.05045285984662596	0.0	7.98025913280959	19.53715619262384	185870	29044970	528129	178832	73040	0.6607	0.885	0.2777	0.1803	0.7844	0.5576	74.8
NC_051843.1	15197385	15269910	72525	convergent	LOC119868379	LOC119868161	True	False	False	False	False	False	False	True	False	False	False		False		False	True	False	0.9136476589344321	0.14333333333333334	0.9165248512819409	0.16466666666666666	0.050665101285342254	0.0	5.855813562602925	16.24820422454619	41353	24422193	1008919	28321	28321	0.63	0.885	0.3943	0.4567	0.3082	0.5348	69.4
NC_051843.1	26196588	26269373	72785	convergent	TRNAE-CUC-22	LOC119868188	True	True	False	False	False	False	True	True	False	False	False		False		True	True	False	1.0011115852488244	0.5093333333333333	0.9848380486369133	0.4683333333333333	0.05180757696220706	5.0	8.18776569810634	17.769872493214077	0	13422860	86849	850	0	0.519	0.4037	0.2687	0.3127	0.0901	0.3188	18.4
NC_051843.1	32334636	32387595	52959	convergent	LOC612281	LOC111094893	True	True	False	False	False	False	False	True	False	False	False		False		False	True	False	0.9071559072605543	0.122	0.9074497739151121	0.12833333333333333	0.049416357376142535	1.0	3.085921369345991	15.02232918372521	0	7294725	2308525	1090	1090	0.802	0.5053	0.7507	0.5747	0.0901	0.5446	72.7
NC_051843.1	34617972	34669640	51668	convergent	LOC119868190	BCOR	True	False	False	True	True	False	True	False	False	True	False		False		False	True	False	0.7625203280447022	0.030333333333333334	0.28360292605906723	0.015333333333333332	0.061309657009115164	28.0	10.448363969235023	16.91569202168043	293806	5012034	25834	114186	55596	0.1677	0.2137	0.1887	0.3927	0.9032	0.3732	33.6
NC_051843.1	35941631	35992808	51177	convergent	LOC111094865	CASK	True	False	False	False	False	False	True	True	False	True	False		False		False	True	False	0.9992789500004535	0.5013333333333333	1.019229010026157	0.5876666666666667	0.053075726402845975	24.0	9.853035702008349	14.904792610635148	257781	3688621	126889	3827	19777	0.433	0.2363	0.206	0.5837	0.8753	0.4669	56.8
NC_051843.1	50115742	50188659	72917	convergent	LOC119868203	WAS	True	False	False	False	False	False	False	True	False	True	False		False		False	True	False	0.6254446655904223	0.02033333333333333	0.8640713888220489	0.06666666666666667	0.04859026928052795	1.0	3.3823720429593886	13.580650666864907	47800	515365	378852	7223	3158	0.8977	0.5053	0.6973	0.7043	0.3378	0.6285	86.6
NC_051843.1	51534278	51599514	65236	convergent	LOC100686592	LOC491922	True	False	False	False	False	True	True	True	False	True	False		False		False	True	False	0.8284189555775956	0.041	0.9052951099351049	0.121	0.048784100646643264	0.0	6.384858641839933	14.719538592514432	116896	235549	64235	550	27025	0.8767	0.885	0.3563	0.598	0.6195	0.6671	91.3
NC_051843.1	56733328	56786162	52834	convergent	TAF1	LOC100688354	True	False	False	False	False	False	True	True	False	True	False		False		False	True	False	0.9472257541293393	0.304	0.9235163851454854	0.19266666666666668	0.04931634988161905	1.0	6.716852935035498	20.22614595492681	190255	1297688	30677	4260	4260	0.815	0.5053	0.3357	0.137	0.7927	0.5171	67.5
NC_051843.1	59813343	59874197	60854	convergent	UPRT	ZDHHC15	True	False	False	False	False	False	False	True	False	False	True	65.2	False	1.28456	False	True	False	0.8746928805601986	0.06866666666666667	0.8683726623132825	0.069	0.04798948269957408	0.0	3.8186206181990343	17.05093518363105	206230	785369	1167700	33608	106185	0.938	0.885	0.632	0.3783	0.8172	0.7301	96.5
NC_051843.1	69851587	69907041	55454	convergent	PABPC5	LOC111094733	True	False	False	False	False	False	False	True	False	False	True	58.91	False	1.59948	False	True	False	0.8525827283208777	0.049	0.8517498218342662	0.061	0.04743206097665396	0.0	6.0153560546936635	16.751390045689	54314	1848307	3439600	20255	71652	0.9593	0.885	0.3827	0.4057	0.3713	0.6008	80.3
NC_051843.1	74667098	74718660	51562	convergent	LOC119868578	LOC119868214	True	False	False	False	False	False	False	True	False	False	False		False		False	True	False	0.8352979043748833	0.043666666666666666	0.8790213340200483	0.07666666666666666	0.04734651010402112	1.0	2.4194665045952957	17.775953829288483	57121	1774303	1996432	671	671	0.9603	0.5053	0.879	0.3127	0.3855	0.6086	82.0
NC_051843.1	77845859	77904191	58332	convergent	BHLHB9	LOC119868603	True	False	False	False	False	True	False	True	False	True	False		False		False	True	False	0.8992060164822061	0.10533333333333333	0.8599770046398043	0.065	0.048024068063747975	0.0	4.628282153932579	19.936792099729498	375025	59876	325983	2642	2642	0.936	0.885	0.521	0.1517	0.9442	0.6876	93.3
NC_051843.1	79168554	79226339	57785	convergent	FAM199X	ESX1	True	False	False	False	False	False	False	True	False	False	False	43.45	False	3.70414	False	True	False	0.9060743531886708	0.11833333333333333	0.9546006698444486	0.341	0.04944693725227886	20.0	5.916289236859755	15.250631196682269	47446	1382297	893307	4708	56310	0.7957	0.2603	0.3893	0.553	0.3378	0.4672	57.0
NC_051843.1	82817447	82882230	64783	convergent	PRPS1	TSC22D3	True	False	True	False	False	False	False	True	False	False	False		False		True	False	False	1.437577500729364	0.9656666666666667	1.7937181120544672	0.9846666666666667	0.07692197436618141	63.0	6.839115680604605	18.306541872024535	99838	2070815	423761	20991	32133	0.0337	0.0433	0.332	0.2643	0.5616	0.247	4.8
NC_051843.1	90957857	91025361	67504	convergent	LOC119868706	LOC111094871	True	False	False	False	False	False	False	True	False	False	False		False		False	True	False	0.9288041620663406	0.212	0.94047500795722	0.27466666666666667	0.04939753646507394	1.0	3.7635324944475586	19.32492326554798	191609	1720629	2667534	4826	40827	0.804	0.5053	0.639	0.1907	0.7943	0.5867	78.5
NC_051843.1	97127995	97179954	51959	convergent	XIAP	LOC119868511	True	False	False	False	False	False	True	True	False	True	False		False		False	True	False	0.7264727007786033	0.027666666666666666	0.745271180793643	0.03966666666666667	0.04914107916556184	0.0	6.044463325394327	17.25177619534154	196026	1184266	26561	581	581	0.8353	0.885	0.3797	0.3553	0.8023	0.6515	89.4
NC_051843.1	99485997	99542726	56729	convergent	LOC492115	LOC609540	True	False	False	False	False	False	False	True	False	False	False		False		False	True	False	0.8757520445348782	0.07033333333333333	0.8912472313031554	0.08966666666666667	0.047845172925643345	0.0	1.2712824474710545	19.398077079227992	135639	1176099	2197273	1830	2086	0.946	0.885	0.9863	0.1877	0.6759	0.7362	97.0
NC_051843.1	104147730	104215864	68134	convergent	LOC119868710	IGSF1	True	False	False	False	False	False	False	True	False	False	False	32.96	False	5.8894	False	True	False	0.9529016190291739	0.332	0.9500322213053704	0.322	0.049959386903663035	1.0	2.373447166826054	23.11477029323578	206797	2573615	1585209	16564	63646	0.723	0.5053	0.8857	0.037	0.8172	0.5936	79.2
NC_051843.1	105250253	105306545	56292	convergent	LOC119868568	LOC111094836	True	True	False	False	False	False	False	True	False	False	False		False		True	True	False	0.9347872532436138	0.24233333333333335	0.9599044978886843	0.36633333333333334	0.048889104438038115	2.0	3.8830090117998353	18.580826500483923	3399	1477013	894256	19259	19259	0.866	0.4627	0.6207	0.2433	0.1074	0.46	54.9
NC_051843.1	105886803	105957615	70812	convergent	LOC111094882	GPC4	True	False	False	False	False	False	True	False	False	False	False		False		False	True	False	1.0225883858497349	0.572	0.9931053141862154	0.5016666666666667	0.05149599061425647	1.0	6.3219343869152675	18.440108613122867	77791	833203	250446	70703	70703	0.549	0.5053	0.3587	0.2553	0.4747	0.4286	47.5
NC_051843.1	116212579	116266672	54093	convergent	LOC100686375	LOC100856426	True	False	False	False	False	False	False	True	False	False	False		False		False	True	False	0.9236748103777078	0.18566666666666667	0.9480642124451697	0.31033333333333335	0.04924605253574723	1.0	3.3672061839278324	19.795768408939757	35375	484047	3891650	177	11813	0.8227	0.5053	0.7	0.1597	0.2784	0.4932	63.3
NC_051843.1	122201824	122251894	50070	convergent	LOC100686136	LOC492221	True	False	False	False	False	True	False	True	False	False	False		False		False	True	False	0.9034895969813328	0.11233333333333333	0.9030043748259544	0.115	0.04819113912718129	1.0	5.155921491863296	22.469079795091048	201859	79580	845055	12780	10867	0.9293	0.5053	0.4553	0.05	0.8101	0.55	74.0
NC_051843.1	122735338	122788464	53126	convergent	LOC612447	LOC119868662	True	False	False	False	False	True	False	True	False	False	False		False		False	True	False	0.9174447773852649	0.157	0.9235535349696875	0.19266666666666668	0.04914316760116541	1.0	3.0393305418295067	23.045168308111336	38099	134285	1380097	618	6074	0.8353	0.5053	0.7583	0.0383	0.2935	0.4862	62.3
NC_051843.1	122883327	122939331	56004	convergent	LOC119868539	CETN2	True	False	False	False	False	True	False	True	False	False	False		False		True	True	False	0.9684054665089199	0.39666666666666667	0.9091764345087111	0.13266666666666665	0.05168716437564966	8.0	8.954287566386686	18.066537739128194	61329	283713	1529525	5336	5469	0.5293	0.3613	0.237	0.2847	0.4042	0.3633	30.4
