chrom	start	end	length	orientation	left_gene	right_gene	hard_veto	veto_tad_boundary	veto_atac_peak	veto_risk_gene	veto_low_mappability	veto_mirna_nearby	veto_risk_gene_radius	veto_gene_dense_neighborhood	veto_lncrna_smallrna	veto_tad_risk_gene	veto_high_repeat_content	pct_repeat	veto_ultraconserved_element	max_50bp_rolling_phyloP	veto_external_regulatory_element	veto_low_atac_accessibility	no_rrbs_coverage	atac_mean	atac_mean_percentile	atac_mean_narrow	atac_mean_narrow_percentile	atac_variability	atac_peak_frequency	rrbs_mean	rrbs_variability	tad_boundary_distance	mirna_distance	risk_gene_radius_distance	gene_dense_clearance	score_stability_atac	score_low_peak_frequency	score_low_methylation	score_stability_rrbs	score_tad_distance	final_score	final_score_percentile
NC_051805.1	5377330	5428711	51381	convergent	LOC111090571	LOC111090572	True	False	False	False	False	False	False	True	False	False	False		False		True	False	False	0.9540996321529447	0.757	0.9573978947003683	0.7876666666666666	0.04983965091863925	1.0	6.039735631291882	0.5137347636648217	178020	12071148	660814	12788	0.4721	0.0193	0.8703	0.6069	0.772	0.5481	82.2
NC_051805.1	7072137	7132579	60442	convergent	LOC111090579	LOC100685067	False	False	False	False	False	False	False	False	False	False	False	31.25	False	4.15556	False	False	False	0.9421618955178973	0.7336666666666667	0.9283388318022093	0.7603333333333333	0.04928019983691307	1.0	2.3396537338690035	0.4269547934638199	447642	10371810	812616	120385	0.4856	0.0193	0.8845	0.6076	0.9643	0.5923	96.1
NC_051805.1	12686627	12749345	62718	convergent	LOC111093764	LOC607190	False	False	False	False	False	False	False	False	False	False	False	37.17	False	4.39912	False	False	False	0.9011924599922513	0.6683333333333333	0.8079006661176682	0.6886666666666666	0.04674532760336943	12.0	4.650986028134616	0.6203617824074517	232014	4756182	704919	65011	0.5479	0.0089	0.8744	0.6053	0.85	0.5773	91.1
NC_051805.1	15464961	15523285	58324	convergent	LOC111090610	LOC100688146	True	False	False	False	False	False	False	True	False	False	False		False		False	False	False	0.9581749371735807	0.7646666666666667	0.9706394521991412	0.8016666666666666	0.04950803588316404	1.0	3.4323146504398476	0.4619753946232288	344123	1980045	846396	14232	0.48	0.0193	0.8789	0.6074	0.9318	0.5835	94.1
NC_051805.1	16284172	16340519	56347	convergent	LOC119869864	PMAIP1	True	False	True	True	False	False	True	False	False	True	False		False		True	False	False	1.296598044021793	0.9746666666666667	1.1291252205769222	0.8793333333333333	0.06980067288483977	61.0	8.540093973024826	1.1839522621766223	37345	1161823	28174	92123	0.1778	0.0003	0.8643	0.5918	0.2885	0.3845	10.2
NC_051805.1	23540619	23593624	53005	convergent	LOC119870725	LOC119870724	True	False	True	False	False	False	True	True	False	False	False		False		False	False	False	1.0675387535050835	0.8863333333333333	1.0038743916193644	0.8243333333333334	0.05666920298276651	41.0	7.45948013694559	0.9878985017404335	157879	6092931	200280	7937	0.3314	0.0019	0.8668	0.5964	0.7294	0.5052	68.8
NC_051805.1	26121059	26180255	59196	convergent	LOC111095273	LOC476208	True	False	False	False	False	False	True	True	False	True	False		False		False	False	False	0.9338002883628361	0.7153333333333334	0.8334919926206272	0.6983333333333334	0.049041322772896585	14.0	3.831611939270485	0.5748126687147135	50657	8676467	160573	22847	0.491	0.008	0.8773	0.6061	0.3524	0.467	52.7
NC_051805.1	29601219	29667821	66602	convergent	LOC100856045	IL20RA	True	False	False	False	False	False	False	True	False	False	False		False		True	False	False	0.9822203477672377	0.798	0.9794734903971354	0.8103333333333333	0.051430558238448505	5.0	5.548274819648815	0.9442532692647062	40480	12160330	596972	10367	0.4364	0.0133	0.8716	0.5975	0.3033	0.4444	44.9
NC_051805.1	30822469	30875140	52671	convergent	ARFGEF3	LOC111095460	True	False	False	False	False	False	False	True	False	False	False		False		True	False	False	0.9612179890147786	0.7706666666666667	0.9361912769635519	0.768	0.04977832027017061	6.0	4.839544389068419	0.6779366702127256	248804	13374614	418211	4644	0.4734	0.0125	0.8738	0.6041	0.8668	0.5661	89.4
NC_051805.1	32197089	32249732	52643	convergent	LOC119870654	LOC111090654	True	False	False	False	False	False	False	False	False	False	False	27.97	True	6.91712	True	False	False	0.9815735291036448	0.798	0.9388454150239626	0.7703333333333333	0.05179497663724416	12.0	3.152439508517277	0.27984302287361734	26590	12405452	1792817	282559	0.4271	0.0089	0.8801	0.6079	0.2325	0.4313	38.4
NC_051805.1	48451052	48513492	62440	convergent	LOC111095873	RSPH3	True	False	False	False	False	False	True	True	False	True	False		False		True	False	False	1.192626922103347	0.95	1.0815795949459075	0.8623333333333333	0.06332782767752844	27.0	7.758436372354961	1.0124994498664828	42728	733093	84534	12483	0.2391	0.0042	0.8662	0.5958	0.3132	0.4037	21.5
NC_051805.1	54446758	54504939	58181	convergent	LOC119869870	PRR18	True	True	True	False	False	False	True	True	False	True	False		False		True	False	False	1.2546452012627607	0.9666666666666667	1.501541609700521	0.919	0.06648825984900562	43.0	18.544599120221793	3.2075670314578724	25848	5260460	116958	3885	0.2067	0.0017	0.8478	0.5624	0.2274	0.3692	5.9
NC_051805.1	55288363	55358132	69769	convergent	LOC102153253	LOC111090695	True	True	False	False	False	False	True	True	False	True	False		False		True	False	False	1.1157110002769	0.9186666666666666	1.147503270963828	0.883	0.05691907354403625	2.0	17.566768171010025	3.087079186157836	23247	6107859	256635	12490	0.3271	0.017	0.8489	0.5642	0.217	0.3948	14.8
NC_051805.1	55810634	55864353	53719	convergent	LOC119870159	LOC111090696	True	False	False	False	False	False	True	True	False	True	False		False		True	False	False	1.1739950441807152	0.9426666666666667	1.1389760473370552	0.8813333333333333	0.06039127119736322	1.0	24.14890183758071	4.335472496789846	37493	6622105	72862	1595	0.2749	0.0193	0.8414	0.544	0.2886	0.3936	14.5
NC_051805.1	60400908	60462010	61102	convergent	LOC119869937	LOC111089986	False	False	False	False	False	False	False	False	False	False	False	38.17	False	5.4602200000000005	False	False	False	0.9013953078285161	0.6686666666666666	0.930373237991333	0.7636666666666667	0.04687603440832749	1.0	3.43459051213311	0.4406021417051017	343541	11216071	698716	70594	0.5444	0.0193	0.8789	0.6076	0.9313	0.5963	97.4
NC_051805.1	65127836	65201393	73557	convergent	TRMT11	LOC100682630	True	False	False	False	False	False	False	True	False	True	False		False		True	False	False	1.0519008099200609	0.873	1.0207660796483355	0.832	0.05513691479815557	11.0	12.591121673165924	1.3688389304174995	39614	6817352	884788	4557	0.3589	0.0094	0.857	0.588	0.2984	0.4224	33.8
NC_051805.1	68528776	68579924	51148	convergent	LOC111090714	TMEM244	True	False	False	False	False	False	False	True	False	False	False		False		True	False	False	1.02634955153892	0.851	0.971054889647166	0.803	0.05365695062892591	1.0	18.357036093083728	2.1699366939405493	29350	3427616	1197047	46339	0.3882	0.0193	0.848	0.5761	0.2478	0.4159	27.3
NC_051805.1	71035668	71094862	59194	convergent	LOC111096339	ERCC6L2	True	False	False	False	False	False	False	True	False	False	False		False		True	False	False	1.1163619179589293	0.9186666666666666	1.1705883603096008	0.8873333333333333	0.0571478675311264	3.0	9.920537086806874	1.8873498517103515	140265	916701	477694	35792	0.3232	0.0155	0.8618	0.5798	0.6889	0.4938	64.9
NC_051805.1	75730614	75782632	52018	convergent	LOC100684008	RMI1	True	True	False	False	False	True	True	True	False	True	False		False		False	False	False	0.949349067772066	0.7503333333333333	0.9631654119729995	0.792	0.04997678724049984	1.0	3.9862675257301303	0.40212140511655675	6623	54435	44011	2984	0.4691	0.0193	0.8767	0.6077	0.1247	0.4195	30.8
NC_051805.1	76492055	76558248	66193	convergent	FRMD3	LOC111096570	True	False	False	False	False	False	False	True	False	False	False		False		False	False	False	0.9664423185227132	0.781	0.9393832200169563	0.771	0.0504728817282387	0.0	3.1577408862590204	0.6157090176265968	224849	714070	712332	7637	0.4576	0.0287	0.8801	0.6054	0.8409	0.5625	87.9
NC_051805.1	78699957	78766843	66886	convergent	LOC100685388	LOC476315	True	False	False	False	False	False	False	True	False	False	False		False		False	False	False	0.9042662946311154	0.671	0.8524752332051596	0.7086666666666667	0.04830278964382437	8.0	3.679585820922977	0.495366442120715	266600	2922319	756588	2947	0.5111	0.0111	0.8779	0.6071	0.8832	0.5781	91.8
NC_051805.1	84616059	84680359	64300	convergent	LOC119869841	LOC100686852	True	False	False	False	False	False	False	True	False	False	False		False		False	False	False	0.9369612159649902	0.7216666666666667	0.9284103481451672	0.7603333333333333	0.04989140795187483	1.0	1.823375279712341	0.3477129842990824	501791	2623158	546039	17725	0.471	0.0193	0.8883	0.6079	0.9739	0.5921	95.9
NC_051805.1	85740590	85790734	50144	convergent	LOC119869527	LOC102153097	True	False	False	False	False	False	False	False	False	False	False	28.76	False	4.517519999999999	True	False	False	1.1324537086029733	0.9273333333333333	1.1558926516930261	0.8846666666666667	0.0612998912988559	25.0	1.612990261103864	0.14968424735291538	90662	1505705	320906	67378	0.2636	0.0046	0.8902	0.608	0.5275	0.4588	49.2
NC_051805.1	86132349	86196873	64524	convergent	LOC102153343	C1H9orf85	True	True	False	False	False	False	False	False	False	False	False		False		True	False	False	1.0162436092463734	0.8353333333333334	1.004071661567688	0.8246666666666667	0.052692845508093195	15.0	5.241902786706052	0.686150056163376	0	1106756	719855	60471	0.408	0.0076	0.8725	0.6039	0.0901	0.3964	15.6
NC_051805.1	87683331	87744102	60771	convergent	KLF9	SMC5	True	False	True	True	False	False	True	True	False	True	False		False		True	False	False	1.0501922729253843	0.8706666666666667	1.0150897149443627	0.8286666666666667	0.05431775451079189	71.0	5.358112130580958	0.6578374626817871	136284	442327	30385	23373	0.3743	0.0	0.8722	0.6045	0.6786	0.5059	69.4
NC_051805.1	91186888	91251253	64365	convergent	LOC119869582	LOC111096818	True	False	False	False	False	False	True	True	False	True	False		False		True	False	False	1.03871082279337	0.8623333333333333	1.0241805792331695	0.8356666666666667	0.05363127700752003	3.0	6.967981473497681	0.9723280022722873	205930	2530495	37266	5083	0.3887	0.0155	0.8679	0.5968	0.8158	0.5369	78.5
NC_051805.1	97204375	97272513	68138	convergent	LOC102156616	LOC111090790	True	False	False	False	False	False	False	True	False	False	False		False		True	False	False	1.2441819375416503	0.964	1.2252133679946262	0.8966666666666666	0.06496456444571959	17.0	27.62195086684974	4.01372416739855	111556	1280871	302059	24923	0.2221	0.0069	0.8344	0.5497	0.6034	0.4433	44.5
NC_051805.1	102569417	102626167	56750	convergent	LOC119870888	LOC119871020	True	False	False	False	False	False	True	True	False	False	False		False		False	False	False	0.877333099860977	0.6523333333333333	0.7422383785247803	0.6593333333333333	0.04346578154191046	1.0	6.30944050101133	1.1710635732856358	97792	1463935	129894	41312	0.6288	0.0193	0.8696	0.5921	0.554	0.5328	76.6
NC_051805.1	118762948	118834530	71582	convergent	LOC100685960	LOC111098307	True	True	False	False	False	False	False	True	False	False	False		False		False	False	False	0.9953359383282533	0.815	0.9628682310422262	0.7916666666666666	0.05178631373006478	6.0	5.377890693230603	0.6760723787138158	0	4248827	647951	3974	0.4273	0.0125	0.8722	0.6041	0.0901	0.4013	20.4
NC_051805.1	120003827	120058858	55031	convergent	LOC102152107	DPY19L3	True	False	False	False	False	False	False	True	False	False	False		False		True	False	False	1.0814431798121396	0.8976666666666666	1.0706592645486195	0.859	0.055288847090983605	2.0	22.020253116885044	3.0245393254702173	31342	3016224	582029	15969	0.3559	0.017	0.8437	0.5651	0.258	0.4079	23.6
NC_051806.1	2276949	2331192	54243	convergent	CUL2	LOC111094492	True	True	False	False	False	False	False	True	False	False	False		False		True	False	False	1.0124606812876933	0.833	0.9841194867769878	0.812	0.052587694123014006	9.0	6.1388844181024504	0.8520148979933132	4070	40699965	1406095	22196	0.41	0.0105	0.8701	0.5999	0.1131	0.4007	19.7
NC_051806.1	5490645	5562196	71551	convergent	LOC119870094	GAD2	True	True	False	False	False	False	True	True	False	False	False		False		False	False	False	0.9769579720944862	0.793	0.9012461708784103	0.737	0.051486753843331845	12.0	5.157785214545937	0.5984065669772328	0	37477615	277071	43261	0.4354	0.0089	0.8728	0.6057	0.0901	0.4026	21.0
NC_051806.1	9925163	9998285	73122	convergent	LOC119869979	LOC106560013	True	True	False	False	False	False	False	True	False	False	False		False		True	True	False	0.4506867742816252	0.426	0.4081984717080991	0.458	0.015307671466969609	0.0	4.121933108425029	0.46990865662699327	13276	33042311	933384	38794	0.9569	0.0287	0.8762	0.6073	0.1644	0.5267	75.5
NC_051806.1	13354030	13405141	51111	convergent	LOC111091364	LOC106560015	True	False	False	False	False	False	True	True	False	False	False		False		True	False	False	1.2408983535657383	0.9626666666666667	1.059489581298828	0.855	0.06410958189718789	28.0	10.99818925661104	1.6465075981570525	54585	29624450	156901	2688	0.2307	0.004	0.8598	0.5833	0.3713	0.4098	24.1
NC_051806.1	17055808	17110317	54509	convergent	PTCHD3	ANKRD26	False	False	False	False	False	False	False	False	False	False	False	32.01	False	1.74708	False	False	False	0.9426508160710871	0.735	0.9804023818731308	0.8103333333333333	0.049422077103294104	2.0	7.007836933745687	1.2778463715229356	66938	25920973	2101216	56866	0.4818	0.017	0.8678	0.5898	0.4266	0.4766	56.2
NC_051806.1	23362298	23415104	52806	convergent	BEND7	LOC119869987	True	False	False	False	False	False	True	True	False	False	False		False		True	False	False	1.0810963536096252	0.8976666666666666	1.0805880715847016	0.8623333333333333	0.05485326636064659	1.0	20.472729949597223	2.5655444012781845	36299	19615334	286259	35958	0.3637	0.0193	0.8454	0.5711	0.2835	0.4166	28.0
NC_051806.1	25264511	25315271	50760	convergent	USP6NL	LOC119869990	True	True	False	False	False	False	True	True	False	False	False		False		True	False	False	1.1677258163573143	0.9406666666666667	1.209129968325297	0.8946666666666667	0.05935155713066188	30.0	25.046219594053653	3.3496604546911515	0	17714144	84179	30775	0.2888	0.0036	0.8385	0.5603	0.0901	0.3563	2.8
NC_051806.1	29613097	29682625	69528	convergent	LOC111091644	LOC111091655	True	False	False	False	False	False	False	True	False	False	False		False		False	False	False	1.017427989778898	0.8383333333333334	1.0098282528281213	0.827	0.05211988735897026	3.0	4.090950590414592	0.4116555952399398	97861	13356174	561955	6493	0.4196	0.0155	0.8763	0.6077	0.554	0.4946	65.5
NC_051806.1	31421264	31473494	52230	convergent	LOC111091701	LOC119870074	True	False	False	False	False	False	False	True	False	True	False		False		True	False	False	0.986435203595155	0.804	0.9567798404335975	0.7866666666666666	0.051837735310576324	7.0	7.654738017814379	0.9399720725945662	322379	11556656	375809	28409	0.4263	0.0117	0.8664	0.5976	0.9209	0.5646	89.2
NC_051806.1	37763146	37815322	52176	convergent	LOC102153902	LOC111094200	True	False	False	False	False	False	True	False	False	True	False		False		True	False	False	1.0686572427342278	0.887	1.0552108010371526	0.853	0.05341605151042252	1.0	5.682034090173168	0.7370547258144203	135766	5214801	119627	52283	0.3927	0.0193	0.8712	0.6027	0.6759	0.5124	71.8
NC_051806.1	38503041	38573083	70042	convergent	ARHGAP26	NR3C1	True	True	False	True	False	False	True	False	False	True	False		False		True	False	False	0.9589639682299941	0.7666666666666667	0.9782160316705704	0.8086666666666666	0.04964941257811554	11.0	8.682231542431095	1.0283057865011898	11938	4465973	35021	132269	0.4768	0.0094	0.864	0.5954	0.1534	0.4198	31.0
NC_051806.1	39071176	39129828	58652	convergent	LOC119879638	LOC111092064	True	True	False	False	False	False	False	True	False	False	False		False		False	False	False	1.042189339663913	0.8653333333333333	1.0386519867738089	0.846	0.053521704283546974	19.0	4.9015990903759885	0.837957465229727	0	3903533	408039	14974	0.391	0.0062	0.8736	0.6002	0.0901	0.3922	13.7
NC_051806.1	39159547	39230847	71300	convergent	LOC111094604	LOC119870003	True	False	False	False	False	False	False	True	False	False	False		False		True	False	False	1.0032850767084793	0.822	0.9929028418540955	0.817	0.05137137225043166	1.0	3.2169757585443346	0.2431911071445467	70197	3808838	502734	14836	0.4378	0.0193	0.8799	0.608	0.4441	0.4778	57.5
NC_051806.1	55898984	55971473	72489	convergent	PTCD2	ZNF366	True	False	False	False	False	False	False	True	False	False	False		False		True	False	False	1.0750254963846386	0.8926666666666667	1.0334619563261669	0.8416666666666667	0.05516299811139579	1.0	15.065078585232126	1.888533385328489	139772	2006509	594728	31063	0.3585	0.0193	0.8534	0.5798	0.6865	0.4995	67.7
NC_051806.1	61050066	61110203	60137	convergent	LOC119870018	LOC102154386	True	True	False	False	False	False	True	True	False	False	False		False		False	False	False	1.1205152338005764	0.9206666666666666	1.105803634436925	0.8733333333333333	0.057512976984817	28.0	13.639989476533266	2.188821877817609	5134	1086768	38918	8850	0.3174	0.004	0.8553	0.5758	0.1189	0.3743	7.4
NC_051806.1	62723085	62783656	60571	convergent	RPGRIP1L	LOC119870323	True	True	False	False	False	False	True	True	False	False	False		False		True	False	False	1.0705418010736085	0.8886666666666667	1.1106820581475894	0.8743333333333333	0.05543822223212881	1.0	16.443140223708202	2.5737327160184544	0	2760004	52350	11086	0.3531	0.0193	0.8515	0.571	0.0901	0.377	8.0
NC_051806.1	63630965	63704659	73694	convergent	TOX3	LOC100687235	True	True	False	False	False	False	False	True	False	False	False		False		True	False	False	1.01286168353862	0.833	1.0198756242394447	0.8316666666666667	0.05180576020036296	1.0	6.06642535525253	0.9934735739643036	7188	3674446	810677	44696	0.4269	0.0193	0.8703	0.5962	0.1304	0.4086	23.9
NC_051806.1	77425724	77486897	61173	convergent	LOC102153519	LOC119870436	True	True	False	False	False	False	True	True	False	False	False		False		False	False	False	1.1672355149380897	0.9406666666666667	1.1698406967202823	0.887	0.05887034721608592	1.0	20.91465546910531	3.9743614905444726	6310	847142	158053	4814	0.2959	0.0193	0.8449	0.5504	0.1247	0.367	5.0
NC_051806.1	80612441	80666392	53951	convergent	LOC119870059	KLHDC7A	True	True	False	False	False	False	False	True	False	False	False		False		True	False	False	1.1605122921736442	0.938	1.0817272837956746	0.8623333333333333	0.05823783946115143	1.0	19.68487957366253	3.423068670896653	0	4030248	871943	13440	0.3053	0.0193	0.8465	0.5592	0.0901	0.3641	4.1
NC_051806.1	84152591	84202660	50069	convergent	LOC119870024	PDPN	True	False	False	False	False	False	True	True	False	True	False		False		True	False	False	1.106832519356257	0.9136666666666666	1.1160706926981607	0.8753333333333333	0.056948708034038203	8.0	20.197176196110966	3.0571462003063656	47375	959073	26810	1776	0.3266	0.0111	0.8457	0.5646	0.3378	0.4171	28.9
NC_051806.1	84303869	84363723	59854	convergent	LRRC38	C2H1orf158	True	False	False	False	False	False	True	True	False	False	False		False		True	False	False	1.1569780030544095	0.936	1.105573324461778	0.8733333333333333	0.05878329002918684	4.0	33.08578231351509	4.926058766673488	66204	802902	182981	20937	0.2972	0.0143	0.8286	0.5329	0.4265	0.4199	31.2
NC_051807.1	9691905	9747134	55229	convergent	ST8SIA4	LOC106558558	True	False	False	False	False	False	False	True	False	False	False		False		True	False	False	0.9892747528647823	0.8063333333333333	1.0423166785240174	0.8486666666666667	0.051951783443440216	37.0	2.535161892254615	0.20490392035210322	169519	10186984	1457004	1328	0.4235	0.0024	0.8833	0.608	0.7547	0.5344	77.2
NC_051807.1	10779807	10837318	57511	convergent	LOC100685686	LOC119871165	False	False	False	False	False	False	False	False	False	False	False	38.03	False	4.32784	False	False	False	0.9381547504917834	0.7256666666666667	0.9414552786191305	0.7736666666666666	0.049536361495460327	1.0	3.2247474162948735	0.4302419573337714	216438	9097941	367961	59955	0.4793	0.0193	0.8798	0.6076	0.8308	0.5634	88.3
NC_051807.1	21623166	21678171	55005	convergent	LOC119871170	LOC111095350	True	False	False	False	False	False	False	True	False	False	False		False		True	False	False	0.9369027127368023	0.7216666666666667	0.937698283235232	0.7693333333333333	0.04972913093185171	0.0	3.292680464196761	0.3732461496442044	200668	1744142	565092	9181	0.4747	0.0287	0.8795	0.6078	0.8086	0.5599	86.8
NC_051807.1	22304729	22367018	62289	convergent	LOC111095151	LOC119871362	False	False	False	False	False	False	False	False	False	False	False	32.58	False	4.00506	False	False	False	0.9130512081665204	0.6826666666666666	0.882510517946879	0.726	0.04757943282984538	1.0	1.6083525605311033	0.13162193889086796	139127	2429347	1250297	105411	0.5276	0.0193	0.8903	0.608	0.6865	0.5463	81.8
NC_051807.1	25390804	25445201	54397	convergent	LOC119871164	LOC111095157	True	False	True	False	False	False	True	True	False	True	False		False		True	False	False	1.0149008211510493	0.8333333333333334	0.9264787002722422	0.7583333333333333	0.05375542531709806	39.0	3.5163172186333473	0.8968138470687808	268002	5511476	112640	40503	0.3862	0.0021	0.8785	0.5987	0.8848	0.5501	83.1
NC_051807.1	31153307	31211185	57878	convergent	GCNT4	MIR8901	True	False	False	False	False	True	True	True	False	False	False		False		True	True	False	0.6754123646026314	0.5783333333333334	0.15562085159420966	0.228	0.03380456932624272	25.0	7.82748898209977	1.1168696079974942	207246	28959	261615	16870	0.8318	0.0046	0.866	0.5933	0.8186	0.6229	98.5
NC_051807.1	32087727	32156058	68331	convergent	TUBGCP5	LOC100688323	True	False	False	False	False	False	False	True	False	False	False		False		True	False	False	0.965466322504379	0.779	1.0051135806639988	0.8253333333333334	0.050893365809012624	18.0	8.048569160391967	1.1144800283458116	96892	904072	1201261	6828	0.4483	0.0066	0.8656	0.5933	0.5502	0.4928	64.2
NC_051807.1	34846149	34921008	74859	convergent	LOC119871185	LOC106558580	True	False	False	False	False	False	False	True	False	False	False		False		False	False	False	0.9821404249922904	0.798	1.0375486907362939	0.846	0.051210755648884734	30.0	2.4046834874359266	0.6111229469606306	141422	1857590	1919698	449	0.4412	0.0036	0.8841	0.6054	0.6915	0.5252	74.8
NC_051807.1	35803900	35876584	72684	convergent	UBE3A	LOC100685501	True	True	False	False	False	False	False	True	False	False	False		False		False	False	False	0.9297049957022979	0.7103333333333334	0.934370875008901	0.7663333333333333	0.049259819474013936	1.0	3.2951991373609486	0.5168394326734458	0	2416216	963034	29968	0.4862	0.0193	0.8795	0.6069	0.0901	0.4164	27.5
NC_051807.1	44207725	44265967	58242	convergent	LOC119870785	LOC111095367	True	False	False	False	False	False	False	False	False	False	False	27.34	True	7.80566	False	False	False	0.9779395063697692	0.7936666666666666	0.9824686593612034	0.812	0.05052748381553899	1.0	2.317920363944221	0.2863463847369635	111846	5980366	311387	102576	0.4566	0.0193	0.8846	0.6079	0.6034	0.5144	72.2
NC_051807.1	50781019	50831091	50072	convergent	AGBL1	LOC102152355	True	False	False	False	False	False	False	False	False	True	False		False		False	False	False	0.9585278513123384	0.765	0.9619861881931624	0.7906666666666666	0.049692651425456695	1.0	2.7729579274855287	0.26245898392668837	281055	1416138	742330	122480	0.4755	0.0193	0.882	0.6079	0.8949	0.5759	90.7
NC_051807.1	56269278	56323122	53844	convergent	EFL1	LOC106558624	True	False	False	False	False	False	False	True	False	False	False		False		True	False	False	1.1836140648431275	0.9446666666666667	1.1911725438078244	0.8903333333333333	0.06035611581878233	1.0	22.64588809053598	3.1152421737800933	178800	1218670	852591	3932	0.2754	0.0193	0.843	0.5638	0.772	0.4947	65.7
NC_051807.1	60928139	60979861	51722	convergent	LOC119871320	HMX1	True	False	False	False	False	False	False	True	False	False	False		False		True	False	False	1.2324750791248054	0.96	1.2310517077763876	0.8973333333333333	0.0636577256617468	10.0	17.294789262978725	4.163380428134758	46000	614422	652918	9581	0.2353	0.0099	0.8492	0.5471	0.3328	0.3949	15.0
NC_051807.1	67665045	67732484	67439	convergent	LOC111095269	LOC111095270	True	True	False	False	False	False	False	True	False	False	False		False		False	False	False	0.9830160576448606	0.7983333333333333	1.004439312795798	0.825	0.05004238339292764	2.0	2.355427204937038	0.3003948364226136	26236	6576141	2858148	29449	0.4676	0.017	0.8844	0.6079	0.2325	0.4419	43.6
NC_051807.1	72901974	72956918	54944	convergent	RBM47	CHRNA9	True	False	True	True	False	False	True	True	False	True	False		False		True	False	False	1.077976808871859	0.8966666666666666	1.029795533879598	0.8393333333333334	0.05602488640248862	57.0	5.2362850705033965	0.5694141295939178	245554	1345459	27472	31393	0.3421	0.0005	0.8725	0.6062	0.8637	0.537	78.7
NC_051807.1	73210443	73261055	50612	convergent	LOC119871251	TRNAK-CUU-6	True	False	False	False	False	False	True	True	False	False	False		False		False	False	False	0.9074317523195099	0.6753333333333333	0.8856660192171733	0.727	0.04593885428558731	5.0	6.3482379952923145	0.6062696535047787	35749	1039156	192116	0	0.5671	0.0133	0.8695	0.6055	0.2784	0.4668	52.5
NC_051807.1	74470819	74522415	51596	convergent	LOC106558641	LOC111095389	True	False	True	False	False	True	True	True	False	True	False		False		True	False	False	1.0886281443189938	0.9006666666666666	1.0858760620276136	0.864	0.05662989816545245	42.0	5.258209540655805	0.49093534528390304	96617	221690	53300	27502	0.3319	0.0018	0.8725	0.6072	0.5502	0.4727	55.1
NC_051807.1	76113264	76180116	66852	convergent	LOC111095297	LOC102153709	True	False	False	False	False	False	False	True	False	False	False		False		False	False	False	0.9174345849876988	0.689	0.9284148159583409	0.7603333333333333	0.04823183055470996	1.0	2.9230235757015466	0.3695637307475484	53310	1871763	1703373	1875	0.5127	0.0193	0.8812	0.6078	0.3666	0.4775	57.0
NC_051807.1	76613649	76664485	50836	convergent	ARAP2	LOC100688576	True	True	False	False	False	False	False	True	False	False	False		False		False	False	False	0.9283955753620294	0.707	0.9450847132802009	0.7766666666666666	0.048747128827746664	1.0	3.0400885371065405	0.3060579590122063	14067	2364140	2195750	45500	0.4991	0.0193	0.8807	0.6079	0.1696	0.4353	40.3
NC_051807.1	77813684	77865855	52171	convergent	LOC111095391	LOC111095392	False	False	False	False	False	False	False	False	False	False	False	38.77	False	6.1870400000000005	False	False	False	0.891147664302045	0.6606666666666666	0.8616723373095194	0.7126666666666667	0.04652607525892331	1.0	1.670917203019068	0.2294506935723005	214769	3564842	3396452	329130	0.5526	0.0193	0.8897	0.608	0.8283	0.5796	93.1
NC_051807.1	81859047	81912809	53762	convergent	LOC119872911	LOC119871343	True	False	False	False	False	False	False	True	False	False	False		False		False	False	False	0.9133665572023668	0.683	0.9448633133331934	0.7756666666666666	0.048696972147963834	0.0	2.6521818917185405	0.2527344989789137	385928	7611001	3966029	44557	0.5	0.0287	0.8827	0.608	0.9476	0.5934	96.3
NC_051807.1	85288823	85342443	53620	convergent	LOC111095403	LOC100686918	True	False	False	False	False	False	False	True	False	False	False		False		False	False	False	1.136845786096029	0.9286666666666666	1.065978914340337	0.858	0.05986852762018968	38.0	6.735849310253068	0.8586294400618393	159367	4713437	536324	33294	0.2818	0.0023	0.8685	0.5997	0.734	0.4972	66.2
NC_051808.1	1943254	2003893	60639	convergent	LOC102151881	LOC111095689	True	False	False	False	False	False	False	True	False	False	False		False		False	False	False	0.9464291037873721	0.741	0.9108350653648376	0.7446666666666667	0.0506243390451075	1.0	2.09437925052961	0.2492187948000918	476427	6753568	1548021	34553	0.4545	0.0193	0.8862	0.608	0.97	0.5876	94.8
NC_051808.1	4984288	5034699	50411	convergent	LOC111095431	LOC111095433	True	False	False	False	False	False	True	True	False	False	False		False		True	False	False	1.2174680088704812	0.9566666666666667	1.181224018828074	0.8893333333333333	0.06311228764744671	28.0	8.890361328309824	1.3333018419059595	134493	3717648	235220	16052	0.2419	0.004	0.8636	0.5887	0.6731	0.4743	55.5
NC_051808.1	5485501	5546210	60709	convergent	LOC102155069	SLC35F3	True	True	False	False	False	False	False	True	False	False	False		False		False	False	False	0.9602263430038606	0.77	0.9551514861106872	0.7846666666666666	0.04981797099989893	3.0	4.520703399103515	0.5843254498462551	0	3211286	741582	11030	0.4726	0.0155	0.8748	0.6059	0.0901	0.4118	25.8
NC_051808.1	6820779	6870891	50112	convergent	LOC119871610	LOC111095435	True	False	False	False	False	False	False	True	False	False	False		False		True	False	False	0.9424432511149999	0.7346666666666667	0.9487266460736591	0.78	0.048717563907350596	1.0	4.576207493807944	0.734939190782095	120835	1881306	1233130	1863	0.4997	0.0193	0.8746	0.6028	0.6323	0.5257	75.1
NC_051808.1	12066504	12128157	61653	convergent	LOC111095700	SLC16A9	True	True	False	False	False	False	True	False	False	False	False		False		False	False	False	1.001789309285384	0.82	0.96599699455897	0.796	0.05217838453252289	9.0	3.446415533636499	0.5156810575673824	0	3347478	131631	69057	0.4181	0.0105	0.8788	0.6069	0.0901	0.4009	20.0
NC_051808.1	13169783	13237184	67401	convergent	CDK1	RHOBTB1	True	True	False	True	False	False	True	True	False	True	False		False		True	False	False	1.1201767350242102	0.9206666666666666	1.1239580598990124	0.8776666666666667	0.05872981851718112	37.0	6.319427074687338	0.7588018395156764	3483	2241325	33700	12954	0.2978	0.0024	0.8696	0.6022	0.1074	0.3759	7.6
NC_051808.1	14781335	14832377	51042	convergent	LOC111095463	LOC119871460	True	False	True	False	False	False	False	True	False	False	False		False		True	False	False	1.3015706107691254	0.9756666666666667	1.4902658333937329	0.9183333333333333	0.07082937879648511	51.0	3.2730242972581474	0.507173689315934	56856	637952	442444	15939	0.1702	0.0009	0.8796	0.607	0.3808	0.4077	23.4
NC_051808.1	17362530	17419663	57133	convergent	LOC100856460	LOC100686735	True	True	False	False	False	False	False	True	False	False	False		False		False	False	False	0.866599526626311	0.649	0.8695253962834677	0.7173333333333334	0.04548037486185994	1.0	4.675954421068123	0.5973306740839917	8904	1946263	2063595	3957	0.5785	0.0193	0.8743	0.6057	0.1362	0.4428	44.0
NC_051808.1	28998408	29056566	58158	convergent	LOC102155105	LOC111095511	True	False	False	False	False	False	True	True	False	True	False		False		True	False	False	1.3946344965347672	0.9853333333333333	1.524031868068377	0.92	0.0734270768569143	19.0	30.655821387837204	4.944116300104015	172513	5376944	81259	42941	0.1518	0.0062	0.8315	0.5326	0.7607	0.4566	48.8
NC_051808.1	36047237	36120971	73734	convergent	LOC100684047	LOC111095523	True	False	False	False	False	False	True	True	False	False	False		False		True	False	False	1.0057110596513226	0.825	1.014146651061376	0.8286666666666667	0.05162379092458193	23.0	4.667898615979795	0.9628235448872355	59104	1234607	125965	20551	0.4313	0.0051	0.8743	0.597	0.3948	0.4605	50.5
NC_051808.1	37518160	37569466	51306	convergent	THOC3	CPLX2	True	False	False	True	False	True	True	True	False	True	False		False		True	False	False	1.1038342059502029	0.9116666666666666	1.1046116717576981	0.8726666666666667	0.0561027476805427	21.0	4.8523376654504755	0.6693918185394051	131187	225082	25653	33818	0.3406	0.0057	0.8738	0.6043	0.6646	0.4978	66.4
NC_051808.1	37795829	37851034	55205	convergent	LOC119871736	SFXN1	True	False	False	False	False	False	False	True	False	False	False		False		False	False	False	1.1331057105357925	0.9276666666666666	1.0554714082360268	0.8533333333333334	0.05844221626726487	24.0	11.91304765106546	1.4628520004112175	51569	504700	305271	3625	0.3024	0.0049	0.8582	0.5863	0.3572	0.4218	33.2
NC_051808.1	42728958	42791035	62077	convergent	LOC119871511	LOC100687995	True	False	False	False	False	False	True	False	False	True	False		False		False	False	False	0.9419450467380664	0.7333333333333333	0.9312615079641342	0.7643333333333333	0.0497469948110064	0.0	2.6511546812370446	0.2658881351413899	59996	672371	168565	51435	0.4744	0.0287	0.8827	0.6079	0.3948	0.4777	57.3
NC_051808.1	55513056	55565959	52903	convergent	LOC106558729	LOC119871746	True	True	False	False	False	False	True	True	False	True	False		False		True	False	False	1.218501884364979	0.957	1.213982319188118	0.8956666666666667	0.06306562634755372	37.0	10.179294080830976	1.6118027748334973	10493	4219046	169920	2382	0.2425	0.0024	0.8612	0.5838	0.1477	0.3675	5.2
NC_051808.1	56109927	56183571	73644	convergent	LOC111095578	GRIA1	True	True	False	False	False	False	False	True	False	False	False		False		True	False	False	1.0408570485114792	0.865	0.9729621066411337	0.803	0.05350023192906391	13.0	5.538912931573266	1.0492654638892576	0	3611804	777162	12106	0.3914	0.0084	0.8717	0.5949	0.0901	0.3913	13.2
NC_051808.1	61210674	61263506	52832	convergent	CSPG4B	LOC119871643	True	False	False	False	False	False	False	True	False	False	False		False		True	False	False	1.1269751799505527	0.9246666666666666	1.0515082000335059	0.852	0.059342067714463924	31.0	5.612143498068017	0.7463389784593155	87090	1219976	1427710	31768	0.2889	0.0034	0.8714	0.6025	0.516	0.4564	48.6
NC_051808.1	64067111	64119158	52047	convergent	LOC102157144	LOC100687852	True	False	False	False	False	False	False	True	False	False	False		False		False	False	False	0.9314903890430526	0.713	0.9523964283148447	0.783	0.04976620682487594	0.0	3.068899073139229	0.5664976101703947	368134	4076020	1326175	22185	0.4737	0.0287	0.8805	0.6062	0.9416	0.5861	94.4
NC_051808.1	65949583	66022083	72500	convergent	LOC100687240	MRPS30	True	True	False	False	False	False	False	True	False	False	False		False		True	False	False	0.9923136648265796	0.812	0.9421345636208853	0.7746666666666666	0.05221857897070633	66.0	4.589858559886441	0.5395291787224701	0	5968719	1244226	9474	0.4172	0.0001	0.8746	0.6066	0.0901	0.3977	17.4
NC_051808.1	76456036	76509373	53337	convergent	DROSHA	CDH6	True	True	False	False	False	True	False	True	False	False	False		False		False	False	False	1.032830879580103	0.857	1.0184337198257447	0.8306666666666667	0.05265570671667628	13.0	6.256114670768966	0.6234010764690736	0	132659	639037	11687	0.4088	0.0084	0.8698	0.6052	0.0901	0.3965	15.8
NC_051808.1	77033647	77089414	55767	convergent	TMEM125	LOC102156164	True	False	False	False	False	False	False	True	False	False	False		False		False	False	False	0.9534080702586114	0.7563333333333333	0.9516476272741955	0.7826666666666666	0.05027453317162228	0.0	1.6246835154681614	0.10035651248581957	561530	711485	1217863	2937	0.4617	0.0287	0.8901	0.608	0.9807	0.5938	97.0
NC_051808.1	81940968	82004288	63320	convergent	LOC100685641	LOC479379	False	False	False	False	False	False	False	False	False	False	False	34.07	False	4.810820000000001	False	False	False	0.9226745871348893	0.6983333333333334	0.9237236798882484	0.7563333333333333	0.04899555663292873	1.0	3.800591323626117	0.5880011967840432	52372	5622583	5024402	64427	0.4919	0.0193	0.8774	0.6059	0.3619	0.4713	54.7
NC_051808.1	83742031	83797839	55808	convergent	CDH12	LOC111095663	True	False	False	False	False	False	False	True	False	False	False		False		False	False	False	0.9367709103843556	0.7216666666666667	0.9626523963610333	0.7913333333333333	0.05001805949874653	0.0	7.169027109518633	1.0483348562189132	244935	7419890	3227095	12344	0.4681	0.0287	0.8675	0.5949	0.8627	0.5644	88.9
NC_051808.1	87580819	87638502	57683	convergent	ZNF622	LOC106558684	True	True	False	False	False	False	True	True	False	False	False		False		True	False	False	1.2358260752144876	0.961	1.225844912258784	0.897	0.064976121882	6.0	40.34021601801059	4.912010975969497	0	11259615	45463	16622	0.2219	0.0125	0.8161	0.5332	0.0901	0.3348	0.9
NC_051809.1	2620428	2685222	64794	convergent	OPCML	NTM	True	False	False	True	False	False	True	True	False	True	False		False		False	False	False	1.0678476442005633	0.8866666666666667	1.0433507333318393	0.8493333333333334	0.053743094112485464	1.0	7.8874222423921525	1.4841730258876142	347175	1683777	32397	37204	0.3865	0.0193	0.8659	0.586	0.9331	0.5582	85.9
NC_051809.1	6345291	6400601	55310	convergent	LOC111096091	LOC119871991	True	False	False	False	False	False	True	True	False	False	False		False		False	False	False	0.9600231746620592	0.7693333333333333	0.9864827699740727	0.813	0.0507217262877569	1.0	3.706821405901723	0.2273360777923646	47946	5403898	229522	5403	0.4522	0.0193	0.8778	0.608	0.3378	0.459	49.5
NC_051809.1	14259045	14318214	59169	convergent	LOC119871999	LOC111095807	True	False	False	False	False	False	True	True	False	False	False		False		True	False	False	1.2171555804888778	0.9566666666666667	1.1785227908531823	0.8886666666666667	0.06289727646982098	7.0	15.69227033647254	2.635800519512449	36371	2076373	158811	17739	0.2446	0.0117	0.8526	0.5702	0.2835	0.3925	13.9
NC_051809.1	18909987	18974471	64484	convergent	C5H11orf71	LOC119881489	True	True	False	False	False	False	True	True	False	False	False		False		True	False	False	0.8115565397021426	0.6266666666666667	0.9701702142556509	0.801	0.04055474729712563	0.0	4.365959459269467	0.6244796046726521	7771	2577202	105143	2303	0.6999	0.0287	0.8753	0.6052	0.1304	0.4679	53.4
NC_051809.1	23237689	23310760	73071	convergent	LOC111095852	C5H11orf87	True	False	False	False	False	False	False	True	False	False	False		False		False	False	False	0.9480891668378841	0.747	0.8996772004644076	0.7343333333333333	0.04907136933626103	1.0	2.34495529053684	0.39567181742886276	75776	1689813	439216	3333	0.4904	0.0193	0.8845	0.6078	0.4663	0.4937	64.6
NC_051809.1	27846016	27902436	56420	convergent	LOC100687870	LOC111095862	True	False	False	False	False	False	False	True	False	False	False		False		False	False	False	0.9497322179374438	0.752	0.85671725183328	0.71	0.04880353504710202	1.0	2.9151741160076567	0.5042968477411236	174226	3229833	1155416	8319	0.4973	0.0193	0.8813	0.607	0.7647	0.5539	83.9
NC_051809.1	32059172	32124240	65068	convergent	LOC119871841	LOC111095870	True	False	False	False	False	True	True	True	False	False	False		False		True	False	False	1.0666271056877985	0.886	1.0525204379320146	0.8523333333333334	0.05463818273755171	11.0	5.350851988914548	0.8736233065713073	41706	58754	64290	6901	0.3684	0.0094	0.8722	0.5993	0.3082	0.4315	38.8
NC_051809.1	47160487	47220638	60151	convergent	LOC119871875	LOC100684598	True	False	False	False	False	False	True	True	False	False	False		False		False	False	False	0.9410534111483537	0.731	0.9383145695050557	0.7696666666666667	0.05013768769643396	0.0	2.3783021772910318	0.4478861154117104	165562	1823108	191651	17552	0.4652	0.0287	0.8843	0.6075	0.7467	0.5465	82.0
NC_051809.1	67812010	67871860	59850	convergent	ZDHHC7	LOC119872032	True	False	True	False	False	False	True	True	False	True	False		False		True	False	False	1.270748398402912	0.97	1.2239800508936247	0.8963333333333333	0.06666684155193951	52.0	23.041045724604945	3.5735698807407617	133065	5129843	127019	3376	0.2051	0.0008	0.8426	0.5569	0.6703	0.4551	48.2
NC_051809.1	89203545	89257435	53890	convergent	LOC111096139	LOC119874957	True	True	False	False	False	False	False	True	False	False	False		False		False	False	False	1.0455247453423062	0.8696666666666667	1.0627304121891656	0.8573333333333333	0.051575446084050486	1.0	5.1507150255576155	1.1374759795363174	0	6629093	4673146	6738	0.4326	0.0193	0.8728	0.5928	0.0901	0.4015	20.6
NC_051810.1	3695908	3765879	69971	convergent	LOC119881536	LOC119872440	True	False	False	False	False	False	False	True	False	False	False		False		True	False	False	1.03136840616287	0.855	0.989486674753825	0.8146666666666667	0.05247078554215532	10.0	6.368000801825251	0.9598071910245572	144107	1995233	1812851	1975	0.4121	0.0099	0.8695	0.5971	0.6989	0.5175	73.5
NC_051810.1	15694571	15754185	59614	convergent	LOC102156691	LOC111096491	True	True	False	False	False	True	True	True	False	False	False		False		True	False	False	1.292120877744138	0.974	1.3093521007696787	0.9053333333333333	0.06646700241404437	3.0	28.467870393368695	4.710486333760546	0	223852	115206	20039	0.2069	0.0155	0.8336	0.5371	0.0901	0.3366	1.1
NC_051810.1	43751242	43809227	57985	convergent	SLC25A24	LOC102151888	True	False	False	False	False	False	True	True	False	True	False		False		True	False	False	1.0778058431561828	0.8963333333333333	1.0442507247447967	0.8496666666666667	0.055736239861768386	25.0	7.14626348642878	0.8716673342184261	55234	1177299	143623	23040	0.3472	0.0046	0.8675	0.5993	0.376	0.4389	42.5
NC_051810.1	46489068	46547626	58558	convergent	LOC111096509	LOC100683041	True	False	False	False	False	False	False	True	False	False	False		False		False	False	False	0.9535144190347082	0.7563333333333333	0.9747899361054104	0.8056666666666666	0.049535472431060254	2.0	2.1186657423905184	0.41173281480190826	93347	3915412	1245341	11043	0.4793	0.017	0.886	0.6077	0.5388	0.5058	69.2
NC_051810.1	50658944	50727578	68634	convergent	LOC119872255	LOC119872463	True	True	False	False	False	False	False	True	False	False	False		False		False	False	False	0.9507569725869565	0.7536666666666667	0.9595694306810697	0.789	0.05073296133294529	1.0	2.6986192554177344	0.4522690418697281	0	1302385	1453352	5650	0.4519	0.0193	0.8824	0.6075	0.0901	0.4103	24.5
NC_051810.1	54055016	54116812	61796	convergent	LOC111096377	LOC111096379	True	False	False	False	False	False	False	True	False	False	False		False		True	False	False	0.9836125293500674	0.799	0.9890332032521566	0.8143333333333334	0.051900904827885876	0.0	5.456957694590489	1.080686856658737	64086	2090247	522336	18449	0.4245	0.0287	0.8719	0.5941	0.4176	0.4674	52.9
NC_051810.1	54185278	54253504	68226	convergent	LOC119872358	LOC119876387	True	False	False	False	False	False	False	True	False	False	False		False		True	False	False	0.9648739581318279	0.776	0.9659498034954072	0.7956666666666666	0.05082460173229861	1.0	6.375939610793996	0.9100403446860572	44391	2223724	388859	47129	0.4498	0.0193	0.8695	0.5984	0.323	0.452	46.4
NC_051810.1	65303098	65376045	72947	convergent	LOC102151889	LOC111096431	True	False	False	False	False	False	False	True	False	False	False		False		False	False	False	0.949612903523938	0.7516666666666667	0.9471557251056036	0.7776666666666666	0.05044774037117015	1.0	3.899501426550027	0.6585529820844984	535429	10132612	2352656	6825	0.4581	0.0193	0.877	0.6045	0.9781	0.5874	94.6
NC_051810.1	68878658	68947141	68483	convergent	LOC102152406	IFI44	True	True	False	False	False	False	False	True	False	False	False		False		False	False	False	0.9650402227577969	0.777	0.9370032876809437	0.7683333333333333	0.05079013712828607	17.0	4.8670923509632615	0.6833958338066997	0	6559284	550948	5168	0.4505	0.0069	0.8737	0.604	0.0901	0.405	22.1
NC_051811.1	2494758	2545521	50763	convergent	LOC111096593	LOC102152591	True	False	False	False	False	False	True	True	False	True	False		False		True	False	False	1.0508198038242886	0.871	1.0182023422598838	0.8303333333333334	0.054028589411801796	1.0	30.01788716149467	3.549372032427417	179861	1188895	52583	11458	0.3799	0.0193	0.8322	0.5573	0.7737	0.5125	72.0
NC_051811.1	11479120	11529669	50549	convergent	LOC111096626	LOC610143	True	False	False	False	False	False	True	True	False	True	False		False		False	False	False	1.028032949988995	0.8523333333333334	1.0417602420806884	0.8483333333333334	0.05254924624889662	1.0	5.992311669142103	0.9576650363750193	320606	3713246	201255	28037	0.4106	0.0193	0.8705	0.5971	0.9197	0.5634	88.3
NC_051811.1	15394995	15461327	66332	convergent	LOC106559021	GLUL	True	False	False	False	False	False	False	True	False	False	False		False		True	False	False	1.0954049968015473	0.9056666666666666	1.1436640276590984	0.882	0.057296617515621026	32.0	5.185278728748622	0.6965759830598252	71839	6916475	534647	7824	0.3207	0.0032	0.8727	0.6037	0.4487	0.4498	45.8
NC_051811.1	17217706	17274511	56805	convergent	LOC119876429	LOC119872513	True	False	False	False	False	False	False	True	False	False	False		False		False	False	False	1.0155927872471002	0.8343333333333334	1.0564066290736198	0.854	0.05254072970467911	3.0	6.332804390638957	0.8037150694133931	103892	5098528	528189	25228	0.4108	0.0155	0.8696	0.6011	0.5756	0.4945	65.3
NC_051811.1	22837876	22907514	69638	convergent	LOC100688557	LOC111096880	True	True	False	False	False	False	False	True	False	False	False		False		False	False	False	0.9651169546730747	0.7773333333333333	0.9174263131936392	0.7493333333333333	0.05021871610399909	11.0	3.1673540372809734	0.5841200574862494	27305	415374	1217408	5449	0.4629	0.0094	0.8801	0.6059	0.2376	0.4392	42.7
NC_051811.1	25873242	25943461	70219	convergent	LOC111096660	LOC111096885	False	False	False	False	False	False	False	False	False	False	False	43.31	False	4.32162	False	False	False	0.9825520626481389	0.7983333333333333	0.9866992817560833	0.8133333333333334	0.05150004002780298	13.0	3.483730799404851	0.3803283856115161	91649	655224	407488	79754	0.435	0.0084	0.8787	0.6078	0.5313	0.4922	63.3
NC_051811.1	35118386	35179633	61247	convergent	LOC111096699	LOC111096700	True	True	False	False	False	False	False	True	False	True	False		False		True	False	False	1.111955079236621	0.9166666666666666	1.071435432656606	0.859	0.058381744714666804	17.0	10.252320891223015	1.4173085969999037	991	676467	379963	14394	0.3032	0.0069	0.8611	0.5871	0.0901	0.3697	6.1
NC_051811.1	48020921	48077046	56125	convergent	RIT2	LOC119872716	False	False	False	False	False	False	False	False	False	False	False	29.76	False	4.31966	False	False	False	0.935736337789183	0.718	0.9333694957097372	0.766	0.04975730378378208	0.0	2.1397469619467313	0.40703499307299107	501017	5140880	1719514	70063	0.474	0.0287	0.8858	0.6077	0.9739	0.594	97.2
NC_051811.1	54309697	54360521	50824	convergent	LOC106559055	GALNT1	True	True	False	False	False	True	False	False	False	True	False		False		False	False	False	1.0704855562848241	0.8886666666666667	1.022185462061564	0.8343333333333334	0.05620184412418708	26.0	7.996938796646257	1.3166526039052229	10109	102265	327506	76093	0.3387	0.0044	0.8657	0.5891	0.1477	0.3891	12.6
NC_051811.1	57734073	57792841	58768	convergent	TRAPPC8	LOC111096784	True	True	False	False	False	False	True	True	False	True	False		False		True	False	False	1.0024594303126861	0.822	1.0316053736726443	0.8413333333333334	0.05126321153141025	9.0	4.585112625653482	0.4960313447671866	13457	3530613	203636	41712	0.4401	0.0105	0.8746	0.6071	0.1644	0.4193	30.6
NC_051811.1	59853346	59916313	62967	convergent	NA	LOC612611	True	False	False	False	False	False	False	True	False	True	False		False		False	False	False	0.90027424238313	0.6673333333333333	0.9339958035389584	0.766	0.04687017555435943	1.0	2.75052928367789	0.38959258166270255	84829	5651985	870069	100	0.5445	0.0193	0.8821	0.6078	0.5036	0.5115	71.4
NC_051811.1	62263653	62326266	62613	convergent	KCTD1	TAF4B	True	False	False	False	False	False	True	True	False	False	False		False		True	False	False	1.070080665674913	0.8886666666666667	1.0689801383137703	0.859	0.05512998713864312	6.0	9.008491866611099	1.322066038029582	80041	3984184	245549	13807	0.359	0.0125	0.8634	0.5889	0.487	0.4622	50.8
NC_051811.1	69954234	70019343	65109	convergent	MYL12B	LOC106559068	True	False	False	False	False	False	True	True	False	True	False		False		True	False	False	0.9956269725710367	0.8153333333333334	0.9633538655916851	0.792	0.05158150281014812	25.0	7.21480492267527	0.9574170353889084	36788	3704499	112030	21136	0.4323	0.0046	0.8674	0.5972	0.2835	0.437	41.4
NC_051811.1	72146896	72199972	53076	convergent	LOC111096813	LOC111096814	True	False	False	False	False	False	True	True	False	True	False		False		False	False	False	1.0225148973122493	0.8463333333333334	0.9860100919008254	0.813	0.053272613210450445	1.0	7.381869578996959	1.0245656348774785	126566	5891145	113888	19373	0.3953	0.0193	0.867	0.5955	0.6506	0.5055	69.0
NC_051811.1	77245369	77305935	60566	convergent	NA	LOC111096922	True	False	False	False	False	False	False	True	False	False	False		False		False	False	False	0.9424687067394713	0.735	0.9184560666044553	0.75	0.04934745917115002	1.0	2.4506878190241475	0.23226826738012316	124348	10993363	945218	100	0.4839	0.0193	0.8838	0.608	0.6447	0.5279	75.7
NC_051811.1	80890788	80943582	52794	convergent	MAPK4	LOC100688129	True	False	False	False	False	False	True	True	False	False	False		False		True	False	False	1.0248573189096897	0.8493333333333334	0.9626232800165812	0.7913333333333333	0.05317886735103621	1.0	10.752986039789636	1.8863665774108016	92185	14634896	268243	24106	0.3971	0.0193	0.8602	0.5798	0.535	0.4783	57.7
NC_051812.1	52431	118675	66244	convergent	LOC119872972	LOC119872973	True	False	False	False	False	False	True	True	False	False	False		False		False	True	False	0.4710572117723383	0.45166666666666666	0.17461474691828094	0.24633333333333332	0.023363891335081762	1.0	3.807651030899914	0.4463916678607688	864447	3659103	214085	574	0.9363	0.0193	0.8774	0.6075	0.9931	0.6867	100.0
NC_051812.1	788172	845815	57643	convergent	LOC490585	OR4L1	True	False	False	False	False	False	False	True	False	False	False		False		False	False	False	0.9306640407632912	0.7126666666666667	0.9758401309569678	0.8076666666666666	0.0486069337171285	1.0	3.9561283259742064	0.8650324609887998	133007	2927663	321290	34939	0.5026	0.0193	0.8768	0.5995	0.6703	0.5337	76.8
NC_051812.1	5172690	5239184	66494	convergent	LOC119873153	LOC608162	True	True	False	False	False	False	False	False	False	False	False		False		False	False	False	0.9750568458190426	0.7906666666666666	0.978240550772349	0.8086666666666666	0.05067330146228257	1.0	5.263412334837425	0.7916155187476136	0	1433014	785611	184419	0.4534	0.0193	0.8725	0.6014	0.0901	0.4074	23.0
NC_051812.1	5534832	5600865	66033	convergent	LOC111097200	LOC119872981	True	False	False	False	False	False	False	False	False	False	False	37.48	True	7.07716	False	False	False	0.9588478304487604	0.7663333333333333	0.9622663079301516	0.7906666666666666	0.05024771787322219	1.0	3.2818425611062367	0.31347240924836234	342848	1794925	660041	57388	0.4623	0.0193	0.8796	0.6079	0.9309	0.58	93.3
NC_051812.1	6167980	6227889	59909	convergent	LOC119872983	NOVA1	True	False	False	True	False	False	True	False	False	True	False		False		True	False	False	0.9410865856394833	0.7313333333333333	0.9784521315256755	0.8086666666666666	0.04941191973527337	1.0	2.843194323496503	0.4609827005905029	97934	2425011	29955	150437	0.482	0.0193	0.8816	0.6074	0.554	0.5089	70.3
NC_051812.1	8640791	8694857	54066	convergent	LOC111096975	LOC102154002	True	False	False	False	False	False	True	True	False	True	False		False		False	False	False	0.9477625662487407	0.7453333333333333	0.9753398163000744	0.807	0.05005021623176695	1.0	2.6300671437189838	0.5346690732859389	467824	4894901	286462	44373	0.4672	0.0193	0.8828	0.6067	0.9682	0.5888	95.2
NC_051812.1	10610167	10663583	53416	convergent	LOC102155565	HEATR5A	True	True	False	False	False	False	False	True	False	False	False		False		True	False	False	1.0295125220293981	0.8536666666666667	0.9814047681371372	0.8106666666666666	0.053254332746576725	16.0	9.645371959937531	1.2684705952829105	11875	6863952	655989	562	0.3956	0.0073	0.8623	0.59	0.1534	0.4017	20.8
NC_051812.1	12903397	12977974	74577	convergent	NPAS3	EGLN3	True	True	False	False	False	False	False	True	False	False	False		False		True	False	False	1.077741877823636	0.8963333333333333	1.1335433379173279	0.88	0.05492597375038264	19.0	9.525873867467748	1.1661381282514256	15685	9167762	1176284	45244	0.3626	0.0062	0.8625	0.5922	0.1749	0.3997	18.9
NC_051812.1	21931015	21992476	61461	convergent	LOC100684096	LOC119872816	True	False	False	False	False	False	False	False	False	False	False	39.5	False	4.96006	True	True	False	0.49789876864045324	0.4816666666666667	0.20151129219929376	0.27166666666666667	0.02039727102887836	0.0	1.274803274281488	0.13969343516627386	186745	11137336	4445874	114580	0.9473	0.0287	0.8943	0.608	0.7862	0.6529	98.9
NC_051812.1	27735066	27803631	68565	convergent	TMX1	LOC111097216	True	True	False	False	False	False	True	True	False	False	False		False		True	False	False	1.0033214734748634	0.822	1.0688772572636605	0.859	0.05131005446152351	5.0	3.7244223602444664	0.38509197670262124	5652	5329733	165300	14233	0.4391	0.0133	0.8777	0.6078	0.1189	0.4114	25.6
NC_051812.1	28781785	28839966	58181	convergent	LOC111097218	TXNDC16	True	False	False	False	False	False	True	True	False	False	False		False		True	False	False	0.8808465204380789	0.6533333333333333	0.997782872390747	0.819	0.04459163734868178	5.0	3.191763978470026	0.3257439133610688	39125	4288206	143186	7405	0.6006	0.0133	0.88	0.6079	0.2984	0.48	58.1
NC_051812.1	36266983	36333691	66708	convergent	SLC38A6	LOC111097065	True	False	False	False	False	False	True	True	False	False	False		False		True	False	False	1.0376754240530204	0.861	1.0805789383252462	0.8623333333333333	0.05340316161757258	2.0	9.978978805954378	1.3229960755736927	50337	3201231	105822	22885	0.3929	0.017	0.8616	0.5889	0.3524	0.4426	43.8
NC_051812.1	54071776	54128751	56975	convergent	LOC102153790	LOC119873009	True	True	False	False	False	True	True	True	False	False	False		False		True	False	False	1.0541642246689906	0.8736666666666667	1.0084874612808228	0.8263333333333334	0.0548724586379202	23.0	4.104846294573297	0.6494985609668338	0	45791	45135	16648	0.3635	0.0051	0.8763	0.6047	0.0901	0.3879	11.7
NC_051812.1	55781421	55851186	69765	convergent	LOC111097231	LOC106559104	True	False	False	False	False	False	False	True	False	True	False		False		False	False	False	0.8686931424152436	0.6493333333333333	0.8547953398386636	0.7093333333333334	0.04652893112615905	1.0	3.3200604218462058	0.56804718569911	266303	1761831	1674173	22161	0.5526	0.0193	0.8794	0.6062	0.8832	0.5881	95.0
NC_051812.1	58732540	58805036	72496	convergent	LOC119873149	LOC119873016	True	False	False	False	False	False	False	False	False	False	False	28.09	False	4.7614600000000005	True	False	False	0.9300959106028531	0.7106666666666667	0.878430764134725	0.7216666666666667	0.048586563229202386	1.0	2.72435755587474	0.3931153835003612	268788	4714316	1177972	182418	0.5031	0.0193	0.8823	0.6078	0.8848	0.5795	92.8
NC_051812.1	61680835	61737486	56651	convergent	CALM1	LOC111097143	True	True	False	False	False	False	False	True	False	False	False		False		True	False	False	1.240122789196176	0.9626666666666667	1.2229750180403391	0.896	0.0649948360351756	33.0	18.553146802335583	2.6174285053794453	0	7000889	718757	8668	0.2217	0.003	0.8478	0.5704	0.0901	0.3466	1.7
NC_051812.1	67788194	67843405	55211	convergent	LOC119873039	LOC111097248	True	False	False	False	False	False	True	False	False	True	False		False		False	False	False	1.0623576606780936	0.8823333333333333	1.1051339794158936	0.8733333333333333	0.053971148139528656	1.0	9.945410919998546	1.3320367217957487	40799	894250	93499	65893	0.3813	0.0193	0.8617	0.5888	0.3033	0.4309	38.2
NC_051812.1	70725627	70776316	50689	convergent	LOC106559203	LOC119881569	True	False	True	False	False	True	True	True	False	True	False		False		True	False	False	1.4051626800594756	0.9863333333333333	1.338884165708224	0.9063333333333333	0.07447764881061686	57.0	19.514301223838157	3.3845757820662006	149029	183282	141034	2548	0.145	0.0005	0.8467	0.5598	0.7113	0.4527	47.1
NC_051812.1	71254791	71309046	54255	convergent	TNFAIP2	LOC480441	True	False	False	False	False	False	True	True	False	False	False		False		True	False	False	1.2294878819005424	0.9583333333333334	1.232397024623553	0.8973333333333333	0.06408076924393041	17.0	17.666597117773122	3.055699000061439	156918	347640	214245	1430	0.231	0.0069	0.8488	0.5646	0.7272	0.4757	56.0
NC_051813.1	8313493	8376479	62986	convergent	LOC102156472	LOC102156400	True	True	False	False	False	False	True	True	False	False	False		False		True	False	False	1.0934407960149835	0.904	1.0882151015440624	0.8666666666666667	0.05497443663243269	1.0	15.930473375707397	2.6123503224238034	0	2169826	134962	8002	0.3616	0.0193	0.8523	0.5705	0.0901	0.3788	8.9
NC_051813.1	8406782	8479948	73166	convergent	LOC119873409	SOX9	True	True	False	True	False	False	True	True	False	False	False		False		True	False	False	1.0779657663530546	0.8966666666666666	1.0921644008080167	0.869	0.05456473949241771	1.0	14.63801287630349	2.5282277276162892	0	2071447	36583	8673	0.3697	0.0193	0.854	0.5716	0.0901	0.3809	9.3
NC_051813.1	15175682	15238845	63163	convergent	LOC102154199	CACNG5	True	True	False	False	False	False	True	True	False	False	False		False		True	False	False	1.17497601473688	0.9426666666666667	1.137092896024386	0.8806666666666667	0.05945876060985899	1.0	12.926627009913135	2.146432818484332	0	4188754	93573	2687	0.2871	0.0193	0.8564	0.5764	0.0901	0.3659	4.8
NC_051813.1	33214836	33269418	54582	convergent	MSI2	CCDC182	True	False	False	True	False	False	True	True	False	True	False		False		False	False	False	1.050639035211857	0.871	1.0370750264485675	0.8453333333333334	0.05243996074625332	1.0	10.013942147715744	1.2508214984232473	32873	326475	27291	7939	0.4126	0.0193	0.8616	0.5904	0.2631	0.4294	37.5
NC_051813.1	35794767	35867117	72350	convergent	BRIP1	LOC100855486	True	False	False	True	False	False	True	False	False	True	False		False		False	False	False	0.8724023669108188	0.6506666666666666	0.7832714909394581	0.6796666666666666	0.045373308994244986	1.0	3.859709115869637	0.5306527046990301	155942	680036	36175	105492	0.5816	0.0193	0.8772	0.6067	0.725	0.562	87.6
NC_051813.1	42596793	42666787	69994	convergent	LOC102151497	LOC111097438	True	True	False	False	False	False	True	True	False	False	False		False		True	False	False	1.1552330449132258	0.9356666666666666	1.1860428957660993	0.8896666666666667	0.060218101025503096	38.0	8.246955857745618	1.0413279401064395	31790	494609	69451	7929	0.2771	0.0023	0.8652	0.5951	0.258	0.3995	18.4
NC_051813.1	44260433	44316601	56168	convergent	LOC119873524	LOC119881587	True	True	False	False	False	False	False	True	False	False	False		False		False	False	False	1.052534126510411	0.873	1.0560852861324945	0.8536666666666667	0.054228786787478285	32.0	8.428068597085918	1.137531086936625	13517	439741	530634	1282	0.3762	0.0032	0.8646	0.5928	0.1644	0.4002	19.3
NC_051813.1	53233104	53304110	71006	convergent	MED27	LOC111097551	True	True	False	True	False	False	True	True	False	True	False		False		True	False	False	1.1920647035086374	0.9496666666666667	1.1901944207509358	0.89	0.06027915736550692	4.0	20.85637071012416	3.2627330673343016	6393	2255178	35503	28016	0.2764	0.0143	0.8449	0.5617	0.1247	0.3644	4.3
NC_051813.1	55289222	55342350	53128	convergent	LOC102151894	LOC111097492	True	False	True	False	False	True	True	True	False	True	False		False		True	False	False	1.4236932312476493	0.987	1.2140321669697762	0.8956666666666667	0.07563811994068867	45.0	15.56188943508295	2.835992184212652	159214	207999	115030	15773	0.1374	0.0014	0.8528	0.5676	0.734	0.4586	49.0
NC_051813.1	60390416	60460489	70073	convergent	LOC119873444	LOC119873377	True	False	False	False	False	False	False	True	False	False	False		False		True	False	False	1.1434529845255095	0.9326666666666666	1.084943979414304	0.8636666666666667	0.058353988163289836	2.0	9.925739779990032	1.543260362202969	50452	1202512	659142	1734	0.3036	0.017	0.8618	0.585	0.3524	0.424	35.1
NC_051814.1	6647061	6715959	68898	convergent	LOC119881620	LOC119881618	True	True	False	False	False	False	False	True	False	False	False		False		False	True	False	0.3148173012007871	0.26666666666666666	0.25161338892579077	0.312	0.009157425716967918	0.0	1.0885319100440758	0.2355253204744583	31510	3844367	595416	1589	0.9617	0.0287	0.8973	0.608	0.258	0.5507	83.3
NC_051814.1	16586697	16654416	67719	convergent	LOC100685032	LOC119873751	True	False	False	False	False	False	False	True	False	False	False		False		False	False	False	0.9274008133168044	0.705	0.8908942147334418	0.7306666666666667	0.048200985919726436	1.0	8.226994850640292	1.5681221031571344	79444	4146654	436987	13814	0.5136	0.0193	0.8652	0.5846	0.4828	0.4931	64.4
NC_051814.1	22082493	22156729	74236	convergent	LOC119873757	LOC102153700	True	False	False	False	False	False	True	True	False	False	False		False		True	False	False	1.2258295389854277	0.958	1.2713484235684078	0.9013333333333333	0.06258604548310687	26.0	35.09455349764537	5.852181398290901	80389	565838	298603	12724	0.2481	0.0044	0.8224	0.5141	0.487	0.4152	26.2
NC_051814.1	24918877	24986657	67780	convergent	LOC119873626	LOC119873758	True	False	False	False	False	False	True	True	False	True	False		False		True	False	False	1.2106235225115998	0.9543333333333334	1.1248153446594875	0.878	0.06358638972965878	66.0	11.45845258118503	1.4766542323612908	122233	751093	48727	5278	0.2363	0.0001	0.8589	0.5861	0.6385	0.464	51.8
NC_051814.1	25211889	25276787	64898	convergent	SLC25A17	MCHR1	True	True	False	False	False	False	True	True	False	False	False		False		True	False	False	1.104055591554969	0.9116666666666666	1.0877061246236166	0.866	0.05608755237260119	30.0	8.594805486104018	1.013155415705193	5662	1042664	67064	12832	0.3409	0.0036	0.8642	0.5958	0.1189	0.3847	10.6
NC_051814.1	29447517	29507386	59869	convergent	LOC102152977	MCM5	True	True	False	True	False	False	True	True	False	False	False		False		True	False	False	1.2406563689172463	0.9626666666666667	1.2621324722607932	0.9006666666666666	0.06378633445430741	1.0	28.335927024380236	4.413350922935656	22549	831314	29935	18695	0.234	0.0193	0.8338	0.5426	0.2117	0.3683	5.4
NC_051814.1	33387381	33437530	50149	convergent	LOC106559418	LOC106559383	True	True	False	False	False	False	True	True	False	True	False		False		False	False	False	1.0546376519121827	0.8743333333333333	1.0847950026790303	0.8633333333333333	0.05354997533803809	1.0	9.393423118540841	1.6981872615572788	12545	4766318	33702	8628	0.3903	0.0193	0.8627	0.5825	0.1592	0.4028	21.3
NC_051814.1	34678177	34747422	69245	convergent	LOC102152060	TXNRD1	True	True	False	False	False	False	False	True	False	False	False		False		True	False	False	1.1069022168607479	0.914	1.1413447077711423	0.882	0.056756604668032284	28.0	8.30355541738981	1.0020221804144531	12201	6066662	1334046	24122	0.3301	0.004	0.865	0.596	0.1592	0.3909	12.8
NC_051814.1	35158873	35212398	53525	convergent	SEPTIN10	LOC106559442	True	True	False	False	False	False	False	True	False	False	False		False		False	False	False	1.016540925771151	0.8363333333333334	0.9766800847172735	0.8076666666666666	0.05177686438723069	1.0	8.02108697312771	1.3086848170898036	0	6046292	1806882	15614	0.4275	0.0193	0.8657	0.5892	0.0901	0.3984	17.6
NC_051814.1	46275184	46345564	70380	convergent	TRNAI-UAU-2	LOC119873662	True	True	True	False	False	False	True	True	False	False	False		False		True	False	False	1.3480609233749516	0.9813333333333333	1.1950369053681693	0.8916666666666667	0.07038423397176995	69.0	14.933970675336342	2.156832905980341	0	5078426	74552	0	0.1735	0.0001	0.8536	0.5762	0.0901	0.3387	1.5
NC_051814.1	46556671	46612324	55653	convergent	LOC106559407	LOC119873664	True	False	True	False	False	False	False	True	False	False	False		False		True	False	False	1.8852126482789566	0.9973333333333333	1.7996332928737004	0.9386666666666666	0.10379360861440508	63.0	18.222381188554813	3.7065642290898295	65503	5352549	348675	11347	0.0325	0.0002	0.8482	0.5548	0.4221	0.3716	6.5
NC_051814.1	55173498	55233905	60407	convergent	NA	LOC102151272	True	False	False	False	False	False	False	True	False	False	False		False		True	False	False	0.9401838540374389	0.729	0.9428657992680868	0.7746666666666666	0.04823102151203433	1.0	3.4010765916281214	0.43392275880364856	78701	2555815	2433939	100	0.5127	0.0193	0.879	0.6076	0.4788	0.4995	67.7
NC_051814.1	57054512	57104779	50267	convergent	LOC119873779	CLHC1	True	False	True	False	False	False	False	True	False	False	False		False		True	False	False	1.277182712862344	0.9713333333333334	1.591397377173106	0.9246666666666666	0.06881804073268599	42.0	11.03736928399584	1.5877232265406553	70355	679871	557995	11200	0.1865	0.0018	0.8597	0.5842	0.4442	0.4153	26.5
NC_051814.1	57815583	57880350	64767	convergent	LOC119873681	LOC111097852	True	False	False	False	False	True	True	True	False	True	False		False		False	False	False	0.9987302262597972	0.818	0.9492983062108359	0.7803333333333333	0.05244328525963833	1.0	6.159059383920105	1.1429258369943438	272966	70142	148242	20	0.4126	0.0193	0.87	0.5927	0.8881	0.5565	85.0
NC_051814.1	61932847	61989787	56940	convergent	LOC102155693	LOC119873691	True	False	True	False	False	False	True	True	False	True	False		False		False	False	False	1.2693991713858281	0.9696666666666667	1.1639497126221656	0.8853333333333333	0.06814492922723328	47.0	9.541967960903278	1.2132007129132378	186317	4183493	36038	7568	0.192	0.0012	0.8625	0.5912	0.7862	0.4866	61.0
NC_051814.1	63844443	63896703	52260	convergent	OTX1	LOC100686739	True	True	False	False	False	False	False	True	False	False	False		False		True	False	False	0.9886110957369296	0.8056666666666666	0.9604221299091974	0.7893333333333333	0.05233484580903763	3.0	5.885713248899131	1.2503837156039923	0	6092749	987989	5011	0.4149	0.0155	0.8707	0.5904	0.0901	0.3963	15.4
NC_051814.1	66943912	67008116	64204	convergent	MEIS1	LOC111097797	True	True	False	True	False	False	True	False	False	True	False		False		True	False	False	0.993399816099274	0.8126666666666666	1.0192595862587293	0.831	0.05207666319985481	1.0	17.920064723328018	1.9673887958013385	23986	9198190	32102	81938	0.4204	0.0193	0.8485	0.5787	0.217	0.4168	28.6
NC_051814.1	68117840	68179368	61528	convergent	LOC100683563	C1D	True	True	False	False	False	False	True	True	False	False	False		False		True	False	False	1.047777958516207	0.87	1.0934359021544457	0.8693333333333333	0.05445504265633169	5.0	16.459912214740527	1.7878375528434816	26396	10370780	79720	18614	0.3718	0.0133	0.8514	0.5812	0.2325	0.4101	24.3
NC_051815.1	5132068	5205139	73071	convergent	LOC102157398	LOC119873853	True	False	False	False	False	False	True	True	False	False	False		False		True	False	False	1.09864835617258	0.908	1.076323644642035	0.8606666666666667	0.05821307589448772	35.0	8.13931947184645	1.5089383272429713	118603	3491883	156027	33885	0.3056	0.0027	0.8654	0.5856	0.6258	0.477	56.4
NC_051815.1	7585907	7653876	67969	convergent	LOC100687242	LOC106559451	False	False	False	False	False	False	False	False	False	False	False	41.9	False	4.64874	False	False	False	0.938604378950827	0.7263333333333334	0.9294879001816114	0.7616666666666667	0.04882095354569469	25.0	2.952367870215627	0.4415404114902578	69891	5943171	2607315	129592	0.4967	0.0046	0.8811	0.6076	0.4397	0.4859	60.5
NC_051815.1	15804115	15863613	59498	convergent	LOC111097925	LOC111098006	True	False	False	False	False	False	False	False	False	False	False	37.99	True	6.66906	True	False	False	0.9604071478366195	0.77	0.962570574537913	0.7913333333333333	0.04968520282556324	2.0	2.657512726253455	0.30685352162552754	208864	1108139	3089002	80706	0.4757	0.017	0.8826	0.6079	0.8201	0.5607	87.0
NC_051815.1	33774377	33832861	58484	convergent	LOC100856273	LOC100856119	True	True	False	False	False	False	False	True	False	False	False		False		False	False	False	0.8924111733167418	0.6606666666666666	0.9320582501530648	0.765	0.04719595940947068	1.0	3.386314634273913	0.44927888475321726	3619	7439264	1639127	18072	0.5365	0.0193	0.8791	0.6075	0.1074	0.43	38.0
NC_051815.1	54176384	54240721	64337	convergent	MELK	LOC119874128	True	False	False	True	False	False	True	True	False	True	False		False		True	False	False	1.065365470134926	0.8853333333333333	1.058993929417928	0.8546666666666667	0.05435607718143573	7.0	9.754291915496296	1.4841548180665318	33552	3111288	32168	385	0.3735	0.0117	0.8621	0.586	0.2682	0.4203	32.1
NC_051815.1	56181459	56247618	66159	convergent	LOC111098102	LOC119874060	True	False	False	False	False	False	True	True	False	True	False		False		True	False	False	1.0792989211238453	0.8973333333333333	1.084936558365822	0.8636666666666667	0.05623772343489282	35.0	5.0853829455096395	0.7911740991702989	60462	5117274	127406	4541	0.3382	0.0027	0.873	0.6014	0.3995	0.443	44.3
NC_051815.1	67619694	67676552	56858	convergent	LOC119873978	LOC111097883	True	False	True	False	False	False	True	True	False	False	False		False		True	False	False	1.2924902168975683	0.974	1.4544041174809137	0.9153333333333333	0.0701466343027345	53.0	11.884725100633215	1.370604006524369	76877	1937353	213341	11553	0.1752	0.0008	0.8583	0.588	0.4705	0.4185	29.7
NC_051815.1	72532281	72586362	54081	convergent	LOC106559529	LOC119873989	True	True	True	False	False	False	True	True	False	True	False		False		True	False	False	1.1543068742172793	0.9356666666666666	1.1110533407290777	0.8743333333333333	0.061553209813598395	49.0	7.796709218088949	1.1612894816706911	15679	2973823	65032	6753	0.2607	0.0011	0.8661	0.5923	0.1749	0.379	9.1
NC_051815.1	74432972	74494463	61491	convergent	LOC111097897	LOC119874053	True	False	False	False	False	False	False	False	False	False	False	24.88	True	7.307460000000001	True	False	False	1.192369790955106	0.95	1.1835244042317072	0.8896666666666667	0.061537239674686994	0.0	50.047569718687406	6.924166922147982	138717	4878219	511932	185978	0.261	0.0287	0.7728	0.4908	0.684	0.4475	45.3
NC_051816.1	729204	780179	50975	convergent	LOC100684529	LOC119874351	True	False	True	False	False	False	True	True	False	False	False		False		True	False	False	1.1720422833539195	0.942	1.1938411445260049	0.891	0.06086885523266003	51.0	9.179757922551559	1.4269594249215054	70309	2246970	43693	6763	0.2687	0.0009	0.8631	0.587	0.4442	0.4328	39.3
NC_051816.1	888522	959052	70530	convergent	MUC21	LOC119876866	True	False	False	False	False	False	True	True	False	True	False		False		True	False	False	1.0806829020163362	0.8976666666666666	1.0974602406144143	0.871	0.05427277108468723	25.0	7.624140278029079	1.0188300985902778	73787	2077874	80051	4397	0.3754	0.0046	0.8665	0.5956	0.4576	0.4599	49.9
NC_051816.1	2021125	2084815	63690	convergent	LOC119881685	TSBP1	True	False	False	False	False	False	False	True	False	False	False		False		False	True	False	0.5193009271872263	0.49933333333333335	0.6176009385069212	0.599	0.017284168077656866	0.0	2.01542195041958	0.13044817999939406	227970	948691	498270	3359	0.954	0.0287	0.8868	0.608	0.8444	0.6644	99.3
NC_051816.1	5010995	5063926	52931	convergent	LOC608284	FKBP5	True	True	False	False	False	False	True	True	False	False	False		False		True	False	False	1.0093970719801633	0.829	0.959927781009674	0.789	0.05116034958226294	7.0	6.609104869804652	0.9466333021379757	12460	1504288	95507	26965	0.4423	0.0117	0.8689	0.5974	0.1592	0.4159	27.3
NC_051816.1	10056117	10121857	65740	convergent	LOC111098152	LOC119874267	True	False	False	False	False	False	True	True	False	False	False		False		False	False	False	1.0779338532801683	0.8966666666666666	0.9978866515556971	0.8193333333333334	0.05472914814683078	6.0	4.709746851335808	0.707598592112622	36013	6555815	218136	11008	0.3665	0.0125	0.8742	0.6034	0.2835	0.428	36.9
NC_051816.1	13571280	13642018	70738	convergent	LOC111098270	SUPT3H	True	True	False	False	False	False	True	True	False	False	False		False		False	False	False	1.057107367899525	0.8766666666666667	1.049322538204988	0.8513333333333334	0.05407259502198281	3.0	7.546764267309536	0.7324024664468093	31649	6697892	297488	41771	0.3791	0.0155	0.8666	0.6028	0.258	0.4244	35.4
NC_051816.1	16360664	16416333	55669	convergent	OPN5	LOC119876862	True	True	False	False	False	False	False	True	False	False	False		False		False	False	False	0.9354761275148038	0.7176666666666667	0.9417968566179276	0.7746666666666666	0.049566718788085364	0.0	2.210992619853432	0.3009464985000629	13498	3916043	646588	4555	0.4787	0.0287	0.8853	0.6079	0.1644	0.433	39.5
NC_051816.1	25815845	25884245	68400	convergent	LOC111098165	LOC111098166	True	False	False	False	False	False	False	True	False	False	False		False		False	False	False	0.9231312210703919	0.6986666666666667	0.912699825668335	0.7446666666666667	0.04911752045212666	1.0	1.7216429593725553	0.3891319815875494	399955	5541280	1729887	49232	0.4895	0.0193	0.8892	0.6078	0.952	0.5916	95.7
NC_051816.1	40263604	40321877	58273	convergent	LOC100855752	LOC111098325	True	False	False	False	False	False	False	False	False	False	True	50.26	False	3.54012	False	False	False	0.9193209745025033	0.6926666666666667	0.9093990336894989	0.7436666666666667	0.048627436935936755	1.0	2.1015786364249913	0.35753821412255665	257260	1191024	1050417	55732	0.5019	0.0193	0.8861	0.6078	0.8753	0.5781	91.8
NC_051816.1	41991512	42044662	53150	convergent	BCKDHB	LOC102155357	True	False	False	False	False	False	True	False	False	False	False		False		True	False	False	0.9882613426482426	0.8053333333333333	0.9661865568359693	0.7963333333333333	0.05194245913907928	10.0	3.125394497200053	0.2681175547731674	93087	534300	296643	52577	0.4237	0.0099	0.8803	0.6079	0.5388	0.4921	63.1
NC_051816.1	47327902	47386565	58663	convergent	HTR1E	CGA	True	False	False	False	False	False	False	True	False	False	False		False		True	False	False	1.0098404289826168	0.8296666666666667	1.0103786425034207	0.827	0.05279557175894477	15.0	2.5003589574459593	0.3688713148249115	32233	5873446	442180	6077	0.4055	0.0076	0.8835	0.6078	0.2631	0.4335	39.9
NC_051816.1	48272208	48342011	69803	convergent	SPACA1	CNR1	True	False	False	False	False	False	False	True	False	True	False		False		False	False	False	0.9622569714344232	0.772	0.9416498813470205	0.7746666666666666	0.04993388991986892	1.0	2.768675787982851	0.40300049229740637	317891	6823322	442287	22850	0.47	0.0193	0.882	0.6077	0.9179	0.5794	92.6
NC_051816.1	48393708	48452461	58753	convergent	LOC111098352	LOC119874280	True	False	False	False	False	False	False	True	False	True	False		False		False	False	False	0.9240276822894543	0.6996666666666667	0.9377130120038987	0.7693333333333333	0.04872303646526858	1.0	2.535639170808336	0.428448901187121	201916	6939297	326312	5161	0.4996	0.0193	0.8833	0.6076	0.8101	0.564	88.5
NC_051816.1	53806181	53865232	59051	convergent	LOC100684677	LOC100687875	True	False	False	False	False	False	False	True	False	False	False		False		False	False	False	0.9130744746391983	0.6826666666666666	0.932045383946101	0.765	0.04843484804981449	1.0	2.6087135352048194	0.4130171624330436	235706	12351919	722636	39862	0.5076	0.0193	0.8829	0.6077	0.8533	0.5742	90.5
NC_051816.1	64340623	64411071	70448	convergent	PRDM1	ATG5	True	False	True	True	False	False	True	False	False	True	False		False		True	False	False	1.2442753567397076	0.964	1.2973449998458226	0.9036666666666666	0.06679772916363094	51.0	17.913021778713034	2.688409604930633	75847	22892060	35224	87411	0.2037	0.0009	0.8485	0.5695	0.4663	0.4178	29.1
NC_051816.1	67608124	67672326	64202	convergent	GPR6	LOC111098188	True	False	False	False	False	False	False	True	False	False	False		False		True	False	False	1.020100511816379	0.8426666666666667	0.9959631460388501	0.8186666666666667	0.053279573800327926	2.0	10.489034062468885	1.817383961350427	215225	26156438	755065	45279	0.3952	0.017	0.8607	0.5808	0.8295	0.5366	78.3
NC_051816.1	70866191	70918704	52513	convergent	MARCKS	LOC106559557	True	True	False	False	False	False	True	True	False	False	False		False		True	False	False	1.0548279071906148	0.8743333333333333	1.0526975925445556	0.8523333333333334	0.05552805020190438	2.0	28.53561108851672	3.4130975848451834	7553	29408660	40601	14344	0.3514	0.017	0.8336	0.5594	0.1304	0.3784	8.5
NC_051816.1	72343871	72396378	52507	convergent	LOC119874236	LOC111098409	True	False	False	False	False	False	True	True	False	True	False		False		True	False	False	1.0505471755396651	0.871	1.0395254342397056	0.847	0.05415381680673357	1.0	28.687505268891368	3.564556799598239	45124	30886337	172031	7422	0.3777	0.0193	0.8334	0.5571	0.3279	0.4231	34.5
NC_051816.1	73372682	73425689	53007	convergent	LOC111098416	PSMB1	True	False	False	True	False	False	True	True	False	False	False		False		True	False	False	1.217834707340098	0.9566666666666667	1.2258560638427733	0.897	0.06278977593890005	2.0	40.14936900062804	5.256572236101586	724185	31915398	26504	9747	0.2458	0.017	0.8163	0.5263	0.9901	0.5191	74.2
NC_051817.1	670319	729017	58698	convergent	LOC111098485	LOC111098432	True	False	False	False	False	False	True	True	False	False	False		False		True	False	False	1.0222228906594035	0.846	1.0204725312868754	0.8316666666666667	0.05167305569745914	4.0	6.38338782107412	1.1291519683809412	124668	992125	144087	17271	0.4303	0.0143	0.8694	0.593	0.6447	0.5103	70.7
NC_051817.1	2762900	2833447	70547	convergent	LOC119876950	LOC119864717	True	False	True	False	False	False	True	True	False	True	False		False		True	False	False	1.1122411646687427	0.917	1.125409832572937	0.8783333333333333	0.05789521027029043	59.0	5.369950636249239	0.819001617569494	126827	1106178	64101	14215	0.3111	0.0004	0.8722	0.6007	0.6507	0.487	61.2
NC_051817.1	8064988	8132108	67120	convergent	LOC111098516	LOC119865560	True	False	False	False	False	False	False	True	False	False	False		False		False	False	False	0.9282439203787095	0.7066666666666667	0.9454510981480282	0.7766666666666666	0.04893438321503858	0.0	1.7079353632881358	0.2815214165154041	123548	1934690	774995	9865	0.4935	0.0287	0.8893	0.6079	0.6416	0.5322	76.1
NC_051817.1	8580007	8642797	62790	convergent	LOC111098518	LOC111098519	True	False	False	False	False	False	True	True	False	False	False		False		False	False	False	0.9194106021567616	0.6926666666666667	0.9533777884046236	0.783	0.047975169224977535	1.0	4.099493337442934	0.5405702868514268	188598	1421836	262141	6134	0.5185	0.0193	0.8763	0.6066	0.7895	0.562	87.6
NC_051817.1	10033333	10096852	63519	convergent	MIR8836	NUDCD1	True	False	False	False	False	True	False	False	False	False	False		False		False	False	False	0.9679192084749932	0.7826666666666666	1.0220279412190119	0.834	0.050462887924352856	1.0	4.838568909476733	0.7181125334169566	59908	31834	1042691	70293	0.4578	0.0193	0.8738	0.6032	0.3948	0.4698	53.8
NC_051817.1	12626538	12686868	60330	convergent	LOC106559613	CSMD3	False	False	False	False	False	False	False	False	False	False	False	40.73	False	4.02278	False	False	False	0.8414630810709525	0.6393333333333333	0.8080417241255443	0.689	0.04446602215295444	0.0	5.038602540370881	0.745968688989723	131703	2623445	2648540	56726	0.6038	0.0287	0.8732	0.6025	0.6646	0.5546	84.2
NC_051817.1	16507341	16565029	57688	convergent	UTP23	LOC100687037	True	False	False	True	False	False	True	True	False	True	False		False		True	False	False	1.007893457076798	0.827	0.967643459347884	0.7983333333333333	0.052760642617203875	14.0	2.735821587898529	0.34926891723797393	36185	6502927	28844	6323	0.4062	0.008	0.8822	0.6079	0.2835	0.4376	42.1
NC_051817.1	24350676	24411685	61009	convergent	LOC119865453	LOC102151612	False	False	False	False	False	False	False	False	False	False	False	48.13	False	3.44548	False	False	False	0.9629809825307715	0.7733333333333333	0.9346322512070337	0.7663333333333333	0.050064783391325966	1.0	2.4833991619329003	0.24634286030510924	56180	6890712	689245	68335	0.4668	0.0193	0.8836	0.608	0.3808	0.4717	54.9
NC_051817.1	28001742	28068918	67176	convergent	LOC111098451	ADCY8	True	True	False	False	False	False	False	True	False	False	False		False		False	False	False	1.081749733715929	0.8976666666666666	1.0104516148805618	0.827	0.0552017851435244	24.0	5.559968028314568	0.6394092925019568	10330	3236562	765306	45331	0.3576	0.0049	0.8716	0.6049	0.1477	0.3973	16.7
NC_051817.1	29429036	29482883	53847	convergent	LOC102153335	LRRC6	True	True	False	False	False	False	False	True	False	False	False		False		False	False	False	1.093799062256381	0.9043333333333333	1.1039358194351196	0.8726666666666667	0.05622932046507756	1.0	8.879264705942198	1.2995744204902893	19041	1815933	548843	4221	0.3383	0.0193	0.8637	0.5894	0.1959	0.4013	20.4
NC_051817.1	42409351	42467972	58621	convergent	LOC119865519	LOC119865447	True	False	False	False	False	False	False	True	False	False	False		False		False	False	False	0.8564695889919309	0.645	0.7615442877729734	0.6686666666666666	0.0453009743053424	0.0	1.9965818156880482	0.25010277292347227	538661	1692722	2586838	12374	0.5831	0.0287	0.8869	0.608	0.9785	0.617	98.3
NC_051817.1	50196685	50266401	69716	convergent	LOC100683751	LOC100683821	True	True	False	False	False	False	False	False	False	False	False		False		False	False	False	0.7940551113863936	0.6226666666666667	0.9325788392861685	0.765	0.04100941195371041	0.0	2.3260994325512634	0.42121903958455886	0	9485604	409888	55234	0.6893	0.0287	0.8846	0.6077	0.0901	0.4601	50.1
NC_051818.1	5712360	5767938	55578	convergent	LOC102155278	LOC119867007	True	True	False	False	False	True	False	True	False	False	False		False		True	False	False	1.314126074234756	0.9776666666666667	1.3318639797925949	0.9056666666666666	0.06780524830759149	14.0	7.784589541303331	0.8843984113499762	0	178540	635945	12819	0.1951	0.008	0.8661	0.599	0.0901	0.3517	2.2
NC_051818.1	9869905	9920386	50481	convergent	LOC119865745	LOC100688839	True	False	False	False	False	False	False	True	False	False	False		False		False	False	False	0.9247300767055043	0.7	0.921081334320704	0.7533333333333333	0.04934008606955262	1.0	3.2596540681995636	0.5027555354720405	295145	939574	1435757	5374	0.484	0.0193	0.8797	0.607	0.9046	0.5789	92.4
NC_051818.1	14495427	14554191	58764	convergent	LOC119874506	TEX47	True	False	False	False	False	False	False	True	False	False	False		False		False	False	False	0.9354019897043011	0.7176666666666667	0.9314438196818035	0.7646666666666667	0.0494644986940395	1.0	3.590498787653186	0.4981537325465738	75191	4261752	1017370	1667	0.4809	0.0193	0.8782	0.6071	0.4662	0.4904	62.7
NC_051818.1	19245636	19304857	59221	convergent	GNG11	BET1	True	True	False	False	False	False	True	True	False	False	False		False		False	False	False	1.0345344500352924	0.8583333333333333	0.9474055852572124	0.7776666666666666	0.05508446743291404	1.0	3.0358355551455536	0.2831486393626097	25246	487998	56896	4565	0.3598	0.0193	0.8807	0.6079	0.2274	0.419	30.2
NC_051818.1	43701564	43775013	73449	convergent	ADCYAP1R1	LOC102154587	True	True	False	False	False	False	True	False	False	False	False		False		True	False	False	1.0323285751390556	0.8563333333333333	1.0323336692849796	0.8416666666666667	0.053153811181314965	8.0	6.3795622869493425	1.0315052242563587	0	3455569	193771	66581	0.3975	0.0111	0.8694	0.5953	0.0901	0.3927	14.1
NC_051818.1	47079968	47131672	51704	convergent	LOC119867666	LOC111098822	True	False	False	False	False	False	True	True	False	False	False		False		False	False	False	1.0630910627782557	0.8836666666666667	1.0879807558695476	0.8663333333333333	0.05459090779343386	8.0	10.499209064265532	1.2759027106489844	69180	6823101	213706	17480	0.3693	0.0111	0.8606	0.5899	0.4397	0.4541	47.7
NC_051818.1	60626704	60697896	71192	convergent	LOC119866869	SLC13A1	True	False	False	False	False	False	False	True	False	False	False		False		True	False	False	1.1333359427191674	0.9276666666666666	1.1652344854990642	0.886	0.05760070113129248	1.0	29.39998623375889	3.8417120379370586	212700	20379581	524509	20561	0.3159	0.0193	0.8328	0.5527	0.8258	0.5093	70.5
NC_051819.1	3753627	3825487	71860	convergent	LOC119869470	LOC119881733	True	True	False	False	False	False	False	True	False	False	False		False		True	False	False	1.1691416443030171	0.941	1.0942238313913346	0.8693333333333333	0.06068385873656568	20.0	10.487622897088444	1.4358656028856287	0	1416851	687617	38048	0.2712	0.0059	0.8607	0.5868	0.0901	0.3629	3.5
NC_051819.1	4205082	4273748	68666	convergent	LOC111098951	LOC102151429	True	False	False	False	False	False	False	True	False	False	False		False		True	False	False	1.1259925328666367	0.924	1.1819326981544496	0.8893333333333333	0.0573589396966145	1.0	19.422445538380114	2.984111016115803	164415	1866709	484368	12378	0.3198	0.0193	0.8468	0.5656	0.7447	0.4993	67.2
NC_051819.1	20314140	20377667	63527	convergent	LOC119869464	LOC119869379	True	False	False	False	False	False	True	True	False	False	False		False		True	False	False	0.953472036819994	0.7563333333333333	0.9330250128189722	0.766	0.049366051085173	1.0	3.9463151609442892	0.5889834107745476	95903	7255581	109665	26375	0.4833	0.0193	0.8768	0.6059	0.5464	0.5063	69.6
NC_051819.1	23412529	23465999	53470	convergent	MYF5	LIN7A	True	False	False	False	False	False	False	True	False	False	False		False		False	False	False	0.9885648972434776	0.8056666666666666	0.9701559778531391	0.801	0.05206421215845889	1.0	4.987867476709447	0.7099009045085742	239264	4162220	871080	8007	0.4207	0.0193	0.8733	0.6034	0.8576	0.5549	84.4
NC_051819.1	27740518	27794146	53628	convergent	LOC102154855	LOC100683898	True	False	False	False	False	True	True	True	False	True	False		False		True	False	False	0.9540557373892214	0.7566666666666667	0.9544920213977495	0.7846666666666666	0.05001672595892744	1.0	3.0413904894958175	0.42841784020996876	167332	165826	209721	11042	0.4682	0.0193	0.8807	0.6076	0.7507	0.5453	81.3
NC_051819.1	27864256	27917940	53684	convergent	LOC111090020	RASSF9	True	False	False	False	False	True	True	True	False	True	False		False		True	False	False	0.9279237464634716	0.7063333333333334	0.9566288999080658	0.7863333333333333	0.048751146792240393	1.0	3.6089828983874535	0.5921623020303186	108902	289592	85955	5459	0.4988	0.0193	0.8782	0.6058	0.593	0.519	74.0
NC_051819.1	29615719	29672503	56784	convergent	LOC111098932	LOC111098894	True	False	False	False	False	False	False	True	False	False	False		False		True	False	False	0.930519266601089	0.7123333333333334	0.9579319906870524	0.7883333333333333	0.04853014719189739	0.0	2.2050266480897056	0.4255720386099256	44111	2042605	586421	49328	0.5048	0.0287	0.8854	0.6076	0.323	0.4699	54.0
NC_051819.1	30913325	30967876	54551	convergent	LOC119869342	DUSP6	True	False	True	True	False	False	True	True	False	True	False		False		True	False	False	1.0886543305457936	0.9006666666666666	1.0693685722748438	0.859	0.05736073741374359	61.0	9.071864684066595	1.125885027836208	159400	2198128	27276	5775	0.3198	0.0003	0.8633	0.5931	0.734	0.5021	68.1
NC_051819.1	32255898	32317043	61145	convergent	LOC111090028	CCER1	True	False	False	False	False	False	True	True	False	False	False		False		False	False	False	0.9872513767209886	0.8046666666666666	1.0122004626234373	0.8283333333333334	0.052055450189687776	3.0	4.7101025300257024	0.6171938860301485	38530	852258	203487	9635	0.4209	0.0155	0.8742	0.6053	0.2935	0.4419	43.6
NC_051819.1	35221213	35288244	67031	convergent	LOC119869290	TMCC3	True	True	False	False	False	False	True	True	False	True	False		False		True	False	False	1.0788191014672415	0.8973333333333333	1.127702398276329	0.879	0.05486118341479805	54.0	13.462586669942688	1.9715432317151602	20272	644666	174224	8359	0.3636	0.0007	0.8556	0.5787	0.2011	0.3999	19.1
NC_051819.1	50452875	50525877	73002	convergent	LOC119869387	LOC111098915	True	False	False	False	False	False	False	True	False	False	False		False		True	False	False	1.0657411558373797	0.8853333333333333	1.0930740809758506	0.869	0.05353067103251931	1.0	7.974330907327211	1.216644056191611	39376	10648318	380056	14722	0.3908	0.0193	0.8657	0.5911	0.2984	0.4331	39.7
NC_051819.1	56330968	56393135	62167	convergent	LOC119867837	LOC119869360	True	False	False	False	False	False	False	True	False	False	False		False		True	False	False	0.9512795933426821	0.7546666666666667	0.9310914066314697	0.7643333333333333	0.05033429954617155	2.0	3.4413439371497168	0.36961845926341963	87949	16520993	3461798	1571	0.4606	0.017	0.8789	0.6078	0.5161	0.4961	65.9
NC_051820.1	1623305	1690052	66747	convergent	PDIA4	LOC119869648	True	False	True	False	False	True	True	True	False	True	False		False		True	False	False	1.1830773483513184	0.9443333333333334	1.1267488586902619	0.8786666666666667	0.061304696438897625	50.0	14.421460694874037	1.9994585975308918	56678	145386	74231	9948	0.2636	0.001	0.8542	0.5783	0.3808	0.4156	26.7
NC_051820.1	12347409	12407429	60020	convergent	LUZP6	LOC102156014	True	False	True	False	False	False	False	True	False	False	False		False		False	False	False	1.0548196717181444	0.8743333333333333	1.1778545042832693	0.8886666666666667	0.054725822003122364	41.0	5.934386755583858	0.6146443437844621	72581	531025	1027779	3146	0.3665	0.0019	0.8706	0.6054	0.4531	0.4595	49.7
NC_051820.1	22590144	22660334	70190	convergent	DYNC2I1	VIPR2	True	True	False	False	False	False	False	False	False	False	False		False		True	False	False	1.080530788108495	0.8976666666666666	1.0921508748809496	0.869	0.05595478647233142	12.0	17.58985396649555	2.8817897333750917	239	960719	1380241	56325	0.3432	0.0089	0.8488	0.567	0.0901	0.3716	6.5
NC_051820.1	22976673	23048542	71869	convergent	LOC111090199	LOC100682550	True	False	False	False	False	False	False	True	False	False	False		False		False	False	False	1.029272421870412	0.8533333333333334	1.114981221294403	0.875	0.054649035922060815	1.0	5.006862865785664	0.9464781302343075	62607	1348087	1478413	14208	0.3678	0.0193	0.8733	0.5974	0.4089	0.4533	47.5
NC_051820.1	35121001	35190439	69438	convergent	LOC100686540	WRN	True	True	False	False	False	False	False	True	False	False	False		False		True	False	False	1.0107343934486175	0.83	1.0104126830975213	0.827	0.05141305232761182	6.0	3.1392024738942927	0.33716601917621064	0	1686160	355497	7955	0.437	0.0125	0.8802	0.6079	0.0901	0.4055	22.3
NC_051820.1	37178242	37231175	52933	convergent	LOC119869555	LOC102155995	True	True	False	False	False	True	False	True	False	False	False		False		True	False	False	1.0718489874797978	0.8893333333333333	1.0672024251262346	0.859	0.05520903429383126	8.0	4.684538952255375	0.4647451773744479	0	292684	360395	8415	0.3575	0.0111	0.8743	0.6074	0.0901	0.3881	11.9
NC_051820.1	37416979	37473636	56657	convergent	PPP1R3B	ERI1	True	False	False	False	False	True	False	True	False	False	False		False		True	False	False	1.1499178225499895	0.9346666666666666	1.0684726548433303	0.859	0.06178272169835183	35.0	3.705885461177608	0.4579185402408761	79693	52085	600994	23716	0.2577	0.0027	0.8778	0.6074	0.4828	0.4457	45.1
NC_051820.1	38028250	38082724	54474	convergent	LOC111090314	LOC111090316	True	False	False	False	False	False	False	True	False	False	False		False		True	False	False	1.0531947340091499	0.8733333333333333	1.0105194678862888	0.8273333333333334	0.05403569009204228	3.0	7.65998592467731	0.8863186500891436	144513	558070	515911	908	0.3798	0.0155	0.8664	0.599	0.6989	0.5119	71.6
NC_051820.1	46125770	46187174	61404	convergent	LOC119869631	LOC100682827	True	False	False	False	False	False	True	True	False	True	False		False		True	False	False	0.9886844955062623	0.8056666666666666	0.9843844843546549	0.812	0.05207407003002022	1.0	4.810066172258166	0.7826452126397587	218528	5941766	177187	5684	0.4205	0.0193	0.8739	0.6016	0.8333	0.5497	82.6
NC_051820.1	46199665	46254098	54433	convergent	LOC119869583	LOC119869626	True	False	False	False	False	False	True	True	False	True	False		False		False	False	False	0.9525478539190536	0.756	0.9598725583632788	0.789	0.05013427132543252	1.0	4.508394257064672	0.7762354743773487	148119	6012175	106778	11698	0.4653	0.0193	0.8749	0.6018	0.7088	0.534	77.0
NC_051820.1	49468828	49528532	59704	convergent	LOC119869512	LOC102156721	True	False	False	False	False	False	False	True	False	False	False		False		False	False	False	1.007452084278431	0.8263333333333334	1.0095091981252036	0.827	0.05234185369693862	1.0	12.26594695754089	1.6921161258684587	151320	9283974	1149894	24469	0.4146	0.0193	0.8577	0.5826	0.716	0.518	73.8
NC_051820.1	51445768	51508808	63040	convergent	LOC119874730	LOC119874609	False	False	False	False	False	False	False	False	False	False	False	23.68	False	5.761419999999999	False	False	False	0.9479633845199789	0.746	0.9737389323790868	0.8043333333333333	0.04978225289374376	0.0	3.4144868433395223	0.4839587720307639	52288	11262582	3128502	705279	0.4733	0.0287	0.879	0.6072	0.3619	0.47	54.2
NC_051820.1	54629014	54692819	63805	convergent	AGA	NEIL3	True	False	False	False	False	False	False	True	False	False	False		False		True	False	False	1.0316654270689174	0.8556666666666667	1.0293354985872905	0.839	0.053475702317117305	1.0	16.69070707765276	2.1439635485622737	139084	14446210	535013	11183	0.3918	0.0193	0.8506	0.5764	0.6865	0.5049	68.5
NC_051821.1	4818014	4875944	57930	convergent	LOC111090412	LOC102151619	True	False	False	False	False	False	False	False	False	False	False	33.22	False	6.178679999999999	True	False	False	1.0511010509604888	0.8713333333333333	1.0770449641545614	0.8613333333333333	0.05488052591385669	13.0	6.2228605223947975	0.7070071331499863	96979	2403959	1164570	72039	0.3633	0.0084	0.8699	0.6034	0.5502	0.4791	57.9
NC_051821.1	11891971	11964254	72283	convergent	LOC102157135	LOC111090504	True	False	False	False	False	False	True	True	False	True	False		False		True	False	False	1.1041945444766235	0.912	1.0789369898875556	0.8616666666666667	0.056309436408178655	1.0	17.58483008875482	2.813451976845931	303112	1315736	73661	15126	0.3372	0.0193	0.8489	0.5679	0.9097	0.5366	78.3
NC_051821.1	12278057	12338750	60693	convergent	LOC102157261	CYRIA	True	True	False	False	False	False	False	True	False	False	False		False		True	False	False	1.0888033924580776	0.9006666666666666	1.1383654850641887	0.8813333333333333	0.05547319497162638	7.0	5.637968062146829	0.9737538902393172	0	935445	453952	23097	0.3526	0.0117	0.8714	0.5967	0.0901	0.3845	10.2
NC_051821.1	15968485	16030074	61589	convergent	LOC111090394	APOB	True	False	False	False	False	False	False	True	False	False	False		False		True	False	False	1.1054172660933013	0.9133333333333333	1.1201851608514783	0.877	0.05548195235126625	0.0	9.243017777386255	1.4457498957162278	50721	2755411	407273	15746	0.3524	0.0287	0.863	0.5866	0.3524	0.4366	40.8
NC_051821.1	17141980	17213143	71163	convergent	LOC111090524	LOC119881779	True	False	False	False	False	False	False	True	False	False	False		False		False	False	False	0.9287433970433455	0.708	0.9240467645168304	0.7566666666666667	0.04872490952700275	1.0	2.3612707327389693	0.3851836889322305	102561	2673592	1553109	13790	0.4995	0.0193	0.8844	0.6078	0.5721	0.5166	73.1
NC_051821.1	19088682	19138909	50227	convergent	LOC111090423	LOC111090532	True	False	False	False	False	False	False	True	False	False	False		False		False	False	False	1.0268652190811225	0.8513333333333334	0.9979250727017719	0.8196666666666667	0.05295038850816118	6.0	5.723576021803078	0.68499800526302	38795	737358	376925	14673	0.4022	0.0125	0.8711	0.6039	0.2936	0.4367	41.0
NC_051821.1	25527391	25580014	52623	convergent	LOC119869680	SRD5A2	True	True	False	False	False	False	False	True	False	False	False		False		False	False	False	1.0253273735472634	0.8496666666666667	0.9987525825182596	0.8203333333333334	0.05269094843603518	21.0	2.648049041859689	0.5831906985309019	0	3741376	871948	2857	0.408	0.0057	0.8827	0.6059	0.0901	0.3985	17.8
NC_051821.1	34751027	34802687	51660	convergent	LOC102151793	KCNG3	True	True	False	False	False	False	True	True	False	False	False		False		False	False	False	1.0523911274130198	0.873	1.0772124189138412	0.8613333333333333	0.05397735307562088	18.0	7.68096400140389	1.1304965177693325	1857	4700748	74190	6477	0.3813	0.0066	0.8663	0.593	0.0959	0.3886	12.1
NC_051821.1	51685511	51738942	53431	convergent	LOC119869763	LOC111090442	True	False	False	False	False	False	False	True	False	False	False		False		True	False	False	1.1861977965463493	0.947	1.2836489281773567	0.903	0.06127371777410499	13.0	9.092167321300401	1.6809932095564994	237226	579368	1213512	9778	0.2639	0.0084	0.8633	0.5828	0.8556	0.5148	72.5
NC_051821.1	52870289	52932765	62476	convergent	LOC111090443	LOC119864061	True	True	False	False	False	False	True	True	False	False	False		False		False	False	False	1.0275331711988915	0.8523333333333334	1.0588637437502544	0.8546666666666667	0.05299807889163805	7.0	3.3375930996822376	0.48849861327632105	23473	609910	91523	6958	0.4013	0.0117	0.8793	0.6072	0.217	0.4233	34.7
NC_051821.1	52940905	52993050	52145	convergent	LOC102154674	TRIM33	True	True	False	True	False	False	True	True	False	False	False		False		False	False	False	1.0375158980056796	0.861	1.1719857472578683	0.8873333333333333	0.05457257937685078	35.0	6.959537985984655	1.1120104051648292	0	675360	26073	8035	0.3696	0.0027	0.868	0.5934	0.0901	0.3848	10.8
NC_051821.1	53716583	53781749	65166	convergent	LOC100688064	NGF	True	True	False	True	False	False	True	True	False	True	False		False		True	False	False	1.0297105777469622	0.8536666666666667	0.9905103062550227	0.8156666666666667	0.05230236414825558	1.0	4.339553310952619	0.9099808127891416	24166	1457549	32583	13081	0.4158	0.0193	0.8754	0.5984	0.2223	0.4262	35.8
NC_051821.1	55900409	55960106	59697	convergent	LOC111090684	LOC100688781	True	False	False	False	False	False	True	True	False	True	False		False		True	False	False	1.078920432110936	0.8973333333333333	1.0894590369701385	0.8666666666666667	0.05532381205391476	7.0	7.2167735785256095	1.005056668694612	155257	3638640	78027	4573	0.3554	0.0117	0.8673	0.596	0.7249	0.5111	71.1
NC_051821.1	57904516	57954590	50074	convergent	LOC102154106	LOC111090694	True	False	False	False	False	False	True	True	False	True	False		False		True	False	False	1.1276401702702314	0.925	1.1149508192420006	0.875	0.05903917037412734	9.0	5.482375851407725	0.854451314590759	404553	5637936	29110	4073	0.2935	0.0105	0.8718	0.5998	0.9535	0.5458	81.6
NC_051821.1	62647649	62699011	51362	convergent	LOC119864001	LOC119878526	True	False	False	False	False	False	False	True	False	False	False		False		False	True	False	0.1828077606061023	0.11966666666666667	0.0933019794344902	0.157	0.005068965658804475	0.0	1.161677874621289	0.05965450354669936	173330	10381713	628322	7652	0.9636	0.0287	0.896	0.608	0.7627	0.6518	98.7
NC_051821.1	62708801	62760445	51644	convergent	LOC119878525	LOC119877138	True	False	False	False	False	False	False	True	False	False	False		False		False	True	False	0.16589293588978407	0.10166666666666667	0.015960278613368673	0.056	0.004455811950229452	0.0	1.0286554043911798	0.08147428693811447	234623	10443006	689615	7680	0.9638	0.0287	0.8985	0.608	0.8522	0.6702	99.8
NC_051822.1	7159763	7220802	61039	convergent	LOC111090865	LOC102151924	True	False	False	False	False	False	True	True	False	False	False		False		False	False	False	0.9523528715422284	0.7553333333333333	0.9491115549127263	0.78	0.049898519655523436	1.0	2.895145982176933	0.33260216018857935	34718	19068196	74877	8671	0.4707	0.0193	0.8814	0.6079	0.2733	0.4505	46.0
NC_051822.1	11006057	11065538	59481	convergent	VPS41	LOC119864320	True	True	False	False	False	False	False	True	False	False	False		False		True	False	False	1.0429501866038104	0.8666666666666667	1.0934919971704482	0.8693333333333333	0.052977088006526674	2.0	17.94046938540062	2.3431642403113364	0	15222681	1253661	25376	0.4017	0.017	0.8485	0.5739	0.0901	0.3862	11.3
NC_051822.1	12195480	12258671	63191	convergent	LOC100683828	EPDR1	True	False	False	False	False	False	True	True	False	True	False		False		False	False	False	0.9730654303146302	0.7893333333333333	0.9186083015322686	0.75	0.050830760431165294	2.0	6.330178526815784	1.033216088031371	77075	14031403	62383	19828	0.4497	0.017	0.8696	0.5953	0.4746	0.4812	58.8
NC_051822.1	18243340	18307563	64223	convergent	PHTF2	MAGI2	True	True	False	False	False	False	True	True	False	False	False		False		True	False	False	1.0197831159975217	0.8416666666666667	0.9866588301340738	0.8133333333333334	0.05273217911081293	0.0	12.566717687644788	1.5770991922815747	0	7983027	263457	13364	0.4068	0.0287	0.857	0.5844	0.0901	0.3934	14.3
NC_051822.1	23806419	23872683	66264	convergent	LOC111090917	SEMA3A	True	False	False	True	False	False	True	True	False	True	False		False		False	False	False	0.9218326154235019	0.6976666666666667	0.9593077324549358	0.789	0.04827111689913928	1.0	6.736133722419217	0.9746913547767195	64551	2418927	33132	30863	0.5118	0.0193	0.8685	0.5967	0.4176	0.4828	59.9
NC_051822.1	30797965	30858164	60199	convergent	LOC111091010	LOC100682696	True	True	False	False	False	False	False	True	False	False	False		False		False	False	False	0.7462508514458075	0.6066666666666667	0.7269306817094485	0.654	0.037304308753188214	1.0	2.5723647795236855	0.36502102914983936	3064	2772946	1453487	3837	0.7696	0.0193	0.8831	0.6078	0.1074	0.4775	57.0
NC_051822.1	36175607	36236940	61333	convergent	LOC111090814	LOC119864218	True	False	False	False	False	False	True	True	False	True	False		False		False	False	False	1.0658531680498513	0.8856666666666667	1.1039936541279158	0.8726666666666667	0.05419323916925337	3.0	8.986788695068855	1.4592362554170297	81273	2605240	41620	10953	0.3769	0.0155	0.8635	0.5864	0.4911	0.4667	52.3
NC_051822.1	37530345	37599747	69402	convergent	MPPED2	ARL14EP	True	True	False	True	False	False	True	True	False	False	False		False		True	False	False	1.0075047357935953	0.8263333333333334	0.9426903276364009	0.7746666666666666	0.05193307411103512	51.0	6.815713877733861	0.699591820835562	0	1660380	34701	19292	0.4239	0.0009	0.8683	0.6036	0.0901	0.3974	16.9
NC_051822.1	37625161	37675210	50049	convergent	LOC111090955	OR10V5	True	False	False	False	False	False	True	True	False	False	False		False		False	False	False	0.973042244825352	0.7893333333333333	0.9332342828114828	0.766	0.050935490828331764	8.0	4.065042017850727	0.5645152025244972	75185	1575241	119840	6177	0.4472	0.0111	0.8764	0.6062	0.4662	0.4814	59.0
NC_051822.1	55169332	55241058	71726	convergent	AHNAK	SCGB1A1	True	False	True	True	False	False	True	True	False	True	False		False		True	False	False	1.2981583878522176	0.975	1.2191979482491813	0.896	0.06787478329068303	54.0	10.357343341522329	1.6279126155560457	80195	1882892	35863	10203	0.1945	0.0007	0.8609	0.5836	0.487	0.4253	35.6
NC_051822.1	55656583	55708852	52269	convergent	LOC100856625	LOC111091015	True	False	True	False	False	False	True	True	False	True	False		False		True	False	False	1.2461944875126192	0.9643333333333334	1.0921333429495492	0.869	0.0672698211560677	43.0	6.87486382209003	0.8052246650456858	67283	2360414	50077	4023	0.1996	0.0017	0.8682	0.6011	0.4309	0.4203	32.1
NC_051823.1	15192889	15259450	66561	convergent	LOC119864516	FAT4	True	False	False	True	False	False	True	False	False	True	False		False		False	False	False	0.9034604790982241	0.6703333333333333	0.8303570360541344	0.698	0.04746878018764355	1.0	3.794884317524331	0.7104676727781057	76169	1491726	33281	265551	0.5303	0.0193	0.8774	0.6034	0.4703	0.5002	67.9
NC_051823.1	22718008	22788982	70974	convergent	NA	LOC111091051	True	True	True	False	False	False	False	True	False	False	False		False		False	False	False	1.662684196178938	0.9966666666666667	3.7511860727667816	0.995	0.07927289096929922	76.0	5.641782279530027	1.0321796569373352	3495	9019052	1327208	101	0.1171	0.0	0.8714	0.5953	0.1074	0.3382	1.3
NC_051823.1	32708863	32761746	52883	convergent	NA	LOC100683928	True	False	False	False	False	False	False	True	False	False	False		False		False	False	False	1.0386760338856955	0.8623333333333333	1.0344014580170313	0.843	0.05288806957119804	0.0	4.0049328492992435	0.6644551991698991	235304	7146649	672115	100	0.4034	0.0287	0.8766	0.6044	0.8533	0.5533	83.5
NC_051823.1	40699370	40753962	54592	convergent	LOC119864393	LOC119864525	False	False	False	False	False	False	False	False	False	False	False	45.71	False	3.31068	False	False	False	0.9774315351982072	0.793	1.0065756909132004	0.8253333333333334	0.05077759996167558	0.0	3.2772149915777558	0.35900905109077597	101666	844692	530211	106276	0.4507	0.0287	0.8796	0.6078	0.5686	0.5071	70.1
NC_051823.1	42150441	42214374	63933	convergent	LOC119864487	LOC119864518	True	False	False	False	False	False	False	True	False	False	False		False		True	False	False	0.9850374123380862	0.8016666666666666	0.9543568315347034	0.7846666666666666	0.05074084042820365	33.0	2.1198013618801923	0.25944155787844836	232407	2300433	1863467	12142	0.4516	0.003	0.886	0.6079	0.85	0.5597	86.6
NC_051823.1	43660794	43734482	73688	convergent	LOC119864395	LOC119864396	False	False	False	False	False	False	False	False	False	False	False	26.7	False	4.45736	False	False	False	0.9344773230408845	0.716	0.9489875885844231	0.78	0.04986460762225089	1.0	2.5014340006532505	0.41575164860466796	72638	3815664	348236	71379	0.4716	0.0193	0.8835	0.6077	0.4531	0.4871	61.4
NC_051823.1	46607767	46663039	55272	convergent	KYNU	LOC111091185	True	False	False	False	False	False	False	True	False	False	False		False		False	False	False	1.108765053477043	0.914	0.998501526260376	0.8203333333333334	0.059322327598458506	35.0	3.987755044811512	0.3851542146460257	35403	6753429	758879	2649	0.2892	0.0027	0.8767	0.6078	0.2784	0.411	25.2
NC_051823.1	50766576	50830568	63992	convergent	LOC111091082	LOC111091197	True	False	False	False	False	False	False	True	False	False	False		False		True	False	False	0.9907404633121163	0.8083333333333333	1.0061597618341447	0.8253333333333334	0.05233465803032414	1.0	7.5055009418400545	1.1485460658612014	101428	10916598	2553781	3914	0.4149	0.0193	0.8667	0.5926	0.5686	0.4924	63.8
NC_051823.1	51746959	51816629	69670	convergent	LOC111091200	LOC119864405	True	False	False	False	False	False	False	True	False	False	False		False		True	False	False	1.1324809020446547	0.9273333333333333	1.1312181926727294	0.8796666666666667	0.05914673810341467	23.0	21.92419149712504	2.7741929068499034	56794	11899820	1570559	13105	0.2916	0.0051	0.8438	0.5684	0.3808	0.4179	29.3
NC_051823.1	53515801	53574039	58238	convergent	LOC119864407	LOC119864408	True	False	False	False	False	False	True	True	False	True	False		False		True	False	False	0.9915693571523948	0.8106666666666666	0.972948748787244	0.803	0.05179366004285925	0.0	14.76293926572017	2.0029710791246207	30080	13662946	172424	27951	0.4271	0.0287	0.8538	0.5782	0.2528	0.4281	37.1
NC_051823.1	53669125	53730654	61529	convergent	LOC100687327	LOC119864410	True	False	False	False	False	False	False	True	False	False	False		False		False	False	False	1.0118723780926981	0.8323333333333334	1.027492245864868	0.838	0.05197498601987319	1.0	12.713921443669223	1.925552869824448	99889	13817915	327393	16343	0.4231	0.0193	0.8567	0.5793	0.5616	0.488	62.0
NC_051824.1	4223236	4289981	66745	convergent	LOC100683648	CHCHD4	True	True	False	False	False	False	True	True	False	False	False		False		False	False	False	0.9461062747583731	0.7403333333333333	0.9288501305262247	0.7616666666666667	0.048232546398698437	70.0	3.0691605157307507	0.48567095022590484	0	3741862	93658	2304	0.5127	0.0	0.8805	0.6072	0.0901	0.4181	29.5
NC_051824.1	11749774	11807289	57515	convergent	LOC100685632	LOC111091252	True	True	False	False	False	False	False	True	False	False	False		False		True	False	False	0.9654355858508725	0.7786666666666666	0.967364569067955	0.798	0.050662580079026964	1.0	2.8304511447478067	0.37433706830986213	28531	3780039	3537964	29272	0.4536	0.0193	0.8817	0.6078	0.2427	0.441	43.0
NC_051824.1	12427622	12487484	59862	convergent	LOC111091257	EDEM1	True	False	False	False	False	False	False	True	False	False	False		False		False	False	False	1.0908613770872595	0.903	1.0609695180734	0.8563333333333333	0.05716857338828076	16.0	5.31156525035808	0.7598823959171501	42447	4459061	4216986	15216	0.323	0.0073	0.8723	0.6022	0.3132	0.4236	34.9
NC_051824.1	13377340	13441692	64352	convergent	LOC476550	LOC100686411	True	False	False	False	False	False	False	True	False	False	False		False		False	False	False	0.9466836047907601	0.741	0.9186639606873194	0.7503333333333333	0.04989913133218929	1.0	2.1037118655761176	0.26108803249111723	109516	5411024	3404166	7432	0.4707	0.0193	0.8861	0.6079	0.5964	0.5161	72.9
NC_051824.1	17040502	17103820	63318	convergent	LOC102154165	LOC119864650	True	True	False	False	False	False	True	True	False	True	False		False		False	False	False	0.9500694968102786	0.7526666666666667	0.9536769010106724	0.7833333333333333	0.04921040933153283	1.0	3.193257119018253	0.4945292693867709	2839	9073669	63184	5458	0.4873	0.0193	0.88	0.6071	0.1016	0.4191	30.4
NC_051824.1	19442546	19500025	57479	convergent	SHQ1	LOC102154862	True	True	False	False	False	False	False	True	False	False	False		False		True	False	False	1.1684399397887804	0.941	1.1442164974689484	0.882	0.06094690180729353	28.0	8.295027643741196	1.623650519701696	3715	11472793	1000823	11927	0.2678	0.004	0.865	0.5836	0.1074	0.3656	4.6
NC_051824.1	21700981	21759122	58141	convergent	MDFIC2	LOC119864576	True	False	False	False	False	False	True	False	False	False	False		False		False	False	False	0.9579366408518929	0.7643333333333333	0.9315541153033575	0.7646666666666667	0.049813773546833674	1.0	4.34695218758403	0.7034740362924501	94949	13731559	153260	107355	0.4727	0.0193	0.8754	0.6035	0.5426	0.5027	68.3
NC_051824.1	24572625	24634330	61705	convergent	LOC102157163	LOC111091281	True	True	False	False	False	False	False	False	False	True	False		False		True	False	False	0.9562043175165273	0.7616666666666667	0.9806217556873956	0.8106666666666666	0.04937219458193941	1.0	2.6149006362000864	0.38750712166947765	3477	13208504	345270	54159	0.4832	0.0193	0.8829	0.6078	0.1074	0.4201	31.5
NC_051824.1	32811725	32865996	54271	convergent	LOC111091305	SLMAP	True	True	False	False	False	False	False	True	False	False	False		False		True	False	False	1.1916350555187964	0.9496666666666667	1.2652767031828562	0.901	0.062311437991950526	14.0	14.23046867684124	2.0016423525289566	11140	4973121	471846	4910	0.2512	0.008	0.8545	0.5783	0.1534	0.3691	5.6
NC_051825.1	1063011	1131564	68553	convergent	LOC111091473	LOC606831	True	False	False	False	False	False	False	True	False	False	False		False		False	False	False	0.9172114745436071	0.6876666666666666	0.8986496321558952	0.7333333333333333	0.048965190625783014	2.0	4.654442564250152	0.6943654873523528	77713	5367498	380045	16346	0.4925	0.017	0.8744	0.6037	0.4747	0.4925	64.0
NC_051825.1	11676400	11742674	66274	convergent	GRM5	LOC119864956	True	False	False	False	False	False	False	True	False	False	False		False		True	False	False	0.9719395908041784	0.7883333333333333	0.9307335515340169	0.7636666666666667	0.050743653654861526	20.0	4.210853656392963	0.4897610927061527	84537	5244731	2267972	4908	0.4516	0.0059	0.8758	0.6072	0.5036	0.4888	62.5
NC_051825.1	15952393	16002786	50393	convergent	DLG2	LOC100686619	True	True	False	True	False	False	True	True	False	True	False		False		False	False	False	0.9562782274990628	0.7616666666666667	0.9137259791334469	0.746	0.04949805050819642	1.0	5.199787779877777	0.6830004382954402	22411	3761275	25196	46491	0.4802	0.0193	0.8727	0.604	0.2117	0.4376	42.1
NC_051825.1	38848629	38901890	53261	convergent	LOC102152988	CRSP-2	True	False	False	False	False	False	True	True	False	True	False		False		False	False	False	0.9323671873910858	0.7143333333333334	0.9166072907527286	0.7486666666666667	0.048503884225775076	1.0	3.036757622752784	0.8161386883096586	299741	4352939	133670	2685	0.5054	0.0193	0.8807	0.6008	0.9073	0.5827	93.7
NC_051825.1	48906661	48959809	53148	convergent	BBOX1	LOC111091586	True	False	False	False	False	False	False	True	False	False	False		False		True	False	False	1.0145758947804306	0.8333333333333334	0.9790391547203064	0.8096666666666666	0.051812080670207844	1.0	15.295504326843906	2.1298070289979223	291765	2992202	402557	11327	0.4268	0.0193	0.8531	0.5766	0.9019	0.5555	84.6
NC_051825.1	51990876	52054339	63463	convergent	LOC119864909	LOC119864867	True	False	False	False	False	True	False	True	False	False	False		False		True	True	False	0.48577912667052486	0.4706666666666667	0.2023135300775369	0.272	0.01967794705052371	5.0	5.334521409778999	0.65962826445628	297607	97145	2635643	26437	0.9492	0.0133	0.8723	0.6045	0.9059	0.669	99.6
NC_051826.1	1416239	1480570	64331	convergent	LOC111091743	LOC111091793	True	False	False	False	False	False	False	False	False	False	False	39.29	False	4.48116	True	False	False	0.987371165028247	0.805	1.071479385383924	0.859	0.0509369957108436	5.0	14.507169983542596	1.3082889898620742	98404	386118	418913	61550	0.4472	0.0133	0.8541	0.5892	0.5577	0.4923	63.6
NC_051826.1	5334971	5405776	70805	convergent	ZC3H13	LOC111091811	True	True	False	True	False	False	True	True	False	False	False		False		True	False	False	1.0490335592859794	0.8703333333333333	1.082475257237752	0.8623333333333333	0.053794617061644956	1.0	16.774698070383522	2.017511182139711	0	857152	35402	32594	0.3854	0.0193	0.8504	0.5781	0.0901	0.3847	10.6
NC_051826.1	10143251	10217071	73820	convergent	LOC111091828	LOC100685259	True	False	False	False	False	True	False	False	False	False	False		False		False	False	False	1.0418428342365846	0.8653333333333333	1.0789185449123382	0.8616666666666667	0.05373153635857067	5.0	5.816935901412891	1.278957518625133	80161	120131	3907823	52861	0.3867	0.0133	0.8709	0.5898	0.487	0.4695	53.6
NC_051826.1	14184578	14251277	66699	convergent	PCDH17	LOC119865129	True	False	False	True	False	False	True	False	False	True	False		False		False	False	False	0.933374378554489	0.715	0.9370089192867279	0.7683333333333333	0.04961710719378457	1.0	2.761727122234595	0.32132754519275847	267927	4157897	33349	98090	0.4778	0.0193	0.8821	0.6079	0.884	0.5742	90.5
NC_051826.1	16687132	16738584	51452	convergent	TDRD3	LOC100686550	True	True	False	False	False	False	False	True	False	False	False		False		True	False	False	1.004761295210605	0.8233333333333334	1.0038990578134854	0.8243333333333334	0.051983000781030776	6.0	6.951947019605735	1.1858417441408882	12142	6652828	675578	24565	0.4229	0.0125	0.868	0.5918	0.1592	0.4109	24.7
NC_051826.1	19596764	19663367	66603	convergent	LOC100687588	LOC100687653	False	False	False	False	False	False	False	False	False	False	False	26.06	False	4.29328	False	False	False	0.9225767836395979	0.6983333333333334	0.93380600339969	0.766	0.04874379018066384	1.0	2.81280035445674	0.3657293402993669	269935	9570035	1947532	50525	0.4991	0.0193	0.8818	0.6078	0.8856	0.5787	92.2
NC_051826.1	27517646	27576124	58478	convergent	KLF5	LOC100682890	True	False	False	True	False	False	True	False	False	True	False		False		False	False	False	0.9953281164172029	0.815	0.9607281749089559	0.7896666666666666	0.051872471337746945	6.0	5.538851409336717	0.8428612611707741	346885	15332413	29239	52834	0.4251	0.0125	0.8717	0.6001	0.9327	0.5684	89.6
NC_051826.1	29235878	29299159	63281	convergent	LOC100684181	LOC111091654	False	False	False	False	False	False	False	False	False	False	False	35.11	False	5.65148	False	False	False	0.9357735172148713	0.718	0.9458366656819979	0.777	0.04849681263421318	1.0	2.1998682628182835	0.20412134589212597	107482	13611780	482950	134195	0.5055	0.0193	0.8854	0.608	0.5894	0.5215	74.6
NC_051826.1	33638670	33695479	56809	convergent	LOC106557558	SPRY2	True	True	False	True	False	False	True	True	False	False	False		False		False	False	False	0.9623006112192486	0.772	0.9504866918087004	0.781	0.049758600783541704	1.0	2.5803966680312813	0.5184113813371501	7926	9212224	28405	27708	0.474	0.0193	0.883	0.6069	0.1304	0.4227	34.3
NC_051826.1	36431283	36491812	60529	convergent	LOC100684683	LOC111091757	True	False	False	False	False	False	False	True	False	False	False		False		False	False	False	0.9424843527627143	0.735	0.9236127680778503	0.7563333333333333	0.04957437158606459	1.0	3.331571919357687	0.41945990218245655	313453	6417751	2760955	14467	0.4786	0.0193	0.8793	0.6077	0.9158	0.5801	93.5
NC_051826.1	45865441	45937672	72231	convergent	GPR180	SOX21	True	True	False	False	False	False	False	True	False	False	False		False		True	False	False	1.00315534560247	0.822	0.9929376903533935	0.817	0.05202344368567004	2.0	6.178363129266913	1.4786124450202083	0	3021535	1598909	34122	0.4216	0.017	0.87	0.586	0.0901	0.3969	16.3
NC_051826.1	55453706	55512794	59088	convergent	LOC100683697	LOC111091706	True	True	False	False	False	False	False	False	False	False	False		False		True	False	False	0.9911410711522093	0.8093333333333333	1.0161552067836126	0.8296666666666667	0.05181063646175756	1.0	3.862322999425552	0.4518783185451418	0	12603229	3335689	91811	0.4268	0.0193	0.8772	0.6075	0.0901	0.4042	21.7
NC_051826.1	55859005	55918918	59913	convergent	LOC119865267	LOC119865154	False	False	False	False	False	False	False	False	False	False	False	25.53	False	5.220280000000001	False	False	False	0.9786720165476722	0.7943333333333333	0.9760415060520172	0.8076666666666666	0.05093572659015268	1.0	5.452902935763512	0.914056719479143	186039	13008940	2929978	80888	0.4472	0.0193	0.8719	0.5983	0.7862	0.5446	80.7
NC_051826.1	59581650	59643922	62272	convergent	ING1	LOC119865109	True	True	False	True	False	False	True	True	False	False	False		False		False	False	False	1.3929349985554351	0.9853333333333333	1.0123478235880534	0.8283333333333334	0.07473212139618447	1.0	8.863585910108624	1.0061100991472296	12786	16732765	31136	6796	0.1433	0.0193	0.8637	0.5959	0.1592	0.3563	2.8
NC_051827.1	1109045	1172665	63620	convergent	SYNDIG1	LOC100688361	False	False	False	False	False	False	False	False	False	False	False	39.0	False	2.41274	False	False	False	1.1174505978088813	0.919	0.9954969386736552	0.8186666666666667	0.05786728709561388	17.0	6.611325599129002	0.8951839793006736	65855	877667	1696441	117837	0.3118	0.0069	0.8689	0.5987	0.4222	0.4417	43.2
NC_051827.1	2619236	2673562	54326	convergent	LOC100687334	LOC111091893	True	False	False	False	False	True	True	True	False	False	False		False		False	False	False	0.9034102831413597	0.6703333333333333	1.0290672447164855	0.839	0.04601105852746184	1.0	3.0363307132002153	0.4393912590373466	28601	173476	190897	8529	0.5653	0.0193	0.8807	0.6076	0.2427	0.4631	51.2
NC_051827.1	3227875	3294390	66515	convergent	LOC111091943	LOC119865296	True	False	True	False	False	False	False	True	False	False	False		False		True	False	False	1.0820943803423293	0.8976666666666666	1.1566065947294235	0.8846666666666667	0.056180870091208104	52.0	5.620407064692982	0.7717476168656682	88868	788209	389354	6598	0.3393	0.0008	0.8714	0.6019	0.5199	0.4667	52.3
NC_051827.1	6808405	6874087	65682	convergent	STAC	LOC100685633	True	True	False	False	False	False	False	True	False	False	False		False		False	False	False	0.9562182808099502	0.7616666666666667	0.969411553366979	0.8	0.048949576497175344	1.0	2.6637461822122117	0.41666723651233034	8754	734933	333169	41839	0.493	0.0193	0.8826	0.6077	0.1362	0.4278	36.4
NC_051827.1	10487084	10553541	66457	convergent	LOC111091857	LOC106557623	True	False	False	False	False	False	False	False	False	True	False		False		False	False	False	1.036476323956057	0.8603333333333333	1.0425834666252136	0.849	0.0522078252228353	16.0	3.1185915895914866	0.5286785807753355	195312	2005383	300859	76984	0.4176	0.0073	0.8803	0.6067	0.8007	0.5425	80.3
NC_051827.1	23551824	23607775	55951	convergent	LOC111091912	LOC119865327	True	True	False	False	False	False	True	True	False	False	False		False		False	False	False	0.9430781323360078	0.7356666666666667	0.9377619814872742	0.7693333333333333	0.04942378428184623	1.0	1.2067292225932398	0.05406655945717251	0	11054081	71591	1649	0.4817	0.0193	0.8953	0.608	0.0901	0.4189	29.9
NC_051827.1	29008575	29073911	65336	convergent	NUDT16	MRPL3	True	False	False	False	False	False	False	True	False	False	False		False		True	False	False	1.0798406522277226	0.8976666666666666	1.034465479516983	0.843	0.056258536403067674	9.0	8.811191569028006	1.4290119657525227	133757	16515525	3859201	2008	0.3379	0.0105	0.8638	0.5869	0.6703	0.4939	65.1
NC_051827.1	34198197	34269938	71741	convergent	LOC111091952	LOC119865310	True	False	False	False	False	False	False	False	False	False	False	33.47	True	8.54362	False	False	False	0.9700726372552153	0.785	0.9482618704636893	0.7796666666666666	0.05087120035886715	1.0	2.000592289400798	0.2066470189553595	209067	15586082	681582	89176	0.4488	0.0193	0.8869	0.608	0.8215	0.5569	85.5
NC_051827.1	34370653	34427811	57158	convergent	LOC111091954	LOC119865330	True	False	False	False	False	False	False	True	False	False	False		False		False	False	False	0.9559084741897697	0.7606666666666667	0.9694516854802768	0.8	0.05078179940943001	1.0	4.512682558611147	0.8606609608223369	374232	15420917	516417	1459	0.4506	0.0193	0.8748	0.5996	0.9438	0.5776	91.3
NC_051827.1	39231375	39301877	70502	convergent	CHST2	LOC100688497	True	False	False	False	False	False	False	True	False	False	False		False		False	False	False	1.1433219510511352	0.9326666666666666	1.0844136756102243	0.8633333333333333	0.0601951085912325	42.0	11.533940248692522	1.6525563452180296	41626	10553523	510575	45659	0.2774	0.0018	0.8588	0.5832	0.3082	0.4059	22.8
NC_051827.1	45474517	45526737	52220	convergent	LOC100855515	LOC119865420	True	True	False	False	False	False	False	True	False	False	False		False		False	False	False	1.0266930045805167	0.851	0.9868010601997376	0.8133333333333334	0.052930266143306835	1.0	7.377701985885879	1.1526139952788912	24373	4319522	462461	5091	0.4026	0.0193	0.867	0.5925	0.2223	0.4207	32.5
NC_051828.1	11487994	11545704	57710	convergent	LOC119865622	LOC111092144	True	False	False	False	False	False	False	True	False	False	False		False		False	False	False	0.9782623575030226	0.794	0.961196040471395	0.79	0.0499836437457949	1.0	2.756993539160022	0.5898987627184048	358151	6369856	551341	17154	0.4689	0.0193	0.8821	0.6058	0.9377	0.5828	93.9
NC_051828.1	16606256	16661497	55241	convergent	GPCPD1	LOC119865589	True	True	False	False	False	False	True	False	False	False	False		False		True	False	False	0.9281471062774601	0.7066666666666667	0.9986061540881792	0.8203333333333334	0.048729590968202195	24.0	4.476430064410995	0.7405099405055872	16124	1252829	258280	68765	0.4994	0.0049	0.875	0.6026	0.1801	0.4324	39.0
NC_051828.1	19302591	19370767	68176	convergent	LOC111092201	STK35	True	False	False	False	False	False	True	True	False	False	False		False		True	False	False	1.1223385935388595	0.922	1.065299174964428	0.8576666666666667	0.056191013866428906	2.0	10.209032627963316	1.4818929854097482	86679	1449951	195761	42345	0.339	0.017	0.8612	0.586	0.5119	0.463	51.0
NC_051828.1	26717079	26778334	61255	convergent	SRC	LOC111092200	True	True	False	True	False	False	True	True	False	True	False		False		True	False	False	1.24330354302678	0.963	1.1945716348846753	0.8913333333333333	0.06465279651978122	16.0	14.063446637023864	2.4229438216084396	22706	2026181	30627	2949	0.2251	0.0073	0.8548	0.5729	0.2117	0.3743	7.4
NC_051828.1	36042329	36111036	68707	convergent	LOC119865683	PREX1	True	True	False	True	False	False	True	True	False	False	False		False		True	False	False	1.1507949782139855	0.9346666666666666	1.131564182349046	0.88	0.058464760337373356	5.0	20.91063692764225	3.062069741278895	0	11274911	34354	8351	0.3021	0.0133	0.8449	0.5645	0.0901	0.363	3.7
NC_051828.1	36665388	36721820	56432	convergent	LOC111092109	KCNB1	True	True	False	False	False	False	True	True	False	False	False		False		True	False	False	1.1854507846979754	0.9466666666666667	1.1577130156596502	0.8846666666666667	0.06134761040721344	15.0	8.107006411408044	1.2580659598201605	0	10657989	58064	1133	0.2631	0.0076	0.8655	0.5902	0.0901	0.3633	3.9
NC_051828.1	37513357	37574621	61264	convergent	LOC119865562	LOC102152659	True	False	True	False	False	False	True	True	False	False	False		False		True	False	False	1.3379034817898523	0.981	1.428140909544627	0.913	0.07072492955229664	50.0	22.436715355763006	3.3379247114826742	56011	9807604	98513	17403	0.1711	0.001	0.8432	0.5605	0.3808	0.3913	13.2
NC_051828.1	40064815	40121938	57123	convergent	TSHZ2	ZNF217	True	True	False	True	False	False	True	True	False	False	False		False		True	False	False	1.085753248596138	0.8986666666666666	1.0776554774443308	0.8616666666666667	0.055778262051660685	7.0	12.879201555538772	1.856554027705281	6624	7258217	28562	34995	0.3466	0.0117	0.8564	0.5802	0.1247	0.3839	9.8
NC_051828.1	42475068	42526723	51655	convergent	LOC611771	LOC119865771	True	True	False	False	False	False	True	True	False	False	False		False		True	False	False	1.083019681043486	0.898	1.10438611309131	0.8726666666666667	0.05431047641078627	4.0	24.555737322821326	3.915595814474411	0	4850698	48187	1702	0.3744	0.0143	0.8407	0.5515	0.0901	0.3742	6.7
NC_051828.1	42745535	42819449	73914	convergent	LOC119865786	LOC119865699	True	False	False	False	False	False	True	True	False	True	False		False		False	True	False	0.25723556634384603	0.20133333333333334	0.1364607914149761	0.20366666666666666	0.008643935532607694	0.0	3.7926110931765904	0.5110001404445832	192508	4569101	222976	1067	0.962	0.0287	0.8774	0.607	0.7959	0.6542	99.1
NC_051829.1	326595	381037	54442	convergent	THSD1	LOC100684545	True	True	False	False	False	False	False	True	False	False	False		False		False	False	False	0.9247353009216032	0.7	1.0033740785916647	0.8243333333333334	0.04703571603092447	3.0	5.18024914305589	0.5510718285108895	21184	9552611	346804	28615	0.5402	0.0155	0.8727	0.6064	0.2064	0.4483	45.6
NC_051829.1	804447	863659	59212	convergent	FOXO1	LOC102153908	True	False	False	True	False	False	True	True	False	True	False		False		True	False	False	1.031509089521986	0.8553333333333333	0.9695633901993435	0.8	0.05252087367135885	2.0	7.084712414270119	0.8139196230261256	184053	9072374	29606	35437	0.4113	0.017	0.8677	0.6008	0.7826	0.5359	77.9
NC_051829.1	9416764	9476935	60171	convergent	LOC119865997	LOC119865829	True	False	False	False	False	False	True	True	False	True	False		False		True	False	False	0.8949823820077122	0.6626666666666666	0.5513732173482577	0.5546666666666666	0.04720071508111732	32.0	5.622914128313525	0.7734801220982948	78151	459578	62204	8343	0.5364	0.0032	0.8714	0.6019	0.4787	0.4983	66.8
NC_051829.1	12228903	12283288	54385	convergent	LOC106557742	LOC102153058	True	True	False	False	False	False	True	True	False	False	False		False		True	False	False	1.2006061913113661	0.951	1.0746329242070516	0.8603333333333333	0.06272367449763697	5.0	8.985796412963593	1.363443752755287	0	2349643	40224	3792	0.2465	0.0133	0.8635	0.5881	0.0901	0.3603	3.3
NC_051829.1	16583402	16638128	54726	convergent	LOC119865834	LOC106557750	True	False	False	False	False	False	True	True	False	True	False		False		True	False	False	1.0145856475279404	0.8333333333333334	1.0341492417971292	0.8426666666666667	0.05186219996452872	1.0	6.885557099143311	0.9107444892027609	35765	2551047	156950	18044	0.4257	0.0193	0.8681	0.5983	0.2784	0.438	42.3
NC_051829.1	20424770	20475505	50735	convergent	LOC111092453	NEK1	True	False	False	False	False	False	False	True	False	False	False		False		False	False	False	0.9234034518485024	0.699	0.9389107852816582	0.7703333333333333	0.048487045892704674	0.0	3.505272817322352	0.4213034945781071	49863	323599	1284234	39288	0.5057	0.0287	0.8786	0.6077	0.3476	0.4737	55.3
NC_051829.1	34024080	34083975	59895	convergent	NKX3-1	LOC111092402	True	False	False	True	False	False	True	True	False	True	False		False		False	False	False	1.033903794200133	0.858	1.0357598247448605	0.8446666666666667	0.054688005380612977	14.0	5.4053313945438815	0.6581286388685972	104027	1174155	29947	31681	0.3671	0.008	0.8721	0.6045	0.579	0.4861	60.7
NC_051829.1	40554664	40610407	55743	convergent	AGFG1	LOC486150	True	False	False	False	False	False	False	True	False	False	False		False		False	False	False	1.013524338754946	0.833	1.0290876605351764	0.839	0.05252601354548831	4.0	10.303445985468503	1.2218582714942756	192465	4929314	646249	47540	0.4112	0.0143	0.861	0.591	0.7959	0.5347	77.7
NC_051829.1	45854728	45924770	70042	convergent	LOC119866032	LOC119865861	True	False	True	False	False	False	False	True	False	False	False		False		True	False	False	1.203970203870491	0.9526666666666667	1.1398377681692442	0.8816666666666667	0.0641026994035092	49.0	13.104439876240015	1.4684576055683098	160251	377875	311364	25690	0.2308	0.0011	0.8561	0.5862	0.7362	0.4821	59.2
NC_051829.1	46659216	46733469	74253	convergent	LOC111092437	LOC119865863	True	False	False	False	False	False	False	True	False	False	False		False		True	False	False	1.125462860306086	0.9233333333333333	1.1765230668226878	0.8876666666666667	0.057383884181444224	4.0	20.751405141709085	3.481911500297755	146342	1184468	979240	18943	0.3194	0.0143	0.8451	0.5583	0.7039	0.4882	62.3
NC_051830.1	3084750	3142913	58163	convergent	SLC15A4	TMEM132C	True	True	False	False	False	False	False	True	False	False	False		False		False	False	False	1.1150833503511695	0.9186666666666666	1.0607101728518804	0.8563333333333333	0.0568993374875173	3.0	14.683447079666093	1.5638909027474635	0	11674446	1079421	16041	0.3274	0.0155	0.8539	0.5846	0.0901	0.3743	7.4
NC_051830.1	4496506	4546999	50493	convergent	LOC119866086	LOC477441	True	True	False	False	False	False	False	True	False	False	False		False		False	False	False	1.032963172712594	0.857	1.0501193641622861	0.8513333333333334	0.051987471148002895	1.0	8.972143046425684	1.0816117304198327	21752	10266525	684551	5806	0.4229	0.0193	0.8635	0.5941	0.2064	0.4212	33.0
NC_051830.1	12974593	13028567	53974	convergent	LOC119866092	MED13L	True	True	False	False	False	False	False	True	False	False	False		False		True	False	False	1.337626245888462	0.9806666666666667	1.6241609720230104	0.928	0.07726563027920491	4.0	18.985326591088402	2.952786649899651	1580	1786697	1033739	25078	0.1281	0.0143	0.8473	0.566	0.0959	0.3303	0.4
NC_051830.1	17193803	17254161	60358	convergent	LOC119866085	LOC119866121	True	False	False	False	False	False	True	False	False	True	False		False		True	True	False	0.5748770945957938	0.5416666666666666	0.6632327978610992	0.622	0.024034680779130867	0.0	5.101744260041873	0.6414240953355752	123982	2435680	131538	58224	0.9332	0.0287	0.873	0.6049	0.6416	0.6163	98.0
NC_051830.1	20964282	21018696	54414	convergent	LOC119866095	LOC119866096	True	False	False	False	False	False	False	True	False	True	False		False		False	False	False	1.090052526569482	0.9023333333333333	1.0967299654165903	0.8706666666666667	0.05455004792538202	1.0	5.6815742977522445	1.3405123867343622	41489	6203187	592288	32180	0.37	0.0193	0.8712	0.5886	0.3082	0.4315	38.8
NC_051830.1	37136455	37205993	69538	convergent	LOC106557850	LOC102154823	True	False	False	False	False	False	True	True	False	True	False		False		True	False	False	1.0047126135251523	0.823	1.0102457290728888	0.827	0.05195549821961525	1.0	15.56580074508491	2.2232811589942845	146224	4840999	56303	21534	0.4235	0.0193	0.8528	0.5754	0.7039	0.515	72.7
NC_051831.1	11296029	11362267	66238	convergent	LOC106557871	LOC111092904	True	False	False	False	False	False	False	True	False	False	False		False		True	False	False	0.9544245830829486	0.758	0.9593494558493297	0.789	0.050124370932377475	1.0	3.021669488327376	0.3924791970726284	220852	10054707	2554120	12958	0.4656	0.0193	0.8808	0.6078	0.8358	0.5618	87.2
NC_051831.1	12006551	12065044	58493	convergent	GXYLT1	LOC111092835	True	True	False	False	False	False	False	False	False	False	False		False		True	False	False	1.004968493048317	0.824	0.9983144336064658	0.8203333333333334	0.05250561010122621	11.0	6.324675137538653	0.7384878202083917	0	10761356	3260769	63903	0.4115	0.0094	0.8696	0.6027	0.0901	0.3967	16.1
NC_051831.1	13274723	13345552	70829	convergent	NA	MUC19	True	True	False	False	False	False	False	True	False	False	False		False		True	False	False	0.8100793973444049	0.6263333333333333	0.9217515291372936	0.754	0.04122694585425237	3.0	4.450304479048915	0.36459833354740395	14863	12035696	3010052	100	0.6846	0.0155	0.875	0.6078	0.1696	0.4705	54.4
NC_051831.1	17823426	17886691	63265	convergent	IPO8	LOC100685338	True	True	False	False	False	False	False	False	False	False	False		False		False	False	False	0.9230174331224871	0.6986666666666667	0.9296434317270916	0.7616666666666667	0.047442811768742536	1.0	5.716443825840801	0.8252043548966145	0	16580617	1507657	79785	0.5309	0.0193	0.8712	0.6005	0.0901	0.4224	33.8
NC_051831.1	32573520	32640058	66538	convergent	LOC102155441	LOC100685365	True	True	False	False	False	False	False	True	False	False	False		False		True	False	False	1.1494176158462432	0.9346666666666666	1.0526757526079815	0.8523333333333334	0.059977640718813195	66.0	6.113911667188223	0.732588029644466	18211	5827486	309949	5554	0.2805	0.0001	0.8701	0.6028	0.1906	0.3888	12.4
NC_051831.1	39677324	39739751	62427	convergent	ANO2	NTF3	False	False	False	False	False	False	False	False	False	False	False	28.74	False	5.1012200000000005	False	False	False	1.1026605827009757	0.9113333333333333	1.0643325256665548	0.8573333333333333	0.05584000714313849	1.0	8.535644300611514	1.5023591962249838	341463	1273818	881321	154498	0.3451	0.0193	0.8643	0.5857	0.9304	0.549	82.4
NC_051831.1	40299441	40358999	59558	convergent	LOC119866433	GALNT8	True	False	False	False	False	False	False	True	False	False	False		False		False	False	False	1.0034578147175712	0.822	0.9791566904703777	0.8096666666666666	0.05173573642343642	1.0	2.9641156697273403	0.5439813871635835	170780	1894501	329915	5828	0.4283	0.0193	0.881	0.6065	0.7567	0.5384	79.0
NC_051832.1	2510899	2563279	52380	convergent	NA	OR6D5	True	True	False	False	False	False	False	True	False	False	False		False		True	False	False	0.8857783245482002	0.6566666666666666	0.8842524228731791	0.7263333333333334	0.046526062051117596	1.0	3.760528135651558	0.6800743253074004	0	2169457	491937	100	0.5526	0.0193	0.8776	0.604	0.0901	0.4287	37.3
NC_051832.1	6155210	6215233	60023	convergent	LOC119866635	LOC106557967	True	True	False	False	False	False	False	True	False	False	False		False		False	False	False	1.0320985304691563	0.8556666666666667	0.9722634184082349	0.803	0.05341499584071264	29.0	5.399811338212329	0.8631834468797318	14779	890985	593010	6286	0.3927	0.0038	0.8721	0.5996	0.1696	0.4076	23.2
NC_051832.1	24424569	24481957	57388	convergent	LOC100855860	LOC111093048	True	False	False	False	False	False	True	True	False	True	False		False		True	False	False	1.1772761763434232	0.9433333333333334	1.18694838848114	0.8896666666666667	0.062306845679376145	33.0	7.495728950820042	0.9690681254544283	153263	8211080	44249	15173	0.2512	0.003	0.8667	0.5969	0.7204	0.4877	61.6
NC_051832.1	25443005	25493730	50725	convergent	ADRB1	CCDC186	True	False	False	False	False	False	True	True	False	False	False		False		True	False	False	1.1106096206143001	0.9163333333333333	1.1201751989364623	0.877	0.058536048038205196	26.0	5.252920171605854	0.9000083028894036	181633	9226184	202315	2132	0.3009	0.0044	0.8725	0.5986	0.7773	0.5107	70.9
NC_051832.1	34214445	34267922	53477	convergent	LOC111093045	LOC119866531	True	False	False	False	False	False	True	True	False	False	False		False		True	False	False	1.2433133734908688	0.963	1.204653871281942	0.893	0.0657526966280023	10.0	16.61003731108136	3.061830608031519	58817	7238293	143759	33753	0.2141	0.0099	0.851	0.5645	0.3901	0.4059	22.8
NC_051833.1	357464	431756	74292	convergent	UBE2V2	LOC100856084	True	True	False	False	False	False	True	True	False	False	False		False		False	False	False	0.9213311381114014	0.697	0.9005831596692402	0.7353333333333333	0.0477758562194828	1.0	5.676271347495861	0.8047121994162764	0	13967579	135007	37539	0.5233	0.0193	0.8713	0.6011	0.0901	0.421	32.8
NC_051833.1	1669770	1738756	68986	convergent	LOC100684688	LOC119866769	True	False	False	False	False	False	False	True	False	False	False		False		False	False	False	0.8822014174440951	0.654	0.8448711831212043	0.707	0.046610385409922524	1.0	5.279092981895015	0.9416810316253309	120737	12657926	490928	2166	0.5507	0.0193	0.8724	0.5976	0.6323	0.5345	77.4
NC_051833.1	20829395	20898312	68917	convergent	LOC119866675	MSC	True	True	False	False	False	False	False	True	False	False	False		False		True	False	False	0.9939227802280154	0.813	0.9671249191125234	0.7976666666666666	0.05184657306937663	12.0	3.423679267464801	0.6294629384100751	13853	6501643	1220733	1682	0.4262	0.0089	0.8789	0.6051	0.1644	0.4167	28.2
NC_051833.1	21906082	21964104	58022	convergent	LOC111093217	LOC119866789	True	True	False	False	False	False	False	True	False	False	False		False		True	False	False	1.012630774063341	0.833	0.9869658034563065	0.8133333333333334	0.05189583254910967	2.0	6.793489978145324	1.4024063627499224	0	7463482	1854802	937	0.4246	0.017	0.8684	0.5874	0.0901	0.3975	17.1
NC_051833.1	23112498	23172320	59822	convergent	LOC111093212	LOC111093135	False	False	False	False	False	False	False	False	False	False	False	43.94	False	4.77938	False	False	False	0.9398818636868367	0.728	0.9571355373938879	0.787	0.0495904242356686	0.0	2.4245101511198017	0.34948575082925226	142409	6256166	647486	165046	0.4783	0.0287	0.884	0.6079	0.6939	0.5386	79.2
NC_051833.1	23509733	23568950	59217	convergent	CRISPLD1	LOC100688946	True	False	False	False	False	False	True	True	False	True	False		False		True	False	False	0.9247067868573681	0.7	0.9271923324664433	0.759	0.04882262878145906	1.0	3.136575478215646	0.48449590357873423	39341	5859234	250554	2243	0.4966	0.0193	0.8802	0.6072	0.2984	0.4604	50.3
NC_051833.1	28263136	28333785	70649	convergent	LOC106558008	PAG1	True	True	False	False	False	False	False	True	False	False	False		False		True	False	False	1.0483527691615018	0.8703333333333333	1.0143397728363672	0.8286666666666667	0.054407392486090375	16.0	7.240489430738175	1.0995352030783276	1540	1100115	320836	15590	0.3726	0.0073	0.8673	0.5937	0.0959	0.3873	11.5
NC_051833.1	28623707	28681799	58092	convergent	FABP5	LOC119866803	True	True	False	True	False	False	True	True	False	False	False		False		True	False	False	1.0205552216560512	0.8433333333333334	0.9580742989420891	0.7883333333333333	0.05439815993650719	14.0	3.505854518778726	0.6704024186672595	27753	745822	29046	4516	0.3729	0.008	0.8786	0.6043	0.2376	0.4203	32.1
NC_051833.1	38580004	38634159	54155	convergent	LOC100685448	LOC119866804	True	False	False	False	False	False	False	True	False	False	False		False		True	False	False	1.0584086214359112	0.8783333333333333	1.0102131303350133	0.827	0.05456599857735765	4.0	9.306332447459212	1.1610855871783645	142919	9208482	515007	45988	0.3697	0.0143	0.8629	0.5923	0.6939	0.5066	69.8
NC_051834.1	2536913	2592033	55120	convergent	LOC111093357	GJD2	True	False	False	False	False	False	True	True	False	True	False		False		True	False	False	1.0595475205215326	0.8796666666666667	1.0854250410397848	0.8636666666666667	0.05432009416887826	17.0	6.149649054755327	1.1650624490618255	114473	768957	121203	3679	0.3742	0.0069	0.8701	0.5922	0.6131	0.4913	62.9
NC_051834.1	4478505	4544211	65706	convergent	CDIN1	MEIS2	True	True	False	True	False	False	True	False	False	False	False		False		True	False	False	0.9780948666159291	0.7936666666666666	0.9556489407857259	0.7846666666666666	0.050359481238687116	1.0	6.511624938016557	1.4832676765015955	0	1177903	32853	110217	0.4601	0.0193	0.8691	0.586	0.0901	0.4049	21.9
NC_051834.1	11061036	11119847	58811	convergent	LOC119866880	LOC111093393	True	True	False	False	False	False	False	True	False	False	False		False		False	False	False	1.064121840497211	0.884	0.9899402900695801	0.815	0.05506440218362732	7.0	6.268653392584416	0.9410280431595819	0	847547	409320	942	0.3603	0.0117	0.8697	0.5976	0.0901	0.3859	11.1
NC_051834.1	24994850	25055410	60560	convergent	FOXB1	LOC119866903	True	False	False	False	False	False	False	True	False	False	False		False		True	False	False	0.974719240905849	0.7906666666666666	0.9808145123561224	0.8106666666666666	0.05071863876807432	6.0	2.89291107147499	0.5658657511352796	149870	2575237	327567	44442	0.4523	0.0125	0.8814	0.6062	0.7113	0.5327	76.4
NC_051834.1	32644888	32717232	72344	convergent	LOC111093320	LOC100684041	True	True	False	False	False	False	True	True	False	False	False		False		False	False	False	1.0860312479469234	0.899	1.1445194995880128	0.8826666666666667	0.055196091649427216	11.0	11.791047875650964	2.0588489198847078	0	5080671	256888	13042	0.3577	0.0094	0.8584	0.5775	0.0901	0.3786	8.7
NC_051834.1	34669412	34723012	53600	convergent	LOC102154511	LARP6	True	True	False	False	False	False	False	True	False	False	False		False		True	False	False	1.087057622149216	0.8996666666666666	1.1071621170441308	0.8743333333333333	0.05556095070775543	2.0	14.021165832091931	1.845371125680515	3788	3725696	1149534	666	0.3507	0.017	0.8548	0.5804	0.1074	0.382	9.5
NC_051834.1	38942658	39000282	57624	convergent	LINGO1	LOC119866844	True	True	False	False	False	False	True	True	False	False	False		False		True	False	False	1.269612107631251	0.97	1.2376517056147258	0.898	0.06611602344125712	1.0	43.679702706953265	7.539495073010606	0	549542	267826	9662	0.2105	0.0193	0.8119	0.4767	0.0901	0.3217	0.2
NC_051835.1	955347	1016678	61331	convergent	LOC100688275	LOC102152193	True	False	False	False	False	False	False	True	False	False	False		False		False	False	False	0.9219762721403305	0.6976666666666667	0.9100713475863138	0.744	0.048880928405361	0.0	2.5094973029115986	0.5001620494021437	61012	12301976	882355	4002	0.4951	0.0287	0.8835	0.6071	0.4042	0.4837	60.3
NC_051835.1	13106261	13156978	50717	convergent	LOC119867042	LOC111093424	True	False	False	False	False	True	False	True	False	False	False		False		False	False	False	0.9352708860397677	0.7176666666666667	0.9245796051025391	0.7573333333333333	0.0495828718074128	0.0	1.7355840607455668	0.41717157233212593	31619	156369	982062	19315	0.4784	0.0287	0.8891	0.6077	0.258	0.4524	46.9
NC_051835.1	18249632	18323889	74257	convergent	LOC100685420	LOC100685577	False	False	False	False	False	False	False	False	False	False	False	42.86	False	2.96612	False	False	False	0.9101803519103336	0.6793333333333333	0.9108152082681656	0.7446666666666667	0.04909359295431681	0.0	4.217264144572713	0.6316075636920083	263240	2846082	2982980	59407	0.49	0.0287	0.8758	0.6051	0.8808	0.5761	90.9
NC_051835.1	23436373	23508916	72543	convergent	LOC111093569	LOC119867012	True	False	False	False	False	False	False	False	False	False	False	26.44	False	5.49128	True	False	False	0.9175699662362277	0.689	0.9101791227897009	0.7443333333333333	0.04802379103289982	1.0	2.879589610748823	0.4242314555273111	422644	2339779	702325	124149	0.5176	0.0193	0.8814	0.6076	0.9584	0.5969	97.6
NC_051835.1	33017236	33069006	51770	convergent	LOC102152343	LOC111093484	True	True	False	False	False	False	True	True	False	True	False		False		True	False	False	1.083130803776604	0.898	1.0730123178402584	0.8603333333333333	0.05512155398892448	4.0	7.229914694023416	1.1128142193475008	6879	2736844	89446	7688	0.3592	0.0143	0.8673	0.5934	0.1247	0.3918	13.4
NC_051835.1	33785714	33837005	51291	convergent	LOC119867070	LOC111093482	True	True	False	False	False	False	False	True	False	False	False		False		False	False	False	1.0276390717571304	0.8523333333333334	1.0317547268867493	0.8413333333333334	0.052341590238655776	0.0	7.588491296019463	1.1003174781163725	0	3505082	369636	12097	0.4146	0.0287	0.8665	0.5937	0.0901	0.3987	18.0
NC_051835.1	36406001	36461046	55045	convergent	SLC37A1	LOC119867027	True	True	False	False	False	False	True	True	False	True	False		False		True	False	False	1.2064982534815658	0.953	1.19541663377285	0.8916666666666667	0.062463055094411614	10.0	32.249755920201856	4.993014376704384	8523	6127246	232475	5355	0.2493	0.0099	0.83	0.5317	0.1362	0.3514	2.0
NC_051836.1	3698661	3752870	54209	convergent	LOC111093630	GK2	True	False	False	False	False	False	False	True	False	False	False		False		False	False	False	0.8820905024560821	0.654	0.849449749159813	0.7083333333333334	0.04772430710137674	0.0	3.7344231064417186	0.7234666304190994	174235	28928985	382996	18910	0.5243	0.0287	0.8777	0.6031	0.7647	0.5597	86.6
NC_051836.1	11276866	11345764	68898	convergent	MEPE	LOC111093643	True	False	True	False	False	False	True	True	False	True	False		False		True	False	False	1.0008571425885693	0.8193333333333334	0.9622384206056595	0.7906666666666666	0.05335051023250835	47.0	3.6790320101458485	0.4150846809268368	113685	21343435	95065	22413	0.3941	0.0012	0.8779	0.6077	0.61	0.4982	66.6
NC_051836.1	27013911	27071204	57293	convergent	NPNT	TBCK	True	False	False	False	False	False	False	True	False	False	False		False		False	False	False	1.0280848864119019	0.8526666666666667	1.048129119435946	0.8506666666666667	0.05265214981834708	9.0	7.1681831614460245	0.7075272783184798	142557	5612193	683450	1845	0.4088	0.0105	0.8675	0.6034	0.6939	0.5168	73.3
NC_051837.1	574972	634483	59511	convergent	LOC111093784	LOC111093791	True	True	False	False	False	False	True	True	False	False	False		False		True	False	False	0.9342380170297107	0.7153333333333334	0.8900801236073177	0.7303333333333333	0.04925872088334983	1.0	11.793499428766802	1.2525304923210856	4727	18147617	205352	8592	0.4862	0.0193	0.8584	0.5904	0.1131	0.4135	26.0
NC_051837.1	7790832	7842018	51186	convergent	LOC111093705	IMPG2	False	False	False	False	False	False	False	False	False	False	False	31.33	False	4.81276	False	False	False	0.9876276593515174	0.805	0.978161152299245	0.8086666666666666	0.051666060395273015	10.0	5.913841769856345	0.7417709762918023	33575	10935919	340841	84740	0.4304	0.0099	0.8706	0.6026	0.2682	0.4363	40.6
NC_051837.1	8568536	8621477	52941	convergent	LOC119867284	LOC111093752	True	False	False	False	False	False	False	True	False	False	False		False		True	False	False	1.0188498733126579	0.8396666666666667	1.0413469024459523	0.8483333333333334	0.05278867045879562	11.0	5.666803230513878	0.6264043044703226	29994	10157338	432187	29224	0.4057	0.0094	0.8713	0.6052	0.2478	0.4279	36.7
NC_051837.1	11353405	11418044	64639	convergent	ALCAM	CBLB	True	True	False	True	False	False	True	True	False	False	False		False		True	False	False	0.973988850033604	0.79	0.954086865099271	0.7843333333333333	0.0501627768758655	4.0	10.410510147653456	0.833139076794749	14276	7366620	32320	12513	0.4645	0.0143	0.8608	0.6003	0.1696	0.4219	33.4
NC_051837.1	20017414	20079909	62495	convergent	GAP43	LSAMP	True	False	False	True	False	False	True	False	False	True	False		False		True	False	False	1.0554943596321344	0.8753333333333333	1.1077264072259265	0.8743333333333333	0.05547602265690932	20.0	6.150176808518486	0.8716568585236874	51339	1296297	31248	149473	0.3524	0.0059	0.87	0.5993	0.3572	0.437	41.4
NC_051837.1	31269207	31329671	60464	convergent	LOC106558167	FAM43A	True	True	False	False	False	False	True	True	False	False	False		False		True	False	False	1.2222961685250988	0.9573333333333334	1.061595892079671	0.8566666666666667	0.06299941850185546	33.0	42.67340567348737	6.234784753616513	561	1384109	45354	15122	0.2432	0.003	0.8131	0.5059	0.0901	0.3311	0.7
NC_051838.1	7080793	7147581	66788	convergent	NSUN2	UBE2QL1	True	True	False	True	False	False	True	True	False	False	False		False		True	False	False	1.1597699650901183	0.9373333333333334	1.0858044116179149	0.8636666666666667	0.05891202316567192	1.0	25.90906269271417	3.6568187880995398	0	5122751	33394	27945	0.2954	0.0193	0.8362	0.5556	0.0901	0.3593	3.0
NC_051838.1	10054548	10126362	71814	convergent	LOC111093922	LOC119867475	True	False	False	False	False	False	False	True	False	False	False		False		True	False	False	1.0879572815436087	0.9003333333333333	1.0508121298273405	0.852	0.056068204324713405	1.0	13.20995040723287	2.804483851355649	334545	2146483	644181	2860	0.3411	0.0193	0.8559	0.568	0.927	0.5423	80.0
NC_051838.1	19004008	19067846	63838	convergent	LOC119867441	CRYGS	True	False	False	False	False	False	True	True	False	False	False		False		False	False	False	1.1450830683460254	0.9333333333333333	1.1285218401590982	0.8793333333333333	0.058669622604892044	32.0	9.412495658925435	1.1794798688066768	39073	1869525	236466	3832	0.299	0.0032	0.8627	0.5919	0.2984	0.4111	25.4
NC_051838.1	19321861	19376696	54835	convergent	ADIPOQ	LOC119867406	True	False	False	True	False	False	True	True	False	True	False		False		True	False	False	1.1581221522446052	0.9363333333333334	1.0457143972992897	0.8503333333333334	0.06149441508104626	40.0	6.420278727091634	0.7135373737330385	49278	1556174	27417	2453	0.2616	0.002	0.8693	0.6033	0.3476	0.4168	28.6
NC_051838.1	33370196	33420674	50478	convergent	MIR551B	LOC119867412	True	False	False	False	False	True	False	True	False	True	False		False		False	False	False	0.9352426884966808	0.7173333333333334	0.9293501180887223	0.7616666666666667	0.049255011576987896	0.0	1.9183810615155987	0.25534180216031527	220435	25252	429536	3486	0.4864	0.0287	0.8875	0.608	0.8358	0.5693	89.8
NC_051838.1	33641835	33705242	63407	convergent	LOC119867455	LOC102151967	True	False	False	False	False	False	True	True	False	True	False		False		False	False	False	0.9238118814691715	0.6993333333333334	0.9188691251953444	0.7503333333333333	0.04920524344805574	1.0	2.34453432291915	0.40958472583135624	176462	303355	151433	43751	0.4874	0.0193	0.8845	0.6077	0.7684	0.5535	83.7
NC_051838.1	34380069	34430694	50625	convergent	LOC102152454	LOC111093889	True	True	False	False	False	False	True	True	False	True	False		False		True	False	False	1.0303428773966345	0.854	1.0195164235154788	0.8313333333333334	0.052070857093657975	5.0	9.692544758314929	1.4632687599864524	5381	1035198	27413	2101	0.4205	0.0133	0.8622	0.5863	0.1189	0.4003	19.5
NC_051838.1	36725342	36775647	50305	convergent	FNDC3B	GHSR	True	False	False	True	False	False	True	True	False	True	False		False		False	False	False	1.0133696919355186	0.833	1.0276329207102457	0.838	0.052585531835412584	13.0	11.084124773229401	1.4123871696166073	50494	3380311	25152	28281	0.41	0.0084	0.8596	0.5872	0.3524	0.4436	44.7
NC_051838.1	40621835	40683716	61881	convergent	LOC111093930	TBL1XR1	True	True	False	False	False	False	False	False	False	False	False		False		True	False	False	1.1453149633897213	0.9333333333333333	1.1973059122562408	0.8916666666666667	0.059497379556733385	10.0	40.96423683453332	3.561482566882141	0	7282592	3609426	88955	0.2867	0.0099	0.8154	0.5571	0.0901	0.3519	2.4
NC_051839.1	1643004	1708560	65556	convergent	LOC119867596	LOC119867597	True	True	False	False	False	False	True	True	False	False	False		False		True	False	False	1.0224663891665153	0.846	1.0374458986282347	0.8456666666666667	0.052894897383908616	1.0	13.460058520741386	1.9648546443658477	24218	inf	36497	3719	0.4032	0.0193	0.8556	0.5788	0.2223	0.4158	26.9
NC_051839.1	1805405	1856208	50803	convergent	FOXF2	LOC100684996	True	False	False	True	False	False	True	True	False	True	False		False		True	False	False	1.0586097767597265	0.8783333333333333	1.0162041088740033	0.8296666666666667	0.0552747823058781	2.0	21.976897700034073	3.5176465464157354	94194	inf	25401	2877	0.3561	0.017	0.8438	0.5578	0.5426	0.4634	51.6
NC_051839.1	11518999	11569382	50383	convergent	LOC111093992	LOC111094013	True	False	True	False	False	False	False	True	False	False	False		False		True	False	False	1.1007653894223732	0.9096666666666666	1.2667861914634704	0.901	0.05716795329285767	59.0	2.5699024167689295	0.29876381610005326	205810	inf	405431	37062	0.323	0.0004	0.8831	0.6079	0.8158	0.526	75.3
NC_051839.1	18052245	18123443	71198	convergent	LOC111093969	LOC102156827	True	False	False	False	False	False	False	True	False	True	False		False		False	False	False	0.9566638897030936	0.7616666666666667	0.9855727201342582	0.8126666666666666	0.04994877389788062	1.0	4.1543720377259	0.7126248423114638	612156	inf	376258	294	0.4697	0.0193	0.8761	0.6033	0.9845	0.5906	95.4
NC_051839.1	18480986	18533175	52189	convergent	LOC111094025	LOC111094007	True	False	False	False	False	False	True	True	False	True	False		False		False	False	False	0.9967697146061198	0.8156666666666667	0.9780196670850119	0.8086666666666666	0.0520602970018348	1.0	6.742451878074914	1.1573053557821436	192920	inf	39986	13892	0.4208	0.0193	0.8685	0.5924	0.7959	0.5394	79.4
NC_051840.1	1166863	1219794	52931	convergent	GALNT13	LOC106558288	True	False	False	False	False	False	False	True	False	False	False		False		True	False	False	0.9669774583784566	0.782	0.9744149592081706	0.805	0.051021536507264355	1.0	4.718496421951347	0.824612130412676	68328	364259	794834	8308	0.4454	0.0193	0.8742	0.6006	0.4353	0.475	55.7
NC_051840.1	7616013	7676372	60359	convergent	LOC111094266	GCG	True	True	False	False	False	False	True	True	False	True	False		False		True	False	False	1.002167246838182	0.8206666666666667	1.045573966185252	0.8503333333333334	0.05243146579261855	3.0	4.741846433065467	0.682230947061838	28808	6088582	39214	9035	0.4128	0.0155	0.8741	0.604	0.2427	0.4298	37.7
NC_051840.1	8466112	8532234	66122	convergent	LOC100688550	LOC119867785	True	False	False	False	False	False	False	True	False	False	False		False		False	False	False	0.8783046015197167	0.653	0.938304754849275	0.7696666666666667	0.04634292507558527	1.0	3.1606483962521614	0.652218113984221	50827	6941563	892195	12455	0.557	0.0193	0.8801	0.6047	0.3525	0.4827	59.4
NC_051840.1	14845639	14901149	55510	convergent	UBR3	LOC111094278	True	True	False	False	False	False	True	True	False	False	False		False		True	False	False	0.9980490777325446	0.8173333333333334	0.9871335074981055	0.8133333333333334	0.051739406462568416	1.0	9.442430545516755	0.9640357369641589	0	5226450	270853	24761	0.4282	0.0193	0.8626	0.597	0.0901	0.3995	18.4
NC_051840.1	16124607	16177018	52411	convergent	CYBRD1	LOC111094279	True	True	False	False	False	False	True	True	False	False	False		False		False	False	False	1.0137630009333816	0.833	1.0362720006306965	0.8446666666666667	0.053058153609976476	21.0	3.5892962710197067	0.4891439746341987	24188	3949032	73536	24456	0.4001	0.0057	0.8782	0.6072	0.2223	0.4227	34.3
NC_051840.1	16788107	16853124	65017	convergent	LOC111094247	LOC119867830	True	False	False	False	False	False	True	True	False	False	False		False		True	False	False	1.0587241390014959	0.8786666666666667	1.0373168110847473	0.8456666666666667	0.05479696130798218	6.0	9.715761058337982	1.0325929347288643	104385	3279229	224112	23081	0.3649	0.0125	0.8622	0.5953	0.579	0.4828	59.9
NC_051840.1	24054229	24128740	74511	convergent	LOC119867869	LOC111094258	True	False	False	False	False	False	False	True	False	False	False		False		True	False	False	0.9762948161864019	0.7916666666666666	0.9954945162494978	0.8186666666666667	0.05082062834841323	1.0	4.949503372549851	0.7337041913297034	258516	2831477	924436	3333	0.4499	0.0193	0.8735	0.6028	0.8762	0.5643	88.7
NC_051840.1	24296513	24361259	64746	convergent	LOC111094259	LOC119867786	True	True	False	False	False	False	False	True	False	False	False		False		False	False	False	1.0059583819144864	0.8253333333333334	0.9584050199349722	0.7886666666666666	0.05282455548578244	22.0	7.113263429692238	0.9237017848171217	21114	3068879	687034	3497	0.4051	0.0054	0.8676	0.598	0.2064	0.4165	27.8
NC_051840.1	26520111	26586822	66711	convergent	LOC111094249	LOC102155713	True	False	False	False	False	False	False	True	False	False	False		False		False	False	False	0.9557696042770366	0.7606666666666667	0.9565733214497566	0.7863333333333333	0.05074870695183352	0.0	8.214283069516515	1.1449116832821336	71534	5293459	1533264	49701	0.4515	0.0287	0.8652	0.5927	0.4487	0.4774	56.6
NC_051841.1	2245776	2303016	57240	convergent	LOC119867916	TMEFF2	True	True	False	True	False	False	True	True	False	True	False		False		True	False	False	1.053026627561248	0.8733333333333333	1.0664312746842703	0.858	0.053789704382044716	2.0	25.5710159940016	3.3725032535196586	604	22795627	28620	43258	0.3855	0.017	0.8367	0.56	0.0901	0.3779	8.2
NC_051841.1	7533022	7602083	69061	convergent	LOC100686361	LOC100686866	True	False	False	False	False	False	False	False	False	False	False	33.99	False	5.647460000000001	True	False	False	1.0213377952085458	0.845	1.0018375087499616	0.8223333333333334	0.05284769673987712	5.0	7.827809575081374	1.167714452420523	57448	17502471	516682	61328	0.4044	0.0133	0.866	0.5922	0.3855	0.4523	46.6
NC_051841.1	12473128	12532864	59736	convergent	CD28	LOC100856338	True	False	False	False	False	False	True	False	False	True	False		False		False	False	False	1.0105384925019394	0.83	0.9940812305688858	0.8176666666666667	0.05338205336712204	31.0	2.5824142630982165	0.31647006135845157	297004	12567027	81281	51413	0.3933	0.0034	0.883	0.6079	0.9059	0.5587	86.1
NC_051841.1	27629161	27690392	61231	convergent	LOC119867980	EPHA4	True	False	False	False	False	False	False	True	False	False	False		False		True	False	False	0.9966354695596259	0.8156666666666667	0.9802706726868946	0.8103333333333333	0.051159714616872715	1.0	7.322751846659637	1.2624450841764798	490224	1909501	711674	31298	0.4424	0.0193	0.8671	0.5901	0.9723	0.5782	92.0
NC_051841.1	28495545	28545686	50141	convergent	LOC106558331	LOC119867969	True	False	False	False	False	False	True	True	False	True	False		False		False	False	False	1.0565734991709619	0.876	1.0385714873870213	0.846	0.055409980626376115	3.0	11.62289617960467	1.7252863268896992	45615	1824982	50974	14937	0.3537	0.0155	0.8587	0.5821	0.328	0.4276	36.2
NC_051841.1	29390284	29459285	69001	convergent	LOC111094442	SCG2	True	False	False	False	False	False	False	True	False	False	False		False		False	False	False	0.9509465121597721	0.7536666666666667	0.9575986471732456	0.7876666666666666	0.04968057600800712	1.0	4.386140672515533	0.5398541911086916	74784	920813	682986	23421	0.4757	0.0193	0.8752	0.6066	0.462	0.4878	61.8
NC_051841.1	29837431	29901354	63923	convergent	LOC111094360	LOC119867910	True	False	False	False	False	False	False	True	False	False	False		False		True	False	False	1.0146440158037944	0.8333333333333334	1.058604787572225	0.8546666666666667	0.05137824943913248	16.0	7.646577701571582	1.2871520480094687	230608	476205	1127594	8749	0.4377	0.0073	0.8664	0.5897	0.8477	0.5498	82.9
NC_051842.1	3541738	3613722	71984	convergent	LOC111094553	LOC111094552	True	True	False	False	False	False	False	True	False	False	False		False		False	False	False	0.8612030686657014	0.6466666666666666	0.9294041314601899	0.7616666666666667	0.04512869756655834	1.0	2.0246338812503106	0.29782739531927843	27730	1654274	807693	8259	0.5876	0.0193	0.8867	0.6079	0.2376	0.4678	53.1
NC_051842.1	6148634	6217613	68979	convergent	LOC119868013	RGS2	True	False	False	False	False	False	True	True	False	False	False		False		False	False	False	1.0094897111028795	0.8293333333333334	0.9643859540700912	0.7933333333333333	0.05363138416098115	45.0	3.1551903599647995	0.4971874218216006	41877	4259667	206527	3338	0.3887	0.0014	0.8801	0.6071	0.3083	0.4371	41.6
NC_051842.1	8585823	8643867	58044	convergent	BRINP3	LOC119868094	True	True	False	False	False	False	False	False	False	False	False		False		False	False	False	0.9285427910226274	0.707	0.9382790170788765	0.7696666666666667	0.04919833044229896	0.0	2.576082755211544	0.4999917665127515	14845	6315788	2220848	127371	0.4875	0.0287	0.8831	0.6071	0.1696	0.4352	40.1
NC_051842.1	16412131	16486695	74564	convergent	LOC111094583	LOC111094562	True	False	False	False	False	False	False	True	False	False	False		False		True	False	False	1.0604692140061776	0.88	1.0444848983963329	0.8496666666666667	0.05515319929428841	33.0	5.6548010880880275	0.7650216187748154	100587	1185280	1085168	8248	0.3587	0.003	0.8713	0.6021	0.5652	0.4801	58.4
NC_051842.1	19592201	19658874	66673	convergent	LOC111094531	NUF2	True	True	False	True	False	False	True	True	False	True	False		False		True	False	False	1.0002748763056029	0.8183333333333334	0.9462939944148063	0.7773333333333333	0.052124098366756744	1.0	9.953830154754757	1.3621306025051578	537	1990822	33337	28573	0.4196	0.0193	0.8617	0.5882	0.0901	0.3958	15.2
NC_051842.1	22834825	22886249	51424	convergent	OR10J2	ACKR1	True	True	False	False	False	False	False	True	False	False	False		False		True	False	False	1.104624372293249	0.912	1.0344548717975617	0.843	0.05699843915721822	1.0	31.630843221336626	4.80490399775551	14463	5225822	339361	326	0.3259	0.0193	0.8305	0.5352	0.1696	0.3761	7.8
NC_051843.1	6868917	6934242	65325	convergent	CLCN4	LOC119868598	True	True	False	False	False	False	False	True	False	False	False		False		True	False	False	1.0638473661658503	0.884	1.037258326248328	0.8456666666666667	0.05606097183645433	17.0	23.084193671266046	3.19335835800958	26579	32754261	3129056	41896	0.3413	0.0069	0.8426	0.5627	0.2325	0.3972	16.5
NC_051843.1	8354252	8409529	55277	convergent	LOC106558419	LOC119868687	True	False	False	False	True	False	False	True	False	False	False		False		False	False	False	0.6586445328692295	0.571	0.7776663803597291	0.676	0.03515789906462437	0.0	1.3951620661765691	0.289070650550383	31890	31273950	1648745	38224	0.8096	0.0287	0.8927	0.6079	0.258	0.5194	74.4
NC_051843.1	10578732	10643009	64277	convergent	LOC480844	FANCB	True	False	False	False	False	False	False	False	False	False	False	34.92	False	5.37718	True	False	False	0.9496972383049418	0.752	0.9644845425287883	0.7936666666666666	0.05041427130128702	0.0	8.041501773247179	1.445039561228029	185870	29044970	528129	73040	0.4588	0.0287	0.8656	0.5866	0.7844	0.5448	81.1
NC_051843.1	15197385	15269910	72525	convergent	LOC119868379	LOC119868161	True	False	False	False	False	False	False	True	False	False	False		False		False	False	False	0.9624001308113738	0.7723333333333333	0.9111472647349039	0.7446666666666667	0.051007873665583785	0.0	5.467926578897297	0.7227915714290403	41353	24422193	1008919	28321	0.4457	0.0287	0.8719	0.6031	0.3082	0.4515	46.2
NC_051843.1	26196588	26269373	72785	convergent	TRNAE-CUC-22	LOC119868188	True	True	False	False	False	False	True	True	False	False	False		False		True	False	False	0.9952198373021458	0.815	0.9835267125209173	0.812	0.0513873405168531	5.0	7.734438147491389	1.2198605088490655	0	13422860	86849	0	0.4376	0.0133	0.8662	0.591	0.0901	0.3997	18.9
NC_051843.1	32334636	32387595	52959	convergent	LOC612281	LOC111094893	True	True	False	False	False	False	False	True	False	False	False		False		False	False	False	0.9451975077511661	0.7386666666666667	0.9116974252104759	0.7446666666666667	0.05044934926231511	1.0	3.2032219455090165	0.46261668088862945	0	7294725	2308525	1090	0.4581	0.0193	0.8799	0.6074	0.0901	0.411	25.2
NC_051843.1	34617972	34669640	51668	convergent	LOC119868190	BCOR	True	False	False	True	True	False	True	False	False	True	False		False		False	True	False	0.7918706116733304	0.6226666666666667	0.30263473775188127	0.35833333333333334	0.041511455609768065	28.0	10.637132697796535	2.9280465115265817	293806	5012034	25834	55596	0.678	0.004	0.8604	0.5664	0.9032	0.6024	97.8
NC_051843.1	35941631	35992808	51177	convergent	LOC111094865	CASK	True	False	False	False	False	False	True	True	False	True	False		False		False	False	False	1.0080275310319549	0.827	1.0130590680122376	0.8283333333333334	0.053231355635954505	24.0	10.635150203440912	1.4024993906792096	257781	3688621	126889	19777	0.396	0.0049	0.8604	0.5874	0.8753	0.5448	81.1
NC_051843.1	50115742	50188659	72917	convergent	LOC119868203	WAS	True	False	False	False	False	False	False	True	False	True	False		False		False	False	False	0.6506624829120584	0.5673333333333334	0.8644773414810499	0.715	0.035203827459548594	1.0	3.2824379749668293	0.36115947296315004	47800	515365	378852	3158	0.8085	0.0193	0.8796	0.6078	0.3378	0.5306	75.9
NC_051843.1	51534278	51599514	65236	convergent	LOC100686592	LOC491922	True	False	False	False	False	True	True	True	False	True	False		False		False	False	False	0.8427561662784644	0.6396666666666667	0.8867237449804941	0.7286666666666667	0.04478039136762322	0.0	6.415811910224731	1.0106969540799224	116896	235549	64235	27025	0.596	0.0287	0.8694	0.5958	0.6195	0.5419	79.8
NC_051843.1	56733328	56786162	52834	convergent	TAF1	LOC100688354	True	False	False	False	False	False	True	True	False	True	False		False		False	False	False	0.9939496891305819	0.813	0.9239657564441365	0.7566666666666667	0.051873784442289156	1.0	6.468575230846843	1.080551015084533	190255	1297688	30677	4260	0.4251	0.0193	0.8692	0.5941	0.7927	0.5401	79.6
NC_051843.1	59813343	59874197	60854	convergent	UPRT	ZDHHC15	True	False	False	False	False	False	False	False	False	False	True	65.2	False	1.28456	False	False	False	0.874727358144806	0.6523333333333333	0.8655169644435246	0.716	0.04757783445902297	0.0	3.1225160175392452	0.5355365106788478	206230	785369	1167700	106185	0.5276	0.0287	0.8803	0.6067	0.8172	0.5721	90.0
NC_051843.1	69851587	69907041	55454	convergent	PABPC5	LOC111094733	True	False	False	False	False	False	False	False	False	False	True	58.91	False	1.59948	False	False	False	0.8614288203578497	0.6466666666666666	0.8502118482589721	0.7086666666666667	0.04674980393233858	0.0	5.803819599196101	0.9021937067636312	54314	1848307	3439600	71652	0.5477	0.0287	0.8709	0.5986	0.3713	0.4835	60.1
NC_051843.1	74667098	74718660	51562	convergent	LOC119868578	LOC119868214	True	False	False	False	False	False	False	True	False	False	False		False		False	False	False	0.8375355696679087	0.638	0.8606328320582708	0.7116666666666667	0.04463085166397786	1.0	3.1014192060125483	0.5036771819065129	57121	1774303	1996432	671	0.5998	0.0193	0.8804	0.607	0.3855	0.4984	67.0
NC_051843.1	77845859	77904191	58332	convergent	BHLHB9	LOC119868603	True	False	False	False	False	True	False	True	False	True	False		False		False	False	False	0.9079446335564112	0.6756666666666666	0.8582542489369709	0.7106666666666667	0.04787114844735713	0.0	4.764550777071043	0.832715396879155	375025	59876	325983	2642	0.5213	0.0287	0.874	0.6004	0.9442	0.5937	96.5
NC_051843.1	79168554	79226339	57785	convergent	FAM199X	ESX1	False	False	False	False	False	False	False	False	False	False	False	43.45	False	3.70414	False	False	False	0.926920686597858	0.7036666666666667	0.9568197411457698	0.7866666666666666	0.04864948160714499	20.0	5.602246153082985	0.8299664304501188	47446	1382297	893307	56310	0.5012	0.0059	0.8715	0.6004	0.3378	0.4634	51.6
NC_051843.1	82817447	82882230	64783	convergent	PRPS1	TSC22D3	True	False	True	False	False	False	False	True	False	False	False		False		True	False	False	1.4700801465184872	0.99	1.802432558131218	0.939	0.07868158372638628	67.0	6.568696057306849	1.4215672526577716	99838	2070815	423761	32133	0.1202	0.0001	0.869	0.5871	0.5616	0.4276	36.2
NC_051843.1	90957857	91025361	67504	convergent	LOC119868706	LOC111094871	True	False	False	False	False	False	False	True	False	False	False		False		False	False	False	0.9258234929047631	0.7013333333333334	0.9350004210154215	0.7666666666666667	0.04939705097736308	1.0	3.837303456676065	0.6354155267854152	191609	1720629	2667534	40827	0.4824	0.0193	0.8773	0.605	0.7943	0.5557	84.8
NC_051843.1	97127995	97179954	51959	convergent	XIAP	LOC119868511	True	False	False	False	False	False	True	True	False	True	False		False		False	False	False	0.7932898583115412	0.6226666666666667	0.761581011168162	0.6686666666666666	0.041585638453993816	0.0	6.245860340620819	1.1628878893395185	196026	1184266	26561	581	0.6758	0.0287	0.8698	0.5923	0.8023	0.5938	97.0
NC_051843.1	99485997	99542726	56729	convergent	LOC492115	LOC609540	True	False	False	False	False	False	False	True	False	False	False		False		False	False	False	0.8838793179645172	0.6553333333333333	0.879902655172348	0.7233333333333334	0.04809988176496177	0.0	1.8427869607048069	0.37892440759948853	135639	1176099	2197273	2086	0.5159	0.0287	0.8881	0.6078	0.6759	0.5433	80.5
NC_051843.1	104147730	104215864	68134	convergent	LOC119868710	IGSF1	False	False	False	False	False	False	False	False	False	False	False	32.96	False	5.8894	False	False	False	0.9619583052651811	0.7713333333333333	0.9502239482879639	0.781	0.05036307872683088	1.0	2.164745790679008	0.49992706409424165	206797	2573615	1585209	63646	0.46	0.0193	0.8857	0.6071	0.8172	0.5578	85.7
NC_051843.1	105250253	105306545	56292	convergent	LOC119868568	LOC111094836	True	True	False	False	False	False	False	True	False	False	False		False		True	False	False	0.9389374455126778	0.727	0.9637247644662857	0.793	0.048861417466651805	2.0	3.8152665918644812	0.5639158792406331	3399	1477013	894256	19259	0.4956	0.017	0.8774	0.6063	0.1074	0.4207	32.5
NC_051843.1	105886803	105957615	70812	convergent	LOC111094882	GPC4	True	False	False	False	False	False	True	False	False	False	False		False		False	False	False	1.0146244453224282	0.8333333333333334	0.9890197240749996	0.8143333333333334	0.05105795596614131	1.0	6.123069367556628	0.9792371182495545	77791	833203	250446	70703	0.4445	0.0193	0.8701	0.5966	0.4747	0.4811	58.6
NC_051843.1	116212579	116266672	54093	convergent	LOC100686375	LOC100856426	True	False	False	False	False	False	False	True	False	False	False		False		False	False	False	0.929002713400178	0.709	0.9430889794031778	0.775	0.04909152721907883	1.0	3.208189490447765	0.4680622160400249	35375	484047	3891650	11813	0.49	0.0193	0.8799	0.6074	0.2784	0.455	47.9
NC_051843.1	122201824	122251894	50070	convergent	LOC100686136	LOC492221	True	False	False	False	False	True	False	True	False	False	False		False		False	False	False	0.9284999203470844	0.707	0.9055268280227979	0.7406666666666667	0.049110039270842384	1.0	5.706005913309377	1.1083591050718764	201859	79580	845055	10867	0.4897	0.0193	0.8712	0.5935	0.8101	0.5567	85.2
NC_051843.1	122735338	122788464	53126	convergent	LOC612447	LOC119868662	True	False	False	False	False	True	False	True	False	False	False		False		False	False	False	0.9227061701658047	0.6983333333333334	0.9244758547782898	0.7573333333333333	0.04933916562079761	1.0	3.3395527269221277	0.5860971220445882	38099	134285	1380097	6074	0.4842	0.0193	0.8793	0.6059	0.2935	0.4564	48.6
NC_051843.1	122883327	122939331	56004	convergent	LOC119868539	CETN2	True	False	False	False	False	True	False	True	False	False	False		False		True	False	False	1.010571753856974	0.83	0.917574335416158	0.7493333333333333	0.05300397941220463	8.0	9.196702766090116	1.5601465967228216	61329	283713	1529525	5469	0.4012	0.0111	0.8631	0.5847	0.4042	0.4528	47.3
