genes	chrom	start	end	window_bp	atac_mean	atac_observed_fraction	atac_length_matched_percentile	atac_peak_frequency_max	rrbs_observed_fraction	rrbs_mean_observed	rrbs_dogs_max	repeat_overlap_bp	phylop_scored_fraction	phylop_mean_observed	phylop_max_observed	atac-peaks-bed_overlap_bp	external-regulatory-bed_overlap_bp	tad-boundaries-bed_overlap_bp	cpg_overlap_bp	epic_nonquiescent_bp_union	epic_promoter_enhancer_bp_union	epic_regulatory_tissues	local_review_status	selected_1kb_previously	small_variant_review	small_variant_PASS_SNP_records	small_variant_PASS_nonSNP_records	SV_review	conservation_status	T_cell_accessibility_status	CAR_T_functional_safety_status	decision_status	previous_atac_mean	previous_atac_length_matched_percentile	gate_evidence_dogs_min	gate_evidence_dogs_median	gate_evidence_dogs_max	exploratory_Pareto_front
LOC119876429/LOC119872513	NC_051811.1	17217706	17218206	500	1.0953653736114501	1.0	74.60424385314921	0.0	0.3	69.93357340494792	8.0	490	1.0	0.458904	6.072	0	0	0	0	269	269	MG	regulatory_annotation_present	False	not_assessed			not_assessed	pilot_only	not_validated	not_validated	regulatory_conflict_requires_resolution	1.0859898864030837	73.4	18	24.0	31	False
LOC119876429/LOC119872513	NC_051811.1	17217956	17218456	500	1.095165853857994	1.0	74.53688110474907	0.0	0.188	80.37225650219207	8.0	317	1.0	0.243984	4.498	0	0	0	0	381	381	MG	regulatory_annotation_present	False	not_assessed			not_assessed	pilot_only	not_validated	not_validated	regulatory_conflict_requires_resolution	1.0857903746366502	73.33333333333333	18	25.0	33	False
LOC119876429/LOC119872513	NC_051811.1	17218206	17218706	500	0.9484005728960038	1.0	35.80330077467161	0.0	0.1	100.0	2.0	284	1.0	0.18498399999999998	3.519	0	0	0	0	131	131	MG	regulatory_annotation_present	False	not_assessed			not_assessed	pilot_only	not_validated	not_validated	regulatory_conflict_requires_resolution	0.9484069548845291	36.96666666666666	16	23.0	34	False
LOC119876429/LOC119872513	NC_051811.1	17218456	17218956	500	0.9289203321933747	1.0	30.346918154260692	0.0	0.1	100.0	2.0	222	0.998	0.19268537074148298	3.702	0	0	0	0	0	0		no_promoter_enhancer_in_queried_epic_tissues	False	not_assessed			not_assessed	pilot_only	not_validated	not_validated	insufficient_evidence_for_safe_harbor	0.9289265722036362	31.7	9	17.0	34	False
LOC119876429/LOC119872513	NC_051811.1	17218706	17219206	500	0.9428922603130341	1.0	34.79285954866958	0.0	0.0		0.0	215	0.998	0.08942484969939879	4.221	0	0	0	0	0	0		no_promoter_enhancer_in_queried_epic_tissues	False	not_assessed			not_assessed	pilot_only	not_validated	not_validated	insufficient_evidence_for_safe_harbor	0.9428986173868179	36.0	9	19.0	30	False
LOC119876429/LOC119872513	NC_051811.1	17218956	17219456	500	1.0435097209215165	1.0	63.55675311552711	0.0	0.0		0.0	210	1.0	0.04356800000000001	4.221	0	0	0	0	0	0		no_promoter_enhancer_in_queried_epic_tissues	False	not_assessed			not_assessed	pilot_only	not_validated	not_validated	insufficient_evidence_for_safe_harbor	1.0422170683145524	63.866666666666674	17	25.0	31	False
LOC119876429/LOC119872513	NC_051811.1	17219206	17219706	500	1.0536802833080292	1.0	66.2512630515325	0.0	0.0		0.0	0	1.0	0.096078	3.773	0	0	0	0	0	0		no_promoter_enhancer_in_queried_epic_tissues	False	not_assessed			not_assessed	pilot_only	not_validated	not_validated	insufficient_evidence_for_safe_harbor	1.0344111627340318	61.23333333333333	18	24.5	31	False
LOC119876429/LOC119872513	NC_051811.1	17219456	17219956	500	1.00766830766201	1.0	53.45234085550691	0.0	0.0		0.0	52	1.0	0.29963999999999996	6.757	0	0	0	0	0	0		no_promoter_enhancer_in_queried_epic_tissues	False	not_assessed			not_assessed	pilot_only	not_validated	not_validated	insufficient_evidence_for_safe_harbor	0.9896503002643585	48.93333333333334	18	24.5	31	False
LOC119876429/LOC119872513	NC_051811.1	17219706	17220206	500	1.0067438415288925	1.0	53.18288986190637	0.0	0.0		0.0	302	1.0	0.38798	6.757	0	0	0	0	0	0		no_promoter_enhancer_in_queried_epic_tissues	False	not_assessed			not_assessed	pilot_only	not_validated	not_validated	insufficient_evidence_for_safe_harbor	1.0067023491859437	53.900000000000006	13	26.0	33	False
LOC119876429/LOC119872513	NC_051811.1	17219956	17220456	500	1.0716443829536437	1.0	70.15830245874032	0.0	0.1	100.0	1.0	260	1.0	0.350736	4.186	0	0	0	0	0	0		no_promoter_enhancer_in_queried_epic_tissues	False	not_assessed			not_assessed	pilot_only	not_validated	not_validated	insufficient_evidence_for_safe_harbor	1.0716515754461289	70.66666666666667	13	24.5	33	False
LOC119876429/LOC119872513	NC_051811.1	17220206	17220706	500	1.0353515837192535	1.0	61.06433142472213	0.0	0.1	100.0	1.0	10	1.0	0.17087000000000002	4.186	0	0	0	0	0	0		no_promoter_enhancer_in_queried_epic_tissues	False	not_assessed			not_assessed	pilot_only	not_validated	not_validated	insufficient_evidence_for_safe_harbor	1.0353585385084152	61.73333333333333	4	21.0	30	False
LOC119876429/LOC119872513	NC_051811.1	17220456	17220956	500	0.9267471503019333	1.0	29.57224654765914	0.0	0.0		0.0	88	1.0	0.110566	4.886	0	0	0	0	22	22	MG	regulatory_annotation_present	False	not_assessed			not_assessed	pilot_only	not_validated	not_validated	regulatory_conflict_requires_resolution	0.9262847453355789	30.966666666666665	4	13.5	29	False
LOC119876429/LOC119872513	NC_051811.1	17220706	17221206	500	1.0700187056064605	1.0	69.78780734253958	0.0	0.0		0.0	95	1.0	0.276706	4.886	0	0	0	0	272	272	MG;SP	regulatory_annotation_present	False	not_assessed			not_assessed	pilot_only	not_validated	not_validated	regulatory_conflict_requires_resolution	1.0661750355958939	69.3	4	19.0	33	False
LOC119876429/LOC119872513	NC_051811.1	17220956	17221456	500	1.2087814502716066	1.0	87.63893566857529	0.0	0.0		0.0	11	1.0	0.155742	3.961	0	0	0	0	500	500	MG;SP	regulatory_annotation_present	False	not_assessed			not_assessed	pilot_only	not_validated	not_validated	regulatory_conflict_requires_resolution	1.2054073649644852	87.5	15	26.5	33	False
LOC119876429/LOC119872513	NC_051811.1	17221206	17221706	500	1.0630409053564072	1.0	68.17110138093634	0.0	0.0		0.0	143	1.0	0.11426399999999999	3.961	0	0	0	0	328	328	MG;SP	regulatory_annotation_present	False	not_assessed			not_assessed	pilot_only	not_validated	not_validated	regulatory_conflict_requires_resolution	1.0630480818748473	68.66666666666667	12	23.0	34	False
LOC119876429/LOC119872513	NC_051811.1	17221456	17221956	500	0.9531434763669968	1.0	37.083192994274164	0.0	0.0		0.0	249	1.0	0.277376	5.105	0	0	0	0	78	78	MG;SP	regulatory_annotation_present	False	not_assessed			not_assessed	pilot_only	not_validated	not_validated	regulatory_conflict_requires_resolution	0.9536152728796006	38.266666666666666	11	21.0	34	False
LOC119876429/LOC119872513	NC_051811.1	17221706	17222206	500	0.9082849254608154	1.0	24.0485011788481	0.0	0.0		0.0	312	1.0	0.510118	5.322	0	0	0	0	0	0		no_promoter_enhancer_in_queried_epic_tissues	False	not_assessed			not_assessed	pilot_only	not_validated	not_validated	insufficient_evidence_for_safe_harbor	0.9053292558193207	24.633333333333333	11	22.0	31	False
LOC119876429/LOC119872513	NC_051811.1	17221956	17222456	500	0.8831548672914505	1.0	17.413270461434827	0.0	0.0		0.0	243	1.0	0.6097400000000001	5.322	0	0	0	0	0	0		no_promoter_enhancer_in_queried_epic_tissues	False	not_assessed			not_assessed	pilot_only	not_validated	not_validated	insufficient_evidence_for_safe_harbor	0.8798012138605118	18.3	13	20.0	31	False
LOC119876429/LOC119872513	NC_051811.1	17222206	17222706	500	0.9431923398971558	1.0	34.89390367126979	0.0	0.0		0.0	41	1.0	0.410464	4.723	0	0	0	0	0	0		no_promoter_enhancer_in_queried_epic_tissues	False	not_assessed			not_assessed	pilot_only	not_validated	not_validated	insufficient_evidence_for_safe_harbor	0.9432662471532821	36.13333333333333	12	17.0	26	False
LOC119876429/LOC119872513	NC_051811.1	17222456	17222956	500	0.9687905492782592	1.0	41.19232064668238	0.0	0.0		0.0	169	1.0	0.30297	3.716	0	0	0	0	0	0		no_promoter_enhancer_in_queried_epic_tissues	False	not_assessed			not_assessed	pilot_only	not_validated	not_validated	insufficient_evidence_for_safe_harbor	0.9690298012495041	42.233333333333334	12	18.0	26	False
LOC119876429/LOC119872513	NC_051811.1	17222706	17223206	500	1.0771165759563446	1.0	71.40451330414281	0.0	0.212	77.75177145903965	6.0	169	1.0	0.754158	6.122	0	0	0	0	0	0		no_promoter_enhancer_in_queried_epic_tissues	False	not_assessed			not_assessed	pilot_only	not_validated	not_validated	insufficient_evidence_for_safe_harbor	1.0807690200805664	72.46666666666667	13	24.0	33	False
LOC119876429/LOC119872513	NC_051811.1	17222956	17223456	500	1.1373099519014358	1.0	80.09430784776019	0.0	0.5	83.69652709960937	6.0	0	1.0	0.82246	6.936	0	0	0	0	0	0		no_promoter_enhancer_in_queried_epic_tissues	False	not_assessed			not_assessed	pilot_only	not_validated	not_validated	insufficient_evidence_for_safe_harbor	1.1407300807237626	81.03333333333333	17	25.0	33	False
LOC119876429/LOC119872513	NC_051811.1	17223206	17223706	500	1.0427737876176835	1.0	63.38834624452677	0.0	0.388	78.26002061981515	4.0	0	0.99	0.3013393939393939	6.936	0	0	0	147	0	0		no_promoter_enhancer_in_queried_epic_tissues	False	not_assessed			not_assessed	pilot_only	not_validated	not_validated	insufficient_evidence_for_safe_harbor	1.042780810713768	64.06666666666668	14	23.5	30	False
LOC119876429/LOC119872513	NC_051811.1	17223456	17223956	500	1.038693299293518	1.0	62.041091276524085	0.0	0.1	50.0	1.0	245	0.99	0.0408909090909091	4.736	0	0	0	219	0	0		no_promoter_enhancer_in_queried_epic_tissues	False	not_assessed			not_assessed	pilot_only	not_validated	not_validated	insufficient_evidence_for_safe_harbor	1.0387003079652786	62.73333333333333	14	25.5	33	False
LOC119876429/LOC119872513	NC_051811.1	17223706	17224206	500	1.1908064652681352	1.0	86.15695520377231	0.0	0.0		0.0	477	1.0	0.200286	5.207	0	0	0	72	67	0		no_promoter_enhancer_in_queried_epic_tissues	False	not_assessed			not_assessed	pilot_only	not_validated	not_validated	insufficient_evidence_for_safe_harbor	1.1903612537384034	86.33333333333333	19	27.0	34	False
LOC119876429/LOC119872513	NC_051811.1	17223956	17224456	500	1.2403321760892867	1.0	89.69349949477939	0.0	0.0		0.0	435	1.0	0.28258799999999995	5.207	0	0	0	0	317	0		no_promoter_enhancer_in_queried_epic_tissues	False	not_assessed			not_assessed	pilot_only	not_validated	not_validated	insufficient_evidence_for_safe_harbor	1.2296512138843536	89.33333333333333	16	26.5	34	False
LOC119876429/LOC119872513	NC_051811.1	17224206	17224706	500	1.110245727777481	1.0	76.75985180195352	0.0	0.0		0.0	422	1.0	0.220938	3.73	0	0	0	0	500	0		no_promoter_enhancer_in_queried_epic_tissues	False	not_assessed			not_assessed	pilot_only	not_validated	not_validated	insufficient_evidence_for_safe_harbor	1.0996516110897063	75.63333333333333	16	23.0	31	False
LOC119876429/LOC119872513	NC_051811.1	17224456	17224956	500	1.0001995236873626	1.0	50.757830919501515	0.0	0.0		0.0	219	0.998	0.38356913827655315	4.424	0	0	0	0	283	0		no_promoter_enhancer_in_queried_epic_tissues	False	not_assessed			not_assessed	pilot_only	not_validated	not_validated	insufficient_evidence_for_safe_harbor	1.0000780363082886	51.63333333333333	11	18.5	30	False
LOC119876429/LOC119872513	NC_051811.1	17224706	17225206	500	1.0673651329278946	1.0	69.2489053553385	0.0	0.0		0.0	72	0.998	0.5947695390781562	8.368	0	0	0	0	33	0		no_promoter_enhancer_in_queried_epic_tissues	False	not_assessed			not_assessed	pilot_only	not_validated	not_validated	insufficient_evidence_for_safe_harbor	1.0598469997644424	68.10000000000001	11	21.0	33	False
LOC119876429/LOC119872513	NC_051811.1	17224956	17225456	500	1.1002257256507872	1.0	75.37891545975076	0.0	0.1	100.0	1.0	289	1.0	1.115664	8.368	0	0	0	0	0	0		no_promoter_enhancer_in_queried_epic_tissues	False	not_assessed			not_assessed	pilot_only	not_validated	not_validated	insufficient_evidence_for_safe_harbor	1.0924705101251602	74.4	9	22.5	33	False
LOC119876429/LOC119872513	NC_051811.1	17225206	17225706	500	1.017642188668251	1.0	56.07948804311216	0.0	0.1	100.0	1.0	370	1.0	0.85683	8.354	0	0	0	0	0	0		no_promoter_enhancer_in_queried_epic_tissues	False	not_assessed			not_assessed	pilot_only	not_validated	not_validated	insufficient_evidence_for_safe_harbor	1.0176490389108659	56.8	9	18.5	31	False
LOC119876429/LOC119872513	NC_051811.1	17225456	17225956	500	1.014698656797409	1.0	55.03536544291007	0.0	0.0		0.0	403	1.0	0.15712399999999999	3.685	0	0	0	0	0	0		no_promoter_enhancer_in_queried_epic_tissues	False	not_assessed			not_assessed	pilot_only	not_validated	not_validated	insufficient_evidence_for_safe_harbor	1.0097211579084395	54.56666666666666	11	23.0	33	False
LOC119876429/LOC119872513	NC_051811.1	17225706	17226206	500	1.0673998939990996	1.0	69.2489053553385	0.0	0.0		0.0	500	1.0	0.137036	3.277	0	0	0	0	0	0		no_promoter_enhancer_in_queried_epic_tissues	False	not_assessed			not_assessed	pilot_only	not_validated	not_validated	insufficient_evidence_for_safe_harbor	1.0570566818714142	67.46666666666667	12	19.0	33	False
LOC119876429/LOC119872513	NC_051811.1	17225956	17226456	500	1.0751680692434311	1.0	71.16874368474234	0.0	0.0		0.0	500	1.0	0.195772	2.923	0	0	0	0	0	0		no_promoter_enhancer_in_queried_epic_tissues	False	not_assessed			not_assessed	pilot_only	not_validated	not_validated	insufficient_evidence_for_safe_harbor	1.0661138827800751	69.3	11	17.0	24	False
LOC119876429/LOC119872513	NC_051811.1	17226206	17226706	500	0.9553427090644836	1.0	37.72313910407545	0.0	0.0		0.0	492	0.998	0.2036432865731463	4.421	0	0	0	0	0	0		no_promoter_enhancer_in_queried_epic_tissues	False	not_assessed			not_assessed	pilot_only	not_validated	not_validated	insufficient_evidence_for_safe_harbor	0.951653810620308	37.666666666666664	8	15.0	22	False
LOC119876429/LOC119872513	NC_051811.1	17226456	17226956	500	0.893236841082573	1.0	19.70360390703941	0.0	0.0		0.0	270	0.998	0.15677755511022043	4.421	0	0	0	0	0	0		no_promoter_enhancer_in_queried_epic_tissues	False	not_assessed			not_assessed	pilot_only	not_validated	not_validated	insufficient_evidence_for_safe_harbor	0.8932428888082504	21.366666666666667	8	18.0	25	False
LOC119876429/LOC119872513	NC_051811.1	17226706	17227206	500	0.8905949242115021	1.0	19.26574604243853	0.0	0.0		0.0	278	1.0	0.16898399999999997	3.688	0	0	0	0	0	0		no_promoter_enhancer_in_queried_epic_tissues	False	not_assessed			not_assessed	pilot_only	not_validated	not_validated	insufficient_evidence_for_safe_harbor	0.8874215377569199	20.133333333333333	13	18.5	25	False
LOC119876429/LOC119872513	NC_051811.1	17226956	17227456	500	0.9313077440261841	1.0	30.88582014146177	0.0	0.0		0.0	365	1.0	0.201026	3.688	0	0	0	0	0	0		no_promoter_enhancer_in_queried_epic_tissues	False	not_assessed			not_assessed	pilot_only	not_validated	not_validated	insufficient_evidence_for_safe_harbor	0.9281346287727356	31.333333333333336	15	18.0	33	False
LOC119876429/LOC119872513	NC_051811.1	17227206	17227706	500	1.0080013564825059	1.0	53.51970360390704	0.0	0.0		0.0	193	1.0	0.13619	3.434	0	0	0	0	0	0		no_promoter_enhancer_in_queried_epic_tissues	False	not_assessed			not_assessed	pilot_only	not_validated	not_validated	insufficient_evidence_for_safe_harbor	1.008008156657219	54.233333333333334	5	20.0	33	False
LOC119876429/LOC119872513	NC_051811.1	17227456	17227956	500	0.9308677576780319	1.0	30.78477601886157	0.0	0.0		0.0	241	1.0	0.223606	4.293	0	0	0	0	0	0		no_promoter_enhancer_in_queried_epic_tissues	False	not_assessed			not_assessed	pilot_only	not_validated	not_validated	insufficient_evidence_for_safe_harbor	0.9301083688735962	31.933333333333337	5	17.0	33	False
LOC119876429/LOC119872513	NC_051811.1	17227706	17228206	500	0.8779865128993988	1.0	16.23442236443247	0.0	0.0		0.0	196	1.0	0.399344	4.293	0	0	0	0	0	0		no_promoter_enhancer_in_queried_epic_tissues	False	not_assessed			not_assessed	pilot_only	not_validated	not_validated	insufficient_evidence_for_safe_harbor	0.8723377896547317	16.7	5	17.5	26	False
LOC119876429/LOC119872513	NC_051811.1	17227956	17228456	500	0.9879541927576065	1.0	47.69282586729538	0.0	0.1	100.0	1.0	281	1.0	0.24873200000000004	5.055	0	0	0	0	0	0		no_promoter_enhancer_in_queried_epic_tissues	False	not_assessed			not_assessed	pilot_only	not_validated	not_validated	insufficient_evidence_for_safe_harbor	0.9830718867778778	46.766666666666666	10	18.0	26	False
LOC119876429/LOC119872513	NC_051811.1	17228206	17228706	500	1.0551881539821624	1.0	66.52071404513305	0.0	0.1	100.0	1.0	412	1.0	0.12603799999999998	5.055	0	0	0	0	0	0		no_promoter_enhancer_in_queried_epic_tissues	False	not_assessed			not_assessed	pilot_only	not_validated	not_validated	insufficient_evidence_for_safe_harbor	1.055195266366005	67.03333333333333	10	19.5	24	False
LOC119876429/LOC119872513	NC_051811.1	17228456	17228956	500	1.1061828867197037	1.0	76.1535870663523	0.0	0.0		0.0	334	1.0	0.13017399999999998	3.883	0	0	0	0	0	0		no_promoter_enhancer_in_queried_epic_tissues	False	not_assessed			not_assessed	pilot_only	not_validated	not_validated	insufficient_evidence_for_safe_harbor	1.1061903412342071	76.5	14	20.0	27	False
LOC119876429/LOC119872513	NC_051811.1	17228706	17229206	500	1.1559630163908006	1.0	82.82249915796565	0.0	0.112	82.75143023899624	5.0	203	1.0	0.135216	3.883	0	0	0	0	0	0		no_promoter_enhancer_in_queried_epic_tissues	False	not_assessed			not_assessed	pilot_only	not_validated	not_validated	insufficient_evidence_for_safe_harbor	1.144408613204956	81.53333333333333	15	21.5	32	False
LOC119876429/LOC119872513	NC_051811.1	17228956	17229456	500	1.1009874312877654	1.0	75.4462782081509	0.0	0.2	79.20431137084961	5.0	33	1.0	0.12163800000000001	3.524	0	0	0	0	0	0		no_promoter_enhancer_in_queried_epic_tissues	False	not_assessed			not_assessed	pilot_only	not_validated	not_validated	insufficient_evidence_for_safe_harbor	1.0894326570034027	73.73333333333333	15	22.0	32	False
LOC119876429/LOC119872513	NC_051811.1	17229206	17229706	500	1.0235988047122955	1.0	57.39306163691479	0.0	0.088	74.6897964477539	2.0	0	1.0	0.36737000000000003	4.875	0	0	0	0	0	0		no_promoter_enhancer_in_queried_epic_tissues	False	not_assessed			not_assessed	pilot_only	not_validated	not_validated	insufficient_evidence_for_safe_harbor	1.02360571205616	58.06666666666666	15	21.0	28	False
LOC119876429/LOC119872513	NC_051811.1	17229456	17229956	500	0.9873832927942277	1.0	47.35601212529471	0.0	0.0		0.0	0	1.0	0.5793140000000001	5.559	0	0	0	0	0	0		no_promoter_enhancer_in_queried_epic_tissues	False	not_assessed			not_assessed	pilot_only	not_validated	not_validated	insufficient_evidence_for_safe_harbor	0.9873899528980256	48.3	16	21.0	28	False
LOC119876429/LOC119872513	NC_051811.1	17229706	17230206	500	1.0261218855381011	1.0	58.268777366116545	0.0	0.0		0.0	27	0.998	0.4368016032064128	5.559	0	0	0	0	0	0		no_promoter_enhancer_in_queried_epic_tissues	False	not_assessed			not_assessed	pilot_only	not_validated	not_validated	insufficient_evidence_for_safe_harbor	1.0254710465669632	58.733333333333334	14	22.0	32	False
LOC119876429/LOC119872513	NC_051811.1	17229956	17230456	500	1.043357583642006	1.0	63.523071741327044	0.0	0.0		0.0	127	0.998	0.3206192384769539	4.706	0	0	0	0	0	0		no_promoter_enhancer_in_queried_epic_tissues	False	not_assessed			not_assessed	pilot_only	not_validated	not_validated	insufficient_evidence_for_safe_harbor	1.0362563750743865	61.86666666666667	13	21.0	32	False
LOC119876429/LOC119872513	NC_051811.1	17230206	17230706	500	1.0326652367115021	1.0	60.22229706972044	0.0	0.212	84.15908856661815	70.0	100	1.0	0.225622	4.131	0	0	0	0	0	0		no_promoter_enhancer_in_queried_epic_tissues	False	not_assessed			not_assessed	pilot_only	not_validated	not_validated	insufficient_evidence_for_safe_harbor	1.0262216956615449	58.96666666666667	13	22.0	32	False
LOC119876429/LOC119872513	NC_051811.1	17230456	17230956	500	1.0478881895542145	1.0	64.19669922532839	0.0	0.4	87.72701835632324	70.0	0	1.0	1.210158	10.628	0	0	0	0	0	0		no_promoter_enhancer_in_queried_epic_tissues	False	not_assessed			not_assessed	pilot_only	not_validated	not_validated	insufficient_evidence_for_safe_harbor	1.0500030214786529	65.33333333333333	10	21.0	32	False
LOC119876429/LOC119872513	NC_051811.1	17230706	17231206	500	1.1009396479129792	1.0	75.4462782081509	0.0	0.4	93.97220397949219	67.0	0	1.0	1.7898600000000002	10.784	0	0	0	0	0	0		no_promoter_enhancer_in_queried_epic_tissues	False	not_assessed			not_assessed	pilot_only	not_validated	not_validated	insufficient_evidence_for_safe_harbor	1.1060038416385651	76.46666666666667	10	19.0	27	False
LOC119876429/LOC119872513	NC_051811.1	17230956	17231456	500	1.0488734794855117	1.0	64.36510609632873	0.0	0.3	97.13267008463542	11.0	143	1.0	0.8286760000000001	10.784	0	0	0	0	116	116	CL	regulatory_annotation_present	False	not_assessed			not_assessed	pilot_only	not_validated	not_validated	regulatory_conflict_requires_resolution	1.0518295377492906	66.03333333333333	4	19.0	27	False
LOC119876429/LOC119872513	NC_051811.1	17231206	17231706	500	1.0555874435901642	1.0	66.52071404513305	0.0	0.088	100.0	1.0	217	1.0	0.215462	5.455	0	0	0	0	366	366	CL	regulatory_annotation_present	False	not_assessed			not_assessed	pilot_only	not_validated	not_validated	regulatory_conflict_requires_resolution	1.0493777140378953	65.10000000000001	4	20.0	31	False
LOC119876429/LOC119872513	NC_051811.1	17231456	17231956	500	1.177231942176819	1.0	84.87706298416975	0.0	0.0		0.0	74	1.0	0.263884	5.455	0	0	0	0	500	500	CL	regulatory_annotation_present	False	not_assessed			not_assessed	pilot_only	not_validated	not_validated	regulatory_conflict_requires_resolution	1.1710230255126952	84.7	17	24.0	31	False
LOC119876429/LOC119872513	NC_051811.1	17231706	17232206	500	1.0465007549524308	1.0	63.960929605927916	0.0	0.1	61.808902740478516	4.0	0	1.0	0.389184	4.823	0	0	0	0	500	500	CL	regulatory_annotation_present	False	not_assessed			not_assessed	pilot_only	not_validated	not_validated	regulatory_conflict_requires_resolution	1.046507791519165	64.60000000000001	7	22.0	31	False
LOC119876429/LOC119872513	NC_051811.1	17231956	17232456	500	0.9610835433006286	1.0	39.07039407207814	0.0	0.1	61.808902740478516	4.0	0	1.0	0.14956999999999995	4.076	0	0	0	0	500	500	CL	regulatory_annotation_present	False	not_assessed			not_assessed	pilot_only	not_validated	not_validated	regulatory_conflict_requires_resolution	0.9610899955034256	40.06666666666667	7	16.0	31	False
LOC119876429/LOC119872513	NC_051811.1	17232206	17232706	500	1.0149836525917053	1.0	55.1027281913102	0.0	0.0		0.0	157	1.0	0.11794599999999998	4.129	0	0	0	0	500	500	CL	regulatory_annotation_present	False	not_assessed			not_assessed	pilot_only	not_validated	not_validated	regulatory_conflict_requires_resolution	1.0149904705286026	55.833333333333336	9	21.0	28	False
LOC119876429/LOC119872513	NC_051811.1	17232456	17232956	500	0.9842784334421157	1.0	46.109801279892224	0.0	0.2	100.0	1.0	157	1.0	0.558668	4.671	0	0	0	0	500	500	CL	regulatory_annotation_present	False	not_assessed			not_assessed	pilot_only	not_validated	not_validated	regulatory_conflict_requires_resolution	0.9842850620746613	47.16666666666667	17	23.0	32	False
LOC119876429/LOC119872513	NC_051811.1	17232706	17233206	500	1.0451497653722763	1.0	63.79252273492758	0.0	0.2	100.0	1.0	0	1.0	0.48030600000000007	4.671	0	0	0	0	500	500	CL	regulatory_annotation_present	False	not_assessed			not_assessed	pilot_only	not_validated	not_validated	regulatory_conflict_requires_resolution	1.0451568105220794	64.43333333333334	14	26.0	35	False
LOC119876429/LOC119872513	NC_051811.1	17232956	17233456	500	1.103767364025116	1.0	75.7494105759515	0.0	0.0		0.0	0	1.0	0.24580600000000002	5.746	0	0	0	0	500	500	CL	regulatory_annotation_present	False	not_assessed			not_assessed	pilot_only	not_validated	not_validated	regulatory_conflict_requires_resolution	1.1037747936248778	76.1	14	19.0	35	False
LOC119876429/LOC119872513	NC_051811.1	17233206	17233706	500	1.0581238088607787	1.0	67.26170427753453	0.0	0.0		0.0	0	1.0	0.26926	5.746	0	0	0	0	500	500	CL	regulatory_annotation_present	False	not_assessed			not_assessed	pilot_only	not_validated	not_validated	regulatory_conflict_requires_resolution	1.0573665193319322	67.53333333333333	14	19.0	27	False
LOC119876429/LOC119872513	NC_051811.1	17233456	17233956	500	1.1344154818058014	1.0	79.82485685415965	0.0	0.0		0.0	0	1.0	0.09615800000000001	3.603	0	0	0	0	500	500	CL;MG	regulatory_annotation_present	False	not_assessed			not_assessed	pilot_only	not_validated	not_validated	regulatory_conflict_requires_resolution	1.135832923054695	80.23333333333333	15	22.0	31	False
LOC119876429/LOC119872513	NC_051811.1	17233706	17234206	500	1.2135495755672454	1.0	87.94206803637589	0.0	0.0		0.0	34	1.0	-0.06404400000000002	3.63	0	0	0	0	500	500	CL;MG	regulatory_annotation_present	False	not_assessed			not_assessed	pilot_only	not_validated	not_validated	regulatory_conflict_requires_resolution	1.2137343044281006	88.13333333333333	21	26.0	31	False
LOC119876429/LOC119872513	NC_051811.1	17233956	17234456	500	1.2628619928359985	1.0	91.10811721118222	0.0	0.0		0.0	34	1.0	-0.04477000000000002	3.63	0	0	0	0	500	500	CL;MG	regulatory_annotation_present	False	not_assessed			not_assessed	pilot_only	not_validated	not_validated	regulatory_conflict_requires_resolution	1.2636916000843048	91.23333333333333	13	27.5	39	False
LOC119876429/LOC119872513	NC_051811.1	17234206	17234706	500	1.201111312866211	1.0	86.83058268777366	0.0	0.0		0.0	0	1.0	0.099174	3.982	0	0	0	0	483	483	CL;MG	regulatory_annotation_present	False	not_assessed			not_assessed	pilot_only	not_validated	not_validated	regulatory_conflict_requires_resolution	1.2021179738044738	87.23333333333333	13	27.0	39	False
LOC119876429/LOC119872513	NC_051811.1	17234456	17234956	500	1.1472806990146638	1.0	81.71101380936342	0.0	0.0		0.0	196	1.0	0.184044	6.154	0	0	0	0	233	233	CL;MG	regulatory_annotation_present	False	not_assessed			not_assessed	pilot_only	not_validated	not_validated	regulatory_conflict_requires_resolution	1.1443978344202042	81.53333333333333	17	29.0	39	False
LOC119876429/LOC119872513	NC_051811.1	17234706	17235206	500	1.2307662198543547	1.0	89.22196025597844	0.0	0.0		0.0	295	1.0	0.208634	6.154	0	0	0	0	0	0		no_promoter_enhancer_in_queried_epic_tissues	False	not_assessed			not_assessed	pilot_only	not_validated	not_validated	insufficient_evidence_for_safe_harbor	1.2297041000127793	89.33333333333333	17	30.0	39	False
LOC119876429/LOC119872513	NC_051811.1	17234956	17235456	500	1.2144937517642975	1.0	88.04311215897609	0.0	0.0		0.0	99	1.0	0.20583	4.899	0	0	0	0	0	0		no_promoter_enhancer_in_queried_epic_tissues	False	not_assessed			not_assessed	pilot_only	not_validated	not_validated	insufficient_evidence_for_safe_harbor	1.2145019176006318	88.26666666666667	17	29.5	40	False
LOC119876429/LOC119872513	NC_051811.1	17235206	17235706	500	1.103364311337471	1.0	75.61468507915123	0.0	0.0		0.0	105	1.0	0.348952	5.679	0	0	0	0	0	0		no_promoter_enhancer_in_queried_epic_tissues	False	not_assessed			not_assessed	pilot_only	not_validated	not_validated	insufficient_evidence_for_safe_harbor	1.103371733546257	76.0	10	28.0	40	False
LOC119876429/LOC119872513	NC_051811.1	17235456	17235956	500	1.193365239739418	1.0	86.39272482317278	0.0	0.1	33.33333206176758	1.0	105	1.0	0.43975200000000003	5.848	0	0	0	0	0	0		no_promoter_enhancer_in_queried_epic_tissues	False	not_assessed			not_assessed	pilot_only	not_validated	not_validated	insufficient_evidence_for_safe_harbor	1.1921181209087373	86.5	10	28.0	46	False
LOC119876429/LOC119872513	NC_051811.1	17235706	17236206	500	1.358477736234665	1.0	95.35197036039071	3.0	0.112	35.27677304404123	46.0	0	1.0	0.22067400000000004	5.848	0	0	0	0	0	0		no_promoter_enhancer_in_queried_epic_tissues	False	not_assessed			not_assessed	pilot_only	not_validated	not_validated	insufficient_evidence_for_safe_harbor	1.3572616945505143	95.33333333333334	26	35.0	46	False
LOC119876429/LOC119872513	NC_051811.1	17235956	17236456	500	1.6301226303577423	1.0	98.14752441899628	3.0	0.3	68.2643445332845	60.0	85	1.0	0.203984	4.836	0	0	0	0	0	0		no_promoter_enhancer_in_queried_epic_tissues	False	not_assessed			not_assessed	pilot_only	not_validated	not_validated	insufficient_evidence_for_safe_harbor	1.6310728163719177	98.16666666666667	29	37.0	57	False
LOC119876429/LOC119872513	NC_051811.1	17236206	17236706	500	1.477324290037155	1.0	97.10340181879421	3.0	0.288	68.96402078204684	60.0	94	1.0	0.35972400000000004	5.585	0	0	0	0	0	0		no_promoter_enhancer_in_queried_epic_tissues	False	not_assessed			not_assessed	pilot_only	not_validated	not_validated	insufficient_evidence_for_safe_harbor	1.4731002613306046	97.06666666666666	16	34.0	57	False
LOC119876429/LOC119872513	NC_051811.1	17236456	17236956	500	1.0500101897716523	1.0	64.73560121252947	0.0	0.0		0.0	50	1.0	0.28297200000000006	5.585	0	0	0	0	0	0		no_promoter_enhancer_in_queried_epic_tissues	False	not_assessed			not_assessed	pilot_only	not_validated	not_validated	insufficient_evidence_for_safe_harbor	1.0448740434646606	64.43333333333334	16	24.5	34	False
LOC119876429/LOC119872513	NC_051811.1	17236706	17237206	500	1.118935796022415	1.0	77.93869989895587	0.0	0.0		0.0	51	1.0	0.10289000000000001	4.871	0	0	0	0	0	0		no_promoter_enhancer_in_queried_epic_tissues	False	not_assessed			not_assessed	pilot_only	not_validated	not_validated	insufficient_evidence_for_safe_harbor	1.1177590194940568	78.13333333333333	16	22.0	29	False
LOC119876429/LOC119872513	NC_051811.1	17236956	17237456	500	1.0643562669754028	1.0	68.47423374873695	0.0	0.0		0.0	91	1.0	0.13882399999999998	4.871	0	0	0	0	0	0		no_promoter_enhancer_in_queried_epic_tissues	False	not_assessed			not_assessed	pilot_only	not_validated	not_validated	insufficient_evidence_for_safe_harbor	1.0631791237592698	68.7	9	20.0	26	False
LOC119876429/LOC119872513	NC_051811.1	17237206	17237706	500	1.0073764400482177	1.0	53.28393398450657	0.0	0.0		0.0	242	1.0	0.231366	3.578	0	0	0	0	0	0		no_promoter_enhancer_in_queried_epic_tissues	False	not_assessed			not_assessed	pilot_only	not_validated	not_validated	insufficient_evidence_for_safe_harbor	1.0073832174539565	54.03333333333333	9	23.0	34	False
LOC119876429/LOC119872513	NC_051811.1	17237456	17237956	500	1.0348531861305237	1.0	60.828561805321655	0.0	0.0		0.0	338	1.0	0.21727	3.694	0	0	0	0	0	0		no_promoter_enhancer_in_queried_epic_tissues	False	not_assessed			not_assessed	pilot_only	not_validated	not_validated	insufficient_evidence_for_safe_harbor	1.0371005868911742	62.06666666666667	16	24.5	34	False
LOC119876429/LOC119872513	NC_051811.1	17237706	17238206	500	1.0301424949169158	1.0	59.58235095991916	0.0	0.0		0.0	259	1.0	0.10689799999999998	3.694	0	0	0	0	0	0		no_promoter_enhancer_in_queried_epic_tissues	False	not_assessed			not_assessed	pilot_only	not_validated	not_validated	insufficient_evidence_for_safe_harbor	1.0323898686170578	60.73333333333333	14	23.0	31	False
LOC119876429/LOC119872513	NC_051811.1	17237956	17238456	500	0.9981230919361115	1.0	50.185247558100365	0.0	0.0		0.0	82	1.0	0.04712600000000001	2.036	0	0	0	0	0	0		no_promoter_enhancer_in_queried_epic_tissues	False	not_assessed			not_assessed	pilot_only	not_validated	not_validated	insufficient_evidence_for_safe_harbor	0.9958655418157577	50.63333333333333	14	19.5	25	False
LOC119876429/LOC119872513	NC_051811.1	17238206	17238706	500	0.9285081944465637	1.0	30.178511283260356	0.0	0.0		0.0	80	1.0	0.06683599999999999	2.675	0	0	0	0	0	0		no_promoter_enhancer_in_queried_epic_tissues	False	not_assessed			not_assessed	pilot_only	not_validated	not_validated	insufficient_evidence_for_safe_harbor	0.9262501933574676	30.966666666666665	8	18.0	24	False
LOC119876429/LOC119872513	NC_051811.1	17238456	17238956	500	0.9165167989730835	1.0	26.33883462445268	0.0	0.0		0.0	267	1.0	0.143342	3.794	0	0	0	0	0	0		no_promoter_enhancer_in_queried_epic_tissues	False	not_assessed			not_assessed	pilot_only	not_validated	not_validated	insufficient_evidence_for_safe_harbor	0.9165229897499084	27.833333333333332	8	15.5	23	False
LOC119876429/LOC119872513	NC_051811.1	17238706	17239206	500	0.9349539524316788	1.0	31.929942741663858	0.0	0.0		0.0	370	1.0	0.164294	3.828	0	0	0	0	0	0		no_promoter_enhancer_in_queried_epic_tissues	False	not_assessed			not_assessed	pilot_only	not_validated	not_validated	insufficient_evidence_for_safe_harbor	0.9258234077692031	30.866666666666664	11	20.0	35	False
LOC119876429/LOC119872513	NC_051811.1	17238956	17239456	500	1.0458308017253877	1.0	63.89356685752779	0.0	0.0		0.0	183	1.0	0.34864999999999996	5.411	0	0	0	0	0	0		no_promoter_enhancer_in_queried_epic_tissues	False	not_assessed			not_assessed	pilot_only	not_validated	not_validated	insufficient_evidence_for_safe_harbor	1.040493248820305	63.5	14	22.0	35	False
LOC119876429/LOC119872513	NC_051811.1	17239206	17239706	500	1.0191281957626344	1.0	56.4499831593129	0.0	0.0		0.0	0	1.0	0.51609	7.169	0	0	0	0	0	0		no_promoter_enhancer_in_queried_epic_tissues	False	not_assessed			not_assessed	pilot_only	not_validated	not_validated	insufficient_evidence_for_safe_harbor	1.0239963330030442	58.13333333333334	11	16.5	26	False
LOC119876429/LOC119872513	NC_051811.1	17239456	17239956	500	0.9266296565532685	1.0	29.57224654765914	0.0	0.0		0.0	27	0.996	0.3547389558232932	7.169	0	0	0	0	0	0		no_promoter_enhancer_in_queried_epic_tissues	False	not_assessed			not_assessed	pilot_only	not_validated	not_validated	insufficient_evidence_for_safe_harbor	0.925710611820221	30.833333333333336	5	15.5	27	False
LOC119876429/LOC119872513	NC_051811.1	17239706	17240206	500	0.994168547987938	1.0	49.27585045469855	0.0	0.0		0.0	27	0.996	0.26706224899598396	4.507	0	0	0	0	0	0		no_promoter_enhancer_in_queried_epic_tissues	False	not_assessed			not_assessed	pilot_only	not_validated	not_validated	insufficient_evidence_for_safe_harbor	0.9893949410915375	48.93333333333334	5	21.0	28	False
LOC119876429/LOC119872513	NC_051811.1	17239956	17240456	500	0.9877521803379059	1.0	47.52441899629505	0.0	0.0		0.0	234	0.998	1.1728677354709418	10.452	0	0	0	0	0	0		no_promoter_enhancer_in_queried_epic_tissues	False	not_assessed			not_assessed	pilot_only	not_validated	not_validated	insufficient_evidence_for_safe_harbor	0.9849728560447693	47.4	10	19.0	28	False
LOC119876429/LOC119872513	NC_051811.1	17240206	17240706	500	0.9570114512443543	1.0	38.12731559447625	0.0	0.0		0.0	273	0.998	1.702625250501002	10.452	0	0	0	0	0	0		no_promoter_enhancer_in_queried_epic_tissues	False	not_assessed			not_assessed	pilot_only	not_validated	not_validated	insufficient_evidence_for_safe_harbor	0.9570179089307785	39.166666666666664	10	19.0	27	False
LOC119876429/LOC119872513	NC_051811.1	17240456	17240956	500	1.0325486198663711	1.0	60.188615695520376	0.0	0.1	100.0	2.0	39	1.0	0.626324	8.46	0	0	0	0	0	0		no_promoter_enhancer_in_queried_epic_tissues	False	not_assessed			not_assessed	pilot_only	not_validated	not_validated	insufficient_evidence_for_safe_harbor	1.0325555753707887	60.9	13	21.0	27	False
LOC119876429/LOC119872513	NC_051811.1	17240706	17241206	500	1.0385991878509522	1.0	61.97372852812395	0.0	0.1	100.0	2.0	0	1.0	0.09237999999999999	4.737	0	0	0	0	0	0		no_promoter_enhancer_in_queried_epic_tissues	False	not_assessed			not_assessed	pilot_only	not_validated	not_validated	insufficient_evidence_for_safe_harbor	1.0387121965885162	62.73333333333333	12	19.5	24	False
LOC119876429/LOC119872513	NC_051811.1	17240956	17241456	500	1.0857008565664292	1.0	72.98753789154597	0.0	0.0		0.0	0	1.0	0.205454	4.737	0	0	0	0	0	0		no_promoter_enhancer_in_queried_epic_tissues	False	not_assessed			not_assessed	pilot_only	not_validated	not_validated	insufficient_evidence_for_safe_harbor	1.0874588141441346	73.56666666666666	12	20.0	31	False
LOC119876429/LOC119872513	NC_051811.1	17241206	17241706	500	1.0805358209609985	1.0	72.04445941394408	0.0	0.3	97.27003479003906	67.0	43	1.0	0.33257400000000004	4.637	0	0	0	0	0	0		no_promoter_enhancer_in_queried_epic_tissues	False	not_assessed			not_assessed	pilot_only	not_validated	not_validated	insufficient_evidence_for_safe_harbor	1.082187752366066	72.73333333333333	8	20.0	31	False
LOC119876429/LOC119872513	NC_051811.1	17241456	17241956	500	1.0084480146169663	1.0	53.68811047490738	0.0	0.3	97.27003479003906	67.0	47	1.0	0.410326	4.222	0	0	0	0	0	0		no_promoter_enhancer_in_queried_epic_tissues	False	not_assessed			not_assessed	pilot_only	not_validated	not_validated	insufficient_evidence_for_safe_harbor	1.0084548223018646	54.400000000000006	8	21.0	28	False
LOC119876429/LOC119872513	NC_051811.1	17241706	17242206	500	1.0216913964748382	1.0	57.022566520714044	0.0	0.0		0.0	131	1.0	0.28107800000000005	4.021	0	0	0	0	0	0		no_promoter_enhancer_in_queried_epic_tissues	False	not_assessed			not_assessed	pilot_only	not_validated	not_validated	insufficient_evidence_for_safe_harbor	1.0216982810497284	57.733333333333334	12	22.0	28	False
LOC119876429/LOC119872513	NC_051811.1	17241956	17242456	500	1.0436163250207902	1.0	63.55675311552711	0.0	0.0		0.0	127	1.0	0.203076	3.862	0	0	0	0	0	0		no_promoter_enhancer_in_queried_epic_tissues	False	not_assessed			not_assessed	pilot_only	not_validated	not_validated	insufficient_evidence_for_safe_harbor	1.0436233687400818	64.23333333333333	10	17.0	27	False
LOC119876429/LOC119872513	NC_051811.1	17242206	17242706	500	1.0232826268672943	1.0	57.35938026271472	0.0	0.0		0.0	0	1.0	0.17572000000000002	3.75	0	0	0	0	0	0		no_promoter_enhancer_in_queried_epic_tissues	False	not_assessed			not_assessed	pilot_only	not_validated	not_validated	insufficient_evidence_for_safe_harbor	1.0232895092964172	58.03333333333334	10	16.5	26	False
LOC119876429/LOC119872513	NC_051811.1	17242456	17242956	500	0.8836458598077297	1.0	17.514314584035027	0.0	0.012	100.0	1.0	148	0.972	0.11452674897119342	3.823	0	0	0	0	0	0		no_promoter_enhancer_in_queried_epic_tissues	False	not_assessed			not_assessed	pilot_only	not_validated	not_validated	insufficient_evidence_for_safe_harbor	0.8836518002450466	19.233333333333334	1	15.0	29	False
LOC119876429/LOC119872513	NC_051811.1	17242706	17243206	500	0.9665356423556805	1.0	40.653418659481304	1.0	0.212	100.0	1.0	148	0.972	0.023991769547325095	6.575	0	0	0	0	0	0		no_promoter_enhancer_in_queried_epic_tissues	False	not_assessed			not_assessed	pilot_only	not_validated	not_validated	insufficient_evidence_for_safe_harbor	0.9667367278039456	41.8	1	25.0	30	False
LOC119876429/LOC119872513	NC_051811.1	17242956	17243456	500	1.2228426347970962	1.0	88.81778376557764	1.0	0.288	100.0	1.0	0	1.0	0.13070199999999998	6.575	0	0	0	0	0	0		no_promoter_enhancer_in_queried_epic_tissues	False	not_assessed			not_assessed	pilot_only	not_validated	not_validated	insufficient_evidence_for_safe_harbor	1.221498914361	88.83333333333333	23	26.0	31	False
LOC119876429/LOC119872513	NC_051811.1	17243206	17243706	500	1.2799930310249328	1.0	91.98383294038396	1.0	0.088	100.0	1.0	0	1.0	0.20986600000000002	10.183	0	0	0	0	0	0		no_promoter_enhancer_in_queried_epic_tissues	False	not_assessed			not_assessed	pilot_only	not_validated	not_validated	insufficient_evidence_for_safe_harbor	1.2784551203250885	92.03333333333333	25	27.5	39	False
LOC119876429/LOC119872513	NC_051811.1	17243456	17243956	500	1.2760404074192047	1.0	91.78174469518356	0.0	0.0		0.0	87	1.0	0.079646	10.183	0	0	0	0	0	0		no_promoter_enhancer_in_queried_epic_tissues	False	not_assessed			not_assessed	pilot_only	not_validated	not_validated	insufficient_evidence_for_safe_harbor	1.2783953013420104	92.03333333333333	23	32.0	39	False
LOC119876429/LOC119872513	NC_051811.1	17243706	17244206	500	1.2107317221164704	1.0	87.80734253957561	0.0	0.0		0.0	101	1.0	-0.04949800000000001	5.61	0	0	0	0	0	0		no_promoter_enhancer_in_queried_epic_tissues	False	not_assessed			not_assessed	pilot_only	not_validated	not_validated	insufficient_evidence_for_safe_harbor	1.2136498132944107	88.13333333333333	23	29.0	37	False
LOC119876429/LOC119872513	NC_051811.1	17243956	17244456	500	1.1010432280302047	1.0	75.4462782081509	0.0	0.0		0.0	106	1.0	-0.011453999999999994	3.661	0	0	0	0	0	0		no_promoter_enhancer_in_queried_epic_tissues	False	not_assessed			not_assessed	pilot_only	not_validated	not_validated	insufficient_evidence_for_safe_harbor	1.100886424779892	75.8	17	28.0	33	False
LOC119876429/LOC119872513	NC_051811.1	17244206	17244706	500	1.0246432633399964	1.0	57.66251263051533	0.0	0.0		0.0	92	1.0	0.018417999999999997	3.661	0	0	0	0	0	0		no_promoter_enhancer_in_queried_epic_tissues	False	not_assessed			not_assessed	pilot_only	not_validated	not_validated	insufficient_evidence_for_safe_harbor	1.0216071021556854	57.699999999999996	17	24.0	33	False
LOC119876429/LOC119872513	NC_051811.1	17244456	17244956	500	1.0390873125791549	1.0	62.20949814752442	0.0	0.1	100.0	1.0	159	1.0	-0.182326	3.603	0	0	0	0	0	0		no_promoter_enhancer_in_queried_epic_tissues	False	not_assessed			not_assessed	pilot_only	not_validated	not_validated	insufficient_evidence_for_safe_harbor	1.035096932888031	61.633333333333326	17	25.0	34	False
LOC119876429/LOC119872513	NC_051811.1	17244706	17245206	500	0.9933147139549255	1.0	48.93903671269788	0.0	0.1	100.0	1.0	210	1.0	-0.10178000000000001	3.895	0	0	0	0	0	0		no_promoter_enhancer_in_queried_epic_tissues	False	not_assessed			not_assessed	pilot_only	not_validated	not_validated	insufficient_evidence_for_safe_harbor	0.9916392450332642	49.53333333333333	9	21.0	34	False
LOC119876429/LOC119872513	NC_051811.1	17244956	17245456	500	0.9723154754638672	1.0	42.03435500168407	0.0	0.0		0.0	51	1.0	0.11116000000000001	4.752	0	0	0	0	0	0		no_promoter_enhancer_in_queried_epic_tissues	False	not_assessed			not_assessed	pilot_only	not_validated	not_validated	insufficient_evidence_for_safe_harbor	0.9723220423460007	43.1	9	18.5	29	False
LOC119876429/LOC119872513	NC_051811.1	17245206	17245706	500	1.020513739824295	1.0	56.719434152913436	0.0	0.1	100.0	1.0	0	1.0	0.346162	7.313	0	0	0	0	0	0		no_promoter_enhancer_in_queried_epic_tissues	False	not_assessed			not_assessed	pilot_only	not_validated	not_validated	insufficient_evidence_for_safe_harbor	1.0205206204652786	57.43333333333334	15	23.0	29	False
LOC119876429/LOC119872513	NC_051811.1	17245456	17245956	500	1.1244109265804292	1.0	78.67969013135736	0.0	0.1	100.0	1.0	62	1.0	0.390104	7.313	0	0	0	0	0	0		no_promoter_enhancer_in_queried_epic_tissues	False	not_assessed			not_assessed	pilot_only	not_validated	not_validated	insufficient_evidence_for_safe_harbor	1.1244184980392455	78.96666666666667	15	28.0	32	False
LOC119876429/LOC119872513	NC_051811.1	17245706	17246206	500	1.2416888413429261	1.0	89.86190636577972	0.0	0.0		0.0	62	1.0	0.7128880000000001	7.339	0	0	0	0	0	0		no_promoter_enhancer_in_queried_epic_tissues	False	not_assessed			not_assessed	pilot_only	not_validated	not_validated	insufficient_evidence_for_safe_harbor	1.241697210907936	90.03333333333333	23	30.0	34	False
LOC119876429/LOC119872513	NC_051811.1	17245956	17246456	500	1.175495505452156	1.0	84.80970023576961	0.0	0.0		0.0	0	1.0	0.73067	7.339	0	0	0	0	0	0		no_promoter_enhancer_in_queried_epic_tissues	False	not_assessed			not_assessed	pilot_only	not_validated	not_validated	insufficient_evidence_for_safe_harbor	1.1755034128427506	85.0	16	28.0	35	False
LOC119876429/LOC119872513	NC_051811.1	17246206	17246706	500	0.987161904990673	1.0	47.22128662849444	0.0	0.0		0.0	133	0.98	0.03667551020408164	7.044	0	0	0	0	0	0		no_promoter_enhancer_in_queried_epic_tissues	False	not_assessed			not_assessed	pilot_only	not_validated	not_validated	insufficient_evidence_for_safe_harbor	0.9880416664481163	48.63333333333333	2	21.0	35	False
LOC119876429/LOC119872513	NC_051811.1	17246456	17246956	500	1.030371850311756	1.0	59.616032334119225	0.0	0.0		0.0	133	0.98	-0.11407142857142855	4.22	0	0	0	0	0	0		no_promoter_enhancer_in_queried_epic_tissues	False	not_assessed			not_assessed	pilot_only	not_validated	not_validated	insufficient_evidence_for_safe_harbor	1.0226634259819984	57.96666666666667	2	24.0	32	False
LOC119876429/LOC119872513	NC_051811.1	17246706	17247206	500	1.1897716723680496	1.0	86.05591108117211	0.0	0.0		0.0	0	1.0	-0.030093999999999996	5.182	0	0	0	0	0	0		no_promoter_enhancer_in_queried_epic_tissues	False	not_assessed			not_assessed	pilot_only	not_validated	not_validated	insufficient_evidence_for_safe_harbor	1.1811911848783494	85.63333333333333	22	25.5	38	False
LOC119876429/LOC119872513	NC_051811.1	17246956	17247456	500	1.172451033949852	1.0	84.67497473896935	0.0	0.0		0.0	124	1.0	0.08737400000000001	5.182	0	0	0	0	0	0		no_promoter_enhancer_in_queried_epic_tissues	False	not_assessed			not_assessed	pilot_only	not_validated	not_validated	insufficient_evidence_for_safe_harbor	1.1724589270353318	84.83333333333334	20	25.0	38	False
LOC119876429/LOC119872513	NC_051811.1	17247206	17247706	500	1.0719327940940857	1.0	70.19198383294038	0.0	0.0		0.0	204	1.0	0.196168	4.179	0	0	0	0	0	0		no_promoter_enhancer_in_queried_epic_tissues	False	not_assessed			not_assessed	pilot_only	not_validated	not_validated	insufficient_evidence_for_safe_harbor	1.0717393389940262	70.66666666666667	8	22.0	33	False
LOC119876429/LOC119872513	NC_051811.1	17247456	17247956	500	0.9442924535274506	1.0	35.062310542270126	0.0	0.0		0.0	280	1.0	0.147632	4.179	0	0	0	0	0	0		no_promoter_enhancer_in_queried_epic_tissues	False	not_assessed			not_assessed	pilot_only	not_validated	not_validated	insufficient_evidence_for_safe_harbor	0.9452700173854828	36.46666666666666	8	17.0	30	False
LOC119876429/LOC119872513	NC_051811.1	17247706	17248206	500	0.8780494919419288	1.0	16.23442236443247	0.0	0.0		0.0	292	0.992	0.08491129032258064	4.472	0	0	0	0	0	0		no_promoter_enhancer_in_queried_epic_tissues	False	not_assessed			not_assessed	pilot_only	not_validated	not_validated	insufficient_evidence_for_safe_harbor	0.8815039484798908	18.633333333333333	2	16.0	30	False
LOC119876429/LOC119872513	NC_051811.1	17247956	17248456	500	0.9740313836932182	1.0	42.53957561468508	0.0	0.0		0.0	153	0.992	0.08520362903225806	5.493	0	0	0	0	0	0		no_promoter_enhancer_in_queried_epic_tissues	False	not_assessed			not_assessed	pilot_only	not_validated	not_validated	insufficient_evidence_for_safe_harbor	0.9763145945370197	44.266666666666666	2	20.5	37	False
LOC119876429/LOC119872513	NC_051811.1	17248206	17248706	500	1.0761979444026948	1.0	71.40451330414281	0.0	0.0		0.0	123	1.0	0.059116	5.493	0	0	0	0	0	0		no_promoter_enhancer_in_queried_epic_tissues	False	not_assessed			not_assessed	pilot_only	not_validated	not_validated	insufficient_evidence_for_safe_harbor	1.059910852432251	68.10000000000001	14	24.5	37	False
LOC119876429/LOC119872513	NC_051811.1	17248456	17248956	500	1.0316461726427077	1.0	59.81812057931963	0.0	0.0		0.0	62	1.0	0.07640200000000001	4.269	0	0	0	0	0	0		no_promoter_enhancer_in_queried_epic_tissues	False	not_assessed			not_assessed	pilot_only	not_validated	not_validated	insufficient_evidence_for_safe_harbor	1.0153587868213654	55.96666666666666	14	21.0	32	False
LOC119876429/LOC119872513	NC_051811.1	17248706	17249206	500	0.997006026506424	1.0	49.9494779386999	0.0	0.0		0.0	0	1.0	0.057596	4.269	0	0	0	0	0	0		no_promoter_enhancer_in_queried_epic_tissues	False	not_assessed			not_assessed	pilot_only	not_validated	not_validated	insufficient_evidence_for_safe_harbor	0.9953312938213348	50.56666666666667	10	19.0	26	False
LOC119876429/LOC119872513	NC_051811.1	17248956	17249456	500	0.9704024045467377	1.0	41.59649713708319	0.0	0.012	84.00543975830078	4.0	117	1.0	0.006943999999999999	3.481	0	0	0	0	0	0		no_promoter_enhancer_in_queried_epic_tissues	False	not_assessed			not_assessed	pilot_only	not_validated	not_validated	insufficient_evidence_for_safe_harbor	0.968898929476738	42.233333333333334	10	19.5	31	False
LOC119876429/LOC119872513	NC_051811.1	17249206	17249706	500	1.0492081134319304	1.0	64.499831593129	0.0	0.1	84.00543975830078	4.0	140	1.0	-0.015666000000000006	3.728	0	0	0	0	166	0		no_promoter_enhancer_in_queried_epic_tissues	False	not_assessed			not_assessed	pilot_only	not_validated	not_validated	insufficient_evidence_for_safe_harbor	1.0467288181781769	64.63333333333333	11	21.0	31	False
LOC119876429/LOC119872513	NC_051811.1	17249456	17249956	500	1.064984983563423	1.0	68.47423374873695	0.0	0.088	84.00543975830078	4.0	203	1.0	-0.019811999999999996	4.153	0	0	0	0	400	0		no_promoter_enhancer_in_queried_epic_tissues	False	not_assessed			not_assessed	pilot_only	not_validated	not_validated	insufficient_evidence_for_safe_harbor	1.0638814808130264	68.89999999999999	18	23.0	28	False
LOC119876429/LOC119872513	NC_051811.1	17249706	17250206	500	0.9907819926738739	1.0	48.2990906028966	0.0	0.0		0.0	180	1.0	0.744164	10.146	0	0	0	0	234	0		no_promoter_enhancer_in_queried_epic_tissues	False	not_assessed			not_assessed	pilot_only	not_validated	not_validated	insufficient_evidence_for_safe_harbor	0.9928824369907379	49.833333333333336	18	23.0	28	False
LOC119876429/LOC119872513	NC_051811.1	17249956	17250456	500	1.01705066883564	1.0	55.843718423711685	0.0	0.2	87.04986190795898	66.0	112	1.0	0.90666	10.146	0	0	0	0	0	0		no_promoter_enhancer_in_queried_epic_tissues	False	not_assessed			not_assessed	pilot_only	not_validated	not_validated	insufficient_evidence_for_safe_harbor	1.01760415995121	56.8	18	22.0	29	False
LOC119876429/LOC119872513	NC_051811.1	17250206	17250706	500	0.9663288719654083	1.0	40.5523745368811	0.0	0.2	87.04986190795898	66.0	353	1.0	0.237928	5.315	0	0	0	0	0	0		no_promoter_enhancer_in_queried_epic_tissues	False	not_assessed			not_assessed	pilot_only	not_validated	not_validated	insufficient_evidence_for_safe_harbor	0.9617515126466751	40.266666666666666	12	19.0	29	False
LOC119876429/LOC119872513	NC_051811.1	17250456	17250956	500	0.9045915096998215	1.0	22.937015830245873	0.0	0.0		0.0	283	1.0	0.219584	4.334	0	0	0	0	0	0		no_promoter_enhancer_in_queried_epic_tissues	False	not_assessed			not_assessed	pilot_only	not_validated	not_validated	insufficient_evidence_for_safe_harbor	0.9011124900579452	23.566666666666666	12	18.0	29	False
LOC119876429/LOC119872513	NC_051811.1	17250706	17251206	500	0.9989276773929596	1.0	50.52206130010104	0.0	0.2	87.61343002319336	3.0	42	1.0	0.23266000000000003	4.021	0	0	0	0	0	0		no_promoter_enhancer_in_queried_epic_tissues	False	not_assessed			not_assessed	pilot_only	not_validated	not_validated	insufficient_evidence_for_safe_harbor	1.0000331481695175	51.63333333333333	13	20.0	30	False
LOC119876429/LOC119872513	NC_051811.1	17250956	17251456	500	1.0485767245292663	1.0	64.36510609632873	0.0	0.2	87.61343002319336	3.0	47	1.0	0.151788	3.586	0	0	0	0	0	0		no_promoter_enhancer_in_queried_epic_tissues	False	not_assessed			not_assessed	pilot_only	not_validated	not_validated	insufficient_evidence_for_safe_harbor	1.046976744890213	64.66666666666666	9	23.5	34	False
LOC119876429/LOC119872513	NC_051811.1	17251206	17251706	500	1.021533183693886	1.0	56.95520377231391	0.0	0.1	100.0	1.0	118	1.0	0.106684	3.527	0	0	0	0	0	0		no_promoter_enhancer_in_queried_epic_tissues	False	not_assessed			not_assessed	pilot_only	not_validated	not_validated	insufficient_evidence_for_safe_harbor	1.0199330341815949	57.266666666666666	9	23.0	34	False
LOC119876429/LOC119872513	NC_051811.1	17251456	17251956	500	1.0065279738903046	1.0	53.08184573930617	0.0	0.1	100.0	1.0	232	1.0	0.20201999999999998	4.524	0	0	0	0	0	0		no_promoter_enhancer_in_queried_epic_tissues	False	not_assessed			not_assessed	pilot_only	not_validated	not_validated	insufficient_evidence_for_safe_harbor	1.0065347603559494	53.86666666666666	9	18.0	28	False
LOC119876429/LOC119872513	NC_051811.1	17251706	17252206	500	1.04344056391716	1.0	63.523071741327044	0.0	0.0		0.0	411	1.0	0.32649600000000006	4.65	0	0	0	0	0	0		no_promoter_enhancer_in_queried_epic_tissues	False	not_assessed			not_assessed	pilot_only	not_validated	not_validated	insufficient_evidence_for_safe_harbor	1.0428622567653656	64.06666666666668	11	22.0	32	False
LOC119876429/LOC119872513	NC_051811.1	17251956	17252456	500	1.1429729857444764	1.0	81.13843044796228	0.0	0.0		0.0	344	1.0	0.30236199999999996	4.65	0	0	0	0	0	0		no_promoter_enhancer_in_queried_epic_tissues	False	not_assessed			not_assessed	pilot_only	not_validated	not_validated	insufficient_evidence_for_safe_harbor	1.141809647321701	81.13333333333334	18	25.0	35	False
LOC119876429/LOC119872513	NC_051811.1	17252206	17252706	500	1.135816307425499	1.0	79.92590097675986	0.0	0.112	96.02063151768276	64.0	164	1.0	0.18308000000000002	4.775	0	0	0	0	167	0		no_promoter_enhancer_in_queried_epic_tissues	False	not_assessed			not_assessed	pilot_only	not_validated	not_validated	insufficient_evidence_for_safe_harbor	1.1352382456064225	80.23333333333333	9	24.0	35	False
LOC119876429/LOC119872513	NC_051811.1	17252456	17252956	500	1.0456396907567977	1.0	63.859885483327716	0.0	0.4	78.58465480804443	64.0	140	1.0	0.09386600000000002	4.775	0	0	0	0	200	0		no_promoter_enhancer_in_queried_epic_tissues	False	not_assessed			not_assessed	pilot_only	not_validated	not_validated	insufficient_evidence_for_safe_harbor	1.045646717786789	64.5	9	22.0	27	False
LOC119876429/LOC119872513	NC_051811.1	17252706	17253206	500	1.0323117011785508	1.0	60.02020882452004	0.0	0.288	71.80399719874065	44.0	145	1.0	0.17612799999999998	4.864	0	0	0	0	33	0		no_promoter_enhancer_in_queried_epic_tissues	False	not_assessed			not_assessed	pilot_only	not_validated	not_validated	insufficient_evidence_for_safe_harbor	1.0349742690324784	61.6	17	21.5	33	False
LOC119876429/LOC119872513	NC_051811.1	17252956	17253456	500	1.0150281693935395	1.0	55.1027281913102	0.0	0.1	60.52507400512695	6.0	325	1.0	0.25854000000000005	6.119	0	0	0	0	0	0		no_promoter_enhancer_in_queried_epic_tissues	False	not_assessed			not_assessed	pilot_only	not_validated	not_validated	insufficient_evidence_for_safe_harbor	1.0146858073472977	55.733333333333334	18	24.0	33	False
LOC119876429/LOC119872513	NC_051811.1	17253206	17253706	500	0.9219607031345367	1.0	27.98922196025598	0.0	0.1	60.52507400512695	6.0	407	1.0	0.285402	6.119	0	0	0	0	0	0		no_promoter_enhancer_in_queried_epic_tissues	False	not_assessed			not_assessed	pilot_only	not_validated	not_validated	insufficient_evidence_for_safe_harbor	0.9177529479265213	28.166666666666668	9	19.0	33	False
LOC119876429/LOC119872513	NC_051811.1	17253456	17253956	500	0.8633021048307419	1.0	12.798922196025597	0.0	0.0		0.0	157	1.0	0.530854	6.924	0	0	0	0	0	0		no_promoter_enhancer_in_queried_epic_tissues	False	not_assessed			not_assessed	pilot_only	not_validated	not_validated	insufficient_evidence_for_safe_harbor	0.8620987700223923	14.399999999999999	9	14.5	26	False
LOC119876429/LOC119872513	NC_051811.1	17253706	17254206	500	0.8433839575052261	1.0	9.430784776018863	0.0	0.0		0.0	0	1.0	0.39402400000000004	6.924	0	0	0	0	0	0		no_promoter_enhancer_in_queried_epic_tissues	False	not_assessed			not_assessed	pilot_only	not_validated	not_validated	insufficient_evidence_for_safe_harbor	0.8433896516561508	11.466666666666667	10	17.0	25	False
LOC119876429/LOC119872513	NC_051811.1	17253956	17254456	500	0.9305138177871705	1.0	30.78477601886157	0.0	0.1	100.0	2.0	0	1.0	0.15331600000000004	4.779	0	0	0	0	0	0		no_promoter_enhancer_in_queried_epic_tissues	False	not_assessed			not_assessed	pilot_only	not_validated	not_validated	insufficient_evidence_for_safe_harbor	0.9246092065572739	30.433333333333334	13	19.0	32	False
LOC119876429/LOC119872513	NC_051811.1	17254206	17254706	500	1.0795710859298706	1.0	71.77500842034354	0.0	0.1	100.0	2.0	0	1.0	0.29458799999999996	4.993	0	0	0	0	0	0		no_promoter_enhancer_in_queried_epic_tissues	False	not_assessed			not_assessed	pilot_only	not_validated	not_validated	insufficient_evidence_for_safe_harbor	1.067188924074173	69.56666666666666	16	21.5	32	False
LOC119876429/LOC119872513	NC_051811.1	17254456	17254956	500	1.0797966762781144	1.0	71.87605254294375	0.0	0.0		0.0	0	1.0	0.512606	5.783	0	0	0	0	0	0		no_promoter_enhancer_in_queried_epic_tissues	False	not_assessed			not_assessed	pilot_only	not_validated	not_validated	insufficient_evidence_for_safe_harbor	1.0534558444023132	66.66666666666666	19	23.0	33	False
LOC119876429/LOC119872513	NC_051811.1	17254706	17255206	500	1.0216963015794753	1.0	57.022566520714044	0.0	0.0		0.0	0	1.0	0.695866	5.783	0	0	0	0	67	67	ST	regulatory_annotation_present	False	not_assessed			not_assessed	pilot_only	not_validated	not_validated	regulatory_conflict_requires_resolution	1.0018336271047592	52.166666666666664	14	22.0	33	False
LOC119876429/LOC119872513	NC_051811.1	17254956	17255456	500	0.9590184922218323	1.0	38.598854833277194	0.0	0.0		0.0	0	1.0	0.545462	4.93	0	0	0	0	317	317	ST	regulatory_annotation_present	False	not_assessed			not_assessed	pilot_only	not_validated	not_validated	regulatory_conflict_requires_resolution	0.9485005483627319	36.96666666666666	14	19.5	30	False
LOC119876429/LOC119872513	NC_051811.1	17255206	17255706	500	1.051452081680298	1.0	65.30818457393062	0.0	0.0		0.0	19	1.0	0.21871399999999996	4.499	0	0	0	0	333	333	ST	regulatory_annotation_present	False	not_assessed			not_assessed	pilot_only	not_validated	not_validated	regulatory_conflict_requires_resolution	1.040934761762619	63.56666666666667	12	19.0	27	False
LOC119876429/LOC119872513	NC_051811.1	17255456	17255956	500	1.0639191811084747	1.0	68.44055237453688	0.0	0.0		0.0	19	1.0	0.18230200000000002	3.578	0	0	0	0	83	83	ST	regulatory_annotation_present	False	not_assessed			not_assessed	pilot_only	not_validated	not_validated	regulatory_conflict_requires_resolution	1.0639263652563096	68.93333333333334	12	17.0	27	False
LOC119876429/LOC119872513	NC_051811.1	17255706	17256206	500	0.9186494946479797	1.0	26.911417985853824	0.0	0.012	78.44132232666016	66.0	0	1.0	0.24415199999999998	3.854	0	0	0	0	0	0		no_promoter_enhancer_in_queried_epic_tissues	False	not_assessed			not_assessed	pilot_only	not_validated	not_validated	insufficient_evidence_for_safe_harbor	0.9186556758880615	28.46666666666667	11	16.0	24	False
LOC119876429/LOC119872513	NC_051811.1	17255956	17256456	500	1.0801708446741105	1.0	72.01077803974401	0.0	0.4	60.70986366271973	66.0	0	1.0	0.263206	5.195	0	0	0	0	0	0		no_promoter_enhancer_in_queried_epic_tissues	False	not_assessed			not_assessed	pilot_only	not_validated	not_validated	insufficient_evidence_for_safe_harbor	1.0801781189441682	72.43333333333334	11	19.0	29	False
LOC119876429/LOC119872513	NC_051811.1	17256206	17256706	500	1.1616351435184478	1.0	83.52980801616707	0.0	0.388	60.161468033938064	66.0	0	1.0	0.323442	5.195	0	0	0	0	0	0		no_promoter_enhancer_in_queried_epic_tissues	False	not_assessed			not_assessed	pilot_only	not_validated	not_validated	insufficient_evidence_for_safe_harbor	1.1616429872512817	83.7	15	23.0	31	False
LOC119876429/LOC119872513	NC_051811.1	17256456	17256956	500	0.9917042583227158	1.0	48.56854159649714	0.0	0.0		0.0	0	1.0	0.339102	4.702	0	0	0	0	217	0		no_promoter_enhancer_in_queried_epic_tissues	False	not_assessed			not_assessed	pilot_only	not_validated	not_validated	insufficient_evidence_for_safe_harbor	0.9917109503746032	49.56666666666666	15	20.5	31	False
LOC119876429/LOC119872513	NC_051811.1	17256706	17257206	500	1.0126041318178176	1.0	54.530144829909055	0.0	0.0		0.0	0	1.0	0.202934	3.553	0	0	0	0	400	0		no_promoter_enhancer_in_queried_epic_tissues	False	not_assessed			not_assessed	pilot_only	not_validated	not_validated	insufficient_evidence_for_safe_harbor	1.012610956788063	55.233333333333334	13	20.0	31	False
LOC119876429/LOC119872513	NC_051811.1	17256956	17257456	500	1.0389708470106125	1.0	62.142135399124285	0.0	0.0		0.0	0	1.0	0.256396	4.491	0	0	0	0	183	0		no_promoter_enhancer_in_queried_epic_tissues	False	not_assessed			not_assessed	pilot_only	not_validated	not_validated	insufficient_evidence_for_safe_harbor	1.0389778350591659	62.866666666666674	12	21.0	31	False
LOC119876429/LOC119872513	NC_051811.1	17257206	17257706	500	1.0667462009191513	1.0	69.11417985853822	0.0	0.0		0.0	61	1.0	0.280298	4.491	0	0	0	0	0	0		no_promoter_enhancer_in_queried_epic_tissues	False	not_assessed			not_assessed	pilot_only	not_validated	not_validated	insufficient_evidence_for_safe_harbor	1.0667533653974532	69.5	8	20.0	31	False
LOC119876429/LOC119872513	NC_051811.1	17257456	17257956	500	1.057262538433075	1.0	66.95857190973392	0.0	0.0		0.0	61	1.0	0.322982	5.723	0	0	0	0	0	0		no_promoter_enhancer_in_queried_epic_tissues	False	not_assessed			not_assessed	pilot_only	not_validated	not_validated	insufficient_evidence_for_safe_harbor	1.0476230231523513	64.7	8	17.0	31	False
LOC119876429/LOC119872513	NC_051811.1	17257706	17258206	500	0.9485979597568512	1.0	35.80330077467161	0.0	0.0		0.0	0	1.0	0.7394200000000001	5.976	0	0	0	0	0	0		no_promoter_enhancer_in_queried_epic_tissues	False	not_assessed			not_assessed	pilot_only	not_validated	not_validated	insufficient_evidence_for_safe_harbor	0.9309468265771866	32.06666666666666	9	18.0	28	False
LOC119876429/LOC119872513	NC_051811.1	17257956	17258456	500	0.9518324583768845	1.0	36.679016503873356	0.0	0.0		0.0	178	1.0	0.51373	5.976	0	0	0	0	0	0		no_promoter_enhancer_in_queried_epic_tissues	False	not_assessed			not_assessed	pilot_only	not_validated	not_validated	insufficient_evidence_for_safe_harbor	0.9275197870731354	31.266666666666666	9	18.5	28	False
LOC119876429/LOC119872513	NC_051811.1	17258206	17258706	500	1.0371669572591782	1.0	61.401145166722806	0.0	0.1	90.16995239257812	5.0	178	1.0	0.209546	3.598	0	0	0	0	0	0		no_promoter_enhancer_in_queried_epic_tissues	False	not_assessed			not_assessed	pilot_only	not_validated	not_validated	insufficient_evidence_for_safe_harbor	1.0179575773477554	56.93333333333334	9	21.0	31	False
LOC119876429/LOC119872513	NC_051811.1	17258456	17258956	500	1.1018617364168166	1.0	75.47995958235096	0.0	0.1	90.16995239257812	5.0	80	1.0	0.333906	4.199	0	0	0	0	0	0		no_promoter_enhancer_in_queried_epic_tissues	False	not_assessed			not_assessed	pilot_only	not_validated	not_validated	insufficient_evidence_for_safe_harbor	1.0948982545137405	74.9	15	22.0	31	False
LOC119876429/LOC119872513	NC_051811.1	17258706	17259206	500	1.0705628740787505	1.0	69.88885146513978	0.0	0.0		0.0	80	1.0	0.393446	4.438	0	0	0	0	0	0		no_promoter_enhancer_in_queried_epic_tissues	False	not_assessed			not_assessed	pilot_only	not_validated	not_validated	insufficient_evidence_for_safe_harbor	1.066507372379303	69.46666666666667	16	20.5	29	False
LOC119876429/LOC119872513	NC_051811.1	17258956	17259456	500	1.0288561477661133	1.0	59.07713034691815	0.0	0.0		0.0	60	1.0	0.343494	4.438	0	0	0	0	0	0		no_promoter_enhancer_in_queried_epic_tissues	False	not_assessed			not_assessed	pilot_only	not_validated	not_validated	insufficient_evidence_for_safe_harbor	1.0288630912303924	59.8	14	22.0	29	False
LOC119876429/LOC119872513	NC_051811.1	17259206	17259706	500	0.9439009990692139	1.0	34.99494779386999	0.0	0.2	94.44197463989258	9.0	199	1.0	0.19351000000000002	4.233	0	0	0	0	0	0		no_promoter_enhancer_in_queried_epic_tissues	False	not_assessed			not_assessed	pilot_only	not_validated	not_validated	insufficient_evidence_for_safe_harbor	0.9439073516130447	36.199999999999996	8	18.0	27	False
LOC119876429/LOC119872513	NC_051811.1	17259456	17259956	500	0.8752797063589096	1.0	15.392388009430785	0.0	0.212	94.75657984895527	9.0	278	1.0	0.192552	3.595	0	0	0	0	0	0		no_promoter_enhancer_in_queried_epic_tissues	False	not_assessed			not_assessed	pilot_only	not_validated	not_validated	insufficient_evidence_for_safe_harbor	0.8752855857610703	17.133333333333333	8	19.0	24	False
LOC119876429/LOC119872513	NC_051811.1	17259706	17260206	500	0.9862801768779754	1.0	46.98551700909397	0.0	0.1	100.0	1.0	287	1.0	0.29025	6.025	0	0	0	0	0	0		no_promoter_enhancer_in_queried_epic_tissues	False	not_assessed			not_assessed	pilot_only	not_validated	not_validated	insufficient_evidence_for_safe_harbor	0.9769576890468598	44.5	15	23.0	29	False
LOC119876429/LOC119872513	NC_051811.1	17259956	17260456	500	1.1090035697221756	1.0	76.59144493095317	0.0	0.088	100.0	1.0	220	1.0	0.21020599999999998	6.025	0	0	0	0	0	0		no_promoter_enhancer_in_queried_epic_tissues	False	not_assessed			not_assessed	pilot_only	not_validated	not_validated	insufficient_evidence_for_safe_harbor	1.0996818989515305	75.63333333333333	20	26.0	32	False
LOC119876429/LOC119872513	NC_051811.1	17260206	17260706	500	1.0587072784900666	1.0	67.49747389693499	0.0	0.0		0.0	136	1.0	0.14082600000000003	3.233	0	0	0	0	0	0		no_promoter_enhancer_in_queried_epic_tissues	False	not_assessed			not_assessed	pilot_only	not_validated	not_validated	insufficient_evidence_for_safe_harbor	1.0542627506256104	66.83333333333333	17	23.0	32	False
LOC119876429/LOC119872513	NC_051811.1	17260456	17260956	500	0.942124736070633	1.0	34.42236443246885	0.0	0.0		0.0	154	1.0	0.23349799999999998	3.233	0	0	0	0	0	0		no_promoter_enhancer_in_queried_epic_tissues	False	not_assessed			not_assessed	pilot_only	not_validated	not_validated	insufficient_evidence_for_safe_harbor	0.9376794401407241	34.333333333333336	13	20.0	25	False
LOC119876429/LOC119872513	NC_051811.1	17260706	17261206	500	0.973841037273407	1.0	42.47221286628494	0.0	0.0		0.0	90	1.0	0.32363	3.158	0	0	0	0	0	0		no_promoter_enhancer_in_queried_epic_tissues	False	not_assessed			not_assessed	pilot_only	not_validated	not_validated	insufficient_evidence_for_safe_harbor	0.9738476012945175	43.5	13	20.5	25	False
LOC119876429/LOC119872513	NC_051811.1	17260956	17261456	500	1.0206840975284577	1.0	56.75311552711351	0.0	0.0		0.0	150	1.0	0.40124999999999994	5.116	0	0	0	0	0	0		no_promoter_enhancer_in_queried_epic_tissues	False	not_assessed			not_assessed	pilot_only	not_validated	not_validated	insufficient_evidence_for_safe_harbor	1.02069096159935	57.46666666666667	13	22.0	29	False
LOC119876429/LOC119872513	NC_051811.1	17261206	17261706	500	1.025359120130539	1.0	57.96564499831594	0.0	0.0		0.0	400	1.0	0.45673400000000003	5.116	0	0	0	0	178	178	CO	regulatory_annotation_present	False	not_assessed			not_assessed	pilot_only	not_validated	not_validated	regulatory_conflict_requires_resolution	1.0253660007715226	58.63333333333334	13	23.0	29	False
LOC119876429/LOC119872513	NC_051811.1	17261456	17261956	500	1.047679132938385	1.0	64.09565510272819	0.0	0.1	95.26402282714844	11.0	330	1.0	0.274276	2.95	0	0	0	0	428	428	CO	regulatory_annotation_present	False	not_assessed			not_assessed	pilot_only	not_validated	not_validated	regulatory_conflict_requires_resolution	1.0476861785650253	64.7	15	19.0	29	False
LOC119876429/LOC119872513	NC_051811.1	17261706	17262206	500	1.0007234196662902	1.0	50.99360053890199	0.0	0.1	95.26402282714844	11.0	267	1.0	0.20895600000000003	4.038	0	0	0	0	422	422	CO	regulatory_annotation_present	False	not_assessed			not_assessed	pilot_only	not_validated	not_validated	regulatory_conflict_requires_resolution	0.9998742558956146	51.6	15	18.0	24	False
LOC119876429/LOC119872513	NC_051811.1	17261956	17262456	500	0.9394926937818527	1.0	33.78241832266756	0.0	0.0		0.0	437	1.0	0.376176	4.038	0	0	0	0	172	172	CO	regulatory_annotation_present	False	not_assessed			not_assessed	pilot_only	not_validated	not_validated	regulatory_conflict_requires_resolution	0.9386431217193604	34.63333333333333	14	19.0	24	False
LOC119876429/LOC119872513	NC_051811.1	17262206	17262706	500	0.9582060669660568	1.0	38.43044796227686	0.0	0.0		0.0	289	1.0	0.35490999999999995	4.102	0	0	0	0	0	0		no_promoter_enhancer_in_queried_epic_tissues	False	not_assessed			not_assessed	pilot_only	not_validated	not_validated	insufficient_evidence_for_safe_harbor	0.9585832116603852	39.5	14	19.0	26	False
LOC119876429/LOC119872513	NC_051811.1	17262456	17262956	500	1.0580200949907304	1.0	67.19434152913439	0.0	0.0		0.0	39	1.0	0.38455999999999996	4.102	0	0	0	0	0	0		no_promoter_enhancer_in_queried_epic_tissues	False	not_assessed			not_assessed	pilot_only	not_validated	not_validated	insufficient_evidence_for_safe_harbor	1.0500923303365708	65.36666666666666	15	19.0	27	False
LOC119876429/LOC119872513	NC_051811.1	17262706	17263206	500	1.054014984846115	1.0	66.28494442573258	0.0	0.2	61.061662673950195	3.0	0	1.0	0.510198	4.063	0	0	0	0	0	0		no_promoter_enhancer_in_queried_epic_tissues	False	not_assessed			not_assessed	pilot_only	not_validated	not_validated	insufficient_evidence_for_safe_harbor	1.0457165031433104	64.53333333333333	14	19.0	27	False
LOC119876429/LOC119872513	NC_051811.1	17262956	17263456	500	0.9846778719425201	1.0	46.14348265409229	0.0	0.2	61.061662673950195	3.0	0	1.0	0.479842	3.802	0	0	0	0	0	0		no_promoter_enhancer_in_queried_epic_tissues	False	not_assessed			not_assessed	pilot_only	not_validated	not_validated	insufficient_evidence_for_safe_harbor	0.9763541058301926	44.333333333333336	10	15.5	26	False
LOC119876429/LOC119872513	NC_051811.1	17263206	17263706	500	0.9136475677490234	1.0	25.564163017851126	0.0	0.0		0.0	82	1.0	0.225324	3.394	0	0	0	0	0	0		no_promoter_enhancer_in_queried_epic_tissues	False	not_assessed			not_assessed	pilot_only	not_validated	not_validated	insufficient_evidence_for_safe_harbor	0.9053233293294907	24.633333333333333	10	14.5	26	False
LOC119876429/LOC119872513	NC_051811.1	17263456	17263956	500	0.9828651916980743	1.0	45.60458066689121	0.0	0.0		0.0	153	1.0	0.119716	3.897	0	0	0	0	0	0		no_promoter_enhancer_in_queried_epic_tissues	False	not_assessed			not_assessed	pilot_only	not_validated	not_validated	insufficient_evidence_for_safe_harbor	0.9828718011379242	46.666666666666664	11	19.0	27	False
LOC119876429/LOC119872513	NC_051811.1	17263706	17264206	500	1.0940731210708619	1.0	74.33479285954867	0.0	0.0		0.0	71	1.0	0.211634	3.897	0	0	0	0	0	0		no_promoter_enhancer_in_queried_epic_tissues	False	not_assessed			not_assessed	pilot_only	not_validated	not_validated	insufficient_evidence_for_safe_harbor	1.091534091949463	74.16666666666667	17	25.0	36	False
LOC119876429/LOC119872513	NC_051811.1	17263956	17264456	500	1.0607016305923462	1.0	67.86796901313573	0.0	0.2	100.0	2.0	184	1.0	0.29673	3.701	0	0	0	0	152	0		no_promoter_enhancer_in_queried_epic_tissues	False	not_assessed			not_assessed	pilot_only	not_validated	not_validated	insufficient_evidence_for_safe_harbor	1.05769828748703	67.63333333333334	15	24.5	36	False
LOC119876429/LOC119872513	NC_051811.1	17264206	17264706	500	1.0265848933458328	1.0	58.369821488716745	0.0	0.2	100.0	2.0	223	1.0	0.232238	3.701	0	0	0	0	402	0		no_promoter_enhancer_in_queried_epic_tissues	False	not_assessed			not_assessed	pilot_only	not_validated	not_validated	insufficient_evidence_for_safe_harbor	1.023732264995575	58.13333333333334	14	24.0	29	False
LOC119876429/LOC119872513	NC_051811.1	17264456	17264956	500	1.057295405626297	1.0	66.99225328393399	0.0	0.2	84.12796401977539	6.0	83	1.0	0.11506	3.488	0	0	0	0	500	0		no_promoter_enhancer_in_queried_epic_tissues	False	not_assessed			not_assessed	pilot_only	not_validated	not_validated	insufficient_evidence_for_safe_harbor	1.0552887586355209	67.03333333333333	14	23.5	29	False
LOC119876429/LOC119872513	NC_051811.1	17264706	17265206	500	0.9857311667203903	1.0	46.88447288649377	0.0	0.2	84.12796401977539	6.0	141	0.988	0.06602024291497975	3.488	0	0	0	0	394	0		no_promoter_enhancer_in_queried_epic_tissues	False	not_assessed			not_assessed	pilot_only	not_validated	not_validated	insufficient_evidence_for_safe_harbor	0.9861194818019867	47.93333333333333	9	18.0	25	False
LOC119876429/LOC119872513	NC_051811.1	17264956	17265456	500	0.9335210419297219	1.0	31.391040754462786	0.0	0.0		0.0	97	0.988	0.07242105263157894	3.563	0	0	0	0	144	0		no_promoter_enhancer_in_queried_epic_tissues	False	not_assessed			not_assessed	pilot_only	not_validated	not_validated	insufficient_evidence_for_safe_harbor	0.9335273324251175	32.6	5	15.0	24	False
LOC119876429/LOC119872513	NC_051811.1	17265206	17265706	500	1.0047903013825417	1.0	52.30717413270462	0.0	0.0		0.0	163	1.0	0.10166000000000001	3.563	0	0	0	0	0	0		no_promoter_enhancer_in_queried_epic_tissues	False	not_assessed			not_assessed	pilot_only	not_validated	not_validated	insufficient_evidence_for_safe_harbor	1.0047970607280732	53.1	5	17.5	27	False
LOC119876429/LOC119872513	NC_051811.1	17265456	17265956	500	1.058706703543663	1.0	67.49747389693499	0.0	0.0		0.0	227	1.0	0.163502	2.493	0	0	0	0	61	0		no_promoter_enhancer_in_queried_epic_tissues	False	not_assessed			not_assessed	pilot_only	not_validated	not_validated	insufficient_evidence_for_safe_harbor	1.0587138189077376	68.03333333333333	9	21.0	32	False
LOC119876429/LOC119872513	NC_051811.1	17265706	17266206	500	1.129576646566391	1.0	79.42068036375885	0.0	0.0		0.0	64	1.0	0.28458799999999995	2.493	0	0	0	0	311	0		no_promoter_enhancer_in_queried_epic_tissues	False	not_assessed			not_assessed	pilot_only	not_validated	not_validated	insufficient_evidence_for_safe_harbor	1.1292822259664534	79.5	17	28.0	32	False
LOC119876429/LOC119872513	NC_051811.1	17265956	17266456	500	1.0723798534870148	1.0	70.32670932974065	0.0	0.0		0.0	58	1.0	0.21603599999999998	2.472	0	0	0	0	500	0		no_promoter_enhancer_in_queried_epic_tissues	False	not_assessed			not_assessed	pilot_only	not_validated	not_validated	insufficient_evidence_for_safe_harbor	1.07222616481781	70.76666666666667	15	24.0	32	False
LOC119876429/LOC119872513	NC_051811.1	17266206	17266706	500	0.8569347072839737	1.0	11.721118221623442	0.0	0.0		0.0	243	1.0	0.07892199999999999	2.443	0	0	0	0	500	0		no_promoter_enhancer_in_queried_epic_tissues	False	not_assessed			not_assessed	pilot_only	not_validated	not_validated	insufficient_evidence_for_safe_harbor	0.8570815968513489	13.733333333333334	9	16.0	26	False
LOC119876429/LOC119872513	NC_051811.1	17266456	17266956	500	0.8211289800405502	1.0	6.938363085213877	0.0	0.0		0.0	414	1.0	0.029134000000000004	2.443	0	0	0	0	500	0		no_promoter_enhancer_in_queried_epic_tissues	False	not_assessed			not_assessed	pilot_only	not_validated	not_validated	insufficient_evidence_for_safe_harbor	0.8211345171928406	8.966666666666667	9	14.0	25	False
LOC119876429/LOC119872513	NC_051811.1	17266706	17267206	500	0.9631290663480758	1.0	39.67665880767935	0.0	0.0		0.0	457	1.0	0.080792	2.949	0	0	0	0	500	0		no_promoter_enhancer_in_queried_epic_tissues	False	not_assessed			not_assessed	pilot_only	not_validated	not_validated	insufficient_evidence_for_safe_harbor	0.9593392419815063	39.7	12	19.0	26	False
LOC119876429/LOC119872513	NC_051811.1	17266956	17267456	500	0.9429180955886841	1.0	34.79285954866958	0.0	0.0		0.0	239	1.0	0.082254	2.949	0	0	0	0	339	0		no_promoter_enhancer_in_queried_epic_tissues	False	not_assessed			not_assessed	pilot_only	not_validated	not_validated	insufficient_evidence_for_safe_harbor	0.9391281462907791	34.833333333333336	4	16.5	26	False
LOC119876429/LOC119872513	NC_051811.1	17267206	17267706	500	0.9293824506998062	1.0	30.447962276860896	0.0	0.0		0.0	11	1.0	0.2738439999999999	5.401	0	0	0	0	89	0		no_promoter_enhancer_in_queried_epic_tissues	False	not_assessed			not_assessed	pilot_only	not_validated	not_validated	insufficient_evidence_for_safe_harbor	0.929388723731041	31.766666666666666	4	12.0	20	False
LOC119876429/LOC119872513	NC_051811.1	17267456	17267956	500	0.9046447241306305	1.0	22.937015830245873	0.0	0.0		0.0	0	1.0	0.583506	5.401	0	0	0	0	0	0		no_promoter_enhancer_in_queried_epic_tissues	False	not_assessed			not_assessed	pilot_only	not_validated	not_validated	insufficient_evidence_for_safe_harbor	0.8931897835731506	21.333333333333336	7	15.0	26	False
LOC119876429/LOC119872513	NC_051811.1	17267706	17268206	500	0.8910242666006088	1.0	19.299427416638597	0.0	0.0		0.0	0	1.0	0.43823600000000007	4.062	0	0	0	0	0	0		no_promoter_enhancer_in_queried_epic_tissues	False	not_assessed			not_assessed	pilot_only	not_validated	not_validated	insufficient_evidence_for_safe_harbor	0.8757121231555939	17.166666666666668	7	18.0	26	False
LOC119876429/LOC119872513	NC_051811.1	17267956	17268456	500	0.9827270926237106	1.0	45.60458066689121	0.0	0.0		0.0	131	1.0	0.235394	3.607	0	0	0	0	0	0		no_promoter_enhancer_in_queried_epic_tissues	False	not_assessed			not_assessed	pilot_only	not_validated	not_validated	insufficient_evidence_for_safe_harbor	0.9758427513837814	44.2	14	21.0	27	False
LOC119876429/LOC119872513	NC_051811.1	17268206	17268706	500	1.010387452840805	1.0	54.024924216908055	0.0	0.0		0.0	131	1.0	0.325796	5.117	0	0	0	0	0	0		no_promoter_enhancer_in_queried_epic_tissues	False	not_assessed			not_assessed	pilot_only	not_validated	not_validated	insufficient_evidence_for_safe_harbor	1.0073604090213775	54.03333333333333	12	21.5	27	False
LOC119876429/LOC119872513	NC_051811.1	17268456	17268956	500	0.9887524644136428	1.0	47.76018861569552	0.0	0.1	100.0	1.0	70	1.0	0.522528	6.226	0	0	0	0	0	0		no_promoter_enhancer_in_queried_epic_tissues	False	not_assessed			not_assessed	pilot_only	not_validated	not_validated	insufficient_evidence_for_safe_harbor	0.9875392028093338	48.333333333333336	10	19.5	27	False
LOC119876429/LOC119872513	NC_051811.1	17268706	17269206	500	0.9295104039907456	1.0	30.447962276860896	0.0	0.1	100.0	1.0	70	1.0	0.48629400000000006	6.226	0	0	0	0	0	0		no_promoter_enhancer_in_queried_epic_tissues	False	not_assessed			not_assessed	pilot_only	not_validated	not_validated	insufficient_evidence_for_safe_harbor	0.9277577803134919	31.3	10	19.0	24	False
LOC119876429/LOC119872513	NC_051811.1	17268956	17269456	500	0.8635465037822724	1.0	12.866284944425733	0.0	0.0		0.0	0	1.0	0.371442	4.778	0	0	0	0	0	0		no_promoter_enhancer_in_queried_epic_tissues	False	not_assessed			not_assessed	pilot_only	not_validated	not_validated	insufficient_evidence_for_safe_harbor	0.8630133632421494	14.466666666666667	7	14.0	22	False
LOC119876429/LOC119872513	NC_051811.1	17269206	17269706	500	0.8528191491365432	1.0	10.879083866621759	0.0	0.0		0.0	184	1.0	0.315384	6.062	0	0	0	0	0	0		no_promoter_enhancer_in_queried_epic_tissues	False	not_assessed			not_assessed	pilot_only	not_validated	not_validated	insufficient_evidence_for_safe_harbor	0.8471609904766083	12.066666666666666	7	12.0	23	False
LOC119876429/LOC119872513	NC_051811.1	17269456	17269956	500	0.9455073858499528	1.0	35.33176153587066	0.0	0.0		0.0	342	1.0	0.290596	6.062	0	0	0	0	0	0		no_promoter_enhancer_in_queried_epic_tissues	False	not_assessed			not_assessed	pilot_only	not_validated	not_validated	insufficient_evidence_for_safe_harbor	0.9398498576879502	34.9	9	18.0	29	False
LOC119876429/LOC119872513	NC_051811.1	17269706	17270206	500	0.9623605852127075	1.0	39.373526439878745	0.0	0.1	100.0	1.0	240	1.0	0.268884	4.102	0	0	0	0	0	0		no_promoter_enhancer_in_queried_epic_tissues	False	not_assessed			not_assessed	pilot_only	not_validated	not_validated	insufficient_evidence_for_safe_harbor	0.9583041182756424	39.43333333333333	13	17.0	29	False
LOC119876429/LOC119872513	NC_051811.1	17269956	17270456	500	0.9952911015748978	1.0	49.64634557089929	0.0	0.1	100.0	1.0	332	1.0	0.330692	5.328	0	0	0	0	161	0		no_promoter_enhancer_in_queried_epic_tissues	False	not_assessed			not_assessed	pilot_only	not_validated	not_validated	insufficient_evidence_for_safe_harbor	0.9912348599433899	49.43333333333334	10	16.0	24	False
LOC119876429/LOC119872513	NC_051811.1	17270206	17270706	500	1.1111479276418685	1.0	76.86089592455372	0.0	0.0		0.0	481	1.0	0.391086	6.979	0	0	0	0	411	0		no_promoter_enhancer_in_queried_epic_tissues	False	not_assessed			not_assessed	pilot_only	not_validated	not_validated	insufficient_evidence_for_safe_harbor	1.1111554250717164	77.2	10	18.0	26	False
LOC119876429/LOC119872513	NC_051811.1	17270456	17270956	500	1.0698616790771485	1.0	69.65308184573931	0.0	0.0		0.0	442	1.0	0.14286600000000002	6.979	0	0	0	0	439	0		no_promoter_enhancer_in_queried_epic_tissues	False	not_assessed			not_assessed	pilot_only	not_validated	not_validated	insufficient_evidence_for_safe_harbor	1.0715126535892487	70.6	15	22.0	27	False
LOC119876429/LOC119872513	NC_051811.1	17270706	17271206	500	0.9711458678245545	1.0	41.86594813068373	0.0	0.0		0.0	244	0.998	0.016535070140280553	4.009	0	0	0	0	189	0		no_promoter_enhancer_in_queried_epic_tissues	False	not_assessed			not_assessed	pilot_only	not_validated	not_validated	insufficient_evidence_for_safe_harbor	0.9727961803674698	43.233333333333334	16	21.0	27	False
LOC119876429/LOC119872513	NC_051811.1	17270956	17271456	500	0.9463880944252014	1.0	35.53384978107107	0.0	0.1	51.501243591308594	2.0	100	0.998	0.0942324649298597	3.34	0	0	0	0	0	0		no_promoter_enhancer_in_queried_epic_tissues	False	not_assessed			not_assessed	pilot_only	not_validated	not_validated	insufficient_evidence_for_safe_harbor	0.9414259841442109	35.36666666666667	14	20.0	28	False
LOC119876429/LOC119872513	NC_051811.1	17271206	17271706	500	0.9575657346248627	1.0	38.19467834287639	0.0	0.1	51.501243591308594	2.0	184	1.0	0.061892	5.003	0	0	0	0	0	0		no_promoter_enhancer_in_queried_epic_tissues	False	not_assessed			not_assessed	pilot_only	not_validated	not_validated	insufficient_evidence_for_safe_harbor	0.953250960111618	38.13333333333333	10	20.0	29	False
LOC119876429/LOC119872513	NC_051811.1	17271456	17271956	500	0.978671683549881	1.0	44.291007073088586	0.0	0.0		0.0	117	1.0	0.020353999999999994	5.003	0	0	0	0	0	0		no_promoter_enhancer_in_queried_epic_tissues	False	not_assessed			not_assessed	pilot_only	not_validated	not_validated	insufficient_evidence_for_safe_harbor	0.9739821889400482	43.53333333333333	10	20.0	29	False
LOC119876429/LOC119872513	NC_051811.1	17271706	17272206	500	0.986569662451744	1.0	47.052879757494104	0.0	0.0		0.0	0	1.0	0.229574	5.939	0	0	0	0	0	0		no_promoter_enhancer_in_queried_epic_tissues	False	not_assessed			not_assessed	pilot_only	not_validated	not_validated	insufficient_evidence_for_safe_harbor	0.9589480882883072	39.6	13	20.0	28	False
LOC119876429/LOC119872513	NC_051811.1	17271956	17272456	500	0.9226397432684899	1.0	28.157628831256314	0.0	0.0		0.0	27	0.97	0.6035195876288659	5.939	0	0	0	0	0	0		no_promoter_enhancer_in_queried_epic_tissues	False	not_assessed			not_assessed	pilot_only	not_validated	not_validated	insufficient_evidence_for_safe_harbor	0.9015758680105209	23.799999999999997	9	19.0	27	False
LOC119876429/LOC119872513	NC_051811.1	17272206	17272706	500	0.8578080969452858	1.0	11.956887841023914	0.0	0.1	91.61817932128906	6.0	82	0.97	0.4983711340206185	5.198	0	0	0	0	195	0		no_promoter_enhancer_in_queried_epic_tissues	False	not_assessed			not_assessed	pilot_only	not_validated	not_validated	insufficient_evidence_for_safe_harbor	0.8589964859485626	14.033333333333333	9	15.5	27	False
LOC119876429/LOC119872513	NC_051811.1	17272456	17272956	500	0.8853940678834915	1.0	17.91849107443584	0.0	0.1	91.61817932128906	6.0	55	1.0	0.265722	5.795	0	0	0	0	400	0		no_promoter_enhancer_in_queried_epic_tissues	False	not_assessed			not_assessed	pilot_only	not_validated	not_validated	insufficient_evidence_for_safe_harbor	0.8759853143692017	17.233333333333334	9	16.0	22	False
LOC119876429/LOC119872513	NC_051811.1	17272706	17273206	500	0.9759810754060745	1.0	43.078477601886156	0.0	0.0		0.0	0	1.0	0.24586199999999997	5.795	0	0	0	0	205	0		no_promoter_enhancer_in_queried_epic_tissues	False	not_assessed			not_assessed	pilot_only	not_validated	not_validated	insufficient_evidence_for_safe_harbor	0.9612400227785111	40.13333333333333	13	21.0	30	False
LOC119876429/LOC119872513	NC_051811.1	17272956	17273456	500	0.9897684652805329	1.0	47.99595823509599	0.0	0.0		0.0	43	1.0	0.125482	4.727	0	0	0	0	0	0		no_promoter_enhancer_in_queried_epic_tissues	False	not_assessed			not_assessed	pilot_only	not_validated	not_validated	insufficient_evidence_for_safe_harbor	0.9776519265174866	44.93333333333333	9	22.0	30	False
LOC119876429/LOC119872513	NC_051811.1	17273206	17273706	500	1.007799681544304	1.0	53.486022229706975	0.0	0.0		0.0	115	1.0	0.17850400000000002	4.727	0	0	0	0	0	0		no_promoter_enhancer_in_queried_epic_tissues	False	not_assessed			not_assessed	pilot_only	not_validated	not_validated	insufficient_evidence_for_safe_harbor	1.0015359462499618	52.06666666666667	9	19.5	28	False
LOC119876429/LOC119872513	NC_051811.1	17273456	17273956	500	0.9449108341932296	1.0	35.163354664870326	0.0	0.0		0.0	160	1.0	0.131796	4.323	0	0	0	0	0	0		no_promoter_enhancer_in_queried_epic_tissues	False	not_assessed			not_assessed	pilot_only	not_validated	not_validated	insufficient_evidence_for_safe_harbor	0.9173365135788918	28.066666666666666	3	16.0	28	False
LOC119876429/LOC119872513	NC_051811.1	17273706	17274206	500	0.9110644253492355	1.0	24.823172785449646	0.0	0.012	100.0	2.0	230	1.0	-0.024991999999999993	2.931	0	0	0	0	0	0		no_promoter_enhancer_in_queried_epic_tissues	False	not_assessed			not_assessed	pilot_only	not_validated	not_validated	insufficient_evidence_for_safe_harbor	0.8830022669434547	19.133333333333333	3	13.5	26	False
LOC119876429/LOC119872513	NC_051811.1	17273956	17274456	500	1.0420018540620803	1.0	63.21993937352644	0.0	0.1	100.0	2.0	220	1.0	-0.017653999999999993	2.931	0	0	0	0	147	0		no_promoter_enhancer_in_queried_epic_tissues	False	not_assessed			not_assessed	pilot_only	not_validated	not_validated	insufficient_evidence_for_safe_harbor	1.0420088744163514	63.866666666666674	8	16.0	25	False
LOC119876429/LOC119872513	NC_051811.1	17274011	17274511	500	1.0680293414592743	1.0	69.38363085213877	0.0	0.1	100.0	2.0	165	1.0	-0.016506	2.931	0	0	0	0	202	0		no_promoter_enhancer_in_queried_epic_tissues	False	not_assessed			not_assessed	pilot_only	not_validated	not_validated	insufficient_evidence_for_safe_harbor	1.0680365364551545	69.73333333333333	8	17.0	25	False
LOC119876429/LOC119872513	NC_051811.1	17217706	17218706	1000	1.021882973253727	1.0	58.93638505553685	0.0	0.2	77.45018005371094	8.0	774	1.0	0.321944	6.072	0	0	0	0	400	400	MG	regulatory_annotation_present	False	not_assessed			not_assessed	pilot_only	not_validated	not_validated	regulatory_conflict_requires_resolution	1.0171984206438065	58.266666666666666	16	23.5	34	False
LOC119876429/LOC119872513	NC_051811.1	17217956	17218956	1000	1.0120430930256843	1.0	56.4119824974756	0.0	0.144	87.18744521670871	8.0	539	0.999	0.21836036036036036	4.498	0	0	0	0	381	381	MG	regulatory_annotation_present	False	not_assessed			not_assessed	pilot_only	not_validated	not_validated	regulatory_conflict_requires_resolution	1.007358473420143	55.50000000000001	9	23.0	34	False
LOC119876429/LOC119872513	NC_051811.1	17218206	17219206	1000	0.9456464166045189	1.0	32.41332884550656	0.0	0.05	100.0	2.0	499	0.999	0.13725225225225227	4.221	0	0	0	0	131	131	MG	regulatory_annotation_present	False	not_assessed			not_assessed	pilot_only	not_validated	not_validated	regulatory_conflict_requires_resolution	0.9456527861356735	33.900000000000006	9	21.0	34	False
LOC119876429/LOC119872513	NC_051811.1	17218456	17219456	1000	0.9862150265574455	1.0	47.69437899697071	0.0	0.05	100.0	2.0	432	0.999	0.11805205205205205	4.221	0	0	0	0	0	0		no_promoter_enhancer_in_queried_epic_tissues	False	not_assessed			not_assessed	pilot_only	not_validated	not_validated	insufficient_evidence_for_safe_harbor	0.9855718202590943	48.699999999999996	9	21.5	34	False
LOC119876429/LOC119872513	NC_051811.1	17218706	17219706	1000	0.9982862718105316	1.0	51.69976438909458	0.0	0.0		0.0	215	0.999	0.09275475475475477	4.221	0	0	0	0	0	0		no_promoter_enhancer_in_queried_epic_tissues	False	not_assessed			not_assessed	pilot_only	not_validated	not_validated	insufficient_evidence_for_safe_harbor	0.9886548900604248	49.5	9	22.0	31	False
LOC119876429/LOC119872513	NC_051811.1	17218956	17219956	1000	1.0255890142917634	1.0	59.81151127566476	0.0	0.0		0.0	262	1.0	0.171604	6.757	0	0	0	0	0	0		no_promoter_enhancer_in_queried_epic_tissues	False	not_assessed			not_assessed	pilot_only	not_validated	not_validated	insufficient_evidence_for_safe_harbor	1.0159336842894555	58.06666666666666	17	25.0	31	False
LOC119876429/LOC119872513	NC_051811.1	17219206	17220206	1000	1.0302120624184608	1.0	61.15785930663077	0.0	0.0		0.0	302	1.0	0.242029	6.757	0	0	0	0	0	0		no_promoter_enhancer_in_queried_epic_tissues	False	not_assessed			not_assessed	pilot_only	not_validated	not_validated	insufficient_evidence_for_safe_harbor	1.0205567559599877	59.166666666666664	13	25.0	33	False
LOC119876429/LOC119872513	NC_051811.1	17219456	17220456	1000	1.039656345307827	1.0	63.64860316391787	0.0	0.05	100.0	1.0	312	1.0	0.325188	6.757	0	0	0	0	0	0		no_promoter_enhancer_in_queried_epic_tissues	False	not_assessed			not_assessed	pilot_only	not_validated	not_validated	insufficient_evidence_for_safe_harbor	1.0306509378552438	62.06666666666667	13	24.5	33	False
LOC119876429/LOC119872513	NC_051811.1	17219706	17220706	1000	1.0210477126240731	1.0	58.667115449343655	0.0	0.05	100.0	1.0	312	1.0	0.27942500000000003	6.757	0	0	0	0	0	0		no_promoter_enhancer_in_queried_epic_tissues	False	not_assessed			not_assessed	pilot_only	not_validated	not_validated	insufficient_evidence_for_safe_harbor	1.0210304438471793	59.46666666666667	4	24.0	33	False
LOC119876429/LOC119872513	NC_051811.1	17219956	17220956	1000	0.9991957666277885	1.0	51.93537529451363	0.0	0.05	100.0	1.0	348	1.0	0.23065100000000002	4.886	0	0	0	0	22	22	MG	regulatory_annotation_present	False	not_assessed			not_assessed	pilot_only	not_validated	not_validated	regulatory_conflict_requires_resolution	0.9989681603908539	52.900000000000006	4	18.5	33	False
LOC119876429/LOC119872513	NC_051811.1	17220206	17221206	1000	1.0526851446628571	1.0	67.11544934365533	0.0	0.05	100.0	1.0	105	1.0	0.22378800000000001	4.886	0	0	0	0	272	272	MG;SP	regulatory_annotation_present	False	not_assessed			not_assessed	pilot_only	not_validated	not_validated	regulatory_conflict_requires_resolution	1.0507667870521546	67.30000000000001	4	20.0	33	False
LOC119876429/LOC119872513	NC_051811.1	17220456	17221456	1000	1.0677643002867698	1.0	70.27936721642544	0.0	0.0		0.0	99	1.0	0.133154	4.886	0	0	0	0	522	522	MG;SP	regulatory_annotation_present	False	not_assessed			not_assessed	pilot_only	not_validated	not_validated	regulatory_conflict_requires_resolution	1.065846055150032	70.43333333333334	4	21.0	33	False
LOC119876429/LOC119872513	NC_051811.1	17220706	17221706	1000	1.0665298054814338	1.0	70.01009761023225	0.0	0.0		0.0	238	1.0	0.19548500000000002	4.886	0	0	0	0	600	600	MG;SP	regulatory_annotation_present	False	not_assessed			not_assessed	pilot_only	not_validated	not_validated	regulatory_conflict_requires_resolution	1.0646115587353706	70.23333333333333	4	21.0	34	False
LOC119876429/LOC119872513	NC_051811.1	17220956	17221956	1000	1.0809624633193016	1.0	72.9384045775833	0.0	0.0		0.0	260	1.0	0.21655900000000003	5.105	0	0	0	0	578	578	MG;SP	regulatory_annotation_present	False	not_assessed			not_assessed	pilot_only	not_validated	not_validated	regulatory_conflict_requires_resolution	1.0795113189220429	73.1	11	23.0	34	False
LOC119876429/LOC119872513	NC_051811.1	17221206	17222206	1000	0.9856629154086113	1.0	47.55974419387412	0.0	0.0		0.0	455	1.0	0.312191	5.322	0	0	0	0	328	328	MG;SP	regulatory_annotation_present	False	not_assessed			not_assessed	pilot_only	not_validated	not_validated	regulatory_conflict_requires_resolution	0.984188668847084	48.199999999999996	11	22.0	34	False
LOC119876429/LOC119872513	NC_051811.1	17221456	17222456	1000	0.9181491718292236	1.0	23.123527431841133	0.0	0.0		0.0	492	1.0	0.443558	5.322	0	0	0	0	78	78	MG;SP	regulatory_annotation_present	False	not_assessed			not_assessed	pilot_only	not_validated	not_validated	regulatory_conflict_requires_resolution	0.9167082433700562	24.3	11	20.0	34	False
LOC119876429/LOC119872513	NC_051811.1	17221706	17222706	1000	0.9257386326789856	1.0	25.614271289128236	0.0	0.0		0.0	353	1.0	0.46029099999999995	5.322	0	0	0	0	0	0		no_promoter_enhancer_in_queried_epic_tissues	False	not_assessed			not_assessed	pilot_only	not_validated	not_validated	insufficient_evidence_for_safe_harbor	0.9242977514863014	26.666666666666668	11	20.0	31	False
LOC119876429/LOC119872513	NC_051811.1	17221956	17222956	1000	0.9259727082848549	1.0	25.614271289128236	0.0	0.0		0.0	412	1.0	0.45635499999999996	5.322	0	0	0	0	0	0		no_promoter_enhancer_in_queried_epic_tissues	False	not_assessed			not_assessed	pilot_only	not_validated	not_validated	insufficient_evidence_for_safe_harbor	0.9244155075550079	26.766666666666666	12	19.5	31	False
LOC119876429/LOC119872513	NC_051811.1	17222206	17223206	1000	1.0101544579267503	1.0	55.7388084819926	0.0	0.106	77.75177145903965	6.0	210	1.0	0.5823109999999999	6.122	0	0	0	0	0	0		no_promoter_enhancer_in_queried_epic_tissues	False	not_assessed			not_assessed	pilot_only	not_validated	not_validated	insufficient_evidence_for_safe_harbor	1.0120176336169242	57.36666666666667	12	20.0	33	False
LOC119876429/LOC119872513	NC_051811.1	17222456	17223456	1000	1.0530502505898476	1.0	67.18276674520364	0.0	0.25	83.69652709960937	6.0	169	1.0	0.562715	6.936	0	0	0	0	0	0		no_promoter_enhancer_in_queried_epic_tissues	False	not_assessed			not_assessed	pilot_only	not_validated	not_validated	insufficient_evidence_for_safe_harbor	1.0548799409866334	68.26666666666667	12	23.0	33	False
LOC119876429/LOC119872513	NC_051811.1	17222706	17223706	1000	1.059945181787014	1.0	68.63009087849208	0.0	0.3	78.08043924967448	6.0	169	0.995	0.528886432160804	6.936	0	0	0	147	0	0		no_promoter_enhancer_in_queried_epic_tissues	False	not_assessed			not_assessed	pilot_only	not_validated	not_validated	insufficient_evidence_for_safe_harbor	1.0617749153971672	69.63333333333334	13	24.0	33	True
LOC119876429/LOC119872513	NC_051811.1	17222956	17223956	1000	1.088001625597477	1.0	74.48670481319422	0.0	0.3	78.08043924967448	6.0	245	0.995	0.4336391959798995	6.936	0	0	0	219	0	0		no_promoter_enhancer_in_queried_epic_tissues	False	not_assessed			not_assessed	pilot_only	not_validated	not_validated	insufficient_evidence_for_safe_harbor	1.0897151943445205	75.4	14	25.0	33	True
LOC119876429/LOC119872513	NC_051811.1	17223206	17224206	1000	1.1167901264429092	1.0	78.66038370918884	0.0	0.194	78.26002061981515	4.0	477	0.995	0.2505587939698492	6.936	0	0	0	219	67	0		no_promoter_enhancer_in_queried_epic_tissues	False	not_assessed			not_assessed	pilot_only	not_validated	not_validated	insufficient_evidence_for_safe_harbor	1.1165710322260856	79.06666666666666	14	26.0	34	False
LOC119876429/LOC119872513	NC_051811.1	17223456	17224456	1000	1.1395127376914025	1.0	81.42039717266914	0.0	0.05	50.0	1.0	680	0.995	0.1623467336683417	5.207	0	0	0	219	317	0		no_promoter_enhancer_in_queried_epic_tissues	False	not_assessed			not_assessed	pilot_only	not_validated	not_validated	insufficient_evidence_for_safe_harbor	1.1341757609248162	81.2	14	26.0	34	False
LOC119876429/LOC119872513	NC_051811.1	17223706	17224706	1000	1.1505260965228081	1.0	82.73308650286098	0.0	0.0		0.0	899	1.0	0.21061200000000002	5.207	0	0	0	72	567	0		no_promoter_enhancer_in_queried_epic_tissues	False	not_assessed			not_assessed	pilot_only	not_validated	not_validated	insufficient_evidence_for_safe_harbor	1.145006432414055	82.33333333333334	16	25.0	34	False
LOC119876429/LOC119872513	NC_051811.1	17223956	17224956	1000	1.1202658498883247	1.0	79.26624032312353	0.0	0.0		0.0	654	0.999	0.333028028028028	5.207	0	0	0	0	600	0		no_promoter_enhancer_in_queried_epic_tissues	False	not_assessed			not_assessed	pilot_only	not_validated	not_validated	insufficient_evidence_for_safe_harbor	1.114864625096321	78.86666666666666	11	23.0	34	False
LOC119876429/LOC119872513	NC_051811.1	17224206	17225206	1000	1.0888054303526877	1.0	74.78963312016155	0.0	0.0		0.0	494	0.999	0.4076666666666667	8.368	0	0	0	0	533	0		no_promoter_enhancer_in_queried_epic_tissues	False	not_assessed			not_assessed	pilot_only	not_validated	not_validated	insufficient_evidence_for_safe_harbor	1.0797493054270744	73.13333333333333	11	22.0	33	False
LOC119876429/LOC119872513	NC_051811.1	17224456	17225456	1000	1.050212624669075	1.0	66.61056883204309	0.0	0.05	100.0	1.0	508	0.999	0.749982982982983	8.368	0	0	0	0	283	0		no_promoter_enhancer_in_queried_epic_tissues	False	not_assessed			not_assessed	pilot_only	not_validated	not_validated	insufficient_evidence_for_safe_harbor	1.0462742732167245	66.33333333333333	9	19.5	33	False
LOC119876429/LOC119872513	NC_051811.1	17224706	17225706	1000	1.0425036607980729	1.0	64.65836418714238	0.0	0.05	100.0	1.0	442	0.999	0.725930930930931	8.368	0	0	0	0	33	0		no_promoter_enhancer_in_queried_epic_tissues	False	not_assessed			not_assessed	pilot_only	not_validated	not_validated	insufficient_evidence_for_safe_harbor	1.0387480193376541	64.16666666666667	9	19.0	33	False
LOC119876429/LOC119872513	NC_051811.1	17224956	17225956	1000	1.0574621912240982	1.0	68.12521036687984	0.0	0.05	100.0	1.0	692	1.0	0.636394	8.368	0	0	0	0	0	0		no_promoter_enhancer_in_queried_epic_tissues	False	not_assessed			not_assessed	pilot_only	not_validated	not_validated	insufficient_evidence_for_safe_harbor	1.0510958340168	67.33333333333333	9	23.0	33	False
LOC119876429/LOC119872513	NC_051811.1	17225206	17226206	1000	1.0425210413336754	1.0	64.65836418714238	0.0	0.05	100.0	1.0	870	1.0	0.496933	8.354	0	0	0	0	0	0		no_promoter_enhancer_in_queried_epic_tissues	False	not_assessed			not_assessed	pilot_only	not_validated	not_validated	insufficient_evidence_for_safe_harbor	1.03735286039114	63.66666666666667	9	19.0	33	False
LOC119876429/LOC119872513	NC_051811.1	17225456	17226456	1000	1.04493336302042	1.0	65.16324469875462	0.0	0.0		0.0	903	1.0	0.176448	3.685	0	0	0	0	0	0		no_promoter_enhancer_in_queried_epic_tissues	False	not_assessed			not_assessed	pilot_only	not_validated	not_validated	insufficient_evidence_for_safe_harbor	1.0379175203442574	63.93333333333333	11	19.0	33	False
LOC119876429/LOC119872513	NC_051811.1	17225706	17226706	1000	1.0113713015317918	1.0	56.24368899360485	0.0	0.0		0.0	992	0.999	0.1703063063063063	4.421	0	0	0	0	0	0		no_promoter_enhancer_in_queried_epic_tissues	False	not_assessed			not_assessed	pilot_only	not_validated	not_validated	insufficient_evidence_for_safe_harbor	1.0043552462458611	54.56666666666666	8	18.0	33	False
LOC119876429/LOC119872513	NC_051811.1	17225956	17226956	1000	0.984202455163002	1.0	47.088522383036015	0.0	0.0		0.0	770	0.999	0.1762942942942943	4.421	0	0	0	0	0	0		no_promoter_enhancer_in_queried_epic_tissues	False	not_assessed			not_assessed	pilot_only	not_validated	not_validated	insufficient_evidence_for_safe_harbor	0.9796783857941628	46.400000000000006	8	17.5	25	False
LOC119876429/LOC119872513	NC_051811.1	17226206	17227206	1000	0.9229688166379929	1.0	24.87377987209694	0.0	0.0		0.0	770	0.999	0.1862962962962963	4.421	0	0	0	0	0	0		no_promoter_enhancer_in_queried_epic_tissues	False	not_assessed			not_assessed	pilot_only	not_validated	not_validated	insufficient_evidence_for_safe_harbor	0.9195376741886139	25.266666666666666	8	18.0	25	False
LOC119876429/LOC119872513	NC_051811.1	17226456	17227456	1000	0.9122722925543785	1.0	21.406933692359477	0.0	0.0		0.0	635	0.999	0.17892392392392392	4.421	0	0	0	0	0	0		no_promoter_enhancer_in_queried_epic_tissues	False	not_assessed			not_assessed	pilot_only	not_validated	not_validated	insufficient_evidence_for_safe_harbor	0.910688758790493	22.666666666666664	8	18.0	33	False
LOC119876429/LOC119872513	NC_051811.1	17226706	17227706	1000	0.9492981403470039	1.0	33.49040727027936	0.0	0.0		0.0	471	1.0	0.152587	3.688	0	0	0	0	0	0		no_promoter_enhancer_in_queried_epic_tissues	False	not_assessed			not_assessed	pilot_only	not_validated	not_validated	insufficient_evidence_for_safe_harbor	0.9477148472070694	34.5	5	19.0	33	False
LOC119876429/LOC119872513	NC_051811.1	17226956	17227956	1000	0.931087750852108	1.0	27.364523729384043	0.0	0.0		0.0	606	1.0	0.21231600000000003	4.293	0	0	0	0	0	0		no_promoter_enhancer_in_queried_epic_tissues	False	not_assessed			not_assessed	pilot_only	not_validated	not_validated	insufficient_evidence_for_safe_harbor	0.9291214988231659	28.166666666666668	5	18.0	33	False
LOC119876429/LOC119872513	NC_051811.1	17227206	17228206	1000	0.9429939346909523	1.0	31.268933019185457	0.0	0.0		0.0	389	1.0	0.267767	4.293	0	0	0	0	0	0		no_promoter_enhancer_in_queried_epic_tissues	False	not_assessed			not_assessed	pilot_only	not_validated	not_validated	insufficient_evidence_for_safe_harbor	0.9401729731559754	31.766666666666666	5	18.0	33	False
LOC119876429/LOC119872513	NC_051811.1	17227456	17228456	1000	0.9594109752178193	1.0	37.76506226859643	0.0	0.05	100.0	1.0	522	1.0	0.23616900000000002	5.055	0	0	0	0	0	0		no_promoter_enhancer_in_queried_epic_tissues	False	not_assessed			not_assessed	pilot_only	not_validated	not_validated	insufficient_evidence_for_safe_harbor	0.956590127825737	37.666666666666664	5	18.0	33	False
LOC119876429/LOC119872513	NC_051811.1	17227706	17228706	1000	0.9665873334407806	1.0	40.49141703130259	0.0	0.05	100.0	1.0	608	1.0	0.262691	5.055	0	0	0	0	0	0		no_promoter_enhancer_in_queried_epic_tissues	False	not_assessed			not_assessed	pilot_only	not_validated	not_validated	insufficient_evidence_for_safe_harbor	0.9637665280103683	40.53333333333333	5	18.0	26	False
LOC119876429/LOC119872513	NC_051811.1	17227956	17228956	1000	1.047068539738655	1.0	65.80276001346348	0.0	0.05	100.0	1.0	615	1.0	0.189453	5.055	0	0	0	0	0	0		no_promoter_enhancer_in_queried_epic_tissues	False	not_assessed			not_assessed	pilot_only	not_validated	not_validated	insufficient_evidence_for_safe_harbor	1.0446311140060425	65.66666666666666	10	20.0	27	False
LOC119876429/LOC119872513	NC_051811.1	17228206	17229206	1000	1.1055755851864815	1.0	77.11208347357793	0.0	0.106	90.88754805079046	5.0	615	1.0	0.13062700000000002	5.055	0	0	0	0	0	0		no_promoter_enhancer_in_queried_epic_tissues	False	not_assessed			not_assessed	pilot_only	not_validated	not_validated	insufficient_evidence_for_safe_harbor	1.0998019397854806	76.9	10	20.0	32	False
LOC119876429/LOC119872513	NC_051811.1	17228456	17229456	1000	1.1035851590037347	1.0	76.87647256815887	0.0	0.1	79.20431137084961	5.0	367	1.0	0.125906	3.883	0	0	0	0	0	0		no_promoter_enhancer_in_queried_epic_tissues	False	not_assessed			not_assessed	pilot_only	not_validated	not_validated	insufficient_evidence_for_safe_harbor	1.0978114991188048	76.5	14	21.0	32	False
LOC119876429/LOC119872513	NC_051811.1	17228706	17229706	1000	1.089780910551548	1.0	74.95792662403231	0.0	0.1	79.20431137084961	5.0	203	1.0	0.251293	4.875	0	0	0	0	0	0		no_promoter_enhancer_in_queried_epic_tissues	False	not_assessed			not_assessed	pilot_only	not_validated	not_validated	insufficient_evidence_for_safe_harbor	1.084007162630558	73.96666666666667	15	21.0	32	False
LOC119876429/LOC119872513	NC_051811.1	17228956	17229956	1000	1.0441853620409967	1.0	64.86031639178728	0.0	0.1	79.20431137084961	5.0	33	1.0	0.35047600000000007	5.559	0	0	0	0	0	0		no_promoter_enhancer_in_queried_epic_tissues	False	not_assessed			not_assessed	pilot_only	not_validated	not_validated	insufficient_evidence_for_safe_harbor	1.0384113049507142	64.06666666666668	15	21.0	32	False
LOC119876429/LOC119872513	NC_051811.1	17229206	17230206	1000	1.0248603451251983	1.0	59.64321777179401	0.0	0.044	74.6897964477539	2.0	27	0.999	0.40205105105105104	5.559	0	0	0	0	0	0		no_promoter_enhancer_in_queried_epic_tissues	False	not_assessed			not_assessed	pilot_only	not_validated	not_validated	insufficient_evidence_for_safe_harbor	1.0245383793115617	60.23333333333334	14	21.0	32	False
LOC119876429/LOC119872513	NC_051811.1	17229456	17230456	1000	1.0153704382181168	1.0	57.1524739145069	0.0	0.0		0.0	127	0.999	0.45009609609609613	5.559	0	0	0	0	0	0		no_promoter_enhancer_in_queried_epic_tissues	False	not_assessed			not_assessed	pilot_only	not_validated	not_validated	insufficient_evidence_for_safe_harbor	1.011823163986206	57.333333333333336	13	21.0	32	False
LOC119876429/LOC119872513	NC_051811.1	17229706	17230706	1000	1.0293935611248017	1.0	60.85493099966342	0.0	0.106	84.15908856661815	70.0	127	0.999	0.3311061061061061	5.559	0	0	0	0	0	0		no_promoter_enhancer_in_queried_epic_tissues	False	not_assessed			not_assessed	pilot_only	not_validated	not_validated	insufficient_evidence_for_safe_harbor	1.025846371114254	60.73333333333333	13	22.0	32	False
LOC119876429/LOC119872513	NC_051811.1	17229956	17230956	1000	1.04562288659811	1.0	65.39885560417368	0.0	0.2	87.72701835632324	70.0	127	0.999	0.7658338338338339	10.628	0	0	0	0	0	0		no_promoter_enhancer_in_queried_epic_tissues	False	not_assessed			not_assessed	pilot_only	not_validated	not_validated	insufficient_evidence_for_safe_harbor	1.0431296982765197	65.4	10	21.0	32	False
LOC119876429/LOC119872513	NC_051811.1	17230206	17231206	1000	1.0668024423122406	1.0	70.07741501178054	0.0	0.306	90.57288949006524	70.0	100	1.0	1.007741	10.784	0	0	0	0	0	0		no_promoter_enhancer_in_queried_epic_tissues	False	not_assessed			not_assessed	pilot_only	not_validated	not_validated	insufficient_evidence_for_safe_harbor	1.0661127686500549	70.46666666666667	10	20.0	32	True
LOC119876429/LOC119872513	NC_051811.1	17230456	17231456	1000	1.048380834519863	1.0	66.07202961965667	0.0	0.35	91.75801195417132	70.0	143	1.0	1.019417	10.784	0	0	0	0	116	116	CL	regulatory_annotation_present	False	not_assessed			not_assessed	pilot_only	not_validated	not_validated	regulatory_conflict_requires_resolution	1.0509162796139717	67.30000000000001	4	20.0	32	False
LOC119876429/LOC119872513	NC_051811.1	17230706	17231706	1000	1.0782635457515717	1.0	72.36620666442275	0.0	0.244	95.05918358974769	67.0	217	1.0	1.002661	10.784	0	0	0	0	366	366	CL	regulatory_annotation_present	False	not_assessed			not_assessed	pilot_only	not_validated	not_validated	regulatory_conflict_requires_resolution	1.07769077783823	72.76666666666667	4	20.0	31	False
LOC119876429/LOC119872513	NC_051811.1	17230956	17231956	1000	1.1130527108311654	1.0	78.22282059912487	0.0	0.15	97.13267008463542	11.0	217	1.0	0.54628	10.784	0	0	0	0	616	616	CL	regulatory_annotation_present	False	not_assessed			not_assessed	pilot_only	not_validated	not_validated	regulatory_conflict_requires_resolution	1.111426281630993	78.36666666666666	4	22.0	31	False
LOC119876429/LOC119872513	NC_051811.1	17231206	17232206	1000	1.0510440992712975	1.0	66.6778862335914	0.0	0.094	79.68558656408432	4.0	217	1.0	0.30232299999999995	5.455	0	0	0	0	866	866	CL	regulatory_annotation_present	False	not_assessed			not_assessed	pilot_only	not_validated	not_validated	regulatory_conflict_requires_resolution	1.04794275277853	66.63333333333334	4	21.0	31	False
LOC119876429/LOC119872513	NC_051811.1	17231456	17232456	1000	1.0691577427387238	1.0	70.5822955233928	0.0	0.05	61.808902740478516	4.0	74	1.0	0.206727	5.455	0	0	0	0	1000	1000	CL	regulatory_annotation_present	False	not_assessed			not_assessed	pilot_only	not_validated	not_validated	regulatory_conflict_requires_resolution	1.0660565105080604	70.46666666666667	7	21.5	31	False
LOC119876429/LOC119872513	NC_051811.1	17231706	17232706	1000	1.030742203772068	1.0	61.359811511275666	0.0	0.05	61.808902740478516	4.0	157	1.0	0.253565	4.823	0	0	0	0	1000	1000	CL	regulatory_annotation_present	False	not_assessed			not_assessed	pilot_only	not_validated	not_validated	regulatory_conflict_requires_resolution	1.0307491310238839	62.1	7	21.5	31	False
LOC119876429/LOC119872513	NC_051811.1	17231956	17232956	1000	0.9726809883713722	1.0	42.7802086839448	0.0	0.15	87.26963424682617	4.0	157	1.0	0.354119	4.671	0	0	0	0	1000	1000	CL	regulatory_annotation_present	False	not_assessed			not_assessed	pilot_only	not_validated	not_validated	regulatory_conflict_requires_resolution	0.9726875287890434	43.86666666666667	7	21.0	32	False
LOC119876429/LOC119872513	NC_051811.1	17232206	17233206	1000	1.0300667089819908	1.0	61.056883204308306	0.0	0.1	100.0	1.0	157	1.0	0.29912600000000006	4.671	0	0	0	0	1000	1000	CL	regulatory_annotation_present	False	not_assessed			not_assessed	pilot_only	not_validated	not_validated	regulatory_conflict_requires_resolution	1.030073640525341	61.83333333333333	9	23.0	35	False
LOC119876429/LOC119872513	NC_051811.1	17232456	17233456	1000	1.044022898733616	1.0	64.86031639178728	0.0	0.1	100.0	1.0	157	1.0	0.402237	5.746	0	0	0	0	1000	1000	CL	regulatory_annotation_present	False	not_assessed			not_assessed	pilot_only	not_validated	not_validated	regulatory_conflict_requires_resolution	1.0440299278497696	65.53333333333333	14	22.5	35	False
LOC119876429/LOC119872513	NC_051811.1	17232706	17233706	1000	1.0516367871165275	1.0	66.81252103668798	0.0	0.1	100.0	1.0	0	1.0	0.37478300000000003	5.746	0	0	0	0	1000	1000	CL	regulatory_annotation_present	False	not_assessed			not_assessed	pilot_only	not_validated	not_validated	regulatory_conflict_requires_resolution	1.0512616649270057	67.43333333333334	14	20.5	35	False
LOC119876429/LOC119872513	NC_051811.1	17232956	17233956	1000	1.1190914229154587	1.0	79.06428811847863	0.0	0.0		0.0	0	1.0	0.170982	5.746	0	0	0	0	1000	1000	CL;MG	regulatory_annotation_present	False	not_assessed			not_assessed	pilot_only	not_validated	not_validated	regulatory_conflict_requires_resolution	1.1198038583397865	79.56666666666666	14	21.0	35	False
LOC119876429/LOC119872513	NC_051811.1	17233206	17234206	1000	1.1358366922140122	1.0	81.11746886570178	0.0	0.0		0.0	34	1.0	0.10260799999999999	5.746	0	0	0	0	1000	1000	CL;MG	regulatory_annotation_present	False	not_assessed			not_assessed	pilot_only	not_validated	not_validated	regulatory_conflict_requires_resolution	1.1355504118800164	81.36666666666666	14	22.0	31	False
LOC119876429/LOC119872513	NC_051811.1	17233456	17234456	1000	1.1986387373209	1.0	86.53651969033996	0.0	0.0		0.0	34	1.0	0.025693999999999984	3.63	0	0	0	0	1000	1000	CL;MG	regulatory_annotation_present	False	not_assessed			not_assessed	pilot_only	not_validated	not_validated	regulatory_conflict_requires_resolution	1.1997622615695	87.0	13	24.0	39	False
LOC119876429/LOC119872513	NC_051811.1	17233706	17234706	1000	1.2073304442167283	1.0	87.20969370582296	0.0	0.0		0.0	34	1.0	0.01756499999999999	3.982	0	0	0	0	983	983	CL;MG	regulatory_annotation_present	False	not_assessed			not_assessed	pilot_only	not_validated	not_validated	regulatory_conflict_requires_resolution	1.2079261391162872	87.6	13	26.5	39	False
LOC119876429/LOC119872513	NC_051811.1	17233956	17234956	1000	1.205071345925331	1.0	87.00774150117806	0.0	0.0		0.0	230	1.0	0.069637	6.154	0	0	0	0	733	733	CL;MG	regulatory_annotation_present	False	not_assessed			not_assessed	pilot_only	not_validated	not_validated	regulatory_conflict_requires_resolution	1.2040447172522546	87.2	13	28.5	39	False
LOC119876429/LOC119872513	NC_051811.1	17234206	17235206	1000	1.215938766360283	1.0	88.21945472904747	0.0	0.0		0.0	295	1.0	0.15390399999999999	6.154	0	0	0	0	483	483	CL;MG	regulatory_annotation_present	False	not_assessed			not_assessed	pilot_only	not_validated	not_validated	regulatory_conflict_requires_resolution	1.2159110369086266	88.46666666666667	13	29.0	39	False
LOC119876429/LOC119872513	NC_051811.1	17234456	17235456	1000	1.1808872253894807	1.0	85.425782564793	0.0	0.0		0.0	295	1.0	0.194937	6.154	0	0	0	0	233	233	CL;MG	regulatory_annotation_present	False	not_assessed			not_assessed	pilot_only	not_validated	not_validated	regulatory_conflict_requires_resolution	1.179449876010418	85.66666666666667	17	29.0	40	False
LOC119876429/LOC119872513	NC_051811.1	17234706	17235706	1000	1.1670652655959128	1.0	84.4160215415685	0.0	0.0		0.0	400	1.0	0.278793	6.154	0	0	0	0	0	0		no_promoter_enhancer_in_queried_epic_tissues	False	not_assessed			not_assessed	pilot_only	not_validated	not_validated	insufficient_evidence_for_safe_harbor	1.1665379167795182	84.56666666666666	10	29.0	40	False
LOC119876429/LOC119872513	NC_051811.1	17234956	17235956	1000	1.2039294957518578	1.0	86.94042409962975	0.0	0.05	33.33333206176758	1.0	204	1.0	0.322791	5.848	0	0	0	0	0	0		no_promoter_enhancer_in_queried_epic_tissues	False	not_assessed			not_assessed	pilot_only	not_validated	not_validated	insufficient_evidence_for_safe_harbor	1.2033100192546844	87.16666666666667	10	29.0	46	True
LOC119876429/LOC119872513	NC_051811.1	17235206	17236206	1000	1.230921023786068	1.0	89.29653315382026	3.0	0.056	35.27677304404123	46.0	105	1.0	0.28481300000000004	5.848	0	0	0	0	0	0		no_promoter_enhancer_in_queried_epic_tissues	False	not_assessed			not_assessed	pilot_only	not_validated	not_validated	insufficient_evidence_for_safe_harbor	1.2303167140483857	89.46666666666667	10	32.0	46	True
LOC119876429/LOC119872513	NC_051811.1	17235456	17236456	1000	1.41174393504858	1.0	95.92729720632784	3.0	0.2	59.53159141540527	60.0	190	1.0	0.32186800000000004	5.848	0	0	0	0	0	0		no_promoter_enhancer_in_queried_epic_tissues	False	not_assessed			not_assessed	pilot_only	not_validated	not_validated	insufficient_evidence_for_safe_harbor	1.4115954686403274	96.0	10	34.0	57	False
LOC119876429/LOC119872513	NC_051811.1	17235706	17236706	1000	1.41790101313591	1.0	96.02827330865028	3.0	0.2	59.53159141540527	60.0	94	1.0	0.2901990000000001	5.848	0	0	0	0	0	0		no_promoter_enhancer_in_queried_epic_tissues	True	assessed_catalogue_variants_present	13	2	no_overlapping_record_in_consulted_catalogue	pilot_scale_sensitivity_measured	exploratory_single_tumor_marker_masks_sparse_fragments_not_validated	not_validated	insufficient_evidence_for_safe_harbor	1.4151809779405593	96.06666666666666	16	34.0	57	True
LOC119876429/LOC119872513	NC_051811.1	17235956	17236956	1000	1.3400664100646973	1.0	93.90777515987882	3.0	0.15	68.2643445332845	60.0	135	1.0	0.243478	5.585	0	0	0	0	0	0		no_promoter_enhancer_in_queried_epic_tissues	False	not_assessed			not_assessed	pilot_only	not_validated	not_validated	insufficient_evidence_for_safe_harbor	1.3379734299182893	93.93333333333334	16	30.0	57	False
LOC119876429/LOC119872513	NC_051811.1	17236206	17237206	1000	1.298130043029785	1.0	91.95557051497812	3.0	0.144	68.96402078204684	60.0	145	1.0	0.231307	5.585	0	0	0	0	0	0		no_promoter_enhancer_in_queried_epic_tissues	False	not_assessed			not_assessed	pilot_only	not_validated	not_validated	insufficient_evidence_for_safe_harbor	1.2954296404123307	92.03333333333333	16	26.0	57	False
LOC119876429/LOC119872513	NC_051811.1	17236456	17237456	1000	1.0571832283735276	1.0	68.09155166610569	0.0	0.0		0.0	141	1.0	0.21089800000000003	5.585	0	0	0	0	0	0		no_promoter_enhancer_in_queried_epic_tissues	False	not_assessed			not_assessed	pilot_only	not_validated	not_validated	insufficient_evidence_for_safe_harbor	1.054026583611965	68.06666666666666	9	21.0	34	False
LOC119876429/LOC119872513	NC_051811.1	17236706	17237706	1000	1.0631561180353164	1.0	69.37058229552339	0.0	0.0		0.0	293	1.0	0.16712800000000003	4.871	0	0	0	0	0	0		no_promoter_enhancer_in_queried_epic_tissues	False	not_assessed			not_assessed	pilot_only	not_validated	not_validated	insufficient_evidence_for_safe_harbor	1.0625711184740068	69.8	9	22.0	34	False
LOC119876429/LOC119872513	NC_051811.1	17236956	17237956	1000	1.0496047265529633	1.0	66.50959272972064	0.0	0.0		0.0	429	1.0	0.17804699999999996	4.871	0	0	0	0	0	0		no_promoter_enhancer_in_queried_epic_tissues	False	not_assessed			not_assessed	pilot_only	not_validated	not_validated	insufficient_evidence_for_safe_harbor	1.050139855325222	67.23333333333333	9	23.0	34	False
LOC119876429/LOC119872513	NC_051811.1	17237206	17238206	1000	1.0187594674825668	1.0	57.8256479299899	0.0	0.0		0.0	501	1.0	0.169132	3.694	0	0	0	0	0	0		no_promoter_enhancer_in_queried_epic_tissues	False	not_assessed			not_assessed	pilot_only	not_validated	not_validated	insufficient_evidence_for_safe_harbor	1.0198865430355073	58.9	9	23.0	34	False
LOC119876429/LOC119872513	NC_051811.1	17237456	17238456	1000	1.0164881390333176	1.0	57.287108717603495	0.0	0.0		0.0	420	1.0	0.13219799999999998	3.694	0	0	0	0	0	0		no_promoter_enhancer_in_queried_epic_tissues	False	not_assessed			not_assessed	pilot_only	not_validated	not_validated	insufficient_evidence_for_safe_harbor	1.0164830643534661	58.099999999999994	14	22.5	34	False
LOC119876429/LOC119872513	NC_051811.1	17237706	17238706	1000	0.9793253446817398	1.0	45.203635139683605	0.0	0.0		0.0	339	1.0	0.08686699999999999	3.694	0	0	0	0	0	0		no_promoter_enhancer_in_queried_epic_tissues	False	not_assessed			not_assessed	pilot_only	not_validated	not_validated	insufficient_evidence_for_safe_harbor	0.9793200309872627	46.266666666666666	8	19.0	31	False
LOC119876429/LOC119872513	NC_051811.1	17237956	17238956	1000	0.9573199454545974	1.0	36.68798384382363	0.0	0.0		0.0	349	1.0	0.09523400000000001	3.794	0	0	0	0	0	0		no_promoter_enhancer_in_queried_epic_tissues	False	not_assessed			not_assessed	pilot_only	not_validated	not_validated	insufficient_evidence_for_safe_harbor	0.9561942657828331	37.53333333333334	8	18.0	25	False
LOC119876429/LOC119872513	NC_051811.1	17238206	17239206	1000	0.9317310734391212	1.0	27.499158532480646	0.0	0.0		0.0	450	1.0	0.115565	3.828	0	0	0	0	0	0		no_promoter_enhancer_in_queried_epic_tissues	False	not_assessed			not_assessed	pilot_only	not_validated	not_validated	insufficient_evidence_for_safe_harbor	0.9260368005633354	27.166666666666668	8	18.0	35	False
LOC119876429/LOC119872513	NC_051811.1	17238456	17239456	1000	0.9811738003492355	1.0	45.80949175361831	0.0	0.0		0.0	450	1.0	0.24599599999999996	5.411	0	0	0	0	0	0		no_promoter_enhancer_in_queried_epic_tissues	False	not_assessed			not_assessed	pilot_only	not_validated	not_validated	insufficient_evidence_for_safe_harbor	0.9785081192851066	46.1	8	18.0	35	False
LOC119876429/LOC119872513	NC_051811.1	17238706	17239706	1000	0.9770410740971566	1.0	44.49680242342646	0.0	0.0		0.0	370	1.0	0.340192	7.169	0	0	0	0	0	0		no_promoter_enhancer_in_queried_epic_tissues	False	not_assessed			not_assessed	pilot_only	not_validated	not_validated	insufficient_evidence_for_safe_harbor	0.9749098703861236	44.666666666666664	11	18.0	35	False
LOC119876429/LOC119872513	NC_051811.1	17238956	17239956	1000	0.986230229139328	1.0	47.69437899697071	0.0	0.0		0.0	210	0.998	0.351688376753507	7.169	0	0	0	0	0	0		no_promoter_enhancer_in_queried_epic_tissues	False	not_assessed			not_assessed	pilot_only	not_validated	not_validated	insufficient_evidence_for_safe_harbor	0.9831019303202629	47.699999999999996	5	18.5	35	False
LOC119876429/LOC119872513	NC_051811.1	17239206	17240206	1000	1.006648371875286	1.0	54.325143049478285	0.0	0.0		0.0	27	0.998	0.3918256513026052	7.169	0	0	0	0	0	0		no_promoter_enhancer_in_queried_epic_tissues	False	not_assessed			not_assessed	pilot_only	not_validated	not_validated	insufficient_evidence_for_safe_harbor	1.0066956370472908	55.300000000000004	5	18.0	28	False
LOC119876429/LOC119872513	NC_051811.1	17239456	17240456	1000	0.9571909184455871	1.0	36.62066644227533	0.0	0.0		0.0	261	0.997	0.7642136409227682	10.452	0	0	0	0	0	0		no_promoter_enhancer_in_queried_epic_tissues	False	not_assessed			not_assessed	pilot_only	not_validated	not_validated	insufficient_evidence_for_safe_harbor	0.9553417339324951	37.266666666666666	5	16.0	28	False
LOC119876429/LOC119872513	NC_051811.1	17239706	17240706	1000	0.9755899996161461	1.0	43.8572871087176	0.0	0.0		0.0	300	0.997	0.9855636910732197	10.452	0	0	0	0	0	0		no_promoter_enhancer_in_queried_epic_tissues	False	not_assessed			not_assessed	pilot_only	not_validated	not_validated	insufficient_evidence_for_safe_harbor	0.973206425011158	44.03333333333334	5	19.0	28	False
LOC119876429/LOC119872513	NC_051811.1	17239956	17240956	1000	1.0101504001021384	1.0	55.7388084819926	0.0	0.05	100.0	2.0	273	0.999	0.8993223223223223	10.452	0	0	0	0	0	0		no_promoter_enhancer_in_queried_epic_tissues	False	not_assessed			not_assessed	pilot_only	not_validated	not_validated	insufficient_evidence_for_safe_harbor	1.008764215707779	56.233333333333334	10	20.0	28	False
LOC119876429/LOC119872513	NC_051811.1	17240206	17241206	1000	0.9978053195476532	1.0	51.46415348367553	0.0	0.05	100.0	2.0	273	0.999	0.8966966966966966	10.452	0	0	0	0	0	0		no_promoter_enhancer_in_queried_epic_tissues	False	not_assessed			not_assessed	pilot_only	not_validated	not_validated	insufficient_evidence_for_safe_harbor	0.9978650527596473	52.56666666666666	10	19.0	27	False
LOC119876429/LOC119872513	NC_051811.1	17240456	17241456	1000	1.0591247382164002	1.0	68.52911477616964	0.0	0.05	100.0	2.0	39	1.0	0.415889	8.46	0	0	0	0	0	0		no_promoter_enhancer_in_queried_epic_tissues	False	not_assessed			not_assessed	pilot_only	not_validated	not_validated	insufficient_evidence_for_safe_harbor	1.0600071947574616	69.23333333333333	12	20.0	31	False
LOC119876429/LOC119872513	NC_051811.1	17240706	17241706	1000	1.0595675044059754	1.0	68.56277347694379	0.0	0.2	97.9525260925293	67.0	43	1.0	0.21247699999999997	4.737	0	0	0	0	0	0		no_promoter_enhancer_in_queried_epic_tissues	False	not_assessed			not_assessed	pilot_only	not_validated	not_validated	insufficient_evidence_for_safe_harbor	1.060449974477291	69.26666666666667	8	20.0	31	True
LOC119876429/LOC119872513	NC_051811.1	17240956	17241956	1000	1.0470744355916977	1.0	65.80276001346348	0.0	0.15	97.27003479003906	67.0	47	1.0	0.30789	4.737	0	0	0	0	0	0		no_promoter_enhancer_in_queried_epic_tissues	False	not_assessed			not_assessed	pilot_only	not_validated	not_validated	insufficient_evidence_for_safe_harbor	1.0479568182229995	66.63333333333334	8	20.0	31	False
LOC119876429/LOC119872513	NC_051811.1	17241206	17242206	1000	1.0511136087179185	1.0	66.6778862335914	0.0	0.15	97.27003479003906	67.0	174	1.0	0.30682600000000004	4.637	0	0	0	0	0	0		no_promoter_enhancer_in_queried_epic_tissues	False	not_assessed			not_assessed	pilot_only	not_validated	not_validated	insufficient_evidence_for_safe_harbor	1.0519430167078971	67.46666666666667	8	21.0	31	False
LOC119876429/LOC119872513	NC_051811.1	17241456	17242456	1000	1.0260321698188781	1.0	60.01346348030966	0.0	0.15	97.27003479003906	67.0	174	1.0	0.30670099999999995	4.222	0	0	0	0	0	0		no_promoter_enhancer_in_queried_epic_tissues	False	not_assessed			not_assessed	pilot_only	not_validated	not_validated	insufficient_evidence_for_safe_harbor	1.0260390955209733	60.8	8	18.0	28	False
LOC119876429/LOC119872513	NC_051811.1	17241706	17242706	1000	1.0224870116710663	1.0	59.0373611578593	0.0	0.0		0.0	131	1.0	0.228399	4.021	0	0	0	0	0	0		no_promoter_enhancer_in_queried_epic_tissues	False	not_assessed			not_assessed	pilot_only	not_validated	not_validated	insufficient_evidence_for_safe_harbor	1.0224938951730729	59.8	10	18.0	28	False
LOC119876429/LOC119872513	NC_051811.1	17241956	17242956	1000	0.9636310924142599	1.0	39.212386401884885	0.0	0.006	100.0	1.0	275	0.986	0.15943002028397563	3.862	0	0	0	0	0	0		no_promoter_enhancer_in_queried_epic_tissues	False	not_assessed			not_assessed	pilot_only	not_validated	not_validated	insufficient_evidence_for_safe_harbor	0.9636375844925642	40.46666666666667	1	17.0	29	False
LOC119876429/LOC119872513	NC_051811.1	17242206	17243206	1000	0.9949091346114873	1.0	50.48805116122518	1.0	0.106	100.0	1.0	148	0.986	0.10093306288032455	6.575	0	0	0	0	0	0		no_promoter_enhancer_in_queried_epic_tissues	False	not_assessed			not_assessed	pilot_only	not_validated	not_validated	insufficient_evidence_for_safe_harbor	0.9950131185501814	51.46666666666667	1	18.0	30	False
LOC119876429/LOC119872513	NC_051811.1	17242456	17243456	1000	1.053244247302413	1.0	67.21642544597779	1.0	0.15	100.0	1.0	148	0.986	0.12272920892494928	6.575	0	0	0	0	0	0		no_promoter_enhancer_in_queried_epic_tissues	False	not_assessed			not_assessed	pilot_only	not_validated	not_validated	insufficient_evidence_for_safe_harbor	1.0525753573030234	67.7	1	25.0	31	False
LOC119876429/LOC119872513	NC_051811.1	17242706	17243706	1000	1.1232643366903066	1.0	79.56916863009089	1.0	0.15	100.0	1.0	148	0.986	0.11824847870182556	10.183	0	0	0	0	0	0		no_promoter_enhancer_in_queried_epic_tissues	False	not_assessed			not_assessed	pilot_only	not_validated	not_validated	insufficient_evidence_for_safe_harbor	1.122595924064517	79.86666666666666	1	26.0	39	False
LOC119876429/LOC119872513	NC_051811.1	17242956	17243956	1000	1.2494415211081504	1.0	90.13800067317402	1.0	0.144	100.0	1.0	87	1.0	0.105174	10.183	0	0	0	0	0	0		no_promoter_enhancer_in_queried_epic_tissues	False	not_assessed			not_assessed	pilot_only	not_validated	not_validated	insufficient_evidence_for_safe_harbor	1.2499471078515052	90.43333333333334	23	28.0	39	True
LOC119876429/LOC119872513	NC_051811.1	17243206	17244206	1000	1.2453623765707016	1.0	90.10434197239987	1.0	0.044	100.0	1.0	101	1.0	0.08018400000000002	10.183	0	0	0	0	0	0		no_promoter_enhancer_in_queried_epic_tissues	False	not_assessed			not_assessed	pilot_only	not_validated	not_validated	insufficient_evidence_for_safe_harbor	1.2460524668097497	90.36666666666666	23	28.0	39	False
LOC119876429/LOC119872513	NC_051811.1	17243456	17244456	1000	1.1885418177247047	1.0	85.8970043756311	0.0	0.0		0.0	193	1.0	0.034096	10.183	0	0	0	0	0	0		no_promoter_enhancer_in_queried_epic_tissues	False	not_assessed			not_assessed	pilot_only	not_validated	not_validated	insufficient_evidence_for_safe_harbor	1.1896408630609512	86.2	17	29.0	39	False
LOC119876429/LOC119872513	NC_051811.1	17243706	17244706	1000	1.1176874927282334	1.0	78.82867721305958	0.0	0.0		0.0	193	1.0	-0.015540000000000003	5.61	0	0	0	0	0	0		no_promoter_enhancer_in_queried_epic_tissues	False	not_assessed			not_assessed	pilot_only	not_validated	not_validated	insufficient_evidence_for_safe_harbor	1.1176284577250482	79.23333333333333	17	27.0	37	False
LOC119876429/LOC119872513	NC_051811.1	17243956	17244956	1000	1.0700652703046798	1.0	70.6496129249411	0.0	0.05	100.0	1.0	265	1.0	-0.09689000000000002	3.661	0	0	0	0	0	0		no_promoter_enhancer_in_queried_epic_tissues	False	not_assessed			not_assessed	pilot_only	not_validated	not_validated	insufficient_evidence_for_safe_harbor	1.0679916788339614	70.83333333333334	17	26.0	34	False
LOC119876429/LOC119872513	NC_051811.1	17244206	17245206	1000	1.008978988647461	1.0	55.469538875799394	0.0	0.05	100.0	1.0	302	1.0	-0.04168100000000001	3.895	0	0	0	0	0	0		no_promoter_enhancer_in_queried_epic_tissues	False	not_assessed			not_assessed	pilot_only	not_validated	not_validated	insufficient_evidence_for_safe_harbor	1.0066231735944748	55.233333333333334	9	22.0	34	False
LOC119876429/LOC119872513	NC_051811.1	17244456	17245456	1000	1.0057013940215112	1.0	54.05587344328509	0.0	0.05	100.0	1.0	210	1.0	-0.035583	4.752	0	0	0	0	0	0		no_promoter_enhancer_in_queried_epic_tissues	False	not_assessed			not_assessed	pilot_only	not_validated	not_validated	insufficient_evidence_for_safe_harbor	1.0037094876170158	54.46666666666666	9	22.0	34	False
LOC119876429/LOC119872513	NC_051811.1	17244706	17245706	1000	1.0069142268896103	1.0	54.42611915180075	0.0	0.1	100.0	1.0	210	1.0	0.12219100000000001	7.313	0	0	0	0	0	0		no_promoter_enhancer_in_queried_epic_tissues	False	not_assessed			not_assessed	pilot_only	not_validated	not_validated	insufficient_evidence_for_safe_harbor	1.0060799327492713	55.1	9	21.5	34	False
LOC119876429/LOC119872513	NC_051811.1	17244956	17245956	1000	1.0483632010221482	1.0	66.07202961965667	0.0	0.05	100.0	1.0	113	1.0	0.25063199999999997	7.313	0	0	0	0	0	0		no_promoter_enhancer_in_queried_epic_tissues	False	not_assessed			not_assessed	pilot_only	not_validated	not_validated	insufficient_evidence_for_safe_harbor	1.0483702701926232	66.76666666666667	9	23.0	32	False
LOC119876429/LOC119872513	NC_051811.1	17245206	17246206	1000	1.1311012905836106	1.0	80.51161225176709	0.0	0.05	100.0	1.0	62	1.0	0.529525	7.339	0	0	0	0	0	0		no_promoter_enhancer_in_queried_epic_tissues	False	not_assessed			not_assessed	pilot_only	not_validated	not_validated	insufficient_evidence_for_safe_harbor	1.1311089156866074	80.86666666666666	15	27.0	34	False
LOC119876429/LOC119872513	NC_051811.1	17245456	17246456	1000	1.1499532160162926	1.0	82.63211040053854	0.0	0.05	100.0	1.0	62	1.0	0.560387	7.339	0	0	0	0	0	0		no_promoter_enhancer_in_queried_epic_tissues	False	not_assessed			not_assessed	pilot_only	not_validated	not_validated	insufficient_evidence_for_safe_harbor	1.149960955440998	82.89999999999999	15	28.0	35	True
LOC119876429/LOC119872513	NC_051811.1	17245706	17246706	1000	1.1144253731667995	1.0	78.39111410299563	0.0	0.0		0.0	195	0.99	0.37819696969696964	7.339	0	0	0	0	0	0		no_promoter_enhancer_in_queried_epic_tissues	False	not_assessed			not_assessed	pilot_only	not_validated	not_validated	insufficient_evidence_for_safe_harbor	1.1148694386780262	78.86666666666666	2	28.0	35	False
LOC119876429/LOC119872513	NC_051811.1	17245956	17246956	1000	1.102933677881956	1.0	76.80915516661057	0.0	0.0		0.0	133	0.99	0.31256565656565655	7.339	0	0	0	0	0	0		no_promoter_enhancer_in_queried_epic_tissues	False	not_assessed			not_assessed	pilot_only	not_validated	not_validated	insufficient_evidence_for_safe_harbor	1.0990834194123744	76.76666666666667	2	25.0	35	False
LOC119876429/LOC119872513	NC_051811.1	17246206	17247206	1000	1.0884667886793613	1.0	74.65499831706495	0.0	0.0		0.0	133	0.99	0.00295353535353536	7.044	0	0	0	0	0	0		no_promoter_enhancer_in_queried_epic_tissues	False	not_assessed			not_assessed	pilot_only	not_validated	not_validated	insufficient_evidence_for_safe_harbor	1.084616425663233	74.06666666666666	2	25.0	38	False
LOC119876429/LOC119872513	NC_051811.1	17246456	17247456	1000	1.101411442130804	1.0	76.50622685964322	0.0	0.0		0.0	257	0.99	-0.012331313131313115	5.182	0	0	0	0	0	0		no_promoter_enhancer_in_queried_epic_tissues	False	not_assessed			not_assessed	pilot_only	not_validated	not_validated	insufficient_evidence_for_safe_harbor	1.097561176508665	76.33333333333333	2	24.5	38	False
LOC119876429/LOC119872513	NC_051811.1	17246706	17247706	1000	1.1308522332310678	1.0	80.47795355099294	0.0	0.0		0.0	204	1.0	0.083037	5.182	0	0	0	0	0	0		no_promoter_enhancer_in_queried_epic_tissues	False	not_assessed			not_assessed	pilot_only	not_validated	not_validated	insufficient_evidence_for_safe_harbor	1.1264652619361877	80.5	8	24.0	38	False
LOC119876429/LOC119872513	NC_051811.1	17246956	17247956	1000	1.0583717437386513	1.0	68.36082127229889	0.0	0.0		0.0	404	1.0	0.11750300000000001	5.182	0	0	0	0	0	0		no_promoter_enhancer_in_queried_epic_tissues	False	not_assessed			not_assessed	pilot_only	not_validated	not_validated	insufficient_evidence_for_safe_harbor	1.0588644722104072	69.06666666666666	8	22.0	38	False
LOC119876429/LOC119872513	NC_051811.1	17247206	17248206	1000	0.9749911430180073	1.0	43.5880175025244	0.0	0.0		0.0	496	0.996	0.14076305220883534	4.472	0	0	0	0	0	0		no_promoter_enhancer_in_queried_epic_tissues	False	not_assessed			not_assessed	pilot_only	not_validated	not_validated	insufficient_evidence_for_safe_harbor	0.9766216437369585	45.5	2	19.5	33	False
LOC119876429/LOC119872513	NC_051811.1	17247456	17248456	1000	0.9591619186103344	1.0	37.69774486704813	0.0	0.0		0.0	433	0.996	0.11654317269076304	5.493	0	0	0	0	0	0		no_promoter_enhancer_in_queried_epic_tissues	False	not_assessed			not_assessed	pilot_only	not_validated	not_validated	insufficient_evidence_for_safe_harbor	0.9607923059612513	39.6	2	19.0	37	False
LOC119876429/LOC119872513	NC_051811.1	17247706	17248706	1000	0.9771237181723118	1.0	44.49680242342646	0.0	0.0		0.0	415	0.996	0.07196184738955823	5.493	0	0	0	0	0	0		no_promoter_enhancer_in_queried_epic_tissues	False	not_assessed			not_assessed	pilot_only	not_validated	not_validated	insufficient_evidence_for_safe_harbor	0.9707074004560708	43.13333333333333	2	21.0	37	False
LOC119876429/LOC119872513	NC_051811.1	17247956	17248956	1000	1.002838778167963	1.0	53.14708852238304	0.0	0.0		0.0	215	0.996	0.080785140562249	5.493	0	0	0	0	0	0		no_promoter_enhancer_in_queried_epic_tissues	False	not_assessed			not_assessed	pilot_only	not_validated	not_validated	insufficient_evidence_for_safe_harbor	0.9958366906791926	51.76666666666667	2	21.0	37	False
LOC119876429/LOC119872513	NC_051811.1	17248206	17249206	1000	1.0366019854545594	1.0	62.80713564456411	0.0	0.0		0.0	123	1.0	0.05835600000000001	5.493	0	0	0	0	0	0		no_promoter_enhancer_in_queried_epic_tissues	False	not_assessed			not_assessed	pilot_only	not_validated	not_validated	insufficient_evidence_for_safe_harbor	1.027621073126793	61.16666666666667	10	21.0	37	False
LOC119876429/LOC119872513	NC_051811.1	17248456	17249456	1000	1.0010242885947227	1.0	52.64220801077079	0.0	0.006	84.00543975830078	4.0	179	1.0	0.041673	4.269	0	0	0	0	0	0		no_promoter_enhancer_in_queried_epic_tissues	False	not_assessed			not_assessed	pilot_only	not_validated	not_validated	insufficient_evidence_for_safe_harbor	0.9921288581490517	50.366666666666674	10	20.0	32	False
LOC119876429/LOC119872513	NC_051811.1	17248706	17249706	1000	1.0231070699691773	1.0	59.138337260181764	0.0	0.05	84.00543975830078	4.0	140	1.0	0.020965	4.269	0	0	0	0	166	0		no_promoter_enhancer_in_queried_epic_tissues	False	not_assessed			not_assessed	pilot_only	not_validated	not_validated	insufficient_evidence_for_safe_harbor	1.0210300559997558	59.46666666666667	10	20.0	31	False
LOC119876429/LOC119872513	NC_051811.1	17248956	17249956	1000	1.0176936940550805	1.0	57.623695725345	0.0	0.05	84.00543975830078	4.0	320	1.0	-0.006434000000000001	4.153	0	0	0	0	400	0		no_promoter_enhancer_in_queried_epic_tissues	False	not_assessed			not_assessed	pilot_only	not_validated	not_validated	insufficient_evidence_for_safe_harbor	1.016390205144882	58.099999999999994	10	21.0	31	False
LOC119876429/LOC119872513	NC_051811.1	17249206	17250206	1000	1.0199950530529023	1.0	58.0949175361831	0.0	0.05	84.00543975830078	4.0	320	1.0	0.364249	10.146	0	0	0	0	400	0		no_promoter_enhancer_in_queried_epic_tissues	False	not_assessed			not_assessed	pilot_only	not_validated	not_validated	insufficient_evidence_for_safe_harbor	1.0198056275844574	58.9	11	23.0	31	False
LOC119876429/LOC119872513	NC_051811.1	17249456	17250456	1000	1.0410178261995315	1.0	63.985190171659376	0.0	0.144	86.11962180667453	66.0	315	1.0	0.44342400000000004	10.146	0	0	0	0	400	0		no_promoter_enhancer_in_queried_epic_tissues	False	not_assessed			not_assessed	pilot_only	not_validated	not_validated	insufficient_evidence_for_safe_harbor	1.0407428203821183	64.66666666666666	18	23.0	29	False
LOC119876429/LOC119872513	NC_051811.1	17249706	17250706	1000	0.9785554323196411	1.0	45.10265903736116	0.0	0.1	87.04986190795898	66.0	533	1.0	0.49104600000000004	10.146	0	0	0	0	234	0		no_promoter_enhancer_in_queried_epic_tissues	False	not_assessed			not_assessed	pilot_only	not_validated	not_validated	insufficient_evidence_for_safe_harbor	0.9773169748187065	45.6	12	22.0	29	False
LOC119876429/LOC119872513	NC_051811.1	17249956	17250956	1000	0.9608210892677307	1.0	38.303601480982834	0.0	0.1	87.04986190795898	66.0	395	1.0	0.5631220000000001	10.146	0	0	0	0	0	0		no_promoter_enhancer_in_queried_epic_tissues	False	not_assessed			not_assessed	pilot_only	not_validated	not_validated	insufficient_evidence_for_safe_harbor	0.9593583250045776	39.03333333333333	12	20.0	29	False
LOC119876429/LOC119872513	NC_051811.1	17250206	17251206	1000	0.982628274679184	1.0	46.44900706832716	0.0	0.2	87.33164596557617	66.0	395	1.0	0.235294	5.315	0	0	0	0	0	0		no_promoter_enhancer_in_queried_epic_tissues	False	not_assessed			not_assessed	pilot_only	not_validated	not_validated	insufficient_evidence_for_safe_harbor	0.9808923304080963	46.9	12	19.0	30	False
LOC119876429/LOC119872513	NC_051811.1	17250456	17251456	1000	0.976584117114544	1.0	44.395826321104	0.0	0.1	87.61343002319336	3.0	330	1.0	0.18568600000000002	4.334	0	0	0	0	0	0		no_promoter_enhancer_in_queried_epic_tissues	False	not_assessed			not_assessed	pilot_only	not_validated	not_validated	insufficient_evidence_for_safe_harbor	0.9740446174740791	44.36666666666667	9	20.0	34	False
LOC119876429/LOC119872513	NC_051811.1	17250706	17251706	1000	1.0102304305434227	1.0	55.772467182766746	0.0	0.15	91.7422866821289	3.0	160	1.0	0.169672	4.021	0	0	0	0	0	0		no_promoter_enhancer_in_queried_epic_tissues	False	not_assessed			not_assessed	pilot_only	not_validated	not_validated	insufficient_evidence_for_safe_harbor	1.0099830911755563	56.63333333333333	9	21.0	34	False
LOC119876429/LOC119872513	NC_051811.1	17250956	17251956	1000	1.0275523492097856	1.0	60.38370918882531	0.0	0.15	91.7422866821289	3.0	279	1.0	0.176904	4.524	0	0	0	0	0	0		no_promoter_enhancer_in_queried_epic_tissues	False	not_assessed			not_assessed	pilot_only	not_validated	not_validated	insufficient_evidence_for_safe_harbor	1.0267557526230813	61.0	9	21.0	34	False
LOC119876429/LOC119872513	NC_051811.1	17251206	17252206	1000	1.0324868738055228	1.0	61.79737462133962	0.0	0.05	100.0	1.0	529	1.0	0.21658999999999998	4.65	0	0	0	0	0	0		no_promoter_enhancer_in_queried_epic_tissues	False	not_assessed			not_assessed	pilot_only	not_validated	not_validated	insufficient_evidence_for_safe_harbor	1.0313976454734801	62.2	9	22.5	34	False
LOC119876429/LOC119872513	NC_051811.1	17251456	17252456	1000	1.0747504798173904	1.0	71.62571524739145	0.0	0.05	100.0	1.0	576	1.0	0.252191	4.65	0	0	0	0	0	0		no_promoter_enhancer_in_queried_epic_tissues	False	not_assessed			not_assessed	pilot_only	not_validated	not_validated	insufficient_evidence_for_safe_harbor	1.0741722038388253	71.93333333333334	9	23.0	35	False
LOC119876429/LOC119872513	NC_051811.1	17251706	17252706	1000	1.0896284356713295	1.0	74.92426792325816	0.0	0.056	96.02063151768276	64.0	575	1.0	0.254788	4.775	0	0	0	0	167	0		no_promoter_enhancer_in_queried_epic_tissues	False	not_assessed			not_assessed	pilot_only	not_validated	not_validated	insufficient_evidence_for_safe_harbor	1.089050251185894	75.26666666666667	9	23.0	35	False
LOC119876429/LOC119872513	NC_051811.1	17251956	17252956	1000	1.094306338250637	1.0	75.63110063951531	0.0	0.2	78.58465480804443	64.0	484	1.0	0.198114	4.775	0	0	0	0	200	0		no_promoter_enhancer_in_queried_epic_tissues	False	not_assessed			not_assessed	pilot_only	not_validated	not_validated	insufficient_evidence_for_safe_harbor	1.093728182554245	76.1	9	23.0	35	False
LOC119876429/LOC119872513	NC_051811.1	17252206	17253206	1000	1.0840640043020249	1.0	73.61157859306631	0.0	0.2	78.58465480804443	64.0	309	1.0	0.179604	4.864	0	0	0	0	200	0		no_promoter_enhancer_in_queried_epic_tissues	False	not_assessed			not_assessed	pilot_only	not_validated	not_validated	insufficient_evidence_for_safe_harbor	1.0851062573194503	74.2	9	23.0	35	False
LOC119876429/LOC119872513	NC_051811.1	17252456	17253456	1000	1.0303339300751686	1.0	61.25883540895322	0.0	0.25	74.97273864746094	64.0	465	1.0	0.17620300000000003	6.119	0	0	0	0	200	0		no_promoter_enhancer_in_queried_epic_tissues	False	not_assessed			not_assessed	pilot_only	not_validated	not_validated	insufficient_evidence_for_safe_harbor	1.0301662625670434	61.93333333333333	9	22.0	33	True
LOC119876429/LOC119872513	NC_051811.1	17252706	17253706	1000	0.9771362021565437	1.0	44.49680242342646	0.0	0.194	68.89705823131443	44.0	552	1.0	0.230765	6.119	0	0	0	0	33	0		no_promoter_enhancer_in_queried_epic_tissues	False	not_assessed			not_assessed	pilot_only	not_validated	not_validated	insufficient_evidence_for_safe_harbor	0.9763636084794998	45.36666666666667	9	21.0	33	False
LOC119876429/LOC119872513	NC_051811.1	17252956	17253956	1000	0.9391651371121407	1.0	30.158195893638506	0.0	0.05	60.52507400512695	6.0	482	1.0	0.394697	6.924	0	0	0	0	0	0		no_promoter_enhancer_in_queried_epic_tissues	False	not_assessed			not_assessed	pilot_only	not_validated	not_validated	insufficient_evidence_for_safe_harbor	0.9383922886848449	31.166666666666664	9	20.0	33	False
LOC119876429/LOC119872513	NC_051811.1	17253206	17254206	1000	0.8826723303198815	1.0	13.497139010434198	0.0	0.05	60.52507400512695	6.0	407	1.0	0.33971300000000004	6.924	0	0	0	0	0	0		no_promoter_enhancer_in_queried_epic_tissues	False	not_assessed			not_assessed	pilot_only	not_validated	not_validated	insufficient_evidence_for_safe_harbor	0.8805712997913361	14.766666666666667	9	17.5	33	False
LOC119876429/LOC119872513	NC_051811.1	17253456	17254456	1000	0.8969079613089561	1.0	17.06496129249411	0.0	0.05	100.0	2.0	157	1.0	0.34208500000000003	6.924	0	0	0	0	0	0		no_promoter_enhancer_in_queried_epic_tissues	False	not_assessed			not_assessed	pilot_only	not_validated	not_validated	insufficient_evidence_for_safe_harbor	0.893353988289833	17.766666666666666	9	17.0	32	False
LOC119876429/LOC119872513	NC_051811.1	17253706	17254706	1000	0.9614775217175484	1.0	38.539212386401886	0.0	0.05	100.0	2.0	0	1.0	0.34430600000000006	6.924	0	0	0	0	0	0		no_promoter_enhancer_in_queried_epic_tissues	False	not_assessed			not_assessed	pilot_only	not_validated	not_validated	insufficient_evidence_for_safe_harbor	0.9552892878651619	37.266666666666666	10	19.0	32	False
LOC119876429/LOC119872513	NC_051811.1	17253956	17254956	1000	1.0051552470326424	1.0	53.78660383709188	0.0	0.05	100.0	2.0	0	1.0	0.332961	5.783	0	0	0	0	0	0		no_promoter_enhancer_in_queried_epic_tissues	False	not_assessed			not_assessed	pilot_only	not_validated	not_validated	insufficient_evidence_for_safe_harbor	0.9890325254797936	49.6	13	20.5	33	False
LOC119876429/LOC119872513	NC_051811.1	17254206	17255206	1000	1.050633693754673	1.0	66.61056883204309	0.0	0.05	100.0	2.0	0	1.0	0.49522700000000003	5.783	0	0	0	0	67	67	ST	regulatory_annotation_present	False	not_assessed			not_assessed	pilot_only	not_validated	not_validated	regulatory_conflict_requires_resolution	1.034511275589466	63.03333333333333	14	22.0	33	False
LOC119876429/LOC119872513	NC_051811.1	17254456	17255456	1000	1.0194075842499732	1.0	57.9602827330865	0.0	0.0		0.0	0	1.0	0.5290339999999999	5.783	0	0	0	0	317	317	ST	regulatory_annotation_present	False	not_assessed			not_assessed	pilot_only	not_validated	not_validated	regulatory_conflict_requires_resolution	1.0009781963825226	53.6	14	21.0	33	False
LOC119876429/LOC119872513	NC_051811.1	17254706	17255706	1000	1.0365741916298867	1.0	62.80713564456411	0.0	0.0		0.0	19	1.0	0.45729000000000003	5.783	0	0	0	0	400	400	ST	regulatory_annotation_present	False	not_assessed			not_assessed	pilot_only	not_validated	not_validated	regulatory_conflict_requires_resolution	1.0213841944336892	59.73333333333334	12	20.0	33	False
LOC119876429/LOC119872513	NC_051811.1	17254956	17255956	1000	1.0114688366651534	1.0	56.277347694378996	0.0	0.0		0.0	19	1.0	0.36388200000000004	4.93	0	0	0	0	400	400	ST	regulatory_annotation_present	False	not_assessed			not_assessed	pilot_only	not_validated	not_validated	regulatory_conflict_requires_resolution	1.0062134568095207	55.1	12	19.0	30	False
LOC119876429/LOC119872513	NC_051811.1	17255206	17256206	1000	0.9850507881641388	1.0	47.425109390777514	0.0	0.006	78.44132232666016	66.0	19	1.0	0.231433	4.499	0	0	0	0	333	333	ST	regulatory_annotation_present	False	not_assessed			not_assessed	pilot_only	not_validated	not_validated	regulatory_conflict_requires_resolution	0.9797952188253403	46.46666666666667	11	17.0	27	False
LOC119876429/LOC119872513	NC_051811.1	17255456	17256456	1000	1.0720450128912926	1.0	70.95254123190846	0.0	0.2	60.70986366271973	66.0	19	1.0	0.222754	5.195	0	0	0	0	83	83	ST	regulatory_annotation_present	False	not_assessed			not_assessed	pilot_only	not_validated	not_validated	regulatory_conflict_requires_resolution	1.0720522421002388	71.43333333333334	11	17.5	29	False
LOC119876429/LOC119872513	NC_051811.1	17255706	17256706	1000	1.0401423190832138	1.0	63.74957926624032	0.0	0.2	60.70986366271973	66.0	0	1.0	0.283797	5.195	0	0	0	0	0	0		no_promoter_enhancer_in_queried_epic_tissues	False	not_assessed			not_assessed	pilot_only	not_validated	not_validated	insufficient_evidence_for_safe_harbor	1.0401493315696717	64.46666666666667	11	19.0	31	True
LOC119876429/LOC119872513	NC_051811.1	17255956	17256956	1000	1.035937551498413	1.0	62.537866038370915	0.0	0.2	60.70986366271973	66.0	0	1.0	0.301154	5.195	0	0	0	0	217	0		no_promoter_enhancer_in_queried_epic_tissues	False	not_assessed			not_assessed	pilot_only	not_validated	not_validated	insufficient_evidence_for_safe_harbor	1.0359445346593856	63.26666666666667	11	20.0	31	False
LOC119876429/LOC119872513	NC_051811.1	17256206	17257206	1000	1.0871196376681327	1.0	74.11645910467855	0.0	0.194	60.161468033938064	66.0	0	1.0	0.263188	5.195	0	0	0	0	400	0		no_promoter_enhancer_in_queried_epic_tissues	False	not_assessed			not_assessed	pilot_only	not_validated	not_validated	insufficient_evidence_for_safe_harbor	1.0871269720196723	74.56666666666666	13	21.0	31	True
LOC119876429/LOC119872513	NC_051811.1	17256456	17257456	1000	1.0153375526666641	1.0	57.1524739145069	0.0	0.0		0.0	0	1.0	0.29774900000000004	4.702	0	0	0	0	400	0		no_promoter_enhancer_in_queried_epic_tissues	False	not_assessed			not_assessed	pilot_only	not_validated	not_validated	insufficient_evidence_for_safe_harbor	1.0153443927168846	57.96666666666667	12	21.0	31	False
LOC119876429/LOC119872513	NC_051811.1	17256706	17257706	1000	1.0396751663684844	1.0	63.64860316391787	0.0	0.0		0.0	61	1.0	0.24161600000000005	4.491	0	0	0	0	400	0		no_promoter_enhancer_in_queried_epic_tissues	False	not_assessed			not_assessed	pilot_only	not_validated	not_validated	insufficient_evidence_for_safe_harbor	1.0396821610927582	64.4	8	20.0	31	False
LOC119876429/LOC119872513	NC_051811.1	17256956	17257956	1000	1.0481166927218437	1.0	65.97105351733423	0.0	0.0		0.0	61	1.0	0.2896890000000001	5.723	0	0	0	0	183	0		no_promoter_enhancer_in_queried_epic_tissues	False	not_assessed			not_assessed	pilot_only	not_validated	not_validated	insufficient_evidence_for_safe_harbor	1.0433004291057586	65.4	8	18.0	31	False
LOC119876429/LOC119872513	NC_051811.1	17257206	17258206	1000	1.0076720803380013	1.0	54.729047458768086	0.0	0.0		0.0	61	1.0	0.5098590000000001	5.976	0	0	0	0	0	0		no_promoter_enhancer_in_queried_epic_tissues	False	not_assessed			not_assessed	pilot_only	not_validated	not_validated	insufficient_evidence_for_safe_harbor	0.99885009598732	52.86666666666666	8	18.0	31	False
LOC119876429/LOC119872513	NC_051811.1	17257456	17258456	1000	1.0045474984049798	1.0	53.651969033995286	0.0	0.0		0.0	239	1.0	0.418356	5.976	0	0	0	0	0	0		no_promoter_enhancer_in_queried_epic_tissues	False	not_assessed			not_assessed	pilot_only	not_validated	not_validated	insufficient_evidence_for_safe_harbor	0.9875714051127433	49.166666666666664	8	18.0	31	False
LOC119876429/LOC119872513	NC_051811.1	17257706	17258706	1000	0.9928824585080147	1.0	49.64658364187142	0.0	0.05	90.16995239257812	5.0	178	1.0	0.47448300000000004	5.976	0	0	0	0	0	0		no_promoter_enhancer_in_queried_epic_tissues	False	not_assessed			not_assessed	pilot_only	not_validated	not_validated	insufficient_evidence_for_safe_harbor	0.974452201962471	44.46666666666667	9	18.0	31	False
LOC119876429/LOC119872513	NC_051811.1	17257956	17258956	1000	1.0268470973968506	1.0	60.215415684954564	0.0	0.05	90.16995239257812	5.0	258	1.0	0.423818	5.976	0	0	0	0	0	0		no_promoter_enhancer_in_queried_epic_tissues	False	not_assessed			not_assessed	pilot_only	not_validated	not_validated	insufficient_evidence_for_safe_harbor	1.0112090207934379	57.13333333333333	9	20.5	31	False
LOC119876429/LOC119872513	NC_051811.1	17258206	17259206	1000	1.0538649156689643	1.0	67.38471894984853	0.0	0.05	90.16995239257812	5.0	258	1.0	0.301496	4.438	0	0	0	0	0	0		no_promoter_enhancer_in_queried_epic_tissues	False	not_assessed			not_assessed	pilot_only	not_validated	not_validated	insufficient_evidence_for_safe_harbor	1.0422324748635292	65.16666666666666	9	21.0	31	False
LOC119876429/LOC119872513	NC_051811.1	17258456	17259456	1000	1.065358942091465	1.0	69.8418041063615	0.0	0.05	90.16995239257812	5.0	140	1.0	0.3387	4.438	0	0	0	0	0	0		no_promoter_enhancer_in_queried_epic_tissues	False	not_assessed			not_assessed	pilot_only	not_validated	not_validated	insufficient_evidence_for_safe_harbor	1.0618806728720664	69.66666666666667	14	22.0	31	False
LOC119876429/LOC119872513	NC_051811.1	17258706	17259706	1000	1.0072319365739821	1.0	54.56075395489734	0.0	0.1	94.44197463989258	9.0	279	1.0	0.293478	4.438	0	0	0	0	0	0		no_promoter_enhancer_in_queried_epic_tissues	False	not_assessed			not_assessed	pilot_only	not_validated	not_validated	insufficient_evidence_for_safe_harbor	1.0052073619961739	54.7	8	20.0	29	False
LOC119876429/LOC119872513	NC_051811.1	17258956	17259956	1000	0.9520679270625114	1.0	34.73577919892292	0.0	0.106	94.75657984895527	9.0	338	1.0	0.268023	4.438	0	0	0	0	0	0		no_promoter_enhancer_in_queried_epic_tissues	False	not_assessed			not_assessed	pilot_only	not_validated	not_validated	insufficient_evidence_for_safe_harbor	0.9520743384957313	36.199999999999996	8	20.0	29	False
LOC119876429/LOC119872513	NC_051811.1	17259206	17260206	1000	0.9650905879735947	1.0	39.91921911814204	0.0	0.15	96.29464975992839	9.0	486	1.0	0.24187999999999998	6.025	0	0	0	0	0	0		no_promoter_enhancer_in_queried_epic_tissues	False	not_assessed			not_assessed	pilot_only	not_validated	not_validated	insufficient_evidence_for_safe_harbor	0.9604325203299522	39.46666666666667	8	22.0	29	False
LOC119876429/LOC119872513	NC_051811.1	17259456	17260456	1000	0.9921416380405426	1.0	49.34365533490407	0.0	0.15	96.29464975992839	9.0	498	1.0	0.20137900000000003	6.025	0	0	0	0	0	0		no_promoter_enhancer_in_queried_epic_tissues	False	not_assessed			not_assessed	pilot_only	not_validated	not_validated	insufficient_evidence_for_safe_harbor	0.9874837423563003	49.166666666666664	8	23.0	32	False
LOC119876429/LOC119872513	NC_051811.1	17259706	17260706	1000	1.022493727684021	1.0	59.0373611578593	0.0	0.05	100.0	1.0	423	1.0	0.215538	6.025	0	0	0	0	0	0		no_promoter_enhancer_in_queried_epic_tissues	False	not_assessed			not_assessed	pilot_only	not_validated	not_validated	insufficient_evidence_for_safe_harbor	1.0156102198362351	58.03333333333334	15	23.0	32	False
LOC119876429/LOC119872513	NC_051811.1	17259956	17260956	1000	1.0255641528964043	1.0	59.81151127566476	0.0	0.044	100.0	1.0	374	1.0	0.221852	6.025	0	0	0	0	0	0		no_promoter_enhancer_in_queried_epic_tissues	False	not_assessed			not_assessed	pilot_only	not_validated	not_validated	insufficient_evidence_for_safe_harbor	1.0186806695461272	58.733333333333334	13	22.0	32	False
LOC119876429/LOC119872513	NC_051811.1	17260206	17261206	1000	1.0162741578817367	1.0	57.287108717603495	0.0	0.0		0.0	226	1.0	0.23222800000000002	3.233	0	0	0	0	0	0		no_promoter_enhancer_in_queried_epic_tissues	False	not_assessed			not_assessed	pilot_only	not_validated	not_validated	insufficient_evidence_for_safe_harbor	1.014055175960064	57.8	13	21.0	32	False
LOC119876429/LOC119872513	NC_051811.1	17260456	17261456	1000	0.9814044167995453	1.0	45.87680915516661	0.0	0.0		0.0	304	1.0	0.31737400000000004	5.116	0	0	0	0	0	0		no_promoter_enhancer_in_queried_epic_tissues	False	not_assessed			not_assessed	pilot_only	not_validated	not_validated	insufficient_evidence_for_safe_harbor	0.9791852008700371	46.266666666666666	13	21.0	29	False
LOC119876429/LOC119872513	NC_051811.1	17260706	17261706	1000	0.999600078701973	1.0	52.10366879838438	0.0	0.0		0.0	490	1.0	0.390182	5.116	0	0	0	0	178	178	CO	regulatory_annotation_present	False	not_assessed			not_assessed	pilot_only	not_validated	not_validated	regulatory_conflict_requires_resolution	0.99960680103302	53.1	13	21.0	29	False
LOC119876429/LOC119872513	NC_051811.1	17260956	17261956	1000	1.0341816152334213	1.0	62.268596432177716	0.0	0.05	95.26402282714844	11.0	480	1.0	0.337763	5.116	0	0	0	0	428	428	CO	regulatory_annotation_present	False	not_assessed			not_assessed	pilot_only	not_validated	not_validated	regulatory_conflict_requires_resolution	1.0341885700821876	62.96666666666667	13	21.0	29	False
LOC119876429/LOC119872513	NC_051811.1	17261206	17262206	1000	1.0130412698984146	1.0	56.613934702120496	0.0	0.05	95.26402282714844	11.0	667	1.0	0.332845	5.116	0	0	0	0	600	600	CO	regulatory_annotation_present	False	not_assessed			not_assessed	pilot_only	not_validated	not_validated	regulatory_conflict_requires_resolution	1.0126201283335685	57.53333333333334	13	20.0	29	False
LOC119876429/LOC119872513	NC_051811.1	17261456	17262456	1000	0.9935859133601188	1.0	49.91585324806462	0.0	0.05	95.26402282714844	11.0	767	1.0	0.325226	4.038	0	0	0	0	600	600	CO	regulatory_annotation_present	False	not_assessed			not_assessed	pilot_only	not_validated	not_validated	regulatory_conflict_requires_resolution	0.9931646501421928	50.76666666666667	14	19.0	29	False
LOC119876429/LOC119872513	NC_051811.1	17261706	17262706	1000	0.9794647433161735	1.0	45.23729384045776	0.0	0.05	95.26402282714844	11.0	556	1.0	0.28193300000000004	4.102	0	0	0	0	422	422	CO	regulatory_annotation_present	False	not_assessed			not_assessed	pilot_only	not_validated	not_validated	regulatory_conflict_requires_resolution	0.9792287337779999	46.266666666666666	14	19.0	26	False
LOC119876429/LOC119872513	NC_051811.1	17261956	17262956	1000	0.9987563943862915	1.0	51.834399192191185	0.0	0.0		0.0	476	1.0	0.380368	4.102	0	0	0	0	172	172	CO	regulatory_annotation_present	False	not_assessed			not_assessed	pilot_only	not_validated	not_validated	regulatory_conflict_requires_resolution	0.9943677260279655	51.26666666666667	14	19.0	27	False
LOC119876429/LOC119872513	NC_051811.1	17262206	17263206	1000	1.006110525906086	1.0	54.15684954560754	0.0	0.1	61.061662673950195	3.0	289	1.0	0.432554	4.102	0	0	0	0	0	0		no_promoter_enhancer_in_queried_epic_tissues	False	not_assessed			not_assessed	pilot_only	not_validated	not_validated	insufficient_evidence_for_safe_harbor	1.002149857401848	53.93333333333333	14	19.0	27	False
LOC119876429/LOC119872513	NC_051811.1	17262456	17263456	1000	1.0213489834666252	1.0	58.93638505553685	0.0	0.1	61.061662673950195	3.0	39	1.0	0.432201	4.102	0	0	0	0	0	0		no_promoter_enhancer_in_queried_epic_tissues	False	not_assessed			not_assessed	pilot_only	not_validated	not_validated	insufficient_evidence_for_safe_harbor	1.0132232180833816	57.53333333333334	10	18.0	27	False
LOC119876429/LOC119872513	NC_051811.1	17262706	17263706	1000	0.9838312762975693	1.0	46.85291147761696	0.0	0.1	61.061662673950195	3.0	82	1.0	0.36776099999999995	4.063	0	0	0	0	0	0		no_promoter_enhancer_in_queried_epic_tissues	False	not_assessed			not_assessed	pilot_only	not_validated	not_validated	insufficient_evidence_for_safe_harbor	0.9755199162364006	45.0	10	16.5	27	False
LOC119876429/LOC119872513	NC_051811.1	17262956	17263956	1000	0.9837715318202972	1.0	46.81925277684281	0.0	0.1	61.061662673950195	3.0	153	1.0	0.299779	3.897	0	0	0	0	0	0		no_promoter_enhancer_in_queried_epic_tissues	False	not_assessed			not_assessed	pilot_only	not_validated	not_validated	insufficient_evidence_for_safe_harbor	0.9796129534840584	46.400000000000006	10	17.0	27	False
LOC119876429/LOC119872513	NC_051811.1	17263206	17264206	1000	1.0038603444099425	1.0	53.51733423089868	0.0	0.0		0.0	153	1.0	0.21847899999999998	3.897	0	0	0	0	0	0		no_promoter_enhancer_in_queried_epic_tissues	False	not_assessed			not_assessed	pilot_only	not_validated	not_validated	insufficient_evidence_for_safe_harbor	0.9984287106394768	52.7	10	20.0	36	False
LOC119876429/LOC119872513	NC_051811.1	17263456	17264456	1000	1.0217834111452102	1.0	58.93638505553685	0.0	0.1	100.0	2.0	337	1.0	0.208223	3.897	0	0	0	0	152	0		no_promoter_enhancer_in_queried_epic_tissues	False	not_assessed			not_assessed	pilot_only	not_validated	not_validated	insufficient_evidence_for_safe_harbor	1.0202850443124771	59.06666666666667	11	23.0	36	False
LOC119876429/LOC119872513	NC_051811.1	17263706	17264706	1000	1.0603290072083473	1.0	68.66374957926624	0.0	0.1	100.0	2.0	294	1.0	0.22193599999999997	3.897	0	0	0	0	402	0		no_promoter_enhancer_in_queried_epic_tissues	False	not_assessed			not_assessed	pilot_only	not_validated	not_validated	insufficient_evidence_for_safe_harbor	1.057633178472519	68.76666666666667	14	24.0	36	False
LOC119876429/LOC119872513	NC_051811.1	17263956	17264956	1000	1.0589985181093216	1.0	68.52911477616964	0.0	0.2	92.0639820098877	6.0	267	1.0	0.20589500000000002	3.701	0	0	0	0	652	0		no_promoter_enhancer_in_queried_epic_tissues	False	not_assessed			not_assessed	pilot_only	not_validated	not_validated	insufficient_evidence_for_safe_harbor	1.0564935230612755	68.60000000000001	14	24.0	36	False
LOC119876429/LOC119872513	NC_051811.1	17264206	17265206	1000	1.0061580300331117	1.0	54.15684954560754	0.0	0.2	92.0639820098877	6.0	364	0.994	0.1496307847082495	3.701	0	0	0	0	796	0		no_promoter_enhancer_in_queried_epic_tissues	False	not_assessed			not_assessed	pilot_only	not_validated	not_validated	insufficient_evidence_for_safe_harbor	1.004925873398781	54.63333333333333	9	21.5	29	False
LOC119876429/LOC119872513	NC_051811.1	17264456	17265456	1000	0.9954082237780094	1.0	50.690003365870076	0.0	0.1	84.12796401977539	6.0	180	0.994	0.0938692152917505	3.563	0	0	0	0	644	0		no_promoter_enhancer_in_queried_epic_tissues	False	not_assessed			not_assessed	pilot_only	not_validated	not_validated	insufficient_evidence_for_safe_harbor	0.9944080455303193	51.26666666666667	5	18.5	29	False
LOC119876429/LOC119872513	NC_051811.1	17264706	17265706	1000	0.995260734051466	1.0	50.622685964321775	0.0	0.1	84.12796401977539	6.0	304	0.994	0.0839476861167002	3.563	0	0	0	0	394	0		no_promoter_enhancer_in_queried_epic_tissues	False	not_assessed			not_assessed	pilot_only	not_validated	not_validated	insufficient_evidence_for_safe_harbor	0.99545827126503	51.63333333333333	5	18.0	27	False
LOC119876429/LOC119872513	NC_051811.1	17264956	17265956	1000	0.9961138727366924	1.0	50.79097946819253	0.0	0.0		0.0	324	0.994	0.11823641851106641	3.563	0	0	0	0	205	0		no_promoter_enhancer_in_queried_epic_tissues	False	not_assessed			not_assessed	pilot_only	not_validated	not_validated	insufficient_evidence_for_safe_harbor	0.9961205756664276	51.83333333333333	5	18.0	32	False
LOC119876429/LOC119872513	NC_051811.1	17265206	17266206	1000	1.0671834739744663	1.0	70.21204981487715	0.0	0.0		0.0	227	1.0	0.193124	3.563	0	0	0	0	311	0		no_promoter_enhancer_in_queried_epic_tissues	False	not_assessed			not_assessed	pilot_only	not_validated	not_validated	insufficient_evidence_for_safe_harbor	1.0670396433472633	70.66666666666667	5	21.5	32	False
LOC119876429/LOC119872513	NC_051811.1	17265456	17266456	1000	1.065543278515339	1.0	69.8418041063615	0.0	0.0		0.0	285	1.0	0.189769	2.493	0	0	0	0	561	0		no_promoter_enhancer_in_queried_epic_tissues	False	not_assessed			not_assessed	pilot_only	not_validated	not_validated	insufficient_evidence_for_safe_harbor	1.065469991862774	70.43333333333334	9	23.0	32	False
LOC119876429/LOC119872513	NC_051811.1	17265706	17266706	1000	0.9932556769251824	1.0	49.74755974419388	0.0	0.0		0.0	307	1.0	0.181755	2.493	0	0	0	0	811	0		no_promoter_enhancer_in_queried_epic_tissues	False	not_assessed			not_assessed	pilot_only	not_validated	not_validated	insufficient_evidence_for_safe_harbor	0.9931819114089012	50.76666666666667	9	22.5	32	False
LOC119876429/LOC119872513	NC_051811.1	17265956	17266956	1000	0.9467544167637825	1.0	32.783574554022216	0.0	0.0		0.0	472	1.0	0.122585	2.472	0	0	0	0	1000	0		no_promoter_enhancer_in_queried_epic_tissues	False	not_assessed			not_assessed	pilot_only	not_validated	not_validated	insufficient_evidence_for_safe_harbor	0.9466803410053253	34.233333333333334	9	20.0	32	False
LOC119876429/LOC119872513	NC_051811.1	17266206	17267206	1000	0.9100318868160248	1.0	20.733759676876474	0.0	0.0		0.0	700	1.0	0.079857	2.949	0	0	0	0	1000	0		no_promoter_enhancer_in_queried_epic_tissues	False	not_assessed			not_assessed	pilot_only	not_validated	not_validated	insufficient_evidence_for_safe_harbor	0.9082104194164277	21.833333333333332	9	19.0	26	False
LOC119876429/LOC119872513	NC_051811.1	17266456	17267456	1000	0.8820235378146172	1.0	13.463480309660047	0.0	0.0		0.0	653	1.0	0.055694000000000014	2.949	0	0	0	0	839	0		no_promoter_enhancer_in_queried_epic_tissues	False	not_assessed			not_assessed	pilot_only	not_validated	not_validated	insufficient_evidence_for_safe_harbor	0.8801313317418098	14.733333333333334	4	15.0	26	False
LOC119876429/LOC119872513	NC_051811.1	17266706	17267706	1000	0.9462557585239411	1.0	32.716257152473915	0.0	0.0		0.0	468	1.0	0.17731799999999998	5.401	0	0	0	0	589	0		no_promoter_enhancer_in_queried_epic_tissues	False	not_assessed			not_assessed	pilot_only	not_validated	not_validated	insufficient_evidence_for_safe_harbor	0.9443639828562737	33.4	4	16.0	26	False
LOC119876429/LOC119872513	NC_051811.1	17266956	17267956	1000	0.9237814098596573	1.0	24.974755974419388	0.0	0.0		0.0	239	1.0	0.33288000000000006	5.401	0	0	0	0	339	0		no_promoter_enhancer_in_queried_epic_tissues	False	not_assessed			not_assessed	pilot_only	not_validated	not_validated	insufficient_evidence_for_safe_harbor	0.9161589649319649	24.3	4	15.5	26	False
LOC119876429/LOC119872513	NC_051811.1	17267206	17268206	1000	0.9102033586502075	1.0	20.733759676876474	0.0	0.0		0.0	11	1.0	0.35603999999999997	5.401	0	0	0	0	89	0		no_promoter_enhancer_in_queried_epic_tissues	False	not_assessed			not_assessed	pilot_only	not_validated	not_validated	insufficient_evidence_for_safe_harbor	0.9025504234433174	20.200000000000003	4	16.0	26	False
LOC119876429/LOC119872513	NC_051811.1	17267456	17268456	1000	0.9436859083771706	1.0	31.504543924604512	0.0	0.0		0.0	131	1.0	0.40945000000000004	5.401	0	0	0	0	0	0		no_promoter_enhancer_in_queried_epic_tissues	False	not_assessed			not_assessed	pilot_only	not_validated	not_validated	insufficient_evidence_for_safe_harbor	0.9345162674784661	29.86666666666667	7	17.0	27	False
LOC119876429/LOC119872513	NC_051811.1	17267706	17268706	1000	0.950705859720707	1.0	34.09626388421407	0.0	0.0		0.0	131	1.0	0.382016	5.117	0	0	0	0	0	0		no_promoter_enhancer_in_queried_epic_tissues	False	not_assessed			not_assessed	pilot_only	not_validated	not_validated	insufficient_evidence_for_safe_harbor	0.9415362660884857	32.13333333333333	7	20.0	27	False
LOC119876429/LOC119872513	NC_051811.1	17267956	17268956	1000	0.9857397785186768	1.0	47.59340289464827	0.0	0.05	100.0	1.0	201	1.0	0.378961	6.226	0	0	0	0	0	0		no_promoter_enhancer_in_queried_epic_tissues	False	not_assessed			not_assessed	pilot_only	not_validated	not_validated	insufficient_evidence_for_safe_harbor	0.9816909770965576	47.16666666666667	10	20.0	27	False
LOC119876429/LOC119872513	NC_051811.1	17268206	17269206	1000	0.9699489284157753	1.0	41.602154156849544	0.0	0.05	100.0	1.0	201	1.0	0.40604499999999993	6.226	0	0	0	0	0	0		no_promoter_enhancer_in_queried_epic_tissues	False	not_assessed			not_assessed	pilot_only	not_validated	not_validated	insufficient_evidence_for_safe_harbor	0.9675590946674347	42.0	10	19.5	27	False
LOC119876429/LOC119872513	NC_051811.1	17268456	17269456	1000	0.9261494840979576	1.0	25.681588690676538	0.0	0.05	100.0	1.0	70	1.0	0.446985	6.226	0	0	0	0	0	0		no_promoter_enhancer_in_queried_epic_tissues	False	not_assessed			not_assessed	pilot_only	not_validated	not_validated	insufficient_evidence_for_safe_harbor	0.9252762830257416	27.0	7	18.0	27	False
LOC119876429/LOC119872513	NC_051811.1	17268706	17269706	1000	0.8911647765636445	1.0	15.382026253786604	0.0	0.05	100.0	1.0	254	1.0	0.400839	6.226	0	0	0	0	0	0		no_promoter_enhancer_in_queried_epic_tissues	False	not_assessed			not_assessed	pilot_only	not_validated	not_validated	insufficient_evidence_for_safe_harbor	0.8874593853950501	16.3	7	17.0	24	False
LOC119876429/LOC119872513	NC_051811.1	17268956	17269956	1000	0.9045269448161125	1.0	18.949848535846517	0.0	0.0		0.0	342	1.0	0.331019	6.062	0	0	0	0	0	0		no_promoter_enhancer_in_queried_epic_tissues	False	not_assessed			not_assessed	pilot_only	not_validated	not_validated	insufficient_evidence_for_safe_harbor	0.9014316104650497	20.066666666666666	7	17.0	29	False
LOC119876429/LOC119872513	NC_051811.1	17269206	17270206	1000	0.9075898671746254	1.0	19.82497475597442	0.0	0.05	100.0	1.0	424	1.0	0.292134	6.062	0	0	0	0	0	0		no_promoter_enhancer_in_queried_epic_tissues	False	not_assessed			not_assessed	pilot_only	not_validated	not_validated	insufficient_evidence_for_safe_harbor	0.9027325543761253	20.233333333333334	7	16.0	29	False
LOC119876429/LOC119872513	NC_051811.1	17269456	17270456	1000	0.9703992437124253	1.0	41.837765062268595	0.0	0.05	100.0	1.0	674	1.0	0.31064400000000003	6.062	0	0	0	0	161	0		no_promoter_enhancer_in_queried_epic_tissues	False	not_assessed			not_assessed	pilot_only	not_validated	not_validated	insufficient_evidence_for_safe_harbor	0.96554235881567	41.333333333333336	9	17.0	29	False
LOC119876429/LOC119872513	NC_051811.1	17269706	17270706	1000	1.036754256427288	1.0	62.80713564456411	0.0	0.05	100.0	1.0	721	1.0	0.32998500000000003	6.979	0	0	0	0	411	0		no_promoter_enhancer_in_queried_epic_tissues	False	not_assessed			not_assessed	pilot_only	not_validated	not_validated	insufficient_evidence_for_safe_harbor	1.0347297716736794	63.06666666666667	10	18.0	29	False
LOC119876429/LOC119872513	NC_051811.1	17269956	17270956	1000	1.032576390326023	1.0	61.83103332211377	0.0	0.05	100.0	1.0	774	1.0	0.23677899999999996	6.979	0	0	0	0	600	0		no_promoter_enhancer_in_queried_epic_tissues	False	not_assessed			not_assessed	pilot_only	not_validated	not_validated	insufficient_evidence_for_safe_harbor	1.0313737567663193	62.2	10	18.5	27	False
LOC119876429/LOC119872513	NC_051811.1	17270206	17271206	1000	1.0411468977332115	1.0	63.985190171659376	0.0	0.0		0.0	725	0.999	0.20399799799799798	6.979	0	0	0	0	600	0		no_promoter_enhancer_in_queried_epic_tissues	False	not_assessed			not_assessed	pilot_only	not_validated	not_validated	insufficient_evidence_for_safe_harbor	1.0419758027195931	65.0	10	20.0	27	False
LOC119876429/LOC119872513	NC_051811.1	17270456	17271456	1000	1.008124886751175	1.0	54.89734096263884	0.0	0.05	51.501243591308594	2.0	542	0.999	0.11857357357357359	6.979	0	0	0	0	439	0		no_promoter_enhancer_in_queried_epic_tissues	False	not_assessed			not_assessed	pilot_only	not_validated	not_validated	insufficient_evidence_for_safe_harbor	1.0064693188667297	55.166666666666664	14	20.5	28	False
LOC119876429/LOC119872513	NC_051811.1	17270706	17271706	1000	0.9643558012247085	1.0	39.41433860652979	0.0	0.05	51.501243591308594	2.0	428	0.999	0.03923623623623623	5.003	0	0	0	0	189	0		no_promoter_enhancer_in_queried_epic_tissues	False	not_assessed			not_assessed	pilot_only	not_validated	not_validated	insufficient_evidence_for_safe_harbor	0.9630235702395439	40.36666666666667	10	20.0	29	False
LOC119876429/LOC119872513	NC_051811.1	17270956	17271956	1000	0.9625298889875412	1.0	38.90945809491754	0.0	0.05	51.501243591308594	2.0	217	0.999	0.057256256256256244	5.003	0	0	0	0	0	0		no_promoter_enhancer_in_queried_epic_tissues	False	not_assessed			not_assessed	pilot_only	not_validated	not_validated	insufficient_evidence_for_safe_harbor	0.9577040865421295	38.233333333333334	10	20.0	29	False
LOC119876429/LOC119872513	NC_051811.1	17271206	17272206	1000	0.9720676985383033	1.0	42.4436216762033	0.0	0.05	51.501243591308594	2.0	184	1.0	0.145733	5.939	0	0	0	0	0	0		no_promoter_enhancer_in_queried_epic_tissues	False	not_assessed			not_assessed	pilot_only	not_validated	not_validated	insufficient_evidence_for_safe_harbor	0.9560995241999626	37.46666666666666	10	20.0	29	False
LOC119876429/LOC119872513	NC_051811.1	17271456	17272456	1000	0.9506557134091854	1.0	34.09626388421407	0.0	0.0		0.0	144	0.985	0.3074964467005076	5.939	0	0	0	0	0	0		no_promoter_enhancer_in_queried_epic_tissues	False	not_assessed			not_assessed	pilot_only	not_validated	not_validated	insufficient_evidence_for_safe_harbor	0.9377790284752846	30.966666666666665	9	20.0	29	False
LOC119876429/LOC119872513	NC_051811.1	17271706	17272706	1000	0.9221888796985149	1.0	24.604510265903738	0.0	0.05	91.61817932128906	6.0	82	0.985	0.3619258883248731	5.939	0	0	0	0	195	0		no_promoter_enhancer_in_queried_epic_tissues	False	not_assessed			not_assessed	pilot_only	not_validated	not_validated	insufficient_evidence_for_safe_harbor	0.9089722871184349	22.166666666666668	9	19.0	28	False
LOC119876429/LOC119872513	NC_051811.1	17271956	17272956	1000	0.9040169055759907	1.0	18.815213732749918	0.0	0.05	91.61817932128906	6.0	82	0.985	0.432048730964467	5.939	0	0	0	0	400	0		no_promoter_enhancer_in_queried_epic_tissues	False	not_assessed			not_assessed	pilot_only	not_validated	not_validated	insufficient_evidence_for_safe_harbor	0.8887805911898613	16.53333333333333	9	16.0	27	False
LOC119876429/LOC119872513	NC_051811.1	17272206	17273206	1000	0.9168945861756802	1.0	22.719623022551332	0.0	0.05	91.61817932128906	6.0	82	0.985	0.37019390862944157	5.795	0	0	0	0	400	0		no_promoter_enhancer_in_queried_epic_tissues	False	not_assessed			not_assessed	pilot_only	not_validated	not_validated	insufficient_evidence_for_safe_harbor	0.9101182543635369	22.433333333333334	9	16.0	30	False
LOC119876429/LOC119872513	NC_051811.1	17272456	17273456	1000	0.9375812665820121	1.0	29.51868057892965	0.0	0.05	91.61817932128906	6.0	98	1.0	0.19560200000000003	5.795	0	0	0	0	400	0		no_promoter_enhancer_in_queried_epic_tissues	False	not_assessed			not_assessed	pilot_only	not_validated	not_validated	insufficient_evidence_for_safe_harbor	0.9268186204433441	27.333333333333332	9	16.0	30	False
LOC119876429/LOC119872513	NC_051811.1	17272706	17273706	1000	0.9918903784751892	1.0	49.34365533490407	0.0	0.0		0.0	115	1.0	0.21218299999999998	5.795	0	0	0	0	205	0		no_promoter_enhancer_in_queried_epic_tissues	False	not_assessed			not_assessed	pilot_only	not_validated	not_validated	insufficient_evidence_for_safe_harbor	0.9813879845142365	47.0	9	20.0	30	False
LOC119876429/LOC119872513	NC_051811.1	17272956	17273956	1000	0.9673396497368812	1.0	40.79434533826994	0.0	0.0		0.0	203	1.0	0.128639	4.727	0	0	0	0	0	0		no_promoter_enhancer_in_queried_epic_tissues	False	not_assessed			not_assessed	pilot_only	not_validated	not_validated	insufficient_evidence_for_safe_harbor	0.9474942200481892	34.5	3	20.0	30	False
LOC119876429/LOC119872513	NC_051811.1	17273206	17274206	1000	0.9594320534467697	1.0	37.76506226859643	0.0	0.006	100.0	2.0	345	1.0	0.076756	4.727	0	0	0	0	0	0		no_promoter_enhancer_in_queried_epic_tissues	False	not_assessed			not_assessed	pilot_only	not_validated	not_validated	insufficient_evidence_for_safe_harbor	0.9422691065967083	32.5	3	16.0	28	False
LOC119876429/LOC119872513	NC_051811.1	17273456	17274456	1000	0.993456344127655	1.0	49.81487714574217	0.0	0.05	100.0	2.0	380	1.0	0.057071	4.323	0	0	0	0	147	0		no_promoter_enhancer_in_queried_epic_tissues	False	not_assessed			not_assessed	pilot_only	not_validated	not_validated	insufficient_evidence_for_safe_harbor	0.9796726939976216	46.400000000000006	3	16.0	28	False
LOC119876429/LOC119872513	NC_051811.1	17273511	17274511	1000	0.9985639499425888	1.0	51.73342308986874	0.0	0.05	100.0	2.0	325	1.0	0.039225	4.323	0	0	0	0	202	0		no_promoter_enhancer_in_queried_epic_tissues	False	not_assessed			not_assessed	pilot_only	not_validated	not_validated	insufficient_evidence_for_safe_harbor	0.9843811761438847	48.199999999999996	3	16.0	28	False
LOC119876429/LOC119872513	NC_051811.1	17217706	17219706	2000	1.0100846225321294	1.0	55.857670359180936	0.0	0.1	77.45018005371094	8.0	989	0.9995	0.20740670335167583	6.072	0	0	0	0	400	400	MG	regulatory_annotation_present	False	not_assessed			not_assessed	pilot_only	not_validated	not_validated	regulatory_conflict_requires_resolution	1.0029266553521157	53.96666666666666	9	23.0	34	False
LOC119876429/LOC119872513	NC_051811.1	17217956	17219956	2000	1.0188160536587239	1.0	58.50956696878147	0.0	0.072	87.18744521670871	8.0	801	0.9995	0.1949704852426213	6.757	0	0	0	0	381	381	MG	regulatory_annotation_present	False	not_assessed			not_assessed	pilot_only	not_validated	not_validated	regulatory_conflict_requires_resolution	1.0116460788547992	57.333333333333336	9	24.0	34	False
LOC119876429/LOC119872513	NC_051811.1	17218206	17220206	2000	0.9879292395114899	1.0	47.667002349781804	0.0	0.025	100.0	2.0	801	0.9995	0.18966683341670837	6.757	0	0	0	0	131	131	MG	regulatory_annotation_present	False	not_assessed			not_assessed	pilot_only	not_validated	not_validated	regulatory_conflict_requires_resolution	0.9831047710478306	47.199999999999996	9	24.0	34	False
LOC119876429/LOC119872513	NC_051811.1	17218456	17220456	2000	1.0129356859326362	1.0	56.89828801611279	0.0	0.05	100.0	2.0	744	0.9995	0.22167183591795897	6.757	0	0	0	0	0	0		no_promoter_enhancer_in_queried_epic_tissues	False	not_assessed			not_assessed	pilot_only	not_validated	not_validated	insufficient_evidence_for_safe_harbor	1.008111379057169	56.10000000000001	9	24.0	34	False
LOC119876429/LOC119872513	NC_051811.1	17218706	17220706	2000	1.0096669922173023	1.0	55.72339711312521	0.0	0.025	100.0	1.0	527	0.9995	0.18613656828414207	6.757	0	0	0	0	0	0		no_promoter_enhancer_in_queried_epic_tissues	False	not_assessed			not_assessed	pilot_only	not_validated	not_validated	insufficient_evidence_for_safe_harbor	1.0048426669538022	54.93333333333334	4	23.0	33	False
LOC119876429/LOC119872513	NC_051811.1	17218956	17220956	2000	1.012392390459776	1.0	56.797583081571	0.0	0.025	100.0	1.0	610	1.0	0.2011275	6.757	0	0	0	0	22	22	MG	regulatory_annotation_present	False	not_assessed			not_assessed	pilot_only	not_validated	not_validated	regulatory_conflict_requires_resolution	1.0074509223401547	55.900000000000006	4	23.0	33	False
LOC119876429/LOC119872513	NC_051811.1	17219206	17221206	2000	1.041448603540659	1.0	65.3910708291373	0.0	0.025	100.0	1.0	407	1.0	0.2329085	6.757	0	0	0	0	272	272	MG;SP	regulatory_annotation_present	False	not_assessed			not_assessed	pilot_only	not_validated	not_validated	regulatory_conflict_requires_resolution	1.0356617715060712	64.73333333333333	4	24.0	33	False
LOC119876429/LOC119872513	NC_051811.1	17219456	17221456	2000	1.0537103227972984	1.0	67.53944276602887	0.0	0.025	100.0	1.0	411	1.0	0.22917099999999999	6.757	0	0	0	0	522	522	MG;SP	regulatory_annotation_present	False	not_assessed			not_assessed	pilot_only	not_validated	not_validated	regulatory_conflict_requires_resolution	1.048248496502638	67.36666666666666	4	23.0	33	False
LOC119876429/LOC119872513	NC_051811.1	17219706	17221706	2000	1.0437887590527535	1.0	65.92816381336019	0.0	0.025	100.0	1.0	550	1.0	0.237455	6.757	0	0	0	0	600	600	MG;SP	regulatory_annotation_present	False	not_assessed			not_assessed	pilot_only	not_validated	not_validated	regulatory_conflict_requires_resolution	1.042821001291275	66.56666666666666	4	23.0	34	False
LOC119876429/LOC119872513	NC_051811.1	17219956	17221956	2000	1.040079114973545	1.0	64.92111446794226	0.0	0.025	100.0	1.0	608	1.0	0.22360500000000003	5.105	0	0	0	0	600	600	MG;SP	regulatory_annotation_present	False	not_assessed			not_assessed	pilot_only	not_validated	not_validated	regulatory_conflict_requires_resolution	1.0392397396564483	65.7	4	21.0	34	False
LOC119876429/LOC119872513	NC_051811.1	17220206	17222206	2000	1.0191740300357341	1.0	58.67740852635113	0.0	0.025	100.0	1.0	560	1.0	0.26798950000000005	5.322	0	0	0	0	600	600	MG;SP	regulatory_annotation_present	False	not_assessed			not_assessed	pilot_only	not_validated	not_validated	regulatory_conflict_requires_resolution	1.0174777279496192	58.93333333333334	4	21.0	34	False
LOC119876429/LOC119872513	NC_051811.1	17220456	17222456	2000	0.9929567360579967	1.0	49.41255454850621	0.0	0.0		0.0	591	1.0	0.288356	5.322	0	0	0	0	600	600	MG;SP	regulatory_annotation_present	False	not_assessed			not_assessed	pilot_only	not_validated	not_validated	regulatory_conflict_requires_resolution	0.9912771492600441	50.13333333333333	4	20.0	34	False
LOC119876429/LOC119872513	NC_051811.1	17220706	17222706	2000	0.9961342190802097	1.0	50.55387713997986	0.0	0.0		0.0	591	1.0	0.32788799999999996	5.322	0	0	0	0	600	600	MG;SP	regulatory_annotation_present	False	not_assessed			not_assessed	pilot_only	not_validated	not_validated	regulatory_conflict_requires_resolution	0.9944546551108361	51.16666666666667	4	20.0	34	False
LOC119876429/LOC119872513	NC_051811.1	17220956	17222956	2000	1.0034675858020783	1.0	53.17220543806647	0.0	0.0		0.0	672	1.0	0.336457	5.322	0	0	0	0	578	578	MG;SP	regulatory_annotation_present	False	not_assessed			not_assessed	pilot_only	not_validated	not_validated	regulatory_conflict_requires_resolution	1.0019634132385253	53.400000000000006	11	21.0	34	False
LOC119876429/LOC119872513	NC_051811.1	17221206	17223206	2000	0.9979086866676807	1.0	51.15810674723061	0.0	0.053	77.75177145903965	6.0	665	1.0	0.44725099999999995	6.122	0	0	0	0	328	328	MG;SP	regulatory_annotation_present	False	not_assessed			not_assessed	pilot_only	not_validated	not_validated	regulatory_conflict_requires_resolution	0.9981031512320042	52.26666666666666	11	21.5	34	False
LOC119876429/LOC119872513	NC_051811.1	17221456	17223456	2000	0.9855997112095356	1.0	46.86136287344746	0.0	0.125	83.69652709960937	6.0	661	1.0	0.5031365	6.936	0	0	0	0	78	78	MG;SP	regulatory_annotation_present	False	not_assessed			not_assessed	pilot_only	not_validated	not_validated	regulatory_conflict_requires_resolution	0.9857940921783447	48.199999999999996	11	22.0	34	False
LOC119876429/LOC119872513	NC_051811.1	17221706	17223706	2000	0.9928419072329998	1.0	49.41255454850621	0.0	0.15	78.08043924967448	6.0	522	0.9975	0.4945027568922305	6.936	0	0	0	147	0	0		no_promoter_enhancer_in_queried_epic_tissues	False	not_assessed			not_assessed	pilot_only	not_validated	not_validated	insufficient_evidence_for_safe_harbor	0.9930363334417344	50.56666666666667	11	22.0	33	False
LOC119876429/LOC119872513	NC_051811.1	17221956	17223956	2000	1.0069871669411659	1.0	54.85062101376301	0.0	0.15	78.08043924967448	6.0	657	0.9975	0.44502556390977444	6.936	0	0	0	219	0	0		no_promoter_enhancer_in_queried_epic_tissues	False	not_assessed			not_assessed	pilot_only	not_validated	not_validated	insufficient_evidence_for_safe_harbor	1.0070653509497642	55.833333333333336	12	22.0	33	False
LOC119876429/LOC119872513	NC_051811.1	17222206	17224206	2000	1.0634722921848296	1.0	69.95636119503189	0.0	0.15	78.08043924967448	6.0	687	0.9975	0.416850626566416	6.936	0	0	0	219	67	0		no_promoter_enhancer_in_queried_epic_tissues	False	not_assessed			not_assessed	pilot_only	not_validated	not_validated	insufficient_evidence_for_safe_harbor	1.0642943329215049	70.89999999999999	12	24.0	34	False
LOC119876429/LOC119872513	NC_051811.1	17222456	17224456	2000	1.096281494140625	1.0	76.09936220208124	0.0	0.15	78.08043924967448	6.0	849	0.9975	0.36303258145363404	6.936	0	0	0	219	317	0		no_promoter_enhancer_in_queried_epic_tissues	False	not_assessed			not_assessed	pilot_only	not_validated	not_validated	insufficient_evidence_for_safe_harbor	1.0945278509557248	76.36666666666667	12	25.0	34	False
LOC119876429/LOC119872513	NC_051811.1	17222706	17224706	2000	1.105235639154911	1.0	77.10641154749916	0.0	0.15	78.08043924967448	6.0	1068	0.9975	0.36935037593984965	6.936	0	0	0	219	567	0		no_promoter_enhancer_in_queried_epic_tissues	False	not_assessed			not_assessed	pilot_only	not_validated	not_validated	insufficient_evidence_for_safe_harbor	1.103390673905611	77.46666666666667	13	24.5	34	False
LOC119876429/LOC119872513	NC_051811.1	17222956	17224956	2000	1.1041337377429008	1.0	77.00570661295737	0.0	0.15	78.08043924967448	6.0	899	0.997	0.38323269809428284	6.936	0	0	0	219	600	0		no_promoter_enhancer_in_queried_epic_tissues	False	not_assessed			not_assessed	pilot_only	not_validated	not_validated	insufficient_evidence_for_safe_harbor	1.1022899097204208	77.36666666666666	11	24.0	34	False
LOC119876429/LOC119872513	NC_051811.1	17223206	17225206	2000	1.1027977783977985	1.0	76.83786505538771	0.0	0.097	78.26002061981515	4.0	971	0.997	0.3292703109327984	8.368	0	0	0	219	600	0		no_promoter_enhancer_in_queried_epic_tissues	False	not_assessed			not_assessed	pilot_only	not_validated	not_validated	insufficient_evidence_for_safe_harbor	1.09816016882658	76.83333333333333	11	24.0	34	False
LOC119876429/LOC119872513	NC_051811.1	17223456	17225456	2000	1.0948626811802387	1.0	75.96508895602551	0.0	0.05	75.0	1.0	1188	0.997	0.4567542627883651	8.368	0	0	0	219	600	0		no_promoter_enhancer_in_queried_epic_tissues	False	not_assessed			not_assessed	pilot_only	not_validated	not_validated	insufficient_evidence_for_safe_harbor	1.0902250170707704	75.8	9	23.0	34	False
LOC119876429/LOC119872513	NC_051811.1	17223706	17225706	2000	1.0965148786604404	1.0	76.09936220208124	0.0	0.025	100.0	1.0	1341	0.9995	0.46814257128564285	8.368	0	0	0	72	600	0		no_promoter_enhancer_in_queried_epic_tissues	False	not_assessed			not_assessed	pilot_only	not_validated	not_validated	insufficient_evidence_for_safe_harbor	1.0918772258758545	75.96666666666667	9	23.0	34	False
LOC119876429/LOC119872513	NC_051811.1	17223956	17225956	2000	1.0888640205562115	1.0	75.02517623363545	0.0	0.025	100.0	1.0	1346	0.9995	0.4847868934467233	8.368	0	0	0	0	600	0		no_promoter_enhancer_in_queried_epic_tissues	False	not_assessed			not_assessed	pilot_only	not_validated	not_validated	insufficient_evidence_for_safe_harbor	1.0829802295565605	74.86666666666667	9	23.0	34	False
LOC119876429/LOC119872513	NC_051811.1	17224206	17226206	2000	1.0656632358431817	1.0	70.39274924471299	0.0	0.025	100.0	1.0	1364	0.9995	0.4523221610805403	8.368	0	0	0	0	533	0		no_promoter_enhancer_in_queried_epic_tissues	False	not_assessed			not_assessed	pilot_only	not_validated	not_validated	insufficient_evidence_for_safe_harbor	1.0585510829091072	69.63333333333334	9	20.0	33	False
LOC119876429/LOC119872513	NC_051811.1	17224456	17226456	2000	1.0475729938447476	1.0	66.46525679758308	0.0	0.025	100.0	1.0	1411	0.9995	0.463072036018009	8.368	0	0	0	0	283	0		no_promoter_enhancer_in_queried_epic_tissues	False	not_assessed			not_assessed	pilot_only	not_validated	not_validated	insufficient_evidence_for_safe_harbor	1.042095896780491	66.43333333333334	9	19.0	33	False
LOC119876429/LOC119872513	NC_051811.1	17224706	17226706	2000	1.0269374811649323	1.0	61.2621685129238	0.0	0.025	100.0	1.0	1434	0.999	0.4481186186186186	8.368	0	0	0	0	33	0		no_promoter_enhancer_in_queried_epic_tissues	False	not_assessed			not_assessed	pilot_only	not_validated	not_validated	insufficient_evidence_for_safe_harbor	1.0215516327917575	60.16666666666667	8	19.0	33	False
LOC119876429/LOC119872513	NC_051811.1	17224956	17226956	2000	1.02083232319355	1.0	59.0802282645183	0.0	0.025	100.0	1.0	1462	0.9995	0.40645922961480735	8.368	0	0	0	0	0	0		no_promoter_enhancer_in_queried_epic_tissues	False	not_assessed			not_assessed	pilot_only	not_validated	not_validated	insufficient_evidence_for_safe_harbor	1.0153871099054814	58.46666666666667	8	19.0	33	False
LOC119876429/LOC119872513	NC_051811.1	17225206	17227206	2000	0.9827449289858341	1.0	45.854313528029536	0.0	0.025	100.0	1.0	1640	0.9995	0.3416923461730865	8.354	0	0	0	0	0	0		no_promoter_enhancer_in_queried_epic_tissues	False	not_assessed			not_assessed	pilot_only	not_validated	not_validated	insufficient_evidence_for_safe_harbor	0.9784452672898769	45.36666666666667	8	18.0	33	False
LOC119876429/LOC119872513	NC_051811.1	17225456	17227456	2000	0.9786028277873993	1.0	44.24303457536086	0.0	0.0		0.0	1538	0.9995	0.17768534267133565	4.421	0	0	0	0	0	0		no_promoter_enhancer_in_queried_epic_tissues	False	not_assessed			not_assessed	pilot_only	not_validated	not_validated	insufficient_evidence_for_safe_harbor	0.9743031395673751	43.7	8	18.5	33	False
LOC119876429/LOC119872513	NC_051811.1	17225706	17227706	2000	0.9803347209393978	1.0	44.780127559583754	0.0	0.0		0.0	1463	0.9995	0.16144222111055526	4.421	0	0	0	0	0	0		no_promoter_enhancer_in_queried_epic_tissues	False	not_assessed			not_assessed	pilot_only	not_validated	not_validated	insufficient_evidence_for_safe_harbor	0.9760350467264652	44.36666666666667	5	18.0	33	False
LOC119876429/LOC119872513	NC_051811.1	17225956	17227956	2000	0.957645103007555	1.0	34.978180597515944	0.0	0.0		0.0	1376	0.9995	0.19431415707853927	4.421	0	0	0	0	0	0		no_promoter_enhancer_in_queried_epic_tissues	False	not_assessed			not_assessed	pilot_only	not_validated	not_validated	insufficient_evidence_for_safe_harbor	0.9543999423086643	35.46666666666667	5	18.0	33	False
LOC119876429/LOC119872513	NC_051811.1	17226206	17228206	2000	0.9329813756644726	1.0	25.612621685129238	0.0	0.0		0.0	1159	0.9995	0.22705202601300647	4.421	0	0	0	0	0	0		no_promoter_enhancer_in_queried_epic_tissues	False	not_assessed			not_assessed	pilot_only	not_validated	not_validated	insufficient_evidence_for_safe_harbor	0.9298553236722946	26.23333333333333	5	18.0	33	False
LOC119876429/LOC119872513	NC_051811.1	17226456	17228456	2000	0.9358416338860989	1.0	26.48539778449144	0.0	0.025	100.0	1.0	1157	0.9995	0.2075607803901951	5.055	0	0	0	0	0	0		no_promoter_enhancer_in_queried_epic_tissues	False	not_assessed			not_assessed	pilot_only	not_validated	not_validated	insufficient_evidence_for_safe_harbor	0.933639443308115	27.400000000000002	5	18.0	33	False
LOC119876429/LOC119872513	NC_051811.1	17226706	17228706	2000	0.9579427368938923	1.0	35.146022155085596	0.0	0.025	100.0	1.0	1079	1.0	0.20763900000000002	5.055	0	0	0	0	0	0		no_promoter_enhancer_in_queried_epic_tissues	False	not_assessed			not_assessed	pilot_only	not_validated	not_validated	insufficient_evidence_for_safe_harbor	0.9557406876087189	35.93333333333334	5	18.0	33	False
LOC119876429/LOC119872513	NC_051811.1	17226956	17228956	2000	0.9890781452953815	1.0	48.10339039946291	0.0	0.025	100.0	1.0	1221	1.0	0.2008845	5.055	0	0	0	0	0	0		no_promoter_enhancer_in_queried_epic_tissues	False	not_assessed			not_assessed	pilot_only	not_validated	not_validated	insufficient_evidence_for_safe_harbor	0.9868763064146042	48.66666666666667	5	18.0	33	False
LOC119876429/LOC119872513	NC_051811.1	17227206	17229206	2000	1.0242847599387168	1.0	60.389392413561595	0.0	0.053	90.88754805079046	5.0	1004	1.0	0.199197	5.055	0	0	0	0	0	0		no_promoter_enhancer_in_queried_epic_tissues	False	not_assessed			not_assessed	pilot_only	not_validated	not_validated	insufficient_evidence_for_safe_harbor	1.0199874564707279	59.73333333333334	5	20.0	33	False
LOC119876429/LOC119872513	NC_051811.1	17227456	17229456	2000	1.031498067110777	1.0	62.43705941591138	0.0	0.075	86.1362075805664	5.0	889	1.0	0.1810375	5.055	0	0	0	0	0	0		no_promoter_enhancer_in_queried_epic_tissues	False	not_assessed			not_assessed	pilot_only	not_validated	not_validated	insufficient_evidence_for_safe_harbor	1.027200813472271	62.26666666666667	5	20.0	33	False
LOC119876429/LOC119872513	NC_051811.1	17227706	17229706	2000	1.0281841219961643	1.0	61.6985565626049	0.0	0.075	86.1362075805664	5.0	811	1.0	0.256992	5.055	0	0	0	0	0	0		no_promoter_enhancer_in_queried_epic_tissues	False	not_assessed			not_assessed	pilot_only	not_validated	not_validated	insufficient_evidence_for_safe_harbor	1.0238868453204633	60.96666666666667	5	20.0	32	False
LOC119876429/LOC119872513	NC_051811.1	17227956	17229956	2000	1.0456269508898257	1.0	66.19671030547164	0.0	0.075	86.1362075805664	5.0	648	1.0	0.26996450000000005	5.559	0	0	0	0	0	0		no_promoter_enhancer_in_queried_epic_tissues	False	not_assessed			not_assessed	pilot_only	not_validated	not_validated	insufficient_evidence_for_safe_harbor	1.0415212094783783	66.23333333333333	10	20.0	32	False
LOC119876429/LOC119872513	NC_051811.1	17228206	17230206	2000	1.06521796515584	1.0	70.32561262168512	0.0	0.075	86.1362075805664	5.0	642	0.9995	0.2662711355677839	5.559	0	0	0	0	0	0		no_promoter_enhancer_in_queried_epic_tissues	False	not_assessed			not_assessed	pilot_only	not_validated	not_validated	insufficient_evidence_for_safe_harbor	1.0621701595485211	70.5	10	21.0	32	False
LOC119876429/LOC119872513	NC_051811.1	17228456	17230456	2000	1.0594777986109256	1.0	69.05001678415576	0.0	0.05	79.20431137084961	5.0	494	0.9995	0.28791995997999	5.559	0	0	0	0	0	0		no_promoter_enhancer_in_queried_epic_tissues	False	not_assessed			not_assessed	pilot_only	not_validated	not_validated	insufficient_evidence_for_safe_harbor	1.0548173315525056	68.56666666666666	13	21.0	32	False
LOC119876429/LOC119872513	NC_051811.1	17228706	17230706	2000	1.0595872358381748	1.0	69.08358509566969	0.0	0.103	81.75385691818681	70.0	330	0.9995	0.29117958979489744	5.559	0	0	0	0	0	0		no_promoter_enhancer_in_queried_epic_tissues	False	not_assessed			not_assessed	pilot_only	not_validated	not_validated	insufficient_evidence_for_safe_harbor	1.054926766872406	68.56666666666666	13	21.5	32	False
LOC119876429/LOC119872513	NC_051811.1	17228956	17230956	2000	1.0449041243195534	1.0	66.06243705941591	0.0	0.15	84.88611602783203	70.0	160	0.9995	0.5580510255127564	10.628	0	0	0	0	0	0		no_promoter_enhancer_in_queried_epic_tissues	False	not_assessed			not_assessed	pilot_only	not_validated	not_validated	insufficient_evidence_for_safe_harbor	1.0407705016136168	65.96666666666667	10	21.0	32	False
LOC119876429/LOC119872513	NC_051811.1	17229206	17231206	2000	1.0458313937187196	1.0	66.23027861698556	0.0	0.175	88.57615779331752	70.0	127	0.9995	0.705047523761881	10.784	0	0	0	0	0	0		no_promoter_enhancer_in_queried_epic_tissues	False	not_assessed			not_assessed	pilot_only	not_validated	not_validated	insufficient_evidence_for_safe_harbor	1.0453255739808083	67.0	10	21.0	32	False
LOC119876429/LOC119872513	NC_051811.1	17229456	17231456	2000	1.03187563636899	1.0	62.6720375965089	0.0	0.175	91.75801195417132	70.0	270	0.9995	0.7348989494747374	10.784	0	0	0	0	116	116	CL	regulatory_annotation_present	False	not_assessed			not_assessed	pilot_only	not_validated	not_validated	regulatory_conflict_requires_resolution	1.0313697218000888	63.4	4	20.0	32	False
LOC119876429/LOC119872513	NC_051811.1	17229706	17231706	2000	1.0538285534381866	1.0	67.60657938905673	0.0	0.175	91.75801195417132	70.0	344	0.9995	0.6670515257628815	10.784	0	0	0	0	366	366	CL	regulatory_annotation_present	False	not_assessed			not_assessed	pilot_only	not_validated	not_validated	regulatory_conflict_requires_resolution	1.0517685744762422	68.2	4	20.5	32	False
LOC119876429/LOC119872513	NC_051811.1	17229956	17231956	2000	1.0793377987146378	1.0	73.48103390399463	0.0	0.175	91.75801195417132	70.0	344	0.9995	0.6560020010005002	10.784	0	0	0	0	616	616	CL	regulatory_annotation_present	False	not_assessed			not_assessed	pilot_only	not_validated	not_validated	regulatory_conflict_requires_resolution	1.0772779899537563	73.5	4	22.0	32	False
LOC119876429/LOC119872513	NC_051811.1	17230206	17232206	2000	1.058923270791769	1.0	68.91574353810003	0.0	0.2	88.01437330245972	70.0	317	1.0	0.6550320000000001	10.784	0	0	0	0	866	866	CL	regulatory_annotation_present	False	not_assessed			not_assessed	pilot_only	not_validated	not_validated	regulatory_conflict_requires_resolution	1.0570277607142926	69.0	4	20.0	32	False
LOC119876429/LOC119872513	NC_051811.1	17230456	17232456	2000	1.0587692886292934	1.0	68.91574353810003	0.0	0.2	88.01437330245972	70.0	217	1.0	0.613072	10.784	0	0	0	0	1116	1116	CL	regulatory_annotation_present	False	not_assessed			not_assessed	pilot_only	not_validated	not_validated	regulatory_conflict_requires_resolution	1.0584863950610162	69.63333333333334	4	20.0	32	False
LOC119876429/LOC119872513	NC_051811.1	17230706	17232706	2000	1.05450287476182	1.0	67.74085263511246	0.0	0.147	89.40437392150464	67.0	374	1.0	0.628113	10.784	0	0	0	0	1366	1366	CL	regulatory_annotation_present	False	not_assessed			not_assessed	pilot_only	not_validated	not_validated	regulatory_conflict_requires_resolution	1.0542199544310569	68.53333333333333	4	20.5	31	False
LOC119876429/LOC119872513	NC_051811.1	17230956	17232956	2000	1.0428668496012687	1.0	65.69318563276268	0.0	0.15	92.20115216573079	11.0	374	1.0	0.4501995	10.784	0	0	0	0	1616	1616	CL	regulatory_annotation_present	False	not_assessed			not_assessed	pilot_only	not_validated	not_validated	regulatory_conflict_requires_resolution	1.0420569052100181	66.36666666666666	4	21.0	32	False
LOC119876429/LOC119872513	NC_051811.1	17231206	17233206	2000	1.040555404126644	1.0	65.05538771399799	0.0	0.097	90.15693369599961	4.0	374	1.0	0.30072450000000006	5.455	0	0	0	0	1866	1866	CL	regulatory_annotation_present	False	not_assessed			not_assessed	pilot_only	not_validated	not_validated	regulatory_conflict_requires_resolution	1.0390081966519356	65.63333333333333	4	22.0	35	False
LOC119876429/LOC119872513	NC_051811.1	17231456	17233456	2000	1.0565903207361698	1.0	68.24437730782141	0.0	0.075	87.26963424682617	4.0	231	1.0	0.30448200000000003	5.746	0	0	0	0	2000	2000	CL	regulatory_annotation_present	False	not_assessed			not_assessed	pilot_only	not_validated	not_validated	regulatory_conflict_requires_resolution	1.055043219178915	68.66666666666667	7	22.0	35	False
LOC119876429/LOC119872513	NC_051811.1	17231706	17233706	2000	1.0411894954442977	1.0	65.3910708291373	0.0	0.075	87.26963424682617	4.0	157	1.0	0.31417399999999995	5.746	0	0	0	0	2000	2000	CL	regulatory_annotation_present	False	not_assessed			not_assessed	pilot_only	not_validated	not_validated	regulatory_conflict_requires_resolution	1.0410053979754448	66.13333333333333	7	21.0	35	False
LOC119876429/LOC119872513	NC_051811.1	17231956	17233956	2000	1.0458862056434155	1.0	66.23027861698556	0.0	0.075	87.26963424682617	4.0	157	1.0	0.2625505	5.746	0	0	0	0	2000	2000	CL;MG	regulatory_annotation_present	False	not_assessed			not_assessed	pilot_only	not_validated	not_validated	regulatory_conflict_requires_resolution	1.0462456935644149	67.26666666666667	7	21.0	35	False
LOC119876429/LOC119872513	NC_051811.1	17232206	17234206	2000	1.0829517005980014	1.0	74.21953675730111	0.0	0.05	100.0	1.0	191	1.0	0.20086700000000002	5.746	0	0	0	0	2000	2000	CL;MG	regulatory_annotation_present	False	not_assessed			not_assessed	pilot_only	not_validated	not_validated	regulatory_conflict_requires_resolution	1.0828120262026786	74.83333333333333	9	22.0	35	False
LOC119876429/LOC119872513	NC_051811.1	17232456	17234456	2000	1.1213308180272579	1.0	78.91910036925142	0.0	0.05	100.0	1.0	191	1.0	0.2139655	5.746	0	0	0	0	2000	2000	CL;MG	regulatory_annotation_present	False	not_assessed			not_assessed	pilot_only	not_validated	not_validated	regulatory_conflict_requires_resolution	1.1218960947096348	79.46666666666667	13	23.0	39	False
LOC119876429/LOC119872513	NC_051811.1	17232706	17234706	2000	1.129483615666628	1.0	79.95971802618328	0.0	0.05	100.0	1.0	34	1.0	0.19617400000000002	5.746	0	0	0	0	1983	1983	CL;MG	regulatory_annotation_present	False	not_assessed			not_assessed	pilot_only	not_validated	not_validated	regulatory_conflict_requires_resolution	1.1295939020216466	80.4	13	23.0	39	False
LOC119876429/LOC119872513	NC_051811.1	17232956	17234956	2000	1.162081384420395	1.0	83.58509566968782	0.0	0.0		0.0	230	1.0	0.1203095	6.154	0	0	0	0	1733	1733	CL;MG	regulatory_annotation_present	False	not_assessed			not_assessed	pilot_only	not_validated	not_validated	regulatory_conflict_requires_resolution	1.1619242877960205	83.93333333333334	13	24.5	39	False
LOC119876429/LOC119872513	NC_051811.1	17233206	17235206	2000	1.1758877292871475	1.0	84.86069150721718	0.0	0.0		0.0	329	1.0	0.128256	6.154	0	0	0	0	1483	1483	CL;MG	regulatory_annotation_present	False	not_assessed			not_assessed	pilot_only	not_validated	not_validated	regulatory_conflict_requires_resolution	1.1757307243943214	85.2	13	25.0	39	False
LOC119876429/LOC119872513	NC_051811.1	17233456	17235456	2000	1.1897629813551902	1.0	86.10271903323263	0.0	0.0		0.0	329	1.0	0.1103155	6.154	0	0	0	0	1233	1233	CL;MG	regulatory_annotation_present	False	not_assessed			not_assessed	pilot_only	not_validated	not_validated	regulatory_conflict_requires_resolution	1.189606068789959	86.33333333333333	13	27.0	40	False
LOC119876429/LOC119872513	NC_051811.1	17233706	17235706	2000	1.1871978549063207	1.0	85.83417254112118	0.0	0.0		0.0	434	1.0	0.148179	6.154	0	0	0	0	983	983	CL;MG	regulatory_annotation_present	False	not_assessed			not_assessed	pilot_only	not_validated	not_validated	regulatory_conflict_requires_resolution	1.1872320279479027	86.1	10	28.0	40	False
LOC119876429/LOC119872513	NC_051811.1	17233956	17235956	2000	1.2045004208385945	1.0	87.0426317556227	0.0	0.025	33.33333206176758	1.0	434	1.0	0.196214	6.154	0	0	0	0	733	733	CL;MG	regulatory_annotation_present	False	not_assessed			not_assessed	pilot_only	not_validated	not_validated	regulatory_conflict_requires_resolution	1.2036773682534694	87.2	10	29.0	46	False
LOC119876429/LOC119872513	NC_051811.1	17234206	17236206	2000	1.2234298950731755	1.0	88.1503860355824	3.0	0.028	35.27677304404123	46.0	400	1.0	0.2193585	6.154	0	0	0	0	483	483	CL;MG	regulatory_annotation_present	False	not_assessed			not_assessed	pilot_only	not_validated	not_validated	regulatory_conflict_requires_resolution	1.223113875478506	88.36666666666667	10	30.0	46	False
LOC119876429/LOC119872513	NC_051811.1	17234456	17236456	2000	1.2963155802190305	1.0	91.64149043303121	3.0	0.1	59.53159141540527	60.0	485	1.0	0.25840250000000003	6.154	0	0	0	0	233	233	CL;MG	regulatory_annotation_present	False	not_assessed			not_assessed	pilot_only	not_validated	not_validated	regulatory_conflict_requires_resolution	1.2955226723253728	91.8	10	32.0	57	False
LOC119876429/LOC119872513	NC_051811.1	17234706	17236706	2000	1.2924831393659115	1.0	91.47364887546156	3.0	0.1	59.53159141540527	60.0	494	1.0	0.284496	6.154	0	0	0	0	0	0		no_promoter_enhancer_in_queried_epic_tissues	False	not_assessed			not_assessed	pilot_only	not_validated	not_validated	insufficient_evidence_for_safe_harbor	1.2908594473600388	91.5	10	31.5	57	False
LOC119876429/LOC119872513	NC_051811.1	17234956	17236956	2000	1.2719979529082774	1.0	90.56730446458543	3.0	0.1	59.53159141540527	60.0	339	1.0	0.2831345	5.848	0	0	0	0	0	0		no_promoter_enhancer_in_queried_epic_tissues	False	not_assessed			not_assessed	pilot_only	not_validated	not_validated	insufficient_evidence_for_safe_harbor	1.2706417245864867	90.73333333333333	10	30.0	57	False
LOC119876429/LOC119872513	NC_051811.1	17235206	17237206	2000	1.2645255334079266	1.0	90.0973481033904	3.0	0.1	59.53159141540527	60.0	250	1.0	0.25806000000000007	5.848	0	0	0	0	0	0		no_promoter_enhancer_in_queried_epic_tissues	False	not_assessed			not_assessed	pilot_only	not_validated	not_validated	insufficient_evidence_for_safe_harbor	1.262873177230358	90.2	10	29.0	57	False
LOC119876429/LOC119872513	NC_051811.1	17235456	17237456	2000	1.2344635817110539	1.0	88.82175226586104	3.0	0.1	59.53159141540527	60.0	331	1.0	0.26638300000000004	5.848	0	0	0	0	0	0		no_promoter_enhancer_in_queried_epic_tissues	False	not_assessed			not_assessed	pilot_only	not_validated	not_validated	insufficient_evidence_for_safe_harbor	1.2328110261261462	88.9	9	26.0	57	False
LOC119876429/LOC119872513	NC_051811.1	17235706	17237706	2000	1.2405285655856133	1.0	89.05673044645854	3.0	0.1	59.53159141540527	60.0	387	1.0	0.22866350000000005	5.848	0	0	0	0	0	0		no_promoter_enhancer_in_queried_epic_tissues	False	not_assessed			not_assessed	pilot_only	not_validated	not_validated	insufficient_evidence_for_safe_harbor	1.238876048207283	89.13333333333333	9	26.0	57	False
LOC119876429/LOC119872513	NC_051811.1	17235956	17237956	2000	1.1948355683088303	1.0	86.5055387713998	3.0	0.075	68.2643445332845	60.0	564	1.0	0.2107625	5.585	0	0	0	0	0	0		no_promoter_enhancer_in_queried_epic_tissues	False	not_assessed			not_assessed	pilot_only	not_validated	not_validated	insufficient_evidence_for_safe_harbor	1.1940566426217556	86.56666666666666	9	25.0	57	False
LOC119876429/LOC119872513	NC_051811.1	17236206	17238206	2000	1.158444755256176	1.0	83.18227593152065	3.0	0.072	68.96402078204684	60.0	646	1.0	0.20021950000000002	5.585	0	0	0	0	0	0		no_promoter_enhancer_in_queried_epic_tissues	False	not_assessed			not_assessed	pilot_only	not_validated	not_validated	insufficient_evidence_for_safe_harbor	1.157658091723919	83.39999999999999	9	23.0	57	False
LOC119876429/LOC119872513	NC_051811.1	17236456	17238456	2000	1.0368356837034225	1.0	64.01477005706613	0.0	0.0		0.0	561	1.0	0.171548	5.585	0	0	0	0	0	0		no_promoter_enhancer_in_queried_epic_tissues	False	not_assessed			not_assessed	pilot_only	not_validated	not_validated	insufficient_evidence_for_safe_harbor	1.0352548239827155	64.7	9	22.0	34	False
LOC119876429/LOC119872513	NC_051811.1	17236706	17238706	2000	1.021240731358528	1.0	59.21450151057401	0.0	0.0		0.0	632	1.0	0.1269975	4.871	0	0	0	0	0	0		no_promoter_enhancer_in_queried_epic_tissues	False	not_assessed			not_assessed	pilot_only	not_validated	not_validated	insufficient_evidence_for_safe_harbor	1.0209455747306346	60.0	8	21.0	34	False
LOC119876429/LOC119872513	NC_051811.1	17236956	17238956	2000	1.0034623360037804	1.0	53.17220543806647	0.0	0.0		0.0	778	1.0	0.13664049999999997	4.871	0	0	0	0	0	0		no_promoter_enhancer_in_queried_epic_tissues	False	not_assessed			not_assessed	pilot_only	not_validated	not_validated	insufficient_evidence_for_safe_harbor	1.0031670605540275	54.1	8	20.0	34	False
LOC119876429/LOC119872513	NC_051811.1	17237206	17239206	2000	0.9752452704608441	1.0	42.7660288687479	0.0	0.0		0.0	951	1.0	0.1423485	3.828	0	0	0	0	0	0		no_promoter_enhancer_in_queried_epic_tissues	False	not_assessed			not_assessed	pilot_only	not_validated	not_validated	insufficient_evidence_for_safe_harbor	0.9729616717994213	42.96666666666666	8	20.0	35	False
LOC119876429/LOC119872513	NC_051811.1	17237456	17239456	2000	0.9988309696912766	1.0	51.39308492782813	0.0	0.0		0.0	870	1.0	0.189097	5.411	0	0	0	0	0	0		no_promoter_enhancer_in_queried_epic_tissues	False	not_assessed			not_assessed	pilot_only	not_validated	not_validated	insufficient_evidence_for_safe_harbor	0.9974955918192864	52.166666666666664	8	20.0	35	False
LOC119876429/LOC119872513	NC_051811.1	17237706	17239706	2000	0.9781832093894481	1.0	44.142329640819064	0.0	0.0		0.0	709	1.0	0.21352949999999998	7.169	0	0	0	0	0	0		no_promoter_enhancer_in_queried_epic_tissues	False	not_assessed			not_assessed	pilot_only	not_validated	not_validated	insufficient_evidence_for_safe_harbor	0.9771149506866932	44.800000000000004	8	18.0	35	False
LOC119876429/LOC119872513	NC_051811.1	17237956	17239956	2000	0.9717750872969627	1.0	41.05404498153743	0.0	0.0		0.0	559	0.999	0.22333283283283287	7.169	0	0	0	0	0	0		no_promoter_enhancer_in_queried_epic_tissues	False	not_assessed			not_assessed	pilot_only	not_validated	not_validated	insufficient_evidence_for_safe_harbor	0.9696480980515481	41.6	5	18.0	35	False
LOC119876429/LOC119872513	NC_051811.1	17238206	17240206	2000	0.9691897226572037	1.0	39.97985901309164	0.0	0.0		0.0	477	0.999	0.25355705705705706	7.169	0	0	0	0	0	0		no_promoter_enhancer_in_queried_epic_tissues	False	not_assessed			not_assessed	pilot_only	not_validated	not_validated	insufficient_evidence_for_safe_harbor	0.9663662188053131	40.300000000000004	5	18.0	35	False
LOC119876429/LOC119872513	NC_051811.1	17238456	17240456	2000	0.9691823593974114	1.0	39.97985901309164	0.0	0.0		0.0	711	0.9985	0.50471557336004	10.452	0	0	0	0	0	0		no_promoter_enhancer_in_queried_epic_tissues	False	not_assessed			not_assessed	pilot_only	not_validated	not_validated	insufficient_evidence_for_safe_harbor	0.9669249266088009	40.46666666666667	5	17.5	35	False
LOC119876429/LOC119872513	NC_051811.1	17238706	17240706	2000	0.9763155368566513	1.0	43.16884860691507	0.0	0.0		0.0	670	0.9985	0.6623930896344516	10.452	0	0	0	0	0	0		no_promoter_enhancer_in_queried_epic_tissues	False	not_assessed			not_assessed	pilot_only	not_validated	not_validated	insufficient_evidence_for_safe_harbor	0.9740581476986409	43.7	5	19.0	35	False
LOC119876429/LOC119872513	NC_051811.1	17238956	17240956	2000	0.9981903146207333	1.0	51.19167505874454	0.0	0.025	100.0	2.0	483	0.9985	0.6256424636955432	10.452	0	0	0	0	0	0		no_promoter_enhancer_in_queried_epic_tissues	False	not_assessed			not_assessed	pilot_only	not_validated	not_validated	insufficient_evidence_for_safe_harbor	0.9959330730140209	51.56666666666667	5	19.0	35	False
LOC119876429/LOC119872513	NC_051811.1	17239206	17241206	2000	1.0022268457114696	1.0	52.53440751930179	0.0	0.025	100.0	2.0	300	0.9985	0.6443875813720581	10.452	0	0	0	0	0	0		no_promoter_enhancer_in_queried_epic_tissues	False	not_assessed			not_assessed	pilot_only	not_validated	not_validated	insufficient_evidence_for_safe_harbor	1.0022803449034692	53.6	5	19.0	28	False
LOC119876429/LOC119872513	NC_051811.1	17239456	17241456	2000	1.0081578283309935	1.0	55.15273581738839	0.0	0.025	100.0	2.0	300	0.9985	0.5897896845267901	10.452	0	0	0	0	0	0		no_promoter_enhancer_in_queried_epic_tissues	False	not_assessed			not_assessed	pilot_only	not_validated	not_validated	insufficient_evidence_for_safe_harbor	1.0076744643449784	55.96666666666666	5	19.0	31	False
LOC119876429/LOC119872513	NC_051811.1	17239706	17241706	2000	1.0175787520110606	1.0	58.20745216515609	0.0	0.1	97.9525260925293	67.0	343	0.9985	0.5984396594892338	10.452	0	0	0	0	0	0		no_promoter_enhancer_in_queried_epic_tissues	False	not_assessed			not_assessed	pilot_only	not_validated	not_validated	insufficient_evidence_for_safe_harbor	1.0168281997442246	58.833333333333336	5	20.0	31	False
LOC119876429/LOC119872513	NC_051811.1	17239956	17241956	2000	1.028612417846918	1.0	61.83282980866063	0.0	0.1	97.9525260925293	67.0	320	0.9995	0.6034582291145574	10.452	0	0	0	0	0	0		no_promoter_enhancer_in_queried_epic_tissues	False	not_assessed			not_assessed	pilot_only	not_validated	not_validated	insufficient_evidence_for_safe_harbor	1.0283605169653893	62.66666666666667	8	20.0	31	False
LOC119876429/LOC119872513	NC_051811.1	17240206	17242206	2000	1.0244594641327858	1.0	60.389392413561595	0.0	0.1	97.9525260925293	67.0	447	0.9995	0.6016138069034517	10.452	0	0	0	0	0	0		no_promoter_enhancer_in_queried_epic_tissues	False	not_assessed			not_assessed	pilot_only	not_validated	not_validated	insufficient_evidence_for_safe_harbor	1.0249040347337723	61.33333333333333	8	20.0	31	False
LOC119876429/LOC119872513	NC_051811.1	17240456	17242456	2000	1.0425784540176393	1.0	65.55891238670695	0.0	0.1	97.9525260925293	67.0	213	1.0	0.361295	8.46	0	0	0	0	0	0		no_promoter_enhancer_in_queried_epic_tissues	False	not_assessed			not_assessed	pilot_only	not_validated	not_validated	insufficient_evidence_for_safe_harbor	1.0430231451392173	66.56666666666666	8	20.0	31	False
LOC119876429/LOC119872513	NC_051811.1	17240706	17242706	2000	1.041027258038521	1.0	65.29036589459551	0.0	0.1	97.9525260925293	67.0	174	1.0	0.220438	4.737	0	0	0	0	0	0		no_promoter_enhancer_in_queried_epic_tissues	False	not_assessed			not_assessed	pilot_only	not_validated	not_validated	insufficient_evidence_for_safe_harbor	1.041471934825182	66.23333333333333	8	19.0	31	False
LOC119876429/LOC119872513	NC_051811.1	17240956	17242956	2000	1.005352764002979	1.0	54.04498153742867	0.0	0.078	97.37503345196063	67.0	322	0.993	0.23418328298086605	4.737	0	0	0	0	0	0		no_promoter_enhancer_in_queried_epic_tissues	False	not_assessed			not_assessed	pilot_only	not_validated	not_validated	insufficient_evidence_for_safe_harbor	1.0057972013577818	55.166666666666664	1	18.0	31	False
LOC119876429/LOC119872513	NC_051811.1	17241206	17243206	2000	1.023011371664703	1.0	59.88586774085264	1.0	0.128	98.40041100978851	67.0	322	0.993	0.20460523665659616	6.575	0	0	0	0	0	0		no_promoter_enhancer_in_queried_epic_tissues	False	not_assessed			not_assessed	pilot_only	not_validated	not_validated	insufficient_evidence_for_safe_harbor	1.0234780676290394	60.9	1	21.0	31	False
LOC119876429/LOC119872513	NC_051811.1	17241456	17243456	2000	1.0396382085606455	1.0	64.82040953340046	1.0	0.15	98.63501739501953	67.0	322	0.993	0.21536354481369585	6.575	0	0	0	0	0	0		no_promoter_enhancer_in_queried_epic_tissues	False	not_assessed			not_assessed	pilot_only	not_validated	not_validated	insufficient_evidence_for_safe_harbor	1.0393072264119982	65.7	1	21.0	31	False
LOC119876429/LOC119872513	NC_051811.1	17241706	17243706	2000	1.0728756741806864	1.0	71.90332326283988	1.0	0.075	100.0	1.0	279	0.993	0.17371198388721049	10.183	0	0	0	0	0	0		no_promoter_enhancer_in_queried_epic_tissues	False	not_assessed			not_assessed	pilot_only	not_validated	not_validated	insufficient_evidence_for_safe_harbor	1.072544909618795	72.46666666666667	1	23.0	39	False
LOC119876429/LOC119872513	NC_051811.1	17241956	17243956	2000	1.1065363067612053	1.0	77.24068479355488	1.0	0.075	100.0	1.0	362	0.993	0.13211077542799596	10.183	0	0	0	0	0	0		no_promoter_enhancer_in_queried_epic_tissues	False	not_assessed			not_assessed	pilot_only	not_validated	not_validated	insufficient_evidence_for_safe_harbor	1.1067923461720348	77.73333333333333	1	25.0	39	False
LOC119876429/LOC119872513	NC_051811.1	17242206	17244206	2000	1.1201357555910945	1.0	78.7848271231957	1.0	0.075	100.0	1.0	249	0.993	0.09048539778449145	10.183	0	0	0	0	0	0		no_promoter_enhancer_in_queried_epic_tissues	False	not_assessed			not_assessed	pilot_only	not_validated	not_validated	insufficient_evidence_for_safe_harbor	1.1205327926799655	79.23333333333333	1	26.0	39	False
LOC119876429/LOC119872513	NC_051811.1	17242456	17244456	2000	1.1208930325135589	1.0	78.85196374622356	1.0	0.075	100.0	1.0	341	0.993	0.07810020140986906	10.183	0	0	0	0	0	0		no_promoter_enhancer_in_queried_epic_tissues	False	not_assessed			not_assessed	pilot_only	not_validated	not_validated	insufficient_evidence_for_safe_harbor	1.1211081101819873	79.33333333333333	1	26.0	39	False
LOC119876429/LOC119872513	NC_051811.1	17242706	17244706	2000	1.12047591470927	1.0	78.81839543470963	1.0	0.075	100.0	1.0	341	0.993	0.05088267875125881	10.183	0	0	0	0	0	0		no_promoter_enhancer_in_queried_epic_tissues	False	not_assessed			not_assessed	pilot_only	not_validated	not_validated	insufficient_evidence_for_safe_harbor	1.1201121908947826	79.2	1	26.0	39	False
LOC119876429/LOC119872513	NC_051811.1	17242956	17244956	2000	1.1597533957064152	1.0	83.35011748909031	1.0	0.097	100.0	1.0	352	1.0	0.0041419999999999955	10.183	0	0	0	0	0	0		no_promoter_enhancer_in_queried_epic_tissues	False	not_assessed			not_assessed	pilot_only	not_validated	not_validated	insufficient_evidence_for_safe_harbor	1.1589693933427334	83.66666666666667	17	27.0	39	False
LOC119876429/LOC119872513	NC_051811.1	17243206	17245206	2000	1.1271706826090813	1.0	79.7583081570997	1.0	0.047	100.0	1.0	403	1.0	0.019251500000000008	10.183	0	0	0	0	0	0		no_promoter_enhancer_in_queried_epic_tissues	False	not_assessed			not_assessed	pilot_only	not_validated	not_validated	insufficient_evidence_for_safe_harbor	1.1263378202021121	80.03333333333333	9	26.0	39	False
LOC119876429/LOC119872513	NC_051811.1	17243456	17245456	2000	1.097121605873108	1.0	76.23363544813697	0.0	0.025	100.0	1.0	403	1.0	-0.0007434999999999974	10.183	0	0	0	0	0	0		no_promoter_enhancer_in_queried_epic_tissues	False	not_assessed			not_assessed	pilot_only	not_validated	not_validated	insufficient_evidence_for_safe_harbor	1.0966751753389836	76.63333333333333	9	26.0	39	False
LOC119876429/LOC119872513	NC_051811.1	17243706	17245706	2000	1.0623008598089219	1.0	69.7549513259483	0.0	0.05	100.0	1.0	403	1.0	0.0533255	7.313	0	0	0	0	0	0		no_promoter_enhancer_in_queried_epic_tissues	False	not_assessed			not_assessed	pilot_only	not_validated	not_validated	insufficient_evidence_for_safe_harbor	1.0618541952371596	70.39999999999999	9	25.0	37	False
LOC119876429/LOC119872513	NC_051811.1	17243956	17245956	2000	1.059214235663414	1.0	68.9828801611279	0.0	0.05	100.0	1.0	378	1.0	0.07687099999999998	7.313	0	0	0	0	0	0		no_promoter_enhancer_in_queried_epic_tissues	False	not_assessed			not_assessed	pilot_only	not_validated	not_validated	insufficient_evidence_for_safe_harbor	1.0581809745132924	69.5	9	25.0	34	False
LOC119876429/LOC119872513	NC_051811.1	17244206	17246206	2000	1.0700401396155357	1.0	71.33266196710305	0.0	0.05	100.0	1.0	364	1.0	0.24392199999999997	7.339	0	0	0	0	0	0		no_promoter_enhancer_in_queried_epic_tissues	False	not_assessed			not_assessed	pilot_only	not_validated	not_validated	insufficient_evidence_for_safe_harbor	1.0688660446405411	71.83333333333334	9	25.0	34	False
LOC119876429/LOC119872513	NC_051811.1	17244456	17246456	2000	1.0778273050189018	1.0	73.1117824773414	0.0	0.05	100.0	1.0	272	1.0	0.26240199999999997	7.339	0	0	0	0	0	0		no_promoter_enhancer_in_queried_epic_tissues	False	not_assessed			not_assessed	pilot_only	not_validated	not_validated	insufficient_evidence_for_safe_harbor	1.076835221529007	73.4	9	25.0	35	False
LOC119876429/LOC119872513	NC_051811.1	17244706	17246706	2000	1.0606698000282049	1.0	69.25142665323935	0.0	0.05	100.0	1.0	405	0.995	0.24955075376884422	7.339	0	0	0	0	0	0		no_promoter_enhancer_in_queried_epic_tissues	False	not_assessed			not_assessed	pilot_only	not_validated	not_validated	insufficient_evidence_for_safe_harbor	1.060474685713649	70.0	2	24.0	35	False
LOC119876429/LOC119872513	NC_051811.1	17244956	17246956	2000	1.075648439452052	1.0	72.50755287009063	0.0	0.025	100.0	1.0	246	0.995	0.281443216080402	7.339	0	0	0	0	0	0		no_promoter_enhancer_in_queried_epic_tissues	False	not_assessed			not_assessed	pilot_only	not_validated	not_validated	insufficient_evidence_for_safe_harbor	1.0737268448024988	72.7	2	24.0	35	False
LOC119876429/LOC119872513	NC_051811.1	17245206	17247206	2000	1.109784039631486	1.0	77.54279959718026	0.0	0.025	100.0	1.0	195	0.995	0.2675623115577889	7.339	0	0	0	0	0	0		no_promoter_enhancer_in_queried_epic_tissues	False	not_assessed			not_assessed	pilot_only	not_validated	not_validated	insufficient_evidence_for_safe_harbor	1.1078626706749202	77.9	2	26.0	38	False
LOC119876429/LOC119872513	NC_051811.1	17245456	17247456	2000	1.1256823290735483	1.0	79.35548841893252	0.0	0.025	100.0	1.0	319	0.995	0.27546683417085427	7.339	0	0	0	0	0	0		no_promoter_enhancer_in_queried_epic_tissues	False	not_assessed			not_assessed	pilot_only	not_validated	not_validated	insufficient_evidence_for_safe_harbor	1.1237610659748316	79.7	2	26.0	38	False
LOC119876429/LOC119872513	NC_051811.1	17245706	17247706	2000	1.1226388031989336	1.0	79.15407854984893	0.0	0.0		0.0	399	0.995	0.2298753768844221	7.339	0	0	0	0	0	0		no_promoter_enhancer_in_queried_epic_tissues	False	not_assessed			not_assessed	pilot_only	not_validated	not_validated	insufficient_evidence_for_safe_harbor	1.120667350307107	79.26666666666667	2	25.0	38	False
LOC119876429/LOC119872513	NC_051811.1	17245956	17247956	2000	1.0806527108103037	1.0	73.64887546156427	0.0	0.0		0.0	537	0.995	0.21454422110552762	7.339	0	0	0	0	0	0		no_promoter_enhancer_in_queried_epic_tissues	False	not_assessed			not_assessed	pilot_only	not_validated	not_validated	insufficient_evidence_for_safe_harbor	1.078973945811391	74.13333333333333	2	24.0	38	False
LOC119876429/LOC119872513	NC_051811.1	17246206	17248206	2000	1.0317289658486843	1.0	62.571332661967105	0.0	0.0		0.0	629	0.993	0.07206646525679758	7.044	0	0	0	0	0	0		no_promoter_enhancer_in_queried_epic_tissues	False	not_assessed			not_assessed	pilot_only	not_validated	not_validated	insufficient_evidence_for_safe_harbor	1.0306190347000956	63.366666666666674	2	22.0	38	False
LOC119876429/LOC119872513	NC_051811.1	17246456	17248456	2000	1.0302866803705693	1.0	62.33635448136958	0.0	0.0		0.0	690	0.993	0.05230060422960726	5.493	0	0	0	0	0	0		no_promoter_enhancer_in_queried_epic_tissues	False	not_assessed			not_assessed	pilot_only	not_validated	not_validated	insufficient_evidence_for_safe_harbor	1.0291767412349582	62.96666666666667	2	23.0	38	False
LOC119876429/LOC119872513	NC_051811.1	17246706	17248706	2000	1.0539879757016897	1.0	67.6737160120846	0.0	0.0		0.0	619	0.998	0.07751052104208417	5.493	0	0	0	0	0	0		no_promoter_enhancer_in_queried_epic_tissues	False	not_assessed			not_assessed	pilot_only	not_validated	not_validated	insufficient_evidence_for_safe_harbor	1.0485863311961294	67.4	2	23.0	38	False
LOC119876429/LOC119872513	NC_051811.1	17246956	17248956	2000	1.0306052609533072	1.0	62.369922792883514	0.0	0.0		0.0	619	0.998	0.09918086172344691	5.493	0	0	0	0	0	0		no_promoter_enhancer_in_queried_epic_tissues	False	not_assessed			not_assessed	pilot_only	not_validated	not_validated	insufficient_evidence_for_safe_harbor	1.0273505814447998	62.33333333333333	2	21.0	38	False
LOC119876429/LOC119872513	NC_051811.1	17247206	17249206	2000	1.0057965642362834	1.0	54.17925478348439	0.0	0.0		0.0	619	0.998	0.09947695390781562	5.493	0	0	0	0	0	0		no_promoter_enhancer_in_queried_epic_tissues	False	not_assessed			not_assessed	pilot_only	not_validated	not_validated	insufficient_evidence_for_safe_harbor	1.0021213584318758	53.46666666666666	2	20.5	37	False
LOC119876429/LOC119872513	NC_051811.1	17247456	17249456	2000	0.9800931036025285	1.0	44.74655924806982	0.0	0.003	84.00543975830078	4.0	612	0.998	0.07903306613226453	5.493	0	0	0	0	0	0		no_promoter_enhancer_in_queried_epic_tissues	False	not_assessed			not_assessed	pilot_only	not_validated	not_validated	insufficient_evidence_for_safe_harbor	0.9764605820551515	44.5	2	20.0	37	False
LOC119876429/LOC119872513	NC_051811.1	17247706	17249706	2000	1.0001153940707446	1.0	51.86304128902316	0.0	0.025	84.00543975830078	4.0	555	0.998	0.04641232464929859	5.493	0	0	0	0	166	0		no_promoter_enhancer_in_queried_epic_tissues	False	not_assessed			not_assessed	pilot_only	not_validated	not_validated	insufficient_evidence_for_safe_harbor	0.9958687282279134	51.56666666666667	2	20.0	37	False
LOC119876429/LOC119872513	NC_051811.1	17247956	17249956	2000	1.0102662361115218	1.0	55.9248069822088	0.0	0.025	84.00543975830078	4.0	535	0.998	0.037088176352705414	5.493	0	0	0	0	400	0		no_promoter_enhancer_in_queried_epic_tissues	False	not_assessed			not_assessed	pilot_only	not_validated	not_validated	insufficient_evidence_for_safe_harbor	1.0061134479120373	55.400000000000006	2	21.0	37	False
LOC119876429/LOC119872513	NC_051811.1	17248206	17250206	2000	1.0282985192537308	1.0	61.6985565626049	0.0	0.025	84.00543975830078	4.0	443	1.0	0.21130249999999998	10.146	0	0	0	0	400	0		no_promoter_enhancer_in_queried_epic_tissues	False	not_assessed			not_assessed	pilot_only	not_validated	not_validated	insufficient_evidence_for_safe_harbor	1.023713350355625	60.96666666666667	10	22.0	37	False
LOC119876429/LOC119872513	NC_051811.1	17248456	17250456	2000	1.0210210573971272	1.0	59.18093319906008	0.0	0.075	86.03505452473958	66.0	494	1.0	0.24254850000000003	10.146	0	0	0	0	400	0		no_promoter_enhancer_in_queried_epic_tissues	False	not_assessed			not_assessed	pilot_only	not_validated	not_validated	insufficient_evidence_for_safe_harbor	1.016435839265585	58.8	10	21.0	32	False
LOC119876429/LOC119872513	NC_051811.1	17248706	17250706	2000	1.000831251144409	1.0	51.997314535078885	0.0	0.075	86.03505452473958	66.0	673	1.0	0.25600550000000005	10.146	0	0	0	0	400	0		no_promoter_enhancer_in_queried_epic_tissues	False	not_assessed			not_assessed	pilot_only	not_validated	not_validated	insufficient_evidence_for_safe_harbor	0.9991735154092312	52.6	10	21.0	31	False
LOC119876429/LOC119872513	NC_051811.1	17248956	17250956	2000	0.9892573916614056	1.0	48.13695871097684	0.0	0.075	86.03505452473958	66.0	715	1.0	0.27834400000000004	10.146	0	0	0	0	400	0		no_promoter_enhancer_in_queried_epic_tissues	False	not_assessed			not_assessed	pilot_only	not_validated	not_validated	insufficient_evidence_for_safe_harbor	0.98787426507473	48.96666666666666	10	20.5	31	False
LOC119876429/LOC119872513	NC_051811.1	17249206	17251206	2000	1.001311663866043	1.0	52.16515609264854	0.0	0.125	86.6664047241211	66.0	715	1.0	0.2997715	10.146	0	0	0	0	400	0		no_promoter_enhancer_in_queried_epic_tissues	False	not_assessed			not_assessed	pilot_only	not_validated	not_validated	insufficient_evidence_for_safe_harbor	1.000348978996277	52.96666666666666	11	21.0	31	False
LOC119876429/LOC119872513	NC_051811.1	17249456	17251456	2000	1.0088009716570376	1.0	55.2870090634441	0.0	0.122	86.73183828885438	66.0	645	1.0	0.31455500000000003	10.146	0	0	0	0	400	0		no_promoter_enhancer_in_queried_epic_tissues	False	not_assessed			not_assessed	pilot_only	not_validated	not_validated	insufficient_evidence_for_safe_harbor	1.0073937189280986	55.86666666666667	9	22.0	34	False
LOC119876429/LOC119872513	NC_051811.1	17249706	17251706	2000	0.994392931431532	1.0	50.016784155756966	0.0	0.125	89.86531677246094	66.0	693	1.0	0.330359	10.146	0	0	0	0	234	0		no_promoter_enhancer_in_queried_epic_tissues	False	not_assessed			not_assessed	pilot_only	not_validated	not_validated	insufficient_evidence_for_safe_harbor	0.9936500329971314	50.9	9	21.0	34	False
LOC119876429/LOC119872513	NC_051811.1	17249956	17251956	2000	0.9941867192387581	1.0	50.016784155756966	0.0	0.125	89.86531677246094	66.0	674	1.0	0.37001300000000004	10.146	0	0	0	0	0	0		no_promoter_enhancer_in_queried_epic_tissues	False	not_assessed			not_assessed	pilot_only	not_validated	not_validated	insufficient_evidence_for_safe_harbor	0.9930570388138295	50.6	9	20.0	34	False
LOC119876429/LOC119872513	NC_051811.1	17250206	17252206	2000	1.0075575742423535	1.0	54.98489425981873	0.0	0.125	89.86531677246094	66.0	924	1.0	0.225942	5.315	0	0	0	0	0	0		no_promoter_enhancer_in_queried_epic_tissues	False	not_assessed			not_assessed	pilot_only	not_validated	not_validated	insufficient_evidence_for_safe_harbor	1.0061449879407882	55.43333333333334	9	20.0	34	False
LOC119876429/LOC119872513	NC_051811.1	17250456	17252456	2000	1.0256672984659672	1.0	60.859348774756626	0.0	0.075	91.7422866821289	3.0	906	1.0	0.21893849999999998	4.65	0	0	0	0	0	0		no_promoter_enhancer_in_queried_epic_tissues	False	not_assessed			not_assessed	pilot_only	not_validated	not_validated	insufficient_evidence_for_safe_harbor	1.0241084106564522	61.133333333333326	9	21.0	35	False
LOC119876429/LOC119872513	NC_051811.1	17250706	17252706	2000	1.049929433107376	1.0	67.00234978180598	0.0	0.103	92.90533188014355	64.0	735	1.0	0.21223000000000003	4.775	0	0	0	0	167	0		no_promoter_enhancer_in_queried_epic_tissues	False	not_assessed			not_assessed	pilot_only	not_validated	not_validated	insufficient_evidence_for_safe_harbor	1.0495166711807251	67.76666666666667	9	22.0	35	False
LOC119876429/LOC119872513	NC_051811.1	17250956	17252956	2000	1.0609293437302112	1.0	69.28499496475328	0.0	0.175	84.22363989693778	64.0	763	1.0	0.187509	4.775	0	0	0	0	200	0		no_promoter_enhancer_in_queried_epic_tissues	False	not_assessed			not_assessed	pilot_only	not_validated	not_validated	insufficient_evidence_for_safe_harbor	1.0602419675886632	69.96666666666667	9	23.0	35	False
LOC119876429/LOC119872513	NC_051811.1	17251206	17253206	2000	1.0582754390537739	1.0	68.84860691507217	0.0	0.125	82.86772384643555	64.0	838	1.0	0.19809699999999997	4.864	0	0	0	0	200	0		no_promoter_enhancer_in_queried_epic_tissues	False	not_assessed			not_assessed	pilot_only	not_validated	not_validated	insufficient_evidence_for_safe_harbor	1.0582519513964652	69.56666666666666	9	23.0	35	False
LOC119876429/LOC119872513	NC_051811.1	17251456	17253456	2000	1.0525422049462796	1.0	67.50587445451494	0.0	0.15	79.14394887288411	64.0	1041	1.0	0.214197	6.119	0	0	0	0	200	0		no_promoter_enhancer_in_queried_epic_tissues	False	not_assessed			not_assessed	pilot_only	not_validated	not_validated	insufficient_evidence_for_safe_harbor	1.0521692332029342	68.30000000000001	9	22.0	35	False
LOC119876429/LOC119872513	NC_051811.1	17251706	17253706	2000	1.0333823189139366	1.0	63.07485733467607	0.0	0.125	74.97273864746094	64.0	1127	1.0	0.2427765	6.119	0	0	0	0	200	0		no_promoter_enhancer_in_queried_epic_tissues	False	not_assessed			not_assessed	pilot_only	not_validated	not_validated	insufficient_evidence_for_safe_harbor	1.032706929832697	63.866666666666674	9	22.0	35	False
LOC119876429/LOC119872513	NC_051811.1	17251956	17253956	2000	1.0167357376813888	1.0	58.006042296072515	0.0	0.125	74.97273864746094	64.0	966	1.0	0.29640550000000004	6.924	0	0	0	0	200	0		no_promoter_enhancer_in_queried_epic_tissues	False	not_assessed			not_assessed	pilot_only	not_validated	not_validated	insufficient_evidence_for_safe_harbor	1.016060235619545	58.733333333333334	9	22.0	35	False
LOC119876429/LOC119872513	NC_051811.1	17252206	17254206	2000	0.9833681673109531	1.0	46.022155085599195	0.0	0.125	74.97273864746094	64.0	716	1.0	0.2596585	6.924	0	0	0	0	200	0		no_promoter_enhancer_in_queried_epic_tissues	False	not_assessed			not_assessed	pilot_only	not_validated	not_validated	insufficient_evidence_for_safe_harbor	0.9828387785553933	47.06666666666667	9	21.0	35	False
LOC119876429/LOC119872513	NC_051811.1	17252456	17254456	2000	0.9636209456920624	1.0	37.865055387713994	0.0	0.15	79.14394887288411	64.0	622	1.0	0.259144	6.924	0	0	0	0	200	0		no_promoter_enhancer_in_queried_epic_tissues	False	not_assessed			not_assessed	pilot_only	not_validated	not_validated	insufficient_evidence_for_safe_harbor	0.9617601254284381	38.36666666666667	9	20.0	33	False
LOC119876429/LOC119872513	NC_051811.1	17252706	17254706	2000	0.9693068619370461	1.0	40.080563947633436	0.0	0.122	75.27061187243852	44.0	552	1.0	0.2875355	6.924	0	0	0	0	33	0		no_promoter_enhancer_in_queried_epic_tissues	False	not_assessed			not_assessed	pilot_only	not_validated	not_validated	insufficient_evidence_for_safe_harbor	0.9658264481723309	40.03333333333333	9	20.0	33	False
LOC119876429/LOC119872513	NC_051811.1	17252956	17254956	2000	0.9721601920723915	1.0	41.255454850621014	0.0	0.05	80.26253700256348	6.0	482	1.0	0.363829	6.924	0	0	0	0	0	0		no_promoter_enhancer_in_queried_epic_tissues	False	not_assessed			not_assessed	pilot_only	not_validated	not_validated	insufficient_evidence_for_safe_harbor	0.9637124070823193	39.233333333333334	9	20.0	33	False
LOC119876429/LOC119872513	NC_051811.1	17253206	17255206	2000	0.9666530120372773	1.0	38.90567304464586	0.0	0.05	80.26253700256348	6.0	407	1.0	0.41747	6.924	0	0	0	0	67	67	ST	regulatory_annotation_present	False	not_assessed			not_assessed	pilot_only	not_validated	not_validated	regulatory_conflict_requires_resolution	0.957541287690401	36.36666666666667	9	20.0	33	False
LOC119876429/LOC119872513	NC_051811.1	17253456	17255456	2000	0.9581577727794647	1.0	35.21315877811346	0.0	0.025	100.0	2.0	157	1.0	0.43555949999999993	6.924	0	0	0	0	317	317	ST	regulatory_annotation_present	False	not_assessed			not_assessed	pilot_only	not_validated	not_validated	regulatory_conflict_requires_resolution	0.9471660923361779	32.36666666666667	9	19.0	33	False
LOC119876429/LOC119872513	NC_051811.1	17253706	17255706	2000	0.9990258566737175	1.0	51.42665323934206	0.0	0.025	100.0	2.0	19	1.0	0.400798	6.924	0	0	0	0	400	400	ST	regulatory_annotation_present	False	not_assessed			not_assessed	pilot_only	not_validated	not_validated	regulatory_conflict_requires_resolution	0.9883367411494255	49.13333333333333	10	20.0	33	False
LOC119876429/LOC119872513	NC_051811.1	17253956	17255956	2000	1.008312041848898	1.0	55.21987244041625	0.0	0.025	100.0	2.0	19	1.0	0.34842150000000005	5.783	0	0	0	0	400	400	ST	regulatory_annotation_present	False	not_assessed			not_assessed	pilot_only	not_validated	not_validated	regulatory_conflict_requires_resolution	0.9976229911446571	52.166666666666664	12	20.0	33	False
LOC119876429/LOC119872513	NC_051811.1	17254206	17256206	2000	1.017842240959406	1.0	58.30815709969789	0.0	0.028	97.69014167785645	66.0	19	1.0	0.36333000000000004	5.783	0	0	0	0	400	400	ST	regulatory_annotation_present	False	not_assessed			not_assessed	pilot_only	not_validated	not_validated	regulatory_conflict_requires_resolution	1.0071532472074032	55.86666666666667	11	20.0	33	False
LOC119876429/LOC119872513	NC_051811.1	17254456	17256456	2000	1.045726298570633	1.0	66.19671030547164	0.0	0.1	60.70986366271973	66.0	19	1.0	0.37589399999999995	5.783	0	0	0	0	400	400	ST	regulatory_annotation_present	False	not_assessed			not_assessed	pilot_only	not_validated	not_validated	regulatory_conflict_requires_resolution	1.0365152192413807	64.93333333333334	11	20.0	33	False
LOC119876429/LOC119872513	NC_051811.1	17254706	17256706	2000	1.0383582553565502	1.0	64.51829472977509	0.0	0.1	60.70986366271973	66.0	19	1.0	0.37054349999999997	5.783	0	0	0	0	400	400	ST	regulatory_annotation_present	False	not_assessed			not_assessed	pilot_only	not_validated	not_validated	regulatory_conflict_requires_resolution	1.0307667630016804	63.366666666666674	11	20.0	33	False
LOC119876429/LOC119872513	NC_051811.1	17254956	17256956	2000	1.0237031940817833	1.0	60.15441423296408	0.0	0.1	60.70986366271973	66.0	19	1.0	0.33251800000000004	5.195	0	0	0	0	617	400	ST	regulatory_annotation_present	False	not_assessed			not_assessed	pilot_only	not_validated	not_validated	regulatory_conflict_requires_resolution	1.0210789957344533	60.06666666666667	11	19.0	31	False
LOC119876429/LOC119872513	NC_051811.1	17255206	17257206	2000	1.0360852129161358	1.0	63.813360187982546	0.0	0.1	60.70986366271973	66.0	19	1.0	0.2473105	5.195	0	0	0	0	733	333	ST	regulatory_annotation_present	False	not_assessed			not_assessed	pilot_only	not_validated	not_validated	regulatory_conflict_requires_resolution	1.0334610954225063	64.16666666666667	11	19.0	31	False
LOC119876429/LOC119872513	NC_051811.1	17255456	17257456	2000	1.0436912827789784	1.0	65.89459550184625	0.0	0.1	60.70986366271973	66.0	19	1.0	0.2602515	5.195	0	0	0	0	483	83	ST	regulatory_annotation_present	False	not_assessed			not_assessed	pilot_only	not_validated	not_validated	regulatory_conflict_requires_resolution	1.0436983174085617	66.76666666666667	11	19.0	31	False
LOC119876429/LOC119872513	NC_051811.1	17255706	17257706	2000	1.039908742725849	1.0	64.8539778449144	0.0	0.1	60.70986366271973	66.0	61	1.0	0.2627065	5.195	0	0	0	0	400	0		no_promoter_enhancer_in_queried_epic_tissues	False	not_assessed			not_assessed	pilot_only	not_validated	not_validated	insufficient_evidence_for_safe_harbor	1.039915746331215	65.8	8	19.0	31	False
LOC119876429/LOC119872513	NC_051811.1	17255956	17257956	2000	1.0420271221101285	1.0	65.49177576367909	0.0	0.1	60.70986366271973	66.0	61	1.0	0.29542150000000006	5.723	0	0	0	0	400	0		no_promoter_enhancer_in_queried_epic_tissues	False	not_assessed			not_assessed	pilot_only	not_validated	not_validated	insufficient_evidence_for_safe_harbor	1.0396224818825721	65.76666666666667	8	19.0	31	False
LOC119876429/LOC119872513	NC_051811.1	17256206	17258206	2000	1.047395859003067	1.0	66.43168848606915	0.0	0.097	60.161468033938064	66.0	61	1.0	0.3865235	5.976	0	0	0	0	400	0		no_promoter_enhancer_in_queried_epic_tissues	False	not_assessed			not_assessed	pilot_only	not_validated	not_validated	insufficient_evidence_for_safe_harbor	1.0429885340034961	66.56666666666666	8	20.0	31	False
LOC119876429/LOC119872513	NC_051811.1	17256456	17258456	2000	1.0099425255358219	1.0	55.857670359180936	0.0	0.0		0.0	239	1.0	0.3580525	5.976	0	0	0	0	400	0		no_promoter_enhancer_in_queried_epic_tissues	False	not_assessed			not_assessed	pilot_only	not_validated	not_validated	insufficient_evidence_for_safe_harbor	1.001457898914814	53.300000000000004	8	19.0	31	False
LOC119876429/LOC119872513	NC_051811.1	17256706	17258706	2000	1.0162788124382496	1.0	57.90533736153072	0.0	0.025	90.16995239257812	5.0	239	1.0	0.3580495000000001	5.976	0	0	0	0	400	0		no_promoter_enhancer_in_queried_epic_tissues	False	not_assessed			not_assessed	pilot_only	not_validated	not_validated	insufficient_evidence_for_safe_harbor	1.0070671815276147	55.833333333333336	8	19.0	31	False
LOC119876429/LOC119872513	NC_051811.1	17256956	17258956	2000	1.0374818950593472	1.0	64.18261161463579	0.0	0.025	90.16995239257812	5.0	319	1.0	0.35675350000000006	5.976	0	0	0	0	183	0		no_promoter_enhancer_in_queried_epic_tissues	False	not_assessed			not_assessed	pilot_only	not_validated	not_validated	insufficient_evidence_for_safe_harbor	1.0272547249495982	62.3	8	19.0	31	False
LOC119876429/LOC119872513	NC_051811.1	17257206	17259206	2000	1.0307684980034828	1.0	62.369922792883514	0.0	0.025	90.16995239257812	5.0	319	1.0	0.4056775	5.976	0	0	0	0	0	0		no_promoter_enhancer_in_queried_epic_tissues	False	not_assessed			not_assessed	pilot_only	not_validated	not_validated	insufficient_evidence_for_safe_harbor	1.0205412854254245	59.9	8	20.0	31	False
LOC119876429/LOC119872513	NC_051811.1	17257456	17259456	2000	1.0349532202482223	1.0	63.578382007385024	0.0	0.025	90.16995239257812	5.0	379	1.0	0.37852800000000003	5.976	0	0	0	0	0	0		no_promoter_enhancer_in_queried_epic_tissues	False	not_assessed			not_assessed	pilot_only	not_validated	not_validated	insufficient_evidence_for_safe_harbor	1.0247260389924049	61.3	8	20.0	31	False
LOC119876429/LOC119872513	NC_051811.1	17257706	17259706	2000	1.0000571975409984	1.0	51.829472977509226	0.0	0.075	93.0179672241211	9.0	457	1.0	0.3839805	5.976	0	0	0	0	0	0		no_promoter_enhancer_in_queried_epic_tissues	False	not_assessed			not_assessed	pilot_only	not_validated	not_validated	insufficient_evidence_for_safe_harbor	0.9898297819793225	49.56666666666666	8	19.0	31	False
LOC119876429/LOC119872513	NC_051811.1	17257956	17259956	2000	0.989457512229681	1.0	48.2040953340047	0.0	0.078	93.28650694627028	9.0	596	1.0	0.3459205	5.976	0	0	0	0	0	0		no_promoter_enhancer_in_queried_epic_tissues	False	not_assessed			not_assessed	pilot_only	not_validated	not_validated	insufficient_evidence_for_safe_harbor	0.9816416796445847	46.733333333333334	8	20.0	31	False
LOC119876429/LOC119872513	NC_051811.1	17258206	17260206	2000	1.0094777518212796	1.0	55.65626049009735	0.0	0.1	94.76347541809082	9.0	744	1.0	0.271688	6.025	0	0	0	0	0	0		no_promoter_enhancer_in_queried_epic_tissues	False	not_assessed			not_assessed	pilot_only	not_validated	not_validated	insufficient_evidence_for_safe_harbor	1.0013324975967408	53.266666666666666	8	21.0	31	False
LOC119876429/LOC119872513	NC_051811.1	17258456	17260456	2000	1.0287502900660037	1.0	61.89996643168849	0.0	0.1	94.76347541809082	9.0	638	1.0	0.2700395	6.025	0	0	0	0	0	0		no_promoter_enhancer_in_queried_epic_tissues	False	not_assessed			not_assessed	pilot_only	not_validated	not_validated	insufficient_evidence_for_safe_harbor	1.0246822076141835	61.266666666666666	8	22.0	32	False
LOC119876429/LOC119872513	NC_051811.1	17258706	17260706	2000	1.0148628321290016	1.0	57.53608593487748	0.0	0.075	96.29464975992839	9.0	702	1.0	0.254508	6.025	0	0	0	0	0	0		no_promoter_enhancer_in_queried_epic_tissues	False	not_assessed			not_assessed	pilot_only	not_validated	not_validated	insufficient_evidence_for_safe_harbor	1.0104087909162045	56.99999999999999	8	22.0	32	False
LOC119876429/LOC119872513	NC_051811.1	17258956	17260956	2000	0.9888160399794579	1.0	48.06982208794898	0.0	0.075	96.29464975992839	9.0	712	1.0	0.2449375	6.025	0	0	0	0	0	0		no_promoter_enhancer_in_queried_epic_tissues	False	not_assessed			not_assessed	pilot_only	not_validated	not_validated	insufficient_evidence_for_safe_harbor	0.9853775040209294	48.0	8	21.5	32	False
LOC119876429/LOC119872513	NC_051811.1	17259206	17261206	2000	0.9906823729276657	1.0	48.74118831822759	0.0	0.075	96.29464975992839	9.0	712	1.0	0.23705400000000001	6.025	0	0	0	0	0	0		no_promoter_enhancer_in_queried_epic_tissues	False	not_assessed			not_assessed	pilot_only	not_validated	not_validated	insufficient_evidence_for_safe_harbor	0.9872438481450081	48.766666666666666	8	21.5	32	False
LOC119876429/LOC119872513	NC_051811.1	17259456	17261456	2000	0.9867730274200439	1.0	47.364887546156424	0.0	0.075	96.29464975992839	9.0	802	1.0	0.2593765	6.025	0	0	0	0	0	0		no_promoter_enhancer_in_queried_epic_tissues	False	not_assessed			not_assessed	pilot_only	not_validated	not_validated	insufficient_evidence_for_safe_harbor	0.9833344716131687	47.233333333333334	8	21.0	32	False
LOC119876429/LOC119872513	NC_051811.1	17259706	17261706	2000	1.011046903192997	1.0	56.260490097348104	0.0	0.025	100.0	1.0	913	1.0	0.30286	6.025	0	0	0	0	178	178	CO	regulatory_annotation_present	False	not_assessed			not_assessed	pilot_only	not_validated	not_validated	regulatory_conflict_requires_resolution	1.0076085104346275	55.93333333333334	13	22.0	32	False
LOC119876429/LOC119872513	NC_051811.1	17259956	17261956	2000	1.0298728840649127	1.0	62.2356495468278	0.0	0.047	97.48086320593002	11.0	854	1.0	0.2798075	6.025	0	0	0	0	428	428	CO	regulatory_annotation_present	False	not_assessed			not_assessed	pilot_only	not_validated	not_validated	regulatory_conflict_requires_resolution	1.0264346198141574	62.1	13	22.0	32	False
LOC119876429/LOC119872513	NC_051811.1	17260206	17262206	2000	1.0146577138900756	1.0	57.46894931184961	0.0	0.025	95.26402282714844	11.0	893	1.0	0.2825365	5.116	0	0	0	0	600	600	CO	regulatory_annotation_present	False	not_assessed			not_assessed	pilot_only	not_validated	not_validated	regulatory_conflict_requires_resolution	1.0133376521468163	57.833333333333336	13	21.0	32	False
LOC119876429/LOC119872513	NC_051811.1	17260456	17262456	2000	0.987495165079832	1.0	47.56629741524001	0.0	0.025	95.26402282714844	11.0	1071	1.0	0.32130000000000003	5.116	0	0	0	0	600	600	CO	regulatory_annotation_present	False	not_assessed			not_assessed	pilot_only	not_validated	not_validated	regulatory_conflict_requires_resolution	0.986174925506115	48.3	13	20.0	29	False
LOC119876429/LOC119872513	NC_051811.1	17260706	17262706	2000	0.9895324110090733	1.0	48.2040953340047	0.0	0.025	95.26402282714844	11.0	1046	1.0	0.3360575	5.116	0	0	0	0	600	600	CO	regulatory_annotation_present	False	not_assessed			not_assessed	pilot_only	not_validated	not_validated	regulatory_conflict_requires_resolution	0.9894177674055099	49.4	13	20.0	29	False
LOC119876429/LOC119872513	NC_051811.1	17260956	17262956	2000	1.0164690048098564	1.0	57.93890567304465	0.0	0.025	95.26402282714844	11.0	956	1.0	0.3590655	5.116	0	0	0	0	600	600	CO	regulatory_annotation_present	False	not_assessed			not_assessed	pilot_only	not_validated	not_validated	regulatory_conflict_requires_resolution	1.0142781480550767	58.13333333333334	13	20.0	29	False
LOC119876429/LOC119872513	NC_051811.1	17261206	17263206	2000	1.0095758979022502	1.0	55.68982880161128	0.0	0.075	72.46244939168294	11.0	956	1.0	0.3826995	5.116	0	0	0	0	600	600	CO	regulatory_annotation_present	False	not_assessed			not_assessed	pilot_only	not_validated	not_validated	regulatory_conflict_requires_resolution	1.007384992867708	55.86666666666667	13	19.0	29	False
LOC119876429/LOC119872513	NC_051811.1	17261456	17263456	2000	1.007467448413372	1.0	54.9513259483048	0.0	0.075	72.46244939168294	11.0	806	1.0	0.37871350000000004	4.102	0	0	0	0	600	600	CO	regulatory_annotation_present	False	not_assessed			not_assessed	pilot_only	not_validated	not_validated	regulatory_conflict_requires_resolution	1.0031939341127873	54.1	10	19.0	29	False
LOC119876429/LOC119872513	NC_051811.1	17261706	17263706	2000	0.9816480098068714	1.0	45.51863041289023	0.0	0.075	72.46244939168294	11.0	638	1.0	0.324847	4.102	0	0	0	0	422	422	CO	regulatory_annotation_present	False	not_assessed			not_assessed	pilot_only	not_validated	not_validated	regulatory_conflict_requires_resolution	0.9773743250072002	44.86666666666667	10	18.0	27	False
LOC119876429/LOC119872513	NC_051811.1	17261956	17263956	2000	0.9912639631032943	1.0	49.04330312185297	0.0	0.05	61.061662673950195	3.0	629	1.0	0.3400735	4.102	0	0	0	0	172	172	CO	regulatory_annotation_present	False	not_assessed			not_assessed	pilot_only	not_validated	not_validated	regulatory_conflict_requires_resolution	0.9869903397560119	48.699999999999996	10	19.0	27	False
LOC119876429/LOC119872513	NC_051811.1	17262206	17264206	2000	1.0049854351580143	1.0	53.977844914400805	0.0	0.05	61.061662673950195	3.0	442	1.0	0.32551649999999993	4.102	0	0	0	0	0	0		no_promoter_enhancer_in_queried_epic_tissues	False	not_assessed			not_assessed	pilot_only	not_validated	not_validated	insufficient_evidence_for_safe_harbor	1.0002892840206623	52.96666666666666	10	19.0	36	False
LOC119876429/LOC119872513	NC_051811.1	17262456	17264456	2000	1.0215661973059178	1.0	59.281638133601874	0.0	0.1	80.5308313369751	3.0	376	1.0	0.320212	4.102	0	0	0	0	152	0		no_promoter_enhancer_in_queried_epic_tissues	False	not_assessed			not_assessed	pilot_only	not_validated	not_validated	insufficient_evidence_for_safe_harbor	1.0167541311979293	58.833333333333336	10	20.0	36	False
LOC119876429/LOC119872513	NC_051811.1	17262706	17264706	2000	1.0220801417529584	1.0	59.44947969117153	0.0	0.1	80.5308313369751	3.0	376	1.0	0.29484849999999996	4.063	0	0	0	0	402	0		no_promoter_enhancer_in_queried_epic_tissues	False	not_assessed			not_assessed	pilot_only	not_validated	not_validated	insufficient_evidence_for_safe_harbor	1.0165765473544597	58.833333333333336	10	21.0	36	False
LOC119876429/LOC119872513	NC_051811.1	17262956	17264956	2000	1.0213850249648093	1.0	59.24806982208794	0.0	0.15	81.7298755645752	6.0	420	1.0	0.252837	3.897	0	0	0	0	652	0		no_promoter_enhancer_in_queried_epic_tissues	False	not_assessed			not_assessed	pilot_only	not_validated	not_validated	insufficient_evidence_for_safe_harbor	1.018053238272667	59.233333333333334	10	21.5	36	False
LOC119876429/LOC119872513	NC_051811.1	17263206	17265206	2000	1.005009187221527	1.0	53.977844914400805	0.0	0.1	92.0639820098877	6.0	517	0.997	0.18415847542627883	3.897	0	0	0	0	796	0		no_promoter_enhancer_in_queried_epic_tissues	False	not_assessed			not_assessed	pilot_only	not_validated	not_validated	insufficient_evidence_for_safe_harbor	1.0016772920191288	53.300000000000004	9	21.0	36	False
LOC119876429/LOC119872513	NC_051811.1	17263456	17265456	2000	1.0085958174616099	1.0	55.253440751930185	0.0	0.1	92.0639820098877	6.0	517	0.997	0.15121815446339018	3.897	0	0	0	0	796	0		no_promoter_enhancer_in_queried_epic_tissues	False	not_assessed			not_assessed	pilot_only	not_validated	not_validated	insufficient_evidence_for_safe_harbor	1.007346544921398	55.86666666666667	5	20.5	36	False
LOC119876429/LOC119872513	NC_051811.1	17263706	17265706	2000	1.0277948706299067	1.0	61.53071500503524	0.0	0.1	92.0639820098877	6.0	598	0.997	0.1531494483450351	3.897	0	0	0	0	796	0		no_promoter_enhancer_in_queried_epic_tissues	False	not_assessed			not_assessed	pilot_only	not_validated	not_validated	insufficient_evidence_for_safe_harbor	1.0265457248687744	62.1	5	22.0	36	False
LOC119876429/LOC119872513	NC_051811.1	17263956	17265956	2000	1.027556195423007	1.0	61.43001007049346	0.0	0.1	92.0639820098877	6.0	591	0.997	0.162197592778335	3.701	0	0	0	0	857	0		no_promoter_enhancer_in_queried_epic_tissues	False	not_assessed			not_assessed	pilot_only	not_validated	not_validated	insufficient_evidence_for_safe_harbor	1.0263070493638515	62.03333333333333	5	21.5	36	False
LOC119876429/LOC119872513	NC_051811.1	17264206	17266206	2000	1.036670752003789	1.0	64.01477005706613	0.0	0.1	92.0639820098877	6.0	591	0.997	0.17144282848545636	3.701	0	0	0	0	1107	0		no_promoter_enhancer_in_queried_epic_tissues	False	not_assessed			not_assessed	pilot_only	not_validated	not_validated	insufficient_evidence_for_safe_harbor	1.0359827583730221	64.8	5	21.5	32	False
LOC119876429/LOC119872513	NC_051811.1	17264456	17266456	2000	1.0304757511466742	1.0	62.369922792883514	0.0	0.05	84.12796401977539	6.0	465	0.997	0.14196339017051152	3.563	0	0	0	0	1205	0		no_promoter_enhancer_in_queried_epic_tissues	False	not_assessed			not_assessed	pilot_only	not_validated	not_validated	insufficient_evidence_for_safe_harbor	1.0299390186965465	63.23333333333333	5	21.0	32	False
LOC119876429/LOC119872513	NC_051811.1	17264706	17266706	2000	0.9942582054883242	1.0	50.016784155756966	0.0	0.05	84.12796401977539	6.0	611	0.997	0.1329984954864594	3.563	0	0	0	0	1205	0		no_promoter_enhancer_in_queried_epic_tissues	False	not_assessed			not_assessed	pilot_only	not_validated	not_validated	insufficient_evidence_for_safe_harbor	0.9943200913369655	51.06666666666667	5	19.0	32	False
LOC119876429/LOC119872513	NC_051811.1	17264956	17266956	2000	0.9714341447502375	1.0	40.9197717354817	0.0	0.0		0.0	796	0.997	0.12041725175526581	3.563	0	0	0	0	1205	0		no_promoter_enhancer_in_queried_epic_tissues	False	not_assessed			not_assessed	pilot_only	not_validated	not_validated	insufficient_evidence_for_safe_harbor	0.9714004583358765	42.43333333333334	5	19.0	32	False
LOC119876429/LOC119872513	NC_051811.1	17265206	17267206	2000	0.9886076803952456	1.0	47.93554884189326	0.0	0.0		0.0	927	1.0	0.1364905	3.563	0	0	0	0	1311	0		no_promoter_enhancer_in_queried_epic_tissues	False	not_assessed			not_assessed	pilot_only	not_validated	not_validated	insufficient_evidence_for_safe_harbor	0.9876250313818454	48.9	5	19.0	32	False
LOC119876429/LOC119872513	NC_051811.1	17265456	17267456	2000	0.973783408164978	1.0	42.161799261497144	0.0	0.0		0.0	938	1.0	0.12273150000000001	2.949	0	0	0	0	1400	0		no_promoter_enhancer_in_queried_epic_tissues	False	not_assessed			not_assessed	pilot_only	not_validated	not_validated	insufficient_evidence_for_safe_harbor	0.9728006618022919	42.86666666666667	4	19.0	32	False
LOC119876429/LOC119872513	NC_051811.1	17265706	17267706	2000	0.9697557177245617	1.0	40.28197381671702	0.0	0.0		0.0	775	1.0	0.1795365	5.401	0	0	0	0	1400	0		no_promoter_enhancer_in_queried_epic_tissues	False	not_assessed			not_assessed	pilot_only	not_validated	not_validated	insufficient_evidence_for_safe_harbor	0.9687729471325874	41.199999999999996	4	19.0	32	False
LOC119876429/LOC119872513	NC_051811.1	17265956	17267956	2000	0.9352679133117199	1.0	26.250419603893928	0.0	0.0		0.0	711	1.0	0.2277325	5.401	0	0	0	0	1339	0		no_promoter_enhancer_in_queried_epic_tissues	False	not_assessed			not_assessed	pilot_only	not_validated	not_validated	insufficient_evidence_for_safe_harbor	0.9314196529686452	26.566666666666666	4	17.5	32	False
LOC119876429/LOC119872513	NC_051811.1	17266206	17268206	2000	0.9101176227331161	1.0	17.254112118160457	0.0	0.0		0.0	711	1.0	0.21794849999999996	5.401	0	0	0	0	1089	0		no_promoter_enhancer_in_queried_epic_tissues	False	not_assessed			not_assessed	pilot_only	not_validated	not_validated	insufficient_evidence_for_safe_harbor	0.9053804214298725	17.866666666666667	4	17.0	26	False
LOC119876429/LOC119872513	NC_051811.1	17266456	17268456	2000	0.9128547230958939	1.0	18.059751594494795	0.0	0.0		0.0	784	1.0	0.23257200000000003	5.401	0	0	0	0	839	0		no_promoter_enhancer_in_queried_epic_tissues	False	not_assessed			not_assessed	pilot_only	not_validated	not_validated	insufficient_evidence_for_safe_harbor	0.907323799610138	18.266666666666666	4	16.5	27	False
LOC119876429/LOC119872513	NC_051811.1	17266706	17268706	2000	0.948480809122324	1.0	31.587781134608928	0.0	0.0		0.0	599	1.0	0.27966700000000005	5.401	0	0	0	0	589	0		no_promoter_enhancer_in_queried_epic_tissues	False	not_assessed			not_assessed	pilot_only	not_validated	not_validated	insufficient_evidence_for_safe_harbor	0.9429501244723797	30.933333333333334	4	18.0	27	False
LOC119876429/LOC119872513	NC_051811.1	17266956	17268956	2000	0.954760594189167	1.0	34.1725411211816	0.0	0.025	100.0	1.0	440	1.0	0.3559205000000001	6.226	0	0	0	0	339	0		no_promoter_enhancer_in_queried_epic_tissues	False	not_assessed			not_assessed	pilot_only	not_validated	not_validated	insufficient_evidence_for_safe_harbor	0.9489249710142612	33.300000000000004	4	18.0	27	False
LOC119876429/LOC119872513	NC_051811.1	17267206	17269206	2000	0.9400761435329914	1.0	28.331654917757636	0.0	0.025	100.0	1.0	212	1.0	0.38104249999999995	6.226	0	0	0	0	89	0		no_promoter_enhancer_in_queried_epic_tissues	False	not_assessed			not_assessed	pilot_only	not_validated	not_validated	insufficient_evidence_for_safe_harbor	0.935054759055376	27.800000000000004	4	18.0	27	False
LOC119876429/LOC119872513	NC_051811.1	17267456	17269456	2000	0.934917696237564	1.0	26.183282980866064	0.0	0.025	100.0	1.0	201	1.0	0.42821750000000003	6.226	0	0	0	0	0	0		no_promoter_enhancer_in_queried_epic_tissues	False	not_assessed			not_assessed	pilot_only	not_validated	not_validated	insufficient_evidence_for_safe_harbor	0.9298962752521038	26.266666666666666	7	18.0	27	False
LOC119876429/LOC119872513	NC_051811.1	17267706	17269706	2000	0.9209353181421757	1.0	21.517287680429675	0.0	0.025	100.0	1.0	385	1.0	0.3914275	6.226	0	0	0	0	0	0		no_promoter_enhancer_in_queried_epic_tissues	False	not_assessed			not_assessed	pilot_only	not_validated	not_validated	insufficient_evidence_for_safe_harbor	0.9144978257417679	20.866666666666667	7	18.0	27	False
LOC119876429/LOC119872513	NC_051811.1	17267956	17269956	2000	0.9451333616673946	1.0	30.245048674051695	0.0	0.025	100.0	1.0	543	1.0	0.35499	6.226	0	0	0	0	0	0		no_promoter_enhancer_in_queried_epic_tissues	False	not_assessed			not_assessed	pilot_only	not_validated	not_validated	insufficient_evidence_for_safe_harbor	0.9415612937808037	30.233333333333334	7	18.0	29	False
LOC119876429/LOC119872513	NC_051811.1	17268206	17270206	2000	0.9387693977952003	1.0	27.55958375293723	0.0	0.05	100.0	1.0	625	1.0	0.3490895	6.226	0	0	0	0	0	0		no_promoter_enhancer_in_queried_epic_tissues	False	not_assessed			not_assessed	pilot_only	not_validated	not_validated	insufficient_evidence_for_safe_harbor	0.93514582452178	27.833333333333332	7	18.0	29	False
LOC119876429/LOC119872513	NC_051811.1	17268456	17270456	2000	0.9482743639051914	1.0	31.419939577039273	0.0	0.05	100.0	1.0	744	1.0	0.3788145	6.226	0	0	0	0	161	0		no_promoter_enhancer_in_queried_epic_tissues	False	not_assessed			not_assessed	pilot_only	not_validated	not_validated	insufficient_evidence_for_safe_harbor	0.9454093209207058	31.8	7	17.0	29	False
LOC119876429/LOC119872513	NC_051811.1	17268706	17270706	2000	0.9639595164954662	1.0	37.93219201074186	0.0	0.05	100.0	1.0	975	1.0	0.365412	6.979	0	0	0	0	411	0		no_promoter_enhancer_in_queried_epic_tissues	False	not_assessed			not_assessed	pilot_only	not_validated	not_validated	insufficient_evidence_for_safe_harbor	0.9610945785343648	37.96666666666667	7	17.0	29	False
LOC119876429/LOC119872513	NC_051811.1	17268956	17270956	2000	0.9685516675710678	1.0	39.577039274924466	0.0	0.025	100.0	1.0	1116	1.0	0.283899	6.979	0	0	0	0	600	0		no_promoter_enhancer_in_queried_epic_tissues	False	not_assessed			not_assessed	pilot_only	not_validated	not_validated	insufficient_evidence_for_safe_harbor	0.9664026836156845	40.300000000000004	7	18.0	29	False
LOC119876429/LOC119872513	NC_051811.1	17269206	17271206	2000	0.9743683824539184	1.0	42.329640819066796	0.0	0.025	100.0	1.0	1149	0.9995	0.248088044022011	6.979	0	0	0	0	600	0		no_promoter_enhancer_in_queried_epic_tissues	False	not_assessed			not_assessed	pilot_only	not_validated	not_validated	insufficient_evidence_for_safe_harbor	0.9723541785478592	42.8	7	18.0	29	False
LOC119876429/LOC119872513	NC_051811.1	17269456	17271456	2000	0.9892620652318	1.0	48.13695871097684	0.0	0.05	75.7506217956543	2.0	1216	0.9995	0.21465682841420713	6.979	0	0	0	0	600	0		no_promoter_enhancer_in_queried_epic_tissues	False	not_assessed			not_assessed	pilot_only	not_validated	not_validated	insufficient_evidence_for_safe_harbor	0.9860058388411999	48.233333333333334	9	18.0	29	False
LOC119876429/LOC119872513	NC_051811.1	17269706	17271706	2000	1.0005550288259983	1.0	51.93017791205102	0.0	0.05	75.7506217956543	2.0	1149	0.9995	0.18468334167083542	6.979	0	0	0	0	600	0		no_promoter_enhancer_in_queried_epic_tissues	False	not_assessed			not_assessed	pilot_only	not_validated	not_validated	insufficient_evidence_for_safe_harbor	0.9988766709566116	52.5	10	19.0	29	False
LOC119876429/LOC119872513	NC_051811.1	17269956	17271956	2000	0.9975531396567822	1.0	51.12453843571668	0.0	0.05	75.7506217956543	2.0	991	0.9995	0.1470625312656328	6.979	0	0	0	0	600	0		no_promoter_enhancer_in_queried_epic_tissues	False	not_assessed			not_assessed	pilot_only	not_validated	not_validated	insufficient_evidence_for_safe_harbor	0.9945389216542244	51.2	10	19.0	29	False
LOC119876429/LOC119872513	NC_051811.1	17270206	17272206	2000	1.0066072981357574	1.0	54.68277945619335	0.0	0.025	51.501243591308594	2.0	909	0.9995	0.17485092546273137	6.979	0	0	0	0	600	0		no_promoter_enhancer_in_queried_epic_tissues	False	not_assessed			not_assessed	pilot_only	not_validated	not_validated	insufficient_evidence_for_safe_harbor	0.9990376634597778	52.53333333333333	10	20.0	29	False
LOC119876429/LOC119872513	NC_051811.1	17270456	17272456	2000	0.9793903000801801	1.0	44.478012755958375	0.0	0.025	51.501243591308594	2.0	686	0.992	0.21236844758064513	6.979	0	0	0	0	439	0		no_promoter_enhancer_in_queried_epic_tissues	False	not_assessed			not_assessed	pilot_only	not_validated	not_validated	insufficient_evidence_for_safe_harbor	0.9721241736710071	42.766666666666666	9	20.0	29	False
LOC119876429/LOC119872513	NC_051811.1	17270706	17272706	2000	0.9432723404616118	1.0	29.54011413225915	0.0	0.05	71.55971145629883	6.0	510	0.992	0.19944254032258066	5.939	0	0	0	0	384	0		no_promoter_enhancer_in_queried_epic_tissues	False	not_assessed			not_assessed	pilot_only	not_validated	not_validated	insufficient_evidence_for_safe_harbor	0.9359979286789895	28.1	9	20.0	29	False
LOC119876429/LOC119872513	NC_051811.1	17270956	17272956	2000	0.933273397281766	1.0	25.71332661967103	0.0	0.05	71.55971145629883	6.0	299	0.992	0.24333014112903226	5.939	0	0	0	0	400	0		no_promoter_enhancer_in_queried_epic_tissues	False	not_assessed			not_assessed	pilot_only	not_validated	not_validated	insufficient_evidence_for_safe_harbor	0.9232423388659954	24.233333333333334	9	18.0	29	False
LOC119876429/LOC119872513	NC_051811.1	17271206	17273206	2000	0.9444811423569918	1.0	30.043638804968108	0.0	0.05	71.55971145629883	6.0	266	0.9925	0.2571153652392947	5.939	0	0	0	0	400	0		no_promoter_enhancer_in_queried_epic_tissues	False	not_assessed			not_assessed	pilot_only	not_validated	not_validated	insufficient_evidence_for_safe_harbor	0.9331088892817497	27.266666666666666	9	19.0	30	False
LOC119876429/LOC119872513	NC_051811.1	17271456	17273456	2000	0.9441184899955988	1.0	29.97650218194025	0.0	0.025	91.61817932128906	6.0	242	0.9925	0.2511264483627204	5.939	0	0	0	0	400	0		no_promoter_enhancer_in_queried_epic_tissues	False	not_assessed			not_assessed	pilot_only	not_validated	not_validated	insufficient_evidence_for_safe_harbor	0.9322988244593143	26.866666666666667	9	19.0	30	False
LOC119876429/LOC119872513	NC_051811.1	17271706	17273706	2000	0.957039629086852	1.0	34.87747566297415	0.0	0.025	91.61817932128906	6.0	197	0.9925	0.28648866498740555	5.939	0	0	0	0	400	0		no_promoter_enhancer_in_queried_epic_tissues	False	not_assessed			not_assessed	pilot_only	not_validated	not_validated	insufficient_evidence_for_safe_harbor	0.9451801358163356	31.7	9	19.0	30	False
LOC119876429/LOC119872513	NC_051811.1	17271956	17273956	2000	0.935678277656436	1.0	26.45182947297751	0.0	0.025	91.61817932128906	6.0	285	0.9925	0.27919748110831233	5.939	0	0	0	0	400	0		no_promoter_enhancer_in_queried_epic_tissues	False	not_assessed			not_assessed	pilot_only	not_validated	not_validated	insufficient_evidence_for_safe_harbor	0.9181374056190252	22.233333333333334	3	17.5	30	False
LOC119876429/LOC119872513	NC_051811.1	17272206	17274206	2000	0.9381633198112249	1.0	27.32460557233971	0.0	0.028	92.51623153686523	6.0	427	0.9925	0.22236624685138537	5.795	0	0	0	0	400	0		no_promoter_enhancer_in_queried_epic_tissues	False	not_assessed			not_assessed	pilot_only	not_validated	not_validated	insufficient_evidence_for_safe_harbor	0.9261936804801225	25.0	3	16.0	30	False
LOC119876429/LOC119872513	NC_051811.1	17272456	17274456	2000	0.9655188053548336	1.0	38.43571668345082	0.0	0.05	95.80908966064453	6.0	478	1.0	0.12633650000000002	5.795	0	0	0	0	547	0		no_promoter_enhancer_in_queried_epic_tissues	False	not_assessed			not_assessed	pilot_only	not_validated	not_validated	insufficient_evidence_for_safe_harbor	0.9532456572204828	35.199999999999996	3	16.0	30	False
LOC119876429/LOC119872513	NC_051811.1	17272511	17274511	2000	0.9779250457286834	1.0	44.0751930177912	0.0	0.05	95.80908966064453	6.0	478	1.0	0.10965249999999999	5.795	0	0	0	0	602	0		no_promoter_enhancer_in_queried_epic_tissues	False	not_assessed			not_assessed	pilot_only	not_validated	not_validated	insufficient_evidence_for_safe_harbor	0.9656600252836942	40.0	3	16.0	30	False
ANO2/NTF3	NC_051831.1	39677324	39677824	500	1.0618034317493439	1.0	68.07005725833613	0.0	0.0		0.0	211	1.0	0.154498	7.513	0	0	0	0	300	36	MG	regulatory_annotation_present	False	not_assessed			not_assessed	pilot_only	not_validated	not_validated	regulatory_conflict_requires_resolution	1.0618105804920197	68.56666666666666	12	22.0	36	False
ANO2/NTF3	NC_051831.1	39677574	39678074	500	1.1844085417985917	1.0	85.5506904681711	0.0	0.0		0.0	6	1.0	0.12170799999999998	7.513	0	0	0	0	500	0		no_promoter_enhancer_in_queried_epic_tissues	False	not_assessed			not_assessed	pilot_only	not_validated	not_validated	insufficient_evidence_for_safe_harbor	1.1844164992570878	85.73333333333333	12	31.0	47	False
ANO2/NTF3	NC_051831.1	39677824	39678324	500	1.2417000057697296	1.0	89.86190636577972	0.0	0.0		0.0	0	1.0	0.017547999999999998	4.678	0	0	0	0	500	164	MG	regulatory_annotation_present	False	not_assessed			not_assessed	pilot_only	not_validated	not_validated	regulatory_conflict_requires_resolution	1.2417083834409715	90.03333333333333	22	31.0	47	False
ANO2/NTF3	NC_051831.1	39678074	39678574	500	1.184047955751419	1.0	85.5506904681711	0.0	0.1	94.85444641113281	70.0	0	1.0	0.107914	4.455	0	0	0	0	486	400	MG	regulatory_annotation_present	False	not_assessed			not_assessed	pilot_only	not_validated	not_validated	regulatory_conflict_requires_resolution	1.184055957198143	85.73333333333333	20	26.0	32	False
ANO2/NTF3	NC_051831.1	39678324	39678824	500	1.1357837533950805	1.0	79.92590097675986	0.0	0.1	94.85444641113281	70.0	60	1.0	0.088276	4.455	0	0	0	0	236	236	MG	regulatory_annotation_present	False	not_assessed			not_assessed	pilot_only	not_validated	not_validated	regulatory_conflict_requires_resolution	1.1357914093732835	80.23333333333333	17	24.0	32	False
ANO2/NTF3	NC_051831.1	39678574	39679074	500	1.109408518075943	1.0	76.65880767935332	0.0	0.0		0.0	183	1.0	-0.043171999999999995	3.201	0	0	0	0	0	0		no_promoter_enhancer_in_queried_epic_tissues	False	not_assessed			not_assessed	pilot_only	not_validated	not_validated	insufficient_evidence_for_safe_harbor	1.1094159775972365	77.0	17	25.0	31	False
ANO2/NTF3	NC_051831.1	39678824	39679324	500	1.1465413390398025	1.0	81.57628831256315	0.0	0.0		0.0	123	1.0	0.04655199999999999	2.877	0	0	0	0	0	0		no_promoter_enhancer_in_queried_epic_tissues	False	not_assessed			not_assessed	pilot_only	not_validated	not_validated	insufficient_evidence_for_safe_harbor	1.1465490517616272	81.76666666666667	19	25.5	34	False
ANO2/NTF3	NC_051831.1	39679074	39679574	500	1.036228695988655	1.0	61.165375547322334	0.0	0.0		0.0	55	1.0	0.086056	2.482	0	0	0	0	0	0		no_promoter_enhancer_in_queried_epic_tissues	False	not_assessed			not_assessed	pilot_only	not_validated	not_validated	insufficient_evidence_for_safe_harbor	1.0362356733083724	61.86666666666667	6	23.0	34	False
ANO2/NTF3	NC_051831.1	39679324	39679824	500	0.8973174123167992	1.0	21.185584371842374	0.0	0.0		0.0	83	1.0	0.08135400000000001	2.482	0	0	0	0	0	0		no_promoter_enhancer_in_queried_epic_tissues	False	not_assessed			not_assessed	pilot_only	not_validated	not_validated	insufficient_evidence_for_safe_harbor	0.8973234567642212	22.7	6	19.0	32	False
ANO2/NTF3	NC_051831.1	39679574	39680074	500	0.8929605434536934	1.0	19.66992253283934	0.0	0.0		0.0	28	1.0	0.057173999999999996	3.24	0	0	0	0	0	0		no_promoter_enhancer_in_queried_epic_tissues	False	not_assessed			not_assessed	pilot_only	not_validated	not_validated	insufficient_evidence_for_safe_harbor	0.8929665633440018	21.333333333333336	6	16.0	27	False
ANO2/NTF3	NC_051831.1	39679824	39680324	500	0.9805763126909732	0.8	44.897271808689794	0.0	0.0		0.0	163	0.938	-0.05660341151385928	3.451	0	0	0	0	0	0		no_promoter_enhancer_in_queried_epic_tissues	False	not_assessed			not_assessed	pilot_only	not_validated	not_validated	insufficient_evidence_for_safe_harbor	0.7844663387537003	6.033333333333333	0	12.0	27	False
ANO2/NTF3	NC_051831.1	39680074	39680574	500	1.0023547886312008	0.8	51.56618390030313	0.0	0.0		0.0	186	0.938	-0.004729211087420035	3.451	0	0	0	0	0	0		no_promoter_enhancer_in_queried_epic_tissues	False	not_assessed			not_assessed	pilot_only	not_validated	not_validated	insufficient_evidence_for_safe_harbor	0.8018892396688462	7.3	0	18.0	28	False
ANO2/NTF3	NC_051831.1	39680324	39680824	500	0.9392309132814407	1.0	33.68137420006737	0.0	0.1	100.0	2.0	77	1.0	0.082064	0.739	0	0	0	0	0	0		no_promoter_enhancer_in_queried_epic_tissues	False	not_assessed			not_assessed	pilot_only	not_validated	not_validated	insufficient_evidence_for_safe_harbor	0.9392372425794602	34.833333333333336	10	18.0	28	False
ANO2/NTF3	NC_051831.1	39680574	39681074	500	0.899789306640625	1.0	21.791849107443582	0.0	0.2	50.0	2.0	86	1.0	0.042536000000000004	0.739	0	0	0	0	0	0		no_promoter_enhancer_in_queried_epic_tissues	False	not_assessed			not_assessed	pilot_only	not_validated	not_validated	insufficient_evidence_for_safe_harbor	0.8997953692674637	23.333333333333332	11	18.0	31	False
ANO2/NTF3	NC_051831.1	39680824	39681324	500	0.9079686033725739	1.0	24.0485011788481	0.0	0.1	0.0	1.0	231	1.0	0.082342	0.739	0	0	0	0	0	0		no_promoter_enhancer_in_queried_epic_tissues	False	not_assessed			not_assessed	pilot_only	not_validated	not_validated	insufficient_evidence_for_safe_harbor	0.9079747307300567	25.6	14	20.5	31	False
ANO2/NTF3	NC_051831.1	39681074	39681574	500	0.9234091492891312	1.0	28.595486695857193	0.0	0.0		0.0	371	1.0	0.165946	2.353	0	0	0	0	0	0		no_promoter_enhancer_in_queried_epic_tissues	False	not_assessed			not_assessed	pilot_only	not_validated	not_validated	insufficient_evidence_for_safe_harbor	0.923415370464325	30.133333333333333	15	21.5	30	False
ANO2/NTF3	NC_051831.1	39681324	39681824	500	0.9445757162570954	1.0	35.12967329067026	0.0	0.0		0.0	172	1.0	0.19753800000000002	3.771	0	0	0	0	0	0		no_promoter_enhancer_in_queried_epic_tissues	False	not_assessed			not_assessed	pilot_only	not_validated	not_validated	insufficient_evidence_for_safe_harbor	0.9445820741653442	36.333333333333336	15	23.0	30	False
ANO2/NTF3	NC_051831.1	39681574	39682074	500	0.978987944483757	1.0	44.49309531828899	0.0	0.0		0.0	84	1.0	0.188432	3.942	0	0	0	0	0	0		no_promoter_enhancer_in_queried_epic_tissues	False	not_assessed			not_assessed	pilot_only	not_validated	not_validated	insufficient_evidence_for_safe_harbor	0.9789945336580277	45.46666666666667	14	21.5	29	False
ANO2/NTF3	NC_051831.1	39681824	39682324	500	1.0340704822540283	1.0	60.49174806332098	0.0	0.0		0.0	279	1.0	0.22559800000000002	6.929	0	0	0	0	0	0		no_promoter_enhancer_in_queried_epic_tissues	False	not_assessed			not_assessed	pilot_only	not_validated	not_validated	insufficient_evidence_for_safe_harbor	1.034077452659607	61.16666666666667	14	21.0	37	False
ANO2/NTF3	NC_051831.1	39682074	39682574	500	0.9554601089954377	1.0	37.72313910407545	0.0	0.0		0.0	385	1.0	0.37776600000000005	6.929	0	0	0	0	0	0		no_promoter_enhancer_in_queried_epic_tissues	False	not_assessed			not_assessed	pilot_only	not_validated	not_validated	insufficient_evidence_for_safe_harbor	0.9554665654897689	38.800000000000004	11	20.0	37	False
ANO2/NTF3	NC_051831.1	39682324	39682824	500	0.9933853551149369	1.0	48.93903671269788	0.0	0.2	40.12803268432617	6.0	354	1.0	0.266742	6.561	0	0	0	0	0	0		no_promoter_enhancer_in_queried_epic_tissues	False	not_assessed			not_assessed	pilot_only	not_validated	not_validated	insufficient_evidence_for_safe_harbor	0.993392051577568	49.9	11	23.0	36	False
ANO2/NTF3	NC_051831.1	39682574	39683074	500	1.1775519684553146	1.0	84.87706298416975	0.0	0.2	40.12803268432617	6.0	164	1.0	0.11928	4.509	0	0	0	0	0	0		no_promoter_enhancer_in_queried_epic_tissues	False	not_assessed			not_assessed	pilot_only	not_validated	not_validated	insufficient_evidence_for_safe_harbor	1.1775599039793014	85.13333333333334	17	26.0	36	False
ANO2/NTF3	NC_051831.1	39682824	39683324	500	1.2387920463085174	1.0	89.69349949477939	0.0	0.0		0.0	0	1.0	0.365054	7.691	0	0	0	0	133	0		no_promoter_enhancer_in_queried_epic_tissues	False	not_assessed			not_assessed	pilot_only	not_validated	not_validated	insufficient_evidence_for_safe_harbor	1.2388003840446473	89.86666666666666	18	26.0	40	False
ANO2/NTF3	NC_051831.1	39683074	39683574	500	1.1687911756038665	1.0	84.43920511956888	0.0	0.0		0.0	0	1.0	0.625124	7.691	0	0	0	0	383	0		no_promoter_enhancer_in_queried_epic_tissues	False	not_assessed			not_assessed	pilot_only	not_validated	not_validated	insufficient_evidence_for_safe_harbor	1.1687990218400954	84.6	16	24.0	40	False
ANO2/NTF3	NC_051831.1	39683324	39683824	500	1.0785156217813492	1.0	71.53923880094308	0.0	0.0		0.0	0	1.0	1.04381	6.756	0	0	0	0	267	0		no_promoter_enhancer_in_queried_epic_tissues	False	not_assessed			not_assessed	pilot_only	not_validated	not_validated	insufficient_evidence_for_safe_harbor	1.078522851228714	72.0	16	22.0	29	False
ANO2/NTF3	NC_051831.1	39683574	39684074	500	1.0193736217021943	1.0	56.483664533512965	0.0	0.0		0.0	0	1.0	1.1822579999999998	8.975	0	0	0	0	17	0		no_promoter_enhancer_in_queried_epic_tissues	False	not_assessed			not_assessed	pilot_only	not_validated	not_validated	insufficient_evidence_for_safe_harbor	1.0193804712295533	57.13333333333333	16	20.5	24	False
ANO2/NTF3	NC_051831.1	39683824	39684324	500	0.9775479501485824	1.0	43.81946783428764	0.0	0.0		0.0	101	1.0	0.590948	8.975	0	0	0	0	0	0		no_promoter_enhancer_in_queried_epic_tissues	False	not_assessed			not_assessed	pilot_only	not_validated	not_validated	insufficient_evidence_for_safe_harbor	0.9775545389652253	44.83333333333333	10	20.0	24	False
ANO2/NTF3	NC_051831.1	39684074	39684574	500	0.9633763723373413	1.0	39.74402155607949	0.0	0.0		0.0	349	1.0	0.177414	3.743	0	0	0	0	183	0		no_promoter_enhancer_in_queried_epic_tissues	False	not_assessed			not_assessed	pilot_only	not_validated	not_validated	insufficient_evidence_for_safe_harbor	0.9633828868865967	40.833333333333336	10	18.0	29	False
ANO2/NTF3	NC_051831.1	39684324	39684824	500	1.0450898661613464	1.0	63.79252273492758	0.0	0.0		0.0	248	1.0	0.123818	3.093	0	0	0	0	433	0		no_promoter_enhancer_in_queried_epic_tissues	False	not_assessed			not_assessed	pilot_only	not_validated	not_validated	insufficient_evidence_for_safe_harbor	1.0450969288349152	64.43333333333334	10	24.0	40	False
ANO2/NTF3	NC_051831.1	39684574	39685074	500	1.1004060196876526	1.0	75.4462782081509	0.0	0.0		0.0	0	1.0	0.04820199999999999	1.096	0	0	0	0	500	83	MG	regulatory_annotation_present	False	not_assessed			not_assessed	pilot_only	not_validated	not_validated	regulatory_conflict_requires_resolution	1.1004134246110917	75.8	17	29.0	40	False
ANO2/NTF3	NC_051831.1	39684824	39685324	500	1.0372943198680877	1.0	61.46850791512294	0.0	0.1	100.0	1.0	0	1.0	0.08103199999999999	2.863	0	0	0	0	367	200	MG	regulatory_annotation_present	False	not_assessed			not_assessed	pilot_only	not_validated	not_validated	regulatory_conflict_requires_resolution	1.037301303267479	62.16666666666667	12	26.0	34	False
ANO2/NTF3	NC_051831.1	39685074	39685574	500	0.9617966818809509	1.0	39.272482317278545	0.0	0.348	83.85545919133328	50.0	112	1.0	0.127154	2.863	0	0	0	0	117	117	MG	regulatory_annotation_present	False	not_assessed			not_assessed	pilot_only	not_validated	not_validated	regulatory_conflict_requires_resolution	0.961803167104721	40.266666666666666	10	17.0	33	False
ANO2/NTF3	NC_051831.1	39685324	39685824	500	1.0394135347604752	1.0	62.44526776692489	0.0	0.4	75.31431293487549	50.0	112	1.0	0.058998	3.727	0	0	0	0	0	0		no_promoter_enhancer_in_queried_epic_tissues	False	not_assessed			not_assessed	pilot_only	not_validated	not_validated	insufficient_evidence_for_safe_harbor	1.039420554280281	63.2	10	19.0	39	False
ANO2/NTF3	NC_051831.1	39685574	39686074	500	1.194923462510109	1.0	86.49376894577298	0.0	0.152	72.00016694319875	50.0	0	1.0	0.003295999999999996	3.727	0	0	0	0	0	0		no_promoter_enhancer_in_queried_epic_tissues	False	not_assessed			not_assessed	pilot_only	not_validated	not_validated	insufficient_evidence_for_safe_harbor	1.1949315326213836	86.7	19	29.0	39	False
ANO2/NTF3	NC_051831.1	39685824	39686324	500	1.2073820760250091	1.0	87.50421017177501	0.0	0.2	46.24528121948242	27.0	75	1.0	-0.011722000000000002	4.195	0	0	0	0	0	0		no_promoter_enhancer_in_queried_epic_tissues	False	not_assessed			not_assessed	pilot_only	not_validated	not_validated	insufficient_evidence_for_safe_harbor	1.2073902082443237	87.66666666666667	21	28.0	39	False
ANO2/NTF3	NC_051831.1	39686074	39686574	500	1.1846007409095765	1.0	85.5506904681711	0.0	0.4	69.27047920227051	58.0	208	0.998	0.051270541082164334	4.195	0	0	0	0	0	0		no_promoter_enhancer_in_queried_epic_tissues	False	not_assessed			not_assessed	pilot_only	not_validated	not_validated	insufficient_evidence_for_safe_harbor	1.1846087062358857	85.73333333333333	19	26.0	33	False
ANO2/NTF3	NC_051831.1	39686324	39686824	500	1.1649573944807052	1.0	83.96766588076794	0.0	0.348	90.54440167306484	67.0	133	0.998	0.14372945891783567	3.197	0	0	0	0	0	0		no_promoter_enhancer_in_queried_epic_tissues	False	not_assessed			not_assessed	pilot_only	not_validated	not_validated	insufficient_evidence_for_safe_harbor	1.1649652329683304	84.16666666666667	19	27.0	37	False
ANO2/NTF3	NC_051831.1	39686574	39687074	500	1.140029199719429	1.0	80.66689120916134	0.0	0.448	90.20851727894375	67.0	0	1.0	0.06970599999999998	3.336	0	0	0	0	0	0		no_promoter_enhancer_in_queried_epic_tissues	False	not_assessed			not_assessed	pilot_only	not_validated	not_validated	insufficient_evidence_for_safe_harbor	1.1400368676185608	80.93333333333334	20	26.0	37	False
ANO2/NTF3	NC_051831.1	39686824	39687324	500	1.1747791657447815	1.0	84.77601886156955	0.0	0.652	92.77034871856128	67.0	82	1.0	0.06473	5.745	0	0	0	0	0	0		no_promoter_enhancer_in_queried_epic_tissues	False	not_assessed			not_assessed	pilot_only	not_validated	not_validated	insufficient_evidence_for_safe_harbor	1.1747870806455611	84.96666666666667	20	26.0	36	False
ANO2/NTF3	NC_051831.1	39687074	39687574	500	1.1936489386558533	1.0	86.39272482317278	0.0	0.352	94.09990900213069	34.0	82	1.0	0.31507000000000007	8.126	0	0	0	0	0	0		no_promoter_enhancer_in_queried_epic_tissues	False	not_assessed			not_assessed	pilot_only	not_validated	not_validated	insufficient_evidence_for_safe_harbor	1.1936569796800613	86.6	17	29.0	38	False
ANO2/NTF3	NC_051831.1	39687324	39687824	500	1.062031051158905	1.0	68.1037386325362	0.0	0.0		0.0	0	1.0	1.200512	10.205	0	0	0	0	0	0		no_promoter_enhancer_in_queried_epic_tissues	False	not_assessed			not_assessed	pilot_only	not_validated	not_validated	insufficient_evidence_for_safe_harbor	1.0620381897687912	68.60000000000001	10	17.0	38	False
ANO2/NTF3	NC_051831.1	39687574	39688074	500	0.9927273317575455	1.0	48.80431121589761	0.0	0.0		0.0	0	1.0	1.379694	10.205	0	0	0	0	0	0		no_promoter_enhancer_in_queried_epic_tissues	False	not_assessed			not_assessed	pilot_only	not_validated	not_validated	insufficient_evidence_for_safe_harbor	0.992734007358551	49.8	10	16.0	26	False
ANO2/NTF3	NC_051831.1	39687824	39688324	500	0.9533998683691025	1.0	37.116874368474235	0.0	0.0		0.0	42	1.0	0.49663	6.71	0	0	0	0	0	0		no_promoter_enhancer_in_queried_epic_tissues	False	not_assessed			not_assessed	pilot_only	not_validated	not_validated	insufficient_evidence_for_safe_harbor	0.9534062682390213	38.166666666666664	10	15.5	26	False
ANO2/NTF3	NC_051831.1	39688074	39688574	500	0.9401760649681091	1.0	33.849781071067696	0.0	0.0		0.0	157	0.996	0.10140763052208834	4.553	0	0	0	0	0	0		no_promoter_enhancer_in_queried_epic_tissues	False	not_assessed			not_assessed	pilot_only	not_validated	not_validated	insufficient_evidence_for_safe_harbor	0.9401823726892471	34.96666666666667	10	18.0	31	False
ANO2/NTF3	NC_051831.1	39688324	39688824	500	1.049089601278305	1.0	64.3987874705288	0.0	0.0		0.0	120	0.996	0.00977710843373494	3.991	0	0	0	0	234	234	OV;ST	regulatory_annotation_present	False	not_assessed			not_assessed	pilot_only	not_validated	not_validated	regulatory_conflict_requires_resolution	1.0490966556072234	65.0	10	22.0	38	False
ANO2/NTF3	NC_051831.1	39688574	39689074	500	1.2508708879947663	1.0	90.46817110138093	0.0	0.0		0.0	5	1.0	0.01484600000000001	3.991	0	0	0	0	484	484	OV;ST	regulatory_annotation_present	False	not_assessed			not_assessed	pilot_only	not_validated	not_validated	regulatory_conflict_requires_resolution	1.2508793094158173	90.66666666666666	15	30.5	39	False
ANO2/NTF3	NC_051831.1	39688824	39689324	500	1.2806287171840667	1.0	91.98383294038396	0.0	0.0		0.0	0	1.0	-0.01654599999999998	3.427	0	0	0	0	500	500	OV;ST	regulatory_annotation_present	False	not_assessed			not_assessed	pilot_only	not_validated	not_validated	regulatory_conflict_requires_resolution	1.280637340426445	92.06666666666666	22	32.5	39	False
ANO2/NTF3	NC_051831.1	39689074	39689574	500	1.1676330370903014	1.0	84.23711687436848	0.0	0.0		0.0	0	1.0	0.04923200000000001	4.327	0	0	0	0	500	500	LU;OV	regulatory_annotation_present	False	not_assessed			not_assessed	pilot_only	not_validated	not_validated	regulatory_conflict_requires_resolution	1.1676409033536912	84.43333333333334	20	25.0	37	False
ANO2/NTF3	NC_051831.1	39689324	39689824	500	1.1566421003341676	1.0	82.99090602896598	1.0	0.2	85.73272705078125	24.0	0	1.0	0.035734	4.327	0	0	0	0	500	500	LU;OV	regulatory_annotation_present	False	not_assessed			not_assessed	pilot_only	not_validated	not_validated	regulatory_conflict_requires_resolution	1.1566498928070068	83.13333333333334	19	26.0	39	False
ANO2/NTF3	NC_051831.1	39689574	39690074	500	1.209392474412918	1.0	87.70629841697541	1.0	0.2	85.73272705078125	24.0	0	1.0	-0.071162	4.569	0	0	0	0	500	500	LU;OV	regulatory_annotation_present	False	not_assessed			not_assessed	pilot_only	not_validated	not_validated	regulatory_conflict_requires_resolution	1.209400629043579	87.9	19	28.0	39	False
ANO2/NTF3	NC_051831.1	39689824	39690324	500	1.213345544695854	1.0	87.94206803637589	1.0	0.1	100.0	1.0	34	1.0	0.014472	4.569	0	0	0	0	500	500	OV	regulatory_annotation_present	False	not_assessed			not_assessed	pilot_only	not_validated	not_validated	regulatory_conflict_requires_resolution	1.2133537417650222	88.13333333333333	18	25.0	39	False
ANO2/NTF3	NC_051831.1	39690074	39690574	500	1.0991846095323563	1.0	75.17682721455036	0.0	0.1	100.0	1.0	188	1.0	0.140074	4.242	0	0	0	0	500	500	OV	regulatory_annotation_present	False	not_assessed			not_assessed	pilot_only	not_validated	not_validated	regulatory_conflict_requires_resolution	1.0991920317411423	75.56666666666668	17	22.0	29	False
ANO2/NTF3	NC_051831.1	39690324	39690824	500	1.1016463931798934	1.0	75.47995958235096	0.0	0.148	71.81472520570497	4.0	154	1.0	0.72077	7.566	0	0	0	0	500	500	OV	regulatory_annotation_present	False	not_assessed			not_assessed	pilot_only	not_validated	not_validated	regulatory_conflict_requires_resolution	1.101653821825981	75.86666666666667	17	22.0	29	False
ANO2/NTF3	NC_051831.1	39690574	39691074	500	1.133385060787201	1.0	79.79117547995959	0.0	0.2	79.14289665222168	4.0	0	1.0	1.0343159999999998	7.566	0	0	0	0	500	500	OV	regulatory_annotation_present	False	not_assessed			not_assessed	pilot_only	not_validated	not_validated	regulatory_conflict_requires_resolution	1.133392692565918	80.06666666666666	16	23.0	29	False
ANO2/NTF3	NC_051831.1	39690824	39691324	500	1.0657353665828704	1.0	68.67632199393735	0.0	0.052	100.0	1.0	0	1.0	0.829708	7.26	0	0	0	0	500	500	OV	regulatory_annotation_present	False	not_assessed			not_assessed	pilot_only	not_validated	not_validated	regulatory_conflict_requires_resolution	1.0657425360679627	69.16666666666667	15	23.0	36	False
ANO2/NTF3	NC_051831.1	39691074	39691574	500	1.0796259154081345	1.0	71.77500842034354	0.0	0.2	9.695268630981445	11.0	0	1.0	0.835134	7.26	0	0	0	0	316	316	OV	regulatory_annotation_present	False	not_assessed			not_assessed	pilot_only	not_validated	not_validated	regulatory_conflict_requires_resolution	1.0796331835985185	72.2	15	27.5	36	False
ANO2/NTF3	NC_051831.1	39691324	39691824	500	1.1516994140148162	1.0	82.38464129336477	0.0	0.3	6.463512420654297	11.0	0	1.0	0.573268	6.727	0	0	0	0	100	100	KI;OV	regulatory_annotation_present	False	not_assessed			not_assessed	pilot_only	not_validated	not_validated	regulatory_conflict_requires_resolution	1.151707181096077	82.6	23	29.0	40	False
ANO2/NTF3	NC_051831.1	39691574	39692074	500	1.1873851512670517	1.0	85.7527787133715	0.0	0.2	34.26899719238281	4.0	112	1.0	0.17306400000000005	4.372	0	0	0	0	284	284	KI;OV	regulatory_annotation_present	False	not_assessed			not_assessed	pilot_only	not_validated	not_validated	regulatory_conflict_requires_resolution	1.1873931646347047	85.93333333333332	21	30.0	48	False
ANO2/NTF3	NC_051831.1	39691824	39692324	500	1.235669729590416	1.0	89.45772987537892	0.0	0.1	68.53799438476562	4.0	250	1.0	0.042989999999999993	3.866	0	0	0	0	500	500	KI;OV	regulatory_annotation_present	False	not_assessed			not_assessed	pilot_only	not_validated	not_validated	regulatory_conflict_requires_resolution	1.2356780663728715	89.66666666666666	21	32.0	48	False
ANO2/NTF3	NC_051831.1	39692074	39692574	500	1.3111106305122375	1.0	93.33108790838666	0.0	0.0		0.0	347	1.0	0.13161	4.274	0	0	0	0	500	500	KI;OV	regulatory_annotation_present	False	not_assessed			not_assessed	pilot_only	not_validated	not_validated	regulatory_conflict_requires_resolution	1.311119482278824	93.43333333333334	20	30.0	48	False
ANO2/NTF3	NC_051831.1	39692324	39692824	500	1.2616873760223388	1.0	91.00707308858202	0.0	0.0		0.0	257	1.0	0.120506	4.274	0	0	0	0	449	449	KI;OV	regulatory_annotation_present	False	not_assessed			not_assessed	pilot_only	not_validated	not_validated	regulatory_conflict_requires_resolution	1.261695889234543	91.13333333333333	20	29.0	36	False
ANO2/NTF3	NC_051831.1	39692574	39693074	500	1.1485352969169618	1.0	81.91310205456382	0.0	0.0		0.0	249	1.0	0.033734	3.259	0	0	0	0	300	300	KI;MG;OV	regulatory_annotation_present	False	not_assessed			not_assessed	pilot_only	not_validated	not_validated	regulatory_conflict_requires_resolution	1.1485430485010146	82.13333333333334	21	28.5	36	False
ANO2/NTF3	NC_051831.1	39692824	39693324	500	1.1640084460973739	1.0	83.93398450656787	0.0	0.0		0.0	201	1.0	0.124848	3.277	0	0	0	0	351	351	MG;OV	regulatory_annotation_present	False	not_assessed			not_assessed	pilot_only	not_validated	not_validated	regulatory_conflict_requires_resolution	1.1640162937641143	84.1	20	27.0	36	False
ANO2/NTF3	NC_051831.1	39693074	39693574	500	1.2148584337234498	1.0	88.04311215897609	0.0	0.0		0.0	0	1.0	0.15424600000000002	3.277	0	0	0	0	299	299	MG;OV	regulatory_annotation_present	False	not_assessed			not_assessed	pilot_only	not_validated	not_validated	regulatory_conflict_requires_resolution	1.2148666105270385	88.26666666666667	20	31.0	37	False
ANO2/NTF3	NC_051831.1	39693324	39693824	500	1.2020726711750032	1.0	86.96530818457393	0.0	0.0		0.0	45	1.0	0.139134	3.798	0	0	0	0	49	49	MG;OV	regulatory_annotation_present	False	not_assessed			not_assessed	pilot_only	not_validated	not_validated	regulatory_conflict_requires_resolution	1.2020807735919952	87.2	22	31.0	39	False
ANO2/NTF3	NC_051831.1	39693574	39694074	500	1.0684912394285202	1.0	69.38363085213877	0.0	0.048	50.0	1.0	45	0.974	0.18262628336755646	3.798	0	0	0	0	0	0		no_promoter_enhancer_in_queried_epic_tissues	False	not_assessed			not_assessed	pilot_only	not_validated	not_validated	insufficient_evidence_for_safe_harbor	1.0684984428882598	69.8	17	26.0	39	False
ANO2/NTF3	NC_051831.1	39693824	39694324	500	1.082714706659317	1.0	72.41495453014483	1.0	0.1	50.0	1.0	53	0.974	0.17870431211498974	3.341	0	0	0	0	0	0		no_promoter_enhancer_in_queried_epic_tissues	False	not_assessed			not_assessed	pilot_only	not_validated	not_validated	insufficient_evidence_for_safe_harbor	1.0827219916582107	72.8	17	23.5	35	False
ANO2/NTF3	NC_051831.1	39694074	39694574	500	1.1707749679088593	1.0	84.54024924216908	1.0	0.052	50.0	1.0	53	1.0	0.16332	3.992	0	0	0	0	0	0		no_promoter_enhancer_in_queried_epic_tissues	False	not_assessed			not_assessed	pilot_only	not_validated	not_validated	insufficient_evidence_for_safe_harbor	1.1707828633785249	84.7	17	27.5	41	False
ANO2/NTF3	NC_051831.1	39694324	39694824	500	1.1895418963432312	1.0	86.05591108117211	0.0	0.0		0.0	0	1.0	0.230016	3.992	0	0	0	0	0	0		no_promoter_enhancer_in_queried_epic_tissues	False	not_assessed			not_assessed	pilot_only	not_validated	not_validated	insufficient_evidence_for_safe_harbor	1.1895499382019044	86.26666666666667	19	29.5	41	False
ANO2/NTF3	NC_051831.1	39694574	39695074	500	1.2320490083694458	1.0	89.2556416301785	0.0	0.0		0.0	0	1.0	0.24127200000000001	3.325	0	0	0	0	0	0		no_promoter_enhancer_in_queried_epic_tissues	False	not_assessed			not_assessed	pilot_only	not_validated	not_validated	insufficient_evidence_for_safe_harbor	1.2320573377609252	89.43333333333334	19	33.0	40	False
ANO2/NTF3	NC_051831.1	39694824	39695324	500	1.1483759956359862	1.0	81.87942068036375	0.0	0.0		0.0	0	1.0	0.30741799999999997	4.781	0	0	0	0	0	0		no_promoter_enhancer_in_queried_epic_tissues	False	not_assessed			not_assessed	pilot_only	not_validated	not_validated	insufficient_evidence_for_safe_harbor	1.1483837476968766	82.1	20	30.0	40	False
ANO2/NTF3	NC_051831.1	39695074	39695574	500	1.079494832277298	1.0	71.74132704614348	0.0	0.0		0.0	0	1.0	0.333298	4.781	0	0	0	0	0	0		no_promoter_enhancer_in_queried_epic_tissues	False	not_assessed			not_assessed	pilot_only	not_validated	not_validated	insufficient_evidence_for_safe_harbor	1.0795020998716354	72.16666666666667	20	26.0	34	False
ANO2/NTF3	NC_051831.1	39695324	39695824	500	1.131848197221756	1.0	79.69013135735938	0.0	0.0		0.0	18	1.0	0.204548	4.216	0	0	0	0	0	0		no_promoter_enhancer_in_queried_epic_tissues	False	not_assessed			not_assessed	pilot_only	not_validated	not_validated	insufficient_evidence_for_safe_harbor	1.1318558328151702	79.93333333333334	20	25.0	34	False
ANO2/NTF3	NC_051831.1	39695574	39696074	500	1.026547809123993	1.0	58.369821488716745	0.0	0.048	80.14521789550781	5.0	86	1.0	0.033965999999999996	3.924	0	0	0	0	0	0		no_promoter_enhancer_in_queried_epic_tissues	False	not_assessed			not_assessed	pilot_only	not_validated	not_validated	insufficient_evidence_for_safe_harbor	1.0265547384023666	59.06666666666667	3	25.0	39	False
ANO2/NTF3	NC_051831.1	39695824	39696324	500	0.9792129006385804	1.0	44.52677669248906	0.0	0.1	80.14521789550781	5.0	68	1.0	0.004636000000000003	3.924	0	0	0	0	0	0		no_promoter_enhancer_in_queried_epic_tissues	False	not_assessed			not_assessed	pilot_only	not_validated	not_validated	insufficient_evidence_for_safe_harbor	0.9792194908857346	45.5	3	28.0	39	False
ANO2/NTF3	NC_051831.1	39696074	39696574	500	1.0748361985683441	1.0	71.00033681374201	0.0	0.052	80.14521789550781	5.0	110	1.0	0.09676599999999999	2.607	0	0	0	0	0	0		no_promoter_enhancer_in_queried_epic_tissues	False	not_assessed			not_assessed	pilot_only	not_validated	not_validated	insufficient_evidence_for_safe_harbor	1.0748434286117554	71.5	15	26.0	34	False
ANO2/NTF3	NC_051831.1	39696324	39696824	500	1.1039887657165528	1.0	75.7494105759515	0.0	0.0		0.0	110	1.0	0.08440199999999999	1.794	0	0	0	0	38	0		no_promoter_enhancer_in_queried_epic_tissues	False	not_assessed			not_assessed	pilot_only	not_validated	not_validated	insufficient_evidence_for_safe_harbor	1.1039962073564529	76.1	15	24.0	36	False
ANO2/NTF3	NC_051831.1	39696574	39697074	500	1.1670669791698456	1.0	84.20343550016841	0.0	0.048	76.32891845703125	2.0	0	1.0	0.11583000000000002	3.757	0	0	0	0	288	0		no_promoter_enhancer_in_queried_epic_tissues	False	not_assessed			not_assessed	pilot_only	not_validated	not_validated	insufficient_evidence_for_safe_harbor	1.16707483792305	84.39999999999999	14	22.0	36	False
ANO2/NTF3	NC_051831.1	39696824	39697324	500	1.176186485528946	1.0	84.84338160996968	0.0	0.2	88.16445922851562	2.0	0	1.0	0.09175	3.757	0	0	0	0	362	0		no_promoter_enhancer_in_queried_epic_tissues	False	not_assessed			not_assessed	pilot_only	not_validated	not_validated	insufficient_evidence_for_safe_harbor	1.1761943908929824	85.03333333333333	14	21.0	33	False
ANO2/NTF3	NC_051831.1	39697074	39697574	500	1.0189359850883484	1.0	56.4499831593129	0.0	0.152	91.90199841951069	2.0	171	1.0	0.08143	2.349	0	0	0	0	112	0		no_promoter_enhancer_in_queried_epic_tissues	False	not_assessed			not_assessed	pilot_only	not_validated	not_validated	insufficient_evidence_for_safe_harbor	1.0189428344964981	57.099999999999994	15	23.0	33	False
ANO2/NTF3	NC_051831.1	39697324	39697824	500	0.9569197453260422	1.0	38.093634220276186	0.0	0.1	50.0	2.0	408	1.0	0.10631200000000002	2.308	0	0	0	0	0	0		no_promoter_enhancer_in_queried_epic_tissues	False	not_assessed			not_assessed	pilot_only	not_validated	not_validated	insufficient_evidence_for_safe_harbor	0.956926169514656	39.13333333333333	14	22.0	27	False
ANO2/NTF3	NC_051831.1	39697574	39698074	500	1.0026095994710922	1.0	51.66722802290333	0.0	0.1	50.0	2.0	237	1.0	0.09568799999999998	1.096	0	0	0	0	0	0		no_promoter_enhancer_in_queried_epic_tissues	False	not_assessed			not_assessed	pilot_only	not_validated	not_validated	insufficient_evidence_for_safe_harbor	1.0026163508892059	52.46666666666666	14	23.0	31	False
ANO2/NTF3	NC_051831.1	39697824	39698324	500	1.018571462750435	1.0	56.31525766251263	0.0	0.0		0.0	0	1.0	0.149608	1.031	0	0	0	0	0	0		no_promoter_enhancer_in_queried_epic_tissues	False	not_assessed			not_assessed	pilot_only	not_validated	not_validated	insufficient_evidence_for_safe_harbor	1.018578344464302	56.99999999999999	16	27.0	32	False
ANO2/NTF3	NC_051831.1	39698074	39698574	500	1.1329962075948716	1.0	79.75749410575952	0.0	0.0		0.0	26	1.0	0.06197599999999999	1.031	0	0	0	0	0	0		no_promoter_enhancer_in_queried_epic_tissues	False	not_assessed			not_assessed	pilot_only	not_validated	not_validated	insufficient_evidence_for_safe_harbor	1.1330038508176803	80.03333333333333	16	27.0	36	False
ANO2/NTF3	NC_051831.1	39698324	39698824	500	1.0924942327737808	1.0	73.997979117548	0.0	0.1	79.51646423339844	8.0	186	1.0	0.029062000000000004	1.031	0	0	0	0	0	0		no_promoter_enhancer_in_queried_epic_tissues	False	not_assessed			not_assessed	pilot_only	not_validated	not_validated	insufficient_evidence_for_safe_harbor	1.092501593232155	74.4	14	23.0	36	False
ANO2/NTF3	NC_051831.1	39698574	39699074	500	1.0906968553066254	1.0	73.52643987874706	0.0	0.2	89.75823211669922	8.0	363	1.0	0.100404	3.108	0	0	0	0	0	0		no_promoter_enhancer_in_queried_epic_tissues	False	not_assessed			not_assessed	pilot_only	not_validated	not_validated	insufficient_evidence_for_safe_harbor	1.0907042113542558	73.93333333333332	14	22.0	27	False
ANO2/NTF3	NC_051831.1	39698824	39699324	500	1.253946977853775	1.0	90.63657797238128	0.0	0.1	100.0	1.0	327	1.0	0.04888000000000001	5.109	0	0	0	0	0	0		no_promoter_enhancer_in_queried_epic_tissues	False	not_assessed			not_assessed	pilot_only	not_validated	not_validated	insufficient_evidence_for_safe_harbor	1.2539554353952407	90.8	17	26.0	38	False
ANO2/NTF3	NC_051831.1	39699074	39699574	500	1.2461690107584	1.0	90.09767598518019	0.0	0.0		0.0	330	1.0	0.038922000000000005	5.109	0	0	0	0	0	0		no_promoter_enhancer_in_queried_epic_tissues	False	not_assessed			not_assessed	pilot_only	not_validated	not_validated	insufficient_evidence_for_safe_harbor	1.246177406668663	90.26666666666667	18	32.0	38	False
ANO2/NTF3	NC_051831.1	39699324	39699824	500	1.1089295202493668	1.0	76.59144493095317	0.0	0.0		0.0	257	1.0	0.16094799999999998	4.314	0	0	0	0	54	54	MG	regulatory_annotation_present	False	not_assessed			not_assessed	pilot_only	not_validated	not_validated	regulatory_conflict_requires_resolution	1.108936992406845	76.93333333333334	18	22.5	38	False
ANO2/NTF3	NC_051831.1	39699574	39700074	500	1.173021382212639	1.0	84.70865611316943	0.0	0.0		0.0	119	1.0	0.4262	5.861	0	0	0	0	304	304	MG	regulatory_annotation_present	False	not_assessed			not_assessed	pilot_only	not_validated	not_validated	regulatory_conflict_requires_resolution	1.1730292837619782	84.86666666666667	18	25.0	40	False
ANO2/NTF3	NC_051831.1	39699824	39700324	500	1.2001935813426972	1.0	86.76321993937353	0.0	0.0		0.0	68	1.0	1.4221440000000003	10.137	0	0	0	0	500	346	MG	regulatory_annotation_present	False	not_assessed			not_assessed	pilot_only	not_validated	not_validated	regulatory_conflict_requires_resolution	1.2002016642093658	86.96666666666667	17	29.0	40	False
ANO2/NTF3	NC_051831.1	39700074	39700574	500	1.0133734545707702	1.0	54.73223307510946	0.0	0.0		0.0	215	1.0	1.4003299999999999	10.137	0	0	0	0	296	96	MG	regulatory_annotation_present	False	not_assessed			not_assessed	pilot_only	not_validated	not_validated	regulatory_conflict_requires_resolution	1.0133802760839463	55.400000000000006	14	22.0	32	False
ANO2/NTF3	NC_051831.1	39700324	39700824	500	0.9386845433712006	1.0	33.47928595486696	0.0	0.0		0.0	465	1.0	0.43593400000000004	6.125	0	0	0	0	100	54	CR	regulatory_annotation_present	False	not_assessed			not_assessed	pilot_only	not_validated	not_validated	regulatory_conflict_requires_resolution	0.9386908594369888	34.66666666666667	7	19.0	26	False
ANO2/NTF3	NC_051831.1	39700574	39701074	500	1.000974112868309	1.0	51.060963287302116	0.0	0.1	87.65203094482422	3.0	302	1.0	0.35093799999999997	5.077	0	0	0	0	304	304	CR	regulatory_annotation_present	False	not_assessed			not_assessed	pilot_only	not_validated	not_validated	regulatory_conflict_requires_resolution	1.000980873465538	51.93333333333333	7	21.0	35	False
ANO2/NTF3	NC_051831.1	39700824	39701324	500	1.1025228098630906	1.0	75.5473223307511	0.0	0.1	87.65203094482422	3.0	52	1.0	0.548844	6.686	0	0	0	0	500	500	CR	regulatory_annotation_present	False	not_assessed			not_assessed	pilot_only	not_validated	not_validated	regulatory_conflict_requires_resolution	1.1025302447080612	75.93333333333334	15	24.5	35	False
ANO2/NTF3	NC_051831.1	39701074	39701574	500	1.0714408359527587	1.0	70.09093971034018	0.0	0.0		0.0	0	1.0	0.662892	6.686	0	0	0	0	296	296	CR	regulatory_annotation_present	False	not_assessed			not_assessed	pilot_only	not_validated	not_validated	regulatory_conflict_requires_resolution	1.071448041677475	70.6	14	24.0	29	False
ANO2/NTF3	NC_051831.1	39701324	39701824	500	0.9717177925109863	1.0	41.966992253283934	0.0	0.0		0.0	0	1.0	0.40007399999999993	4.776	0	0	0	0	46	46	CR	regulatory_annotation_present	False	not_assessed			not_assessed	pilot_only	not_validated	not_validated	regulatory_conflict_requires_resolution	0.9717243373394012	43.03333333333333	14	23.5	31	False
ANO2/NTF3	NC_051831.1	39701574	39702074	500	0.92900055205822	1.0	30.38059952846076	0.0	0.0		0.0	192	1.0	0.18303199999999997	3.509	0	0	0	0	0	0		no_promoter_enhancer_in_queried_epic_tissues	False	not_assessed			not_assessed	pilot_only	not_validated	not_validated	insufficient_evidence_for_safe_harbor	0.9290068179368973	31.733333333333334	12	22.0	31	False
ANO2/NTF3	NC_051831.1	39701824	39702324	500	0.9005062710046768	1.0	21.96025597844392	0.0	0.0		0.0	442	1.0	0.14589799999999997	3.509	0	0	0	0	0	0		no_promoter_enhancer_in_queried_epic_tissues	False	not_assessed			not_assessed	pilot_only	not_validated	not_validated	insufficient_evidence_for_safe_harbor	0.9005123512744904	23.5	12	18.0	23	False
ANO2/NTF3	NC_051831.1	39702074	39702574	500	0.9432754542827606	1.0	34.89390367126979	0.0	0.0		0.0	399	1.0	0.09260599999999998	2.491	0	0	0	0	0	0		no_promoter_enhancer_in_queried_epic_tissues	False	not_assessed			not_assessed	pilot_only	not_validated	not_validated	insufficient_evidence_for_safe_harbor	0.9432818138599396	36.13333333333333	14	18.0	32	False
ANO2/NTF3	NC_051831.1	39702324	39702824	500	0.9935038186311722	1.0	48.93903671269788	0.0	0.0		0.0	149	1.0	0.163666	3.817	0	0	0	0	0	0		no_promoter_enhancer_in_queried_epic_tissues	False	not_assessed			not_assessed	pilot_only	not_validated	not_validated	insufficient_evidence_for_safe_harbor	0.9935105093717576	49.9	15	20.5	32	False
ANO2/NTF3	NC_051831.1	39702574	39703074	500	1.0511257065534592	1.0	65.24082182553047	0.0	0.0		0.0	104	1.0	0.28165999999999997	3.961	0	0	0	0	106	0		no_promoter_enhancer_in_queried_epic_tissues	False	not_assessed			not_assessed	pilot_only	not_validated	not_validated	insufficient_evidence_for_safe_harbor	1.0511327863931657	65.83333333333333	15	22.0	31	False
ANO2/NTF3	NC_051831.1	39702824	39703324	500	1.115066210269928	1.0	77.3997979117548	0.0	0.0		0.0	325	1.0	0.227524	3.961	0	0	0	0	356	0		no_promoter_enhancer_in_queried_epic_tissues	False	not_assessed			not_assessed	pilot_only	not_validated	not_validated	insufficient_evidence_for_safe_harbor	1.115073726773262	77.76666666666667	15	26.0	33	False
ANO2/NTF3	NC_051831.1	39703074	39703574	500	1.1472561526298524	1.0	81.71101380936342	0.0	0.0		0.0	221	1.0	0.19199599999999997	3.236	0	0	0	0	500	0		no_promoter_enhancer_in_queried_epic_tissues	False	not_assessed			not_assessed	pilot_only	not_validated	not_validated	insufficient_evidence_for_safe_harbor	1.1472639002799987	81.89999999999999	18	26.5	33	False
ANO2/NTF3	NC_051831.1	39703324	39703824	500	1.1209221538305283	1.0	78.07342539575615	0.0	0.0		0.0	0	1.0	0.260678	4.003	0	0	0	0	500	0		no_promoter_enhancer_in_queried_epic_tissues	False	not_assessed			not_assessed	pilot_only	not_validated	not_validated	insufficient_evidence_for_safe_harbor	1.120929714202881	78.4	18	25.0	32	False
ANO2/NTF3	NC_051831.1	39703574	39704074	500	0.9517599149942398	1.0	36.64533512967329	0.0	0.0		0.0	197	1.0	0.29508000000000006	4.003	0	0	0	0	394	0		no_promoter_enhancer_in_queried_epic_tissues	False	not_assessed			not_assessed	pilot_only	not_validated	not_validated	insufficient_evidence_for_safe_harbor	0.9517663152217865	37.7	10	20.5	27	False
ANO2/NTF3	NC_051831.1	39703824	39704324	500	0.7608014076948166	1.0	2.862916807005726	0.0	0.0		0.0	370	1.0	0.291784	4.217	0	0	0	0	144	0		no_promoter_enhancer_in_queried_epic_tissues	False	not_assessed			not_assessed	pilot_only	not_validated	not_validated	insufficient_evidence_for_safe_harbor	0.7608065271377563	4.933333333333334	6	14.5	27	False
ANO2/NTF3	NC_051831.1	39704074	39704574	500	0.826868435382843	1.0	7.477265072414954	0.0	0.0		0.0	280	0.984	0.20400813008130078	4.217	0	0	0	0	0	0		no_promoter_enhancer_in_queried_epic_tissues	False	not_assessed			not_assessed	pilot_only	not_validated	not_validated	insufficient_evidence_for_safe_harbor	0.8268740134239196	9.433333333333334	6	15.0	26	False
ANO2/NTF3	NC_051831.1	39704324	39704824	500	0.9208343712091446	1.0	27.618726844055235	0.0	0.0		0.0	349	0.984	0.08987195121951219	3.439	0	0	0	0	0	0		no_promoter_enhancer_in_queried_epic_tissues	False	not_assessed			not_assessed	pilot_only	not_validated	not_validated	insufficient_evidence_for_safe_harbor	0.9208405892848969	29.2	11	16.0	26	False
ANO2/NTF3	NC_051831.1	39704574	39705074	500	0.8533950262069702	1.0	11.013809363422029	0.0	0.2	87.59684371948242	54.0	260	1.0	0.042688000000000004	2.405	0	0	0	0	0	0		no_promoter_enhancer_in_queried_epic_tissues	False	not_assessed			not_assessed	pilot_only	not_validated	not_validated	insufficient_evidence_for_safe_harbor	0.8534007824659348	12.966666666666669	11	16.0	20	False
ANO2/NTF3	NC_051831.1	39704824	39705324	500	0.8302470400333405	1.0	7.881441562815763	0.0	0.2	87.59684371948242	54.0	185	1.0	0.059722000000000004	3.254	0	0	0	0	0	0		no_promoter_enhancer_in_queried_epic_tissues	False	not_assessed			not_assessed	pilot_only	not_validated	not_validated	insufficient_evidence_for_safe_harbor	0.8302526353597641	9.8	11	15.5	18	False
ANO2/NTF3	NC_051831.1	39705074	39705574	500	0.8661732848882675	1.0	13.43886830582688	0.0	0.0		0.0	417	1.0	0.420098	5.149	0	0	0	0	198	0		no_promoter_enhancer_in_queried_epic_tissues	False	not_assessed			not_assessed	pilot_only	not_validated	not_validated	insufficient_evidence_for_safe_harbor	0.8661791348457336	15.166666666666668	11	15.0	24	False
ANO2/NTF3	NC_051831.1	39705324	39705824	500	0.9925764359235764	1.0	48.703267093297406	0.0	0.0		0.0	500	1.0	0.93314	5.517	0	0	0	0	400	0		no_promoter_enhancer_in_queried_epic_tissues	False	not_assessed			not_assessed	pilot_only	not_validated	not_validated	insufficient_evidence_for_safe_harbor	0.992583133816719	49.7	11	15.5	26	False
ANO2/NTF3	NC_051831.1	39705574	39706074	500	0.9259074777364731	1.0	29.370158302458737	0.0	0.0		0.0	500	1.0	1.1384459999999998	6.657	0	0	0	0	202	0		no_promoter_enhancer_in_queried_epic_tissues	False	not_assessed			not_assessed	pilot_only	not_validated	not_validated	insufficient_evidence_for_safe_harbor	0.9259137089252472	30.9	7	15.0	28	False
ANO2/NTF3	NC_051831.1	39705824	39706324	500	0.8295273854732513	1.0	7.780397440215562	0.0	0.0		0.0	368	1.0	0.663648	6.657	0	0	0	0	0	0		no_promoter_enhancer_in_queried_epic_tissues	False	not_assessed			not_assessed	pilot_only	not_validated	not_validated	insufficient_evidence_for_safe_harbor	0.8295329716205597	9.733333333333333	7	13.5	28	False
ANO2/NTF3	NC_051831.1	39706074	39706574	500	0.8927663305997848	1.0	19.602559784439205	0.0	0.048	83.1750717163086	3.0	211	1.0	0.08776	3.27	0	0	0	0	0	0		no_promoter_enhancer_in_queried_epic_tissues	False	not_assessed			not_assessed	pilot_only	not_validated	not_validated	insufficient_evidence_for_safe_harbor	0.8927723437547683	21.266666666666666	7	16.0	28	False
ANO2/NTF3	NC_051831.1	39706324	39706824	500	0.9575286878347397	1.0	38.16099696867632	0.0	0.3	74.50305684407552	4.0	179	1.0	0.068852	1.478	0	0	0	0	0	0		no_promoter_enhancer_in_queried_epic_tissues	False	not_assessed			not_assessed	pilot_only	not_validated	not_validated	insufficient_evidence_for_safe_harbor	0.957535149216652	39.2	7	21.0	30	False
ANO2/NTF3	NC_051831.1	39706574	39707074	500	0.9059770312309265	1.0	23.374873694846748	0.0	0.252	72.8512444874597	4.0	282	1.0	0.176466	1.478	0	0	0	0	0	0		no_promoter_enhancer_in_queried_epic_tissues	False	not_assessed			not_assessed	pilot_only	not_validated	not_validated	insufficient_evidence_for_safe_harbor	0.9059831418991089	24.8	11	20.0	30	False
ANO2/NTF3	NC_051831.1	39706824	39707324	500	0.8644382700920105	1.0	13.102054563826204	0.0	0.0		0.0	445	1.0	0.135756	2.738	0	0	0	0	0	0		no_promoter_enhancer_in_queried_epic_tissues	False	not_assessed			not_assessed	pilot_only	not_validated	not_validated	insufficient_evidence_for_safe_harbor	0.8644440866708756	14.866666666666667	11	20.0	27	False
ANO2/NTF3	NC_051831.1	39707074	39707574	500	1.0280406749248505	1.0	58.875042101717746	0.0	0.0		0.0	398	1.0	0.1527	2.79	0	0	0	0	0	0		no_promoter_enhancer_in_queried_epic_tissues	False	not_assessed			not_assessed	pilot_only	not_validated	not_validated	insufficient_evidence_for_safe_harbor	1.0280475863218308	59.599999999999994	14	25.0	34	False
ANO2/NTF3	NC_051831.1	39707324	39707824	500	1.1874458659887315	1.0	85.78646008757157	0.0	0.048	100.0	1.0	270	1.0	0.10812	3.703	0	0	0	0	0	0		no_promoter_enhancer_in_queried_epic_tissues	False	not_assessed			not_assessed	pilot_only	not_validated	not_validated	insufficient_evidence_for_safe_harbor	1.187453850388527	85.96666666666667	19	32.0	46	False
ANO2/NTF3	NC_051831.1	39707574	39708074	500	1.183161005973816	1.0	85.51700909397103	0.0	0.1	100.0	1.0	218	1.0	-0.06587800000000002	3.703	0	0	0	0	0	0		no_promoter_enhancer_in_queried_epic_tissues	False	not_assessed			not_assessed	pilot_only	not_validated	not_validated	insufficient_evidence_for_safe_harbor	1.1831689671278	85.7	16	31.0	46	False
ANO2/NTF3	NC_051831.1	39707824	39708324	500	1.1229240649938583	1.0	78.44392051195689	0.0	0.052	100.0	1.0	97	1.0	-0.128726	3.656	0	0	0	0	0	0		no_promoter_enhancer_in_queried_epic_tissues	False	not_assessed			not_assessed	pilot_only	not_validated	not_validated	insufficient_evidence_for_safe_harbor	1.1229316185712814	78.73333333333333	16	27.0	37	False
ANO2/NTF3	NC_051831.1	39708074	39708574	500	1.2459346252679824	1.0	90.09767598518019	1.0	0.0		0.0	0	1.0	-0.025699999999999997	4.045	0	0	0	0	0	0		no_promoter_enhancer_in_queried_epic_tissues	False	not_assessed			not_assessed	pilot_only	not_validated	not_validated	insufficient_evidence_for_safe_harbor	1.2459430060386658	90.26666666666667	21	33.0	43	False
ANO2/NTF3	NC_051831.1	39708324	39708824	500	1.3381708886623382	1.0	94.54361737958908	1.0	0.2	25.15630340576172	2.0	0	1.0	0.06054600000000001	4.045	0	0	0	0	0	0		no_promoter_enhancer_in_queried_epic_tissues	False	not_assessed			not_assessed	pilot_only	not_validated	not_validated	insufficient_evidence_for_safe_harbor	1.3381799025535583	94.63333333333334	23	36.0	43	False
ANO2/NTF3	NC_051831.1	39708574	39709074	500	1.2682548773288727	1.0	91.44493095318289	1.0	0.3	48.72968037923177	12.0	0	1.0	0.39494399999999996	7.874	0	0	0	0	0	0		no_promoter_enhancer_in_queried_epic_tissues	False	not_assessed			not_assessed	pilot_only	not_validated	not_validated	insufficient_evidence_for_safe_harbor	1.2682634251117706	91.56666666666666	27	35.0	41	False
ANO2/NTF3	NC_051831.1	39708824	39709324	500	1.1855556640625	1.0	85.68541596497137	0.0	0.3	98.62547810872395	12.0	81	1.0	0.41250000000000003	7.874	0	0	0	0	0	0		no_promoter_enhancer_in_queried_epic_tissues	False	not_assessed			not_assessed	pilot_only	not_validated	not_validated	insufficient_evidence_for_safe_harbor	1.1855636413097381	85.86666666666667	27	32.0	41	False
ANO2/NTF3	NC_051831.1	39709074	39709574	500	1.137369513273239	1.0	80.09430784776019	0.0	0.2	100.0	2.0	127	1.0	-0.0005519999999999996	4.363	0	0	0	0	0	0		no_promoter_enhancer_in_queried_epic_tissues	False	not_assessed			not_assessed	pilot_only	not_validated	not_validated	insufficient_evidence_for_safe_harbor	1.137377166390419	80.36666666666666	19	31.0	39	False
ANO2/NTF3	NC_051831.1	39709324	39709824	500	1.1835600825548171	1.0	85.51700909397103	0.0	0.1	50.0	1.0	46	1.0	0.24221800000000002	5.924	0	0	0	0	0	0		no_promoter_enhancer_in_queried_epic_tissues	False	not_assessed			not_assessed	pilot_only	not_validated	not_validated	insufficient_evidence_for_safe_harbor	1.183568059206009	85.7	19	31.0	39	False
ANO2/NTF3	NC_051831.1	39709574	39710074	500	1.2043299490213395	1.0	87.2010778039744	0.0	0.2	68.32054138183594	28.0	81	0.998	0.24700801603206418	5.924	0	0	0	0	0	0		no_promoter_enhancer_in_queried_epic_tissues	False	not_assessed			not_assessed	pilot_only	not_validated	not_validated	insufficient_evidence_for_safe_harbor	1.204338047862053	87.4	21	31.0	39	False
ANO2/NTF3	NC_051831.1	39709824	39710324	500	1.1998488092422486	1.0	86.76321993937353	0.0	0.3	85.31656392415364	33.0	331	0.998	-0.10514829659318639	3.641	0	0	0	0	0	0		no_promoter_enhancer_in_queried_epic_tissues	False	not_assessed			not_assessed	pilot_only	not_validated	not_validated	insufficient_evidence_for_safe_harbor	1.1998568644523622	86.96666666666667	21	27.0	39	False
ANO2/NTF3	NC_051831.1	39710074	39710574	500	1.1926564159393311	1.0	86.32536207477266	0.0	0.348	74.66647202941193	42.0	474	1.0	-0.09146199999999997	3.513	0	0	0	0	0	0		no_promoter_enhancer_in_queried_epic_tissues	False	not_assessed			not_assessed	pilot_only	not_validated	not_validated	insufficient_evidence_for_safe_harbor	1.1926644514799118	86.53333333333333	21	26.5	35	False
ANO2/NTF3	NC_051831.1	39710324	39710824	500	1.2350864067077636	1.0	89.42404850117885	0.0	0.448	74.86314238820758	68.0	234	0.996	0.17065261044176708	7.36	0	0	0	0	0	0		no_promoter_enhancer_in_queried_epic_tissues	False	not_assessed			not_assessed	pilot_only	not_validated	not_validated	insufficient_evidence_for_safe_harbor	1.2350947232246399	89.60000000000001	24	28.0	35	False
ANO2/NTF3	NC_051831.1	39710574	39711074	500	1.2022565523386002	1.0	86.998989558774	0.0	0.452	70.23066174667494	68.0	46	0.996	0.6180100401606425	10.827	0	0	0	0	106	0		no_promoter_enhancer_in_queried_epic_tissues	False	not_assessed			not_assessed	pilot_only	not_validated	not_validated	insufficient_evidence_for_safe_harbor	1.2022646398544312	87.23333333333333	7	26.0	35	False
ANO2/NTF3	NC_051831.1	39710824	39711324	500	1.135866446852684	1.0	79.92590097675986	0.0	0.152	47.75422819037186	45.0	36	1.0	0.8332559999999999	10.827	0	0	0	0	356	0		no_promoter_enhancer_in_queried_epic_tissues	False	not_assessed			not_assessed	pilot_only	not_validated	not_validated	insufficient_evidence_for_safe_harbor	1.1358741015195846	80.23333333333333	7	27.0	30	False
ANO2/NTF3	NC_051831.1	39711074	39711574	500	1.1790512746572495	1.0	85.04546985517008	0.0	0.1	100.0	1.0	210	1.0	0.38136400000000004	9.005	0	0	0	0	500	0		no_promoter_enhancer_in_queried_epic_tissues	False	not_assessed			not_assessed	pilot_only	not_validated	not_validated	insufficient_evidence_for_safe_harbor	1.179059231519699	85.3	22	28.5	32	False
ANO2/NTF3	NC_051831.1	39711324	39711824	500	1.1763066755533218	1.0	84.84338160996968	0.0	0.148	97.89569009316934	32.0	256	1.0	0.34305599999999997	8.074	0	0	0	0	500	0		no_promoter_enhancer_in_queried_epic_tissues	False	not_assessed			not_assessed	pilot_only	not_validated	not_validated	insufficient_evidence_for_safe_harbor	1.176314612865448	85.03333333333333	20	28.0	32	False
ANO2/NTF3	NC_051831.1	39711574	39712074	500	1.202694918870926	1.0	86.998989558774	0.0	0.3	94.0643310546875	55.0	46	1.0	0.40122399999999997	8.074	0	0	0	0	500	0		no_promoter_enhancer_in_queried_epic_tissues	False	not_assessed			not_assessed	pilot_only	not_validated	not_validated	insufficient_evidence_for_safe_harbor	1.2027030255794524	87.23333333333333	19	26.0	30	False
ANO2/NTF3	NC_051831.1	39711824	39712324	500	1.2403907772302627	1.0	89.69349949477939	0.0	0.252	94.16959199451264	55.0	149	1.0	0.05187800000000001	4.164	0	0	0	0	500	0		no_promoter_enhancer_in_queried_epic_tissues	False	not_assessed			not_assessed	pilot_only	not_validated	not_validated	insufficient_evidence_for_safe_harbor	1.2403991422653198	89.86666666666666	19	25.5	32	False
ANO2/NTF3	NC_051831.1	39712074	39712574	500	1.2356260784864426	1.0	89.45772987537892	0.0	0.0		0.0	149	1.0	0.02317599999999999	5.371	0	0	0	0	500	0		no_promoter_enhancer_in_queried_epic_tissues	False	not_assessed			not_assessed	pilot_only	not_validated	not_validated	insufficient_evidence_for_safe_harbor	1.2356344163417816	89.66666666666666	21	29.0	35	False
ANO2/NTF3	NC_051831.1	39712324	39712824	500	1.1307706947326661	1.0	79.58908723475918	0.0	0.0		0.0	75	0.998	0.060228456913827645	5.371	0	0	0	0	499	0		no_promoter_enhancer_in_queried_epic_tissues	False	not_assessed			not_assessed	pilot_only	not_validated	not_validated	insufficient_evidence_for_safe_harbor	1.130778328061104	79.83333333333333	13	26.5	35	False
ANO2/NTF3	NC_051831.1	39712574	39713074	500	0.9745737180709839	1.0	42.741663859885485	0.0	0.0		0.0	162	0.984	0.07472967479674796	4.766	0	0	0	0	387	0		no_promoter_enhancer_in_queried_epic_tissues	False	not_assessed			not_assessed	pilot_only	not_validated	not_validated	insufficient_evidence_for_safe_harbor	0.9745802997350693	43.766666666666666	8	22.0	29	False
ANO2/NTF3	NC_051831.1	39712824	39713324	500	1.0689658201932908	1.0	69.48467497473897	0.0	0.0		0.0	118	0.986	0.05986206896551724	3.213	0	0	0	0	138	0		no_promoter_enhancer_in_queried_epic_tissues	False	not_assessed			not_assessed	pilot_only	not_validated	not_validated	insufficient_evidence_for_safe_harbor	1.0689730472564698	69.93333333333334	8	24.0	39	False
ANO2/NTF3	NC_051831.1	39713074	39713574	500	1.2726658843755723	1.0	91.64701919838329	0.0	0.0		0.0	132	1.0	0.070242	3.474	0	0	0	0	0	0		no_promoter_enhancer_in_queried_epic_tissues	False	not_assessed			not_assessed	pilot_only	not_validated	not_validated	insufficient_evidence_for_safe_harbor	1.2726744828224181	91.76666666666667	23	31.0	39	False
ANO2/NTF3	NC_051831.1	39713324	39713824	500	1.355455589056015	1.0	95.21724486359044	0.0	0.148	88.42747002678948	18.0	177	0.996	0.0663574297188755	4.609	0	0	0	0	0	0		no_promoter_enhancer_in_queried_epic_tissues	False	not_assessed			not_assessed	pilot_only	not_validated	not_validated	insufficient_evidence_for_safe_harbor	1.3554647285938264	95.3	26	31.0	37	False
ANO2/NTF3	NC_051831.1	39713574	39714074	500	1.273352460384369	1.0	91.68070057258336	0.0	0.2	88.27061080932617	18.0	76	0.996	0.4701566265060242	5.545	0	0	0	0	0	0		no_promoter_enhancer_in_queried_epic_tissues	False	not_assessed			not_assessed	pilot_only	not_validated	not_validated	insufficient_evidence_for_safe_harbor	1.2733610402345656	91.8	23	30.0	36	False
ANO2/NTF3	NC_051831.1	39713824	39714324	500	1.0724090503454209	1.0	70.32670932974065	0.0	0.152	81.35074454859684	18.0	0	1.0	0.669454	5.545	0	0	0	0	0	0		no_promoter_enhancer_in_queried_epic_tissues	False	not_assessed			not_assessed	pilot_only	not_validated	not_validated	insufficient_evidence_for_safe_harbor	1.0724162749052049	70.8	20	27.0	35	False
ANO2/NTF3	NC_051831.1	39714074	39714574	500	0.9409084640741349	1.0	34.1529134388683	0.0	0.2	88.99228286743164	7.0	74	1.0	1.093006	8.428	0	0	0	0	203	0		no_promoter_enhancer_in_queried_epic_tissues	False	not_assessed			not_assessed	pilot_only	not_validated	not_validated	insufficient_evidence_for_safe_harbor	0.9409148062467575	35.3	16	22.0	32	False
ANO2/NTF3	NC_051831.1	39714324	39714824	500	1.0315307103395461	1.0	59.81812057931963	0.0	0.3	100.0	2.0	106	1.0	0.9671519999999999	8.428	0	0	0	0	453	0		no_promoter_enhancer_in_queried_epic_tissues	False	not_assessed			not_assessed	pilot_only	not_validated	not_validated	insufficient_evidence_for_safe_harbor	1.0315376638174056	60.53333333333333	16	25.0	34	False
ANO2/NTF3	NC_051831.1	39714574	39715074	500	1.0834876021146775	1.0	72.51599865274503	0.0	0.348	71.26436781609195	2.0	47	1.0	0.11055999999999999	4.709	0	0	0	0	397	0		no_promoter_enhancer_in_queried_epic_tissues	False	not_assessed			not_assessed	pilot_only	not_validated	not_validated	insufficient_evidence_for_safe_harbor	1.0834949020147324	72.89999999999999	13	24.0	34	False
ANO2/NTF3	NC_051831.1	39714824	39715324	500	1.1057051860094071	1.0	76.08622431795217	0.0	0.3	58.52088928222656	4.0	184	1.0	0.030366000000000008	3.622	0	0	0	0	147	0		no_promoter_enhancer_in_queried_epic_tissues	False	not_assessed			not_assessed	pilot_only	not_validated	not_validated	insufficient_evidence_for_safe_harbor	1.1057126429080963	76.46666666666667	13	23.0	45	False
ANO2/NTF3	NC_051831.1	39715074	39715574	500	1.0193454761505127	1.0	56.483664533512965	0.0	0.152	83.92280779386822	4.0	231	1.0	-0.018871999999999993	3.185	0	0	0	0	0	0		no_promoter_enhancer_in_queried_epic_tissues	False	not_assessed			not_assessed	pilot_only	not_validated	not_validated	insufficient_evidence_for_safe_harbor	1.0193523615598679	57.13333333333333	6	22.0	45	False
ANO2/NTF3	NC_051831.1	39715324	39715824	500	0.78984268283844	1.0	4.34489727180869	0.0	0.048	0.0	1.0	118	1.0	0.12351399999999998	4.817	0	0	0	0	0	0		no_promoter_enhancer_in_queried_epic_tissues	False	not_assessed			not_assessed	pilot_only	not_validated	not_validated	insufficient_evidence_for_safe_harbor	0.7898480207920074	6.466666666666667	6	12.0	34	False
ANO2/NTF3	NC_051831.1	39715574	39716074	500	0.8174792960882187	1.0	6.534186594813068	0.0	0.3	55.47769419352213	5.0	84	1.0	0.21516799999999997	4.817	0	0	0	0	0	0		no_promoter_enhancer_in_queried_epic_tissues	False	not_assessed			not_assessed	pilot_only	not_validated	not_validated	insufficient_evidence_for_safe_harbor	0.8174848129749298	8.566666666666666	8	15.0	23	False
ANO2/NTF3	NC_051831.1	39715824	39716324	500	0.8362376794815064	1.0	8.622431795217246	0.0	0.252	66.0448740399073	5.0	71	1.0	0.07830200000000001	3.037	0	0	0	0	0	0		no_promoter_enhancer_in_queried_epic_tissues	False	not_assessed			not_assessed	pilot_only	not_validated	not_validated	insufficient_evidence_for_safe_harbor	0.8362433290481568	10.6	6	16.0	26	False
ANO2/NTF3	NC_051831.1	39716074	39716574	500	0.8731867405176162	1.0	15.05557426743011	0.0	0.0		0.0	43	1.0	0.126696	3.037	0	0	0	0	0	0		no_promoter_enhancer_in_queried_epic_tissues	False	not_assessed			not_assessed	pilot_only	not_validated	not_validated	insufficient_evidence_for_safe_harbor	0.8731926436424255	16.866666666666667	6	15.0	26	False
ANO2/NTF3	NC_051831.1	39716324	39716824	500	0.9696455900669098	1.0	41.428090266082854	0.0	0.0		0.0	0	1.0	0.18259199999999998	3.865	0	0	0	0	0	0		no_promoter_enhancer_in_queried_epic_tissues	False	not_assessed			not_assessed	pilot_only	not_validated	not_validated	insufficient_evidence_for_safe_harbor	0.9696521346569061	42.46666666666667	9	16.0	27	False
ANO2/NTF3	NC_051831.1	39716574	39717074	500	0.9837065873146057	1.0	45.874031660491745	0.0	0.0		0.0	65	1.0	0.147156	4.063	0	0	0	0	0	0		no_promoter_enhancer_in_queried_epic_tissues	False	not_assessed			not_assessed	pilot_only	not_validated	not_validated	insufficient_evidence_for_safe_harbor	0.9837132062911987	46.93333333333333	9	17.5	27	False
ANO2/NTF3	NC_051831.1	39716824	39717324	500	0.9073839318752289	1.0	23.84641293364769	0.0	0.0		0.0	142	0.998	0.16699198396793588	4.063	0	0	0	0	0	0		no_promoter_enhancer_in_queried_epic_tissues	False	not_assessed			not_assessed	pilot_only	not_validated	not_validated	insufficient_evidence_for_safe_harbor	0.907390035033226	25.366666666666664	9	19.5	30	False
ANO2/NTF3	NC_051831.1	39717074	39717574	500	0.8938263267278671	1.0	19.905692152239812	0.0	0.0		0.0	282	0.998	0.0710140280561122	3.202	0	0	0	0	0	0		no_promoter_enhancer_in_queried_epic_tissues	False	not_assessed			not_assessed	pilot_only	not_validated	not_validated	insufficient_evidence_for_safe_harbor	0.8938323556184768	21.53333333333333	10	20.0	30	False
ANO2/NTF3	NC_051831.1	39717324	39717824	500	1.0008630218505858	1.0	50.99360053890199	0.0	0.1	93.32223510742188	5.0	316	1.0	0.038707999999999985	3.829	0	0	0	0	56	56	MG	regulatory_annotation_present	False	not_assessed			not_assessed	pilot_only	not_validated	not_validated	regulatory_conflict_requires_resolution	1.0008697603940964	51.866666666666674	13	22.5	31	False
ANO2/NTF3	NC_051831.1	39717574	39718074	500	1.0500086973905562	1.0	64.73560121252947	0.0	0.1	93.32223510742188	5.0	111	1.0	0.712426	7.255	0	0	0	0	306	306	MG	regulatory_annotation_present	False	not_assessed			not_assessed	pilot_only	not_validated	not_validated	regulatory_conflict_requires_resolution	1.0500157588720322	65.33333333333333	13	24.0	31	False
ANO2/NTF3	NC_051831.1	39717824	39718324	500	1.1094780943393707	1.0	76.65880767935332	0.0	0.0		0.0	0	1.0	0.941726	7.255	0	0	0	0	500	500	MG	regulatory_annotation_present	False	not_assessed			not_assessed	pilot_only	not_validated	not_validated	regulatory_conflict_requires_resolution	1.109485587477684	77.0	13	24.0	33	False
ANO2/NTF3	NC_051831.1	39718074	39718574	500	1.1379272297620773	1.0	80.22903334456046	0.0	0.0		0.0	62	1.0	0.39837	6.163	0	0	0	0	491	291	MG	regulatory_annotation_present	False	not_assessed			not_assessed	pilot_only	not_validated	not_validated	regulatory_conflict_requires_resolution	1.1379349176883697	80.5	18	23.0	33	False
ANO2/NTF3	NC_051831.1	39718324	39718824	500	0.9865991051197052	1.0	47.08656113169417	0.0	0.0		0.0	104	1.0	0.212438	4.737	0	0	0	0	300	41	MG	regulatory_annotation_present	False	not_assessed			not_assessed	pilot_only	not_validated	not_validated	regulatory_conflict_requires_resolution	0.9866057488918304	48.06666666666667	8	21.0	27	False
ANO2/NTF3	NC_051831.1	39718574	39719074	500	0.9979929667711258	1.0	50.185247558100365	0.0	0.0		0.0	152	1.0	0.11762999999999998	4.737	0	0	0	0	309	0		no_promoter_enhancer_in_queried_epic_tissues	False	not_assessed			not_assessed	pilot_only	not_validated	not_validated	insufficient_evidence_for_safe_harbor	0.9979996733665466	51.06666666666667	8	22.5	33	False
ANO2/NTF3	NC_051831.1	39718824	39719324	500	1.1309103877544404	1.0	79.58908723475918	0.0	0.0		0.0	360	1.0	0.140528	4.756	0	0	0	0	500	0		no_promoter_enhancer_in_queried_epic_tissues	False	not_assessed			not_assessed	pilot_only	not_validated	not_validated	insufficient_evidence_for_safe_harbor	1.1309179891347885	79.83333333333333	20	28.0	33	False
ANO2/NTF3	NC_051831.1	39719074	39719574	500	1.136573464512825	1.0	80.02694509936006	0.0	0.0		0.0	500	1.0	0.26777	4.756	0	0	0	0	291	0		no_promoter_enhancer_in_queried_epic_tissues	False	not_assessed			not_assessed	pilot_only	not_validated	not_validated	insufficient_evidence_for_safe_harbor	1.136581122994423	80.30000000000001	20	24.5	33	False
ANO2/NTF3	NC_051831.1	39719324	39719824	500	1.0796845083236695	1.0	71.84237116874368	0.0	0.0		0.0	338	1.0	0.116642	3.533	0	0	0	0	41	0		no_promoter_enhancer_in_queried_epic_tissues	False	not_assessed			not_assessed	pilot_only	not_validated	not_validated	insufficient_evidence_for_safe_harbor	1.0796917840242386	72.26666666666667	10	24.0	30	False
ANO2/NTF3	NC_051831.1	39719574	39720074	500	0.9641339418888092	1.0	40.047153923880096	1.0	0.0		0.0	130	1.0	0.040982000000000005	3.533	0	0	0	0	0	0		no_promoter_enhancer_in_queried_epic_tissues	False	not_assessed			not_assessed	pilot_only	not_validated	not_validated	insufficient_evidence_for_safe_harbor	0.9641404404640198	41.099999999999994	7	21.0	30	False
ANO2/NTF3	NC_051831.1	39719824	39720324	500	0.9788117636442184	1.0	44.35836982148872	1.0	0.0		0.0	166	1.0	0.11267000000000002	3.121	0	0	0	0	0	0		no_promoter_enhancer_in_queried_epic_tissues	False	not_assessed			not_assessed	pilot_only	not_validated	not_validated	insufficient_evidence_for_safe_harbor	0.9788183631896973	45.33333333333333	7	21.5	34	False
ANO2/NTF3	NC_051831.1	39720074	39720574	500	1.1069595333337783	1.0	76.28831256315257	1.0	0.0		0.0	152	1.0	0.12552000000000002	4.298	0	0	0	0	0	0		no_promoter_enhancer_in_queried_epic_tissues	False	not_assessed			not_assessed	pilot_only	not_validated	not_validated	insufficient_evidence_for_safe_harbor	1.1069669795036317	76.63333333333333	12	26.5	37	False
ANO2/NTF3	NC_051831.1	39720324	39720824	500	1.016520906329155	1.0	55.607948804311214	0.0	0.0		0.0	28	1.0	0.09834599999999999	4.298	0	0	0	0	0	0		no_promoter_enhancer_in_queried_epic_tissues	False	not_assessed			not_assessed	pilot_only	not_validated	not_validated	insufficient_evidence_for_safe_harbor	1.0165277493000031	56.333333333333336	14	24.0	37	False
ANO2/NTF3	NC_051831.1	39720574	39721074	500	1.011047562122345	1.0	54.159649713708326	0.0	0.0		0.0	45	1.0	0.061936000000000005	4.221	0	0	0	0	0	0		no_promoter_enhancer_in_queried_epic_tissues	False	not_assessed			not_assessed	pilot_only	not_validated	not_validated	insufficient_evidence_for_safe_harbor	1.0110543684959412	54.833333333333336	10	20.5	32	False
ANO2/NTF3	NC_051831.1	39720824	39721324	500	1.1366451745033264	1.0	80.02694509936006	0.0	0.0		0.0	295	1.0	0.145892	4.221	0	0	0	0	0	0		no_promoter_enhancer_in_queried_epic_tissues	False	not_assessed			not_assessed	pilot_only	not_validated	not_validated	insufficient_evidence_for_safe_harbor	1.136652813911438	80.30000000000001	10	21.0	32	False
ANO2/NTF3	NC_051831.1	39721074	39721574	500	1.107935866355896	1.0	76.38935668575277	0.0	0.0		0.0	294	1.0	0.14668599999999998	3.015	0	0	0	0	0	0		no_promoter_enhancer_in_queried_epic_tissues	False	not_assessed			not_assessed	pilot_only	not_validated	not_validated	insufficient_evidence_for_safe_harbor	1.1079433225393296	76.73333333333333	16	22.5	29	False
ANO2/NTF3	NC_051831.1	39721324	39721824	500	1.0469609586000443	1.0	64.02829235432806	0.0	0.0		0.0	153	1.0	0.21412199999999998	3.828	0	0	0	0	0	0		no_promoter_enhancer_in_queried_epic_tissues	False	not_assessed			not_assessed	pilot_only	not_validated	not_validated	insufficient_evidence_for_safe_harbor	1.0469680149555207	64.66666666666666	13	24.0	32	False
ANO2/NTF3	NC_051831.1	39721574	39722074	500	0.973714986205101	1.0	42.43853149208488	0.0	0.1	0.0	2.0	109	1.0	0.289868	4.117	0	0	0	0	0	0		no_promoter_enhancer_in_queried_epic_tissues	False	not_assessed			not_assessed	pilot_only	not_validated	not_validated	insufficient_evidence_for_safe_harbor	0.973721535205841	43.46666666666666	11	24.0	32	False
ANO2/NTF3	NC_051831.1	39721824	39722324	500	0.9970355769395828	1.0	49.9494779386999	0.0	0.248	50.42914335189327	69.0	0	1.0	0.12068799999999999	4.117	0	0	0	0	159	159	MG	regulatory_annotation_present	False	not_assessed			not_assessed	pilot_only	not_validated	not_validated	regulatory_conflict_requires_resolution	0.9970422728061676	50.866666666666674	11	23.5	30	False
ANO2/NTF3	NC_051831.1	39722074	39722574	500	1.1745049409866333	1.0	84.77601886156955	0.0	0.548	71.53411932061188	69.0	206	1.0	-0.008486	6.307	0	0	0	0	409	409	LU;MG	regulatory_annotation_present	False	not_assessed			not_assessed	pilot_only	not_validated	not_validated	regulatory_conflict_requires_resolution	1.1745128421783446	84.96666666666667	11	25.0	39	False
ANO2/NTF3	NC_051831.1	39722324	39722824	500	1.2329883974790574	1.0	89.39036712697877	0.0	0.7	58.841321345738	69.0	237	1.0	0.20750000000000002	6.439	0	0	0	0	500	500	LU;MG	regulatory_annotation_present	False	not_assessed			not_assessed	pilot_only	not_validated	not_validated	regulatory_conflict_requires_resolution	1.2329967083930968	89.56666666666668	16	27.0	39	False
ANO2/NTF3	NC_051831.1	39722574	39723074	500	1.1604153362512588	1.0	83.3950825193668	0.0	0.352	46.102239695462316	59.0	31	1.0	2.245734	10.952	0	0	0	0	500	500	LU	regulatory_annotation_present	False	not_assessed			not_assessed	pilot_only	not_validated	not_validated	regulatory_conflict_requires_resolution	1.1604231643676757	83.53333333333333	16	27.0	39	False
ANO2/NTF3	NC_051831.1	39722824	39723324	500	1.1964911733865737	1.0	86.56113169417313	0.0	0.152	63.14791418376722	4.0	13	1.0	2.7940600000000004	10.952	0	0	0	0	500	500	LU	regulatory_annotation_present	False	not_assessed			not_assessed	pilot_only	not_validated	not_validated	regulatory_conflict_requires_resolution	1.1964992254972457	86.76666666666667	19	27.0	35	False
ANO2/NTF3	NC_051831.1	39723074	39723574	500	1.1932911977767944	1.0	86.39272482317278	0.0	0.1	78.65149688720703	4.0	98	1.0	1.10208	10.882	0	0	0	0	500	291	LU	regulatory_annotation_present	False	not_assessed			not_assessed	pilot_only	not_validated	not_validated	regulatory_conflict_requires_resolution	1.1932992106676101	86.6	14	26.5	35	False
ANO2/NTF3	NC_051831.1	39723324	39723824	500	1.1936543890237807	1.0	86.39272482317278	0.0	0.2	17.234466552734375	3.0	240	1.0	0.51913	7.249	0	0	0	0	500	41	LU	regulatory_annotation_present	False	not_assessed			not_assessed	pilot_only	not_validated	not_validated	regulatory_conflict_requires_resolution	1.1936624183654785	86.6	14	28.0	36	False
ANO2/NTF3	NC_051831.1	39723574	39724074	500	1.2676619911193847	1.0	91.41124957898282	0.0	0.4	55.556020736694336	4.0	246	1.0	0.25663800000000003	5.403	0	0	0	0	391	0		no_promoter_enhancer_in_queried_epic_tissues	False	not_assessed			not_assessed	pilot_only	not_validated	not_validated	insufficient_evidence_for_safe_harbor	1.2676705371141435	91.53333333333333	26	32.0	46	False
ANO2/NTF3	NC_051831.1	39723824	39724324	500	1.1513816041946412	1.0	82.38464129336477	0.0	0.2	93.8775749206543	4.0	132	0.98	0.03925714285714286	4.793	0	0	0	0	141	0		no_promoter_enhancer_in_queried_epic_tissues	False	not_assessed			not_assessed	pilot_only	not_validated	not_validated	insufficient_evidence_for_safe_harbor	1.1513893655538558	82.6	3	26.0	46	False
ANO2/NTF3	NC_051831.1	39724074	39724574	500	1.0185804686546325	1.0	56.3489390367127	0.0	0.0		0.0	229	0.98	0.07074081632653062	5.077	0	0	0	0	0	0		no_promoter_enhancer_in_queried_epic_tissues	False	not_assessed			not_assessed	pilot_only	not_validated	not_validated	insufficient_evidence_for_safe_harbor	1.018587326169014	57.03333333333334	3	23.5	37	False
ANO2/NTF3	NC_051831.1	39724324	39724824	500	1.1081902537345887	1.0	76.45671943415292	1.0	0.0		0.0	218	1.0	0.182092	5.077	0	0	0	0	0	0		no_promoter_enhancer_in_queried_epic_tissues	False	not_assessed			not_assessed	pilot_only	not_validated	not_validated	insufficient_evidence_for_safe_harbor	1.1081977236270903	76.8	20	29.0	38	False
ANO2/NTF3	NC_051831.1	39724574	39725074	500	1.1876794066429137	1.0	85.78646008757157	1.0	0.1	100.0	1.0	102	1.0	0.0046000000000000225	4.365	0	0	0	0	0	0		no_promoter_enhancer_in_queried_epic_tissues	False	not_assessed			not_assessed	pilot_only	not_validated	not_validated	insufficient_evidence_for_safe_harbor	1.1876874198913574	85.96666666666667	23	31.0	38	False
ANO2/NTF3	NC_051831.1	39724824	39725324	500	1.2696019740104676	1.0	91.51229370158302	1.0	0.2	100.0	1.0	72	1.0	-0.06636599999999998	4.953	0	0	0	0	0	0		no_promoter_enhancer_in_queried_epic_tissues	False	not_assessed			not_assessed	pilot_only	not_validated	not_validated	insufficient_evidence_for_safe_harbor	1.269610550403595	91.63333333333334	15	27.0	38	False
ANO2/NTF3	NC_051831.1	39725074	39725574	500	1.2574787459373473	1.0	90.7039407207814	0.0	0.2	100.0	1.0	0	1.0	0.05135200000000001	5.469	0	0	0	0	0	0		no_promoter_enhancer_in_queried_epic_tissues	False	not_assessed			not_assessed	pilot_only	not_validated	not_validated	insufficient_evidence_for_safe_harbor	1.2574872267246247	90.83333333333333	15	26.5	35	False
ANO2/NTF3	NC_051831.1	39725324	39725824	500	1.0327164169549943	1.0	60.25597844392051	0.0	0.148	100.0	1.0	219	1.0	0.040254000000000005	5.469	0	0	0	0	0	0		no_promoter_enhancer_in_queried_epic_tissues	False	not_assessed			not_assessed	pilot_only	not_validated	not_validated	insufficient_evidence_for_safe_harbor	1.0327233597040177	60.93333333333333	10	25.0	35	False
ANO2/NTF3	NC_051831.1	39725574	39726074	500	0.9157544277906418	1.0	26.237790501852476	0.0	0.3	100.0	1.0	469	1.0	0.24977	7.335	0	0	0	0	0	0		no_promoter_enhancer_in_queried_epic_tissues	False	not_assessed			not_assessed	pilot_only	not_validated	not_validated	insufficient_evidence_for_safe_harbor	0.9157605925798417	27.73333333333333	10	20.0	31	False
ANO2/NTF3	NC_051831.1	39725824	39726324	500	0.9656384946107864	1.0	40.38396766588077	0.0	0.252	100.0	1.0	500	1.0	0.44345799999999996	7.335	0	0	0	0	149	0		no_promoter_enhancer_in_queried_epic_tissues	False	not_assessed			not_assessed	pilot_only	not_validated	not_validated	insufficient_evidence_for_safe_harbor	0.9656449959278107	41.43333333333333	6	18.0	22	False
ANO2/NTF3	NC_051831.1	39726074	39726574	500	0.937614469408989	1.0	33.14247221286629	0.0	0.048	100.0	1.0	485	1.0	0.215048	4.46	0	0	0	0	399	0		no_promoter_enhancer_in_queried_epic_tissues	False	not_assessed			not_assessed	pilot_only	not_validated	not_validated	insufficient_evidence_for_safe_harbor	0.9376207818984985	34.333333333333336	6	17.0	22	False
ANO2/NTF3	NC_051831.1	39726324	39726824	500	0.99974762570858	1.0	50.65678679690131	0.0	0.3	83.93398539225261	19.0	485	1.0	0.020214000000000006	3.448	0	0	0	0	500	0		no_promoter_enhancer_in_queried_epic_tissues	False	not_assessed			not_assessed	pilot_only	not_validated	not_validated	insufficient_evidence_for_safe_harbor	0.9997543590068817	51.56666666666667	11	21.0	34	False
ANO2/NTF3	NC_051831.1	39726574	39727074	500	1.1272387052774429	1.0	79.08386662175818	0.0	0.252	80.87379213363405	19.0	320	1.0	0.033888	2.888	0	0	0	0	500	0		no_promoter_enhancer_in_queried_epic_tissues	False	not_assessed			not_assessed	pilot_only	not_validated	not_validated	insufficient_evidence_for_safe_harbor	1.1272462924718858	79.33333333333333	16	23.0	34	False
ANO2/NTF3	NC_051831.1	39726824	39727324	500	1.1421242932081221	1.0	81.003704951162	0.0	0.1	70.27339172363281	13.0	245	1.0	0.021706	3.915	0	0	0	0	500	0		no_promoter_enhancer_in_queried_epic_tissues	False	not_assessed			not_assessed	pilot_only	not_validated	not_validated	insufficient_evidence_for_safe_harbor	1.1421319833993913	81.23333333333333	16	25.5	31	False
ANO2/NTF3	NC_051831.1	39727074	39727574	500	1.1460279018878936	1.0	81.54260693836308	0.0	0.348	80.68050787914758	68.0	206	1.0	-0.004288000000000004	4.331	0	0	0	0	500	0		no_promoter_enhancer_in_queried_epic_tissues	False	not_assessed			not_assessed	pilot_only	not_validated	not_validated	insufficient_evidence_for_safe_harbor	1.146035630941391	81.73333333333333	16	26.0	32	False
ANO2/NTF3	NC_051831.1	39727324	39727824	500	1.1678682742118836	1.0	84.30447962276861	0.0	0.4	74.32964324951172	68.0	31	1.0	-0.009972000000000002	4.331	0	0	0	0	500	0		no_promoter_enhancer_in_queried_epic_tissues	False	not_assessed			not_assessed	pilot_only	not_validated	not_validated	insufficient_evidence_for_safe_harbor	1.1678761335611343	84.5	22	26.0	35	False
ANO2/NTF3	NC_051831.1	39727574	39728074	500	1.1861501493453979	1.0	85.71909733917144	0.0	0.152	57.12091927779348	62.0	0	1.0	-0.010078	3.641	0	0	0	0	500	99	LU	regulatory_annotation_present	False	not_assessed			not_assessed	pilot_only	not_validated	not_validated	regulatory_conflict_requires_resolution	1.1861581219434738	85.9	17	31.0	35	False
ANO2/NTF3	NC_051831.1	39727824	39728324	500	1.232928977370262	1.0	89.39036712697877	0.0	0.0		0.0	0	1.0	0.087374	3.912	0	0	0	0	500	349	LU	regulatory_annotation_present	False	not_assessed			not_assessed	pilot_only	not_validated	not_validated	regulatory_conflict_requires_resolution	1.23293727684021	89.56666666666668	17	30.0	36	False
ANO2/NTF3	NC_051831.1	39728074	39728574	500	1.3775619161128998	1.0	95.75614685079151	0.0	0.2	73.00324058532715	18.0	0	1.0	0.650472	7.039	0	0	0	0	500	500	LU	regulatory_annotation_present	False	not_assessed			not_assessed	pilot_only	not_validated	not_validated	regulatory_conflict_requires_resolution	1.3775711922645568	95.83333333333334	26	31.5	39	False
ANO2/NTF3	NC_051831.1	39728324	39728824	500	1.3806849019527436	1.0	95.78982822499158	0.0	0.248	73.96610106191328	18.0	0	1.0	0.6068999999999999	7.039	0	0	0	0	500	451	LU	regulatory_annotation_present	False	not_assessed			not_assessed	pilot_only	not_validated	not_validated	regulatory_conflict_requires_resolution	1.3806941986083985	95.86666666666666	26	33.0	39	False
ANO2/NTF3	NC_051831.1	39728574	39729074	500	1.2925442559719085	1.0	92.59009767598518	0.0	0.2	74.07051086425781	18.0	0	1.0	0.17719599999999996	4.712	0	0	0	0	500	300	LU;MG	regulatory_annotation_present	False	not_assessed			not_assessed	pilot_only	not_validated	not_validated	regulatory_conflict_requires_resolution	1.29255295753479	92.7	26	33.5	42	False
ANO2/NTF3	NC_051831.1	39728824	39729324	500	1.3101168441772462	1.0	93.26372515998654	0.0	0.3	57.20949223836263	18.0	0	1.0	0.231964	4.624	0	0	0	0	500	349	MG	regulatory_annotation_present	False	not_assessed			not_assessed	pilot_only	not_validated	not_validated	regulatory_conflict_requires_resolution	1.3101256673336028	93.36666666666666	27	33.0	42	False
ANO2/NTF3	NC_051831.1	39729074	39729574	500	1.2411001126766206	1.0	89.86190636577972	0.0	0.3	45.317892710367836	16.0	0	1.0	0.142806	4.724	0	0	0	0	500	500	MG	regulatory_annotation_present	False	not_assessed			not_assessed	pilot_only	not_validated	not_validated	regulatory_conflict_requires_resolution	1.2411084634065628	90.03333333333333	19	31.0	40	False
ANO2/NTF3	NC_051831.1	39729324	39729824	500	1.1615470470190048	1.0	83.52980801616707	0.0	0.152	49.36629847476357	3.0	0	1.0	0.11634	4.724	0	0	0	0	251	251	MG	regulatory_annotation_present	False	not_assessed			not_assessed	pilot_only	not_validated	not_validated	regulatory_conflict_requires_resolution	1.161554863333702	83.7	14	26.0	40	False
ANO2/NTF3	NC_051831.1	39729574	39730074	500	1.3911074477434158	1.0	95.99191647019198	1.0	0.2	50.0	1.0	202	1.0	0.14230199999999998	3.371	0	0	0	0	1	1	MG	regulatory_annotation_present	False	not_assessed			not_assessed	pilot_only	not_validated	not_validated	regulatory_conflict_requires_resolution	1.3911168184280396	96.06666666666666	14	33.0	52	False
ANO2/NTF3	NC_051831.1	39729824	39730324	500	1.4614191555976868	1.0	96.86763219939374	1.0	0.3	54.804768880208336	3.0	258	1.0	0.188776	4.513	0	0	0	0	0	0		no_promoter_enhancer_in_queried_epic_tissues	False	not_assessed			not_assessed	pilot_only	not_validated	not_validated	insufficient_evidence_for_safe_harbor	1.4614289984703064	96.93333333333334	27	38.0	52	False
ANO2/NTF3	NC_051831.1	39730074	39730574	500	1.2481774370670318	1.0	90.23240148198046	1.0	0.1	64.414306640625	3.0	172	1.0	0.325832	5.181	0	0	0	0	0	0		no_promoter_enhancer_in_queried_epic_tissues	False	not_assessed			not_assessed	pilot_only	not_validated	not_validated	insufficient_evidence_for_safe_harbor	1.2481858401298522	90.43333333333334	21	34.0	45	False
ANO2/NTF3	NC_051831.1	39730324	39730824	500	1.1876511642932892	1.0	85.78646008757157	0.0	0.2	0.0	1.0	116	1.0	0.673694	6.716	0	0	0	0	249	0		no_promoter_enhancer_in_queried_epic_tissues	False	not_assessed			not_assessed	pilot_only	not_validated	not_validated	insufficient_evidence_for_safe_harbor	1.1876591684818267	85.96666666666667	21	25.5	42	False
ANO2/NTF3	NC_051831.1	39730574	39731074	500	1.1374412305355073	1.0	80.09430784776019	0.0	0.2	0.0	1.0	0	1.0	0.8296379999999999	6.716	0	0	0	0	499	0		no_promoter_enhancer_in_queried_epic_tissues	False	not_assessed			not_assessed	pilot_only	not_validated	not_validated	insufficient_evidence_for_safe_harbor	1.137448914527893	80.36666666666666	17	24.0	30	False
ANO2/NTF3	NC_051831.1	39730824	39731324	500	1.1076185610294342	1.0	76.3556753115527	0.0	0.0		0.0	88	1.0	0.709874	6.611	0	0	0	0	500	0		no_promoter_enhancer_in_queried_epic_tissues	False	not_assessed			not_assessed	pilot_only	not_validated	not_validated	insufficient_evidence_for_safe_harbor	1.1076260312795638	76.7	17	24.5	30	False
ANO2/NTF3	NC_051831.1	39731074	39731574	500	1.1297342956066132	1.0	79.42068036375885	0.0	0.0		0.0	268	1.0	0.27126599999999995	6.611	0	0	0	0	301	0		no_promoter_enhancer_in_queried_epic_tissues	False	not_assessed			not_assessed	pilot_only	not_validated	not_validated	insufficient_evidence_for_safe_harbor	1.129741921067238	79.63333333333334	20	27.0	40	False
ANO2/NTF3	NC_051831.1	39731324	39731824	500	1.074239707827568	1.0	70.8992926911418	0.0	0.0		0.0	206	1.0	-0.03753599999999999	3.445	0	0	0	0	51	0		no_promoter_enhancer_in_queried_epic_tissues	False	not_assessed			not_assessed	pilot_only	not_validated	not_validated	insufficient_evidence_for_safe_harbor	1.0742469606399536	71.39999999999999	14	29.5	40	False
ANO2/NTF3	NC_051831.1	39731574	39732074	500	1.0635840431451797	1.0	68.33950825193668	0.0	0.1	0.0	1.0	26	1.0	0.13097999999999999	3.445	0	0	0	0	99	0		no_promoter_enhancer_in_queried_epic_tissues	False	not_assessed			not_assessed	pilot_only	not_validated	not_validated	insufficient_evidence_for_safe_harbor	1.063591215610504	68.83333333333333	13	21.0	35	False
ANO2/NTF3	NC_051831.1	39731824	39732324	500	1.1480707975625992	1.0	81.81205793196362	0.0	0.2	50.0	1.0	0	1.0	0.18637199999999995	4.355	0	0	0	0	349	0		no_promoter_enhancer_in_queried_epic_tissues	False	not_assessed			not_assessed	pilot_only	not_validated	not_validated	insufficient_evidence_for_safe_harbor	1.1480785418748856	82.03333333333333	13	21.5	31	False
ANO2/NTF3	NC_051831.1	39732074	39732574	500	1.1610553220510482	1.0	83.52980801616707	0.0	0.1	100.0	1.0	199	1.0	0.227818	4.595	0	0	0	0	500	0		no_promoter_enhancer_in_queried_epic_tissues	False	not_assessed			not_assessed	pilot_only	not_validated	not_validated	insufficient_evidence_for_safe_harbor	1.16106313931942	83.66666666666667	14	24.0	31	False
ANO2/NTF3	NC_051831.1	39732324	39732824	500	1.0632607419490814	1.0	68.2047827551364	0.0	0.0		0.0	199	0.992	0.1961774193548387	4.982	0	0	0	0	251	0		no_promoter_enhancer_in_queried_epic_tissues	False	not_assessed			not_assessed	pilot_only	not_validated	not_validated	insufficient_evidence_for_safe_harbor	1.0632678889036178	68.7	11	23.5	32	False
ANO2/NTF3	NC_051831.1	39732574	39733074	500	1.0451178689002991	1.0	63.79252273492758	0.0	0.0		0.0	0	0.992	0.09544556451612904	4.982	0	0	0	0	1	0		no_promoter_enhancer_in_queried_epic_tissues	False	not_assessed			not_assessed	pilot_only	not_validated	not_validated	insufficient_evidence_for_safe_harbor	1.0451248871088028	64.43333333333334	11	25.0	34	False
ANO2/NTF3	NC_051831.1	39732824	39733324	500	1.114439485669136	1.0	77.3997979117548	0.0	0.0		0.0	0	1.0	0.089934	4.838	0	0	0	0	0	0		no_promoter_enhancer_in_queried_epic_tissues	False	not_assessed			not_assessed	pilot_only	not_validated	not_validated	insufficient_evidence_for_safe_harbor	1.1144469804763795	77.76666666666667	18	27.0	34	False
ANO2/NTF3	NC_051831.1	39733074	39733574	500	1.0704942739009857	1.0	69.88885146513978	0.0	0.148	88.78757373706715	5.0	0	1.0	0.037500000000000006	3.487	0	0	0	0	0	0		no_promoter_enhancer_in_queried_epic_tissues	False	not_assessed			not_assessed	pilot_only	not_validated	not_validated	insufficient_evidence_for_safe_harbor	1.0705014997720719	70.36666666666666	17	25.0	32	False
ANO2/NTF3	NC_051831.1	39733324	39733824	500	1.0236282868385316	1.0	57.42674301111486	0.0	0.2	91.70280456542969	5.0	136	1.0	0.22507999999999997	6.377	0	0	0	0	0	0		no_promoter_enhancer_in_queried_epic_tissues	False	not_assessed			not_assessed	pilot_only	not_validated	not_validated	insufficient_evidence_for_safe_harbor	1.0236351957321168	58.13333333333334	17	25.0	30	False
ANO2/NTF3	NC_051831.1	39733574	39734074	500	1.0087584359645843	1.0	53.72179184910745	0.0	0.052	100.0	1.0	328	1.0	0.34548199999999996	6.377	0	0	0	0	0	0		no_promoter_enhancer_in_queried_epic_tissues	False	not_assessed			not_assessed	pilot_only	not_validated	not_validated	insufficient_evidence_for_safe_harbor	1.008765229344368	54.43333333333334	15	24.0	33	False
ANO2/NTF3	NC_051831.1	39733824	39734324	500	1.0489627544879914	1.0	64.36510609632873	0.0	0.0		0.0	362	1.0	0.37992	5.706	0	0	0	0	0	0		no_promoter_enhancer_in_queried_epic_tissues	False	not_assessed			not_assessed	pilot_only	not_validated	not_validated	insufficient_evidence_for_safe_harbor	1.0489698370695115	64.96666666666667	15	26.0	33	False
ANO2/NTF3	NC_051831.1	39734074	39734574	500	1.0822723165750503	1.0	72.38127315594475	0.0	0.0		0.0	222	1.0	0.49742800000000004	5.702	0	0	0	0	0	0		no_promoter_enhancer_in_queried_epic_tissues	False	not_assessed			not_assessed	pilot_only	not_validated	not_validated	insufficient_evidence_for_safe_harbor	1.0822796239852905	72.76666666666667	17	26.0	37	False
ANO2/NTF3	NC_051831.1	39734324	39734824	500	1.1047290096282958	1.0	75.88413607275177	0.0	0.0		0.0	52	0.966	0.18323395445134577	5.702	0	0	0	0	0	0		no_promoter_enhancer_in_queried_epic_tissues	False	not_assessed			not_assessed	pilot_only	not_validated	not_validated	insufficient_evidence_for_safe_harbor	1.1047364418506622	76.26666666666667	10	24.5	37	False
ANO2/NTF3	NC_051831.1	39734574	39735074	500	1.1433906443119048	1.0	81.23947457056248	0.0	0.0		0.0	142	0.966	0.058124223602484475	4.179	0	0	0	0	0	0		no_promoter_enhancer_in_queried_epic_tissues	False	not_assessed			not_assessed	pilot_only	not_validated	not_validated	insufficient_evidence_for_safe_harbor	1.143398344039917	81.43333333333334	10	25.0	35	False
ANO2/NTF3	NC_051831.1	39734824	39735324	500	1.0522930755615234	1.0	65.64499831593129	0.0	0.348	93.14158647909932	11.0	142	1.0	0.914034	10.696	0	0	0	0	0	0		no_promoter_enhancer_in_queried_epic_tissues	False	not_assessed			not_assessed	pilot_only	not_validated	not_validated	insufficient_evidence_for_safe_harbor	1.0523001713752747	66.16666666666666	13	20.0	30	False
ANO2/NTF3	NC_051831.1	39735074	39735574	500	1.0081706589460373	1.0	53.62074772650725	0.0	0.4	94.0331802368164	11.0	33	1.0	1.217432	10.696	0	0	0	0	178	0		no_promoter_enhancer_in_queried_epic_tissues	False	not_assessed			not_assessed	pilot_only	not_validated	not_validated	insufficient_evidence_for_safe_harbor	1.0081774498224259	54.333333333333336	13	17.0	29	False
ANO2/NTF3	NC_051831.1	39735324	39735824	500	1.1520080729722977	1.0	82.38464129336477	0.0	0.252	96.44560738215371	9.0	33	1.0	0.600218	6.565	0	0	0	0	428	0		no_promoter_enhancer_in_queried_epic_tissues	False	not_assessed			not_assessed	pilot_only	not_validated	not_validated	insufficient_evidence_for_safe_harbor	1.1520158269405365	82.6	13	27.0	34	False
ANO2/NTF3	NC_051831.1	39735574	39736074	500	1.2741376214027405	1.0	91.71438194678343	0.0	0.2	95.52146530151367	9.0	21	1.0	0.271808	6.144	0	0	0	0	422	0		no_promoter_enhancer_in_queried_epic_tissues	False	not_assessed			not_assessed	pilot_only	not_validated	not_validated	insufficient_evidence_for_safe_harbor	1.2741462042331695	91.83333333333333	22	28.0	34	False
ANO2/NTF3	NC_051831.1	39735824	39736324	500	1.1461473259925843	1.0	81.54260693836308	0.0	0.0		0.0	49	1.0	0.427928	8.817	0	0	0	0	172	0		no_promoter_enhancer_in_queried_epic_tissues	False	not_assessed			not_assessed	pilot_only	not_validated	not_validated	insufficient_evidence_for_safe_harbor	1.1461550444364548	81.73333333333333	18	24.0	32	False
ANO2/NTF3	NC_051831.1	39736074	39736574	500	0.9908268504142761	1.0	48.2990906028966	0.0	0.1	100.0	2.0	28	1.0	0.570798	8.817	0	0	0	0	0	0		no_promoter_enhancer_in_queried_epic_tissues	False	not_assessed			not_assessed	pilot_only	not_validated	not_validated	insufficient_evidence_for_safe_harbor	0.9908335260152816	49.3	18	23.0	29	False
ANO2/NTF3	NC_051831.1	39736324	39736824	500	1.0218091217279435	1.0	57.022566520714044	0.0	0.1	100.0	2.0	0	1.0	0.330084	7.929	0	0	0	0	0	0		no_promoter_enhancer_in_queried_epic_tissues	False	not_assessed			not_assessed	pilot_only	not_validated	not_validated	insufficient_evidence_for_safe_harbor	1.0218160188198089	57.733333333333334	17	24.0	29	False
ANO2/NTF3	NC_051831.1	39736574	39737074	500	1.1847591829299926	1.0	85.5506904681711	0.0	0.0		0.0	180	1.0	0.10568599999999999	5.4	0	0	0	0	81	81	MG	regulatory_annotation_present	False	not_assessed			not_assessed	pilot_only	not_validated	not_validated	regulatory_conflict_requires_resolution	1.1847671768665313	85.73333333333333	13	23.5	35	False
ANO2/NTF3	NC_051831.1	39736824	39737324	500	1.3581677840948105	1.0	95.31828898619064	0.0	0.148	100.0	1.0	180	1.0	-0.03335600000000002	5.027	0	0	0	0	331	331	MG	regulatory_annotation_present	False	not_assessed			not_assessed	pilot_only	not_validated	not_validated	regulatory_conflict_requires_resolution	1.3581769318580628	95.36666666666666	13	32.0	38	False
ANO2/NTF3	NC_051831.1	39737074	39737574	500	1.3589140536785125	1.0	95.35197036039071	0.0	0.448	94.39894798823765	53.0	0	1.0	0.06332199999999998	7.175	0	0	0	0	500	500	MG	regulatory_annotation_present	False	not_assessed			not_assessed	pilot_only	not_validated	not_validated	regulatory_conflict_requires_resolution	1.3589232034683227	95.39999999999999	23	33.0	46	False
ANO2/NTF3	NC_051831.1	39737324	39737824	500	1.3010881962776184	1.0	92.96059279218592	0.0	0.552	91.00521751072095	53.0	0	1.0	0.14887999999999998	7.175	0	0	0	0	500	269	MG	regulatory_annotation_present	False	not_assessed			not_assessed	pilot_only	not_validated	not_validated	regulatory_conflict_requires_resolution	1.301096974849701	93.06666666666666	23	29.0	46	False
ANO2/NTF3	NC_051831.1	39737574	39738074	500	1.1883164415359497	1.0	85.8538228359717	0.0	0.252	90.25456891741071	51.0	0	1.0	0.074668	4.219	0	0	0	0	419	19	MG	regulatory_annotation_present	False	not_assessed			not_assessed	pilot_only	not_validated	not_validated	regulatory_conflict_requires_resolution	1.1883244471549987	86.03333333333333	24	28.0	40	False
ANO2/NTF3	NC_051831.1	39737824	39738324	500	1.1671635389328003	1.0	84.20343550016841	0.0	0.0		0.0	148	1.0	-0.09855400000000002	3.949	0	0	0	0	169	0		no_promoter_enhancer_in_queried_epic_tissues	False	not_assessed			not_assessed	pilot_only	not_validated	not_validated	insufficient_evidence_for_safe_harbor	1.1671713950634002	84.39999999999999	21	30.0	39	False
ANO2/NTF3	NC_051831.1	39738074	39738574	500	1.2866732370853424	1.0	92.38800943078478	0.0	0.0		0.0	180	1.0	-0.13534800000000002	3.854	0	0	0	0	0	0		no_promoter_enhancer_in_queried_epic_tissues	False	not_assessed			not_assessed	pilot_only	not_validated	not_validated	insufficient_evidence_for_safe_harbor	1.2866819131374359	92.46666666666667	21	33.0	42	False
ANO2/NTF3	NC_051831.1	39738324	39738824	500	1.200932132601738	1.0	86.83058268777366	0.0	0.0		0.0	66	0.996	0.13060642570281125	5.265	0	0	0	0	29	0		no_promoter_enhancer_in_queried_epic_tissues	False	not_assessed			not_assessed	pilot_only	not_validated	not_validated	insufficient_evidence_for_safe_harbor	1.200940227150917	87.03333333333333	4	26.0	42	False
ANO2/NTF3	NC_051831.1	39738574	39739074	500	1.1106836701631546	1.0	76.82721455035364	0.0	0.0		0.0	241	0.996	0.2513152610441767	5.265	0	0	0	0	279	0		no_promoter_enhancer_in_queried_epic_tissues	False	not_assessed			not_assessed	pilot_only	not_validated	not_validated	insufficient_evidence_for_safe_harbor	1.1106911542415618	77.16666666666666	4	27.0	36	False
ANO2/NTF3	NC_051831.1	39738824	39739324	500	1.066090957403183	1.0	68.81104749073762	0.0	0.0		0.0	260	1.0	0.44048800000000005	5.866	0	0	0	0	371	0		no_promoter_enhancer_in_queried_epic_tissues	False	not_assessed			not_assessed	pilot_only	not_validated	not_validated	insufficient_evidence_for_safe_harbor	1.0660981440544128	69.3	7	25.5	31	False
ANO2/NTF3	NC_051831.1	39739074	39739574	500	1.1224193170070649	1.0	78.37655776355675	0.0	0.4	79.27219581604004	70.0	53	1.0	0.610448	6.053	0	0	0	0	121	0		no_promoter_enhancer_in_queried_epic_tissues	False	not_assessed			not_assessed	pilot_only	not_validated	not_validated	insufficient_evidence_for_safe_harbor	1.1224268862009048	78.66666666666666	7	21.0	30	False
ANO2/NTF3	NC_051831.1	39739251	39739751	500	1.2018462989330292	1.0	86.93162681037386	0.0	0.5	81.30731658935547	70.0	97	1.0	1.620304	11.186	0	0	0	0	0	0		no_promoter_enhancer_in_queried_epic_tissues	False	not_assessed			not_assessed	pilot_only	not_validated	not_validated	insufficient_evidence_for_safe_harbor	1.201854410290718	87.16666666666667	7	24.5	33	False
ANO2/NTF3	NC_051831.1	39677324	39678324	1000	1.1517517187595367	1.0	82.83406260518345	0.0	0.0		0.0	211	1.0	0.08602300000000002	7.513	0	0	0	0	800	200	MG	regulatory_annotation_present	False	not_assessed			not_assessed	pilot_only	not_validated	not_validated	regulatory_conflict_requires_resolution	1.1517594819664956	83.1	12	27.0	47	False
ANO2/NTF3	NC_051831.1	39677574	39678574	1000	1.1842282487750053	1.0	85.79602827330865	0.0	0.05	94.85444641113281	70.0	6	1.0	0.11481099999999998	7.513	0	0	0	0	986	400	MG	regulatory_annotation_present	False	not_assessed			not_assessed	pilot_only	not_validated	not_validated	regulatory_conflict_requires_resolution	1.1842362282276153	86.0	12	27.0	47	False
ANO2/NTF3	NC_051831.1	39677824	39678824	1000	1.1887418795824052	1.0	85.8970043756311	0.0	0.05	94.85444641113281	70.0	60	1.0	0.05291200000000002	4.678	0	0	0	0	736	400	MG	regulatory_annotation_present	False	not_assessed			not_assessed	pilot_only	not_validated	not_validated	regulatory_conflict_requires_resolution	1.1887498964071275	86.16666666666667	17	27.0	47	False
ANO2/NTF3	NC_051831.1	39678074	39679074	1000	1.146728236913681	1.0	82.29552339279704	0.0	0.05	94.85444641113281	70.0	183	1.0	0.03237100000000001	4.455	0	0	0	0	486	400	MG	regulatory_annotation_present	False	not_assessed			not_assessed	pilot_only	not_validated	not_validated	regulatory_conflict_requires_resolution	1.1467359673976898	82.56666666666666	17	26.0	32	False
ANO2/NTF3	NC_051831.1	39678324	39679324	1000	1.1411625462174415	1.0	81.65600807808818	0.0	0.05	94.85444641113281	70.0	183	1.0	0.067414	4.455	0	0	0	0	236	236	MG	regulatory_annotation_present	False	not_assessed			not_assessed	pilot_only	not_validated	not_validated	regulatory_conflict_requires_resolution	1.1411702305674554	81.96666666666667	17	25.0	34	False
ANO2/NTF3	NC_051831.1	39678574	39679574	1000	1.0728186070322991	1.0	71.1208347357792	0.0	0.0		0.0	238	1.0	0.021442	3.201	0	0	0	0	0	0		no_promoter_enhancer_in_queried_epic_tissues	False	not_assessed			not_assessed	pilot_only	not_validated	not_validated	insufficient_evidence_for_safe_harbor	1.0728258254528045	71.6	6	24.0	34	False
ANO2/NTF3	NC_051831.1	39678824	39679824	1000	1.0219293756783008	1.0	58.93638505553685	0.0	0.0		0.0	206	1.0	0.06395299999999998	2.877	0	0	0	0	0	0		no_promoter_enhancer_in_queried_epic_tissues	False	not_assessed			not_assessed	pilot_only	not_validated	not_validated	insufficient_evidence_for_safe_harbor	1.0219362542629242	59.73333333333334	6	24.0	34	False
ANO2/NTF3	NC_051831.1	39679074	39680074	1000	0.9645946197211742	1.0	39.64994951194884	0.0	0.0		0.0	83	1.0	0.071615	3.24	0	0	0	0	0	0		no_promoter_enhancer_in_queried_epic_tissues	False	not_assessed			not_assessed	pilot_only	not_validated	not_validated	insufficient_evidence_for_safe_harbor	0.9646011183261871	40.9	6	21.0	34	False
ANO2/NTF3	NC_051831.1	39679324	39680324	1000	0.9343213680386543	0.9	28.306967351060248	0.0	0.0		0.0	246	0.969	0.014582043343653253	3.451	0	0	0	0	0	0		no_promoter_enhancer_in_queried_epic_tissues	False	not_assessed			not_assessed	pilot_only	not_validated	not_validated	insufficient_evidence_for_safe_harbor	0.8408948977589608	8.466666666666667	0	16.0	32	False
ANO2/NTF3	NC_051831.1	39679574	39680574	1000	0.94158020797703	0.9	30.83136990912151	0.0	0.0		0.0	214	0.969	0.027212590299277594	3.451	0	0	0	0	0	0		no_promoter_enhancer_in_queried_epic_tissues	False	not_assessed			not_assessed	pilot_only	not_validated	not_validated	insufficient_evidence_for_safe_harbor	0.847427901506424	8.933333333333334	0	16.0	28	False
ANO2/NTF3	NC_051831.1	39679824	39680824	1000	0.957606646352344	0.9	36.85627734769438	0.0	0.05	100.0	2.0	240	0.969	0.0149484004127967	3.451	0	0	0	0	0	0		no_promoter_enhancer_in_queried_epic_tissues	False	not_assessed			not_assessed	pilot_only	not_validated	not_validated	insufficient_evidence_for_safe_harbor	0.8618517906665802	11.666666666666666	0	16.0	28	False
ANO2/NTF3	NC_051831.1	39680074	39681074	1000	0.9453739653031031	0.9	32.34601144395826	0.0	0.1	50.0	2.0	272	0.969	0.019659442724458215	3.451	0	0	0	0	0	0		no_promoter_enhancer_in_queried_epic_tissues	False	not_assessed			not_assessed	pilot_only	not_validated	not_validated	insufficient_evidence_for_safe_harbor	0.8508423044681549	9.633333333333335	0	18.0	31	False
ANO2/NTF3	NC_051831.1	39680324	39681324	1000	0.9235997583270072	1.0	24.974755974419388	0.0	0.1	50.0	2.0	308	1.0	0.082203	0.739	0	0	0	0	0	0		no_promoter_enhancer_in_queried_epic_tissues	False	not_assessed			not_assessed	pilot_only	not_validated	not_validated	insufficient_evidence_for_safe_harbor	0.9236059866547585	26.566666666666666	10	19.0	31	False
ANO2/NTF3	NC_051831.1	39680574	39681574	1000	0.9115992279648781	1.0	21.272298889262874	0.0	0.1	50.0	2.0	457	1.0	0.104241	2.353	0	0	0	0	0	0		no_promoter_enhancer_in_queried_epic_tissues	False	not_assessed			not_assessed	pilot_only	not_validated	not_validated	insufficient_evidence_for_safe_harbor	0.9116053698658944	22.966666666666665	11	20.0	31	False
ANO2/NTF3	NC_051831.1	39680824	39681824	1000	0.9262721598148346	1.0	25.681588690676538	0.0	0.05	0.0	1.0	403	1.0	0.13994	3.771	0	0	0	0	0	0		no_promoter_enhancer_in_queried_epic_tissues	False	not_assessed			not_assessed	pilot_only	not_validated	not_validated	insufficient_evidence_for_safe_harbor	0.9262784024477005	27.200000000000003	14	22.0	31	False
ANO2/NTF3	NC_051831.1	39681074	39682074	1000	0.9511985468864441	1.0	34.43285089195557	0.0	0.0		0.0	455	1.0	0.177189	3.942	0	0	0	0	0	0		no_promoter_enhancer_in_queried_epic_tissues	False	not_assessed			not_assessed	pilot_only	not_validated	not_validated	insufficient_evidence_for_safe_harbor	0.9512049520611763	35.86666666666667	14	21.5	30	False
ANO2/NTF3	NC_051831.1	39681324	39682324	1000	0.9893230992555618	1.0	48.60316391787277	0.0	0.0		0.0	451	1.0	0.21156799999999998	6.929	0	0	0	0	0	0		no_promoter_enhancer_in_queried_epic_tissues	False	not_assessed			not_assessed	pilot_only	not_validated	not_validated	insufficient_evidence_for_safe_harbor	0.9893297634124756	49.666666666666664	14	22.0	37	False
ANO2/NTF3	NC_051831.1	39681574	39682574	1000	0.9672240267395973	1.0	40.760686637495795	0.0	0.0		0.0	469	1.0	0.283099	6.929	0	0	0	0	0	0		no_promoter_enhancer_in_queried_epic_tissues	False	not_assessed			not_assessed	pilot_only	not_validated	not_validated	insufficient_evidence_for_safe_harbor	0.9672305495738983	41.9	11	21.0	37	False
ANO2/NTF3	NC_051831.1	39681824	39682824	1000	1.0137279186844825	1.0	56.782228205991245	0.0	0.1	40.12803268432617	6.0	633	1.0	0.24617	6.929	0	0	0	0	0	0		no_promoter_enhancer_in_queried_epic_tissues	False	not_assessed			not_assessed	pilot_only	not_validated	not_validated	insufficient_evidence_for_safe_harbor	1.0137347521185875	57.666666666666664	11	22.0	37	False
ANO2/NTF3	NC_051831.1	39682074	39683074	1000	1.0665060387253762	1.0	70.01009761023225	0.0	0.1	40.12803268432617	6.0	549	1.0	0.24852300000000002	6.929	0	0	0	0	0	0		no_promoter_enhancer_in_queried_epic_tissues	False	not_assessed			not_assessed	pilot_only	not_validated	not_validated	insufficient_evidence_for_safe_harbor	1.0665132347345352	70.56666666666666	11	23.0	37	False
ANO2/NTF3	NC_051831.1	39682324	39683324	1000	1.116088700711727	1.0	78.59306630764053	0.0	0.1	40.12803268432617	6.0	354	1.0	0.31589799999999996	7.691	0	0	0	0	133	0		no_promoter_enhancer_in_queried_epic_tissues	False	not_assessed			not_assessed	pilot_only	not_validated	not_validated	insufficient_evidence_for_safe_harbor	1.1160962178111076	79.03333333333333	11	24.0	40	False
ANO2/NTF3	NC_051831.1	39682574	39683574	1000	1.1731715720295905	1.0	85.02187815550319	0.0	0.1	40.12803268432617	6.0	164	1.0	0.372202	7.691	0	0	0	0	383	0		no_promoter_enhancer_in_queried_epic_tissues	False	not_assessed			not_assessed	pilot_only	not_validated	not_validated	insufficient_evidence_for_safe_harbor	1.1731794629096985	85.26666666666667	16	24.5	40	True
ANO2/NTF3	NC_051831.1	39682824	39683824	1000	1.1586538340449333	1.0	83.64187142376305	0.0	0.0		0.0	0	1.0	0.704432	7.691	0	0	0	0	400	0		no_promoter_enhancer_in_queried_epic_tissues	False	not_assessed			not_assessed	pilot_only	not_validated	not_validated	insufficient_evidence_for_safe_harbor	1.1586616176366806	83.89999999999999	16	23.0	40	False
ANO2/NTF3	NC_051831.1	39683074	39684074	1000	1.0940823986530304	1.0	75.59744193874116	0.0	0.0		0.0	0	1.0	0.9036909999999999	8.975	0	0	0	0	400	0		no_promoter_enhancer_in_queried_epic_tissues	False	not_assessed			not_assessed	pilot_only	not_validated	not_validated	insufficient_evidence_for_safe_harbor	1.0940897465348243	76.1	16	22.0	40	False
ANO2/NTF3	NC_051831.1	39683324	39684324	1000	1.028031785964966	1.0	60.48468529114777	0.0	0.0		0.0	101	1.0	0.817379	8.975	0	0	0	0	267	0		no_promoter_enhancer_in_queried_epic_tissues	False	not_assessed			not_assessed	pilot_only	not_validated	not_validated	insufficient_evidence_for_safe_harbor	1.0280386950969695	61.266666666666666	10	21.0	29	False
ANO2/NTF3	NC_051831.1	39683574	39684574	1000	0.9913749970197677	1.0	49.04072702793672	0.0	0.0		0.0	349	1.0	0.6798359999999999	8.975	0	0	0	0	200	0		no_promoter_enhancer_in_queried_epic_tissues	False	not_assessed			not_assessed	pilot_only	not_validated	not_validated	insufficient_evidence_for_safe_harbor	0.991381679058075	50.1	10	20.0	29	False
ANO2/NTF3	NC_051831.1	39683824	39684824	1000	1.0113189081549645	1.0	56.176371592056555	0.0	0.0		0.0	349	1.0	0.357383	8.975	0	0	0	0	433	0		no_promoter_enhancer_in_queried_epic_tissues	False	not_assessed			not_assessed	pilot_only	not_validated	not_validated	insufficient_evidence_for_safe_harbor	1.0113257339000703	57.13333333333333	10	21.0	40	False
ANO2/NTF3	NC_051831.1	39684074	39685074	1000	1.031891196012497	1.0	61.56176371592057	0.0	0.0		0.0	349	1.0	0.11280799999999999	3.743	0	0	0	0	683	83	MG	regulatory_annotation_present	False	not_assessed			not_assessed	pilot_only	not_validated	not_validated	regulatory_conflict_requires_resolution	1.0318981557488442	62.26666666666667	10	24.0	40	False
ANO2/NTF3	NC_051831.1	39684324	39685324	1000	1.0411920930147172	1.0	63.985190171659376	0.0	0.05	100.0	1.0	248	1.0	0.102425	3.093	0	0	0	0	800	200	MG	regulatory_annotation_present	False	not_assessed			not_assessed	pilot_only	not_validated	not_validated	regulatory_conflict_requires_resolution	1.041199116051197	64.7	10	25.0	40	False
ANO2/NTF3	NC_051831.1	39684574	39685574	1000	1.0311013507843017	1.0	61.460787613598114	0.0	0.174	83.85545919133328	50.0	112	1.0	0.08767799999999999	2.863	0	0	0	0	617	200	MG	regulatory_annotation_present	False	not_assessed			not_assessed	pilot_only	not_validated	not_validated	regulatory_conflict_requires_resolution	1.0311082958579063	62.2	10	24.0	40	False
ANO2/NTF3	NC_051831.1	39684824	39685824	1000	1.0383539273142814	1.0	63.34567485695052	0.0	0.25	80.25145034790039	50.0	112	1.0	0.07001499999999998	3.727	0	0	0	0	367	200	MG	regulatory_annotation_present	False	not_assessed			not_assessed	pilot_only	not_validated	not_validated	regulatory_conflict_requires_resolution	1.03836092877388	64.06666666666668	10	24.0	39	False
ANO2/NTF3	NC_051831.1	39685074	39686074	1000	1.07836007219553	1.0	72.3998653651969	0.0	0.25	80.25145034790039	50.0	112	1.0	0.06522499999999999	3.727	0	0	0	0	117	117	MG	regulatory_annotation_present	False	not_assessed			not_assessed	pilot_only	not_validated	not_validated	regulatory_conflict_requires_resolution	1.0783673498630524	72.89999999999999	10	23.0	39	False
ANO2/NTF3	NC_051831.1	39685324	39686324	1000	1.1233978053927423	1.0	79.60282733086504	0.0	0.3	65.62463569641113	50.0	187	1.0	0.023638000000000003	4.195	0	0	0	0	0	0		no_promoter_enhancer_in_queried_epic_tissues	False	not_assessed			not_assessed	pilot_only	not_validated	not_validated	insufficient_evidence_for_safe_harbor	1.1234053812623024	79.96666666666667	10	25.0	39	True
ANO2/NTF3	NC_051831.1	39685574	39686574	1000	1.1897621017098428	1.0	85.93066307640525	0.0	0.276	70.02213234832321	58.0	208	0.999	0.027259259259259257	4.195	0	0	0	0	0	0		no_promoter_enhancer_in_queried_epic_tissues	False	not_assessed			not_assessed	pilot_only	not_validated	not_validated	insufficient_evidence_for_safe_harbor	1.1897701194286348	86.2	19	27.0	39	True
ANO2/NTF3	NC_051831.1	39685824	39686824	1000	1.1861697352528573	1.0	85.79602827330865	0.0	0.274	74.37683946372819	67.0	208	0.999	0.06592592592592593	4.195	0	0	0	0	0	0		no_promoter_enhancer_in_queried_epic_tissues	False	not_assessed			not_assessed	pilot_only	not_validated	not_validated	insufficient_evidence_for_safe_harbor	1.186177720606327	86.06666666666666	19	27.0	39	False
ANO2/NTF3	NC_051831.1	39686074	39687074	1000	1.1623149703145028	1.0	84.04577583305284	0.0	0.424	80.33208422390919	67.0	208	0.999	0.06049749749749749	4.195	0	0	0	0	0	0		no_promoter_enhancer_in_queried_epic_tissues	False	not_assessed			not_assessed	pilot_only	not_validated	not_validated	insufficient_evidence_for_safe_harbor	1.1623227869272232	84.3	19	26.0	37	True
ANO2/NTF3	NC_051831.1	39686324	39687324	1000	1.1698682801127434	1.0	84.58431504543925	0.0	0.5	91.99571914672852	67.0	215	0.999	0.10419019019019019	5.745	0	0	0	0	0	0		no_promoter_enhancer_in_queried_epic_tissues	False	not_assessed			not_assessed	pilot_only	not_validated	not_validated	insufficient_evidence_for_safe_harbor	1.1698761568069458	84.86666666666667	19	26.0	37	True
ANO2/NTF3	NC_051831.1	39686574	39687574	1000	1.1668390691876411	1.0	84.34870414002019	0.0	0.4	91.920729637146	67.0	82	1.0	0.19238799999999998	8.126	0	0	0	0	0	0		no_promoter_enhancer_in_queried_epic_tissues	False	not_assessed			not_assessed	pilot_only	not_validated	not_validated	insufficient_evidence_for_safe_harbor	1.166846923649311	84.6	17	27.5	38	True
ANO2/NTF3	NC_051831.1	39686824	39687824	1000	1.1184051084518432	1.0	78.92965331538203	0.0	0.326	92.77034871856128	67.0	82	1.0	0.632621	10.205	0	0	0	0	0	0		no_promoter_enhancer_in_queried_epic_tissues	False	not_assessed			not_assessed	pilot_only	not_validated	not_validated	insufficient_evidence_for_safe_harbor	1.1184126352071762	79.33333333333333	10	25.0	38	False
ANO2/NTF3	NC_051831.1	39687074	39688074	1000	1.0931881352066994	1.0	75.36183103332212	0.0	0.176	94.09990900213069	34.0	82	1.0	0.8473820000000001	10.205	0	0	0	0	0	0		no_promoter_enhancer_in_queried_epic_tissues	False	not_assessed			not_assessed	pilot_only	not_validated	not_validated	insufficient_evidence_for_safe_harbor	1.0931954935193062	75.96666666666667	10	22.5	38	False
ANO2/NTF3	NC_051831.1	39687324	39688324	1000	1.0077154597640037	1.0	54.729047458768086	0.0	0.0		0.0	42	1.0	0.848571	10.205	0	0	0	0	0	0		no_promoter_enhancer_in_queried_epic_tissues	False	not_assessed			not_assessed	pilot_only	not_validated	not_validated	insufficient_evidence_for_safe_harbor	1.0077222290039063	55.7	10	17.0	38	False
ANO2/NTF3	NC_051831.1	39687574	39688574	1000	0.9664516983628273	1.0	40.42409962975429	0.0	0.0		0.0	157	0.998	0.7418316633266534	10.205	0	0	0	0	0	0		no_promoter_enhancer_in_queried_epic_tissues	False	not_assessed			not_assessed	pilot_only	not_validated	not_validated	insufficient_evidence_for_safe_harbor	0.9664581900238991	41.56666666666667	10	16.0	31	False
ANO2/NTF3	NC_051831.1	39687824	39688824	1000	1.0012447348237037	1.0	52.64220801077079	0.0	0.0		0.0	162	0.998	0.25369138276553105	6.71	0	0	0	0	234	234	OV;ST	regulatory_annotation_present	False	not_assessed			not_assessed	pilot_only	not_validated	not_validated	regulatory_conflict_requires_resolution	1.0012514619231223	53.6	10	19.0	38	False
ANO2/NTF3	NC_051831.1	39688074	39689074	1000	1.0955234764814377	1.0	75.66475934028946	0.0	0.0		0.0	162	0.998	0.05804008016032064	4.553	0	0	0	0	484	484	OV;ST	regulatory_annotation_present	False	not_assessed			not_assessed	pilot_only	not_validated	not_validated	regulatory_conflict_requires_resolution	1.0955308410525322	76.2	10	22.5	39	False
ANO2/NTF3	NC_051831.1	39688324	39689324	1000	1.1648591592311859	1.0	84.21406933692359	0.0	0.0		0.0	120	0.998	-0.0034108216432865678	3.991	0	0	0	0	734	734	OV;ST	regulatory_annotation_present	False	not_assessed			not_assessed	pilot_only	not_validated	not_validated	regulatory_conflict_requires_resolution	1.1648669980168342	84.46666666666667	10	26.0	39	False
ANO2/NTF3	NC_051831.1	39688574	39689574	1000	1.209251962542534	1.0	87.5126220127903	0.0	0.0		0.0	5	1.0	0.03203900000000001	4.327	0	0	0	0	984	984	LU;OV;ST	regulatory_annotation_present	False	not_assessed			not_assessed	pilot_only	not_validated	not_validated	regulatory_conflict_requires_resolution	1.2092601063847541	87.76666666666667	15	26.0	39	False
ANO2/NTF3	NC_051831.1	39688824	39689824	1000	1.2186354087591171	1.0	88.42140693369235	1.0	0.1	85.73272705078125	24.0	0	1.0	0.009594000000000014	4.327	0	0	0	0	1000	1000	LU;OV;ST	regulatory_annotation_present	False	not_assessed			not_assessed	pilot_only	not_validated	not_validated	regulatory_conflict_requires_resolution	1.2186436166167258	88.66666666666667	19	29.0	39	False
ANO2/NTF3	NC_051831.1	39689074	39690074	1000	1.1885127557516098	1.0	85.8970043756311	1.0	0.1	85.73272705078125	24.0	0	1.0	-0.010964999999999996	4.569	0	0	0	0	1000	1000	LU;OV	regulatory_annotation_present	False	not_assessed			not_assessed	pilot_only	not_validated	not_validated	regulatory_conflict_requires_resolution	1.188520766198635	86.16666666666667	19	27.0	39	False
ANO2/NTF3	NC_051831.1	39689324	39690324	1000	1.1849938225150107	1.0	85.79602827330865	1.0	0.15	90.48848470052083	24.0	34	1.0	0.025103000000000007	4.569	0	0	0	0	1000	1000	LU;OV	regulatory_annotation_present	False	not_assessed			not_assessed	pilot_only	not_validated	not_validated	regulatory_conflict_requires_resolution	1.1850018172860146	86.03333333333333	18	25.0	39	False
ANO2/NTF3	NC_051831.1	39689574	39690574	1000	1.1542885419726372	1.0	83.0696735106025	1.0	0.15	90.48848470052083	24.0	188	1.0	0.03445600000000001	4.569	0	0	0	0	1000	1000	LU;OV	regulatory_annotation_present	False	not_assessed			not_assessed	pilot_only	not_validated	not_validated	regulatory_conflict_requires_resolution	1.1542963303923608	83.36666666666666	17	25.0	39	False
ANO2/NTF3	NC_051831.1	39689824	39690824	1000	1.1574959689378739	1.0	83.64187142376305	1.0	0.124	83.1797553646949	4.0	188	1.0	0.3676209999999999	7.566	0	0	0	0	1000	1000	OV	regulatory_annotation_present	False	not_assessed			not_assessed	pilot_only	not_validated	not_validated	regulatory_conflict_requires_resolution	1.1575037817955016	83.89999999999999	17	24.0	39	False
ANO2/NTF3	NC_051831.1	39690074	39691074	1000	1.1162848351597785	1.0	78.62672500841468	0.0	0.15	86.09526443481445	4.0	188	1.0	0.5871949999999999	7.566	0	0	0	0	1000	1000	OV	regulatory_annotation_present	False	not_assessed			not_assessed	pilot_only	not_validated	not_validated	regulatory_conflict_requires_resolution	1.1162923621535301	79.06666666666666	16	23.0	29	False
ANO2/NTF3	NC_051831.1	39690324	39691324	1000	1.083690879881382	1.0	73.47694378996971	0.0	0.1	79.14289665222168	4.0	154	1.0	0.7752389999999999	7.566	0	0	0	0	1000	1000	OV	regulatory_annotation_present	False	not_assessed			not_assessed	pilot_only	not_validated	not_validated	regulatory_conflict_requires_resolution	1.083698178946972	73.9	15	23.0	36	False
ANO2/NTF3	NC_051831.1	39690574	39691574	1000	1.1065054880976677	1.0	77.31403567822282	0.0	0.2	44.41908264160156	11.0	0	1.0	0.9347249999999999	7.566	0	0	0	0	816	816	OV	regulatory_annotation_present	False	not_assessed			not_assessed	pilot_only	not_validated	not_validated	regulatory_conflict_requires_resolution	1.106512938082218	77.76666666666667	15	24.0	36	False
ANO2/NTF3	NC_051831.1	39690824	39691824	1000	1.1087173902988434	1.0	77.58330528441603	0.0	0.176	20.28140263123946	11.0	0	1.0	0.7014879999999999	7.26	0	0	0	0	600	600	KI;OV	regulatory_annotation_present	False	not_assessed			not_assessed	pilot_only	not_validated	not_validated	regulatory_conflict_requires_resolution	1.1087248585820197	78.0	15	27.0	40	False
ANO2/NTF3	NC_051831.1	39691074	39692074	1000	1.1335055333375932	1.0	80.84819925950858	0.0	0.2	21.98213291168213	11.0	112	1.0	0.5040990000000001	7.26	0	0	0	0	600	600	KI;OV	regulatory_annotation_present	False	not_assessed			not_assessed	pilot_only	not_validated	not_validated	regulatory_conflict_requires_resolution	1.1335131741166116	81.16666666666667	15	28.0	48	False
ANO2/NTF3	NC_051831.1	39691324	39692324	1000	1.1936845718026161	1.0	86.1662739818243	0.0	0.2	21.98213291168213	11.0	250	1.0	0.30812900000000004	6.727	0	0	0	0	600	600	KI;OV	regulatory_annotation_present	False	not_assessed			not_assessed	pilot_only	not_validated	not_validated	regulatory_conflict_requires_resolution	1.1936926237344743	86.43333333333332	21	30.0	48	False
ANO2/NTF3	NC_051831.1	39691574	39692574	1000	1.2492478908896447	1.0	90.13800067317402	0.0	0.1	34.26899719238281	4.0	459	1.0	0.15233700000000003	4.372	0	0	0	0	784	784	KI;OV	regulatory_annotation_present	False	not_assessed			not_assessed	pilot_only	not_validated	not_validated	regulatory_conflict_requires_resolution	1.2492563234567642	90.43333333333334	20	30.0	48	False
ANO2/NTF3	NC_051831.1	39691824	39692824	1000	1.2486785528063775	1.0	90.13800067317402	0.0	0.05	68.53799438476562	4.0	507	1.0	0.081748	4.274	0	0	0	0	949	949	KI;OV	regulatory_annotation_present	False	not_assessed			not_assessed	pilot_only	not_validated	not_validated	regulatory_conflict_requires_resolution	1.248686977803707	90.4	20	30.0	48	False
ANO2/NTF3	NC_051831.1	39692074	39693074	1000	1.2298229637145996	1.0	89.26287445304611	0.0	0.0		0.0	596	1.0	0.08267200000000001	4.274	0	0	0	0	800	800	KI;MG;OV	regulatory_annotation_present	False	not_assessed			not_assessed	pilot_only	not_validated	not_validated	regulatory_conflict_requires_resolution	1.2298312653899193	89.46666666666667	20	30.0	48	False
ANO2/NTF3	NC_051831.1	39692324	39693324	1000	1.2128479110598565	1.0	88.05116122517671	0.0	0.0		0.0	458	1.0	0.122677	4.274	0	0	0	0	800	800	KI;MG;OV	regulatory_annotation_present	False	not_assessed			not_assessed	pilot_only	not_validated	not_validated	regulatory_conflict_requires_resolution	1.2128560914993287	88.26666666666667	20	29.0	36	False
ANO2/NTF3	NC_051831.1	39692574	39693574	1000	1.1816968653202058	1.0	85.52675866711546	0.0	0.0		0.0	249	1.0	0.09399	3.277	0	0	0	0	599	599	KI;MG;OV	regulatory_annotation_present	False	not_assessed			not_assessed	pilot_only	not_validated	not_validated	regulatory_conflict_requires_resolution	1.1817048295140267	85.8	20	30.0	37	False
ANO2/NTF3	NC_051831.1	39692824	39693824	1000	1.1830405586361885	1.0	85.62773476943791	0.0	0.0		0.0	246	1.0	0.131991	3.798	0	0	0	0	400	400	MG;OV	regulatory_annotation_present	False	not_assessed			not_assessed	pilot_only	not_validated	not_validated	regulatory_conflict_requires_resolution	1.1830485336780547	85.86666666666667	20	30.5	39	False
ANO2/NTF3	NC_051831.1	39693074	39694074	1000	1.141674836575985	1.0	81.72332547963649	0.0	0.024	50.0	1.0	45	0.987	0.16824924012158055	3.798	0	0	0	0	299	299	MG;OV	regulatory_annotation_present	False	not_assessed			not_assessed	pilot_only	not_validated	not_validated	regulatory_conflict_requires_resolution	1.1416825267076491	82.03333333333333	17	29.5	39	False
ANO2/NTF3	NC_051831.1	39693324	39694324	1000	1.14239368891716	1.0	81.85796028273309	1.0	0.05	50.0	1.0	98	0.987	0.15865856129685918	3.798	0	0	0	0	49	49	MG;OV	regulatory_annotation_present	False	not_assessed			not_assessed	pilot_only	not_validated	not_validated	regulatory_conflict_requires_resolution	1.142401382625103	82.16666666666667	17	28.0	39	False
ANO2/NTF3	NC_051831.1	39693574	39694574	1000	1.1196331036686897	1.0	79.13160552002692	1.0	0.05	50.0	1.0	98	0.987	0.17284599797365754	3.992	0	0	0	0	0	0		no_promoter_enhancer_in_queried_epic_tissues	False	not_assessed			not_assessed	pilot_only	not_validated	not_validated	insufficient_evidence_for_safe_harbor	1.1196406531333922	79.5	17	27.0	41	False
ANO2/NTF3	NC_051831.1	39693824	39694824	1000	1.1361283015012742	1.0	81.15112756647594	1.0	0.05	50.0	1.0	53	0.987	0.2046980749746707	3.992	0	0	0	0	0	0		no_promoter_enhancer_in_queried_epic_tissues	False	not_assessed			not_assessed	pilot_only	not_validated	not_validated	insufficient_evidence_for_safe_harbor	1.1361359649300575	81.39999999999999	17	26.0	41	False
ANO2/NTF3	NC_051831.1	39694074	39695074	1000	1.2014119881391525	1.0	86.73847189498485	1.0	0.026	50.0	1.0	53	1.0	0.202296	3.992	0	0	0	0	0	0		no_promoter_enhancer_in_queried_epic_tissues	False	not_assessed			not_assessed	pilot_only	not_validated	not_validated	insufficient_evidence_for_safe_harbor	1.2014201005697251	87.03333333333333	17	30.0	41	False
ANO2/NTF3	NC_051831.1	39694324	39695324	1000	1.1689589459896088	1.0	84.5506563446651	0.0	0.0		0.0	0	1.0	0.268717	4.781	0	0	0	0	0	0		no_promoter_enhancer_in_queried_epic_tissues	False	not_assessed			not_assessed	pilot_only	not_validated	not_validated	insufficient_evidence_for_safe_harbor	1.1689668429493905	84.83333333333334	19	30.0	41	False
ANO2/NTF3	NC_051831.1	39694574	39695574	1000	1.1557719203233718	1.0	83.40626051834398	0.0	0.0		0.0	0	1.0	0.287285	4.781	0	0	0	0	0	0		no_promoter_enhancer_in_queried_epic_tissues	False	not_assessed			not_assessed	pilot_only	not_validated	not_validated	insufficient_evidence_for_safe_harbor	1.1557797188162804	83.63333333333334	19	29.0	40	False
ANO2/NTF3	NC_051831.1	39694824	39695824	1000	1.1401120964288711	1.0	81.45405587344328	0.0	0.0		0.0	18	1.0	0.25598299999999996	4.781	0	0	0	0	0	0		no_promoter_enhancer_in_queried_epic_tissues	False	not_assessed			not_assessed	pilot_only	not_validated	not_validated	insufficient_evidence_for_safe_harbor	1.1401197902560234	81.76666666666667	20	26.0	40	False
ANO2/NTF3	NC_051831.1	39695074	39696074	1000	1.0530213207006454	1.0	67.18276674520364	0.0	0.024	80.14521789550781	5.0	86	1.0	0.18363200000000002	4.781	0	0	0	0	0	0		no_promoter_enhancer_in_queried_epic_tissues	False	not_assessed			not_assessed	pilot_only	not_validated	not_validated	insufficient_evidence_for_safe_harbor	1.053028419137001	67.83333333333333	3	25.0	39	False
ANO2/NTF3	NC_051831.1	39695324	39696324	1000	1.055530548930168	1.0	67.72130595759003	0.0	0.05	80.14521789550781	5.0	86	1.0	0.10459200000000003	4.216	0	0	0	0	0	0		no_promoter_enhancer_in_queried_epic_tissues	False	not_assessed			not_assessed	pilot_only	not_validated	not_validated	insufficient_evidence_for_safe_harbor	1.0555376618504524	68.33333333333333	3	26.0	39	False
ANO2/NTF3	NC_051831.1	39695574	39696574	1000	1.0506920038461685	1.0	66.61056883204309	0.0	0.05	80.14521789550781	5.0	196	1.0	0.065366	3.924	0	0	0	0	0	0		no_promoter_enhancer_in_queried_epic_tissues	False	not_assessed			not_assessed	pilot_only	not_validated	not_validated	insufficient_evidence_for_safe_harbor	1.050699083507061	67.26666666666667	3	25.0	39	False
ANO2/NTF3	NC_051831.1	39695824	39696824	1000	1.0416008331775666	1.0	64.11982497475599	0.0	0.05	80.14521789550781	5.0	178	1.0	0.044519	3.924	0	0	0	0	38	0		no_promoter_enhancer_in_queried_epic_tissues	False	not_assessed			not_assessed	pilot_only	not_validated	not_validated	insufficient_evidence_for_safe_harbor	1.0416078491210938	64.83333333333333	3	26.0	39	False
ANO2/NTF3	NC_051831.1	39696074	39697074	1000	1.1209515888690949	1.0	79.36721642544597	0.0	0.05	78.31339416503906	5.0	110	1.0	0.106298	3.757	0	0	0	0	288	0		no_promoter_enhancer_in_queried_epic_tissues	False	not_assessed			not_assessed	pilot_only	not_validated	not_validated	insufficient_evidence_for_safe_harbor	1.1209591332674027	79.73333333333333	14	25.0	36	False
ANO2/NTF3	NC_051831.1	39696324	39697324	1000	1.1400876256227492	1.0	81.45405587344328	0.0	0.1	88.16445922851562	2.0	110	1.0	0.088076	3.757	0	0	0	0	400	0		no_promoter_enhancer_in_queried_epic_tissues	False	not_assessed			not_assessed	pilot_only	not_validated	not_validated	insufficient_evidence_for_safe_harbor	1.1400952991247177	81.76666666666667	14	23.0	36	False
ANO2/NTF3	NC_051831.1	39696574	39697574	1000	1.093001482129097	1.0	75.36183103332212	0.0	0.1	88.16445922851562	2.0	171	1.0	0.09863	3.757	0	0	0	0	400	0		no_promoter_enhancer_in_queried_epic_tissues	False	not_assessed			not_assessed	pilot_only	not_validated	not_validated	insufficient_evidence_for_safe_harbor	1.093008836209774	75.93333333333334	14	22.5	36	False
ANO2/NTF3	NC_051831.1	39696824	39697824	1000	1.066553115427494	1.0	70.01009761023225	0.0	0.15	75.44297281901042	2.0	408	1.0	0.09903100000000001	3.757	0	0	0	0	362	0		no_promoter_enhancer_in_queried_epic_tissues	False	not_assessed			not_assessed	pilot_only	not_validated	not_validated	insufficient_evidence_for_safe_harbor	1.0665602802038192	70.56666666666666	14	22.0	33	False
ANO2/NTF3	NC_051831.1	39697074	39698074	1000	1.0107727922797203	1.0	56.0080780881858	0.0	0.126	75.2742212689112	2.0	408	1.0	0.08855900000000001	2.349	0	0	0	0	112	0		no_promoter_enhancer_in_queried_epic_tissues	False	not_assessed			not_assessed	pilot_only	not_validated	not_validated	insufficient_evidence_for_safe_harbor	1.010779592692852	56.96666666666667	14	23.0	33	False
ANO2/NTF3	NC_051831.1	39697324	39698324	1000	0.9877456040382385	1.0	48.19925950858297	0.0	0.05	50.0	2.0	408	1.0	0.12796000000000002	2.308	0	0	0	0	0	0		no_promoter_enhancer_in_queried_epic_tissues	False	not_assessed			not_assessed	pilot_only	not_validated	not_validated	insufficient_evidence_for_safe_harbor	0.9877522569894791	49.3	14	24.0	32	False
ANO2/NTF3	NC_051831.1	39697574	39698574	1000	1.067802903532982	1.0	70.27936721642544	0.0	0.05	50.0	2.0	263	1.0	0.078832	1.096	0	0	0	0	0	0		no_promoter_enhancer_in_queried_epic_tissues	False	not_assessed			not_assessed	pilot_only	not_validated	not_validated	insufficient_evidence_for_safe_harbor	1.067810100853443	70.8	14	25.5	36	False
ANO2/NTF3	NC_051831.1	39697824	39698824	1000	1.0555328477621078	1.0	67.72130595759003	0.0	0.05	79.51646423339844	8.0	186	1.0	0.08933499999999998	1.031	0	0	0	0	0	0		no_promoter_enhancer_in_queried_epic_tissues	False	not_assessed			not_assessed	pilot_only	not_validated	not_validated	insufficient_evidence_for_safe_harbor	1.0555399688482285	68.33333333333333	14	24.0	36	False
ANO2/NTF3	NC_051831.1	39698074	39699074	1000	1.1118465314507484	1.0	78.08818579602827	0.0	0.1	89.75823211669922	8.0	389	1.0	0.08119	3.108	0	0	0	0	0	0		no_promoter_enhancer_in_queried_epic_tissues	False	not_assessed			not_assessed	pilot_only	not_validated	not_validated	insufficient_evidence_for_safe_harbor	1.111854031085968	78.5	14	24.0	36	False
ANO2/NTF3	NC_051831.1	39698324	39699324	1000	1.173220605313778	1.0	85.02187815550319	0.0	0.1	89.75823211669922	8.0	513	1.0	0.038971000000000006	5.109	0	0	0	0	0	0		no_promoter_enhancer_in_queried_epic_tissues	False	not_assessed			not_assessed	pilot_only	not_validated	not_validated	insufficient_evidence_for_safe_harbor	1.1732285143136978	85.26666666666667	14	24.0	38	False
ANO2/NTF3	NC_051831.1	39698574	39699574	1000	1.1684329330325127	1.0	84.5506563446651	0.0	0.1	89.75823211669922	8.0	693	1.0	0.069663	5.109	0	0	0	0	0	0		no_promoter_enhancer_in_queried_epic_tissues	False	not_assessed			not_assessed	pilot_only	not_validated	not_validated	insufficient_evidence_for_safe_harbor	1.1684408090114593	84.83333333333334	14	23.5	38	False
ANO2/NTF3	NC_051831.1	39698824	39699824	1000	1.181438249051571	1.0	85.52675866711546	0.0	0.05	100.0	1.0	584	1.0	0.10491400000000001	5.109	0	0	0	0	54	54	MG	regulatory_annotation_present	False	not_assessed			not_assessed	pilot_only	not_validated	not_validated	regulatory_conflict_requires_resolution	1.1814462139010429	85.8	17	24.0	38	False
ANO2/NTF3	NC_051831.1	39699074	39700074	1000	1.2095951964855194	1.0	87.54628071356446	0.0	0.0		0.0	449	1.0	0.23256100000000005	5.861	0	0	0	0	304	304	MG	regulatory_annotation_present	False	not_assessed			not_assessed	pilot_only	not_validated	not_validated	regulatory_conflict_requires_resolution	1.2096033452153205	87.8	18	26.0	40	False
ANO2/NTF3	NC_051831.1	39699324	39700324	1000	1.1545615507960318	1.0	83.10333221137665	0.0	0.0		0.0	325	1.0	0.7915460000000001	10.137	0	0	0	0	554	400	MG	regulatory_annotation_present	False	not_assessed			not_assessed	pilot_only	not_validated	not_validated	regulatory_conflict_requires_resolution	1.1545693283081055	83.36666666666666	17	25.5	40	False
ANO2/NTF3	NC_051831.1	39699574	39700574	1000	1.0931974183917046	1.0	75.36183103332212	0.0	0.0		0.0	334	1.0	0.9132650000000001	10.137	0	0	0	0	600	400	MG	regulatory_annotation_present	False	not_assessed			not_assessed	pilot_only	not_validated	not_validated	regulatory_conflict_requires_resolution	1.0932047799229623	75.96666666666667	14	23.5	40	False
ANO2/NTF3	NC_051831.1	39699824	39700824	1000	1.0694390623569487	1.0	70.5822955233928	0.0	0.0		0.0	533	1.0	0.9290390000000002	10.137	0	0	0	0	600	400	CR;MG	regulatory_annotation_present	False	not_assessed			not_assessed	pilot_only	not_validated	not_validated	regulatory_conflict_requires_resolution	1.0694462618231773	71.06666666666666	7	22.0	40	False
ANO2/NTF3	NC_051831.1	39700074	39701074	1000	1.0071737837195396	1.0	54.52709525412319	0.0	0.05	87.65203094482422	3.0	517	1.0	0.8756339999999999	10.137	0	0	0	0	600	400	CR;MG	regulatory_annotation_present	False	not_assessed			not_assessed	pilot_only	not_validated	not_validated	regulatory_conflict_requires_resolution	1.0071805747747422	55.43333333333334	7	21.0	35	False
ANO2/NTF3	NC_051831.1	39700324	39701324	1000	1.0206036766171456	1.0	58.397845843150456	0.0	0.05	87.65203094482422	3.0	517	1.0	0.492389	6.686	0	0	0	0	600	554	CR	regulatory_annotation_present	False	not_assessed			not_assessed	pilot_only	not_validated	not_validated	regulatory_conflict_requires_resolution	1.020610552072525	59.233333333333334	7	22.0	35	False
ANO2/NTF3	NC_051831.1	39700574	39701574	1000	1.0362074744105338	1.0	62.73981824301582	0.0	0.05	87.65203094482422	3.0	302	1.0	0.506915	6.686	0	0	0	0	600	600	CR	regulatory_annotation_present	False	not_assessed			not_assessed	pilot_only	not_validated	not_validated	regulatory_conflict_requires_resolution	1.0362144575715064	63.43333333333333	7	22.0	35	False
ANO2/NTF3	NC_051831.1	39700824	39701824	1000	1.0371203011870385	1.0	62.87445304611242	0.0	0.05	87.65203094482422	3.0	52	1.0	0.474459	6.686	0	0	0	0	546	546	CR	regulatory_annotation_present	False	not_assessed			not_assessed	pilot_only	not_validated	not_validated	regulatory_conflict_requires_resolution	1.0371272910237312	63.6	14	24.0	35	False
ANO2/NTF3	NC_051831.1	39701074	39702074	1000	1.0002206940054894	1.0	52.339279703803435	0.0	0.0		0.0	192	1.0	0.422962	6.686	0	0	0	0	296	296	CR	regulatory_annotation_present	False	not_assessed			not_assessed	pilot_only	not_validated	not_validated	regulatory_conflict_requires_resolution	1.000227429807186	53.333333333333336	12	23.0	31	False
ANO2/NTF3	NC_051831.1	39701324	39702324	1000	0.9361120317578315	1.0	28.879165264220802	0.0	0.0		0.0	442	1.0	0.272986	4.776	0	0	0	0	46	46	CR	regulatory_annotation_present	False	not_assessed			not_assessed	pilot_only	not_validated	not_validated	regulatory_conflict_requires_resolution	0.9361183443069458	30.433333333333334	12	20.0	31	False
ANO2/NTF3	NC_051831.1	39701574	39702574	1000	0.9361380031704902	1.0	28.879165264220802	0.0	0.0		0.0	591	1.0	0.137819	3.509	0	0	0	0	0	0		no_promoter_enhancer_in_queried_epic_tissues	False	not_assessed			not_assessed	pilot_only	not_validated	not_validated	insufficient_evidence_for_safe_harbor	0.9361443158984184	30.433333333333334	12	20.0	32	False
ANO2/NTF3	NC_051831.1	39701824	39702824	1000	0.9470050448179245	1.0	32.884550656344665	0.0	0.0		0.0	591	1.0	0.15478199999999998	3.817	0	0	0	0	0	0		no_promoter_enhancer_in_queried_epic_tissues	False	not_assessed			not_assessed	pilot_only	not_validated	not_validated	insufficient_evidence_for_safe_harbor	0.947011430323124	34.300000000000004	12	18.0	32	False
ANO2/NTF3	NC_051831.1	39702074	39703074	1000	0.9972005804181099	1.0	51.19488387748233	0.0	0.0		0.0	503	1.0	0.187133	3.961	0	0	0	0	106	0		no_promoter_enhancer_in_queried_epic_tissues	False	not_assessed			not_assessed	pilot_only	not_validated	not_validated	insufficient_evidence_for_safe_harbor	0.9972073001265526	52.26666666666666	14	20.5	32	False
ANO2/NTF3	NC_051831.1	39702324	39703324	1000	1.05428501445055	1.0	67.51935375294514	0.0	0.0		0.0	474	1.0	0.195595	3.961	0	0	0	0	356	0		no_promoter_enhancer_in_queried_epic_tissues	False	not_assessed			not_assessed	pilot_only	not_validated	not_validated	insufficient_evidence_for_safe_harbor	1.0542921180725098	68.13333333333334	15	22.0	33	False
ANO2/NTF3	NC_051831.1	39702574	39703574	1000	1.0991909295916558	1.0	76.23695725345002	0.0	0.0		0.0	325	1.0	0.23682799999999998	3.961	0	0	0	0	606	0		no_promoter_enhancer_in_queried_epic_tissues	False	not_assessed			not_assessed	pilot_only	not_validated	not_validated	insufficient_evidence_for_safe_harbor	1.0991983433365822	76.8	15	23.5	33	False
ANO2/NTF3	NC_051831.1	39702824	39703824	1000	1.1179941820502282	1.0	78.82867721305958	0.0	0.0		0.0	325	1.0	0.244101	4.003	0	0	0	0	856	0		no_promoter_enhancer_in_queried_epic_tissues	False	not_assessed			not_assessed	pilot_only	not_validated	not_validated	insufficient_evidence_for_safe_harbor	1.1180017204880714	79.23333333333333	15	25.0	33	False
ANO2/NTF3	NC_051831.1	39703074	39704074	1000	1.0495080338120462	1.0	66.50959272972064	0.0	0.0		0.0	418	1.0	0.24353799999999998	4.003	0	0	0	0	894	0		no_promoter_enhancer_in_queried_epic_tissues	False	not_assessed			not_assessed	pilot_only	not_validated	not_validated	insufficient_evidence_for_safe_harbor	1.0495151077508926	67.13333333333334	10	24.5	33	False
ANO2/NTF3	NC_051831.1	39703324	39704324	1000	0.9408617807626725	1.0	30.62941770447661	0.0	0.0		0.0	370	1.0	0.276231	4.217	0	0	0	0	644	0		no_promoter_enhancer_in_queried_epic_tissues	False	not_assessed			not_assessed	pilot_only	not_validated	not_validated	insufficient_evidence_for_safe_harbor	0.9408681206703186	31.966666666666665	6	20.0	32	False
ANO2/NTF3	NC_051831.1	39703574	39704574	1000	0.8893141751885414	1.0	14.877145742174353	0.0	0.0		0.0	477	0.992	0.2499112903225807	4.217	0	0	0	0	394	0		no_promoter_enhancer_in_queried_epic_tissues	False	not_assessed			not_assessed	pilot_only	not_validated	not_validated	insufficient_evidence_for_safe_harbor	0.8893201643228531	16.566666666666666	6	17.0	27	False
ANO2/NTF3	NC_051831.1	39703824	39704824	1000	0.8408178894519805	1.0	6.327835745540222	0.0	0.0		0.0	719	0.992	0.1916421370967742	4.217	0	0	0	0	144	0		no_promoter_enhancer_in_queried_epic_tissues	False	not_assessed			not_assessed	pilot_only	not_validated	not_validated	insufficient_evidence_for_safe_harbor	0.8408235582113266	8.466666666666667	6	16.0	27	False
ANO2/NTF3	NC_051831.1	39704074	39705074	1000	0.8401317307949067	1.0	6.327835745540222	0.0	0.1	87.59684371948242	54.0	540	0.992	0.12269758064516129	4.217	0	0	0	0	0	0		no_promoter_enhancer_in_queried_epic_tissues	False	not_assessed			not_assessed	pilot_only	not_validated	not_validated	insufficient_evidence_for_safe_harbor	0.8401373979449273	8.466666666666667	6	15.0	26	False
ANO2/NTF3	NC_051831.1	39704324	39705324	1000	0.8755407056212425	1.0	12.083473577919893	0.0	0.1	87.59684371948242	54.0	534	0.992	0.07467540322580646	3.439	0	0	0	0	0	0		no_promoter_enhancer_in_queried_epic_tissues	False	not_assessed			not_assessed	pilot_only	not_validated	not_validated	insufficient_evidence_for_safe_harbor	0.8755466123223304	13.866666666666665	11	16.0	26	False
ANO2/NTF3	NC_051831.1	39704574	39705574	1000	0.8597841555476189	1.0	9.289801413665433	0.0	0.1	87.59684371948242	54.0	677	1.0	0.231393	5.149	0	0	0	0	198	0		no_promoter_enhancer_in_queried_epic_tissues	False	not_assessed			not_assessed	pilot_only	not_validated	not_validated	insufficient_evidence_for_safe_harbor	0.8597899586558342	11.233333333333333	11	16.0	24	False
ANO2/NTF3	NC_051831.1	39704824	39705824	1000	0.9114117379784584	1.0	21.204981487714576	0.0	0.1	87.59684371948242	54.0	685	1.0	0.49643100000000007	5.517	0	0	0	0	400	0		no_promoter_enhancer_in_queried_epic_tissues	False	not_assessed			not_assessed	pilot_only	not_validated	not_validated	insufficient_evidence_for_safe_harbor	0.9114178845882416	22.900000000000002	11	15.5	26	False
ANO2/NTF3	NC_051831.1	39705074	39706074	1000	0.8960403813123703	1.0	16.96398519017166	0.0	0.0		0.0	917	1.0	0.7792720000000001	6.657	0	0	0	0	400	0		no_promoter_enhancer_in_queried_epic_tissues	False	not_assessed			not_assessed	pilot_only	not_validated	not_validated	insufficient_evidence_for_safe_harbor	0.8960464218854904	18.633333333333333	7	15.0	28	False
ANO2/NTF3	NC_051831.1	39705324	39706324	1000	0.9110519106984138	1.0	21.036687983843823	0.0	0.0		0.0	868	1.0	0.798394	6.657	0	0	0	0	400	0		no_promoter_enhancer_in_queried_epic_tissues	False	not_assessed			not_assessed	pilot_only	not_validated	not_validated	insufficient_evidence_for_safe_harbor	0.9110580527186394	22.733333333333334	7	15.0	28	False
ANO2/NTF3	NC_051831.1	39705574	39706574	1000	0.909336904168129	1.0	20.59912487377987	0.0	0.024	83.1750717163086	3.0	711	1.0	0.6131030000000001	6.657	0	0	0	0	202	0		no_promoter_enhancer_in_queried_epic_tissues	False	not_assessed			not_assessed	pilot_only	not_validated	not_validated	insufficient_evidence_for_safe_harbor	0.9093430263400077	22.3	7	15.5	28	False
ANO2/NTF3	NC_051831.1	39705824	39706824	1000	0.8935280366539955	1.0	16.156176371592057	0.0	0.15	74.50305684407552	4.0	547	1.0	0.36625	6.657	0	0	0	0	0	0		no_promoter_enhancer_in_queried_epic_tissues	False	not_assessed			not_assessed	pilot_only	not_validated	not_validated	insufficient_evidence_for_safe_harbor	0.8935340604186058	17.8	7	17.0	30	False
ANO2/NTF3	NC_051831.1	39706074	39707074	1000	0.8993716809153557	1.0	17.771794008751264	0.0	0.15	74.50305684407552	4.0	493	1.0	0.132113	3.27	0	0	0	0	0	0		no_promoter_enhancer_in_queried_epic_tissues	False	not_assessed			not_assessed	pilot_only	not_validated	not_validated	insufficient_evidence_for_safe_harbor	0.8993777428269386	19.466666666666665	7	18.5	30	False
ANO2/NTF3	NC_051831.1	39706324	39707324	1000	0.9109834789633751	1.0	21.036687983843823	0.0	0.15	74.50305684407552	4.0	624	1.0	0.102304	2.738	0	0	0	0	0	0		no_promoter_enhancer_in_queried_epic_tissues	False	not_assessed			not_assessed	pilot_only	not_validated	not_validated	insufficient_evidence_for_safe_harbor	0.9109896179437638	22.733333333333334	7	21.0	30	False
ANO2/NTF3	NC_051831.1	39706574	39707574	1000	0.9670088530778885	1.0	40.69336923594749	0.0	0.126	72.8512444874597	4.0	680	1.0	0.16458300000000003	2.79	0	0	0	0	0	0		no_promoter_enhancer_in_queried_epic_tissues	False	not_assessed			not_assessed	pilot_only	not_validated	not_validated	insufficient_evidence_for_safe_harbor	0.9670153641104698	41.833333333333336	11	24.0	34	False
ANO2/NTF3	NC_051831.1	39706824	39707824	1000	1.025942068040371	1.0	59.979804779535506	0.0	0.024	100.0	1.0	715	1.0	0.12193800000000002	3.703	0	0	0	0	0	0		no_promoter_enhancer_in_queried_epic_tissues	False	not_assessed			not_assessed	pilot_only	not_validated	not_validated	insufficient_evidence_for_safe_harbor	1.0259489685297012	60.766666666666666	11	25.0	46	False
ANO2/NTF3	NC_051831.1	39707074	39708074	1000	1.1056008404493332	1.0	77.11208347357793	0.0	0.05	100.0	1.0	616	1.0	0.04341099999999999	3.703	0	0	0	0	0	0		no_promoter_enhancer_in_queried_epic_tissues	False	not_assessed			not_assessed	pilot_only	not_validated	not_validated	insufficient_evidence_for_safe_harbor	1.1056082767248154	77.53333333333333	14	27.0	46	False
ANO2/NTF3	NC_051831.1	39707324	39708324	1000	1.155184965491295	1.0	83.23796701447324	0.0	0.05	100.0	1.0	367	1.0	-0.010303000000000012	3.703	0	0	0	0	0	0		no_promoter_enhancer_in_queried_epic_tissues	False	not_assessed			not_assessed	pilot_only	not_validated	not_validated	insufficient_evidence_for_safe_harbor	1.1551927344799042	83.46666666666667	16	28.0	46	False
ANO2/NTF3	NC_051831.1	39707574	39708574	1000	1.2145478156208993	1.0	88.15213732749916	1.0	0.05	100.0	1.0	218	1.0	-0.045788999999999996	4.045	0	0	0	0	0	0		no_promoter_enhancer_in_queried_epic_tissues	False	not_assessed			not_assessed	pilot_only	not_validated	not_validated	insufficient_evidence_for_safe_harbor	1.214555986583233	88.36666666666667	16	32.0	46	False
ANO2/NTF3	NC_051831.1	39707824	39708824	1000	1.2305474768280984	1.0	89.29653315382026	1.0	0.126	40.60024079822359	2.0	97	1.0	-0.03409	4.045	0	0	0	0	0	0		no_promoter_enhancer_in_queried_epic_tissues	False	not_assessed			not_assessed	pilot_only	not_validated	not_validated	insufficient_evidence_for_safe_harbor	1.23055576056242	89.5	16	31.5	43	True
ANO2/NTF3	NC_051831.1	39708074	39709074	1000	1.2570947512984276	1.0	90.37361157859307	1.0	0.15	48.72968037923177	12.0	0	1.0	0.18462199999999998	7.874	0	0	0	0	0	0		no_promoter_enhancer_in_queried_epic_tissues	False	not_assessed			not_assessed	pilot_only	not_validated	not_validated	insufficient_evidence_for_safe_harbor	1.2571032155752182	90.56666666666666	21	35.0	43	True
ANO2/NTF3	NC_051831.1	39708324	39709324	1000	1.2618632763624191	1.0	90.54190508246381	1.0	0.25	69.23780822753906	12.0	81	1.0	0.23652299999999998	7.874	0	0	0	0	0	0		no_promoter_enhancer_in_queried_epic_tissues	False	not_assessed			not_assessed	pilot_only	not_validated	not_validated	insufficient_evidence_for_safe_harbor	1.2618717719316483	90.76666666666667	23	35.0	43	True
ANO2/NTF3	NC_051831.1	39708574	39709574	1000	1.202812195301056	1.0	86.87310669808146	1.0	0.25	69.23780822753906	12.0	127	1.0	0.19719600000000004	7.874	0	0	0	0	0	0		no_promoter_enhancer_in_queried_epic_tissues	False	not_assessed			not_assessed	pilot_only	not_validated	not_validated	insufficient_evidence_for_safe_harbor	1.2028202957510947	87.13333333333333	19	33.0	41	False
ANO2/NTF3	NC_051831.1	39708824	39709824	1000	1.1845578733086586	1.0	85.79602827330865	0.0	0.2	86.46910858154297	12.0	127	1.0	0.327359	7.874	0	0	0	0	0	0		no_promoter_enhancer_in_queried_epic_tissues	False	not_assessed			not_assessed	pilot_only	not_validated	not_validated	insufficient_evidence_for_safe_harbor	1.1845658502578735	86.03333333333333	19	31.5	41	False
ANO2/NTF3	NC_051831.1	39709074	39710074	1000	1.1708497311472892	1.0	84.6852911477617	0.0	0.2	84.16027069091797	28.0	208	0.999	0.1231041041041041	5.924	0	0	0	0	0	0		no_promoter_enhancer_in_queried_epic_tissues	False	not_assessed			not_assessed	pilot_only	not_validated	not_validated	insufficient_evidence_for_safe_harbor	1.170857607126236	84.96666666666667	19	31.0	39	False
ANO2/NTF3	NC_051831.1	39709324	39710324	1000	1.1917044458985329	1.0	86.0316391787277	0.0	0.2	76.48742294311523	33.0	377	0.999	0.06870870870870871	5.924	0	0	0	0	0	0		no_promoter_enhancer_in_queried_epic_tissues	False	not_assessed			not_assessed	pilot_only	not_validated	not_validated	insufficient_evidence_for_safe_harbor	1.1917124618291854	86.3	19	28.0	39	False
ANO2/NTF3	NC_051831.1	39709574	39710574	1000	1.1984931824803353	1.0	86.53651969033996	0.0	0.274	72.350438946355	42.0	555	0.999	0.07760360360360365	5.924	0	0	0	0	0	0		no_promoter_enhancer_in_queried_epic_tissues	False	not_assessed			not_assessed	pilot_only	not_validated	not_validated	insufficient_evidence_for_safe_harbor	1.1985012496709824	86.83333333333333	21	28.0	39	True
ANO2/NTF3	NC_051831.1	39709824	39710824	1000	1.2174676079750062	1.0	88.35408953214406	0.0	0.374	79.05569113257097	68.0	565	0.997	0.032613841524573736	7.36	0	0	0	0	0	0		no_promoter_enhancer_in_queried_epic_tissues	False	not_assessed			not_assessed	pilot_only	not_validated	not_validated	insufficient_evidence_for_safe_harbor	1.217475793838501	88.6	21	27.5	39	True
ANO2/NTF3	NC_051831.1	39710074	39711074	1000	1.1974564841389657	1.0	86.5028609895658	0.0	0.4	72.16023921966553	68.0	520	0.998	0.26256312625250494	10.827	0	0	0	0	106	0		no_promoter_enhancer_in_queried_epic_tissues	False	not_assessed			not_assessed	pilot_only	not_validated	not_validated	insufficient_evidence_for_safe_harbor	1.1974645456671715	86.8	7	26.0	35	True
ANO2/NTF3	NC_051831.1	39710324	39711324	1000	1.1854764267802238	1.0	85.79602827330865	0.0	0.3	67.99555079142253	68.0	270	0.998	0.5026182364729459	10.827	0	0	0	0	356	0		no_promoter_enhancer_in_queried_epic_tissues	False	not_assessed			not_assessed	pilot_only	not_validated	not_validated	insufficient_evidence_for_safe_harbor	1.1854844123721122	86.03333333333333	7	28.0	35	True
ANO2/NTF3	NC_051831.1	39710574	39711574	1000	1.1906539134979248	1.0	85.99798047795355	0.0	0.276	75.62365780705991	68.0	256	0.998	0.4994498997995992	10.827	0	0	0	0	606	0		no_promoter_enhancer_in_queried_epic_tissues	False	not_assessed			not_assessed	pilot_only	not_validated	not_validated	insufficient_evidence_for_safe_harbor	1.1906619356870651	86.26666666666667	7	27.5	35	True
ANO2/NTF3	NC_051831.1	39710824	39711824	1000	1.156086561203003	1.0	83.47357791989229	0.0	0.15	72.4906827290853	45.0	292	1.0	0.5881559999999999	10.827	0	0	0	0	856	0		no_promoter_enhancer_in_queried_epic_tissues	False	not_assessed			not_assessed	pilot_only	not_validated	not_validated	insufficient_evidence_for_safe_harbor	1.1560943571925164	83.7	7	27.0	32	False
ANO2/NTF3	NC_051831.1	39711074	39712074	1000	1.1908730967640877	1.0	86.0316391787277	0.0	0.2	95.54824829101562	55.0	256	1.0	0.39129400000000003	9.005	0	0	0	0	1000	0		no_promoter_enhancer_in_queried_epic_tissues	False	not_assessed			not_assessed	pilot_only	not_validated	not_validated	insufficient_evidence_for_safe_harbor	1.1908811285495757	86.3	19	27.0	32	False
ANO2/NTF3	NC_051831.1	39711324	39712324	1000	1.2083487263917922	1.0	87.37798720969371	0.0	0.2	95.54824829101562	55.0	405	1.0	0.19746699999999998	8.074	0	0	0	0	1000	0		no_promoter_enhancer_in_queried_epic_tissues	False	not_assessed			not_assessed	pilot_only	not_validated	not_validated	insufficient_evidence_for_safe_harbor	1.208356877565384	87.63333333333333	19	26.5	32	False
ANO2/NTF3	NC_051831.1	39711574	39712574	1000	1.2191604986786841	1.0	88.42140693369235	0.0	0.15	94.0643310546875	55.0	195	1.0	0.2122	8.074	0	0	0	0	1000	0		no_promoter_enhancer_in_queried_epic_tissues	False	not_assessed			not_assessed	pilot_only	not_validated	not_validated	insufficient_evidence_for_safe_harbor	1.219168720960617	88.66666666666667	19	26.5	35	False
ANO2/NTF3	NC_051831.1	39711824	39712824	1000	1.1855807359814643	1.0	85.79602827330865	0.0	0.126	94.16959199451264	55.0	224	0.999	0.05604904904904905	5.371	0	0	0	0	999	0		no_promoter_enhancer_in_queried_epic_tissues	False	not_assessed			not_assessed	pilot_only	not_validated	not_validated	insufficient_evidence_for_safe_harbor	1.1855887351632117	86.03333333333333	13	26.0	35	False
ANO2/NTF3	NC_051831.1	39712074	39713074	1000	1.1050998982787132	1.0	77.04476607202963	0.0	0.0		0.0	311	0.992	0.04874495967741935	5.371	0	0	0	0	887	0		no_promoter_enhancer_in_queried_epic_tissues	False	not_assessed			not_assessed	pilot_only	not_validated	not_validated	insufficient_evidence_for_safe_harbor	1.1051073580384254	77.5	8	25.0	35	False
ANO2/NTF3	NC_051831.1	39712324	39713324	1000	1.0998682574629783	1.0	76.40525075732076	0.0	0.0		0.0	193	0.992	0.06004637096774194	5.371	0	0	0	0	637	0		no_promoter_enhancer_in_queried_epic_tissues	False	not_assessed			not_assessed	pilot_only	not_validated	not_validated	insufficient_evidence_for_safe_harbor	1.0998756876587867	76.96666666666667	8	26.0	39	False
ANO2/NTF3	NC_051831.1	39712574	39713574	1000	1.123619801223278	1.0	79.63648603163918	0.0	0.0		0.0	294	0.992	0.07246774193548386	4.766	0	0	0	0	387	0		no_promoter_enhancer_in_queried_epic_tissues	False	not_assessed			not_assessed	pilot_only	not_validated	not_validated	insufficient_evidence_for_safe_harbor	1.1236273912787438	80.0	8	26.5	39	False
ANO2/NTF3	NC_051831.1	39712824	39713824	1000	1.2122107046246529	1.0	87.95018512285426	0.0	0.074	88.42747002678948	18.0	295	0.991	0.06312613521695257	4.609	0	0	0	0	138	0		no_promoter_enhancer_in_queried_epic_tissues	False	not_assessed			not_assessed	pilot_only	not_validated	not_validated	insufficient_evidence_for_safe_harbor	1.212218887925148	88.16666666666667	8	31.0	39	False
ANO2/NTF3	NC_051831.1	39713074	39714074	1000	1.2730091723799706	1.0	90.94580949175362	0.0	0.1	88.27061080932617	18.0	208	0.998	0.2697985971943888	5.545	0	0	0	0	0	0		no_promoter_enhancer_in_queried_epic_tissues	False	not_assessed			not_assessed	pilot_only	not_validated	not_validated	insufficient_evidence_for_safe_harbor	1.2730177615284919	91.16666666666666	23	31.0	39	True
ANO2/NTF3	NC_051831.1	39713324	39714324	1000	1.213932319700718	1.0	88.11847862672501	0.0	0.15	84.84192911783855	18.0	177	0.998	0.3685100200400802	5.545	0	0	0	0	0	0		no_promoter_enhancer_in_queried_epic_tissues	False	not_assessed			not_assessed	pilot_only	not_validated	not_validated	insufficient_evidence_for_safe_harbor	1.2139405017495155	88.33333333333333	20	30.0	37	False
ANO2/NTF3	NC_051831.1	39713574	39714574	1000	1.107130462229252	1.0	77.38135307977112	0.0	0.2	88.6314468383789	18.0	150	0.998	0.7822054108216434	8.428	0	0	0	0	203	0		no_promoter_enhancer_in_queried_epic_tissues	False	not_assessed			not_assessed	pilot_only	not_validated	not_validated	insufficient_evidence_for_safe_harbor	1.1071379232406615	77.83333333333333	16	27.0	36	False
ANO2/NTF3	NC_051831.1	39713824	39714824	1000	1.0519698803424835	1.0	66.87983843823628	0.0	0.226	93.72856896324495	18.0	106	1.0	0.818303	8.428	0	0	0	0	453	0		no_promoter_enhancer_in_queried_epic_tissues	False	not_assessed			not_assessed	pilot_only	not_validated	not_validated	insufficient_evidence_for_safe_harbor	1.0519769693613052	67.46666666666667	16	26.0	35	False
ANO2/NTF3	NC_051831.1	39714074	39715074	1000	1.012198033094406	1.0	56.47929989902389	0.0	0.274	77.73440980563198	7.0	121	1.0	0.6017830000000002	8.428	0	0	0	0	600	0		no_promoter_enhancer_in_queried_epic_tissues	False	not_assessed			not_assessed	pilot_only	not_validated	not_validated	insufficient_evidence_for_safe_harbor	1.012204854130745	57.43333333333334	13	22.5	34	True
ANO2/NTF3	NC_051831.1	39714324	39715324	1000	1.0686179481744766	1.0	70.48131942107034	0.0	0.3	79.26044464111328	4.0	290	1.0	0.498759	8.428	0	0	0	0	600	0		no_promoter_enhancer_in_queried_epic_tissues	False	not_assessed			not_assessed	pilot_only	not_validated	not_validated	insufficient_evidence_for_safe_harbor	1.068625153362751	70.96666666666667	13	23.5	45	False
ANO2/NTF3	NC_051831.1	39714574	39715574	1000	1.0514165391325951	1.0	66.77886233591383	0.0	0.25	75.11253356933594	4.0	278	1.0	0.045844	4.709	0	0	0	0	397	0		no_promoter_enhancer_in_queried_epic_tissues	False	not_assessed			not_assessed	pilot_only	not_validated	not_validated	insufficient_evidence_for_safe_harbor	1.0514236317873	67.43333333333334	6	23.5	45	False
ANO2/NTF3	NC_051831.1	39714824	39715824	1000	0.9477739344239235	1.0	33.052844160215415	0.0	0.174	50.449042484678074	4.0	302	1.0	0.07694000000000001	4.817	0	0	0	0	147	0		no_promoter_enhancer_in_queried_epic_tissues	False	not_assessed			not_assessed	pilot_only	not_validated	not_validated	insufficient_evidence_for_safe_harbor	0.9477803318500518	34.5	6	17.0	45	True
ANO2/NTF3	NC_051831.1	39715074	39716074	1000	0.9184123861193657	1.0	23.291820935711883	0.0	0.226	65.04330761664737	5.0	315	1.0	0.09814799999999999	4.817	0	0	0	0	0	0		no_promoter_enhancer_in_queried_epic_tissues	False	not_assessed			not_assessed	pilot_only	not_validated	not_validated	insufficient_evidence_for_safe_harbor	0.9184185872673989	24.933333333333334	6	16.0	45	True
ANO2/NTF3	NC_051831.1	39715324	39716324	1000	0.8130401811599731	1.0	3.7697744867048133	0.0	0.15	55.47769419352213	5.0	189	1.0	0.100908	4.817	0	0	0	0	0	0		no_promoter_enhancer_in_queried_epic_tissues	False	not_assessed			not_assessed	pilot_only	not_validated	not_validated	insufficient_evidence_for_safe_harbor	0.8130456749200821	5.8999999999999995	6	14.0	34	False
ANO2/NTF3	NC_051831.1	39715574	39716574	1000	0.8453330183029175	1.0	6.731740154830024	0.0	0.15	55.47769419352213	5.0	127	1.0	0.17093200000000003	4.817	0	0	0	0	0	0		no_promoter_enhancer_in_queried_epic_tissues	False	not_assessed			not_assessed	pilot_only	not_validated	not_validated	insufficient_evidence_for_safe_harbor	0.8453387283086776	8.833333333333334	6	15.0	26	False
ANO2/NTF3	NC_051831.1	39715824	39716824	1000	0.9029416347742081	1.0	18.444968024234264	0.0	0.126	66.0448740399073	5.0	71	1.0	0.130447	3.865	0	0	0	0	0	0		no_promoter_enhancer_in_queried_epic_tissues	False	not_assessed			not_assessed	pilot_only	not_validated	not_validated	insufficient_evidence_for_safe_harbor	0.9029477318525314	20.233333333333334	6	16.0	27	False
ANO2/NTF3	NC_051831.1	39716074	39717074	1000	0.928446663916111	1.0	26.321104005385394	0.0	0.0		0.0	108	1.0	0.13692600000000002	4.063	0	0	0	0	0	0		no_promoter_enhancer_in_queried_epic_tissues	False	not_assessed			not_assessed	pilot_only	not_validated	not_validated	insufficient_evidence_for_safe_harbor	0.9284529249668121	27.866666666666667	6	16.0	27	False
ANO2/NTF3	NC_051831.1	39716324	39717324	1000	0.9385147609710693	1.0	29.787950185122853	0.0	0.0		0.0	142	0.999	0.1747997997997998	4.063	0	0	0	0	0	0		no_promoter_enhancer_in_queried_epic_tissues	False	not_assessed			not_assessed	pilot_only	not_validated	not_validated	insufficient_evidence_for_safe_harbor	0.938521084845066	31.2	9	17.0	30	False
ANO2/NTF3	NC_051831.1	39716574	39717574	1000	0.9387664570212364	1.0	29.888926287445305	0.0	0.0		0.0	347	0.999	0.10912312312312314	4.063	0	0	0	0	0	0		no_promoter_enhancer_in_queried_epic_tissues	False	not_assessed			not_assessed	pilot_only	not_validated	not_validated	insufficient_evidence_for_safe_harbor	0.9387727809548378	31.3	9	19.0	30	False
ANO2/NTF3	NC_051831.1	39716824	39717824	1000	0.9541234768629074	1.0	35.678222820599125	0.0	0.05	93.32223510742188	5.0	458	0.999	0.10278578578578577	4.063	0	0	0	0	56	56	MG	regulatory_annotation_present	False	not_assessed			not_assessed	pilot_only	not_validated	not_validated	regulatory_conflict_requires_resolution	0.9541298977136612	37.0	9	20.0	31	False
ANO2/NTF3	NC_051831.1	39717074	39718074	1000	0.9719175120592117	1.0	42.376304274655	0.0	0.05	93.32223510742188	5.0	393	0.999	0.392041041041041	7.255	0	0	0	0	306	306	MG	regulatory_annotation_present	False	not_assessed			not_assessed	pilot_only	not_validated	not_validated	regulatory_conflict_requires_resolution	0.9719240572452545	43.46666666666666	10	21.0	31	False
ANO2/NTF3	NC_051831.1	39717324	39718324	1000	1.0551705580949784	1.0	67.65398855604174	0.0	0.05	93.32223510742188	5.0	316	1.0	0.49021699999999996	7.255	0	0	0	0	556	556	MG	regulatory_annotation_present	False	not_assessed			not_assessed	pilot_only	not_validated	not_validated	regulatory_conflict_requires_resolution	1.0551776739358902	68.26666666666667	13	24.0	33	False
ANO2/NTF3	NC_051831.1	39717574	39718574	1000	1.0939679635763169	1.0	75.56378323796702	0.0	0.05	93.32223510742188	5.0	173	1.0	0.5553980000000001	7.255	0	0	0	0	797	597	MG	regulatory_annotation_present	False	not_assessed			not_assessed	pilot_only	not_validated	not_validated	regulatory_conflict_requires_resolution	1.0939753382802009	76.1	13	23.0	33	False
ANO2/NTF3	NC_051831.1	39717824	39718824	1000	1.048038599729538	1.0	65.93739481656009	0.0	0.0		0.0	104	1.0	0.577082	7.255	0	0	0	0	800	541	MG	regulatory_annotation_present	False	not_assessed			not_assessed	pilot_only	not_validated	not_validated	regulatory_conflict_requires_resolution	1.0480456681847572	66.63333333333334	8	21.5	33	False
ANO2/NTF3	NC_051831.1	39718074	39719074	1000	1.0679600982666015	1.0	70.34668461797374	0.0	0.0		0.0	214	1.0	0.258	6.163	0	0	0	0	800	291	MG	regulatory_annotation_present	False	not_assessed			not_assessed	pilot_only	not_validated	not_validated	regulatory_conflict_requires_resolution	1.0679672955274582	70.83333333333334	8	23.0	33	False
ANO2/NTF3	NC_051831.1	39718324	39719324	1000	1.0587547464370728	1.0	68.4281386738472	0.0	0.0		0.0	464	1.0	0.176483	4.756	0	0	0	0	800	41	MG	regulatory_annotation_present	False	not_assessed			not_assessed	pilot_only	not_validated	not_validated	regulatory_conflict_requires_resolution	1.0587618690133094	69.03333333333333	8	23.0	33	False
ANO2/NTF3	NC_051831.1	39718574	39719574	1000	1.0672832156419754	1.0	70.2457085156513	0.0	0.0		0.0	652	1.0	0.19269999999999998	4.756	0	0	0	0	600	0		no_promoter_enhancer_in_queried_epic_tissues	False	not_assessed			not_assessed	pilot_only	not_validated	not_validated	insufficient_evidence_for_safe_harbor	1.0672903981804849	70.76666666666667	8	24.0	33	False
ANO2/NTF3	NC_051831.1	39718824	39719824	1000	1.105297448039055	1.0	77.04476607202963	0.0	0.0		0.0	698	1.0	0.128585	4.756	0	0	0	0	541	0		no_promoter_enhancer_in_queried_epic_tissues	False	not_assessed			not_assessed	pilot_only	not_validated	not_validated	insufficient_evidence_for_safe_harbor	1.1053048865795136	77.5	10	26.0	33	False
ANO2/NTF3	NC_051831.1	39719074	39720074	1000	1.050353703200817	1.0	66.61056883204309	1.0	0.0		0.0	630	1.0	0.154376	4.756	0	0	0	0	291	0		no_promoter_enhancer_in_queried_epic_tissues	False	not_assessed			not_assessed	pilot_only	not_validated	not_validated	insufficient_evidence_for_safe_harbor	1.0503607817292213	67.26666666666667	7	24.0	33	False
ANO2/NTF3	NC_051831.1	39719324	39720324	1000	1.029248135983944	1.0	60.78761359811511	1.0	0.0		0.0	504	1.0	0.11465600000000001	3.533	0	0	0	0	41	0		no_promoter_enhancer_in_queried_epic_tissues	False	not_assessed			not_assessed	pilot_only	not_validated	not_validated	insufficient_evidence_for_safe_harbor	1.0292550736069679	61.56666666666667	7	23.0	34	False
ANO2/NTF3	NC_051831.1	39719574	39720574	1000	1.035546737611294	1.0	62.436889936048466	1.0	0.0		0.0	282	1.0	0.083251	4.298	0	0	0	0	0	0		no_promoter_enhancer_in_queried_epic_tissues	False	not_assessed			not_assessed	pilot_only	not_validated	not_validated	insufficient_evidence_for_safe_harbor	1.0355537099838257	63.16666666666667	7	24.0	37	False
ANO2/NTF3	NC_051831.1	39719824	39720824	1000	0.9976663349866867	1.0	51.46415348367553	1.0	0.0		0.0	194	1.0	0.105508	4.298	0	0	0	0	0	0		no_promoter_enhancer_in_queried_epic_tissues	False	not_assessed			not_assessed	pilot_only	not_validated	not_validated	insufficient_evidence_for_safe_harbor	0.9976730562448501	52.53333333333333	7	22.0	37	False
ANO2/NTF3	NC_051831.1	39720074	39721074	1000	1.0590035477280617	1.0	68.52911477616964	1.0	0.0		0.0	197	1.0	0.093728	4.298	0	0	0	0	0	0		no_promoter_enhancer_in_queried_epic_tissues	False	not_assessed			not_assessed	pilot_only	not_validated	not_validated	insufficient_evidence_for_safe_harbor	1.0590106739997864	69.13333333333334	10	24.5	37	False
ANO2/NTF3	NC_051831.1	39720324	39721324	1000	1.0765830404162406	1.0	71.9959609559071	0.0	0.0		0.0	323	1.0	0.122119	4.298	0	0	0	0	0	0		no_promoter_enhancer_in_queried_epic_tissues	False	not_assessed			not_assessed	pilot_only	not_validated	not_validated	insufficient_evidence_for_safe_harbor	1.0765902816057205	72.43333333333334	10	23.0	37	False
ANO2/NTF3	NC_051831.1	39720574	39721574	1000	1.0594917142391205	1.0	68.56277347694379	0.0	0.0		0.0	339	1.0	0.104311	4.221	0	0	0	0	0	0		no_promoter_enhancer_in_queried_epic_tissues	False	not_assessed			not_assessed	pilot_only	not_validated	not_validated	insufficient_evidence_for_safe_harbor	1.0594988455176353	69.16666666666667	10	21.5	32	False
ANO2/NTF3	NC_051831.1	39720824	39721824	1000	1.0918030665516854	1.0	75.26085493099967	0.0	0.0		0.0	448	1.0	0.180007	4.221	0	0	0	0	0	0		no_promoter_enhancer_in_queried_epic_tissues	False	not_assessed			not_assessed	pilot_only	not_validated	not_validated	insufficient_evidence_for_safe_harbor	1.0918104144334793	75.8	10	23.0	32	False
ANO2/NTF3	NC_051831.1	39721074	39722074	1000	1.0408254262804986	1.0	63.95153147088523	0.0	0.05	0.0	2.0	403	1.0	0.218277	4.117	0	0	0	0	0	0		no_promoter_enhancer_in_queried_epic_tissues	False	not_assessed			not_assessed	pilot_only	not_validated	not_validated	insufficient_evidence_for_safe_harbor	1.0408324288725852	64.66666666666666	11	23.0	32	False
ANO2/NTF3	NC_051831.1	39721324	39722324	1000	1.0219982677698136	1.0	58.93638505553685	0.0	0.124	50.42914335189327	69.0	153	1.0	0.167405	4.117	0	0	0	0	159	159	MG	regulatory_annotation_present	False	not_assessed			not_assessed	pilot_only	not_validated	not_validated	regulatory_conflict_requires_resolution	1.0220051438808442	59.73333333333334	11	24.0	32	False
ANO2/NTF3	NC_051831.1	39721574	39722574	1000	1.074109963595867	1.0	71.4574217435207	0.0	0.324	60.49490337607301	69.0	315	1.0	0.140691	6.307	0	0	0	0	409	409	LU;MG	regulatory_annotation_present	False	not_assessed			not_assessed	pilot_only	not_validated	not_validated	regulatory_conflict_requires_resolution	1.0741171886920928	71.93333333333334	11	25.0	39	False
ANO2/NTF3	NC_051831.1	39721824	39722824	1000	1.11501198720932	1.0	78.45843150454392	0.0	0.474	56.64066718701069	69.0	237	1.0	0.164094	6.439	0	0	0	0	659	659	LU;MG	regulatory_annotation_present	False	not_assessed			not_assessed	pilot_only	not_validated	not_validated	regulatory_conflict_requires_resolution	1.1150194905996322	78.9	11	25.0	39	False
ANO2/NTF3	NC_051831.1	39722074	39723074	1000	1.167460138618946	1.0	84.44968024234265	0.0	0.45	61.587428622775604	69.0	237	1.0	1.1186239999999998	10.952	0	0	0	0	909	909	LU;MG	regulatory_annotation_present	False	not_assessed			not_assessed	pilot_only	not_validated	not_validated	regulatory_conflict_requires_resolution	1.1674680032730103	84.7	11	25.0	39	False
ANO2/NTF3	NC_051831.1	39722324	39723324	1000	1.2147397854328155	1.0	88.15213732749916	0.0	0.426	59.609633683038986	69.0	250	1.0	1.50078	10.952	0	0	0	0	1000	1000	LU;MG	regulatory_annotation_present	False	not_assessed			not_assessed	pilot_only	not_validated	not_validated	regulatory_conflict_requires_resolution	1.2147479669451713	88.36666666666667	16	27.0	39	False
ANO2/NTF3	NC_051831.1	39722574	39723574	1000	1.1768532670140266	1.0	85.19017165937395	0.0	0.226	53.30340279098105	59.0	129	1.0	1.673907	10.952	0	0	0	0	1000	791	LU	regulatory_annotation_present	False	not_assessed			not_assessed	pilot_only	not_validated	not_validated	regulatory_conflict_requires_resolution	1.176861187517643	85.43333333333332	14	27.0	39	False
ANO2/NTF3	NC_051831.1	39722824	39723824	1000	1.1950727812051773	1.0	86.26725008414675	0.0	0.176	37.06072802977128	4.0	253	1.0	1.6565950000000003	10.952	0	0	0	0	1000	541	LU	regulatory_annotation_present	False	not_assessed			not_assessed	pilot_only	not_validated	not_validated	regulatory_conflict_requires_resolution	1.1950808219313622	86.53333333333333	14	28.0	36	False
ANO2/NTF3	NC_051831.1	39723074	39724074	1000	1.2304765944480895	1.0	89.26287445304611	0.0	0.25	60.175115966796874	4.0	344	1.0	0.679359	10.882	0	0	0	0	891	291	LU	regulatory_annotation_present	False	not_assessed			not_assessed	pilot_only	not_validated	not_validated	regulatory_conflict_requires_resolution	1.2304848738908767	89.46666666666667	14	29.0	46	False
ANO2/NTF3	NC_051831.1	39723324	39724324	1000	1.172517996609211	1.0	84.9545607539549	0.0	0.2	55.556020736694336	4.0	372	0.99	0.2816171717171717	7.249	0	0	0	0	641	41	LU	regulatory_annotation_present	False	not_assessed			not_assessed	pilot_only	not_validated	not_validated	regulatory_conflict_requires_resolution	1.1725258919596673	85.23333333333333	3	28.0	46	False
ANO2/NTF3	NC_051831.1	39723574	39724574	1000	1.1431212298870086	1.0	81.95893638505554	0.0	0.2	55.556020736694336	4.0	475	0.99	0.16462828282828282	5.403	0	0	0	0	391	0		no_promoter_enhancer_in_queried_epic_tissues	False	not_assessed			not_assessed	pilot_only	not_validated	not_validated	insufficient_evidence_for_safe_harbor	1.1431289316415787	82.26666666666667	3	29.0	46	False
ANO2/NTF3	NC_051831.1	39723824	39724824	1000	1.1297859289646148	1.0	80.41063614944464	1.0	0.1	93.8775749206543	4.0	350	0.99	0.1113959595959596	5.077	0	0	0	0	141	0		no_promoter_enhancer_in_queried_epic_tissues	False	not_assessed			not_assessed	pilot_only	not_validated	not_validated	insufficient_evidence_for_safe_harbor	1.1297935445904732	80.73333333333333	3	28.5	46	False
ANO2/NTF3	NC_051831.1	39724074	39725074	1000	1.103129937648773	1.0	76.84281386738472	1.0	0.05	100.0	1.0	331	0.99	0.037336363636363654	5.077	0	0	0	0	0	0		no_promoter_enhancer_in_queried_epic_tissues	False	not_assessed			not_assessed	pilot_only	not_validated	not_validated	insufficient_evidence_for_safe_harbor	1.1031373730301857	77.3	3	26.5	38	False
ANO2/NTF3	NC_051831.1	39724324	39725324	1000	1.188896113872528	1.0	85.8970043756311	1.0	0.1	100.0	1.0	290	1.0	0.057863	5.077	0	0	0	0	0	0		no_promoter_enhancer_in_queried_epic_tissues	False	not_assessed			not_assessed	pilot_only	not_validated	not_validated	insufficient_evidence_for_safe_harbor	1.1889041370153428	86.16666666666667	15	28.0	38	False
ANO2/NTF3	NC_051831.1	39724574	39725574	1000	1.2225790762901305	1.0	88.69067653988556	1.0	0.15	100.0	1.0	102	1.0	0.027976000000000015	5.469	0	0	0	0	0	0		no_promoter_enhancer_in_queried_epic_tissues	False	not_assessed			not_assessed	pilot_only	not_validated	not_validated	insufficient_evidence_for_safe_harbor	1.2225873233079911	88.93333333333334	15	29.0	38	False
ANO2/NTF3	NC_051831.1	39724824	39725824	1000	1.151159195482731	1.0	82.76674520363514	1.0	0.174	100.0	1.0	291	1.0	-0.013056000000000002	5.469	0	0	0	0	0	0		no_promoter_enhancer_in_queried_epic_tissues	False	not_assessed			not_assessed	pilot_only	not_validated	not_validated	insufficient_evidence_for_safe_harbor	1.1511669550538064	83.03333333333333	10	26.0	38	False
ANO2/NTF3	NC_051831.1	39725074	39726074	1000	1.0866165868639945	1.0	74.0154830023561	0.0	0.25	100.0	1.0	469	1.0	0.15056099999999997	7.335	0	0	0	0	0	0		no_promoter_enhancer_in_queried_epic_tissues	False	not_assessed			not_assessed	pilot_only	not_validated	not_validated	insufficient_evidence_for_safe_harbor	1.0866239096522332	74.5	10	22.0	35	False
ANO2/NTF3	NC_051831.1	39725324	39726324	1000	0.9991774557828903	1.0	51.93537529451363	0.0	0.2	100.0	1.0	719	1.0	0.241856	7.335	0	0	0	0	149	0		no_promoter_enhancer_in_queried_epic_tissues	False	not_assessed			not_assessed	pilot_only	not_validated	not_validated	insufficient_evidence_for_safe_harbor	0.9991841778159142	52.93333333333333	6	20.0	35	False
ANO2/NTF3	NC_051831.1	39725574	39726574	1000	0.9266844485998154	1.0	25.78256479299899	0.0	0.174	100.0	1.0	954	1.0	0.232409	7.335	0	0	0	0	399	0		no_promoter_enhancer_in_queried_epic_tissues	False	not_assessed			not_assessed	pilot_only	not_validated	not_validated	insufficient_evidence_for_safe_harbor	0.92669068723917	27.3	6	18.0	31	False
ANO2/NTF3	NC_051831.1	39725824	39726824	1000	0.9826930601596833	1.0	46.48266576910131	0.0	0.276	91.26847032187642	19.0	985	1.0	0.231836	7.335	0	0	0	0	649	0		no_promoter_enhancer_in_queried_epic_tissues	False	not_assessed			not_assessed	pilot_only	not_validated	not_validated	insufficient_evidence_for_safe_harbor	0.9826996774673462	47.56666666666667	6	19.0	34	False
ANO2/NTF3	NC_051831.1	39726074	39727074	1000	1.032426587343216	1.0	61.76371592056547	0.0	0.15	83.93398539225261	19.0	805	1.0	0.12446800000000001	4.46	0	0	0	0	899	0		no_promoter_enhancer_in_queried_epic_tissues	False	not_assessed			not_assessed	pilot_only	not_validated	not_validated	insufficient_evidence_for_safe_harbor	1.032433537185192	62.46666666666667	6	19.0	34	False
ANO2/NTF3	NC_051831.1	39726324	39727324	1000	1.0709359594583512	1.0	70.75058902726354	0.0	0.2	80.51883697509766	19.0	730	1.0	0.020960000000000006	3.915	0	0	0	0	1000	0		no_promoter_enhancer_in_queried_epic_tissues	False	not_assessed			not_assessed	pilot_only	not_validated	not_validated	insufficient_evidence_for_safe_harbor	1.0709431712031365	71.26666666666667	11	23.0	34	False
ANO2/NTF3	NC_051831.1	39726574	39727574	1000	1.1366333035826683	1.0	81.18478626725009	0.0	0.3	80.7616872660319	68.0	526	1.0	0.014799999999999995	4.331	0	0	0	0	1000	0		no_promoter_enhancer_in_queried_epic_tissues	False	not_assessed			not_assessed	pilot_only	not_validated	not_validated	insufficient_evidence_for_safe_harbor	1.1366409617066384	81.46666666666667	16	25.0	34	False
ANO2/NTF3	NC_051831.1	39726824	39727824	1000	1.154996283710003	1.0	83.17064961292495	0.0	0.25	73.51839294433594	68.0	276	1.0	0.005867000000000004	4.331	0	0	0	0	1000	0		no_promoter_enhancer_in_queried_epic_tissues	False	not_assessed			not_assessed	pilot_only	not_validated	not_validated	insufficient_evidence_for_safe_harbor	1.1550040584802628	83.39999999999999	16	26.0	35	False
ANO2/NTF3	NC_051831.1	39727074	39728074	1000	1.1660890256166458	1.0	84.31504543924605	0.0	0.25	73.51839294433594	68.0	206	1.0	-0.007183000000000004	4.331	0	0	0	0	1000	99	LU	regulatory_annotation_present	False	not_assessed			not_assessed	pilot_only	not_validated	not_validated	regulatory_conflict_requires_resolution	1.1660968764424324	84.56666666666666	16	28.0	35	False
ANO2/NTF3	NC_051831.1	39727324	39728324	1000	1.2003986257910728	1.0	86.67115449343655	0.0	0.2	74.32964324951172	68.0	31	1.0	0.03870099999999999	4.331	0	0	0	0	1000	349	LU	regulatory_annotation_present	False	not_assessed			not_assessed	pilot_only	not_validated	not_validated	regulatory_conflict_requires_resolution	1.2004067052006722	87.0	17	29.0	36	False
ANO2/NTF3	NC_051831.1	39727574	39728574	1000	1.2818560327291488	1.0	91.28239649949512	0.0	0.176	66.14496547525579	62.0	0	1.0	0.32019700000000006	7.039	0	0	0	0	1000	599	LU	regulatory_annotation_present	False	not_assessed			not_assessed	pilot_only	not_validated	not_validated	regulatory_conflict_requires_resolution	1.2818646571040153	91.46666666666667	17	31.0	39	False
ANO2/NTF3	NC_051831.1	39727824	39728824	1000	1.3068069396615027	1.0	92.46045102659038	0.0	0.124	73.96610106191328	18.0	0	1.0	0.3471369999999999	7.039	0	0	0	0	1000	800	LU	regulatory_annotation_present	False	not_assessed			not_assessed	pilot_only	not_validated	not_validated	regulatory_conflict_requires_resolution	1.3068157377243041	92.53333333333333	17	31.0	39	False
ANO2/NTF3	NC_051831.1	39728074	39729074	1000	1.3350530860424041	1.0	93.67216425445977	0.0	0.2	73.53687572479248	18.0	0	1.0	0.41383400000000004	7.039	0	0	0	0	1000	800	LU;MG	regulatory_annotation_present	False	not_assessed			not_assessed	pilot_only	not_validated	not_validated	regulatory_conflict_requires_resolution	1.3350620748996735	93.8	26	33.0	42	False
ANO2/NTF3	NC_051831.1	39728324	39729324	1000	1.345400873064995	1.0	93.97509256142713	0.0	0.274	64.79277506361913	18.0	0	1.0	0.41943199999999997	7.039	0	0	0	0	1000	800	LU;MG	regulatory_annotation_present	True	assessed_catalogue_variants_present	20	1	no_overlapping_record_in_consulted_catalogue	pilot_scale_sensitivity_measured	exploratory_single_tumor_marker_masks_sparse_fragments_not_validated	not_validated	regulatory_conflict_requires_resolution	1.3454099329710008	94.1	26	33.0	42	False
ANO2/NTF3	NC_051831.1	39728574	39729574	1000	1.2668221843242646	1.0	90.67653988556042	0.0	0.25	56.818939971923825	18.0	0	1.0	0.16000099999999998	4.724	0	0	0	0	1000	800	LU;MG	regulatory_annotation_present	False	not_assessed			not_assessed	pilot_only	not_validated	not_validated	regulatory_conflict_requires_resolution	1.2668307104706764	90.93333333333334	19	31.5	42	False
ANO2/NTF3	NC_051831.1	39728824	39729824	1000	1.2358319455981255	1.0	89.464826657691	0.0	0.226	54.57195805237357	18.0	0	1.0	0.17415199999999997	4.724	0	0	0	0	751	600	MG	regulatory_annotation_present	False	not_assessed			not_assessed	pilot_only	not_validated	not_validated	regulatory_conflict_requires_resolution	1.2358402653336524	89.73333333333333	14	31.0	42	False
ANO2/NTF3	NC_051831.1	39729074	39730074	1000	1.3161037802100182	1.0	92.86435543588017	1.0	0.25	47.1907356262207	16.0	202	1.0	0.14255400000000001	4.724	0	0	0	0	501	501	MG	regulatory_annotation_present	False	not_assessed			not_assessed	pilot_only	not_validated	not_validated	regulatory_conflict_requires_resolution	1.3161126409173012	93.0	14	31.5	52	False
ANO2/NTF3	NC_051831.1	39729324	39730324	1000	1.3114831013083459	1.0	92.62874453046112	1.0	0.226	52.97590272616496	3.0	258	1.0	0.152558	4.724	0	0	0	0	251	251	MG	regulatory_annotation_present	False	not_assessed			not_assessed	pilot_only	not_validated	not_validated	regulatory_conflict_requires_resolution	1.3114919309020043	92.76666666666667	14	32.0	52	False
ANO2/NTF3	NC_051831.1	39729574	39730574	1000	1.3196424424052238	1.0	93.09996634129922	1.0	0.15	54.804768880208336	3.0	374	1.0	0.23406699999999997	5.181	0	0	0	0	1	1	MG	regulatory_annotation_present	False	not_assessed			not_assessed	pilot_only	not_validated	not_validated	regulatory_conflict_requires_resolution	1.319651329278946	93.16666666666666	14	33.5	52	False
ANO2/NTF3	NC_051831.1	39729824	39730824	1000	1.324535159945488	1.0	93.23460114439582	1.0	0.25	32.882861328125	3.0	374	1.0	0.43123500000000003	6.716	0	0	0	0	249	0		no_promoter_enhancer_in_queried_epic_tissues	False	not_assessed			not_assessed	pilot_only	not_validated	not_validated	insufficient_evidence_for_safe_harbor	1.3245440834760667	93.36666666666666	21	31.5	52	True
ANO2/NTF3	NC_051831.1	39730074	39731074	1000	1.1928093338012695	1.0	86.13261528105015	1.0	0.15	21.471435546875	3.0	172	1.0	0.577735	6.716	0	0	0	0	499	0		no_promoter_enhancer_in_queried_epic_tissues	False	not_assessed			not_assessed	pilot_only	not_validated	not_validated	insufficient_evidence_for_safe_harbor	1.1928173773288726	86.4	17	27.0	45	True
ANO2/NTF3	NC_051831.1	39730324	39731324	1000	1.1476348626613617	1.0	82.39649949511949	0.0	0.1	0.0	1.0	204	1.0	0.691784	6.716	0	0	0	0	749	0		no_promoter_enhancer_in_queried_epic_tissues	False	not_assessed			not_assessed	pilot_only	not_validated	not_validated	insufficient_evidence_for_safe_harbor	1.1476425998806954	82.66666666666667	17	25.0	42	True
ANO2/NTF3	NC_051831.1	39730574	39731574	1000	1.1335877630710602	1.0	80.88185796028273	0.0	0.1	0.0	1.0	268	1.0	0.550452	6.716	0	0	0	0	800	0		no_promoter_enhancer_in_queried_epic_tissues	False	not_assessed			not_assessed	pilot_only	not_validated	not_validated	insufficient_evidence_for_safe_harbor	1.1335954177975656	81.2	17	26.0	40	False
ANO2/NTF3	NC_051831.1	39730824	39731824	1000	1.090929134428501	1.0	75.02524402558062	0.0	0.0		0.0	294	1.0	0.33616900000000005	6.611	0	0	0	0	551	0		no_promoter_enhancer_in_queried_epic_tissues	False	not_assessed			not_assessed	pilot_only	not_validated	not_validated	insufficient_evidence_for_safe_harbor	1.0909364959597587	75.53333333333333	14	26.0	40	False
ANO2/NTF3	NC_051831.1	39731074	39732074	1000	1.0966591693758965	1.0	75.76573544261191	0.0	0.05	0.0	1.0	294	1.0	0.20112300000000002	6.611	0	0	0	0	400	0		no_promoter_enhancer_in_queried_epic_tissues	False	not_assessed			not_assessed	pilot_only	not_validated	not_validated	insufficient_evidence_for_safe_harbor	1.096666568338871	76.3	13	23.5	40	False
ANO2/NTF3	NC_051831.1	39731324	39732324	1000	1.1111552526950836	1.0	77.91989229215753	0.0	0.1	50.0	1.0	206	1.0	0.074418	4.355	0	0	0	0	400	0		no_promoter_enhancer_in_queried_epic_tissues	False	not_assessed			not_assessed	pilot_only	not_validated	not_validated	insufficient_evidence_for_safe_harbor	1.1111627512574196	78.33333333333333	13	22.0	40	False
ANO2/NTF3	NC_051831.1	39731574	39732574	1000	1.112319682598114	1.0	78.22282059912487	0.0	0.1	50.0	1.0	225	1.0	0.179399	4.595	0	0	0	0	599	0		no_promoter_enhancer_in_queried_epic_tissues	False	not_assessed			not_assessed	pilot_only	not_validated	not_validated	insufficient_evidence_for_safe_harbor	1.112327177464962	78.66666666666666	13	22.0	35	False
ANO2/NTF3	NC_051831.1	39731824	39732824	1000	1.1056657697558403	1.0	77.11208347357793	0.0	0.1	50.0	1.0	199	0.996	0.1912550200803213	4.982	0	0	0	0	600	0		no_promoter_enhancer_in_queried_epic_tissues	False	not_assessed			not_assessed	pilot_only	not_validated	not_validated	insufficient_evidence_for_safe_harbor	1.1056732153892517	77.53333333333333	11	22.0	32	False
ANO2/NTF3	NC_051831.1	39732074	39733074	1000	1.1030865954756737	1.0	76.84281386738472	0.0	0.05	100.0	1.0	199	0.996	0.16189759036144577	4.982	0	0	0	0	501	0		no_promoter_enhancer_in_queried_epic_tissues	False	not_assessed			not_assessed	pilot_only	not_validated	not_validated	insufficient_evidence_for_safe_harbor	1.1030940132141114	77.3	11	24.0	34	False
ANO2/NTF3	NC_051831.1	39732324	39733324	1000	1.0888501138091087	1.0	74.78963312016155	0.0	0.0		0.0	199	0.996	0.14284236947791162	4.982	0	0	0	0	251	0		no_promoter_enhancer_in_queried_epic_tissues	False	not_assessed			not_assessed	pilot_only	not_validated	not_validated	insufficient_evidence_for_safe_harbor	1.0888574346899986	75.23333333333333	11	25.0	34	False
ANO2/NTF3	NC_051831.1	39732574	39733574	1000	1.0578060714006423	1.0	68.19252776842814	0.0	0.074	88.78757373706715	5.0	0	0.996	0.06635642570281125	4.982	0	0	0	0	1	0		no_promoter_enhancer_in_queried_epic_tissues	False	not_assessed			not_assessed	pilot_only	not_validated	not_validated	insufficient_evidence_for_safe_harbor	1.0578131934404373	68.83333333333333	11	25.0	34	False
ANO2/NTF3	NC_051831.1	39732824	39733824	1000	1.0690338862538338	1.0	70.54863682261865	0.0	0.1	91.70280456542969	5.0	136	1.0	0.157507	6.377	0	0	0	0	0	0		no_promoter_enhancer_in_queried_epic_tissues	False	not_assessed			not_assessed	pilot_only	not_validated	not_validated	insufficient_evidence_for_safe_harbor	1.069041088104248	71.0	17	25.0	34	False
ANO2/NTF3	NC_051831.1	39733074	39734074	1000	1.039626354932785	1.0	63.64860316391787	0.0	0.1	91.70280456542969	5.0	328	1.0	0.19149100000000002	6.377	0	0	0	0	0	0		no_promoter_enhancer_in_queried_epic_tissues	False	not_assessed			not_assessed	pilot_only	not_validated	not_validated	insufficient_evidence_for_safe_harbor	1.0396333645582199	64.4	15	24.5	33	False
ANO2/NTF3	NC_051831.1	39733324	39734324	1000	1.0362955206632614	1.0	62.73981824301582	0.0	0.1	91.70280456542969	5.0	498	1.0	0.3025	6.377	0	0	0	0	0	0		no_promoter_enhancer_in_queried_epic_tissues	False	not_assessed			not_assessed	pilot_only	not_validated	not_validated	insufficient_evidence_for_safe_harbor	1.0363025164008142	63.43333333333333	15	25.0	33	False
ANO2/NTF3	NC_051831.1	39733574	39734574	1000	1.0455153762698173	1.0	65.36519690339952	0.0	0.026	100.0	1.0	550	1.0	0.421455	6.377	0	0	0	0	0	0		no_promoter_enhancer_in_queried_epic_tissues	False	not_assessed			not_assessed	pilot_only	not_validated	not_validated	insufficient_evidence_for_safe_harbor	1.0455224266648293	66.06666666666666	15	25.0	37	False
ANO2/NTF3	NC_051831.1	39733824	39734824	1000	1.0768458820581437	1.0	72.0632783574554	0.0	0.0		0.0	414	0.983	0.28327772126144457	5.706	0	0	0	0	0	0		no_promoter_enhancer_in_queried_epic_tissues	False	not_assessed			not_assessed	pilot_only	not_validated	not_validated	insufficient_evidence_for_safe_harbor	1.0768531394600869	72.5	10	25.5	37	False
ANO2/NTF3	NC_051831.1	39734074	39735074	1000	1.1128314804434776	1.0	78.22282059912487	0.0	0.0		0.0	364	0.983	0.2815747711088505	5.702	0	0	0	0	0	0		no_promoter_enhancer_in_queried_epic_tissues	False	not_assessed			not_assessed	pilot_only	not_validated	not_validated	insufficient_evidence_for_safe_harbor	1.1128389840126038	78.66666666666666	10	26.0	37	False
ANO2/NTF3	NC_051831.1	39734324	39735324	1000	1.0785110425949096	1.0	72.3998653651969	0.0	0.174	93.14158647909932	11.0	194	0.983	0.5549532044760936	10.696	0	0	0	0	0	0		no_promoter_enhancer_in_queried_epic_tissues	False	not_assessed			not_assessed	pilot_only	not_validated	not_validated	insufficient_evidence_for_safe_harbor	1.0785183066129684	72.89999999999999	10	24.0	37	False
ANO2/NTF3	NC_051831.1	39734574	39735574	1000	1.0757806516289712	1.0	71.82766745203635	0.0	0.2	94.0331802368164	11.0	175	0.983	0.6478026449643947	10.696	0	0	0	0	178	0		no_promoter_enhancer_in_queried_epic_tissues	False	not_assessed			not_assessed	pilot_only	not_validated	not_validated	insufficient_evidence_for_safe_harbor	1.0757878969311714	72.26666666666667	10	23.0	35	False
ANO2/NTF3	NC_051831.1	39734824	39735824	1000	1.1021505742669107	1.0	76.70817906428812	0.0	0.3	94.52927525838216	11.0	175	1.0	0.757126	10.696	0	0	0	0	428	0		no_promoter_enhancer_in_queried_epic_tissues	False	not_assessed			not_assessed	pilot_only	not_validated	not_validated	insufficient_evidence_for_safe_harbor	1.1021579991579056	77.2	13	24.5	34	False
ANO2/NTF3	NC_051831.1	39735074	39736074	1000	1.141154140174389	1.0	81.65600807808818	0.0	0.3	94.52927525838216	11.0	54	1.0	0.7446200000000001	10.696	0	0	0	0	600	0		no_promoter_enhancer_in_queried_epic_tissues	False	not_assessed			not_assessed	pilot_only	not_validated	not_validated	insufficient_evidence_for_safe_harbor	1.1411618270277977	81.96666666666667	13	26.5	34	True
ANO2/NTF3	NC_051831.1	39735324	39736324	1000	1.149077699482441	1.0	82.59845169976438	0.0	0.126	96.44560738215371	9.0	82	1.0	0.5140730000000001	8.817	0	0	0	0	600	0		no_promoter_enhancer_in_queried_epic_tissues	False	not_assessed			not_assessed	pilot_only	not_validated	not_validated	insufficient_evidence_for_safe_harbor	1.1490854356884956	82.86666666666666	13	26.5	34	False
ANO2/NTF3	NC_051831.1	39735574	39736574	1000	1.1324822359085083	1.0	80.71356445641197	0.0	0.15	97.01431020100911	9.0	49	1.0	0.421303	8.817	0	0	0	0	422	0		no_promoter_enhancer_in_queried_epic_tissues	False	not_assessed			not_assessed	pilot_only	not_validated	not_validated	insufficient_evidence_for_safe_harbor	1.1324898651242257	81.03333333333333	18	26.0	34	False
ANO2/NTF3	NC_051831.1	39735824	39736824	1000	1.0839782238602638	1.0	73.57791989229216	0.0	0.05	100.0	2.0	49	1.0	0.37900599999999995	8.817	0	0	0	0	172	0		no_promoter_enhancer_in_queried_epic_tissues	False	not_assessed			not_assessed	pilot_only	not_validated	not_validated	insufficient_evidence_for_safe_harbor	1.083985531628132	73.96666666666667	17	24.0	32	False
ANO2/NTF3	NC_051831.1	39736074	39737074	1000	1.0877930166721343	1.0	74.45304611242007	0.0	0.05	100.0	2.0	208	1.0	0.338242	8.817	0	0	0	0	81	81	MG	regulatory_annotation_present	False	not_assessed			not_assessed	pilot_only	not_validated	not_validated	regulatory_conflict_requires_resolution	1.0878003514409065	74.9	13	23.0	35	False
ANO2/NTF3	NC_051831.1	39736324	39737324	1000	1.189988452911377	1.0	85.96432177717939	0.0	0.124	100.0	2.0	180	1.0	0.148364	7.929	0	0	0	0	331	331	MG	regulatory_annotation_present	False	not_assessed			not_assessed	pilot_only	not_validated	not_validated	regulatory_conflict_requires_resolution	1.1899964753389358	86.23333333333333	13	25.0	38	False
ANO2/NTF3	NC_051831.1	39736574	39737574	1000	1.2718366183042527	1.0	90.91215079097947	0.0	0.224	94.39894798823765	53.0	180	1.0	0.084504	7.175	0	0	0	0	581	581	MG	regulatory_annotation_present	False	not_assessed			not_assessed	pilot_only	not_validated	not_validated	regulatory_conflict_requires_resolution	1.271845190167427	91.13333333333333	13	28.0	46	False
ANO2/NTF3	NC_051831.1	39736824	39737824	1000	1.3296279901862145	1.0	93.43655334904074	0.0	0.35	92.90697152273995	53.0	180	1.0	0.05776199999999999	7.175	0	0	0	0	831	600	MG	regulatory_annotation_present	False	not_assessed			not_assessed	pilot_only	not_validated	not_validated	regulatory_conflict_requires_resolution	1.3296369533538819	93.53333333333333	13	32.0	46	False
ANO2/NTF3	NC_051831.1	39737074	39738074	1000	1.273615247607231	1.0	90.94580949175362	0.0	0.35	92.90697152273995	53.0	0	1.0	0.06899499999999999	7.175	0	0	0	0	919	519	MG	regulatory_annotation_present	False	not_assessed			not_assessed	pilot_only	not_validated	not_validated	regulatory_conflict_requires_resolution	1.2736238253116607	91.16666666666666	23	31.0	46	False
ANO2/NTF3	NC_051831.1	39737324	39738324	1000	1.2341258676052094	1.0	89.43116795691687	0.0	0.276	91.00521751072095	53.0	148	1.0	0.025162999999999998	7.175	0	0	0	0	669	269	MG	regulatory_annotation_present	False	not_assessed			not_assessed	pilot_only	not_validated	not_validated	regulatory_conflict_requires_resolution	1.2341341849565506	89.7	21	29.5	46	False
ANO2/NTF3	NC_051831.1	39737574	39738574	1000	1.237494839310646	1.0	89.70043756311007	0.0	0.126	90.25456891741071	51.0	180	1.0	-0.030340000000000016	4.219	0	0	0	0	419	19	MG	regulatory_annotation_present	False	not_assessed			not_assessed	pilot_only	not_validated	not_validated	regulatory_conflict_requires_resolution	1.2375031801462173	89.96666666666667	21	29.0	42	False
ANO2/NTF3	NC_051831.1	39737824	39738824	1000	1.1840478357672692	1.0	85.6950521709862	0.0	0.0		0.0	214	0.998	0.015796593186372717	5.265	0	0	0	0	198	0		no_promoter_enhancer_in_queried_epic_tissues	False	not_assessed			not_assessed	pilot_only	not_validated	not_validated	insufficient_evidence_for_safe_harbor	1.1840558111071586	85.9	4	28.0	42	False
ANO2/NTF3	NC_051831.1	39738074	39739074	1000	1.1986784536242485	1.0	86.57017839111411	0.0	0.0		0.0	421	0.998	0.05759619238476953	5.265	0	0	0	0	279	0		no_promoter_enhancer_in_queried_epic_tissues	False	not_assessed			not_assessed	pilot_only	not_validated	not_validated	insufficient_evidence_for_safe_harbor	1.198686533689499	86.86666666666667	4	29.0	42	False
ANO2/NTF3	NC_051831.1	39738324	39739324	1000	1.1335115450024604	1.0	80.84819925950858	0.0	0.0		0.0	326	0.998	0.2858577154308617	5.866	0	0	0	0	400	0		no_promoter_enhancer_in_queried_epic_tissues	False	not_assessed			not_assessed	pilot_only	not_validated	not_validated	insufficient_evidence_for_safe_harbor	1.133519185602665	81.16666666666667	4	26.0	42	False
ANO2/NTF3	NC_051831.1	39738574	39739574	1000	1.1165514935851097	1.0	78.62672500841468	0.0	0.2	79.27219581604004	70.0	294	0.998	0.4312414829659319	6.053	0	0	0	0	400	0		no_promoter_enhancer_in_queried_epic_tissues	False	not_assessed			not_assessed	pilot_only	not_validated	not_validated	insufficient_evidence_for_safe_harbor	1.1165590202212334	79.06666666666666	4	22.5	36	False
ANO2/NTF3	NC_051831.1	39738751	39739751	1000	1.1509004329442978	1.0	82.76674520363514	0.0	0.25	81.30731658935547	70.0	322	1.0	0.9668410000000002	11.186	0	0	0	0	400	0		no_promoter_enhancer_in_queried_epic_tissues	False	not_assessed			not_assessed	pilot_only	not_validated	not_validated	insufficient_evidence_for_safe_harbor	1.1509081963896752	83.03333333333333	7	25.0	33	False
ANO2/NTF3	NC_051831.1	39677324	39679324	2000	1.1464571324884891	1.0	82.00738502853306	0.0	0.025	94.85444641113281	70.0	394	1.0	0.07671850000000001	7.513	0	0	0	0	1036	436	MG	regulatory_annotation_present	False	not_assessed			not_assessed	pilot_only	not_validated	not_validated	regulatory_conflict_requires_resolution	1.1464648562669755	82.39999999999999	12	26.0	47	False
ANO2/NTF3	NC_051831.1	39677574	39679574	2000	1.1285234279036522	1.0	79.92614971466935	0.0	0.025	94.85444641113281	70.0	244	1.0	0.06812649999999999	7.513	0	0	0	0	986	400	MG	regulatory_annotation_present	False	not_assessed			not_assessed	pilot_only	not_validated	not_validated	regulatory_conflict_requires_resolution	1.12853102684021	80.36666666666666	6	25.0	47	False
ANO2/NTF3	NC_051831.1	39677824	39679824	2000	1.105335627630353	1.0	77.10641154749916	0.0	0.025	94.85444641113281	70.0	266	1.0	0.058432500000000005	4.678	0	0	0	0	736	400	MG	regulatory_annotation_present	False	not_assessed			not_assessed	pilot_only	not_validated	not_validated	regulatory_conflict_requires_resolution	1.1053430753350257	77.63333333333333	6	25.0	47	False
ANO2/NTF3	NC_051831.1	39678074	39680074	2000	1.0556614283174277	1.0	68.0093991272239	0.0	0.025	94.85444641113281	70.0	266	1.0	0.051993000000000004	4.455	0	0	0	0	486	400	MG	regulatory_annotation_present	False	not_assessed			not_assessed	pilot_only	not_validated	not_validated	regulatory_conflict_requires_resolution	1.0556685428619386	68.8	6	23.0	34	False
ANO2/NTF3	NC_051831.1	39678324	39680324	2000	1.0431851460274897	0.95	65.76032225579054	0.0	0.025	94.85444641113281	70.0	429	0.9845	0.04141391569324531	4.455	0	0	0	0	236	236	MG	regulatory_annotation_present	False	not_assessed			not_assessed	pilot_only	not_validated	not_validated	regulatory_conflict_requires_resolution	0.9910325641632081	49.96666666666666	0	21.0	34	False
ANO2/NTF3	NC_051831.1	39678574	39680574	2000	1.0106530495850663	0.95	56.15978516280631	0.0	0.0		0.0	452	0.9845	0.024281868969019803	3.451	0	0	0	0	0	0		no_promoter_enhancer_in_queried_epic_tissues	False	not_assessed			not_assessed	pilot_only	not_validated	not_validated	insufficient_evidence_for_safe_harbor	0.9601268634796143	37.333333333333336	0	20.0	34	False
ANO2/NTF3	NC_051831.1	39678824	39680824	2000	0.9914607144186371	0.95	49.14400805639476	0.0	0.025	100.0	2.0	446	0.9845	0.03983646521076688	3.451	0	0	0	0	0	0		no_promoter_enhancer_in_queried_epic_tissues	False	not_assessed			not_assessed	pilot_only	not_validated	not_validated	insufficient_evidence_for_safe_harbor	0.9418940224647522	30.466666666666665	0	20.0	34	False
ANO2/NTF3	NC_051831.1	39679074	39681074	2000	0.9554900992073511	0.95	34.44108761329305	0.0	0.05	50.0	2.0	355	0.9845	0.04604621635347893	3.451	0	0	0	0	0	0		no_promoter_enhancer_in_queried_epic_tissues	False	not_assessed			not_assessed	pilot_only	not_validated	not_validated	insufficient_evidence_for_safe_harbor	0.9077217113971711	18.4	0	19.0	34	False
ANO2/NTF3	NC_051831.1	39679324	39681324	2000	0.9286784155588401	0.95	24.06847935548842	0.0	0.05	50.0	2.0	554	0.9845	0.04892483494159472	3.451	0	0	0	0	0	0		no_promoter_enhancer_in_queried_epic_tissues	False	not_assessed			not_assessed	pilot_only	not_validated	not_validated	insufficient_evidence_for_safe_harbor	0.8822504422068596	12.3	0	18.5	32	False
ANO2/NTF3	NC_051831.1	39679574	39681574	2000	0.9258007448127396	0.95	23.162134944612287	0.0	0.05	50.0	2.0	671	0.9845	0.06633316404266124	3.451	0	0	0	0	0	0		no_promoter_enhancer_in_queried_epic_tissues	False	not_assessed			not_assessed	pilot_only	not_validated	not_validated	insufficient_evidence_for_safe_harbor	0.8795166356861591	11.799999999999999	0	19.0	31	False
ANO2/NTF3	NC_051831.1	39679824	39681824	2000	0.9411148113326022	0.95	28.63376972138301	0.0	0.05	50.0	2.0	643	0.9845	0.07842813610970036	3.771	0	0	0	0	0	0		no_promoter_enhancer_in_queried_epic_tissues	False	not_assessed			not_assessed	pilot_only	not_validated	not_validated	insufficient_evidence_for_safe_harbor	0.8940650965571404	14.766666666666667	0	19.0	31	False
ANO2/NTF3	NC_051831.1	39680074	39682074	2000	0.9484395345574931	0.95	31.520644511581068	0.0	0.05	50.0	2.0	727	0.9845	0.0996642965972575	3.942	0	0	0	0	0	0		no_promoter_enhancer_in_queried_epic_tissues	False	not_assessed			not_assessed	pilot_only	not_validated	not_validated	insufficient_evidence_for_safe_harbor	0.9010236282646656	16.366666666666667	0	20.0	31	False
ANO2/NTF3	NC_051831.1	39680324	39682324	2000	0.9564614287912846	1.0	34.7096341054045	0.0	0.05	50.0	2.0	759	1.0	0.14688549999999997	6.929	0	0	0	0	0	0		no_promoter_enhancer_in_queried_epic_tissues	False	not_assessed			not_assessed	pilot_only	not_validated	not_validated	insufficient_evidence_for_safe_harbor	0.956467875033617	36.06666666666667	10	21.0	37	False
ANO2/NTF3	NC_051831.1	39680574	39682574	2000	0.9394116273522377	1.0	27.99597180261833	0.0	0.05	50.0	2.0	926	1.0	0.19366999999999998	6.929	0	0	0	0	0	0		no_promoter_enhancer_in_queried_epic_tissues	False	not_assessed			not_assessed	pilot_only	not_validated	not_validated	insufficient_evidence_for_safe_harbor	0.9394179597198963	29.5	11	20.0	37	False
ANO2/NTF3	NC_051831.1	39680824	39682824	2000	0.9700000392496586	1.0	40.38267875125881	0.0	0.075	26.75202178955078	6.0	1036	1.0	0.193055	6.929	0	0	0	0	0	0		no_promoter_enhancer_in_queried_epic_tissues	False	not_assessed			not_assessed	pilot_only	not_validated	not_validated	insufficient_evidence_for_safe_harbor	0.970006577283144	41.833333333333336	11	22.0	37	False
ANO2/NTF3	NC_051831.1	39681074	39683074	2000	1.00885229280591	1.0	55.2870090634441	0.0	0.05	40.12803268432617	6.0	1004	1.0	0.21285600000000002	6.929	0	0	0	0	0	0		no_promoter_enhancer_in_queried_epic_tissues	False	not_assessed			not_assessed	pilot_only	not_validated	not_validated	insufficient_evidence_for_safe_harbor	1.0088590933978558	56.266666666666666	11	22.0	37	False
ANO2/NTF3	NC_051831.1	39681324	39683324	2000	1.0527058999836445	1.0	67.50587445451494	0.0	0.05	40.12803268432617	6.0	805	1.0	0.26373299999999994	7.691	0	0	0	0	133	0		no_promoter_enhancer_in_queried_epic_tissues	False	not_assessed			not_assessed	pilot_only	not_validated	not_validated	insufficient_evidence_for_safe_harbor	1.0527129906117916	68.33333333333333	11	23.0	40	False
ANO2/NTF3	NC_051831.1	39681574	39683574	2000	1.070197799384594	1.0	71.36623027861698	0.0	0.05	40.12803268432617	6.0	633	1.0	0.32765049999999996	7.691	0	0	0	0	383	0		no_promoter_enhancer_in_queried_epic_tissues	False	not_assessed			not_assessed	pilot_only	not_validated	not_validated	insufficient_evidence_for_safe_harbor	1.0702050062417985	72.06666666666666	11	23.0	40	False
ANO2/NTF3	NC_051831.1	39681824	39683824	2000	1.086190876364708	1.0	74.68949311849615	0.0	0.05	40.12803268432617	6.0	633	1.0	0.4753009999999999	7.691	0	0	0	0	400	0		no_promoter_enhancer_in_queried_epic_tissues	False	not_assessed			not_assessed	pilot_only	not_validated	not_validated	insufficient_evidence_for_safe_harbor	1.086198184877634	75.26666666666667	11	23.0	40	False
ANO2/NTF3	NC_051831.1	39682074	39684074	2000	1.0802942186892033	1.0	73.64887546156427	0.0	0.05	40.12803268432617	6.0	549	1.0	0.5761069999999999	8.975	0	0	0	0	400	0		no_promoter_enhancer_in_queried_epic_tissues	False	not_assessed			not_assessed	pilot_only	not_validated	not_validated	insufficient_evidence_for_safe_harbor	1.0803014906346797	74.3	11	22.5	40	False
ANO2/NTF3	NC_051831.1	39682324	39684324	2000	1.0720602433383464	1.0	71.66834508224237	0.0	0.05	40.12803268432617	6.0	455	1.0	0.5666385	8.975	0	0	0	0	400	0		no_promoter_enhancer_in_queried_epic_tissues	False	not_assessed			not_assessed	pilot_only	not_validated	not_validated	insufficient_evidence_for_safe_harbor	1.0720674564540387	72.33333333333334	10	22.0	40	False
ANO2/NTF3	NC_051831.1	39682574	39684574	2000	1.0822732845246792	1.0	74.01812688821752	0.0	0.05	40.12803268432617	6.0	513	1.0	0.526019	8.975	0	0	0	0	583	0		no_promoter_enhancer_in_queried_epic_tissues	False	not_assessed			not_assessed	pilot_only	not_validated	not_validated	insufficient_evidence_for_safe_harbor	1.0822805709838867	74.66666666666667	10	22.0	40	False
ANO2/NTF3	NC_051831.1	39682824	39684824	2000	1.0849863710999488	1.0	74.42094662638469	0.0	0.0		0.0	349	1.0	0.5309074999999999	8.975	0	0	0	0	833	0		no_promoter_enhancer_in_queried_epic_tissues	False	not_assessed			not_assessed	pilot_only	not_validated	not_validated	insufficient_evidence_for_safe_harbor	1.0849936757683754	75.03333333333333	10	22.0	40	False
ANO2/NTF3	NC_051831.1	39683074	39685074	2000	1.0629867973327636	1.0	69.92279288351796	0.0	0.0		0.0	349	1.0	0.5082494999999999	8.975	0	0	0	0	1083	83	MG	regulatory_annotation_present	False	not_assessed			not_assessed	pilot_only	not_validated	not_validated	regulatory_conflict_requires_resolution	1.0629939511418343	70.66666666666667	10	22.5	40	False
ANO2/NTF3	NC_051831.1	39683324	39685324	2000	1.0346119394898414	1.0	63.54481369587109	0.0	0.025	100.0	1.0	349	1.0	0.459902	8.975	0	0	0	0	1067	200	MG	regulatory_annotation_present	False	not_assessed			not_assessed	pilot_only	not_validated	not_validated	regulatory_conflict_requires_resolution	1.0346189055740833	64.60000000000001	10	22.0	40	False
ANO2/NTF3	NC_051831.1	39683574	39685574	2000	1.0112381739020349	1.0	56.3611950318899	0.0	0.087	83.85545919133328	50.0	461	1.0	0.38375699999999996	8.975	0	0	0	0	817	200	MG	regulatory_annotation_present	False	not_assessed			not_assessed	pilot_only	not_validated	not_validated	regulatory_conflict_requires_resolution	1.0112449874579907	57.233333333333334	10	21.0	40	False
ANO2/NTF3	NC_051831.1	39683824	39685824	2000	1.024836417734623	1.0	60.49009734810339	0.0	0.125	80.25145034790039	50.0	461	1.0	0.21369899999999997	8.975	0	0	0	0	800	200	MG	regulatory_annotation_present	False	not_assessed			not_assessed	pilot_only	not_validated	not_validated	regulatory_conflict_requires_resolution	1.0248433313369751	61.33333333333333	10	21.0	40	False
ANO2/NTF3	NC_051831.1	39684074	39686074	2000	1.0551256341040134	1.0	67.84155756965424	0.0	0.125	80.25145034790039	50.0	461	1.0	0.0890165	3.743	0	0	0	0	800	200	MG	regulatory_annotation_present	False	not_assessed			not_assessed	pilot_only	not_validated	not_validated	regulatory_conflict_requires_resolution	1.0551327528059482	68.66666666666667	10	23.0	40	False
ANO2/NTF3	NC_051831.1	39684324	39686324	2000	1.0822949492037297	1.0	74.01812688821752	0.0	0.175	70.53540202549526	50.0	435	1.0	0.0630315	4.195	0	0	0	0	800	200	MG	regulatory_annotation_present	False	not_assessed			not_assessed	pilot_only	not_validated	not_validated	regulatory_conflict_requires_resolution	1.0823022486567497	74.66666666666667	10	25.0	40	False
ANO2/NTF3	NC_051831.1	39684574	39686574	2000	1.1104317262470722	1.0	77.67707284323599	0.0	0.225	75.37101872762044	58.0	320	0.9995	0.05748374187093547	4.195	0	0	0	0	617	200	MG	regulatory_annotation_present	False	not_assessed			not_assessed	pilot_only	not_validated	not_validated	regulatory_conflict_requires_resolution	1.1104392076432705	78.16666666666666	10	26.0	40	False
ANO2/NTF3	NC_051831.1	39684824	39686824	2000	1.1122618312835693	1.0	77.97918764686136	0.0	0.262	77.17961183213096	67.0	320	0.9995	0.06797148574287143	4.195	0	0	0	0	367	200	MG	regulatory_annotation_present	False	not_assessed			not_assessed	pilot_only	not_validated	not_validated	regulatory_conflict_requires_resolution	1.1122693246901034	78.43333333333334	10	26.0	39	False
ANO2/NTF3	NC_051831.1	39685074	39687074	2000	1.1203375212550164	1.0	78.81839543470963	0.0	0.337	80.3021755161908	67.0	320	0.9995	0.0628624312156078	4.195	0	0	0	0	117	117	MG	regulatory_annotation_present	False	not_assessed			not_assessed	pilot_only	not_validated	not_validated	regulatory_conflict_requires_resolution	1.1203450683951377	79.23333333333333	10	24.0	39	False
ANO2/NTF3	NC_051831.1	39685324	39687324	2000	1.1466330427527427	1.0	82.00738502853306	0.0	0.4	82.1065628528595	67.0	402	0.9995	0.06389394697348674	5.745	0	0	0	0	0	0		no_promoter_enhancer_in_queried_epic_tissues	False	not_assessed			not_assessed	pilot_only	not_validated	not_validated	insufficient_evidence_for_safe_harbor	1.146640769034624	82.39999999999999	10	26.0	39	False
ANO2/NTF3	NC_051831.1	39685574	39687574	2000	1.1783005854487418	1.0	85.06210137630077	0.0	0.338	82.97988222336627	67.0	290	0.9995	0.1098649324662331	8.126	0	0	0	0	0	0		no_promoter_enhancer_in_queried_epic_tissues	False	not_assessed			not_assessed	pilot_only	not_validated	not_validated	insufficient_evidence_for_safe_harbor	1.1783085215389728	85.43333333333332	17	27.0	39	False
ANO2/NTF3	NC_051831.1	39685824	39687824	2000	1.1522874218523502	1.0	82.57804632426989	0.0	0.3	84.37064615885417	67.0	290	0.9995	0.3494152076038019	10.205	0	0	0	0	0	0		no_promoter_enhancer_in_queried_epic_tissues	False	not_assessed			not_assessed	pilot_only	not_validated	not_validated	insufficient_evidence_for_safe_harbor	1.1522951779067516	82.96666666666667	10	26.0	39	False
ANO2/NTF3	NC_051831.1	39686074	39688074	2000	1.127751552760601	1.0	79.82544478012757	0.0	0.3	84.37064615885417	67.0	290	0.9995	0.4541365682841421	10.205	0	0	0	0	0	0		no_promoter_enhancer_in_queried_epic_tissues	False	not_assessed			not_assessed	pilot_only	not_validated	not_validated	insufficient_evidence_for_safe_harbor	1.1277591402232647	80.26666666666667	10	25.0	38	False
ANO2/NTF3	NC_051831.1	39686324	39688324	2000	1.0887918699383736	1.0	74.95803961060759	0.0	0.25	91.99571914672852	67.0	257	0.9995	0.47656678339169584	10.205	0	0	0	0	0	0		no_promoter_enhancer_in_queried_epic_tissues	False	not_assessed			not_assessed	pilot_only	not_validated	not_validated	insufficient_evidence_for_safe_harbor	1.088799192905426	75.56666666666668	10	24.0	38	False
ANO2/NTF3	NC_051831.1	39686574	39688574	2000	1.0666453837752343	1.0	70.7284323598523	0.0	0.2	91.920729637146	67.0	239	0.999	0.4668348348348349	10.205	0	0	0	0	0	0		no_promoter_enhancer_in_queried_epic_tissues	False	not_assessed			not_assessed	pilot_only	not_validated	not_validated	insufficient_evidence_for_safe_harbor	1.066652556836605	71.43333333333334	10	23.0	38	False
ANO2/NTF3	NC_051831.1	39686824	39688824	2000	1.0598249216377735	1.0	69.11715340718362	0.0	0.163	92.77034871856128	67.0	244	0.999	0.4433458458458458	10.205	0	0	0	0	234	234	OV;ST	regulatory_annotation_present	False	not_assessed			not_assessed	pilot_only	not_validated	not_validated	regulatory_conflict_requires_resolution	1.0598320485651493	69.89999999999999	10	22.0	38	False
ANO2/NTF3	NC_051831.1	39687074	39689074	2000	1.0943558058440686	1.0	75.69654246391406	0.0	0.088	94.09990900213069	34.0	244	0.999	0.45310610610610613	10.205	0	0	0	0	484	484	OV;ST	regulatory_annotation_present	False	not_assessed			not_assessed	pilot_only	not_validated	not_validated	regulatory_conflict_requires_resolution	1.094363167285919	76.3	10	22.5	39	False
ANO2/NTF3	NC_051831.1	39687324	39689324	2000	1.0862873094975949	1.0	74.68949311849615	0.0	0.0		0.0	162	0.999	0.42300650650650645	10.205	0	0	0	0	734	734	OV;ST	regulatory_annotation_present	False	not_assessed			not_assessed	pilot_only	not_validated	not_validated	regulatory_conflict_requires_resolution	1.0862946135103702	75.26666666666667	10	22.0	39	False
ANO2/NTF3	NC_051831.1	39687574	39689574	2000	1.0878518304526805	1.0	74.89090298757972	0.0	0.0		0.0	162	0.999	0.3865800800800801	10.205	0	0	0	0	984	984	LU;OV;ST	regulatory_annotation_present	False	not_assessed			not_assessed	pilot_only	not_validated	not_validated	regulatory_conflict_requires_resolution	1.0878591482043267	75.43333333333334	10	22.0	39	False
ANO2/NTF3	NC_051831.1	39687824	39689824	2000	1.1099400717914105	1.0	77.5763679086942	1.0	0.05	85.73272705078125	24.0	162	0.999	0.1315205205205205	6.71	0	0	0	0	1234	1234	LU;OV;ST	regulatory_annotation_present	False	not_assessed			not_assessed	pilot_only	not_validated	not_validated	regulatory_conflict_requires_resolution	1.109947539269924	78.06666666666666	10	24.0	39	False
ANO2/NTF3	NC_051831.1	39688074	39690074	2000	1.1420181161165237	1.0	81.30245048674053	1.0	0.05	85.73272705078125	24.0	162	0.999	0.023503003003003006	4.569	0	0	0	0	1484	1484	LU;OV;ST	regulatory_annotation_present	False	not_assessed			not_assessed	pilot_only	not_validated	not_validated	regulatory_conflict_requires_resolution	1.1420258036255837	81.76666666666667	10	25.0	39	False
ANO2/NTF3	NC_051831.1	39688324	39690324	2000	1.1749264908730983	1.0	84.79355488418932	1.0	0.075	90.48848470052083	24.0	154	0.999	0.010860360360360366	4.569	0	0	0	0	1734	1734	LU;OV;ST	regulatory_annotation_present	False	not_assessed			not_assessed	pilot_only	not_validated	not_validated	regulatory_conflict_requires_resolution	1.1749344076514243	85.13333333333334	10	26.0	39	False
ANO2/NTF3	NC_051831.1	39688574	39690574	2000	1.1817702522575855	1.0	85.33064786841223	1.0	0.075	90.48848470052083	24.0	193	1.0	0.033247500000000006	4.569	0	0	0	0	1984	1984	LU;OV;ST	regulatory_annotation_present	False	not_assessed			not_assessed	pilot_only	not_validated	not_validated	regulatory_conflict_requires_resolution	1.1817782183885575	85.66666666666667	15	25.0	39	False
ANO2/NTF3	NC_051831.1	39688824	39690824	2000	1.1880656888484955	1.0	85.86774085263511	1.0	0.112	84.31947486741203	24.0	188	1.0	0.18860749999999996	7.566	0	0	0	0	2000	2000	LU;OV;ST	regulatory_annotation_present	False	not_assessed			not_assessed	pilot_only	not_validated	not_validated	regulatory_conflict_requires_resolution	1.1880736992061138	86.13333333333333	17	25.0	39	False
ANO2/NTF3	NC_051831.1	39689074	39691074	2000	1.1523987954556942	1.0	82.57804632426989	1.0	0.125	85.95024948120117	24.0	188	1.0	0.28811499999999995	7.566	0	0	0	0	2000	2000	LU;OV	regulatory_annotation_present	False	not_assessed			not_assessed	pilot_only	not_validated	not_validated	regulatory_conflict_requires_resolution	1.1524065641760826	82.96666666666667	16	24.0	39	False
ANO2/NTF3	NC_051831.1	39689324	39691324	2000	1.1343423511981965	1.0	80.53037932192011	1.0	0.125	85.95024948120117	24.0	188	1.0	0.40017099999999994	7.566	0	0	0	0	2000	2000	LU;OV	regulatory_annotation_present	False	not_assessed			not_assessed	pilot_only	not_validated	not_validated	regulatory_conflict_requires_resolution	1.1343499981164933	81.03333333333333	15	24.0	39	False
ANO2/NTF3	NC_051831.1	39689574	39691574	2000	1.1303970150351523	1.0	79.99328633769721	1.0	0.175	64.16311209542411	24.0	188	1.0	0.4845905	7.566	0	0	0	0	1816	1816	LU;OV	regulatory_annotation_present	False	not_assessed			not_assessed	pilot_only	not_validated	not_validated	regulatory_conflict_requires_resolution	1.1304046342372893	80.5	15	24.0	39	False
ANO2/NTF3	NC_051831.1	39689824	39691824	2000	1.1331066796183586	1.0	80.42967438737831	1.0	0.15	46.279388427734375	11.0	188	1.0	0.5345544999999999	7.566	0	0	0	0	1600	1600	KI;OV	regulatory_annotation_present	False	not_assessed			not_assessed	pilot_only	not_validated	not_validated	regulatory_conflict_requires_resolution	1.1331143201887608	80.93333333333334	15	25.0	40	False
ANO2/NTF3	NC_051831.1	39690074	39692074	2000	1.1248951842486858	1.0	79.35548841893252	0.0	0.175	49.45918927873884	11.0	300	1.0	0.5456469999999999	7.566	0	0	0	0	1600	1600	KI;OV	regulatory_annotation_present	False	not_assessed			not_assessed	pilot_only	not_validated	not_validated	regulatory_conflict_requires_resolution	1.1249027681350707	79.83333333333333	15	25.0	48	False
ANO2/NTF3	NC_051831.1	39690324	39692324	2000	1.138687725841999	1.0	80.96676737160121	0.0	0.15	41.03572082519531	11.0	404	1.0	0.5416839999999999	7.566	0	0	0	0	1600	1600	KI;OV	regulatory_annotation_present	False	not_assessed			not_assessed	pilot_only	not_validated	not_validated	regulatory_conflict_requires_resolution	1.1386954013407231	81.43333333333334	15	27.0	48	False
ANO2/NTF3	NC_051831.1	39690574	39692574	2000	1.177876689493656	1.0	85.06210137630077	0.0	0.15	41.03572082519531	11.0	459	1.0	0.543531	7.566	0	0	0	0	1600	1600	KI;OV	regulatory_annotation_present	False	not_assessed			not_assessed	pilot_only	not_validated	not_validated	regulatory_conflict_requires_resolution	1.1778846307694912	85.43333333333332	15	27.0	48	False
ANO2/NTF3	NC_051831.1	39690824	39692824	2000	1.1786979715526105	1.0	85.06210137630077	0.0	0.113	30.95763974485144	11.0	507	1.0	0.391618	7.26	0	0	0	0	1549	1549	KI;OV	regulatory_annotation_present	False	not_assessed			not_assessed	pilot_only	not_validated	not_validated	regulatory_conflict_requires_resolution	1.1787059181928634	85.43333333333332	15	28.0	48	False
ANO2/NTF3	NC_051831.1	39691074	39693074	2000	1.1816642485260964	1.0	85.33064786841223	0.0	0.1	21.98213291168213	11.0	708	1.0	0.2933855	7.26	0	0	0	0	1400	1400	KI;MG;OV	regulatory_annotation_present	False	not_assessed			not_assessed	pilot_only	not_validated	not_validated	regulatory_conflict_requires_resolution	1.1816722197532654	85.66666666666667	15	29.0	48	False
ANO2/NTF3	NC_051831.1	39691324	39693324	2000	1.2032662414312363	1.0	86.87479019805305	0.0	0.1	21.98213291168213	11.0	708	1.0	0.215403	6.727	0	0	0	0	1400	1400	KI;MG;OV	regulatory_annotation_present	False	not_assessed			not_assessed	pilot_only	not_validated	not_validated	regulatory_conflict_requires_resolution	1.2032743576169014	87.1	20	30.0	48	False
ANO2/NTF3	NC_051831.1	39691574	39693574	2000	1.2154723781049253	1.0	87.68042967438738	0.0	0.05	34.26899719238281	4.0	708	1.0	0.12316350000000001	4.372	0	0	0	0	1383	1383	KI;MG;OV	regulatory_annotation_present	False	not_assessed			not_assessed	pilot_only	not_validated	not_validated	regulatory_conflict_requires_resolution	1.2154805764853955	87.86666666666667	20	30.0	48	False
ANO2/NTF3	NC_051831.1	39691824	39693824	2000	1.215859555721283	1.0	87.7139979859013	0.0	0.025	68.53799438476562	4.0	753	1.0	0.10686949999999999	4.274	0	0	0	0	1349	1349	KI;MG;OV	regulatory_annotation_present	False	not_assessed			not_assessed	pilot_only	not_validated	not_validated	regulatory_conflict_requires_resolution	1.215867755740881	87.9	20	30.0	48	False
ANO2/NTF3	NC_051831.1	39692074	39694074	2000	1.1857489001452923	1.0	85.69989929506546	0.0	0.012	50.0	1.0	641	0.9935	0.12518067438349273	4.274	0	0	0	0	1099	1099	KI;MG;OV	regulatory_annotation_present	False	not_assessed			not_assessed	pilot_only	not_validated	not_validated	regulatory_conflict_requires_resolution	1.1857568960487843	85.96666666666667	17	30.0	48	False
ANO2/NTF3	NC_051831.1	39692324	39694324	2000	1.1776207999885082	1.0	85.02853306478684	1.0	0.025	50.0	1.0	556	0.9935	0.14055007549068949	4.274	0	0	0	0	849	849	KI;MG;OV	regulatory_annotation_present	False	not_assessed			not_assessed	pilot_only	not_validated	not_validated	regulatory_conflict_requires_resolution	1.1776287370622158	85.39999999999999	17	28.5	39	False
ANO2/NTF3	NC_051831.1	39692574	39694574	2000	1.1506649844944477	1.0	82.34306814367237	1.0	0.025	50.0	1.0	347	0.9935	0.13316004026170106	3.992	0	0	0	0	599	599	KI;MG;OV	regulatory_annotation_present	False	not_assessed			not_assessed	pilot_only	not_validated	not_validated	regulatory_conflict_requires_resolution	1.1506727413237094	82.73333333333333	17	28.5	41	False
ANO2/NTF3	NC_051831.1	39692824	39694824	2000	1.1595844300687312	1.0	83.31654917757638	1.0	0.025	50.0	1.0	299	0.9935	0.16810669350780072	3.992	0	0	0	0	400	400	MG;OV	regulatory_annotation_present	False	not_assessed			not_assessed	pilot_only	not_validated	not_validated	regulatory_conflict_requires_resolution	1.1595922493040562	83.7	17	29.0	41	False
ANO2/NTF3	NC_051831.1	39693074	39695074	2000	1.1715434123575688	1.0	84.39073514602215	1.0	0.025	50.0	1.0	98	0.9935	0.1853839959738299	3.992	0	0	0	0	299	299	MG;OV	regulatory_annotation_present	False	not_assessed			not_assessed	pilot_only	not_validated	not_validated	regulatory_conflict_requires_resolution	1.171551313638687	84.66666666666667	17	30.0	41	False
ANO2/NTF3	NC_051831.1	39693324	39695324	2000	1.1556763174533844	1.0	82.77945619335347	1.0	0.025	50.0	1.0	98	0.9935	0.21404781077000504	4.781	0	0	0	0	49	49	MG;OV	regulatory_annotation_present	False	not_assessed			not_assessed	pilot_only	not_validated	not_validated	regulatory_conflict_requires_resolution	1.1556841127872468	83.1	17	29.0	41	False
ANO2/NTF3	NC_051831.1	39693574	39695574	2000	1.137702511996031	1.0	80.86606243705941	1.0	0.025	50.0	1.0	98	0.9935	0.2304398590840463	4.781	0	0	0	0	0	0		no_promoter_enhancer_in_queried_epic_tissues	False	not_assessed			not_assessed	pilot_only	not_validated	not_validated	insufficient_evidence_for_safe_harbor	1.1377101859748364	81.33333333333333	17	28.0	41	False
ANO2/NTF3	NC_051831.1	39693824	39695824	2000	1.1381201989650727	1.0	80.86606243705941	1.0	0.025	50.0	1.0	71	0.9935	0.23050830397584296	4.781	0	0	0	0	0	0		no_promoter_enhancer_in_queried_epic_tissues	False	not_assessed			not_assessed	pilot_only	not_validated	not_validated	insufficient_evidence_for_safe_harbor	1.1381278775930406	81.33333333333333	17	26.0	41	False
ANO2/NTF3	NC_051831.1	39694074	39696074	2000	1.127216654419899	1.0	79.7583081570997	1.0	0.025	64.46970458984374	5.0	139	1.0	0.192964	4.781	0	0	0	0	0	0		no_promoter_enhancer_in_queried_epic_tissues	False	not_assessed			not_assessed	pilot_only	not_validated	not_validated	insufficient_evidence_for_safe_harbor	1.127224259853363	80.2	3	27.0	41	False
ANO2/NTF3	NC_051831.1	39694324	39696324	2000	1.1122447474598884	1.0	77.97918764686136	0.0	0.025	80.14521789550781	5.0	86	1.0	0.1866545	4.781	0	0	0	0	0	0		no_promoter_enhancer_in_queried_epic_tissues	False	not_assessed			not_assessed	pilot_only	not_validated	not_validated	insufficient_evidence_for_safe_harbor	1.1122522523999214	78.43333333333334	3	28.0	41	False
ANO2/NTF3	NC_051831.1	39694574	39696574	2000	1.1032319620847701	1.0	76.9385699899295	0.0	0.025	80.14521789550781	5.0	196	1.0	0.1763255	4.781	0	0	0	0	0	0		no_promoter_enhancer_in_queried_epic_tissues	False	not_assessed			not_assessed	pilot_only	not_validated	not_validated	insufficient_evidence_for_safe_harbor	1.1032394011616706	77.46666666666667	3	26.5	40	False
ANO2/NTF3	NC_051831.1	39694824	39696824	2000	1.0908564648032189	1.0	75.26015441423296	0.0	0.025	80.14521789550781	5.0	196	1.0	0.15025099999999997	4.781	0	0	0	0	38	0		no_promoter_enhancer_in_queried_epic_tissues	False	not_assessed			not_assessed	pilot_only	not_validated	not_validated	insufficient_evidence_for_safe_harbor	1.0908638196885585	75.86666666666667	3	26.0	40	False
ANO2/NTF3	NC_051831.1	39695074	39697074	2000	1.0869864547848702	1.0	74.79019805303794	0.0	0.037	78.90749915870461	5.0	196	1.0	0.144965	4.781	0	0	0	0	288	0		no_promoter_enhancer_in_queried_epic_tissues	False	not_assessed			not_assessed	pilot_only	not_validated	not_validated	insufficient_evidence_for_safe_harbor	1.086993776202202	75.36666666666667	3	25.0	39	False
ANO2/NTF3	NC_051831.1	39695324	39697324	2000	1.0978090872764588	1.0	76.23363544813697	0.0	0.075	85.49137878417969	5.0	196	1.0	0.09633400000000002	4.216	0	0	0	0	400	0		no_promoter_enhancer_in_queried_epic_tissues	False	not_assessed			not_assessed	pilot_only	not_validated	not_validated	insufficient_evidence_for_safe_harbor	1.0978164804875852	76.8	3	25.0	39	False
ANO2/NTF3	NC_051831.1	39695574	39697574	2000	1.0718467429876328	1.0	71.66834508224237	0.0	0.075	85.49137878417969	5.0	367	1.0	0.08199799999999999	3.924	0	0	0	0	400	0		no_promoter_enhancer_in_queried_epic_tissues	False	not_assessed			not_assessed	pilot_only	not_validated	not_validated	insufficient_evidence_for_safe_harbor	1.0718539598584176	72.33333333333334	3	24.0	39	False
ANO2/NTF3	NC_051831.1	39695824	39697824	2000	1.0540769743025302	1.0	67.6737160120846	0.0	0.1	76.61853408813477	5.0	586	1.0	0.071775	3.924	0	0	0	0	400	0		no_promoter_enhancer_in_queried_epic_tissues	False	not_assessed			not_assessed	pilot_only	not_validated	not_validated	insufficient_evidence_for_safe_harbor	1.0540840646624565	68.5	3	24.0	39	False
ANO2/NTF3	NC_051831.1	39696074	39698074	2000	1.0658621905744077	1.0	70.42631755622692	0.0	0.088	76.13762265985662	5.0	518	1.0	0.09742850000000002	3.757	0	0	0	0	400	0		no_promoter_enhancer_in_queried_epic_tissues	False	not_assessed			not_assessed	pilot_only	not_validated	not_validated	insufficient_evidence_for_safe_harbor	1.0658693629801272	71.16666666666667	14	23.5	36	False
ANO2/NTF3	NC_051831.1	39696324	39698324	2000	1.063916614830494	1.0	70.09063444108762	0.0	0.075	75.44297281901042	2.0	518	1.0	0.108018	3.757	0	0	0	0	400	0		no_promoter_enhancer_in_queried_epic_tissues	False	not_assessed			not_assessed	pilot_only	not_validated	not_validated	insufficient_evidence_for_safe_harbor	1.0639237780570985	70.83333333333334	14	23.0	36	False
ANO2/NTF3	NC_051831.1	39696574	39698574	2000	1.0804021928310394	1.0	73.64887546156427	0.0	0.075	75.44297281901042	2.0	434	1.0	0.08873099999999999	3.757	0	0	0	0	400	0		no_promoter_enhancer_in_queried_epic_tissues	False	not_assessed			not_assessed	pilot_only	not_validated	not_validated	insufficient_evidence_for_safe_harbor	1.0804094685316086	74.3	14	24.0	36	False
ANO2/NTF3	NC_051831.1	39696824	39698824	2000	1.061042981594801	1.0	69.31856327626721	0.0	0.1	76.46134567260742	8.0	594	1.0	0.09418299999999999	3.757	0	0	0	0	362	0		no_promoter_enhancer_in_queried_epic_tissues	False	not_assessed			not_assessed	pilot_only	not_validated	not_validated	insufficient_evidence_for_safe_harbor	1.0610501245260238	70.13333333333334	14	23.0	36	False
ANO2/NTF3	NC_051831.1	39697074	39699074	2000	1.0613096618652345	1.0	69.35213158778113	0.0	0.113	81.68307562633953	8.0	797	1.0	0.0848745	3.108	0	0	0	0	112	0		no_promoter_enhancer_in_queried_epic_tissues	False	not_assessed			not_assessed	pilot_only	not_validated	not_validated	insufficient_evidence_for_safe_harbor	1.06131681188941	70.16666666666667	14	23.5	36	False
ANO2/NTF3	NC_051831.1	39697324	39699324	2000	1.0804831046760082	1.0	73.64887546156427	0.0	0.075	76.50548807779948	8.0	921	1.0	0.08346550000000001	5.109	0	0	0	0	0	0		no_promoter_enhancer_in_queried_epic_tissues	False	not_assessed			not_assessed	pilot_only	not_validated	not_validated	insufficient_evidence_for_safe_harbor	1.0804903856515884	74.3	14	24.0	38	False
ANO2/NTF3	NC_051831.1	39697574	39699574	2000	1.1181179182827472	1.0	78.58341725411212	0.0	0.075	76.50548807779948	8.0	956	1.0	0.07424750000000001	5.109	0	0	0	0	0	0		no_promoter_enhancer_in_queried_epic_tissues	False	not_assessed			not_assessed	pilot_only	not_validated	not_validated	insufficient_evidence_for_safe_harbor	1.1181254549324513	79.03333333333333	14	24.0	38	False
ANO2/NTF3	NC_051831.1	39697824	39699824	2000	1.1184855484068394	1.0	78.68412218865392	0.0	0.05	89.75823211669922	8.0	770	1.0	0.09712449999999999	5.109	0	0	0	0	54	54	MG	regulatory_annotation_present	False	not_assessed			not_assessed	pilot_only	not_validated	not_validated	regulatory_conflict_requires_resolution	1.1184930913746356	79.10000000000001	14	24.0	38	False
ANO2/NTF3	NC_051831.1	39698074	39700074	2000	1.160720863968134	1.0	83.41725411211816	0.0	0.05	89.75823211669922	8.0	838	1.0	0.15687550000000003	5.861	0	0	0	0	304	304	MG	regulatory_annotation_present	False	not_assessed			not_assessed	pilot_only	not_validated	not_validated	regulatory_conflict_requires_resolution	1.1607286881506442	83.83333333333334	14	24.0	40	False
ANO2/NTF3	NC_051831.1	39698324	39700324	2000	1.163891078054905	1.0	83.71936891574354	0.0	0.05	89.75823211669922	8.0	838	1.0	0.41525850000000003	10.137	0	0	0	0	554	400	MG	regulatory_annotation_present	False	not_assessed			not_assessed	pilot_only	not_validated	not_validated	regulatory_conflict_requires_resolution	1.1638989213109017	84.03333333333333	14	24.5	40	False
ANO2/NTF3	NC_051831.1	39698574	39700574	2000	1.1308151757121085	1.0	80.02685464921115	0.0	0.05	89.75823211669922	8.0	1027	1.0	0.49146400000000007	10.137	0	0	0	0	600	400	MG	regulatory_annotation_present	False	not_assessed			not_assessed	pilot_only	not_validated	not_validated	regulatory_conflict_requires_resolution	1.1308227944672107	80.53333333333333	14	23.5	40	False
ANO2/NTF3	NC_051831.1	39698824	39700824	2000	1.12543865570426	1.0	79.35548841893252	0.0	0.025	100.0	1.0	1117	1.0	0.5169765000000001	10.137	0	0	0	0	654	454	CR;MG	regulatory_annotation_present	False	not_assessed			not_assessed	pilot_only	not_validated	not_validated	regulatory_conflict_requires_resolution	1.1254462378621102	79.83333333333333	7	23.0	40	False
ANO2/NTF3	NC_051831.1	39699074	39701074	2000	1.1083844901025295	1.0	77.4756629741524	0.0	0.025	87.65203094482422	3.0	966	1.0	0.5540975	10.137	0	0	0	0	904	704	CR;MG	regulatory_annotation_present	False	not_assessed			not_assessed	pilot_only	not_validated	not_validated	regulatory_conflict_requires_resolution	1.1083919599950314	77.96666666666667	7	23.0	40	False
ANO2/NTF3	NC_051831.1	39699324	39701324	2000	1.0875826137065887	1.0	74.85733467606579	0.0	0.025	87.65203094482422	3.0	842	1.0	0.6419675	10.137	0	0	0	0	1154	954	CR;MG	regulatory_annotation_present	False	not_assessed			not_assessed	pilot_only	not_validated	not_validated	regulatory_conflict_requires_resolution	1.0875899401903153	75.43333333333334	7	23.0	40	False
ANO2/NTF3	NC_051831.1	39699574	39701574	2000	1.0647024464011192	1.0	70.32561262168512	0.0	0.025	87.65203094482422	3.0	636	1.0	0.71009	10.137	0	0	0	0	1200	1000	CR;MG	regulatory_annotation_present	False	not_assessed			not_assessed	pilot_only	not_validated	not_validated	regulatory_conflict_requires_resolution	1.0647096187472342	71.03333333333333	7	22.0	40	False
ANO2/NTF3	NC_051831.1	39699824	39701824	2000	1.0532796817719936	1.0	67.53944276602887	0.0	0.025	87.65203094482422	3.0	585	1.0	0.7017490000000002	10.137	0	0	0	0	1146	946	CR;MG	regulatory_annotation_present	False	not_assessed			not_assessed	pilot_only	not_validated	not_validated	regulatory_conflict_requires_resolution	1.0532867764234544	68.36666666666666	7	23.0	40	False
ANO2/NTF3	NC_051831.1	39700074	39702074	2000	1.0036972388625145	1.0	53.272910372608266	0.0	0.025	87.65203094482422	3.0	709	1.0	0.649298	10.137	0	0	0	0	896	696	CR;MG	regulatory_annotation_present	False	not_assessed			not_assessed	pilot_only	not_validated	not_validated	regulatory_conflict_requires_resolution	1.0037040022909642	54.266666666666666	7	22.0	35	False
ANO2/NTF3	NC_051831.1	39700324	39702324	2000	0.9783578541874886	1.0	44.175897952332996	0.0	0.025	87.65203094482422	3.0	959	1.0	0.3826875	6.686	0	0	0	0	646	600	CR	regulatory_annotation_present	False	not_assessed			not_assessed	pilot_only	not_validated	not_validated	regulatory_conflict_requires_resolution	0.9783644481897354	45.300000000000004	7	21.0	35	False
ANO2/NTF3	NC_051831.1	39700574	39702574	2000	0.986172738790512	1.0	47.06277274253105	0.0	0.025	87.65203094482422	3.0	893	1.0	0.322367	6.686	0	0	0	0	600	600	CR	regulatory_annotation_present	False	not_assessed			not_assessed	pilot_only	not_validated	not_validated	regulatory_conflict_requires_resolution	0.9861793867349624	48.3	7	21.0	35	False
ANO2/NTF3	NC_051831.1	39700824	39702824	2000	0.9920626730024814	1.0	49.27828130245049	0.0	0.025	87.65203094482422	3.0	643	1.0	0.31462049999999997	6.686	0	0	0	0	546	546	CR	regulatory_annotation_present	False	not_assessed			not_assessed	pilot_only	not_validated	not_validated	regulatory_conflict_requires_resolution	0.9920693606734275	50.4	12	22.0	35	False
ANO2/NTF3	NC_051831.1	39701074	39703074	2000	0.9987106372117996	1.0	51.39308492782813	0.0	0.0		0.0	695	1.0	0.3050475	6.686	0	0	0	0	402	296	CR	regulatory_annotation_present	False	not_assessed			not_assessed	pilot_only	not_validated	not_validated	regulatory_conflict_requires_resolution	0.9987173649668694	52.5	12	22.0	32	False
ANO2/NTF3	NC_051831.1	39701324	39703324	2000	0.9951985231041909	1.0	50.35246727089627	0.0	0.0		0.0	916	1.0	0.2342905	4.776	0	0	0	0	402	46	CR	regulatory_annotation_present	False	not_assessed			not_assessed	pilot_only	not_validated	not_validated	regulatory_conflict_requires_resolution	0.9952052311897278	51.43333333333333	12	22.0	33	False
ANO2/NTF3	NC_051831.1	39701574	39703574	2000	1.017664466381073	1.0	58.24102047667002	0.0	0.0		0.0	916	1.0	0.18732349999999998	3.961	0	0	0	0	606	0		no_promoter_enhancer_in_queried_epic_tissues	False	not_assessed			not_assessed	pilot_only	not_validated	not_validated	insufficient_evidence_for_safe_harbor	1.0176713296175004	59.06666666666667	12	22.0	33	False
ANO2/NTF3	NC_051831.1	39701824	39703824	2000	1.0324996134340763	1.0	62.839879154078545	0.0	0.0		0.0	916	1.0	0.1994415	4.003	0	0	0	0	856	0		no_promoter_enhancer_in_queried_epic_tissues	False	not_assessed			not_assessed	pilot_only	not_validated	not_validated	insufficient_evidence_for_safe_harbor	1.0325065754055978	63.866666666666674	12	22.0	33	False
ANO2/NTF3	NC_051831.1	39702074	39704074	2000	1.023354307115078	1.0	59.9530043638805	0.0	0.0		0.0	921	1.0	0.21533549999999996	4.003	0	0	0	0	1000	0		no_promoter_enhancer_in_queried_epic_tissues	False	not_assessed			not_assessed	pilot_only	not_validated	not_validated	insufficient_evidence_for_safe_harbor	1.0233612039387225	60.8	10	22.0	33	False
ANO2/NTF3	NC_051831.1	39702324	39704324	2000	0.9975733976066112	1.0	51.12453843571668	0.0	0.0		0.0	844	1.0	0.235913	4.217	0	0	0	0	1000	0		no_promoter_enhancer_in_queried_epic_tissues	False	not_assessed			not_assessed	pilot_only	not_validated	not_validated	insufficient_evidence_for_safe_harbor	0.9975801193714142	52.166666666666664	6	21.5	33	False
ANO2/NTF3	NC_051831.1	39702574	39704574	2000	0.9942525523900986	1.0	50.016784155756966	0.0	0.0		0.0	802	0.996	0.24334337349397592	4.217	0	0	0	0	1000	0		no_promoter_enhancer_in_queried_epic_tissues	False	not_assessed			not_assessed	pilot_only	not_validated	not_validated	insufficient_evidence_for_safe_harbor	0.9942592538297176	51.06666666666667	6	21.0	33	False
ANO2/NTF3	NC_051831.1	39702824	39704824	2000	0.9794060357511044	1.0	44.478012755958375	0.0	0.0		0.0	1044	0.996	0.2179769076305221	4.217	0	0	0	0	1000	0		no_promoter_enhancer_in_queried_epic_tissues	False	not_assessed			not_assessed	pilot_only	not_validated	not_validated	insufficient_evidence_for_safe_harbor	0.979412639349699	45.666666666666664	6	20.0	33	False
ANO2/NTF3	NC_051831.1	39703074	39705074	2000	0.9448198823034764	1.0	30.17791205102383	0.0	0.05	87.59684371948242	54.0	958	0.996	0.18336044176706826	4.217	0	0	0	0	894	0		no_promoter_enhancer_in_queried_epic_tissues	False	not_assessed			not_assessed	pilot_only	not_validated	not_validated	insufficient_evidence_for_safe_harbor	0.9448262528479099	31.633333333333336	6	18.0	33	False
ANO2/NTF3	NC_051831.1	39703324	39705324	2000	0.9082012431919575	1.0	16.68345082242363	0.0	0.05	87.59684371948242	54.0	904	0.996	0.1758579317269076	4.217	0	0	0	0	644	0		no_promoter_enhancer_in_queried_epic_tissues	False	not_assessed			not_assessed	pilot_only	not_validated	not_validated	insufficient_evidence_for_safe_harbor	0.9082073664963245	18.566666666666666	6	17.0	32	False
ANO2/NTF3	NC_051831.1	39703574	39705574	2000	0.8745491653680801	1.0	8.996307485733468	0.0	0.05	87.59684371948242	54.0	1154	0.996	0.24061495983935746	5.149	0	0	0	0	592	0		no_promoter_enhancer_in_queried_epic_tissues	False	not_assessed			not_assessed	pilot_only	not_validated	not_validated	insufficient_evidence_for_safe_harbor	0.8745550614893436	11.0	6	16.0	27	False
ANO2/NTF3	NC_051831.1	39703824	39705824	2000	0.8761148137152195	1.0	9.298422289358847	0.0	0.05	87.59684371948242	54.0	1404	0.996	0.34464859437751005	5.517	0	0	0	0	544	0		no_promoter_enhancer_in_queried_epic_tissues	False	not_assessed			not_assessed	pilot_only	not_validated	not_validated	insufficient_evidence_for_safe_harbor	0.8761207213997841	11.266666666666666	6	16.0	27	False
ANO2/NTF3	NC_051831.1	39704074	39706074	2000	0.8680860560536384	1.0	7.922121517287681	0.0	0.05	87.59684371948242	54.0	1457	0.996	0.4523032128514057	6.657	0	0	0	0	400	0		no_promoter_enhancer_in_queried_epic_tissues	False	not_assessed			not_assessed	pilot_only	not_validated	not_validated	insufficient_evidence_for_safe_harbor	0.8680919099152088	10.0	6	15.0	28	False
ANO2/NTF3	NC_051831.1	39704324	39706324	2000	0.8932963081598282	1.0	12.588116817724067	0.0	0.05	87.59684371948242	54.0	1402	0.996	0.4379879518072289	6.657	0	0	0	0	400	0		no_promoter_enhancer_in_queried_epic_tissues	False	not_assessed			not_assessed	pilot_only	not_validated	not_validated	insufficient_evidence_for_safe_harbor	0.893302332520485	14.6	7	16.0	28	False
ANO2/NTF3	NC_051831.1	39704574	39706574	2000	0.8845605298578739	1.0	10.607586438402148	0.0	0.062	86.74101688015845	54.0	1388	1.0	0.42224800000000007	6.657	0	0	0	0	400	0		no_promoter_enhancer_in_queried_epic_tissues	False	not_assessed			not_assessed	pilot_only	not_validated	not_validated	insufficient_evidence_for_safe_harbor	0.884566492497921	12.566666666666668	7	16.0	28	False
ANO2/NTF3	NC_051831.1	39704824	39706824	2000	0.9024698873162269	1.0	14.870762000671366	0.0	0.125	79.74057159423828	54.0	1232	1.0	0.4313405	6.657	0	0	0	0	400	0		no_promoter_enhancer_in_queried_epic_tissues	False	not_assessed			not_assessed	pilot_only	not_validated	not_validated	insufficient_evidence_for_safe_harbor	0.9024759725034237	16.766666666666666	7	16.0	30	False
ANO2/NTF3	NC_051831.1	39705074	39707074	2000	0.897706031113863	1.0	13.528029540114131	0.0	0.075	74.50305684407552	4.0	1410	1.0	0.4556925	6.657	0	0	0	0	400	0		no_promoter_enhancer_in_queried_epic_tissues	False	not_assessed			not_assessed	pilot_only	not_validated	not_validated	insufficient_evidence_for_safe_harbor	0.8977120823562145	15.566666666666668	7	16.0	30	False
ANO2/NTF3	NC_051831.1	39705324	39707324	2000	0.9110176948308945	1.0	17.38838536421618	0.0	0.075	74.50305684407552	4.0	1492	1.0	0.450349	6.657	0	0	0	0	400	0		no_promoter_enhancer_in_queried_epic_tissues	False	not_assessed			not_assessed	pilot_only	not_validated	not_validated	insufficient_evidence_for_safe_harbor	0.9110238353312016	19.333333333333332	7	18.0	30	False
ANO2/NTF3	NC_051831.1	39705574	39707574	2000	0.9381728786230087	1.0	27.32460557233971	0.0	0.075	74.50305684407552	4.0	1391	1.0	0.38884300000000005	6.657	0	0	0	0	202	0		no_promoter_enhancer_in_queried_epic_tissues	False	not_assessed			not_assessed	pilot_only	not_validated	not_validated	insufficient_evidence_for_safe_harbor	0.9381791952252388	28.9	7	19.0	34	False
ANO2/NTF3	NC_051831.1	39705824	39707824	2000	0.9597350523471833	1.0	35.85095669687814	0.0	0.087	78.01987658972028	4.0	1262	1.0	0.244094	6.657	0	0	0	0	0	0		no_promoter_enhancer_in_queried_epic_tissues	False	not_assessed			not_assessed	pilot_only	not_validated	not_validated	insufficient_evidence_for_safe_harbor	0.9597415144741536	37.266666666666666	7	21.0	46	False
ANO2/NTF3	NC_051831.1	39706074	39708074	2000	1.0024862606823444	1.0	52.60154414232964	0.0	0.1	80.87729263305664	4.0	1109	1.0	0.087762	3.703	0	0	0	0	0	0		no_promoter_enhancer_in_queried_epic_tissues	False	not_assessed			not_assessed	pilot_only	not_validated	not_validated	insufficient_evidence_for_safe_harbor	1.002493009775877	53.63333333333333	7	23.0	46	False
ANO2/NTF3	NC_051831.1	39706324	39708324	2000	1.0330842222273349	1.0	62.97415240013427	0.0	0.1	80.87729263305664	4.0	991	1.0	0.04600049999999999	3.703	0	0	0	0	0	0		no_promoter_enhancer_in_queried_epic_tissues	False	not_assessed			not_assessed	pilot_only	not_validated	not_validated	insufficient_evidence_for_safe_harbor	1.033091176211834	63.96666666666667	7	25.0	46	False
ANO2/NTF3	NC_051831.1	39706574	39708574	2000	1.0907783343493938	1.0	75.26015441423296	1.0	0.088	80.5639591217041	4.0	898	1.0	0.05939700000000002	4.045	0	0	0	0	0	0		no_promoter_enhancer_in_queried_epic_tissues	False	not_assessed			not_assessed	pilot_only	not_validated	not_validated	insufficient_evidence_for_safe_harbor	1.0907856753468514	75.86666666666667	11	27.0	46	False
ANO2/NTF3	NC_051831.1	39706824	39708824	2000	1.1282447724342346	1.0	79.8590130916415	1.0	0.075	50.10420227050781	2.0	812	1.0	0.043924000000000005	4.045	0	0	0	0	0	0		no_promoter_enhancer_in_queried_epic_tissues	False	not_assessed			not_assessed	pilot_only	not_validated	not_validated	insufficient_evidence_for_safe_harbor	1.1282523645460605	80.30000000000001	11	28.0	46	False
ANO2/NTF3	NC_051831.1	39707074	39709074	2000	1.1813477958738803	1.0	85.2970795568983	1.0	0.1	61.54726028442383	12.0	616	1.0	0.11401649999999999	7.874	0	0	0	0	0	0		no_promoter_enhancer_in_queried_epic_tissues	False	not_assessed			not_assessed	pilot_only	not_validated	not_validated	insufficient_evidence_for_safe_harbor	1.1813557461500168	85.66666666666667	14	30.5	46	False
ANO2/NTF3	NC_051831.1	39707324	39709324	2000	1.208524120926857	1.0	87.17690500167842	1.0	0.15	74.36484018961589	12.0	448	1.0	0.11310999999999999	7.874	0	0	0	0	0	0		no_promoter_enhancer_in_queried_epic_tissues	False	not_assessed			not_assessed	pilot_only	not_validated	not_validated	insufficient_evidence_for_safe_harbor	1.2085322532057763	87.46666666666667	16	32.0	46	False
ANO2/NTF3	NC_051831.1	39707574	39709574	2000	1.2086800054609776	1.0	87.21047331319235	1.0	0.15	74.36484018961589	12.0	345	1.0	0.07570350000000002	7.874	0	0	0	0	0	0		no_promoter_enhancer_in_queried_epic_tissues	False	not_assessed			not_assessed	pilot_only	not_validated	not_validated	insufficient_evidence_for_safe_harbor	1.208688141167164	87.5	16	32.0	46	False
ANO2/NTF3	NC_051831.1	39707824	39709824	2000	1.2075526750683785	1.0	87.10976837865056	1.0	0.163	68.74065048124162	12.0	224	1.0	0.1466345	7.874	0	0	0	0	0	0		no_promoter_enhancer_in_queried_epic_tissues	False	not_assessed			not_assessed	pilot_only	not_validated	not_validated	insufficient_evidence_for_safe_harbor	1.2075608054101468	87.4	16	31.5	43	False
ANO2/NTF3	NC_051831.1	39708074	39710074	2000	1.2139722412228584	1.0	87.57972473984559	1.0	0.175	68.9757319859096	28.0	208	0.9995	0.1538784392196098	7.874	0	0	0	0	0	0		no_promoter_enhancer_in_queried_epic_tissues	False	not_assessed			not_assessed	pilot_only	not_validated	not_validated	insufficient_evidence_for_safe_harbor	1.213980411350727	87.76666666666667	19	32.0	43	False
ANO2/NTF3	NC_051831.1	39708324	39710324	2000	1.226783861130476	1.0	88.38536421617992	1.0	0.225	72.45985921223958	33.0	458	0.9995	0.15265782891445723	7.874	0	0	0	0	0	0		no_promoter_enhancer_in_queried_epic_tissues	False	not_assessed			not_assessed	pilot_only	not_validated	not_validated	insufficient_evidence_for_safe_harbor	1.2267921168804168	88.6	19	32.0	43	False
ANO2/NTF3	NC_051831.1	39708574	39710574	2000	1.2006526888906957	1.0	86.77408526351125	1.0	0.262	70.8654052064619	42.0	682	0.9995	0.13742971485742875	7.874	0	0	0	0	0	0		no_promoter_enhancer_in_queried_epic_tissues	False	not_assessed			not_assessed	pilot_only	not_validated	not_validated	insufficient_evidence_for_safe_harbor	1.2006607727110385	87.0	19	30.5	41	False
ANO2/NTF3	NC_051831.1	39708824	39710824	2000	1.2010127406418323	1.0	86.77408526351125	0.0	0.287	81.63876341444275	68.0	692	0.9985	0.18020781171757638	7.874	0	0	0	0	0	0		no_promoter_enhancer_in_queried_epic_tissues	False	not_assessed			not_assessed	pilot_only	not_validated	not_validated	insufficient_evidence_for_safe_harbor	1.2010208220481873	87.0	19	30.0	41	False
ANO2/NTF3	NC_051831.1	39709074	39711074	2000	1.1841531076431275	1.0	85.59919436052367	0.0	0.3	76.16024971008301	68.0	728	0.9985	0.1927986980470706	10.827	0	0	0	0	106	0		no_promoter_enhancer_in_queried_epic_tissues	False	not_assessed			not_assessed	pilot_only	not_validated	not_validated	insufficient_evidence_for_safe_harbor	1.1841610763967036	85.83333333333333	7	28.0	39	False
ANO2/NTF3	NC_051831.1	39709324	39711324	2000	1.1885904363393784	1.0	86.00201409869084	0.0	0.25	71.39229965209961	68.0	647	0.9985	0.2855548322483726	10.827	0	0	0	0	356	0		no_promoter_enhancer_in_queried_epic_tissues	False	not_assessed			not_assessed	pilot_only	not_validated	not_validated	insufficient_evidence_for_safe_harbor	1.1885984371006488	86.26666666666667	7	28.0	39	False
ANO2/NTF3	NC_051831.1	39709574	39711574	2000	1.19457354798913	1.0	86.5055387713998	0.0	0.275	73.99299968372692	68.0	811	0.9985	0.28842113169754635	10.827	0	0	0	0	606	0		no_promoter_enhancer_in_queried_epic_tissues	False	not_assessed			not_assessed	pilot_only	not_validated	not_validated	insufficient_evidence_for_safe_harbor	1.1945815926790238	86.73333333333333	7	28.0	39	False
ANO2/NTF3	NC_051831.1	39709824	39711824	2000	1.1867770845890044	1.0	85.83417254112118	0.0	0.262	77.17639483386324	68.0	857	0.9985	0.3108022033049574	10.827	0	0	0	0	856	0		no_promoter_enhancer_in_queried_epic_tissues	False	not_assessed			not_assessed	pilot_only	not_validated	not_validated	insufficient_evidence_for_safe_harbor	1.1867850755155087	86.1	7	27.0	39	False
ANO2/NTF3	NC_051831.1	39710074	39712074	2000	1.1941647904515267	1.0	86.33769721383014	0.0	0.3	79.9562422434489	68.0	776	0.999	0.326992992992993	10.827	0	0	0	0	1106	0		no_promoter_enhancer_in_queried_epic_tissues	False	not_assessed			not_assessed	pilot_only	not_validated	not_validated	insufficient_evidence_for_safe_harbor	1.1941728371083737	86.56666666666666	7	27.0	35	False
ANO2/NTF3	NC_051831.1	39710324	39712324	2000	1.196912576586008	1.0	86.6062437059416	0.0	0.25	79.01662979125976	68.0	675	0.999	0.34988988988988984	10.827	0	0	0	0	1356	0		no_promoter_enhancer_in_queried_epic_tissues	False	not_assessed			not_assessed	pilot_only	not_validated	not_validated	insufficient_evidence_for_safe_harbor	1.1969206449687482	86.83333333333333	7	27.0	35	False
ANO2/NTF3	NC_051831.1	39710574	39712574	2000	1.2049072060883046	1.0	87.0426317556227	0.0	0.213	82.11685261256258	68.0	451	0.999	0.3556811811811812	10.827	0	0	0	0	1606	0		no_promoter_enhancer_in_queried_epic_tissues	False	not_assessed			not_assessed	pilot_only	not_validated	not_validated	insufficient_evidence_for_safe_harbor	1.2049153283238412	87.23333333333333	7	27.0	35	False
ANO2/NTF3	NC_051831.1	39710824	39712824	2000	1.1708336485922337	1.0	84.35716683450822	0.0	0.138	82.38757608938909	55.0	516	0.9995	0.3222356178089045	10.827	0	0	0	0	1855	0		no_promoter_enhancer_in_queried_epic_tissues	False	not_assessed			not_assessed	pilot_only	not_validated	not_validated	insufficient_evidence_for_safe_harbor	1.170841546177864	84.63333333333334	7	27.0	35	False
ANO2/NTF3	NC_051831.1	39711074	39713074	2000	1.1479864975214005	1.0	82.10808996307486	0.0	0.1	95.54824829101562	55.0	567	0.996	0.22070732931726908	9.005	0	0	0	0	1887	0		no_promoter_enhancer_in_queried_epic_tissues	False	not_assessed			not_assessed	pilot_only	not_validated	not_validated	insufficient_evidence_for_safe_harbor	1.1479942432940007	82.5	8	26.0	35	False
ANO2/NTF3	NC_051831.1	39711324	39713324	2000	1.1541084919273854	1.0	82.64518294729774	0.0	0.1	95.54824829101562	55.0	598	0.996	0.12903263052208835	8.074	0	0	0	0	1637	0		no_promoter_enhancer_in_queried_epic_tissues	False	not_assessed			not_assessed	pilot_only	not_validated	not_validated	insufficient_evidence_for_safe_harbor	1.1541162826120854	83.0	8	26.0	39	False
ANO2/NTF3	NC_051831.1	39711574	39713574	2000	1.1713901499509811	1.0	84.39073514602215	0.0	0.075	94.0643310546875	55.0	489	0.996	0.1426144578313253	8.074	0	0	0	0	1387	0		no_promoter_enhancer_in_queried_epic_tissues	False	not_assessed			not_assessed	pilot_only	not_validated	not_validated	insufficient_evidence_for_safe_harbor	1.1713980561196804	84.66666666666667	8	26.5	39	False
ANO2/NTF3	NC_051831.1	39711824	39713824	2000	1.1988957203030586	1.0	86.63981201745553	0.0	0.1	92.04500686645508	55.0	519	0.995	0.059573366834170846	5.371	0	0	0	0	1137	0		no_promoter_enhancer_in_queried_epic_tissues	False	not_assessed			not_assessed	pilot_only	not_validated	not_validated	insufficient_evidence_for_safe_harbor	1.19890381154418	86.86666666666667	8	28.0	39	False
ANO2/NTF3	NC_051831.1	39712074	39714074	2000	1.1890545353293418	1.0	86.03558241020477	0.0	0.05	88.27061080932617	18.0	519	0.995	0.15960502512562816	5.545	0	0	0	0	887	0		no_promoter_enhancer_in_queried_epic_tissues	False	not_assessed			not_assessed	pilot_only	not_validated	not_validated	insufficient_evidence_for_safe_harbor	1.1890625597834588	86.3	8	29.0	39	False
ANO2/NTF3	NC_051831.1	39712324	39714324	2000	1.1569002885818482	1.0	83.01443437395099	0.0	0.075	84.84192911783855	18.0	370	0.995	0.21474321608040203	5.545	0	0	0	0	637	0		no_promoter_enhancer_in_queried_epic_tissues	False	not_assessed			not_assessed	pilot_only	not_validated	not_validated	insufficient_evidence_for_safe_harbor	1.1569080947041512	83.33333333333334	8	29.0	39	False
ANO2/NTF3	NC_051831.1	39712574	39714574	2000	1.115375131726265	1.0	78.31487076200068	0.0	0.1	88.6314468383789	18.0	444	0.995	0.42840653266331663	8.428	0	0	0	0	590	0		no_promoter_enhancer_in_queried_epic_tissues	False	not_assessed			not_assessed	pilot_only	not_validated	not_validated	insufficient_evidence_for_safe_harbor	1.1153826572597028	78.8	8	27.0	39	False
ANO2/NTF3	NC_051831.1	39712824	39714824	2000	1.1320902924835683	1.0	80.22826451829474	0.0	0.15	92.42096455891927	18.0	401	0.9955	0.4424213962832747	8.428	0	0	0	0	591	0		no_promoter_enhancer_in_queried_epic_tissues	False	not_assessed			not_assessed	pilot_only	not_validated	not_validated	insufficient_evidence_for_safe_harbor	1.1320979286432267	80.7	8	27.5	39	False
ANO2/NTF3	NC_051831.1	39713074	39715074	2000	1.1426036027371884	1.0	81.43672373279625	0.0	0.187	80.55157584940048	18.0	329	0.999	0.435956956956957	8.428	0	0	0	0	600	0		no_promoter_enhancer_in_queried_epic_tissues	False	not_assessed			not_assessed	pilot_only	not_validated	not_validated	insufficient_evidence_for_safe_harbor	1.1426113078296185	81.89999999999999	13	28.0	39	False
ANO2/NTF3	NC_051831.1	39713324	39715324	2000	1.1412751339375973	1.0	81.30245048674053	0.0	0.225	81.12093946668837	18.0	467	0.999	0.43369969969969974	8.428	0	0	0	0	600	0		no_promoter_enhancer_in_queried_epic_tissues	False	not_assessed			not_assessed	pilot_only	not_validated	not_validated	insufficient_evidence_for_safe_harbor	1.1412828275561333	81.73333333333333	13	27.5	45	False
ANO2/NTF3	NC_051831.1	39713574	39715574	2000	1.0792735006809235	1.0	73.4474655924807	0.0	0.225	81.12093946668837	18.0	428	0.999	0.4136561561561562	8.428	0	0	0	0	600	0		no_promoter_enhancer_in_queried_epic_tissues	False	not_assessed			not_assessed	pilot_only	not_validated	not_validated	insufficient_evidence_for_safe_harbor	1.0792807775139808	74.13333333333333	6	26.0	45	False
ANO2/NTF3	NC_051831.1	39713824	39715824	2000	0.9998719073832035	1.0	51.829472977509226	0.0	0.2	74.90197494506836	18.0	408	1.0	0.4476215	8.428	0	0	0	0	600	0		no_promoter_enhancer_in_queried_epic_tissues	False	not_assessed			not_assessed	pilot_only	not_validated	not_validated	insufficient_evidence_for_safe_harbor	0.9998786506056786	52.93333333333333	6	22.0	45	False
ANO2/NTF3	NC_051831.1	39714074	39716074	2000	0.9653052096068859	1.0	38.43571668345082	0.0	0.25	71.99803161621094	7.0	436	1.0	0.3499655000000001	8.428	0	0	0	0	600	0		no_promoter_enhancer_in_queried_epic_tissues	False	not_assessed			not_assessed	pilot_only	not_validated	not_validated	insufficient_evidence_for_safe_harbor	0.9653117206990719	39.900000000000006	6	20.5	45	False
ANO2/NTF3	NC_051831.1	39714324	39716324	2000	0.9408290646672249	1.0	28.566633098355155	0.0	0.225	71.3328611585829	5.0	479	1.0	0.29983350000000003	8.428	0	0	0	0	600	0		no_promoter_enhancer_in_queried_epic_tissues	False	not_assessed			not_assessed	pilot_only	not_validated	not_validated	insufficient_evidence_for_safe_harbor	0.9408354141414166	30.099999999999998	6	18.0	45	False
ANO2/NTF3	NC_051831.1	39714574	39716574	2000	0.9483747787177562	1.0	31.487076200067136	0.0	0.2	67.74946880340576	5.0	405	1.0	0.10838800000000001	4.817	0	0	0	0	397	0		no_promoter_enhancer_in_queried_epic_tissues	False	not_assessed			not_assessed	pilot_only	not_validated	not_validated	insufficient_evidence_for_safe_harbor	0.9483811800479889	33.0	6	17.0	45	False
ANO2/NTF3	NC_051831.1	39714824	39716824	2000	0.9253577845990658	1.0	23.094998321584427	0.0	0.15	56.99929173787435	5.0	373	1.0	0.1036935	4.817	0	0	0	0	147	0		no_promoter_enhancer_in_queried_epic_tissues	False	not_assessed			not_assessed	pilot_only	not_validated	not_validated	insufficient_evidence_for_safe_harbor	0.9253640318512917	24.766666666666666	6	16.0	45	False
ANO2/NTF3	NC_051831.1	39715074	39717074	2000	0.9234295250177383	1.0	22.591473648875464	0.0	0.113	65.04330761664737	5.0	423	1.0	0.117537	4.817	0	0	0	0	0	0		no_promoter_enhancer_in_queried_epic_tissues	False	not_assessed			not_assessed	pilot_only	not_validated	not_validated	insufficient_evidence_for_safe_harbor	0.9234357561171055	24.266666666666666	6	16.0	45	False
ANO2/NTF3	NC_051831.1	39715324	39717324	2000	0.8757774710655213	1.0	9.264853977844915	0.0	0.075	55.47769419352213	5.0	331	0.9995	0.13783541770885444	4.817	0	0	0	0	0	0		no_promoter_enhancer_in_queried_epic_tissues	False	not_assessed			not_assessed	pilot_only	not_validated	not_validated	insufficient_evidence_for_safe_harbor	0.875783379882574	11.233333333333333	6	16.0	34	False
ANO2/NTF3	NC_051831.1	39715574	39717574	2000	0.892049737662077	1.0	12.185297079556898	0.0	0.075	55.47769419352213	5.0	474	0.9995	0.1400430215107554	4.817	0	0	0	0	0	0		no_promoter_enhancer_in_queried_epic_tissues	False	not_assessed			not_assessed	pilot_only	not_validated	not_validated	insufficient_evidence_for_safe_harbor	0.8920557546317578	14.2	6	17.0	30	False
ANO2/NTF3	NC_051831.1	39715824	39717824	2000	0.9285325558185578	1.0	24.001342732460557	0.0	0.088	73.7941243431785	5.0	529	0.9995	0.11662331165582791	4.063	0	0	0	0	56	56	MG	regulatory_annotation_present	False	not_assessed			not_assessed	pilot_only	not_validated	not_validated	regulatory_conflict_requires_resolution	0.9285388147830963	25.7	6	18.0	31	False
ANO2/NTF3	NC_051831.1	39716074	39718074	2000	0.9501820879876614	1.0	32.259147364887546	0.0	0.025	93.32223510742188	5.0	501	0.9995	0.2644197098549274	7.255	0	0	0	0	306	306	MG	regulatory_annotation_present	False	not_assessed			not_assessed	pilot_only	not_validated	not_validated	regulatory_conflict_requires_resolution	0.9501884911060333	33.766666666666666	6	19.0	31	False
ANO2/NTF3	NC_051831.1	39716324	39718324	2000	0.9968426595330239	1.0	50.788855320577376	0.0	0.025	93.32223510742188	5.0	458	0.9995	0.3325872936468234	7.255	0	0	0	0	556	556	MG	regulatory_annotation_present	False	not_assessed			not_assessed	pilot_only	not_validated	not_validated	regulatory_conflict_requires_resolution	0.9968493793904781	51.800000000000004	9	20.0	33	False
ANO2/NTF3	NC_051831.1	39716574	39718574	2000	1.0163672102987766	1.0	57.93890567304465	0.0	0.025	93.32223510742188	5.0	520	0.9995	0.33237218609304653	7.255	0	0	0	0	797	597	MG	regulatory_annotation_present	False	not_assessed			not_assessed	pilot_only	not_validated	not_validated	regulatory_conflict_requires_resolution	1.0163740596175195	58.8	9	21.0	33	False
ANO2/NTF3	NC_051831.1	39716824	39718824	2000	1.0010810382962227	1.0	52.09801946962068	0.0	0.025	93.32223510742188	5.0	562	0.9995	0.34005252626313154	7.255	0	0	0	0	856	597	MG	regulatory_annotation_present	False	not_assessed			not_assessed	pilot_only	not_validated	not_validated	regulatory_conflict_requires_resolution	1.0010877829492093	53.166666666666664	8	21.0	33	False
ANO2/NTF3	NC_051831.1	39717074	39719074	2000	1.0199388051629066	1.0	58.845250083920774	0.0	0.025	93.32223510742188	5.0	607	0.9995	0.3249869934967483	7.255	0	0	0	0	1106	597	MG	regulatory_annotation_present	False	not_assessed			not_assessed	pilot_only	not_validated	not_validated	regulatory_conflict_requires_resolution	1.0199456763863564	59.73333333333334	8	22.0	33	False
ANO2/NTF3	NC_051831.1	39717324	39719324	2000	1.0569626522660256	1.0	68.31151393084927	0.0	0.025	93.32223510742188	5.0	780	1.0	0.33335000000000004	7.255	0	0	0	0	1356	597	MG	regulatory_annotation_present	False	not_assessed			not_assessed	pilot_only	not_validated	not_validated	regulatory_conflict_requires_resolution	1.0569697714745998	69.0	8	23.0	33	False
ANO2/NTF3	NC_051831.1	39717574	39719574	2000	1.0806255896091461	1.0	73.64887546156427	0.0	0.025	93.32223510742188	5.0	825	1.0	0.37404899999999996	7.255	0	0	0	0	1397	597	MG	regulatory_annotation_present	False	not_assessed			not_assessed	pilot_only	not_validated	not_validated	regulatory_conflict_requires_resolution	1.0806328682303428	74.3	8	24.0	33	False
ANO2/NTF3	NC_051831.1	39717824	39719824	2000	1.0766680238842965	1.0	72.6753944276603	0.0	0.0		0.0	802	1.0	0.3528335	7.255	0	0	0	0	1341	541	MG	regulatory_annotation_present	False	not_assessed			not_assessed	pilot_only	not_validated	not_validated	regulatory_conflict_requires_resolution	1.0766752773821353	73.36666666666667	8	23.0	33	False
ANO2/NTF3	NC_051831.1	39718074	39720074	2000	1.0591569007337094	1.0	68.9828801611279	1.0	0.0		0.0	844	1.0	0.20618799999999998	6.163	0	0	0	0	1091	291	MG	regulatory_annotation_present	False	not_assessed			not_assessed	pilot_only	not_validated	not_validated	regulatory_conflict_requires_resolution	1.0591640386283399	69.76666666666667	7	23.0	33	False
ANO2/NTF3	NC_051831.1	39718324	39720324	2000	1.0440014412105083	1.0	65.96173212487412	1.0	0.0		0.0	968	1.0	0.14556950000000002	4.756	0	0	0	0	841	41	MG	regulatory_annotation_present	False	not_assessed			not_assessed	pilot_only	not_validated	not_validated	regulatory_conflict_requires_resolution	1.0440084713101387	66.83333333333333	7	23.0	34	False
ANO2/NTF3	NC_051831.1	39718574	39720574	2000	1.0514149766266345	1.0	67.3380328969453	1.0	0.0		0.0	934	1.0	0.1379755	4.756	0	0	0	0	600	0		no_promoter_enhancer_in_queried_epic_tissues	False	not_assessed			not_assessed	pilot_only	not_validated	not_validated	insufficient_evidence_for_safe_harbor	1.0514220540821553	68.16666666666666	7	24.0	37	False
ANO2/NTF3	NC_051831.1	39718824	39720824	2000	1.0514818915128707	1.0	67.3380328969453	1.0	0.0		0.0	892	1.0	0.11704650000000001	4.756	0	0	0	0	541	0		no_promoter_enhancer_in_queried_epic_tissues	False	not_assessed			not_assessed	pilot_only	not_validated	not_validated	insufficient_evidence_for_safe_harbor	1.0514889714121818	68.16666666666666	7	24.0	37	False
ANO2/NTF3	NC_051831.1	39719074	39721074	2000	1.0546786254644394	1.0	67.74085263511246	1.0	0.0		0.0	827	1.0	0.12405200000000001	4.756	0	0	0	0	291	0		no_promoter_enhancer_in_queried_epic_tissues	False	not_assessed			not_assessed	pilot_only	not_validated	not_validated	insufficient_evidence_for_safe_harbor	1.0546857278645039	68.56666666666666	7	24.0	37	False
ANO2/NTF3	NC_051831.1	39719324	39721324	2000	1.0529155882000922	1.0	67.53944276602887	1.0	0.0		0.0	827	1.0	0.1183875	4.298	0	0	0	0	41	0		no_promoter_enhancer_in_queried_epic_tissues	False	not_assessed			not_assessed	pilot_only	not_validated	not_validated	insufficient_evidence_for_safe_harbor	1.0529226776063443	68.36666666666666	7	23.0	37	False
ANO2/NTF3	NC_051831.1	39719574	39721574	2000	1.047519225925207	1.0	66.46525679758308	1.0	0.0		0.0	621	1.0	0.093781	4.298	0	0	0	0	0	0		no_promoter_enhancer_in_queried_epic_tissues	False	not_assessed			not_assessed	pilot_only	not_validated	not_validated	insufficient_evidence_for_safe_harbor	1.0475262777507306	67.36666666666666	7	23.0	37	False
ANO2/NTF3	NC_051831.1	39719824	39721824	2000	1.044734700769186	1.0	66.02886874790198	1.0	0.0		0.0	642	1.0	0.14275749999999998	4.298	0	0	0	0	0	0		no_promoter_enhancer_in_queried_epic_tissues	False	not_assessed			not_assessed	pilot_only	not_validated	not_validated	insufficient_evidence_for_safe_harbor	1.0447417353391648	66.9	7	23.0	37	False
ANO2/NTF3	NC_051831.1	39720074	39722074	2000	1.04991448700428	1.0	67.00234978180598	1.0	0.025	0.0	2.0	600	1.0	0.1560025	4.298	0	0	0	0	0	0		no_promoter_enhancer_in_queried_epic_tissues	False	not_assessed			not_assessed	pilot_only	not_validated	not_validated	insufficient_evidence_for_safe_harbor	1.049921551436186	67.83333333333333	10	24.0	37	False
ANO2/NTF3	NC_051831.1	39720324	39722324	2000	1.0492906540930271	1.0	66.93521315877811	0.0	0.062	50.42914335189327	69.0	476	1.0	0.144762	4.298	0	0	0	0	159	159	MG	regulatory_annotation_present	False	not_assessed			not_assessed	pilot_only	not_validated	not_validated	regulatory_conflict_requires_resolution	1.0492977127432823	67.73333333333333	10	24.0	37	False
ANO2/NTF3	NC_051831.1	39720574	39722574	2000	1.0668008389174939	1.0	70.76200067136624	0.0	0.162	60.49490337607301	69.0	654	1.0	0.122501	6.307	0	0	0	0	409	409	LU;MG	regulatory_annotation_present	False	not_assessed			not_assessed	pilot_only	not_validated	not_validated	regulatory_conflict_requires_resolution	1.0668080171048642	71.46666666666667	10	23.0	39	False
ANO2/NTF3	NC_051831.1	39720824	39722824	2000	1.1034075268805028	1.0	76.97213830144344	0.0	0.237	56.64066718701069	69.0	685	1.0	0.1720505	6.439	0	0	0	0	659	659	LU;MG	regulatory_annotation_present	False	not_assessed			not_assessed	pilot_only	not_validated	not_validated	regulatory_conflict_requires_resolution	1.1034149525165557	77.5	10	24.0	39	False
ANO2/NTF3	NC_051831.1	39721074	39723074	2000	1.1041427824497223	1.0	77.00570661295737	0.0	0.25	55.42868576049805	69.0	640	1.0	0.6684505	10.952	0	0	0	0	909	909	LU;MG	regulatory_annotation_present	False	not_assessed			not_assessed	pilot_only	not_validated	not_validated	regulatory_conflict_requires_resolution	1.1041502160727978	77.53333333333333	11	24.0	39	False
ANO2/NTF3	NC_051831.1	39721324	39723324	2000	1.1183690266013147	1.0	78.65055387713998	0.0	0.275	57.53985040838068	69.0	403	1.0	0.8340925	10.952	0	0	0	0	1159	1159	LU;MG	regulatory_annotation_present	False	not_assessed			not_assessed	pilot_only	not_validated	not_validated	regulatory_conflict_requires_resolution	1.1183765554130078	79.10000000000001	11	25.0	39	False
ANO2/NTF3	NC_051831.1	39721574	39723574	2000	1.125481615304947	1.0	79.35548841893252	0.0	0.275	57.53985040838068	69.0	444	1.0	0.907299	10.952	0	0	0	0	1409	1200	LU;MG	regulatory_annotation_present	False	not_assessed			not_assessed	pilot_only	not_validated	not_validated	regulatory_conflict_requires_resolution	1.1254891881048679	79.83333333333333	11	25.0	39	False
ANO2/NTF3	NC_051831.1	39721824	39723824	2000	1.1550423842072486	1.0	82.67875125881167	0.0	0.325	51.33902212289664	69.0	490	1.0	0.9103445000000001	10.952	0	0	0	0	1659	1200	LU;MG	regulatory_annotation_present	False	not_assessed			not_assessed	pilot_only	not_validated	not_validated	regulatory_conflict_requires_resolution	1.1550501562654971	83.0	11	26.0	39	False
ANO2/NTF3	NC_051831.1	39722074	39724074	2000	1.1989683665335178	1.0	86.63981201745553	0.0	0.35	61.08303124564035	69.0	581	1.0	0.8989914999999998	10.952	0	0	0	0	1800	1200	LU;MG	regulatory_annotation_present	False	not_assessed			not_assessed	pilot_only	not_validated	not_validated	regulatory_conflict_requires_resolution	1.1989764385819435	86.86666666666667	11	27.0	46	False
ANO2/NTF3	NC_051831.1	39722324	39724324	2000	1.1936288910210133	1.0	86.33769721383014	0.0	0.313	58.314549674622164	69.0	622	0.995	0.8942618090452261	10.952	0	0	0	0	1641	1041	LU;MG	regulatory_annotation_present	False	not_assessed			not_assessed	pilot_only	not_validated	not_validated	regulatory_conflict_requires_resolution	1.1936369294524192	86.56666666666666	3	27.0	46	False
ANO2/NTF3	NC_051831.1	39722574	39724574	2000	1.1599872484505176	1.0	83.41725411211816	0.0	0.213	54.360969901644566	59.0	604	0.995	0.9230597989949748	10.952	0	0	0	0	1391	791	LU	regulatory_annotation_present	False	not_assessed			not_assessed	pilot_only	not_validated	not_validated	regulatory_conflict_requires_resolution	1.159995059579611	83.83333333333334	3	27.0	46	False
ANO2/NTF3	NC_051831.1	39722824	39724824	2000	1.162429355084896	1.0	83.65223229271568	1.0	0.138	57.64654212067093	4.0	603	0.995	0.8878778894472362	10.952	0	0	0	0	1141	541	LU	regulatory_annotation_present	False	not_assessed			not_assessed	pilot_only	not_validated	not_validated	regulatory_conflict_requires_resolution	1.1624371832609177	83.96666666666667	3	28.0	46	False
ANO2/NTF3	NC_051831.1	39723074	39725074	2000	1.1668032660484313	1.0	83.92077878482712	1.0	0.15	66.81259663899739	4.0	675	0.995	0.3599608040201005	10.882	0	0	0	0	891	291	LU	regulatory_annotation_present	False	not_assessed			not_assessed	pilot_only	not_validated	not_validated	regulatory_conflict_requires_resolution	1.1668111234605312	84.2	3	28.5	46	False
ANO2/NTF3	NC_051831.1	39723324	39725324	2000	1.1807070552408696	1.0	85.2970795568983	1.0	0.15	70.37068049112956	4.0	662	0.995	0.16917788944723616	7.249	0	0	0	0	641	41	LU	regulatory_annotation_present	False	not_assessed			not_assessed	pilot_only	not_validated	not_validated	regulatory_conflict_requires_resolution	1.180715014487505	85.66666666666667	3	28.0	46	False
ANO2/NTF3	NC_051831.1	39723574	39725574	2000	1.1828501530885696	1.0	85.43135280295401	1.0	0.175	74.6034404209682	4.0	577	0.995	0.09595879396984926	5.469	0	0	0	0	391	0		no_promoter_enhancer_in_queried_epic_tissues	False	not_assessed			not_assessed	pilot_only	not_validated	not_validated	insufficient_evidence_for_safe_harbor	1.182858127474785	85.73333333333333	3	29.0	46	False
ANO2/NTF3	NC_051831.1	39723824	39725824	2000	1.1404725622236729	1.0	81.20174555219873	1.0	0.137	97.7655382922096	4.0	641	0.995	0.048857286432160814	5.469	0	0	0	0	141	0		no_promoter_enhancer_in_queried_epic_tissues	False	not_assessed			not_assessed	pilot_only	not_validated	not_validated	insufficient_evidence_for_safe_harbor	1.1404802498221398	81.69999999999999	3	27.0	46	False
ANO2/NTF3	NC_051831.1	39724074	39726074	2000	1.094873262256384	1.0	75.96508895602551	1.0	0.15	100.0	1.0	800	0.995	0.09423316582914573	7.335	0	0	0	0	0	0		no_promoter_enhancer_in_queried_epic_tissues	False	not_assessed			not_assessed	pilot_only	not_validated	not_validated	insufficient_evidence_for_safe_harbor	1.0948806413412093	76.53333333333333	3	25.0	38	False
ANO2/NTF3	NC_051831.1	39724324	39726324	2000	1.0940367848277093	1.0	75.62940584088619	1.0	0.15	100.0	1.0	1009	1.0	0.1498595	7.335	0	0	0	0	149	0		no_promoter_enhancer_in_queried_epic_tissues	False	not_assessed			not_assessed	pilot_only	not_validated	not_validated	insufficient_evidence_for_safe_harbor	1.0940441574156283	76.23333333333333	6	24.0	38	False
ANO2/NTF3	NC_051831.1	39724574	39726574	2000	1.074631762444973	1.0	72.20543806646525	1.0	0.162	100.0	1.0	1056	1.0	0.1301925	7.335	0	0	0	0	399	0		no_promoter_enhancer_in_queried_epic_tissues	False	not_assessed			not_assessed	pilot_only	not_validated	not_validated	insufficient_evidence_for_safe_harbor	1.0746390052735806	72.89999999999999	6	22.0	38	False
ANO2/NTF3	NC_051831.1	39724824	39726824	2000	1.066926127821207	1.0	70.79556898288017	1.0	0.225	94.64466179741754	19.0	1276	1.0	0.10938999999999999	7.335	0	0	0	0	649	0		no_promoter_enhancer_in_queried_epic_tissues	False	not_assessed			not_assessed	pilot_only	not_validated	not_validated	insufficient_evidence_for_safe_harbor	1.0669333162605763	71.5	6	22.0	38	False
ANO2/NTF3	NC_051831.1	39725074	39727074	2000	1.0595215871036052	1.0	69.08358509566969	0.0	0.2	93.97524452209473	19.0	1274	1.0	0.1375145	7.335	0	0	0	0	899	0		no_promoter_enhancer_in_queried_epic_tissues	False	not_assessed			not_assessed	pilot_only	not_validated	not_validated	insufficient_evidence_for_safe_harbor	1.0595287234187125	69.86666666666666	6	21.0	35	False
ANO2/NTF3	NC_051831.1	39725324	39727324	2000	1.0350567076206207	1.0	63.578382007385024	0.0	0.2	90.25941848754883	19.0	1449	1.0	0.13140800000000002	7.335	0	0	0	0	1149	0		no_promoter_enhancer_in_queried_epic_tissues	False	not_assessed			not_assessed	pilot_only	not_validated	not_validated	insufficient_evidence_for_safe_harbor	1.0350636745095252	64.63333333333333	6	21.0	35	False
ANO2/NTF3	NC_051831.1	39725574	39727574	2000	1.0316588760912417	1.0	62.53776435045317	0.0	0.237	87.8238527000202	68.0	1480	1.0	0.12360449999999999	7.335	0	0	0	0	1399	0		no_promoter_enhancer_in_queried_epic_tissues	False	not_assessed			not_assessed	pilot_only	not_validated	not_validated	insufficient_evidence_for_safe_harbor	1.0316658244729042	63.56666666666667	6	21.0	34	False
ANO2/NTF3	NC_051831.1	39725824	39727824	2000	1.068844671934843	1.0	71.13125209801947	0.0	0.263	82.8321217584066	68.0	1261	1.0	0.11885149999999998	7.335	0	0	0	0	1649	0		no_promoter_enhancer_in_queried_epic_tissues	False	not_assessed			not_assessed	pilot_only	not_validated	not_validated	insufficient_evidence_for_safe_harbor	1.0688518679738044	71.83333333333334	6	22.0	35	False
ANO2/NTF3	NC_051831.1	39726074	39728074	2000	1.099257806479931	1.0	76.46861362873447	0.0	0.2	77.42424011230469	68.0	1011	1.0	0.0586425	4.46	0	0	0	0	1899	99	LU	regulatory_annotation_present	False	not_assessed			not_assessed	pilot_only	not_validated	not_validated	regulatory_conflict_requires_resolution	1.0992652068138122	77.0	6	24.0	35	False
ANO2/NTF3	NC_051831.1	39726324	39728324	2000	1.135667292624712	1.0	80.66465256797582	0.0	0.2	77.42424011230469	68.0	761	1.0	0.0298305	4.331	0	0	0	0	2000	349	LU	regulatory_annotation_present	False	not_assessed			not_assessed	pilot_only	not_validated	not_validated	regulatory_conflict_requires_resolution	1.1356749382019042	81.16666666666667	11	26.0	36	False
ANO2/NTF3	NC_051831.1	39726574	39728574	2000	1.2092446681559086	1.0	87.27760993622022	0.0	0.238	75.35718509129116	68.0	526	1.0	0.16749850000000002	7.039	0	0	0	0	2000	599	LU	regulatory_annotation_present	False	not_assessed			not_assessed	pilot_only	not_validated	not_validated	regulatory_conflict_requires_resolution	1.2092528094053268	87.53333333333333	16	28.0	39	False
ANO2/NTF3	NC_051831.1	39726824	39728824	2000	1.230901611685753	1.0	88.65391070829138	0.0	0.187	73.66683092984286	68.0	276	1.0	0.176502	7.039	0	0	0	0	2000	800	LU	regulatory_annotation_present	False	not_assessed			not_assessed	pilot_only	not_validated	not_validated	regulatory_conflict_requires_resolution	1.2309098981022835	88.86666666666667	16	29.0	39	False
ANO2/NTF3	NC_051831.1	39727074	39729074	2000	1.250571055829525	1.0	89.62739174219537	0.0	0.225	73.52660751342773	68.0	206	1.0	0.20332550000000002	7.039	0	0	0	0	2000	899	LU;MG	regulatory_annotation_present	False	not_assessed			not_assessed	pilot_only	not_validated	not_validated	regulatory_conflict_requires_resolution	1.2505794756710529	89.9	16	30.0	42	False
ANO2/NTF3	NC_051831.1	39727324	39729324	2000	1.2728997494280339	1.0	90.60087277609937	0.0	0.237	68.81677007876368	68.0	31	1.0	0.22906649999999995	7.039	0	0	0	0	2000	1149	LU;MG	regulatory_annotation_present	False	not_assessed			not_assessed	pilot_only	not_validated	not_validated	regulatory_conflict_requires_resolution	1.2729083190858363	90.76666666666667	17	31.0	42	False
ANO2/NTF3	NC_051831.1	39727574	39729574	2000	1.2743391085267066	1.0	90.66800939912723	0.0	0.213	60.671945813676004	62.0	0	1.0	0.240099	7.039	0	0	0	0	2000	1399	LU;MG	regulatory_annotation_present	False	not_assessed			not_assessed	pilot_only	not_validated	not_validated	regulatory_conflict_requires_resolution	1.274347683787346	90.83333333333333	17	31.0	42	False
ANO2/NTF3	NC_051831.1	39727824	39729824	2000	1.2713194426298142	1.0	90.56730446458543	0.0	0.175	61.44302586146763	18.0	0	1.0	0.2606445	7.039	0	0	0	0	1751	1400	LU;MG	regulatory_annotation_present	False	not_assessed			not_assessed	pilot_only	not_validated	not_validated	regulatory_conflict_requires_resolution	1.2713280015289783	90.73333333333333	14	31.0	42	False
ANO2/NTF3	NC_051831.1	39728074	39730074	2000	1.3255784331262113	1.0	92.8163813360188	1.0	0.225	58.90013122558594	18.0	202	1.0	0.278194	7.039	0	0	0	0	1501	1301	LU;MG	regulatory_annotation_present	False	not_assessed			not_assessed	pilot_only	not_validated	not_validated	regulatory_conflict_requires_resolution	1.3255873579084874	92.93333333333334	14	32.0	52	False
ANO2/NTF3	NC_051831.1	39728324	39730324	2000	1.3284419871866704	1.0	92.91708627056059	1.0	0.25	59.45154876708985	18.0	258	1.0	0.285995	7.039	0	0	0	0	1251	1051	LU;MG	regulatory_annotation_present	False	not_assessed			not_assessed	pilot_only	not_validated	not_validated	regulatory_conflict_requires_resolution	1.3284509319365025	93.03333333333333	14	33.0	52	False
ANO2/NTF3	NC_051831.1	39728574	39730574	2000	1.293232313364744	1.0	91.54078549848943	1.0	0.2	56.06362581253052	18.0	374	1.0	0.197034	5.181	0	0	0	0	1001	801	LU;MG	regulatory_annotation_present	False	not_assessed			not_assessed	pilot_only	not_validated	not_validated	regulatory_conflict_requires_resolution	1.2932410198748112	91.7	14	32.5	52	False
ANO2/NTF3	NC_051831.1	39728824	39730824	2000	1.2801835527718066	1.0	90.8694192682108	1.0	0.238	43.18062573921781	18.0	374	1.0	0.30269349999999995	6.716	0	0	0	0	1000	600	MG	regulatory_annotation_present	False	not_assessed			not_assessed	pilot_only	not_validated	not_validated	regulatory_conflict_requires_resolution	1.2801921744048594	91.03333333333333	14	31.0	52	False
ANO2/NTF3	NC_051831.1	39729074	39731074	2000	1.2544565570056438	1.0	89.69452836522322	1.0	0.2	37.545998096466064	16.0	374	1.0	0.3601445	6.716	0	0	0	0	1000	501	MG	regulatory_annotation_present	False	not_assessed			not_assessed	pilot_only	not_validated	not_validated	regulatory_conflict_requires_resolution	1.254465009123087	89.9	14	29.0	52	False
ANO2/NTF3	NC_051831.1	39729324	39731324	2000	1.2295589819848538	1.0	88.65391070829138	1.0	0.163	36.72562581629841	3.0	462	1.0	0.422171	6.716	0	0	0	0	1000	251	MG	regulatory_annotation_present	False	not_assessed			not_assessed	pilot_only	not_validated	not_validated	regulatory_conflict_requires_resolution	1.2295672653913499	88.86666666666667	14	27.0	52	False
ANO2/NTF3	NC_051831.1	39729574	39731574	2000	1.226615102738142	1.0	88.38536421617992	1.0	0.125	32.882861328125	3.0	642	1.0	0.3922595	6.716	0	0	0	0	801	1	MG	regulatory_annotation_present	False	not_assessed			not_assessed	pilot_only	not_validated	not_validated	regulatory_conflict_requires_resolution	1.2266233735382557	88.6	14	29.0	52	False
ANO2/NTF3	NC_051831.1	39729824	39731824	2000	1.2077321471869946	1.0	87.10976837865056	1.0	0.125	32.882861328125	3.0	668	1.0	0.383702	6.716	0	0	0	0	800	0		no_promoter_enhancer_in_queried_epic_tissues	False	not_assessed			not_assessed	pilot_only	not_validated	not_validated	insufficient_evidence_for_safe_harbor	1.2077402897179126	87.4	14	28.0	52	False
ANO2/NTF3	NC_051831.1	39730074	39732074	2000	1.144734251588583	1.0	81.8395434709634	1.0	0.1	16.10357666015625	3.0	466	1.0	0.389429	6.716	0	0	0	0	899	0		no_promoter_enhancer_in_queried_epic_tissues	False	not_assessed			not_assessed	pilot_only	not_validated	not_validated	insufficient_evidence_for_safe_harbor	1.144741972833872	82.26666666666667	13	26.0	45	False
ANO2/NTF3	NC_051831.1	39730324	39732324	2000	1.1293950576782226	1.0	79.95971802618328	0.0	0.1	25.0	1.0	410	1.0	0.383101	6.716	0	0	0	0	1149	0		no_promoter_enhancer_in_queried_epic_tissues	False	not_assessed			not_assessed	pilot_only	not_validated	not_validated	insufficient_evidence_for_safe_harbor	1.1294026755690574	80.4	13	24.0	42	False
ANO2/NTF3	NC_051831.1	39730574	39732574	2000	1.1229537228345872	1.0	79.15407854984893	0.0	0.1	25.0	1.0	493	1.0	0.3649255	6.716	0	0	0	0	1399	0		no_promoter_enhancer_in_queried_epic_tissues	False	not_assessed			not_assessed	pilot_only	not_validated	not_validated	insufficient_evidence_for_safe_harbor	1.1229612976312637	79.60000000000001	13	24.0	40	False
ANO2/NTF3	NC_051831.1	39730824	39732824	2000	1.0982974520921707	1.0	76.30077207116483	0.0	0.05	50.0	1.0	493	0.998	0.2638572144288578	6.611	0	0	0	0	1151	0		no_promoter_enhancer_in_queried_epic_tissues	False	not_assessed			not_assessed	pilot_only	not_validated	not_validated	insufficient_evidence_for_safe_harbor	1.0983048556745052	76.86666666666667	11	23.0	40	False
ANO2/NTF3	NC_051831.1	39731074	39733074	2000	1.099872882425785	1.0	76.53575025176234	0.0	0.05	50.0	1.0	493	0.998	0.1815495991983968	6.611	0	0	0	0	901	0		no_promoter_enhancer_in_queried_epic_tissues	False	not_assessed			not_assessed	pilot_only	not_validated	not_validated	insufficient_evidence_for_safe_harbor	1.099880290776491	77.06666666666668	11	24.0	40	False
ANO2/NTF3	NC_051831.1	39731324	39733324	2000	1.1000026832520962	1.0	76.56931856327627	0.0	0.05	50.0	1.0	405	0.998	0.10856162324649297	4.982	0	0	0	0	651	0		no_promoter_enhancer_in_queried_epic_tissues	False	not_assessed			not_assessed	pilot_only	not_validated	not_validated	insufficient_evidence_for_safe_harbor	1.100010092973709	77.10000000000001	11	24.0	40	False
ANO2/NTF3	NC_051831.1	39731574	39733574	2000	1.0850628769993782	1.0	74.52165156092649	0.0	0.087	66.49586469277568	5.0	225	0.998	0.12299098196392785	4.982	0	0	0	0	600	0		no_promoter_enhancer_in_queried_epic_tissues	False	not_assessed			not_assessed	pilot_only	not_validated	not_validated	insufficient_evidence_for_safe_harbor	1.0850701854526996	75.1	11	24.0	35	False
ANO2/NTF3	NC_051831.1	39731824	39733824	2000	1.087349828004837	1.0	74.85733467606579	0.0	0.1	70.85140228271484	5.0	335	0.998	0.17434719438877755	6.377	0	0	0	0	600	0		no_promoter_enhancer_in_queried_epic_tissues	False	not_assessed			not_assessed	pilot_only	not_validated	not_validated	insufficient_evidence_for_safe_harbor	1.08735715174675	75.43333333333334	11	24.0	34	False
ANO2/NTF3	NC_051831.1	39732074	39734074	2000	1.0713564752042293	1.0	71.63477677072844	0.0	0.075	94.46853637695312	5.0	527	0.998	0.17672394789579157	6.377	0	0	0	0	501	0		no_promoter_enhancer_in_queried_epic_tissues	False	not_assessed			not_assessed	pilot_only	not_validated	not_validated	insufficient_evidence_for_safe_harbor	1.0713636888861655	72.33333333333334	11	24.0	34	False
ANO2/NTF3	NC_051831.1	39732324	39734324	2000	1.062572817236185	1.0	69.78851963746223	0.0	0.05	91.70280456542969	5.0	697	0.998	0.22283116232464928	6.377	0	0	0	0	251	0		no_promoter_enhancer_in_queried_epic_tissues	False	not_assessed			not_assessed	pilot_only	not_validated	not_validated	insufficient_evidence_for_safe_harbor	1.0625799755454064	70.53333333333333	11	25.0	34	False
ANO2/NTF3	NC_051831.1	39732574	39734574	2000	1.0516607238352298	1.0	67.37160120845923	0.0	0.05	91.70280456542969	5.0	550	0.998	0.24426152304609222	6.377	0	0	0	0	1	0		no_promoter_enhancer_in_queried_epic_tissues	False	not_assessed			not_assessed	pilot_only	not_validated	not_validated	insufficient_evidence_for_safe_harbor	1.0516678100526333	68.2	11	25.0	37	False
ANO2/NTF3	NC_051831.1	39732824	39734824	2000	1.0729398841559887	1.0	71.90332326283988	0.0	0.05	91.70280456542969	5.0	550	0.9915	0.21985325264750377	6.377	0	0	0	0	0	0		no_promoter_enhancer_in_queried_epic_tissues	False	not_assessed			not_assessed	pilot_only	not_validated	not_validated	insufficient_evidence_for_safe_harbor	1.0729471137821673	72.56666666666666	10	25.0	37	False
ANO2/NTF3	NC_051831.1	39733074	39735074	2000	1.0762289176881312	1.0	72.64182611614636	0.0	0.05	91.70280456542969	5.0	692	0.9915	0.23614674735249622	6.377	0	0	0	0	0	0		no_promoter_enhancer_in_queried_epic_tissues	False	not_assessed			not_assessed	pilot_only	not_validated	not_validated	insufficient_evidence_for_safe_harbor	1.0762361742854119	73.33333333333333	10	25.0	37	False
ANO2/NTF3	NC_051831.1	39733324	39735324	2000	1.0574032816290855	1.0	68.47935548841893	0.0	0.137	92.61648359089872	11.0	692	0.9915	0.4276444780635401	10.696	0	0	0	0	0	0		no_promoter_enhancer_in_queried_epic_tissues	False	not_assessed			not_assessed	pilot_only	not_validated	not_validated	insufficient_evidence_for_safe_harbor	1.0574104115068912	69.16666666666667	10	25.0	37	False
ANO2/NTF3	NC_051831.1	39733574	39735574	2000	1.0606480139493941	1.0	69.25142665323935	0.0	0.113	94.71962852815611	11.0	725	0.9915	0.5336585980837115	10.696	0	0	0	0	178	0		no_promoter_enhancer_in_queried_epic_tissues	False	not_assessed			not_assessed	pilot_only	not_validated	not_validated	insufficient_evidence_for_safe_harbor	1.0606551617980002	70.03333333333333	10	24.0	37	False
ANO2/NTF3	NC_051831.1	39733824	39735824	2000	1.0894982281625272	1.0	75.05874454514938	0.0	0.15	94.52927525838216	11.0	589	0.9915	0.522232980332829	10.696	0	0	0	0	428	0		no_promoter_enhancer_in_queried_epic_tissues	False	not_assessed			not_assessed	pilot_only	not_validated	not_validated	insufficient_evidence_for_safe_harbor	1.0895055693089961	75.66666666666667	10	25.0	37	False
ANO2/NTF3	NC_051831.1	39734074	39736074	2000	1.1269928103089333	1.0	79.7583081570997	0.0	0.15	94.52927525838216	11.0	418	0.9915	0.5150821986888553	10.696	0	0	0	0	600	0		no_promoter_enhancer_in_queried_epic_tissues	False	not_assessed			not_assessed	pilot_only	not_validated	not_validated	insufficient_evidence_for_safe_harbor	1.1270004055202008	80.2	10	26.0	37	False
ANO2/NTF3	NC_051831.1	39734324	39736324	2000	1.1137943710386753	1.0	78.14702920443102	0.0	0.15	94.52927525838216	11.0	276	0.9915	0.5343378719112456	10.696	0	0	0	0	600	0		no_promoter_enhancer_in_queried_epic_tissues	False	not_assessed			not_assessed	pilot_only	not_validated	not_validated	insufficient_evidence_for_safe_harbor	1.113801871150732	78.60000000000001	10	24.0	37	False
ANO2/NTF3	NC_051831.1	39734574	39736574	2000	1.1041314437687397	1.0	77.00570661295737	0.0	0.175	95.31080736432757	11.0	224	0.9915	0.5335819465456378	10.696	0	0	0	0	600	0		no_promoter_enhancer_in_queried_epic_tissues	False	not_assessed			not_assessed	pilot_only	not_validated	not_validated	insufficient_evidence_for_safe_harbor	1.1041388810276984	77.53333333333333	10	24.0	35	False
ANO2/NTF3	NC_051831.1	39734824	39736824	2000	1.093064399063587	1.0	75.49513259483048	0.0	0.175	95.31080736432757	11.0	224	1.0	0.5680660000000001	10.696	0	0	0	0	600	0		no_promoter_enhancer_in_queried_epic_tissues	False	not_assessed			not_assessed	pilot_only	not_validated	not_validated	insufficient_evidence_for_safe_harbor	1.0930717653930186	76.1	13	24.0	34	False
ANO2/NTF3	NC_051831.1	39735074	39737074	2000	1.1144735784232616	1.0	78.24773413897282	0.0	0.175	95.31080736432757	11.0	262	1.0	0.541431	10.696	0	0	0	0	681	81	MG	regulatory_annotation_present	False	not_assessed			not_assessed	pilot_only	not_validated	not_validated	regulatory_conflict_requires_resolution	1.1144810892343522	78.73333333333333	13	23.0	35	False
ANO2/NTF3	NC_051831.1	39735324	39737324	2000	1.169533076196909	1.0	84.12218865391071	0.0	0.125	98.20858612060547	9.0	262	1.0	0.3312185000000001	8.817	0	0	0	0	931	331	MG	regulatory_annotation_present	False	not_assessed			not_assessed	pilot_only	not_validated	not_validated	regulatory_conflict_requires_resolution	1.1695409555137157	84.39999999999999	13	26.0	38	False
ANO2/NTF3	NC_051831.1	39735574	39737574	2000	1.2021594271063805	1.0	86.84122188653912	0.0	0.187	95.44789005218342	53.0	229	1.0	0.2529035	8.817	0	0	0	0	1003	581	MG	regulatory_annotation_present	False	not_assessed			not_assessed	pilot_only	not_validated	not_validated	regulatory_conflict_requires_resolution	1.2021675276458264	87.06666666666666	13	27.0	46	False
ANO2/NTF3	NC_051831.1	39735824	39737824	2000	1.2068031070232392	1.0	87.10976837865056	0.0	0.2	93.79360008239746	53.0	229	1.0	0.218384	8.817	0	0	0	0	1003	600	MG	regulatory_annotation_present	False	not_assessed			not_assessed	pilot_only	not_validated	not_validated	regulatory_conflict_requires_resolution	1.206811242491007	87.36666666666667	13	27.0	46	False
ANO2/NTF3	NC_051831.1	39736074	39738074	2000	1.1807041321396827	1.0	85.2970795568983	0.0	0.2	93.79360008239746	53.0	208	1.0	0.20361849999999998	8.817	0	0	0	0	1000	600	MG	regulatory_annotation_present	False	not_assessed			not_assessed	pilot_only	not_validated	not_validated	regulatory_conflict_requires_resolution	1.1807120883762836	85.66666666666667	13	27.0	46	False
ANO2/NTF3	NC_051831.1	39736324	39738324	2000	1.2120571602582932	1.0	87.51258811681772	0.0	0.2	93.79360008239746	53.0	328	1.0	0.0867635	7.929	0	0	0	0	1000	600	MG	regulatory_annotation_present	False	not_assessed			not_assessed	pilot_only	not_validated	not_validated	regulatory_conflict_requires_resolution	1.2120653301477433	87.73333333333333	13	28.0	46	False
ANO2/NTF3	NC_051831.1	39736574	39738574	2000	1.2546657288074494	1.0	89.69452836522322	0.0	0.175	92.90697152273995	53.0	360	1.0	0.027081999999999988	7.175	0	0	0	0	1000	600	MG	regulatory_annotation_present	False	not_assessed			not_assessed	pilot_only	not_validated	not_validated	regulatory_conflict_requires_resolution	1.2546741851568222	89.9	13	28.5	46	False
ANO2/NTF3	NC_051831.1	39736824	39738824	2000	1.2568379129767417	1.0	89.82880161127895	0.0	0.175	92.90697152273995	53.0	394	0.999	0.03680030030030028	7.175	0	0	0	0	1029	600	MG	regulatory_annotation_present	False	not_assessed			not_assessed	pilot_only	not_validated	not_validated	regulatory_conflict_requires_resolution	1.2568463822305203	90.0	4	29.0	46	False
ANO2/NTF3	NC_051831.1	39737074	39739074	2000	1.2361468506157398	1.0	88.82175226586104	0.0	0.175	92.90697152273995	53.0	421	0.999	0.0633013013013013	7.175	0	0	0	0	1198	519	MG	regulatory_annotation_present	False	not_assessed			not_assessed	pilot_only	not_validated	not_validated	regulatory_conflict_requires_resolution	1.2361551795005798	89.0	4	29.0	46	False
ANO2/NTF3	NC_051831.1	39737324	39739324	2000	1.183818706303835	1.0	85.5320577374958	0.0	0.138	91.00521751072095	53.0	474	0.999	0.15537987987987986	7.175	0	0	0	0	1069	269	MG	regulatory_annotation_present	False	not_assessed			not_assessed	pilot_only	not_validated	not_validated	regulatory_conflict_requires_resolution	1.1838266852796078	85.76666666666667	4	28.0	46	False
ANO2/NTF3	NC_051831.1	39737574	39739574	2000	1.1770231664478779	1.0	84.92782813024505	0.0	0.163	83.51691670798085	70.0	474	0.999	0.20021971971971972	6.053	0	0	0	0	819	19	MG	regulatory_annotation_present	False	not_assessed			not_assessed	pilot_only	not_validated	not_validated	regulatory_conflict_requires_resolution	1.1770311001837253	85.26666666666667	4	27.0	42	False
ANO2/NTF3	NC_051831.1	39737751	39739751	2000	1.1704004404842854	1.0	84.29003021148036	0.0	0.125	81.30731658935547	70.0	536	0.999	0.49677477477477483	11.186	0	0	0	0	642	0		no_promoter_enhancer_in_queried_epic_tissues	False	not_assessed			not_assessed	pilot_only	not_validated	not_validated	insufficient_evidence_for_safe_harbor	1.170408331900835	84.56666666666666	4	27.0	42	False
NPNT/TBCK	NC_051836.1	27013911	27014411	500	0.9167452994585037	1.0	26.43987874705288	0.0	0.0		0.0	0	1.0	0.16822	5.115	0	0	0	0	292	0		no_promoter_enhancer_in_queried_epic_tissues	False	not_assessed			not_assessed	pilot_only	not_validated	not_validated	insufficient_evidence_for_safe_harbor	0.9167514879703522	27.96666666666667	12	17.0	28	False
NPNT/TBCK	NC_051836.1	27014161	27014661	500	0.938302528500557	1.0	33.411923206466824	0.0	0.0		0.0	173	1.0	0.10181799999999996	4.456	0	0	0	0	500	0		no_promoter_enhancer_in_queried_epic_tissues	False	not_assessed			not_assessed	pilot_only	not_validated	not_validated	insufficient_evidence_for_safe_harbor	0.9383088426589966	34.599999999999994	10	17.0	28	False
NPNT/TBCK	NC_051836.1	27014411	27014911	500	0.9390718114376068	1.0	33.647692825867296	0.0	0.0		0.0	423	1.0	-0.30774799999999997	1.096	0	0	0	0	500	0		no_promoter_enhancer_in_queried_epic_tissues	False	not_assessed			not_assessed	pilot_only	not_validated	not_validated	insufficient_evidence_for_safe_harbor	0.9390781271457672	34.8	10	16.0	27	False
NPNT/TBCK	NC_051836.1	27014661	27015161	500	0.8976438431739807	1.0	21.32030986864264	0.0	0.0		0.0	302	0.998	-0.49122645290581163	1.096	0	0	0	0	499	0		no_promoter_enhancer_in_queried_epic_tissues	False	not_assessed			not_assessed	pilot_only	not_validated	not_validated	insufficient_evidence_for_safe_harbor	0.8976498947143555	22.866666666666667	11	16.5	27	False
NPNT/TBCK	NC_051836.1	27014911	27015411	500	1.028898988723755	1.0	59.07713034691815	0.0	0.2	100.0	2.0	52	0.998	-0.1929939879759519	1.096	0	0	0	0	499	0		no_promoter_enhancer_in_queried_epic_tissues	False	not_assessed			not_assessed	pilot_only	not_validated	not_validated	insufficient_evidence_for_safe_harbor	1.0289059190750123	59.8	14	19.0	36	False
NPNT/TBCK	NC_051836.1	27015161	27015661	500	1.2471666957139969	1.0	90.16503873358033	0.0	0.2	100.0	2.0	0	1.0	0.12155	1.096	0	0	0	0	500	0		no_promoter_enhancer_in_queried_epic_tissues	False	not_assessed			not_assessed	pilot_only	not_validated	not_validated	insufficient_evidence_for_safe_harbor	1.2471750866174698	90.33333333333333	14	31.0	36	False
NPNT/TBCK	NC_051836.1	27015411	27015911	500	1.169001938700676	1.0	84.43920511956888	0.0	0.0		0.0	226	1.0	0.130536	1.096	0	0	0	0	500	196	MG	regulatory_annotation_present	False	not_assessed			not_assessed	pilot_only	not_validated	not_validated	regulatory_conflict_requires_resolution	1.169009812116623	84.6	12	24.0	36	False
NPNT/TBCK	NC_051836.1	27015661	27016161	500	0.9038057036399841	1.0	22.835971707645673	0.0	0.0		0.0	476	1.0	0.08344599999999999	1.096	0	0	0	0	254	200	MG	regulatory_annotation_present	False	not_assessed			not_assessed	pilot_only	not_validated	not_validated	regulatory_conflict_requires_resolution	0.9038118016719818	24.3	12	16.0	24	False
NPNT/TBCK	NC_051836.1	27015911	27016411	500	0.8975829299688339	1.0	21.252947120242503	0.0	0.0		0.0	500	1.0	0.06445000000000001	1.096	0	0	0	0	4	4	MG	regulatory_annotation_present	False	not_assessed			not_assessed	pilot_only	not_validated	not_validated	regulatory_conflict_requires_resolution	0.8975889754295349	22.766666666666666	7	13.0	19	False
NPNT/TBCK	NC_051836.1	27016161	27016661	500	0.9694334317445755	1.0	41.36072751768272	0.0	0.0		0.0	476	1.0	0.033530000000000004	0.695	0	0	0	0	0	0		no_promoter_enhancer_in_queried_epic_tissues	False	not_assessed			not_assessed	pilot_only	not_validated	not_validated	insufficient_evidence_for_safe_harbor	0.9694399591684342	42.4	7	10.0	19	False
NPNT/TBCK	NC_051836.1	27016411	27016911	500	0.994091547369957	1.0	49.242169080498485	0.0	0.022	0.0	2.0	423	1.0	0.028647999999999996	0.695	0	0	0	0	0	0		no_promoter_enhancer_in_queried_epic_tissues	False	not_assessed			not_assessed	pilot_only	not_validated	not_validated	insufficient_evidence_for_safe_harbor	0.9940982387661934	50.23333333333333	6	12.0	26	False
NPNT/TBCK	NC_051836.1	27016661	27017161	500	0.954057037115097	1.0	37.318962613674636	0.0	0.2	35.057735443115234	43.0	447	0.99	0.05706868686868686	1.264	0	0	0	0	0	0		no_promoter_enhancer_in_queried_epic_tissues	False	not_assessed			not_assessed	pilot_only	not_validated	not_validated	insufficient_evidence_for_safe_harbor	0.9540634629130363	38.36666666666667	6	12.0	26	False
NPNT/TBCK	NC_051836.1	27016911	27017411	500	0.9112878605127335	1.0	24.890535533849782	0.0	0.278	52.276701892880226	49.0	500	0.99	0.09885454545454546	1.264	0	0	0	0	0	0		no_promoter_enhancer_in_queried_epic_tissues	False	not_assessed			not_assessed	pilot_only	not_validated	not_validated	insufficient_evidence_for_safe_harbor	0.9112940076589584	26.43333333333333	6	13.0	23	False
NPNT/TBCK	NC_051836.1	27017161	27017661	500	0.9925451148748398	1.0	48.66958571909734	0.0	0.2	70.94021224975586	49.0	496	1.0	0.093416	2.724	0	0	0	0	0	0		no_promoter_enhancer_in_queried_epic_tissues	False	not_assessed			not_assessed	pilot_only	not_validated	not_validated	insufficient_evidence_for_safe_harbor	0.9925517981052399	49.666666666666664	10	16.0	23	False
NPNT/TBCK	NC_051836.1	27017411	27017911	500	1.0857428770065307	1.0	72.98753789154597	0.0	0.1	66.66666412353516	1.0	496	1.0	0.03754199999999999	2.724	0	0	0	0	0	0		no_promoter_enhancer_in_queried_epic_tissues	False	not_assessed			not_assessed	pilot_only	not_validated	not_validated	insufficient_evidence_for_safe_harbor	1.085750183701515	73.33333333333333	10	15.0	22	False
NPNT/TBCK	NC_051836.1	27017661	27018161	500	0.9603579798936844	1.0	39.03671269787807	0.0	0.122	98.71005699282787	60.0	500	1.0	0.014133999999999997	2.384	0	0	0	103	0	0		no_promoter_enhancer_in_queried_epic_tissues	False	not_assessed			not_assessed	pilot_only	not_validated	not_validated	insufficient_evidence_for_safe_harbor	0.9603644465208053	40.03333333333333	10	16.0	22	False
NPNT/TBCK	NC_051836.1	27017911	27018411	500	0.784287811100483	1.0	3.9744021556079487	0.0	0.4	93.2387866973877	70.0	307	0.996	0.009036144578313256	2.184	0	0	0	232	0	0		no_promoter_enhancer_in_queried_epic_tissues	False	not_assessed			not_assessed	pilot_only	not_validated	not_validated	insufficient_evidence_for_safe_harbor	0.784293099462986	6.033333333333333	8	16.0	22	False
NPNT/TBCK	NC_051836.1	27018161	27018661	500	0.7950634979605675	1.0	4.6143482654092285	0.0	0.278	90.83772563248229	70.0	286	0.996	0.11282329317269077	3.731	0	0	0	129	0	0		no_promoter_enhancer_in_queried_epic_tissues	False	not_assessed			not_assessed	pilot_only	not_validated	not_validated	insufficient_evidence_for_safe_harbor	0.7950688461661339	6.7	7	13.0	22	False
NPNT/TBCK	NC_051836.1	27018411	27018911	500	0.8824100950956345	1.0	17.211182216234423	0.0	0.1	0.0	1.0	313	1.0	0.16222199999999998	3.731	0	0	0	0	0	0		no_promoter_enhancer_in_queried_epic_tissues	False	not_assessed			not_assessed	pilot_only	not_validated	not_validated	insufficient_evidence_for_safe_harbor	0.8824160227775574	18.96666666666667	7	15.0	20	False
NPNT/TBCK	NC_051836.1	27018661	27019161	500	0.9335656408071518	1.0	31.391040754462786	0.0	0.122	9.01639344262295	1.0	84	1.0	0.304914	5.175	0	0	0	0	0	0		no_promoter_enhancer_in_queried_epic_tissues	False	not_assessed			not_assessed	pilot_only	not_validated	not_validated	insufficient_evidence_for_safe_harbor	0.933571918964386	32.6	12	16.0	20	False
NPNT/TBCK	NC_051836.1	27018911	27019411	500	0.9162844324111938	1.0	26.33883462445268	0.0	0.1	50.0	1.0	102	0.96	0.27882916666666674	5.175	0	0	0	0	0	0		no_promoter_enhancer_in_queried_epic_tissues	False	not_assessed			not_assessed	pilot_only	not_validated	not_validated	insufficient_evidence_for_safe_harbor	0.9162906144857407	27.833333333333332	2	13.5	20	False
NPNT/TBCK	NC_051836.1	27019161	27019661	500	0.9363016817569733	1.0	32.43516335466487	0.0	0.078	50.0	1.0	222	0.96	0.033502083333333335	3.174	0	0	0	0	0	0		no_promoter_enhancer_in_queried_epic_tissues	False	not_assessed			not_assessed	pilot_only	not_validated	not_validated	insufficient_evidence_for_safe_harbor	0.9363080005645752	33.7	2	16.5	26	False
NPNT/TBCK	NC_051836.1	27019411	27019911	500	1.0009487293958663	1.0	51.02728191310205	0.0	0.022	100.0	1.0	362	1.0	0.031824	3.174	0	0	0	0	0	0		no_promoter_enhancer_in_queried_epic_tissues	False	not_assessed			not_assessed	pilot_only	not_validated	not_validated	insufficient_evidence_for_safe_harbor	1.000955466389656	51.9	12	22.0	26	False
NPNT/TBCK	NC_051836.1	27019661	27020161	500	0.9638397120237351	1.0	39.87874705287976	0.0	0.3	98.58565266927083	6.0	245	1.0	-0.007420000000000016	3.559	0	0	0	0	0	0		no_promoter_enhancer_in_queried_epic_tissues	False	not_assessed			not_assessed	pilot_only	not_validated	not_validated	insufficient_evidence_for_safe_harbor	0.9638462067842484	40.96666666666667	12	20.5	25	False
NPNT/TBCK	NC_051836.1	27019911	27020411	500	0.9319922182559967	1.0	30.986864264061975	0.0	0.278	98.47372590209083	6.0	3	1.0	0.063104	3.559	0	0	0	0	0	0		no_promoter_enhancer_in_queried_epic_tissues	False	not_assessed			not_assessed	pilot_only	not_validated	not_validated	insufficient_evidence_for_safe_harbor	0.9319984873533249	32.266666666666666	11	18.0	28	False
NPNT/TBCK	NC_051836.1	27020161	27020661	500	1.1633388904333115	1.0	83.83294038396767	0.0	0.0		0.0	0	1.0	-0.05583800000000002	3.364	0	0	0	0	0	0		no_promoter_enhancer_in_queried_epic_tissues	False	not_assessed			not_assessed	pilot_only	not_validated	not_validated	insufficient_evidence_for_safe_harbor	1.1633467259407044	84.0	11	22.5	33	False
NPNT/TBCK	NC_051836.1	27020411	27020911	500	1.1216924139261246	1.0	78.24183226675649	0.0	0.0		0.0	0	1.0	-0.156562	3.59	0	0	0	0	0	0		no_promoter_enhancer_in_queried_epic_tissues	False	not_assessed			not_assessed	pilot_only	not_validated	not_validated	insufficient_evidence_for_safe_harbor	1.1216999851465226	78.53333333333333	10	21.5	33	False
NPNT/TBCK	NC_051836.1	27020661	27021161	500	0.9367727848291397	1.0	32.60357022566521	0.0	0.0		0.0	45	1.0	-0.009937999999999994	3.59	0	0	0	0	0	0		no_promoter_enhancer_in_queried_epic_tissues	False	not_assessed			not_assessed	pilot_only	not_validated	not_validated	insufficient_evidence_for_safe_harbor	0.9367790905237198	33.83333333333333	10	21.0	28	False
NPNT/TBCK	NC_051836.1	27020911	27021411	500	0.9952005678415299	1.0	49.64634557089929	0.0	0.0		0.0	110	0.996	-0.02680522088353415	1.967	0	0	0	0	0	0		no_promoter_enhancer_in_queried_epic_tissues	False	not_assessed			not_assessed	pilot_only	not_validated	not_validated	insufficient_evidence_for_safe_harbor	0.9952072603702545	50.56666666666667	14	22.0	34	False
NPNT/TBCK	NC_051836.1	27021161	27021661	500	0.9926911280155182	1.0	48.80431121589761	0.0	0.0		0.0	65	0.996	0.05448995983935745	2.82	0	0	0	0	0	0		no_promoter_enhancer_in_queried_epic_tissues	False	not_assessed			not_assessed	pilot_only	not_validated	not_validated	insufficient_evidence_for_safe_harbor	0.9926978163719177	49.8	14	21.0	34	False
NPNT/TBCK	NC_051836.1	27021411	27021911	500	1.0013999398946762	1.0	51.19568878410239	0.0	0.0		0.0	127	1.0	0.08284800000000003	3.523	0	0	0	0	0	0		no_promoter_enhancer_in_queried_epic_tissues	False	not_assessed			not_assessed	pilot_only	not_validated	not_validated	insufficient_evidence_for_safe_harbor	1.0014066685438157	52.03333333333333	15	20.0	25	False
NPNT/TBCK	NC_051836.1	27021661	27022161	500	1.0015390890836715	1.0	51.26305153250252	0.0	0.0		0.0	279	1.0	-0.05557599999999997	4.307	0	0	0	0	67	67	MG	regulatory_annotation_present	False	not_assessed			not_assessed	pilot_only	not_validated	not_validated	regulatory_conflict_requires_resolution	1.0015458045005798	52.06666666666667	12	20.0	28	False
NPNT/TBCK	NC_051836.1	27021911	27022411	500	1.0107763073444367	1.0	54.09228696530819	0.0	0.3	90.84698486328125	55.0	257	0.994	-0.08108853118712274	4.698	0	0	0	0	314	314	MG	regulatory_annotation_present	False	not_assessed			not_assessed	pilot_only	not_validated	not_validated	regulatory_conflict_requires_resolution	1.0107831124067306	54.766666666666666	9	22.0	28	False
NPNT/TBCK	NC_051836.1	27022161	27022661	500	1.0704440622329712	1.0	69.88885146513978	0.0	0.5	82.34125671386718	55.0	166	0.994	-0.14322132796780684	4.698	0	0	0	0	497	497	MG	regulatory_annotation_present	False	not_assessed			not_assessed	pilot_only	not_validated	not_validated	regulatory_conflict_requires_resolution	1.070451285123825	70.36666666666666	9	22.0	27	False
NPNT/TBCK	NC_051836.1	27022411	27022911	500	1.0680777033567428	1.0	69.38363085213877	0.0	0.2	69.5826644897461	45.0	201	1.0	-0.041568000000000015	4.545	0	0	0	0	286	286	MG	regulatory_annotation_present	False	not_assessed			not_assessed	pilot_only	not_validated	not_validated	regulatory_conflict_requires_resolution	1.068084888458252	69.73333333333333	12	21.0	26	False
NPNT/TBCK	NC_051836.1	27022661	27023161	500	1.0361980447769166	1.0	61.165375547322334	0.0	0.0		0.0	246	1.0	0.133424	4.545	0	0	0	0	36	36	MG	regulatory_annotation_present	False	not_assessed			not_assessed	pilot_only	not_validated	not_validated	regulatory_conflict_requires_resolution	1.036205006480217	61.86666666666667	9	19.0	31	False
NPNT/TBCK	NC_051836.1	27022911	27023411	500	1.0155027933120728	1.0	55.27113506231054	0.0	0.0		0.0	106	1.0	0.07718000000000001	3.82	0	0	0	0	0	0		no_promoter_enhancer_in_queried_epic_tissues	False	not_assessed			not_assessed	pilot_only	not_validated	not_validated	insufficient_evidence_for_safe_harbor	1.0155096369981766	56.00000000000001	9	20.0	31	False
NPNT/TBCK	NC_051836.1	27023161	27023661	500	1.0335521512031556	1.0	60.39070394072078	0.0	0.0		0.0	48	1.0	0.16886400000000004	6.531	0	0	0	0	0	0		no_promoter_enhancer_in_queried_epic_tissues	False	not_assessed			not_assessed	pilot_only	not_validated	not_validated	insufficient_evidence_for_safe_harbor	1.0335591232776642	61.06666666666667	12	22.0	32	False
NPNT/TBCK	NC_051836.1	27023411	27023911	500	1.1819167042970657	1.0	85.4496463455709	0.0	0.0		0.0	68	1.0	0.173888	6.531	0	0	0	0	0	0		no_promoter_enhancer_in_queried_epic_tissues	False	not_assessed			not_assessed	pilot_only	not_validated	not_validated	insufficient_evidence_for_safe_harbor	1.1819246733188629	85.66666666666667	18	26.0	40	False
NPNT/TBCK	NC_051836.1	27023661	27024161	500	1.2272856566905976	1.0	89.08723475917817	0.0	0.022	88.20918273925781	4.0	171	1.0	0.08585000000000001	4.275	0	0	0	0	0	0		no_promoter_enhancer_in_queried_epic_tissues	False	not_assessed			not_assessed	pilot_only	not_validated	not_validated	insufficient_evidence_for_safe_harbor	1.227293913125992	89.26666666666667	12	28.0	40	False
NPNT/TBCK	NC_051836.1	27023911	27024411	500	1.136905102968216	1.0	80.02694509936006	0.0	0.422	94.84074127052632	64.0	197	1.0	0.03608200000000001	4.275	0	0	0	0	114	114	KI	regulatory_annotation_present	False	not_assessed			not_assessed	pilot_only	not_validated	not_validated	regulatory_conflict_requires_resolution	1.1369127331972122	80.30000000000001	12	22.5	34	False
NPNT/TBCK	NC_051836.1	27024161	27024661	500	1.167815037727356	1.0	84.27079824856854	0.0	0.478	95.98784685334401	64.0	60	1.0	-0.046104	4.803	0	0	0	0	364	364	KI	regulatory_annotation_present	False	not_assessed			not_assessed	pilot_only	not_validated	not_validated	regulatory_conflict_requires_resolution	1.1678228806257247	84.46666666666667	12	22.0	31	False
NPNT/TBCK	NC_051836.1	27024411	27024911	500	1.165293568611145	1.0	84.00134725496801	0.0	0.078	100.0	1.0	14	1.0	0.5456380000000001	10.304	0	0	0	0	500	500	KI	regulatory_annotation_present	False	not_assessed			not_assessed	pilot_only	not_validated	not_validated	regulatory_conflict_requires_resolution	1.165301397562027	84.2	11	25.0	32	False
NPNT/TBCK	NC_051836.1	27024661	27025161	500	1.0332444487810135	1.0	60.289659818120576	0.0	0.0		0.0	76	1.0	0.580492	10.304	0	0	0	0	500	500	KI	regulatory_annotation_present	False	not_assessed			not_assessed	pilot_only	not_validated	not_validated	regulatory_conflict_requires_resolution	1.03325139939785	60.96666666666667	11	23.0	32	False
NPNT/TBCK	NC_051836.1	27024911	27025411	500	1.0314275158643722	1.0	59.78443920511957	0.0	0.0		0.0	76	1.0	0.149182	4.975	0	0	0	0	500	500	KI	regulatory_annotation_present	False	not_assessed			not_assessed	pilot_only	not_validated	not_validated	regulatory_conflict_requires_resolution	1.0314344700574876	60.5	11	23.0	29	False
NPNT/TBCK	NC_051836.1	27025161	27025661	500	1.1276876282691957	1.0	79.11754799595823	0.0	0.1	100.0	1.0	0	1.0	0.17701399999999998	4.975	0	0	0	70	500	500	KI	regulatory_annotation_present	False	not_assessed			not_assessed	pilot_only	not_validated	not_validated	regulatory_conflict_requires_resolution	1.127695219397545	79.36666666666666	14	21.0	31	False
NPNT/TBCK	NC_051836.1	27025411	27025911	500	1.065810616493225	1.0	68.74368474233748	0.0	0.3	100.0	1.0	0	1.0	0.07631600000000002	4.219	0	0	0	277	300	300	KI;LI	regulatory_annotation_present	False	not_assessed			not_assessed	pilot_only	not_validated	not_validated	regulatory_conflict_requires_resolution	1.0658177932500839	69.23333333333333	13	20.5	31	False
NPNT/TBCK	NC_051836.1	27025661	27026161	500	0.9438116443157196	1.0	34.99494779386999	0.0	0.322	93.82220271803577	65.0	92	1.0	0.154764	4.219	0	0	0	207	300	300	KI;LI;MG	regulatory_annotation_present	False	not_assessed			not_assessed	pilot_only	not_validated	not_validated	regulatory_conflict_requires_resolution	0.9438180117607117	36.199999999999996	7	20.5	29	False
NPNT/TBCK	NC_051836.1	27025911	27026411	500	1.0363037253618241	1.0	61.1990569215224	0.0	0.322	81.80390503687889	69.0	92	1.0	0.16945200000000002	4.244	0	0	0	0	500	500	LI;MG	regulatory_annotation_present	False	not_assessed			not_assessed	pilot_only	not_validated	not_validated	regulatory_conflict_requires_resolution	1.0363107222318648	61.9	7	26.0	34	False
NPNT/TBCK	NC_051836.1	27026161	27026661	500	1.0945547230243682	1.0	74.43583698214887	0.0	0.278	83.80326802095921	69.0	0	1.0	0.325298	5.184	0	0	0	0	500	500	LI;MG	regulatory_annotation_present	False	not_assessed			not_assessed	pilot_only	not_validated	not_validated	regulatory_conflict_requires_resolution	1.0945621155500411	74.86666666666667	14	29.0	35	False
NPNT/TBCK	NC_051836.1	27026411	27026911	500	1.095006875038147	1.0	74.46951835634894	0.0	0.078	91.8871841430664	55.0	0	1.0	0.44635400000000003	5.9	0	0	0	0	500	500	LI;MG	regulatory_annotation_present	False	not_assessed			not_assessed	pilot_only	not_validated	not_validated	regulatory_conflict_requires_resolution	1.0950142736434936	74.9	14	26.5	35	False
NPNT/TBCK	NC_051836.1	27026661	27027161	500	1.1497553595304488	1.0	82.18255304816437	0.0	0.0		0.0	105	1.0	0.22639	5.9	0	0	0	0	436	436	LI;MG	regulatory_annotation_present	False	not_assessed			not_assessed	pilot_only	not_validated	not_validated	regulatory_conflict_requires_resolution	1.1497631237506867	82.39999999999999	14	28.0	32	False
NPNT/TBCK	NC_051836.1	27026911	27027411	500	1.086847673177719	1.0	73.15594476254631	0.0	0.022	87.45128631591797	2.0	277	0.996	0.11957028112449801	3.819	0	0	0	0	186	186	LI;MG	regulatory_annotation_present	False	not_assessed			not_assessed	pilot_only	not_validated	not_validated	regulatory_conflict_requires_resolution	1.0868549979925155	73.53333333333333	17	27.0	35	False
NPNT/TBCK	NC_051836.1	27027161	27027661	500	1.0317591412067413	1.0	59.81812057931963	0.0	0.3	89.44242858886719	67.0	283	0.996	0.1298694779116466	4.375	0	0	0	0	0	0		no_promoter_enhancer_in_queried_epic_tissues	False	not_assessed			not_assessed	pilot_only	not_validated	not_validated	insufficient_evidence_for_safe_harbor	1.0317660853862762	60.53333333333333	17	25.0	35	False
NPNT/TBCK	NC_051836.1	27027411	27027911	500	1.0233936029672623	1.0	57.35938026271472	0.0	0.278	89.60000099895669	67.0	111	1.0	0.31085399999999996	5.584	0	0	0	0	0	0		no_promoter_enhancer_in_queried_epic_tissues	False	not_assessed			not_assessed	pilot_only	not_validated	not_validated	insufficient_evidence_for_safe_harbor	1.0234004777669907	58.03333333333334	14	24.0	30	False
NPNT/TBCK	NC_051836.1	27027661	27028161	500	0.9370130949020385	1.0	32.70461434826541	0.0	0.1	36.62982177734375	4.0	0	1.0	0.9648620000000001	7.332	0	0	0	0	0	0		no_promoter_enhancer_in_queried_epic_tissues	False	not_assessed			not_assessed	pilot_only	not_validated	not_validated	insufficient_evidence_for_safe_harbor	0.9370193930864334	33.900000000000006	13	18.0	29	False
NPNT/TBCK	NC_051836.1	27027911	27028411	500	0.9396866503953933	1.0	33.78241832266756	0.0	0.2	18.314910888671875	4.0	0	1.0	1.7042359999999999	10.58	0	0	0	0	0	0		no_promoter_enhancer_in_queried_epic_tissues	False	not_assessed			not_assessed	pilot_only	not_validated	not_validated	insufficient_evidence_for_safe_harbor	0.9396929707527161	34.86666666666667	12	17.0	23	False
NPNT/TBCK	NC_051836.1	27028161	27028661	500	0.9599458800554276	1.0	38.93566857527787	0.0	0.1	0.0	1.0	0	1.0	1.262556	10.58	0	0	0	0	0	0		no_promoter_enhancer_in_queried_epic_tissues	False	not_assessed			not_assessed	pilot_only	not_validated	not_validated	insufficient_evidence_for_safe_harbor	0.9599523466825485	39.93333333333333	10	16.0	27	False
NPNT/TBCK	NC_051836.1	27028411	27028911	500	1.0080952278375626	1.0	53.62074772650725	0.0	0.0		0.0	0	1.0	0.24915200000000004	4.669	0	0	0	0	212	212	CL;KI;LI;LU;SP	regulatory_annotation_present	False	not_assessed			not_assessed	pilot_only	not_validated	not_validated	regulatory_conflict_requires_resolution	1.0081020421981812	54.333333333333336	10	19.0	36	False
NPNT/TBCK	NC_051836.1	27028661	27029161	500	1.3109399733543396	1.0	93.33108790838666	0.0	0.0		0.0	0	1.0	0.009071999999999995	5.161	0	0	0	0	462	462	CL;KI;LI;LU;SP	regulatory_annotation_present	False	not_assessed			not_assessed	pilot_only	not_validated	not_validated	regulatory_conflict_requires_resolution	1.3109488251209258	93.43333333333334	19	31.0	44	False
NPNT/TBCK	NC_051836.1	27028911	27029411	500	1.313956510066986	1.0	93.43213203098686	0.0	0.022	100.0	1.0	124	1.0	0.094734	5.553	0	0	0	0	500	500	CL;KI;LI;LU;SP	regulatory_annotation_present	False	not_assessed			not_assessed	pilot_only	not_validated	not_validated	regulatory_conflict_requires_resolution	1.313965360879898	93.53333333333333	19	32.5	44	False
NPNT/TBCK	NC_051836.1	27029161	27029661	500	1.2010992496013642	1.0	86.83058268777366	0.0	0.2	68.62949752807617	28.0	124	1.0	0.93691	10.621	0	0	0	0	500	500	CL;KI;LI;LU;MG;SP	regulatory_annotation_present	False	not_assessed			not_assessed	pilot_only	not_validated	not_validated	regulatory_conflict_requires_resolution	1.2011073415279387	87.03333333333333	19	29.5	41	False
NPNT/TBCK	NC_051836.1	27029411	27029911	500	1.2287694772481919	1.0	89.1545975075783	0.0	0.278	41.460070164083575	28.0	0	1.0	1.110306	10.621	0	0	0	0	500	500	CL;KI;LI;LU;MG;SP	regulatory_annotation_present	False	not_assessed			not_assessed	pilot_only	not_validated	not_validated	regulatory_conflict_requires_resolution	1.2287777539491653	89.33333333333333	21	30.0	41	False
NPNT/TBCK	NC_051836.1	27029661	27030161	500	1.133451493382454	1.0	79.79117547995959	0.0	0.1	0.0	8.0	0	1.0	0.17573999999999998	6.885	0	0	0	0	500	500	CL;KI;LU;MG	regulatory_annotation_present	False	not_assessed			not_assessed	pilot_only	not_validated	not_validated	regulatory_conflict_requires_resolution	1.1334591180086135	80.06666666666666	22	25.5	41	False
NPNT/TBCK	NC_051836.1	27029911	27030411	500	1.0938843446969986	1.0	74.26743011114854	0.0	0.0		0.0	34	1.0	-0.09083799999999999	4.893	0	0	0	0	500	500	MG	regulatory_annotation_present	False	not_assessed			not_assessed	pilot_only	not_validated	not_validated	regulatory_conflict_requires_resolution	1.0938917098045349	74.7	22	25.0	30	False
NPNT/TBCK	NC_051836.1	27030161	27030661	500	1.090450711131096	1.0	73.42539575614686	0.0	0.0		0.0	34	1.0	-0.098366	3.728	0	0	0	0	500	500	MG	regulatory_annotation_present	False	not_assessed			not_assessed	pilot_only	not_validated	not_validated	regulatory_conflict_requires_resolution	1.0904580652713776	73.8	21	26.0	37	False
NPNT/TBCK	NC_051836.1	27030411	27030911	500	1.0894665421247482	1.0	73.35803300774671	0.0	0.0		0.0	130	1.0	0.014497999999999976	3.417	0	0	0	0	488	488	MG	regulatory_annotation_present	False	not_assessed			not_assessed	pilot_only	not_validated	not_validated	regulatory_conflict_requires_resolution	1.0894738832712174	73.73333333333333	17	23.0	39	False
NPNT/TBCK	NC_051836.1	27030661	27031161	500	1.004296417593956	1.0	52.23981138430448	0.0	0.0		0.0	195	1.0	0.117154	3.417	0	0	0	0	238	238	MG	regulatory_annotation_present	False	not_assessed			not_assessed	pilot_only	not_validated	not_validated	regulatory_conflict_requires_resolution	1.0043031834363938	53.03333333333333	11	21.0	39	False
NPNT/TBCK	NC_051836.1	27030911	27031411	500	0.8770409369468689	1.0	15.897608622431795	0.0	0.0		0.0	139	1.0	0.058348	3.278	0	0	0	0	112	112	KI	regulatory_annotation_present	False	not_assessed			not_assessed	pilot_only	not_validated	not_validated	regulatory_conflict_requires_resolution	0.8770468666553497	17.566666666666666	4	19.0	28	False
NPNT/TBCK	NC_051836.1	27031161	27031661	500	1.0489865608215332	1.0	64.36510609632873	1.0	0.0		0.0	324	1.0	0.09764	2.056	0	0	0	0	362	362	KI;LU	regulatory_annotation_present	False	not_assessed			not_assessed	pilot_only	not_validated	not_validated	regulatory_conflict_requires_resolution	1.0489936411380767	64.96666666666667	4	24.0	36	False
NPNT/TBCK	NC_051836.1	27031411	27031911	500	1.1566019299030303	1.0	82.99090602896598	1.0	0.0		0.0	276	1.0	0.258836	4.905	0	0	0	0	500	500	KI;LU	regulatory_annotation_present	False	not_assessed			not_assessed	pilot_only	not_validated	not_validated	regulatory_conflict_requires_resolution	1.1566097249984741	83.13333333333334	19	26.0	36	False
NPNT/TBCK	NC_051836.1	27031661	27032161	500	0.9502592846155167	1.0	36.20747726507241	0.0	0.0		0.0	33	1.0	0.407358	4.905	0	0	0	0	500	500	KI;LU	regulatory_annotation_present	False	not_assessed			not_assessed	pilot_only	not_validated	not_validated	regulatory_conflict_requires_resolution	0.950265681385994	37.333333333333336	11	19.0	29	False
NPNT/TBCK	NC_051836.1	27031911	27032411	500	0.8180677301883698	1.0	6.601549343213203	0.0	0.0		0.0	215	1.0	0.258728	4.886	0	0	0	0	500	500	KI	regulatory_annotation_present	False	not_assessed			not_assessed	pilot_only	not_validated	not_validated	regulatory_conflict_requires_resolution	0.8180732389688492	8.633333333333333	2	13.0	20	False
NPNT/TBCK	NC_051836.1	27032161	27032661	500	0.8973106896877289	1.0	21.185584371842374	0.0	0.2	100.0	1.0	270	1.0	-0.06405399999999999	4.886	0	0	0	0	500	500	KI	regulatory_annotation_present	False	not_assessed			not_assessed	pilot_only	not_validated	not_validated	regulatory_conflict_requires_resolution	0.897316749215126	22.7	2	14.5	27	False
NPNT/TBCK	NC_051836.1	27032411	27032911	500	1.0156217978000641	1.0	55.33849781071068	0.0	0.2	100.0	1.0	124	1.0	-0.054855999999999995	6.125	0	0	0	0	288	288	KI	regulatory_annotation_present	False	not_assessed			not_assessed	pilot_only	not_validated	not_validated	regulatory_conflict_requires_resolution	1.0156286416053772	56.06666666666666	12	18.0	28	False
NPNT/TBCK	NC_051836.1	27032661	27033161	500	0.9623269823789596	1.0	39.33984506567868	0.0	0.0		0.0	312	1.0	0.041193999999999995	6.125	0	0	0	0	38	38	KI	regulatory_annotation_present	False	not_assessed			not_assessed	pilot_only	not_validated	not_validated	regulatory_conflict_requires_resolution	0.9623334457874299	40.33333333333333	12	18.0	30	False
NPNT/TBCK	NC_051836.1	27032911	27033411	500	0.8544161344766616	1.0	11.249578982822499	0.0	0.0		0.0	379	1.0	0.015667999999999998	0.125	0	0	0	0	0	0		no_promoter_enhancer_in_queried_epic_tissues	False	not_assessed			not_assessed	pilot_only	not_validated	not_validated	insufficient_evidence_for_safe_harbor	0.8544218732118607	13.200000000000001	5	16.0	30	False
NPNT/TBCK	NC_051836.1	27033161	27033661	500	0.8990480997562409	1.0	21.55607948804311	0.0	0.0		0.0	227	1.0	0.041874	0.125	0	0	0	0	0	0		no_promoter_enhancer_in_queried_epic_tissues	False	not_assessed			not_assessed	pilot_only	not_validated	not_validated	insufficient_evidence_for_safe_harbor	0.8990541656017303	23.133333333333333	5	12.0	27	False
NPNT/TBCK	NC_051836.1	27033411	27033911	500	0.9453177144527435	1.0	35.26439878747053	0.0	0.1	50.0	1.0	184	1.0	0.017331999999999993	2.691	0	0	0	0	0	0		no_promoter_enhancer_in_queried_epic_tissues	False	not_assessed			not_assessed	pilot_only	not_validated	not_validated	insufficient_evidence_for_safe_harbor	0.945324096918106	36.46666666666666	9	14.0	26	False
NPNT/TBCK	NC_051836.1	27033661	27034161	500	0.9789992223978042	1.0	44.49309531828899	0.0	0.2	75.0	1.0	154	1.0	0.014298000000000002	5.07	0	0	0	0	0	0		no_promoter_enhancer_in_queried_epic_tissues	False	not_assessed			not_assessed	pilot_only	not_validated	not_validated	insufficient_evidence_for_safe_harbor	0.9790058147907257	45.46666666666667	9	20.0	31	False
NPNT/TBCK	NC_051836.1	27033911	27034411	500	1.0833925181627273	1.0	72.4486359043449	0.0	0.2	95.75389099121094	27.0	212	1.0	-0.010170000000000009	5.07	0	0	0	0	0	0		no_promoter_enhancer_in_queried_epic_tissues	False	not_assessed			not_assessed	pilot_only	not_validated	not_validated	insufficient_evidence_for_safe_harbor	1.083399824500084	72.83333333333334	15	24.0	34	False
NPNT/TBCK	NC_051836.1	27034161	27034661	500	1.0954498463869096	1.0	74.63792522734927	0.0	0.2	93.93003845214844	36.0	144	1.0	0.030810000000000032	6.284	0	0	0	0	162	162	ST	regulatory_annotation_present	False	not_assessed			not_assessed	pilot_only	not_validated	not_validated	regulatory_conflict_requires_resolution	1.0954572565555571	75.06666666666668	15	25.0	34	False
NPNT/TBCK	NC_051836.1	27034411	27034911	500	1.1158801259994506	1.0	77.43347928595486	0.0	0.222	92.99875847068992	36.0	0	1.0	-0.036243999999999985	6.284	0	0	0	0	400	400	ST	regulatory_annotation_present	False	not_assessed			not_assessed	pilot_only	not_validated	not_validated	regulatory_conflict_requires_resolution	1.115887661099434	77.8	16	23.0	31	False
NPNT/TBCK	NC_051836.1	27034661	27035161	500	1.0710487153530122	1.0	69.98989558773998	0.0	0.2	84.10062789916992	22.0	154	1.0	-0.09572000000000001	4.884	0	0	0	0	300	300	KI;ST	regulatory_annotation_present	False	not_assessed			not_assessed	pilot_only	not_validated	not_validated	regulatory_conflict_requires_resolution	1.071055924654007	70.5	16	22.0	31	False
NPNT/TBCK	NC_051836.1	27034911	27035411	500	1.0735958114862443	1.0	70.6972044459414	0.0	0.078	74.4824447631836	4.0	306	1.0	-0.056034	4.84	0	0	0	0	312	312	KI	regulatory_annotation_present	False	not_assessed			not_assessed	pilot_only	not_validated	not_validated	regulatory_conflict_requires_resolution	1.0736030350923538	71.16666666666667	16	22.0	45	False
NPNT/TBCK	NC_051836.1	27035161	27035661	500	1.4300449160337447	1.0	96.63186257999327	1.0	0.0		0.0	216	1.0	-0.22225999999999999	4.84	0	0	0	0	500	500	KI	regulatory_annotation_present	False	not_assessed			not_assessed	pilot_only	not_validated	not_validated	regulatory_conflict_requires_resolution	1.4300545662641526	96.7	20	31.5	45	False
NPNT/TBCK	NC_051836.1	27035411	27035911	500	1.5614914333820342	1.0	97.91175479959581	1.0	0.0		0.0	110	1.0	-0.17125599999999996	3.816	0	0	0	0	300	300	KI	regulatory_annotation_present	False	not_assessed			not_assessed	pilot_only	not_validated	not_validated	regulatory_conflict_requires_resolution	1.5615019648075104	97.93333333333332	22	37.0	45	False
NPNT/TBCK	NC_051836.1	27035661	27036161	500	1.364874686717987	1.0	95.41933310879084	0.0	0.2	41.66666603088379	1.0	46	1.0	-0.069	3.816	0	0	0	0	300	300	KI	regulatory_annotation_present	False	not_assessed			not_assessed	pilot_only	not_validated	not_validated	regulatory_conflict_requires_resolution	1.364883884191513	95.5	22	32.0	42	False
NPNT/TBCK	NC_051836.1	27035911	27036411	500	1.2385115422010422	1.0	89.69349949477939	0.0	0.2	41.66666603088379	1.0	0	1.0	-0.02980999999999999	4.978	0	0	0	0	500	500	KI	regulatory_annotation_present	False	not_assessed			not_assessed	pilot_only	not_validated	not_validated	regulatory_conflict_requires_resolution	1.238519901752472	89.86666666666666	14	30.0	40	False
NPNT/TBCK	NC_051836.1	27036161	27036661	500	1.0612786630392075	1.0	67.93533176153586	0.0	0.0		0.0	0	1.0	0.075732	6.87	0	0	0	0	338	338	KI	regulatory_annotation_present	False	not_assessed			not_assessed	pilot_only	not_validated	not_validated	regulatory_conflict_requires_resolution	1.0612858040332793	68.43333333333334	14	25.0	34	False
NPNT/TBCK	NC_051836.1	27036411	27036911	500	0.9152070189714432	1.0	26.103065005052205	0.0	0.0		0.0	0	1.0	0.345486	6.87	0	0	0	0	88	88	KI	regulatory_annotation_present	False	not_assessed			not_assessed	pilot_only	not_validated	not_validated	regulatory_conflict_requires_resolution	0.9152131748199462	27.6	14	21.0	29	False
NPNT/TBCK	NC_051836.1	27036661	27037161	500	0.8838606705665588	1.0	17.61535870663523	0.0	0.0		0.0	104	1.0	0.4556	6.629	0	0	0	0	0	0		no_promoter_enhancer_in_queried_epic_tissues	False	not_assessed			not_assessed	pilot_only	not_validated	not_validated	insufficient_evidence_for_safe_harbor	0.8838666186332703	19.333333333333332	14	18.5	33	False
NPNT/TBCK	NC_051836.1	27036911	27037411	500	1.011381294131279	1.0	54.19333108790839	0.0	0.0		0.0	104	1.0	0.13862	6.629	0	0	0	0	0	0		no_promoter_enhancer_in_queried_epic_tissues	False	not_assessed			not_assessed	pilot_only	not_validated	not_validated	insufficient_evidence_for_safe_harbor	1.0113880815505982	54.900000000000006	16	26.5	33	False
NPNT/TBCK	NC_051836.1	27037161	27037661	500	1.242124181985855	1.0	89.92926911417986	0.0	0.2	94.14072799682617	5.0	49	1.0	-0.048330000000000005	4.244	0	0	0	0	162	162	LU	regulatory_annotation_present	False	not_assessed			not_assessed	pilot_only	not_validated	not_validated	regulatory_conflict_requires_resolution	1.24213254237175	90.10000000000001	22	28.0	37	False
NPNT/TBCK	NC_051836.1	27037411	27037911	500	1.2800606845617295	1.0	91.98383294038396	0.0	0.2	94.14072799682617	5.0	172	1.0	-0.054993999999999994	4.393	0	0	0	0	412	412	LU	regulatory_annotation_present	False	not_assessed			not_assessed	pilot_only	not_validated	not_validated	regulatory_conflict_requires_resolution	1.2800693114995956	92.06666666666666	18	26.5	38	False
NPNT/TBCK	NC_051836.1	27037661	27038161	500	1.1712549254894256	1.0	84.54024924216908	0.0	0.0		0.0	123	1.0	0.718682	9.999	0	0	0	0	438	438	LU	regulatory_annotation_present	False	not_assessed			not_assessed	pilot_only	not_validated	not_validated	regulatory_conflict_requires_resolution	1.1712628206014633	84.7	12	23.5	38	False
NPNT/TBCK	NC_051836.1	27037911	27038411	500	1.0466089211702347	1.0	63.960929605927916	0.0	0.0		0.0	0	1.0	0.848178	9.999	0	0	0	0	188	188	LU	regulatory_annotation_present	False	not_assessed			not_assessed	pilot_only	not_validated	not_validated	regulatory_conflict_requires_resolution	1.046615970849991	64.60000000000001	12	20.0	35	False
NPNT/TBCK	NC_051836.1	27038161	27038661	500	0.9123282551765441	1.0	25.159986527450318	0.0	0.0		0.0	143	1.0	0.24569	4.936	0	0	0	0	0	0		no_promoter_enhancer_in_queried_epic_tissues	False	not_assessed			not_assessed	pilot_only	not_validated	not_validated	insufficient_evidence_for_safe_harbor	0.9123343834877015	26.700000000000003	15	19.5	31	False
NPNT/TBCK	NC_051836.1	27038411	27038911	500	0.9297598087787629	1.0	30.5490063994611	0.0	0.0		0.0	304	1.0	0.153078	4.324	0	0	0	0	0	0		no_promoter_enhancer_in_queried_epic_tissues	False	not_assessed			not_assessed	pilot_only	not_validated	not_validated	insufficient_evidence_for_safe_harbor	0.929766065120697	31.833333333333336	16	21.0	28	False
NPNT/TBCK	NC_051836.1	27038661	27039161	500	0.980013140141964	1.0	44.79622768608959	0.0	0.0		0.0	224	1.0	-0.03205599999999998	3.763	0	0	0	0	0	0		no_promoter_enhancer_in_queried_epic_tissues	False	not_assessed			not_assessed	pilot_only	not_validated	not_validated	insufficient_evidence_for_safe_harbor	0.98001975107193	45.800000000000004	8	20.0	28	False
NPNT/TBCK	NC_051836.1	27038911	27039411	500	0.934024731695652	1.0	31.559447625463115	0.0	0.0		0.0	89	1.0	0.14266800000000002	4.778	0	0	0	0	116	0		no_promoter_enhancer_in_queried_epic_tissues	False	not_assessed			not_assessed	pilot_only	not_validated	not_validated	insufficient_evidence_for_safe_harbor	0.9340310329198838	32.800000000000004	8	15.5	27	False
NPNT/TBCK	NC_051836.1	27039161	27039661	500	0.9587293319702148	1.0	38.53149208487706	0.0	0.122	88.68966124487704	19.0	26	1.0	0.24963799999999997	4.893	0	0	0	0	366	0		no_promoter_enhancer_in_queried_epic_tissues	False	not_assessed			not_assessed	pilot_only	not_validated	not_validated	insufficient_evidence_for_safe_harbor	0.9587357864379883	39.53333333333333	13	22.0	35	False
NPNT/TBCK	NC_051836.1	27039411	27039911	500	1.1066512149572372	1.0	76.22094981475243	0.0	0.2	89.01605987548828	19.0	0	1.0	0.06092399999999999	5.516	0	0	0	0	284	0		no_promoter_enhancer_in_queried_epic_tissues	False	not_assessed			not_assessed	pilot_only	not_validated	not_validated	insufficient_evidence_for_safe_harbor	1.106658674120903	76.56666666666668	16	27.0	38	False
NPNT/TBCK	NC_051836.1	27039661	27040161	500	1.1664234031438827	1.0	84.20343550016841	0.0	0.078	89.52658081054688	8.0	36	1.0	0.219344	8.484	0	0	0	0	34	0		no_promoter_enhancer_in_queried_epic_tissues	False	not_assessed			not_assessed	pilot_only	not_validated	not_validated	insufficient_evidence_for_safe_harbor	1.1664312748908996	84.39999999999999	12	26.0	38	False
NPNT/TBCK	NC_051836.1	27039911	27040411	500	1.1184353734254837	1.0	77.9050185247558	0.0	0.1	100.0	1.0	215	1.0	0.36162	8.484	0	0	0	0	0	0		no_promoter_enhancer_in_queried_epic_tissues	False	not_assessed			not_assessed	pilot_only	not_validated	not_validated	insufficient_evidence_for_safe_harbor	1.1184429072141648	78.23333333333333	11	22.0	32	False
NPNT/TBCK	NC_051836.1	27040161	27040661	500	1.0660778418779373	1.0	68.81104749073762	0.0	0.1	100.0	1.0	243	1.0	0.20337400000000003	3.953	0	0	0	0	0	0		no_promoter_enhancer_in_queried_epic_tissues	False	not_assessed			not_assessed	pilot_only	not_validated	not_validated	insufficient_evidence_for_safe_harbor	1.0660850114822387	69.3	11	21.0	30	False
NPNT/TBCK	NC_051836.1	27040411	27040911	500	1.0443902019262314	1.0	63.65779723812731	0.0	0.2	100.0	2.0	223	1.0	0.06978999999999999	4.526	0	0	0	0	0	0		no_promoter_enhancer_in_queried_epic_tissues	False	not_assessed			not_assessed	pilot_only	not_validated	not_validated	insufficient_evidence_for_safe_harbor	1.0443972419500351	64.3	11	21.0	33	False
NPNT/TBCK	NC_051836.1	27040661	27041161	500	1.1029481987953187	1.0	75.58100370495117	0.0	0.2	100.0	2.0	409	1.0	0.08237999999999998	4.526	0	0	0	0	0	0		no_promoter_enhancer_in_queried_epic_tissues	False	not_assessed			not_assessed	pilot_only	not_validated	not_validated	insufficient_evidence_for_safe_harbor	1.102955635547638	75.96666666666667	18	29.0	36	False
NPNT/TBCK	NC_051836.1	27040911	27041411	500	1.13985884308815	1.0	80.63320983496126	1.0	0.0		0.0	335	1.0	0.13981	4.097	0	0	0	0	0	0		no_promoter_enhancer_in_queried_epic_tissues	False	not_assessed			not_assessed	pilot_only	not_validated	not_validated	insufficient_evidence_for_safe_harbor	1.1398665196895599	80.9	18	29.5	40	False
NPNT/TBCK	NC_051836.1	27041161	27041661	500	1.2827315673828126	1.0	92.1522398113843	2.0	0.2	63.92643928527832	68.0	85	1.0	0.08083199999999999	4.905	0	0	0	0	0	0		no_promoter_enhancer_in_queried_epic_tissues	False	not_assessed			not_assessed	pilot_only	not_validated	not_validated	insufficient_evidence_for_safe_harbor	1.2827402064800262	92.26666666666667	18	38.5	48	False
NPNT/TBCK	NC_051836.1	27041411	27041911	500	1.34211301779747	1.0	94.7457056247895	2.0	0.2	63.92643928527832	68.0	28	1.0	0.010931999999999996	4.905	0	0	0	0	0	0		no_promoter_enhancer_in_queried_epic_tissues	False	not_assessed			not_assessed	pilot_only	not_validated	not_validated	insufficient_evidence_for_safe_harbor	1.3421220446825028	94.83333333333334	22	40.0	48	False
NPNT/TBCK	NC_051836.1	27041661	27042161	500	1.190471964597702	1.0	86.12327382957224	2.0	0.0		0.0	72	1.0	-0.023224	3.846	0	0	0	0	0	0		no_promoter_enhancer_in_queried_epic_tissues	False	not_assessed			not_assessed	pilot_only	not_validated	not_validated	insufficient_evidence_for_safe_harbor	1.1904799753427506	86.33333333333333	19	28.5	44	False
NPNT/TBCK	NC_051836.1	27041911	27042411	500	1.1501709060668945	1.0	82.21623442236444	0.0	0.022	100.0	3.0	257	1.0	-0.08110799999999999	3.846	0	0	0	6	0	0		no_promoter_enhancer_in_queried_epic_tissues	False	not_assessed			not_assessed	pilot_only	not_validated	not_validated	insufficient_evidence_for_safe_harbor	1.1501786450147629	82.43333333333334	18	26.0	36	False
NPNT/TBCK	NC_051836.1	27042161	27042661	500	1.0820259381532669	1.0	72.24654765914448	0.0	0.3	96.19600168863933	53.0	352	1.0	-0.098128	2.764	0	0	0	206	0	0		no_promoter_enhancer_in_queried_epic_tissues	False	not_assessed			not_assessed	pilot_only	not_validated	not_validated	insufficient_evidence_for_safe_harbor	1.0820332131385804	72.63333333333334	9	24.0	36	False
NPNT/TBCK	NC_051836.1	27042411	27042911	500	0.9534304667711258	1.0	37.116874368474235	0.0	0.378	91.3432691463087	53.0	351	1.0	0.007162000000000006	3.504	0	0	0	200	0	0		no_promoter_enhancer_in_queried_epic_tissues	False	not_assessed			not_assessed	pilot_only	not_validated	not_validated	insufficient_evidence_for_safe_harbor	0.953436889886856	38.166666666666664	9	17.0	25	False
NPNT/TBCK	NC_051836.1	27042661	27043161	500	0.9419896086454391	1.0	34.42236443246885	0.0	0.1	78.6895523071289	18.0	212	1.0	0.537316	6.391	0	0	0	0	0	0		no_promoter_enhancer_in_queried_epic_tissues	False	not_assessed			not_assessed	pilot_only	not_validated	not_validated	insufficient_evidence_for_safe_harbor	0.9419959514141083	35.56666666666667	10	18.0	25	False
NPNT/TBCK	NC_051836.1	27042911	27043411	500	0.9626655118465424	1.0	39.60929605927922	0.0	0.0		0.0	0	1.0	0.742152	8.785	0	0	0	0	0	0		no_promoter_enhancer_in_queried_epic_tissues	False	not_assessed			not_assessed	pilot_only	not_validated	not_validated	insufficient_evidence_for_safe_harbor	0.9626719917058945	40.666666666666664	13	18.0	25	False
NPNT/TBCK	NC_051836.1	27043161	27043661	500	0.8662814706563949	1.0	13.472549680026946	0.0	0.122	100.0	1.0	0	1.0	0.290056	8.785	0	0	0	0	0	0		no_promoter_enhancer_in_queried_epic_tissues	False	not_assessed			not_assessed	pilot_only	not_validated	not_validated	insufficient_evidence_for_safe_harbor	0.8662873064279556	15.2	13	17.0	27	False
NPNT/TBCK	NC_051836.1	27043411	27043911	500	0.8744049409627914	1.0	15.257662512630516	0.0	0.2	100.0	1.0	0	1.0	0.047035999999999994	4.281	0	0	0	0	16	0		no_promoter_enhancer_in_queried_epic_tissues	False	not_assessed			not_assessed	pilot_only	not_validated	not_validated	insufficient_evidence_for_safe_harbor	0.8744108308553695	17.033333333333335	9	17.5	27	False
NPNT/TBCK	NC_051836.1	27043661	27044161	500	0.9896436004638672	1.0	47.928595486695855	0.0	0.078	100.0	1.0	130	1.0	0.010771999999999999	4.281	0	0	0	0	266	0		no_promoter_enhancer_in_queried_epic_tissues	False	not_assessed			not_assessed	pilot_only	not_validated	not_validated	insufficient_evidence_for_safe_harbor	0.9896502630710602	48.93333333333334	9	19.0	27	False
NPNT/TBCK	NC_051836.1	27043911	27044411	500	1.0218768554925919	1.0	57.056247894914115	0.0	0.0		0.0	176	1.0	0.030116000000000004	1.415	0	0	0	0	500	0		no_promoter_enhancer_in_queried_epic_tissues	False	not_assessed			not_assessed	pilot_only	not_validated	not_validated	insufficient_evidence_for_safe_harbor	1.0218837381601333	57.766666666666666	10	21.5	30	False
NPNT/TBCK	NC_051836.1	27044161	27044661	500	1.021201837658882	1.0	56.88784102391378	0.0	0.0		0.0	46	1.0	0.0161	1.415	0	0	0	0	500	166	KI	regulatory_annotation_present	False	not_assessed			not_assessed	pilot_only	not_validated	not_validated	regulatory_conflict_requires_resolution	1.0212087309360505	57.599999999999994	15	23.0	33	False
NPNT/TBCK	NC_051836.1	27044411	27044911	500	0.8883589127063751	1.0	18.625799932637253	0.0	0.2	72.83948135375977	8.0	53	1.0	0.039228	1.415	0	0	0	0	484	400	KI	regulatory_annotation_present	False	not_assessed			not_assessed	pilot_only	not_validated	not_validated	regulatory_conflict_requires_resolution	0.8883649066686631	20.266666666666666	12	18.0	33	False
NPNT/TBCK	NC_051836.1	27044661	27045161	500	0.8729687931537629	1.0	15.021892893230044	0.0	0.2	72.83948135375977	8.0	78	1.0	0.03488800000000001	1.415	0	0	0	0	234	234	KI	regulatory_annotation_present	False	not_assessed			not_assessed	pilot_only	not_validated	not_validated	regulatory_conflict_requires_resolution	0.8729746738672256	16.833333333333332	12	16.5	30	False
NPNT/TBCK	NC_051836.1	27044911	27045411	500	0.9934435764551163	1.0	48.93903671269788	0.0	0.1	100.0	1.0	25	1.0	0.01899600000000001	1.415	0	0	0	0	0	0		no_promoter_enhancer_in_queried_epic_tissues	False	not_assessed			not_assessed	pilot_only	not_validated	not_validated	insufficient_evidence_for_safe_harbor	0.9934502781629563	49.9	12	23.0	30	False
NPNT/TBCK	NC_051836.1	27045161	27045661	500	1.0342905094623567	1.0	60.52542943752105	0.0	0.3	100.0	1.0	0	1.0	0.023093999999999996	2.765	0	0	0	0	0	0		no_promoter_enhancer_in_queried_epic_tissues	False	not_assessed			not_assessed	pilot_only	not_validated	not_validated	insufficient_evidence_for_safe_harbor	1.0342974808216094	61.199999999999996	12	24.0	31	False
NPNT/TBCK	NC_051836.1	27045411	27045911	500	0.941951825261116	1.0	34.388683058268775	0.0	0.2	100.0	1.0	246	1.0	0.07047199999999999	2.765	0	0	0	0	0	0		no_promoter_enhancer_in_queried_epic_tissues	False	not_assessed			not_assessed	pilot_only	not_validated	not_validated	insufficient_evidence_for_safe_harbor	0.9419581743478775	35.53333333333333	9	20.0	31	False
NPNT/TBCK	NC_051836.1	27045661	27046161	500	0.8779371250867843	1.0	16.167059616032333	0.0	0.0		0.0	367	1.0	0.131096	2.022	0	0	0	0	0	0		no_promoter_enhancer_in_queried_epic_tissues	False	not_assessed			not_assessed	pilot_only	not_validated	not_validated	insufficient_evidence_for_safe_harbor	0.8779430458545685	17.833333333333336	9	17.0	22	False
NPNT/TBCK	NC_051836.1	27045911	27046411	500	0.8738831821680069	1.0	15.223981138430448	0.0	0.1	93.37997436523438	12.0	262	1.0	0.064984	2.022	0	0	0	0	124	124	KI;MG	regulatory_annotation_present	False	not_assessed			not_assessed	pilot_only	not_validated	not_validated	regulatory_conflict_requires_resolution	0.8738890774250031	17.033333333333335	1	16.0	23	False
NPNT/TBCK	NC_051836.1	27046161	27046661	500	0.8716598670482636	1.0	14.685079151229369	0.0	0.1	93.37997436523438	12.0	343	1.0	0.05795199999999999	1.031	0	0	0	0	374	374	KI;MG	regulatory_annotation_present	False	not_assessed			not_assessed	pilot_only	not_validated	not_validated	regulatory_conflict_requires_resolution	0.871665745139122	16.433333333333334	1	12.5	23	False
NPNT/TBCK	NC_051836.1	27046411	27046911	500	0.9376397378444672	1.0	33.14247221286629	0.0	0.0		0.0	452	1.0	0.144284	1.096	0	0	0	0	500	276	KI;MG	regulatory_annotation_present	False	not_assessed			not_assessed	pilot_only	not_validated	not_validated	regulatory_conflict_requires_resolution	0.9376460455656052	34.333333333333336	6	13.0	21	False
NPNT/TBCK	NC_051836.1	27046661	27047161	500	0.9403466786146164	1.0	33.91714381946783	0.0	0.0		0.0	500	1.0	0.16354	1.096	0	0	0	0	426	26	KI;MG	regulatory_annotation_present	False	not_assessed			not_assessed	pilot_only	not_validated	not_validated	regulatory_conflict_requires_resolution	0.940353010058403	35.03333333333333	6	12.0	18	False
NPNT/TBCK	NC_051836.1	27046911	27047411	500	0.8521113760471344	1.0	10.778039744021555	0.0	0.0		0.0	500	1.0	0.17891200000000002	0.936	0	0	0	0	176	0		no_promoter_enhancer_in_queried_epic_tissues	False	not_assessed			not_assessed	pilot_only	not_validated	not_validated	insufficient_evidence_for_safe_harbor	0.852117112994194	12.666666666666668	6	12.5	19	False
NPNT/TBCK	NC_051836.1	27047161	27047661	500	0.9066638499498367	1.0	23.543280565847084	0.0	0.0		0.0	500	1.0	0.177618	2.312	0	0	0	0	0	0		no_promoter_enhancer_in_queried_epic_tissues	False	not_assessed			not_assessed	pilot_only	not_validated	not_validated	insufficient_evidence_for_safe_harbor	0.906669968366623	25.033333333333335	6	15.0	31	False
NPNT/TBCK	NC_051836.1	27047411	27047911	500	1.0472177258729936	1.0	64.06197372852812	0.0	0.0		0.0	500	1.0	0.16138999999999998	2.312	0	0	0	0	0	0		no_promoter_enhancer_in_queried_epic_tissues	False	not_assessed			not_assessed	pilot_only	not_validated	not_validated	insufficient_evidence_for_safe_harbor	1.0472248013019563	64.7	8	22.5	31	False
NPNT/TBCK	NC_051836.1	27047661	27048161	500	0.975046669960022	1.0	42.842707982485685	0.0	0.0		0.0	461	1.0	0.07524200000000002	2.856	0	0	0	0	0	0		no_promoter_enhancer_in_queried_epic_tissues	False	not_assessed			not_assessed	pilot_only	not_validated	not_validated	insufficient_evidence_for_safe_harbor	0.9750532562732697	43.86666666666667	13	22.0	30	False
NPNT/TBCK	NC_051836.1	27047911	27048411	500	1.0125942311286926	1.0	54.530144829909055	0.0	0.0		0.0	302	1.0	-0.04741999999999999	2.856	0	0	0	0	0	0		no_promoter_enhancer_in_queried_epic_tissues	False	not_assessed			not_assessed	pilot_only	not_validated	not_validated	insufficient_evidence_for_safe_harbor	1.0126010693311691	55.233333333333334	13	21.0	27	False
NPNT/TBCK	NC_051836.1	27048161	27048661	500	1.145094801068306	1.0	81.44156281576288	0.0	0.1	0.0	1.0	208	1.0	0.014891999999999989	3.731	0	0	0	0	0	0		no_promoter_enhancer_in_queried_epic_tissues	False	not_assessed			not_assessed	pilot_only	not_validated	not_validated	insufficient_evidence_for_safe_harbor	1.1451025319099426	81.63333333333334	13	23.0	34	False
NPNT/TBCK	NC_051836.1	27048411	27048911	500	1.0509697678089143	1.0	65.17345907713035	0.0	0.1	0.0	1.0	117	1.0	0.137146	4.299	0	0	0	0	0	0		no_promoter_enhancer_in_queried_epic_tissues	False	not_assessed			not_assessed	pilot_only	not_validated	not_validated	insufficient_evidence_for_safe_harbor	1.0509768624305724	65.76666666666667	14	24.0	34	False
NPNT/TBCK	NC_051836.1	27048661	27049161	500	0.9747453836202622	1.0	42.741663859885485	0.0	0.0		0.0	0	1.0	0.260878	7.173	0	0	0	0	0	0		no_promoter_enhancer_in_queried_epic_tissues	False	not_assessed			not_assessed	pilot_only	not_validated	not_validated	insufficient_evidence_for_safe_harbor	0.9747519590854645	43.766666666666666	18	23.5	29	False
NPNT/TBCK	NC_051836.1	27048911	27049411	500	1.0380709966421127	1.0	61.83900303132368	0.0	0.0		0.0	0	1.0	0.8648440000000001	10.231	0	0	0	0	0	0		no_promoter_enhancer_in_queried_epic_tissues	False	not_assessed			not_assessed	pilot_only	not_validated	not_validated	insufficient_evidence_for_safe_harbor	1.0380779947042464	62.5	18	24.0	37	False
NPNT/TBCK	NC_051836.1	27049161	27049661	500	1.1209745777845384	1.0	78.10710676995622	0.0	0.0		0.0	0	1.0	0.9913799999999999	10.231	0	0	0	0	0	0		no_promoter_enhancer_in_queried_epic_tissues	False	not_assessed			not_assessed	pilot_only	not_validated	not_validated	insufficient_evidence_for_safe_harbor	1.1209821211099624	78.43333333333334	18	26.0	37	False
NPNT/TBCK	NC_051836.1	27049411	27049911	500	1.0853621205091477	1.0	72.92017514314584	0.0	0.0		0.0	0	1.0	0.34781399999999996	9.998	0	0	0	0	224	224	KI	regulatory_annotation_present	False	not_assessed			not_assessed	pilot_only	not_validated	not_validated	regulatory_conflict_requires_resolution	1.0853694279193877	73.26666666666667	17	26.0	37	False
NPNT/TBCK	NC_051836.1	27049661	27050161	500	1.017233824133873	1.0	55.91108117211182	0.0	0.0		0.0	0	1.0	0.439916	6.956	0	0	0	0	474	474	KI	regulatory_annotation_present	False	not_assessed			not_assessed	pilot_only	not_validated	not_validated	regulatory_conflict_requires_resolution	1.0172406831979752	56.63333333333333	17	24.0	29	False
NPNT/TBCK	NC_051836.1	27049911	27050411	500	1.022533712387085	1.0	57.29201751431459	0.0	0.022	100.0	2.0	0	1.0	0.45827999999999997	6.956	0	0	0	0	376	376	KI	regulatory_annotation_present	False	not_assessed			not_assessed	pilot_only	not_validated	not_validated	regulatory_conflict_requires_resolution	1.0225406066179275	57.96666666666667	15	24.0	33	False
NPNT/TBCK	NC_051836.1	27050161	27050661	500	1.0206829773187638	1.0	56.75311552711351	0.0	0.1	100.0	2.0	0	1.0	0.6481480000000002	7.134	0	0	0	0	126	126	KI	regulatory_annotation_present	False	not_assessed			not_assessed	pilot_only	not_validated	not_validated	regulatory_conflict_requires_resolution	1.0206898571252823	57.46666666666667	15	24.0	33	False
NPNT/TBCK	NC_051836.1	27050411	27050911	500	1.0379754821062088	1.0	61.77164028292354	0.0	0.078	100.0	2.0	46	1.0	0.9247620000000002	8.219	0	0	0	0	0	0		no_promoter_enhancer_in_queried_epic_tissues	False	not_assessed			not_assessed	pilot_only	not_validated	not_validated	insufficient_evidence_for_safe_harbor	1.0379824750423432	62.43333333333333	15	23.0	31	False
NPNT/TBCK	NC_051836.1	27050661	27051161	500	1.0208579149246215	1.0	56.82047827551364	0.0	0.0		0.0	52	1.0	0.5329380000000001	8.219	0	0	0	0	0	0		no_promoter_enhancer_in_queried_epic_tissues	False	not_assessed			not_assessed	pilot_only	not_validated	not_validated	insufficient_evidence_for_safe_harbor	1.0208647994995117	57.53333333333334	9	20.5	28	False
NPNT/TBCK	NC_051836.1	27050911	27051411	500	1.061965499162674	1.0	68.07005725833613	0.0	0.0		0.0	6	1.0	0.20930200000000002	4.788	0	0	0	0	0	0		no_promoter_enhancer_in_queried_epic_tissues	False	not_assessed			not_assessed	pilot_only	not_validated	not_validated	insufficient_evidence_for_safe_harbor	1.0619726494550705	68.56666666666666	9	21.0	28	False
NPNT/TBCK	NC_051836.1	27051161	27051661	500	1.141188078045845	1.0	80.83529808016166	0.0	0.1	100.0	1.0	26	1.0	0.07935400000000001	4.376	0	0	0	0	0	0		no_promoter_enhancer_in_queried_epic_tissues	False	not_assessed			not_assessed	pilot_only	not_validated	not_validated	insufficient_evidence_for_safe_harbor	1.1411957606077194	81.10000000000001	18	25.0	33	False
NPNT/TBCK	NC_051836.1	27051411	27051911	500	1.106239001750946	1.0	76.1535870663523	0.0	0.1	100.0	1.0	181	1.0	0.11122	4.484	0	0	0	0	0	0		no_promoter_enhancer_in_queried_epic_tissues	False	not_assessed			not_assessed	pilot_only	not_validated	not_validated	insufficient_evidence_for_safe_harbor	1.1062464480400085	76.5	14	22.0	33	False
NPNT/TBCK	NC_051836.1	27051661	27052161	500	1.0347021045684814	1.0	60.76119905692152	0.0	0.022	75.02024841308594	2.0	265	1.0	0.089386	4.484	0	0	0	0	0	0		no_promoter_enhancer_in_queried_epic_tissues	False	not_assessed			not_assessed	pilot_only	not_validated	not_validated	insufficient_evidence_for_safe_harbor	1.0347090669870376	61.46666666666667	6	18.0	26	False
NPNT/TBCK	NC_051836.1	27051911	27052411	500	1.0819653502702713	1.0	72.24654765914448	0.0	0.1	75.02024841308594	2.0	110	1.0	0.07545200000000002	3.027	0	0	0	0	0	0		no_promoter_enhancer_in_queried_epic_tissues	False	not_assessed			not_assessed	pilot_only	not_validated	not_validated	insufficient_evidence_for_safe_harbor	1.0819726448059082	72.63333333333334	6	18.0	22	False
NPNT/TBCK	NC_051836.1	27052161	27052661	500	1.0621396337747573	1.0	68.17110138093634	0.0	0.078	75.02024841308594	2.0	104	1.0	0.07690399999999999	4.807	0	0	0	0	0	0		no_promoter_enhancer_in_queried_epic_tissues	False	not_assessed			not_assessed	pilot_only	not_validated	not_validated	insufficient_evidence_for_safe_harbor	1.0621468063592912	68.66666666666667	12	18.0	21	False
NPNT/TBCK	NC_051836.1	27052411	27052911	500	0.9819182779788971	1.0	45.3014482990906	0.0	0.0		0.0	140	1.0	0.2126	4.807	0	0	0	0	0	0		no_promoter_enhancer_in_queried_epic_tissues	False	not_assessed			not_assessed	pilot_only	not_validated	not_validated	insufficient_evidence_for_safe_harbor	0.9819249104261398	46.300000000000004	12	18.0	26	False
NPNT/TBCK	NC_051836.1	27052661	27053161	500	1.09721654856205	1.0	74.87369484674974	0.0	0.0		0.0	68	1.0	0.39057200000000003	5.121	0	0	0	0	84	84	KI	regulatory_annotation_present	False	not_assessed			not_assessed	pilot_only	not_validated	not_validated	regulatory_conflict_requires_resolution	1.0972239346504211	75.3	16	24.0	35	False
NPNT/TBCK	NC_051836.1	27052911	27053411	500	1.1933800749778747	1.0	86.39272482317278	0.0	0.0		0.0	75	1.0	0.282582	5.121	0	0	0	0	334	334	KI	regulatory_annotation_present	False	not_assessed			not_assessed	pilot_only	not_validated	not_validated	regulatory_conflict_requires_resolution	1.1933881095647811	86.6	17	25.0	35	False
NPNT/TBCK	NC_051836.1	27053161	27053661	500	1.1243589158058167	1.0	78.67969013135736	0.0	0.0		0.0	149	1.0	0.16623200000000002	2.598	0	0	0	0	500	500	KI	regulatory_annotation_present	False	not_assessed			not_assessed	pilot_only	not_validated	not_validated	regulatory_conflict_requires_resolution	1.1243664828538895	78.96666666666667	17	25.0	33	False
NPNT/TBCK	NC_051836.1	27053411	27053911	500	0.9930275914669037	1.0	48.87167396429775	0.0	0.0		0.0	250	1.0	0.17890999999999996	2.56	0	0	0	0	266	266	KI	regulatory_annotation_present	False	not_assessed			not_assessed	pilot_only	not_validated	not_validated	regulatory_conflict_requires_resolution	0.9930342670679092	49.86666666666667	15	21.0	33	False
NPNT/TBCK	NC_051836.1	27053661	27054161	500	0.9867192128896713	1.0	47.08656113169417	0.0	0.2	75.0	1.0	365	1.0	0.15941	1.096	0	0	0	0	16	16	KI	regulatory_annotation_present	False	not_assessed			not_assessed	pilot_only	not_validated	not_validated	regulatory_conflict_requires_resolution	0.9867258650064469	48.06666666666667	15	22.5	31	False
NPNT/TBCK	NC_051836.1	27053911	27054411	500	1.060528430223465	1.0	67.80060626473559	0.0	0.2	75.0	1.0	320	1.0	0.11449400000000001	1.096	0	0	0	0	0	0		no_promoter_enhancer_in_queried_epic_tissues	False	not_assessed			not_assessed	pilot_only	not_validated	not_validated	insufficient_evidence_for_safe_harbor	1.0605355764627458	68.30000000000001	14	22.0	35	False
NPNT/TBCK	NC_051836.1	27054161	27054661	500	1.0294803981781007	1.0	59.34658134051869	0.0	0.0		0.0	289	1.0	0.09358	1.043	0	0	0	0	0	0		no_promoter_enhancer_in_queried_epic_tissues	False	not_assessed			not_assessed	pilot_only	not_validated	not_validated	insufficient_evidence_for_safe_harbor	1.029487334370613	60.06666666666667	9	20.0	35	False
NPNT/TBCK	NC_051836.1	27054411	27054911	500	1.0638840235471725	1.0	68.4068710003368	0.0	0.0		0.0	286	1.0	0.112578	1.096	0	0	0	0	0	0		no_promoter_enhancer_in_queried_epic_tissues	False	not_assessed			not_assessed	pilot_only	not_validated	not_validated	insufficient_evidence_for_safe_harbor	1.0638912065029145	68.89999999999999	9	23.0	34	False
NPNT/TBCK	NC_051836.1	27054661	27055161	500	1.0508173866569996	1.0	65.10609632873022	0.0	0.0		0.0	313	1.0	0.146954	3.111	0	0	0	0	84	0		no_promoter_enhancer_in_queried_epic_tissues	False	not_assessed			not_assessed	pilot_only	not_validated	not_validated	insufficient_evidence_for_safe_harbor	1.0508244699835778	65.7	2	25.5	34	False
NPNT/TBCK	NC_051836.1	27054911	27055411	500	0.9394607404768467	1.0	33.78241832266756	0.0	0.2	100.0	3.0	284	1.0	0.109848	3.111	0	0	0	0	334	0		no_promoter_enhancer_in_queried_epic_tissues	False	not_assessed			not_assessed	pilot_only	not_validated	not_validated	insufficient_evidence_for_safe_harbor	0.939467070043087	34.86666666666667	2	17.0	29	False
NPNT/TBCK	NC_051836.1	27055161	27055661	500	0.9530239748954773	1.0	37.083192994274164	0.0	0.2	100.0	3.0	67	1.0	-0.005328000000000003	3.168	0	0	0	0	312	0		no_promoter_enhancer_in_queried_epic_tissues	False	not_assessed			not_assessed	pilot_only	not_validated	not_validated	insufficient_evidence_for_safe_harbor	0.953030388712883	38.13333333333333	9	18.0	25	False
NPNT/TBCK	NC_051836.1	27055411	27055911	500	1.0856963253021241	1.0	72.98753789154597	0.0	0.0		0.0	0	1.0	0.023379999999999988	3.316	0	0	0	0	62	0		no_promoter_enhancer_in_queried_epic_tissues	False	not_assessed			not_assessed	pilot_only	not_validated	not_validated	insufficient_evidence_for_safe_harbor	1.0857036405801772	73.33333333333333	17	21.0	29	False
NPNT/TBCK	NC_051836.1	27055661	27056161	500	1.132406640768051	1.0	79.75749410575952	0.0	0.0		0.0	0	1.0	0.03618999999999999	4.012	0	0	0	0	88	88	KI	regulatory_annotation_present	False	not_assessed			not_assessed	pilot_only	not_validated	not_validated	regulatory_conflict_requires_resolution	1.132414272427559	80.0	18	24.0	29	False
NPNT/TBCK	NC_051836.1	27055911	27056411	500	1.0686629289388656	1.0	69.41731222633884	0.0	0.0		0.0	41	1.0	0.12614799999999998	4.458	0	0	0	0	338	338	KI	regulatory_annotation_present	False	not_assessed			not_assessed	pilot_only	not_validated	not_validated	regulatory_conflict_requires_resolution	1.0686701229810716	69.86666666666666	15	25.5	32	False
NPNT/TBCK	NC_051836.1	27056161	27056661	500	1.0451034142971038	1.0	63.79252273492758	0.0	0.0		0.0	240	1.0	0.12426200000000001	4.458	0	0	0	0	312	312	KI	regulatory_annotation_present	False	not_assessed			not_assessed	pilot_only	not_validated	not_validated	regulatory_conflict_requires_resolution	1.04511046397686	64.43333333333334	15	25.5	32	False
NPNT/TBCK	NC_051836.1	27056411	27056911	500	0.961841149687767	1.0	39.272482317278545	0.0	0.0		0.0	240	1.0	-0.031682	4.14	0	0	0	0	62	62	KI	regulatory_annotation_present	False	not_assessed			not_assessed	pilot_only	not_validated	not_validated	regulatory_conflict_requires_resolution	0.9618476353883744	40.266666666666666	12	21.0	32	False
NPNT/TBCK	NC_051836.1	27056661	27057161	500	0.9137034249305725	1.0	25.564163017851126	0.0	0.0		0.0	86	1.0	0.0008159999999999954	4.14	0	0	0	0	0	0		no_promoter_enhancer_in_queried_epic_tissues	False	not_assessed			not_assessed	pilot_only	not_validated	not_validated	insufficient_evidence_for_safe_harbor	0.9137095851898194	27.066666666666666	5	18.5	25	False
NPNT/TBCK	NC_051836.1	27056911	27057411	500	0.937179675579071	1.0	32.771977096665545	0.0	0.122	100.0	1.0	45	1.0	0.18414399999999997	5.075	0	0	0	0	138	138	KI	regulatory_annotation_present	False	not_assessed			not_assessed	pilot_only	not_validated	not_validated	regulatory_conflict_requires_resolution	0.9371859921216965	33.96666666666667	5	20.0	25	False
NPNT/TBCK	NC_051836.1	27057161	27057661	500	1.0303443837165833	1.0	59.616032334119225	0.0	0.3	100.0	3.0	0	1.0	0.24748599999999998	5.075	0	0	0	0	388	388	KI	regulatory_annotation_present	False	not_assessed			not_assessed	pilot_only	not_validated	not_validated	regulatory_conflict_requires_resolution	1.0303513320684432	60.36666666666667	14	20.0	29	False
NPNT/TBCK	NC_051836.1	27057411	27057911	500	1.1190424336194993	1.0	77.93869989895587	0.0	0.178	100.0	3.0	0	1.0	0.30157599999999996	5.958	0	0	0	0	500	500	KI	regulatory_annotation_present	False	not_assessed			not_assessed	pilot_only	not_validated	not_validated	regulatory_conflict_requires_resolution	1.1190499776601792	78.23333333333333	12	22.0	34	False
NPNT/TBCK	NC_051836.1	27057661	27058161	500	1.2404718506336212	1.0	89.69349949477939	7.0	0.0		0.0	96	1.0	0.693628	6.726	0	0	0	0	412	412	KI	regulatory_annotation_present	False	not_assessed			not_assessed	pilot_only	not_validated	not_validated	regulatory_conflict_requires_resolution	1.2404801872968674	89.86666666666666	12	27.0	54	False
NPNT/TBCK	NC_051836.1	27057911	27058411	500	1.8008139513731003	1.0	98.58538228359717	9.0	0.0		0.0	137	1.0	0.43405199999999994	6.726	0	0	0	0	162	162	KI	regulatory_annotation_present	False	not_assessed			not_assessed	pilot_only	not_validated	not_validated	regulatory_conflict_requires_resolution	1.8008260744810105	98.6	20	36.5	62	False
NPNT/TBCK	NC_051836.1	27058161	27058661	500	1.638162449002266	1.0	98.14752441899628	9.0	0.0		0.0	41	1.0	0.025482000000000008	4.657	0	0	0	0	0	0		no_promoter_enhancer_in_queried_epic_tissues	False	not_assessed			not_assessed	pilot_only	not_validated	not_validated	insufficient_evidence_for_safe_harbor	1.638173484325409	98.16666666666667	19	31.0	62	False
NPNT/TBCK	NC_051836.1	27058411	27058911	500	1.0351231665611267	1.0	60.92960592792186	0.0	0.0		0.0	227	1.0	0.139912	4.657	0	0	0	0	238	238	KI	regulatory_annotation_present	False	not_assessed			not_assessed	pilot_only	not_validated	not_validated	regulatory_conflict_requires_resolution	1.0351301312446595	61.633333333333326	10	25.0	33	False
NPNT/TBCK	NC_051836.1	27058661	27059161	500	1.0497569258213044	1.0	64.66823846412933	0.0	0.0		0.0	477	1.0	0.08053800000000001	2.857	0	0	0	0	400	400	KI	regulatory_annotation_present	False	not_assessed			not_assessed	pilot_only	not_validated	not_validated	regulatory_conflict_requires_resolution	1.0497639989852905	65.26666666666667	10	19.0	30	False
NPNT/TBCK	NC_051836.1	27058911	27059411	500	0.9376298274993896	1.0	33.14247221286629	0.0	0.0		0.0	276	1.0	0.059418	2.795	0	0	0	0	162	162	KI	regulatory_annotation_present	False	not_assessed			not_assessed	pilot_only	not_validated	not_validated	regulatory_conflict_requires_resolution	0.9376361449956894	34.333333333333336	6	18.0	22	False
NPNT/TBCK	NC_051836.1	27059161	27059661	500	0.8864590200185776	1.0	18.221623442236442	0.0	0.0		0.0	26	1.0	0.09388799999999999	3.321	0	0	0	0	188	188	LU	regulatory_annotation_present	False	not_assessed			not_assessed	pilot_only	not_validated	not_validated	regulatory_conflict_requires_resolution	0.8864650042057037	19.933333333333334	6	14.5	20	False
NPNT/TBCK	NC_051836.1	27059411	27059911	500	0.9282475588321686	1.0	29.942741663859884	0.0	0.0		0.0	0	1.0	0.08889799999999999	3.648	0	0	0	0	400	400	LU	regulatory_annotation_present	False	not_assessed			not_assessed	pilot_only	not_validated	not_validated	regulatory_conflict_requires_resolution	0.9282538183927536	31.366666666666664	11	16.0	26	False
NPNT/TBCK	NC_051836.1	27059661	27060161	500	0.9388488389253616	1.0	33.58033007746716	0.0	0.0		0.0	0	1.0	0.011457999999999998	3.648	0	0	0	0	212	212	LU	regulatory_annotation_present	False	not_assessed			not_assessed	pilot_only	not_validated	not_validated	regulatory_conflict_requires_resolution	0.9388551486730575	34.733333333333334	13	23.5	30	False
NPNT/TBCK	NC_051836.1	27059911	27060411	500	1.0024090015888214	1.0	51.5998652745032	0.0	0.022	50.0	1.0	0	1.0	0.09108600000000001	4.816	0	0	0	0	0	0		no_promoter_enhancer_in_queried_epic_tissues	False	not_assessed			not_assessed	pilot_only	not_validated	not_validated	insufficient_evidence_for_safe_harbor	1.0024157453775406	52.400000000000006	18	23.0	30	False
NPNT/TBCK	NC_051836.1	27060161	27060661	500	1.0457425167560577	1.0	63.89356685752779	0.0	0.2	36.20257759094238	16.0	0	1.0	1.0672460000000001	10.363	0	0	0	0	0	0		no_promoter_enhancer_in_queried_epic_tissues	False	not_assessed			not_assessed	pilot_only	not_validated	not_validated	insufficient_evidence_for_safe_harbor	1.0457495621442794	64.53333333333333	15	20.0	29	False
NPNT/TBCK	NC_051836.1	27060411	27060911	500	1.0403675068616867	1.0	62.78208150892557	0.0	0.178	34.49727819207009	16.0	0	1.0	1.271518	10.363	0	0	0	0	238	238	KI;OV	regulatory_annotation_present	False	not_assessed			not_assessed	pilot_only	not_validated	not_validated	regulatory_conflict_requires_resolution	1.0403745124340058	63.5	14	19.0	32	False
NPNT/TBCK	NC_051836.1	27060661	27061161	500	1.0097050244808197	1.0	53.89019872010778	0.0	0.2	100.0	1.0	55	1.0	0.35036399999999995	7.453	0	0	0	0	488	488	KI;OV	regulatory_annotation_present	False	not_assessed			not_assessed	pilot_only	not_validated	not_validated	regulatory_conflict_requires_resolution	1.0097118250131607	54.56666666666666	9	19.0	32	False
NPNT/TBCK	NC_051836.1	27060911	27061411	500	0.9939589903354645	1.0	49.17480633209835	0.0	0.222	100.0	2.0	83	1.0	0.07187200000000002	4.077	0	0	0	0	500	500	KI;LU;OV	regulatory_annotation_present	False	not_assessed			not_assessed	pilot_only	not_validated	not_validated	regulatory_conflict_requires_resolution	0.993965688586235	50.16666666666667	8	19.0	25	False
NPNT/TBCK	NC_051836.1	27061161	27061661	500	1.08027896797657	1.0	72.01077803974401	0.0	0.1	100.0	2.0	28	1.0	0.133452	4.077	0	0	0	0	500	500	KI;LU;OV	regulatory_annotation_present	False	not_assessed			not_assessed	pilot_only	not_validated	not_validated	regulatory_conflict_requires_resolution	1.0802862514257432	72.43333333333334	8	21.0	31	False
NPNT/TBCK	NC_051836.1	27061411	27061911	500	1.1637989478111268	1.0	83.93398450656787	0.0	0.078	100.0	2.0	0	1.0	0.23964	6.427	0	0	0	0	262	262	LU	regulatory_annotation_present	False	not_assessed			not_assessed	pilot_only	not_validated	not_validated	regulatory_conflict_requires_resolution	1.1638067979812623	84.1	16	25.0	36	False
NPNT/TBCK	NC_051836.1	27061661	27062161	500	1.1494870600700378	1.0	82.08150892556417	0.0	0.0		0.0	0	1.0	0.5653520000000001	6.517	0	0	0	0	12	12	LU	regulatory_annotation_present	False	not_assessed			not_assessed	pilot_only	not_validated	not_validated	regulatory_conflict_requires_resolution	1.1494948054552079	82.3	16	25.5	36	False
NPNT/TBCK	NC_051836.1	27061911	27062411	500	0.9617520894408226	1.0	39.272482317278545	0.0	0.0		0.0	0	1.0	0.517334	6.517	0	0	0	0	0	0		no_promoter_enhancer_in_queried_epic_tissues	False	not_assessed			not_assessed	pilot_only	not_validated	not_validated	insufficient_evidence_for_safe_harbor	0.9617585720419883	40.266666666666666	8	23.0	36	False
NPNT/TBCK	NC_051836.1	27062161	27062661	500	0.7527102051377297	1.0	2.526103065005052	0.0	0.022	75.69851684570312	17.0	88	1.0	0.281312	4.983	0	0	0	0	0	0		no_promoter_enhancer_in_queried_epic_tissues	False	not_assessed			not_assessed	pilot_only	not_validated	not_validated	insufficient_evidence_for_safe_harbor	0.7527152853608131	4.533333333333333	7	11.0	23	False
NPNT/TBCK	NC_051836.1	27062411	27062911	500	0.7600266709327698	1.0	2.8292354328056586	0.0	0.2	85.98217010498047	17.0	88	1.0	0.33581399999999995	4.699	0	0	0	0	0	0		no_promoter_enhancer_in_queried_epic_tissues	False	not_assessed			not_assessed	pilot_only	not_validated	not_validated	insufficient_evidence_for_safe_harbor	0.7600317994356155	4.866666666666666	7	11.5	21	False
NPNT/TBCK	NC_051836.1	27062661	27063161	500	0.7470560783147812	1.0	2.1892893230043784	0.0	0.278	91.83836924600945	17.0	0	1.0	0.323122	4.954	0	0	0	0	0	0		no_promoter_enhancer_in_queried_epic_tissues	False	not_assessed			not_assessed	pilot_only	not_validated	not_validated	insufficient_evidence_for_safe_harbor	0.7470611103773117	4.3	4	12.0	21	False
NPNT/TBCK	NC_051836.1	27062911	27063411	500	0.746227805018425	1.0	2.1892893230043784	0.0	0.1	100.0	1.0	27	1.0	0.39538999999999996	4.954	0	0	0	0	0	0		no_promoter_enhancer_in_queried_epic_tissues	False	not_assessed			not_assessed	pilot_only	not_validated	not_validated	insufficient_evidence_for_safe_harbor	0.746232820391655	4.266666666666667	4	13.0	21	False
NPNT/TBCK	NC_051836.1	27063161	27063661	500	0.8618966680765152	1.0	12.529471202425057	0.0	0.0		0.0	27	1.0	0.366242	3.576	0	0	0	0	0	0		no_promoter_enhancer_in_queried_epic_tissues	False	not_assessed			not_assessed	pilot_only	not_validated	not_validated	insufficient_evidence_for_safe_harbor	0.8619024710655212	14.366666666666667	8	18.0	33	False
NPNT/TBCK	NC_051836.1	27063411	27063911	500	1.005525417804718	1.0	52.711350623105425	0.0	0.0		0.0	0	1.0	0.338406	5.021	0	0	0	0	0	0		no_promoter_enhancer_in_queried_epic_tissues	False	not_assessed			not_assessed	pilot_only	not_validated	not_validated	insufficient_evidence_for_safe_harbor	1.0055321893692017	53.5	14	25.5	33	False
NPNT/TBCK	NC_051836.1	27063661	27064161	500	1.020834374666214	1.0	56.82047827551364	0.0	0.0		0.0	0	1.0	0.49268399999999996	5.021	0	0	0	0	0	0		no_promoter_enhancer_in_queried_epic_tissues	False	not_assessed			not_assessed	pilot_only	not_validated	not_validated	insufficient_evidence_for_safe_harbor	1.0208412363529205	57.53333333333334	12	26.5	35	False
NPNT/TBCK	NC_051836.1	27063911	27064411	500	1.037258937716484	1.0	61.43482654092287	0.0	0.0		0.0	0	1.0	0.4792579999999999	4.404	0	0	0	0	0	0		no_promoter_enhancer_in_queried_epic_tissues	False	not_assessed			not_assessed	pilot_only	not_validated	not_validated	insufficient_evidence_for_safe_harbor	1.037265925884247	62.133333333333326	12	21.0	35	False
NPNT/TBCK	NC_051836.1	27064161	27064661	500	1.1019693471193313	1.0	75.47995958235096	0.0	0.0		0.0	0	1.0	0.325428	4.539	0	0	0	0	0	0		no_promoter_enhancer_in_queried_epic_tissues	False	not_assessed			not_assessed	pilot_only	not_validated	not_validated	insufficient_evidence_for_safe_harbor	1.1019767707586288	75.86666666666667	14	23.0	31	False
NPNT/TBCK	NC_051836.1	27064411	27064911	500	1.012237523317337	1.0	54.46278208150892	0.0	0.2	83.43750762939453	12.0	66	0.992	0.16915725806451612	4.539	0	0	0	0	234	0		no_promoter_enhancer_in_queried_epic_tissues	False	not_assessed			not_assessed	pilot_only	not_validated	not_validated	insufficient_evidence_for_safe_harbor	1.0122443317174912	55.166666666666664	17	22.5	29	False
NPNT/TBCK	NC_051836.1	27064661	27065161	500	0.9755269246101379	1.0	42.943752105085885	0.0	0.2	83.43750762939453	12.0	66	0.992	0.24303225806451614	5.014	0	0	0	0	400	0		no_promoter_enhancer_in_queried_epic_tissues	False	not_assessed			not_assessed	pilot_only	not_validated	not_validated	insufficient_evidence_for_safe_harbor	0.9755335018634796	44.0	9	19.0	33	False
NPNT/TBCK	NC_051836.1	27064911	27065411	500	0.9615060613155365	1.0	39.20511956887841	0.0	0.0		0.0	170	1.0	0.41223000000000004	5.014	0	0	0	0	166	0		no_promoter_enhancer_in_queried_epic_tissues	False	not_assessed			not_assessed	pilot_only	not_validated	not_validated	insufficient_evidence_for_safe_harbor	0.9615125458240509	40.2	9	18.0	33	False
NPNT/TBCK	NC_051836.1	27065161	27065661	500	0.8898489131927491	1.0	19.16470191983833	0.0	0.0		0.0	207	1.0	0.34579	3.568	0	0	0	0	0	0		no_promoter_enhancer_in_queried_epic_tissues	False	not_assessed			not_assessed	pilot_only	not_validated	not_validated	insufficient_evidence_for_safe_harbor	0.8898549014329911	20.733333333333334	9	18.0	26	False
NPNT/TBCK	NC_051836.1	27065411	27065911	500	0.9400984053611755	1.0	33.81609969686763	0.0	0.0		0.0	37	1.0	0.416634	4.458	0	0	0	0	0	0		no_promoter_enhancer_in_queried_epic_tissues	False	not_assessed			not_assessed	pilot_only	not_validated	not_validated	insufficient_evidence_for_safe_harbor	0.9401047239303589	34.93333333333333	13	19.0	26	False
NPNT/TBCK	NC_051836.1	27065661	27066161	500	0.9487684676647187	1.0	35.83698214887168	1.0	0.0		0.0	0	1.0	0.579084	4.458	0	0	0	0	0	0		no_promoter_enhancer_in_queried_epic_tissues	False	not_assessed			not_assessed	pilot_only	not_validated	not_validated	insufficient_evidence_for_safe_harbor	0.9487748489379882	36.96666666666666	12	21.0	26	False
NPNT/TBCK	NC_051836.1	27065911	27066411	500	0.902729354262352	1.0	22.6002020882452	1.0	0.0		0.0	0	1.0	0.344788	4.438	0	0	0	0	0	0		no_promoter_enhancer_in_queried_epic_tissues	False	not_assessed			not_assessed	pilot_only	not_validated	not_validated	insufficient_evidence_for_safe_harbor	0.9027354283332825	24.099999999999998	12	20.0	26	False
NPNT/TBCK	NC_051836.1	27066161	27066661	500	0.983779110789299	1.0	45.94139440889188	1.0	0.0		0.0	0	1.0	0.074854	4.438	0	0	0	0	0	0		no_promoter_enhancer_in_queried_epic_tissues	False	not_assessed			not_assessed	pilot_only	not_validated	not_validated	insufficient_evidence_for_safe_harbor	0.98378575527668	46.96666666666667	12	23.0	29	False
NPNT/TBCK	NC_051836.1	27066411	27066911	500	1.1224820261001587	1.0	78.37655776355675	0.0	0.0		0.0	246	1.0	0.129882	3.287	0	0	0	0	0	0		no_promoter_enhancer_in_queried_epic_tissues	False	not_assessed			not_assessed	pilot_only	not_validated	not_validated	insufficient_evidence_for_safe_harbor	1.1224896149635315	78.66666666666666	12	27.0	36	False
NPNT/TBCK	NC_051836.1	27066661	27067161	500	1.1458574430942536	1.0	81.50892556416302	0.0	0.0		0.0	311	1.0	0.257778	3.324	0	0	0	0	0	0		no_promoter_enhancer_in_queried_epic_tissues	False	not_assessed			not_assessed	pilot_only	not_validated	not_validated	insufficient_evidence_for_safe_harbor	1.145865168094635	81.69999999999999	13	23.0	36	False
NPNT/TBCK	NC_051836.1	27066911	27067411	500	1.0538569844961165	1.0	66.2512630515325	0.0	0.0		0.0	121	1.0	0.169844	3.324	0	0	0	0	0	0		no_promoter_enhancer_in_queried_epic_tissues	False	not_assessed			not_assessed	pilot_only	not_validated	not_validated	insufficient_evidence_for_safe_harbor	1.053864088177681	66.76666666666667	13	22.5	35	False
NPNT/TBCK	NC_051836.1	27067161	27067661	500	1.0423198163509368	1.0	63.21993937352644	0.0	0.0		0.0	56	1.0	0.119552	3.274	0	0	0	0	0	0		no_promoter_enhancer_in_queried_epic_tissues	False	not_assessed			not_assessed	pilot_only	not_validated	not_validated	insufficient_evidence_for_safe_harbor	1.0423268371820449	63.866666666666674	13	24.0	34	False
NPNT/TBCK	NC_051836.1	27067411	27067911	500	1.0992194969654083	1.0	75.17682721455036	0.0	0.0		0.0	0	1.0	0.186734	3.274	0	0	0	0	0	0		no_promoter_enhancer_in_queried_epic_tissues	False	not_assessed			not_assessed	pilot_only	not_validated	not_validated	insufficient_evidence_for_safe_harbor	1.0992268847227096	75.56666666666668	14	21.0	34	False
NPNT/TBCK	NC_051836.1	27067661	27068161	500	0.9185565129518509	1.0	26.87773661165376	0.0	0.0		0.0	42	1.0	0.339002	4.709	0	0	0	0	0	0		no_promoter_enhancer_in_queried_epic_tissues	False	not_assessed			not_assessed	pilot_only	not_validated	not_validated	insufficient_evidence_for_safe_harbor	0.9185626899003982	28.4	7	18.0	29	False
NPNT/TBCK	NC_051836.1	27067911	27068411	500	0.8272096699476242	1.0	7.544627820815089	0.0	0.0		0.0	269	1.0	0.48393400000000003	5.684	0	0	0	0	134	134	ST	regulatory_annotation_present	False	not_assessed			not_assessed	pilot_only	not_validated	not_validated	regulatory_conflict_requires_resolution	0.8272152469158173	9.5	7	18.0	22	False
NPNT/TBCK	NC_051836.1	27068161	27068661	500	1.03685382604599	1.0	61.33378241832267	0.0	0.0		0.0	308	1.0	0.27122399999999997	5.684	0	0	0	0	384	384	OV;ST	regulatory_annotation_present	False	not_assessed			not_assessed	pilot_only	not_validated	not_validated	regulatory_conflict_requires_resolution	1.0368608273267745	62.03333333333333	14	20.0	26	False
NPNT/TBCK	NC_051836.1	27068411	27068911	500	1.1356413069963456	1.0	79.92590097675986	0.0	0.0		0.0	168	1.0	0.171692	3.513	0	0	0	0	466	466	OV;ST	regulatory_annotation_present	False	not_assessed			not_assessed	pilot_only	not_validated	not_validated	regulatory_conflict_requires_resolution	1.1356489634513856	80.23333333333333	10	19.0	26	False
NPNT/TBCK	NC_051836.1	27068661	27069161	500	1.0054767351150513	1.0	52.67766924890536	0.0	0.2	99.43460464477539	15.0	216	1.0	0.18158800000000003	3.513	0	0	0	0	216	216	OV;ST	regulatory_annotation_present	False	not_assessed			not_assessed	pilot_only	not_validated	not_validated	regulatory_conflict_requires_resolution	1.0054835147857666	53.46666666666666	10	15.0	22	False
NPNT/TBCK	NC_051836.1	27068911	27069411	500	0.9217052154541016	1.0	27.888177837655775	0.0	0.2	99.43460464477539	15.0	129	1.0	0.2149	5.352	0	0	0	0	0	0		no_promoter_enhancer_in_queried_epic_tissues	False	not_assessed			not_assessed	pilot_only	not_validated	not_validated	insufficient_evidence_for_safe_harbor	0.9217114518880845	29.46666666666667	10	17.0	20	False
NPNT/TBCK	NC_051836.1	27069161	27069661	500	0.8825555621385575	1.0	17.24486359043449	0.0	0.0		0.0	62	1.0	0.33803799999999995	5.352	0	0	0	0	0	0		no_promoter_enhancer_in_queried_epic_tissues	False	not_assessed			not_assessed	pilot_only	not_validated	not_validated	insufficient_evidence_for_safe_harbor	0.8825615297555923	19.0	11	17.0	28	False
NPNT/TBCK	NC_051836.1	27069411	27069911	500	0.8907374498844147	1.0	19.26574604243853	0.0	0.0		0.0	312	1.0	0.40814200000000006	5.003	0	0	0	0	0	0		no_promoter_enhancer_in_queried_epic_tissues	False	not_assessed			not_assessed	pilot_only	not_validated	not_validated	insufficient_evidence_for_safe_harbor	0.8907434488534928	20.9	10	17.0	28	False
NPNT/TBCK	NC_051836.1	27069661	27070161	500	0.9118618689775467	1.0	25.12630515325025	0.0	0.0		0.0	345	1.0	0.457424	4.384	0	0	0	0	0	0		no_promoter_enhancer_in_queried_epic_tissues	False	not_assessed			not_assessed	pilot_only	not_validated	not_validated	insufficient_evidence_for_safe_harbor	0.9118680018186569	26.666666666666668	7	15.0	28	False
NPNT/TBCK	NC_051836.1	27069911	27070411	500	0.9657486001253128	1.0	40.38396766588077	0.0	0.0		0.0	203	1.0	0.369654	3.905	0	0	0	0	0	0		no_promoter_enhancer_in_queried_epic_tissues	False	not_assessed			not_assessed	pilot_only	not_validated	not_validated	insufficient_evidence_for_safe_harbor	0.96575510430336	41.43333333333333	7	17.0	25	False
NPNT/TBCK	NC_051836.1	27070161	27070661	500	1.1332224379777909	1.0	79.79117547995959	0.0	0.0		0.0	325	1.0	0.232372	4.39	0	0	0	0	0	0		no_promoter_enhancer_in_queried_epic_tissues	False	not_assessed			not_assessed	pilot_only	not_validated	not_validated	insufficient_evidence_for_safe_harbor	1.133230071902275	80.06666666666666	10	22.0	35	False
NPNT/TBCK	NC_051836.1	27070411	27070911	500	1.1314668241739274	1.0	79.69013135735938	0.0	0.2	50.0	1.0	296	1.0	0.13662	4.39	0	0	0	0	0	0		no_promoter_enhancer_in_queried_epic_tissues	False	not_assessed			not_assessed	pilot_only	not_validated	not_validated	insufficient_evidence_for_safe_harbor	1.1314744448661804	79.93333333333334	16	28.0	35	False
NPNT/TBCK	NC_051836.1	27070661	27071161	500	1.0194588848352433	1.0	56.517345907713036	0.0	0.2	50.0	1.0	219	1.0	0.21456399999999998	3.705	0	0	0	0	0	0		no_promoter_enhancer_in_queried_epic_tissues	False	not_assessed			not_assessed	pilot_only	not_validated	not_validated	insufficient_evidence_for_safe_harbor	1.0194657504558564	57.166666666666664	15	22.0	33	False
NPNT/TBCK	NC_051836.1	27070704	27071204	500	1.0233540281057358	1.0	57.35938026271472	0.0	0.2	50.0	1.0	195	1.0	0.204446	3.971	0	0	0	0	0	0		no_promoter_enhancer_in_queried_epic_tissues	False	not_assessed			not_assessed	pilot_only	not_validated	not_validated	insufficient_evidence_for_safe_harbor	1.0233609201908112	58.03333333333334	15	23.0	31	False
NPNT/TBCK	NC_051836.1	27013911	27014911	1000	0.9279085554480553	1.0	26.15281050151464	0.0	0.0		0.0	423	1.0	-0.06976399999999999	5.115	0	0	0	0	792	0		no_promoter_enhancer_in_queried_epic_tissues	False	not_assessed			not_assessed	pilot_only	not_validated	not_validated	insufficient_evidence_for_safe_harbor	0.9279148075580597	27.700000000000003	10	17.0	28	False
NPNT/TBCK	NC_051836.1	27014161	27015161	1000	0.9179731858372688	1.0	23.089868731066982	0.0	0.0		0.0	475	0.999	-0.19440740740740742	4.456	0	0	0	0	999	0		no_promoter_enhancer_in_queried_epic_tissues	False	not_assessed			not_assessed	pilot_only	not_validated	not_validated	insufficient_evidence_for_safe_harbor	0.9179793686866761	24.766666666666666	10	17.0	28	False
NPNT/TBCK	NC_051836.1	27014411	27015411	1000	0.9839854000806808	1.0	46.987546280713566	0.0	0.1	100.0	2.0	475	0.999	-0.25042842842842844	1.096	0	0	0	0	999	0		no_promoter_enhancer_in_queried_epic_tissues	False	not_assessed			not_assessed	pilot_only	not_validated	not_validated	insufficient_evidence_for_safe_harbor	0.9839920231103897	48.1	10	17.5	36	False
NPNT/TBCK	NC_051836.1	27014661	27015661	1000	1.0724052694439887	1.0	71.08717603500506	0.0	0.1	100.0	2.0	302	0.999	-0.1845315315315315	1.096	0	0	0	0	999	0		no_promoter_enhancer_in_queried_epic_tissues	False	not_assessed			not_assessed	pilot_only	not_validated	not_validated	insufficient_evidence_for_safe_harbor	1.0724124906659127	71.56666666666666	11	22.0	36	False
NPNT/TBCK	NC_051836.1	27014911	27015911	1000	1.0989504637122154	1.0	76.20329855267588	0.0	0.1	100.0	2.0	278	0.999	-0.031067067067067067	1.096	0	0	0	0	999	196	MG	regulatory_annotation_present	False	not_assessed			not_assessed	pilot_only	not_validated	not_validated	regulatory_conflict_requires_resolution	1.0989578655958177	76.76666666666667	12	21.0	36	False
NPNT/TBCK	NC_051836.1	27015161	27016161	1000	1.0754861996769904	1.0	71.76035005048806	0.0	0.1	100.0	2.0	476	1.0	0.102498	1.096	0	0	0	0	754	200	MG	regulatory_annotation_present	False	not_assessed			not_assessed	pilot_only	not_validated	not_validated	regulatory_conflict_requires_resolution	1.0754934441447257	72.2	12	19.0	36	False
NPNT/TBCK	NC_051836.1	27015411	27016411	1000	1.033292434334755	1.0	61.96566812521037	0.0	0.0		0.0	726	1.0	0.09749300000000001	1.096	0	0	0	0	504	200	MG	regulatory_annotation_present	False	not_assessed			not_assessed	pilot_only	not_validated	not_validated	regulatory_conflict_requires_resolution	1.033299393773079	62.66666666666667	7	16.0	36	False
NPNT/TBCK	NC_051836.1	27015661	27016661	1000	0.9366195676922798	1.0	29.081117468865703	0.0	0.0		0.0	952	1.0	0.058488000000000005	1.096	0	0	0	0	254	200	MG	regulatory_annotation_present	False	not_assessed			not_assessed	pilot_only	not_validated	not_validated	regulatory_conflict_requires_resolution	0.936625880420208	30.599999999999998	7	13.0	24	False
NPNT/TBCK	NC_051836.1	27015911	27016911	1000	0.9458372386693954	1.0	32.58162234937731	0.0	0.011	0.0	2.0	923	1.0	0.046549	1.096	0	0	0	0	4	4	MG	regulatory_annotation_present	False	not_assessed			not_assessed	pilot_only	not_validated	not_validated	regulatory_conflict_requires_resolution	0.9458436070978642	34.03333333333333	6	13.0	26	False
NPNT/TBCK	NC_051836.1	27016161	27017161	1000	0.9617452344298363	1.0	38.60652978795018	0.0	0.1	35.057735443115234	43.0	923	0.995	0.04524020100502512	1.264	0	0	0	0	0	0		no_promoter_enhancer_in_queried_epic_tissues	False	not_assessed			not_assessed	pilot_only	not_validated	not_validated	insufficient_evidence_for_safe_harbor	0.9617517110407352	39.900000000000006	6	11.5	26	True
NPNT/TBCK	NC_051836.1	27016411	27017411	1000	0.9526897039413452	1.0	35.17334230898687	0.0	0.15	48.443077087402344	49.0	923	0.995	0.0635748743718593	1.264	0	0	0	0	0	0		no_promoter_enhancer_in_queried_epic_tissues	False	not_assessed			not_assessed	pilot_only	not_validated	not_validated	insufficient_evidence_for_safe_harbor	0.9526961232125759	36.56666666666666	6	13.0	26	True
NPNT/TBCK	NC_051836.1	27016661	27017661	1000	0.9733010759949684	1.0	42.982160888589696	0.0	0.2	52.99897384643555	49.0	943	0.995	0.07533366834170856	2.724	0	0	0	0	0	0		no_promoter_enhancer_in_queried_epic_tissues	False	not_assessed			not_assessed	pilot_only	not_validated	not_validated	insufficient_evidence_for_safe_harbor	0.9733076305091382	44.06666666666666	6	14.5	26	True
NPNT/TBCK	NC_051836.1	27016911	27017911	1000	0.9985153687596321	1.0	51.73342308986874	0.0	0.189	56.083570207868306	49.0	996	0.995	0.06804422110552764	2.724	0	0	0	0	0	0		no_promoter_enhancer_in_queried_epic_tissues	False	not_assessed			not_assessed	pilot_only	not_validated	not_validated	insufficient_evidence_for_safe_harbor	0.9985220956802369	52.733333333333334	6	14.0	23	True
NPNT/TBCK	NC_051836.1	27017161	27018161	1000	0.9764515473842621	1.0	44.294850218781555	0.0	0.161	81.46170622073345	60.0	996	1.0	0.053775	2.724	0	0	0	103	0	0		no_promoter_enhancer_in_queried_epic_tissues	False	not_assessed			not_assessed	pilot_only	not_validated	not_validated	insufficient_evidence_for_safe_harbor	0.9764581223130226	45.4	10	16.0	23	False
NPNT/TBCK	NC_051836.1	27017411	27018411	1000	0.9350153440535068	1.0	28.441602154156847	0.0	0.25	87.92436218261719	70.0	803	0.998	0.023317635270541082	2.724	0	0	0	232	0	0		no_promoter_enhancer_in_queried_epic_tissues	False	not_assessed			not_assessed	pilot_only	not_validated	not_validated	insufficient_evidence_for_safe_harbor	0.9350216415822505	29.96666666666667	8	15.0	22	True
NPNT/TBCK	NC_051836.1	27017661	27018661	1000	0.8777107389271259	1.0	12.554695388757994	0.0	0.2	93.2387866973877	70.0	786	0.998	0.06337975951903808	3.731	0	0	0	232	0	0		no_promoter_enhancer_in_queried_epic_tissues	False	not_assessed			not_assessed	pilot_only	not_validated	not_validated	insufficient_evidence_for_safe_harbor	0.8777166463434696	14.333333333333334	7	15.5	22	False
NPNT/TBCK	NC_051836.1	27017911	27018911	1000	0.8333489530980587	1.0	5.52002692696062	0.0	0.25	74.59102935791016	70.0	620	0.998	0.08578256513026053	3.731	0	0	0	232	0	0		no_promoter_enhancer_in_queried_epic_tissues	False	not_assessed			not_assessed	pilot_only	not_validated	not_validated	insufficient_evidence_for_safe_harbor	0.8333545611202717	7.6	7	15.5	22	True
NPNT/TBCK	NC_051836.1	27018161	27019161	1000	0.8643145693838596	1.0	9.962975429148436	0.0	0.2	65.8822193145752	70.0	370	0.998	0.20906112224448897	5.175	0	0	0	129	0	0		no_promoter_enhancer_in_queried_epic_tissues	False	not_assessed			not_assessed	pilot_only	not_validated	not_validated	insufficient_evidence_for_safe_harbor	0.8643203825652599	11.899999999999999	7	15.0	22	False
NPNT/TBCK	NC_051836.1	27018411	27019411	1000	0.8993472637534141	1.0	17.771794008751264	0.0	0.1	25.0	1.0	415	0.98	0.2193357142857143	5.175	0	0	0	0	0	0		no_promoter_enhancer_in_queried_epic_tissues	False	not_assessed			not_assessed	pilot_only	not_validated	not_validated	insufficient_evidence_for_safe_harbor	0.899353318631649	19.466666666666665	2	15.0	20	False
NPNT/TBCK	NC_051836.1	27018661	27019661	1000	0.9349336612820626	1.0	28.441602154156847	0.0	0.1	25.0	1.0	306	0.98	0.17197755102040818	5.175	0	0	0	0	0	0		no_promoter_enhancer_in_queried_epic_tissues	False	not_assessed			not_assessed	pilot_only	not_validated	not_validated	insufficient_evidence_for_safe_harbor	0.9349399597644806	29.96666666666667	2	16.0	26	False
NPNT/TBCK	NC_051836.1	27018911	27019911	1000	0.9586165809035301	1.0	37.49579266240323	0.0	0.061	59.01639344262295	1.0	464	0.98	0.1528061224489796	5.175	0	0	0	0	0	0		no_promoter_enhancer_in_queried_epic_tissues	False	not_assessed			not_assessed	pilot_only	not_validated	not_validated	insufficient_evidence_for_safe_harbor	0.9586230404376984	38.800000000000004	2	18.0	26	True
NPNT/TBCK	NC_051836.1	27019161	27020161	1000	0.9500706968903542	1.0	33.82699427802087	0.0	0.189	88.5600418010086	6.0	467	0.98	0.01262346938775511	3.559	0	0	0	0	0	0		no_promoter_enhancer_in_queried_epic_tissues	False	not_assessed			not_assessed	pilot_only	not_validated	not_validated	insufficient_evidence_for_safe_harbor	0.9500771036744118	35.3	2	19.0	26	False
NPNT/TBCK	NC_051836.1	27019411	27020411	1000	0.9664704738259315	1.0	40.42409962975429	0.0	0.15	98.58565266927083	6.0	365	1.0	0.047464	3.559	0	0	0	0	0	0		no_promoter_enhancer_in_queried_epic_tissues	False	not_assessed			not_assessed	pilot_only	not_validated	not_validated	insufficient_evidence_for_safe_harbor	0.9664769768714905	41.56666666666667	11	21.5	28	False
NPNT/TBCK	NC_051836.1	27019661	27020661	1000	1.0635893012285234	1.0	69.50521709862	0.0	0.15	98.58565266927083	6.0	245	1.0	-0.03162900000000001	3.559	0	0	0	0	0	0		no_promoter_enhancer_in_queried_epic_tissues	False	not_assessed			not_assessed	pilot_only	not_validated	not_validated	insufficient_evidence_for_safe_harbor	1.0635964663624764	70.1	11	22.0	33	False
NPNT/TBCK	NC_051836.1	27019911	27020911	1000	1.0268423160910607	1.0	60.215415684954564	0.0	0.139	98.47372590209083	6.0	3	1.0	-0.046729000000000014	3.59	0	0	0	0	0	0		no_promoter_enhancer_in_queried_epic_tissues	False	not_assessed			not_assessed	pilot_only	not_validated	not_validated	insufficient_evidence_for_safe_harbor	1.0268492362499237	61.0	10	20.0	33	True
NPNT/TBCK	NC_051836.1	27020161	27021161	1000	1.0500558376312257	1.0	66.61056883204309	0.0	0.0		0.0	45	1.0	-0.032888000000000014	3.59	0	0	0	0	0	0		no_promoter_enhancer_in_queried_epic_tissues	False	not_assessed			not_assessed	pilot_only	not_validated	not_validated	insufficient_evidence_for_safe_harbor	1.0500629082322122	67.23333333333333	10	22.0	33	False
NPNT/TBCK	NC_051836.1	27020411	27021411	1000	1.0584464908838271	1.0	68.36082127229889	0.0	0.0		0.0	110	0.998	-0.09181362725450903	3.59	0	0	0	0	0	0		no_promoter_enhancer_in_queried_epic_tissues	False	not_assessed			not_assessed	pilot_only	not_validated	not_validated	insufficient_evidence_for_safe_harbor	1.0584536227583885	68.96666666666667	10	22.0	34	False
NPNT/TBCK	NC_051836.1	27020661	27021661	1000	0.9647319564223289	1.0	39.78458431504544	0.0	0.0		0.0	110	0.998	0.022211422845691383	3.59	0	0	0	0	0	0		no_promoter_enhancer_in_queried_epic_tissues	False	not_assessed			not_assessed	pilot_only	not_validated	not_validated	insufficient_evidence_for_safe_harbor	0.9647384534478187	41.06666666666667	10	21.0	34	False
NPNT/TBCK	NC_051836.1	27020911	27021911	1000	0.9983002538681031	1.0	51.69976438909458	0.0	0.0		0.0	237	0.998	0.02813126252505009	3.523	0	0	0	0	0	0		no_promoter_enhancer_in_queried_epic_tissues	False	not_assessed			not_assessed	pilot_only	not_validated	not_validated	insufficient_evidence_for_safe_harbor	0.998306964457035	52.7	14	21.0	34	False
NPNT/TBCK	NC_051836.1	27021161	27022161	1000	0.9971151085495948	1.0	51.19488387748233	0.0	0.0		0.0	344	0.998	-0.0006533066132264397	4.307	0	0	0	0	67	67	MG	regulatory_annotation_present	False	not_assessed			not_assessed	pilot_only	not_validated	not_validated	regulatory_conflict_requires_resolution	0.9971218104362488	52.26666666666666	12	20.0	34	False
NPNT/TBCK	NC_051836.1	27021411	27022411	1000	1.0060881236195565	1.0	54.15684954560754	0.0	0.15	90.84698486328125	55.0	384	0.997	0.0011263791374122557	4.698	0	0	0	0	314	314	MG	regulatory_annotation_present	False	not_assessed			not_assessed	pilot_only	not_validated	not_validated	regulatory_conflict_requires_resolution	1.0060948904752731	55.1	9	20.0	28	False
NPNT/TBCK	NC_051836.1	27021661	27022661	1000	1.0359915756583213	1.0	62.60518343991922	0.0	0.25	82.34125671386718	55.0	445	0.997	-0.09926680040120357	4.698	0	0	0	0	564	564	MG	regulatory_annotation_present	False	not_assessed			not_assessed	pilot_only	not_validated	not_validated	regulatory_conflict_requires_resolution	1.0359985448122024	63.33333333333333	9	21.0	28	False
NPNT/TBCK	NC_051836.1	27021911	27022911	1000	1.0394270053505898	1.0	63.581285762369575	0.0	0.25	82.34125671386718	55.0	458	0.997	-0.06126880641925777	4.698	0	0	0	0	600	600	MG	regulatory_annotation_present	False	not_assessed			not_assessed	pilot_only	not_validated	not_validated	regulatory_conflict_requires_resolution	1.0394340004324913	64.33333333333333	9	21.0	28	False
NPNT/TBCK	NC_051836.1	27022161	27023161	1000	1.0533210535049438	1.0	67.21642544597779	0.0	0.25	82.34125671386718	55.0	412	0.997	-0.004482447342026087	4.698	0	0	0	0	533	533	MG	regulatory_annotation_present	False	not_assessed			not_assessed	pilot_only	not_validated	not_validated	regulatory_conflict_requires_resolution	1.053328145802021	67.86666666666666	9	21.0	31	False
NPNT/TBCK	NC_051836.1	27022411	27023411	1000	1.0417902483344077	1.0	64.25445977785257	0.0	0.1	69.5826644897461	45.0	307	1.0	0.017806	4.545	0	0	0	0	286	286	MG	regulatory_annotation_present	False	not_assessed			not_assessed	pilot_only	not_validated	not_validated	regulatory_conflict_requires_resolution	1.0417972627282142	64.93333333333334	9	21.0	31	False
NPNT/TBCK	NC_051836.1	27022661	27023661	1000	1.034875097990036	1.0	62.33591383372602	0.0	0.0		0.0	294	1.0	0.151144	6.531	0	0	0	0	36	36	MG	regulatory_annotation_present	False	not_assessed			not_assessed	pilot_only	not_validated	not_validated	regulatory_conflict_requires_resolution	1.0348820648789405	63.1	9	21.0	32	False
NPNT/TBCK	NC_051836.1	27022911	27023911	1000	1.0987097488045692	1.0	76.13598115112757	0.0	0.0		0.0	174	1.0	0.12553399999999998	6.531	0	0	0	0	0	0		no_promoter_enhancer_in_queried_epic_tissues	False	not_assessed			not_assessed	pilot_only	not_validated	not_validated	insufficient_evidence_for_safe_harbor	1.0987171551585198	76.7	9	23.0	40	False
NPNT/TBCK	NC_051836.1	27023161	27024161	1000	1.1304189039468766	1.0	80.44429485021878	0.0	0.011	88.20918273925781	4.0	219	1.0	0.127357	6.531	0	0	0	0	0	0		no_promoter_enhancer_in_queried_epic_tissues	False	not_assessed			not_assessed	pilot_only	not_validated	not_validated	insufficient_evidence_for_safe_harbor	1.130426518201828	80.80000000000001	12	25.0	40	False
NPNT/TBCK	NC_051836.1	27023411	27024411	1000	1.1594109036326408	1.0	83.7428475260855	0.0	0.211	94.84074127052632	64.0	265	1.0	0.10498500000000001	6.531	0	0	0	0	114	114	KI	regulatory_annotation_present	False	not_assessed			not_assessed	pilot_only	not_validated	not_validated	regulatory_conflict_requires_resolution	1.1594187032580376	84.0	12	25.0	40	False
NPNT/TBCK	NC_051836.1	27023661	27024661	1000	1.1975503472089768	1.0	86.5028609895658	0.0	0.25	95.64558563232421	64.0	231	1.0	0.019873000000000012	4.803	0	0	0	0	364	364	KI	regulatory_annotation_present	False	not_assessed			not_assessed	pilot_only	not_validated	not_validated	regulatory_conflict_requires_resolution	1.1975583968758583	86.8	12	25.0	40	False
NPNT/TBCK	NC_051836.1	27023911	27024911	1000	1.1510993357896804	1.0	82.76674520363514	0.0	0.25	95.64558563232421	64.0	211	1.0	0.29086	10.304	0	0	0	0	614	614	KI	regulatory_annotation_present	False	not_assessed			not_assessed	pilot_only	not_validated	not_validated	regulatory_conflict_requires_resolution	1.1511070653796196	83.03333333333333	11	24.0	34	False
NPNT/TBCK	NC_051836.1	27024161	27025161	1000	1.1005297432541847	1.0	76.47256815886907	0.0	0.239	95.98784685334401	64.0	136	1.0	0.26719400000000004	10.304	0	0	0	0	864	864	KI	regulatory_annotation_present	False	not_assessed			not_assessed	pilot_only	not_validated	not_validated	regulatory_conflict_requires_resolution	1.1005371400117874	77.0	11	23.0	32	False
NPNT/TBCK	NC_051836.1	27024411	27025411	1000	1.0983605422377587	1.0	76.06866374957927	0.0	0.039	100.0	1.0	90	1.0	0.34740999999999994	10.304	0	0	0	0	1000	1000	KI	regulatory_annotation_present	False	not_assessed			not_assessed	pilot_only	not_validated	not_validated	regulatory_conflict_requires_resolution	1.0983679338097572	76.63333333333333	11	23.0	32	False
NPNT/TBCK	NC_051836.1	27024661	27025661	1000	1.0804660385251046	1.0	72.77011107371256	0.0	0.05	100.0	1.0	76	1.0	0.378753	10.304	0	0	0	70	1000	1000	KI	regulatory_annotation_present	False	not_assessed			not_assessed	pilot_only	not_validated	not_validated	regulatory_conflict_requires_resolution	1.0804733093976975	73.3	11	23.0	32	False
NPNT/TBCK	NC_051836.1	27024911	27025911	1000	1.0486190661787986	1.0	66.13934702120498	0.0	0.15	100.0	1.0	76	1.0	0.11274900000000002	4.975	0	0	0	277	800	800	KI;LI	regulatory_annotation_present	False	not_assessed			not_assessed	pilot_only	not_validated	not_validated	regulatory_conflict_requires_resolution	1.0486261316537857	66.8	11	23.0	31	False
NPNT/TBCK	NC_051836.1	27025161	27026161	1000	1.0357496362924576	1.0	62.537866038370915	0.0	0.211	95.28613572324056	65.0	92	1.0	0.165889	4.975	0	0	0	277	800	800	KI;LI;MG	regulatory_annotation_present	False	not_assessed			not_assessed	pilot_only	not_validated	not_validated	regulatory_conflict_requires_resolution	1.0357566155791282	63.26666666666667	7	21.0	31	False
NPNT/TBCK	NC_051836.1	27025411	27026411	1000	1.0510571709275245	1.0	66.6778862335914	0.0	0.311	90.58015662680869	69.0	92	1.0	0.12288400000000002	4.244	0	0	0	277	800	800	KI;LI;MG	regulatory_annotation_present	False	not_assessed			not_assessed	pilot_only	not_validated	not_validated	regulatory_conflict_requires_resolution	1.0510642577409743	67.33333333333333	7	23.0	34	False
NPNT/TBCK	NC_051836.1	27025661	27026661	1000	1.019183183670044	1.0	57.9602827330865	0.0	0.3	89.1800963083903	69.0	92	1.0	0.24003100000000002	5.184	0	0	0	207	800	800	KI;LI;MG	regulatory_annotation_present	False	not_assessed			not_assessed	pilot_only	not_validated	not_validated	regulatory_conflict_requires_resolution	1.0191900636553763	58.833333333333336	7	25.0	35	False
NPNT/TBCK	NC_051836.1	27025911	27026911	1000	1.0656553001999856	1.0	69.8418041063615	0.0	0.2	83.77014446258545	69.0	92	1.0	0.30790300000000004	5.9	0	0	0	0	1000	1000	LI;MG	regulatory_annotation_present	False	not_assessed			not_assessed	pilot_only	not_validated	not_validated	regulatory_conflict_requires_resolution	1.0656624979376792	70.43333333333334	7	26.0	35	False
NPNT/TBCK	NC_051836.1	27026161	27027161	1000	1.1221550412774086	1.0	79.50185122854258	0.0	0.139	83.80326802095921	69.0	105	1.0	0.275844	5.9	0	0	0	0	936	936	LI;MG	regulatory_annotation_present	False	not_assessed			not_assessed	pilot_only	not_validated	not_validated	regulatory_conflict_requires_resolution	1.122162619650364	79.83333333333333	14	28.0	35	False
NPNT/TBCK	NC_051836.1	27026411	27027411	1000	1.090927274107933	1.0	75.02524402558062	0.0	0.05	90.91128662109375	55.0	277	0.998	0.28328957915831665	5.9	0	0	0	0	686	686	LI;MG	regulatory_annotation_present	False	not_assessed			not_assessed	pilot_only	not_validated	not_validated	regulatory_conflict_requires_resolution	1.0909346358180045	75.53333333333333	14	27.0	35	False
NPNT/TBCK	NC_051836.1	27026661	27027661	1000	1.0907572503685952	1.0	75.02524402558062	0.0	0.15	89.44242858886719	67.0	388	0.998	0.17822645290581163	5.9	0	0	0	0	436	436	LI;MG	regulatory_annotation_present	False	not_assessed			not_assessed	pilot_only	not_validated	not_validated	regulatory_conflict_requires_resolution	1.0907646045684813	75.5	14	26.5	35	False
NPNT/TBCK	NC_051836.1	27026911	27027911	1000	1.0551206380724907	1.0	67.65398855604174	0.0	0.15	89.44242858886719	67.0	388	0.998	0.21540380761523045	5.584	0	0	0	0	186	186	LI;MG	regulatory_annotation_present	False	not_assessed			not_assessed	pilot_only	not_validated	not_validated	regulatory_conflict_requires_resolution	1.055127737879753	68.26666666666667	14	25.0	35	False
NPNT/TBCK	NC_051836.1	27027161	27028161	1000	0.9843861180543899	1.0	47.088522383036015	0.0	0.2	76.23927688598633	67.0	283	0.998	0.5482024048096192	7.332	0	0	0	0	0	0		no_promoter_enhancer_in_queried_epic_tissues	False	not_assessed			not_assessed	pilot_only	not_validated	not_validated	insufficient_evidence_for_safe_harbor	0.9843927392363548	48.199999999999996	13	21.0	35	True
NPNT/TBCK	NC_051836.1	27027411	27028411	1000	0.9815401266813278	1.0	45.944126556714906	0.0	0.239	59.77360346327267	67.0	111	1.0	1.007545	10.58	0	0	0	0	0	0		no_promoter_enhancer_in_queried_epic_tissues	False	not_assessed			not_assessed	pilot_only	not_validated	not_validated	insufficient_evidence_for_safe_harbor	0.9815467242598533	47.06666666666667	12	18.5	30	True
NPNT/TBCK	NC_051836.1	27027661	27028661	1000	0.948479487478733	1.0	33.288455065634466	0.0	0.1	18.314910888671875	4.0	0	1.0	1.1137089999999998	10.58	0	0	0	0	0	0		no_promoter_enhancer_in_queried_epic_tissues	False	not_assessed			not_assessed	pilot_only	not_validated	not_validated	insufficient_evidence_for_safe_harbor	0.948485869884491	34.699999999999996	10	17.0	29	True
NPNT/TBCK	NC_051836.1	27027911	27028911	1000	0.973890939116478	1.0	43.1841130932346	0.0	0.1	18.314910888671875	4.0	0	1.0	0.976694	10.58	0	0	0	0	212	212	CL;KI;LI;LU;SP	regulatory_annotation_present	False	not_assessed			not_assessed	pilot_only	not_validated	not_validated	regulatory_conflict_requires_resolution	0.9738975064754486	44.333333333333336	10	17.0	36	False
NPNT/TBCK	NC_051836.1	27028161	27029161	1000	1.1354429267048836	1.0	81.11746886570178	0.0	0.05	0.0	1.0	0	1.0	0.635814	10.58	0	0	0	0	462	462	CL;KI;LI;LU;SP	regulatory_annotation_present	False	not_assessed			not_assessed	pilot_only	not_validated	not_validated	regulatory_conflict_requires_resolution	1.1354505859017372	81.36666666666666	10	20.0	44	False
NPNT/TBCK	NC_051836.1	27028411	27029411	1000	1.1610258689522743	1.0	83.84382362840795	0.0	0.011	100.0	1.0	124	1.0	0.171943	5.553	0	0	0	0	712	712	CL;KI;LI;LU;SP	regulatory_annotation_present	False	not_assessed			not_assessed	pilot_only	not_validated	not_validated	regulatory_conflict_requires_resolution	1.1610337015390395	84.1	10	27.0	44	False
NPNT/TBCK	NC_051836.1	27028661	27029661	1000	1.256019611477852	1.0	90.33995287781892	0.0	0.1	68.62949752807617	28.0	124	1.0	0.47299099999999994	10.621	0	0	0	0	962	962	CL;KI;LI;LU;MG;SP	regulatory_annotation_present	False	not_assessed			not_assessed	pilot_only	not_validated	not_validated	regulatory_conflict_requires_resolution	1.2560280833244324	90.56666666666666	19	30.0	44	False
NPNT/TBCK	NC_051836.1	27028911	27029911	1000	1.271362993657589	1.0	90.87849209020533	0.0	0.15	45.75299835205078	28.0	124	1.0	0.60252	10.621	0	0	0	0	1000	1000	CL;KI;LI;LU;MG;SP	regulatory_annotation_present	False	not_assessed			not_assessed	pilot_only	not_validated	not_validated	regulatory_conflict_requires_resolution	1.2713715574145317	91.10000000000001	19	30.0	44	False
NPNT/TBCK	NC_051836.1	27029161	27030161	1000	1.167275371491909	1.0	84.44968024234265	0.0	0.15	45.75299835205078	28.0	124	1.0	0.556325	10.621	0	0	0	0	1000	1000	CL;KI;LI;LU;MG;SP	regulatory_annotation_present	False	not_assessed			not_assessed	pilot_only	not_validated	not_validated	regulatory_conflict_requires_resolution	1.1672832297682763	84.7	19	28.0	41	False
NPNT/TBCK	NC_051836.1	27029411	27030411	1000	1.1613269109725952	1.0	83.8774823291821	0.0	0.139	41.460070164083575	28.0	34	1.0	0.509734	10.621	0	0	0	0	1000	1000	CL;KI;LI;LU;MG;SP	regulatory_annotation_present	False	not_assessed			not_assessed	pilot_only	not_validated	not_validated	regulatory_conflict_requires_resolution	1.16133473187685	84.13333333333334	21	27.0	41	False
NPNT/TBCK	NC_051836.1	27029661	27030661	1000	1.111951102256775	1.0	78.15550319757656	0.0	0.05	0.0	8.0	34	1.0	0.038687	6.885	0	0	0	0	1000	1000	CL;KI;LU;MG	regulatory_annotation_present	False	not_assessed			not_assessed	pilot_only	not_validated	not_validated	regulatory_conflict_requires_resolution	1.1119585916399957	78.56666666666666	21	26.0	41	False
NPNT/TBCK	NC_051836.1	27029911	27030911	1000	1.0916754434108733	1.0	75.22719623022552	0.0	0.0		0.0	164	1.0	-0.03817	4.893	0	0	0	0	988	988	MG	regulatory_annotation_present	False	not_assessed			not_assessed	pilot_only	not_validated	not_validated	regulatory_conflict_requires_resolution	1.0916827965378761	75.8	17	24.5	39	False
NPNT/TBCK	NC_051836.1	27030161	27031161	1000	1.047373564362526	1.0	65.83641871423764	0.0	0.0		0.0	229	1.0	0.009394000000000005	3.728	0	0	0	0	738	738	MG	regulatory_annotation_present	False	not_assessed			not_assessed	pilot_only	not_validated	not_validated	regulatory_conflict_requires_resolution	1.0473806243538857	66.56666666666666	11	23.0	39	False
NPNT/TBCK	NC_051836.1	27030411	27031411	1000	0.9832537395358085	1.0	46.61730057219791	0.0	0.0		0.0	269	1.0	0.03642299999999999	3.417	0	0	0	0	600	600	KI;MG	regulatory_annotation_present	False	not_assessed			not_assessed	pilot_only	not_validated	not_validated	regulatory_conflict_requires_resolution	0.9832603749632836	47.733333333333334	4	22.0	39	False
NPNT/TBCK	NC_051836.1	27030661	27031661	1000	1.0266414892077447	1.0	60.215415684954564	1.0	0.0		0.0	519	1.0	0.10739699999999999	3.417	0	0	0	0	600	600	KI;LU;MG	regulatory_annotation_present	False	not_assessed			not_assessed	pilot_only	not_validated	not_validated	regulatory_conflict_requires_resolution	1.0266484122872352	61.0	4	22.0	39	False
NPNT/TBCK	NC_051836.1	27030911	27031911	1000	1.0168214334249497	1.0	57.38808481992596	1.0	0.0		0.0	415	1.0	0.158592	4.905	0	0	0	0	612	612	KI;LU	regulatory_annotation_present	False	not_assessed			not_assessed	pilot_only	not_validated	not_validated	regulatory_conflict_requires_resolution	1.016828295826912	58.233333333333334	4	22.5	36	False
NPNT/TBCK	NC_051836.1	27031161	27032161	1000	0.9996229227185249	1.0	52.10366879838438	1.0	0.0		0.0	357	1.0	0.25249900000000003	4.905	0	0	0	0	862	862	KI;LU	regulatory_annotation_present	False	not_assessed			not_assessed	pilot_only	not_validated	not_validated	regulatory_conflict_requires_resolution	0.9996296612620353	53.1	4	21.5	36	False
NPNT/TBCK	NC_051836.1	27031411	27032411	1000	0.9873348300457001	1.0	48.06462470548637	1.0	0.0		0.0	491	1.0	0.25878199999999996	4.905	0	0	0	0	1000	1000	KI;LU	regulatory_annotation_present	False	not_assessed			not_assessed	pilot_only	not_validated	not_validated	regulatory_conflict_requires_resolution	0.9873414819836617	49.166666666666664	2	19.0	36	False
NPNT/TBCK	NC_051836.1	27031661	27032661	1000	0.9237849871516228	1.0	24.974755974419388	0.0	0.1	100.0	1.0	303	1.0	0.171652	4.905	0	0	0	0	1000	1000	KI;LU	regulatory_annotation_present	False	not_assessed			not_assessed	pilot_only	not_validated	not_validated	regulatory_conflict_requires_resolution	0.92379121530056	26.566666666666666	2	18.0	29	False
NPNT/TBCK	NC_051836.1	27031911	27032911	1000	0.9168447639942169	1.0	22.719623022551332	0.0	0.1	100.0	1.0	339	1.0	0.101936	6.125	0	0	0	0	788	788	KI	regulatory_annotation_present	False	not_assessed			not_assessed	pilot_only	not_validated	not_validated	regulatory_conflict_requires_resolution	0.9168509402871132	24.366666666666667	2	17.0	28	False
NPNT/TBCK	NC_051836.1	27032161	27033161	1000	0.9298188360333443	1.0	26.994278020868396	0.0	0.1	100.0	1.0	582	1.0	-0.011430000000000006	6.125	0	0	0	0	538	538	KI	regulatory_annotation_present	False	not_assessed			not_assessed	pilot_only	not_validated	not_validated	regulatory_conflict_requires_resolution	0.929825097501278	28.499999999999996	2	16.5	30	False
NPNT/TBCK	NC_051836.1	27032411	27033411	1000	0.9350189661383629	1.0	28.441602154156847	0.0	0.1	100.0	1.0	503	1.0	-0.019593999999999997	6.125	0	0	0	0	288	288	KI	regulatory_annotation_present	False	not_assessed			not_assessed	pilot_only	not_validated	not_validated	regulatory_conflict_requires_resolution	0.935025257408619	29.96666666666667	5	17.5	30	False
NPNT/TBCK	NC_051836.1	27032661	27033661	1000	0.9306875410676002	1.0	27.196230225513297	0.0	0.0		0.0	539	1.0	0.041533999999999995	6.125	0	0	0	0	38	38	KI	regulatory_annotation_present	False	not_assessed			not_assessed	pilot_only	not_validated	not_validated	regulatory_conflict_requires_resolution	0.93069380569458	28.76666666666667	5	16.0	30	False
NPNT/TBCK	NC_051836.1	27032911	27033911	1000	0.8998669244647026	1.0	17.940087512622014	0.0	0.05	50.0	1.0	563	1.0	0.016499999999999997	2.691	0	0	0	0	0	0		no_promoter_enhancer_in_queried_epic_tissues	False	not_assessed			not_assessed	pilot_only	not_validated	not_validated	insufficient_evidence_for_safe_harbor	0.8998729850649834	19.666666666666664	5	14.0	30	False
NPNT/TBCK	NC_051836.1	27033161	27034161	1000	0.9390236610770225	1.0	30.057219791316054	0.0	0.1	75.0	1.0	381	1.0	0.028086	5.07	0	0	0	0	0	0		no_promoter_enhancer_in_queried_epic_tissues	False	not_assessed			not_assessed	pilot_only	not_validated	not_validated	insufficient_evidence_for_safe_harbor	0.939029990196228	31.433333333333337	5	16.5	31	False
NPNT/TBCK	NC_051836.1	27033411	27034411	1000	1.0143551163077353	1.0	56.950521709862	0.0	0.15	80.50259399414062	27.0	396	1.0	0.0035810000000000065	5.07	0	0	0	0	0	0		no_promoter_enhancer_in_queried_epic_tissues	False	not_assessed			not_assessed	pilot_only	not_validated	not_validated	insufficient_evidence_for_safe_harbor	1.014361960709095	57.833333333333336	9	19.0	34	True
NPNT/TBCK	NC_051836.1	27033661	27034661	1000	1.037224534392357	1.0	62.908111746886576	0.0	0.2	84.46501922607422	36.0	298	1.0	0.022554000000000005	6.284	0	0	0	0	162	162	ST	regulatory_annotation_present	False	not_assessed			not_assessed	pilot_only	not_validated	not_validated	regulatory_conflict_requires_resolution	1.0372315356731414	63.63333333333333	9	22.5	34	False
NPNT/TBCK	NC_051836.1	27033911	27034911	1000	1.099636322081089	1.0	76.30427465499832	0.0	0.211	94.30450848041552	36.0	212	1.0	-0.023207000000000005	6.284	0	0	0	0	400	400	ST	regulatory_annotation_present	False	not_assessed			not_assessed	pilot_only	not_validated	not_validated	regulatory_conflict_requires_resolution	1.099643742799759	76.86666666666667	15	24.0	34	False
NPNT/TBCK	NC_051836.1	27034161	27035161	1000	1.0832492808699608	1.0	73.44328508919556	0.0	0.2	89.01533317565918	36.0	298	1.0	-0.032454999999999984	6.284	0	0	0	0	462	462	KI;ST	regulatory_annotation_present	False	not_assessed			not_assessed	pilot_only	not_validated	not_validated	regulatory_conflict_requires_resolution	1.0832565906047822	73.86666666666667	15	23.0	34	False
NPNT/TBCK	NC_051836.1	27034411	27035411	1000	1.0947379687428473	1.0	75.63110063951531	0.0	0.15	88.18451690673828	36.0	306	1.0	-0.046138999999999986	6.284	0	0	0	0	712	712	KI;ST	regulatory_annotation_present	False	not_assessed			not_assessed	pilot_only	not_validated	not_validated	regulatory_conflict_requires_resolution	1.094745348095894	76.13333333333333	16	22.0	45	False
NPNT/TBCK	NC_051836.1	27034661	27035661	1000	1.2505468156933786	1.0	90.17165937394816	1.0	0.1	84.10062789916992	22.0	370	1.0	-0.15899000000000002	4.884	0	0	0	0	800	800	KI;ST	regulatory_annotation_present	False	not_assessed			not_assessed	pilot_only	not_validated	not_validated	regulatory_conflict_requires_resolution	1.2505552454590798	90.43333333333334	16	25.0	45	False
NPNT/TBCK	NC_051836.1	27034911	27035911	1000	1.3175436224341392	1.0	92.89801413665433	1.0	0.039	74.4824447631836	4.0	416	1.0	-0.11364499999999998	4.84	0	0	0	0	612	612	KI	regulatory_annotation_present	False	not_assessed			not_assessed	pilot_only	not_validated	not_validated	regulatory_conflict_requires_resolution	1.3175524999499322	93.03333333333333	16	28.0	45	False
NPNT/TBCK	NC_051836.1	27035161	27036161	1000	1.397459801375866	1.0	95.48973409626389	1.0	0.1	41.66666603088379	1.0	262	1.0	-0.14562999999999998	4.84	0	0	0	0	800	800	KI	regulatory_annotation_present	False	not_assessed			not_assessed	pilot_only	not_validated	not_validated	regulatory_conflict_requires_resolution	1.397469225227833	95.56666666666666	20	32.0	45	False
NPNT/TBCK	NC_051836.1	27035411	27036411	1000	1.4000014877915383	1.0	95.52339279703803	1.0	0.1	41.66666603088379	1.0	110	1.0	-0.10053299999999998	4.978	0	0	0	0	800	800	KI	regulatory_annotation_present	False	not_assessed			not_assessed	pilot_only	not_validated	not_validated	regulatory_conflict_requires_resolution	1.400010933279991	95.6	14	31.0	45	False
NPNT/TBCK	NC_051836.1	27035661	27036661	1000	1.2130766748785973	1.0	88.05116122517671	0.0	0.1	41.66666603088379	1.0	46	1.0	0.0033660000000000066	6.87	0	0	0	0	638	638	KI	regulatory_annotation_present	False	not_assessed			not_assessed	pilot_only	not_validated	not_validated	regulatory_conflict_requires_resolution	1.2130848441123963	88.26666666666667	14	29.0	42	False
NPNT/TBCK	NC_051836.1	27035911	27036911	1000	1.0768592805862427	1.0	72.0632783574554	0.0	0.1	41.66666603088379	1.0	0	1.0	0.15783800000000003	6.87	0	0	0	0	588	588	KI	regulatory_annotation_present	False	not_assessed			not_assessed	pilot_only	not_validated	not_validated	regulatory_conflict_requires_resolution	1.076866538286209	72.53333333333333	14	26.0	40	False
NPNT/TBCK	NC_051836.1	27036161	27037161	1000	0.9725696668028831	1.0	42.6455738808482	0.0	0.0		0.0	104	1.0	0.265666	6.87	0	0	0	0	338	338	KI	regulatory_annotation_present	False	not_assessed			not_assessed	pilot_only	not_validated	not_validated	regulatory_conflict_requires_resolution	0.9725762113332749	43.733333333333334	14	22.0	34	False
NPNT/TBCK	NC_051836.1	27036411	27037411	1000	0.9632941565513611	1.0	39.111410299562436	0.0	0.0		0.0	104	1.0	0.242053	6.87	0	0	0	0	88	88	KI	regulatory_annotation_present	False	not_assessed			not_assessed	pilot_only	not_validated	not_validated	regulatory_conflict_requires_resolution	0.9633006281852722	40.36666666666667	14	22.0	33	False
NPNT/TBCK	NC_051836.1	27036661	27037661	1000	1.062992426276207	1.0	69.33692359474925	0.0	0.1	94.14072799682617	5.0	153	1.0	0.20363499999999998	6.629	0	0	0	0	162	162	LU	regulatory_annotation_present	False	not_assessed			not_assessed	pilot_only	not_validated	not_validated	regulatory_conflict_requires_resolution	1.06299958050251	69.89999999999999	14	25.0	37	False
NPNT/TBCK	NC_051836.1	27036911	27037911	1000	1.1457209893465041	1.0	82.2618646920229	0.0	0.1	94.14072799682617	5.0	276	1.0	0.04181300000000002	6.629	0	0	0	0	412	412	LU	regulatory_annotation_present	False	not_assessed			not_assessed	pilot_only	not_validated	not_validated	regulatory_conflict_requires_resolution	1.1457286965250968	82.5	16	26.5	38	False
NPNT/TBCK	NC_051836.1	27037161	27038161	1000	1.2066895537376403	1.0	87.07505890272635	0.0	0.1	94.14072799682617	5.0	172	1.0	0.33517600000000003	9.999	0	0	0	0	600	600	LU	regulatory_annotation_present	False	not_assessed			not_assessed	pilot_only	not_validated	not_validated	regulatory_conflict_requires_resolution	1.2066976814866066	87.33333333333333	12	27.0	38	False
NPNT/TBCK	NC_051836.1	27037411	27038411	1000	1.163334802865982	1.0	84.079434533827	0.0	0.1	94.14072799682617	5.0	172	1.0	0.396592	9.999	0	0	0	0	600	600	LU	regulatory_annotation_present	False	not_assessed			not_assessed	pilot_only	not_validated	not_validated	regulatory_conflict_requires_resolution	1.1633426411747931	84.36666666666667	12	24.0	38	False
NPNT/TBCK	NC_051836.1	27037661	27038661	1000	1.0417915903329849	1.0	64.25445977785257	0.0	0.0		0.0	266	1.0	0.48218600000000006	9.999	0	0	0	0	438	438	LU	regulatory_annotation_present	False	not_assessed			not_assessed	pilot_only	not_validated	not_validated	regulatory_conflict_requires_resolution	1.0417986020445824	64.93333333333334	12	21.5	38	False
NPNT/TBCK	NC_051836.1	27037911	27038911	1000	0.9881843649744988	1.0	48.30023561090542	0.0	0.0		0.0	304	1.0	0.5006280000000001	9.999	0	0	0	0	188	188	LU	regulatory_annotation_present	False	not_assessed			not_assessed	pilot_only	not_validated	not_validated	regulatory_conflict_requires_resolution	0.9881910179853439	49.4	12	20.0	35	False
NPNT/TBCK	NC_051836.1	27038161	27039161	1000	0.9461706976592541	1.0	32.716257152473915	0.0	0.0		0.0	367	1.0	0.10681700000000001	4.936	0	0	0	0	0	0		no_promoter_enhancer_in_queried_epic_tissues	False	not_assessed			not_assessed	pilot_only	not_validated	not_validated	insufficient_evidence_for_safe_harbor	0.9461770672798157	34.166666666666664	8	20.0	31	False
NPNT/TBCK	NC_051836.1	27038411	27039411	1000	0.9318922702372074	1.0	27.499158532480646	0.0	0.0		0.0	393	1.0	0.14787299999999998	4.778	0	0	0	0	116	0		no_promoter_enhancer_in_queried_epic_tissues	False	not_assessed			not_assessed	pilot_only	not_validated	not_validated	insufficient_evidence_for_safe_harbor	0.9318985490202903	29.06666666666667	8	19.5	28	False
NPNT/TBCK	NC_051836.1	27038661	27039661	1000	0.9693712360560894	1.0	41.433860652978794	0.0	0.061	88.68966124487704	19.0	250	1.0	0.108791	4.893	0	0	0	0	366	0		no_promoter_enhancer_in_queried_epic_tissues	False	not_assessed			not_assessed	pilot_only	not_validated	not_validated	insufficient_evidence_for_safe_harbor	0.9693777687549591	42.56666666666667	8	20.5	35	False
NPNT/TBCK	NC_051836.1	27038911	27039911	1000	1.0203379733264446	1.0	58.29686974082801	0.0	0.1	89.01605987548828	19.0	89	1.0	0.10179600000000001	5.516	0	0	0	0	400	0		no_promoter_enhancer_in_queried_epic_tissues	False	not_assessed			not_assessed	pilot_only	not_validated	not_validated	insufficient_evidence_for_safe_harbor	1.0203448535203934	59.13333333333334	8	22.5	38	False
NPNT/TBCK	NC_051836.1	27039161	27040161	1000	1.0625763675570488	1.0	69.3032648939751	0.0	0.1	89.01605987548828	19.0	62	1.0	0.23449099999999998	8.484	0	0	0	0	400	0		no_promoter_enhancer_in_queried_epic_tissues	False	not_assessed			not_assessed	pilot_only	not_validated	not_validated	insufficient_evidence_for_safe_harbor	1.062583530664444	69.83333333333334	12	23.0	38	True
NPNT/TBCK	NC_051836.1	27039411	27040411	1000	1.1125432941913604	1.0	78.22282059912487	0.0	0.15	92.67737325032552	19.0	215	1.0	0.21127200000000002	8.484	0	0	0	0	284	0		no_promoter_enhancer_in_queried_epic_tissues	False	not_assessed			not_assessed	pilot_only	not_validated	not_validated	insufficient_evidence_for_safe_harbor	1.1125507906675338	78.66666666666666	11	25.5	38	True
NPNT/TBCK	NC_051836.1	27039661	27040661	1000	1.1162506225109101	1.0	78.62672500841468	0.0	0.089	95.41052417540818	8.0	279	1.0	0.21135900000000005	8.484	0	0	0	0	34	0		no_promoter_enhancer_in_queried_epic_tissues	False	not_assessed			not_assessed	pilot_only	not_validated	not_validated	insufficient_evidence_for_safe_harbor	1.1162581431865692	79.06666666666666	11	24.0	38	False
NPNT/TBCK	NC_051836.1	27039911	27040911	1000	1.0814127876758575	1.0	73.10669808145406	0.0	0.15	100.0	2.0	438	1.0	0.21570499999999998	8.484	0	0	0	0	0	0		no_promoter_enhancer_in_queried_epic_tissues	False	not_assessed			not_assessed	pilot_only	not_validated	not_validated	insufficient_evidence_for_safe_harbor	1.0814200745820999	73.56666666666666	11	22.0	33	False
NPNT/TBCK	NC_051836.1	27040161	27041161	1000	1.084513020336628	1.0	73.71255469538876	0.0	0.15	100.0	2.0	652	1.0	0.142877	4.526	0	0	0	0	0	0		no_promoter_enhancer_in_queried_epic_tissues	False	not_assessed			not_assessed	pilot_only	not_validated	not_validated	insufficient_evidence_for_safe_harbor	1.0845203235149383	74.06666666666666	11	24.5	36	False
NPNT/TBCK	NC_051836.1	27040411	27041411	1000	1.0921245225071907	1.0	75.32817233254796	1.0	0.1	100.0	2.0	558	1.0	0.10479999999999999	4.526	0	0	0	0	0	0		no_promoter_enhancer_in_queried_epic_tissues	False	not_assessed			not_assessed	pilot_only	not_validated	not_validated	insufficient_evidence_for_safe_harbor	1.0921318808197975	75.9	11	25.0	40	False
NPNT/TBCK	NC_051836.1	27040661	27041661	1000	1.1928398830890656	1.0	86.13261528105015	2.0	0.2	81.96321964263916	68.0	494	1.0	0.081606	4.905	0	0	0	0	0	0		no_promoter_enhancer_in_queried_epic_tissues	False	not_assessed			not_assessed	pilot_only	not_validated	not_validated	insufficient_evidence_for_safe_harbor	1.192847921013832	86.4	18	31.0	48	True
NPNT/TBCK	NC_051836.1	27040911	27041911	1000	1.2409859304428101	1.0	89.80141366543252	2.0	0.1	63.92643928527832	68.0	363	1.0	0.075371	4.905	0	0	0	0	0	0		no_promoter_enhancer_in_queried_epic_tissues	False	not_assessed			not_assessed	pilot_only	not_validated	not_validated	insufficient_evidence_for_safe_harbor	1.2409942821860314	90.06666666666666	18	34.0	48	True
NPNT/TBCK	NC_051836.1	27041161	27042161	1000	1.2366017659902573	1.0	89.49848535846516	2.0	0.1	63.92643928527832	68.0	157	1.0	0.028803999999999996	4.905	0	0	0	0	0	0		no_promoter_enhancer_in_queried_epic_tissues	False	not_assessed			not_assessed	pilot_only	not_validated	not_validated	insufficient_evidence_for_safe_harbor	1.2366100909113884	89.76666666666667	18	32.5	48	True
NPNT/TBCK	NC_051836.1	27041411	27042411	1000	1.2461419619321823	1.0	90.10434197239987	2.0	0.111	67.5012966534039	68.0	285	1.0	-0.035088	4.905	0	0	0	6	0	0		no_promoter_enhancer_in_queried_epic_tissues	False	not_assessed			not_assessed	pilot_only	not_validated	not_validated	insufficient_evidence_for_safe_harbor	1.2461503448486329	90.36666666666666	18	29.5	48	True
NPNT/TBCK	NC_051836.1	27041661	27042661	1000	1.1362489513754845	1.0	81.15112756647594	2.0	0.15	96.19600168863933	53.0	424	1.0	-0.060676	3.846	0	0	0	206	0	0		no_promoter_enhancer_in_queried_epic_tissues	False	not_assessed			not_assessed	pilot_only	not_validated	not_validated	insufficient_evidence_for_safe_harbor	1.1362565942406655	81.39999999999999	9	25.0	44	True
NPNT/TBCK	NC_051836.1	27041911	27042911	1000	1.0518006864190101	1.0	66.87983843823628	0.0	0.2	91.81938934326172	53.0	608	1.0	-0.036973	3.846	0	0	0	206	0	0		no_promoter_enhancer_in_queried_epic_tissues	False	not_assessed			not_assessed	pilot_only	not_validated	not_validated	insufficient_evidence_for_safe_harbor	1.0518077674508095	67.46666666666667	9	24.0	36	False
NPNT/TBCK	NC_051836.1	27042161	27043161	1000	1.012007773399353	1.0	56.4119824974756	0.0	0.2	91.81938934326172	53.0	564	1.0	0.2195940000000001	6.391	0	0	0	206	0	0		no_promoter_enhancer_in_queried_epic_tissues	False	not_assessed			not_assessed	pilot_only	not_validated	not_validated	insufficient_evidence_for_safe_harbor	1.0120145822763442	57.36666666666667	9	19.0	36	False
NPNT/TBCK	NC_051836.1	27042411	27043411	1000	0.9580479893088341	1.0	37.15920565466173	0.0	0.189	91.3432691463087	53.0	351	1.0	0.374657	8.785	0	0	0	200	0	0		no_promoter_enhancer_in_queried_epic_tissues	False	not_assessed			not_assessed	pilot_only	not_validated	not_validated	insufficient_evidence_for_safe_harbor	0.9580544407963753	38.43333333333334	9	18.0	25	False
NPNT/TBCK	NC_051836.1	27042661	27043661	1000	0.9041355396509171	1.0	18.848872433524065	0.0	0.111	90.40069923744545	18.0	212	1.0	0.41368600000000005	8.785	0	0	0	0	0	0		no_promoter_enhancer_in_queried_epic_tissues	False	not_assessed			not_assessed	pilot_only	not_validated	not_validated	insufficient_evidence_for_safe_harbor	0.904141628921032	20.599999999999998	10	17.5	27	False
NPNT/TBCK	NC_051836.1	27042911	27043911	1000	0.9185352264046669	1.0	23.291820935711883	0.0	0.1	100.0	1.0	0	1.0	0.39459400000000006	8.785	0	0	0	0	16	0		no_promoter_enhancer_in_queried_epic_tissues	False	not_assessed			not_assessed	pilot_only	not_validated	not_validated	insufficient_evidence_for_safe_harbor	0.918541411280632	24.933333333333334	9	18.0	27	False
NPNT/TBCK	NC_051836.1	27043161	27044161	1000	0.9279625355601311	1.0	26.15281050151464	0.0	0.1	100.0	1.0	130	1.0	0.150414	8.785	0	0	0	0	266	0		no_promoter_enhancer_in_queried_epic_tissues	False	not_assessed			not_assessed	pilot_only	not_validated	not_validated	insufficient_evidence_for_safe_harbor	0.927968784749508	27.700000000000003	9	18.0	27	False
NPNT/TBCK	NC_051836.1	27043411	27044411	1000	0.9481408982276917	1.0	33.15382026253786	0.0	0.1	100.0	1.0	176	1.0	0.038576	4.281	0	0	0	0	516	0		no_promoter_enhancer_in_queried_epic_tissues	False	not_assessed			not_assessed	pilot_only	not_validated	not_validated	insufficient_evidence_for_safe_harbor	0.9481472845077514	34.599999999999994	9	19.5	30	False
NPNT/TBCK	NC_051836.1	27043661	27044661	1000	1.0054227190613747	1.0	53.921238640188484	0.0	0.039	100.0	1.0	176	1.0	0.013436000000000003	4.281	0	0	0	0	766	166	KI	regulatory_annotation_present	False	not_assessed			not_assessed	pilot_only	not_validated	not_validated	regulatory_conflict_requires_resolution	1.0054294970035553	54.833333333333336	9	20.0	33	False
NPNT/TBCK	NC_051836.1	27043911	27044911	1000	0.9551178840994835	1.0	35.913833726018176	0.0	0.1	72.83948135375977	8.0	229	1.0	0.034672	1.415	0	0	0	0	984	400	KI	regulatory_annotation_present	False	not_assessed			not_assessed	pilot_only	not_validated	not_validated	regulatory_conflict_requires_resolution	0.9551243224143982	37.2	10	19.0	33	False
NPNT/TBCK	NC_051836.1	27044161	27045161	1000	0.9470853154063225	1.0	32.91820935711882	0.0	0.1	72.83948135375977	8.0	124	1.0	0.02549400000000001	1.415	0	0	0	0	734	400	KI	regulatory_annotation_present	False	not_assessed			not_assessed	pilot_only	not_validated	not_validated	regulatory_conflict_requires_resolution	0.947091702401638	34.36666666666667	12	20.0	33	False
NPNT/TBCK	NC_051836.1	27044411	27045411	1000	0.9409012445807456	1.0	30.62941770447661	0.0	0.15	81.89298756917317	8.0	78	1.0	0.029112000000000002	1.415	0	0	0	0	484	400	KI	regulatory_annotation_present	False	not_assessed			not_assessed	pilot_only	not_validated	not_validated	regulatory_conflict_requires_resolution	0.9409075924158097	31.966666666666665	12	21.0	33	False
NPNT/TBCK	NC_051836.1	27044661	27045661	1000	0.9536296513080597	1.0	35.509929316728375	0.0	0.25	89.1357925415039	8.0	78	1.0	0.028991000000000003	2.765	0	0	0	0	234	234	KI	regulatory_annotation_present	False	not_assessed			not_assessed	pilot_only	not_validated	not_validated	regulatory_conflict_requires_resolution	0.9536360773444176	36.9	12	22.0	31	False
NPNT/TBCK	NC_051836.1	27044911	27045911	1000	0.9676977008581161	1.0	40.89532144059239	0.0	0.15	100.0	1.0	271	1.0	0.044733999999999996	2.765	0	0	0	0	0	0		no_promoter_enhancer_in_queried_epic_tissues	False	not_assessed			not_assessed	pilot_only	not_validated	not_validated	insufficient_evidence_for_safe_harbor	0.9677042262554169	42.03333333333333	9	22.0	31	False
NPNT/TBCK	NC_051836.1	27045161	27046161	1000	0.9561138172745705	1.0	36.14944463143723	0.0	0.15	100.0	1.0	367	1.0	0.077095	2.765	0	0	0	0	0	0		no_promoter_enhancer_in_queried_epic_tissues	False	not_assessed			not_assessed	pilot_only	not_validated	not_validated	insufficient_evidence_for_safe_harbor	0.956120263338089	37.46666666666666	9	19.0	31	False
NPNT/TBCK	NC_051836.1	27045411	27046411	1000	0.9079175037145615	1.0	19.95960955907102	0.0	0.15	97.79332478841145	12.0	508	1.0	0.067728	2.765	0	0	0	0	124	124	KI;MG	regulatory_annotation_present	False	not_assessed			not_assessed	pilot_only	not_validated	not_validated	regulatory_conflict_requires_resolution	0.9079236258864403	21.7	1	17.0	31	False
NPNT/TBCK	NC_051836.1	27045661	27046661	1000	0.8747984960675239	1.0	11.847862672500842	0.0	0.05	93.37997436523438	12.0	710	1.0	0.094524	2.022	0	0	0	0	374	374	KI;MG	regulatory_annotation_present	False	not_assessed			not_assessed	pilot_only	not_validated	not_validated	regulatory_conflict_requires_resolution	0.8748043954968453	13.633333333333333	1	16.0	23	False
NPNT/TBCK	NC_051836.1	27045911	27046911	1000	0.905761460006237	1.0	19.48838774823292	0.0	0.05	93.37997436523438	12.0	714	1.0	0.104634	2.022	0	0	0	0	624	400	KI;MG	regulatory_annotation_present	False	not_assessed			not_assessed	pilot_only	not_validated	not_validated	regulatory_conflict_requires_resolution	0.9057675614953041	21.2	1	13.0	23	False
NPNT/TBCK	NC_051836.1	27046161	27047161	1000	0.90600327283144	1.0	19.48838774823292	0.0	0.05	93.37997436523438	12.0	843	1.0	0.11074600000000001	1.096	0	0	0	0	800	400	KI;MG	regulatory_annotation_present	False	not_assessed			not_assessed	pilot_only	not_validated	not_validated	regulatory_conflict_requires_resolution	0.9060093775987625	21.2	1	12.0	23	False
NPNT/TBCK	NC_051836.1	27046411	27047411	1000	0.8948755569458008	1.0	16.560080780881858	0.0	0.0		0.0	952	1.0	0.161598	1.096	0	0	0	0	676	276	KI;MG	regulatory_annotation_present	False	not_assessed			not_assessed	pilot_only	not_validated	not_validated	regulatory_conflict_requires_resolution	0.8948815792798996	18.2	6	13.0	21	False
NPNT/TBCK	NC_051836.1	27046661	27047661	1000	0.9235052642822266	1.0	24.974755974419388	0.0	0.0		0.0	1000	1.0	0.170579	2.312	0	0	0	0	426	26	KI;MG	regulatory_annotation_present	False	not_assessed			not_assessed	pilot_only	not_validated	not_validated	regulatory_conflict_requires_resolution	0.9235114892125129	26.566666666666666	6	14.0	31	False
NPNT/TBCK	NC_051836.1	27046911	27047911	1000	0.949664550960064	1.0	33.625042073375965	0.0	0.0		0.0	1000	1.0	0.170151	2.312	0	0	0	0	176	0		no_promoter_enhancer_in_queried_epic_tissues	False	not_assessed			not_assessed	pilot_only	not_validated	not_validated	insufficient_evidence_for_safe_harbor	0.9496709571480751	35.099999999999994	6	17.0	31	False
NPNT/TBCK	NC_051836.1	27047161	27048161	1000	0.9408552599549294	1.0	30.62941770447661	0.0	0.0		0.0	961	1.0	0.12643000000000001	2.856	0	0	0	0	0	0		no_promoter_enhancer_in_queried_epic_tissues	False	not_assessed			not_assessed	pilot_only	not_validated	not_validated	insufficient_evidence_for_safe_harbor	0.9408616123199462	31.966666666666665	6	20.0	31	False
NPNT/TBCK	NC_051836.1	27047411	27048411	1000	1.029905978500843	1.0	60.98956580276001	0.0	0.0		0.0	802	1.0	0.056984999999999994	2.856	0	0	0	0	0	0		no_promoter_enhancer_in_queried_epic_tissues	False	not_assessed			not_assessed	pilot_only	not_validated	not_validated	insufficient_evidence_for_safe_harbor	1.0299129353165626	61.8	8	22.0	31	False
NPNT/TBCK	NC_051836.1	27047661	27048661	1000	1.0600707355141639	1.0	68.63009087849208	0.0	0.05	0.0	1.0	669	1.0	0.04506700000000001	3.731	0	0	0	0	0	0		no_promoter_enhancer_in_queried_epic_tissues	False	not_assessed			not_assessed	pilot_only	not_validated	not_validated	insufficient_evidence_for_safe_harbor	1.0600778940916062	69.23333333333333	13	22.0	34	True
NPNT/TBCK	NC_051836.1	27047911	27048911	1000	1.0317819994688033	1.0	61.56176371592057	0.0	0.05	0.0	1.0	419	1.0	0.044863	4.299	0	0	0	0	0	0		no_promoter_enhancer_in_queried_epic_tissues	False	not_assessed			not_assessed	pilot_only	not_validated	not_validated	insufficient_evidence_for_safe_harbor	1.0317889658808708	62.26666666666667	13	22.0	34	False
NPNT/TBCK	NC_051836.1	27048161	27049161	1000	1.059920092344284	1.0	68.63009087849208	0.0	0.05	0.0	1.0	208	1.0	0.13788499999999998	7.173	0	0	0	0	0	0		no_promoter_enhancer_in_queried_epic_tissues	False	not_assessed			not_assessed	pilot_only	not_validated	not_validated	insufficient_evidence_for_safe_harbor	1.0599272454977036	69.23333333333333	13	23.0	34	True
NPNT/TBCK	NC_051836.1	27048411	27049411	1000	1.0445203822255134	1.0	64.99495119488388	0.0	0.05	0.0	1.0	117	1.0	0.500995	10.231	0	0	0	0	0	0		no_promoter_enhancer_in_queried_epic_tissues	False	not_assessed			not_assessed	pilot_only	not_validated	not_validated	insufficient_evidence_for_safe_harbor	1.0445274285674095	65.66666666666666	14	24.0	37	True
NPNT/TBCK	NC_051836.1	27048661	27049661	1000	1.0478599807024003	1.0	65.93739481656009	0.0	0.0		0.0	0	1.0	0.6261289999999999	10.231	0	0	0	0	0	0		no_promoter_enhancer_in_queried_epic_tissues	False	not_assessed			not_assessed	pilot_only	not_validated	not_validated	insufficient_evidence_for_safe_harbor	1.0478670400977135	66.63333333333334	18	24.0	37	False
NPNT/TBCK	NC_051836.1	27048911	27049911	1000	1.0617165585756303	1.0	69.03399528778189	0.0	0.0		0.0	0	1.0	0.6063289999999999	10.231	0	0	0	0	224	224	KI	regulatory_annotation_present	False	not_assessed			not_assessed	pilot_only	not_validated	not_validated	regulatory_conflict_requires_resolution	1.0617237113118172	69.63333333333334	17	24.0	37	False
NPNT/TBCK	NC_051836.1	27049161	27050161	1000	1.0691042009592056	1.0	70.54863682261865	0.0	0.0		0.0	0	1.0	0.715648	10.231	0	0	0	0	474	474	KI	regulatory_annotation_present	False	not_assessed			not_assessed	pilot_only	not_validated	not_validated	regulatory_conflict_requires_resolution	1.0691114021539687	71.0	17	25.0	37	False
NPNT/TBCK	NC_051836.1	27049411	27050411	1000	1.0539479164481163	1.0	67.41837765062269	0.0	0.011	100.0	2.0	0	1.0	0.403047	9.998	0	0	0	0	600	600	KI	regulatory_annotation_present	False	not_assessed			not_assessed	pilot_only	not_validated	not_validated	regulatory_conflict_requires_resolution	1.0539550172686576	68.03333333333333	15	25.0	37	False
NPNT/TBCK	NC_051836.1	27049661	27050661	1000	1.0189584007263184	1.0	57.89296533153821	0.0	0.05	100.0	2.0	0	1.0	0.544032	7.134	0	0	0	0	600	600	KI	regulatory_annotation_present	False	not_assessed			not_assessed	pilot_only	not_validated	not_validated	regulatory_conflict_requires_resolution	1.0189652701616287	58.766666666666666	15	24.0	33	False
NPNT/TBCK	NC_051836.1	27049911	27050911	1000	1.0302545972466468	1.0	61.15785930663077	0.0	0.05	100.0	2.0	46	1.0	0.6915209999999999	8.219	0	0	0	0	376	376	KI	regulatory_annotation_present	False	not_assessed			not_assessed	pilot_only	not_validated	not_validated	regulatory_conflict_requires_resolution	1.0302615408301354	61.93333333333333	15	23.0	33	False
NPNT/TBCK	NC_051836.1	27050161	27051161	1000	1.0207704461216927	1.0	58.4988219454729	0.0	0.05	100.0	2.0	52	1.0	0.5905430000000002	8.219	0	0	0	0	126	126	KI	regulatory_annotation_present	False	not_assessed			not_assessed	pilot_only	not_validated	not_validated	regulatory_conflict_requires_resolution	1.020777328312397	59.333333333333336	9	21.0	33	False
NPNT/TBCK	NC_051836.1	27050411	27051411	1000	1.0499704906344414	1.0	66.61056883204309	0.0	0.039	100.0	2.0	52	1.0	0.5670320000000001	8.219	0	0	0	0	0	0		no_promoter_enhancer_in_queried_epic_tissues	False	not_assessed			not_assessed	pilot_only	not_validated	not_validated	insufficient_evidence_for_safe_harbor	1.0499775622487069	67.23333333333333	9	21.5	31	True
NPNT/TBCK	NC_051836.1	27050661	27051661	1000	1.0810229964852334	1.0	72.97206327835745	0.0	0.05	100.0	1.0	78	1.0	0.30614600000000003	8.219	0	0	0	0	0	0		no_promoter_enhancer_in_queried_epic_tissues	False	not_assessed			not_assessed	pilot_only	not_validated	not_validated	insufficient_evidence_for_safe_harbor	1.0810302800536156	73.43333333333332	9	22.0	33	True
NPNT/TBCK	NC_051836.1	27050911	27051911	1000	1.08410225045681	1.0	73.61157859306631	0.0	0.05	100.0	1.0	187	1.0	0.16026100000000001	4.788	0	0	0	0	0	0		no_promoter_enhancer_in_queried_epic_tissues	False	not_assessed			not_assessed	pilot_only	not_validated	not_validated	insufficient_evidence_for_safe_harbor	1.0841095487475396	74.0	9	21.5	33	False
NPNT/TBCK	NC_051836.1	27051161	27052161	1000	1.0879450913071633	1.0	74.48670481319422	0.0	0.061	95.49545463186796	2.0	291	1.0	0.08437	4.484	0	0	0	0	0	0		no_promoter_enhancer_in_queried_epic_tissues	False	not_assessed			not_assessed	pilot_only	not_validated	not_validated	insufficient_evidence_for_safe_harbor	1.0879524137973786	74.96666666666667	6	20.5	33	False
NPNT/TBCK	NC_051836.1	27051411	27052411	1000	1.0941021760106087	1.0	75.59744193874116	0.0	0.1	87.51012420654297	2.0	291	1.0	0.093336	4.484	0	0	0	0	0	0		no_promoter_enhancer_in_queried_epic_tissues	False	not_assessed			not_assessed	pilot_only	not_validated	not_validated	insufficient_evidence_for_safe_harbor	1.0941095464229584	76.1	6	19.0	33	False
NPNT/TBCK	NC_051836.1	27051661	27052661	1000	1.0484208691716195	1.0	66.10568832043083	0.0	0.05	75.02024841308594	2.0	369	1.0	0.08314500000000001	4.807	0	0	0	0	0	0		no_promoter_enhancer_in_queried_epic_tissues	False	not_assessed			not_assessed	pilot_only	not_validated	not_validated	insufficient_evidence_for_safe_harbor	1.0484279366731644	66.76666666666667	6	18.0	26	False
NPNT/TBCK	NC_051836.1	27051911	27052911	1000	1.0319418141245842	1.0	61.629081117468864	0.0	0.05	75.02024841308594	2.0	250	1.0	0.14402600000000002	4.807	0	0	0	0	0	0		no_promoter_enhancer_in_queried_epic_tissues	False	not_assessed			not_assessed	pilot_only	not_validated	not_validated	insufficient_evidence_for_safe_harbor	1.031948777616024	62.33333333333333	6	18.0	26	False
NPNT/TBCK	NC_051836.1	27052161	27053161	1000	1.0796780911684036	1.0	72.60181756984181	0.0	0.039	75.02024841308594	2.0	172	1.0	0.23373800000000003	5.121	0	0	0	0	84	84	KI	regulatory_annotation_present	False	not_assessed			not_assessed	pilot_only	not_validated	not_validated	regulatory_conflict_requires_resolution	1.0796853705048561	73.13333333333333	12	20.0	35	False
NPNT/TBCK	NC_051836.1	27052411	27053411	1000	1.087649176478386	1.0	74.41938741164591	0.0	0.0		0.0	215	1.0	0.24759099999999998	5.121	0	0	0	0	334	334	KI	regulatory_annotation_present	False	not_assessed			not_assessed	pilot_only	not_validated	not_validated	regulatory_conflict_requires_resolution	1.0876565099954605	74.86666666666667	12	21.0	35	False
NPNT/TBCK	NC_051836.1	27052661	27053661	1000	1.1107877321839332	1.0	77.88623359138337	0.0	0.0		0.0	217	1.0	0.278402	5.121	0	0	0	0	584	584	KI	regulatory_annotation_present	False	not_assessed			not_assessed	pilot_only	not_validated	not_validated	regulatory_conflict_requires_resolution	1.1107952087521553	78.26666666666667	16	24.0	35	False
NPNT/TBCK	NC_051836.1	27052911	27053911	1000	1.0932038332223892	1.0	75.36183103332212	0.0	0.0		0.0	325	1.0	0.230746	5.121	0	0	0	0	600	600	KI	regulatory_annotation_present	False	not_assessed			not_assessed	pilot_only	not_validated	not_validated	regulatory_conflict_requires_resolution	1.0932111883163451	75.96666666666667	15	24.0	35	False
NPNT/TBCK	NC_051836.1	27053161	27054161	1000	1.055539064347744	1.0	67.72130595759003	0.0	0.1	75.0	1.0	514	1.0	0.162821	2.598	0	0	0	0	516	516	KI	regulatory_annotation_present	False	not_assessed			not_assessed	pilot_only	not_validated	not_validated	regulatory_conflict_requires_resolution	1.0555461739301681	68.33333333333333	15	24.0	33	False
NPNT/TBCK	NC_051836.1	27053411	27054411	1000	1.0267780108451843	1.0	60.215415684954564	0.0	0.1	75.0	1.0	570	1.0	0.146702	2.56	0	0	0	0	266	266	KI	regulatory_annotation_present	False	not_assessed			not_assessed	pilot_only	not_validated	not_validated	regulatory_conflict_requires_resolution	1.0267849217653275	61.0	14	21.5	35	False
NPNT/TBCK	NC_051836.1	27053661	27054661	1000	1.008099805533886	1.0	54.89734096263884	0.0	0.1	75.0	1.0	654	1.0	0.126495	1.096	0	0	0	0	16	16	KI	regulatory_annotation_present	False	not_assessed			not_assessed	pilot_only	not_validated	not_validated	regulatory_conflict_requires_resolution	1.00810659968853	55.86666666666667	9	21.0	35	False
NPNT/TBCK	NC_051836.1	27053911	27054911	1000	1.0622062268853187	1.0	69.20228879165265	0.0	0.1	75.0	1.0	606	1.0	0.113536	1.096	0	0	0	0	0	0		no_promoter_enhancer_in_queried_epic_tissues	False	not_assessed			not_assessed	pilot_only	not_validated	not_validated	insufficient_evidence_for_safe_harbor	1.06221339148283	69.76666666666667	9	23.0	35	False
NPNT/TBCK	NC_051836.1	27054161	27055161	1000	1.0401488924175502	1.0	63.78323796701447	0.0	0.0		0.0	602	1.0	0.120267	3.111	0	0	0	0	84	0		no_promoter_enhancer_in_queried_epic_tissues	False	not_assessed			not_assessed	pilot_only	not_validated	not_validated	insufficient_evidence_for_safe_harbor	1.0401559021770954	64.5	2	23.0	35	False
NPNT/TBCK	NC_051836.1	27054411	27055411	1000	1.0016723820120097	1.0	52.743184113093236	0.0	0.1	100.0	3.0	570	1.0	0.11121299999999999	3.111	0	0	0	0	334	0		no_promoter_enhancer_in_queried_epic_tissues	False	not_assessed			not_assessed	pilot_only	not_validated	not_validated	insufficient_evidence_for_safe_harbor	1.0016791382730008	53.7	2	20.0	34	False
NPNT/TBCK	NC_051836.1	27054661	27055661	1000	1.0019206807762384	1.0	52.844160215415684	0.0	0.1	100.0	3.0	380	1.0	0.070813	3.168	0	0	0	0	396	0		no_promoter_enhancer_in_queried_epic_tissues	False	not_assessed			not_assessed	pilot_only	not_validated	not_validated	insufficient_evidence_for_safe_harbor	1.0019274293482303	53.800000000000004	2	20.0	34	False
NPNT/TBCK	NC_051836.1	27054911	27055911	1000	1.0125785328894854	1.0	56.613934702120496	0.0	0.1	100.0	3.0	284	1.0	0.066614	3.316	0	0	0	0	396	0		no_promoter_enhancer_in_queried_epic_tissues	False	not_assessed			not_assessed	pilot_only	not_validated	not_validated	insufficient_evidence_for_safe_harbor	1.0125853553116322	57.53333333333334	2	20.0	29	False
NPNT/TBCK	NC_051836.1	27055161	27056161	1000	1.0427153078317641	1.0	64.65836418714238	0.0	0.1	100.0	3.0	67	1.0	0.015430999999999988	4.012	0	0	0	0	400	88	KI	regulatory_annotation_present	False	not_assessed			not_assessed	pilot_only	not_validated	not_validated	regulatory_conflict_requires_resolution	1.042722330570221	65.33333333333333	9	21.0	29	False
NPNT/TBCK	NC_051836.1	27055411	27056411	1000	1.0771796271204948	1.0	72.09693705822954	0.0	0.0		0.0	41	1.0	0.07476399999999998	4.458	0	0	0	0	400	338	KI	regulatory_annotation_present	False	not_assessed			not_assessed	pilot_only	not_validated	not_validated	regulatory_conflict_requires_resolution	1.0771868817806245	72.6	15	22.0	32	False
NPNT/TBCK	NC_051836.1	27055661	27056661	1000	1.0887550275325775	1.0	74.75597441938741	0.0	0.0		0.0	240	1.0	0.080226	4.458	0	0	0	0	400	400	KI	regulatory_annotation_present	False	not_assessed			not_assessed	pilot_only	not_validated	not_validated	regulatory_conflict_requires_resolution	1.0887623682022094	75.23333333333333	15	25.0	32	False
NPNT/TBCK	NC_051836.1	27055911	27056911	1000	1.0152520393133164	1.0	57.11881521373275	0.0	0.0		0.0	281	1.0	0.047233	4.458	0	0	0	0	400	400	KI	regulatory_annotation_present	False	not_assessed			not_assessed	pilot_only	not_validated	not_validated	regulatory_conflict_requires_resolution	1.0152588791847228	57.96666666666667	12	22.0	32	False
NPNT/TBCK	NC_051836.1	27056161	27057161	1000	0.9794034196138381	1.0	45.23729384045776	0.0	0.0		0.0	326	1.0	0.062539	4.458	0	0	0	0	312	312	KI	regulatory_annotation_present	False	not_assessed			not_assessed	pilot_only	not_validated	not_validated	regulatory_conflict_requires_resolution	0.9794100245833397	46.300000000000004	5	21.0	32	False
NPNT/TBCK	NC_051836.1	27056411	27057411	1000	0.9495104126334191	1.0	33.59138337260182	0.0	0.061	100.0	1.0	285	1.0	0.076231	5.075	0	0	0	0	200	200	KI	regulatory_annotation_present	False	not_assessed			not_assessed	pilot_only	not_validated	not_validated	regulatory_conflict_requires_resolution	0.9495168137550354	35.06666666666667	5	20.0	32	False
NPNT/TBCK	NC_051836.1	27056661	27057661	1000	0.9720239043235779	1.0	42.40996297542915	0.0	0.15	100.0	3.0	86	1.0	0.12415099999999998	5.075	0	0	0	0	388	388	KI	regulatory_annotation_present	False	not_assessed			not_assessed	pilot_only	not_validated	not_validated	regulatory_conflict_requires_resolution	0.9720304586291313	43.5	5	20.0	29	False
NPNT/TBCK	NC_051836.1	27056911	27057911	1000	1.028111054599285	1.0	60.48468529114777	0.0	0.15	100.0	3.0	45	1.0	0.24286	5.958	0	0	0	0	638	638	KI	regulatory_annotation_present	False	not_assessed			not_assessed	pilot_only	not_validated	not_validated	regulatory_conflict_requires_resolution	1.0281179848909379	61.266666666666666	5	20.5	34	False
NPNT/TBCK	NC_051836.1	27057161	27058161	1000	1.1354081171751023	1.0	81.11746886570178	7.0	0.15	100.0	3.0	96	1.0	0.470557	6.726	0	0	0	0	800	800	KI	regulatory_annotation_present	False	not_assessed			not_assessed	pilot_only	not_validated	not_validated	regulatory_conflict_requires_resolution	1.1354157596826553	81.36666666666666	12	21.0	54	False
NPNT/TBCK	NC_051836.1	27057411	27058411	1000	1.4599281924962997	1.0	96.5668125210367	9.0	0.089	100.0	3.0	137	1.0	0.367814	6.726	0	0	0	0	662	662	KI	regulatory_annotation_present	True	assessed_catalogue_variants_present	23	8	large_catalogue_DEL_unresolved	pilot_scale_sensitivity_measured	exploratory_single_tumor_marker_masks_sparse_fragments_not_validated	not_validated	regulatory_conflict_requires_resolution	1.4599380260705948	96.63333333333334	12	28.0	62	False
NPNT/TBCK	NC_051836.1	27057661	27058661	1000	1.4393171498179436	1.0	96.26388421406934	9.0	0.0		0.0	137	1.0	0.359555	6.726	0	0	0	0	412	412	KI	regulatory_annotation_present	False	not_assessed			not_assessed	pilot_only	not_validated	not_validated	regulatory_conflict_requires_resolution	1.4393268358111382	96.33333333333334	12	29.0	62	False
NPNT/TBCK	NC_051836.1	27057911	27058911	1000	1.4179685589671136	1.0	96.02827330865028	9.0	0.0		0.0	364	1.0	0.28698199999999996	6.726	0	0	0	0	400	400	KI	regulatory_annotation_present	False	not_assessed			not_assessed	pilot_only	not_validated	not_validated	regulatory_conflict_requires_resolution	1.4179781028628349	96.1	10	29.0	62	False
NPNT/TBCK	NC_051836.1	27058161	27059161	1000	1.3439596874117852	1.0	93.97509256142713	9.0	0.0		0.0	518	1.0	0.05300999999999999	4.657	0	0	0	0	400	400	KI	regulatory_annotation_present	False	not_assessed			not_assessed	pilot_only	not_validated	not_validated	regulatory_conflict_requires_resolution	1.3439687416553496	94.1	10	25.0	62	False
NPNT/TBCK	NC_051836.1	27058411	27059411	1000	0.9863764970302582	1.0	47.72803769774487	0.0	0.0		0.0	503	1.0	0.09966499999999999	4.657	0	0	0	0	400	400	KI	regulatory_annotation_present	False	not_assessed			not_assessed	pilot_only	not_validated	not_validated	regulatory_conflict_requires_resolution	0.9863831381201744	48.833333333333336	6	19.0	33	False
NPNT/TBCK	NC_051836.1	27058661	27059661	1000	0.968107972919941	1.0	40.928980141366544	0.0	0.0		0.0	503	1.0	0.08721300000000001	3.321	0	0	0	0	588	588	KI;LU	regulatory_annotation_present	False	not_assessed			not_assessed	pilot_only	not_validated	not_validated	regulatory_conflict_requires_resolution	0.9681145015954972	42.06666666666667	6	17.0	30	False
NPNT/TBCK	NC_051836.1	27058911	27059911	1000	0.9329386931657792	1.0	27.734769437899697	0.0	0.0		0.0	276	1.0	0.074158	3.648	0	0	0	0	562	562	KI;LU	regulatory_annotation_present	False	not_assessed			not_assessed	pilot_only	not_validated	not_validated	regulatory_conflict_requires_resolution	0.9329449816942215	29.26666666666667	6	16.0	26	False
NPNT/TBCK	NC_051836.1	27059161	27060161	1000	0.9126539294719695	1.0	21.440592393133624	0.0	0.0		0.0	26	1.0	0.052673	3.648	0	0	0	0	400	400	LU	regulatory_annotation_present	False	not_assessed			not_assessed	pilot_only	not_validated	not_validated	regulatory_conflict_requires_resolution	0.9126600764393806	23.200000000000003	6	16.5	30	False
NPNT/TBCK	NC_051836.1	27059411	27060411	1000	0.965328280210495	1.0	39.952877818916186	0.0	0.011	50.0	1.0	0	1.0	0.089992	4.816	0	0	0	0	400	400	LU	regulatory_annotation_present	False	not_assessed			not_assessed	pilot_only	not_validated	not_validated	regulatory_conflict_requires_resolution	0.9653347818851471	41.233333333333334	11	20.0	30	False
NPNT/TBCK	NC_051836.1	27059661	27060661	1000	0.9922956778407097	1.0	49.34365533490407	0.0	0.1	36.20257759094238	16.0	0	1.0	0.539352	10.363	0	0	0	0	212	212	LU	regulatory_annotation_present	False	not_assessed			not_assessed	pilot_only	not_validated	not_validated	regulatory_conflict_requires_resolution	0.9923023554086685	50.366666666666674	13	21.0	30	False
NPNT/TBCK	NC_051836.1	27059911	27060911	1000	1.0213882542252541	1.0	58.93638505553685	0.0	0.1	36.20257759094238	16.0	0	1.0	0.6813020000000001	10.363	0	0	0	0	238	238	KI;OV	regulatory_annotation_present	False	not_assessed			not_assessed	pilot_only	not_validated	not_validated	regulatory_conflict_requires_resolution	1.0213951289057732	59.73333333333334	14	21.0	32	False
NPNT/TBCK	NC_051836.1	27060161	27061161	1000	1.0277237706184388	1.0	60.41736788959946	0.0	0.2	68.10128879547119	16.0	55	1.0	0.708805	10.363	0	0	0	0	488	488	KI;OV	regulatory_annotation_present	False	not_assessed			not_assessed	pilot_only	not_validated	not_validated	regulatory_conflict_requires_resolution	1.02773069357872	61.199999999999996	9	20.0	32	False
NPNT/TBCK	NC_051836.1	27060411	27061411	1000	1.0171632485985755	1.0	57.4217435207001	0.0	0.2	70.85128879547119	16.0	83	1.0	0.6716949999999999	10.363	0	0	0	0	738	738	KI;LU;OV	regulatory_annotation_present	False	not_assessed			not_assessed	pilot_only	not_validated	not_validated	regulatory_conflict_requires_resolution	1.0171701005101204	58.266666666666666	8	19.0	32	False
NPNT/TBCK	NC_051836.1	27060661	27061661	1000	1.0449919962286949	1.0	65.16324469875462	0.0	0.15	100.0	2.0	83	1.0	0.24190799999999998	7.453	0	0	0	0	988	988	KI;LU;OV	regulatory_annotation_present	False	not_assessed			not_assessed	pilot_only	not_validated	not_validated	regulatory_conflict_requires_resolution	1.0449990382194518	65.83333333333333	8	20.0	32	False
NPNT/TBCK	NC_051836.1	27060911	27061911	1000	1.0788789690732956	1.0	72.46718276674521	0.0	0.15	100.0	2.0	83	1.0	0.155756	6.427	0	0	0	0	762	762	KI;LU;OV	regulatory_annotation_present	False	not_assessed			not_assessed	pilot_only	not_validated	not_validated	regulatory_conflict_requires_resolution	1.0788862432837487	72.96666666666667	8	20.5	36	False
NPNT/TBCK	NC_051836.1	27061161	27062161	1000	1.114883014023304	1.0	78.42477280376977	0.0	0.05	100.0	2.0	28	1.0	0.349402	6.517	0	0	0	0	512	512	KI;LU;OV	regulatory_annotation_present	False	not_assessed			not_assessed	pilot_only	not_validated	not_validated	regulatory_conflict_requires_resolution	1.1148905284404755	78.86666666666666	8	23.5	36	False
NPNT/TBCK	NC_051836.1	27061411	27062411	1000	1.0627755186259746	1.0	69.3032648939751	0.0	0.039	100.0	2.0	0	1.0	0.378487	6.517	0	0	0	0	262	262	LU	regulatory_annotation_present	False	not_assessed			not_assessed	pilot_only	not_validated	not_validated	regulatory_conflict_requires_resolution	1.0627826850116253	69.83333333333334	8	23.5	36	False
NPNT/TBCK	NC_051836.1	27061661	27062661	1000	0.9510986326038837	1.0	34.39919219118142	0.0	0.011	75.69851684570312	17.0	88	1.0	0.423332	6.517	0	0	0	0	12	12	LU	regulatory_annotation_present	False	not_assessed			not_assessed	pilot_only	not_validated	not_validated	regulatory_conflict_requires_resolution	0.9511050454080104	35.833333333333336	7	18.0	36	False
NPNT/TBCK	NC_051836.1	27061911	27062911	1000	0.8608893801867962	1.0	9.592729720632784	0.0	0.1	85.98217010498047	17.0	88	1.0	0.426574	6.517	0	0	0	0	0	0		no_promoter_enhancer_in_queried_epic_tissues	False	not_assessed			not_assessed	pilot_only	not_validated	not_validated	insufficient_evidence_for_safe_harbor	0.860895185738802	11.566666666666666	7	13.0	36	False
NPNT/TBCK	NC_051836.1	27062161	27063161	1000	0.7498831417262554	1.0	1.6156176371592057	0.0	0.15	90.65478006998698	17.0	88	1.0	0.30221699999999996	4.983	0	0	0	0	0	0		no_promoter_enhancer_in_queried_epic_tissues	False	not_assessed			not_assessed	pilot_only	not_validated	not_validated	insufficient_evidence_for_safe_harbor	0.7498881978690625	3.8	4	12.0	23	True
NPNT/TBCK	NC_051836.1	27062411	27063411	1000	0.7531272379755973	1.0	1.649276337933356	0.0	0.15	90.65478006998698	17.0	115	1.0	0.365602	4.954	0	0	0	0	0	0		no_promoter_enhancer_in_queried_epic_tissues	False	not_assessed			not_assessed	pilot_only	not_validated	not_validated	insufficient_evidence_for_safe_harbor	0.7531323099136352	3.833333333333333	4	12.0	21	False
NPNT/TBCK	NC_051836.1	27062661	27063661	1000	0.8044763731956482	1.0	3.2312352743184114	0.0	0.139	91.83836924600945	17.0	27	1.0	0.34468200000000004	4.954	0	0	0	0	0	0		no_promoter_enhancer_in_queried_epic_tissues	False	not_assessed			not_assessed	pilot_only	not_validated	not_validated	insufficient_evidence_for_safe_harbor	0.8044817907214165	5.4	4	15.0	33	True
NPNT/TBCK	NC_051836.1	27062911	27063911	1000	0.8758766114115715	1.0	12.117132278694044	0.0	0.05	100.0	1.0	27	1.0	0.36689799999999995	5.021	0	0	0	0	0	0		no_promoter_enhancer_in_queried_epic_tissues	False	not_assessed			not_assessed	pilot_only	not_validated	not_validated	insufficient_evidence_for_safe_harbor	0.8758825048804283	13.900000000000002	4	18.0	33	False
NPNT/TBCK	NC_051836.1	27063161	27064161	1000	0.9413655213713646	1.0	30.663076405250756	0.0	0.0		0.0	27	1.0	0.429463	5.021	0	0	0	0	0	0		no_promoter_enhancer_in_queried_epic_tissues	False	not_assessed			not_assessed	pilot_only	not_validated	not_validated	insufficient_evidence_for_safe_harbor	0.9413718537092209	32.0	8	23.0	35	False
NPNT/TBCK	NC_051836.1	27063411	27064411	1000	1.021392177760601	1.0	58.93638505553685	0.0	0.0		0.0	0	1.0	0.408832	5.021	0	0	0	0	0	0		no_promoter_enhancer_in_queried_epic_tissues	False	not_assessed			not_assessed	pilot_only	not_validated	not_validated	insufficient_evidence_for_safe_harbor	1.0213990576267242	59.73333333333334	12	25.0	35	False
NPNT/TBCK	NC_051836.1	27063661	27064661	1000	1.0614018608927727	1.0	69.00033658700774	0.0	0.0		0.0	0	1.0	0.409056	5.021	0	0	0	0	0	0		no_promoter_enhancer_in_queried_epic_tissues	False	not_assessed			not_assessed	pilot_only	not_validated	not_validated	insufficient_evidence_for_safe_harbor	1.0614090035557746	69.6	12	24.0	35	False
NPNT/TBCK	NC_051836.1	27063911	27064911	1000	1.0247482305169107	1.0	59.575900370245705	0.0	0.1	83.43750762939453	12.0	66	0.996	0.3248303212851405	4.539	0	0	0	0	234	0		no_promoter_enhancer_in_queried_epic_tissues	False	not_assessed			not_assessed	pilot_only	not_validated	not_validated	insufficient_evidence_for_safe_harbor	1.024755128800869	60.333333333333336	12	22.0	35	False
NPNT/TBCK	NC_051836.1	27064161	27065161	1000	1.0387481358647346	1.0	63.44665095927298	0.0	0.1	83.43750762939453	12.0	66	0.996	0.28439558232931733	5.014	0	0	0	0	400	0		no_promoter_enhancer_in_queried_epic_tissues	False	not_assessed			not_assessed	pilot_only	not_validated	not_validated	insufficient_evidence_for_safe_harbor	1.0387551363110543	64.16666666666667	9	22.0	33	True
NPNT/TBCK	NC_051836.1	27064411	27065411	1000	0.9868717923164367	1.0	47.89633120161562	0.0	0.1	83.43750762939453	12.0	236	0.996	0.29118172690763056	5.014	0	0	0	0	400	0		no_promoter_enhancer_in_queried_epic_tissues	False	not_assessed			not_assessed	pilot_only	not_validated	not_validated	insufficient_evidence_for_safe_harbor	0.986878438770771	49.0	9	21.0	33	False
NPNT/TBCK	NC_051836.1	27064661	27065661	1000	0.9326879189014435	1.0	27.6674520363514	0.0	0.1	83.43750762939453	12.0	273	0.996	0.29461746987951803	5.014	0	0	0	0	400	0		no_promoter_enhancer_in_queried_epic_tissues	False	not_assessed			not_assessed	pilot_only	not_validated	not_validated	insufficient_evidence_for_safe_harbor	0.9326942016482354	29.2	9	18.0	33	False
NPNT/TBCK	NC_051836.1	27064911	27065911	1000	0.950802233338356	1.0	34.23089868731067	0.0	0.0		0.0	207	1.0	0.414432	5.014	0	0	0	0	166	0		no_promoter_enhancer_in_queried_epic_tissues	False	not_assessed			not_assessed	pilot_only	not_validated	not_validated	insufficient_evidence_for_safe_harbor	0.9508086348772049	35.733333333333334	9	18.5	33	False
NPNT/TBCK	NC_051836.1	27065161	27066161	1000	0.9193086904287339	1.0	23.59474924267923	1.0	0.0		0.0	207	1.0	0.462437	4.458	0	0	0	0	0	0		no_promoter_enhancer_in_queried_epic_tissues	False	not_assessed			not_assessed	pilot_only	not_validated	not_validated	insufficient_evidence_for_safe_harbor	0.9193148751854896	25.166666666666664	9	19.0	26	False
NPNT/TBCK	NC_051836.1	27065411	27066411	1000	0.9214138798117638	1.0	24.267923258162234	1.0	0.0		0.0	37	1.0	0.380711	4.458	0	0	0	0	0	0		no_promoter_enhancer_in_queried_epic_tissues	False	not_assessed			not_assessed	pilot_only	not_validated	not_validated	insufficient_evidence_for_safe_harbor	0.9214200761318206	25.866666666666667	12	20.0	26	False
NPNT/TBCK	NC_051836.1	27065661	27066661	1000	0.9662737892270088	1.0	40.35678222820599	1.0	0.0		0.0	0	1.0	0.326969	4.458	0	0	0	0	0	0		no_promoter_enhancer_in_queried_epic_tissues	False	not_assessed			not_assessed	pilot_only	not_validated	not_validated	insufficient_evidence_for_safe_harbor	0.9662803021073342	41.53333333333333	12	21.0	29	False
NPNT/TBCK	NC_051836.1	27065911	27066911	1000	1.0126056901812552	1.0	56.613934702120496	1.0	0.0		0.0	246	1.0	0.237335	4.438	0	0	0	0	0	0		no_promoter_enhancer_in_queried_epic_tissues	False	not_assessed			not_assessed	pilot_only	not_validated	not_validated	insufficient_evidence_for_safe_harbor	1.012612521648407	57.53333333333334	12	23.0	36	False
NPNT/TBCK	NC_051836.1	27066161	27067161	1000	1.0648182769417762	1.0	69.74082800403905	1.0	0.0		0.0	311	1.0	0.16631599999999996	4.438	0	0	0	0	0	0		no_promoter_enhancer_in_queried_epic_tissues	False	not_assessed			not_assessed	pilot_only	not_validated	not_validated	insufficient_evidence_for_safe_harbor	1.0648254616856574	70.33333333333334	12	23.0	36	False
NPNT/TBCK	NC_051836.1	27066411	27067411	1000	1.0881695052981377	1.0	74.52036351396836	0.0	0.0		0.0	367	1.0	0.149863	3.324	0	0	0	0	0	0		no_promoter_enhancer_in_queried_epic_tissues	False	not_assessed			not_assessed	pilot_only	not_validated	not_validated	insufficient_evidence_for_safe_harbor	1.0881768515706063	74.96666666666667	12	26.0	36	False
NPNT/TBCK	NC_051836.1	27066661	27067661	1000	1.0940886297225951	1.0	75.59744193874116	0.0	0.0		0.0	367	1.0	0.18866500000000003	3.324	0	0	0	0	0	0		no_promoter_enhancer_in_queried_epic_tissues	False	not_assessed			not_assessed	pilot_only	not_validated	not_validated	insufficient_evidence_for_safe_harbor	1.09409600263834	76.1	13	23.5	36	False
NPNT/TBCK	NC_051836.1	27066911	27067911	1000	1.0765382407307624	1.0	71.9959609559071	0.0	0.0		0.0	121	1.0	0.17828899999999998	3.324	0	0	0	0	0	0		no_promoter_enhancer_in_queried_epic_tissues	False	not_assessed			not_assessed	pilot_only	not_validated	not_validated	insufficient_evidence_for_safe_harbor	1.0765454864501953	72.43333333333334	13	22.0	35	False
NPNT/TBCK	NC_051836.1	27067161	27068161	1000	0.9804381646513939	1.0	45.64119824974756	0.0	0.0		0.0	98	1.0	0.22927699999999998	4.709	0	0	0	0	0	0		no_promoter_enhancer_in_queried_epic_tissues	False	not_assessed			not_assessed	pilot_only	not_validated	not_validated	insufficient_evidence_for_safe_harbor	0.9804447635412216	46.766666666666666	7	20.0	34	False
NPNT/TBCK	NC_051836.1	27067411	27068411	1000	0.9632145834565162	1.0	39.111410299562436	0.0	0.0		0.0	269	1.0	0.335334	5.684	0	0	0	0	134	134	ST	regulatory_annotation_present	False	not_assessed			not_assessed	pilot_only	not_validated	not_validated	regulatory_conflict_requires_resolution	0.9632210658192635	40.36666666666667	7	18.5	34	False
NPNT/TBCK	NC_051836.1	27067661	27068661	1000	0.9777051694989204	1.0	44.6650959272972	0.0	0.0		0.0	350	1.0	0.30511299999999997	5.684	0	0	0	0	384	384	OV;ST	regulatory_annotation_present	False	not_assessed			not_assessed	pilot_only	not_validated	not_validated	regulatory_conflict_requires_resolution	0.9777117586135864	45.7	7	19.0	29	False
NPNT/TBCK	NC_051836.1	27067911	27068911	1000	0.9814254884719849	1.0	45.87680915516661	0.0	0.0		0.0	437	1.0	0.32781299999999997	5.684	0	0	0	0	600	600	OV;ST	regulatory_annotation_present	False	not_assessed			not_assessed	pilot_only	not_validated	not_validated	regulatory_conflict_requires_resolution	0.9814321051836014	47.0	7	18.0	26	False
NPNT/TBCK	NC_051836.1	27068161	27069161	1000	1.0211652805805207	1.0	58.667115449343655	0.0	0.1	99.43460464477539	15.0	524	1.0	0.226406	5.684	0	0	0	0	600	600	OV;ST	regulatory_annotation_present	False	not_assessed			not_assessed	pilot_only	not_validated	not_validated	regulatory_conflict_requires_resolution	1.0211721710562707	59.5	10	18.0	26	False
NPNT/TBCK	NC_051836.1	27068411	27069411	1000	1.0286732612252236	1.0	60.58566139347021	0.0	0.1	99.43460464477539	15.0	297	1.0	0.193296	5.352	0	0	0	0	466	466	OV;ST	regulatory_annotation_present	False	not_assessed			not_assessed	pilot_only	not_validated	not_validated	regulatory_conflict_requires_resolution	1.028680207669735	61.36666666666667	10	17.0	26	False
NPNT/TBCK	NC_051836.1	27068661	27069661	1000	0.9440161486268044	1.0	31.77381353079771	0.0	0.1	99.43460464477539	15.0	278	1.0	0.25981299999999996	5.352	0	0	0	0	216	216	OV;ST	regulatory_annotation_present	False	not_assessed			not_assessed	pilot_only	not_validated	not_validated	regulatory_conflict_requires_resolution	0.9440225222706795	33.266666666666666	10	16.5	28	False
NPNT/TBCK	NC_051836.1	27068911	27069911	1000	0.9062213326692581	1.0	19.58936385055537	0.0	0.1	99.43460464477539	15.0	441	1.0	0.31152099999999994	5.352	0	0	0	0	0	0		no_promoter_enhancer_in_queried_epic_tissues	False	not_assessed			not_assessed	pilot_only	not_validated	not_validated	insufficient_evidence_for_safe_harbor	0.9062274503707886	21.3	10	17.0	28	False
NPNT/TBCK	NC_051836.1	27069161	27070161	1000	0.897208715558052	1.0	17.09861999326826	0.0	0.0		0.0	407	1.0	0.397731	5.352	0	0	0	0	0	0		no_promoter_enhancer_in_queried_epic_tissues	False	not_assessed			not_assessed	pilot_only	not_validated	not_validated	insufficient_evidence_for_safe_harbor	0.8972147657871247	18.833333333333332	7	17.0	28	False
NPNT/TBCK	NC_051836.1	27069411	27070411	1000	0.9282430250048638	1.0	26.18646920228879	0.0	0.0		0.0	515	1.0	0.388898	5.003	0	0	0	0	0	0		no_promoter_enhancer_in_queried_epic_tissues	False	not_assessed			not_assessed	pilot_only	not_validated	not_validated	insufficient_evidence_for_safe_harbor	0.9282492765784264	27.73333333333333	7	17.0	28	False
NPNT/TBCK	NC_051836.1	27069661	27070661	1000	1.0225421534776689	1.0	59.0373611578593	0.0	0.0		0.0	670	1.0	0.34489800000000004	4.39	0	0	0	0	0	0		no_promoter_enhancer_in_queried_epic_tissues	False	not_assessed			not_assessed	pilot_only	not_validated	not_validated	insufficient_evidence_for_safe_harbor	1.022549036860466	59.8	7	20.0	35	False
NPNT/TBCK	NC_051836.1	27069911	27070911	1000	1.04860771214962	1.0	66.13934702120498	0.0	0.1	50.0	1.0	499	1.0	0.253137	4.39	0	0	0	0	0	0		no_promoter_enhancer_in_queried_epic_tissues	False	not_assessed			not_assessed	pilot_only	not_validated	not_validated	insufficient_evidence_for_safe_harbor	1.0486147745847703	66.8	7	21.0	35	True
NPNT/TBCK	NC_051836.1	27070161	27071161	1000	1.076340661406517	1.0	71.9286435543588	0.0	0.1	50.0	1.0	544	1.0	0.223468	4.39	0	0	0	0	0	0		no_promoter_enhancer_in_queried_epic_tissues	False	not_assessed			not_assessed	pilot_only	not_validated	not_validated	insufficient_evidence_for_safe_harbor	1.0763479111790657	72.36666666666667	10	22.0	35	True
NPNT/TBCK	NC_051836.1	27070204	27071204	1000	1.0690039471387862	1.0	70.54863682261865	0.0	0.1	50.0	1.0	510	1.0	0.21324399999999996	4.39	0	0	0	0	0	0		no_promoter_enhancer_in_queried_epic_tissues	False	not_assessed			not_assessed	pilot_only	not_validated	not_validated	insufficient_evidence_for_safe_harbor	1.069011145889759	71.0	10	22.0	35	True
NPNT/TBCK	NC_051836.1	27013911	27015911	2000	1.0134295095801353	1.0	57.066129573682446	0.0	0.05	100.0	2.0	701	0.9995	-0.05042521260630315	5.115	0	0	0	0	1791	196	MG	regulatory_annotation_present	False	not_assessed			not_assessed	pilot_only	not_validated	not_validated	regulatory_conflict_requires_resolution	1.0134363365769385	57.86666666666667	10	18.0	36	False
NPNT/TBCK	NC_051836.1	27014161	27016161	2000	0.9967296927571296	1.0	50.72171869754951	0.0	0.05	100.0	2.0	951	0.9995	-0.045880440220110064	4.456	0	0	0	0	1753	200	MG	regulatory_annotation_present	False	not_assessed			not_assessed	pilot_only	not_validated	not_validated	regulatory_conflict_requires_resolution	0.9967364064157009	51.733333333333334	10	18.0	36	False
NPNT/TBCK	NC_051836.1	27014411	27016411	2000	1.008638917207718	1.0	55.2870090634441	0.0	0.05	100.0	2.0	1201	0.9995	-0.07638069034517259	1.096	0	0	0	0	1503	200	MG	regulatory_annotation_present	False	not_assessed			not_assessed	pilot_only	not_validated	not_validated	regulatory_conflict_requires_resolution	1.0086457084417344	56.266666666666666	7	17.0	36	False
NPNT/TBCK	NC_051836.1	27014661	27016661	2000	1.0045124185681342	1.0	53.84357166834508	0.0	0.05	100.0	2.0	1254	0.9995	-0.06296098049024511	1.096	0	0	0	0	1253	200	MG	regulatory_annotation_present	False	not_assessed			not_assessed	pilot_only	not_validated	not_validated	regulatory_conflict_requires_resolution	1.0045191855430604	54.800000000000004	7	16.0	36	False
NPNT/TBCK	NC_051836.1	27014911	27016911	2000	1.0223938511908055	1.0	59.516616314199396	0.0	0.0555	90.09009009009009	2.0	1201	0.9995	0.007760380190095046	1.096	0	0	0	0	1003	200	MG	regulatory_annotation_present	False	not_assessed			not_assessed	pilot_only	not_validated	not_validated	regulatory_conflict_requires_resolution	1.0224007363468408	60.36666666666667	6	16.0	36	False
NPNT/TBCK	NC_051836.1	27015161	27017161	2000	1.0186157170534134	1.0	58.50956696878147	0.0	0.1	67.52886772155762	43.0	1399	0.9975	0.07394085213032582	1.264	0	0	0	0	754	200	MG	regulatory_annotation_present	False	not_assessed			not_assessed	pilot_only	not_validated	not_validated	regulatory_conflict_requires_resolution	1.0186225775927304	59.36666666666667	6	15.0	36	False
NPNT/TBCK	NC_051836.1	27015411	27017411	2000	0.9929910691380501	1.0	49.44612286002014	0.0	0.075	48.443077087402344	49.0	1649	0.9975	0.0805764411027569	1.264	0	0	0	0	504	200	MG	regulatory_annotation_present	False	not_assessed			not_assessed	pilot_only	not_validated	not_validated	regulatory_conflict_requires_resolution	0.9929977584928275	50.53333333333333	6	14.0	36	False
NPNT/TBCK	NC_051836.1	27015661	27017661	2000	0.9549603218436241	1.0	34.2732460557234	0.0	0.1	52.99897384643555	49.0	1895	0.9975	0.06688972431077696	2.724	0	0	0	0	254	200	MG	regulatory_annotation_present	False	not_assessed			not_assessed	pilot_only	not_validated	not_validated	regulatory_conflict_requires_resolution	0.954966755464673	35.699999999999996	6	13.0	26	False
NPNT/TBCK	NC_051836.1	27015911	27017911	2000	0.9721763037145138	1.0	41.255454850621014	0.0	0.1	52.99897384643555	49.0	1919	0.9975	0.057269674185463665	2.724	0	0	0	0	4	4	MG	regulatory_annotation_present	False	not_assessed			not_assessed	pilot_only	not_validated	not_validated	regulatory_conflict_requires_resolution	0.9721828513890505	42.766666666666666	6	13.0	26	False
NPNT/TBCK	NC_051836.1	27016161	27018161	2000	0.9690983909070492	1.0	39.94629070157771	0.0	0.1305	63.68240707222073	60.0	1919	0.9975	0.04951829573934837	2.724	0	0	0	103	0	0		no_promoter_enhancer_in_queried_epic_tissues	False	not_assessed			not_assessed	pilot_only	not_validated	not_validated	insufficient_evidence_for_safe_harbor	0.9691049166768789	41.4	6	13.0	26	False
NPNT/TBCK	NC_051836.1	27016411	27018411	2000	0.943852523997426	1.0	29.875797247398456	0.0	0.2	73.11888027191162	70.0	1726	0.9965	0.04341595584545911	2.724	0	0	0	232	0	0		no_promoter_enhancer_in_queried_epic_tissues	False	not_assessed			not_assessed	pilot_only	not_validated	not_validated	insufficient_evidence_for_safe_harbor	0.9438588823974132	31.333333333333336	6	13.5	26	False
NPNT/TBCK	NC_051836.1	27016661	27018661	2000	0.9255059074610472	1.0	23.128566633098355	0.0	0.2	73.11888027191162	70.0	1729	0.9965	0.06934771700953338	3.731	0	0	0	232	0	0		no_promoter_enhancer_in_queried_epic_tissues	False	not_assessed			not_assessed	pilot_only	not_validated	not_validated	insufficient_evidence_for_safe_harbor	0.9255121384263039	24.833333333333332	6	15.0	26	False
NPNT/TBCK	NC_051836.1	27016911	27018911	2000	0.9159321609288454	1.0	19.3689157435381	0.0	0.2195	66.6231255324935	70.0	1616	0.9965	0.07692674360260914	3.731	0	0	0	232	0	0		no_promoter_enhancer_in_queried_epic_tissues	False	not_assessed			not_assessed	pilot_only	not_validated	not_validated	insufficient_evidence_for_safe_harbor	0.9159383284002542	21.233333333333334	6	15.0	23	False
NPNT/TBCK	NC_051836.1	27017161	27019161	2000	0.9203830583840609	1.0	21.34944612286002	0.0	0.1805	72.83041153588124	70.0	1366	0.999	0.13134034034034034	5.175	0	0	0	232	0	0		no_promoter_enhancer_in_queried_epic_tissues	False	not_assessed			not_assessed	pilot_only	not_validated	not_validated	insufficient_evidence_for_safe_harbor	0.9203892524391413	23.1	7	16.0	23	False
NPNT/TBCK	NC_051836.1	27017411	27019411	2000	0.9171813039034605	1.0	19.77173548170527	0.0	0.175	69.9459729875837	70.0	1218	0.989	0.12043478260869567	5.175	0	0	0	232	0	0		no_promoter_enhancer_in_queried_epic_tissues	False	not_assessed			not_assessed	pilot_only	not_validated	not_validated	insufficient_evidence_for_safe_harbor	0.9171874801069498	21.73333333333333	2	15.0	22	False
NPNT/TBCK	NC_051836.1	27017661	27019661	2000	0.9063222001045942	1.0	16.24706277274253	0.0	0.15	70.49252446492513	70.0	1092	0.989	0.11718452982810922	5.175	0	0	0	232	0	0		no_promoter_enhancer_in_queried_epic_tissues	False	not_assessed			not_assessed	pilot_only	not_validated	not_validated	insufficient_evidence_for_safe_harbor	0.9063283030539752	18.133333333333333	2	16.0	26	False
NPNT/TBCK	NC_051836.1	27017911	27019911	2000	0.8959827670007944	1.0	13.0580731789191	0.0	0.1555	71.53619723304675	70.0	1084	0.989	0.11898938321536906	5.175	0	0	0	232	0	0		no_promoter_enhancer_in_queried_epic_tissues	False	not_assessed			not_assessed	pilot_only	not_validated	not_validated	insufficient_evidence_for_safe_harbor	0.895988800778985	15.133333333333333	2	17.0	26	False
NPNT/TBCK	NC_051836.1	27018161	27020161	2000	0.9071926331371069	1.0	16.381336018798255	0.0	0.1945	76.90049296479606	70.0	837	0.989	0.1117360970677452	5.175	0	0	0	129	0	0		no_promoter_enhancer_in_queried_epic_tissues	False	not_assessed			not_assessed	pilot_only	not_validated	not_validated	insufficient_evidence_for_safe_harbor	0.9071987431198358	18.266666666666666	2	17.0	26	False
NPNT/TBCK	NC_051836.1	27018411	27020411	2000	0.9329088687896728	1.0	25.579053373615306	0.0	0.125	69.1513916015625	6.0	780	0.99	0.1325318181818182	5.175	0	0	0	0	0	0		no_promoter_enhancer_in_queried_epic_tissues	False	not_assessed			not_assessed	pilot_only	not_validated	not_validated	insufficient_evidence_for_safe_harbor	0.9329151477515697	27.166666666666668	2	17.0	28	False
NPNT/TBCK	NC_051836.1	27018661	27020661	2000	0.9992614812552929	1.0	51.527358173883854	0.0	0.125	69.1513916015625	6.0	551	0.99	0.0691459595959596	5.175	0	0	0	0	0	0		no_promoter_enhancer_in_queried_epic_tissues	False	not_assessed			not_assessed	pilot_only	not_validated	not_validated	insufficient_evidence_for_safe_harbor	0.9992682130634785	52.63333333333333	2	18.0	33	False
NPNT/TBCK	NC_051836.1	27018911	27020911	2000	0.9927294484972954	1.0	49.378986236992276	0.0	0.1	86.43923950195312	6.0	467	0.99	0.05203080808080807	5.175	0	0	0	0	0	0		no_promoter_enhancer_in_queried_epic_tissues	False	not_assessed			not_assessed	pilot_only	not_validated	not_validated	insufficient_evidence_for_safe_harbor	0.992736138343811	50.5	2	18.0	33	False
NPNT/TBCK	NC_051836.1	27019161	27021161	2000	1.0000632672607899	1.0	51.829472977509226	0.0	0.0945	88.5600418010086	6.0	512	0.99	-0.010362121212121213	3.59	0	0	0	0	0	0		no_promoter_enhancer_in_queried_epic_tissues	False	not_assessed			not_assessed	pilot_only	not_validated	not_validated	insufficient_evidence_for_safe_harbor	1.0000700059533119	52.93333333333333	2	21.0	33	False
NPNT/TBCK	NC_051836.1	27019411	27021411	2000	1.0124584823548795	1.0	56.797583081571	0.0	0.075	98.58565266927083	6.0	475	0.999	-0.022105105105105112	3.59	0	0	0	0	0	0		no_promoter_enhancer_in_queried_epic_tissues	False	not_assessed			not_assessed	pilot_only	not_validated	not_validated	insufficient_evidence_for_safe_harbor	1.0124652998149395	57.56666666666666	10	22.0	34	False
NPNT/TBCK	NC_051836.1	27019661	27021661	2000	1.0141606288254261	1.0	57.334676065793886	0.0	0.075	98.58565266927083	6.0	355	0.999	-0.004735735735735739	3.59	0	0	0	0	0	0		no_promoter_enhancer_in_queried_epic_tissues	False	not_assessed			not_assessed	pilot_only	not_validated	not_validated	insufficient_evidence_for_safe_harbor	1.0141674599051476	58.099999999999994	10	21.0	34	False
NPNT/TBCK	NC_051836.1	27019911	27021911	2000	1.0125712849795818	1.0	56.797583081571	0.0	0.0695	98.47372590209083	6.0	240	0.999	-0.009336336336336347	3.59	0	0	0	0	0	0		no_promoter_enhancer_in_queried_epic_tissues	False	not_assessed			not_assessed	pilot_only	not_validated	not_validated	insufficient_evidence_for_safe_harbor	1.0125781003534793	57.56666666666666	10	21.0	34	False
NPNT/TBCK	NC_051836.1	27020161	27022161	2000	1.0235854730904101	1.0	60.15441423296408	0.0	0.0		0.0	389	0.999	-0.016786786786786786	4.307	0	0	0	0	67	67	MG	regulatory_annotation_present	False	not_assessed			not_assessed	pilot_only	not_validated	not_validated	regulatory_conflict_requires_resolution	1.0235923593342304	60.96666666666667	10	21.0	34	False
NPNT/TBCK	NC_051836.1	27020411	27022411	2000	1.032267307251692	1.0	62.70560590802282	0.0	0.075	90.84698486328125	55.0	494	0.9975	-0.045366917293233076	4.698	0	0	0	0	314	314	MG	regulatory_annotation_present	False	not_assessed			not_assessed	pilot_only	not_validated	not_validated	regulatory_conflict_requires_resolution	1.0322742566168308	63.733333333333334	9	21.0	34	False
NPNT/TBCK	NC_051836.1	27020661	27022661	2000	1.0003617660403252	1.0	51.86304128902316	0.0	0.125	82.34125671386718	55.0	555	0.9975	-0.038497243107769405	4.698	0	0	0	0	564	564	MG	regulatory_annotation_present	False	not_assessed			not_assessed	pilot_only	not_validated	not_validated	regulatory_conflict_requires_resolution	1.0003684991300106	52.96666666666666	9	21.0	34	False
NPNT/TBCK	NC_051836.1	27020911	27022911	2000	1.0188636296093463	1.0	58.50956696878147	0.0	0.125	82.34125671386718	55.0	695	0.9975	-0.01654636591478697	4.698	0	0	0	0	600	600	MG	regulatory_annotation_present	False	not_assessed			not_assessed	pilot_only	not_validated	not_validated	regulatory_conflict_requires_resolution	1.0188704824447632	59.36666666666667	9	21.0	34	False
NPNT/TBCK	NC_051836.1	27021161	27023161	2000	1.0252180810272693	1.0	60.69150721718698	0.0	0.125	82.34125671386718	55.0	756	0.9975	-0.0025669172932330803	4.698	0	0	0	0	600	600	MG	regulatory_annotation_present	False	not_assessed			not_assessed	pilot_only	not_validated	not_validated	regulatory_conflict_requires_resolution	1.025224978119135	61.53333333333333	9	21.0	34	False
NPNT/TBCK	NC_051836.1	27021411	27023411	2000	1.0239391859769822	1.0	60.255119167505875	0.0	0.125	82.34125671386718	55.0	691	0.9985	0.009478718077115682	4.698	0	0	0	0	600	600	MG	regulatory_annotation_present	False	not_assessed			not_assessed	pilot_only	not_validated	not_validated	regulatory_conflict_requires_resolution	1.0239460766017436	61.06666666666667	9	21.0	31	False
NPNT/TBCK	NC_051836.1	27021661	27023661	2000	1.0354333368241786	1.0	63.71265525344075	0.0	0.125	82.34125671386718	55.0	739	0.9985	0.026126690035052597	6.531	0	0	0	0	600	600	MG	regulatory_annotation_present	False	not_assessed			not_assessed	pilot_only	not_validated	not_validated	regulatory_conflict_requires_resolution	1.0354403048455716	64.73333333333333	9	21.0	32	False
NPNT/TBCK	NC_051836.1	27021911	27023911	2000	1.0690683770775795	1.0	71.1648204095334	0.0	0.125	82.34125671386718	55.0	632	0.9985	0.032272909364046067	6.531	0	0	0	0	600	600	MG	regulatory_annotation_present	False	not_assessed			not_assessed	pilot_only	not_validated	not_validated	regulatory_conflict_requires_resolution	1.0690755777955054	71.86666666666667	9	22.0	40	False
NPNT/TBCK	NC_051836.1	27022161	27024161	2000	1.0918699787259103	1.0	75.36085934877475	0.0	0.1305	82.58856394099094	55.0	631	0.9985	0.06153630445668502	6.531	0	0	0	0	533	533	MG	regulatory_annotation_present	False	not_assessed			not_assessed	pilot_only	not_validated	not_validated	regulatory_conflict_requires_resolution	1.0918773320019246	75.96666666666667	9	23.0	40	False
NPNT/TBCK	NC_051836.1	27022411	27024411	2000	1.1006005759835242	1.0	76.6028868747902	0.0	0.1555	86.71917317381242	64.0	572	1.0	0.061395500000000006	6.531	0	0	0	0	400	400	KI;MG	regulatory_annotation_present	False	not_assessed			not_assessed	pilot_only	not_validated	not_validated	regulatory_conflict_requires_resolution	1.100607982993126	77.16666666666666	9	22.0	40	False
NPNT/TBCK	NC_051836.1	27022661	27024661	2000	1.1162127225995064	1.0	78.38200738502853	0.0	0.125	95.64558563232421	64.0	525	1.0	0.08550850000000002	6.531	0	0	0	0	400	400	KI;MG	regulatory_annotation_present	False	not_assessed			not_assessed	pilot_only	not_validated	not_validated	regulatory_conflict_requires_resolution	1.1162202308773994	78.86666666666666	9	23.0	40	False
NPNT/TBCK	NC_051836.1	27022911	27024911	2000	1.1249045422971249	1.0	79.35548841893252	0.0	0.125	95.64558563232421	64.0	385	1.0	0.208197	10.304	0	0	0	0	614	614	KI	regulatory_annotation_present	False	not_assessed			not_assessed	pilot_only	not_validated	not_validated	regulatory_conflict_requires_resolution	1.1249121102690696	79.83333333333333	9	24.0	40	False
NPNT/TBCK	NC_051836.1	27023161	27025161	2000	1.1154743236005307	1.0	78.3484390735146	0.0	0.125	95.64558563232421	64.0	355	1.0	0.19727550000000002	10.304	0	0	0	0	864	864	KI	regulatory_annotation_present	False	not_assessed			not_assessed	pilot_only	not_validated	not_validated	regulatory_conflict_requires_resolution	1.1154818291068076	78.83333333333333	11	24.0	40	False
NPNT/TBCK	NC_051836.1	27023411	27025411	2000	1.1288857229351998	1.0	79.92614971466935	0.0	0.125	95.64558563232421	64.0	355	1.0	0.2261975	10.304	0	0	0	0	1114	1114	KI	regulatory_annotation_present	False	not_assessed			not_assessed	pilot_only	not_validated	not_validated	regulatory_conflict_requires_resolution	1.1288933185338974	80.36666666666666	11	24.0	40	False
NPNT/TBCK	NC_051836.1	27023661	27025661	2000	1.1390081928670406	1.0	81.03390399462907	0.0	0.15	96.37132136027019	64.0	307	1.0	0.199313	10.304	0	0	0	70	1364	1364	KI	regulatory_annotation_present	False	not_assessed			not_assessed	pilot_only	not_validated	not_validated	regulatory_conflict_requires_resolution	1.1390158531367778	81.5	11	23.0	40	False
NPNT/TBCK	NC_051836.1	27023911	27025911	2000	1.0998592009842396	1.0	76.53575025176234	0.0	0.2	97.27849102020264	64.0	287	1.0	0.20180450000000003	10.304	0	0	0	277	1414	1414	KI;LI	regulatory_annotation_present	False	not_assessed			not_assessed	pilot_only	not_validated	not_validated	regulatory_conflict_requires_resolution	1.0998665985167027	77.06666666666668	11	23.0	34	False
NPNT/TBCK	NC_051836.1	27024161	27026161	2000	1.068139689773321	1.0	70.92984222893588	0.0	0.225	95.65882230122884	65.0	228	1.0	0.21654150000000003	10.304	0	0	0	277	1664	1664	KI;LI;MG	regulatory_annotation_present	False	not_assessed			not_assessed	pilot_only	not_validated	not_validated	regulatory_conflict_requires_resolution	1.068146877795458	71.63333333333334	7	23.0	32	False
NPNT/TBCK	NC_051836.1	27024411	27026411	2000	1.0747088565826417	1.0	72.23900637797918	0.0	0.175	91.62979631696429	69.0	182	1.0	0.235147	10.304	0	0	0	277	1800	1800	KI;LI;MG	regulatory_annotation_present	False	not_assessed			not_assessed	pilot_only	not_validated	not_validated	regulatory_conflict_requires_resolution	1.0747160957753659	72.93333333333332	7	23.0	34	False
NPNT/TBCK	NC_051836.1	27024661	27026661	2000	1.0498246110975742	1.0	66.96878147029204	0.0	0.175	90.72579683576312	69.0	168	1.0	0.309392	10.304	0	0	0	277	1800	1800	KI;LI;MG	regulatory_annotation_present	False	not_assessed			not_assessed	pilot_only	not_validated	not_validated	regulatory_conflict_requires_resolution	1.049831686526537	67.76666666666667	7	23.0	35	False
NPNT/TBCK	NC_051836.1	27024911	27026911	2000	1.057137183189392	1.0	68.37865055387714	0.0	0.175	90.72579683576312	69.0	168	1.0	0.210326	5.9	0	0	0	277	1800	1800	KI;LI;MG	regulatory_annotation_present	False	not_assessed			not_assessed	pilot_only	not_validated	not_validated	regulatory_conflict_requires_resolution	1.0571443147957325	69.06666666666666	7	24.0	35	False
NPNT/TBCK	NC_051836.1	27025161	27027161	2000	1.0789523387849331	1.0	73.4474655924807	0.0	0.175	90.72579683576312	69.0	197	1.0	0.2208665	5.9	0	0	0	277	1736	1736	KI;LI;MG	regulatory_annotation_present	False	not_assessed			not_assessed	pilot_only	not_validated	not_validated	regulatory_conflict_requires_resolution	1.078959617614746	74.13333333333333	7	25.0	35	False
NPNT/TBCK	NC_051836.1	27025411	27027411	2000	1.0709922225177289	1.0	71.53407183618664	0.0	0.1805	90.62601950690356	69.0	369	0.999	0.2030065065065065	5.9	0	0	0	277	1486	1486	KI;LI;MG	regulatory_annotation_present	False	not_assessed			not_assessed	pilot_only	not_validated	not_validated	regulatory_conflict_requires_resolution	1.0709994467794894	72.23333333333333	7	25.0	35	False
NPNT/TBCK	NC_051836.1	27025661	27027661	2000	1.0549702170193196	1.0	67.77442094662638	0.0	0.225	89.2675404018826	69.0	480	0.999	0.20915965965965969	5.9	0	0	0	207	1236	1236	KI;LI;MG	regulatory_annotation_present	False	not_assessed			not_assessed	pilot_only	not_validated	not_validated	regulatory_conflict_requires_resolution	1.0549773341119288	68.60000000000001	7	26.0	35	False
NPNT/TBCK	NC_051836.1	27025911	27027911	2000	1.0603879691362381	1.0	69.21785834172542	0.0	0.175	86.20112337384906	69.0	480	0.999	0.2616996996996997	5.9	0	0	0	0	1186	1186	LI;MG	regulatory_annotation_present	False	not_assessed			not_assessed	pilot_only	not_validated	not_validated	regulatory_conflict_requires_resolution	1.060395117908716	70.0	7	25.5	35	False
NPNT/TBCK	NC_051836.1	27026161	27028161	2000	1.0532705796658992	1.0	67.53944276602887	0.0	0.1695	79.34073637790736	69.0	388	0.999	0.4118868868868869	7.332	0	0	0	0	936	936	LI;MG	regulatory_annotation_present	False	not_assessed			not_assessed	pilot_only	not_validated	not_validated	regulatory_conflict_requires_resolution	1.0532776794433594	68.36666666666666	13	25.0	35	False
NPNT/TBCK	NC_051836.1	27026411	27028411	2000	1.0362337003946305	1.0	63.84692849949648	0.0	0.1445	65.16074587812061	67.0	388	0.999	0.6457797797797797	10.58	0	0	0	0	686	686	LI;MG	regulatory_annotation_present	False	not_assessed			not_assessed	pilot_only	not_validated	not_validated	regulatory_conflict_requires_resolution	1.036240680038929	64.83333333333333	12	24.0	35	False
NPNT/TBCK	NC_051836.1	27026661	27028661	2000	1.0196183689236642	1.0	58.81168177240684	0.0	0.125	60.99142150878906	67.0	388	0.999	0.6464359359359358	10.58	0	0	0	0	436	436	LI;MG	regulatory_annotation_present	False	not_assessed			not_assessed	pilot_only	not_validated	not_validated	regulatory_conflict_requires_resolution	1.0196252372264862	59.699999999999996	10	21.0	35	False
NPNT/TBCK	NC_051836.1	27026911	27028911	2000	1.0145057885944844	1.0	57.43538100033568	0.0	0.125	60.99142150878906	67.0	388	0.999	0.5964299299299299	10.58	0	0	0	0	398	398	CL;KI;LI;LU;MG;SP	regulatory_annotation_present	False	not_assessed			not_assessed	pilot_only	not_validated	not_validated	regulatory_conflict_requires_resolution	1.0145126221776009	58.199999999999996	10	20.5	36	False
NPNT/TBCK	NC_051836.1	27027161	27029161	2000	1.0599145223796367	1.0	69.15072171869755	0.0	0.125	60.99142150878906	67.0	283	0.999	0.5920520520520521	10.58	0	0	0	0	462	462	CL;KI;LI;LU;SP	regulatory_annotation_present	False	not_assessed			not_assessed	pilot_only	not_validated	not_validated	regulatory_conflict_requires_resolution	1.059921662569046	69.93333333333334	10	20.5	44	False
NPNT/TBCK	NC_051836.1	27027411	27029411	2000	1.071282997816801	1.0	71.63477677072844	0.0	0.125	61.54356491088867	67.0	235	1.0	0.589744	10.58	0	0	0	0	712	712	CL;KI;LI;LU;SP	regulatory_annotation_present	False	not_assessed			not_assessed	pilot_only	not_validated	not_validated	regulatory_conflict_requires_resolution	1.0712902128994466	72.33333333333334	10	21.0	44	False
NPNT/TBCK	NC_051836.1	27027661	27029661	2000	1.1022495494782925	1.0	76.83786505538771	0.0	0.1	43.47220420837402	28.0	124	1.0	0.7933499999999999	10.621	0	0	0	0	962	962	CL;KI;LI;LU;MG;SP	regulatory_annotation_present	False	not_assessed			not_assessed	pilot_only	not_validated	not_validated	regulatory_conflict_requires_resolution	1.1022569766044616	77.36666666666666	10	21.5	44	False
NPNT/TBCK	NC_051836.1	27027911	27029911	2000	1.1226269663870334	1.0	79.15407854984893	0.0	0.125	34.77776336669922	28.0	124	1.0	0.789607	10.621	0	0	0	0	1212	1212	CL;KI;LI;LU;MG;SP	regulatory_annotation_present	False	not_assessed			not_assessed	pilot_only	not_validated	not_validated	regulatory_conflict_requires_resolution	1.1226345319449902	79.60000000000001	10	23.0	44	False
NPNT/TBCK	NC_051836.1	27028161	27030161	2000	1.1513591490983963	1.0	82.44377307821416	0.0	0.1	34.314748764038086	28.0	124	1.0	0.5960694999999999	10.621	0	0	0	0	1462	1462	CL;KI;LI;LU;MG;SP	regulatory_annotation_present	False	not_assessed			not_assessed	pilot_only	not_validated	not_validated	regulatory_conflict_requires_resolution	1.1513669078350066	82.83333333333334	10	25.0	44	False
NPNT/TBCK	NC_051836.1	27028411	27030411	2000	1.1611763899624348	1.0	83.45082242363209	0.0	0.075	45.75299835205078	28.0	158	1.0	0.3408385	10.621	0	0	0	0	1712	1712	CL;KI;LI;LU;MG;SP	regulatory_annotation_present	False	not_assessed			not_assessed	pilot_only	not_validated	not_validated	regulatory_conflict_requires_resolution	1.161184216707945	83.86666666666667	10	27.0	44	False
NPNT/TBCK	NC_051836.1	27028661	27030661	2000	1.1839853568673133	1.0	85.5320577374958	0.0	0.075	45.75299835205078	28.0	158	1.0	0.255839	10.621	0	0	0	0	1962	1962	CL;KI;LI;LU;MG;SP	regulatory_annotation_present	False	not_assessed			not_assessed	pilot_only	not_validated	not_validated	regulatory_conflict_requires_resolution	1.183993337482214	85.76666666666667	19	28.0	44	False
NPNT/TBCK	NC_051836.1	27028911	27030911	2000	1.1815192185342311	1.0	85.33064786841223	0.0	0.075	45.75299835205078	28.0	288	1.0	0.282175	10.621	0	0	0	0	1988	1988	CL;KI;LI;LU;MG;SP	regulatory_annotation_present	False	not_assessed			not_assessed	pilot_only	not_validated	not_validated	regulatory_conflict_requires_resolution	1.181527176976204	85.66666666666667	17	27.0	44	False
NPNT/TBCK	NC_051836.1	27029161	27031161	2000	1.1073244679272174	1.0	77.3749580396106	0.0	0.075	45.75299835205078	28.0	353	1.0	0.2828595	10.621	0	0	0	0	1738	1738	CL;KI;LI;LU;MG;SP	regulatory_annotation_present	False	not_assessed			not_assessed	pilot_only	not_validated	not_validated	regulatory_conflict_requires_resolution	1.1073319270610809	77.86666666666666	11	25.0	41	False
NPNT/TBCK	NC_051836.1	27029411	27031411	2000	1.072290325254202	1.0	71.70191339375629	0.0	0.0695	41.460070164083575	28.0	303	1.0	0.2730785	10.621	0	0	0	0	1600	1600	CL;KI;LI;LU;MG;SP	regulatory_annotation_present	False	not_assessed			not_assessed	pilot_only	not_validated	not_validated	regulatory_conflict_requires_resolution	1.072297553420067	72.36666666666667	4	24.0	41	False
NPNT/TBCK	NC_051836.1	27029661	27031661	2000	1.0692962957322598	1.0	71.19838872104734	1.0	0.025	0.0	8.0	553	1.0	0.073042	6.885	0	0	0	0	1600	1600	CL;KI;LU;MG	regulatory_annotation_present	False	not_assessed			not_assessed	pilot_only	not_validated	not_validated	regulatory_conflict_requires_resolution	1.0693035019636155	71.93333333333334	4	24.0	41	False
NPNT/TBCK	NC_051836.1	27029911	27031911	2000	1.0542484384179116	1.0	67.70728432359853	1.0	0.0		0.0	579	1.0	0.06021100000000001	4.905	0	0	0	0	1600	1600	KI;LU;MG	regulatory_annotation_present	False	not_assessed			not_assessed	pilot_only	not_validated	not_validated	regulatory_conflict_requires_resolution	1.054255546182394	68.53333333333333	4	24.0	39	False
NPNT/TBCK	NC_051836.1	27030161	27032161	2000	1.0234982435405255	1.0	60.087277609936216	1.0	0.0		0.0	586	1.0	0.13094650000000002	4.905	0	0	0	0	1600	1600	KI;LU;MG	regulatory_annotation_present	False	not_assessed			not_assessed	pilot_only	not_validated	not_validated	regulatory_conflict_requires_resolution	1.0235051428079605	60.9	4	23.0	39	False
NPNT/TBCK	NC_051836.1	27030411	27032411	2000	0.9852942847907543	1.0	46.76065793890567	1.0	0.0		0.0	760	1.0	0.1476025	4.905	0	0	0	0	1600	1600	KI;LU;MG	regulatory_annotation_present	False	not_assessed			not_assessed	pilot_only	not_validated	not_validated	regulatory_conflict_requires_resolution	0.9853009284734726	48.0	2	21.0	39	False
NPNT/TBCK	NC_051836.1	27030661	27032661	2000	0.9752132381796836	1.0	42.73246055723397	1.0	0.05	100.0	1.0	822	1.0	0.1395245	4.905	0	0	0	0	1600	1600	KI;LU;MG	regulatory_annotation_present	False	not_assessed			not_assessed	pilot_only	not_validated	not_validated	regulatory_conflict_requires_resolution	0.9752198137938977	44.1	2	19.0	39	False
NPNT/TBCK	NC_051836.1	27030911	27032911	2000	0.9668330987095832	1.0	38.972809667673715	1.0	0.05	100.0	1.0	754	1.0	0.13026400000000002	6.125	0	0	0	0	1400	1400	KI;LU	regulatory_annotation_present	False	not_assessed			not_assessed	pilot_only	not_validated	not_validated	regulatory_conflict_requires_resolution	0.9668396180570126	40.46666666666667	2	19.0	36	False
NPNT/TBCK	NC_051836.1	27031161	27033161	2000	0.9647208793759346	1.0	38.23430681436724	1.0	0.05	100.0	1.0	939	1.0	0.1205345	6.125	0	0	0	0	1400	1400	KI;LU	regulatory_annotation_present	False	not_assessed			not_assessed	pilot_only	not_validated	not_validated	regulatory_conflict_requires_resolution	0.9647273793816566	39.7	2	18.0	36	False
NPNT/TBCK	NC_051836.1	27031411	27033411	2000	0.9611768980920314	1.0	36.62302786169855	1.0	0.05	100.0	1.0	994	1.0	0.11959399999999999	6.125	0	0	0	0	1288	1288	KI;LU	regulatory_annotation_present	False	not_assessed			not_assessed	pilot_only	not_validated	not_validated	regulatory_conflict_requires_resolution	0.9611833696961403	38.03333333333334	2	18.0	36	False
NPNT/TBCK	NC_051836.1	27031661	27033661	2000	0.9272362641096115	1.0	23.699227928835178	0.0	0.05	100.0	1.0	842	1.0	0.106593	6.125	0	0	0	0	1038	1038	KI;LU	regulatory_annotation_present	False	not_assessed			not_assessed	pilot_only	not_validated	not_validated	regulatory_conflict_requires_resolution	0.92724251049757	25.366666666666664	2	17.0	30	False
NPNT/TBCK	NC_051836.1	27031911	27033911	2000	0.9083558442294598	1.0	16.717019133937562	0.0	0.075	83.33333333333333	1.0	902	1.0	0.059218	6.125	0	0	0	0	788	788	KI	regulatory_annotation_present	False	not_assessed			not_assessed	pilot_only	not_validated	not_validated	regulatory_conflict_requires_resolution	0.9083619626760483	18.6	2	16.0	30	False
NPNT/TBCK	NC_051836.1	27032161	27034161	2000	0.9344212485551834	1.0	26.04900973481034	0.0	0.1	87.5	1.0	963	1.0	0.008327999999999995	6.125	0	0	0	0	538	538	KI	regulatory_annotation_present	False	not_assessed			not_assessed	pilot_only	not_validated	not_validated	regulatory_conflict_requires_resolution	0.9344275438487529	27.666666666666668	2	16.5	31	False
NPNT/TBCK	NC_051836.1	27032411	27034411	2000	0.9746870412230492	1.0	42.53105068815039	0.0	0.125	88.30155639648437	27.0	899	1.0	-0.008006499999999996	6.125	0	0	0	0	288	288	KI	regulatory_annotation_present	False	not_assessed			not_assessed	pilot_only	not_validated	not_validated	regulatory_conflict_requires_resolution	0.9746936090588569	43.9	5	18.0	34	False
NPNT/TBCK	NC_051836.1	27032661	27034661	2000	0.9839560377299785	1.0	46.22356495468278	0.0	0.1	84.46501922607422	36.0	837	1.0	0.032043999999999996	6.284	0	0	0	0	200	200	KI;ST	regulatory_annotation_present	False	not_assessed			not_assessed	pilot_only	not_validated	not_validated	regulatory_conflict_requires_resolution	0.9839626706838608	47.46666666666667	5	19.0	34	False
NPNT/TBCK	NC_051836.1	27032911	27034911	2000	0.9997516232728958	1.0	51.66163141993958	0.0	0.1305	85.81705474853516	36.0	775	1.0	-0.003353500000000004	6.284	0	0	0	0	400	400	ST	regulatory_annotation_present	False	not_assessed			not_assessed	pilot_only	not_validated	not_validated	regulatory_conflict_requires_resolution	0.9997583639323712	52.76666666666666	5	20.0	34	False
NPNT/TBCK	NC_051836.1	27033161	27035161	2000	1.0111364709734916	1.0	56.294058408862035	0.0	0.15	84.34355545043945	36.0	679	1.0	-0.002184499999999993	6.284	0	0	0	0	462	462	KI;ST	regulatory_annotation_present	False	not_assessed			not_assessed	pilot_only	not_validated	not_validated	regulatory_conflict_requires_resolution	1.011143290400505	57.166666666666664	5	20.0	34	False
NPNT/TBCK	NC_051836.1	27033411	27035411	2000	1.0545465425252913	1.0	67.74085263511246	0.0	0.15	84.34355545043945	36.0	702	1.0	-0.02127899999999999	6.284	0	0	0	0	712	712	KI;ST	regulatory_annotation_present	False	not_assessed			not_assessed	pilot_only	not_validated	not_validated	regulatory_conflict_requires_resolution	1.0545536544024945	68.56666666666666	9	22.0	45	False
NPNT/TBCK	NC_051836.1	27033661	27035661	2000	1.1438856750428676	1.0	81.67170191339376	1.0	0.15	84.34355545043945	36.0	668	1.0	-0.068218	6.284	0	0	0	0	962	962	KI;ST	regulatory_annotation_present	False	not_assessed			not_assessed	pilot_only	not_validated	not_validated	regulatory_conflict_requires_resolution	1.1438933905661106	82.1	9	24.0	45	False
NPNT/TBCK	NC_051836.1	27033911	27035911	2000	1.208589972257614	1.0	87.17690500167842	1.0	0.125	91.21226654052734	36.0	628	1.0	-0.06842599999999999	6.284	0	0	0	0	1012	1012	KI;ST	regulatory_annotation_present	False	not_assessed			not_assessed	pilot_only	not_validated	not_validated	regulatory_conflict_requires_resolution	1.2085981213748456	87.46666666666667	15	25.0	45	False
NPNT/TBCK	NC_051836.1	27034161	27036161	2000	1.2403545411229133	1.0	89.05673044645854	1.0	0.15	73.23244412740071	36.0	560	1.0	-0.0890425	6.284	0	0	0	0	1262	1262	KI;ST	regulatory_annotation_present	False	not_assessed			not_assessed	pilot_only	not_validated	not_validated	regulatory_conflict_requires_resolution	1.2403629079163074	89.26666666666667	15	28.0	45	False
NPNT/TBCK	NC_051836.1	27034411	27036411	2000	1.247369728267193	1.0	89.42598187311178	1.0	0.125	69.57737655639649	36.0	416	1.0	-0.07333599999999998	6.284	0	0	0	0	1512	1512	KI;ST	regulatory_annotation_present	False	not_assessed			not_assessed	pilot_only	not_validated	not_validated	regulatory_conflict_requires_resolution	1.2473781406879425	89.63333333333333	14	28.0	45	False
NPNT/TBCK	NC_051836.1	27034661	27036661	2000	1.2318117452859878	1.0	88.65391070829138	1.0	0.1	62.883646965026855	22.0	416	1.0	-0.07781199999999999	6.87	0	0	0	0	1438	1438	KI;ST	regulatory_annotation_present	False	not_assessed			not_assessed	pilot_only	not_validated	not_validated	regulatory_conflict_requires_resolution	1.231820044785738	88.86666666666667	14	28.0	45	False
NPNT/TBCK	NC_051836.1	27034911	27036911	2000	1.197201451510191	1.0	86.6062437059416	1.0	0.0695	50.87397085505424	4.0	416	1.0	0.02209650000000002	6.87	0	0	0	0	1200	1200	KI	regulatory_annotation_present	False	not_assessed			not_assessed	pilot_only	not_validated	not_validated	regulatory_conflict_requires_resolution	1.1972095191180705	86.83333333333333	14	27.0	45	False
NPNT/TBCK	NC_051836.1	27035161	27037161	2000	1.1850147340893746	1.0	85.66633098355153	1.0	0.05	41.66666603088379	1.0	366	1.0	0.060018	6.87	0	0	0	0	1138	1138	KI	regulatory_annotation_present	False	not_assessed			not_assessed	pilot_only	not_validated	not_validated	regulatory_conflict_requires_resolution	1.1850227182805537	85.93333333333332	14	28.0	45	False
NPNT/TBCK	NC_051836.1	27035411	27037411	2000	1.1816478221714497	1.0	85.33064786841223	1.0	0.05	41.66666603088379	1.0	214	1.0	0.07076	6.87	0	0	0	0	888	888	KI	regulatory_annotation_present	False	not_assessed			not_assessed	pilot_only	not_validated	not_validated	regulatory_conflict_requires_resolution	1.1816557807326318	85.66666666666667	14	28.0	45	False
NPNT/TBCK	NC_051836.1	27035661	27037661	2000	1.138034550577402	1.0	80.86606243705941	0.0	0.1	67.90369701385498	5.0	199	1.0	0.10350050000000001	6.87	0	0	0	0	800	800	KI;LU	regulatory_annotation_present	False	not_assessed			not_assessed	pilot_only	not_validated	not_validated	regulatory_conflict_requires_resolution	1.1380422123074532	81.33333333333333	14	27.0	42	False
NPNT/TBCK	NC_051836.1	27035911	27037911	2000	1.1112901349663735	1.0	77.74420946626385	0.0	0.1	67.90369701385498	5.0	276	1.0	0.09982550000000003	6.87	0	0	0	0	1000	1000	KI;LU	regulatory_annotation_present	False	not_assessed			not_assessed	pilot_only	not_validated	not_validated	regulatory_conflict_requires_resolution	1.111297617405653	78.23333333333333	14	26.0	40	False
NPNT/TBCK	NC_051836.1	27036161	27038161	2000	1.0896296102702618	1.0	75.05874454514938	0.0	0.05	94.14072799682617	5.0	276	1.0	0.30042100000000005	9.999	0	0	0	0	938	938	KI;LU	regulatory_annotation_present	False	not_assessed			not_assessed	pilot_only	not_validated	not_validated	regulatory_conflict_requires_resolution	1.0896369464099407	75.66666666666667	12	24.0	38	False
NPNT/TBCK	NC_051836.1	27036411	27038411	2000	1.0633144797086715	1.0	69.95636119503189	0.0	0.05	94.14072799682617	5.0	276	1.0	0.3193225	9.999	0	0	0	0	688	688	KI;LU	regulatory_annotation_present	False	not_assessed			not_assessed	pilot_only	not_validated	not_validated	regulatory_conflict_requires_resolution	1.0633216346800327	70.7	12	23.0	38	False
NPNT/TBCK	NC_051836.1	27036661	27038661	2000	1.052392008304596	1.0	67.50587445451494	0.0	0.05	94.14072799682617	5.0	419	1.0	0.3429105	9.999	0	0	0	0	600	600	LU	regulatory_annotation_present	False	not_assessed			not_assessed	pilot_only	not_validated	not_validated	regulatory_conflict_requires_resolution	1.0523990912735461	68.33333333333333	12	22.5	38	False
NPNT/TBCK	NC_051836.1	27036911	27038911	2000	1.0669526771605016	1.0	70.79556898288017	0.0	0.05	94.14072799682617	5.0	580	1.0	0.27122050000000003	9.999	0	0	0	0	600	600	LU	regulatory_annotation_present	False	not_assessed			not_assessed	pilot_only	not_validated	not_validated	regulatory_conflict_requires_resolution	1.0669598572552204	71.5	12	23.0	38	False
NPNT/TBCK	NC_051836.1	27037161	27039161	2000	1.0764301256984472	1.0	72.64182611614636	0.0	0.05	94.14072799682617	5.0	539	1.0	0.2209965	9.999	0	0	0	0	600	600	LU	regulatory_annotation_present	False	not_assessed			not_assessed	pilot_only	not_validated	not_validated	regulatory_conflict_requires_resolution	1.0764373743832112	73.33333333333333	8	23.0	38	False
NPNT/TBCK	NC_051836.1	27037411	27039411	2000	1.0476135365515948	1.0	66.46525679758308	0.0	0.05	94.14072799682617	5.0	565	1.0	0.27223249999999993	9.999	0	0	0	0	716	600	LU	regulatory_annotation_present	False	not_assessed			not_assessed	pilot_only	not_validated	not_validated	regulatory_conflict_requires_resolution	1.047620595097542	67.36666666666666	8	21.0	38	False
NPNT/TBCK	NC_051836.1	27037661	27039661	2000	1.005581413194537	1.0	54.04498153742867	0.0	0.0305	88.68966124487704	19.0	516	1.0	0.29548850000000004	9.999	0	0	0	0	804	438	LU	regulatory_annotation_present	False	not_assessed			not_assessed	pilot_only	not_validated	not_validated	regulatory_conflict_requires_resolution	1.0055881853997708	55.03333333333333	8	21.0	38	False
NPNT/TBCK	NC_051836.1	27037911	27039911	2000	1.0042611691504717	1.0	53.709298422289365	0.0	0.05	89.01605987548828	19.0	393	1.0	0.30121200000000004	9.999	0	0	0	0	588	188	LU	regulatory_annotation_present	False	not_assessed			not_assessed	pilot_only	not_validated	not_validated	regulatory_conflict_requires_resolution	1.0042679357528685	54.666666666666664	8	21.0	38	False
NPNT/TBCK	NC_051836.1	27038161	27040161	2000	1.0043735326081515	1.0	53.776435045317214	0.0	0.05	89.01605987548828	19.0	429	1.0	0.170654	8.484	0	0	0	0	400	0		no_promoter_enhancer_in_queried_epic_tissues	False	not_assessed			not_assessed	pilot_only	not_validated	not_validated	insufficient_evidence_for_safe_harbor	1.0043802989721298	54.733333333333334	8	21.0	38	False
NPNT/TBCK	NC_051836.1	27038411	27040411	2000	1.022217782214284	1.0	59.483048002685464	0.0	0.075	92.67737325032552	19.0	608	1.0	0.1795725	8.484	0	0	0	0	400	0		no_promoter_enhancer_in_queried_epic_tissues	False	not_assessed			not_assessed	pilot_only	not_validated	not_validated	insufficient_evidence_for_safe_harbor	1.0222246698439121	60.333333333333336	8	21.5	38	False
NPNT/TBCK	NC_051836.1	27038661	27040661	2000	1.0428109292834997	1.0	65.69318563276268	0.0	0.075	92.67737325032552	19.0	529	1.0	0.16007500000000002	8.484	0	0	0	0	400	0		no_promoter_enhancer_in_queried_epic_tissues	False	not_assessed			not_assessed	pilot_only	not_validated	not_validated	insufficient_evidence_for_safe_harbor	1.0428179559707642	66.56666666666666	8	22.0	38	False
NPNT/TBCK	NC_051836.1	27038911	27040911	2000	1.050875380501151	1.0	67.1366230278617	0.0	0.125	95.6064239501953	19.0	527	1.0	0.1587505	8.484	0	0	0	0	400	0		no_promoter_enhancer_in_queried_epic_tissues	False	not_assessed			not_assessed	pilot_only	not_validated	not_validated	insufficient_evidence_for_safe_harbor	1.0508824640512466	68.0	8	22.0	38	False
NPNT/TBCK	NC_051836.1	27039161	27041161	2000	1.0735446939468383	1.0	71.93689157435381	0.0	0.125	95.6064239501953	19.0	714	1.0	0.188684	8.484	0	0	0	0	400	0		no_promoter_enhancer_in_queried_epic_tissues	False	not_assessed			not_assessed	pilot_only	not_validated	not_validated	insufficient_evidence_for_safe_harbor	1.0735519270896912	72.6	11	24.0	38	False
NPNT/TBCK	NC_051836.1	27039411	27041411	2000	1.1023339083492756	1.0	76.83786505538771	1.0	0.125	95.6064239501953	19.0	773	1.0	0.158036	8.484	0	0	0	0	284	0		no_promoter_enhancer_in_queried_epic_tissues	False	not_assessed			not_assessed	pilot_only	not_validated	not_validated	insufficient_evidence_for_safe_harbor	1.1023413357436658	77.36666666666666	11	25.0	40	False
NPNT/TBCK	NC_051836.1	27039661	27041661	2000	1.1545452527999878	1.0	82.64518294729774	2.0	0.1445	86.10443107314589	68.0	773	1.0	0.14648250000000002	8.484	0	0	0	0	34	0		no_promoter_enhancer_in_queried_epic_tissues	False	not_assessed			not_assessed	pilot_only	not_validated	not_validated	insufficient_evidence_for_safe_harbor	1.1545530321002007	83.0	11	26.0	48	False
NPNT/TBCK	NC_051836.1	27039911	27041911	2000	1.1611993590593337	1.0	83.45082242363209	2.0	0.125	85.57057571411133	68.0	801	1.0	0.14553799999999997	8.484	0	0	0	0	0	0		no_promoter_enhancer_in_queried_epic_tissues	False	not_assessed			not_assessed	pilot_only	not_validated	not_validated	insufficient_evidence_for_safe_harbor	1.1612071783840656	83.86666666666667	11	26.0	48	False
NPNT/TBCK	NC_051836.1	27040161	27042161	2000	1.1605573931634425	1.0	83.41725411211816	2.0	0.125	85.57057571411133	68.0	809	1.0	0.0858405	4.905	0	0	0	0	0	0		no_promoter_enhancer_in_queried_epic_tissues	False	not_assessed			not_assessed	pilot_only	not_validated	not_validated	insufficient_evidence_for_safe_harbor	1.1605652072131634	83.83333333333334	11	26.0	48	False
NPNT/TBCK	NC_051836.1	27040411	27042411	2000	1.1691332422196865	1.0	84.08862034239678	2.0	0.1055	82.90352572762006	68.0	843	1.0	0.03485599999999999	4.905	0	0	0	6	0	0		no_promoter_enhancer_in_queried_epic_tissues	False	not_assessed			not_assessed	pilot_only	not_validated	not_validated	insufficient_evidence_for_safe_harbor	1.169141112834215	84.33333333333334	11	27.5	48	False
NPNT/TBCK	NC_051836.1	27040661	27042661	2000	1.164544417232275	1.0	83.78650553877141	2.0	0.175	88.06298337663922	68.0	918	1.0	0.010464999999999997	4.905	0	0	0	206	0	0		no_promoter_enhancer_in_queried_epic_tissues	False	not_assessed			not_assessed	pilot_only	not_validated	not_validated	insufficient_evidence_for_safe_harbor	1.1645522576272487	84.1	9	27.5	48	False
NPNT/TBCK	NC_051836.1	27040911	27042911	2000	1.1463933084309101	1.0	82.00738502853306	2.0	0.15	82.52173932393391	68.0	971	1.0	0.019198999999999997	4.905	0	0	0	206	0	0		no_promoter_enhancer_in_queried_epic_tissues	False	not_assessed			not_assessed	pilot_only	not_validated	not_validated	insufficient_evidence_for_safe_harbor	1.1464010248184204	82.39999999999999	9	25.0	48	False
NPNT/TBCK	NC_051836.1	27041161	27043161	2000	1.1243047696948052	1.0	79.28835179590466	2.0	0.15	82.52173932393391	68.0	721	1.0	0.12419900000000006	6.391	0	0	0	206	0	0		no_promoter_enhancer_in_queried_epic_tissues	False	not_assessed			not_assessed	pilot_only	not_validated	not_validated	insufficient_evidence_for_safe_harbor	1.1243123365938663	79.73333333333333	9	25.0	48	False
NPNT/TBCK	NC_051836.1	27041411	27043411	2000	1.1020949756205083	1.0	76.83786505538771	2.0	0.15	82.52173932393391	68.0	636	1.0	0.1697845	8.785	0	0	0	206	0	0		no_promoter_enhancer_in_queried_epic_tissues	False	not_assessed			not_assessed	pilot_only	not_validated	not_validated	insufficient_evidence_for_safe_harbor	1.102102392822504	77.36666666666666	9	24.0	48	False
NPNT/TBCK	NC_051836.1	27041661	27043661	2000	1.0201922455132009	1.0	58.94595501846257	2.0	0.1305	93.7313328300856	53.0	636	1.0	0.17650500000000002	8.785	0	0	0	206	0	0		no_promoter_enhancer_in_queried_epic_tissues	False	not_assessed			not_assessed	pilot_only	not_validated	not_validated	insufficient_evidence_for_safe_harbor	1.0201991115808486	59.833333333333336	9	21.0	44	False
NPNT/TBCK	NC_051836.1	27041911	27043911	2000	0.9851679564118385	1.0	46.76065793890567	0.0	0.15	94.54625956217448	53.0	608	1.0	0.1788105	8.785	0	0	0	206	16	0		no_promoter_enhancer_in_queried_epic_tissues	False	not_assessed			not_assessed	pilot_only	not_validated	not_validated	insufficient_evidence_for_safe_harbor	0.9851745893657208	48.0	9	19.0	36	False
NPNT/TBCK	NC_051836.1	27042161	27044161	2000	0.9699851544797421	1.0	40.38267875125881	0.0	0.15	94.54625956217448	53.0	694	1.0	0.18500400000000006	8.785	0	0	0	206	266	0		no_promoter_enhancer_in_queried_epic_tissues	False	not_assessed			not_assessed	pilot_only	not_validated	not_validated	insufficient_evidence_for_safe_harbor	0.9699916835129261	41.833333333333336	9	19.0	36	False
NPNT/TBCK	NC_051836.1	27042411	27044411	2000	0.9530944437682629	1.0	33.60187982544478	0.0	0.1445	94.33867774620188	53.0	527	1.0	0.20661650000000004	8.785	0	0	0	200	516	0		no_promoter_enhancer_in_queried_epic_tissues	False	not_assessed			not_assessed	pilot_only	not_validated	not_validated	insufficient_evidence_for_safe_harbor	0.9531008626520634	35.06666666666667	9	18.5	30	False
NPNT/TBCK	NC_051836.1	27042661	27044661	2000	0.9547791293561458	1.0	34.1725411211816	0.0	0.075	92.89651743570964	18.0	388	1.0	0.213561	8.785	0	0	0	0	766	166	KI	regulatory_annotation_present	False	not_assessed			not_assessed	pilot_only	not_validated	not_validated	regulatory_conflict_requires_resolution	0.9547855629622937	35.6	9	19.0	33	False
NPNT/TBCK	NC_051836.1	27042911	27044911	2000	0.9368265552520751	1.0	26.753944276602887	0.0	0.1	86.41974067687988	8.0	229	1.0	0.21463300000000005	8.785	0	0	0	0	1000	400	KI	regulatory_annotation_present	False	not_assessed			not_assessed	pilot_only	not_validated	not_validated	regulatory_conflict_requires_resolution	0.9368328668475151	28.4	9	19.0	33	False
NPNT/TBCK	NC_051836.1	27043161	27045161	2000	0.9375239254832268	1.0	27.123195703256126	0.0	0.1	86.41974067687988	8.0	254	1.0	0.08795399999999999	8.785	0	0	0	0	1000	400	KI	regulatory_annotation_present	False	not_assessed			not_assessed	pilot_only	not_validated	not_validated	regulatory_conflict_requires_resolution	0.937530243575573	28.733333333333334	9	19.0	33	False
NPNT/TBCK	NC_051836.1	27043411	27045411	2000	0.9445210714042187	1.0	30.11077542799597	0.0	0.125	89.1357925415039	8.0	254	1.0	0.033844	4.281	0	0	0	0	1000	400	KI	regulatory_annotation_present	False	not_assessed			not_assessed	pilot_only	not_validated	not_validated	regulatory_conflict_requires_resolution	0.9445274384617806	31.566666666666666	9	20.0	33	False
NPNT/TBCK	NC_051836.1	27043661	27045661	2000	0.9795261851847171	1.0	44.54514937898624	0.0	0.1445	90.60189666220062	8.0	254	1.0	0.021213500000000003	4.281	0	0	0	0	1000	400	KI	regulatory_annotation_present	False	not_assessed			not_assessed	pilot_only	not_validated	not_validated	regulatory_conflict_requires_resolution	0.9795327871739864	45.733333333333334	9	22.0	33	False
NPNT/TBCK	NC_051836.1	27043911	27045911	2000	0.9614077924787998	1.0	36.79086941926821	0.0	0.125	89.1357925415039	8.0	500	1.0	0.039703	2.765	0	0	0	0	984	400	KI	regulatory_annotation_present	False	not_assessed			not_assessed	pilot_only	not_validated	not_validated	regulatory_conflict_requires_resolution	0.9614142743349076	38.2	9	20.0	33	False
NPNT/TBCK	NC_051836.1	27044161	27046161	2000	0.9515995663404465	1.0	32.997650218194025	0.0	0.125	89.1357925415039	8.0	491	1.0	0.05129450000000001	2.765	0	0	0	0	734	400	KI	regulatory_annotation_present	False	not_assessed			not_assessed	pilot_only	not_validated	not_validated	regulatory_conflict_requires_resolution	0.9516059828698635	34.53333333333333	9	19.0	33	False
NPNT/TBCK	NC_051836.1	27044411	27046411	2000	0.9244093741476536	1.0	22.89358845250084	0.0	0.15	89.84315617879231	12.0	586	1.0	0.048420000000000005	2.765	0	0	0	0	608	524	KI;MG	regulatory_annotation_present	False	not_assessed			not_assessed	pilot_only	not_validated	not_validated	regulatory_conflict_requires_resolution	0.924415609151125	24.633333333333333	1	19.0	33	False
NPNT/TBCK	NC_051836.1	27044661	27046661	2000	0.9142140736877918	1.0	18.898959382343065	0.0	0.15	89.84315617879231	12.0	788	1.0	0.0617575	2.765	0	0	0	0	608	608	KI;MG	regulatory_annotation_present	False	not_assessed			not_assessed	pilot_only	not_validated	not_validated	regulatory_conflict_requires_resolution	0.9142202364206314	20.8	1	17.0	31	False
NPNT/TBCK	NC_051836.1	27044911	27046911	2000	0.9367295804321766	1.0	26.720375965088955	0.0	0.1	98.3449935913086	12.0	985	1.0	0.074684	2.765	0	0	0	0	624	400	KI;MG	regulatory_annotation_present	False	not_assessed			not_assessed	pilot_only	not_validated	not_validated	regulatory_conflict_requires_resolution	0.9367358938753605	28.366666666666667	1	17.0	31	False
NPNT/TBCK	NC_051836.1	27045161	27047161	2000	0.9310585450530052	1.0	24.8069822087949	0.0	0.1	98.3449935913086	12.0	1210	1.0	0.0939205	2.765	0	0	0	0	800	400	KI;MG	regulatory_annotation_present	False	not_assessed			not_assessed	pilot_only	not_validated	not_validated	regulatory_conflict_requires_resolution	0.9310648204684258	26.5	1	16.0	31	False
NPNT/TBCK	NC_051836.1	27045411	27047411	2000	0.9013965303301811	1.0	14.501510574018129	0.0	0.075	97.79332478841145	12.0	1460	1.0	0.11466299999999999	2.765	0	0	0	0	800	400	KI;MG	regulatory_annotation_present	False	not_assessed			not_assessed	pilot_only	not_validated	not_validated	regulatory_conflict_requires_resolution	0.90140260258317	16.433333333333334	1	15.0	31	False
NPNT/TBCK	NC_051836.1	27045661	27047661	2000	0.8991518801748752	1.0	13.79657603222558	0.0	0.025	93.37997436523438	12.0	1710	1.0	0.13255150000000002	2.312	0	0	0	0	800	400	KI;MG	regulatory_annotation_present	False	not_assessed			not_assessed	pilot_only	not_validated	not_validated	regulatory_conflict_requires_resolution	0.8991579423546792	15.766666666666667	1	15.0	31	False
NPNT/TBCK	NC_051836.1	27045911	27047911	2000	0.9277130054831505	1.0	23.76636455186304	0.0	0.025	93.37997436523438	12.0	1714	1.0	0.1373925	2.312	0	0	0	0	800	400	KI;MG	regulatory_annotation_present	False	not_assessed			not_assessed	pilot_only	not_validated	not_validated	regulatory_conflict_requires_resolution	0.9277192593216896	25.433333333333337	1	15.0	31	False
NPNT/TBCK	NC_051836.1	27046161	27048161	2000	0.9234292663931847	1.0	22.591473648875464	0.0	0.025	93.37997436523438	12.0	1804	1.0	0.11858800000000001	2.856	0	0	0	0	800	400	KI;MG	regulatory_annotation_present	False	not_assessed			not_assessed	pilot_only	not_validated	not_validated	regulatory_conflict_requires_resolution	0.9234354949593544	24.266666666666666	1	16.0	31	False
NPNT/TBCK	NC_051836.1	27046411	27048411	2000	0.9623907677233219	1.0	37.32796240349111	0.0	0.0		0.0	1754	1.0	0.10929149999999999	2.856	0	0	0	0	676	276	KI;MG	regulatory_annotation_present	False	not_assessed			not_assessed	pilot_only	not_validated	not_validated	regulatory_conflict_requires_resolution	0.9623972572982311	38.733333333333334	6	16.5	31	False
NPNT/TBCK	NC_051836.1	27046661	27048661	2000	0.9917879998981952	1.0	49.244712990936556	0.0	0.025	0.0	1.0	1669	1.0	0.107823	3.731	0	0	0	0	426	26	KI;MG	regulatory_annotation_present	False	not_assessed			not_assessed	pilot_only	not_validated	not_validated	regulatory_conflict_requires_resolution	0.9917946916520596	50.366666666666674	6	18.0	34	False
NPNT/TBCK	NC_051836.1	27046911	27048911	2000	0.9907232752144337	1.0	48.774756629741525	0.0	0.025	0.0	1.0	1419	1.0	0.107507	4.299	0	0	0	0	176	0		no_promoter_enhancer_in_queried_epic_tissues	False	not_assessed			not_assessed	pilot_only	not_validated	not_validated	insufficient_evidence_for_safe_harbor	0.990729961514473	49.93333333333334	6	20.0	34	False
NPNT/TBCK	NC_051836.1	27047161	27049161	2000	1.0003876761496067	1.0	51.89660960053709	0.0	0.025	0.0	1.0	1169	1.0	0.1321575	7.173	0	0	0	0	0	0		no_promoter_enhancer_in_queried_epic_tissues	False	not_assessed			not_assessed	pilot_only	not_validated	not_validated	insufficient_evidence_for_safe_harbor	1.000394428908825	53.0	6	21.0	34	False
NPNT/TBCK	NC_051836.1	27047411	27049411	2000	1.0372131803631783	1.0	64.14904330312186	0.0	0.025	0.0	1.0	919	1.0	0.27899	10.231	0	0	0	0	0	0		no_promoter_enhancer_in_queried_epic_tissues	False	not_assessed			not_assessed	pilot_only	not_validated	not_validated	insufficient_evidence_for_safe_harbor	1.0372201819419862	65.06666666666666	8	23.0	37	False
NPNT/TBCK	NC_051836.1	27047661	27049661	2000	1.0539653581082822	1.0	67.64014770057067	0.0	0.025	0.0	1.0	669	1.0	0.33559799999999995	10.231	0	0	0	0	0	0		no_promoter_enhancer_in_queried_epic_tissues	False	not_assessed			not_assessed	pilot_only	not_validated	not_validated	insufficient_evidence_for_safe_harbor	1.0539724670946597	68.46666666666667	13	23.0	37	False
NPNT/TBCK	NC_051836.1	27047911	27049911	2000	1.0467492790222168	1.0	66.36455186304129	0.0	0.025	0.0	1.0	419	1.0	0.325596	10.231	0	0	0	0	224	224	KI	regulatory_annotation_present	False	not_assessed			not_assessed	pilot_only	not_validated	not_validated	regulatory_conflict_requires_resolution	1.046756338596344	67.26666666666667	13	24.0	37	False
NPNT/TBCK	NC_051836.1	27048161	27050161	2000	1.0645121466517449	1.0	70.25847599865726	0.0	0.025	0.0	1.0	208	1.0	0.42676649999999994	10.231	0	0	0	0	474	474	KI	regulatory_annotation_present	False	not_assessed			not_assessed	pilot_only	not_validated	not_validated	regulatory_conflict_requires_resolution	1.0645193238258361	70.96666666666667	13	24.0	37	False
NPNT/TBCK	NC_051836.1	27048411	27050411	2000	1.049234149336815	1.0	66.90164484726418	0.0	0.0305	18.0327868852459	2.0	117	1.0	0.45202099999999995	10.231	0	0	0	0	600	600	KI	regulatory_annotation_present	False	not_assessed			not_assessed	pilot_only	not_validated	not_validated	regulatory_conflict_requires_resolution	1.0492412229180337	67.7	14	24.0	37	False
NPNT/TBCK	NC_051836.1	27048661	27050661	2000	1.0334091907143592	1.0	63.10842564618999	0.0	0.025	100.0	2.0	0	1.0	0.5850804999999999	10.231	0	0	0	0	600	600	KI	regulatory_annotation_present	False	not_assessed			not_assessed	pilot_only	not_validated	not_validated	regulatory_conflict_requires_resolution	1.033416155129671	64.1	15	24.0	37	False
NPNT/TBCK	NC_051836.1	27048911	27050911	2000	1.0459855779111384	1.0	66.23027861698556	0.0	0.025	100.0	2.0	46	1.0	0.648925	10.231	0	0	0	0	600	600	KI	regulatory_annotation_present	False	not_assessed			not_assessed	pilot_only	not_validated	not_validated	regulatory_conflict_requires_resolution	1.0459926260709762	67.2	15	24.0	37	False
NPNT/TBCK	NC_051836.1	27049161	27051161	2000	1.044937323540449	1.0	66.06243705941591	0.0	0.025	100.0	2.0	52	1.0	0.6530955	10.231	0	0	0	0	600	600	KI	regulatory_annotation_present	False	not_assessed			not_assessed	pilot_only	not_validated	not_validated	regulatory_conflict_requires_resolution	1.044944365233183	66.93333333333334	9	24.0	37	False
NPNT/TBCK	NC_051836.1	27049411	27051411	2000	1.0519592035412788	1.0	67.40516951997314	0.0	0.025	100.0	2.0	52	1.0	0.48503949999999996	9.998	0	0	0	0	600	600	KI	regulatory_annotation_present	False	not_assessed			not_assessed	pilot_only	not_validated	not_validated	regulatory_conflict_requires_resolution	1.0519662897586823	68.23333333333333	9	23.0	37	False
NPNT/TBCK	NC_051836.1	27049661	27051661	2000	1.0499906986057759	1.0	67.0359180933199	0.0	0.05	100.0	2.0	78	1.0	0.42508899999999994	8.219	0	0	0	0	600	600	KI	regulatory_annotation_present	False	not_assessed			not_assessed	pilot_only	not_validated	not_validated	regulatory_conflict_requires_resolution	1.0499977751076222	67.86666666666666	9	23.0	33	False
NPNT/TBCK	NC_051836.1	27049911	27051911	2000	1.0571784238517283	1.0	68.37865055387714	0.0	0.05	100.0	2.0	233	1.0	0.42589099999999996	8.219	0	0	0	0	376	376	KI	regulatory_annotation_present	False	not_assessed			not_assessed	pilot_only	not_validated	not_validated	regulatory_conflict_requires_resolution	1.0571855447888374	69.06666666666666	9	22.0	33	False
NPNT/TBCK	NC_051836.1	27050161	27052161	2000	1.0543577687144279	1.0	67.74085263511246	0.0	0.0555	97.52452912201753	2.0	343	1.0	0.33745650000000005	8.219	0	0	0	0	126	126	KI	regulatory_annotation_present	False	not_assessed			not_assessed	pilot_only	not_validated	not_validated	regulatory_conflict_requires_resolution	1.0543648710548879	68.56666666666666	6	21.0	33	False
NPNT/TBCK	NC_051836.1	27050411	27052411	2000	1.0720363333225251	1.0	71.66834508224237	0.0	0.0695	91.01447784643379	2.0	343	1.0	0.33018400000000003	8.219	0	0	0	0	0	0		no_promoter_enhancer_in_queried_epic_tissues	False	not_assessed			not_assessed	pilot_only	not_validated	not_validated	insufficient_evidence_for_safe_harbor	1.0720435543358326	72.33333333333334	6	21.0	33	False
NPNT/TBCK	NC_051836.1	27050661	27052661	2000	1.0647219328284263	1.0	70.32561262168512	0.0	0.05	87.51012420654297	2.0	447	1.0	0.19464550000000003	8.219	0	0	0	0	0	0		no_promoter_enhancer_in_queried_epic_tissues	False	not_assessed			not_assessed	pilot_only	not_validated	not_validated	insufficient_evidence_for_safe_harbor	1.06472910836339	71.03333333333333	6	20.0	33	False
NPNT/TBCK	NC_051836.1	27050911	27052911	2000	1.058022032290697	1.0	68.74790198053037	0.0	0.05	87.51012420654297	2.0	437	1.0	0.15214350000000001	4.807	0	0	0	0	0	0		no_promoter_enhancer_in_queried_epic_tissues	False	not_assessed			not_assessed	pilot_only	not_validated	not_validated	insufficient_evidence_for_safe_harbor	1.0580291631817818	69.46666666666667	6	20.0	33	False
NPNT/TBCK	NC_051836.1	27051161	27053161	2000	1.0838115912377835	1.0	74.32024169184291	0.0	0.05	87.51012420654297	2.0	463	1.0	0.15905400000000003	5.121	0	0	0	0	84	84	KI	regulatory_annotation_present	False	not_assessed			not_assessed	pilot_only	not_validated	not_validated	regulatory_conflict_requires_resolution	1.0838188921511174	74.96666666666667	6	20.0	35	False
NPNT/TBCK	NC_051836.1	27051411	27053411	2000	1.0908756762444973	1.0	75.26015441423296	0.0	0.05	87.51012420654297	2.0	506	1.0	0.1704635	5.121	0	0	0	0	334	334	KI	regulatory_annotation_present	False	not_assessed			not_assessed	pilot_only	not_validated	not_validated	regulatory_conflict_requires_resolution	1.0908830282092095	75.86666666666667	6	20.0	35	False
NPNT/TBCK	NC_051836.1	27051661	27053661	2000	1.0796043006777762	1.0	73.51460221550856	0.0	0.025	75.02024841308594	2.0	586	1.0	0.1807735	5.121	0	0	0	0	584	584	KI	regulatory_annotation_present	False	not_assessed			not_assessed	pilot_only	not_validated	not_validated	regulatory_conflict_requires_resolution	1.0796115727126598	74.2	6	20.0	35	False
NPNT/TBCK	NC_051836.1	27051911	27053911	2000	1.0625728236734866	1.0	69.78851963746223	0.0	0.025	75.02024841308594	2.0	575	1.0	0.18738600000000002	5.121	0	0	0	0	600	600	KI	regulatory_annotation_present	False	not_assessed			not_assessed	pilot_only	not_validated	not_validated	regulatory_conflict_requires_resolution	1.0625799829661846	70.53333333333333	6	20.0	35	False
NPNT/TBCK	NC_051836.1	27052161	27054161	2000	1.0676085777580737	1.0	70.86270560590803	0.0	0.0695	75.005681209427	2.0	686	1.0	0.19827950000000003	5.121	0	0	0	0	600	600	KI	regulatory_annotation_present	False	not_assessed			not_assessed	pilot_only	not_validated	not_validated	regulatory_conflict_requires_resolution	1.0676157722175121	71.56666666666666	12	21.0	35	False
NPNT/TBCK	NC_051836.1	27052411	27054411	2000	1.057213593661785	1.0	68.37865055387714	0.0	0.05	75.0	1.0	785	1.0	0.1971465	5.121	0	0	0	0	600	600	KI	regulatory_annotation_present	False	not_assessed			not_assessed	pilot_only	not_validated	not_validated	regulatory_conflict_requires_resolution	1.057220715880394	69.06666666666666	12	21.0	35	False
NPNT/TBCK	NC_051836.1	27052661	27054661	2000	1.0594437688589096	1.0	69.05001678415576	0.0	0.05	75.0	1.0	871	1.0	0.2024485	5.121	0	0	0	0	600	600	KI	regulatory_annotation_present	False	not_assessed			not_assessed	pilot_only	not_validated	not_validated	regulatory_conflict_requires_resolution	1.0594509042203426	69.83333333333334	9	22.5	35	False
NPNT/TBCK	NC_051836.1	27052911	27054911	2000	1.077705030053854	1.0	73.1117824773414	0.0	0.05	75.0	1.0	931	1.0	0.17214100000000002	5.121	0	0	0	0	600	600	KI	regulatory_annotation_present	False	not_assessed			not_assessed	pilot_only	not_validated	not_validated	regulatory_conflict_requires_resolution	1.0777122898995877	73.8	9	23.5	35	False
NPNT/TBCK	NC_051836.1	27053161	27055161	2000	1.047843978382647	1.0	66.46525679758308	0.0	0.05	75.0	1.0	1116	1.0	0.14154399999999998	3.111	0	0	0	0	600	516	KI	regulatory_annotation_present	False	not_assessed			not_assessed	pilot_only	not_validated	not_validated	regulatory_conflict_requires_resolution	1.047851038053632	67.36666666666666	2	23.5	35	False
NPNT/TBCK	NC_051836.1	27053411	27055411	2000	1.0142251964285969	1.0	57.334676065793886	0.0	0.1	87.5	3.0	1140	1.0	0.12895749999999997	3.111	0	0	0	0	600	266	KI	regulatory_annotation_present	False	not_assessed			not_assessed	pilot_only	not_validated	not_validated	regulatory_conflict_requires_resolution	1.014232030019164	58.099999999999994	2	21.0	35	False
NPNT/TBCK	NC_051836.1	27053661	27055661	2000	1.0050102431550623	1.0	53.977844914400805	0.0	0.1	87.5	3.0	1034	1.0	0.09865399999999999	3.168	0	0	0	0	412	16	KI	regulatory_annotation_present	False	not_assessed			not_assessed	pilot_only	not_validated	not_validated	regulatory_conflict_requires_resolution	1.00501701451838	54.93333333333334	2	20.5	35	False
NPNT/TBCK	NC_051836.1	27053911	27055911	2000	1.037392379887402	1.0	64.18261161463579	0.0	0.1	87.5	3.0	890	1.0	0.090075	3.316	0	0	0	0	396	0		no_promoter_enhancer_in_queried_epic_tissues	False	not_assessed			not_assessed	pilot_only	not_validated	not_validated	insufficient_evidence_for_safe_harbor	1.037399373397231	65.10000000000001	2	21.0	35	False
NPNT/TBCK	NC_051836.1	27054161	27056161	2000	1.0414321001246571	1.0	65.3910708291373	0.0	0.05	100.0	3.0	669	1.0	0.06784899999999999	4.012	0	0	0	0	484	88	KI	regulatory_annotation_present	False	not_assessed			not_assessed	pilot_only	not_validated	not_validated	regulatory_conflict_requires_resolution	1.0414391163736583	66.23333333333333	2	21.0	35	False
NPNT/TBCK	NC_051836.1	27054411	27056411	2000	1.0394260045662522	1.0	64.78684122188653	0.0	0.05	100.0	3.0	611	1.0	0.09298849999999999	4.458	0	0	0	0	734	338	KI	regulatory_annotation_present	False	not_assessed			not_assessed	pilot_only	not_validated	not_validated	regulatory_conflict_requires_resolution	1.0394330100268125	65.73333333333333	2	22.0	34	False
NPNT/TBCK	NC_051836.1	27054661	27056661	2000	1.045337854154408	1.0	66.12957368244378	0.0	0.05	100.0	3.0	620	1.0	0.07551949999999999	4.458	0	0	0	0	796	400	KI	regulatory_annotation_present	False	not_assessed			not_assessed	pilot_only	not_validated	not_validated	regulatory_conflict_requires_resolution	1.0453448987752199	67.0	2	22.0	34	False
NPNT/TBCK	NC_051836.1	27054911	27056911	2000	1.013915286101401	1.0	57.26753944276602	0.0	0.05	100.0	3.0	565	1.0	0.0569235	4.458	0	0	0	0	796	400	KI	regulatory_annotation_present	False	not_assessed			not_assessed	pilot_only	not_validated	not_validated	regulatory_conflict_requires_resolution	1.0139221172481776	58.03333333333334	2	21.5	32	False
NPNT/TBCK	NC_051836.1	27055161	27057161	2000	1.0110593637228011	1.0	56.260490097348104	0.0	0.05	100.0	3.0	393	1.0	0.03898499999999999	4.458	0	0	0	0	712	400	KI	regulatory_annotation_present	False	not_assessed			not_assessed	pilot_only	not_validated	not_validated	regulatory_conflict_requires_resolution	1.0110661775767804	57.166666666666664	5	21.0	32	False
NPNT/TBCK	NC_051836.1	27055411	27057411	2000	1.013345019876957	1.0	57.032561262168514	0.0	0.0305	100.0	1.0	326	1.0	0.07549749999999998	5.075	0	0	0	0	600	538	KI	regulatory_annotation_present	False	not_assessed			not_assessed	pilot_only	not_validated	not_validated	regulatory_conflict_requires_resolution	1.0133518477678298	57.833333333333336	5	21.0	32	False
NPNT/TBCK	NC_051836.1	27055661	27057661	2000	1.0303894659280777	1.0	62.369922792883514	0.0	0.075	100.0	3.0	326	1.0	0.10218849999999999	5.075	0	0	0	0	788	788	KI	regulatory_annotation_present	False	not_assessed			not_assessed	pilot_only	not_validated	not_validated	regulatory_conflict_requires_resolution	1.0303964134156705	63.366666666666674	5	21.0	32	False
NPNT/TBCK	NC_051836.1	27055911	27057911	2000	1.0216815469563008	1.0	59.34877475662974	0.0	0.075	100.0	3.0	326	1.0	0.14504649999999997	5.958	0	0	0	0	1038	1038	KI	regulatory_annotation_present	False	not_assessed			not_assessed	pilot_only	not_validated	not_validated	regulatory_conflict_requires_resolution	1.0216884320378303	60.199999999999996	5	21.0	34	False
NPNT/TBCK	NC_051836.1	27056161	27058161	2000	1.0574057683944702	1.0	68.47935548841893	7.0	0.075	100.0	3.0	422	1.0	0.266548	6.726	0	0	0	0	1112	1112	KI	regulatory_annotation_present	False	not_assessed			not_assessed	pilot_only	not_validated	not_validated	regulatory_conflict_requires_resolution	1.0574128921329975	69.16666666666667	5	21.0	54	False
NPNT/TBCK	NC_051836.1	27056411	27058411	2000	1.2047193025648595	1.0	87.0426317556227	9.0	0.075	100.0	3.0	422	1.0	0.22202249999999998	6.726	0	0	0	0	862	862	KI	regulatory_annotation_present	False	not_assessed			not_assessed	pilot_only	not_validated	not_validated	regulatory_conflict_requires_resolution	1.204727419912815	87.23333333333333	5	22.0	62	False
NPNT/TBCK	NC_051836.1	27056661	27058661	2000	1.2056705270707608	1.0	87.0426317556227	9.0	0.075	100.0	3.0	223	1.0	0.241853	6.726	0	0	0	0	800	800	KI	regulatory_annotation_present	False	not_assessed			not_assessed	pilot_only	not_validated	not_validated	regulatory_conflict_requires_resolution	1.2056786472201346	87.26666666666667	5	22.0	62	False
NPNT/TBCK	NC_051836.1	27056911	27058911	2000	1.2230398067831993	1.0	88.1503860355824	9.0	0.075	100.0	3.0	409	1.0	0.264921	6.726	0	0	0	0	1038	1038	KI	regulatory_annotation_present	False	not_assessed			not_assessed	pilot_only	not_validated	not_validated	regulatory_conflict_requires_resolution	1.2230480438768863	88.36666666666667	5	23.0	62	False
NPNT/TBCK	NC_051836.1	27057161	27059161	2000	1.2396839022934436	1.0	89.02316213494461	9.0	0.075	100.0	3.0	614	1.0	0.2617835	6.726	0	0	0	0	1200	1200	KI	regulatory_annotation_present	False	not_assessed			not_assessed	pilot_only	not_validated	not_validated	regulatory_conflict_requires_resolution	1.2396922506690025	89.23333333333333	10	22.0	62	False
NPNT/TBCK	NC_051836.1	27057411	27059411	2000	1.223152344763279	1.0	88.1503860355824	9.0	0.0445	100.0	3.0	640	1.0	0.23373949999999996	6.726	0	0	0	0	1062	1062	KI	regulatory_annotation_present	False	not_assessed			not_assessed	pilot_only	not_validated	not_validated	regulatory_conflict_requires_resolution	1.2231605820953846	88.36666666666667	6	22.0	62	False
NPNT/TBCK	NC_051836.1	27057661	27059661	2000	1.2037125613689423	1.0	87.00906344410876	9.0	0.0		0.0	640	1.0	0.22338400000000003	6.726	0	0	0	0	1000	1000	KI;LU	regulatory_annotation_present	False	not_assessed			not_assessed	pilot_only	not_validated	not_validated	regulatory_conflict_requires_resolution	1.2037206687033177	87.2	6	21.0	62	False
NPNT/TBCK	NC_051836.1	27057911	27059911	2000	1.1754536260664463	1.0	84.86069150721718	9.0	0.0		0.0	640	1.0	0.18056999999999998	6.726	0	0	0	0	962	962	KI;LU	regulatory_annotation_present	False	not_assessed			not_assessed	pilot_only	not_validated	not_validated	regulatory_conflict_requires_resolution	1.1754615422785282	85.2	6	20.5	62	False
NPNT/TBCK	NC_051836.1	27058161	27060161	2000	1.1283068084418775	1.0	79.8590130916415	9.0	0.0		0.0	544	1.0	0.0528415	4.657	0	0	0	0	800	800	KI;LU	regulatory_annotation_present	False	not_assessed			not_assessed	pilot_only	not_validated	not_validated	regulatory_conflict_requires_resolution	1.1283144090473651	80.30000000000001	6	20.5	62	False
NPNT/TBCK	NC_051836.1	27058411	27060411	2000	0.9758523886203766	1.0	43.00100704934542	0.0	0.0055	50.0	1.0	503	1.0	0.0948285	4.816	0	0	0	0	800	800	KI;LU	regulatory_annotation_present	False	not_assessed			not_assessed	pilot_only	not_validated	not_validated	regulatory_conflict_requires_resolution	0.9758589600026607	44.3	6	19.5	33	False
NPNT/TBCK	NC_051836.1	27058661	27060661	2000	0.9802018253803253	1.0	44.74655924806982	0.0	0.05	36.20257759094238	16.0	503	1.0	0.3132825	10.363	0	0	0	0	800	800	KI;LU	regulatory_annotation_present	False	not_assessed			not_assessed	pilot_only	not_validated	not_validated	regulatory_conflict_requires_resolution	0.9802084285020828	45.96666666666667	6	19.0	30	False
NPNT/TBCK	NC_051836.1	27058911	27060911	2000	0.9771634736955166	1.0	43.571668345082244	0.0	0.05	36.20257759094238	16.0	276	1.0	0.37773	10.363	0	0	0	0	800	800	KI;LU;OV	regulatory_annotation_present	False	not_assessed			not_assessed	pilot_only	not_validated	not_validated	regulatory_conflict_requires_resolution	0.9771700552999973	44.83333333333333	6	19.0	32	False
NPNT/TBCK	NC_051836.1	27059161	27061161	2000	0.9701888500452042	1.0	40.41624706277274	0.0	0.1	68.10128879547119	16.0	81	1.0	0.38073900000000005	10.363	0	0	0	0	888	888	KI;LU;OV	regulatory_annotation_present	False	not_assessed			not_assessed	pilot_only	not_validated	not_validated	regulatory_conflict_requires_resolution	0.9701953850090503	41.86666666666667	6	18.0	32	False
NPNT/TBCK	NC_051836.1	27059411	27061411	2000	0.9912457644045353	1.0	49.00973481033904	0.0	0.1055	69.76425478243715	16.0	83	1.0	0.38084349999999995	10.363	0	0	0	0	1138	1138	KI;LU;OV	regulatory_annotation_present	False	not_assessed			not_assessed	pilot_only	not_validated	not_validated	regulatory_conflict_requires_resolution	0.9912524411976338	50.1	8	19.0	32	False
NPNT/TBCK	NC_051836.1	27059661	27061661	2000	1.0186438370347024	1.0	58.50956696878147	0.0	0.125	74.48103103637695	16.0	83	1.0	0.39063000000000003	10.363	0	0	0	0	1200	1200	KI;LU;OV	regulatory_annotation_present	False	not_assessed			not_assessed	pilot_only	not_validated	not_validated	regulatory_conflict_requires_resolution	1.0186506968140603	59.36666666666667	8	21.0	32	False
NPNT/TBCK	NC_051836.1	27059911	27061911	2000	1.0501336116492748	1.0	67.0359180933199	0.0	0.125	74.48103103637695	16.0	83	1.0	0.418529	10.363	0	0	0	0	1000	1000	KI;LU;OV	regulatory_annotation_present	False	not_assessed			not_assessed	pilot_only	not_validated	not_validated	regulatory_conflict_requires_resolution	1.0501406860947609	67.9	8	21.0	36	False
NPNT/TBCK	NC_051836.1	27060161	27062161	2000	1.0713033923208715	1.0	71.63477677072844	0.0	0.125	74.48103103637695	16.0	83	1.0	0.5291035000000001	10.363	0	0	0	0	1000	1000	KI;LU;OV	regulatory_annotation_present	False	not_assessed			not_assessed	pilot_only	not_validated	not_validated	regulatory_conflict_requires_resolution	1.0713106110095978	72.33333333333334	8	21.0	36	False
NPNT/TBCK	NC_051836.1	27060411	27062411	2000	1.0399693836122752	1.0	64.88754615642833	0.0	0.1195	75.60777305060351	16.0	83	1.0	0.525091	10.363	0	0	0	0	1000	1000	KI;LU;OV	regulatory_annotation_present	False	not_assessed			not_assessed	pilot_only	not_validated	not_validated	regulatory_conflict_requires_resolution	1.039976392760873	65.8	8	20.0	36	False
NPNT/TBCK	NC_051836.1	27060661	27062661	2000	0.9980453144162893	1.0	51.15810674723061	0.0	0.0805	98.33965021927165	17.0	171	1.0	0.33262	7.453	0	0	0	0	1000	1000	KI;LU;OV	regulatory_annotation_present	False	not_assessed			not_assessed	pilot_only	not_validated	not_validated	regulatory_conflict_requires_resolution	0.9980520418137312	52.26666666666666	7	20.0	36	False
NPNT/TBCK	NC_051836.1	27060911	27062911	2000	0.9698841746300458	1.0	40.31554212823095	0.0	0.125	94.39286804199219	17.0	171	1.0	0.291165	6.517	0	0	0	0	762	762	KI;LU;OV	regulatory_annotation_present	False	not_assessed			not_assessed	pilot_only	not_validated	not_validated	regulatory_conflict_requires_resolution	0.9698907145112753	41.766666666666666	7	19.0	36	False
NPNT/TBCK	NC_051836.1	27061161	27063161	2000	0.9323830778747797	1.0	25.243370258476	0.0	0.1	92.99108505249023	17.0	116	1.0	0.3258095	6.517	0	0	0	0	512	512	KI;LU;OV	regulatory_annotation_present	False	not_assessed			not_assessed	pilot_only	not_validated	not_validated	regulatory_conflict_requires_resolution	0.932389363154769	26.866666666666667	4	17.0	36	False
NPNT/TBCK	NC_051836.1	27061411	27063411	2000	0.907951378300786	1.0	16.54917757636791	0.0	0.0945	92.58315878570396	17.0	115	1.0	0.37204449999999994	6.517	0	0	0	0	262	262	LU	regulatory_annotation_present	False	not_assessed			not_assessed	pilot_only	not_validated	not_validated	regulatory_conflict_requires_resolution	0.9079574974626303	18.4	4	16.0	36	False
NPNT/TBCK	NC_051836.1	27061661	27063661	2000	0.8777875028997659	1.0	9.432695535414569	0.0	0.075	90.65478006998698	17.0	115	1.0	0.384007	6.517	0	0	0	0	12	12	LU	regulatory_annotation_present	False	not_assessed			not_assessed	pilot_only	not_validated	not_validated	regulatory_conflict_requires_resolution	0.8777934180647134	11.433333333333334	4	16.0	36	False
NPNT/TBCK	NC_051836.1	27061911	27063911	2000	0.8683829957991839	1.0	7.955689828801611	0.0	0.075	90.65478006998698	17.0	115	1.0	0.396736	6.517	0	0	0	0	0	0		no_promoter_enhancer_in_queried_epic_tissues	False	not_assessed			not_assessed	pilot_only	not_validated	not_validated	insufficient_evidence_for_safe_harbor	0.8683888453096151	10.033333333333333	4	16.0	36	False
NPNT/TBCK	NC_051836.1	27062161	27064161	2000	0.84562433154881	1.0	5.270224907687143	0.0	0.075	90.65478006998698	17.0	115	1.0	0.36584	5.021	0	0	0	0	0	0		no_promoter_enhancer_in_queried_epic_tissues	False	not_assessed			not_assessed	pilot_only	not_validated	not_validated	insufficient_evidence_for_safe_harbor	0.8456300257891417	7.366666666666667	4	14.0	35	False
NPNT/TBCK	NC_051836.1	27062411	27064411	2000	0.8872597078680993	1.0	11.11111111111111	0.0	0.075	90.65478006998698	17.0	115	1.0	0.387217	5.021	0	0	0	0	0	0		no_promoter_enhancer_in_queried_epic_tissues	False	not_assessed			not_assessed	pilot_only	not_validated	not_validated	insufficient_evidence_for_safe_harbor	0.8872656837701798	13.100000000000001	4	16.0	35	False
NPNT/TBCK	NC_051836.1	27062661	27064661	2000	0.9329391170442104	1.0	25.579053373615306	0.0	0.0695	91.83836924600945	17.0	27	1.0	0.376869	5.021	0	0	0	0	0	0		no_promoter_enhancer_in_queried_epic_tissues	False	not_assessed			not_assessed	pilot_only	not_validated	not_validated	insufficient_evidence_for_safe_harbor	0.9329453971385956	27.200000000000003	4	20.0	35	False
NPNT/TBCK	NC_051836.1	27062911	27064911	2000	0.9503124209642411	1.0	32.3262839879154	0.0	0.075	88.95833841959636	12.0	93	0.998	0.34590631262525046	5.021	0	0	0	0	234	0		no_promoter_enhancer_in_queried_epic_tissues	False	not_assessed			not_assessed	pilot_only	not_validated	not_validated	insufficient_evidence_for_safe_harbor	0.9503188168406487	33.83333333333333	4	21.0	35	False
NPNT/TBCK	NC_051836.1	27063161	27065161	2000	0.9900568286180497	1.0	48.472641826116146	0.0	0.05	83.43750762939453	12.0	93	0.998	0.35707464929859717	5.021	0	0	0	0	400	0		no_promoter_enhancer_in_queried_epic_tissues	False	not_assessed			not_assessed	pilot_only	not_validated	not_validated	insufficient_evidence_for_safe_harbor	0.9900634950101376	49.666666666666664	8	22.5	35	False
NPNT/TBCK	NC_051836.1	27063411	27065411	2000	1.0041319850385189	1.0	53.67573011077543	0.0	0.05	83.43750762939453	12.0	236	0.998	0.350124749498998	5.021	0	0	0	0	400	0		no_promoter_enhancer_in_queried_epic_tissues	False	not_assessed			not_assessed	pilot_only	not_validated	not_validated	insufficient_evidence_for_safe_harbor	1.0041387481987476	54.63333333333333	9	23.0	35	False
NPNT/TBCK	NC_051836.1	27063661	27065661	2000	0.997044889897108	1.0	50.85599194360524	0.0	0.05	83.43750762939453	12.0	273	0.998	0.35195140280561116	5.021	0	0	0	0	400	0		no_promoter_enhancer_in_queried_epic_tissues	False	not_assessed			not_assessed	pilot_only	not_validated	not_validated	insufficient_evidence_for_safe_harbor	0.997051602602005	51.9	9	21.0	35	False
NPNT/TBCK	NC_051836.1	27063911	27065911	2000	0.9877752319276333	1.0	47.63343403826787	0.0	0.05	83.43750762939453	12.0	273	0.998	0.36972094188376753	5.014	0	0	0	0	400	0		no_promoter_enhancer_in_queried_epic_tissues	False	not_assessed			not_assessed	pilot_only	not_validated	not_validated	insufficient_evidence_for_safe_harbor	0.9877818818390369	48.93333333333334	9	21.0	35	False
NPNT/TBCK	NC_051836.1	27064161	27066161	2000	0.9790284131467343	1.0	44.377307821416586	1.0	0.05	83.43750762939453	12.0	273	0.998	0.37359468937875756	5.014	0	0	0	0	400	0		no_promoter_enhancer_in_queried_epic_tissues	False	not_assessed			not_assessed	pilot_only	not_validated	not_validated	insufficient_evidence_for_safe_harbor	0.979035005748272	45.5	9	20.5	33	False
NPNT/TBCK	NC_051836.1	27064411	27066411	2000	0.9541428360641002	1.0	33.97113125209802	1.0	0.05	83.43750762939453	12.0	273	0.998	0.3360360721442886	5.014	0	0	0	0	400	0		no_promoter_enhancer_in_queried_epic_tissues	False	not_assessed			not_assessed	pilot_only	not_validated	not_validated	insufficient_evidence_for_safe_harbor	0.9541492574512959	35.4	9	20.0	33	False
NPNT/TBCK	NC_051836.1	27064661	27066661	2000	0.9494808540642261	1.0	31.957032561262167	1.0	0.05	83.43750762939453	12.0	273	0.998	0.31082565130260514	5.014	0	0	0	0	400	0		no_promoter_enhancer_in_queried_epic_tissues	False	not_assessed			not_assessed	pilot_only	not_validated	not_validated	insufficient_evidence_for_safe_harbor	0.9494872518777847	33.46666666666667	9	20.0	33	False
NPNT/TBCK	NC_051836.1	27064911	27066911	2000	0.9817039617598057	1.0	45.51863041289023	1.0	0.0		0.0	453	1.0	0.32588350000000005	5.014	0	0	0	0	166	0		no_promoter_enhancer_in_queried_epic_tissues	False	not_assessed			not_assessed	pilot_only	not_validated	not_validated	insufficient_evidence_for_safe_harbor	0.9817105782628059	46.733333333333334	9	21.0	36	False
NPNT/TBCK	NC_051836.1	27065161	27067161	2000	0.9920634836852551	1.0	49.27828130245049	1.0	0.0		0.0	518	1.0	0.31437649999999995	4.458	0	0	0	0	0	0		no_promoter_enhancer_in_queried_epic_tissues	False	not_assessed			not_assessed	pilot_only	not_validated	not_validated	insufficient_evidence_for_safe_harbor	0.9920701684355736	50.4	9	21.0	36	False
NPNT/TBCK	NC_051836.1	27065411	27067411	2000	1.0047916925549507	1.0	53.94427660288687	1.0	0.0		0.0	404	1.0	0.26528700000000005	4.458	0	0	0	0	0	0		no_promoter_enhancer_in_queried_epic_tissues	False	not_assessed			not_assessed	pilot_only	not_validated	not_validated	insufficient_evidence_for_safe_harbor	1.0047984638512135	54.900000000000006	12	22.0	36	False
NPNT/TBCK	NC_051836.1	27065661	27067661	2000	1.030181209474802	1.0	62.302786169855665	1.0	0.0		0.0	367	1.0	0.257817	4.458	0	0	0	0	0	0		no_promoter_enhancer_in_queried_epic_tissues	False	not_assessed			not_assessed	pilot_only	not_validated	not_validated	insufficient_evidence_for_safe_harbor	1.0301881523728371	63.3	12	23.0	36	False
NPNT/TBCK	NC_051836.1	27065911	27067911	2000	1.0445719654560088	1.0	65.99530043638805	1.0	0.0		0.0	367	1.0	0.207812	4.438	0	0	0	0	0	0		no_promoter_enhancer_in_queried_epic_tissues	False	not_assessed			not_assessed	pilot_only	not_validated	not_validated	insufficient_evidence_for_safe_harbor	1.044579004049301	66.86666666666666	12	23.0	36	False
NPNT/TBCK	NC_051836.1	27066161	27068161	2000	1.022628220796585	1.0	59.617321248741185	1.0	0.0		0.0	409	1.0	0.1977965	4.709	0	0	0	0	0	0		no_promoter_enhancer_in_queried_epic_tissues	False	not_assessed			not_assessed	pilot_only	not_validated	not_validated	insufficient_evidence_for_safe_harbor	1.0226351126134396	60.46666666666667	7	22.0	36	False
NPNT/TBCK	NC_051836.1	27066411	27068411	2000	1.025692044377327	1.0	60.859348774756626	0.0	0.0		0.0	636	1.0	0.2425985	5.684	0	0	0	0	134	134	ST	regulatory_annotation_present	False	not_assessed			not_assessed	pilot_only	not_validated	not_validated	regulatory_conflict_requires_resolution	1.0256989586949348	61.73333333333333	7	21.0	36	False
NPNT/TBCK	NC_051836.1	27066661	27068661	2000	1.0358968996107578	1.0	63.74622356495468	0.0	0.0		0.0	717	1.0	0.24688899999999997	5.684	0	0	0	0	384	384	OV;ST	regulatory_annotation_present	False	not_assessed			not_assessed	pilot_only	not_validated	not_validated	regulatory_conflict_requires_resolution	1.0359038806259633	64.76666666666667	7	21.0	36	False
NPNT/TBCK	NC_051836.1	27066911	27068911	2000	1.0289818646013738	1.0	62.06780798925814	0.0	0.0		0.0	558	1.0	0.25305099999999997	5.684	0	0	0	0	600	600	OV;ST	regulatory_annotation_present	False	not_assessed			not_assessed	pilot_only	not_validated	not_validated	regulatory_conflict_requires_resolution	1.0289887958168984	62.93333333333333	7	19.0	35	False
NPNT/TBCK	NC_051836.1	27067161	27069161	2000	1.0008017226159573	1.0	51.997314535078885	0.0	0.05	99.43460464477539	15.0	622	1.0	0.2278415	5.684	0	0	0	0	600	600	OV;ST	regulatory_annotation_present	False	not_assessed			not_assessed	pilot_only	not_validated	not_validated	regulatory_conflict_requires_resolution	1.000808467298746	53.06666666666666	7	19.0	34	False
NPNT/TBCK	NC_051836.1	27067411	27069411	2000	0.9959439223408699	1.0	50.55387713997986	0.0	0.05	99.43460464477539	15.0	566	1.0	0.264315	5.684	0	0	0	0	600	600	OV;ST	regulatory_annotation_present	False	not_assessed			not_assessed	pilot_only	not_validated	not_validated	regulatory_conflict_requires_resolution	0.9959506367444992	51.56666666666667	7	18.0	34	False
NPNT/TBCK	NC_051836.1	27067661	27069661	2000	0.9608606590628624	1.0	36.522322927156765	0.0	0.05	99.43460464477539	15.0	628	1.0	0.28246299999999996	5.684	0	0	0	0	600	600	OV;ST	regulatory_annotation_present	False	not_assessed			not_assessed	pilot_only	not_validated	not_validated	regulatory_conflict_requires_resolution	0.960867140442133	37.86666666666667	7	18.0	29	False
NPNT/TBCK	NC_051836.1	27067911	27069911	2000	0.9438234105706215	1.0	29.875797247398456	0.0	0.05	99.43460464477539	15.0	878	1.0	0.319667	5.684	0	0	0	0	600	600	OV;ST	regulatory_annotation_present	False	not_assessed			not_assessed	pilot_only	not_validated	not_validated	regulatory_conflict_requires_resolution	0.943829777777195	31.333333333333336	7	17.0	28	False
NPNT/TBCK	NC_051836.1	27068161	27070161	2000	0.9591869980692863	1.0	35.71668345082242	0.0	0.05	99.43460464477539	15.0	931	1.0	0.31206849999999997	5.684	0	0	0	0	600	600	OV;ST	regulatory_annotation_present	False	not_assessed			not_assessed	pilot_only	not_validated	not_validated	regulatory_conflict_requires_resolution	0.9591934684216976	37.1	7	17.0	28	False
NPNT/TBCK	NC_051836.1	27068411	27070411	2000	0.9784581431150436	1.0	44.24303457536086	0.0	0.05	99.43460464477539	15.0	812	1.0	0.291097	5.352	0	0	0	0	466	466	OV;ST	regulatory_annotation_present	False	not_assessed			not_assessed	pilot_only	not_validated	not_validated	regulatory_conflict_requires_resolution	0.9784647421240806	45.36666666666667	7	17.0	28	False
NPNT/TBCK	NC_051836.1	27068661	27070661	2000	0.9832791510522365	1.0	46.022155085599195	0.0	0.05	99.43460464477539	15.0	948	1.0	0.3023555	5.352	0	0	0	0	216	216	OV;ST	regulatory_annotation_present	False	not_assessed			not_assessed	pilot_only	not_validated	not_validated	regulatory_conflict_requires_resolution	0.9832857795655727	47.233333333333334	7	17.0	35	False
NPNT/TBCK	NC_051836.1	27068911	27070911	2000	0.977414522409439	1.0	43.63880496811011	0.0	0.1	74.7173023223877	15.0	940	1.0	0.28232899999999994	5.352	0	0	0	0	0	0		no_promoter_enhancer_in_queried_epic_tissues	False	not_assessed			not_assessed	pilot_only	not_validated	not_validated	insufficient_evidence_for_safe_harbor	0.9774211124777794	44.86666666666667	7	19.0	35	False
NPNT/TBCK	NC_051836.1	27069161	27071161	2000	0.9867746884822846	1.0	47.364887546156424	0.0	0.05	50.0	1.0	951	1.0	0.3105995	5.352	0	0	0	0	0	0		no_promoter_enhancer_in_queried_epic_tissues	False	not_assessed			not_assessed	pilot_only	not_validated	not_validated	insufficient_evidence_for_safe_harbor	0.9867813384830951	48.63333333333333	7	19.0	35	False
NPNT/TBCK	NC_051836.1	27069204	27071204	2000	0.9929943640232086	1.0	49.44612286002014	0.0	0.05	50.0	1.0	960	1.0	0.30319949999999996	5.352	0	0	0	0	0	0		no_promoter_enhancer_in_queried_epic_tissues	False	not_assessed			not_assessed	pilot_only	not_validated	not_validated	insufficient_evidence_for_safe_harbor	0.9930010546147824	50.53333333333333	7	20.0	35	False
