width	chrom	start	end	value
500	NC_051831.1	30272821	30273321	0.8776297452449798
500	NC_051836.1	17126455	17126955	0.8816490525007248
500	NC_051827.1	10734785	10735285	1.0179161924123763
500	NC_051843.1	11967032	11967532	0.9940360181927681
500	NC_051831.1	33182106	33182606	1.0260503005981445
500	NC_051808.1	69965356	69965856	0.8699108756780625
500	NC_051818.1	30542764	30543264	1.0702783617973328
500	NC_051841.1	11469490	11469990	0.9416091412305831
500	NC_051825.1	20981972	20982472	1.207809011697769
500	NC_051817.1	52687002	52687502	0.8505832868814468
500	NC_051810.1	7211263	7211763	1.0349209303855895
500	NC_051806.1	47798172	47798672	1.0220304361581802
500	NC_051834.1	11185078	11185578	0.6248359303474427
500	NC_051830.1	25692224	25692724	
500	NC_051814.1	4778885	4779385	0.926863517165184
500	NC_051838.1	41024971	41025471	1.134943659067154
500	NC_051831.1	35144059	35144559	0.9641138999462128
500	NC_051818.1	11881245	11881745	0.758454032689333
500	NC_051805.1	67399365	67399865	0.9862370729446411
500	NC_051827.1	8220918	8221418	21.928790024757387
500	NC_051830.1	14912769	14913269	0.9988023771047592
500	NC_051813.1	59987339	59987839	0.8661586574316025
500	NC_051815.1	35470644	35471144	0.9152634589672088
500	NC_051809.1	41466932	41467432	1.2061262831687927
500	NC_051819.1	8470895	8471395	0.8884054452180863
500	NC_051810.1	44182095	44182595	0.9735222953557968
500	NC_051817.1	42892730	42893230	0.9763346737623215
500	NC_051835.1	24887298	24887798	0.8868895560503006
500	NC_051813.1	43417692	43418192	1.0031830874681473
500	NC_051835.1	17199081	17199581	0.8250999610424041
500	NC_051815.1	60792581	60793081	1.0369964582920075
500	NC_051812.1	18029124	18029624	0.8929216977357864
500	NC_051808.1	60746990	60747490	1.097540574669838
500	NC_051809.1	72097152	72097652	1.1107946333885192
500	NC_051832.1	308197	308697	0.9460465668439865
500	NC_051826.1	29287375	29287875	0.9323674380779267
500	NC_051832.1	29519430	29519930	1.154339110851288
500	NC_051818.1	30863502	30864002	0.9905768641233444
500	NC_051808.1	50622042	50622542	1.0771381684541703
500	NC_051807.1	40826797	40827297	0.9299987096190453
500	NC_051818.1	40801031	40801531	0.9284805903936687
500	NC_051822.1	4504978	4505478	0.9340743908882141
500	NC_051825.1	39887206	39887706	0.9252139327526092
500	NC_051821.1	5929478	5929978	1.5025683102607728
500	NC_051813.1	34671847	34672347	0.969211348772049
500	NC_051805.1	42851321	42851821	1.0391391010284423
500	NC_051810.1	34180855	34181355	0.9200690203905105
500	NC_051816.1	72957741	72958241	1.2405399022102357
500	NC_051810.1	66793876	66794376	0.7500500879287719
500	NC_051806.1	73747970	73748470	1.2929944336414336
500	NC_051812.1	21176958	21177458	0.9466976343393326
500	NC_051826.1	7842851	7843351	1.2046834493875505
500	NC_051832.1	23318320	23318820	0.9787849709391594
500	NC_051826.1	25413129	25413629	0.9141654576063156
500	NC_051833.1	17088304	17088804	0.9146024363040924
500	NC_051809.1	29943455	29943955	0.9266244471073151
500	NC_051807.1	2109264	2109764	1.013510458111763
500	NC_051829.1	36190624	36191124	0.9778431488275527
500	NC_051808.1	41110383	41110883	1.2640449810028076
500	NC_051819.1	61161045	61161545	0.8815382522344589
500	NC_051827.1	8115558	8116058	1.0321628832817078
500	NC_051817.1	10643815	10644315	0.9730105119943618
500	NC_051812.1	28675666	28676166	1.1659089921712875
500	NC_051825.1	31659353	31659853	1.050733594417572
500	NC_051806.1	31183656	31184156	0.9779360405206681
500	NC_051807.1	31477622	31478122	0.9258188885099747
500	NC_051840.1	29881048	29881548	0.8821427962779999
500	NC_051827.1	24372312	24372812	0.9854138150215149
500	NC_051843.1	33485872	33486372	1.0402607873678207
500	NC_051828.1	38033024	38033524	1.2865298291444778
500	NC_051818.1	44983462	44983962	1.0378818879127503
500	NC_051807.1	25283002	25283502	1.0128293994665145
500	NC_051839.1	3437146	3437646	0.9863292862176896
500	NC_051809.1	40825206	40825706	0.9852073533535004
500	NC_051813.1	50138417	50138917	1.3671813359260558
500	NC_051809.1	51882379	51882879	0.8636740509271622
500	NC_051836.1	761889	762389	1.0120308246612548
500	NC_051828.1	37044954	37045454	0.9938454102277756
500	NC_051817.1	19766053	19766553	1.0494823442697525
500	NC_051823.1	34668061	34668561	0.9986184340715408
500	NC_051825.1	32782915	32783415	1.055611674785614
500	NC_051816.1	6206386	6206886	1.1338440244197845
500	NC_051805.1	22129398	22129898	0.8466603251695632
500	NC_051814.1	34757441	34757941	1.001151176095009
500	NC_051808.1	60320418	60320918	1.0324147531986236
500	NC_051823.1	5714538	5715038	0.9225520126223564
500	NC_051809.1	26871226	26871726	1.020518920660019
500	NC_051823.1	51126524	51127024	0.8575751650333404
500	NC_051814.1	43092423	43092923	0.8978138360977173
500	NC_051805.1	72867821	72868321	1.52000725710392
500	NC_051843.1	53134576	53135076	0.8769102140665054
500	NC_051832.1	20190048	20190548	1.189000622868538
500	NC_051806.1	23774532	23775032	1.0560248707532882
500	NC_051819.1	31730172	31730672	0.9356664370298385
500	NC_051842.1	3880805	3881305	0.8631405597925186
500	NC_051818.1	34899746	34900246	0.9586495515108109
500	NC_051811.1	77292754	77293254	0.9853675272464752
500	NC_051820.1	20564145	20564645	1.1183661031723022
500	NC_051817.1	18222238	18222738	0.9751639945507049
500	NC_051834.1	873439	873939	1.1620326263904572
500	NC_051838.1	22941703	22942203	0.9904313312768936
500	NC_051821.1	9182254	9182754	1.0323020132780074
500	NC_051807.1	61850213	61850713	1.0927432432174682
500	NC_051812.1	50592806	50593306	0.8915469195842743
500	NC_051826.1	45356088	45356588	1.084009860754013
500	NC_051831.1	33622267	33622767	1.0662303555806478
500	NC_051807.1	57081718	57082218	1.3047054944038392
500	NC_051810.1	71694119	71694619	0.9822570929527282
500	NC_051805.1	17419521	17420021	1.108855085849762
500	NC_051815.1	41914026	41914526	1.024692207455635
500	NC_051834.1	18591997	18592497	0.9667166916131973
500	NC_051813.1	50113041	50113541	1.1987328950166702
500	NC_051843.1	80667427	80667927	0.9255281188488007
500	NC_051820.1	18042932	18043432	1.037893971323967
500	NC_051811.1	80340624	80341124	1.4157834794521331
500	NC_051808.1	83314585	83315085	0.914852710366249
500	NC_051805.1	36845804	36846304	0.9830683082342148
500	NC_051843.1	55287400	55287900	0.9287788927555084
500	NC_051838.1	3842958	3843458	1.3004635083675384
500	NC_051838.1	31638699	31639199	1.0119841282367705
500	NC_051838.1	4901744	4902244	0.9506550629138947
500	NC_051813.1	32170149	32170649	0.9912797605991364
500	NC_051831.1	15520174	15520674	0.8096663447618484
500	NC_051815.1	49982452	49982952	0.796923752784729
500	NC_051807.1	68409461	68409961	1.0345456063747407
500	NC_051811.1	60519048	60519548	0.9770741014480591
500	NC_051842.1	22841796	22842296	0.9101451521813869
500	NC_051807.1	22378874	22379374	0.9544740476608277
500	NC_051834.1	36046069	36046569	1.0136084574460984
500	NC_051809.1	13730121	13730621	1.259184740304947
500	NC_051823.1	39786568	39787068	0.8796510820388794
500	NC_051809.1	78337063	78337563	0.9976604710817337
500	NC_051813.1	61879517	61880017	1.3529277799129487
500	NC_051843.1	98784148	98784648	0.9369800304174423
500	NC_051819.1	28277208	28277708	0.9694809174537659
500	NC_051805.1	17744496	17744996	1.038624374985695
500	NC_051810.1	21859966	21860466	1.2763085023164749
500	NC_051827.1	7023807	7024307	1.1630951200723647
500	NC_051807.1	27539146	27539646	1.0066481223106385
500	NC_051827.1	26978486	26978986	1.0119342249631882
500	NC_051823.1	23047375	23047875	0.8102975070476532
500	NC_051833.1	8400436	8400936	0.9300664901733399
500	NC_051828.1	4121388	4121888	1.217801350593567
500	NC_051808.1	65774871	65775371	0.912514940738678
500	NC_051807.1	52683350	52683850	0.9789754211902618
500	NC_051816.1	68172874	68173374	1.1312870516777038
500	NC_051812.1	9950632	9951132	0.9232049617767334
500	NC_051826.1	30344235	30344735	0.8885413104295731
500	NC_051843.1	66205900	66206400	0.8179576694965363
500	NC_051841.1	8860328	8860828	1.0226998158693315
500	NC_051805.1	73610245	73610745	0.9351735180616378
500	NC_051825.1	28948146	28948646	0.9133854649066925
500	NC_051807.1	67174783	67175283	1.1115566629171372
500	NC_051816.1	10314510	10315010	0.9906715643405914
500	NC_051843.1	21089709	21090209	
500	NC_051841.1	18436734	18437234	0.9852048351764678
500	NC_051833.1	18168680	18169180	0.9995537304878235
500	NC_051832.1	19565394	19565894	1.046618125796318
500	NC_051805.1	13458921	13459421	0.790148551106453
500	NC_051834.1	10124340	10124840	0.9229307687282562
500	NC_051810.1	62365022	62365522	1.0153046770095826
500	NC_051821.1	50094987	50095487	1.066030776500702
500	NC_051837.1	19179543	19180043	0.9014947967529297
500	NC_051823.1	16018806	16019306	1.302123279094696
500	NC_051815.1	31166006	31166506	0.8861955213546753
500	NC_051817.1	7282827	7283327	0.7890823096036911
500	NC_051837.1	20632694	20633194	1.0615243849754334
500	NC_051818.1	32414610	32415110	0.9185487580299377
500	NC_051810.1	19397826	19398326	1.304462860584259
500	NC_051830.1	34200867	34201367	1.0373440594673158
500	NC_051807.1	75834527	75835027	1.0011396291255952
500	NC_051806.1	40975259	40975759	0.9949103446006775
500	NC_051808.1	52908855	52909355	0.9489501124934147
500	NC_051834.1	12881036	12881536	1.0846972202062606
500	NC_051808.1	27622009	27622509	0.9962585353851319
500	NC_051840.1	18594067	18594567	0.8460145823955536
500	NC_051812.1	12457921	12458421	1.0156841597557067
500	NC_051808.1	40556820	40557320	1.1848890280723572
500	NC_051805.1	87433689	87434189	0.8658550977706909
500	NC_051809.1	4961927	4962427	1.0024144188165665
500	NC_051806.1	36996736	36997236	1.1161732549667358
500	NC_051827.1	31497575	31498075	1.0399152874946593
500	NC_051816.1	60871358	60871858	0.9549130610227585
500	NC_051820.1	19722034	19722534	1.0278834445476532
500	NC_051837.1	25086290	25086790	0.7771598345041275
500	NC_051805.1	104955968	104956468	1.025673780441284
500	NC_051809.1	79640756	79641256	0.8014403210282326
500	NC_051811.1	19185556	19186056	1.0395761365890503
500	NC_051822.1	53972828	53973328	1.4064381246566773
500	NC_051805.1	51330751	51331251	0.9275136609077453
500	NC_051815.1	69937031	69937531	1.0595816164016723
500	NC_051807.1	48640799	48641299	1.0470193003416062
500	NC_051835.1	4218277	4218777	0.8708590456247329
500	NC_051841.1	1607279	1607779	0.931831329703331
500	NC_051807.1	77744140	77744640	0.791687046289444
500	NC_051839.1	22727401	22727901	1.13749888920784
500	NC_051843.1	40750597	40751097	0.9847975271940231
500	NC_051831.1	37092335	37092835	0.9064719408750535
500	NC_051825.1	32133186	32133686	1.0434835655689239
500	NC_051808.1	69336257	69336757	0.8878694216012954
500	NC_051821.1	21152610	21153110	1.1056299537420273
500	NC_051836.1	20066638	20067138	0.7627396494746208
500	NC_051818.1	47865785	47866285	1.1883506429195405
500	NC_051825.1	20078649	20079149	1.0834550722837448
500	NC_051811.1	4954166	4954666	0.9149849673509598
500	NC_051819.1	9112914	9113414	1.0916403633356095
500	NC_051816.1	44405111	44405611	0.9936278959512711
500	NC_051815.1	17568530	17569030	1.0313572770357131
500	NC_051815.1	55669421	55669921	1.0792771507501602
500	NC_051815.1	24739292	24739792	1.092787718653679
500	NC_051827.1	12545142	12545642	1.1172578243017197
500	NC_051843.1	37723832	37724332	1.0468721659183502
500	NC_051840.1	26535163	26535663	1.0697731735706328
500	NC_051813.1	29817309	29817809	0.9445220284461975
500	NC_051821.1	62884485	62884985	0.7534995418787003
500	NC_051826.1	52701105	52701605	1.2020954871177674
500	NC_051833.1	23254888	23255388	1.1232127273082733
500	NC_051825.1	27776255	27776755	0.9276831272195597
500	NC_051812.1	13299873	13300373	1.6199312373399735
500	NC_051809.1	65826516	65827016	1.2536679966449737
500	NC_051827.1	26817305	26817805	1.2123323607444763
500	NC_051808.1	76610164	76610664	0.8376280248827405
500	NC_051824.1	37470739	37471239	0.8508923919200897
500	NC_051829.1	4939320	4939820	1.1768728595972062
500	NC_051806.1	45095567	45096067	0.8629672247171402
500	NC_051808.1	83305351	83305851	0.8044634091854096
500	NC_051843.1	21524940	21525440	1.0353430742025376
500	NC_051823.1	44260657	44261157	0.98734543800354
500	NC_051832.1	41721888	41722388	1.034112337589264
500	NC_051843.1	101034542	101035042	0.8465478911399841
500	NC_051811.1	58498500	58499000	0.8582513779401779
500	NC_051807.1	54800193	54800693	1.0380992513895035
500	NC_051824.1	9877991	9878491	0.9187360754013062
500	NC_051822.1	9743547	9744047	1.0033954824209212
500	NC_051822.1	27072206	27072706	0.9977837700843811
500	NC_051820.1	28900731	28901231	1.1805879786014557
500	NC_051831.1	42553884	42554384	1.141813382267952
500	NC_051819.1	52110836	52111336	1.414347902417183
500	NC_051823.1	7689284	7689784	0.9386994067430496
500	NC_051807.1	86483665	86484165	1.0571670317649842
500	NC_051807.1	66979994	66980494	0.9488550863265991
500	NC_051826.1	5447297	5447797	1.121033156991005
500	NC_051816.1	67736370	67736870	0.8914587593078613
500	NC_051826.1	48090377	48090877	1.0166031723022462
500	NC_051814.1	51942325	51942825	0.936942857503891
500	NC_051831.1	41547928	41548428	0.8896007654666901
500	NC_051811.1	64444035	64444535	1.0667483472824097
500	NC_051813.1	22580558	22581058	0.8113932502269745
500	NC_051808.1	85562381	85562881	1.0006981477737427
500	NC_051842.1	3561808	3562308	1.0581106947660446
500	NC_051817.1	47226569	47227069	0.9652491567134858
500	NC_051829.1	19909824	19910324	0.9218055849075317
500	NC_051821.1	62136355	62136855	0.8779816752672196
500	NC_051832.1	39188423	39188923	1.029919282078743
500	NC_051819.1	9123327	9123827	2.928296800613403
500	NC_051843.1	47823667	47824167	0.7927375569939613
500	NC_051828.1	41333821	41334321	0.9261120423078537
500	NC_051807.1	88337198	88337698	1.1024873397350312
500	NC_051836.1	34259858	34260358	1.0950376816987992
500	NC_051807.1	59164884	59165384	1.1622440115213395
500	NC_051823.1	1789396	1789896	1.2494029005765914
500	NC_051805.1	84604902	84605402	1.0714224858283996
500	NC_051818.1	44108468	44108968	1.0719670586585999
500	NC_051812.1	62119587	62120087	1.0014785506725312
500	NC_051818.1	19252197	19252697	1.0863160989284515
500	NC_051812.1	33288572	33289072	1.0989323749542237
500	NC_051840.1	22932761	22933261	0.9015473623275757
500	NC_051807.1	72558572	72559072	1.142077600836754
500	NC_051843.1	5612771	5613271	0.9417752619981766
500	NC_051812.1	66168615	66169115	1.0789530116319657
500	NC_051835.1	1707951	1708451	0.9761964449882508
500	NC_051844.1	418986	419486	1.1213771956307548
500	NC_051826.1	8479060	8479560	1.1496204286813736
500	NC_051807.1	60376939	60377439	1.2223201469182967
500	NC_051839.1	23262699	23263199	1.3623182442188262
500	NC_051811.1	2350089	2350589	1.0412631652355193
500	NC_051808.1	76042973	76043473	1.5076400117874145
500	NC_051809.1	69577361	69577861	0.9956903930902481
500	NC_051840.1	8974848	8975348	1.0563374140262605
500	NC_051805.1	80926792	80927292	0.8495408036708831
500	NC_051805.1	6370115	6370615	0.9114520674943924
500	NC_051824.1	57720796	57721296	1.352906612753868
500	NC_051811.1	64951246	64951746	1.1189304670095443
500	NC_051836.1	9556118	9556618	0.785903228772314
500	NC_051833.1	2406566	2407066	0.8536485080718994
500	NC_051841.1	3718961	3719461	0.889454201221466
500	NC_051827.1	41139807	41140307	1.1681963341236115
500	NC_051835.1	17646964	17647464	0.896313111782074
500	NC_051809.1	3596468	3596968	1.2586428669691085
500	NC_051807.1	64764939	64765439	1.1496716916561127
500	NC_051830.1	20521218	20521718	1.5086631841659546
500	NC_051825.1	4485334	4485834	0.8070281438827515
500	NC_051808.1	75756767	75757267	0.9677754245996475
500	NC_051829.1	2754193	2754693	0.9422371455430985
500	NC_051811.1	15643880	15644380	0.8500891514915101
500	NC_051828.1	25520710	25521210	1.0266452938318253
500	NC_051824.1	57730103	57730603	1.3824242613315583
500	NC_051806.1	6050455	6050955	1.099874391555786
500	NC_051805.1	75999179	75999679	1.017148601770401
500	NC_051838.1	19395934	19396434	1.1563565363883972
500	NC_051809.1	63558989	63559489	1.1507625708580016
500	NC_051807.1	71533207	71533707	1.1252341001033783
500	NC_051843.1	23321405	23321905	0.8132080435752869
500	NC_051818.1	33146892	33147392	1.0082962381839753
500	NC_051825.1	40882150	40882650	1.0992760807275772
500	NC_051822.1	25400496	25400996	0.9118140923976898
500	NC_051843.1	18441573	18442073	0.9513062800168991
500	NC_051812.1	31486411	31486911	0.9359851655960083
500	NC_051827.1	30798158	30798658	0.9638970490694047
500	NC_051825.1	23081284	23081784	0.9632697048187255
500	NC_051808.1	83719642	83720142	0.9181254291534424
500	NC_051820.1	42848573	42849073	0.8315358124971389
500	NC_051818.1	24663295	24663795	0.8612625682353974
500	NC_051807.1	90399946	90400446	0.9286205853223801
500	NC_051812.1	10091963	10092463	0.9246494055986404
500	NC_051813.1	38112381	38112881	0.9529685624837876
500	NC_051824.1	25201771	25202271	0.998323580622673
500	NC_051825.1	50652271	50652771	0.9284689655303955
500	NC_051816.1	30266781	30267281	0.919160350561142
500	NC_051810.1	74287193	74287693	0.9779673846960067
500	NC_051813.1	36476042	36476542	0.9167125436067581
500	NC_051805.1	36830187	36830687	0.9089612470865249
500	NC_051818.1	25540211	25540711	0.8563516446352005
500	NC_051810.1	7454379	7454879	1.351759131193161
500	NC_051822.1	32563071	32563571	1.0545481170415878
500	NC_051828.1	26716394	26716894	1.1960460436344147
500	NC_051826.1	40241799	40242299	1.0524747236967087
500	NC_051813.1	15270077	15270577	1.1183496797084809
500	NC_051821.1	51554013	51554513	1.0720612641572953
500	NC_051817.1	33917956	33918456	1.0923592473268509
500	NC_051815.1	47289513	47290013	1.1036348781585694
500	NC_051820.1	50131368	50131868	0.944716641664505
500	NC_051838.1	31135666	31136166	1.113986553311348
500	NC_051840.1	26412004	26412504	1.1899263968467713
500	NC_051820.1	31235673	31236173	0.9287283438444137
500	NC_051833.1	10340855	10341355	0.7786133044958115
500	NC_051835.1	12426598	12427098	0.9697692900896072
500	NC_051819.1	2716583	2717083	1.7988084757328033
500	NC_051806.1	9985379	9985879	0.6324042887850241
500	NC_051835.1	32479659	32480159	0.9937742415666581
500	NC_051812.1	4182042	4182542	1.2608429697752
500	NC_051814.1	34304972	34305472	1.0688677304983139
500	NC_051813.1	10725965	10726465	0.9207513576745987
500	NC_051830.1	36719881	36720381	0.8946452974677086
500	NC_051834.1	593398	593898	1.066317042350769
500	NC_051836.1	16202837	16203337	1.032261435985565
500	NC_051808.1	33133947	33134447	0.9021174647808075
500	NC_051823.1	36941972	36942472	0.8991924546957016
500	NC_051815.1	9040166	9040666	0.6421217119693756
500	NC_051843.1	9734828	9735328	0.9193922736644745
500	NC_051831.1	46038542	46039042	1.0253634268045426
500	NC_051813.1	47778565	47779065	1.1217243927717209
500	NC_051828.1	33584528	33585028	0.743088130056858
500	NC_051815.1	69924350	69924850	1.3265260338783265
500	NC_051805.1	79030182	79030682	0.7006076034158468
500	NC_051810.1	59211572	59212072	0.36286098342598155
500	NC_051808.1	46736621	46737121	0.7820698778629303
500	NC_051809.1	37419414	37419914	0.8594645780324935
500	NC_051843.1	106268450	106268950	0.9503860473632812
500	NC_051821.1	13125671	13126171	0.8091250687837601
500	NC_051843.1	106619852	106620352	1.0850161391496658
500	NC_051808.1	44761899	44762399	0.9899559350013732
500	NC_051816.1	32944615	32945115	0.8954618513584137
500	NC_051806.1	72005754	72006254	0.9819912937879562
500	NC_051817.1	48368910	48369410	0.9750018858909607
500	NC_051818.1	56093918	56094418	0.9352785085439682
500	NC_051809.1	13496216	13496716	1.0064422339200974
500	NC_051839.1	25344718	25345218	0.6352901535875657
500	NC_051810.1	3494580	3495080	1.1713277673721314
500	NC_051812.1	14629572	14630072	0.8446557449102402
500	NC_051823.1	27090640	27091140	1.0569037437438964
500	NC_051819.1	906755	907255	3.0031230306625365
500	NC_051811.1	6816618	6817118	1.1236366802453994
500	NC_051835.1	33753539	33754039	0.7942693983316421
500	NC_051825.1	33244013	33244513	0.9221324486732483
500	NC_051826.1	49340042	49340542	0.9763543784618378
500	NC_051806.1	65752560	65753060	1.0353054076433181
500	NC_051815.1	56177258	56177758	1.137991819024086
500	NC_051814.1	37961420	37961920	1.0699331384897233
500	NC_051835.1	13084831	13085331	0.7526582768088893
500	NC_051831.1	22318159	22318659	1.271455805182457
500	NC_051836.1	14433437	14433937	0.9390649194717408
500	NC_051840.1	15681188	15681688	0.8287561565041542
500	NC_051823.1	6640950	6641450	0.8435401648283005
500	NC_051814.1	59825725	59826225	1.0715335607528687
500	NC_051819.1	55288141	55288641	0.7726470022797585
500	NC_051807.1	49352004	49352504	1.0703362348079681
500	NC_051816.1	73364944	73365444	1.3177423722743988
500	NC_051825.1	47830185	47830685	0.8685151100158691
500	NC_051809.1	765555	766055	0.8565336811542511
500	NC_051809.1	30352283	30352783	1.381194661140442
500	NC_051805.1	74969663	74970163	1.1880887330770493
500	NC_051817.1	59391579	59392079	0.820539845585823
500	NC_051813.1	8829432	8829932	0.7084350181253333
500	NC_051805.1	73800281	73800781	1.2782396363019943
500	NC_051812.1	12815407	12815907	0.9105017081499099
500	NC_051825.1	36656317	36656817	0.9366747006177902
500	NC_051843.1	102006343	102006843	1.0296333799362183
500	NC_051819.1	40447385	40447885	1.0519871366024018
500	NC_051831.1	30102250	30102750	0.8088762253522873
500	NC_051829.1	46919303	46919803	1.1251473751068115
500	NC_051843.1	79210745	79211245	0.9996601313352584
500	NC_051837.1	24749357	24749857	0.8130091378688812
500	NC_051807.1	47095775	47096275	1.0260061383247376
500	NC_051817.1	46901400	46901900	0.9682293176651001
500	NC_051821.1	62951916	62952416	0.8587822821951404
500	NC_051843.1	83116217	83116717	1.0155038264989853
500	NC_051843.1	19570302	19570802	0.966624272108078
500	NC_051829.1	14970719	14971219	0.6884019814597235
500	NC_051830.1	25909589	25910089	
500	NC_051807.1	32178701	32179201	0.8481168516874313
500	NC_051805.1	62665380	62665880	0.8316012677550316
500	NC_051819.1	50682850	50683350	1.1427962929010391
500	NC_051843.1	109257647	109258147	
500	NC_051843.1	59083767	59084267	1.0161140084266662
500	NC_051816.1	5441003	5441503	1.0110919777154923
500	NC_051806.1	68405331	68405831	0.8256154193878174
500	NC_051821.1	35381350	35381850	1.1469083368778228
500	NC_051841.1	24809240	24809740	1.2588457310199737
500	NC_051834.1	9634028	9634528	0.9699840252399444
500	NC_051815.1	2792800	2793300	1.172524943947792
500	NC_051805.1	45499958	45500458	0.7202663494944572
500	NC_051826.1	6787138	6787638	0.9943516393899917
500	NC_051828.1	32088191	32088691	1.2065332543849945
500	NC_051837.1	24487164	24487664	0.9769929838180542
500	NC_051829.1	20435293	20435793	1.0150347466468812
500	NC_051805.1	111946089	111946589	1.028271006822586
500	NC_051824.1	13813173	13813673	1.0574858191013337
500	NC_051836.1	17316570	17317070	1.3714304691553116
500	NC_051820.1	279100	279600	0.5885344319045543
500	NC_051826.1	32954349	32954849	0.8736564368009567
500	NC_051816.1	2176040	2176540	0.8964824873209
500	NC_051838.1	25806556	25807056	0.6440181967020034
500	NC_051811.1	54426798	54427298	0.9483393936157226
500	NC_051836.1	20455704	20456204	0.7592645045518875
500	NC_051836.1	13581311	13581811	1.0286184405088425
500	NC_051812.1	53407543	53408043	0.7855993838906288
500	NC_051816.1	43386646	43387146	0.9877847471237182
500	NC_051812.1	41367816	41368316	0.6801591810252932
500	NC_051809.1	79411537	79412037	1.0801344573497773
500	NC_051806.1	58177562	58178062	0.8660373973846436
500	NC_051828.1	16699198	16699698	1.0525217726230622
500	NC_051833.1	22436723	22437223	0.8708568080663681
500	NC_051812.1	75165450	75165950	0.7455590218305588
500	NC_051816.1	39259669	39260169	0.8456072722673416
500	NC_051822.1	7782792	7783292	1.1264056586027145
500	NC_051843.1	108729698	108730198	1.0714030267000199
500	NC_051823.1	38734008	38734508	1.148515382528305
500	NC_051816.1	36439823	36440323	0.933759583234787
500	NC_051819.1	59677571	59678071	0.6166561929583549
500	NC_051808.1	9169337	9169837	0.9405710016489028
500	NC_051806.1	31490987	31491487	0.8499457426667213
500	NC_051809.1	49695899	49696399	0.7819325437545777
500	NC_051818.1	1078547	1079047	0.9623522291183472
500	NC_051825.1	45920897	45921397	1.1375415416955947
500	NC_051816.1	25230895	25231395	0.9874969530105591
500	NC_051843.1	122282963	122283463	0.8807750042676926
500	NC_051821.1	49231814	49232314	0.8979083421230316
500	NC_051812.1	26093216	26093716	0.9375679523944854
500	NC_051810.1	70205855	70206355	1.0539215183258057
500	NC_051813.1	55235745	55236245	1.5231371665000915
500	NC_051821.1	59517426	59517926	1.1432429386377334
500	NC_051829.1	11199791	11200291	1.0432307300567627
500	NC_051826.1	36689079	36689579	0.9954749772548676
500	NC_051812.1	64318260	64318760	1.0750474190711976
500	NC_051813.1	14965500	14966000	0.9536016494035721
500	NC_051808.1	30886870	30887370	0.986440811753273
500	NC_051812.1	65800920	65801420	0.9580946046113968
500	NC_051822.1	14254958	14255458	1.1405573341846467
500	NC_051832.1	33153406	33153906	0.8806000252962113
500	NC_051817.1	55133555	55134055	1.0921801441907883
500	NC_051843.1	60517597	60518097	0.9305040031671524
500	NC_051826.1	15878301	15878801	0.9452468736171722
500	NC_051839.1	21947800	21948300	0.8498696625232697
500	NC_051832.1	19686551	19687051	1.0907918442487716
500	NC_051822.1	10533539	10534039	0.9131198180913925
500	NC_051807.1	39668965	39669465	0.9198582309484482
500	NC_051843.1	82966240	82966740	0.9508439278602601
500	NC_051820.1	57967889	57968389	0.9797396786212921
500	NC_051805.1	53391327	53391827	1.1637776514291764
500	NC_051843.1	93935879	93936379	1.0569098774194718
500	NC_051805.1	12701615	12702115	1.060220120549202
500	NC_051811.1	46365768	46366268	1.060700846195221
500	NC_051818.1	4000145	4000645	0.8964540803432465
500	NC_051820.1	49005998	49006498	1.0971600065231324
500	NC_051805.1	38544075	38544575	0.8763599783182144
500	NC_051807.1	59024610	59025110	1.2186651742458343
500	NC_051806.1	33139398	33139898	1.0186780389547347
500	NC_051827.1	23938606	23939106	0.7959146429300308
500	NC_051812.1	15580371	15580871	1.058337997674942
500	NC_051816.1	16944710	16945210	1.0750222313404083
500	NC_051805.1	51373566	51374066	1.0512885209321976
500	NC_051807.1	38520408	38520908	0.8481479150056839
500	NC_051805.1	106390466	106390966	1.0722584838867188
500	NC_051820.1	17045659	17046159	1.0744165523052216
500	NC_051814.1	34441606	34442106	1.178388538122177
500	NC_051817.1	35294400	35294900	1.188899677991867
500	NC_051835.1	30847344	30847844	1.0634769855737687
500	NC_051811.1	18559399	18559899	0.8871883130073548
500	NC_051811.1	26134287	26134787	0.8825686600804329
500	NC_051819.1	56285471	56285971	1.0056434342861176
500	NC_051810.1	53477044	53477544	0.9375794233083725
500	NC_051814.1	17369734	17370234	1.0424154281616211
500	NC_051805.1	114728927	114729427	1.057287085056305
500	NC_051818.1	52738853	52739353	0.9724774020910263
500	NC_051808.1	63333764	63334264	0.8246672475934028
500	NC_051805.1	39338955	39339455	1.0740713828802109
500	NC_051840.1	4293306	4293806	0.9059304633140564
500	NC_051805.1	115038106	115038606	1.2681446666717529
500	NC_051805.1	23222630	23223130	1.003178516626358
500	NC_051807.1	65590442	65590942	0.8883590187629063
500	NC_051811.1	50256248	50256748	0.9004462823867798
500	NC_051822.1	13123699	13124199	0.9092632215023041
500	NC_051836.1	23031331	23031831	0.8779754749536515
500	NC_051805.1	34609994	34610494	1.0396065143346787
500	NC_051824.1	50260015	50260515	0.9525848811864853
500	NC_051808.1	79813055	79813555	0.8652722090482712
500	NC_051836.1	30162515	30163015	0.9837991970777512
500	NC_051811.1	20136107	20136607	0.8501762114763259
500	NC_051818.1	56085522	56086022	1.0945102301836014
500	NC_051823.1	50259523	50260023	0.922785086274147
500	NC_051815.1	74381260	74381760	1.1568743395805359
500	NC_051833.1	6243697	6244197	0.8973587973117828
500	NC_051833.1	13388476	13388976	1.063449952363968
500	NC_051823.1	16382840	16383340	0.8998805046081543
500	NC_051816.1	15901450	15901950	1.2981995165348053
500	NC_051813.1	51044585	51045085	1.3295543205738067
500	NC_051805.1	9631814	9632314	0.8527810888290406
500	NC_051814.1	26971625	26972125	0.8285831928253173
500	NC_051808.1	1694175	1694675	0.8211542516946793
500	NC_051829.1	43902118	43902618	0.9636428608894348
500	NC_051829.1	36778614	36779114	1.1066936200857163
500	NC_051813.1	55182803	55183303	1.2051771448850632
500	NC_051823.1	13057979	13058479	0.9467098581790924
500	NC_051808.1	11217247	11217747	0.543992444217205
500	NC_051827.1	9214872	9215372	1.1114776481389999
500	NC_051820.1	7526332	7526832	0.8501673797369004
500	NC_051805.1	122299122	122299622	1.2158925725221634
500	NC_051805.1	68236522	68237022	0.9230135055780411
500	NC_051823.1	54882563	54883063	1.7431878445148468
500	NC_051807.1	53185739	53186239	1.310545680642128
500	NC_051838.1	37923016	37923516	0.2989996108379993
500	NC_051821.1	10829230	10829730	1.009531738758087
500	NC_051812.1	46796083	46796583	0.9788000725507736
500	NC_051805.1	55143496	55143996	1.1624356217384337
500	NC_051812.1	44747173	44747673	1.129957908987999
500	NC_051826.1	60659958	60660458	1.112263968706131
500	NC_051805.1	103120269	103120769	1.0425956627130508
500	NC_051823.1	8635696	8636196	0.8072242538928985
500	NC_051837.1	7319701	7320201	0.9504833524239892
500	NC_051811.1	49496172	49496672	0.9230073945522308
500	NC_051821.1	34389097	34389597	0.992825131058693
500	NC_051827.1	21108711	21109211	
500	NC_051829.1	39636240	39636740	0.8762820863723755
500	NC_051830.1	23059543	23060043	1.0797818202972411
500	NC_051843.1	19032986	19033486	0.9691276330947876
500	NC_051820.1	26003572	26004072	1.2672731959819794
500	NC_051805.1	4336910	4337410	1.1501378965377809
500	NC_051820.1	49370259	49370759	0.9813035345077514
500	NC_051816.1	69048349	69048849	1.550363902926445
500	NC_051838.1	3975798	3976298	0.9330890449285507
500	NC_051816.1	11760501	11761001	0.8781269788742065
500	NC_051808.1	60754653	60755153	1.0560258611440658
500	NC_051843.1	33722312	33722812	1.0799436533451081
500	NC_051809.1	15983547	15984047	1.2379235492944718
500	NC_051836.1	38380527	38381027	1.052783098936081
500	NC_051810.1	71425731	71426231	1.2041060703992843
500	NC_051818.1	53717194	53717694	0.872903016924858
500	NC_051837.1	23214075	23214575	1.0251318782567977
500	NC_051815.1	31198437	31198937	0.9498200036287308
500	NC_051829.1	26854251	26854751	1.0207300876379013
500	NC_051829.1	27733240	27733740	1.2235807001590728
500	NC_051822.1	44537049	44537549	1.0546689392328263
500	NC_051807.1	72315558	72316058	0.9284781436125438
500	NC_051837.1	28609475	28609975	1.2263250291347503
500	NC_051833.1	21145800	21146300	0.8384750872850418
500	NC_051810.1	7816004	7816504	1.0721757848262787
500	NC_051830.1	18539429	18539929	1.206178347826004
500	NC_051843.1	2940391	2940891	1.0963528008460999
500	NC_051815.1	60809292	60809792	0.8890269711017609
500	NC_051838.1	30400573	30401073	0.8735949968099594
500	NC_051816.1	46057413	46057913	0.9412333192825317
500	NC_051824.1	18795614	18796114	1.0125343712568282
500	NC_051823.1	21259005	21259505	1.0103211471667657
500	NC_051823.1	22611015	22611515	0.8024713698360655
500	NC_051842.1	12153918	12154418	1.04294773375988
500	NC_051809.1	41887896	41888396	1.2892832233905793
500	NC_051815.1	27397595	27398095	1.0387757366895676
500	NC_051808.1	35078345	35078845	1.0736752223968506
500	NC_051808.1	27396008	27396508	0.9508833574056625
500	NC_051814.1	48166130	48166630	1.1642858749628067
500	NC_051843.1	92412160	92412660	0.9594387167692184
500	NC_051807.1	22622765	22623265	0.9775758373737335
500	NC_051830.1	23762078	23762578	1.3855273835659028
500	NC_051812.1	66306795	66307295	1.0707479816675187
500	NC_051809.1	87391342	87391842	1.0219397777318955
500	NC_051820.1	11521348	11521848	0.8997263610363007
500	NC_051818.1	27756195	27756695	0.9670326822996139
500	NC_051805.1	31992419	31992919	0.954787635922432
500	NC_051819.1	5857651	5858151	1.1563341492414474
500	NC_051826.1	59580755	59581255	0.9331499880552292
500	NC_051819.1	57611632	57612132	1.0872213523387908
500	NC_051811.1	8970369	8970869	1.1806208835840226
500	NC_051812.1	23532848	23533348	0.8920214064121247
500	NC_051837.1	24204950	24205450	1.0410318553447724
500	NC_051839.1	2834937	2835437	1.026523023724556
500	NC_051843.1	125108266	125108766	2.6157653324604033
500	NC_051843.1	74793598	74794098	0.9584141138792038
500	NC_051808.1	6392685	6393185	0.9743159860372543
500	NC_051813.1	13786790	13787290	1.1854057973623275
500	NC_051807.1	51347515	51348015	1.1247662544250487
500	NC_051835.1	29360702	29361202	1.0794871759414673
500	NC_051821.1	40379674	40380174	0.7517895841123258
500	NC_051808.1	22541552	22542052	1.1623390523195267
500	NC_051808.1	9494175	9494675	1.0059277981519699
500	NC_051823.1	47081866	47082366	0.9135283918380738
500	NC_051829.1	38426214	38426714	1.0444258941411972
500	NC_051815.1	22362573	22363073	1.2407313041687011
500	NC_051816.1	8157712	8158212	0.7622892211675644
500	NC_051831.1	35149402	35149902	0.9112048070430756
500	NC_051810.1	47223950	47224450	0.9364801108837127
500	NC_051807.1	87440466	87440966	0.8790429246425628
500	NC_051838.1	30714305	30714805	0.840755597949028
500	NC_051811.1	8135957	8136457	1.084651449084282
500	NC_051835.1	24410996	24411496	0.9372356033325195
500	NC_051816.1	13192092	13192592	1.2534392566680908
500	NC_051818.1	11307028	11307528	0.8316906585693359
500	NC_051828.1	11978079	11978579	0.9442412540912628
500	NC_051836.1	22411329	22411829	0.9624146853685379
500	NC_051814.1	61535544	61536044	1.0319499394893645
500	NC_051821.1	47135326	47135826	1.0289205393791199
500	NC_051811.1	20130594	20131094	1.0336195373535155
500	NC_051808.1	3252895	3253395	1.1606601041555404
500	NC_051838.1	39728373	39728873	0.9055386017560959
500	NC_051831.1	15188134	15188634	0.9959822256565094
500	NC_051819.1	33751583	33752083	1.0580369645357133
500	NC_051821.1	25748637	25749137	1.3886761515140533
500	NC_051817.1	34360086	34360586	1.1662186342477798
500	NC_051808.1	32017467	32017967	1.1174460551738739
500	NC_051843.1	15967995	15968495	1.0059958279132843
500	NC_051819.1	54396466	54396966	0.7965986278653144
500	NC_051808.1	84842122	84842622	0.94914601624012
500	NC_051821.1	62839611	62840111	1.235303344964981
500	NC_051811.1	16833188	16833688	0.9303691180944442
500	NC_051805.1	46875571	46876071	1.0954473946094514
500	NC_051840.1	3695247	3695747	0.898802805185318
500	NC_051813.1	56757959	56758459	1.3361945369243622
500	NC_051818.1	37121766	37122266	0.9612069294452668
500	NC_051816.1	38852705	38853205	0.9737554359436035
500	NC_051809.1	47642582	47643082	0.8467505549192429
500	NC_051843.1	18114141	18114641	0.9557450791597366
500	NC_051829.1	42503321	42503821	0.7960621680021286
500	NC_051818.1	51227615	51228115	0.9453994488716125
500	NC_051840.1	4749079	4749579	1.1591871602535249
500	NC_051814.1	39342146	39342646	0.9943073503971099
500	NC_051814.1	3525531	3526031	0.9492183043956757
500	NC_051832.1	27526514	27527014	0.9709298745393753
500	NC_051830.1	25327963	25328463	1.1948340406417848
500	NC_051832.1	34633452	34633952	0.928206250667572
500	NC_051841.1	6556160	6556660	0.8477143311500549
500	NC_051817.1	18391472	18391972	1.125875007033348
500	NC_051805.1	78798971	78799471	1.747955689907074
500	NC_051843.1	35660687	35661187	0.9419632029533386
500	NC_051806.1	24209704	24210204	0.9329180263280868
500	NC_051818.1	48704602	48705102	1.1086422460079193
500	NC_051808.1	11484599	11485099	0.6215083521008492
500	NC_051825.1	25900032	25900532	1.0228275052309037
500	NC_051841.1	12153994	12154494	0.994768895149231
500	NC_051813.1	25664839	25665339	1.1395232110023499
500	NC_051818.1	44327897	44328397	1.0309503692388535
500	NC_051826.1	40880528	40881028	0.8400131998062134
500	NC_051818.1	36606942	36607442	0.8980315034389496
500	NC_051843.1	66782841	66783341	
500	NC_051809.1	30697856	30698356	1.1126571439504624
500	NC_051827.1	52546248	52546748	0.9061366572380066
500	NC_051805.1	104324102	104324602	1.0600975782871247
500	NC_051818.1	17681787	17682287	1.0075576404333115
500	NC_051830.1	36300912	36301412	0.8353984740972519
500	NC_051843.1	57545485	57545985	0.8458770704269409
500	NC_051826.1	33004241	33004741	0.7878341164588928
500	NC_051812.1	27182837	27183337	0.9195038594007492
500	NC_051815.1	71577642	71578142	1.4167773232460021
500	NC_051829.1	20476068	20476568	0.8337821532487869
500	NC_051822.1	22931787	22932287	1.0999978938102721
500	NC_051828.1	28793618	28794118	0.9744863562583923
500	NC_051839.1	13711586	13712086	0.9757660555839539
500	NC_051816.1	13927285	13927785	0.804957190155983
500	NC_051814.1	45528295	45528795	0.8908874017000198
500	NC_051816.1	34129551	34130051	1.0620954910516738
500	NC_051807.1	40867338	40867838	0.9853934116363525
500	NC_051807.1	30171414	30171914	0.9875358257293702
500	NC_051826.1	41455449	41455949	0.977612600684166
500	NC_051826.1	18944504	18945004	0.8593990814685821
500	NC_051813.1	1225555	1226055	2.295988178253174
500	NC_051809.1	14547579	14548079	1.090671700835228
500	NC_051836.1	30365984	30366484	1.0244505928754806
500	NC_051811.1	74005623	74006123	0.8832324355840683
500	NC_051808.1	59443360	59443860	1.3503803503513336
500	NC_051812.1	57641080	57641580	0.8431046307086945
500	NC_051812.1	10435140	10435640	1.044536031782627
500	NC_051826.1	56789476	56789976	1.0121034333705903
500	NC_051809.1	81540626	81541126	1.161894880414009
500	NC_051821.1	35745031	35745531	1.1176102644205093
500	NC_051843.1	89125149	89125649	0.8706170506477356
500	NC_051824.1	43908581	43909081	1.2093340879678727
500	NC_051824.1	15024768	15025268	0.839047551393509
500	NC_051813.1	44517027	44517527	1.0152501591444016
500	NC_051816.1	71742308	71742808	0.9593679754734039
500	NC_051827.1	29010948	29011448	1.1219494888782502
500	NC_051816.1	1707152	1707652	6.857204352617264
500	NC_051837.1	30460132	30460632	0.9704705985784531
500	NC_051817.1	39076999	39077499	1.356613283753395
500	NC_051842.1	20421522	20422022	1.4662139229774476
500	NC_051813.1	52948563	52949063	1.471116592168808
500	NC_051821.1	46134576	46135076	1.0177968429327011
500	NC_051825.1	25539542	25540042	0.9331211708784103
500	NC_051814.1	56931858	56932358	1.1836169768571854
500	NC_051840.1	7586151	7586651	1.083272891640663
500	NC_051841.1	9775845	9776345	1.1801143616437912
500	NC_051843.1	107160296	107160796	0.6117818513140082
500	NC_051830.1	40541486	40541986	0.9072538938522339
500	NC_051831.1	35364561	35365061	0.8943917527198791
500	NC_051819.1	40830103	40830603	0.895247207403183
500	NC_051811.1	36990407	36990907	1.0916660982370376
500	NC_051825.1	33046267	33046767	1.1654662393331527
500	NC_051811.1	23446200	23446700	1.2357947319746017
500	NC_051823.1	20035459	20035959	1.245160511136055
500	NC_051810.1	32088369	32088869	1.0774099851846695
500	NC_051834.1	11748644	11749144	1.0066807546637728
500	NC_051809.1	77083748	77084248	1.4473384051322937
500	NC_051805.1	4830128	4830628	1.1002479178905487
500	NC_051833.1	14134047	14134547	0.9221330285072327
500	NC_051835.1	9267972	9268472	1.065246544122696
500	NC_051831.1	6397484	6397984	1.0508741697072983
500	NC_051807.1	10712036	10712536	0.8964840524196624
500	NC_051844.1	1535724	1536224	1.0531469511985778
500	NC_051809.1	84727126	84727626	0.92303136074543
500	NC_051817.1	9859331	9859831	1.1019967257976533
500	NC_051824.1	51695031	51695531	1.2597287259101868
500	NC_051843.1	118542881	118543381	1.019988940000534
500	NC_051806.1	80882180	80882680	1.3580068850517273
500	NC_051832.1	5776812	5777312	0.7997331473827362
500	NC_051811.1	38588895	38589395	1.37292964220047
500	NC_051826.1	54954860	54955360	0.9870673531293869
500	NC_051807.1	66018943	66019443	1.0034258019924165
500	NC_051809.1	74572067	74572567	0.9336769775152206
500	NC_051817.1	32429427	32429927	0.9658796682357788
500	NC_051819.1	36002513	36003013	1.0047914208173752
500	NC_051827.1	42438071	42438571	0.9223955254554749
500	NC_051843.1	3020129	3020629	0.9592494868040085
500	NC_051820.1	61984860	61985360	1.0742911750078201
500	NC_051807.1	63466795	63467295	1.1422429883480072
500	NC_051843.1	92486407	92486907	0.9068412037491799
500	NC_051813.1	18413126	18413626	0.9367987373000697
500	NC_051817.1	29534331	29534831	1.1066919100284576
500	NC_051805.1	45470199	45470699	0.7370406583547592
500	NC_051814.1	47300862	47301362	0.8911145185232162
500	NC_051832.1	28515710	28516210	1.2215589165687561
500	NC_051834.1	33629636	33630136	1.320752255320549
500	NC_051816.1	29007114	29007614	0.833006737112999
500	NC_051830.1	13078501	13079001	0.6469595383381896
500	NC_051833.1	7038679	7039179	1.0456447870731354
500	NC_051838.1	20762196	20762696	0.95350422000885
500	NC_051808.1	50721998	50722498	1.1943201975822448
500	NC_051807.1	81638887	81639387	0.853141547203064
500	NC_051808.1	27402258	27402758	0.9509435957670211
500	NC_051806.1	46010235	46010735	0.8395115542411804
500	NC_051806.1	19538320	19538820	0.9363977098464966
500	NC_051817.1	33218	33718	0.7067589983940125
500	NC_051831.1	4570749	4571249	0.9469742045402527
500	NC_051826.1	2163687	2164187	0.9226451852321624
500	NC_051834.1	13830001	13830501	1.0984016309976579
500	NC_051808.1	14953279	14953779	0.9771429152488709
500	NC_051836.1	10474353	10474853	0.9015456607341766
500	NC_051821.1	53890831	53891331	0.985671670794487
500	NC_051834.1	1755968	1756468	0.9848079390525818
500	NC_051816.1	6817274	6817774	1.0990544148683548
500	NC_051829.1	30517391	30517891	1.3407195177078246
500	NC_051830.1	10471562	10472062	1.0923881686925887
500	NC_051820.1	33416230	33416730	0.8951055783033371
500	NC_051818.1	45798160	45798660	1.0080810981988906
500	NC_051815.1	31091873	31092373	0.9322365282773971
500	NC_051810.1	17155430	17155930	0.9474021029472351
500	NC_051830.1	39121676	39122176	1.0662805156707764
500	NC_051806.1	10248563	10249063	0.9295296173095703
500	NC_051809.1	14536266	14536766	1.5291582248210907
500	NC_051834.1	7086524	7087024	1.0715713835954666
500	NC_051816.1	51386211	51386711	0.8646419466733932
500	NC_051808.1	88151669	88152169	1.1409026130437852
500	NC_051826.1	11152348	11152848	0.923747838139534
500	NC_051816.1	32980180	32980680	1.0075031822919847
500	NC_051837.1	30160331	30160831	0.9428674094676971
500	NC_051837.1	30876221	30876721	0.9419283136129379
500	NC_051809.1	55280509	55281009	1.3273532581329346
500	NC_051826.1	13712981	13713481	0.8638487883806228
500	NC_051812.1	18959045	18959545	0.8357635068893433
500	NC_051822.1	41793302	41793802	1.22275115275383
500	NC_051821.1	25137936	25138436	1.1136421916484833
500	NC_051828.1	40464987	40465487	1.1627331713438034
500	NC_051805.1	65419823	65420323	0.8898483761548996
500	NC_051823.1	2733346	2733846	1.0463064509630202
500	NC_051819.1	40370586	40371086	1.0210353682041169
500	NC_051816.1	19122738	19123238	0.9945955218076706
500	NC_051830.1	4222573	4223073	1.0453710856437683
500	NC_051822.1	47020065	47020565	1.4731575453281402
500	NC_051815.1	57002897	57003397	2.990812633275986
500	NC_051820.1	16788806	16789306	1.250989201570812
500	NC_051813.1	27929379	27929879	1.0390589578151703
500	NC_051826.1	35033963	35034463	0.8724320120811463
500	NC_051806.1	31227707	31228207	0.8875465915203095
500	NC_051810.1	46815279	46815779	0.9769849429130554
500	NC_051825.1	46640023	46640523	0.7958021748065949
500	NC_051809.1	75226483	75226983	0.9243542303442955
500	NC_051818.1	54343995	54344495	0.9078711754083634
500	NC_051819.1	54798901	54799401	0.9108496856689453
500	NC_051806.1	80631845	80632345	1.3071560037136079
500	NC_051810.1	37107885	37108385	1.0801374000310897
500	NC_051809.1	52469239	52469739	1.1489697909355163
500	NC_051827.1	1437723	1438223	0.8664989674091339
500	NC_051807.1	19882694	19883194	1.0726456348896027
500	NC_051810.1	8190776	8191276	1.142078458428383
500	NC_051809.1	37865515	37866015	0.9963445770740509
500	NC_051808.1	57992109	57992609	1.0937523910999298
500	NC_051813.1	53339020	53339520	1.1809545201063156
500	NC_051815.1	18454664	18455164	0.9916013708114624
500	NC_051814.1	3888853	3889353	0.9375154688358307
500	NC_051811.1	75312703	75313203	0.9504437197446823
500	NC_051810.1	47781248	47781748	0.9814597010612488
500	NC_051838.1	1365901	1366401	1.0939407012462616
500	NC_051807.1	86337895	86338395	1.0501552456617356
500	NC_051807.1	4723523	4724023	1.0522961039543153
500	NC_051824.1	6792261	6792761	1.0319147621393203
500	NC_051807.1	18496724	18497224	0.8784661382436753
500	NC_051830.1	34669672	34670172	0.9289277255535126
500	NC_051834.1	27966317	27966817	0.9268381452560425
500	NC_051843.1	66846048	66846548	0.9022449216842652
500	NC_051805.1	25891938	25892438	
500	NC_051813.1	24879147	24879647	1.2931632369756698
500	NC_051843.1	10975596	10976096	1.0497274565696717
500	NC_051833.1	24256630	24257130	0.9154593819379806
500	NC_051809.1	71778636	71779136	1.061579651236534
500	NC_051819.1	34610909	34611409	0.9209380078911781
500	NC_051843.1	62730476	62730976	0.7442521489858628
500	NC_051815.1	60832444	60832944	0.7478496236205101
500	NC_051823.1	21969117	21969617	1.1465850945711136
500	NC_051808.1	58263277	58263777	1.2822235238552093
500	NC_051809.1	28760572	28761072	1.0200176181793212
500	NC_051807.1	74158885	74159385	0.9650356841087341
500	NC_051823.1	47867258	47867758	0.9541591720581055
500	NC_051814.1	46910351	46910851	0.9526477593183518
500	NC_051817.1	26169870	26170370	0.9159793466329574
500	NC_051825.1	19763592	19764092	1.2626915018558502
500	NC_051841.1	28666746	28667246	1.2517611694335937
500	NC_051816.1	56808737	56809237	1.0104854468107223
500	NC_051818.1	20099025	20099525	0.8372169733047485
500	NC_051822.1	21825576	21826076	1.0018922567367554
500	NC_051826.1	28681884	28682384	0.8207938086986541
500	NC_051821.1	24212383	24212883	1.144157168865204
500	NC_051814.1	22565706	22566206	1.3760841631889342
500	NC_051815.1	40198609	40199109	0.8622829850912094
500	NC_051809.1	8477159	8477659	1.0051283047199249
500	NC_051829.1	50303349	50303849	1.38348080265522
500	NC_051810.1	30453695	30454195	1.0397747647762299
500	NC_051822.1	43127102	43127602	1.0366945054531098
500	NC_051811.1	61228133	61228633	0.9457035584449768
500	NC_051834.1	39228606	39229106	1.0534463517665864
500	NC_051823.1	51258316	51258816	1.0255128376483917
500	NC_051826.1	61630479	61630979	1.2143015689849854
500	NC_051843.1	6680784	6681284	1.0020257172584535
500	NC_051816.1	7637926	7638426	1.2307031481266022
500	NC_051822.1	52554141	52554641	0.8896985543966294
500	NC_051805.1	76036377	76036877	0.8564069890975952
500	NC_051827.1	2053611	2054111	1.0143261754512787
500	NC_051822.1	4736247	4736747	0.9543182685375213
500	NC_051830.1	1079176	1079676	1.1758477816581725
500	NC_051836.1	9345418	9345918	1.1577097724676133
500	NC_051818.1	30302596	30303096	0.9602069034576416
500	NC_051805.1	70018788	70019288	0.5817552294049945
500	NC_051814.1	55349067	55349567	0.9425428167581559
500	NC_051837.1	31280915	31281415	1.1866346681118012
500	NC_051822.1	21220771	21221271	1.0606028720140457
500	NC_051811.1	54462341	54462841	1.0284432365894318
500	NC_051831.1	7426936	7427436	0.8270096335411071
500	NC_051819.1	14008806	14009306	1.351305728673935
500	NC_051843.1	68171048	68171548	0.871950592160225
500	NC_051843.1	100622853	100623353	0.9872217277288436
500	NC_051809.1	76642351	76642851	
500	NC_051823.1	53173374	53173874	1.0044458460807801
500	NC_051815.1	66336001	66336501	1.0029239240884782
500	NC_051807.1	36192229	36192729	1.240584697008133
500	NC_051819.1	52874863	52875363	0.6717620244324207
500	NC_051822.1	36295581	36296081	1.0295311566591263
500	NC_051824.1	57844333	57844833	1.5981238956451416
500	NC_051817.1	59871116	59871616	0.9612209404706955
500	NC_051816.1	27192665	27193165	0.8357829380035401
500	NC_051807.1	81837610	81838110	0.8953939789533615
500	NC_051835.1	31407297	31407797	0.9972494243383407
500	NC_051812.1	53141238	53141738	0.9191995297670364
500	NC_051837.1	9614733	9615233	0.8435045447349548
500	NC_051805.1	115914882	115915382	1.0693078877925872
500	NC_051818.1	31770057	31770557	1.0165391689538956
500	NC_051827.1	30890246	30890746	0.95301990878582
500	NC_051826.1	10147683	10148183	1.1425649579763413
500	NC_051815.1	59715609	59716109	0.8891129336357116
500	NC_051805.1	76295847	76296347	1.0218188852071761
500	NC_051818.1	58665048	58665548	0.9798333256244659
500	NC_051810.1	40875364	40875864	0.7603294113278389
500	NC_051808.1	51110509	51111009	1.0126213641166688
500	NC_051814.1	13261146	13261646	1.0556714980602264
500	NC_051807.1	47554132	47554632	0.8210396385192871
500	NC_051816.1	69624968	69625468	0.8630826915105184
500	NC_051833.1	17446381	17446881	0.935585543513298
500	NC_051806.1	83982392	83982892	1.2095705168247224
500	NC_051826.1	61531455	61531955	1.053549100756645
500	NC_051825.1	45435458	45435958	0.7853324421644211
500	NC_051817.1	8564589	8565089	0.8749271630048752
500	NC_051805.1	53157508	53158008	1.0520425208806992
500	NC_051821.1	24181273	24181773	1.2053391765356063
500	NC_051843.1	126248634	126249134	1.01084150660038
500	NC_051805.1	25087521	25088021	0.8767258253097534
500	NC_051812.1	53118300	53118800	1.008314874768257
500	NC_051839.1	10472482	10472982	1.0127482053041459
500	NC_051842.1	1087335	1087835	0.9423093402385712
500	NC_051835.1	36025268	36025768	1.2182906334400176
500	NC_051806.1	10127386	10127886	0.8693574232459068
500	NC_051835.1	37026684	37027184	1.5572526750564575
500	NC_051821.1	10197618	10198118	0.9602117059528827
500	NC_051840.1	27064755	27065255	0.9956605421317802
500	NC_051816.1	41705617	41706117	1.0436306631565093
500	NC_051817.1	63343618	63344118	0.5797427296638489
500	NC_051843.1	8020243	8020743	0.8928596936464309
500	NC_051813.1	49060504	49061004	1.1204724043607712
500	NC_051812.1	14251501	14252001	1.066299257993698
500	NC_051843.1	25400747	25401247	1.0737794899940492
500	NC_051837.1	2984020	2984520	0.9254164415597915
500	NC_051828.1	26411415	26411915	0.9083462512493133
500	NC_051843.1	105469806	105470306	0.8206393455266953
500	NC_051835.1	14304179	14304679	0.9406804433796141
500	NC_051807.1	87611671	87612171	0.9407240154743195
500	NC_051832.1	12566941	12567441	0.8702435350418091
500	NC_051821.1	35725960	35726460	0.9323268097639084
500	NC_051839.1	5807031	5807531	1.0753877829313279
500	NC_051828.1	47461438	47461938	1.249818850517273
500	NC_051819.1	29774097	29774597	1.0207993267774582
500	NC_051815.1	34477134	34477634	0.9634897464513779
500	NC_051815.1	14721608	14722108	1.0282994191646575
500	NC_051807.1	36359137	36359637	1.106006356358528
500	NC_051806.1	48972073	48972573	1.2003599420785904
500	NC_051817.1	49940352	49940852	0.863040050804615
500	NC_051841.1	25833120	25833620	0.8639954510331154
500	NC_051805.1	75495078	75495578	0.8852208998203278
500	NC_051808.1	76577931	76578431	0.8950614386796951
500	NC_051843.1	26153339	26153839	0.8934245316982269
500	NC_051810.1	30019027	30019527	0.8867225344181061
500	NC_051842.1	12430510	12431010	0.9417479288578033
500	NC_051843.1	5164773	5165273	0.9652154004573822
500	NC_051805.1	29146418	29146918	0.9451685502529145
500	NC_051808.1	83036559	83037059	0.9048641419410706
500	NC_051809.1	5672515	5673015	0.9626131391525269
500	NC_051822.1	20725150	20725650	0.9524149626493454
500	NC_051821.1	59738979	59739479	1.1892743362188338
500	NC_051824.1	46903730	46904230	0.9348852601647377
500	NC_051833.1	8488387	8488887	0.937156604886055
500	NC_051824.1	38393766	38394266	0.8569075486660004
500	NC_051843.1	109805106	109805606	1.0821419701576234
500	NC_051814.1	7893188	7893688	0.9115587970018387
500	NC_051810.1	7089412	7089912	1.520867835521698
500	NC_051817.1	39761943	39762443	1.0821423667669297
500	NC_051815.1	71438500	71439000	1.190935316681862
500	NC_051831.1	5718708	5719208	2.294414806127548
500	NC_051809.1	48412067	48412567	1.035012846827507
500	NC_051813.1	11507454	11507954	1.4321172077655793
500	NC_051826.1	40567448	40567948	0.9519970104694366
500	NC_051817.1	51741265	51741765	0.882388756275177
500	NC_051829.1	11875967	11876467	0.9722510968446731
500	NC_051809.1	83900226	83900726	1.3243514449596405
500	NC_051809.1	73643374	73643874	0.8239146084785461
500	NC_051819.1	6996776	6997276	
500	NC_051820.1	1952207	1952707	1.073916741847992
500	NC_051817.1	32543036	32543536	0.9591854867935181
500	NC_051843.1	12578881	12579381	0.8834997270107269
500	NC_051819.1	31705545	31706045	0.801368043422699
500	NC_051816.1	71534552	71535052	1.0663933423757552
500	NC_051823.1	3693108	3693608	1.8920626862049104
500	NC_051810.1	56327703	56328203	0.8569465945959092
500	NC_051805.1	78625756	78626256	0.9915373153686523
500	NC_051843.1	2201241	2201741	1.175219159245491
500	NC_051839.1	12635826	12636326	1.0389539023637773
500	NC_051819.1	46760990	46761490	1.4881340581178666
500	NC_051834.1	2438234	2438734	1.1370244479179383
500	NC_051825.1	38980600	38981100	1.0102619796991348
500	NC_051817.1	50061202	50061702	0.7200600757598877
500	NC_051825.1	10067718	10068218	0.9641115254163742
500	NC_051825.1	44643966	44644466	0.8957896279096603
500	NC_051814.1	30605028	30605528	1.1486008529663085
500	NC_051826.1	41147380	41147880	0.9785131776332855
500	NC_051843.1	89571746	89572246	0.8723680223226548
500	NC_051817.1	23752029	23752529	1.3434165160655975
500	NC_051833.1	15530190	15530690	1.0524877655506133
500	NC_051829.1	26269548	26270048	1.2833360209465028
500	NC_051818.1	32500938	32501438	0.9984624236822128
500	NC_051830.1	8765017	8765517	0.9908360540866852
500	NC_051808.1	34431195	34431695	1.399762378334999
500	NC_051824.1	11695775	11696275	1.0054653644561768
500	NC_051830.1	9135901	9136401	0.9341378873586654
500	NC_051812.1	67334232	67334732	0.9639451718330383
500	NC_051807.1	9262762	9263262	1.0299911577701568
500	NC_051808.1	85095003	85095503	0.8719563144445419
500	NC_051809.1	35395734	35396234	1.0060910303592683
500	NC_051821.1	19073644	19074144	0.5182846965509302
500	NC_051838.1	30753005	30753505	0.8779041022062302
500	NC_051828.1	37143925	37144425	1.4158370673656464
500	NC_051809.1	67294158	67294658	1.1033620485067368
500	NC_051819.1	23320943	23321443	0.9379086910486222
500	NC_051808.1	34630913	34631413	1.7104221765995025
500	NC_051813.1	16953132	16953632	0.829471742272377
500	NC_051807.1	65666575	65667075	0.9849166399554202
500	NC_051828.1	26872880	26873380	1.1230279052257537
500	NC_051806.1	36440737	36441237	0.773396441668272
500	NC_051832.1	20140637	20141137	0.9147095904350281
500	NC_051830.1	4433876	4434376	1.0608201930522918
500	NC_051817.1	52194654	52195154	0.9764830951690674
500	NC_051834.1	11188594	11189094	1.0362953686714171
500	NC_051815.1	18186691	18187191	0.904829882979393
500	NC_051809.1	20721667	20722167	0.8838322001695633
500	NC_051816.1	34358615	34359115	1.1551090282201768
500	NC_051811.1	73736720	73737220	1.1564946061372756
500	NC_051813.1	46611752	46612252	1.3756955223083496
500	NC_051812.1	27507269	27507769	0.9073347705602646
500	NC_051817.1	8381795	8382295	0.8342203795909882
500	NC_051813.1	53349880	53350380	1.6791991090774536
500	NC_051810.1	28902127	28902627	1.1093339370489121
500	NC_051831.1	2730463	2730963	1.2525649764537812
500	NC_051819.1	60636312	60636812	1.280972159743309
500	NC_051825.1	1234081	1234581	1.080997229218483
500	NC_051844.1	3414164	3414664	1.2235741958618165
500	NC_051824.1	25976817	25977317	1.1395945411920547
500	NC_051840.1	27640719	27641219	0.9127858093976975
500	NC_051832.1	15019766	15020266	0.8459235200285912
500	NC_051806.1	39726437	39726937	1.0392221456766129
500	NC_051805.1	71602047	71602547	0.9456295330524445
500	NC_051819.1	31113529	31114029	0.9783139754533767
500	NC_051816.1	33173092	33173592	0.8663049272298813
500	NC_051821.1	37198512	37199012	1.0974830464124679
500	NC_051835.1	39103974	39104474	1.4874038982391358
500	NC_051810.1	8504339	8504839	1.19177199447155
500	NC_051832.1	2875533	2876033	0.9476457806825638
500	NC_051843.1	107733884	107734384	0.8758746780951818
500	NC_051837.1	3751458	3751958	0.8544822653532028
500	NC_051813.1	55175334	55175834	1.0977762781381608
500	NC_051816.1	55049013	55049513	0.8638585393428803
500	NC_051824.1	15789130	15789630	0.9790195178985596
500	NC_051842.1	10408152	10408652	0.9629739433526993
500	NC_051822.1	19604175	19604675	0.8868913650512695
500	NC_051812.1	16213781	16214281	0.9760645003318786
500	NC_051809.1	15209477	15209977	1.2172157689332963
500	NC_051806.1	54244955	54245455	1.084665635228157
500	NC_051816.1	69770031	69770531	0.8936130974292755
500	NC_051835.1	124434	124934	1.0390885739326476
500	NC_051809.1	61028660	61029160	1.0377597600221633
500	NC_051809.1	20211943	20212443	1.3388535478115082
500	NC_051811.1	65802673	65803173	1.0516814688444138
500	NC_051840.1	23901406	23901906	0.9796463024616241
500	NC_051827.1	7462491	7462991	0.8845814658403397
500	NC_051833.1	17672033	17672533	0.7599168527126312
500	NC_051812.1	17705401	17705901	0.8894439325035283
500	NC_051843.1	71370257	71370757	0.8128020176887513
500	NC_051817.1	16943978	16944478	0.7004477577805519
500	NC_051817.1	44795595	44796095	0.9709900403022766
500	NC_051831.1	11702427	11702927	0.9258734223842621
500	NC_051831.1	26769560	26770060	1.0301365149021149
500	NC_051835.1	14950535	14951035	0.9373620116710663
500	NC_051810.1	52955330	52955830	1.0730931812524795
500	NC_051822.1	244925	245425	1.1907974541187287
500	NC_051843.1	112197068	112197568	0.9597858738899231
500	NC_051810.1	3024600	3025100	0.8610967099666595
500	NC_051820.1	45205329	45205829	1.1928588037490844
500	NC_051807.1	75218983	75219483	4.063472822904587
500	NC_051816.1	24869710	24870210	0.896881610751152
500	NC_051815.1	56434739	56435239	1.1786769189834594
500	NC_051809.1	15478543	15479043	1.3271101797819138
500	NC_051816.1	14368316	14368816	0.9498245720863342
500	NC_051819.1	48317186	48317686	0.8772384798526764
500	NC_051825.1	44935190	44935690	1.0219880741834642
500	NC_051827.1	7153847	7154347	1.1231552895307542
500	NC_051816.1	72246406	72246906	0.897227318406105
500	NC_051816.1	17869361	17869861	0.9778694449663162
500	NC_051811.1	74827071	74827571	1.0014195138216018
500	NC_051829.1	4517596	4518096	0.8756246460676194
500	NC_051807.1	70077009	70077509	1.2508441290855408
500	NC_051818.1	7997349	7997849	1.1323952653408051
500	NC_051809.1	17964963	17965463	1.1581738265752792
500	NC_051818.1	14527195	14527695	0.8657536923885345
500	NC_051832.1	12116023	12116523	0.9422579752206802
500	NC_051839.1	14517720	14518220	1.0956008660793304
500	NC_051811.1	65051637	65052137	1.1360696853399277
500	NC_051812.1	8922866	8923366	0.9009380315542221
500	NC_051808.1	22672648	22673148	1.1306021305322647
500	NC_051842.1	12374267	12374767	1.0233959584236145
500	NC_051810.1	31467347	31467847	1.3404142067432403
500	NC_051835.1	24976912	24977412	0.8730949178934098
500	NC_051805.1	49226145	49226645	0.9925886797904968
500	NC_051808.1	70014765	70015265	0.905222974717617
500	NC_051832.1	26760114	26760614	1.0035217303037642
500	NC_051810.1	30738008	30738508	1.1940908126831056
500	NC_051836.1	35799741	35800241	0.9246094683408738
500	NC_051835.1	2864286	2864786	0.7488231248259545
500	NC_051805.1	28073679	28074179	1.1238633458614349
500	NC_051837.1	17136655	17137155	1.0559689074754715
500	NC_051824.1	18010398	18010898	0.9876447814702988
500	NC_051831.1	27866213	27866713	0.8749803961515427
500	NC_051832.1	5370575	5371075	0.9685893654823303
500	NC_051842.1	2553495	2553995	1.106353325843811
500	NC_051817.1	46642785	46643285	1.104665589928627
500	NC_051837.1	5927999	5928499	1.0491540521383285
500	NC_051830.1	21453733	21454233	1.22759550344944
500	NC_051834.1	6516494	6516994	1.036768844485283
500	NC_051812.1	56396315	56396815	0.8969760078191757
500	NC_051807.1	91642389	91642889	1.1403530738353729
500	NC_051820.1	14781925	14782425	1.424928143620491
500	NC_051820.1	31329090	31329590	1.0209570401906967
500	NC_051816.1	42822492	42822992	0.8787103824615479
500	NC_051832.1	40229373	40229873	0.9923961819410324
500	NC_051811.1	74001023	74001523	0.82178484582901
500	NC_051829.1	15036853	15037353	0.9820421651601792
500	NC_051820.1	42048298	42048798	0.7666657595634461
500	NC_051809.1	30181843	30182343	0.9078919671773911
500	NC_051843.1	101049463	101049963	0.7994314622879028
500	NC_051829.1	42289866	42290366	1.003979663848877
500	NC_051843.1	116631662	116632162	0.9818459550142288
500	NC_051814.1	25016131	25016631	1.0013463473320008
500	NC_051818.1	38958802	38959302	1.0278106157779694
500	NC_051843.1	28222380	28222880	0.9825110870599747
500	NC_051816.1	6894574	6895074	0.9821230679750442
500	NC_051837.1	3080186	3080686	0.9257675112485886
500	NC_051832.1	11890874	11891374	1.1116090089082717
500	NC_051815.1	46084545	46085045	0.9428839457035064
500	NC_051838.1	41417197	41417697	1.0152907485961915
500	NC_051812.1	18777609	18778109	0.9519483085870742
500	NC_051814.1	54191173	54191673	0.9079373915195466
500	NC_051824.1	17323644	17324144	0.9534843052625657
500	NC_051834.1	26612107	26612607	0.8737176845669746
500	NC_051805.1	56163758	56164258	1.162957855463028
500	NC_051828.1	10752180	10752680	1.0410491931438446
500	NC_051822.1	34438742	34439242	1.0401649819612504
500	NC_051806.1	42714869	42715369	1.0307927614450454
500	NC_051814.1	57572505	57573005	0.8536950588226319
500	NC_051805.1	106678485	106678985	1.3744813108444214
500	NC_051816.1	30601777	30602277	0.8312775272130967
500	NC_051805.1	116549486	116549986	0.8699331994056702
500	NC_051830.1	21916986	21917486	1.0947578243017198
500	NC_051837.1	8153074	8153574	1.7269673645496368
500	NC_051830.1	29885557	29886057	1.0955016388893128
500	NC_051810.1	69322086	69322586	0.8946059662103653
500	NC_051821.1	26812680	26813180	0.9726320767402649
500	NC_051811.1	63151220	63151720	0.9837384009361267
500	NC_051810.1	31904549	31905049	1.2016244833469392
500	NC_051843.1	3454009	3454509	1.0914308652877807
500	NC_051828.1	5270980	5271480	0.970645809173584
500	NC_051830.1	25850687	25851187	
500	NC_051821.1	6732238	6732738	1.156022523522377
500	NC_051818.1	29064429	29064929	0.8671873697042465
500	NC_051825.1	16186961	16187461	0.8305441465377807
500	NC_051838.1	8517547	8518047	1.0879313741922378
500	NC_051833.1	2444615	2445115	1.0500137895345687
500	NC_051822.1	19884194	19884694	1.0001623450517654
500	NC_051808.1	23418813	23419313	0.9253051208257675
500	NC_051839.1	26196727	26197227	1.1552041416168213
500	NC_051841.1	25550152	25550652	0.8231235945224762
500	NC_051809.1	29752809	29753309	0.548017908025671
500	NC_051810.1	10422788	10423288	1.013381765961647
500	NC_051807.1	8358405	8358905	0.8358947414159775
500	NC_051806.1	5281275	5281775	1.0789982706308365
500	NC_051806.1	85310189	85310689	1.5347699995040893
500	NC_051808.1	46988586	46989086	0.9410488843917847
500	NC_051822.1	47056647	47057147	1.4185067893266678
500	NC_051831.1	1722812	1723312	3.6116321625709533
500	NC_051838.1	26664468	26664968	0.912439599275589
500	NC_051825.1	22941435	22941935	0.7630476920875078
500	NC_051828.1	25499805	25500305	1.2767909264564514
500	NC_051817.1	45118481	45118981	0.981356311917305
500	NC_051818.1	21124623	21125123	0.8958521516323089
500	NC_051809.1	37684074	37684574	0.9551994161605835
500	NC_051811.1	64553338	64553838	1.0527956368923188
500	NC_051808.1	67222142	67222642	1.0148781797885895
500	NC_051835.1	9735454	9735954	0.9756540067195892
500	NC_051814.1	67047164	67047664	0.9635051881074905
500	NC_051836.1	26771883	26772383	1.5997465757131577
500	NC_051806.1	75978209	75978709	2.8251592156887053
500	NC_051813.1	47432885	47433385	1.1276603682339192
500	NC_051810.1	35409467	35409967	0.9910382480621338
500	NC_051840.1	21400507	21401007	1.0291667548418044
500	NC_051812.1	74122042	74122542	
500	NC_051812.1	42810446	42810946	1.9796007339954376
500	NC_051821.1	18629278	18629778	0.855807569861412
500	NC_051824.1	36625162	36625662	1.332944827079773
500	NC_051824.1	54463548	54464048	0.8804745426177979
500	NC_051827.1	7197378	7197878	1.3576851336956024
500	NC_051826.1	34752584	34753084	0.9371161783933639
500	NC_051806.1	58830435	58830935	1.1523788172006606
500	NC_051817.1	3294742	3295242	1.0380050768852234
500	NC_051806.1	35253638	35254138	1.318134344816208
500	NC_051810.1	25879819	25880319	0.8867432708740235
500	NC_051830.1	17935648	17936148	1.0101682858467103
500	NC_051811.1	68513135	68513635	0.8470072335004807
500	NC_051821.1	54324597	54325097	1.007990133523941
500	NC_051831.1	44441038	44441538	1.1432709543704986
500	NC_051819.1	30810697	30811197	0.9713340549468994
500	NC_051824.1	42490237	42490737	1.2447318333387374
500	NC_051819.1	60503777	60504277	0.843909438252449
500	NC_051820.1	39820044	39820544	1.0814452689886094
500	NC_051829.1	31268024	31268524	0.9419326232671738
500	NC_051806.1	35326521	35327021	0.8744856902360916
500	NC_051819.1	33622873	33623373	1.0632748128175735
500	NC_051841.1	10358437	10358937	1.2456513180732727
500	NC_051818.1	30124907	30125407	0.9739937002658844
500	NC_051843.1	65201834	65202334	0.7979049390554428
500	NC_051809.1	40359443	40359943	5.542102907180786
500	NC_051810.1	11274476	11274976	1.0911464391946792
500	NC_051805.1	11737902	11738402	0.8814864399433135
500	NC_051817.1	23468372	23468872	1.112833365559578
500	NC_051829.1	39954845	39955345	0.9203702515363693
500	NC_051805.1	26573098	26573598	0.7823598583340645
500	NC_051808.1	50732562	50733062	1.103600679755211
500	NC_051842.1	23301424	23301924	0.9536469678878784
500	NC_051824.1	9857122	9857622	0.9354903821945191
500	NC_051813.1	24508608	24509108	1.4616665306091308
500	NC_051816.1	47152701	47153201	1.0796603088378907
500	NC_051830.1	6224519	6225019	1.0730755368471145
500	NC_051839.1	6214903	6215403	0.9491872802972794
500	NC_051819.1	10197317	10197817	0.8957121741771698
500	NC_051836.1	29505199	29505699	0.8105070545673371
500	NC_051844.1	3177272	3177772	0.9976036682128906
500	NC_051812.1	16854156	16854656	0.9096008175611496
500	NC_051811.1	55286366	55286866	0.9811440291404724
500	NC_051823.1	14527516	14528016	1.0194899708032608
500	NC_051843.1	1120788	1121288	1.0855395597219468
500	NC_051820.1	61417754	61418254	1.0188456418514251
500	NC_051825.1	37631506	37632006	1.1305555202960968
500	NC_051841.1	26600530	26601030	1.050400309562683
500	NC_051810.1	29673787	29674287	1.0159414483308793
500	NC_051835.1	20887141	20887641	1.0294048339128494
500	NC_051813.1	58199797	58200297	1.5780698556900024
500	NC_051843.1	55886147	55886647	0.9232639756202697
500	NC_051843.1	116816660	116817160	
500	NC_051833.1	38101205	38101705	0.9241087004542351
500	NC_051811.1	3059065	3059565	0.882328308224678
500	NC_051821.1	21006390	21006890	1.3373498314619063
500	NC_051822.1	9920298	9920798	0.8300642473697663
500	NC_051825.1	26357026	26357526	0.8955357475280762
500	NC_051816.1	49872961	49873461	0.9435587021112442
500	NC_051814.1	52712269	52712769	0.90694169485569
500	NC_051814.1	37118253	37118753	0.9263226560354233
500	NC_051809.1	11395999	11396499	1.057885153055191
500	NC_051836.1	38453319	38453819	1.0172727272510529
500	NC_051810.1	34929481	34929981	0.9429573945999146
500	NC_051830.1	40050434	40050934	0.706369761377573
500	NC_051805.1	68313318	68313818	0.9199366480112076
500	NC_051813.1	6944870	6945370	1.226334618330002
500	NC_051826.1	10992934	10993434	1.0498097459077835
500	NC_051812.1	51721773	51722273	1.0601788152456284
500	NC_051806.1	5597588	5598088	1.0019500987529755
500	NC_051823.1	44497499	44497999	0.8401282018423081
500	NC_051835.1	858476	858976	1.0878695241212846
500	NC_051808.1	46189830	46190330	0.9375174158811569
500	NC_051817.1	38842553	38843053	0.7952209482192993
500	NC_051817.1	24503883	24504383	1.0372802486419679
500	NC_051833.1	3019023	3019523	0.9804269649982452
500	NC_051838.1	5332428	5332928	1.1450915149450303
500	NC_051809.1	986794	987294	1.0057813193798064
500	NC_051839.1	9083071	9083571	0.8888578006625175
500	NC_051808.1	48908869	48909369	0.8636528078317642
500	NC_051809.1	72399473	72399973	1.1086503176689149
500	NC_051829.1	34280016	34280516	1.1542151120901107
500	NC_051823.1	53036562	53037062	1.1117827467918395
500	NC_051819.1	62145370	62145870	0.9663276273012161
500	NC_051812.1	69311346	69311846	0.9421919729709626
500	NC_051815.1	36050578	36051078	1.0581505851745605
500	NC_051810.1	57432474	57432974	1.1476086348295211
500	NC_051814.1	3233997	3234497	1.1321011761426925
500	NC_051828.1	17535575	17536075	0.9536623656749725
500	NC_051817.1	1180697	1181197	1.2873265355825425
500	NC_051825.1	12913207	12913707	1.11610520195961
500	NC_051831.1	28230154	28230654	0.872179559469223
500	NC_051833.1	9318294	9318794	0.9748444175720214
500	NC_051807.1	66095933	66096433	1.0264612367153167
500	NC_051818.1	37898017	37898517	0.9892653272151947
500	NC_051811.1	14446083	14446583	0.6500010062315885
500	NC_051810.1	3330431	3330931	1.1381787811517716
500	NC_051818.1	9910665	9911165	0.8632903635501862
500	NC_051809.1	37076941	37077441	1.2492887990474701
500	NC_051834.1	22931858	22932358	1.2359040863513946
500	NC_051809.1	82916444	82916944	1.0665457403659822
500	NC_051841.1	16474113	16474613	1.1466553732156755
500	NC_051841.1	552473	552973	0.757708768427372
500	NC_051843.1	1531419	1531919	1.1992686121463776
500	NC_051831.1	33079014	33079514	0.9789691029787063
500	NC_051839.1	26138946	26139446	0.8137083726525307
500	NC_051843.1	24324961	24325461	0.8547957949638366
500	NC_051806.1	47430903	47431403	0.9218458812236786
500	NC_051836.1	2358046	2358546	0.8169120825827122
500	NC_051824.1	36152005	36152505	1.0088456392288208
500	NC_051816.1	46902979	46903479	0.8565496826171874
500	NC_051808.1	50898033	50898533	0.9873371067047119
500	NC_051829.1	36818278	36818778	0.9706770726442338
500	NC_051829.1	3896436	3896936	1.0744592547416687
500	NC_051836.1	20442157	20442657	0.9185421664714813
500	NC_051820.1	29302844	29303344	0.959942421078682
500	NC_051813.1	57530009	57530509	1.231426252245903
500	NC_051829.1	50354165	50354665	1.216907941699028
500	NC_051815.1	73274447	73274947	0.9987090688943863
500	NC_051810.1	13681768	13682268	
500	NC_051818.1	36205410	36205910	1.1174920862913131
500	NC_051829.1	48957475	48957975	0.9902050718665123
500	NC_051810.1	74108522	74109022	0.8300968686938286
500	NC_051815.1	64931976	64932476	1.016851533651352
500	NC_051836.1	30645143	30645643	0.7839930248260498
500	NC_051824.1	14235130	14235630	0.9938488572835922
500	NC_051841.1	3838671	3839171	1.0356846348047257
500	NC_051827.1	13741217	13741717	1.1480740175247193
500	NC_051843.1	68911427	68911927	0.7498560074567795
500	NC_051806.1	12979661	12980161	1.0179667599201203
500	NC_051826.1	53265659	53266159	0.9286618214845658
500	NC_051806.1	29280928	29281428	1.0851330379247666
500	NC_051819.1	49192369	49192869	0.8962395956516266
500	NC_051812.1	56728800	56729300	0.9073036342859269
500	NC_051814.1	1797489	1797989	1.3118145518302917
500	NC_051820.1	52450880	52451380	1.0051244926452636
500	NC_051835.1	1394258	1394758	1.0495971184968949
500	NC_051843.1	56722319	56722819	0.9373679077625274
500	NC_051825.1	9890219	9890719	0.8280924665927887
500	NC_051838.1	4898276	4898776	0.9305074499845505
500	NC_051819.1	18439789	18440289	1.5224727346897124
500	NC_051808.1	12606883	12607383	1.0702861993312835
500	NC_051827.1	7070500	7071000	1.3109304070472718
500	NC_051812.1	3565256	3565756	1.0060666000843048
500	NC_051808.1	18689530	18690030	0.877495379447937
500	NC_051816.1	32417777	32418277	0.9398685848712921
500	NC_051820.1	16674915	16675415	1.1522648817300796
500	NC_051805.1	34482917	34483417	0.9789517921209335
500	NC_051824.1	18029997	18030497	0.9936434168815613
500	NC_051826.1	23210309	23210809	0.9767954201698303
500	NC_051807.1	38384819	38385319	1.0415015214681624
500	NC_051811.1	1116502	1117002	0.8642263870239257
500	NC_051818.1	19760931	19761431	0.8788480854034424
500	NC_051833.1	16570471	16570971	1.2473653562068938
500	NC_051815.1	63974504	63975004	1.1287402889728546
500	NC_051823.1	29314694	29315194	1.0936179562807082
500	NC_051805.1	77986573	77987073	0.9868313556909561
500	NC_051814.1	36245042	36245542	0.92534190928936
500	NC_051816.1	54242072	54242572	0.9092274845838547
500	NC_051832.1	4198202	4198702	1.057865814089775
500	NC_051842.1	7823900	7824400	0.911204355955124
500	NC_051823.1	1230680	1231180	1.0739514756202697
500	NC_051831.1	41803650	41804150	1.3735969364643097
500	NC_051832.1	11922533	11923033	1.015707021355629
500	NC_051825.1	14052825	14053325	0.8718346387147904
500	NC_051843.1	93665825	93666325	0.8208172038197518
500	NC_051817.1	2711708	2712208	1.188927701830864
500	NC_051821.1	35103544	35104044	5.522297820091247
500	NC_051814.1	10324927	10325427	1.0346433433294295
500	NC_051843.1	24152146	24152646	0.8147032065391541
500	NC_051818.1	990748	991248	0.9316503380537033
500	NC_051835.1	20251141	20251641	0.9518236585855484
500	NC_051819.1	21118395	21118895	0.9691887983679771
500	NC_051843.1	36988340	36988840	0.9022401595115661
500	NC_051808.1	42267441	42267941	1.1924527858495713
500	NC_051805.1	89524779	89525279	0.7902091895937919
500	NC_051811.1	76615569	76616069	0.9486393432617187
500	NC_051820.1	2844107	2844607	
500	NC_051817.1	5808248	5808748	1.2409441092014313
500	NC_051841.1	22590714	22591214	0.8010594984292984
500	NC_051843.1	63841176	63841676	0.8363556227684021
500	NC_051811.1	71386480	71386980	0.7371596595644951
500	NC_051836.1	19688986	19689486	0.8431008194684982
500	NC_051817.1	8254286	8254786	1.0241678358316422
500	NC_051836.1	10906500	10907000	2.9435781806707384
500	NC_051815.1	24867669	24868169	1.4891229387521743
500	NC_051843.1	67438541	67439041	1.149522737979889
500	NC_051809.1	26997330	26997830	0.842974596619606
500	NC_051805.1	49721439	49721939	0.9579595810174942
500	NC_051809.1	35098042	35098542	1.1397915769815445
500	NC_051827.1	24635068	24635568	1.037135198354721
500	NC_051826.1	11261237	11261737	0.9082934606075287
500	NC_051811.1	41046714	41047214	1.202912517428398
500	NC_051814.1	24993304	24993804	0.9878602547645569
500	NC_051828.1	22477533	22478033	1.0505902079343796
500	NC_051815.1	35240505	35241005	0.9600956934690476
500	NC_051836.1	2173787	2174287	0.9562289044857025
500	NC_051810.1	44765246	44765746	1.158158123254776
500	NC_051839.1	11563545	11564045	0.9065995836257934
500	NC_051805.1	42253386	42253886	1.2461952147483826
500	NC_051819.1	36084195	36084695	1.2737492853403092
500	NC_051811.1	10043810	10044310	0.912508704662323
500	NC_051830.1	13991145	13991645	2.694852168560028
500	NC_051833.1	5498029	5498529	1.0409911673069001
500	NC_051842.1	5454450	5454950	0.8630359156264199
500	NC_051828.1	29622116	29622616	1.1440051037073136
500	NC_051828.1	33460555	33461055	0.9818344438076019
500	NC_051814.1	69854465	69854965	1.157486263513565
500	NC_051808.1	9947468	9947968	0.7878673497438431
500	NC_051821.1	33990423	33990923	1.035908298611641
500	NC_051809.1	40253238	40253738	0.8573191685080528
500	NC_051805.1	75604631	75605131	0.9424558777809143
500	NC_051841.1	18718041	18718541	1.113707179069519
500	NC_051805.1	32625564	32626064	0.9871659177541733
500	NC_051807.1	70530559	70531059	0.9597464503049851
500	NC_051812.1	18081141	18081641	0.8707823970317841
500	NC_051805.1	43441977	43442477	0.9282990354299545
500	NC_051809.1	25022622	25023122	0.8901767845153808
500	NC_051815.1	31591598	31592098	0.7782915048599243
500	NC_051814.1	27100594	27101094	1.0371930943727494
500	NC_051813.1	20272533	20273033	1.2360183284282684
500	NC_051805.1	11065072	11065572	0.8887732717990875
500	NC_051809.1	26109511	26110011	0.9165870144367217
500	NC_051843.1	96146776	96147276	1.0195264850854873
500	NC_051841.1	1389253	1389753	1.3201118161678314
500	NC_051821.1	33011770	33012270	1.0075051945447921
500	NC_051813.1	2066690	2067190	1.2773970317840577
500	NC_051831.1	35793385	35793885	0.9047138339281082
500	NC_051835.1	18926408	18926908	0.9378637155294418
500	NC_051817.1	57345227	57345727	0.8992292978763581
500	NC_051831.1	33033881	33034381	1.1239159702062607
500	NC_051813.1	49998167	49998667	3.4405134878158568
500	NC_051841.1	15243808	15244308	0.7883811931610107
500	NC_051843.1	11987891	11988391	0.9198041332960128
500	NC_051831.1	1678722	1679222	0.9042783612012864
500	NC_051826.1	5792727	5793227	1.2210304522514344
500	NC_051805.1	82468438	82468938	0.9075110609531403
500	NC_051833.1	32385862	32386362	0.9019343342781067
500	NC_051823.1	28705249	28705749	1.0004720435142518
500	NC_051807.1	79576400	79576900	0.9421349048614502
500	NC_051812.1	73668564	73669064	
500	NC_051805.1	51073654	51074154	1.13774911737442
500	NC_051817.1	29623552	29624052	0.8425529230833053
500	NC_051816.1	62507538	62508038	0.9051161386966705
500	NC_051838.1	17966270	17966770	1.0389553767442703
500	NC_051811.1	69783201	69783701	1.039121139883995
500	NC_051817.1	57232430	57232930	0.9322702300548553
500	NC_051813.1	45905559	45906059	1.0068528263568879
500	NC_051816.1	36933025	36933525	0.8703322917222976
500	NC_051811.1	30346624	30347124	0.910814868092537
500	NC_051808.1	44742062	44742562	0.9647437758445739
500	NC_051814.1	42806267	42806767	1.0614781028032303
500	NC_051816.1	41583767	41584267	0.8762933913469314
500	NC_051834.1	39001911	39002411	1.2322839058637618
500	NC_051843.1	32621408	32621908	0.8758972713947296
500	NC_051832.1	20797775	20798275	0.9963807612657547
500	NC_051835.1	38237761	38238261	1.331364227414131
500	NC_051808.1	82472257	82472757	1.0038357347249984
500	NC_051809.1	47156560	47157060	1.0120898628234862
500	NC_051834.1	12258866	12259366	1.022224360704422
500	NC_051811.1	47339888	47340388	0.8501950896978379
500	NC_051841.1	29077926	29078426	1.0121350922584533
500	NC_051822.1	6552117	6552617	0.9084373843669892
500	NC_051829.1	13516478	13516978	0.9237546347379685
500	NC_051823.1	3252249	3252749	1.1558782320022583
500	NC_051834.1	495028	495528	0.938520797610283
500	NC_051820.1	4188092	4188592	0.836713352560997
500	NC_051811.1	5657500	5658000	1.141415038704872
500	NC_051807.1	61565620	61566120	1.2690711677074433
500	NC_051842.1	6296214	6296714	0.9027518362998962
500	NC_051809.1	80143439	80143939	1.0375800276994704
500	NC_051813.1	7477981	7478481	1.2465482697486878
500	NC_051828.1	28699209	28699709	1.0544367933273315
500	NC_051817.1	30160982	30161482	0.9431644916534424
500	NC_051807.1	14514734	14515234	0.8634603116512298
500	NC_051844.1	3007955	3008455	1.1377913171052934
500	NC_051837.1	14411250	14411750	0.8790322959423065
500	NC_051819.1	50261011	50261511	1.1476244945526124
500	NC_051806.1	79495525	79496025	1.4274653762578964
500	NC_051807.1	54280149	54280649	1.1798779501914978
500	NC_051843.1	39990869	39991369	0.9800977385044098
500	NC_051814.1	48042571	48043071	1.1585760557651519
500	NC_051816.1	33253642	33254142	1.0639043521881104
500	NC_051809.1	49359821	49360321	1.1092121243476867
500	NC_051811.1	72803400	72803900	1.0666443407535553
500	NC_051828.1	29909875	29910375	1.328110784292221
500	NC_051805.1	8281197	8281697	0.9854187875986099
500	NC_051826.1	6368854	6369354	0.978106210231781
500	NC_051826.1	21055081	21055581	0.9988703523874283
500	NC_051807.1	74212629	74213129	1.126594331264496
500	NC_051830.1	38634114	38634614	0.9812888277769088
500	NC_051837.1	15450047	15450547	1.0049180972576142
500	NC_051813.1	8461419	8461919	1.0686158804893493
500	NC_051815.1	65674821	65675321	1.1201593309640885
500	NC_051812.1	40427626	40428126	1.0757079093456268
500	NC_051806.1	40410911	40411411	0.8606416862010956
500	NC_051811.1	29893517	29894017	0.8743921669721604
500	NC_051815.1	14211573	14212073	0.924356820344925
500	NC_051811.1	15961395	15961895	0.8754816204309464
500	NC_051824.1	19422940	19423440	0.9772432035207749
500	NC_051814.1	27310698	27311198	2.4639291570186614
500	NC_051821.1	65309581	65310081	0.8564429005384445
500	NC_051815.1	58306999	58307499	0.9049489471912384
500	NC_051823.1	53396938	53397438	1.0254587891101836
500	NC_051820.1	7623054	7623554	1.0037879111766814
500	NC_051832.1	38085685	38086185	1.1681361937522887
500	NC_051806.1	61276243	61276743	1.0373178049325944
500	NC_051827.1	22863427	22863927	1.0334762989282609
500	NC_051843.1	101715068	101715568	0.8924337950944901
500	NC_051807.1	42569286	42569786	1.0609457782506944
500	NC_051822.1	1715132	1715632	1.2750720255374908
500	NC_051830.1	5147836	5148336	1.2278365225791932
500	NC_051820.1	5022097	5022597	0.8532700434923172
500	NC_051837.1	22895579	22896079	0.8976271340847015
500	NC_051824.1	54572467	54572967	1.34869882273674
500	NC_051830.1	24910266	24910766	1.2016230534315109
500	NC_051835.1	20735345	20735845	0.9493514183163643
500	NC_051805.1	107166011	107166511	1.13038898396492
500	NC_051821.1	46417397	46417897	0.884339740395546
500	NC_051836.1	8439527	8440027	0.9772294845581054
500	NC_051825.1	25463597	25464097	1.015411768257618
500	NC_051809.1	37640548	37641048	1.0091032499537278
500	NC_051814.1	49571968	49572468	1.1881948359012604
500	NC_051810.1	55083045	55083545	1.269141770005226
500	NC_051807.1	45954074	45954574	1.01253422498703
500	NC_051831.1	41069823	41070323	0.9030994080901146
500	NC_051809.1	24641341	24641841	1.018784077167511
500	NC_051843.1	37143770	37144270	0.851539489030838
500	NC_051828.1	28656064	28656564	0.9926720505952835
500	NC_051813.1	37853459	37853959	0.9700644283294678
500	NC_051812.1	52239060	52239560	1.0725937741994858
500	NC_051829.1	2052876	2053376	1.0515727361440659
500	NC_051805.1	110863620	110864120	1.3084693264961242
500	NC_051829.1	252292	252792	1.0550568997859955
500	NC_051843.1	39788607	39789107	0.7410575904846192
500	NC_051818.1	46178886	46179386	0.780522895514965
500	NC_051819.1	56876742	56877242	0.9313622676134109
500	NC_051813.1	27041240	27041740	1.3299249935150146
500	NC_051820.1	34743196	34743696	0.9832255001068115
500	NC_051823.1	23827446	23827946	0.9361865661144256
500	NC_051839.1	16644123	16644623	0.9839186062812805
500	NC_051806.1	85757187	85757687	1.284944370150566
500	NC_051815.1	228186	228686	1.0479640233516694
500	NC_051814.1	12714578	12715078	1.0780987153053283
500	NC_051812.1	20674158	20674658	0.9896651651859284
500	NC_051831.1	8072046	8072546	0.8537270904779434
500	NC_051819.1	40128318	40128818	0.9776245415210724
500	NC_051805.1	113355334	113355834	1.2160319620370865
500	NC_051806.1	2290183	2290683	0.9161079053878785
500	NC_051806.1	34757066	34757566	1.2182748289108276
500	NC_051811.1	32203364	32203864	0.7292374979257583
500	NC_051810.1	77174257	77174757	0.9890295994281769
500	NC_051809.1	11925579	11926079	0.9767621252536773
500	NC_051819.1	37401429	37401929	0.8837633180618286
500	NC_051822.1	8826499	8826999	0.9404143260717392
500	NC_051834.1	15225531	15226031	0.8989345453977585
500	NC_051808.1	65509779	65510279	1.1787691560983657
500	NC_051827.1	22825798	22826298	1.05081096971035
500	NC_051837.1	26346187	26346687	1.5467500097751616
500	NC_051822.1	21022307	21022807	0.9068732019662857
500	NC_051806.1	27997761	27998261	0.895335751952547
500	NC_051806.1	14679344	14679844	2.5809242203235625
500	NC_051829.1	49259201	49259701	1.1151636400222777
500	NC_051829.1	14961979	14962479	0.8497833931446075
500	NC_051806.1	85367990	85368490	1.3233768045902252
500	NC_051835.1	34086538	34087038	1.165825609445572
500	NC_051807.1	27937912	27938412	1.1051748827695846
500	NC_051806.1	2047509	2048009	0.8831811041831971
500	NC_051836.1	28681546	28682046	1.121944452047348
500	NC_051821.1	15366283	15366783	1.0906565260887147
500	NC_051817.1	18252797	18253297	0.8699974706172943
500	NC_051819.1	51868344	51868844	1.00670656812191
500	NC_051819.1	57981891	57982391	0.8087815991044045
500	NC_051808.1	88036270	88036770	1.1957381069660187
500	NC_051834.1	38191811	38192311	1.4131513574123382
500	NC_051819.1	3374088	3374588	1.281096123456955
500	NC_051838.1	4740682	4741182	1.1043502049446106
500	NC_051827.1	35444212	35444712	1.10034410905838
500	NC_051811.1	67057280	67057780	0.8067094677686691
500	NC_051815.1	31619494	31619994	1.0003886630535126
500	NC_051820.1	16424782	16425282	1.2602488414049149
500	NC_051813.1	28658960	28659460	1.025871753692627
500	NC_051813.1	47479800	47480300	0.8195771992206573
500	NC_051815.1	18949640	18950140	1.017488824725151
500	NC_051808.1	71762671	71763171	1.005515059351921
500	NC_051823.1	48196619	48197119	1.2110443034172058
500	NC_051808.1	40230820	40231320	1.2303834295272826
500	NC_051835.1	27420234	27420734	0.9951090319156647
500	NC_051811.1	35390629	35391129	0.8602488684654236
500	NC_051805.1	18571077	18571577	1.0491820138692856
500	NC_051805.1	36437613	36438113	0.9429718424081802
500	NC_051843.1	96858608	96859108	0.8194927337169647
500	NC_051805.1	41370808	41371308	1.0068389847278596
500	NC_051806.1	64474225	64474725	0.977300101518631
500	NC_051823.1	18969357	18969857	0.9904089583158493
500	NC_051815.1	57114567	57115067	0.9390990788936615
500	NC_051805.1	37750245	37750745	0.8993576866388321
500	NC_051843.1	75630187	75630687	0.8235359934568405
500	NC_051811.1	32120841	32121341	0.9767745957374573
500	NC_051807.1	17598005	17598505	6.07035647392273
500	NC_051821.1	40058119	40058619	0.6473417324679238
500	NC_051832.1	24968213	24968713	1.0657235862016678
500	NC_051830.1	19029416	19029916	1.0910886696577071
500	NC_051833.1	37530792	37531292	0.9462884802818299
500	NC_051811.1	42686850	42687350	3.1410963118076323
500	NC_051812.1	41835347	41835847	1.0268568041324615
500	NC_051814.1	37585406	37585906	1.089372651576996
500	NC_051827.1	49656255	49656755	1.04840293943882
500	NC_051843.1	63459224	63459724	1.1810447586774826
500	NC_051821.1	27295701	27296201	1.0272814189195634
500	NC_051819.1	22720800	22721300	0.9239388763904571
500	NC_051810.1	8397108	8397608	1.6742504744529725
500	NC_051820.1	8496020	8496520	0.9695982414484025
500	NC_051841.1	2084015	2084515	1.0087837064266205
500	NC_051807.1	9127748	9128248	1.0544874123334884
500	NC_051831.1	9156273	9156773	1.3278834997415543
500	NC_051807.1	14228906	14229406	1.019171800494194
500	NC_051829.1	46760896	46761396	1.0727840096950532
500	NC_051806.1	4790895	4791395	
500	NC_051825.1	36073055	36073555	1.1294122296571731
500	NC_051830.1	2405050	2405550	1.2615007400512694
500	NC_051828.1	40447939	40448439	0.9207610580921173
500	NC_051823.1	25884045	25884545	0.8637837237119674
500	NC_051827.1	17181627	17182127	0.9848153800666333
500	NC_051843.1	7523102	7523602	1.0413720474243164
500	NC_051826.1	36488909	36489409	0.9346690611839295
500	NC_051817.1	43003439	43003939	0.9943886820077896
500	NC_051843.1	96079605	96080105	1.0304239857196809
500	NC_051808.1	569527	570027	1.0699766228199006
500	NC_051821.1	13251685	13252185	1.018278552889824
500	NC_051819.1	54645825	54646325	0.8774032086133957
500	NC_051805.1	70482236	70482736	0.8673297126293182
500	NC_051816.1	62509124	62509624	0.8786816424131394
500	NC_051823.1	32218143	32218643	0.9101427125930787
500	NC_051826.1	38594744	38595244	0.9720007908344269
500	NC_051825.1	37552220	37552720	1.1889851182699203
500	NC_051832.1	33427616	33428116	1.1485846824645995
500	NC_051821.1	40903734	40904234	1.2203892010450363
500	NC_051824.1	45803189	45803689	1.2210104672908784
500	NC_051812.1	7615815	7616315	0.9824825650453568
500	NC_051820.1	60559495	60559995	1.0540237593650819
500	NC_051827.1	46514874	46515374	1.0236185665130615
500	NC_051807.1	37030667	37031167	0.7610535465478897
500	NC_051810.1	46355984	46356484	0.7803048270720022
500	NC_051829.1	46716800	46717300	0.976321542263031
500	NC_051823.1	45728305	45728805	1.0319294732809068
500	NC_051823.1	16352148	16352648	0.8995756875276566
500	NC_051817.1	21682305	21682805	1.2137442272901535
500	NC_051836.1	1398347	1398847	1.086315348982811
500	NC_051820.1	44860843	44861343	0.9745563892126083
500	NC_051815.1	24957206	24957706	1.1436890438795089
500	NC_051808.1	4484157	4484657	0.9337516710758209
500	NC_051809.1	14386251	14386751	1.3404201481342315
500	NC_051842.1	8999121	8999621	0.8509824260473251
500	NC_051820.1	61133732	61134232	0.9997404041290283
500	NC_051807.1	21809544	21810044	0.9650853525400162
500	NC_051814.1	2609263	2609763	1.20623821079731
500	NC_051815.1	61620983	61621483	0.8473097791671753
500	NC_051831.1	37063646	37064146	1.088074214220047
500	NC_051807.1	74547000	74547500	1.1459566444158553
500	NC_051824.1	53080826	53081326	1.3267385050058365
500	NC_051816.1	70490486	70490986	0.9703620553016663
500	NC_051805.1	119170898	119171398	0.9597329126596451
500	NC_051838.1	39021885	39022385	1.129011259675026
500	NC_051820.1	61491919	61492419	1.2822919528484344
500	NC_051810.1	43223568	43224068	0.9377540863752365
500	NC_051834.1	27422295	27422795	1.2207473772764206
500	NC_051805.1	61484085	61484585	1.0324789476394653
500	NC_051827.1	41166817	41167317	0.9565614972114563
500	NC_051834.1	38413740	38414240	1.0416155511140823
500	NC_051812.1	63603798	63604298	0.8859753812551499
500	NC_051842.1	1285217	1285717	0.9614972307682037
500	NC_051842.1	1353504	1354004	0.8842743399143219
500	NC_051825.1	27760250	27760750	1.5283172641481673
500	NC_051818.1	41667843	41668343	0.9727076268196106
500	NC_051807.1	38983499	38983999	0.9023676965236663
500	NC_051807.1	65203876	65204376	0.9195653550729962
500	NC_051835.1	9197209	9197709	0.9565867474079132
500	NC_051808.1	1866529	1867029	0.8854215614795685
500	NC_051821.1	14842198	14842698	1.0993953294754029
500	NC_051810.1	27509446	27509946	1.1414161833524703
500	NC_051822.1	9283670	9284170	1.0165983802080154
500	NC_051815.1	58282125	58282625	1.1331038445234298
500	NC_051840.1	19451441	19451941	0.9876112204790115
500	NC_051808.1	85687105	85687605	1.180988403558731
500	NC_051839.1	24609518	24610018	0.9860034303665162
500	NC_051834.1	10305538	10306038	0.9752369727492333
500	NC_051824.1	37180191	37180691	0.8931888537406921
500	NC_051825.1	26800113	26800613	1.284538564682007
500	NC_051805.1	85147381	85147881	1.0751878671646118
500	NC_051843.1	115537655	115538155	0.9801237601041793
500	NC_051832.1	24514376	24514876	1.0512191051244735
500	NC_051815.1	24917889	24918389	1.1607481356859206
500	NC_051820.1	768884	769384	1.2191722464561463
500	NC_051820.1	53	553	1.4989220287799836
500	NC_051814.1	30746785	30747285	1.1202858948707581
500	NC_051811.1	11169166	11169666	1.07799192070961
500	NC_051815.1	39851187	39851687	1.0147953522205353
500	NC_051843.1	56456511	56457011	3.1974898252487183
500	NC_051813.1	10721803	10722303	0.8882859411239624
500	NC_051812.1	41403224	41403724	0.9014067140817642
500	NC_051819.1	35423813	35424313	1.0302296367883683
500	NC_051825.1	39538868	39539368	0.9798674288988113
500	NC_051812.1	71497156	71497656	0.8914836963415146
500	NC_051827.1	52880919	52881419	1.2662659001350403
500	NC_051811.1	2029231	2029731	0.9331043610572815
500	NC_051818.1	53284676	53285176	0.9779828568696975
500	NC_051824.1	1825467	1825967	1.2997179435491562
500	NC_051827.1	6149248	6149748	0.768300724864006
500	NC_051820.1	46312834	46313334	0.9151461713314056
500	NC_051823.1	17857418	17857918	0.9185321286916733
500	NC_051805.1	48840168	48840668	1.1080218737125396
500	NC_051807.1	42588550	42589050	1.245888215303421
500	NC_051843.1	83229755	83230255	1.0282100582122802
500	NC_051805.1	81218412	81218912	1.0395274525880813
500	NC_051830.1	22679068	22679568	0.9539344285726548
500	NC_051834.1	14959391	14959891	0.9168111581802368
500	NC_051824.1	32110367	32110867	0.9354569422006607
500	NC_051827.1	42682126	42682626	0.5081143453717232
500	NC_051807.1	79771970	79772470	1.1309291297197341
500	NC_051841.1	11779728	11780228	0.8221374541521073
500	NC_051835.1	1028167	1028667	0.8523148783445358
500	NC_051806.1	62236652	62237152	1.173717814564705
500	NC_051805.1	24000274	24000774	1.18128974878788
500	NC_051817.1	55523047	55523547	0.9875503185987472
500	NC_051809.1	29949527	29950027	0.909319016456604
500	NC_051818.1	5320865	5321365	1.2791965341567992
500	NC_051831.1	18608970	18609470	0.9292491781711578
500	NC_051838.1	32974520	32975020	0.9136301895976067
500	NC_051807.1	60603749	60604249	1.4150146512985229
500	NC_051812.1	55170320	55170820	0.6821506315469742
500	NC_051807.1	84819630	84820130	1.0248803651332856
500	NC_051816.1	68847015	68847515	1.0490903943777083
500	NC_051843.1	119763232	119763732	1.063086060643196
500	NC_051816.1	61480550	61481050	0.9463072717189789
500	NC_051818.1	40739617	40740117	1.0372969390153886
500	NC_051830.1	19954183	19954683	0.9853836954832077
500	NC_051808.1	2810964	2811464	0.8282628519535065
500	NC_051824.1	47338662	47339162	1.0092374871969223
500	NC_051826.1	14443002	14443502	0.8889279527664184
500	NC_051814.1	21295330	21295830	1.187418243288994
500	NC_051834.1	35833251	35833751	1.0032335127592087
500	NC_051819.1	20308929	20309429	0.8924169518351555
500	NC_051812.1	58168103	58168603	0.8912313461303711
500	NC_051819.1	19544118	19544618	0.9375338138341903
500	NC_051836.1	7706388	7706888	0.9578967337608337
500	NC_051834.1	36934913	36935413	0.9682652777433396
500	NC_051837.1	28551760	28552260	1.2382409381866455
500	NC_051843.1	44601624	44602124	1.1104901406764984
500	NC_051841.1	7062875	7063375	1.0052835047245026
500	NC_051822.1	8489152	8489652	0.9131449593305587
500	NC_051822.1	24032748	24033248	0.983709702372551
500	NC_051814.1	4204030	4204530	0.8952648234367371
500	NC_051811.1	23384033	23384533	1.0440799351930619
500	NC_051806.1	50744837	50745337	0.5392149028025175
500	NC_051838.1	20986506	20987006	1.025348953962326
500	NC_051825.1	36443596	36444096	0.9841920505762101
500	NC_051817.1	33361600	33362100	0.9626309931278229
500	NC_051818.1	37550596	37551096	1.0504253035783768
500	NC_051834.1	8457819	8458319	0.9473851122856141
500	NC_051809.1	64189982	64190482	1.7549893519878388
500	NC_051831.1	45876843	45877343	1.0269069994688034
500	NC_051836.1	22433248	22433748	0.8952894362211228
500	NC_051812.1	62352504	62353004	1.2073246603012084
500	NC_051829.1	45791641	45792141	1.4024988839626311
500	NC_051833.1	209992	210492	0.8777861764431
500	NC_051835.1	26263149	26263649	1.0245095505714417
500	NC_051843.1	22533005	22533505	1.0838258826732636
500	NC_051833.1	17667576	17668076	0.8680877665281296
500	NC_051830.1	2734020	2734520	0.4573694115335291
500	NC_051841.1	14008138	14008638	0.8818857433795929
500	NC_051816.1	30068611	30069111	0.8904323213100434
500	NC_051807.1	52514671	52515171	1.2079712374210358
500	NC_051810.1	24649698	24650198	1.0583679395914078
500	NC_051816.1	61788474	61788974	0.8559934723377228
500	NC_051816.1	41562098	41562598	0.962397632598877
500	NC_051819.1	16037987	16038487	0.739097831589835
500	NC_051833.1	16437266	16437766	0.9278777567148209
500	NC_051806.1	77151789	77152289	1.2772369350194932
500	NC_051822.1	22147559	22148059	0.940434717297554
500	NC_051824.1	27520514	27521014	1.1552542219161988
500	NC_051817.1	18263097	18263597	1.050790709733963
500	NC_051818.1	24334302	24334802	0.9937743802070618
500	NC_051823.1	12520118	12520618	1.034464684844017
500	NC_051818.1	30581300	30581800	1.0245208352804185
500	NC_051834.1	28075627	28076127	1.0855807676315308
500	NC_051814.1	52464166	52464666	0.9588551473617554
500	NC_051833.1	24508426	24508926	0.9157516737580299
500	NC_051808.1	75981026	75981526	1.116942397236824
500	NC_051823.1	36761253	36761753	1.024936532139778
500	NC_051829.1	14819248	14819748	0.843474820792675
500	NC_051811.1	60156617	60157117	0.9053494740724564
500	NC_051811.1	54409838	54410338	0.902765538573265
500	NC_051820.1	10292879	10293379	0.13830101490020752
500	NC_051815.1	71661558	71662058	1.250089106798172
500	NC_051837.1	7441972	7442472	1.0900569949150085
500	NC_051837.1	31235399	31235899	1.2076196516752242
500	NC_051809.1	71758088	71758588	1.039042660355568
500	NC_051805.1	101074874	101075374	0.9423074827194214
500	NC_051816.1	68791860	68792360	1.016368356347084
500	NC_051827.1	46394784	46395284	0.802480087518692
500	NC_051821.1	1622301	1622801	1.15260770881176
500	NC_051833.1	16309431	16309931	0.9943600631952286
500	NC_051828.1	1061970	1062470	1.1225730556249618
500	NC_051838.1	19796388	19796888	0.928440059542656
500	NC_051810.1	27579870	27580370	1.0380454289913177
500	NC_051825.1	8884250	8884750	1.0170946359634399
500	NC_051843.1	9352969	9353469	1.0485007499456405
500	NC_051811.1	20037413	20037913	0.8670405220985412
500	NC_051808.1	2646935	2647435	0.9178321814537048
500	NC_051810.1	67354310	67354810	0.9773664915561676
500	NC_051820.1	32619699	32620199	0.8828339929580689
500	NC_051805.1	122187893	122188393	0.9925581345558167
500	NC_051821.1	33841316	33841816	0.9663686693906784
500	NC_051833.1	21541422	21541922	1.1715668346881867
500	NC_051814.1	46971422	46971922	1.111698187828064
500	NC_051809.1	36755467	36755967	1.1263226499557495
500	NC_051829.1	43782265	43782765	13.081207010746002
500	NC_051808.1	69844716	69845216	0.8668651921749115
500	NC_051816.1	38053360	38053860	0.7185938259959221
500	NC_051805.1	110107186	110107686	0.9808610202074051
500	NC_051812.1	14886590	14887090	0.8995126968622208
500	NC_051814.1	39053053	39053553	1.096204409122467
500	NC_051812.1	44658716	44659216	1.1743522944450377
500	NC_051809.1	41206894	41207394	0.86331203186512
500	NC_051821.1	16819177	16819677	1.037929081439972
500	NC_051822.1	40198919	40199419	0.8598865342140197
500	NC_051807.1	28029904	28030404	1.014251943230629
500	NC_051809.1	75636133	75636633	
500	NC_051831.1	39814935	39815435	1.0351734012365341
500	NC_051832.1	15093873	15094373	1.3427981952428818
500	NC_051810.1	60612989	60613489	1.0490675293207168
500	NC_051819.1	64550320	64550820	0.7209666538238525
500	NC_051810.1	2577825	2578325	1.0346075624227524
500	NC_051829.1	27659785	27660285	0.9029956537485123
500	NC_051806.1	72171831	72172331	0.9387205375432968
500	NC_051838.1	17148916	17149416	1.134788544535637
500	NC_051837.1	25240291	25240791	0.9295362780094146
500	NC_051827.1	28008766	28009266	0.8534389969110489
500	NC_051820.1	41811454	41811954	0.9013673596382141
500	NC_051826.1	46648128	46648628	0.998328984260559
500	NC_051807.1	85357473	85357973	1.7083868613243103
500	NC_051813.1	1662465	1662965	1.3364690750837327
500	NC_051843.1	9206789	9207289	1.0507121859788895
500	NC_051817.1	5677535	5678035	0.9344118571281433
500	NC_051835.1	26688555	26689055	0.9502720630168915
500	NC_051843.1	36123430	36123930	0.9920640724897385
500	NC_051833.1	6802847	6803347	0.8474945333003998
500	NC_051838.1	6516442	6516942	1.1637043726444245
500	NC_051830.1	1987949	1988449	1.085883507847786
500	NC_051814.1	46159119	46159619	1.1456376502513885
500	NC_051820.1	40226436	40226936	0.8583361763954163
500	NC_051811.1	42764032	42764532	0.9273366425037384
500	NC_051807.1	12557972	12558472	0.9844071267843246
500	NC_051807.1	8594071	8594571	0.9343210216760636
500	NC_051814.1	44875226	44875726	0.9528438214063645
500	NC_051810.1	59622902	59623402	0.895860362291336
500	NC_051827.1	36865314	36865814	0.9926258437633514
500	NC_051821.1	37867596	37868096	1.080101921081543
500	NC_051815.1	70627506	70628006	1.0257586377859116
500	NC_051835.1	28041751	28042251	1.1052260924577713
500	NC_051829.1	3902778	3903278	0.8607302689552307
500	NC_051843.1	102685590	102686090	1.1051622259616851
500	NC_051822.1	48156968	48157468	1.0510676378011703
500	NC_051824.1	50076983	50077483	0.9565536925792694
500	NC_051827.1	18824123	18824623	0.8570595908164979
500	NC_051831.1	15582731	15583231	1.0168485146760942
500	NC_051819.1	65084597	65085097	
500	NC_051806.1	38884367	38884867	1.124769841194153
500	NC_051807.1	55337171	55337671	1.0657501652240753
500	NC_051811.1	51858623	51859123	1.0972911417484283
500	NC_051829.1	17076993	17077493	1.0250342282056808
500	NC_051809.1	80931879	80932379	0.9215728117227554
500	NC_051805.1	20439566	20440066	1.1289445976018906
500	NC_051837.1	6579194	6579694	1.1049465698003769
500	NC_051805.1	85518539	85519039	0.9646813174486161
500	NC_051805.1	58718682	58719182	0.8381920335292816
500	NC_051812.1	42045841	42046341	1.3346414585113526
500	NC_051823.1	14080630	14081130	0.9372591072320938
500	NC_051841.1	13443136	13443636	0.9900417430400849
500	NC_051812.1	50794370	50794870	0.8760711017251015
500	NC_051806.1	58533713	58534213	0.993052092075348
500	NC_051843.1	123783404	123783904	
500	NC_051829.1	50941035	50941535	1.4249107730388642
500	NC_051818.1	14964470	14964970	0.9527222049236298
500	NC_051833.1	9250581	9251081	0.8571018069982529
500	NC_051829.1	6719358	6719858	0.8535799831151962
500	NC_051818.1	13548643	13549143	2.3634706504344942
500	NC_051818.1	12340330	12340830	0.844517405629158
500	NC_051827.1	44033157	44033657	1.0242910592556
500	NC_051825.1	49702848	49703348	0.899556466460228
500	NC_051811.1	52661333	52661833	1.1819172209501267
500	NC_051815.1	46175852	46176352	0.8846132235527039
500	NC_051832.1	1911501	1912001	1.053013001203537
500	NC_051817.1	34829511	34830011	1.0931141999959946
500	NC_051811.1	35514377	35514877	1.0915734267234802
500	NC_051810.1	29005683	29006183	1.272663183927536
500	NC_051810.1	46007456	46007956	0.8937599685192108
500	NC_051806.1	6500804	6501304	0.8968260838985443
500	NC_051815.1	57978161	57978661	0.9878416434526444
500	NC_051815.1	20943358	20943858	0.9709563964605331
500	NC_051834.1	17431471	17431971	0.9210994688272476
500	NC_051813.1	33242465	33242965	0.8026245242670963
500	NC_051842.1	18269846	18270346	1.0999180853366852
500	NC_051826.1	59450949	59451449	1.2481015243530273
500	NC_051830.1	17558132	17558632	1.0834417526721953
500	NC_051818.1	59821156	59821656	1.0393819414377212
500	NC_051820.1	25703075	25703575	1.2262195289134978
500	NC_051813.1	32459936	32460436	1.0522375921010971
500	NC_051816.1	7662056	7662556	1.1931640619039536
500	NC_051807.1	78260658	78261158	0.9854518623352051
500	NC_051822.1	23347104	23347604	1.1251433539390563
500	NC_051841.1	6943116	6943616	0.8647734498977662
500	NC_051824.1	2133349	2133849	1.167844784975052
500	NC_051818.1	1028016	1028516	0.8836706655025482
500	NC_051811.1	1641940	1642440	
500	NC_051807.1	81800901	81801401	0.8110197441577911
500	NC_051812.1	16315932	16316432	1.014532313346863
500	NC_051816.1	24287702	24288202	1.1396957379579544
500	NC_051805.1	65237667	65238167	1.0533908445835114
500	NC_051808.1	17331847	17332347	1.0024779909849166
500	NC_051821.1	6125889	6126389	0.9575517108440399
500	NC_051813.1	29113264	29113764	0.9060692995786667
500	NC_051810.1	42921816	42922316	1.109801299571991
500	NC_051805.1	60740641	60741141	0.8531434552669526
500	NC_051807.1	87424497	87424997	0.9356750483512879
500	NC_051807.1	17983268	17983768	0.752641824901104
500	NC_051843.1	18621576	18622076	1.0219108533859254
500	NC_051824.1	38014867	38015367	1.3544702825546264
500	NC_051843.1	77549007	77549507	0.8531130619049072
500	NC_051806.1	33780431	33780931	0.9435881026983262
500	NC_051810.1	76271921	76272421	0.9709230395555496
500	NC_051824.1	33133143	33133643	1.0367661900520324
500	NC_051815.1	31733468	31733968	0.8963059692382812
500	NC_051841.1	9504475	9504975	1.0219022154808044
500	NC_051843.1	18962236	18962736	0.9542634191513062
500	NC_051815.1	50377019	50377519	0.8750001431703568
500	NC_051843.1	82439256	82439756	0.9090935983657837
500	NC_051806.1	35127263	35127763	1.0809141074419022
500	NC_051822.1	52495208	52495708	1.34367941904068
500	NC_051828.1	42602626	42603126	1.081751866698265
500	NC_051821.1	9767244	9767744	0.6791607061028481
500	NC_051826.1	7338067	7338567	1.0184739871025086
500	NC_051808.1	40609279	40609779	0.9999876269102097
500	NC_051811.1	20684353	20684853	0.85095405960083
500	NC_051805.1	105358114	105358614	0.8866949700117112
500	NC_051828.1	38003135	38003635	0.98597531914711
500	NC_051805.1	123238223	123238723	1.0698667508363724
500	NC_051808.1	10751755	10752255	1.0143568319082261
500	NC_051806.1	58102685	58103185	0.9393188047409058
500	NC_051823.1	14111813	14112313	0.7833101140260696
500	NC_051823.1	37801089	37801589	0.937863098859787
500	NC_051815.1	25865676	25866176	1.1351643319129945
500	NC_051823.1	38535126	38535626	1.0839766122102736
500	NC_051810.1	71476344	71476844	1.2654072135686874
500	NC_051838.1	23800006	23800506	1.029582996249199
500	NC_051826.1	48884984	48885484	0.9547599682807922
500	NC_051813.1	29251919	29252419	0.9035122693777085
500	NC_051806.1	78799215	78799715	1.3448903679847717
500	NC_051805.1	30165813	30166313	1.702508541226387
500	NC_051843.1	105894934	105895434	0.9644474873542785
500	NC_051833.1	9355234	9355734	0.8958819724321365
500	NC_051809.1	59471364	59471864	1.1295733426809311
500	NC_051816.1	20843775	20844275	1.1490671068429947
500	NC_051813.1	33395593	33396093	1.3274776694774628
500	NC_051843.1	101445735	101446235	0.7873117929697037
500	NC_051837.1	29434884	29435384	1.3540194832086563
500	NC_051831.1	7102715	7103215	1.2359176099300384
500	NC_051808.1	41701340	41701840	1.2900675028562545
500	NC_051820.1	56648548	56649048	0.7970716174286191
500	NC_051814.1	48442757	48443257	0.9123887653350831
500	NC_051805.1	19363354	19363854	0.973481114268303
500	NC_051811.1	55194432	55194932	0.837969725728035
500	NC_051833.1	38433952	38434452	0.8678581353425979
500	NC_051843.1	115824859	115825359	0.6441006380633304
500	NC_051823.1	5568559	5569059	0.8882744373679161
500	NC_051811.1	75118601	75119101	0.9364341144561767
500	NC_051813.1	33663359	33663859	1.3250569219589234
500	NC_051812.1	11957984	11958484	0.913621318101883
500	NC_051809.1	51400991	51401491	0.9565884790420532
500	NC_051818.1	12197133	12197633	1.0476948031187057
500	NC_051808.1	57926955	57927455	1.0397404837608337
500	NC_051841.1	28918091	28918591	1.0710092351436615
500	NC_051834.1	20438562	20439062	0.7747863093614579
500	NC_051826.1	42235612	42236112	1.0015800957679748
500	NC_051828.1	34675379	34675879	1.2326211715936661
500	NC_051837.1	5519248	5519748	1.000405426979065
500	NC_051812.1	46179960	46180460	1.0712087094783782
500	NC_051807.1	66689691	66690191	1.0516597893238067
500	NC_051806.1	52251111	52251611	1.5003581268787385
500	NC_051811.1	40312491	40312991	1.3097032033205032
500	NC_051821.1	3974563	3975063	1.0637188429832458
500	NC_051808.1	18317061	18317561	0.8499804315567017
500	NC_051832.1	25552696	25553196	0.968097407579422
500	NC_051834.1	5666901	5667401	1.0729726428985595
500	NC_051821.1	20266138	20266638	1.0391299660205842
500	NC_051822.1	2829385	2829885	1.0429285901784897
500	NC_051826.1	29369358	29369858	0.981114413022995
500	NC_051810.1	66869873	66870373	0.8616216126680374
500	NC_051807.1	90942063	90942563	0.9974719557762146
500	NC_051834.1	25873088	25873588	1.0581249842643738
500	NC_051811.1	48144916	48145416	1.041657024860382
500	NC_051830.1	2839527	2840027	1.2965887866020203
500	NC_051831.1	3907098	3907598	1.553472817182541
500	NC_051823.1	29518682	29519182	1.0448621201515198
500	NC_051806.1	9545272	9545772	1.2384210958480835
500	NC_051830.1	10497707	10498207	0.934189549446106
500	NC_051838.1	12380459	12380959	1.2116648588180543
500	NC_051831.1	20757502	20758002	1.0729854468107223
500	NC_051812.1	52545815	52546315	0.9818366700410843
500	NC_051828.1	37573315	37573815	1.1659074115753174
500	NC_051807.1	88054227	88054727	0.9100979366302491
500	NC_051813.1	27018978	27019478	1.1120659128427506
500	NC_051816.1	17247659	17248159	0.958526872754097
500	NC_051829.1	30782665	30783165	0.8584600174427033
500	NC_051822.1	26976297	26976797	1.0566104403734207
500	NC_051813.1	25724933	25725433	1.0133989998102189
500	NC_051811.1	11449934	11450434	0.9853583322763443
500	NC_051836.1	178256	178756	0.5860950390100479
500	NC_051815.1	45507088	45507588	1.0499296402931213
500	NC_051832.1	15822155	15822655	0.9214537769556046
500	NC_051811.1	5223562	5224062	0.9271850963830948
500	NC_051810.1	11730196	11730696	0.8886515061855316
500	NC_051828.1	48123725	48124225	0.9362801425158978
500	NC_051824.1	53681102	53681602	1.2937213156223297
500	NC_051809.1	446517	447017	1.0750366032123566
500	NC_051825.1	46816778	46817278	0.9393819618225098
500	NC_051841.1	11745443	11745943	0.8936357071399689
500	NC_051831.1	20579504	20580004	0.9764251618385315
500	NC_051830.1	18196833	18197333	0.9935347455739975
500	NC_051843.1	22354676	22355176	0.7110941467966352
500	NC_051825.1	24035640	24036140	0.817365198135376
500	NC_051840.1	24516783	24517283	1.029095445752144
500	NC_051838.1	10509829	10510329	1.0911315675973892
500	NC_051807.1	76614832	76615332	0.9273098986148834
500	NC_051832.1	27145151	27145651	0.9179553384780884
500	NC_051824.1	50941318	50941818	1.2326125185489654
500	NC_051824.1	29184998	29185498	0.8665381281375885
500	NC_051808.1	75102251	75102751	0.9587535601854325
500	NC_051811.1	17469624	17470124	1.0247959628105163
500	NC_051823.1	44342341	44342841	0.8854723653793335
500	NC_051811.1	35811200	35811700	0.9868370860815048
500	NC_051838.1	13504412	13504912	0.7092547754645347
500	NC_051817.1	23944749	23945249	0.9615195500850677
500	NC_051816.1	47864314	47864814	0.911857828617096
500	NC_051829.1	9450208	9450708	
500	NC_051817.1	20280713	20281213	1.0212636688947678
500	NC_051843.1	2065776	2066276	1.0167574253082274
500	NC_051834.1	21790593	21791093	1.131245381116867
500	NC_051837.1	22899629	22900129	1.104220526456833
500	NC_051839.1	17722476	17722976	0.8963380088806152
500	NC_051824.1	19876780	19877280	1.2018522733449937
500	NC_051824.1	45535143	45535643	1.3898899948596954
500	NC_051810.1	20920924	20921424	0.9212589600086212
500	NC_051807.1	23189742	23190242	1.0635838012695313
500	NC_051832.1	27600021	27600521	0.8662635433673859
500	NC_051831.1	24952323	24952823	0.9633616288900375
500	NC_051810.1	24754139	24754639	0.9996759620904923
500	NC_051818.1	45512684	45513184	0.9009938515424728
500	NC_051840.1	16986588	16987088	1.3042687873840333
500	NC_051837.1	5370240	5370740	0.9797077018022537
500	NC_051836.1	35747557	35748057	0.6979490381479263
500	NC_051843.1	16416652	16417152	0.8260881775617599
500	NC_051805.1	57402405	57402905	1.0041683614253998
500	NC_051806.1	27689712	27690212	0.903998321890831
500	NC_051811.1	31627569	31628069	0.9309491455554962
500	NC_051809.1	84055582	84056082	1.1701045914888382
500	NC_051809.1	85381232	85381732	1.0657847546339034
500	NC_051843.1	89729934	89730434	0.9357987724542618
500	NC_051825.1	39670302	39670802	0.9019751844406128
500	NC_051826.1	36000444	36000944	0.8966640590429306
500	NC_051825.1	17283143	17283643	0.9212134569883347
500	NC_051809.1	2110908	2111408	0.9174544795751571
500	NC_051812.1	70571734	70572234	1.1802369554042815
500	NC_051811.1	30450755	30451255	0.9563892811536789
500	NC_051826.1	44167818	44168318	0.9626358782052994
500	NC_051818.1	29011577	29012077	1.024881267309189
500	NC_051808.1	56292246	56292746	1.0792678278684615
500	NC_051826.1	50379683	50380183	1.648831701517105
500	NC_051812.1	20366167	20366667	0.8806630177497864
500	NC_051808.1	81753332	81753832	1.0056503212451935
500	NC_051814.1	23386221	23386721	1.068995990395546
500	NC_051818.1	3814602	3815102	0.9153232970237732
500	NC_051809.1	17056428	17056928	1.148130820631981
500	NC_051821.1	16567360	16567860	0.9658531630039215
500	NC_051827.1	6866900	6867400	0.8714905425906181
500	NC_051842.1	3000496	3000996	0.7666682636141777
500	NC_051839.1	11498629	11499129	1.0970040755271913
500	NC_051807.1	64279584	64280084	0.8804025901556015
500	NC_051829.1	2231240	2231740	0.989708691239357
500	NC_051831.1	26416559	26417059	1.0297033424377442
500	NC_051806.1	72660923	72661423	1.1200008784532547
500	NC_051831.1	1785260	1785760	1.0386462765932083
500	NC_051813.1	23346076	23346576	2.32795307803154
500	NC_051809.1	41749826	41750326	1.371632310628891
500	NC_051806.1	85843920	85844420	1.4042834663391113
500	NC_051834.1	16400069	16400569	0.7016687176823616
500	NC_051829.1	3502133	3502633	1.0050695526599884
500	NC_051836.1	11556067	11556567	0.866494781255722
500	NC_051805.1	22664032	22664532	0.9647346502542495
500	NC_051823.1	16622491	16622991	0.8411208636760712
500	NC_051807.1	32862759	32863259	1.169051168203354
500	NC_051809.1	43250079	43250579	1.0224059849977494
500	NC_051806.1	28592581	28593081	0.9910648386478424
500	NC_051806.1	67459643	67460143	1.007528114438057
500	NC_051813.1	56795271	56795771	1.1051922476291656
500	NC_051843.1	15302579	15303079	0.828509694814682
500	NC_051808.1	85835574	85836074	0.997600577712059
500	NC_051828.1	3793210	3793710	1.2035677129030227
500	NC_051827.1	32012340	32012840	1.2605508863925934
500	NC_051807.1	6186535	6187035	0.943985503911972
500	NC_051806.1	16251486	16251986	1.051519083738327
500	NC_051824.1	17509889	17510389	1.0030521411895752
500	NC_051826.1	61273698	61274198	1.0814453857823423
500	NC_051828.1	27310187	27310687	1.1713901396989823
500	NC_051827.1	52461077	52461577	1.0423202008008956
500	NC_051805.1	15773848	15774348	0.9657571858167648
500	NC_051815.1	65494338	65494838	1.0282965466976166
500	NC_051805.1	4584979	4585479	0.8540024242401123
500	NC_051842.1	12225129	12225629	0.9789602122306824
500	NC_051811.1	66057780	66058280	0.782129539847374
500	NC_051809.1	44026263	44026763	2.191152757525444
500	NC_051806.1	85401617	85402117	1.065137684941292
500	NC_051829.1	4183544	4184044	1.0655234291553497
500	NC_051836.1	5627555	5628055	0.8222246313095093
500	NC_051812.1	10784674	10785174	0.9240669815540313
500	NC_051809.1	54431633	54432133	1.3414197553396225
500	NC_051821.1	1758275	1758775	1.0243206828832627
500	NC_051827.1	11521961	11522461	1.0569736626148223
500	NC_051815.1	48941214	48941714	0.8417402275204658
500	NC_051821.1	37898644	37899144	1.1471594542264938
500	NC_051808.1	8375512	8376012	1.2191781910657882
500	NC_051841.1	16612669	16613169	0.9309944376945496
500	NC_051841.1	23554888	23555388	1.1787939114570618
500	NC_051840.1	23037462	23037962	0.9909454090595246
500	NC_051841.1	20086953	20087453	0.8950989079475403
500	NC_051816.1	6295167	6295667	0.9693645231723785
500	NC_051806.1	311674	312174	0.8361566641926765
500	NC_051807.1	91110043	91110543	0.9776936011314392
500	NC_051814.1	6709116	6709616	0.7673090492486954
500	NC_051828.1	47400447	47400947	3.2872721297740934
500	NC_051823.1	43695002	43695502	0.9100567302703857
500	NC_051808.1	75871162	75871662	1.283053408741951
500	NC_051814.1	52622731	52623231	0.9488389668464661
500	NC_051805.1	100859644	100860144	0.8718571498394012
500	NC_051814.1	19742355	19742855	1.2325573670864105
500	NC_051812.1	40579504	40580004	1.0658617057800293
500	NC_051831.1	37547616	37548116	0.9916765997409821
500	NC_051827.1	10022006	10022506	0.9892491307258606
500	NC_051833.1	5845073	5845573	1.0760117073059081
500	NC_051826.1	28934132	28934632	0.9150606527328491
500	NC_051825.1	10158879	10159379	0.8951316562891006
500	NC_051819.1	10957795	10958295	1.08472272336483
500	NC_051807.1	40802325	40802825	0.9549546301364898
500	NC_051820.1	22725711	22726211	1.010119441628456
500	NC_051808.1	8894647	8895147	0.8652309181690216
500	NC_051808.1	39921871	39922371	0.9712399538755417
500	NC_051812.1	71806212	71806712	0.9745127042531967
500	NC_051814.1	50471475	50471975	1.0753877460956573
500	NC_051839.1	8677421	8677921	1.066901566386223
500	NC_051822.1	40571124	40571624	0.8903697080612183
500	NC_051812.1	69175996	69176496	1.3250737075805663
500	NC_051807.1	81915948	81916448	1.065675912976265
500	NC_051814.1	39135808	39136308	1.058132589817047
500	NC_051833.1	25751387	25751887	0.9408135432004928
500	NC_051818.1	53682260	53682760	0.723347230553627
500	NC_051843.1	65042076	65042576	0.7968492517471314
500	NC_051811.1	44815595	44816095	1.3098196280002594
500	NC_051819.1	43995182	43995682	1.02777046585083
500	NC_051833.1	1568873	1569373	0.8706150797605514
500	NC_051807.1	75209511	75210011	1.1081288952827453
500	NC_051822.1	17562511	17563011	0.9516492646932602
500	NC_051805.1	548724	549224	1.1492684189081193
500	NC_051827.1	4226196	4226696	1.2263299754858017
500	NC_051806.1	1243209	1243709	0.8781864227056503
500	NC_051814.1	33567789	33568289	1.0867418481111526
500	NC_051810.1	39084330	39084830	1.4278054189682008
500	NC_051831.1	8730703	8731203	1.1297729612588883
500	NC_051843.1	41300114	41300614	1.4395419865846635
500	NC_051843.1	17812516	17813016	0.9596296641826629
500	NC_051823.1	9576964	9577464	0.88569382584095
500	NC_051828.1	31337730	31338230	1.0053413125872612
500	NC_051828.1	27107760	27108260	1.2191640603542329
500	NC_051819.1	53451767	53452267	0.9096474608182907
500	NC_051821.1	9302328	9302828	1.0641890732049941
500	NC_051807.1	30073728	30074228	1.0366664189100265
500	NC_051826.1	29470500	29471000	0.9626465439796448
500	NC_051812.1	2529487	2529987	0.9026144541501999
500	NC_051807.1	14870409	14870909	0.9729543867111206
500	NC_051825.1	9944555	9945055	0.8462558448314667
500	NC_051824.1	8051594	8052094	1.3584065661430358
500	NC_051807.1	39103259	39103759	1.040841253399849
500	NC_051817.1	29654207	29654707	0.8847654477357865
500	NC_051828.1	17227529	17228029	1.1502004140615463
500	NC_051822.1	31032811	31033311	0.9097958937883377
500	NC_051819.1	32050137	32050637	0.8470431524515152
500	NC_051843.1	47027455	47027955	1.0324152511358262
500	NC_051819.1	49310459	49310959	0.92502295088768
500	NC_051819.1	8625260	8625760	1.0325114941596985
500	NC_051842.1	638187	638687	0.9625700545310975
500	NC_051813.1	27656580	27657080	0.985504075884819
500	NC_051844.1	1007663	1008163	1.047388266324997
500	NC_051828.1	16390208	16390708	0.9713526721000671
500	NC_051806.1	4082156	4082656	1.1061754220724105
500	NC_051805.1	58115542	58116042	1.0018825013637542
500	NC_051806.1	51679541	51680041	0.8696567986607552
500	NC_051841.1	24928546	24929046	1.0822099217176437
500	NC_051821.1	61340253	61340753	1.0158710497617722
500	NC_051824.1	25704598	25705098	1.0836013404130935
500	NC_051806.1	25157593	25158093	0.929371502161026
500	NC_051829.1	45087157	45087657	2.9442915790081026
500	NC_051806.1	8772660	8773160	1.0519549280405045
500	NC_051813.1	20259971	20260471	1.1511418741941453
500	NC_051817.1	798260	798760	1.025389546751976
500	NC_051828.1	6924083	6924583	1.0177090611457824
500	NC_051824.1	47196216	47196716	1.2609850919246675
500	NC_051835.1	36818019	36818519	1.5661963703632356
500	NC_051835.1	16064330	16064830	0.7408753344416619
500	NC_051820.1	35919218	35919718	0.8664840712547303
500	NC_051842.1	5375516	5376016	0.8707474794387817
500	NC_051812.1	52172700	52173200	0.8502425074577331
500	NC_051811.1	2123340	2123840	0.9592266017198563
500	NC_051815.1	14152351	14152851	1.0534951425790786
500	NC_051820.1	21790958	21791458	1.3551034264564514
500	NC_051838.1	34097181	34097681	0.9769651926755906
500	NC_051820.1	18131025	18131525	1.0637941181659698
500	NC_051814.1	52190778	52191278	0.7558335252404212
500	NC_051808.1	73143691	73144191	1.1831582000255585
500	NC_051807.1	64891588	64892088	0.9833924760818481
500	NC_051826.1	31239264	31239764	1.1225044561624526
500	NC_051832.1	5741112	5741612	1.0934740725755692
500	NC_051831.1	27269148	27269648	0.9798950086832047
500	NC_051816.1	65426556	65427056	1.0951766139268875
500	NC_051807.1	3052411	3052911	0.9340622280836105
500	NC_051805.1	2884444	2884944	3.850738350868225
500	NC_051819.1	21447159	21447659	0.8759865766763687
500	NC_051814.1	39748206	39748706	1.1392108204364777
500	NC_051819.1	36551142	36551642	1.4765191162824631
500	NC_051827.1	9283534	9284034	0.9824244211912155
500	NC_051813.1	41352850	41353350	1.3367846697568893
500	NC_051814.1	19351872	19352372	1.2418440890312195
500	NC_051823.1	32338043	32338543	1.092986315727234
500	NC_051813.1	42738775	42739275	0.9299514830112457
500	NC_051827.1	17600137	17600637	1.050925786614418
500	NC_051825.1	20757882	20758382	0.9443181154727935
500	NC_051817.1	8648218	8648718	0.9064018795490265
500	NC_051838.1	22310409	22310909	0.8838679060935974
500	NC_051836.1	1416764	1417264	1.1410358356237411
500	NC_051808.1	32380287	32380787	0.8336318684816361
500	NC_051817.1	32482568	32483068	0.9709519480466843
500	NC_051805.1	81206735	81207235	1.0245243549346923
500	NC_051818.1	55878177	55878677	1.185629754304886
500	NC_051843.1	4219099	4219599	1.0167319039106368
500	NC_051837.1	9075038	9075538	0.8381884697675704
500	NC_051841.1	20574608	20575108	0.9195624161958694
500	NC_051809.1	49877097	49877597	0.9350400885343552
500	NC_051827.1	51435857	51436357	1.2617979412078857
500	NC_051842.1	13231221	13231721	1.1530095416307449
500	NC_051817.1	9138264	9138764	1.0580060673952103
500	NC_051808.1	23899638	23900138	1.1183012263774872
500	NC_051827.1	12820920	12821420	1.0349523901939393
500	NC_051805.1	120120808	120121308	1.1789750245809556
500	NC_051829.1	44834601	44835101	1.160560125350952
500	NC_051806.1	79889636	79890136	1.2340315777063369
500	NC_051807.1	7109273	7109773	1.0395031595230102
500	NC_051825.1	36078793	36079293	1.2260950539112092
500	NC_051806.1	45466452	45466952	0.9149409992694855
500	NC_051820.1	51751494	51751994	0.995114205121994
500	NC_051839.1	1344220	1344720	0.9390137469768525
500	NC_051833.1	36918948	36919448	0.8094951679110527
500	NC_051820.1	22884636	22885136	1.1676540025472641
500	NC_051820.1	15611273	15611773	1.129547839283943
500	NC_051807.1	73267359	73267859	0.8830877095460892
500	NC_051808.1	58642028	58642528	1.4527877480983735
500	NC_051820.1	33391930	33392430	1.0749175518751144
500	NC_051812.1	4092788	4093288	0.957680870950222
500	NC_051810.1	34050519	34051019	0.9738792109489441
500	NC_051832.1	25955582	25956082	1.0415041084289551
500	NC_051806.1	5579416	5579916	0.9580232417583465
500	NC_051836.1	33180818	33181318	1.0074289331436157
500	NC_051814.1	19247843	19248343	1.2913549275398255
500	NC_051816.1	48434686	48435186	0.9453478016853333
500	NC_051808.1	31403728	31404228	0.8721717375516892
500	NC_051806.1	45563992	45564492	0.9046808550357819
500	NC_051837.1	21900101	21900601	0.9209413155317306
500	NC_051834.1	37354619	37355119	1.275235097169876
500	NC_051822.1	10210776	10211276	0.9841897230148315
500	NC_051843.1	70853562	70854062	0.9681860736608505
500	NC_051811.1	60577244	60577744	0.881703461766243
500	NC_051822.1	4320163	4320663	0.9671639975309372
500	NC_051813.1	27486888	27487388	1.1504096440076828
500	NC_051805.1	39748702	39749202	0.8271645786166191
500	NC_051823.1	17439527	17440027	1.0315096049308776
500	NC_051809.1	23650265	23650765	1.0271793752908707
500	NC_051805.1	108732075	108732575	0.9610238701105118
500	NC_051838.1	15399148	15399648	0.9229025554656982
500	NC_051814.1	1455580	1456080	0.9834476417303085
500	NC_051830.1	27620563	27621063	0.6906657498173353
500	NC_051813.1	58165115	58165615	1.0216816359758376
500	NC_051827.1	43304747	43305247	1.001684661746025
500	NC_051805.1	68962082	68962582	0.914688138127327
500	NC_051805.1	19603961	19604461	1.1454732987880707
500	NC_051832.1	41479341	41479841	1.6229278535842895
500	NC_051842.1	4794153	4794653	0.930334779381752
500	NC_051805.1	111266112	111266612	1.3802920680046082
500	NC_051832.1	10779275	10779775	1.0478223770856858
500	NC_051832.1	18885733	18886233	0.9131203449964523
500	NC_051805.1	47657810	47658310	1.0155317157506942
500	NC_051830.1	11722175	11722675	1.2931425392627716
500	NC_051832.1	2950910	2951410	1.0914014971256256
500	NC_051812.1	46639736	46640236	1.0838338516950607
500	NC_051813.1	49220970	49221470	1.3138155269622802
500	NC_051817.1	61908449	61908949	0.8466394678354263
500	NC_051817.1	50815784	50816284	0.9246633243560791
500	NC_051816.1	40594686	40595186	0.9192076647281646
500	NC_051821.1	45109245	45109745	0.9569872641563415
500	NC_051834.1	17472578	17473078	0.9167177842855454
500	NC_051840.1	5375478	5375978	0.9848865225315094
500	NC_051822.1	53021142	53021642	1.3683893370628357
500	NC_051817.1	21776447	21776947	0.8934805855751038
500	NC_051835.1	27869982	27870482	1.0426103343963624
500	NC_051822.1	31130584	31131084	0.965961946964264
500	NC_051830.1	28470924	28471424	0.802983212351799
500	NC_051826.1	18978375	18978875	0.8199631959199906
500	NC_051810.1	58398140	58398640	0.9067588186264038
500	NC_051819.1	19171450	19171950	0.9218107461929321
500	NC_051805.1	72541419	72541919	0.7221189891375028
500	NC_051836.1	20657870	20658370	0.7100763505697251
500	NC_051808.1	54296552	54297052	1.0603883150815965
500	NC_051834.1	9340122	9340622	0.9743585349321365
500	NC_051830.1	29165468	29165968	1.272351194858551
500	NC_051816.1	62781146	62781646	1.1478960647583007
500	NC_051816.1	71290214	71290714	1.0749152394533157
500	NC_051805.1	70351446	70351946	0.8145830393433571
500	NC_051825.1	50491673	50492173	0.8779187248647213
500	NC_051822.1	40851927	40852427	0.8795960483551025
500	NC_051819.1	27993742	27994242	0.9669836001396179
500	NC_051827.1	43155378	43155878	0.984968316078186
500	NC_051812.1	39066806	39067306	0.9578825964927673
500	NC_051828.1	46839701	46840201	1.226673807501793
500	NC_051843.1	31094146	31094646	0.8289536102414131
500	NC_051840.1	30171927	30172427	0.9222437608242035
500	NC_051830.1	37273830	37274330	1.0957140338420868
500	NC_051809.1	54588359	54588859	1.2004589371681214
500	NC_051821.1	53021556	53022056	0.9401337296962738
500	NC_051820.1	47469198	47469698	1.140158905982971
500	NC_051837.1	26642315	26642815	0.8337686306238175
500	NC_051815.1	8283499	8283999	0.7724474886876173
500	NC_051820.1	61483813	61484313	1.2670561512708665
500	NC_051807.1	40149936	40150436	0.9856566084623337
500	NC_051808.1	33677799	33678299	0.951271169424057
500	NC_051819.1	54612732	54613232	0.9533692816495896
500	NC_051805.1	120708220	120708720	1.057506911754608
500	NC_051818.1	1006668	1007168	0.7345955241024494
500	NC_051808.1	55871572	55872072	0.9878816822767258
500	NC_051832.1	29517779	29518279	1.289423983335495
500	NC_051810.1	55761264	55761764	0.9981805328130722
500	NC_051808.1	52707991	52708491	0.8980326564311981
500	NC_051813.1	21168337	21168837	0.7764626821279526
500	NC_051821.1	58190373	58190873	0.8859362575411797
500	NC_051838.1	18883056	18883556	1.0601218972206117
500	NC_051814.1	15848548	15849048	1.0057100018262863
500	NC_051818.1	25746692	25747192	0.8827856202125549
500	NC_051843.1	61003352	61003852	1.0021648132801055
500	NC_051807.1	22688851	22689351	0.5203748852610588
500	NC_051836.1	33246430	33246930	0.985667273402214
500	NC_051821.1	18431073	18431573	0.8062903116941452
500	NC_051820.1	21337430	21337930	0.9274415308237076
500	NC_051812.1	2976298	2976798	1.1099581702947616
500	NC_051819.1	52101886	52102386	1.109617747426033
500	NC_051841.1	15821136	15821636	1.0416356790065766
500	NC_051820.1	38619761	38620261	1.0266563503742219
500	NC_051828.1	29507609	29508109	0.9906395862102508
500	NC_051839.1	13576845	13577345	1.00297179043293
500	NC_051809.1	26272784	26273284	0.975805876493454
500	NC_051833.1	40928682	40929182	0.9665310720205307
500	NC_051836.1	624401	624901	1.2417602565288544
500	NC_051835.1	19083761	19084261	1.0352526659965515
500	NC_051813.1	11154163	11154663	1.2506174206733705
500	NC_051808.1	67818848	67819348	0.9668910471200943
500	NC_051813.1	55121466	55121966	1.040354661822319
500	NC_051813.1	27636224	27636724	0.8998970162868499
500	NC_051815.1	10606681	10607181	0.7977357756777813
500	NC_051811.1	66460429	66460929	0.9870121560096741
500	NC_051830.1	6305931	6306431	1.0185745195150375
500	NC_051831.1	3409058	3409558	0.9563812284469605
500	NC_051832.1	26222454	26222954	1.1398885803222656
500	NC_051829.1	20864436	20864936	1.0484306815862656
500	NC_051840.1	27945984	27946484	0.7240568881630898
500	NC_051815.1	8619662	8620162	0.9208062071800232
500	NC_051831.1	22394053	22394553	0.9059728547334671
500	NC_051812.1	33526289	33526789	0.9265138669013977
500	NC_051813.1	49842172	49842672	1.4559154026508332
500	NC_051833.1	19748810	19749310	1.1164599907398225
500	NC_051805.1	10703661	10704161	0.9374186344146729
500	NC_051843.1	72077589	72078089	0.8771084110736846
500	NC_051838.1	36746189	36746689	1.0502843638658523
500	NC_051843.1	30324094	30324594	0.8856031453609466
500	NC_051812.1	32987696	32988196	1.8900130759477616
500	NC_051808.1	374021	374521	1.6272320121526718
500	NC_051810.1	39228474	39228974	
500	NC_051842.1	18613908	18614408	1.0668807859420777
500	NC_051808.1	356310	356810	0.8572714686393738
500	NC_051811.1	49634516	49635016	0.9525044236183167
500	NC_051810.1	15571879	15572379	2.9934773237705232
500	NC_051826.1	24840531	24841031	0.924880149424076
500	NC_051824.1	19289138	19289638	1.0048440113067627
500	NC_051838.1	38731453	38731953	0.7749445947408676
500	NC_051827.1	32105685	32106185	1.0105420768260955
500	NC_051815.1	26642555	26643055	1.0289407807588578
500	NC_051813.1	9904071	9904571	
500	NC_051843.1	64386777	64387277	0.9518591505289078
500	NC_051812.1	46797540	46798040	1.1237255692481996
500	NC_051818.1	9018717	9019217	0.8019320641160012
500	NC_051826.1	51890773	51891273	0.9034556156396866
500	NC_051822.1	44120109	44120609	0.9233561427593231
500	NC_051826.1	54974350	54974850	0.9071379721164703
500	NC_051825.1	7460735	7461235	0.8798893904685974
500	NC_051807.1	17623717	17624217	1.0384142701625825
500	NC_051843.1	65679424	65679924	0.9830048326253891
500	NC_051816.1	44014170	44014670	1.1267898988723755
500	NC_051823.1	16836011	16836511	1.005371658205986
500	NC_051834.1	2498093	2498593	0.986587315440178
500	NC_051810.1	20583787	20584287	1.0672394199371338
500	NC_051821.1	52674470	52674970	1.0980333924293517
500	NC_051812.1	53701459	53701959	0.9144795806407928
500	NC_051834.1	1220917	1221417	1.3348021450042724
500	NC_051809.1	39300556	39301056	1.033425129532814
500	NC_051830.1	2107113	2107613	1.154749779343605
500	NC_051814.1	16662627	16663127	1.070955098748207
500	NC_051811.1	31551220	31551720	1.079665710926056
500	NC_051836.1	29764336	29764836	0.9635571485757828
500	NC_051810.1	23271291	23271791	1.0562153980731963
500	NC_051813.1	33497331	33497831	1.0004750741720199
500	NC_051813.1	12595638	12596138	0.9697596229314804
500	NC_051806.1	43266174	43266674	1.0894083641767502
500	NC_051816.1	11651449	11651949	0.9040894815921784
500	NC_051838.1	22637825	22638325	0.9228436559438705
500	NC_051810.1	4484013	4484513	0.9629365813732147
500	NC_051840.1	14816611	14817111	1.0582614282369613
500	NC_051827.1	47422139	47422639	1.3280182309150697
500	NC_051811.1	20260639	20261139	0.869475797176361
500	NC_051810.1	32857597	32858097	1.162410725593567
500	NC_051808.1	86307602	86308102	1.107478965997696
500	NC_051822.1	21615413	21615913	0.9677256546020507
500	NC_051815.1	63850295	63850795	1.0448652762174606
500	NC_051812.1	45970670	45971170	0.7503879308700562
500	NC_051814.1	65045294	65045794	0.9561137484312058
500	NC_051837.1	25023700	25024200	0.8868513852357864
500	NC_051813.1	57363707	57364207	1.1716437715291976
500	NC_051812.1	43012293	43012793	1.3388071341514587
500	NC_051806.1	5317185	5317685	0.7526555198431015
500	NC_051809.1	66092011	66092511	1.127978405714035
500	NC_051817.1	46597210	46597710	1.1113735795021058
500	NC_051809.1	43626080	43626580	0.8571161717176438
500	NC_051807.1	55221886	55222386	0.9498730955719947
500	NC_051843.1	44221707	44222207	0.876551430106163
500	NC_051824.1	20634589	20635089	0.7910633149147034
500	NC_051805.1	47033007	47033507	1.0729052675962447
500	NC_051823.1	34459571	34460071	1.034849462747574
500	NC_051821.1	6040204	6040704	1.108731870651245
500	NC_051830.1	40302787	40303287	1.2659792355298995
500	NC_051812.1	31879043	31879543	1.0900929852724075
500	NC_051805.1	59613315	59613815	1.0339385044574738
500	NC_051817.1	1586695	1587195	0.8069331777095795
500	NC_051838.1	3703761	3704261	0.9622454199790954
500	NC_051822.1	13883000	13883500	1.921311929821968
500	NC_051827.1	28685168	28685668	0.9284675195217132
500	NC_051808.1	5414294	5414794	0.7672479482889175
500	NC_051814.1	16952876	16953376	0.7529069460630416
500	NC_051817.1	42910607	42911107	1.0357138266930213
500	NC_051829.1	37203243	37203743	0.8823422319889068
500	NC_051830.1	35288547	35289047	0.8673520614504814
500	NC_051843.1	73451507	73452007	1.0024057207107544
500	NC_051836.1	29437607	29438107	0.8698019862174988
500	NC_051835.1	15068792	15069292	0.8793747950792312
500	NC_051833.1	30707202	30707702	0.8594614307880402
500	NC_051842.1	14179408	14179908	1.1545629346370696
500	NC_051825.1	24777415	24777915	1.0551636165380478
500	NC_051820.1	41946140	41946640	0.9151974123716354
500	NC_051817.1	54497666	54498166	0.9355653702020645
500	NC_051834.1	31458117	31458617	1.4850208506584168
500	NC_051843.1	101573282	101573782	0.7739573585987091
500	NC_051811.1	45668868	45669368	1.2149156665802001
500	NC_051830.1	28862958	28863458	0.9550100060105324
500	NC_051842.1	5105332	5105832	0.9558599426746368
500	NC_051822.1	51587246	51587746	0.8936319351196289
500	NC_051822.1	51412567	51413067	1.1164692776203156
500	NC_051843.1	21257549	21258049	0.8041158416867256
500	NC_051811.1	38494425	38494925	1.0215606898069383
500	NC_051832.1	30338699	30339199	0.9325676422245455
500	NC_051817.1	41328355	41328855	
500	NC_051809.1	18917235	18917735	0.9186115473508835
500	NC_051836.1	31403121	31403621	0.9560841037034988
500	NC_051807.1	47433821	47434321	1.1133795078992843
500	NC_051828.1	9938225	9938725	0.9387162894010543
500	NC_051837.1	7917559	7918059	1.0455539096593858
500	NC_051813.1	35957181	35957681	0.8616143201589584
500	NC_051806.1	17260804	17261304	
500	NC_051820.1	46978971	46979471	0.9691077493429184
500	NC_051830.1	18333233	18333733	1.067871230840683
500	NC_051818.1	22752170	22752670	1.0158211225271225
500	NC_051811.1	27862486	27862986	0.9232875353097916
500	NC_051812.1	954266	954766	1.3210933907032012
500	NC_051808.1	82585112	82585612	0.8720759491324425
500	NC_051843.1	60579309	60579809	0.8650879956483841
500	NC_051806.1	28176309	28176809	1.1596601454019546
500	NC_051811.1	65091977	65092477	1.2549735984802246
500	NC_051832.1	2445325	2445825	0.9097390741109848
500	NC_051820.1	20900150	20900650	1.058361753821373
500	NC_051826.1	18174893	18175393	0.9172717871665954
500	NC_051842.1	15199558	15200058	1.0373230191469192
500	NC_051843.1	50918698	50919198	0.6606652362346649
500	NC_051834.1	27509429	27509929	1.1386135886907578
500	NC_051832.1	14874998	14875498	1.0535901883840562
500	NC_051828.1	23994526	23995026	1.0534117189645766
500	NC_051806.1	69731153	69731653	1.1423009715080261
500	NC_051843.1	96321071	96321571	0.9510724412202836
500	NC_051806.1	42352099	42352599	0.9929895083904267
500	NC_051841.1	25862657	25863157	1.4136234531402587
500	NC_051810.1	27898562	27899062	1.1661420043706894
500	NC_051841.1	16233411	16233911	1.0290570768117904
500	NC_051843.1	67054502	67055002	0.8695691510438919
500	NC_051814.1	8997868	8998368	1.1248417308330536
500	NC_051827.1	714348	714848	0.9403049995899201
500	NC_051813.1	13737024	13737524	1.184875319480896
500	NC_051805.1	101911943	101912443	0.7948694116578383
500	NC_051822.1	8732759	8733259	0.9799077173471451
500	NC_051826.1	33791877	33792377	0.9121753048896789
500	NC_051831.1	30011070	30011570	0.9985065180063247
500	NC_051816.1	1130317	1130817	1.1978735278844834
500	NC_051805.1	33725081	33725581	1.0529190001487732
500	NC_051810.1	6006280	6006780	0.9881793868541717
500	NC_051809.1	27981484	27981984	0.918969329237938
500	NC_051805.1	6215548	6216048	0.9750065498352051
500	NC_051826.1	9778516	9779016	1.0482603050470352
500	NC_051825.1	32162676	32163176	1.0620199424028396
500	NC_051833.1	39344891	39345391	0.9428558175563813
500	NC_051822.1	47813193	47813693	1.3967746510505676
500	NC_051822.1	7824605	7825105	0.8943542712926864
500	NC_051806.1	62048673	62049173	1.1916294993162155
500	NC_051815.1	32549410	32549910	0.9509634166955948
500	NC_051817.1	5044576	5045076	1.0271547976732254
500	NC_051827.1	14909803	14910303	0.8941267600059509
500	NC_051835.1	25010533	25011033	0.9579426817893982
500	NC_051824.1	45262547	45263047	1.3005488147735595
500	NC_051821.1	36497986	36498486	1.0517124266624451
500	NC_051829.1	1614527	1615027	0.9093048974275589
500	NC_051821.1	18729536	18730036	1.1169226499966212
500	NC_051813.1	16786430	16786930	1.0740435379743576
500	NC_051842.1	15319575	15320075	0.8768752664327621
500	NC_051819.1	40708481	40708981	0.9076006726622582
500	NC_051824.1	46198031	46198531	1.094095454454422
500	NC_051818.1	25255892	25256392	0.8692700144052505
500	NC_051812.1	5928295	5928795	0.8345079058408738
500	NC_051827.1	23436450	23436950	0.9889698505401612
500	NC_051805.1	93799266	93799766	1.000966538667679
500	NC_051812.1	59833782	59834282	1.0073224942684174
500	NC_051827.1	45938333	45938833	1.2974843158721925
500	NC_051826.1	39917406	39917906	0.8236839610934258
500	NC_051824.1	2481900	2482400	1.506566059589386
500	NC_051820.1	59484180	59484680	0.9104058372974396
500	NC_051829.1	33116357	33116857	1.0335607798099518
500	NC_051810.1	55213880	55214380	1.0268941205739974
500	NC_051812.1	39812469	39812969	1.138697839140892
500	NC_051812.1	31911537	31912037	0.9775430816411972
500	NC_051815.1	63919364	63919864	0.9324981743097305
500	NC_051823.1	21606337	21606837	0.8110449410676956
500	NC_051810.1	29678384	29678884	0.934282890200615
500	NC_051817.1	51504259	51504759	0.8878667460083961
500	NC_051828.1	21215770	21216270	1.0795263504981996
500	NC_051818.1	4971457	4971957	1.2096154938936234
500	NC_051805.1	109438055	109438555	1.0663257539272308
500	NC_051814.1	47557365	47557865	0.9664797866344452
500	NC_051843.1	70495691	70496191	0.8009854960441589
500	NC_051822.1	18437127	18437627	1.0278472092151643
500	NC_051811.1	13404645	13405145	1.181805124282837
500	NC_051818.1	37853265	37853765	0.8682322204113007
500	NC_051815.1	63673408	63673908	0.9436995815038681
500	NC_051807.1	18916576	18917076	0.974295794725418
500	NC_051807.1	54014780	54015280	1.1572898852825164
500	NC_051816.1	73426239	73426739	1.1512100150585174
500	NC_051805.1	117508927	117509427	1.2637500129938126
500	NC_051805.1	100632669	100633169	1.4736827411651612
500	NC_051828.1	20443117	20443617	0.8155469293594361
500	NC_051840.1	14525813	14526313	1.0016444300413132
500	NC_051818.1	43516407	43516907	1.3250452091693878
500	NC_051843.1	28818489	28818989	0.892487534403801
500	NC_051843.1	4996279	4996779	0.9884023712873459
500	NC_051836.1	32406168	32406668	0.8032572498321533
500	NC_051811.1	75279515	75280015	0.9551626992225647
500	NC_051808.1	75019729	75020229	0.83916981112957
500	NC_051820.1	41139287	41139787	0.8175426230430604
500	NC_051820.1	52085405	52085905	0.9265042704343796
500	NC_051824.1	54456335	54456835	1.0110295283794404
500	NC_051813.1	2363303	2363803	1.3369561727046966
500	NC_051808.1	35608790	35609290	1.393524935245514
500	NC_051809.1	38451127	38451627	1.1167217997312546
500	NC_051833.1	6027777	6028277	1.1601976083517074
500	NC_051828.1	11484515	11485015	1.0729361218214035
500	NC_051815.1	40062712	40063212	0.9878901486396789
500	NC_051826.1	6012058	6012558	1.0461497124433516
500	NC_051838.1	34356121	34356621	1.0331163486242294
500	NC_051821.1	45344675	45345175	1.1520919710397721
500	NC_051820.1	50849860	50850360	1.1119463354349137
500	NC_051818.1	49659011	49659511	0.8886397917270661
500	NC_051815.1	65375456	65375956	0.9344724023342132
500	NC_051816.1	13088241	13088741	0.881515783905983
500	NC_051820.1	18910819	18911319	1.0861809788942336
500	NC_051821.1	25344934	25345434	1.2488128027915955
500	NC_051817.1	42293803	42294303	0.8818652452230453
500	NC_051810.1	67684920	67685420	0.9190803837776184
500	NC_051814.1	60991441	60991941	1.0179249709844589
500	NC_051841.1	2017521	2018021	0.8938387993574143
500	NC_051822.1	11794860	11795360	0.9168074073330048
500	NC_051821.1	48921694	48922194	0.9960758008956909
500	NC_051808.1	73755596	73756096	1.1676316829919815
500	NC_051840.1	20257245	20257745	0.8971343660354614
500	NC_051823.1	29369240	29369740	1.0035826915502548
500	NC_051820.1	43613675	43614175	0.9770747780799866
500	NC_051819.1	2348827	2349327	1.4477216991186141
500	NC_051811.1	36348813	36349313	0.8759263306856155
500	NC_051825.1	17867836	17868336	1.000205939412117
500	NC_051819.1	52050269	52050769	0.9775047801733017
500	NC_051806.1	8034227	8034727	0.8955882986783982
500	NC_051809.1	73437921	73438421	0.8240853583812714
500	NC_051824.1	11242364	11242864	0.9459163254499435
500	NC_051809.1	19089886	19090386	1.0279241333007811
500	NC_051810.1	69010131	69010631	0.8620204155445099
500	NC_051807.1	80514776	80515276	0.7767856642007828
500	NC_051812.1	65908667	65909167	1.2132461086511612
500	NC_051817.1	21425252	21425752	0.8441647114753723
500	NC_051842.1	23114021	23114521	1.0601666230330908
500	NC_051828.1	5462357	5462857	0.9523989180326462
500	NC_051823.1	3809893	3810393	2.0596562815904615
500	NC_051843.1	16857251	16857751	0.7904132335186005
500	NC_051807.1	87939862	87940362	0.9683658306598664
500	NC_051816.1	24912241	24912741	0.9242566795349121
500	NC_051808.1	28085031	28085531	1.1603507663011552
500	NC_051827.1	52766063	52766563	1.1369424760341644
500	NC_051814.1	19268108	19268608	1.313568365097046
500	NC_051807.1	39314220	39314720	1.0080708074569702
500	NC_051808.1	44322681	44323181	1.1449421207904815
500	NC_051817.1	4460053	4460553	1.185037142753601
500	NC_051843.1	72805803	72806303	0.9295108746290207
500	NC_051820.1	8991920	8992420	1.263947137594223
500	NC_051809.1	51812195	51812695	1.0335093969106675
500	NC_051809.1	6839948	6840448	0.9336642755270004
500	NC_051806.1	56248402	56248902	1.0246685341596604
500	NC_051819.1	9088723	9089223	3.6182794153690336
500	NC_051826.1	23103494	23103994	0.8607807973027229
500	NC_051817.1	5592960	5593460	0.9778916239738464
500	NC_051823.1	11605306	11605806	0.979974200963974
500	NC_051815.1	17693606	17694106	0.9138455240726471
500	NC_051806.1	37430703	37431203	1.168360047340393
500	NC_051818.1	13437365	13437865	0.9997486847639084
500	NC_051843.1	59844435	59844935	0.7585024499893188
500	NC_051843.1	126594524	126595024	
500	NC_051817.1	46099497	46099997	1.1293286542892456
500	NC_051813.1	5002328	5002828	1.168739392399788
500	NC_051811.1	19637343	19637843	0.8857588711977005
500	NC_051807.1	1311931	1312431	1.015705208659172
500	NC_051818.1	43843190	43843690	0.9404273146390915
500	NC_051809.1	30424553	30425053	0.9822330442667008
500	NC_051828.1	13065713	13066213	1.090598148226738
500	NC_051836.1	13935805	13936305	0.9312825578451157
500	NC_051811.1	24421404	24421904	1.0011552398204804
500	NC_051809.1	48225469	48225969	0.9386708537340164
500	NC_051819.1	51994420	51994920	1.0699826353788375
500	NC_051808.1	13570611	13571111	0.7869984213113784
500	NC_051824.1	16855727	16856227	1.1133122696876525
500	NC_051809.1	23628082	23628582	0.9469267460107803
500	NC_051841.1	17018970	17019470	0.8510974279046059
500	NC_051822.1	2446149	2446649	1.180131504893303
500	NC_051821.1	42458874	42459374	0.8528036884069443
500	NC_051818.1	15297808	15298308	0.807278226852417
500	NC_051806.1	62164335	62164835	1.032692466378212
500	NC_051810.1	76721915	76722415	0.8316884136199951
500	NC_051813.1	11990239	11990739	
500	NC_051839.1	19736197	19736697	0.8975953645706177
500	NC_051843.1	101206316	101206816	0.6298484220504761
500	NC_051826.1	43332907	43333407	1.0348083504438401
500	NC_051819.1	43222549	43223049	0.9231486645936966
500	NC_051839.1	10501193	10501693	0.8363709354400635
500	NC_051814.1	35945572	35946072	0.9830581337213516
500	NC_051825.1	11009207	11009707	0.8191553908586502
500	NC_051807.1	50719831	50720331	1.0345498505830766
500	NC_051816.1	48254133	48254633	1.2626774154901506
500	NC_051835.1	12382129	12382629	1.0574349352121353
500	NC_051815.1	3151264	3151764	1.286644488811493
500	NC_051817.1	52609750	52610250	0.8824539735913277
500	NC_051830.1	28283416	28283916	0.9847700943946839
500	NC_051841.1	4184528	4185028	1.0265977379083633
500	NC_051819.1	34110165	34110665	1.0477161258459091
500	NC_051811.1	21053777	21054277	0.9853427914381028
500	NC_051811.1	27174011	27174511	1.0665888444185256
500	NC_051828.1	17910257	17910757	1.100132304906845
500	NC_051843.1	22984990	22985490	1.1104120749235153
500	NC_051821.1	43802582	43803082	0.8710987458229065
500	NC_051817.1	41925708	41926208	0.9784341727495194
500	NC_051836.1	32318825	32319325	0.9059414565563202
500	NC_051812.1	23381065	23381565	0.9550079894065857
500	NC_051816.1	70073332	70073832	0.7715292984843254
500	NC_051833.1	20431760	20432260	0.9259809225797653
500	NC_051828.1	47218030	47218530	1.3202898383140564
500	NC_051808.1	39968766	39969266	2.054383147954941
500	NC_051807.1	54434385	54434885	1.399498638510704
500	NC_051832.1	27498168	27498668	0.9723903958797455
500	NC_051827.1	14989154	14989654	0.8566607151031495
500	NC_051840.1	27406325	27406825	1.0566066563129426
500	NC_051816.1	13303643	13304143	0.909794693171978
500	NC_051825.1	31398221	31398721	1.0346409924030304
500	NC_051809.1	37590039	37590539	1.0114735831022263
500	NC_051805.1	100406638	100407138	1.014015823841095
500	NC_051825.1	21200115	21200615	1.0655569732189178
500	NC_051822.1	3325049	3325549	0.8044906083345413
500	NC_051818.1	9537366	9537866	0.9191115931272507
500	NC_051815.1	25290188	25290688	1.052966583132744
500	NC_051829.1	14242210	14242710	1.0621165078878403
500	NC_051813.1	29013820	29014320	0.9035524463653565
500	NC_051841.1	16707621	16708121	0.9364281634092331
500	NC_051821.1	1463606	1464106	1.1215717046260834
500	NC_051806.1	53179546	53180046	1.128096983551979
500	NC_051809.1	42759934	42760434	0.9020374157428741
500	NC_051831.1	4668821	4669321	1.2012094274759293
500	NC_051835.1	17261755	17262255	0.9732017636299133
500	NC_051810.1	14593422	14593922	1.1065046663284301
500	NC_051813.1	13289366	13289866	1.1040361255407334
500	NC_051824.1	34812084	34812584	1.1026065660715103
500	NC_051827.1	27329785	27330285	0.9902702516317368
500	NC_051812.1	68124829	68125329	0.9919009298086167
500	NC_051826.1	27279647	27280147	0.8104116327762604
500	NC_051813.1	34703820	34704320	1.0035619854927063
500	NC_051839.1	18194711	18195211	1.0275957753658296
500	NC_051828.1	4663266	4663766	1.0688571515083314
500	NC_051829.1	30625356	30625856	1.1448155794143677
500	NC_051820.1	56769204	56769704	0.936187768090855
500	NC_051813.1	38312226	38312726	1.082579964876175
500	NC_051831.1	38281601	38282101	1.067550498366356
500	NC_051819.1	22142342	22142842	1.0416116486787796
500	NC_051811.1	62226357	62226857	0.9944366233348847
500	NC_051823.1	19575877	19576377	0.854486936211586
500	NC_051813.1	53642926	53643426	1.1256709192991257
500	NC_051819.1	45747602	45748102	0.8970292593240738
500	NC_051833.1	39990820	39991320	1.1012822777032851
500	NC_051838.1	17099259	17099759	0.9653624491691589
500	NC_051843.1	48953004	48953504	
500	NC_051808.1	3639819	3640319	1.1463291662931443
500	NC_051819.1	33823894	33824394	0.901530942815518
500	NC_051833.1	21711944	21712444	1.0939536665678025
500	NC_051829.1	47194063	47194563	1.3147709159851073
500	NC_051824.1	2948697	2949197	1.1209315918684006
500	NC_051820.1	26509463	26509963	0.9333104461431503
500	NC_051820.1	21325147	21325647	1.1898070805072785
500	NC_051820.1	1263267	1263767	1.2203094996213912
500	NC_051836.1	29606758	29607258	1.0214390081167222
500	NC_051832.1	29691425	29691925	0.9051589161157608
500	NC_051815.1	31355	31855	1.170023455619812
500	NC_051805.1	65229509	65230009	1.1607623426914215
500	NC_051815.1	38644719	38645219	1.0407615275382995
500	NC_051811.1	38446179	38446679	1.071664606809616
500	NC_051805.1	12184604	12185104	0.9452311321496963
500	NC_051817.1	44211510	44212010	0.45671936869621277
500	NC_051816.1	72441557	72442057	0.9075645291805268
500	NC_051821.1	21601322	21601822	1.3012087558507919
500	NC_051818.1	26738278	26738778	0.821563245177269
500	NC_051823.1	2951158	2951658	1.017508376955986
500	NC_051839.1	170397	170897	1.8553367089033126
500	NC_051806.1	58543642	58544142	1.2057195336818696
500	NC_051810.1	35292832	35293332	1.0981958910226821
500	NC_051820.1	39583436	39583936	0.8251229425668717
500	NC_051836.1	10935484	10935984	0.9808921953439712
500	NC_051816.1	12034574	12035074	1.2178840918540954
500	NC_051811.1	51764081	51764581	0.9194718452692032
500	NC_051805.1	121967873	121968373	1.3184467058181764
500	NC_051821.1	26460421	26460921	0.989167007446289
500	NC_051818.1	53976867	53977367	1.1365690393447876
500	NC_051828.1	46983336	46983836	1.0919173126220703
500	NC_051843.1	32188657	32189157	0.8432546960115432
500	NC_051832.1	12351720	12352220	0.9027130755723691
500	NC_051821.1	22631588	22632088	0.9823923524618149
500	NC_051843.1	77735849	77736349	1.1036494255065918
500	NC_051826.1	42196101	42196601	0.8313992762565613
500	NC_051829.1	46685000	46685500	1.1216432362794877
500	NC_051807.1	81847035	81847535	1.061598681807518
500	NC_051819.1	45602496	45602996	0.9757489671707154
500	NC_051840.1	30109272	30109772	1.0817244546413423
500	NC_051807.1	74930503	74931003	0.9962004305124282
500	NC_051808.1	14847126	14847626	1.006308726668358
500	NC_051819.1	4538644	4539144	1.3010110759735107
500	NC_051806.1	35508488	35508988	1.1564878759384156
500	NC_051821.1	47379979	47380479	0.8023764190673828
500	NC_051835.1	35638951	35639451	1.2729161484241485
500	NC_051820.1	17353134	17353634	1.0674611130952836
500	NC_051807.1	9048114	9048614	0.9354210920333862
500	NC_051809.1	79237088	79237588	1.139845925092697
500	NC_051807.1	63364881	63365381	0.914020492553711
500	NC_051833.1	8622244	8622744	0.9341864656209946
500	NC_051807.1	8649137	8649637	0.9856305501461029
500	NC_051830.1	24991132	24991632	1.0343884234428407
500	NC_051830.1	9382954	9383454	0.925324957370758
500	NC_051806.1	16380836	16381336	0.8550672051906586
500	NC_051817.1	12966509	12967009	0.83628788459301
500	NC_051827.1	12719243	12719743	1.1379354977607727
500	NC_051818.1	21773443	21773943	0.9987903938293458
500	NC_051807.1	51998918	51999418	1.0381601823568345
500	NC_051809.1	50837128	50837628	1.090927541255951
500	NC_051827.1	18011121	18011621	0.9830515090227127
500	NC_051843.1	9043359	9043859	1.1390357992649078
500	NC_051827.1	24959490	24959990	1.0529828405380248
500	NC_051805.1	22409698	22410198	0.83287482213974
500	NC_051814.1	35127011	35127511	1.008721779346466
500	NC_051810.1	11960339	11960839	1.0945255014896393
500	NC_051837.1	22571661	22572161	0.8403816789388656
500	NC_051809.1	54030794	54031294	0.7826050848364831
500	NC_051822.1	23313844	23314344	0.9139316486120224
500	NC_051843.1	32501822	32502322	0.9150101075172424
500	NC_051805.1	57844765	57845265	0.9619917386770248
500	NC_051831.1	33868484	33868984	0.7571171664595604
500	NC_051806.1	48089713	48090213	1.0692182948589326
500	NC_051815.1	12983157	12983657	0.9677820508480072
500	NC_051837.1	14604837	14605337	1.1221927477121354
500	NC_051826.1	33351175	33351675	0.9939876526594162
500	NC_051832.1	41107300	41107800	1.7520289063453673
500	NC_051819.1	53993689	53994189	1.1079184231758117
500	NC_051820.1	32775626	32776126	1.0678559119701385
500	NC_051811.1	58186442	58186942	0.911724835395813
500	NC_051836.1	12153088	12153588	0.9274003431797028
500	NC_051809.1	1861936	1862436	1.0496471503973006
500	NC_051833.1	11541107	11541607	1.0790516905784606
500	NC_051808.1	30285419	30285919	0.928333456158638
500	NC_051809.1	41028862	41029362	1.2139933186769485
500	NC_051835.1	20974661	20975161	0.9728561890125275
500	NC_051806.1	72631551	72632051	1.0028582360446454
500	NC_051818.1	1860632	1861132	0.880446892797947
500	NC_051843.1	117801008	117801508	0.9574450483322143
500	NC_051843.1	35453530	35454030	0.8894430041313172
500	NC_051838.1	18377063	18377563	1.1035211169719696
500	NC_051834.1	11442735	11443235	3.973435046672821
500	NC_051827.1	37645385	37645885	0.8733386439085007
500	NC_051817.1	32775456	32775956	1.2073962850570679
500	NC_051834.1	22444128	22444628	0.8683644024133682
500	NC_051830.1	32257595	32258095	1.271181641817093
500	NC_051843.1	59941233	59941733	0.9066809041500091
500	NC_051833.1	20121139	20121639	1.0591555305719376
500	NC_051836.1	3619368	3619868	0.8097465370297432
500	NC_051805.1	26093442	26093942	0.9336193923950196
500	NC_051816.1	69044743	69045243	1.0803222202062608
500	NC_051812.1	64478024	64478524	1.208914372444153
500	NC_051828.1	47249715	47250215	1.9700892293453216
500	NC_051814.1	517018	517518	1.0045102342367171
500	NC_051824.1	46029738	46030238	1.2664003355503082
500	NC_051838.1	5483976	5484476	0.9286554517745972
500	NC_051808.1	80467964	80468464	0.8609004549980164
500	NC_051810.1	71207427	71207927	1.0008642002344132
500	NC_051843.1	114698079	114698579	0.7774140733480454
500	NC_051806.1	22336997	22337497	1.01309654545784
500	NC_051806.1	5626069	5626569	0.9181606335639954
500	NC_051823.1	28620883	28621383	0.7514285047430741
500	NC_051816.1	59501476	59501976	0.899992497086525
500	NC_051817.1	11175500	11176000	1.0175815999507904
500	NC_051821.1	38581284	38581784	1.095325960636139
500	NC_051827.1	43691958	43692458	0.8697586824893951
500	NC_051828.1	23041305	23041805	1.365034009218216
500	NC_051843.1	40384167	40384667	1.2027326138019563
500	NC_051805.1	43196431	43196931	0.9930899184942246
500	NC_051807.1	36317732	36318232	0.6963810447454453
500	NC_051814.1	38945535	38946035	3.1672884249687194
500	NC_051842.1	344152	344652	1.256927639245987
500	NC_051820.1	38914654	38915154	0.8976681967973709
500	NC_051833.1	9785775	9786275	1.0495825171470643
500	NC_051834.1	10450755	10451255	0.9011457788944245
500	NC_051805.1	54807443	54807943	1.2169483721256256
500	NC_051842.1	14935184	14935684	0.8649531972408294
500	NC_051832.1	849311	849811	0.9118105844259262
500	NC_051816.1	62739377	62739877	0.9205601029396057
500	NC_051834.1	36624422	36624922	1.0733830575942993
500	NC_051824.1	32441760	32442260	0.9023865076899529
500	NC_051806.1	70441756	70442256	0.8143538553463785
500	NC_051821.1	13195801	13196301	1.1992386673688888
500	NC_051806.1	1539797	1540297	0.9946946368217469
500	NC_051835.1	29300816	29301316	1.1989803849458693
500	NC_051840.1	29249808	29250308	1.1914652659893037
500	NC_051842.1	2452777	2453277	1.2405330042839051
500	NC_051806.1	75455388	75455888	1.245619964838028
500	NC_051835.1	18733959	18734459	0.8971926305294037
500	NC_051806.1	22294410	22294910	1.000456798672676
500	NC_051805.1	2248136	2248636	0.9835909543037414
500	NC_051820.1	36141475	36141975	0.9616935014724731
500	NC_051807.1	75372777	75373277	0.9381270445585251
500	NC_051807.1	63384314	63384814	1.02043166077137
500	NC_051810.1	44498841	44499341	0.9839350339770317
500	NC_051829.1	17836669	17837169	1.163427050590515
500	NC_051831.1	43919025	43919525	1.2031054109334947
500	NC_051837.1	23036916	23037416	1.0851129574775695
500	NC_051835.1	20533227	20533727	0.833254537820816
500	NC_051809.1	89556103	89556603	
500	NC_051826.1	4244846	4245346	0.9639736572064851
500	NC_051805.1	60743762	60744262	0.7892791638374329
500	NC_051827.1	47553573	47554073	1.029337711930275
500	NC_051843.1	39885301	39885801	0.8858373656272888
500	NC_051819.1	40886175	40886675	0.823231428861618
500	NC_051811.1	60105810	60106310	1.1987960267066955
500	NC_051821.1	60938281	60938781	2.080544578075409
500	NC_051843.1	83797926	83798426	0.7720798171758652
500	NC_051830.1	24294302	24294802	1.1360866767168045
500	NC_051819.1	7702143	7702643	0.9173706011772156
500	NC_051823.1	24268455	24268955	0.8827520078420639
500	NC_051817.1	9389273	9389773	1.0325537041425705
500	NC_051812.1	66188136	66188636	0.9666171528100967
500	NC_051820.1	5193751	5194251	1.0077527370452881
500	NC_051823.1	9153669	9154169	1.03915704870224
500	NC_051809.1	38134336	38134836	1.5332261888980865
500	NC_051809.1	64814500	64815000	1.4924548149108887
500	NC_051838.1	9565795	9566295	1.1074184364080428
500	NC_051820.1	48156322	48156822	1.3647832369804382
500	NC_051810.1	25053856	25054356	1.0691193808317185
500	NC_051818.1	6457330	6457830	1.749434339404106
500	NC_051840.1	26157072	26157572	0.9159549658298493
500	NC_051813.1	31925607	31926107	1.0950773055553435
500	NC_051828.1	7533026	7533526	0.9143166416883468
500	NC_051823.1	29732092	29732592	1.0049173408746719
500	NC_051831.1	9296655	9297155	1.0384209603071213
500	NC_051820.1	15363201	15363701	0.8150108016729355
500	NC_051815.1	49358027	49358527	
500	NC_051817.1	39215588	39216088	1.0430473084449767
500	NC_051830.1	7335207	7335707	1.029312962770462
500	NC_051808.1	75455816	75456316	0.937245687007904
500	NC_051833.1	32727120	32727620	0.9751679748296738
500	NC_051830.1	20720461	20720961	1.0174706729650498
500	NC_051812.1	1461759	1462259	1.0424436576366425
500	NC_051818.1	55260391	55260891	1.1650424307584764
500	NC_051840.1	18500399	18500899	1.0821476148366929
500	NC_051815.1	28064643	28065143	0.8325206458568573
500	NC_051808.1	77883345	77883845	1.0133596080541611
500	NC_051815.1	48852304	48852804	0.8975058804750442
500	NC_051829.1	2715553	2716053	0.9113106563091278
500	NC_051808.1	55855089	55855589	1.031368773818016
500	NC_051831.1	11886739	11887239	1.026436005115509
500	NC_051821.1	61443352	61443852	1.0602086808681488
500	NC_051805.1	1723024	1723524	1.222100171327591
500	NC_051820.1	17841508	17842008	1.449633510708809
500	NC_051809.1	27315751	27316251	0.7626332902312278
500	NC_051824.1	14133778	14134278	1.0119687262773513
500	NC_051823.1	12624482	12624982	0.6245555487962869
500	NC_051815.1	41052259	41052759	1.281922666311264
500	NC_051808.1	16621751	16622251	0.8141354522705078
500	NC_051811.1	23218526	23219026	0.973631648182869
500	NC_051813.1	1849644	1850144	1.2840413953065872
500	NC_051839.1	21570699	21571199	0.834072228372097
500	NC_051815.1	62801799	62802299	1.0733962057828903
500	NC_051822.1	321919	322419	1.0080132060050964
500	NC_051834.1	22929538	22930038	1.2096087769269943
500	NC_051810.1	23197560	23198060	1.0510745471715928
500	NC_051812.1	34408582	34409082	1.019403070628643
500	NC_051813.1	2534012	2534512	1.2037579779624938
500	NC_051837.1	21378147	21378647	0.9379827079772949
500	NC_051807.1	84696053	84696553	1.075876712679863
500	NC_051818.1	41779521	41780021	1.0021342059373857
500	NC_051819.1	24863986	24864486	0.9402903826236725
500	NC_051821.1	48038205	48038705	0.9392524472737717
500	NC_051835.1	800594	801094	1.1431122988462448
500	NC_051843.1	76835168	76835668	0.9641710377931595
500	NC_051826.1	40580672	40581172	0.9108077630996704
500	NC_051820.1	14612891	14613391	2.0343863897323606
500	NC_051808.1	29752729	29753229	1.0201954704523086
500	NC_051823.1	2483675	2484175	0.9732890278100967
500	NC_051834.1	29505514	29506014	1.3487564535140992
500	NC_051816.1	30935660	30936160	1.1591794115304948
500	NC_051813.1	13073251	13073751	1.0324955699443816
500	NC_051809.1	86827844	86828344	1.0530845881700517
500	NC_051808.1	52841634	52842134	1.002885785460472
500	NC_051826.1	10280578	10281078	1.006022422194481
500	NC_051843.1	113798511	113799011	0.920854479432106
500	NC_051839.1	6344117	6344617	0.9001161259412765
500	NC_051812.1	1443245	1443745	0.9380264246463775
500	NC_051805.1	79894767	79895267	0.7850951899290085
500	NC_051819.1	7305651	7306151	0.8537002183198928
500	NC_051821.1	42855382	42855882	0.8850170713663101
500	NC_051811.1	52391781	52392281	1.0519746885299683
500	NC_051843.1	105276378	105276878	0.8567834545373917
500	NC_051818.1	53973607	53974107	1.0503174407482148
500	NC_051832.1	26620669	26621169	0.875763499379158
500	NC_051811.1	32321826	32322326	0.9184714328050614
500	NC_051812.1	65058557	65059057	0.84904421210289
500	NC_051831.1	8240789	8241289	1.4717994962930678
500	NC_051812.1	8436591	8437091	0.9814394942522049
500	NC_051821.1	65328040	65328540	0.9239971375465393
500	NC_051836.1	20484157	20484657	0.8299645464043868
500	NC_051843.1	94768323	94768823	0.961428533911705
500	NC_051812.1	8068690	8069190	0.8708364307880402
500	NC_051814.1	70104600	70105100	1.2899293780326844
500	NC_051819.1	31225528	31226028	0.8186232407093048
500	NC_051836.1	3534152	3534652	0.9941421533823014
500	NC_051805.1	95020318	95020818	
500	NC_051818.1	47097733	47098233	1.0754121408462525
500	NC_051818.1	37728812	37729312	0.9380898826122284
500	NC_051808.1	40845502	40846002	1.5468099275827407
500	NC_051816.1	29213071	29213571	0.8847636137008666
500	NC_051809.1	34474268	34474768	1.3276294050216675
500	NC_051813.1	46892397	46892897	1.1810706161260605
500	NC_051823.1	42999779	43000279	0.8733755214214325
500	NC_051837.1	16322130	16322630	1.0437606912851334
500	NC_051807.1	54903628	54904128	1.0130903074741364
500	NC_051812.1	8599436	8599936	0.949525757431984
500	NC_051817.1	55374934	55375434	0.38460515105724336
500	NC_051831.1	13807072	13807572	1.0931662142276763
500	NC_051811.1	59450460	59450960	0.9973735105991364
1000	NC_051816.1	6230629	6231629	1.1451068543791771
1000	NC_051831.1	42883322	42884322	1.084137762784958
1000	NC_051829.1	44178189	44179189	0.997660413980484
1000	NC_051822.1	2690542	2691542	1.1420541691184043
1000	NC_051827.1	38586327	38587327	0.9136829889416694
1000	NC_051810.1	77790258	77791258	1.0310203537344933
1000	NC_051831.1	25471388	25472388	0.9946544705033302
1000	NC_051813.1	37909465	37910465	0.944053360670805
1000	NC_051819.1	42638788	42639788	1.031930807173252
1000	NC_051820.1	7096400	7097400	1.296215645968914
1000	NC_051826.1	5592956	5593956	0.9041823000609874
1000	NC_051837.1	22224464	22225464	1.0797833685874938
1000	NC_051815.1	10683768	10684768	0.9592985162734985
1000	NC_051805.1	23108972	23109972	1.0143796152472495
1000	NC_051843.1	3765282	3766282	0.9350684123039246
1000	NC_051819.1	9414679	9415679	0.8842982879649687
1000	NC_051812.1	26756192	26757192	1.163171220779419
1000	NC_051843.1	26168768	26169768	0.8612451587319374
1000	NC_051829.1	13101906	13102906	0.9581126352548599
1000	NC_051812.1	16495748	16496748	0.8972518821954727
1000	NC_051827.1	3755816	3756816	0.9352653220295906
1000	NC_051805.1	58366974	58367974	1.0113565712571144
1000	NC_051811.1	54761613	54762613	1.0047348320484162
1000	NC_051830.1	35042788	35043788	0.6268493895523647
1000	NC_051829.1	39980825	39981825	1.337333333492279
1000	NC_051805.1	45326952	45327952	0.9746020694971085
1000	NC_051843.1	89422841	89423841	0.9007630219161511
1000	NC_051811.1	774994	775994	1.3185073130726814
1000	NC_051833.1	11531417	11532417	1.0256683205366135
1000	NC_051808.1	50157501	50158501	0.9292426318526268
1000	NC_051830.1	26868152	26869152	0.7416156629275849
1000	NC_051805.1	78133014	78134014	1.1123039295077324
1000	NC_051822.1	31499321	31500321	1.0642509586811066
1000	NC_051813.1	5348773	5349773	1.0205806999206544
1000	NC_051808.1	78000517	78001517	0.9564311566352844
1000	NC_051815.1	33013805	33014805	0.9214041525125504
1000	NC_051809.1	76017296	76018296	1.1185575518608093
1000	NC_051834.1	37059279	37060279	0.9862662798762322
1000	NC_051819.1	5155278	5156278	1.33259092181921
1000	NC_051806.1	58637903	58638903	0.9655775972604752
1000	NC_051832.1	28377866	28378866	0.9914384913444519
1000	NC_051836.1	29063493	29064493	1.0457247230410576
1000	NC_051826.1	60942253	60943253	1.3174815181195736
1000	NC_051831.1	3300973	3301973	1.0652200664281846
1000	NC_051840.1	15710969	15711969	0.906381903231144
1000	NC_051825.1	9610913	9611913	0.9134818447263617
1000	NC_051810.1	69153074	69154074	0.8678329681158066
1000	NC_051819.1	63311667	63312667	0.8413963854312897
1000	NC_051809.1	65371636	65372636	1.144743094265461
1000	NC_051810.1	10364978	10365978	0.8917122958898545
1000	NC_051817.1	62630216	62631216	0.8393429939746857
1000	NC_051809.1	82027916	82028916	1.0139759650230409
1000	NC_051816.1	24361367	24362367	0.8768480082750321
1000	NC_051824.1	19947156	19948156	1.1079081658124923
1000	NC_051843.1	117286198	117287198	0.9686990179419518
1000	NC_051826.1	22689824	22690824	0.8535542277693748
1000	NC_051813.1	43396092	43397092	1.017688593029976
1000	NC_051836.1	34905750	34906750	0.8328366853296757
1000	NC_051807.1	20226765	20227765	0.9247956675291061
1000	NC_051843.1	19428703	19429703	0.9636434124112129
1000	NC_051813.1	53577716	53578716	1.0066181728839874
1000	NC_051826.1	44798988	44799988	0.8537114593982696
1000	NC_051813.1	28955742	28956742	0.8216491205692291
1000	NC_051812.1	43817999	43818999	1.060568731546402
1000	NC_051821.1	8905791	8906791	1.0751479236483574
1000	NC_051817.1	41211923	41212923	
1000	NC_051810.1	40087385	40088385	1.441294782459736
1000	NC_051842.1	18152698	18153698	1.0389225151538848
1000	NC_051839.1	17204457	17205457	0.9099068836569786
1000	NC_051807.1	58905457	58906457	1.284114320397377
1000	NC_051836.1	24305346	24306346	0.8659580738544465
1000	NC_051814.1	33551739	33552739	0.9824150786995888
1000	NC_051811.1	15814100	15815100	1.0372864112257958
1000	NC_051812.1	11411957	11412957	1.0401438072919846
1000	NC_051813.1	27726914	27727914	1.0247397295832634
1000	NC_051812.1	52972209	52973209	0.9566846715211869
1000	NC_051806.1	55893207	55894207	0.9782238525748252
1000	NC_051814.1	4646974	4647974	0.888305026292801
1000	NC_051809.1	61782743	61783743	1.101078713953495
1000	NC_051810.1	42824931	42825931	1.0636388041973115
1000	NC_051805.1	24744791	24745791	0.8880683301687241
1000	NC_051818.1	26492271	26493271	1.0519831976890563
1000	NC_051812.1	2932019	2933019	0.9761303600668907
1000	NC_051843.1	87885793	87886793	0.9042307337522507
1000	NC_051810.1	71880278	71881278	1.1102762887477875
1000	NC_051813.1	52624854	52625854	1.1022719848155975
1000	NC_051835.1	18324647	18325647	1.0773886731863023
1000	NC_051833.1	19016199	19017199	0.8745850622653961
1000	NC_051807.1	11723946	11724946	0.9016089752912522
1000	NC_051816.1	58174481	58175481	1.1059732514023781
1000	NC_051838.1	36772730	36773730	1.0499373060464858
1000	NC_051807.1	92269188	92270188	1.1348500400781631
1000	NC_051808.1	51116286	51117286	1.047694899380207
1000	NC_051827.1	43782461	43783461	1.0207482855319976
1000	NC_051818.1	55940977	55941977	0.9437703703641891
1000	NC_051806.1	37736936	37737936	0.9668437710404396
1000	NC_051816.1	42573037	42574037	0.8511168342530727
1000	NC_051833.1	39462318	39463318	0.9849825842380524
1000	NC_051837.1	10771250	10772250	0.9139451452663967
1000	NC_051812.1	51563477	51564477	0.9253677871227265
1000	NC_051813.1	9766297	9767297	0.777519782812431
1000	NC_051805.1	105650355	105651355	1.0092732074856758
1000	NC_051826.1	17467056	17468056	0.9645827699899674
1000	NC_051808.1	3411239	3412239	1.106300100326538
1000	NC_051808.1	9912224	9913224	0.8400942863225936
1000	NC_051806.1	67994211	67995211	0.976397235751152
1000	NC_051842.1	21079630	21080630	1.0461220422387123
1000	NC_051805.1	93726685	93727685	1.0416174447536468
1000	NC_051829.1	40217204	40218204	0.8784838579297066
1000	NC_051814.1	70142548	70143548	1.0811411328911782
1000	NC_051812.1	21112499	21113499	0.9449019886255264
1000	NC_051836.1	17680502	17681502	0.8433648662567139
1000	NC_051829.1	270749	271749	1.087428144454956
1000	NC_051811.1	38219664	38220664	1.2102576460838317
1000	NC_051829.1	41268405	41269405	0.9944192343950271
1000	NC_051816.1	62804558	62805558	0.8801617866158485
1000	NC_051826.1	26056479	26057479	0.8953472654223442
1000	NC_051819.1	26093664	26094664	0.6507473913431168
1000	NC_051820.1	55115001	55116001	0.8501560730934143
1000	NC_051843.1	98570408	98571408	1.0054567439556121
1000	NC_051817.1	48891902	48892902	0.9119012595415116
1000	NC_051815.1	25858594	25859594	1.0881858111619949
1000	NC_051808.1	75000362	75001362	0.9823265261650086
1000	NC_051806.1	25592203	25593203	1.8111849866509437
1000	NC_051817.1	28100365	28101365	1.075964294373989
1000	NC_051814.1	11775257	11776257	0.9902558643817901
1000	NC_051832.1	10294829	10295829	1.1786109910607339
1000	NC_051824.1	25658248	25659248	0.9653640870451927
1000	NC_051822.1	51261369	51262369	1.3918036035299302
1000	NC_051809.1	76151479	76152479	0.69064966005248
1000	NC_051823.1	19053242	19054242	0.9374410405755043
1000	NC_051820.1	21469944	21470944	1.2480390030145645
1000	NC_051817.1	9517061	9518061	0.8948653119504452
1000	NC_051821.1	48852835	48853835	0.9457440245151519
1000	NC_051824.1	15744683	15745683	0.920706743657589
1000	NC_051806.1	66145739	66146739	1.3051316386461258
1000	NC_051833.1	14153939	14154939	0.8498263158798218
1000	NC_051811.1	4823297	4824297	
1000	NC_051816.1	44478256	44479256	0.941409940123558
1000	NC_051813.1	24976859	24977859	1.4078315194249154
1000	NC_051814.1	64459026	64460026	0.8856036792993546
1000	NC_051810.1	69245747	69246747	0.8751963195204735
1000	NC_051830.1	36984332	36985332	0.8184468821585178
1000	NC_051827.1	9936352	9937352	1.1159746723175048
1000	NC_051808.1	4408940	4409940	1.0482396098971367
1000	NC_051825.1	30699975	30700975	1.210954262316227
1000	NC_051810.1	16391716	16392716	1.3576267594099045
1000	NC_051831.1	16887030	16888030	1.0741657292842866
1000	NC_051806.1	24642959	24643959	0.903355244487524
1000	NC_051805.1	64815316	64816316	0.9706794732809066
1000	NC_051824.1	26101172	26102172	1.0284444093704224
1000	NC_051837.1	29060877	29061877	0.9216686154007911
1000	NC_051809.1	9925016	9926016	0.9915563420653343
1000	NC_051821.1	1925127	1926127	1.0722076681852342
1000	NC_051819.1	23739719	23740719	0.9389060080647469
1000	NC_051841.1	6563143	6564143	0.9748213381171227
1000	NC_051816.1	40047517	40048517	0.8042407841980457
1000	NC_051843.1	51493350	51494350	1.1289815932512284
1000	NC_051841.1	2017212	2018212	0.9507140305042266
1000	NC_051819.1	56240409	56241409	0.9183766929507255
1000	NC_051841.1	15581893	15582893	0.9731776030063629
1000	NC_051820.1	10016305	10017305	0.8539079171419144
1000	NC_051812.1	32994309	32995309	1.0900384830236436
1000	NC_051826.1	5280297	5281297	0.9030610918998718
1000	NC_051810.1	44584513	44585513	0.869875834709373
1000	NC_051828.1	2162991	2163991	1.0244796218276024
1000	NC_051816.1	47337997	47338997	0.9578288096785545
1000	NC_051805.1	2070542	2071542	1.1552084251642227
1000	NC_051805.1	55069234	55070234	1.1454932226538659
1000	NC_051806.1	42139500	42140500	1.0808927983045578
1000	NC_051806.1	37112894	37113894	1.0880221785306932
1000	NC_051812.1	58029011	58030011	0.9713433628663038
1000	NC_051813.1	40641313	40642313	1.0583003765940666
1000	NC_051843.1	117300488	117301488	0.9445280240178108
1000	NC_051823.1	50638737	50639737	0.998642276763916
1000	NC_051843.1	120726031	120727031	1.1362692395448684
1000	NC_051813.1	53818195	53819195	1.0014357024431229
1000	NC_051830.1	14247478	14248478	1.2940235722064972
1000	NC_051827.1	7290660	7291660	1.3757183396816253
1000	NC_051819.1	53161486	53162486	0.9222428619861602
1000	NC_051812.1	1266312	1267312	1.1940674825906754
1000	NC_051843.1	63805758	63806758	0.8298057155609131
1000	NC_051809.1	28289785	28290785	1.1194703632593155
1000	NC_051809.1	39999836	40000836	1.2108247728347779
1000	NC_051835.1	18937518	18938518	0.9701241275072098
1000	NC_051830.1	23049028	23050028	0.9238695217072964
1000	NC_051810.1	34191173	34192173	1.0206659123301507
1000	NC_051805.1	39011495	39012495	0.9079401975870133
1000	NC_051833.1	19453074	19454074	1.171777998149395
1000	NC_051829.1	4131095	4132095	0.9127440130710602
1000	NC_051823.1	22581011	22582011	0.9802386215925216
1000	NC_051817.1	25996111	25997111	1.1398491042852401
1000	NC_051820.1	35910703	35911703	0.9450981802940369
1000	NC_051827.1	46075468	46076468	9.196766276240348
1000	NC_051842.1	12236315	12237315	0.9478484943509102
1000	NC_051817.1	1843234	1844234	1.1561816704273224
1000	NC_051810.1	1245724	1246724	0.9463321948051453
1000	NC_051819.1	65196946	65197946	0.7673954087145188
1000	NC_051821.1	35391535	35392535	1.3178195396065713
1000	NC_051828.1	21949087	21950087	1.0570773797631263
1000	NC_051826.1	17057292	17058292	0.9752066065073013
1000	NC_051828.1	47896183	47897183	1.4372002882361412
1000	NC_051816.1	30227611	30228611	0.9285530526041984
1000	NC_051809.1	87214619	87215619	1.0420548124611377
1000	NC_051832.1	17330013	17331013	0.950727549880743
1000	NC_051840.1	5742296	5743296	0.8917308985590935
1000	NC_051812.1	44675046	44676046	0.958030942770151
1000	NC_051827.1	39436414	39437414	0.9521018054535946
1000	NC_051814.1	47587361	47588361	1.2101408223509789
1000	NC_051806.1	71237525	71238525	1.2902605369687081
1000	NC_051805.1	100933836	100934836	0.9822778393030167
1000	NC_051808.1	10945218	10946218	1.0259051451683043
1000	NC_051838.1	18545459	18546459	1.196494435071945
1000	NC_051812.1	31983921	31984921	0.9605352759957314
1000	NC_051817.1	17460185	17461185	0.9935145911574363
1000	NC_051812.1	29715538	29716538	0.9169243486523628
1000	NC_051808.1	10551646	10552646	0.7245697764307261
1000	NC_051808.1	58380848	58381848	1.1479927312731744
1000	NC_051831.1	1607681	1608681	0.9724024786353112
1000	NC_051829.1	10475675	10476675	1.5774300813674926
1000	NC_051833.1	13432184	13433184	0.9849360926747323
1000	NC_051806.1	10801449	10802449	0.9324482603669166
1000	NC_051843.1	66020574	66021574	0.6590936695635319
1000	NC_051825.1	24143129	24144129	0.9280470587015152
1000	NC_051805.1	68036063	68037063	1.0756239019036293
1000	NC_051820.1	17285665	17286665	1.3568165957927705
1000	NC_051838.1	12014676	12015676	0.9079163385629654
1000	NC_051831.1	12553476	12554476	0.958360914170742
1000	NC_051826.1	56546547	56547547	0.9046653767824173
1000	NC_051812.1	8675223	8676223	0.9895102584958076
1000	NC_051811.1	16615922	16616922	0.8257917524606754
1000	NC_051825.1	23073263	23074263	1.1533877122998237
1000	NC_051817.1	33928582	33929582	1.1890943197607995
1000	NC_051827.1	13029379	13030379	0.8700997722446918
1000	NC_051823.1	39147477	39148477	1.011157397389412
1000	NC_051821.1	33999766	34000766	0.9831977391242981
1000	NC_051810.1	44978407	44979407	0.90486642485857
1000	NC_051815.1	51399999	51400999	1.1241108956336976
1000	NC_051815.1	45190676	45191676	1.0035694911777973
1000	NC_051823.1	8274947	8275947	0.8465057095885277
1000	NC_051823.1	19645817	19646817	0.9430339856743812
1000	NC_051836.1	13279461	13280461	0.8923575519919396
1000	NC_051835.1	32800022	32801022	1.0863658428788185
1000	NC_051827.1	5810623	5811623	0.7610589016675949
1000	NC_051816.1	47084343	47085343	0.9062005451619625
1000	NC_051810.1	78244859	78245859	2.324615618765354
1000	NC_051812.1	35567095	35568095	1.011534676849842
1000	NC_051811.1	35827610	35828610	0.9019107374548913
1000	NC_051827.1	10686148	10687148	1.228119697868824
1000	NC_051810.1	37639320	37640320	1.2131378358602525
1000	NC_051820.1	38621797	38622797	1.079420624166727
1000	NC_051832.1	37205733	37206733	0.9259784126877785
1000	NC_051819.1	41243476	41244476	0.971988921225071
1000	NC_051809.1	25840976	25841976	0.9438489920496941
1000	NC_051837.1	4502850	4503850	0.8392820805311203
1000	NC_051822.1	40396005	40397005	0.780385330915451
1000	NC_051838.1	21662093	21663093	1.0689770492315291
1000	NC_051827.1	6483892	6484892	0.9869017042517662
1000	NC_051810.1	62538098	62539098	0.9297400897741318
1000	NC_051818.1	7360295	7361295	1.107415912747383
1000	NC_051815.1	68738106	68739106	0.9493445724248886
1000	NC_051813.1	58353981	58354981	0.9379808558225632
1000	NC_051833.1	15697567	15698567	0.9578137044906616
1000	NC_051826.1	46506634	46507634	1.0552941927909851
1000	NC_051840.1	3166368	3167368	0.803593114771341
1000	NC_051815.1	30814765	30815765	1.0328752973675728
1000	NC_051808.1	64832915	64833915	1.0360242618096842
1000	NC_051838.1	11654497	11655497	1.554451617717743
1000	NC_051818.1	11601223	11602223	1.0877623977661133
1000	NC_051810.1	26716760	26717760	1.0483377911150455
1000	NC_051819.1	20920991	20921991	0.8427071803808213
1000	NC_051812.1	53935895	53936895	1.1208170512318612
1000	NC_051830.1	35147473	35148473	1.066482895553112
1000	NC_051832.1	26363680	26364680	0.8239695762097835
1000	NC_051811.1	39221367	39222367	1.0934097301363945
1000	NC_051808.1	56165711	56166711	1.0488747018575668
1000	NC_051815.1	66270805	66271805	1.199026272892952
1000	NC_051825.1	37767930	37768930	1.006538456082344
1000	NC_051809.1	35709365	35710365	1.0639770686626435
1000	NC_051806.1	73977818	73978818	6.242184849500656
1000	NC_051823.1	34767274	34768274	0.9195220294594765
1000	NC_051821.1	64411268	64412268	1.0649630534648895
1000	NC_051833.1	2045540	2046540	1.1080331355333328
1000	NC_051832.1	24914997	24915997	1.0976823219060898
1000	NC_051826.1	40821175	40822175	0.9239843472838402
1000	NC_051810.1	54092951	54093951	1.0121945571303368
1000	NC_051829.1	32118011	32119011	0.9573431698083877
1000	NC_051843.1	30230880	30231880	0.9655434292554855
1000	NC_051810.1	73436552	73437552	0.9112802603840828
1000	NC_051836.1	9236056	9237056	0.8062456517219544
1000	NC_051811.1	6491345	6492345	1.2513063856959343
1000	NC_051828.1	17625769	17626769	1.0319492871165274
1000	NC_051808.1	62433948	62434948	1.00776822835207
1000	NC_051819.1	10371414	10372414	1.0783308511972427
1000	NC_051811.1	17116970	17117970	0.9759834039211274
1000	NC_051805.1	29059675	29060675	0.4947364092678637
1000	NC_051815.1	1503531	1504531	0.9283378546237946
1000	NC_051805.1	39244411	39245411	1.1314985842108727
1000	NC_051824.1	33766743	33767743	1.1970008778572083
1000	NC_051806.1	54009412	54010412	1.2288103617429733
1000	NC_051813.1	42664038	42665038	0.924308621764183
1000	NC_051823.1	48234936	48235936	0.9229296586513519
1000	NC_051816.1	4396817	4397817	1.0989309262633324
1000	NC_051810.1	36402214	36403214	1.0301065611839295
1000	NC_051833.1	12699541	12700541	1.0695528713464737
1000	NC_051840.1	28392812	28393812	0.9533525288701058
1000	NC_051810.1	50886614	50887614	1.013756581246853
1000	NC_051808.1	27657955	27658955	1.0993433302640916
1000	NC_051813.1	12380347	12381347	1.053828751385212
1000	NC_051825.1	17352377	17353377	0.8548872725367546
1000	NC_051809.1	18133419	18134419	1.1053310220241546
1000	NC_051807.1	85383691	85384691	1.6826377127170562
1000	NC_051805.1	42253607	42254607	1.159403088092804
1000	NC_051828.1	41753808	41754808	1.0097578664422036
1000	NC_051814.1	46548437	46549437	4.449925042629242
1000	NC_051810.1	46608080	46609080	0.9169144555926323
1000	NC_051809.1	85944635	85945635	0.9786055687069893
1000	NC_051814.1	33150053	33151053	5.795689376354217
1000	NC_051824.1	19947824	19948824	1.0494203501343726
1000	NC_051826.1	13548368	13549368	0.8805798332691193
1000	NC_051831.1	29546630	29547630	0.8914644134044647
1000	NC_051805.1	20548392	20549392	0.9929445247352123
1000	NC_051817.1	41867513	41868513	0.974036498427391
1000	NC_051825.1	40357396	40358396	0.8768787471652031
1000	NC_051828.1	39741547	39742547	1.1147387741804122
1000	NC_051810.1	31529097	31530097	1.2194589638710023
1000	NC_051821.1	5051207	5052207	1.0051044731736183
1000	NC_051829.1	10614754	10615754	1.109421225786209
1000	NC_051809.1	5752516	5753516	1.1743091737031937
1000	NC_051820.1	18064210	18065210	0.935456319231736
1000	NC_051819.1	31959908	31960908	0.9600226671099663
1000	NC_051817.1	38476157	38477157	1.2759273146986962
1000	NC_051840.1	11565412	11566412	0.9374468634724618
1000	NC_051838.1	35498027	35499027	1.120345807671547
1000	NC_051825.1	16855903	16856903	1.0109108077287674
1000	NC_051824.1	37399084	37400084	1.1678744531273841
1000	NC_051817.1	27486551	27487551	1.1110967215895653
1000	NC_051823.1	17800943	17801943	2.996843160569668
1000	NC_051805.1	13576902	13577902	1.0446794108152389
1000	NC_051836.1	290970	291970	0.9926416575908661
1000	NC_051805.1	96360965	96361965	0.9793795689940452
1000	NC_051824.1	30908052	30909052	0.962482905805111
1000	NC_051809.1	32915858	32916858	1.359160025894642
1000	NC_051809.1	80232766	80233766	1.125565789937973
1000	NC_051838.1	40218100	40219100	0.962792056798935
1000	NC_051811.1	61831551	61832551	1.0679365193247796
1000	NC_051808.1	15605205	15606205	0.9726641967892646
1000	NC_051816.1	23241932	23242932	0.9270031806230545
1000	NC_051811.1	12239858	12240858	0.9106404857635498
1000	NC_051810.1	78180421	78181421	1.1339149624109268
1000	NC_051834.1	39071347	39072347	1.1622903289198876
1000	NC_051843.1	20218872	20219872	0.9050249400734901
1000	NC_051810.1	69895195	69896195	0.9927057182788849
1000	NC_051822.1	23986660	23987660	0.915781212747097
1000	NC_051807.1	50080038	50081038	0.951095545232296
1000	NC_051812.1	61473490	61474490	1.230545324087143
1000	NC_051821.1	46048769	46049769	0.8642384696006775
1000	NC_051823.1	30375095	30376095	1.237261755466461
1000	NC_051806.1	48143722	48144722	1.102303357899189
1000	NC_051808.1	15008193	15009193	1.0456246072649955
1000	NC_051812.1	32661430	32662430	1.0490033650398254
1000	NC_051841.1	4482399	4483399	0.928706686347723
1000	NC_051820.1	60866604	60867604	1.4045973564386367
1000	NC_051814.1	43874747	43875747	0.9084910642504692
1000	NC_051812.1	18151075	18152075	1.0034636549460583
1000	NC_051812.1	37868874	37869874	0.926548289835453
1000	NC_051814.1	16094100	16095100	0.7837912783026695
1000	NC_051820.1	28079706	28080706	0.939277828335762
1000	NC_051843.1	77970734	77971734	
1000	NC_051819.1	14560543	14561543	1.0210466625094414
1000	NC_051808.1	9420112	9421112	0.817637787103653
1000	NC_051828.1	17093261	17094261	1.0878377240300179
1000	NC_051809.1	37107459	37108459	1.0517683073282242
1000	NC_051816.1	42727167	42728167	0.9624215694963932
1000	NC_051805.1	105706613	105707613	0.9220389046669006
1000	NC_051816.1	68577573	68578573	0.9442222620844841
1000	NC_051832.1	41306420	41307420	0.9414796450734139
1000	NC_051842.1	10033591	10034591	0.6304727664365303
1000	NC_051812.1	61523953	61524953	0.9832665835022927
1000	NC_051830.1	16766802	16767802	1.3724272350668907
1000	NC_051814.1	31727746	31728746	1.1918470483422279
1000	NC_051843.1	46298350	46299350	1.021228340268135
1000	NC_051821.1	977449	978449	1.216907862305641
1000	NC_051825.1	35944101	35945101	1.1803691632151603
1000	NC_051834.1	39372618	39373618	0.928607509970665
1000	NC_051822.1	49022686	49023686	1.3574706351757049
1000	NC_051812.1	50815033	50816033	0.8583028129935265
1000	NC_051824.1	1342831	1343831	1.0324604248404503
1000	NC_051834.1	8841682	8842682	1.0160448977351189
1000	NC_051808.1	40101045	40102045	1.2416707026958465
1000	NC_051812.1	43312463	43313463	0.9905700867176056
1000	NC_051835.1	20153708	20154708	0.9714235725402832
1000	NC_051809.1	37873747	37874747	0.9389461726546288
1000	NC_051830.1	24898187	24899187	1.8969410462379455
1000	NC_051842.1	2004455	2005455	1.0932740986347198
1000	NC_051841.1	3609809	3610809	0.8349218801856041
1000	NC_051823.1	44927237	44928237	0.9878533130288124
1000	NC_051806.1	66079565	66080565	1.256220291852951
1000	NC_051820.1	43175261	43176261	1.2090240468382836
1000	NC_051813.1	38603845	38604845	1.212290692925453
1000	NC_051817.1	16627498	16628498	0.9749530537128448
1000	NC_051821.1	36290203	36291203	0.9784617663621903
1000	NC_051805.1	79493552	79494552	0.9708374919891357
1000	NC_051810.1	34396997	34397997	1.0803747733235358
1000	NC_051840.1	15772006	15773006	0.9230358791947365
1000	NC_051812.1	73496946	73497946	
1000	NC_051809.1	59062375	59063375	1.20954030752182
1000	NC_051819.1	14311583	14312583	3.1150232187509537
1000	NC_051837.1	30786910	30787910	0.9987827816605568
1000	NC_051806.1	43096527	43097527	0.9538031922578811
1000	NC_051805.1	105635921	105636921	0.9467643274664879
1000	NC_051835.1	8986020	8987020	0.984822162091732
1000	NC_051824.1	2265817	2266817	1.1135426605939864
1000	NC_051813.1	34904115	34905115	0.9441701552271843
1000	NC_051841.1	8012345	8013345	0.9505388513207436
1000	NC_051835.1	13087480	13088480	1.0292482802271843
1000	NC_051838.1	32755205	32756205	0.9009377632290125
1000	NC_051838.1	20427125	20428125	0.9335454508662224
1000	NC_051812.1	3793094	3794094	1.259380251646042
1000	NC_051806.1	56748277	56749277	1.1333521852493287
1000	NC_051818.1	39729014	39730014	0.9456689817309379
1000	NC_051806.1	18731135	18732135	1.1477972480654717
1000	NC_051805.1	51798328	51799328	1.104211593747139
1000	NC_051823.1	17947179	17948179	0.9264281617403031
1000	NC_051818.1	4767221	4768221	1.366974321603775
1000	NC_051843.1	38345408	38346408	1.014974251627922
1000	NC_051842.1	12081910	12082910	0.9784953039884567
1000	NC_051816.1	9235052	9236052	1.009794293999672
1000	NC_051825.1	16060907	16061907	1.2028976207971573
1000	NC_051815.1	55408150	55409150	1.1724152714014053
1000	NC_051830.1	10141539	10142539	0.9251450902819633
1000	NC_051814.1	8735195	8736195	0.8659846132993698
1000	NC_051828.1	40942788	40943788	0.9625852779746056
1000	NC_051835.1	24725691	24726691	0.9534508085846901
1000	NC_051805.1	91652814	91653814	0.9432407540082931
1000	NC_051805.1	21504755	21505755	0.8958028882741929
1000	NC_051809.1	54049538	54050538	1.0942289091348647
1000	NC_051820.1	265620	266620	0.9481615469643944
1000	NC_051820.1	27656605	27657605	0.9047610077261925
1000	NC_051815.1	49697374	49698374	0.8518615763783455
1000	NC_051805.1	30148518	30149518	0.9840446793437004
1000	NC_051806.1	58080530	58081530	0.8338239014148712
1000	NC_051837.1	10430486	10431486	0.8479521748423576
1000	NC_051821.1	29552506	29553506	1.0167732034623622
1000	NC_051822.1	50905084	50906084	1.437821682214737
1000	NC_051824.1	12248706	12249706	0.9595784318447113
1000	NC_051807.1	63300680	63301680	1.2015266674757004
1000	NC_051826.1	7389384	7390384	0.9966433954834938
1000	NC_051843.1	111865479	111866479	4.196413172960281
1000	NC_051817.1	17187007	17188007	0.8366677943468094
1000	NC_051830.1	14012167	14013167	1.0205725730210542
1000	NC_051821.1	65008106	65009106	1.0871224276423455
1000	NC_051809.1	23047396	23048396	1.060530310213566
1000	NC_051809.1	26658392	26659392	0.8960260833501816
1000	NC_051809.1	41129591	41130591	1.585776522576809
1000	NC_051805.1	121281018	121282018	1.0765227367281913
1000	NC_051841.1	1611179	1612179	1.1380370174050332
1000	NC_051806.1	64115821	64116821	1.071696413397789
1000	NC_051818.1	4467100	4468100	1.116045531630516
1000	NC_051811.1	11437471	11438471	1.0867386070489884
1000	NC_051840.1	29905300	29906300	0.8819787859916687
1000	NC_051816.1	42423711	42424711	0.9494018992185592
1000	NC_051815.1	33897335	33898335	0.8280099628865719
1000	NC_051805.1	41426110	41427110	0.9112765514850616
1000	NC_051807.1	27196462	27197462	1.0435432797074318
1000	NC_051807.1	32031020	32032020	1.1655459275841713
1000	NC_051807.1	52086786	52087786	0.9395830459594726
1000	NC_051807.1	39801241	39802241	0.9038062152266503
1000	NC_051817.1	30770309	30771309	1.0017253484725952
1000	NC_051808.1	4731538	4732538	0.9186679081916809
1000	NC_051809.1	398509	399509	1.0374557012319565
1000	NC_051810.1	76309459	76310459	0.851765291750431
1000	NC_051840.1	24859066	24860066	0.8916974651813507
1000	NC_051816.1	24080054	24081054	1.037540656030178
1000	NC_051828.1	19780694	19781694	
1000	NC_051824.1	42848021	42849021	0.9298904283046723
1000	NC_051807.1	17100958	17101958	0.8608367744684219
1000	NC_051817.1	40808918	40809918	0.9645037449598313
1000	NC_051808.1	50273489	50274489	
1000	NC_051812.1	8245732	8246732	0.8840834402441978
1000	NC_051811.1	24793147	24794147	0.9520809003412724
1000	NC_051818.1	52607007	52608007	1.0103114336729049
1000	NC_051820.1	40503143	40504143	0.9940625177025795
1000	NC_051809.1	49263690	49264690	0.9307205779850483
1000	NC_051834.1	4160168	4161168	0.9715374947190285
1000	NC_051819.1	42713866	42714866	1.0053883929252625
1000	NC_051811.1	5035663	5036663	0.91551150482893
1000	NC_051833.1	18697947	18698947	0.9804287189841271
1000	NC_051837.1	23790698	23791698	0.8530423022508621
1000	NC_051823.1	19462359	19463359	0.9330532844662667
1000	NC_051817.1	27081321	27082321	0.9653471729159355
1000	NC_051809.1	88682517	88683517	0.9816407769322395
1000	NC_051823.1	35965911	35966911	0.8749685822725296
1000	NC_051808.1	77858422	77859422	0.9425434929132461
1000	NC_051815.1	66903285	66904285	0.9496835786104202
1000	NC_051805.1	90208142	90209142	0.997428219795227
1000	NC_051837.1	10376803	10377803	0.904111264526844
1000	NC_051840.1	4357937	4358937	0.852410627067089
1000	NC_051843.1	62314250	62315250	0.9936436259228251
1000	NC_051837.1	18855971	18856971	1.0832617132663727
1000	NC_051836.1	32202757	32203757	0.9199641251564026
1000	NC_051815.1	74393754	74394754	1.073050242781639
1000	NC_051822.1	43029774	43030774	1.5598858520984649
1000	NC_051828.1	36265394	36266394	1.3192704129219055
1000	NC_051829.1	9234210	9235210	0.9709967395663262
1000	NC_051843.1	41544454	41545454	0.8696026669740677
1000	NC_051843.1	38459010	38460010	0.9934589463472366
1000	NC_051815.1	71619044	71620044	1.3481350275278092
1000	NC_051807.1	18548168	18549168	1.0326381539702416
1000	NC_051832.1	25429322	25430322	0.9290462235808372
1000	NC_051813.1	34399892	34400892	0.986663260281086
1000	NC_051824.1	43574889	43575889	1.064628192961216
1000	NC_051817.1	21266523	21267523	0.913112687766552
1000	NC_051836.1	15361447	15362447	0.8596796813607216
1000	NC_051831.1	30901231	30902231	0.8792254868745804
1000	NC_051823.1	15581835	15582835	1.0447478285431862
1000	NC_051811.1	80341364	80342364	1.3350186167955398
1000	NC_051811.1	67554251	67555251	1.5583698555231094
1000	NC_051821.1	6059884	6060884	1.2519607011675835
1000	NC_051824.1	44357197	44358197	1.2103788015842438
1000	NC_051814.1	51078656	51079656	0.9496156318187714
1000	NC_051805.1	44337588	44338588	0.9764804276823997
1000	NC_051844.1	2488849	2489849	1.1810952935814858
1000	NC_051812.1	72407683	72408683	0.9050739151835442
1000	NC_051812.1	13842819	13843819	0.9864439330101014
1000	NC_051817.1	63705665	63706665	1.0150100502448205
1000	NC_051814.1	17654233	17655233	1.8669040371179582
1000	NC_051825.1	36171872	36172872	1.2098343225121497
1000	NC_051816.1	25358278	25359278	0.7780425668656826
1000	NC_051805.1	9698901	9699901	1.0096784068346023
1000	NC_051816.1	67465372	67466372	1.0935266754627229
1000	NC_051813.1	30676554	30677554	0.9797059660553932
1000	NC_051825.1	4509261	4510261	0.8293463094830513
1000	NC_051836.1	13689366	13690366	0.9228385002017021
1000	NC_051808.1	3662909	3663909	0.8805868278741836
1000	NC_051808.1	82055370	82056370	1.0456907892227172
1000	NC_051841.1	18629209	18630209	0.9056466146707535
1000	NC_051817.1	9381771	9382771	0.8513036613464355
1000	NC_051831.1	15900292	15901292	0.850560887336731
1000	NC_051829.1	14690535	14691535	1.026213241815567
1000	NC_051808.1	21962941	21963941	1.048131509065628
1000	NC_051814.1	19703736	19704736	1.1096083422899246
1000	NC_051827.1	41325640	41326640	0.8202122300863266
1000	NC_051826.1	16726964	16727964	1.0205359674096108
1000	NC_051812.1	62422399	62423399	1.3033434798717498
1000	NC_051814.1	49042205	49043205	1.0521051743626595
1000	NC_051837.1	1339962	1340962	0.8689606900811195
1000	NC_051823.1	46920969	46921969	0.8865371615886688
1000	NC_051806.1	25694209	25695209	0.9441327767968177
1000	NC_051829.1	39026585	39027585	1.052617222070694
1000	NC_051826.1	46501077	46502077	0.9710215638279915
1000	NC_051810.1	37292793	37293793	2.234727019906044
1000	NC_051830.1	37143558	37144558	1.0619566967487335
1000	NC_051826.1	38909769	38910769	0.9612417100667954
1000	NC_051839.1	17537255	17538255	0.9736968567967415
1000	NC_051841.1	19420662	19421662	0.8893511494398118
1000	NC_051816.1	43777143	43778143	0.9648437328934669
1000	NC_051815.1	21701567	21702567	0.9583736548423767
1000	NC_051825.1	42706538	42707538	1.2140636560320854
1000	NC_051806.1	73101271	73102271	1.0733534260988236
1000	NC_051839.1	3830671	3831671	0.9890973213911056
1000	NC_051838.1	18055836	18056836	1.115472117960453
1000	NC_051817.1	60951807	60952807	1.073475261271
1000	NC_051832.1	1830098	1831098	1.0405783431529998
1000	NC_051813.1	51351023	51352023	1.333197918713093
1000	NC_051808.1	43623670	43624670	0.8582167549431324
1000	NC_051805.1	122946251	122947251	1.2804505982398986
1000	NC_051823.1	3770399	3771399	1.0287606527805329
1000	NC_051827.1	34644560	34645560	0.9390293517708779
1000	NC_051811.1	59640947	59641947	0.9199480965733529
1000	NC_051810.1	56475970	56476970	1.044803613424301
1000	NC_051834.1	8155381	8156381	8.877571090102196
1000	NC_051827.1	11674957	11675957	1.1500562735199928
1000	NC_051832.1	39905370	39906370	1.2814188278383678
1000	NC_051811.1	15311871	15312871	1.1019723125696181
1000	NC_051831.1	30604680	30605680	0.8764951321482658
1000	NC_051809.1	7703134	7704134	1.0925110083818437
1000	NC_051818.1	17640679	17641679	0.9271009299755096
1000	NC_051822.1	52910987	52911987	1.3791271443963051
1000	NC_051815.1	62380457	62381457	0.9459112457036972
1000	NC_051818.1	59721738	59722738	0.9254724820256233
1000	NC_051817.1	39512519	39513519	0.9606872770190239
1000	NC_051813.1	25522480	25523480	1.098895933330059
1000	NC_051813.1	23187643	23188643	1.4081757802963257
1000	NC_051805.1	84819210	84820210	0.7925159850716591
1000	NC_051827.1	13784955	13785955	0.7965215396881103
1000	NC_051815.1	15199057	15200057	0.9499490396976471
1000	NC_051808.1	10779823	10780823	0.9375409433841705
1000	NC_051829.1	28709890	28710890	0.9160501700639725
1000	NC_051814.1	11234927	11235927	1.0856610545516014
1000	NC_051810.1	12790154	12791154	1.1307358204126359
1000	NC_051834.1	36285020	36286020	0.859392444946264
1000	NC_051831.1	12378165	12379165	0.8396198815107345
1000	NC_051814.1	41763381	41764381	2.261739592671394
1000	NC_051829.1	9802769	9803769	0.9580889095067978
1000	NC_051818.1	20392206	20393206	1.0809014736413955
1000	NC_051843.1	3974357	3975357	1.2017676355838776
1000	NC_051808.1	3940312	3941312	1.038507282435894
1000	NC_051815.1	26696485	26697485	0.9522602352499961
1000	NC_051819.1	49809677	49810677	0.9313879882097245
1000	NC_051805.1	96855411	96856411	1.2908386700749397
1000	NC_051841.1	4102334	4103334	0.908895684838295
1000	NC_051843.1	82084989	82085989	0.641982728767395
1000	NC_051834.1	26120826	26121826	0.857003980576992
1000	NC_051823.1	51276275	51277275	0.8473057532921816
1000	NC_051814.1	802677	803677	3.421576957821846
1000	NC_051826.1	27507611	27508611	0.9768830788731575
1000	NC_051817.1	23529773	23530773	0.9668984771966934
1000	NC_051807.1	67949893	67950893	1.0059131166338922
1000	NC_051834.1	19282976	19283976	0.8662338673472404
1000	NC_051842.1	4921160	4922160	0.8861599257588386
1000	NC_051808.1	6580228	6581228	1.1118804354071616
1000	NC_051833.1	5431206	5432206	0.8092224210202694
1000	NC_051834.1	76361	77361	1.3658503141403198
1000	NC_051843.1	93873139	93874139	0.8766368035525084
1000	NC_051811.1	19686290	19687290	1.0224048653244973
1000	NC_051814.1	58163006	58164006	0.9994567013382911
1000	NC_051821.1	43461689	43462689	0.88544966173172
1000	NC_051805.1	54948249	54949249	1.0332716730833054
1000	NC_051822.1	29216217	29217217	0.9887498280405999
1000	NC_051809.1	66955900	66956900	1.3640094950795174
1000	NC_051841.1	19051804	19052804	0.9516182056665421
1000	NC_051809.1	47509162	47510162	0.9703812304735183
1000	NC_051825.1	22583973	22584973	1.2264076687693597
1000	NC_051806.1	16541206	16542206	0.7362010262771086
1000	NC_051827.1	33654761	33655761	0.9025546057224274
1000	NC_051807.1	10280149	10281149	1.1068995984196663
1000	NC_051829.1	15313524	15314524	1.0065042718052863
1000	NC_051833.1	2321190	2322190	1.035981305539608
1000	NC_051832.1	19395703	19396703	1.1422813230156899
1000	NC_051820.1	8769250	8770250	1.1484624743461609
1000	NC_051807.1	34514227	34515227	1.0758303174972534
1000	NC_051806.1	54519296	54520296	1.1083388008475303
1000	NC_051842.1	18952677	18953677	0.9724807558655739
1000	NC_051827.1	11068293	11069293	0.9341852698624135
1000	NC_051808.1	81998223	81999223	0.982086749047041
1000	NC_051818.1	12794200	12795200	0.941466537117958
1000	NC_051822.1	37477816	37478816	0.8568782639503479
1000	NC_051805.1	123172762	123173762	1.2367896683216095
1000	NC_051805.1	48737716	48738716	1.0544746173024178
1000	NC_051815.1	26466852	26467852	1.1988191469311713
1000	NC_051838.1	10999857	11000857	1.3782271970510482
1000	NC_051838.1	38568359	38569359	0.9427109288573265
1000	NC_051808.1	55734252	55735252	1.0310829446315766
1000	NC_051830.1	16761685	16762685	1.2770592969655992
1000	NC_051813.1	56813844	56814844	1.2418752475380896
1000	NC_051811.1	53747783	53748783	0.9457343491911888
1000	NC_051813.1	28550748	28551748	0.9035944792032242
1000	NC_051811.1	69727887	69728887	1.58337977206707
1000	NC_051843.1	39528114	39529114	0.8014328387081623
1000	NC_051805.1	37765766	37766766	1.1099321744441986
1000	NC_051811.1	68808337	68809337	0.8655454682409763
1000	NC_051820.1	10618167	10619167	0.8836313848793507
1000	NC_051807.1	43328449	43329449	1.0167225956320762
1000	NC_051837.1	19813248	19814248	0.9972968687713146
1000	NC_051815.1	2328159	2329159	1.2848128549456597
1000	NC_051816.1	12383590	12384590	1.086159609556198
1000	NC_051832.1	6654683	6655683	2.152285931944847
1000	NC_051807.1	54931009	54932009	1.08855432587862
1000	NC_051821.1	5725908	5726908	1.0543410718739032
1000	NC_051813.1	29021899	29022899	0.9656910662055016
1000	NC_051807.1	18976751	18977751	0.9646600604057312
1000	NC_051809.1	87880556	87881556	0.9747895563840866
1000	NC_051809.1	39657334	39658334	0.9617986094951629
1000	NC_051822.1	8281094	8282094	1.0212806896567346
1000	NC_051817.1	18312916	18313916	0.7884380097190539
1000	NC_051817.1	15980713	15981713	1.0360062256455422
1000	NC_051826.1	3256500	3257500	
1000	NC_051840.1	8750797	8751797	0.8980642471313477
1000	NC_051813.1	8502294	8503294	1.0738361169099808
1000	NC_051843.1	25182335	25183335	0.9627157947421074
1000	NC_051833.1	30687327	30688327	0.9519255129694939
1000	NC_051835.1	32182112	32183112	1.0428536447286605
1000	NC_051814.1	36503771	36504771	0.9820285481214523
1000	NC_051835.1	29724009	29725009	1.182806139945984
1000	NC_051812.1	16469374	16470374	0.8443233074843883
1000	NC_051815.1	45828706	45829706	1.027675362586975
1000	NC_051805.1	11368646	11369646	0.9407040954232216
1000	NC_051821.1	62970604	62971604	0.8365971630811692
1000	NC_051823.1	24028691	24029691	1.0682374103069305
1000	NC_051821.1	39275220	39276220	0.9307626940310001
1000	NC_051812.1	4102587	4103587	1.150131702899933
1000	NC_051824.1	57221424	57222424	1.1506159679293633
1000	NC_051826.1	8346661	8347661	0.8291808498501778
1000	NC_051812.1	34227486	34228486	0.9443948324322701
1000	NC_051806.1	28503966	28504966	1.08951926279068
1000	NC_051809.1	31370961	31371961	1.470171742618084
1000	NC_051826.1	17677315	17678315	0.9142221115529537
1000	NC_051812.1	66153414	66154414	1.1263806485533714
1000	NC_051814.1	24265209	24266209	1.207755029976368
1000	NC_051808.1	59666909	59667909	1.2097920073866844
1000	NC_051841.1	8021231	8022231	1.0421216167211533
1000	NC_051807.1	33790173	33791173	0.9372285228967666
1000	NC_051809.1	82797397	82798397	1.146077886581421
1000	NC_051811.1	75588299	75589299	0.9657949147224426
1000	NC_051826.1	53993607	53994607	0.8004481644630432
1000	NC_051809.1	13988094	13989094	1.0464463336467742
1000	NC_051838.1	2623389	2624389	0.9916611430644989
1000	NC_051805.1	18254411	18255411	1.041793156862259
1000	NC_051819.1	22598416	22599416	0.6767653799555844
1000	NC_051813.1	53490178	53491178	1.3086183689832687
1000	NC_051808.1	9556161	9557161	0.9797900651097298
1000	NC_051826.1	61002408	61003408	1.1024463160037994
1000	NC_051836.1	28200537	28201537	0.8608174261450767
1000	NC_051827.1	40075374	40076374	0.8324298742413521
1000	NC_051815.1	44908260	44909260	0.8395114673674107
1000	NC_051828.1	15840115	15841115	0.894698610007763
1000	NC_051828.1	21896221	21897221	3.829155699133873
1000	NC_051822.1	54071756	54072756	1.5167120575904847
1000	NC_051812.1	43240181	43241181	1.0821302129626273
1000	NC_051824.1	28831024	28832024	1.0577577796578408
1000	NC_051817.1	39164166	39165166	1.3034598118066787
1000	NC_051823.1	43721372	43722372	0.9512690120339393
1000	NC_051805.1	112556574	112557574	1.1389799677729606
1000	NC_051825.1	29711290	29712290	1.0495008382201194
1000	NC_051840.1	1058491	1059491	0.8964519637823105
1000	NC_051822.1	23533485	23534485	0.9585950776934624
1000	NC_051818.1	59944909	59945909	0.985138587474823
1000	NC_051806.1	45821772	45822772	0.8934601229727268
1000	NC_051839.1	12168576	12169576	0.9815630642175674
1000	NC_051821.1	59605195	59606195	0.9644735407829285
1000	NC_051821.1	4365924	4366924	0.9741416642069817
1000	NC_051823.1	3180790	3181790	1.1933953937888147
1000	NC_051817.1	18828286	18829286	0.9415607288479805
1000	NC_051805.1	87434254	87435254	
1000	NC_051828.1	38297477	38298477	1.1469361484646796
1000	NC_051826.1	17817822	17818822	1.0671067109107972
1000	NC_051824.1	51328886	51329886	1.2434902540445327
1000	NC_051817.1	14526084	14527084	0.8542136769890786
1000	NC_051835.1	38349862	38350862	0.9342966856711951
1000	NC_051806.1	52194013	52195013	0.9146958546638488
1000	NC_051817.1	17761479	17762479	1.103166870713234
1000	NC_051825.1	16255675	16256675	1.040553642809391
1000	NC_051824.1	54569114	54570114	1.2078219813108444
1000	NC_051824.1	612400	613400	0.9598626509308815
1000	NC_051829.1	32087860	32088860	0.9681138715147972
1000	NC_051806.1	66254390	66255390	1.1446842128038406
1000	NC_051813.1	14773105	14774105	0.9857001879811287
1000	NC_051809.1	37734486	37735486	1.0610585187077521
1000	NC_051816.1	11067053	11068053	1.132393367946148
1000	NC_051807.1	6605745	6606745	0.9986720636487008
1000	NC_051826.1	31866343	31867343	0.9116308226585388
1000	NC_051828.1	12823513	12824513	0.9862075597047806
1000	NC_051805.1	22344086	22345086	0.9474555805921555
1000	NC_051816.1	41356589	41357589	0.9303891687989235
1000	NC_051832.1	26389706	26390706	0.9741403488516808
1000	NC_051815.1	59219975	59220975	0.9762225598096848
1000	NC_051824.1	48382360	48383360	0.8130273575442178
1000	NC_051822.1	12943527	12944527	1.2314959495067597
1000	NC_051806.1	85404452	85405452	1.4022375658750534
1000	NC_051809.1	38928551	38929551	1.0976548179388046
1000	NC_051838.1	5544541	5545541	0.9511411914229393
1000	NC_051823.1	24587106	24588106	0.9528697163462639
1000	NC_051815.1	27809218	27810218	0.9453947238326073
1000	NC_051809.1	25863229	25864229	0.9800569079518319
1000	NC_051840.1	24690232	24691232	0.9430798444151879
1000	NC_051808.1	71157783	71158783	1.0136788353919983
1000	NC_051830.1	30175297	30176297	0.986730518758297
1000	NC_051805.1	51610260	51611260	0.8790794302523136
1000	NC_051820.1	7797416	7798416	1.0667561754584312
1000	NC_051810.1	10178367	10179367	3.9500674637556075
1000	NC_051827.1	50524832	50525832	0.9705714737176895
1000	NC_051838.1	10867560	10868560	1.373808035850525
1000	NC_051826.1	43029163	43030163	0.9130869652628899
1000	NC_051824.1	49017720	49018720	1.581123841404915
1000	NC_051837.1	21663849	21664849	0.8887693351507187
1000	NC_051821.1	23679694	23680694	1.2591911659240722
1000	NC_051820.1	38673730	38674730	0.8739641189575196
1000	NC_051808.1	80443397	80444397	0.9558636236190796
1000	NC_051822.1	16331220	16332220	1.0174965026974678
1000	NC_051815.1	56989994	56990994	1.2786587811112404
1000	NC_051837.1	16581244	16582244	1.5235261656045913
1000	NC_051809.1	33411830	33412830	1.1169703018665313
1000	NC_051823.1	47198806	47199806	0.8708430395424366
1000	NC_051805.1	51861477	51862477	0.921777478158474
1000	NC_051806.1	55366642	55367642	1.1259271842241287
1000	NC_051831.1	9031140	9032140	0.9192883563041687
1000	NC_051838.1	10647789	10648789	1.2011393883228303
1000	NC_051807.1	50673252	50674252	1.0125620085597038
1000	NC_051821.1	35543660	35544660	1.3034985268115997
1000	NC_051830.1	34800342	34801342	0.8991845320463181
1000	NC_051812.1	13171242	13172242	1.1427385679483413
1000	NC_051839.1	3337770	3338770	1.0494583612680435
1000	NC_051836.1	23079733	23080733	0.8932934806942939
1000	NC_051834.1	2170847	2171847	0.9752869675159455
1000	NC_051807.1	77434598	77435598	0.8450316999554635
1000	NC_051830.1	2573957	2574957	1.1134436730742454
1000	NC_051821.1	5849132	5850132	0.9627872738838196
1000	NC_051839.1	11168449	11169449	1.1722033405303955
1000	NC_051835.1	30689430	30690430	0.9542049384117126
1000	NC_051824.1	3393760	3394760	1.3190381610393525
1000	NC_051831.1	41137356	41138356	0.9951466167569161
1000	NC_051843.1	69950078	69951078	0.8619999525547027
1000	NC_051827.1	34134349	34135349	0.9948734850287437
1000	NC_051809.1	9328340	9329340	2.5237520015239716
1000	NC_051834.1	9074143	9075143	1.2162081641554832
1000	NC_051807.1	92568032	92569032	0.9838332185745239
1000	NC_051807.1	68275954	68276954	0.8833217423558235
1000	NC_051806.1	65793896	65794896	1.0000677970051766
1000	NC_051806.1	57938263	57939263	1.080516711294651
1000	NC_051833.1	37373713	37374713	0.8918748086094856
1000	NC_051838.1	32537075	32538075	0.8747272402048111
1000	NC_051813.1	40332672	40333672	1.1230191355347634
1000	NC_051839.1	8379373	8380373	0.9656960465768952
1000	NC_051812.1	22481790	22482790	0.906080093383789
1000	NC_051838.1	5758880	5759880	0.9383742329478264
1000	NC_051838.1	28773518	28774518	0.854043476998806
1000	NC_051808.1	43516515	43517515	1.0810962328314782
1000	NC_051824.1	56085959	56086959	1.3575079177618026
1000	NC_051826.1	4030104	4031104	1.011089996635914
1000	NC_051815.1	69048454	69049454	1.2334876021146775
1000	NC_051828.1	1464450	1465450	0.7705021815167533
1000	NC_051832.1	26805435	26806435	0.8739995697140693
1000	NC_051839.1	9753841	9754841	1.021278116583824
1000	NC_051806.1	58612277	58613277	0.9982048273682594
1000	NC_051809.1	83719149	83720149	1.1251100254654884
1000	NC_051843.1	121220691	121221691	1.3981182528734206
1000	NC_051843.1	96301153	96302153	0.8918031544089318
1000	NC_051830.1	15555448	15556448	1.1170341468967513
1000	NC_051830.1	7941255	7942255	1.184087350666523
1000	NC_051824.1	5059644	5060644	1.0391499706506728
1000	NC_051808.1	66679368	66680368	0.9617827516198159
1000	NC_051811.1	39968921	39969921	1.1344603332281114
1000	NC_051806.1	58735942	58736942	0.9509352077841758
1000	NC_051840.1	2485738	2486738	0.8763723427653313
1000	NC_051830.1	13964079	13965079	1.2025445891022681
1000	NC_051818.1	56880460	56881460	0.9948205244541168
1000	NC_051816.1	69410383	69411383	0.9678243365287781
1000	NC_051824.1	21108563	21109563	0.9902594412565231
1000	NC_051814.1	58600935	58601935	0.9251479956507683
1000	NC_051833.1	31379933	31380933	0.9708322597146034
1000	NC_051837.1	7684184	7685184	0.9567884944081306
1000	NC_051820.1	19965092	19966092	1.1725898683667182
1000	NC_051805.1	27553612	27554612	0.8551348766684532
1000	NC_051828.1	32612939	32613939	1.2130928785800934
1000	NC_051829.1	28514088	28515088	0.8980621528625489
1000	NC_051806.1	32999269	33000269	1.132467851102352
1000	NC_051843.1	126500137	126501137	1.046995980978012
1000	NC_051818.1	7957114	7958114	1.0606497285366059
1000	NC_051811.1	70184058	70185058	0.9371788347363472
1000	NC_051829.1	42167173	42168173	0.9938734036684036
1000	NC_051833.1	36970438	36971438	0.8775375752747059
1000	NC_051833.1	41994181	41995181	0.8100546302199364
1000	NC_051834.1	18712713	18713713	0.640794609884421
1000	NC_051827.1	18053691	18054691	1.000191058397293
1000	NC_051807.1	12300660	12301660	0.9293915840983391
1000	NC_051831.1	4724163	4725163	1.299081657767296
1000	NC_051820.1	38791416	38792416	0.9338206179141998
1000	NC_051839.1	13978557	13979557	1.041471323490143
1000	NC_051816.1	48477447	48478447	0.8960057762861252
1000	NC_051816.1	58793450	58794450	0.9577160879969597
1000	NC_051831.1	27991221	27992221	0.8728227098584175
1000	NC_051822.1	35010265	35011265	1.3922113800048828
1000	NC_051829.1	26425041	26426041	1.2221100257635116
1000	NC_051828.1	37711202	37712202	1.2420534976124764
1000	NC_051806.1	71564947	71565947	1.181868617296219
1000	NC_051830.1	33178103	33179103	0.9570058127045631
1000	NC_051806.1	44279375	44280375	1.0052727162837982
1000	NC_051827.1	27058693	27059693	0.9638894310593605
1000	NC_051820.1	44439976	44440976	1.0201695119738579
1000	NC_051832.1	10411111	10412111	0.909083299934864
1000	NC_051809.1	26893945	26894945	1.0340882769227029
1000	NC_051814.1	22109721	22110721	1.2105016201138497
1000	NC_051827.1	21848280	21849280	0.9297785878181457
1000	NC_051835.1	18945982	18946982	0.9182937996387481
1000	NC_051809.1	64574376	64575376	1.1751736789345741
1000	NC_051815.1	37477232	37478232	0.8480788226723671
1000	NC_051827.1	8440587	8441587	1.141457235455513
1000	NC_051811.1	27912089	27913089	1.0130468977093696
1000	NC_051832.1	21993334	21994334	1.2198200877904892
1000	NC_051826.1	54886426	54887426	0.8076633654236793
1000	NC_051814.1	20993594	20994594	1.3792404082417489
1000	NC_051826.1	38616633	38617633	0.846894783437252
1000	NC_051807.1	51028651	51029651	1.05538546782732
1000	NC_051837.1	28061437	28062437	1.4258788442611694
1000	NC_051818.1	31290971	31291971	0.9177787486612797
1000	NC_051809.1	24417647	24418647	1.9911463146805763
1000	NC_051814.1	26525285	26526285	1.1411864882707596
1000	NC_051811.1	52129900	52130900	0.8977389335632324
1000	NC_051818.1	6433571	6434571	1.0352904757261276
1000	NC_051842.1	21430596	21431596	1.3002032797932626
1000	NC_051810.1	55352646	55353646	1.0264182804226876
1000	NC_051832.1	4190534	4191534	1.2053655819892883
1000	NC_051843.1	107615424	107616424	1.0386523981690408
1000	NC_051805.1	106493063	106494063	1.1767405773997306
1000	NC_051811.1	34554837	34555837	0.9458454702496528
1000	NC_051834.1	1751630	1752630	1.0980613821744918
1000	NC_051823.1	36547697	36548697	0.9371490548849106
1000	NC_051821.1	33633434	33634434	0.9255965413451195
1000	NC_051811.1	38103619	38104619	1.3192313312292099
1000	NC_051805.1	74189796	74190796	1.2720695731639862
1000	NC_051825.1	36189978	36190978	1.2220181434154511
1000	NC_051826.1	45612732	45613732	0.9951126750707626
1000	NC_051814.1	26062724	26063724	1.0208608765006066
1000	NC_051828.1	40353026	40354026	2.4417653152346612
1000	NC_051808.1	19178702	19179702	0.8686805671453476
1000	NC_051825.1	10174764	10175764	0.8041647700071335
1000	NC_051812.1	43399993	43400993	1.1672517706155776
1000	NC_051808.1	10630327	10631327	0.957019893527031
1000	NC_051808.1	9891776	9892776	1.1839969672560693
1000	NC_051824.1	28139716	28140716	0.9610429438948631
1000	NC_051809.1	1871138	1872138	1.2373457581996918
1000	NC_051812.1	53622156	53623156	0.9814745045304298
1000	NC_051813.1	13292356	13293356	1.1216616542597075
1000	NC_051832.1	9355923	9356923	1.0557517471909523
1000	NC_051843.1	45408890	45409890	0.8340843865275382
1000	NC_051805.1	60731604	60732604	0.8437470060288906
1000	NC_051811.1	38794977	38795977	1.447982513666153
1000	NC_051835.1	6245820	6246820	1.0565859428048134
1000	NC_051806.1	10138424	10139424	1.1245533522963524
1000	NC_051823.1	53411576	53412576	1.082400776565075
1000	NC_051820.1	33221236	33222236	1.1408781552910805
1000	NC_051805.1	104489296	104490296	1.0073803328871727
1000	NC_051831.1	13785196	13786196	0.9567663958668708
1000	NC_051835.1	4607950	4608950	1.0318981841206551
1000	NC_051821.1	62892295	62893295	0.9540562629699707
1000	NC_051835.1	2415707	2416707	0.9202332129478454
1000	NC_051805.1	86675042	86676042	0.9779733073115349
1000	NC_051833.1	5818328	5819328	0.9687981957197189
1000	NC_051818.1	16348517	16349517	0.9896711074113845
1000	NC_051825.1	45955357	45956357	1.003321415245533
1000	NC_051824.1	34164848	34165848	0.9140599570274353
1000	NC_051808.1	26010872	26011872	0.9715279656648635
1000	NC_051843.1	72080516	72081516	0.99622891330719
1000	NC_051821.1	6861162	6862162	1.0625714064836502
1000	NC_051812.1	47118963	47119963	1.2180497426390648
1000	NC_051823.1	14597533	14598533	0.9389623572230339
1000	NC_051833.1	37109607	37110607	1.0279324100911618
1000	NC_051837.1	24596242	24597242	0.8860390783846378
1000	NC_051812.1	40117440	40118440	1.0887063804268837
1000	NC_051805.1	57433172	57434172	0.8984963545799255
1000	NC_051830.1	33432129	33433129	0.9282855588197708
1000	NC_051822.1	17198004	17199004	0.9283320261538028
1000	NC_051809.1	44827413	44828413	0.9344709814488887
1000	NC_051834.1	33115133	33116133	0.8160662472844123
1000	NC_051837.1	7906364	7907364	1.0582622812986373
1000	NC_051843.1	5837150	5838150	0.9937903240323067
1000	NC_051811.1	69214749	69215749	0.8540622968857104
1000	NC_051811.1	25076027	25077027	1.018439968943596
1000	NC_051811.1	18490759	18491759	0.8466732935181686
1000	NC_051811.1	44786821	44787821	1.0474425776600838
1000	NC_051816.1	46739097	46740097	0.7939255725741386
1000	NC_051835.1	25908217	25909217	0.8098302733898163
1000	NC_051827.1	33420419	33421419	0.9221243910193443
1000	NC_051808.1	52898694	52899694	1.1842113484740258
1000	NC_051834.1	36055844	36056844	1.0206639658808707
1000	NC_051811.1	3020699	3021699	0.8543340224486131
1000	NC_051806.1	46372767	46373767	0.9938741421699524
1000	NC_051815.1	50417817	50418817	0.9812167973518372
1000	NC_051826.1	56418779	56419779	1.0088982834219933
1000	NC_051818.1	21183486	21184486	1.0084844151735306
1000	NC_051818.1	50811832	50812832	1.0055474296212197
1000	NC_051817.1	2918815	2919815	5.876286304593086
1000	NC_051825.1	41781255	41782255	1.0718535279171377
1000	NC_051806.1	47062502	47063502	1.0486625285744666
1000	NC_051826.1	19470804	19471804	0.972233321428299
1000	NC_051805.1	38086774	38087774	0.9364268342256546
1000	NC_051808.1	87546097	87547097	1.0787690408825874
1000	NC_051813.1	30849342	30850342	0.9615132103562355
1000	NC_051827.1	11918816	11919816	1.0961534231901169
1000	NC_051831.1	11129694	11130694	0.9980685536265373
1000	NC_051812.1	26218360	26219360	0.8660552686452866
1000	NC_051833.1	26106606	26107606	0.871124985486269
1000	NC_051815.1	29357138	29358138	1.0423407881855964
1000	NC_051821.1	3064345	3065345	1.030821409523487
1000	NC_051843.1	22725732	22726732	0.9094801088869572
1000	NC_051810.1	75840257	75841257	0.9008969077169895
1000	NC_051830.1	14743103	14744103	1.0394320715069771
1000	NC_051808.1	30703012	30704012	1.0072254492640496
1000	NC_051826.1	56301718	56302718	1.0052722048759462
1000	NC_051821.1	32792150	32793150	0.9582889169454575
1000	NC_051834.1	24737592	24738592	1.0189712019562722
1000	NC_051826.1	20901374	20902374	0.936564679145813
1000	NC_051815.1	43105569	43106569	0.9299005182087421
1000	NC_051815.1	40389466	40390466	1.1161148435473442
1000	NC_051819.1	61941867	61942867	0.9806041668057441
1000	NC_051807.1	44787327	44788327	0.824398987352848
1000	NC_051843.1	87401205	87402205	1.0287068435549735
1000	NC_051839.1	26367855	26368855	0.9785528165102005
1000	NC_051815.1	43206120	43207120	0.9354488867521286
1000	NC_051822.1	53260054	53261054	1.037826816022396
1000	NC_051836.1	31839859	31840859	0.9093976202011108
1000	NC_051834.1	20521499	20522499	1.042465775370598
1000	NC_051807.1	42299744	42300744	0.9817069007754325
1000	NC_051822.1	31564724	31565724	1.0464913907051085
1000	NC_051806.1	13482101	13483101	1.1633737205863
1000	NC_051819.1	40225336	40226336	0.7547289392352104
1000	NC_051836.1	25574463	25575463	0.9634246316552162
1000	NC_051832.1	4003835	4004835	1.2245774790644646
1000	NC_051831.1	39645490	39646490	1.0509962305426597
1000	NC_051828.1	44942875	44943875	1.2885998979210853
1000	NC_051824.1	597056	598056	1.225472780227661
1000	NC_051807.1	66714331	66715331	0.9953967781364917
1000	NC_051808.1	5221765	5222765	1.4884981286525727
1000	NC_051834.1	20774378	20775378	0.9439711779952049
1000	NC_051843.1	94519915	94520915	0.9559962639683172
1000	NC_051843.1	65664387	65665387	0.9932995208501816
1000	NC_051808.1	79508229	79509229	0.9353575496077537
1000	NC_051837.1	4062840	4063840	0.9186014912067315
1000	NC_051837.1	26541259	26542259	0.9773231209516525
1000	NC_051808.1	64660082	64661082	1.0029855239987373
1000	NC_051841.1	3612535	3613535	0.9663388762718592
1000	NC_051809.1	37878405	37879405	0.9085845065116882
1000	NC_051818.1	22501431	22502431	0.9936724714040757
1000	NC_051807.1	25635208	25636208	0.860576515853405
1000	NC_051843.1	2621970	2622970	1.0303222104907035
1000	NC_051837.1	14600720	14601720	0.9833363243937492
1000	NC_051812.1	68662119	68663119	0.9889739556312561
1000	NC_051810.1	64456075	64457075	0.9446448914706707
1000	NC_051818.1	25995774	25996774	0.8263158484509117
1000	NC_051805.1	92569681	92570681	1.0558757650852204
1000	NC_051843.1	99018617	99019617	0.8307770921438933
1000	NC_051820.1	28908646	28909646	1.0775389474630357
1000	NC_051816.1	28535575	28536575	0.9286780327558517
1000	NC_051807.1	29469562	29470562	1.087589915752411
1000	NC_051819.1	17353644	17354644	0.8917492195069789
1000	NC_051817.1	9626809	9627809	0.8916908274292946
1000	NC_051836.1	21268745	21269745	0.9052716952562332
1000	NC_051810.1	20602882	20603882	1.0037010494470597
1000	NC_051805.1	3411351	3412351	1.0200234095454217
1000	NC_051808.1	58688660	58689660	0.9243733409047127
1000	NC_051833.1	23988155	23989155	0.9406890514492988
1000	NC_051838.1	31289072	31290072	0.8800783799886703
1000	NC_051816.1	46678467	46679467	0.8753683442473411
1000	NC_051808.1	82275071	82276071	0.8310163702964782
1000	NC_051814.1	28243794	28244794	2.353683217704296
1000	NC_051837.1	9748860	9749860	0.9781626400351524
1000	NC_051810.1	38094151	38095151	0.613090316818335
1000	NC_051812.1	44447402	44448402	0.9076813812851906
1000	NC_051840.1	4239334	4240334	0.95917398416996
1000	NC_051805.1	52266568	52267568	1.1518662186861037
1000	NC_051809.1	1150669	1151669	1.3697686323523521
1000	NC_051833.1	5159572	5160572	0.9674489548802376
1000	NC_051824.1	30829818	30830818	0.9523189362287522
1000	NC_051814.1	62539232	62540232	0.9577993881106377
1000	NC_051836.1	2680002	2681002	0.9974867028594017
1000	NC_051809.1	15511529	15512529	1.1142214517593383
1000	NC_051822.1	1880486	1881486	1.2674264901876449
1000	NC_051806.1	81221174	81222174	1.1101398198008536
1000	NC_051833.1	4026676	4027676	1.1184776821136475
1000	NC_051819.1	7110478	7111478	3.963673147201538
1000	NC_051814.1	16992534	16993534	0.6973134359162688
1000	NC_051829.1	35509035	35510035	0.8753044211864471
1000	NC_051807.1	6162258	6163258	1.0417710394263267
1000	NC_051824.1	7810847	7811847	1.0588599120378495
1000	NC_051843.1	77127060	77128060	0.9102653312683106
1000	NC_051815.1	32385015	32386015	0.7715371035039424
1000	NC_051821.1	4260667	4261667	0.9989314543008805
1000	NC_051825.1	19939983	19940983	1.0782351785302162
1000	NC_051821.1	9139871	9140871	1.3429536353349685
1000	NC_051809.1	49029765	49030765	0.9949751648306847
1000	NC_051835.1	33381986	33382986	1.2072261022925377
1000	NC_051817.1	56556270	56557270	0.7877680471539498
1000	NC_051843.1	122842723	122843723	1.1278799258470535
1000	NC_051808.1	3842897	3843897	1.0373221358656883
1000	NC_051823.1	20321424	20322424	0.8956746079921722
1000	NC_051806.1	44482936	44483936	1.0658677574396134
1000	NC_051811.1	31009810	31010810	0.9817025192081928
1000	NC_051843.1	70957170	70958170	0.9214016351103783
1000	NC_051831.1	19034940	19035940	1.0272102651000024
1000	NC_051815.1	50381459	50382459	0.9528778916597367
1000	NC_051836.1	5143667	5144667	0.9722830114364625
1000	NC_051805.1	28352182	28353182	1.1021225504279137
1000	NC_051815.1	4225793	4226793	1.0307148705124856
1000	NC_051827.1	9410049	9411049	0.9870608646273613
1000	NC_051806.1	29450403	29451403	0.9241776594519615
1000	NC_051813.1	31542213	31543213	0.9134694906324148
1000	NC_051805.1	30209309	30210309	1.0072373328804969
1000	NC_051821.1	2506439	2507439	1.049855405330658
1000	NC_051812.1	8778716	8779716	0.9623420302271843
1000	NC_051825.1	16225884	16226884	1.192261149764061
1000	NC_051811.1	58762253	58763253	0.957795950949192
1000	NC_051813.1	51940952	51941952	1.5446585990190507
1000	NC_051843.1	31374416	31375416	0.8052416339814663
1000	NC_051809.1	77764862	77765862	1.1200530367493629
1000	NC_051817.1	11730204	11731204	0.9903293696045875
1000	NC_051809.1	67477815	67478815	1.4023839616775513
1000	NC_051807.1	14553394	14554394	0.8909293566048145
1000	NC_051825.1	13847242	13848242	0.8997286001443863
1000	NC_051825.1	31913795	31914795	1.061819999217987
1000	NC_051831.1	33837812	33838812	0.8695234990119934
1000	NC_051840.1	10138046	10139046	0.8097159307599068
1000	NC_051829.1	39812897	39813897	1.0523724603056908
1000	NC_051829.1	41796565	41797565	1.0458134829998016
1000	NC_051814.1	65753353	65754353	1.0716637884378433
1000	NC_051817.1	18124347	18125347	0.8652086146771908
1000	NC_051807.1	50912745	50913745	1.0357238194346428
1000	NC_051805.1	55648725	55649725	1.1194589570164681
1000	NC_051805.1	37300825	37301825	0.8761572614312172
1000	NC_051827.1	49632055	49633055	0.8982806250452995
1000	NC_051822.1	52385082	52386082	1.4114066606760025
1000	NC_051822.1	19402705	19403705	1.0374220296740533
1000	NC_051838.1	35881099	35882099	0.95426831138134
1000	NC_051823.1	36053293	36054293	1.020171790421009
1000	NC_051818.1	59195223	59196223	0.8818426572970854
1000	NC_051827.1	18419402	18420402	0.9654638339877128
1000	NC_051843.1	50233488	50234488	0.9404305505156517
1000	NC_051816.1	31218116	31219116	0.9351088814735412
1000	NC_051817.1	50180286	50181286	0.9597966842651368
1000	NC_051843.1	54073284	54074284	0.8988384050726891
1000	NC_051828.1	28876169	28877169	1.1349022678136826
1000	NC_051815.1	27132918	27133918	1.1276062774062157
1000	NC_051817.1	1450357	1451357	0.938014107465744
1000	NC_051820.1	2276897	2277897	1.1122391781806946
1000	NC_051833.1	25950419	25951419	1.0049899008870125
1000	NC_051809.1	59168646	59169646	1.331136590719223
1000	NC_051829.1	1132742	1133742	1.0775079444050788
1000	NC_051811.1	58303812	58304812	0.8594968502521515
1000	NC_051824.1	46028963	46029963	1.0734882733821869
1000	NC_051835.1	24143443	24144443	1.4524610375165938
1000	NC_051808.1	78195827	78196827	0.8704930422902107
1000	NC_051819.1	12703392	12704392	0.9931578968167305
1000	NC_051805.1	13156432	13157432	0.9608332897424698
1000	NC_051832.1	17397277	17398277	1.0456064332723618
1000	NC_051808.1	87126974	87127974	1.0759758567214013
1000	NC_051843.1	58445051	58446051	0.9758925850391388
1000	NC_051820.1	26174688	26175688	0.966486550450325
1000	NC_051822.1	28345859	28346859	1.0184179624319076
1000	NC_051809.1	25842670	25843670	0.9493714654445649
1000	NC_051826.1	9139757	9140757	0.9791558226346969
1000	NC_051816.1	5813500	5814500	1.087282693386078
1000	NC_051805.1	35749238	35750238	0.9598205168247222
1000	NC_051835.1	20562289	20563289	0.9599892919063568
1000	NC_051830.1	1314923	1315923	1.212757428407669
1000	NC_051815.1	47689970	47690970	0.8740906125307083
1000	NC_051811.1	48516733	48517733	1.088797839641571
1000	NC_051808.1	59182335	59183335	2.7558766055107116
1000	NC_051827.1	28419938	28420938	0.9958680015206337
1000	NC_051809.1	48355362	48356362	1.0754372483491899
1000	NC_051817.1	27942802	27943802	1.0380066102743148
1000	NC_051810.1	21587077	21588077	1.0133542940020561
1000	NC_051808.1	50293167	50294167	1.0296131933927537
1000	NC_051820.1	40488050	40489050	0.9186825215816498
1000	NC_051819.1	7395689	7396689	1.1409073286652565
1000	NC_051813.1	14102612	14103612	0.8433716331720352
1000	NC_051817.1	28960169	28961169	1.0044051952958106
1000	NC_051839.1	25840633	25841633	1.1275645499229432
1000	NC_051834.1	19800210	19801210	0.9328753030300141
1000	NC_051810.1	34314382	34315382	0.9941194049119949
1000	NC_051806.1	30344893	30345893	0.9720458422899246
1000	NC_051816.1	60687509	60688509	0.8840812790393829
1000	NC_051835.1	26425637	26426637	0.9839304134249687
1000	NC_051822.1	54930545	54931545	1.1618911722302436
1000	NC_051809.1	38189020	38190020	0.920111195743084
1000	NC_051832.1	1557489	1558489	1.0725253998637199
1000	NC_051809.1	45205578	45206578	0.9260650859475136
1000	NC_051842.1	2197281	2198281	1.123990685760975
1000	NC_051843.1	45014069	45015069	
1000	NC_051815.1	46552290	46553290	0.9443832844495773
1000	NC_051835.1	7273140	7274140	0.8536893850564957
1000	NC_051817.1	13109504	13110504	0.7917366062104702
1000	NC_051814.1	20757984	20758984	1.4315806674957274
1000	NC_051840.1	28352282	28353282	0.8571181839108467
1000	NC_051825.1	43049904	43050904	1.1787913158535956
1000	NC_051819.1	7220212	7221212	1.3064922086596489
1000	NC_051811.1	7739268	7740268	1.055734435379505
1000	NC_051808.1	78763392	78764392	0.8500905531048775
1000	NC_051806.1	38824844	38825844	1.0153042222261428
1000	NC_051818.1	42999802	43000802	0.9750031751990318
1000	NC_051835.1	7300408	7301408	0.873191704928875
1000	NC_051833.1	3138090	3139090	0.9348624712228775
1000	NC_051805.1	20812252	20813252	0.8356632834076881
1000	NC_051818.1	1713451	1714451	0.9129199240207672
1000	NC_051810.1	48248200	48249200	0.9228828012943268
1000	NC_051805.1	73213199	73214199	1.2814526716470718
1000	NC_051805.1	48593372	48594372	1.1644665330052375
1000	NC_051810.1	56911860	56912860	0.974085553586483
1000	NC_051826.1	11886370	11887370	1.017409970164299
1000	NC_051806.1	64633400	64634400	0.9294775679707528
1000	NC_051831.1	32198264	32199264	0.8266772053116916
1000	NC_051815.1	20276632	20277632	0.9092057135701179
1000	NC_051806.1	85933991	85934991	1.6669395130872726
1000	NC_051822.1	47703292	47704292	1.22670991563797
1000	NC_051820.1	13073854	13074854	1.0306170099377632
1000	NC_051814.1	68147517	68148517	1.1566810220479966
1000	NC_051838.1	21131986	21132986	1.4463975073099136
1000	NC_051841.1	22260960	22261960	0.8455868023633957
1000	NC_051839.1	25546399	25547399	1.035939094185829
1000	NC_051808.1	88208258	88209258	1.14088609033823
1000	NC_051832.1	13234109	13235109	0.9968422607183457
1000	NC_051825.1	41946107	41947107	2.773355972647667
1000	NC_051812.1	32703141	32704141	0.9845418184399605
1000	NC_051810.1	75539430	75540430	0.9384939801692963
1000	NC_051819.1	55019840	55020840	0.980244191288948
1000	NC_051808.1	46415829	46416829	0.7407539246976376
1000	NC_051829.1	43753888	43754888	1.061799354322495
1000	NC_051827.1	4735013	4736013	1.0812584357261659
1000	NC_051835.1	2695925	2696925	0.9144707418978214
1000	NC_051828.1	17063821	17064821	1.0154932816624642
1000	NC_051808.1	28835546	28836546	1.2267333601117134
1000	NC_051843.1	107493572	107494572	1.0339676292538642
1000	NC_051808.1	12365720	12366720	0.9840480324625969
1000	NC_051820.1	42909272	42910272	0.8950486380457878
1000	NC_051821.1	22927715	22928715	1.0477489718794823
1000	NC_051819.1	46062847	46063847	1.0063134391903876
1000	NC_051823.1	54431207	54432207	1.1351694139838218
1000	NC_051815.1	17442343	17443343	0.9972596558332443
1000	NC_051836.1	10851270	10852270	0.894830062687397
1000	NC_051823.1	6073678	6074678	0.875190797150135
1000	NC_051809.1	76125119	76126119	1.0691102880239487
1000	NC_051822.1	48153210	48154210	1.2402925080060958
1000	NC_051816.1	5029426	5030426	1.0149954451918601
1000	NC_051817.1	15997842	15998842	0.8842240990996361
1000	NC_051843.1	34084747	34085747	1.048580902993679
1000	NC_051818.1	31083186	31084186	0.953225191116333
1000	NC_051830.1	35289629	35290629	0.9970370618700981
1000	NC_051817.1	24272763	24273763	1.0285448764562606
1000	NC_051814.1	32369678	32370678	1.1826810653805733
1000	NC_051828.1	7370618	7371618	1.003164958834648
1000	NC_051837.1	31511293	31512293	1.022815512895584
1000	NC_051838.1	38272946	38273946	0.8565342881977558
1000	NC_051818.1	25148028	25149028	0.9563882737159729
1000	NC_051825.1	14811130	14812130	0.9484324927628041
1000	NC_051843.1	53338470	53339470	0.704644536525011
1000	NC_051819.1	47403412	47404412	0.9427756393551826
1000	NC_051827.1	48579592	48580592	0.9442148054242134
1000	NC_051840.1	23998261	23999261	1.0846947703957557
1000	NC_051831.1	18142232	18143232	1.1037822378873825
1000	NC_051812.1	32601715	32602715	1.0459005647897721
1000	NC_051819.1	22754727	22755727	0.8913953264951706
1000	NC_051842.1	7909432	7910432	0.9003061430454254
1000	NC_051820.1	51787157	51788157	0.8601567784547806
1000	NC_051814.1	33213884	33214884	0.9288821673989296
1000	NC_051825.1	47966198	47967198	1.0260123485326766
1000	NC_051808.1	46288030	46289030	1.0116744296204658
1000	NC_051837.1	28545051	28546051	0.9503327260613441
1000	NC_051817.1	22989845	22990845	1.0781084239482879
1000	NC_051810.1	30043047	30044047	0.9705951526761055
1000	NC_051828.1	27026860	27027860	1.007725608944893
1000	NC_051838.1	11782600	11783600	1.2694067299365996
1000	NC_051843.1	6557714	6558714	0.6699139928569396
1000	NC_051828.1	41184704	41185704	1.0138185942173004
1000	NC_051810.1	22251255	22252255	0.988511855006218
1000	NC_051812.1	50603604	50604604	1.0002000490427017
1000	NC_051812.1	65906704	65907704	1.1960446838736534
1000	NC_051818.1	31318441	31319441	1.0704887516498565
1000	NC_051837.1	22335257	22336257	0.9395289083719254
1000	NC_051826.1	26841076	26842076	1.0814639414548874
1000	NC_051809.1	67457802	67458802	1.2831693637371062
1000	NC_051837.1	16444492	16445492	0.9691252755522728
1000	NC_051808.1	24540845	24541845	1.0613011080026626
1000	NC_051843.1	50001477	50002477	0.9752630080580711
1000	NC_051808.1	17947297	17948297	0.9806688666939736
1000	NC_051824.1	58029002	58030002	1.3741495940685273
1000	NC_051808.1	28380945	28381945	1.2756040361523628
1000	NC_051823.1	3682302	3683302	1.2046218096017838
1000	NC_051832.1	31772042	31773042	0.9845129759311676
1000	NC_051808.1	1910289	1911289	0.8958478322327137
1000	NC_051833.1	23415621	23416621	0.864026248216629
1000	NC_051808.1	28009245	28010245	1.332029905617237
1000	NC_051805.1	25609909	25610909	0.7765931961933772
1000	NC_051820.1	9418703	9419703	0.9480173350572586
1000	NC_051829.1	10111767	10112767	1.0422016692757607
1000	NC_051843.1	14167467	14168467	0.8835076326429844
1000	NC_051825.1	10884452	10885452	0.9589202427864074
1000	NC_051810.1	32990613	32991613	1.0246542465686799
1000	NC_051830.1	732399	733399	1.3872540929317474
1000	NC_051817.1	31244341	31245341	0.9994790509343148
1000	NC_051821.1	61986655	61987655	0.9088563910126686
1000	NC_051808.1	8541455	8542455	0.8718326736986637
1000	NC_051809.1	40287378	40288378	1.0365195624828338
1000	NC_051837.1	19441150	19442150	0.8948431223630905
1000	NC_051814.1	48611948	48612948	0.8093113953471184
1000	NC_051820.1	43096741	43097741	1.0101931942105293
1000	NC_051832.1	28025252	28026252	1.0093797328472138
1000	NC_051806.1	78720994	78721994	0.9105229352712632
1000	NC_051807.1	2091307	2092307	1.1247260899543763
1000	NC_051816.1	9525800	9526800	1.2112771049141884
1000	NC_051808.1	41539999	41540999	0.9882723568081856
1000	NC_051816.1	43543407	43544407	1.0871862926483153
1000	NC_051807.1	41013171	41014171	1.1071513594985007
1000	NC_051840.1	16177861	16178861	0.705912996917963
1000	NC_051815.1	45259691	45260691	0.9865446782112122
1000	NC_051820.1	53891084	53892084	0.9875649173855782
1000	NC_051836.1	12260844	12261844	0.9418543583154678
1000	NC_051822.1	42522749	42523749	0.9829207499027253
1000	NC_051840.1	15373535	15374535	1.0140422593057155
1000	NC_051835.1	31652523	31653523	0.9285639000535011
1000	NC_051810.1	63615709	63616709	1.0082503857062413
1000	NC_051808.1	22222370	22223370	1.161031892001629
1000	NC_051818.1	42124916	42125916	1.1456036031842232
1000	NC_051827.1	19407735	19408735	1.0201847767829895
1000	NC_051812.1	57244444	57245444	0.9728564009666443
1000	NC_051812.1	69491367	69492367	0.933276440858841
1000	NC_051812.1	36939750	36940750	1.2442255333065986
1000	NC_051826.1	61185368	61186368	1.3262948622703552
1000	NC_051818.1	45581968	45582968	0.9140066766738891
1000	NC_051829.1	42005191	42006191	1.192617762207985
1000	NC_051828.1	24928748	24929748	1.0962948486804962
1000	NC_051810.1	12478999	12479999	
1000	NC_051828.1	36083615	36084615	1.2792013147473336
1000	NC_051811.1	3424746	3425746	0.9447145609855652
1000	NC_051836.1	21695507	21696507	1.0251331236362458
1000	NC_051811.1	69707569	69708569	0.8857611349225044
1000	NC_051843.1	93519935	93520935	1.3216872304677962
1000	NC_051837.1	25286895	25287895	1.0203044083714485
1000	NC_051824.1	23647710	23648710	0.927121134698391
1000	NC_051843.1	86611181	86612181	1.0700078194141387
1000	NC_051807.1	52790349	52791349	8.740678429603577
1000	NC_051805.1	111582861	111583861	0.9927204477190972
1000	NC_051817.1	50608799	50609799	0.8413557184934616
1000	NC_051811.1	34253088	34254088	1.0421704161763192
1000	NC_051830.1	14140986	14141986	0.9303146474957467
1000	NC_051818.1	60507124	60508124	1.2886821224689484
1000	NC_051829.1	45109865	45110865	1.6855883687734603
1000	NC_051843.1	93419369	93420369	1.1723189279437065
1000	NC_051811.1	72002970	72003970	0.9510094726085663
1000	NC_051826.1	28505217	28506217	0.983537952914834
1000	NC_051843.1	2610375	2611375	0.9139062255620957
1000	NC_051811.1	53043867	53044867	1.007018421292305
1000	NC_051836.1	25942121	25943121	0.9356631626486778
1000	NC_051808.1	28925487	28926487	1.2012132093363386
1000	NC_051805.1	104554494	104555494	0.8535462979893935
1000	NC_051817.1	16190453	16191453	0.9183066333532334
1000	NC_051815.1	35657886	35658886	1.1668182021975517
1000	NC_051823.1	37227803	37228803	0.9838985837101937
1000	NC_051813.1	56721409	56722409	1.4748093219399452
1000	NC_051822.1	30325702	30326702	1.0231331940293311
1000	NC_051831.1	40580714	40581714	0.9709058283567429
1000	NC_051805.1	110878039	110879039	1.3570509070158006
1000	NC_051805.1	116258300	116259300	0.8504466280341149
1000	NC_051823.1	49120746	49121746	1.0862100402712822
1000	NC_051832.1	24085000	24086000	0.8796227283966846
1000	NC_051808.1	69426186	69427186	0.978256287574768
1000	NC_051830.1	7295595	7296595	1.0361299580335617
1000	NC_051808.1	1200395	1201395	0.9782222406566143
1000	NC_051829.1	24382980	24383980	1.0199322418868542
1000	NC_051826.1	46979527	46980527	0.9446015485525131
1000	NC_051813.1	13057732	13058732	1.0207810562849045
1000	NC_051843.1	30657205	30658205	0.8310724407434463
1000	NC_051805.1	55326893	55327893	1.239619435429573
1000	NC_051810.1	7859647	7860647	1.1942421816587447
1000	NC_051844.1	1348038	1349038	1.0418721636086703
1000	NC_051812.1	20409792	20410792	0.86028671169281
1000	NC_051820.1	1637076	1638076	2.4232133734226227
1000	NC_051806.1	25112940	25113940	0.8634744989871979
1000	NC_051843.1	34825391	34826391	1.1112103338241577
1000	NC_051828.1	37531231	37532231	1.3950497785806655
1000	NC_051817.1	3244502	3245502	0.9942519653439522
1000	NC_051809.1	41657251	41658251	1.0685450109243393
1000	NC_051823.1	6794443	6795443	0.9962912578582763
1000	NC_051820.1	57451460	57452460	0.9995831373333931
1000	NC_051838.1	31395675	31396675	0.9108794823288917
1000	NC_051811.1	12560874	12561874	1.0300107461214065
1000	NC_051820.1	57244160	57245160	1.3652007210254669
1000	NC_051811.1	5726007	5727007	1.1561848878860475
1000	NC_051805.1	104296338	104297338	1.042066259086132
1000	NC_051822.1	2447391	2448391	1.225292241871357
1000	NC_051812.1	54308893	54309893	1.0883438455164431
1000	NC_051836.1	13899316	13900316	0.9043806450366974
1000	NC_051835.1	9495549	9496549	0.9700578737854958
1000	NC_051806.1	69203561	69204561	1.0876022418439388
1000	NC_051815.1	12080985	12081985	0.45437557250261307
1000	NC_051836.1	27306148	27307148	0.9888427925109863
1000	NC_051837.1	4575849	4576849	0.8870993309170008
1000	NC_051810.1	10083450	10084450	0.9127768568694592
1000	NC_051814.1	31838491	31839491	1.1181989080905914
1000	NC_051807.1	49126489	49127489	1.0111914091706276
1000	NC_051817.1	60470080	60471080	0.9964256510138512
1000	NC_051827.1	38251957	38252957	0.9927840427160263
1000	NC_051819.1	37507222	37508222	0.9563263846039772
1000	NC_051824.1	52908285	52909285	1.1902320295572282
1000	NC_051827.1	1686718	1687718	1.1478077906370163
1000	NC_051825.1	27763360	27764360	1.557561953862508
1000	NC_051824.1	21069586	21070586	1.091527356147766
1000	NC_051824.1	25508873	25509873	1.0792349877357483
1000	NC_051817.1	60146044	60147044	0.5944788232216468
1000	NC_051843.1	96269013	96270013	1.0341181287169456
1000	NC_051843.1	44744952	44745952	
1000	NC_051823.1	45357341	45358341	0.9034769668579101
1000	NC_051830.1	9751362	9752362	0.9685690324902535
1000	NC_051819.1	11608677	11609677	0.9082337539792061
1000	NC_051811.1	45769203	45770203	1.0093270492553712
1000	NC_051843.1	444102	445102	0.952416683793068
1000	NC_051836.1	12827446	12828446	0.6234865128993988
1000	NC_051811.1	41629341	41630341	3.9513204048871993
1000	NC_051827.1	21700122	21701122	0.9398993394374847
1000	NC_051833.1	18282886	18283886	1.000838615834713
1000	NC_051844.1	3036699	3037699	1.1652574828863145
1000	NC_051811.1	28289114	28290114	0.9370386718213558
1000	NC_051811.1	32647760	32648760	0.9089337486028671
1000	NC_051816.1	6860603	6861603	0.9363648344278336
1000	NC_051805.1	104343664	104344664	1.1638795889019966
1000	NC_051812.1	8609355	8610355	0.9728067415952683
1000	NC_051808.1	73379320	73380320	0.8506887724995613
1000	NC_051807.1	67995057	67996057	0.9939794658422471
1000	NC_051837.1	3475382	3476382	1.0782307074666024
1000	NC_051807.1	20534735	20535735	0.9472921645641327
1000	NC_051805.1	61552603	61553603	1.0568878497481347
1000	NC_051811.1	57959107	57960107	1.0084756855113166
1000	NC_051820.1	10277910	10278910	0.9693793672323227
1000	NC_051843.1	91864468	91865468	0.9524667524695396
1000	NC_051816.1	9215313	9216313	1.1481371768712998
1000	NC_051836.1	36704179	36705179	0.8599361726045609
1000	NC_051811.1	19845259	19846259	0.9129918949604034
1000	NC_051833.1	14277519	14278519	0.8937235231697559
1000	NC_051805.1	33706316	33707316	0.5163272124970401
1000	NC_051817.1	39545781	39546781	1.1037402802705765
1000	NC_051840.1	389396	390396	0.9391494775414467
1000	NC_051825.1	27199888	27200888	1.0765287267565726
1000	NC_051809.1	52221990	52222990	0.9782909986376762
1000	NC_051827.1	35306120	35307120	1.008541471362114
1000	NC_051806.1	58370418	58371418	0.9153131210498321
1000	NC_051838.1	27424101	27425101	0.8298352419435978
1000	NC_051832.1	24254946	24255946	1.0680028650164604
1000	NC_051811.1	39696104	39697104	1.0820215913653373
1000	NC_051828.1	5960570	5961570	1.1552723762392998
1000	NC_051832.1	2267759	2268759	0.9670484943389892
1000	NC_051805.1	47602929	47603929	0.8318921173810959
1000	NC_051834.1	24011123	24012123	0.9644586965441704
1000	NC_051814.1	14500767	14501767	0.9497618913650513
1000	NC_051824.1	5501334	5502334	1.5397774809598923
1000	NC_051806.1	8614778	8615778	0.9772910408377647
1000	NC_051805.1	115725738	115726738	0.9646291519999504
1000	NC_051813.1	56832857	56833857	1.097977623820305
1000	NC_051826.1	36122029	36123029	0.9295501468181611
1000	NC_051826.1	61437424	61438424	1.2693051108717919
1000	NC_051820.1	18049978	18050978	1.1785500177145005
1000	NC_051815.1	39350473	39351473	0.9503368818461895
1000	NC_051823.1	43393295	43394295	0.9206915673613548
1000	NC_051832.1	40136170	40137170	1.3333224987983703
1000	NC_051817.1	26833880	26834880	1.1435175481438637
1000	NC_051838.1	14050073	14051073	0.9935700533390045
1000	NC_051808.1	73468997	73469997	0.9757615470886231
1000	NC_051811.1	68849074	68850074	0.7071613071560859
1000	NC_051828.1	38583082	38584082	1.008424924850464
1000	NC_051819.1	52565260	52566260	0.9457165643572807
1000	NC_051809.1	79416694	79417694	1.0379210339784621
1000	NC_051815.1	63814049	63815049	1.3867252165675163
1000	NC_051813.1	39606142	39607142	1.06068214905262
1000	NC_051817.1	32659538	32660538	0.9558744208216667
1000	NC_051827.1	2316332	2317332	1.003441938906908
1000	NC_051817.1	8785636	8786636	1.1532019374966622
1000	NC_051838.1	27418942	27419942	0.931074707686901
1000	NC_051818.1	2201342	2202342	1.083891194820404
1000	NC_051826.1	8815113	8816113	0.9338135251402855
1000	NC_051823.1	49058680	49059680	0.9819857251644134
1000	NC_051834.1	21946829	21947829	0.8356571863889695
1000	NC_051814.1	15668540	15669540	0.920814910531044
1000	NC_051842.1	19352884	19353884	0.9681887243986129
1000	NC_051822.1	50396397	50397397	1.211550854086876
1000	NC_051819.1	38397965	38398965	0.595976675444461
1000	NC_051806.1	38876060	38877060	1.143413390815258
1000	NC_051838.1	37290358	37291358	0.9844841619133949
1000	NC_051818.1	49941535	49942535	0.9901109811663628
1000	NC_051812.1	54671259	54672259	0.9587612659931183
1000	NC_051807.1	31846775	31847775	
1000	NC_051829.1	29716193	29717193	1.0723374631404876
1000	NC_051810.1	43568978	43569978	1.0255277844667434
1000	NC_051824.1	28280977	28281977	1.045394063949585
1000	NC_051807.1	90940363	90941363	1.1201227579116821
1000	NC_051818.1	54355209	54356209	0.9852327186465263
1000	NC_051809.1	44262994	44263994	1.2113545342683791
1000	NC_051821.1	38220625	38221625	1.0422944530844689
1000	NC_051808.1	53936015	53937015	1.0712963902950288
1000	NC_051808.1	55058316	55059316	0.9688483325242996
1000	NC_051813.1	53094728	53095728	0.935445161998272
1000	NC_051825.1	2001023	2002023	1.073069390833378
1000	NC_051835.1	24768777	24769777	0.8791561870574951
1000	NC_051829.1	21073318	21074318	1.0442315103411675
1000	NC_051824.1	49506137	49507137	1.3322199193239213
1000	NC_051818.1	51284074	51285074	1.0237788792848588
1000	NC_051815.1	29730151	29731151	1.0125521670579911
1000	NC_051816.1	5193355	5194355	2.13389588534832
1000	NC_051817.1	8280483	8281483	0.9105669875144958
1000	NC_051815.1	24182512	24183512	1.0195650906052687
1000	NC_051812.1	2601846	2602846	0.8424728244543076
1000	NC_051830.1	2943682	2944682	1.1205971898436546
1000	NC_051833.1	24301948	24302948	0.8351926367282867
1000	NC_051821.1	49810487	49811487	1.0840597543120385
1000	NC_051832.1	35752982	35753982	1.0624199610352516
1000	NC_051807.1	56875702	56876702	1.2892454548478127
1000	NC_051805.1	120477527	120478527	1.1016876069307326
1000	NC_051823.1	43797547	43798547	0.8664709988236428
1000	NC_051814.1	20390762	20391762	1.3508914017081262
1000	NC_051815.1	45216170	45217170	0.9185679602622986
1000	NC_051806.1	65773983	65774983	1.0669699773192405
1000	NC_051807.1	785814	786814	1.084297479748726
1000	NC_051807.1	34071515	34072515	1.0067829057574271
1000	NC_051820.1	37887514	37888514	0.9499077308773994
1000	NC_051818.1	6863915	6864915	1.0303712695837022
1000	NC_051805.1	85322871	85323871	0.8703283885717392
1000	NC_051811.1	2307820	2308820	0.9492034044861793
1000	NC_051840.1	24149072	24150072	0.8274006919264794
1000	NC_051817.1	53958677	53959677	0.8608514121174813
1000	NC_051833.1	3426307	3427307	0.970698730289936
1000	NC_051838.1	12004033	12005033	1.2960516300201417
1000	NC_051811.1	33522388	33523388	0.9776049899458885
1000	NC_051805.1	32776480	32777480	0.8538961995870639
1000	NC_051840.1	18361506	18362506	0.9217837291955948
1000	NC_051827.1	35152142	35153142	1.026088272511959
1000	NC_051825.1	16541252	16542252	0.9072987406849861
1000	NC_051834.1	14535291	14536291	0.914981587767601
1000	NC_051834.1	19230150	19231150	0.9293799109756946
1000	NC_051816.1	2875339	2876339	1.1594729155898094
1000	NC_051823.1	19259902	19260902	1.0070808737277985
1000	NC_051818.1	55676812	55677812	1.0633479946255684
1000	NC_051820.1	60600690	60601690	0.975044101178646
1000	NC_051815.1	62733909	62734909	0.8971211760044098
1000	NC_051821.1	25856515	25857515	0.9800659155845642
1000	NC_051814.1	35312940	35313940	1.307875774204731
1000	NC_051815.1	54608616	54609616	1.0598454508185386
1000	NC_051815.1	43830679	43831679	0.9505557026863098
1000	NC_051806.1	53174957	53175957	1.1190734168887138
1000	NC_051826.1	5289653	5290653	0.8834903425574303
1000	NC_051818.1	30824546	30825546	1.0897179402709007
1000	NC_051828.1	34859762	34860762	1.0588339284062385
1000	NC_051835.1	29964701	29965701	0.9957162927389145
1000	NC_051815.1	59494419	59495419	1.0273167699575425
1000	NC_051828.1	15971866	15972866	0.9968001930117607
1000	NC_051823.1	7918301	7919301	0.8658370517609194
1000	NC_051821.1	41364394	41365394	1.0194680995345116
1000	NC_051831.1	45164722	45165722	1.0531694161891938
1000	NC_051821.1	12442081	12443081	1.5238056383132934
1000	NC_051808.1	43380789	43381789	1.215868061184883
1000	NC_051826.1	25292780	25293780	0.9968578660488129
1000	NC_051819.1	55119969	55120969	0.8342083376049996
1000	NC_051838.1	16042628	16043628	0.812570119202137
1000	NC_051831.1	35276814	35277814	1.010599064052105
1000	NC_051843.1	66875043	66876043	0.7884619742631912
1000	NC_051817.1	54680043	54681043	0.8772837894558907
1000	NC_051809.1	70589588	70590588	2.746766438007355
1000	NC_051812.1	5906697	5907697	0.9795421060323716
1000	NC_051807.1	31397750	31398750	0.7281510956585407
1000	NC_051819.1	25941146	25942146	0.9305123596191406
1000	NC_051825.1	10024388	10025388	0.8582110580205917
1000	NC_051809.1	11066492	11067492	1.0776394826173783
1000	NC_051843.1	15693769	15694769	0.9588226510882377
1000	NC_051826.1	61003218	61004218	1.349513097167015
1000	NC_051819.1	61056225	61057225	1.0241529777646066
1000	NC_051805.1	94740580	94741580	0.940182698071003
1000	NC_051822.1	32671615	32672615	1.1898129174113274
1000	NC_051805.1	79665912	79666912	0.9865831669923422
1000	NC_051824.1	50723248	50724248	1.0213047147989274
1000	NC_051830.1	30532251	30533251	1.2775924481153489
1000	NC_051824.1	29089711	29090711	1.1057856994271278
1000	NC_051811.1	64206992	64207992	1.1838367090821267
1000	NC_051816.1	71567588	71568588	0.974499249458313
1000	NC_051808.1	23246959	23247959	1.9066290513277053
1000	NC_051825.1	2915414	2916414	0.9001457843780517
1000	NC_051843.1	113288696	113289696	0.867079405784607
1000	NC_051828.1	43748809	43749809	1.177037264585495
1000	NC_051843.1	12118009	12119009	0.9278623173236847
1000	NC_051814.1	50858197	50859197	0.889444864988327
1000	NC_051823.1	43504619	43505619	0.9243947685070527
1000	NC_051810.1	6243109	6244109	1.1057929472327233
1000	NC_051816.1	42720910	42721910	0.9457038882374763
1000	NC_051843.1	25644797	25645797	0.8382971369326114
1000	NC_051843.1	106003399	106004399	0.9683663548827172
1000	NC_051828.1	18115767	18116767	1.3084290747642517
1000	NC_051816.1	24234408	24235408	0.8912201082706451
1000	NC_051814.1	9815867	9816867	0.9980913043022156
1000	NC_051810.1	14068371	14069371	0.8956264186799526
1000	NC_051810.1	25677756	25678756	1.0914457124471664
1000	NC_051807.1	30852056	30853056	0.8326751430332661
1000	NC_051839.1	5857797	5858797	1.1017065923213958
1000	NC_051806.1	7537451	7538451	0.9186969376802444
1000	NC_051820.1	20141476	20142476	1.220138475358486
1000	NC_051814.1	19960107	19961107	1.27477507096529
1000	NC_051805.1	63827652	63828652	1.003622644007206
1000	NC_051825.1	35066703	35067703	1.089403597354889
1000	NC_051827.1	30023234	30024234	0.9362738224864006
1000	NC_051822.1	18171872	18172872	1.2294495408535004
1000	NC_051814.1	30810896	30811896	1.0806387500166894
1000	NC_051810.1	32830261	32831261	0.9626627912521363
1000	NC_051805.1	61664821	61665821	0.7712714479863644
1000	NC_051813.1	44899182	44900182	0.9366325556635856
1000	NC_051807.1	62953483	62954483	1.2867773956656456
1000	NC_051806.1	75612265	75613265	1.290153033733368
1000	NC_051816.1	47932711	47933711	1.083247155368328
1000	NC_051833.1	30609526	30610526	0.8681469202637673
1000	NC_051843.1	119102853	119103853	1.1649640802145005
1000	NC_051817.1	45063687	45064687	0.968233437627554
1000	NC_051824.1	15567673	15568673	0.9751262241601943
1000	NC_051824.1	16325057	16326057	1.008549231529236
1000	NC_051813.1	38586191	38587191	0.9826778385937214
1000	NC_051806.1	65303661	65304661	1.4086852892637254
1000	NC_051808.1	18691830	18692830	0.9200127327442169
1000	NC_051807.1	77329818	77330818	0.9949341000737371
1000	NC_051805.1	114222719	114223719	1.1555506047606467
1000	NC_051823.1	28785582	28786582	0.9980907871723175
1000	NC_051815.1	71572500	71573500	2.6553959116339683
1000	NC_051820.1	44461089	44462089	
1000	NC_051813.1	43139487	43140487	1.0668642356991769
1000	NC_051819.1	42220165	42221165	1.043630000948906
1000	NC_051830.1	33234311	33235311	0.855444342315197
1000	NC_051833.1	33978467	33979467	0.9941852567791939
1000	NC_051815.1	74584019	74585019	1.001352766931057
1000	NC_051830.1	9620651	9621651	1.0594328445196153
1000	NC_051826.1	37436526	37437526	0.9599474192261696
1000	NC_051829.1	3710219	3711219	0.9218912854194641
1000	NC_051838.1	31685798	31686798	1.010362867474556
1000	NC_051814.1	3263712	3264712	0.9048280683755875
1000	NC_051812.1	49180696	49181696	1.0356010041236878
1000	NC_051823.1	33525846	33526846	0.6505903154611588
1000	NC_051832.1	31445102	31446102	0.9692771176099777
1000	NC_051816.1	34077361	34078361	1.008853455901146
1000	NC_051814.1	35793555	35794555	1.124105380475521
1000	NC_051809.1	30517893	30518893	0.9426676569581032
1000	NC_051840.1	8092761	8093761	0.974737348139286
1000	NC_051813.1	3047471	3048471	1.2367501118779183
1000	NC_051811.1	78992988	78993988	1.2513002618551254
1000	NC_051829.1	49744056	49745056	0.9079599335668532
1000	NC_051827.1	30578671	30579671	0.9522435495257378
1000	NC_051825.1	2396757	2397757	0.948566996395588
1000	NC_051839.1	19040703	19041703	0.9051007221341133
1000	NC_051822.1	36749647	36750647	0.9788406677246094
1000	NC_051811.1	5498360	5499360	1.1543186768889426
1000	NC_051828.1	45853214	45854214	1.0521754738092421
1000	NC_051821.1	32347337	32348337	1.0756991398334503
1000	NC_051823.1	53108084	53109084	0.9995879594087601
1000	NC_051831.1	17695763	17696763	1.0491027009487153
1000	NC_051829.1	47860012	47861012	1.1703818869590759
1000	NC_051828.1	34884953	34885953	1.16337179762125
1000	NC_051838.1	41561523	41562523	1.1706739432215691
1000	NC_051843.1	75655738	75656738	0.9828209109902382
1000	NC_051807.1	82122157	82123157	0.8108308095633984
1000	NC_051828.1	30863611	30864611	1.034214403629303
1000	NC_051819.1	17308638	17309638	1.2239624586701394
1000	NC_051821.1	18869161	18870161	0.9802657968401909
1000	NC_051815.1	18330011	18331011	0.8688591839075088
1000	NC_051814.1	63965970	63966970	0.959608111679554
1000	NC_051809.1	69882631	69883631	1.141994134247303
1000	NC_051816.1	42362466	42363466	0.8981195369064808
1000	NC_051807.1	86532752	86533752	1.064816091954708
1000	NC_051821.1	36980538	36981538	1.119703270494938
1000	NC_051809.1	46922314	46923314	0.9224273705780506
1000	NC_051822.1	33995098	33996098	1.1553102853298187
1000	NC_051831.1	41212769	41213769	2.452676851809025
1000	NC_051811.1	29301067	29302067	1.1266885603070258
1000	NC_051843.1	37384874	37385874	0.8703890497088432
1000	NC_051805.1	69205382	69206382	1.0799568918943405
1000	NC_051834.1	35209657	35210657	1.1115930277109145
1000	NC_051832.1	8236531	8237531	0.9903747847080231
1000	NC_051828.1	30583444	30584444	1.1233763577342033
1000	NC_051843.1	123105822	123106822	1.014112360060215
1000	NC_051812.1	29161431	29162431	0.8227453201413154
1000	NC_051813.1	47520865	47521865	0.9454309450857568
1000	NC_051825.1	10011627	10012627	0.8515442881584168
1000	NC_051806.1	51517829	51518829	0.9540901749134064
1000	NC_051805.1	70334491	70335491	1.8057753812074662
1000	NC_051807.1	5364500	5365500	0.954606993496418
1000	NC_051811.1	61847313	61848313	1.0538876756429671
1000	NC_051820.1	56249557	56250557	0.9490772693753242
1000	NC_051832.1	6401334	6402334	1.0113397802710533
1000	NC_051829.1	43541914	43542914	1.4360972837805748
1000	NC_051816.1	65367965	65368965	0.9136392822861672
1000	NC_051829.1	44868858	44869858	1.3604234256744385
1000	NC_051830.1	3633144	3634144	1.0173169194459915
1000	NC_051823.1	49824821	49825821	0.9105459681153297
1000	NC_051820.1	195668	196668	0.7373371371626853
1000	NC_051818.1	54337360	54338360	0.8449570596218109
1000	NC_051833.1	5007070	5008070	0.8706430941820145
1000	NC_051805.1	70674688	70675688	1.0088162240982055
1000	NC_051806.1	45531845	45532845	1.031406911611557
1000	NC_051843.1	75039138	75040138	0.8039836851358414
1000	NC_051828.1	268666	269666	1.0006800432801246
1000	NC_051811.1	66670434	66671434	0.917279160797596
1000	NC_051815.1	73089215	73090215	0.9294566679000854
1000	NC_051805.1	64548152	64549152	0.9676920738816261
1000	NC_051821.1	1763499	1764499	1.357657102704048
1000	NC_051843.1	64509553	64510553	
1000	NC_051814.1	68936866	68937866	0.815120343118906
1000	NC_051819.1	38790344	38791344	0.8998025521039963
1000	NC_051820.1	6230290	6231290	1.0979898416996001
1000	NC_051823.1	13874732	13875732	0.9172658091187477
1000	NC_051824.1	57933045	57934045	1.3809732896089555
1000	NC_051805.1	110943758	110944758	1.4125381764173508
1000	NC_051810.1	20890712	20891712	1.058684152841568
1000	NC_051807.1	19495069	19496069	0.9546922957897186
1000	NC_051809.1	44827085	44828085	0.9079594238102436
1000	NC_051807.1	58128021	58129021	1.2524961462616921
1000	NC_051829.1	13579982	13580982	0.9501433929800988
1000	NC_051841.1	27436858	27437858	0.964670645415783
1000	NC_051826.1	1190438	1191438	1.0375575987696648
1000	NC_051806.1	17012967	17013967	1.0515280992388725
1000	NC_051810.1	7744836	7745836	1.2267825567126274
1000	NC_051843.1	122234572	122235572	0.9084078645110131
1000	NC_051815.1	24733432	24734432	1.0667026367485524
1000	NC_051820.1	20205661	20206661	1.123606396794319
1000	NC_051812.1	73741216	73742216	
1000	NC_051810.1	76675414	76676414	0.938152577996254
1000	NC_051815.1	74569440	74570440	1.321086960732937
1000	NC_051807.1	39875346	39876346	0.9695688653588295
1000	NC_051815.1	23908947	23909947	1.2071094346642495
1000	NC_051808.1	76254745	76255745	1.264575932919979
1000	NC_051823.1	16955582	16956582	0.9246887489557266
1000	NC_051809.1	36423466	36424466	1.0019455775618553
1000	NC_051805.1	8597904	8598904	0.980661528468132
1000	NC_051806.1	23558587	23559587	
1000	NC_051815.1	9485546	9486546	0.5075211023029528
1000	NC_051828.1	39569027	39570027	0.9946252272725106
1000	NC_051843.1	44538004	44539004	0.8854806883335113
1000	NC_051828.1	20854578	20855578	1.1668551723957061
1000	NC_051826.1	48593367	48594367	0.9299607231616974
1000	NC_051813.1	13457151	13458151	1.8239432837963103
1000	NC_051821.1	16333202	16334202	0.9274331337809563
1000	NC_051818.1	48629607	48630607	1.431691172003746
1000	NC_051810.1	35396626	35397626	1.034703603565693
1000	NC_051807.1	92262401	92263401	1.2067678559422492
1000	NC_051843.1	96461936	96462936	0.865509380877018
1000	NC_051835.1	31971837	31972837	1.152662639796734
1000	NC_051832.1	36875008	36876008	1.0963339249491693
1000	NC_051825.1	10853973	10854973	1.0068930215835572
1000	NC_051830.1	6851350	6852350	1.1171493858098984
1000	NC_051812.1	56119958	56120958	0.8810100446939468
1000	NC_051809.1	87684497	87685497	0.9583626815676689
1000	NC_051819.1	21393487	21394487	0.9253195995688438
1000	NC_051822.1	30497207	30498207	0.8477559382319451
1000	NC_051831.1	38707115	38708115	1.2091272228956222
1000	NC_051826.1	2193608	2194608	0.9501911308169365
1000	NC_051819.1	17179396	17180396	0.89102682441473
1000	NC_051814.1	5513430	5514430	0.6598528324752241
1000	NC_051805.1	28969684	28970684	1.0350493655800819
1000	NC_051814.1	56842436	56843436	1.1148984544873237
1000	NC_051822.1	14568510	14569510	0.8389521515369416
1000	NC_051806.1	68727353	68728353	1.2689340739250183
1000	NC_051805.1	33358566	33359566	0.8604537872076035
1000	NC_051825.1	51144932	51145932	0.9640769653320312
1000	NC_051814.1	39977817	39978817	0.8825483782291412
1000	NC_051808.1	82910310	82911310	0.9972109383344651
1000	NC_051823.1	52938713	52939713	0.8363770397305489
1000	NC_051827.1	3339126	3340126	1.1329451159238815
1000	NC_051833.1	22342605	22343605	0.926711669266224
1000	NC_051838.1	24774594	24775594	1.0685465038418769
1000	NC_051827.1	20391554	20392554	1.0615026613473892
1000	NC_051810.1	22970880	22971880	1.013458235859871
1000	NC_051816.1	47908930	47909930	1.1590839368104935
1000	NC_051805.1	35976211	35977211	0.9728519371151925
1000	NC_051837.1	30240627	30241627	1.3016553589701652
1000	NC_051812.1	73372863	73373863	
1000	NC_051813.1	61862244	61863244	1.762489874958992
1000	NC_051818.1	51515189	51516189	0.9274154887199402
1000	NC_051813.1	52779161	52780161	0.9248037154078483
1000	NC_051818.1	26349970	26350970	0.8855542096495629
1000	NC_051808.1	59241694	59242694	1.0227745505571366
1000	NC_051817.1	1638983	1639983	1.0336740860939027
1000	NC_051826.1	19216207	19217207	0.8529039120674133
1000	NC_051808.1	43456052	43457052	1.0336613057851791
1000	NC_051828.1	11366139	11367139	0.9390849091410637
1000	NC_051808.1	53615320	53616320	0.8793048372864724
1000	NC_051828.1	20610575	20611575	1.1557946816086768
1000	NC_051831.1	18533761	18534761	0.9331222296953201
1000	NC_051836.1	3702522	3703522	0.9633192146420478
1000	NC_051829.1	7663952	7664952	0.9082882167100906
1000	NC_051831.1	15691629	15692629	1.0253075091838837
1000	NC_051829.1	15937507	15938507	1.0188000116944314
1000	NC_051822.1	34180139	34181139	1.215671872496605
1000	NC_051829.1	1511561	1512561	1.0025359730124475
1000	NC_051822.1	56840309	56841309	1.0847948330044745
1000	NC_051833.1	6003639	6004639	1.0301192048192025
1000	NC_051836.1	29043594	29044594	1.0003596996068955
1000	NC_051843.1	57305984	57306984	0.9418122086524964
1000	NC_051808.1	17185692	17186692	0.9573220925331116
1000	NC_051823.1	19441970	19442970	0.9394669324159622
1000	NC_051822.1	25556985	25557985	0.9445170474052429
1000	NC_051833.1	889675	890675	1.0872548773884774
1000	NC_051816.1	68477562	68478562	0.9779640001654625
1000	NC_051828.1	32145861	32146861	0.8775468021631241
1000	NC_051821.1	12884550	12885550	0.9132235057651996
1000	NC_051805.1	21962520	21963520	0.9661451324820518
1000	NC_051821.1	32980826	32981826	1.0371460982263088
1000	NC_051829.1	9788134	9789134	1.0376603263616562
1000	NC_051814.1	45697750	45698750	1.0002583235502243
1000	NC_051805.1	44461089	44462089	0.941828328371048
1000	NC_051843.1	14674630	14675630	1.1116463166475297
1000	NC_051841.1	18147897	18148897	0.9216006031632423
1000	NC_051811.1	68091931	68092931	0.7613351172059775
1000	NC_051827.1	23253099	23254099	0.9197420623898506
1000	NC_051814.1	15994047	15995047	0.9473997690677642
1000	NC_051816.1	4945848	4946848	1.390832710981369
1000	NC_051811.1	51951195	51952195	0.868583881855011
1000	NC_051808.1	28920936	28921936	1.0581810652895978
1000	NC_051826.1	21749531	21750531	0.9325700876116753
1000	NC_051811.1	42677356	42678356	1.4133504149913787
1000	NC_051821.1	4311496	4312496	1.0742353450655937
1000	NC_051832.1	20625348	20626348	0.7606284967064858
1000	NC_051843.1	78147465	78148465	0.8114869758486748
1000	NC_051838.1	5522510	5523510	1.098432836830616
1000	NC_051828.1	38257528	38258528	1.0579453084468842
1000	NC_051815.1	52315735	52316735	1.315118549466133
1000	NC_051814.1	61846354	61847354	0.9965646571516991
1000	NC_051843.1	716601	717601	1.1950181444883348
1000	NC_051824.1	58774317	58775317	1.4673773282766343
1000	NC_051821.1	26340675	26341675	0.9524923473596573
1000	NC_051805.1	110596450	110597450	2.30310640335083
1000	NC_051824.1	10227253	10228253	1.0443026331663132
1000	NC_051820.1	60728661	60729661	1.2825830522179604
1000	NC_051826.1	48882053	48883053	0.9760053721666336
1000	NC_051823.1	29938162	29939162	1.2078133928179742
1000	NC_051806.1	70265151	70266151	1.1727276270985603
1000	NC_051827.1	47827692	47828692	0.9668304669857025
1000	NC_051812.1	53855017	53856017	1.0793378650546075
1000	NC_051809.1	22586509	22587509	0.9470097620487213
1000	NC_051809.1	19155280	19156280	0.9507984595000744
1000	NC_051820.1	49203515	49204515	1.0270576974749566
1000	NC_051826.1	8423204	8424204	1.0774719247221947
1000	NC_051807.1	68143147	68144147	1.004163822412491
1000	NC_051813.1	1667192	1668192	3.6368403121232986
1000	NC_051809.1	70085363	70086363	1.0075574565529823
1000	NC_051813.1	61298326	61299326	1.33553093957901
1000	NC_051810.1	60173302	60174302	0.931258770108223
1000	NC_051815.1	14864060	14865060	0.9085160768032075
1000	NC_051824.1	34483762	34484762	0.9967041185498238
1000	NC_051815.1	59068418	59069418	0.9466327977776527
1000	NC_051824.1	48474249	48475249	0.9872084907889366
1000	NC_051835.1	19050011	19051011	0.9500182101726532
1000	NC_051822.1	5887238	5888238	1.0870203115344048
1000	NC_051828.1	14157728	14158728	0.9141376100182533
1000	NC_051834.1	1212074	1213074	0.9726267696022988
1000	NC_051843.1	59142901	59143901	0.9416529164910317
1000	NC_051838.1	328360	329360	0.9765065664052963
1000	NC_051832.1	8244761	8245761	0.9566619275808335
1000	NC_051823.1	34040916	34041916	0.8977653401494026
1000	NC_051820.1	33169111	33170111	1.3394956761598587
1000	NC_051836.1	13916429	13917429	0.9080420848727226
1000	NC_051821.1	39994176	39995176	1.2182119337916375
1000	NC_051805.1	38960900	38961900	0.9203762948513031
1000	NC_051839.1	12077848	12078848	0.9906441251635552
1000	NC_051828.1	17204700	17205700	1.0088454589247704
1000	NC_051838.1	2153461	2154461	1.0208285635709762
1000	NC_051834.1	37611919	37612919	1.1468250483870506
1000	NC_051805.1	67413237	67414237	0.934028046771884
1000	NC_051822.1	8743474	8744474	0.9497900574207306
1000	NC_051813.1	3384591	3385591	1.1428862128853798
1000	NC_051824.1	21464105	21465105	0.9063526627421379
1000	NC_051814.1	64232565	64233565	0.8591390976309776
1000	NC_051836.1	23091060	23092060	0.9923618039488793
1000	NC_051805.1	113245796	113246796	1.6424028061628342
1000	NC_051811.1	68515855	68516855	0.9384640327095986
1000	NC_051830.1	28872479	28873479	0.8988518607310759
1000	NC_051816.1	26205568	26206568	0.9142928337454795
1000	NC_051824.1	38679866	38680866	1.0103671927452087
1000	NC_051829.1	8314411	8315411	1.063549664735794
1000	NC_051806.1	61938878	61939878	1.1050924616456033
1000	NC_051808.1	68547480	68548480	0.952564277946949
1000	NC_051841.1	4105437	4106437	0.9413985154628753
1000	NC_051840.1	10814112	10815112	1.0672621295452118
1000	NC_051807.1	74055069	74056069	0.9016253845095634
1000	NC_051822.1	49232647	49233647	1.3032555413842202
1000	NC_051815.1	14143466	14144466	1.1525124577283858
1000	NC_051811.1	10522661	10523661	1.094043777525425
1000	NC_051808.1	47773922	47774922	1.0086308965086936
1000	NC_051843.1	82109095	82110095	1.2086709001660347
1000	NC_051827.1	1751252	1752252	1.195355560898781
1000	NC_051839.1	2134650	2135650	1.0578022301197052
1000	NC_051825.1	10953115	10954115	0.9069893649220466
1000	NC_051826.1	28339640	28340640	0.9492306268215179
1000	NC_051838.1	39183362	39184362	0.955356759339571
1000	NC_051821.1	31237781	31238781	1.1301150705218315
1000	NC_051818.1	1839546	1840546	1.0154195547103881
1000	NC_051832.1	3038765	3039765	1.1670330756902694
1000	NC_051807.1	15850583	15851583	0.9243296745568513
1000	NC_051815.1	29805955	29806955	0.8288251575827599
1000	NC_051812.1	9293184	9294184	0.9559407350420952
1000	NC_051824.1	23705843	23706843	0.9252673388123512
1000	NC_051813.1	36189344	36190344	0.9701953508853912
1000	NC_051837.1	5459672	5460672	0.7934552001059055
1000	NC_051843.1	2976108	2977108	1.3007682008147239
1000	NC_051813.1	28432790	28433790	0.9698476439714432
1000	NC_051805.1	89697127	89698127	1.0713110478520393
1000	NC_051816.1	2708451	2709451	1.1551470322608948
1000	NC_051841.1	25286922	25287922	1.1680258308053018
1000	NC_051814.1	51412653	51413653	0.9644919138550758
1000	NC_051843.1	48908119	48909119	
1000	NC_051812.1	32268116	32269116	1.0233213617801666
1000	NC_051817.1	37516732	37517732	1.4765395351648332
1000	NC_051838.1	8940424	8941424	0.9933338811397553
1000	NC_051815.1	21611767	21612767	0.897447266638279
1000	NC_051815.1	49703204	49704204	1.1282241450548172
1000	NC_051839.1	5348578	5349578	0.9671989440321922
1000	NC_051819.1	41882968	41883968	1.168988936662674
1000	NC_051808.1	59427602	59428602	1.3118442919254303
1000	NC_051821.1	59048979	59049979	1.0982642371058464
1000	NC_051812.1	47539507	47540507	0.9458723110556603
1000	NC_051806.1	75665719	75666719	1.2119533230662345
1000	NC_051813.1	45086781	45087781	0.9112727430164814
1000	NC_051814.1	37771246	37772246	1.004423199236393
1000	NC_051819.1	36698245	36699245	0.9736589789390564
1000	NC_051808.1	23525908	23526908	0.956335390329361
1000	NC_051805.1	76995482	76996482	1.0272954721450807
1000	NC_051843.1	20031931	20032931	1.2078992726206779
1000	NC_051822.1	6647564	6648564	0.9997966900467873
1000	NC_051815.1	36936218	36937218	0.9437022776603698
1000	NC_051828.1	13028571	13029571	0.9533916295170785
1000	NC_051812.1	10631121	10632121	0.8614867849946022
1000	NC_051826.1	35560311	35561311	0.8997426003813743
1000	NC_051831.1	22155674	22156674	0.7662078650295734
1000	NC_051839.1	9691849	9692849	0.958459102511406
1000	NC_051809.1	73751464	73752464	1.0976722897291185
1000	NC_051807.1	88744317	88745317	1.0316720588803292
1000	NC_051832.1	7092989	7093989	1.096838074862957
1000	NC_051840.1	28215556	28216556	0.8869253413677216
1000	NC_051812.1	69648842	69649842	0.9412162693738937
1000	NC_051835.1	34497889	34498889	1.050737809240818
1000	NC_051834.1	21671371	21672371	0.9605719652175904
1000	NC_051821.1	43174757	43175757	0.885462899506092
1000	NC_051806.1	12574071	12575071	1.009034564971924
1000	NC_051843.1	54236196	54237196	1.1711281477212905
1000	NC_051814.1	29959468	29960468	1.0125513101816177
1000	NC_051814.1	43352999	43353999	1.1404645777344704
1000	NC_051843.1	48150672	48151672	0.7433718464374542
1000	NC_051806.1	45388761	45389761	
1000	NC_051832.1	4984049	4985049	1.053967999458313
1000	NC_051821.1	50815396	50816396	2.1329129807949068
1000	NC_051805.1	15850245	15851245	0.9439953264594078
1000	NC_051810.1	71320856	71321856	0.928951038300991
1000	NC_051805.1	32161338	32162338	0.933031712114811
1000	NC_051810.1	17848257	17849257	1.6485448440909385
1000	NC_051836.1	28811222	28812222	1.204895708143711
1000	NC_051839.1	12271634	12272634	0.9645911384224891
1000	NC_051813.1	24175174	24176174	1.44790172791481
1000	NC_051844.1	779911	780911	1.0208625313043593
1000	NC_051821.1	50369141	50370141	0.9663313324451447
1000	NC_051811.1	13613957	13614957	1.0078256130218506
1000	NC_051820.1	19927432	19928432	1.3115871706604958
1000	NC_051821.1	52969874	52970874	1.2069363915324212
1000	NC_051843.1	1738126	1739126	0.9181721647977829
1000	NC_051822.1	51535630	51536630	1.029747933447361
1000	NC_051810.1	46111752	46112752	1.0511913141012192
1000	NC_051831.1	13670831	13671831	0.9007454771399498
1000	NC_051807.1	68469194	68470194	0.9419221261143684
1000	NC_051823.1	34462065	34463065	1.0087248128652573
1000	NC_051835.1	26010456	26011456	0.9355223343074321
1000	NC_051810.1	9010003	9011003	1.3370966139435767
1000	NC_051818.1	53572640	53573640	0.882996923327446
1000	NC_051807.1	14188934	14189934	0.9876277329325676
1000	NC_051809.1	9460746	9461746	1.1563650571107864
1000	NC_051812.1	52637314	52638314	1.0022994636893272
1000	NC_051830.1	20190488	20191488	1.062935966014862
1000	NC_051809.1	61914463	61915463	1.060102327644825
1000	NC_051808.1	88352626	88353626	0.936520858222701
1000	NC_051823.1	55230541	55231541	1.6622687940001488
1000	NC_051835.1	36709806	36710806	0.9066682558492194
1000	NC_051825.1	38267540	38268540	0.9474066936969757
1000	NC_051808.1	63683646	63684646	0.9606830187439919
1000	NC_051805.1	52526086	52527086	0.8706435280442237
1000	NC_051807.1	40319066	40320066	0.9811103643774987
1000	NC_051814.1	6874317	6875317	1.0338100841641427
1000	NC_051840.1	6950387	6951387	3.0206782826185226
1000	NC_051838.1	31010927	31011927	0.9530423685312271
1000	NC_051828.1	39995529	39996529	1.0947671487927437
1000	NC_051808.1	63822196	63823196	0.8572541111409664
1000	NC_051826.1	3003906	3004906	0.9923224798440933
1000	NC_051825.1	19223253	19224253	1.0328086153268814
1000	NC_051818.1	22550421	22551421	0.9116860563755036
1000	NC_051819.1	34985564	34986564	1.1242861187458038
1000	NC_051813.1	14875854	14876854	0.987791385769844
1000	NC_051816.1	7591000	7592000	1.0564356595277786
1000	NC_051843.1	76645126	76646126	0.9613703716993331
1000	NC_051821.1	32967914	32968914	0.5945002944910363
1000	NC_051833.1	30744603	30745603	0.8789625436365605
1000	NC_051807.1	32973127	32974127	0.9405996947288513
1000	NC_051819.1	42583467	42584467	1.0314431800246238
1000	NC_051822.1	42125951	42126951	0.9434261575639248
1000	NC_051839.1	1035000	1036000	1.0541294649243356
1000	NC_051843.1	44801260	44802260	
1000	NC_051810.1	272520	273520	0.8612042031227014
1000	NC_051809.1	83663220	83664220	0.783729065595002
1000	NC_051823.1	43178201	43179201	0.8192283629179001
1000	NC_051809.1	88531852	88532852	0.9427878326773643
1000	NC_051814.1	57270997	57271997	0.9486882035136223
1000	NC_051818.1	23009923	23010923	0.8479165478944778
1000	NC_051820.1	24020838	24021838	1.1324399114251136
1000	NC_051819.1	28685770	28686770	0.9525722879171371
1000	NC_051817.1	17583337	17584337	1.0480720143318176
1000	NC_051840.1	16417996	16418996	0.9846804302334785
1000	NC_051840.1	15621996	15622996	0.9570899397432804
1000	NC_051821.1	11051655	11052655	0.870868059694767
1000	NC_051812.1	57860824	57861824	0.8945716245770454
1000	NC_051832.1	16597225	16598225	1.198653508722782
1000	NC_051805.1	32594275	32595275	0.8051039554178715
1000	NC_051808.1	11301471	11302471	0.7117529072517004
1000	NC_051843.1	2751400	2752400	0.9914129644632339
1000	NC_051844.1	1052259	1053259	1.302761743068695
1000	NC_051807.1	70787743	70788743	1.0766054324507712
1000	NC_051839.1	18094326	18095326	0.955869724392891
1000	NC_051814.1	52332092	52333092	0.9312806966900825
1000	NC_051819.1	35381215	35382215	1.2618571454286576
1000	NC_051805.1	81603489	81604489	0.8895494303107262
1000	NC_051819.1	37158037	37159037	0.9077756390273571
1000	NC_051809.1	65602421	65603421	1.3219190452098846
1000	NC_051817.1	63008104	63009104	1.0663203564882278
1000	NC_051829.1	27659615	27660615	0.939910172522068
1000	NC_051843.1	85759911	85760911	1.0564042891860008
1000	NC_051824.1	49959580	49960580	1.2337149780988694
1000	NC_051823.1	7157302	7158302	0.9665587028264999
1000	NC_051821.1	39490963	39491963	0.8236701358556747
1000	NC_051806.1	57835859	57836859	1.4926333886384964
1000	NC_051828.1	34103397	34104397	1.315309210240841
1000	NC_051820.1	2956847	2957847	0.8932242218255997
1000	NC_051826.1	54056275	54057275	0.9228223010897636
1000	NC_051815.1	46985650	46986650	1.0005757100880146
1000	NC_051806.1	1697393	1698393	1.0841727024912835
1000	NC_051814.1	2518028	2519028	1.0004945503473281
1000	NC_051809.1	41391885	41392885	1.1335287350416183
1000	NC_051809.1	11194059	11195059	0.9167899924516678
1000	NC_051832.1	9636926	9637926	0.8932054767608643
1000	NC_051831.1	33094983	33095983	0.9339250856041909
1000	NC_051809.1	34300766	34301766	1.125526459634304
1000	NC_051807.1	71099582	71100582	1.0104302299618722
1000	NC_051816.1	6403681	6404681	1.2214005355238915
1000	NC_051805.1	31735214	31736214	0.9371669504642487
1000	NC_051843.1	42394543	42395543	
1000	NC_051820.1	20856149	20857149	1.151527462720871
1000	NC_051808.1	73220858	73221858	1.1394140288829804
1000	NC_051811.1	37407025	37408025	1.0211792126297952
1000	NC_051815.1	71502447	71503447	1.0177516310214996
1000	NC_051825.1	13198433	13199433	1.0367626081109047
1000	NC_051821.1	63907556	63908556	0.9613004361987114
1000	NC_051813.1	29252480	29253480	1.0084131902456284
1000	NC_051806.1	45846941	45847941	1.083736509680748
1000	NC_051807.1	62749896	62750896	1.1225836802124978
1000	NC_051838.1	303071	304071	0.980315681219101
1000	NC_051826.1	41518756	41519756	0.8732843492031097
1000	NC_051810.1	23349428	23350428	1.0001429714560508
1000	NC_051827.1	46682509	46683509	1.1841319669485093
1000	NC_051812.1	69203546	69204546	1.296892862200737
1000	NC_051813.1	38352645	38353645	1.103047013580799
1000	NC_051838.1	36102666	36103666	0.8667374649047852
1000	NC_051840.1	2284333	2285333	0.9171055329144001
1000	NC_051807.1	27225007	27226007	0.8953133636713028
1000	NC_051817.1	5585466	5586466	0.8986142770648002
1000	NC_051838.1	12499872	12500872	1.0975958257317544
1000	NC_051805.1	81498831	81499831	0.9928748353123665
1000	NC_051839.1	17077544	17078544	0.8846530250012875
1000	NC_051843.1	82611198	82612198	0.8955972617864609
1000	NC_051843.1	77206708	77207708	0.8737638296484947
1000	NC_051815.1	5715342	5716342	0.9379811814427376
1000	NC_051805.1	114123641	114124641	0.9835683345794678
1000	NC_051839.1	26434335	26435335	0.946971558079575
1000	NC_051805.1	88106390	88107390	0.9697107437252999
1000	NC_051815.1	1369746	1370746	1.2267331802845
1000	NC_051811.1	55377817	55378817	0.9046549671888351
1000	NC_051808.1	75382618	75383618	0.9638006024956703
1000	NC_051832.1	17157665	17158665	0.9310474368929863
1000	NC_051815.1	41884078	41885078	1.0108736444711686
1000	NC_051808.1	53432217	53433217	1.1989912420511246
1000	NC_051824.1	58759490	58760490	2.51839830160141
1000	NC_051817.1	2457267	2458267	1.1294829795956611
1000	NC_051839.1	9998647	9999647	0.9657260778546334
1000	NC_051834.1	868829	869829	3.011104003071785
1000	NC_051824.1	47775161	47776161	0.9672596551775933
1000	NC_051838.1	28079911	28080911	0.9643903418779373
1000	NC_051828.1	14616156	14617156	1.0620438830256462
1000	NC_051816.1	29607442	29608442	0.893531872689724
1000	NC_051843.1	76241020	76242020	0.8394339329004288
1000	NC_051843.1	4495157	4496157	1.0287179073691368
1000	NC_051822.1	29159004	29160004	0.9634776182174682
1000	NC_051839.1	448981	449981	1.0025414984822274
1000	NC_051831.1	45583486	45584486	1.0597452820539475
1000	NC_051806.1	34218226	34219226	1.3266184040307998
1000	NC_051838.1	13635681	13636681	0.865484264716506
1000	NC_051831.1	2754515	2755515	1.2355715179443358
1000	NC_051826.1	46097112	46098112	0.9188145959973335
1000	NC_051816.1	20310952	20311952	1.0296799215078354
1000	NC_051833.1	16955834	16956834	1.5945677007436752
1000	NC_051812.1	38315845	38316845	1.357842282950878
1000	NC_051829.1	35570168	35571168	1.1571780261397362
1000	NC_051835.1	21666675	21667675	2.0610130771994593
1000	NC_051829.1	16614858	16615858	0.972610995054245
1000	NC_051807.1	62932605	62933605	1.322153776884079
1000	NC_051816.1	10147025	10148025	1.0413626909255982
1000	NC_051806.1	14455533	14456533	0.9823767345547676
1000	NC_051839.1	25532195	25533195	1.058903715312481
1000	NC_051805.1	46955698	46956698	1.0869466028809547
1000	NC_051820.1	51992272	51993272	0.9333091263175011
1000	NC_051828.1	45846849	45847849	1.1328508632779122
1000	NC_051822.1	50450780	50451780	1.2938765075802803
1000	NC_051807.1	65845296	65846296	0.9674042651057243
1000	NC_051819.1	168124	169124	0.9770236706137657
1000	NC_051843.1	70267325	70268325	0.7595264717936516
1000	NC_051815.1	43256055	43257055	0.9271899208426475
1000	NC_051805.1	89156233	89157233	0.9895660617947578
1000	NC_051813.1	56729907	56730907	1.451215117454529
1000	NC_051828.1	35909800	35910800	1.1703620061278344
1000	NC_051811.1	56259908	56260908	0.8948954097032547
1000	NC_051806.1	29577973	29578973	1.1003482053875924
1000	NC_051813.1	23870521	23871521	1.0057452647089957
1000	NC_051828.1	33809135	33810135	1.2273351934552192
1000	NC_051810.1	64162061	64163061	0.8903741517663002
1000	NC_051820.1	60578967	60579967	1.119771179139614
1000	NC_051810.1	3178300	3179300	0.7821194149553776
1000	NC_051831.1	9337119	9338119	0.9927581936120987
1000	NC_051831.1	36692929	36693929	1.337232514500618
1000	NC_051808.1	38907065	38908065	1.0998068735003472
1000	NC_051817.1	35286212	35287212	1.047012759566307
1000	NC_051843.1	114940664	114941664	0.9177838481068611
1000	NC_051842.1	15763769	15764769	0.9542494079470635
1000	NC_051808.1	53934517	53935517	0.9094676724672317
1000	NC_051831.1	20851898	20852898	1.0083284277319908
1000	NC_051815.1	31882135	31883135	0.9106004038453102
1000	NC_051820.1	39228312	39229312	0.8308791524767876
1000	NC_051843.1	32241849	32242849	1.0466101768016816
1000	NC_051842.1	4190510	4191510	0.9668768805265426
1000	NC_051816.1	25614013	25615013	0.9526764095425606
1000	NC_051820.1	29025023	29026023	0.957918823003769
1000	NC_051811.1	45410161	45411161	0.9857687560319901
1000	NC_051840.1	29935234	29936234	0.8255554727911949
1000	NC_051843.1	48567169	48568169	1.0260596399307251
1000	NC_051826.1	61914667	61915667	1.0391377066373826
1000	NC_051818.1	32054086	32055086	1.0605927641391755
1000	NC_051805.1	104906498	104907498	0.8974742746055127
1000	NC_051835.1	29406805	29407805	1.3532395973801612
1000	NC_051826.1	30884435	30885435	1.0824996823072432
1000	NC_051815.1	30695844	30696844	0.9434166406989097
1000	NC_051805.1	45456004	45457004	0.9647744010686874
1000	NC_051817.1	32685128	32686128	1.0574441257715226
1000	NC_051810.1	31960730	31961730	1.7904856613278388
1000	NC_051811.1	24291193	24292193	0.8913751927614212
1000	NC_051813.1	36217409	36218409	0.9085528753399849
1000	NC_051834.1	8590628	8591628	0.9448991249501705
1000	NC_051822.1	6335853	6336853	0.9587218822240829
1000	NC_051808.1	3806531	3807531	0.934616410791874
1000	NC_051821.1	34584203	34585203	0.9338559719920159
1000	NC_051825.1	1647772	1648772	0.982916459441185
1000	NC_051820.1	26508986	26509986	0.9781347132921219
1000	NC_051809.1	59434702	59435702	1.0876258422732352
1000	NC_051815.1	34976340	34977340	0.9437893596291542
1000	NC_051826.1	482108	483108	1.241162035703659
1000	NC_051831.1	20109549	20110549	0.8477175810337066
1000	NC_051817.1	16823078	16824078	1.0787984630465508
1000	NC_051812.1	17744026	17745026	0.9572062158584594
1000	NC_051805.1	3221814	3222814	1.1532640481591225
1000	NC_051834.1	21820226	21821226	0.873154770642519
1000	NC_051831.1	21136535	21137535	1.039901088476181
1000	NC_051809.1	39213855	39214855	1.0077402772009372
1000	NC_051836.1	10014457	10015457	0.910641306400299
1000	NC_051816.1	4173195	4174195	1.2361239343881607
1000	NC_051836.1	37096529	37097529	0.9602160684466362
1000	NC_051807.1	36514019	36515019	0.8089604819715023
1000	NC_051811.1	74806659	74807659	1.0624864381551742
1000	NC_051808.1	53406620	53407620	0.9135606572031975
1000	NC_051826.1	52974098	52975098	0.9504721519351006
1000	NC_051814.1	30829073	30830073	1.0265780668258666
1000	NC_051811.1	5730234	5731234	1.2501978673934937
1000	NC_051816.1	60511703	60512703	0.9576924419999122
1000	NC_051829.1	69936	70936	0.8781094283806651
1000	NC_051807.1	40895451	40896451	0.8766844806671142
1000	NC_051817.1	34833045	34834045	1.3380069440603257
1000	NC_051818.1	30990310	30991310	0.9007903122901917
1000	NC_051834.1	26563745	26564745	0.9623809063434601
1000	NC_051832.1	38129342	38130342	1.0252644100785255
1000	NC_051823.1	207000	208000	0.9530358418822289
1000	NC_051825.1	28231047	28232047	0.8908954618275166
1000	NC_051812.1	42848738	42849738	1.0812195840477943
1000	NC_051836.1	31680482	31681482	0.8692240245525653
1000	NC_051811.1	15798821	15799821	1.012444770514965
1000	NC_051835.1	35677510	35678510	1.1371138176321984
1000	NC_051817.1	2928593	2929593	1.0525220190286637
1000	NC_051807.1	84418156	84419156	1.0239937992691994
1000	NC_051805.1	35736022	35737022	1.0261641626954079
1000	NC_051822.1	19787502	19788502	0.5893564800471067
1000	NC_051814.1	51737651	51738651	0.7504429720640182
1000	NC_051811.1	76343711	76344711	0.9886610136032105
1000	NC_051812.1	35967441	35968441	0.9706463618278504
1000	NC_051805.1	78282459	78283459	1.0363048222661018
1000	NC_051829.1	6395646	6396646	0.8805964544415474
1000	NC_051843.1	47964526	47965526	
1000	NC_051827.1	23485210	23486210	1.0401344457268715
1000	NC_051807.1	4849163	4850163	0.9419388865232468
1000	NC_051806.1	58392506	58393506	0.9629904674291611
1000	NC_051827.1	50757546	50758546	1.048860344529152
1000	NC_051817.1	28742272	28743272	1.0231306470036508
1000	NC_051837.1	6344893	6345893	0.9745744712352753
1000	NC_051809.1	47163504	47164504	0.9212169360518455
1000	NC_051831.1	32682361	32683361	0.8245214049220085
1000	NC_051812.1	31333896	31334896	0.9433000904917717
1000	NC_051810.1	39518251	39519251	1.6842756261825562
1000	NC_051815.1	64758967	64759967	0.9581833773851395
1000	NC_051827.1	51424217	51425217	0.9852543247938156
1000	NC_051835.1	26922279	26923279	1.049285857498646
1000	NC_051811.1	43809352	43810352	1.2697481419444083
1000	NC_051828.1	1020381	1021381	1.1867498245835304
1000	NC_051809.1	44837076	44838076	1.0060104742646216
1000	NC_051816.1	63244409	63245409	1.1409877245426179
1000	NC_051829.1	32973602	32974602	1.0361758768558502
1000	NC_051811.1	71993852	71994852	1.0516627836227417
1000	NC_051815.1	66173143	66174143	0.9646684496104717
1000	NC_051812.1	72810182	72811182	1.1181373613476753
1000	NC_051833.1	8204574	8205574	1.061099299788475
1000	NC_051814.1	49031868	49032868	1.1309373100996019
1000	NC_051810.1	37834277	37835277	1.091975018441677
1000	NC_051827.1	27764867	27765867	1.154915845155716
1000	NC_051814.1	54953511	54954511	0.8835239259600639
1000	NC_051843.1	123490258	123491258	0.9438962063193321
1000	NC_051808.1	2724548	2725548	0.8733145902752877
1000	NC_051823.1	38009329	38010329	0.9056198829412461
1000	NC_051811.1	65413347	65414347	1.0302747853398324
1000	NC_051813.1	34353124	34354124	0.981501198887825
1000	NC_051821.1	22593293	22594293	0.9141487472057342
1000	NC_051843.1	83779858	83780858	0.837521645963192
1000	NC_051818.1	43229915	43230915	1.1212291064858437
1000	NC_051822.1	36872089	36873089	0.8646923990249634
1000	NC_051813.1	26806024	26807024	1.3286308294534683
1000	NC_051843.1	32156509	32157509	0.8501254602670669
1000	NC_051810.1	72124205	72125205	0.9598553016781807
1000	NC_051808.1	70339766	70340766	0.8613345129787922
1000	NC_051833.1	24266787	24267787	0.8619700783491134
1000	NC_051843.1	23600256	23601256	0.896467660188675
1000	NC_051827.1	19215811	19216811	0.9738561108112335
1000	NC_051827.1	4801673	4802673	0.8897429616451263
1000	NC_051823.1	24211265	24212265	0.8681513446569443
1000	NC_051811.1	27354225	27355225	1.0917936488986015
1000	NC_051828.1	16474666	16475666	0.889388975828886
1000	NC_051813.1	45965364	45966364	1.029245386004448
1000	NC_051837.1	12681509	12682509	1.0340639544427395
1000	NC_051806.1	23169360	23170360	1.470656899213791
1000	NC_051823.1	37346332	37347332	0.9552749147415162
1000	NC_051812.1	8058080	8059080	0.8939047989249229
1000	NC_051820.1	57027815	57028815	1.1210995984077454
1000	NC_051810.1	22412559	22413559	1.1710829249620438
1000	NC_051828.1	12521985	12522985	0.92939717233181
1000	NC_051835.1	21616283	21617283	1.0325054855942726
1000	NC_051823.1	50332708	50333708	0.9774475145936012
1000	NC_051811.1	39177814	39178814	1.0417118394970895
1000	NC_051832.1	13165077	13166077	1.0895738843083382
1000	NC_051811.1	15954121	15955121	1.0429530346393585
1000	NC_051835.1	1841559	1842559	0.8810458532571792
1000	NC_051824.1	43652876	43653876	1.363110058426857
1000	NC_051805.1	86288505	86289505	1.0424691769480705
1000	NC_051819.1	8297145	8298145	1.2198624935746194
1000	NC_051830.1	30473235	30474235	1.3610525205731392
1000	NC_051805.1	57229641	57230641	1.042157580256462
1000	NC_051809.1	75481989	75482989	1.0073687614798545
1000	NC_051827.1	31370622	31371622	1.0646379774808883
1000	NC_051805.1	122225786	122226786	3.040745506763458
1000	NC_051811.1	3511538	3512538	0.8691646475195884
1000	NC_051806.1	39725551	39726551	0.8539509971737862
1000	NC_051807.1	50330133	50331133	1.0544574491977692
1000	NC_051825.1	2567542	2568542	0.9178022541403771
1000	NC_051843.1	98760948	98761948	0.8130507350564004
1000	NC_051843.1	16092846	16093846	0.9180489176511765
1000	NC_051805.1	33709460	33710460	0.682649375270989
1000	NC_051814.1	51858374	51859374	0.8382431216835976
1000	NC_051806.1	61061642	61062642	1.154644430577755
1000	NC_051815.1	59837232	59838232	0.9482079394459725
1000	NC_051810.1	23326322	23327322	1.5088056157827376
1000	NC_051828.1	23014155	23015155	1.255873187482357
1000	NC_051821.1	43151442	43152442	0.8760961583256721
1000	NC_051840.1	13155092	13156092	1.0471073380708695
1000	NC_051808.1	9180045	9181045	0.9851132196187973
1000	NC_051815.1	59264003	59265003	1.1981551144123077
1000	NC_051823.1	36246824	36247824	0.883386388540268
1000	NC_051806.1	66044638	66045638	1.1752588143348695
1000	NC_051813.1	59423578	59424578	1.329180673956871
1000	NC_051814.1	49431859	49432859	1.1809423086643218
1000	NC_051843.1	79243777	79244777	0.9929405844211578
1000	NC_051826.1	31079062	31080062	0.9524896092414856
1000	NC_051809.1	85521344	85522344	0.9994737333655357
1000	NC_051824.1	56148795	56149795	1.4023755407333374
1000	NC_051820.1	51407246	51408246	0.8750502694845199
1000	NC_051815.1	71306043	71307043	1.2850065598487854
1000	NC_051808.1	87650073	87651073	1.1452689487338066
1000	NC_051816.1	31811565	31812565	0.9667940521240235
1000	NC_051839.1	23529797	23530797	1.0172838667035102
1000	NC_051843.1	91471777	91472777	1.0321649205684662
1000	NC_051805.1	109113158	109114158	1.3097862259745598
1000	NC_051841.1	9660349	9661349	1.0753694753050804
1000	NC_051826.1	26591743	26592743	0.8492253218591214
1000	NC_051816.1	62796287	62797287	0.987606711268425
1000	NC_051822.1	46283399	46284399	1.2372682958841323
1000	NC_051835.1	3141319	3142319	0.8999179754853248
1000	NC_051809.1	17356576	17357576	1.1246950680017471
1000	NC_051817.1	14044917	14045917	0.9769648013114929
1000	NC_051827.1	253171	254171	1.05847593998909
1000	NC_051812.1	5512308	5513308	1.03791495013237
1000	NC_051806.1	48031853	48032853	0.8328004537224769
1000	NC_051809.1	23101214	23102214	0.8298512466549873
1000	NC_051813.1	38618074	38619074	1.0047102737076141
1000	NC_051810.1	60531924	60532924	1.001721176147461
1000	NC_051810.1	17911169	17912169	1.2391808520555496
1000	NC_051824.1	57295906	57296906	1.362889151751995
1000	NC_051815.1	12667452	12668452	1.024825464606285
1000	NC_051827.1	11183891	11184891	1.0054502905607223
1000	NC_051823.1	28387641	28388641	1.008415531039238
1000	NC_051811.1	59753403	59754403	0.9088429926335811
1000	NC_051816.1	68551087	68552087	0.9749789081215858
1000	NC_051812.1	33687313	33688313	0.9699449900388718
1000	NC_051826.1	56164063	56165063	0.9964168974161148
1000	NC_051824.1	16704374	16705374	0.8864868646860122
1000	NC_051806.1	76424832	76425832	1.1552731853425502
1000	NC_051835.1	32177021	32178021	1.3411988365650176
1000	NC_051815.1	51206109	51207109	1.5457602719068526
1000	NC_051811.1	33966504	33967504	1.0700725246071816
1000	NC_051842.1	2525932	2526932	0.9978281757831573
1000	NC_051808.1	25480455	25481455	0.9291960774362087
1000	NC_051827.1	13823384	13824384	0.9123781490325927
1000	NC_051828.1	23853755	23854755	1.044892510473728
1000	NC_051833.1	6760139	6761139	0.8874425598978997
1000	NC_051820.1	35797566	35798566	1.0299716305732727
1000	NC_051806.1	73125776	73126776	1.3808426356315613
1000	NC_051805.1	47450307	47451307	1.0114487240314483
1000	NC_051808.1	56696390	56697390	0.9146934905648232
1000	NC_051820.1	44288736	44289736	0.8510212659835815
1000	NC_051832.1	590609	591609	1.0882497575879098
1000	NC_051839.1	21950936	21951936	0.9972863864302636
1000	NC_051843.1	106595674	106596674	1.0257712727189063
1000	NC_051839.1	10556901	10557901	1.5364608220458031
1000	NC_051816.1	32633679	32634679	0.9561852260828018
1000	NC_051838.1	19141983	19142983	1.113359620153904
1000	NC_051843.1	117784833	117785833	0.9850399759411812
1000	NC_051831.1	34941798	34942798	1.1622140867710113
1000	NC_051843.1	25666441	25667441	0.8056057022809983
1000	NC_051843.1	107511132	107512132	1.0904365391135216
1000	NC_051836.1	25994266	25995266	0.9708210309147834
1000	NC_051822.1	46400480	46401480	0.9614576822519303
1000	NC_051807.1	87680349	87681349	0.8496391183137894
1000	NC_051836.1	20441267	20442267	0.9319248324632645
1000	NC_051814.1	3905235	3906235	0.9692324416504966
1000	NC_051808.1	43982125	43983125	1.053419117629528
1000	NC_051810.1	37500551	37501551	2.103191747367382
1000	NC_051843.1	126623669	126624669	
1000	NC_051839.1	15068826	15069826	0.9953900874257088
1000	NC_051812.1	30130770	30131770	0.9588742011785507
1000	NC_051831.1	1201405	1202405	1.0322490978240966
1000	NC_051828.1	20115476	20116476	0.7316910085681173
1000	NC_051834.1	22045446	22046446	0.8995500661730766
1000	NC_051835.1	5859383	5860383	0.9525638933777809
1000	NC_051843.1	74704062	74705062	0.8381814360618591
1000	NC_051828.1	4209271	4210271	1.141050194144249
1000	NC_051815.1	51131401	51132401	1.0721199032068252
1000	NC_051805.1	72296880	72297880	1.150370107591152
1000	NC_051831.1	11143069	11144069	0.8984179508686065
1000	NC_051828.1	14506365	14507365	0.8917783404886722
1000	NC_051824.1	19495702	19496702	1.178955864429474
1000	NC_051809.1	51917390	51918390	1.1239159125089646
1000	NC_051843.1	33498810	33499810	1.2207435882091522
1000	NC_051816.1	32286667	32287667	0.8806908640563488
1000	NC_051819.1	15973093	15974093	1.604903653383255
1000	NC_051815.1	67742453	67743453	0.9037687586545944
1000	NC_051843.1	92700247	92701247	1.1751788816452027
1000	NC_051823.1	909038	910038	1.1246484321951866
1000	NC_051815.1	44655464	44656464	0.8793781185150147
1000	NC_051822.1	45591963	45592963	1.2450303589105607
1000	NC_051805.1	39377381	39378381	0.9422501471638679
1000	NC_051837.1	24570031	24571031	0.8691525086164474
1000	NC_051819.1	27999583	28000583	0.4741705937568958
1000	NC_051806.1	18437793	18438793	0.762447585662206
1000	NC_051809.1	74982002	74983002	0.8012525178194047
1000	NC_051816.1	43724382	43725382	1.0289961135983468
1000	NC_051818.1	51291544	51292544	1.0106406798362733
1000	NC_051841.1	24030090	24031090	1.075362804234028
1000	NC_051828.1	10222491	10223491	0.8945855435729027
1000	NC_051843.1	37719506	37720506	1.0376895872354508
1000	NC_051827.1	29284472	29285472	1.0238015971183776
1000	NC_051816.1	28261598	28262598	0.7894528661370277
1000	NC_051840.1	23339682	23340682	0.8898718569278717
1000	NC_051828.1	37543177	37544177	1.121291702747345
1000	NC_051823.1	51723390	51724390	0.9135007065534592
1000	NC_051822.1	22452720	22453720	1.053592153787613
1000	NC_051828.1	14877391	14878391	1.039731288514652
1000	NC_051838.1	4137569	4138569	1.0406612811088563
1000	NC_051810.1	50585346	50586346	0.9925024488568306
1000	NC_051821.1	41183841	41184841	1.0197753137350083
1000	NC_051842.1	18218884	18219884	0.9750482701063156
1000	NC_051808.1	3250063	3251063	1.045388798058033
1000	NC_051816.1	9370563	9371563	0.9984684894084931
1000	NC_051807.1	24362304	24363304	0.8066606710851193
1000	NC_051817.1	62783018	62784018	0.9035599239468575
1000	NC_051821.1	63745637	63746637	1.4173558069467544
1000	NC_051817.1	14541856	14542856	0.8790481508374214
1000	NC_051843.1	12266702	12267702	0.8263300897479058
1000	NC_051805.1	60261449	60262449	0.9536552638411522
1000	NC_051811.1	42010279	42011279	0.954742338180542
1000	NC_051843.1	124330905	124331905	0.75548823133111
1000	NC_051810.1	54209562	54210562	0.9807762662172318
1000	NC_051806.1	53027650	53028650	1.041499137878418
1000	NC_051822.1	44005799	44006799	0.8510024831295013
1000	NC_051834.1	5088947	5089947	1.0416111686229705
1000	NC_051842.1	5108404	5109404	1.0117094907164574
1000	NC_051818.1	10559471	10560471	0.8938623121380807
1000	NC_051807.1	13339396	13340396	0.9529900231957436
1000	NC_051806.1	29229396	29230396	1.227022003531456
1000	NC_051811.1	70806673	70807673	0.9183954839706421
1000	NC_051805.1	122107391	122108391	1.314830313682556
1000	NC_051836.1	17356439	17357439	1.0745840604901313
1000	NC_051821.1	5070862	5071862	1.1019199738502503
1000	NC_051818.1	13738659	13739659	1.3038459834456444
1000	NC_051809.1	83441592	83442592	1.1488726912736893
1000	NC_051809.1	40602025	40603025	2.197350923717022
1000	NC_051829.1	38888211	38889211	0.9800416520237922
1000	NC_051827.1	26596631	26597631	1.0282852013111115
1000	NC_051811.1	2117301	2118301	0.9987241015434265
1000	NC_051835.1	7620424	7621424	0.9216643594801426
1000	NC_051823.1	33205968	33206968	1.048749526679516
1000	NC_051812.1	49024278	49025278	0.9142382946610451
1000	NC_051843.1	33059835	33060835	1.1090944105386733
1000	NC_051829.1	48271789	48272789	
1000	NC_051842.1	3057606	3058606	0.9756457799077034
1000	NC_051823.1	44092279	44093279	0.8917016696333885
1000	NC_051816.1	24500898	24501898	0.9622576420903206
1000	NC_051829.1	19266035	19267035	1.0077678841352462
1000	NC_051822.1	21403294	21404294	0.7150605727915406
1000	NC_051828.1	43231685	43232685	1.1720344057679177
1000	NC_051842.1	4708742	4709742	1.0634141236543655
1000	NC_051814.1	29079207	29080207	1.0660376188755036
1000	NC_051827.1	22345093	22346093	0.9194339744448662
1000	NC_051824.1	57401141	57402141	1.563103025317192
1000	NC_051825.1	22947723	22948723	0.9173225262761115
1000	NC_051839.1	449223	450223	0.9389926438331604
1000	NC_051834.1	32342585	32343585	1.1001171955466271
1000	NC_051811.1	5366208	5367208	0.9978792828917503
1000	NC_051821.1	27458567	27459567	1.080973035812378
1000	NC_051805.1	53905290	53906290	0.9091348153352737
1000	NC_051813.1	47728111	47729111	1.1558557682037354
1000	NC_051812.1	22485643	22486643	1.0203131590485572
1000	NC_051812.1	19514193	19515193	0.7683613509535789
1000	NC_051814.1	53104696	53105696	0.9244187900125981
1000	NC_051823.1	33425170	33426170	1.0619981446862221
1000	NC_051811.1	79610983	79611983	0.9510781984925271
1000	NC_051834.1	8342410	8343410	0.9869410356879235
1000	NC_051807.1	55701603	55702603	1.0457899864912032
1000	NC_051820.1	31805382	31806382	0.8942806087136269
1000	NC_051822.1	29565064	29566064	1.002003288447857
1000	NC_051824.1	52160772	52161772	0.9857488531470299
1000	NC_051843.1	31963718	31964718	0.8916890987753868
1000	NC_051810.1	68198345	68199345	0.9351287975907325
1000	NC_051811.1	21257765	21258765	0.9309414425492286
1000	NC_051816.1	25339621	25340621	0.9637646236419678
1000	NC_051821.1	12873424	12874424	0.987635962665081
1000	NC_051810.1	18198107	18199107	1.2625836939811708
1000	NC_051815.1	30584438	30585438	0.9519729058742523
1000	NC_051827.1	35806684	35807684	0.9020630607008934
1000	NC_051843.1	114341524	114342524	0.9543489679396152
1000	NC_051816.1	14876784	14877784	0.9566311774253845
1000	NC_051843.1	89281800	89282800	0.8742901980876923
1000	NC_051823.1	38132810	38133810	1.010647632777691
1000	NC_051821.1	12684918	12685918	0.9880150905251504
1000	NC_051838.1	3191285	3192285	1.055665686428547
1000	NC_051824.1	14134769	14135769	0.9315121048092843
1000	NC_051821.1	37427379	37428379	0.8911502976417541
1000	NC_051816.1	61808075	61809075	0.8911480069160461
1000	NC_051830.1	10358066	10359066	1.0796680245995522
1000	NC_051820.1	13876258	13877258	
1000	NC_051816.1	2494429	2495429	1.0300964767336844
1000	NC_051841.1	30011684	30012684	0.9231132680773735
1000	NC_051816.1	27479864	27480864	1.0302721948623657
1000	NC_051824.1	24525884	24526884	0.971811860203743
1000	NC_051826.1	49788799	49789799	2.2486444786787034
1000	NC_051836.1	1784145	1785145	0.9760349363088607
1000	NC_051841.1	3525270	3526270	0.9561173692345619
1000	NC_051839.1	4033762	4034762	1.1094340416789055
1000	NC_051824.1	30575495	30576495	1.459511882662773
1000	NC_051810.1	35772322	35773322	0.9738176382184028
1000	NC_051809.1	40123729	40124729	1.3556162428855896
1000	NC_051805.1	120958041	120959041	1.1088718103766442
1000	NC_051811.1	56894566	56895566	1.0747040009498596
1000	NC_051812.1	44637049	44638049	1.0096656160354613
1000	NC_051815.1	54151735	54152735	0.8581263355910778
1000	NC_051814.1	27986503	27987503	1.205305567264557
1000	NC_051825.1	15056563	15057563	0.914551165997982
1000	NC_051817.1	61534782	61535782	0.9202711544632912
1000	NC_051843.1	95935978	95936978	0.9265245494246482
1000	NC_051824.1	39330226	39331226	1.3293953327536583
1000	NC_051811.1	6408121	6409121	1.745990097463131
1000	NC_051836.1	2455337	2456337	0.8672112548947334
1000	NC_051822.1	7048373	7049373	1.0169079646468162
1000	NC_051833.1	17425627	17426627	0.9453336254358292
1000	NC_051813.1	58822734	58823734	1.0919906301498412
1000	NC_051813.1	48585283	48586283	0.8857890442609787
1000	NC_051840.1	6315505	6316505	1.3296110236644745
1000	NC_051808.1	23850838	23851838	1.0679452142715453
1000	NC_051827.1	8345353	8346353	1.1314765751361846
1000	NC_051843.1	20692775	20693775	0.7392871185309358
1000	NC_051826.1	9314193	9315193	0.907372363448143
1000	NC_051810.1	18068812	18069812	1.1615194780230522
1000	NC_051841.1	9437159	9438159	1.0527435491085053
1000	NC_051838.1	25689821	25690821	0.8720616214871406
1000	NC_051807.1	91587437	91588437	1.0021578893065453
1000	NC_051820.1	57393021	57394021	0.9595820497870445
1000	NC_051826.1	46603049	46604049	0.8900877997875214
1000	NC_051806.1	32136948	32137948	1.0354226986765862
1000	NC_051843.1	22513418	22514418	0.9045474506616592
1000	NC_051815.1	75132303	75133303	0.927059417784214
1000	NC_051842.1	8659477	8660477	0.9055322275161743
1000	NC_051808.1	14928757	14929757	1.0296500908136368
1000	NC_051806.1	43026348	43027348	0.7857528257217162
1000	NC_051806.1	33722262	33723262	0.9703779239058494
1000	NC_051816.1	9535883	9536883	0.8516872253119946
1000	NC_051829.1	7187999	7188999	0.8978599507808686
1000	NC_051835.1	2738856	2739856	0.9323440356850624
1000	NC_051809.1	61609282	61610282	1.088370439171791
1000	NC_051831.1	27909276	27910276	0.8575927202105522
1000	NC_051830.1	10148009	10149009	1.216664042890072
1000	NC_051822.1	28703619	28704619	0.9688154696822167
1000	NC_051806.1	31605782	31606782	1.5922660440206529
1000	NC_051834.1	16943788	16944788	1.1101713376641273
1000	NC_051826.1	58358065	58359065	1.0560347154736518
1000	NC_051843.1	77486248	77487248	0.8541058462262153
1000	NC_051809.1	83670607	83671607	0.8294454055196709
1000	NC_051829.1	42595120	42596120	1.0003900822997094
1000	NC_051819.1	22774534	22775534	1.2254006336927414
1000	NC_051808.1	28589170	28590170	1.0356306275725364
1000	NC_051829.1	50630045	50631045	0.8787196707725525
1000	NC_051811.1	53610897	53611897	1.1053379548788071
1000	NC_051817.1	23787664	23788664	1.3801538390517234
1000	NC_051830.1	31397924	31398924	1.3115400185585022
1000	NC_051813.1	57394428	57395428	1.3848148089051247
1000	NC_051818.1	3942085	3943085	0.9846118137240409
1000	NC_051816.1	43598558	43599558	0.9817026244401932
1000	NC_051820.1	35912122	35913122	0.9508458609580994
1000	NC_051809.1	9468486	9469486	1.1424439486265183
1000	NC_051816.1	28596105	28597105	0.7535180912911892
1000	NC_051814.1	64375109	64376109	1.1877165937423706
1000	NC_051811.1	79544886	79545886	0.9816061918735504
1000	NC_051843.1	94394477	94395477	1.1185124806165696
1000	NC_051818.1	45450995	45451995	1.0560948026180268
1000	NC_051827.1	458488	459488	0.8675486477613449
1000	NC_051816.1	63428404	63429404	0.9916198604106903
1000	NC_051812.1	50698243	50699243	0.9371224224567414
1000	NC_051805.1	42480841	42481841	0.9872726525068283
1000	NC_051828.1	7211446	7212446	0.9736575236916543
1000	NC_051810.1	30767866	30768866	1.099752636551857
1000	NC_051818.1	46420020	46421020	0.9841213962435722
1000	NC_051807.1	69870034	69871034	1.1882210270762443
1000	NC_051827.1	22325105	22326105	0.8197499872744083
1000	NC_051815.1	50411399	50412399	0.9469887901544571
1000	NC_051843.1	104958124	104959124	0.7431762166321277
1000	NC_051813.1	55472886	55473886	1.3909657953977586
1000	NC_051805.1	20926765	20927765	0.8808982375264168
1000	NC_051810.1	24130146	24131146	0.8583346036076546
1000	NC_051821.1	23556561	23557561	1.008277652144432
1000	NC_051837.1	29076501	29077501	0.9999595755934715
1000	NC_051813.1	47599863	47600863	1.4091523758172988
1000	NC_051805.1	52851621	52852621	0.8924670748114586
1000	NC_051821.1	60983258	60984258	1.088714527606964
1000	NC_051842.1	1527234	1528234	1.3117572233080863
1000	NC_051837.1	23955723	23956723	0.9989762690663337
1000	NC_051827.1	11412328	11413328	0.9360752272009849
1000	NC_051822.1	37222493	37223493	1.0448314826488494
1000	NC_051819.1	52248203	52249203	1.0406293131113051
1000	NC_051809.1	7972368	7973368	1.131922876894474
1000	NC_051806.1	55146062	55147062	0.9388690339922905
1000	NC_051823.1	9499233	9500233	0.8988975441455841
1000	NC_051827.1	11333321	11334321	0.9578600665330886
1000	NC_051834.1	14943249	14944249	0.9531444541811943
1000	NC_051816.1	8049661	8050661	0.9572878341674804
1000	NC_051829.1	24857101	24858101	0.8608327350616455
1000	NC_051822.1	9311824	9312824	1.003342996954918
1000	NC_051826.1	57324803	57325803	0.8265139369368553
1000	NC_051834.1	14338594	14339594	0.9726225534677505
1000	NC_051820.1	18931384	18932384	1.132892491221428
1000	NC_051808.1	55806720	55807720	1.005565964281559
1000	NC_051805.1	1486678	1487678	1.232563334107399
1000	NC_051839.1	1367230	1368230	1.0174210676550866
1000	NC_051838.1	30838686	30839686	0.8627024049758911
1000	NC_051809.1	72337908	72338908	1.0412766169309615
1000	NC_051820.1	39792650	39793650	0.9115821555256843
1000	NC_051826.1	49443632	49444632	1.1176148845553397
1000	NC_051807.1	38537165	38538165	1.0719674232602119
1000	NC_051808.1	79709136	79710136	0.9813120453953743
1000	NC_051809.1	62878378	62879378	1.3380857384204865
1000	NC_051819.1	58745403	58746403	1.0337734729647636
1000	NC_051815.1	28709323	28710323	0.9957392147183418
1000	NC_051843.1	70352398	70353398	0.9450874786376953
1000	NC_051807.1	28489476	28490476	0.8634403349757195
1000	NC_051814.1	53258921	53259921	0.8891875969767571
1000	NC_051807.1	30871443	30872443	1.0183746020197868
1000	NC_051821.1	27624208	27625208	0.9282547103166581
1000	NC_051810.1	31719296	31720296	1.1118816433548928
1000	NC_051825.1	28276275	28277275	1.0149768620729447
1000	NC_051829.1	29940711	29941711	1.0491053854227066
1000	NC_051835.1	16757590	16758590	0.8308294153213501
1000	NC_051817.1	26199824	26200824	1.039207909166813
1000	NC_051819.1	8268090	8269090	0.7986190739274025
1000	NC_051807.1	52596806	52597806	1.0766352064609528
1000	NC_051813.1	36893463	36894463	1.3186552511453629
1000	NC_051815.1	12984766	12985766	0.8842270191907883
1000	NC_051843.1	39594691	39595691	0.8955096302330494
1000	NC_051817.1	37315921	37316921	
1000	NC_051822.1	4554365	4555365	0.7864354362854591
1000	NC_051817.1	42845172	42846172	1.0535857049822808
1000	NC_051817.1	4604415	4605415	2.4096375760436057
1000	NC_051806.1	60451527	60452527	1.1589042661190032
1000	NC_051821.1	43620211	43621211	0.8580761970281601
1000	NC_051830.1	22261656	22262656	0.8771587969064712
1000	NC_051843.1	112429582	112430582	1.0402601885199547
1000	NC_051820.1	49352882	49353882	0.9837803393006325
1000	NC_051809.1	60698898	60699898	1.0437244858145713
1000	NC_051835.1	23246858	23247858	0.9055366841554642
1000	NC_051841.1	30204866	30205866	1.0734640784859657
1000	NC_051809.1	73925036	73926036	0.9374176123562981
1000	NC_051828.1	42210422	42211422	1.067035298407078
1000	NC_051827.1	46896349	46897349	0.9911390137076378
1000	NC_051827.1	7511342	7512342	0.6679758882305606
1000	NC_051825.1	26078320	26079320	0.8858402281999588
1000	NC_051812.1	22555090	22556090	0.9206723669171333
1000	NC_051834.1	3589162	3590162	0.7750988210439682
1000	NC_051842.1	22325264	22326264	1.5860457133054733
1000	NC_051814.1	60286020	60287020	1.0137073412537574
1000	NC_051807.1	21458550	21459550	0.9835257574915885
1000	NC_051835.1	11070490	11071490	0.8922181904315949
1000	NC_051826.1	40589740	40590740	0.9338811242580414
1000	NC_051814.1	68016607	68017607	1.093446210861206
1000	NC_051821.1	34449870	34450870	1.2226946705579758
1000	NC_051810.1	61834061	61835061	0.9034133636951447
1000	NC_051843.1	73555410	73556410	0.8036604714393616
1000	NC_051805.1	73050298	73051298	1.093468485891819
1000	NC_051805.1	55768406	55769406	1.4013764798641204
1000	NC_051825.1	45998493	45999493	
1000	NC_051831.1	30089968	30090968	0.8831009301543236
1000	NC_051816.1	57622271	57623271	1.0032865939736366
1000	NC_051833.1	17188563	17189563	1.0258364807963372
1000	NC_051809.1	83977036	83978036	1.0083809953927994
1000	NC_051831.1	31403879	31404879	1.1598908428549766
1000	NC_051813.1	19083502	19084502	1.36687681828947
1000	NC_051816.1	67767120	67768120	0.9416111916303634
1000	NC_051805.1	106507793	106508793	1.1906789165139198
1000	NC_051817.1	39810441	39811441	1.0157363128066064
1000	NC_051807.1	63155507	63156507	1.2656140066981316
1000	NC_051832.1	41298996	41299996	1.2896277087926864
1000	NC_051807.1	87473776	87474776	1.0166556403040885
1000	NC_051808.1	23880213	23881213	0.9692167014479637
1000	NC_051809.1	87252232	87253232	0.9114206490516663
1000	NC_051806.1	27207572	27208572	0.8546100247204304
1000	NC_051838.1	40242391	40243391	0.9514331061840058
1000	NC_051826.1	43660228	43661228	0.9337722487151623
1000	NC_051840.1	17129752	17130752	0.9913204693794251
1000	NC_051826.1	34399222	34400222	0.9657532849311828
1000	NC_051835.1	26018475	26019475	0.9846978321671486
1000	NC_051826.1	35891780	35892780	0.9091967588663101
1000	NC_051815.1	38047927	38048927	0.8832531841993332
1000	NC_051820.1	42655060	42656060	0.9362441679835319
1000	NC_051815.1	39468218	39469218	0.9331198957562447
1000	NC_051817.1	14672737	14673737	0.8277737662792206
1000	NC_051816.1	58934616	58935616	0.8315840363800525
1000	NC_051805.1	19086752	19087752	0.9478407678604126
1000	NC_051810.1	22151123	22152123	1.0009216272830963
1000	NC_051832.1	19098529	19099529	1.022982002019882
1000	NC_051812.1	33813582	33814582	1.0607674866318704
1000	NC_051833.1	4384552	4385552	1.0292911068201065
1000	NC_051809.1	1721295	1722295	1.0064533233642579
1000	NC_051834.1	31818989	31819989	0.9796960597038269
1000	NC_051831.1	25466432	25467432	0.814931596159935
1000	NC_051835.1	20306178	20307178	0.8873483756780625
1000	NC_051806.1	81184830	81185830	1.304501203894615
1000	NC_051833.1	4881016	4882016	0.8334625662267208
1000	NC_051810.1	55473125	55474125	1.0808366745710374
1000	NC_051841.1	27765908	27766908	0.9701721488237381
1000	NC_051838.1	17082732	17083732	1.09985526740551
1000	NC_051824.1	37019643	37020643	1.8889676563739777
1000	NC_051808.1	46884078	46885078	0.8842413285374642
1000	NC_051840.1	1547904	1548904	0.8749315931200982
1000	NC_051805.1	68643616	68644616	0.8328090754151344
1000	NC_051805.1	105531202	105532202	1.0990784923434258
1000	NC_051808.1	69214485	69215485	1.0037989054620267
1000	NC_051823.1	22214165	22215165	0.940026367008686
1000	NC_051812.1	51257904	51258904	1.0454429473280906
1000	NC_051822.1	34189014	34190014	2.313637618005276
1000	NC_051843.1	30529347	30530347	1.0017650167942047
1000	NC_051836.1	12884413	12885413	0.761614524140954
1000	NC_051820.1	17864475	17865475	1.7884325489401818
1000	NC_051819.1	19229992	19230992	1.0066803343892097
1000	NC_051816.1	70558152	70559152	0.9892705398797988
1000	NC_051822.1	35327577	35328577	1.0257618471980094
1000	NC_051808.1	82661077	82662077	0.8506152496039867
1000	NC_051821.1	1759264	1760264	1.1382728291749955
1000	NC_051824.1	6223655	6224655	1.2638735184073449
1000	NC_051815.1	55616404	55617404	1.089030464887619
1000	NC_051816.1	71117666	71118666	1.0027040275335313
1000	NC_051808.1	4697222	4698222	0.9834805547595024
1000	NC_051834.1	33705194	33706194	0.9782653295397759
1000	NC_051827.1	50702587	50703587	1.0911371208429337
1000	NC_051811.1	60682549	60683549	0.951325512111187
1000	NC_051825.1	22174922	22175922	1.037998000085354
1000	NC_051809.1	3405531	3406531	1.257197354376316
1000	NC_051841.1	583478	584478	0.9287798939943314
1000	NC_051810.1	57857859	57858859	0.8520959035158158
1000	NC_051807.1	23095579	23096579	0.9228550623059273
1000	NC_051807.1	88125425	88126425	0.9320332527160644
1000	NC_051811.1	5718201	5719201	1.4092512939572335
1000	NC_051805.1	22521134	22522134	0.9161163095235825
1000	NC_051813.1	60195133	60196133	1.061141705930233
1000	NC_051814.1	68543226	68544226	1.1018971292376518
1000	NC_051820.1	53348162	53349162	0.8155394086316854
1000	NC_051821.1	48836825	48837825	1.0824223637580872
1000	NC_051830.1	30050684	30051684	8.093482259869576
1000	NC_051824.1	38967350	38968350	1.0320048019289971
1000	NC_051825.1	13284737	13285737	1.1417800262570381
1000	NC_051828.1	39029587	39030587	1.177439805984497
1000	NC_051832.1	33598009	33599009	1.1344881021976472
1000	NC_051827.1	7757722	7758722	0.9916700062155723
1000	NC_051829.1	24499909	24500909	1.0020958345532418
1000	NC_051837.1	9493363	9494363	0.9147780047655105
1000	NC_051813.1	27058860	27059860	1.2164919468760491
1000	NC_051837.1	7716819	7717819	0.8508549840003252
1000	NC_051811.1	44737287	44738287	1.0936616220474242
1000	NC_051815.1	31387200	31388200	0.8910028293728829
1000	NC_051839.1	24711122	24712122	0.972529284119606
1000	NC_051827.1	24255835	24256835	0.9033099114894867
1000	NC_051832.1	14668889	14669889	2.8662381019592287
1000	NC_051842.1	15133134	15134134	1.0185599261522293
1000	NC_051833.1	21276131	21277131	0.827926254749298
1000	NC_051843.1	50853703	50854703	0.8426920053362846
1000	NC_051820.1	42146356	42147356	0.9459634194374085
1000	NC_051811.1	1829631	1830631	1.9431107878684997
1000	NC_051824.1	523600	524600	1.2290582463145256
1000	NC_051823.1	8666256	8667256	0.829969550728798
1000	NC_051815.1	23232239	23233239	1.2444397655725479
1000	NC_051805.1	65896644	65897644	0.9598065137267112
1000	NC_051835.1	23107802	23108802	0.9157798047661782
1000	NC_051808.1	32213780	32214780	0.9637216326594352
1000	NC_051817.1	37931008	37932008	1.3811717846393585
1000	NC_051825.1	25349146	25350146	0.8711105852127076
1000	NC_051820.1	36145759	36146759	1.0039802152514459
1000	NC_051837.1	1377438	1378438	1.0220600779652596
1000	NC_051818.1	13500091	13501091	0.9774181500673295
1000	NC_051831.1	3560515	3561515	0.7670077235251666
1000	NC_051826.1	51603053	51604053	1.0913096210360527
1000	NC_051817.1	41587577	41588577	1.0580261610746384
1000	NC_051816.1	63564988	63565988	1.0053376325964927
1000	NC_051805.1	66137494	66138494	0.8792452273368836
1000	NC_051812.1	27043948	27044948	1.0673957920074464
1000	NC_051826.1	61354135	61355135	0.9220138831436634
1000	NC_051816.1	71021479	71022479	1.1264061905741691
1000	NC_051830.1	9044252	9045252	1.1959367746710776
1000	NC_051811.1	70338359	70339359	0.8964504080414772
1000	NC_051808.1	14452021	14453021	0.9700775290131569
1000	NC_051829.1	36539025	36540025	1.0117998510599135
1000	NC_051806.1	55401766	55402766	0.8198909394443035
1000	NC_051807.1	88751765	88752765	1.0736270013451576
1000	NC_051822.1	36054736	36055736	1.0244335899949073
1000	NC_051827.1	44530442	44531442	0.9372773119211197
1000	NC_051829.1	9247341	9248341	0.9722060151100159
1000	NC_051842.1	4343817	4344817	0.8253442894087898
1000	NC_051809.1	53837522	53838522	1.080446418583393
1000	NC_051827.1	36602989	36603989	1.1468068304657937
1000	NC_051805.1	42306411	42307411	1.053758839070797
1000	NC_051812.1	46709305	46710305	1.0184949749708176
1000	NC_051816.1	66557149	66558149	1.1809706857204438
1000	NC_051836.1	9178923	9179923	0.9385223376452922
1000	NC_051820.1	31547161	31548161	0.9763652933835983
1000	NC_051805.1	114005607	114006607	1.4639942262768746
1000	NC_051807.1	59167369	59168369	1.1453782756924629
1000	NC_051819.1	42320265	42321265	0.9937851503491402
1000	NC_051816.1	19132324	19133324	0.9351231036186218
1000	NC_051821.1	11854740	11855740	1.0801446896791458
1000	NC_051812.1	1088562	1089562	0.8318619465231896
1000	NC_051843.1	27738188	27739188	0.9650741927027703
1000	NC_051813.1	3558820	3559820	1.8134096267819404
1000	NC_051813.1	60082807	60083807	0.9969326313734055
1000	NC_051827.1	20214411	20215411	0.905678018450737
1000	NC_051811.1	33688999	33689999	0.9167475033998489
1000	NC_051825.1	23998313	23999313	0.9616115938425064
1000	NC_051813.1	37387161	37388161	1.0512431482076645
1000	NC_051843.1	120559222	120560222	0.9113556972146034
1000	NC_051807.1	20057911	20058911	0.9034223122000694
1000	NC_051810.1	26909811	26910811	1.0736881998181342
1000	NC_051809.1	58963538	58964538	0.9333538051247596
1000	NC_051822.1	27928115	27929115	0.9201413229107857
1000	NC_051817.1	20401616	20402616	1.1079833530436016
1000	NC_051812.1	20512350	20513350	0.92202437967062
1000	NC_051843.1	43621045	43622045	1.045190331041813
1000	NC_051806.1	79608808	79609808	1.4325092698335649
1000	NC_051826.1	26216867	26217867	0.9751494628787041
1000	NC_051827.1	24343317	24344317	0.9575145452618599
1000	NC_051823.1	13456347	13457347	0.9370810980796814
1000	NC_051806.1	76641829	76642829	1.0525692830085753
1000	NC_051814.1	42655540	42656540	2.094023886322975
1000	NC_051809.1	88273079	88274079	0.9885063595771789
1000	NC_051807.1	43833096	43834096	0.9233968891501426
1000	NC_051831.1	33713353	33714353	1.1681709990501403
1000	NC_051826.1	50647148	50648148	0.9621848210692405
1000	NC_051827.1	41357207	41358207	0.8350331991910934
1000	NC_051808.1	33934078	33935078	0.8168868278845762
1000	NC_051831.1	28128926	28129926	0.8678749493956566
1000	NC_051837.1	7792873	7793873	0.9386159408092499
1000	NC_051807.1	37641072	37642072	0.9328487845659256
1000	NC_051811.1	63298361	63299361	1.0234737164378167
1000	NC_051805.1	11021233	11022233	0.9007903014421463
1000	NC_051820.1	51179921	51180921	0.8712317456305027
1000	NC_051813.1	11907137	11908137	
1000	NC_051805.1	1409356	1410356	1.2079400939941407
1000	NC_051832.1	24398027	24399027	1.072348035812378
1000	NC_051808.1	43587088	43588088	1.4518545979857445
1000	NC_051814.1	37580406	37581406	1.1116850038170814
1000	NC_051807.1	15351763	15352763	0.9484088497757912
1000	NC_051812.1	16817548	16818548	0.8865205332040786
1000	NC_051810.1	43008482	43009482	1.2035466453433037
1000	NC_051814.1	24018468	24019468	1.1361247345805168
1000	NC_051816.1	35126149	35127149	0.905649425804615
1000	NC_051808.1	50279466	50280466	0.957528115272522
1000	NC_051805.1	4792635	4793635	1.347167646586895
1000	NC_051814.1	43245028	43246028	0.968126040250063
1000	NC_051808.1	63978176	63979176	0.919743011713028
1000	NC_051832.1	3780793	3781793	0.8044755463600158
1000	NC_051805.1	88251903	88252903	0.8878854436874389
1000	NC_051805.1	24050119	24051119	0.8781498747467995
1000	NC_051806.1	45794768	45795768	0.9910901716947556
1000	NC_051805.1	98976618	98977618	1.0213192046284676
1000	NC_051819.1	54681867	54682867	0.8245491854250431
1000	NC_051830.1	29608344	29609344	1.0341094034314156
1000	NC_051820.1	27359106	27360106	0.9270653274655342
1000	NC_051843.1	117584583	117585583	0.8933518831133842
1000	NC_051815.1	8280412	8281412	0.8513809401094914
1000	NC_051815.1	9507820	9508820	1.0770292139053346
1000	NC_051810.1	1634345	1635345	1.1165815275907516
1000	NC_051815.1	40112352	40113352	1.778187051832676
1000	NC_051819.1	62587638	62588638	0.8996034508943558
1000	NC_051812.1	57437134	57438134	0.8989578905701637
1000	NC_051821.1	49313655	49314655	1.0831322821974754
1000	NC_051832.1	14030256	14031256	1.212270045220852
1000	NC_051825.1	21083562	21084562	1.0630283974409103
1000	NC_051826.1	528194	529194	6.345698475009865
1000	NC_051809.1	65497044	65498044	1.1060507524013519
1000	NC_051822.1	41209813	41210813	0.6851354255552949
1000	NC_051816.1	51202985	51203985	1.0120696756243706
1000	NC_051836.1	27084368	27085368	0.9575173390507699
1000	NC_051831.1	36650554	36651554	1.0224545090794563
1000	NC_051829.1	28327000	28328000	0.9505078166723251
1000	NC_051816.1	59043866	59044866	
1000	NC_051834.1	31887625	31888625	0.91934225410223
1000	NC_051808.1	78184814	78185814	0.8515597358880899
1000	NC_051811.1	19289693	19290693	0.9588863402605057
1000	NC_051809.1	14291859	14292859	1.0638744521737098
1000	NC_051809.1	81704682	81705682	1.2714160442948341
1000	NC_051807.1	55307281	55308281	1.0394866615533829
1000	NC_051811.1	53932763	53933763	1.1391183127760887
1000	NC_051816.1	54598678	54599678	0.9765514414906502
1000	NC_051833.1	17722024	17723024	0.9158570378422737
1000	NC_051843.1	12714659	12715659	0.9179185195267201
1000	NC_051806.1	48701390	48702390	1.0743007186055182
1000	NC_051807.1	24956650	24957650	0.9825621709227562
1000	NC_051827.1	51603581	51604581	1.0860487223267554
1000	NC_051830.1	3313633	3314633	0.8594122365713119
1000	NC_051809.1	60529785	60530785	1.3943276053667069
1000	NC_051817.1	9768329	9769329	0.8810922030806542
1000	NC_051837.1	25257717	25258717	1.0241228531003
1000	NC_051811.1	24056473	24057473	1.084798192203045
1000	NC_051808.1	53044572	53045572	0.9291355059146881
1000	NC_051843.1	16984885	16985885	0.7068711699545384
1000	NC_051829.1	13099491	13100491	1.027302019417286
1000	NC_051810.1	18407556	18408556	1.4744383113980293
1000	NC_051826.1	38260633	38261633	0.6921255486352104
1000	NC_051813.1	53454744	53455744	3.031219930887222
1000	NC_051838.1	34606270	34607270	0.9431333792209625
1000	NC_051836.1	6867675	6868675	0.9655454143881798
1000	NC_051830.1	13454672	13455672	1.3045707911252975
1000	NC_051822.1	21414287	21415287	0.9653209689259529
1000	NC_051819.1	38639130	38640130	1.043010616004467
1000	NC_051823.1	18235101	18236101	1.0874335464835168
1000	NC_051816.1	9970078	9971078	1.044399725139141
1000	NC_051809.1	25089726	25090726	0.9190159611701966
1000	NC_051807.1	90297042	90298042	1.154999159216881
1000	NC_051832.1	8895323	8896323	0.9102862195372582
1000	NC_051821.1	51427224	51428224	1.0385541616082192
1000	NC_051832.1	989729	990729	1.0663111560940743
1000	NC_051840.1	28808728	28809728	0.8909203255772591
1000	NC_051834.1	35581584	35582584	1.2415019268204708
1000	NC_051843.1	43949035	43950035	0.9070718151330948
1000	NC_051843.1	74513287	74514287	0.9650364797115326
1000	NC_051843.1	44833595	44834595	0.6533522510435432
1000	NC_051836.1	12223431	12224431	0.8508641292452812
1000	NC_051832.1	8976997	8977997	0.9727078512310982
1000	NC_051838.1	32787484	32788484	1.0450274739265442
1000	NC_051815.1	6700494	6701494	0.99184006524086
1000	NC_051825.1	20858752	20859752	1.1498498378396034
1000	NC_051829.1	51537417	51538417	1.0442254231572152
1000	NC_051837.1	27841994	27842994	1.1137757962942123
1000	NC_051829.1	27114470	27115470	1.1600760781764985
1000	NC_051809.1	85711188	85712188	1.0910903689265252
1000	NC_051843.1	2055534	2056534	1.0707086331844329
1000	NC_051821.1	4202651	4203651	1.0838211775422095
1000	NC_051807.1	53130781	53131781	1.0996321312189101
1000	NC_051815.1	42906991	42907991	0.9617757417559624
1000	NC_051806.1	48859110	48860110	1.0689352607727052
1000	NC_051829.1	33663188	33664188	0.8776033525973295
1000	NC_051809.1	51297642	51298642	1.2367220739126206
1000	NC_051809.1	62202367	62203367	1.073032286822796
1000	NC_051808.1	31643196	31644196	0.9176100918650627
1000	NC_051823.1	8143919	8144919	0.9580854028463364
1000	NC_051831.1	851727	852727	1.0545372548103333
1000	NC_051833.1	25098695	25099695	0.9359136095643044
1000	NC_051823.1	42425129	42426129	0.8829373091757298
1000	NC_051843.1	101314510	101315510	0.8671910661458969
1000	NC_051815.1	14508186	14509186	1.0019564703702926
1000	NC_051808.1	13345853	13346853	0.8506556876003742
1000	NC_051823.1	21554619	21555619	0.9817599365115166
1000	NC_051809.1	49005337	49006337	0.953747808551177
1000	NC_051838.1	511271	512271	0.9507171164155006
1000	NC_051811.1	77533407	77534407	0.9668741321563721
1000	NC_051810.1	43881105	43882105	1.007430421113968
1000	NC_051815.1	16159731	16160731	1.0071702104210853
1000	NC_051836.1	15660378	15661378	0.6599485970288516
1000	NC_051806.1	51363945	51364945	1.0541967964172363
1000	NC_051818.1	24312828	24313828	0.978357292175293
1000	NC_051816.1	6639044	6640044	0.736536271705429
1000	NC_051816.1	36553306	36554306	0.9761401351094245
1000	NC_051821.1	42448004	42449004	0.9060510781407356
1000	NC_051837.1	9008002	9009002	0.9763205452561379
1000	NC_051831.1	752691	753691	1.2997527294809168
1000	NC_051805.1	100061265	100062265	0.9400816273932554
1000	NC_051838.1	12860162	12861162	0.9078532388210296
1000	NC_051827.1	32140530	32141530	1.352419645190239
1000	NC_051819.1	11214114	11215114	0.9612235240340233
1000	NC_051829.1	14402841	14403841	1.063407087624073
1000	NC_051825.1	48872815	48873815	1.040951901972294
1000	NC_051805.1	17993637	17994637	0.8362451438903808
1000	NC_051808.1	44476796	44477796	0.9223681074380875
1000	NC_051805.1	32752924	32753924	0.9380147308111191
1000	NC_051831.1	27679801	27680801	0.9187100813984871
1000	NC_051805.1	36178632	36179632	0.9941181043982505
1000	NC_051828.1	38268931	38269931	1.1114452462792397
1000	NC_051830.1	8835579	8836579	1.1715412756800652
1000	NC_051816.1	17986628	17987628	0.7838258396685124
1000	NC_051807.1	52693777	52694777	1.1958099727034568
1000	NC_051812.1	17978819	17979819	0.8435205698013306
1000	NC_051813.1	54022132	54023132	1.288611056983471
1000	NC_051809.1	15678743	15679743	1.4413324804902077
1000	NC_051839.1	4748349	4749349	1.1155694562196732
1000	NC_051814.1	55154755	55155755	0.902455093562603
1000	NC_051843.1	90807309	90808309	0.8488862920999527
1000	NC_051816.1	17559934	17560934	0.9276750232577324
1000	NC_051833.1	36528922	36529922	0.9116708656549454
1000	NC_051810.1	34663465	34664465	1.1252882805466653
1000	NC_051815.1	20192415	20193415	1.1175377744436263
1000	NC_051824.1	29490198	29491198	1.0817397640347481
1000	NC_051816.1	57580283	57581283	0.9735378688573837
1000	NC_051811.1	34952235	34953235	1.202375191152096
1000	NC_051821.1	61773600	61774600	1.2587800443172454
1000	NC_051837.1	6945369	6946369	0.8492573292255402
1000	NC_051830.1	19315119	19316119	0.7693380107879638
1000	NC_051830.1	16687421	16688421	1.2689979295134544
1000	NC_051805.1	9070423	9071423	0.8814706628918648
1000	NC_051817.1	22059807	22060807	0.91140015655756
1000	NC_051818.1	15361752	15362752	0.9489545142054557
1000	NC_051843.1	95140275	95141275	0.9519757464528084
1000	NC_051815.1	53236550	53237550	1.0986029624938964
1000	NC_051824.1	20648740	20649740	1.0212974011898042
1000	NC_051812.1	1122934	1123934	1.0450427895188332
1000	NC_051843.1	17961191	17962191	0.859610195249319
1000	NC_051833.1	19731304	19732304	1.0369749294519424
1000	NC_051810.1	75019054	75020054	0.9839548769593239
1000	NC_051805.1	73074554	73075554	1.0527138977646828
1000	NC_051841.1	13525116	13526116	0.9761524822115898
1000	NC_051808.1	12395201	12396201	1.0826220199465753
1000	NC_051806.1	10099846	10100846	0.9149224958625664
1000	NC_051831.1	40406125	40407125	1.065034566819668
1000	NC_051827.1	41875677	41876677	1.1353491190075875
1000	NC_051806.1	77961657	77962657	1.0483989589810372
1000	NC_051817.1	46316692	46317692	1.0277377687692641
1000	NC_051808.1	20499940	20500940	1.1067981830239295
1000	NC_051819.1	19242098	19243098	0.9037671724557876
1000	NC_051814.1	12413494	12414494	1.1392843840122222
1000	NC_051818.1	59195495	59196495	0.8790219178566566
1000	NC_051815.1	16281101	16282101	0.9690921686887741
1000	NC_051825.1	35098654	35099654	1.0001557775139809
1000	NC_051805.1	78656618	78657618	0.8663597944378852
1000	NC_051811.1	50120151	50121151	1.0012916213274001
1000	NC_051815.1	20549542	20550542	1.7752111523747445
1000	NC_051822.1	40178825	40179825	0.897322541475296
1000	NC_051815.1	11504927	11505927	0.6663813023504458
1000	NC_051820.1	10382825	10383825	0.9386210590600967
1000	NC_051813.1	44742403	44743403	0.951910294085741
1000	NC_051821.1	59769884	59770884	1.5395008791089058
1000	NC_051837.1	27101066	27102066	1.0213290897607803
1000	NC_051834.1	15768738	15769738	0.8758188368678093
1000	NC_051806.1	11205327	11206327	0.9914980813860893
1000	NC_051806.1	25693928	25694928	1.0189251244664193
1000	NC_051805.1	23666783	23667783	1.2090892493128778
1000	NC_051828.1	44875392	44876392	1.1183979216217994
1000	NC_051824.1	45878611	45879611	1.6850541400909425
1000	NC_051822.1	30289473	30290473	0.8196604536175728
1000	NC_051825.1	49174879	49175879	0.859295165097272
1000	NC_051823.1	45680305	45681305	0.8973916253447533
1000	NC_051830.1	20438552	20439552	1.0909899731278418
1000	NC_051843.1	35703493	35704493	0.9973931140899658
1000	NC_051805.1	14193105	14194105	1.2866351699829102
1000	NC_051838.1	16337837	16338837	0.9439225062131882
1000	NC_051809.1	74261793	74262793	0.9344634119460458
1000	NC_051815.1	10676728	10677728	1.0191105325222016
1000	NC_051817.1	52686548	52687548	0.9242619349956512
1000	NC_051835.1	36885804	36886804	1.308065385699272
1000	NC_051818.1	6640527	6641527	1.1063013274669646
1000	NC_051825.1	50730646	50731646	0.8884284016489983
1000	NC_051837.1	4539142	4540142	0.8493824123740196
1000	NC_051819.1	16042816	16043816	1.1529857582794993
1000	NC_051805.1	81578569	81579569	1.151597260773182
1000	NC_051828.1	433690	434690	1.0252380108833312
1000	NC_051807.1	80831082	80832082	0.8911851958334446
1000	NC_051827.1	29188276	29189276	1.0289980846643447
1000	NC_051805.1	85330899	85331899	0.9732953919470311
1000	NC_051827.1	23909805	23910805	1.16190006762743
1000	NC_051838.1	2658536	2659536	0.9515927333235741
1000	NC_051843.1	38022755	38023755	0.9916250263154507
1000	NC_051835.1	8779600	8780600	0.9403493374586105
1000	NC_051816.1	47819267	47820267	0.8866641497612
1000	NC_051828.1	42610964	42611964	1.1955932651758194
1000	NC_051813.1	50605038	50606038	1.049955949008465
1000	NC_051843.1	77296629	77297629	0.7394497645235507
1000	NC_051819.1	59241620	59242620	0.9981974104046821
1000	NC_051829.1	10428446	10429446	1.1038053069710732
1000	NC_051831.1	24234260	24235260	0.8940709385275841
1000	NC_051834.1	37546693	37547693	1.4073470212221146
1000	NC_051806.1	2001477	2002477	1.0006983317434788
1000	NC_051814.1	36566080	36567080	1.0512324211001396
1000	NC_051816.1	67441202	67442202	1.0248245699107648
1000	NC_051838.1	13300146	13301146	0.8593494014739991
1000	NC_051812.1	34802556	34803556	1.0858407586216927
2000	NC_051839.1	8860478	8862478	0.98634682777524
2000	NC_051815.1	42352704	42354704	1.0057545842512234
2000	NC_051805.1	111962078	111964078	1.8711310759186746
2000	NC_051808.1	9873677	9875677	0.9588675718307496
2000	NC_051815.1	53253202	53255202	3.357646854698658
2000	NC_051813.1	37654821	37656821	0.9796656182408333
2000	NC_051806.1	40766182	40768182	1.0705968211889267
2000	NC_051816.1	19462196	19464196	0.999166659027338
2000	NC_051843.1	84061415	84063415	0.8984553802013397
2000	NC_051807.1	36496001	36498001	0.9178387323915959
2000	NC_051823.1	1159375	1161375	0.9130885541439057
2000	NC_051832.1	38496329	38498329	1.1211334054470061
2000	NC_051835.1	14496766	14498766	0.9392104512066036
2000	NC_051825.1	48396814	48398814	0.9190808793306351
2000	NC_051843.1	24478212	24480212	0.9810841549634933
2000	NC_051835.1	1315185	1317185	0.8725809153914451
2000	NC_051836.1	21581376	21583376	0.9291430174261331
2000	NC_051819.1	11784708	11786708	0.8875597296655178
2000	NC_051809.1	70560405	70562405	1.238661875128746
2000	NC_051823.1	14921289	14923289	0.9735790112614632
2000	NC_051823.1	19819893	19821893	0.8943093930482864
2000	NC_051826.1	8766826	8768826	1.0402572940874704
2000	NC_051810.1	27163737	27165737	1.316760060876608
2000	NC_051813.1	42080969	42082969	1.1134196102619172
2000	NC_051826.1	41235051	41237051	0.9921929573118686
2000	NC_051829.1	29424772	29426772	0.9003806177005171
2000	NC_051834.1	5113711	5115711	0.6837859527617693
2000	NC_051827.1	39868391	39870391	1.0365377482175826
2000	NC_051814.1	2146306	2148306	0.916459840208292
2000	NC_051818.1	35218493	35220493	1.0760515303611755
2000	NC_051807.1	33489910	33491910	1.0408525231480599
2000	NC_051810.1	69121570	69123570	0.9493059466779232
2000	NC_051807.1	2280973	2282973	1.040877504080534
2000	NC_051811.1	48451957	48453957	1.0025261796787381
2000	NC_051820.1	50853911	50855911	0.8754980978667736
2000	NC_051817.1	59235780	59237780	0.884707644879818
2000	NC_051821.1	43351509	43353509	0.9315485417842865
2000	NC_051808.1	84591341	84593341	0.9832137931883335
2000	NC_051810.1	17423879	17425879	1.225625296831131
2000	NC_051823.1	45314276	45316276	0.8299873081892729
2000	NC_051815.1	34870803	34872803	0.9949481355547904
2000	NC_051821.1	17639138	17641138	0.9936358423829079
2000	NC_051813.1	60147463	60149463	1.043352234646678
2000	NC_051820.1	10573354	10575354	0.927829671651125
2000	NC_051828.1	23459829	23461829	0.9470439458787441
2000	NC_051829.1	48829723	48831723	1.279762915879488
2000	NC_051809.1	65303889	65305889	1.1834171025753022
2000	NC_051817.1	20046287	20048287	0.9355005774796009
2000	NC_051815.1	61275607	61277607	0.9689998617321253
2000	NC_051843.1	1511104	1513104	0.9020451982021331
2000	NC_051819.1	23783585	23785585	0.9181310224533081
2000	NC_051818.1	3931094	3933094	0.9692665711935464
2000	NC_051835.1	17137063	17139063	0.913535319073995
2000	NC_051808.1	12594177	12596177	0.9095239763259888
2000	NC_051824.1	33432307	33434307	0.946866515994072
2000	NC_051836.1	23436685	23438685	1.017985443919897
2000	NC_051843.1	77409614	77411614	0.8688422796726227
2000	NC_051837.1	31131592	31133592	1.1703690186738969
2000	NC_051836.1	13608437	13610437	0.9388694755584002
2000	NC_051843.1	88247624	88249624	0.9120520363897086
2000	NC_051824.1	15147489	15149489	0.9225567406117916
2000	NC_051812.1	15791460	15793460	0.9126000297814607
2000	NC_051807.1	60324168	60326168	1.3752279128432274
2000	NC_051829.1	1523020	1525020	0.9551865367591381
2000	NC_051823.1	23200604	23202604	1.126149965375662
2000	NC_051805.1	50682324	50684324	0.9316443074949576
2000	NC_051819.1	45341809	45343809	0.9866330904066563
2000	NC_051824.1	44188479	44190479	1.313400337010622
2000	NC_051808.1	28096238	28098238	1.1831467133035531
2000	NC_051817.1	2033005	2035005	0.907122993543744
2000	NC_051810.1	73881636	73883636	0.870776269489631
2000	NC_051826.1	33852886	33854886	0.9481943101882935
2000	NC_051828.1	2434209	2436209	0.9930493141710758
2000	NC_051811.1	21964851	21966851	1.047441114217043
2000	NC_051815.1	34107304	34109304	0.863287714138627
2000	NC_051807.1	11692277	11694277	0.8596278423517942
2000	NC_051814.1	24314800	24316800	1.2332236476242542
2000	NC_051820.1	11951882	11953882	0.9691707448363304
2000	NC_051818.1	59353373	59355373	1.0001128852963448
2000	NC_051840.1	23126844	23128844	0.9210830564796925
2000	NC_051807.1	42864046	42866046	0.9566609013974666
2000	NC_051810.1	16382324	16384324	1.3354285881221295
2000	NC_051813.1	25266215	25268215	0.956697474271059
2000	NC_051837.1	266284	268284	0.9910396191775799
2000	NC_051822.1	38602317	38604317	0.9777547158598899
2000	NC_051819.1	13903056	13905056	1.0726440387368201
2000	NC_051824.1	23397039	23399039	1.007893803358078
2000	NC_051807.1	84159293	84161293	0.8505256626754999
2000	NC_051813.1	10077105	10079105	0.8282561559514349
2000	NC_051809.1	33596505	33598505	1.30474545866251
2000	NC_051805.1	83494356	83496356	0.7720175787561336
2000	NC_051808.1	35757806	35759806	1.1819000003933906
2000	NC_051843.1	114692264	114694264	0.9973419060409069
2000	NC_051819.1	2972003	2974003	1.0692017959356308
2000	NC_051831.1	22909282	22911282	0.9687491818666458
2000	NC_051805.1	56003010	56005010	1.0075478902831674
2000	NC_051807.1	39656732	39658732	0.9484746066182852
2000	NC_051816.1	54314892	54316892	0.9510649797916413
2000	NC_051830.1	40014348	40016348	1.1555162046551704
2000	NC_051843.1	61117089	61119089	0.8474433619379997
2000	NC_051824.1	43938132	43940132	1.0169042087197304
2000	NC_051830.1	19372503	19374503	0.7742634430219387
2000	NC_051818.1	40231657	40233657	1.0939496881365776
2000	NC_051812.1	70577587	70579587	1.2415059491097926
2000	NC_051811.1	57194634	57196634	1.6082435467243195
2000	NC_051808.1	43316952	43318952	0.9626429506242276
2000	NC_051822.1	15936219	15938219	0.694221648864448
2000	NC_051812.1	18459688	18461688	0.9202451277077198
2000	NC_051819.1	30585363	30587363	0.9189350951910019
2000	NC_051843.1	20651824	20653824	1.0779951672255992
2000	NC_051817.1	19656939	19658939	0.9195641814768314
2000	NC_051805.1	43440235	43442235	0.9264367547631264
2000	NC_051835.1	38274309	38276309	1.2368057589232921
2000	NC_051816.1	45995848	45997848	0.9946257729828357
2000	NC_051811.1	19176650	19178650	3.204094684869051
2000	NC_051843.1	94682838	94684838	
2000	NC_051815.1	53017918	53019918	0.993314876228571
2000	NC_051807.1	12525702	12527702	0.9603840357661247
2000	NC_051805.1	98132970	98134970	1.119093527942896
2000	NC_051843.1	94532647	94534647	0.9219918727427721
2000	NC_051843.1	2015201	2017201	1.0772860137224198
2000	NC_051808.1	69797998	69799998	0.9057506684064865
2000	NC_051843.1	112142194	112144194	0.8258543302416801
2000	NC_051814.1	23064626	23066626	1.3397884061336518
2000	NC_051827.1	20255011	20257011	1.0662862382233143
2000	NC_051834.1	1982220	1984220	0.9542911644279957
2000	NC_051843.1	1800896	1802896	1.0059565350711346
2000	NC_051832.1	11095226	11097226	0.9436365042030811
2000	NC_051806.1	33639500	33641500	1.1115769665688275
2000	NC_051832.1	33406310	33408310	1.016563646222504
2000	NC_051840.1	18549632	18551632	0.8834493834078312
2000	NC_051807.1	22710008	22712008	0.9495319546759129
2000	NC_051815.1	23048797	23050797	1.35848953717947
2000	NC_051827.1	5873524	5875524	1.002413472354412
2000	NC_051843.1	100096903	100098903	0.8973889308273792
2000	NC_051812.1	67607473	67609473	1.2661455145478249
2000	NC_051805.1	60871263	60873263	0.9110008502602577
2000	NC_051811.1	78049268	78051268	0.9721173292994499
2000	NC_051823.1	20668646	20670646	0.8480445290058851
2000	NC_051818.1	57979773	57981773	0.9622172560989857
2000	NC_051824.1	21465562	21467562	0.9177393983602524
2000	NC_051834.1	9290788	9292788	1.2729786586761476
2000	NC_051814.1	17004443	17006443	0.8396305353939533
2000	NC_051828.1	43882285	43884285	1.1397868552803994
2000	NC_051834.1	31438838	31440838	1.1423066780567168
2000	NC_051810.1	28024386	28026386	1.5630466412454844
2000	NC_051839.1	14527996	14529996	0.9849423500001431
2000	NC_051816.1	44464605	44466605	0.8975959162414074
2000	NC_051843.1	54624221	54626221	1.2568523590564729
2000	NC_051807.1	67818266	67820266	1.030372188359499
2000	NC_051836.1	27533812	27535812	0.9836138497889042
2000	NC_051808.1	15349454	15351454	1.0550218237638473
2000	NC_051818.1	43610986	43612986	1.1771828752458096
2000	NC_051836.1	19106879	19108879	0.9404211322963237
2000	NC_051837.1	28718220	28720220	1.152130761295557
2000	NC_051806.1	62514160	62516160	0.8865461578965187
2000	NC_051841.1	23409843	23411843	1.1729744161963462
2000	NC_051824.1	41487237	41489237	0.9704329676926136
2000	NC_051805.1	74095192	74097192	1.0233303620815277
2000	NC_051836.1	6992532	6994532	0.9531992426514626
2000	NC_051813.1	2877034	2879034	1.4437531468868257
2000	NC_051841.1	17262480	17264480	1.085616136789322
2000	NC_051843.1	120681854	120683854	1.0280682891607285
2000	NC_051819.1	3296249	3298249	1.1181192897260188
2000	NC_051819.1	11568158	11570158	0.937312223315239
2000	NC_051807.1	56195771	56197771	1.1136145320832729
2000	NC_051822.1	49631082	49633082	1.3183967614769936
2000	NC_051816.1	13446787	13448787	1.0058918534219266
2000	NC_051816.1	5845132	5847132	1.5691879912018776
2000	NC_051837.1	25381384	25383384	0.8534958742260933
2000	NC_051806.1	60623611	60625611	1.008946451485157
2000	NC_051808.1	47337883	47339883	0.9271365460157395
2000	NC_051807.1	36432998	36434998	0.918898190587759
2000	NC_051841.1	4039032	4041032	0.9233392162621021
2000	NC_051807.1	60577212	60579212	1.1407190278172492
2000	NC_051832.1	36376806	36378806	1.373237801939249
2000	NC_051811.1	29854678	29856678	1.1787561014145613
2000	NC_051822.1	24486500	24488500	0.8925565749406814
2000	NC_051818.1	816249	818249	1.2667437000870705
2000	NC_051835.1	22224208	22226208	0.8661884561777115
2000	NC_051814.1	65297205	65299205	0.9770859953016042
2000	NC_051825.1	39646906	39648906	1.1284188677966596
2000	NC_051822.1	12902036	12904036	1.1795069973468781
2000	NC_051811.1	73877967	73879967	1.066179034292698
2000	NC_051809.1	51177205	51179205	1.1030708687007427
2000	NC_051842.1	10126102	10128102	1.0101285485625267
2000	NC_051814.1	62402627	62404627	0.9519665471017361
2000	NC_051831.1	5904987	5906987	1.0363155674040319
2000	NC_051829.1	4960389	4962389	0.9847349152266979
2000	NC_051812.1	32694262	32696262	1.024663273692131
2000	NC_051827.1	7227118	7229118	1.1322985475063323
2000	NC_051818.1	45580700	45582700	0.9590359091758728
2000	NC_051820.1	32878841	32880841	1.0573954122364522
2000	NC_051806.1	4428248	4430248	0.9792114581763744
2000	NC_051823.1	2611249	2613249	1.0318147986531259
2000	NC_051805.1	76929959	76931959	1.1274820703864097
2000	NC_051815.1	1797023	1799023	1.3176473361849785
2000	NC_051826.1	38061116	38063116	0.837193318426609
2000	NC_051834.1	16973450	16975450	1.0582744725048543
2000	NC_051821.1	27545152	27547152	0.6111290523260832
2000	NC_051822.1	36741146	36743146	0.9520959417427642
2000	NC_051806.1	26893876	26895876	0.88148759958148
2000	NC_051805.1	71947082	71949082	1.0235432599484922
2000	NC_051809.1	74892929	74894929	0.9082418761402369
2000	NC_051825.1	776527	778527	0.8021124785095454
2000	NC_051816.1	42410274	42412274	0.9616111014485359
2000	NC_051835.1	38619014	38621014	1.4350404932200909
2000	NC_051805.1	86121255	86123255	0.98796914473176
2000	NC_051831.1	19804049	19806049	1.0238933880925178
2000	NC_051814.1	35671930	35673930	1.5390379840135575
2000	NC_051829.1	12484846	12486846	0.9705931072831154
2000	NC_051813.1	42536270	42538270	0.9984578503668309
2000	NC_051843.1	8212510	8214510	1.058338185697794
2000	NC_051824.1	38205337	38207337	0.9764053588807583
2000	NC_051806.1	63713296	63715296	0.9769151325523854
2000	NC_051817.1	17886255	17888255	1.004624812155962
2000	NC_051825.1	29468468	29470468	0.8384448601864278
2000	NC_051831.1	23713678	23715678	0.9998651291131974
2000	NC_051811.1	32082475	32084475	0.9172269828617573
2000	NC_051834.1	28376203	28378203	0.9699847457110882
2000	NC_051831.1	1799068	1801068	1.0194867017269134
2000	NC_051838.1	32577419	32579419	1.0629171484410762
2000	NC_051806.1	8499851	8501851	1.4586853306293488
2000	NC_051843.1	88590473	88592473	0.4864986957925739
2000	NC_051822.1	48935046	48937046	1.338271008759737
2000	NC_051844.1	855275	857275	0.996341311186552
2000	NC_051809.1	13085120	13087120	1.1266827289760113
2000	NC_051809.1	30056374	30058374	0.6671215494473776
2000	NC_051818.1	21855611	21857611	1.0446279588788747
2000	NC_051819.1	27310129	27312129	1.0136340001523494
2000	NC_051841.1	1153164	1155164	1.138525918930769
2000	NC_051820.1	29665302	29667302	1.1257083283364773
2000	NC_051838.1	14211341	14213341	0.9715576515048743
2000	NC_051811.1	66269024	66271024	0.9555265524685382
2000	NC_051805.1	43547154	43549154	1.0173964209854602
2000	NC_051835.1	24875893	24877893	1.0440317315161227
2000	NC_051821.1	8195347	8197347	1.300538223415613
2000	NC_051829.1	10968318	10970318	0.9032333067506552
2000	NC_051826.1	21465438	21467438	0.9522325778901577
2000	NC_051836.1	22048548	22050548	1.325057563573122
2000	NC_051832.1	40003461	40005461	1.1648217852413654
2000	NC_051826.1	41483151	41485151	0.965639051258564
2000	NC_051826.1	26632137	26634137	0.9996920760720969
2000	NC_051818.1	32056615	32058615	0.8852447877824307
2000	NC_051828.1	14803511	14805511	1.1797867609262467
2000	NC_051819.1	39803386	39805386	0.993942734926939
2000	NC_051807.1	35869616	35871616	0.8929974738955497
2000	NC_051825.1	36597666	36599666	1.1018419987904398
2000	NC_051814.1	49316527	49318527	1.240833897382021
2000	NC_051811.1	28875521	28877521	1.0432792408466338
2000	NC_051843.1	62999168	63001168	0.9765736673623323
2000	NC_051822.1	48929464	48931464	1.2034066313803196
2000	NC_051816.1	32537425	32539425	0.8583165422081948
2000	NC_051820.1	45697323	45699323	0.9990798632502556
2000	NC_051843.1	8346859	8348859	0.8490892185717821
2000	NC_051805.1	6797276	6799276	0.8648761895298958
2000	NC_051822.1	23045846	23047846	1.0012538455724715
2000	NC_051824.1	11972020	11974020	0.9777654193341732
2000	NC_051832.1	22914248	22916248	1.1845627132952212
2000	NC_051817.1	8843896	8845896	0.9424503244459629
2000	NC_051827.1	19511284	19513284	1.0089537623822689
2000	NC_051819.1	54366738	54368738	0.9026983015835285
2000	NC_051810.1	59594915	59596915	1.0943834224856028
2000	NC_051818.1	35757810	35759810	1.5107831354439258
2000	NC_051831.1	8882081	8884081	0.9516706364154816
2000	NC_051812.1	41811835	41813835	1.1050419530272484
2000	NC_051830.1	11115965	11117965	1.2615377512574195
2000	NC_051809.1	46375327	46377327	0.9746489059627056
2000	NC_051822.1	10169660	10171660	1.0139394603669643
2000	NC_051828.1	46313104	46315104	1.0331568449512125
2000	NC_051812.1	36613344	36615344	1.0029505529403686
2000	NC_051812.1	53499266	53501266	0.9305292762517929
2000	NC_051821.1	44498381	44500381	0.8386967916637659
2000	NC_051811.1	42673979	42675979	3.814260000765324
2000	NC_051814.1	14336973	14338973	0.9932117077631828
2000	NC_051811.1	76351985	76353985	1.183023832142353
2000	NC_051833.1	19539332	19541332	0.9607465840280056
2000	NC_051821.1	43692450	43694450	0.872380206733942
2000	NC_051808.1	52691054	52693054	0.9425863650888204
2000	NC_051809.1	18323689	18325689	1.094492144137621
2000	NC_051823.1	21099390	21101390	
2000	NC_051837.1	30804740	30806740	0.9606232269108296
2000	NC_051805.1	13595400	13597400	2.63246730864048
2000	NC_051808.1	24363220	24365220	0.928340172469616
2000	NC_051843.1	25477506	25479506	0.9394643414616585
2000	NC_051809.1	21103939	21105939	1.0508600340485572
2000	NC_051824.1	54635132	54637132	1.130979068428278
2000	NC_051810.1	43530597	43532597	1.2656021406650544
2000	NC_051826.1	61288417	61290417	0.7731373269067091
2000	NC_051805.1	11962147	11964147	0.9387949586957693
2000	NC_051806.1	78901510	78903510	1.0007912582159042
2000	NC_051843.1	46362937	46364937	
2000	NC_051821.1	58199717	58201717	0.9643125905394554
2000	NC_051813.1	46793240	46795240	1.0541917389631272
2000	NC_051828.1	46181352	46183352	1.0894458225667476
2000	NC_051814.1	67979543	67981543	0.9882892390787601
2000	NC_051844.1	480018	482018	1.1621146414723507
2000	NC_051830.1	25965634	25967634	
2000	NC_051811.1	79071311	79073311	0.6680070648829142
2000	NC_051820.1	39883984	39885984	0.9421021092832088
2000	NC_051843.1	96978805	96980805	0.9826270990073681
2000	NC_051816.1	66489359	66491359	0.9387783167958259
2000	NC_051843.1	19259224	19261224	0.9681141745448113
2000	NC_051823.1	48897610	48899610	0.8909274320304393
2000	NC_051806.1	12814479	12816479	0.9382061464488506
2000	NC_051806.1	13857837	13859837	1.3086127046132698
2000	NC_051807.1	71305769	71307769	1.075472335547209
2000	NC_051810.1	76462327	76464327	0.9655913222134114
2000	NC_051827.1	38754224	38756224	2.730427701920271
2000	NC_051825.1	33187766	33189766	1.3161099084615708
2000	NC_051810.1	72856061	72858061	0.7982926004976034
2000	NC_051824.1	34120305	34122305	0.9610560077428818
2000	NC_051822.1	39345458	39347458	1.2118003185093402
2000	NC_051829.1	9669092	9671092	0.9199003234803677
2000	NC_051806.1	13797460	13799460	0.9576463252305984
2000	NC_051817.1	37857657	37859657	2.7217677256166937
2000	NC_051811.1	1439976	1441976	1.4498885468542575
2000	NC_051809.1	72318966	72320966	0.9918197318315506
2000	NC_051841.1	25511773	25513773	0.8157888217121363
2000	NC_051815.1	66819465	66821465	0.981366332322359
2000	NC_051813.1	57021084	57023084	1.2703589485287667
2000	NC_051840.1	4270774	4272774	0.9735547426640987
2000	NC_051824.1	50392822	50394822	1.46101227414608
2000	NC_051820.1	1971192	1973192	1.4470455974042415
2000	NC_051806.1	80157536	80159536	1.4121023002266884
2000	NC_051820.1	35583566	35585566	0.8628175147920847
2000	NC_051806.1	45825180	45827180	0.8546489994600415
2000	NC_051811.1	66115264	66117264	1.013826295286417
2000	NC_051821.1	47391	49391	0.5272042617449699
2000	NC_051843.1	81201149	81203149	0.9213996777534484
2000	NC_051819.1	5321176	5323176	3.645829526245594
2000	NC_051814.1	64541421	64543421	2.1272207267284395
2000	NC_051836.1	11527364	11529364	1.0328849736750125
2000	NC_051828.1	11517044	11519044	1.0537295767068864
2000	NC_051806.1	14259599	14261599	1.1651312092542647
2000	NC_051843.1	35236293	35238293	1.0569378313720226
2000	NC_051820.1	27425742	27427742	0.8555861179828643
2000	NC_051823.1	2143153	2145153	0.9816263948976993
2000	NC_051826.1	17081202	17083202	1.0792870698571204
2000	NC_051827.1	23201398	23203398	0.9129802707284689
2000	NC_051808.1	46734782	46736782	0.8878754744976759
2000	NC_051840.1	7456560	7458560	0.894968484789133
2000	NC_051825.1	5998302	6000302	1.0686558896005154
2000	NC_051807.1	60207545	60209545	1.2872324141860008
2000	NC_051805.1	18015961	18017961	0.9288494598269462
2000	NC_051815.1	21488371	21490371	1.1322623011469841
2000	NC_051820.1	39666407	39668407	0.957658374235034
2000	NC_051826.1	38748334	38750334	0.9018575157523155
2000	NC_051808.1	60080503	60082503	1.8696174435913562
2000	NC_051806.1	39152702	39154702	1.1168618300557136
2000	NC_051826.1	38837854	38839854	1.008984976708889
2000	NC_051822.1	25379639	25381639	0.9131292523443699
2000	NC_051833.1	10333784	10335784	0.9496763617098332
2000	NC_051806.1	903297	905297	0.9061924734886955
2000	NC_051807.1	58721681	58723681	1.3499647498726846
2000	NC_051826.1	24702402	24704402	0.8976521924287081
2000	NC_051828.1	20400473	20402473	1.574882060110569
2000	NC_051805.1	10990220	10992220	0.8928698090463877
2000	NC_051808.1	49405531	49407531	0.8870534491240978
2000	NC_051827.1	24227359	24229359	0.991512716203928
2000	NC_051806.1	10338473	10340473	0.9451471521109343
2000	NC_051828.1	10860600	10862600	1.1169466692954302
2000	NC_051810.1	4972401	4974401	1.0582015364766122
2000	NC_051834.1	40005281	40007281	1.1944324044585228
2000	NC_051836.1	31595440	31597440	0.9507774156332016
2000	NC_051813.1	12363894	12365894	0.9430022829174995
2000	NC_051831.1	24420533	24422533	0.9547404065132141
2000	NC_051808.1	66949692	66951692	1.0145117617845536
2000	NC_051807.1	67272904	67274904	0.8823192319869995
2000	NC_051840.1	9170610	9172610	0.9232238778471946
2000	NC_051819.1	41551732	41553732	0.9658929168879986
2000	NC_051819.1	14961628	14963628	2.556502489298582
2000	NC_051814.1	12760452	12762452	0.9407699847817421
2000	NC_051829.1	28536463	28538463	0.9298895606696606
2000	NC_051821.1	35415334	35417334	1.1598201767504215
2000	NC_051809.1	20782628	20784628	1.0341074165701867
2000	NC_051816.1	50738381	50740381	1.0038613381683827
2000	NC_051809.1	51030464	51032464	1.1384699445962907
2000	NC_051820.1	58532788	58534788	0.9087062178850174
2000	NC_051820.1	36320962	36322962	0.9686923604607582
2000	NC_051815.1	74132194	74134194	1.1268793905377388
2000	NC_051842.1	5732829	5734829	0.9834744139313698
2000	NC_051825.1	36232516	36234516	0.9186217980086804
2000	NC_051810.1	22544491	22546491	0.9658783477395773
2000	NC_051817.1	3314188	3316188	1.0781386345028878
2000	NC_051805.1	85416324	85418324	0.9250910537242889
2000	NC_051823.1	3923828	3925828	0.9125264368802309
2000	NC_051829.1	1689193	1691193	0.9695642269849777
2000	NC_051829.1	8723068	8725068	0.912877879589796
2000	NC_051843.1	112895878	112897878	0.8515493157505989
2000	NC_051832.1	31109509	31111509	1.0594133175611495
2000	NC_051828.1	45902090	45904090	1.1720363473892212
2000	NC_051815.1	16976519	16978519	0.9708000010848046
2000	NC_051843.1	56657572	56659572	1.0468124622851611
2000	NC_051832.1	27678415	27680415	0.942194922119379
2000	NC_051843.1	87530678	87532678	0.9797242642641067
2000	NC_051813.1	14349157	14351157	0.94372574493289
2000	NC_051825.1	16449198	16451198	1.0485297146439552
2000	NC_051822.1	1385487	1387487	1.1236878782212734
2000	NC_051833.1	26680221	26682221	0.7302568874210119
2000	NC_051812.1	45941067	45943067	1.0389481409192085
2000	NC_051829.1	9458756	9460756	1.0481065769699176
2000	NC_051838.1	6171569	6173569	1.0020782894790172
2000	NC_051807.1	83174558	83176558	0.9428270987868309
2000	NC_051819.1	56298413	56300413	0.963571583211422
2000	NC_051817.1	1873657	1875657	0.915516121596098
2000	NC_051809.1	44844977	44846977	0.9618925518095494
2000	NC_051818.1	2922617	2924617	0.9889986028969288
2000	NC_051833.1	35728893	35730893	0.9730375410318375
2000	NC_051808.1	44916847	44918847	0.9843628453612328
2000	NC_051836.1	26278053	26280053	1.0103174847960472
2000	NC_051834.1	3150953	3152953	0.9387949854433536
2000	NC_051805.1	52485562	52487562	1.0065545189380645
2000	NC_051841.1	16720907	16722907	0.9973893865644932
2000	NC_051815.1	29904903	29906903	1.0052987215220928
2000	NC_051830.1	24033366	24035366	1.1792464929521085
2000	NC_051835.1	10431372	10433372	0.8393125712126493
2000	NC_051806.1	73862768	73864768	1.6621505243182182
2000	NC_051843.1	94120409	94122409	0.9297774313092232
2000	NC_051843.1	48006554	48008554	0.9805514963567257
2000	NC_051837.1	29235715	29237715	1.149162513911724
2000	NC_051812.1	17067541	17069541	1.011860516577959
2000	NC_051841.1	29898829	29900829	1.0773530320823193
2000	NC_051821.1	4795317	4797317	1.0042698763906956
2000	NC_051807.1	37340243	37342243	0.9225811829268933
2000	NC_051823.1	13712936	13714936	0.920599117774908
2000	NC_051816.1	51486831	51488831	0.9137357557761042
2000	NC_051816.1	39850111	39852111	1.0678934052884579
2000	NC_051805.1	70696139	70698139	0.9452152358442545
2000	NC_051843.1	114884617	114886617	1.0028729808926582
2000	NC_051808.1	25803250	25805250	0.903968944400549
2000	NC_051805.1	58039160	58041160	1.0681556403636931
2000	NC_051836.1	33437392	33439392	0.9415628922879696
2000	NC_051807.1	727222	729222	1.0090783644914627
2000	NC_051817.1	9748814	9750814	0.9029005419909955
2000	NC_051809.1	37567332	37569332	1.0898559719622136
2000	NC_051806.1	63417342	63419342	0.9328017144054175
2000	NC_051821.1	22840547	22842547	1.0993698771893978
2000	NC_051818.1	23366004	23368004	1.0313628027439117
2000	NC_051817.1	4382073	4384073	5.1449781173467635
2000	NC_051810.1	11987183	11989183	1.261984564036131
2000	NC_051806.1	52578211	52580211	1.0451755728125571
2000	NC_051843.1	14649063	14651063	0.8632533514797688
2000	NC_051812.1	37643578	37645578	0.8784718889147043
2000	NC_051807.1	28512920	28514920	0.9242893561720849
2000	NC_051830.1	23911755	23913755	1.4673512350022793
2000	NC_051832.1	38684814	38686814	1.1658028474748134
2000	NC_051824.1	34050016	34052016	1.0125771340280771
2000	NC_051816.1	59768793	59770793	1.077455107331276
2000	NC_051836.1	16995260	16997260	0.9727805627882481
2000	NC_051805.1	98466908	98468908	1.184128594368696
2000	NC_051819.1	15632836	15634836	1.025846537053585
2000	NC_051806.1	22806194	22808194	0.977014515042305
2000	NC_051835.1	3431856	3433856	0.8960121440887451
2000	NC_051829.1	412898	414898	0.9646103588938713
2000	NC_051843.1	3663663	3665663	1.030040566831827
2000	NC_051815.1	36411458	36413458	0.9995824712812901
2000	NC_051824.1	53534878	53536878	1.1225614686012269
2000	NC_051811.1	65210662	65212662	1.0037088569998742
2000	NC_051811.1	28625218	28627218	1.0359995135962963
2000	NC_051842.1	14633019	14635019	0.97615807749331
2000	NC_051812.1	13855490	13857490	0.9547347794473171
2000	NC_051843.1	47873318	47875318	0.874195282638073
2000	NC_051809.1	443636	445636	1.0057724354863167
2000	NC_051823.1	4253510	4255510	0.891135067269206
2000	NC_051805.1	53883406	53885406	0.9884727841317653
2000	NC_051824.1	10626518	10628518	0.9672273967564106
2000	NC_051826.1	17958411	17960411	0.9389488016068935
2000	NC_051815.1	38557190	38559190	0.8884168334305287
2000	NC_051822.1	56317907	56319907	1.1183586390316487
2000	NC_051833.1	27052989	27054989	1.0147712968587876
2000	NC_051832.1	10149669	10151669	1.1514428715705871
2000	NC_051838.1	28095724	28097724	0.8610943984985352
2000	NC_051835.1	24445202	24447202	1.0918733936548233
2000	NC_051843.1	16931253	16933253	0.9138096249103547
2000	NC_051838.1	16237392	16239392	1.176560264289379
2000	NC_051805.1	39574153	39576153	1.0595208626389503
2000	NC_051823.1	34965234	34967234	0.9629559501111508
2000	NC_051830.1	2189624	2191624	1.1584974030554294
2000	NC_051806.1	45213056	45215056	0.9737208818346262
2000	NC_051811.1	41047430	41049430	2.683263719826937
2000	NC_051805.1	108825716	108827716	1.590233893841505
2000	NC_051829.1	48350957	48352957	1.0757890507280827
2000	NC_051818.1	17820542	17822542	1.1115675336420536
2000	NC_051821.1	63748960	63750960	1.4598597124218942
2000	NC_051826.1	15531297	15533297	0.9685985907912255
2000	NC_051827.1	21352651	21354651	0.9906969533264637
2000	NC_051815.1	6425337	6427337	1.0322910662293434
2000	NC_051830.1	3371917	3373917	1.16732053989172
2000	NC_051821.1	47245285	47247285	0.9475174871087074
2000	NC_051831.1	8673366	8675366	0.9123734691143036
2000	NC_051807.1	9996791	9998791	0.9561625614166259
2000	NC_051826.1	50849257	50851257	1.0025490700900554
2000	NC_051833.1	29153200	29155200	1.0209128573536872
2000	NC_051809.1	67738074	67740074	1.0333596563339233
2000	NC_051826.1	32094093	32096093	0.9751764271259308
2000	NC_051810.1	9178601	9180601	1.025403072655201
2000	NC_051825.1	26951955	26953955	0.7656213034082342
2000	NC_051810.1	46849232	46851232	0.8831207689179315
2000	NC_051810.1	29393912	29395912	1.133785276144743
2000	NC_051839.1	16667408	16669408	0.9582830630540847
2000	NC_051807.1	21991094	21993094	0.9618608780801297
2000	NC_051805.1	104616299	104618299	0.9484872498065233
2000	NC_051809.1	4026545	4028545	1.2938236221671104
2000	NC_051824.1	47337948	47339948	1.0945855347514153
2000	NC_051812.1	1328303	1330303	0.9081846031844616
2000	NC_051806.1	15384290	15386290	0.9777409793436527
2000	NC_051805.1	49775946	49777946	1.991690132111311
2000	NC_051824.1	10423813	10425813	0.9518164532184601
2000	NC_051829.1	35756069	35758069	1.2022829349935056
2000	NC_051810.1	15370758	15372758	1.2107841434478759
2000	NC_051827.1	46274491	46276491	0.9830423144102096
2000	NC_051806.1	3291263	3293263	0.9180172912478447
2000	NC_051831.1	20384051	20386051	0.9493692243546248
2000	NC_051813.1	26880875	26882875	1.2980910241603851
2000	NC_051825.1	19893984	19895984	1.1385544386804103
2000	NC_051806.1	29125657	29127657	1.0370720266103743
2000	NC_051809.1	86609731	86611731	1.0129268168509007
2000	NC_051805.1	96282027	96284027	1.053937137156725
2000	NC_051816.1	391214	393214	0.950282483547926
2000	NC_051838.1	31356900	31358900	0.8740865789353848
2000	NC_051840.1	25464421	25466421	0.9484697992503643
2000	NC_051821.1	45632175	45634175	0.9325227253139019
2000	NC_051815.1	33897997	33899997	0.8404812944680452
2000	NC_051805.1	104503006	104505006	1.0736248740553855
2000	NC_051819.1	59299513	59301513	0.9817069359719753
2000	NC_051818.1	42004713	42006713	1.0783504540324211
2000	NC_051832.1	21565020	21567020	1.0086006258428097
2000	NC_051810.1	54112429	54114429	0.9733673258125782
2000	NC_051828.1	34669418	34671418	1.1580024361908436
2000	NC_051836.1	16151793	16153793	0.8911812321543694
2000	NC_051809.1	777802	779802	0.9178694435954093
2000	NC_051818.1	4530384	4532384	1.1425181597471237
2000	NC_051843.1	108076142	108078142	0.9666017507314681
2000	NC_051823.1	44892519	44894519	0.9292140939384699
2000	NC_051809.1	19001138	19003138	0.8361549798262231
2000	NC_051825.1	27047347	27049347	0.8288688970953226
2000	NC_051821.1	13753132	13755132	1.085995474934578
2000	NC_051835.1	19082480	19084480	0.9218941836804152
2000	NC_051815.1	29446722	29448722	0.9961525176167488
2000	NC_051805.1	92657899	92659899	1.0221749560087918
2000	NC_051827.1	13537861	13539861	0.9670430727601051
2000	NC_051815.1	56837618	56839618	1.1046450356245041
2000	NC_051807.1	14700941	14702941	0.9697483836412429
2000	NC_051807.1	87441347	87443347	0.9901528658866883
2000	NC_051824.1	38819308	38821308	0.903272967159748
2000	NC_051820.1	10378513	10380513	0.7981781604503974
2000	NC_051808.1	44531888	44533888	1.0572506734728813
2000	NC_051819.1	19141403	19143403	0.9622701909542084
2000	NC_051841.1	1853899	1855899	1.0278324906527996
2000	NC_051806.1	80832489	80834489	1.2817161418497562
2000	NC_051805.1	52226329	52228329	1.0316705495417118
2000	NC_051832.1	13842557	13844557	1.201409125044942
2000	NC_051841.1	5139711	5141711	0.9845449129939079
2000	NC_051805.1	114091160	114093160	1.0156242340803145
2000	NC_051826.1	50974980	50976980	0.7637367826009143
2000	NC_051811.1	57901661	57903661	0.8988638021945954
2000	NC_051814.1	14242041	14244041	1.0395848229527473
2000	NC_051834.1	27231220	27233220	1.049956622570753
2000	NC_051809.1	77206659	77208659	1.1490339526832103
2000	NC_051814.1	66275483	66277483	0.9783607280254364
2000	NC_051807.1	22055406	22057406	0.9553970795571805
2000	NC_051825.1	22455117	22457117	1.088101878464222
2000	NC_051810.1	27070002	27072002	1.1742841873168945
2000	NC_051837.1	7633460	7635460	0.9693754214048386
2000	NC_051831.1	34607311	34609311	1.108226923942566
2000	NC_051805.1	2616449	2618449	1.0208373236358166
2000	NC_051822.1	52053908	52055908	5.796474978744984
2000	NC_051820.1	382278	384278	2.026885678470135
2000	NC_051839.1	285172	287172	0.944872908771038
2000	NC_051821.1	61133321	61135321	1.0806995158791541
2000	NC_051826.1	51246139	51248139	1.0289645865857602
2000	NC_051832.1	17407837	17409837	1.0341247004568577
2000	NC_051840.1	21524667	21526667	1.0010436661839486
2000	NC_051810.1	27080978	27082978	1.18189236587286
2000	NC_051828.1	9869962	9871962	0.9879955226778984
2000	NC_051819.1	40511321	40513321	1.0095528082251548
2000	NC_051828.1	29261232	29263232	1.1376190509498119
2000	NC_051821.1	65456477	65458477	0.8644334569126367
2000	NC_051813.1	48837225	48839225	0.9143368259072304
2000	NC_051836.1	14360363	14362363	0.9062229481935501
2000	NC_051825.1	5614106	5616106	0.9751400200724601
2000	NC_051838.1	9680618	9682618	1.177778233796358
2000	NC_051813.1	15667110	15669110	1.062123239338398
2000	NC_051813.1	24387232	24389232	1.3500939365029334
2000	NC_051816.1	41470727	41472727	0.9710695344507694
2000	NC_051807.1	73059033	73061033	1.1097881358265878
2000	NC_051810.1	69757643	69759643	0.9248149006276191
2000	NC_051821.1	36088216	36090216	0.9560439075231553
2000	NC_051805.1	73346545	73348545	1.0485897438228131
2000	NC_051807.1	14360659	14362659	2.556769256979227
2000	NC_051826.1	60346770	60348770	1.1071180082857608
2000	NC_051805.1	26304588	26306588	0.9548164309412241
2000	NC_051820.1	49255611	49257611	0.9665346285700798
2000	NC_051806.1	68832225	68834225	1.3073190174996854
2000	NC_051819.1	44384084	44386084	0.9119144005477429
2000	NC_051810.1	19282730	19284730	1.1578351275622845
2000	NC_051812.1	66054578	66056578	1.1630878869146108
2000	NC_051812.1	799140	801140	0.9446782480180264
2000	NC_051831.1	12614906	12616906	0.9767749393731355
2000	NC_051828.1	30214868	30216868	1.1444252004921436
2000	NC_051810.1	70685760	70687760	0.9717161579430104
2000	NC_051832.1	12794049	12796049	1.1944992771148681
2000	NC_051813.1	35528994	35530994	0.9223225576430559
2000	NC_051805.1	92465186	92467186	0.9169327704012394
2000	NC_051811.1	66365423	66367423	1.0619004181921483
2000	NC_051825.1	10423265	10425265	0.8166156001389027
2000	NC_051805.1	67681969	67683969	0.9389871164262295
2000	NC_051843.1	42478873	42480873	1.1864609597623348
2000	NC_051819.1	53093134	53095134	1.0068502624332905
2000	NC_051827.1	33005143	33007143	0.9720789509117603
2000	NC_051830.1	19384208	19386208	0.6925505395273275
2000	NC_051808.1	5982262	5984262	1.0621467880606652
2000	NC_051814.1	31404810	31406810	1.1101525346934795
2000	NC_051818.1	47467090	47469090	0.9452090813964605
2000	NC_051808.1	40094618	40096618	1.1086015189886094
2000	NC_051843.1	78778441	78780441	1.0934212491512298
2000	NC_051805.1	1910366	1912366	1.1731305717527867
2000	NC_051815.1	49587991	49589991	0.9568436658382415
2000	NC_051809.1	55567981	55569981	1.358952103793621
2000	NC_051821.1	56873509	56875509	0.8905953165590763
2000	NC_051807.1	67122559	67124559	1.0238926815092564
2000	NC_051843.1	73989632	73991632	0.9231401312954818
2000	NC_051825.1	17555139	17557139	0.92130552983284
2000	NC_051807.1	47849462	47851462	1.085155120074749
2000	NC_051835.1	28036726	28038726	1.5944244194520663
2000	NC_051807.1	73443383	73445383	1.002589378297329
2000	NC_051812.1	9472275	9474275	1.0193232096731664
2000	NC_051805.1	44006637	44008637	0.9149409255087375
2000	NC_051823.1	54492391	54494391	1.9355382298156618
2000	NC_051824.1	44464179	44466179	2.227253060400486
2000	NC_051834.1	38754446	38756446	1.3119242720901967
2000	NC_051833.1	26993754	26995754	0.8899169776439667
2000	NC_051814.1	23887047	23889047	1.3111434840857983
2000	NC_051812.1	36959540	36961540	0.8751744976953456
2000	NC_051815.1	26189171	26191171	1.068566045254469
2000	NC_051808.1	34408723	34410723	1.0202965488433837
2000	NC_051817.1	22793220	22795220	0.8670124628394842
2000	NC_051813.1	45224344	45226344	0.9514873515069485
2000	NC_051815.1	12490202	12492202	0.771351207731626
2000	NC_051819.1	2227130	2229130	1.2194652649760247
2000	NC_051828.1	35198210	35200210	1.0824009743332863
2000	NC_051809.1	42056917	42058917	1.2143531317412852
2000	NC_051813.1	2272645	2274645	1.344271899163723
2000	NC_051808.1	32485458	32487458	0.9736764588356018
2000	NC_051843.1	50291900	50293900	
2000	NC_051809.1	49103611	49105611	1.0662188111543656
2000	NC_051829.1	16561994	16563994	1.0408551968932152
2000	NC_051820.1	1344654	1346654	0.7763495544210458
2000	NC_051808.1	3909853	3911853	0.87529446798563
2000	NC_051842.1	21839581	21841581	1.3590616678595544
2000	NC_051825.1	5378890	5380890	0.9778451559444269
2000	NC_051832.1	20278801	20280801	0.9992296140193939
2000	NC_051829.1	35458196	35460196	1.0343654375374318
2000	NC_051812.1	12786060	12788060	1.0065008249878884
2000	NC_051813.1	3931381	3933381	1.4003644164204598
2000	NC_051810.1	77987157	77989157	1.2880119670629502
2000	NC_051808.1	15120842	15122842	1.0521752141416072
2000	NC_051808.1	82391782	82393782	0.9186922762989997
2000	NC_051838.1	8832027	8834027	1.0556450871229173
2000	NC_051822.1	36998888	37000888	0.8291467763930559
2000	NC_051830.1	35831567	35833567	0.9228234685361385
2000	NC_051807.1	67422243	67424243	1.0577397227585317
2000	NC_051844.1	2108218	2110218	1.0149526911898505
2000	NC_051838.1	39806023	39808023	0.9861124941706657
2000	NC_051824.1	41496424	41498424	1.107016090542078
2000	NC_051821.1	34226912	34228912	0.924321024030447
2000	NC_051805.1	25289548	25291548	0.9340112121999263
2000	NC_051824.1	29415987	29417987	0.9394634987711906
2000	NC_051826.1	6603268	6605268	0.9699822945594787
2000	NC_051818.1	20274146	20276146	0.9037140917181968
2000	NC_051825.1	17127447	17129447	1.0025273532569408
2000	NC_051843.1	54423761	54425761	0.9864320332109928
2000	NC_051828.1	23977872	23979872	1.2465792888402938
2000	NC_051805.1	157068	159068	1.0571121267676353
2000	NC_051827.1	43299507	43301507	0.889488577157259
2000	NC_051835.1	16306469	16308469	0.8998172265589237
2000	NC_051809.1	59045157	59047157	1.1034572371840476
2000	NC_051815.1	1044476	1046476	1.0675316666066648
2000	NC_051829.1	24560128	24562128	0.9076293076872826
2000	NC_051838.1	41067033	41069033	0.9122716121077538
2000	NC_051819.1	62066781	62068781	0.9333105178773403
2000	NC_051806.1	70053317	70055317	1.4707049610614777
2000	NC_051822.1	36509335	36511335	0.9440395210683346
2000	NC_051816.1	67931584	67933584	1.0767954984605312
2000	NC_051843.1	21106477	21108477	0.9707320357561111
2000	NC_051807.1	20494636	20496636	0.9140825139582157
2000	NC_051820.1	34585471	34587471	1.0012669924497604
2000	NC_051813.1	56249572	56251572	1.4847824332714081
2000	NC_051833.1	22219083	22221083	0.98201319912076
2000	NC_051830.1	6881650	6883650	1.3644708931446075
2000	NC_051822.1	32062093	32064093	0.9430355537831784
2000	NC_051828.1	8547303	8549303	0.9434797475337983
2000	NC_051828.1	18428265	18430265	1.1099952758848668
2000	NC_051810.1	40341144	40343144	1.5477519914507867
2000	NC_051808.1	5846796	5848796	1.0043147203624248
2000	NC_051826.1	59450305	59452305	1.242310653179884
2000	NC_051833.1	22983596	22985596	0.9045164290964604
2000	NC_051834.1	28166603	28168603	0.9425176309049129
2000	NC_051808.1	15078659	15080659	0.8526479164659977
2000	NC_051826.1	30863083	30865083	0.9854248636960983
2000	NC_051807.1	16107365	16109365	1.0288241949677468
2000	NC_051825.1	7818562	7820562	1.1428465341925622
2000	NC_051837.1	9603179	9605179	0.9010647077858448
2000	NC_051805.1	81437200	81439200	1.0372096456587314
2000	NC_051843.1	121811541	121813541	1.0110362009704112
2000	NC_051810.1	10918671	10920671	1.1551143261492252
2000	NC_051843.1	96968219	96970219	1.8572437642216681
2000	NC_051842.1	18581932	18583932	1.0158717049062251
2000	NC_051833.1	34246883	34248883	0.8824332619231681
2000	NC_051812.1	49048575	49050575	0.8337321005761623
2000	NC_051813.1	10688556	10690556	0.8624913784136643
2000	NC_051836.1	36964158	36966158	0.9384021589457989
2000	NC_051815.1	25932439	25934439	1.2615239876210689
2000	NC_051812.1	28091555	28093555	3.5720194847881794
2000	NC_051813.1	27374186	27376186	1.2744004076123239
2000	NC_051805.1	106130574	106132574	1.3326535316705703
2000	NC_051817.1	41528024	41530024	0.955092032328248
2000	NC_051821.1	61727288	61729288	0.9213453918099404
2000	NC_051818.1	27019101	27021101	0.9891224302947521
2000	NC_051806.1	26921845	26923845	0.9207031212747097
2000	NC_051810.1	25594885	25596885	1.156894428282976
2000	NC_051807.1	8400713	8402713	0.9902251158058644
2000	NC_051808.1	20598540	20600540	1.0385464811325074
2000	NC_051805.1	37243835	37245835	1.0615794630348683
2000	NC_051843.1	84881052	84883052	1.1480071277022361
2000	NC_051815.1	9353213	9355213	0.8066005898837766
2000	NC_051838.1	32559688	32561688	0.972035962715745
2000	NC_051819.1	6948082	6950082	0.8664914080500603
2000	NC_051835.1	12683964	12685964	0.9842702927589416
2000	NC_051810.1	43591335	43593335	0.9433393118530512
2000	NC_051829.1	22740269	22742269	0.8111316318958998
2000	NC_051815.1	51468059	51470059	1.256594665825367
2000	NC_051805.1	110599126	110601126	1.4522989302277565
2000	NC_051834.1	317834	319834	1.0159566704034806
2000	NC_051813.1	54907251	54909251	1.573796452343464
2000	NC_051820.1	8544380	8546380	2.980451439023018
2000	NC_051840.1	23779032	23781032	1.0527672981917857
2000	NC_051806.1	730930	732930	0.8664572350489788
2000	NC_051816.1	53209364	53211364	0.9161819202899932
2000	NC_051819.1	44072031	44074031	0.9098431297838688
2000	NC_051839.1	7870991	7872991	1.0614491449594499
2000	NC_051814.1	3101745	3103745	0.9608312477171421
2000	NC_051814.1	6370261	6372261	0.8468093628287315
2000	NC_051819.1	22175819	22177819	0.9368272206187248
2000	NC_051832.1	17456281	17458281	1.0240167624652385
2000	NC_051830.1	12929033	12931033	1.035323723554611
2000	NC_051808.1	190300	192300	0.9505376726388931
2000	NC_051815.1	38479555	38481555	1.083432126045227
2000	NC_051807.1	50075557	50077557	1.0040468434095382
2000	NC_051843.1	106375997	106377997	1.0270224179327487
2000	NC_051834.1	36622744	36624744	0.9993619250953197
2000	NC_051838.1	6312931	6314931	0.9041612213850021
2000	NC_051820.1	9097466	9099466	1.2908734339475632
2000	NC_051813.1	51555530	51557530	1.3278740778565408
2000	NC_051809.1	79484406	79486406	1.0898520217835903
2000	NC_051810.1	57540595	57542595	1.0954129728674888
2000	NC_051807.1	63773961	63775961	1.0863297503888607
2000	NC_051829.1	24635638	24637638	0.9398420661612402
2000	NC_051826.1	16652039	16654039	0.9095893649458885
2000	NC_051837.1	9935119	9937119	0.9848283934891224
2000	NC_051810.1	47711951	47713951	0.9477793658673763
2000	NC_051805.1	46239265	46241265	0.9983009964227676
2000	NC_051807.1	4143220	4145220	1.0082373023033142
2000	NC_051822.1	56193057	56195057	1.1887835793197155
2000	NC_051811.1	28218687	28220687	1.0382816600501537
2000	NC_051810.1	8874703	8876703	1.2082123844325543
2000	NC_051807.1	88093095	88095095	0.9872459752857685
2000	NC_051813.1	11163641	11165641	2.147538183242083
2000	NC_051805.1	58138775	58140775	0.9410744808614254
2000	NC_051840.1	12249265	12251265	0.9981601777672767
2000	NC_051827.1	5280064	5282064	0.8803520020842552
2000	NC_051824.1	2975896	2977896	1.1116275132596494
2000	NC_051826.1	50246894	50248894	1.0556993913650512
2000	NC_051831.1	10739620	10741620	0.8802013051509857
2000	NC_051819.1	27464819	27466819	0.8288929698914289
2000	NC_051828.1	5077063	5079063	1.0630771360695361
2000	NC_051820.1	35253378	35255378	0.9694839406907558
2000	NC_051810.1	77547771	77549771	1.1031355157792568
2000	NC_051814.1	18160239	18162239	1.2433586558699607
2000	NC_051805.1	60775897	60777897	0.8996418166905642
2000	NC_051805.1	51465896	51467896	0.7788651834993526
2000	NC_051822.1	10203280	10205280	0.9585178207606078
2000	NC_051822.1	40046147	40048147	0.7888197320923209
2000	NC_051827.1	27612682	27614682	1.0402959500551223
2000	NC_051806.1	1134	3134	0.9156233947111081
2000	NC_051827.1	22798430	22800430	0.9339387505501509
2000	NC_051828.1	39211232	39213232	1.077280916467309
2000	NC_051826.1	51423730	51425730	0.6539372392865115
2000	NC_051829.1	36740749	36742749	1.0283023743033408
2000	NC_051829.1	43741224	43743224	0.9681216655522585
2000	NC_051806.1	63605859	63607859	0.9386915875673294
2000	NC_051806.1	8947554	8949554	0.9516512946784497
2000	NC_051820.1	22396375	22398375	1.0234294034540654
2000	NC_051831.1	19557458	19559458	0.9096712865382433
2000	NC_051812.1	25189616	25191616	0.9511942618489265
2000	NC_051832.1	28570386	28572386	0.9775444501042366
2000	NC_051834.1	10076426	10078426	0.9129750289320946
2000	NC_051809.1	46146846	46148846	0.9264605162739754
2000	NC_051816.1	26419612	26421612	0.9622457260489464
2000	NC_051812.1	27108702	27110702	0.8302788798511028
2000	NC_051810.1	262732	264732	0.8585535092651844
2000	NC_051814.1	14315693	14317693	1.1597317554354667
2000	NC_051832.1	13128404	13130404	1.0182955606877804
2000	NC_051805.1	103703569	103705569	1.638701163172722
2000	NC_051805.1	47962018	47964018	0.9040527457594871
2000	NC_051841.1	1210324	1212324	1.0941803718209266
2000	NC_051843.1	100410032	100412032	0.8905583628118038
2000	NC_051840.1	27884906	27886906	0.6733890208317891
2000	NC_051827.1	16826796	16828796	1.1881167090237141
2000	NC_051813.1	6140835	6142835	1.5142651537060738
2000	NC_051816.1	65279343	65281343	0.9857564091235399
2000	NC_051815.1	58766260	58768260	0.9745183542370797
2000	NC_051835.1	36121194	36123194	1.2280871708393097
2000	NC_051843.1	14726998	14728998	1.1054433838129043
2000	NC_051811.1	5388025	5390025	0.9061572354286909
2000	NC_051812.1	59522112	59524112	1.0330593607723713
2000	NC_051818.1	25902901	25904901	0.9556648834347725
2000	NC_051812.1	38928143	38930143	1.0143926444351674
2000	NC_051810.1	61865532	61867532	0.9230814285576343
2000	NC_051827.1	12631083	12633083	1.0784253173172473
2000	NC_051823.1	47071478	47073478	0.9110428383499384
2000	NC_051814.1	30918055	30920055	1.0642701317369938
2000	NC_051808.1	16723385	16725385	1.028091715723276
2000	NC_051830.1	5220400	5222400	1.256592869758606
2000	NC_051805.1	57849576	57851576	1.0276211266815662
2000	NC_051843.1	81122002	81124002	0.923081456631422
2000	NC_051835.1	26527843	26529843	1.1046285530030728
2000	NC_051817.1	45196873	45198873	0.9578903951373281
2000	NC_051809.1	85579980	85581980	0.977579262405634
2000	NC_051809.1	29695206	29697206	1.0010698168873786
2000	NC_051838.1	37627212	37629212	0.9810707285106182
2000	NC_051819.1	34449171	34451171	1.366976193010807
2000	NC_051813.1	7798791	7800791	0.9008422673642635
2000	NC_051830.1	22216833	22218833	1.0363047417104245
2000	NC_051814.1	59523145	59525145	1.5182184571027755
2000	NC_051806.1	37033923	37035923	4.4409164906144145
2000	NC_051829.1	34577179	34579179	1.0064183749556541
2000	NC_051817.1	17575025	17577025	1.0498566798865796
2000	NC_051843.1	74092825	74094825	0.8401217326521874
2000	NC_051811.1	16635769	16637769	1.181944085776806
2000	NC_051824.1	54379050	54381050	1.2758239343762399
2000	NC_051837.1	17377642	17379642	1.0543428635895251
2000	NC_051824.1	7968341	7970341	1.2395532729625702
2000	NC_051807.1	47166851	47168851	0.9800531223118305
2000	NC_051828.1	8819372	8821372	0.9120438764095307
2000	NC_051805.1	16290415	16292415	1.502363202571869
2000	NC_051819.1	40705459	40707459	0.8897347922772169
2000	NC_051844.1	2252929	2254929	0.9753932652808726
2000	NC_051828.1	3888019	3890019	1.0020010686814784
2000	NC_051814.1	59705967	59707967	0.9688839782476425
2000	NC_051820.1	24782834	24784834	1.0993360322415828
2000	NC_051816.1	71604186	71606186	0.9141482978761196
2000	NC_051833.1	32145750	32147750	0.9079659640789032
2000	NC_051810.1	41167157	41169157	1.421735749423504
2000	NC_051822.1	19905953	19907953	0.9843609975278378
2000	NC_051805.1	26889651	26891651	0.9194440040588379
2000	NC_051810.1	30462768	30464768	0.9837919851541519
2000	NC_051815.1	14589959	14591959	1.0293556137382984
2000	NC_051838.1	32093410	32095410	0.9944064369797707
2000	NC_051835.1	15326764	15328764	0.865219383507967
2000	NC_051821.1	39585400	39587400	1.0549531601369382
2000	NC_051809.1	682059	684059	1.4227968132197857
2000	NC_051841.1	16418386	16420386	1.0758623162806034
2000	NC_051841.1	18687331	18689331	0.9266281151473522
2000	NC_051813.1	16638471	16640471	1.8494281651675701
2000	NC_051831.1	33138719	33140719	0.9845871503651142
2000	NC_051843.1	97458426	97460426	0.9914771097302437
2000	NC_051843.1	2309642	2311642	0.9736065434217454
2000	NC_051816.1	71332079	71334079	0.989905147075653
2000	NC_051821.1	54862984	54864984	1.057606479436159
2000	NC_051822.1	37902834	37904834	0.9444866303503513
2000	NC_051834.1	14523504	14525504	0.9884344883263111
2000	NC_051811.1	30374578	30376578	0.9725704391896725
2000	NC_051822.1	27999383	28001383	1.0018355537699415
2000	NC_051829.1	12015516	12017516	0.9410904021412134
2000	NC_051827.1	25129166	25131166	1.1114185198247433
2000	NC_051819.1	20541039	20543039	0.8624569401592016
2000	NC_051826.1	40947094	40949094	0.8967378851026296
2000	NC_051828.1	21177782	21179782	1.0112554072141646
2000	NC_051821.1	53901066	53903066	0.8849645596444606
2000	NC_051809.1	69844096	69846096	0.9216168364584446
2000	NC_051806.1	58575397	58577397	11.743861836254597
2000	NC_051810.1	70087000	70089000	0.9394082143902779
2000	NC_051817.1	50726027	50728027	0.9166900932192802
2000	NC_051819.1	3777601	3779601	0.9510325451642275
2000	NC_051810.1	77279781	77281781	1.1952505723536015
2000	NC_051805.1	67737566	67739566	0.9749581428468227
2000	NC_051811.1	9025352	9027352	1.1232417361736298
2000	NC_051829.1	46268231	46270231	1.1556425266265868
2000	NC_051822.1	44129849	44131849	0.9593442422747612
2000	NC_051811.1	76644349	76646349	0.9826499750614166
2000	NC_051805.1	64337005	64339005	1.0359219053387643
2000	NC_051827.1	26380663	26382663	1.0177101696431636
2000	NC_051805.1	75750223	75752223	0.961799725741148
2000	NC_051834.1	16969670	16971670	1.025832810550928
2000	NC_051813.1	47332669	47334669	1.0251816528141497
2000	NC_051825.1	44640276	44642276	0.9477466219961643
2000	NC_051808.1	53536281	53538281	0.9429988762789294
2000	NC_051809.1	47144776	47146776	1.0252207509577274
2000	NC_051841.1	21131845	21133845	0.9998004387319088
2000	NC_051822.1	23727112	23729112	1.0227085779309273
2000	NC_051825.1	29605048	29607048	1.0259665334224701
2000	NC_051817.1	12535596	12537596	0.9335374399125576
2000	NC_051816.1	3981390	3983390	1.0486597348749638
2000	NC_051839.1	18899712	18901712	0.9497309031486512
2000	NC_051841.1	24897333	24899333	0.9902171646654606
2000	NC_051808.1	45033107	45035107	0.9504720876216889
2000	NC_051823.1	881256	883256	0.9481385811865329
2000	NC_051809.1	18803323	18805323	0.9669999116659165
2000	NC_051832.1	20684487	20686487	1.0213759800195694
2000	NC_051825.1	35029496	35031496	1.0899777003228663
2000	NC_051811.1	61142983	61144983	0.995887101739645
2000	NC_051805.1	62490720	62492720	0.840626026764512
2000	NC_051808.1	60646943	60648943	0.9997934593558312
2000	NC_051813.1	32131705	32133705	1.0563835892081261
2000	NC_051843.1	126485802	126487802	1.0710194450616837
2000	NC_051806.1	40635293	40637293	1.1211008565723897
2000	NC_051805.1	42202577	42204577	0.9467039350569249
2000	NC_051809.1	64962367	64964367	1.1612636920511723
2000	NC_051809.1	4503025	4505025	0.8322395756840706
2000	NC_051811.1	34344257	34346257	1.011614808231592
2000	NC_051824.1	25814005	25816005	1.011900864392519
2000	NC_051807.1	45105407	45107407	0.8975605789572001
2000	NC_051832.1	17632408	17634408	1.0389397471249104
2000	NC_051824.1	25080728	25082728	0.9604121786952019
2000	NC_051805.1	101514482	101516482	1.023385592252016
2000	NC_051812.1	47141942	47143942	1.1014067879617213
2000	NC_051819.1	49408288	49410288	0.9449651847779751
2000	NC_051843.1	37830648	37832648	1.156219280153513
2000	NC_051810.1	18466922	18468922	1.0654612793922424
2000	NC_051840.1	28356327	28358327	0.8715131105482579
2000	NC_051816.1	4036758	4038758	1.1432463843791516
2000	NC_051815.1	22964197	22966197	1.015883002370596
2000	NC_051843.1	38526867	38528867	
2000	NC_051821.1	40512309	40514309	1.1849696097671987
2000	NC_051805.1	85918746	85920746	1.0774439449310302
2000	NC_051806.1	19682823	19684823	1.021608393639326
2000	NC_051812.1	3535071	3537071	1.4708990437686444
2000	NC_051819.1	44905682	44907682	1.144463787049055
2000	NC_051832.1	37476986	37478986	1.232736302614212
2000	NC_051809.1	9517423	9519423	1.4198153617680074
2000	NC_051832.1	15575328	15577328	1.2225792275965213
2000	NC_051820.1	25362667	25364667	1.0512873079776763
2000	NC_051816.1	12824336	12826336	1.258935687482357
2000	NC_051824.1	54858812	54860812	1.0697023479044439
2000	NC_051826.1	60442161	60444161	1.0644009189903736
2000	NC_051805.1	67331987	67333987	0.9863060017824173
2000	NC_051811.1	57132075	57134075	1.0118182890117169
2000	NC_051836.1	3734648	3736648	0.9667239726185799
2000	NC_051809.1	34385558	34387558	0.9806303727030754
2000	NC_051818.1	42020452	42022452	1.0409454960525035
2000	NC_051810.1	19973369	19975369	1.087314277946949
2000	NC_051822.1	687445	689445	1.0228588512539865
2000	NC_051835.1	30323171	30325171	0.937480028692496
2000	NC_051816.1	66040656	66042656	1.3324404641091823
2000	NC_051819.1	4355511	4357511	1.075206008851528
2000	NC_051817.1	47852333	47854333	1.099900322586298
2000	NC_051838.1	8324699	8326699	1.206112139940262
2000	NC_051843.1	33297743	33299743	0.9829122310578823
2000	NC_051832.1	2166148	2168148	0.8567434560507536
2000	NC_051825.1	42294300	42296300	1.1144342474639415
2000	NC_051825.1	13630951	13632951	0.9571204163134098
2000	NC_051808.1	23791527	23793527	1.0179427684694529
2000	NC_051843.1	8819319	8821319	0.9896598031222821
2000	NC_051825.1	50966917	50968917	0.9373338670730591
2000	NC_051818.1	15456978	15458978	0.9203831236362457
2000	NC_051843.1	83446727	83448727	0.9895951310992241
2000	NC_051839.1	11819371	11821371	0.9886107084900141
2000	NC_051837.1	10190698	10192698	0.828279746606946
2000	NC_051827.1	18336966	18338966	1.0511122692548311
2000	NC_051826.1	37213582	37215582	1.0701302014405911
2000	NC_051815.1	58256841	58258841	1.0458059893846512
2000	NC_051806.1	78506099	78508099	0.9330048432201147
2000	NC_051824.1	10073264	10075264	0.9865649246871472
2000	NC_051831.1	23856000	23858000	0.9114750362932682
2000	NC_051823.1	41781698	41783698	0.887989835947752
2000	NC_051806.1	30665015	30667015	0.9184959571063519
2000	NC_051832.1	723705	725705	0.9327052342891693
2000	NC_051821.1	27184165	27186165	1.0037271247804165
2000	NC_051808.1	69665811	69667811	0.9956329045295715
2000	NC_051816.1	35831166	35833166	0.9098460371597954
2000	NC_051809.1	82331285	82333285	1.2699477533996104
2000	NC_051806.1	29759131	29761131	0.9227821458876133
2000	NC_051823.1	36112726	36114726	0.9404292679429054
2000	NC_051843.1	36525520	36527520	0.9940014953911305
2000	NC_051830.1	36868202	36870202	0.9203680295050144
2000	NC_051805.1	90111609	90113609	1.0343452958464623
2000	NC_051838.1	20302052	20304052	0.9267129692137241
2000	NC_051817.1	46374223	46376223	0.967432466596365
2000	NC_051826.1	59754040	59756040	1.1355767858028412
2000	NC_051807.1	64344592	64346592	1.0092852958440781
2000	NC_051827.1	27134486	27136486	1.0539868783652782
2000	NC_051806.1	71159267	71161267	0.9561818204075098
2000	NC_051828.1	16831648	16833648	1.15103559923172
2000	NC_051808.1	85789143	85791143	0.9319792455136776
2000	NC_051827.1	18559871	18561871	0.937635663241148
2000	NC_051831.1	3259309	3261309	1.0078243910670281
2000	NC_051843.1	65886059	65888059	0.8328433157801628
2000	NC_051841.1	7687016	7689016	1.0227899486720562
2000	NC_051808.1	42138580	42140580	1.3168947237730027
2000	NC_051831.1	31303547	31305547	1.0189002216160297
2000	NC_051835.1	9608130	9610130	0.8962656322913833
2000	NC_051823.1	3351204	3353204	1.0209656956195832
2000	NC_051821.1	25801091	25803091	0.901369830608368
2000	NC_051821.1	44332976	44334976	0.886909484833479
2000	NC_051810.1	72375304	72377304	1.0361526930630207
2000	NC_051841.1	2865996	2867996	0.9066335617005825
2000	NC_051831.1	1449422	1451422	1.1230361635386943
2000	NC_051840.1	6345920	6347920	0.8752401861548423
2000	NC_051806.1	33961708	33963708	1.0946982036828994
2000	NC_051833.1	6044871	6046871	0.9845698356628418
2000	NC_051814.1	59303129	59305129	0.9618299875557422
2000	NC_051820.1	14090288	14092288	0.7829641817070963
2000	NC_051809.1	72505282	72507282	1.2274543750286102
2000	NC_051824.1	16216873	16218873	0.8656110522565963
2000	NC_051809.1	38572193	38574193	1.0416197671592236
2000	NC_051834.1	37856753	37858753	0.9879333411455155
2000	NC_051842.1	7824823	7826823	0.8994493192136288
2000	NC_051822.1	29181329	29183329	1.0699406627565622
2000	NC_051817.1	32946789	32948789	0.8967774384319782
2000	NC_051816.1	48235643	48237643	0.9049097686111927
2000	NC_051827.1	43581998	43583998	0.981022643327713
2000	NC_051831.1	18211310	18213310	0.9612488694489002
2000	NC_051811.1	34123587	34125587	0.8643327667713165
2000	NC_051806.1	19303534	19305534	0.9077775639295578
2000	NC_051816.1	57080561	57082561	0.9549168271422386
2000	NC_051820.1	47763849	47765849	1.0431819848567248
2000	NC_051817.1	30054524	30056524	1.3112134122252463
2000	NC_051827.1	7603301	7605301	1.0370508204102515
2000	NC_051843.1	77350395	77352395	0.9485576215386391
2000	NC_051808.1	85347421	85349421	0.9716194365918637
2000	NC_051806.1	49429227	49431227	1.252754395455122
2000	NC_051833.1	19661687	19663687	1.0251974956691265
2000	NC_051817.1	39465667	39467667	1.13438867482543
2000	NC_051833.1	2776039	2778039	0.9049335711598396
2000	NC_051810.1	35611314	35613314	0.974522215873003
2000	NC_051818.1	4535031	4537031	1.2086159745454788
2000	NC_051839.1	1908227	1910227	1.057600661724806
2000	NC_051829.1	22129746	22131746	0.8603390313088893
2000	NC_051837.1	24061778	24063778	1.0103239725679158
2000	NC_051832.1	34803113	34805113	0.9513424921631813
2000	NC_051807.1	40105389	40107389	0.9173493129611016
2000	NC_051815.1	72095404	72097404	1.0634972116053105
2000	NC_051843.1	118691921	118693921	0.9908123828470707
2000	NC_051831.1	27462318	27464318	1.001719835013151
2000	NC_051809.1	18311134	18313134	1.1335170186758041
2000	NC_051838.1	4836228	4838228	1.0985037254691123
2000	NC_051823.1	7842733	7844733	0.9419820155501366
2000	NC_051815.1	17015176	17017176	0.9666595291793346
2000	NC_051826.1	18756387	18758387	0.8675033311904231
2000	NC_051843.1	1055593	1057593	1.0859092176258565
2000	NC_051819.1	50700631	50702631	1.3128846460282804
2000	NC_051817.1	38103328	38105328	1.492197041064501
2000	NC_051822.1	51629217	51631217	0.7209778982994244
2000	NC_051819.1	11291426	11293426	0.8633956173956394
2000	NC_051811.1	55335279	55337279	0.94054323785007
2000	NC_051806.1	27579725	27581725	0.937543622404337
2000	NC_051824.1	50361328	50363328	3.5918814780712127
2000	NC_051808.1	85563024	85565024	0.9580652624964714
2000	NC_051843.1	37872240	37874240	0.9130914531648159
2000	NC_051825.1	2207178	2209178	0.8449588423073292
2000	NC_051806.1	54823841	54825841	0.9845104190558195
2000	NC_051843.1	10557461	10559461	
2000	NC_051821.1	58450093	58452093	1.0646740336865186
2000	NC_051813.1	44644863	44646863	2.6265745894908905
2000	NC_051835.1	27585002	27587002	1.0703901085853578
2000	NC_051832.1	24629890	24631890	1.0833029222488404
2000	NC_051825.1	50941996	50943996	0.8916782299056649
2000	NC_051813.1	56091326	56093326	1.3643269351422787
2000	NC_051834.1	20122700	20124700	0.9902595221996308
2000	NC_051811.1	719100	721100	1.0487837069309676
2000	NC_051829.1	12019113	12021113	1.009810923397541
2000	NC_051817.1	14193713	14195713	0.8615182803720236
2000	NC_051808.1	72679391	72681391	0.9681609745323658
2000	NC_051814.1	60870361	60872361	1.0811147864460946
2000	NC_051827.1	14284610	14286610	0.9051195301115513
2000	NC_051830.1	29308211	29310211	1.1881843352913857
2000	NC_051819.1	29730737	29732737	0.9290505572557449
2000	NC_051808.1	30358079	30360079	0.8664491530060768
2000	NC_051843.1	89179625	89181625	0.8563416261225939
2000	NC_051831.1	19675491	19677491	1.0409426815509797
2000	NC_051824.1	13140080	13142080	1.0666170222312212
2000	NC_051812.1	66336541	66338541	1.1840356979072093
2000	NC_051809.1	2702956	2704956	1.094665715098381
2000	NC_051807.1	74031067	74033067	0.9900495762526988
2000	NC_051832.1	8201778	8203778	0.9766918758451939
2000	NC_051812.1	5621832	5623832	1.0375156390964986
2000	NC_051843.1	96195264	96197264	0.9174793797433376
2000	NC_051822.1	6777138	6779138	1.1074316256642343
2000	NC_051830.1	19742723	19744723	1.262790734887123
2000	NC_051807.1	46385183	46387183	0.96977777582407
2000	NC_051819.1	27918829	27920829	0.9199776412248611
2000	NC_051834.1	20977169	20979169	0.99117902135849
2000	NC_051835.1	32175385	32177385	1.2044601912796498
2000	NC_051827.1	29931069	29933069	0.9613496416211128
2000	NC_051834.1	21441300	21443300	0.9906418673694134
2000	NC_051837.1	22200020	22202020	0.880130450129509
2000	NC_051843.1	61054033	61056033	0.9477743720710278
2000	NC_051837.1	18513838	18515838	1.1322089110016822
2000	NC_051806.1	43995242	43997242	1.2138965254724026
2000	NC_051810.1	6418141	6420141	1.4122020734250547
2000	NC_051807.1	72102768	72104768	1.368608598023653
2000	NC_051818.1	226719	228719	0.9702791174558493
2000	NC_051837.1	19141808	19143808	1.0136596259176731
2000	NC_051835.1	253790	255790	0.9377837905287743
2000	NC_051816.1	56170831	56172831	1.011797895103693
2000	NC_051808.1	30256313	30258313	1.0067056505680083
2000	NC_051809.1	59981430	59983430	1.2273113864660263
2000	NC_051822.1	33035878	33037878	1.29163078302145
2000	NC_051821.1	64204558	64206558	1.0903887966275214
2000	NC_051825.1	23552795	23554795	1.2822975912690162
2000	NC_051834.1	27382792	27384792	1.004376690119505
2000	NC_051817.1	29243233	29245233	1.0661182653903962
2000	NC_051809.1	44562661	44564661	0.8930171352028847
2000	NC_051824.1	40838187	40840187	0.8438009196226715
2000	NC_051820.1	18342679	18344679	1.1703364764153958
2000	NC_051831.1	137343	139343	0.6988113456353163
2000	NC_051822.1	999400	1001400	1.01886997371912
2000	NC_051809.1	37522137	37524137	0.9537186463773251
2000	NC_051805.1	34451301	34453301	0.9864421540498733
2000	NC_051809.1	39468696	39470696	1.0162773649394512
2000	NC_051844.1	3883002	3885002	0.9537955772492194
2000	NC_051828.1	3696876	3698876	1.1115137605965137
2000	NC_051831.1	28296423	28298423	0.997214971601963
2000	NC_051838.1	20317829	20319829	1.1688906978070737
2000	NC_051805.1	64036514	64038514	0.9682364053726197
2000	NC_051828.1	46923919	46925919	1.2479585536122322
2000	NC_051811.1	79789678	79791678	1.9883076523542405
2000	NC_051818.1	24248000	24250000	0.9283243983983993
2000	NC_051815.1	27290432	27292432	1.0286038278341294
2000	NC_051829.1	34543219	34545219	0.932598638355732
2000	NC_051842.1	9119564	9121564	0.9400486348122359
2000	NC_051832.1	24418840	24420840	1.0904418344795703
2000	NC_051834.1	1117296	1119296	1.003424068182707
2000	NC_051831.1	45622724	45624724	1.0758349700272083
2000	NC_051819.1	33674668	33676668	1.1562066557705402
2000	NC_051835.1	30710130	30712130	1.2239021363854408
2000	NC_051808.1	37808297	37810297	1.0801439101397992
2000	NC_051813.1	14943152	14945152	1.0045941710472106
2000	NC_051827.1	14130229	14132229	1.2436661252379417
2000	NC_051809.1	75342577	75344577	1.0035852876007556
2000	NC_051818.1	39357596	39359596	1.0200277828276156
2000	NC_051835.1	28457201	28459201	1.0489974457621574
2000	NC_051841.1	15001209	15003209	0.9193680346012115
2000	NC_051839.1	16347123	16349123	0.9513044404238462
2000	NC_051827.1	9872293	9874293	0.9521771543025971
2000	NC_051810.1	64436880	64438880	0.8956047557294369
2000	NC_051825.1	5976045	5978045	1.0597691868245602
2000	NC_051811.1	23834548	23836548	1.0111087481379508
2000	NC_051817.1	37236479	37238479	1.450102543592453
2000	NC_051832.1	33518434	33520434	1.1700697878599167
2000	NC_051805.1	55049071	55051071	1.0409871601756615
2000	NC_051817.1	19357045	19359045	0.9736293062567711
2000	NC_051823.1	40222610	40224610	1.0638165147602558
2000	NC_051814.1	10520570	10522570	0.5468641569217046
2000	NC_051838.1	4299998	4301998	0.9633006612956524
2000	NC_051830.1	19382308	19384308	0.7958875706233084
2000	NC_051819.1	55406597	55408597	0.9146187804043293
2000	NC_051824.1	27384898	27386898	1.006249720562798
2000	NC_051811.1	20243325	20245325	1.0116634219884872
2000	NC_051843.1	64980731	64982731	0.9187647711932659
2000	NC_051829.1	45134577	45136577	1.3146304370760917
2000	NC_051808.1	6196446	6198446	0.8769325670450926
2000	NC_051809.1	2707269	2709269	1.0848471744358539
2000	NC_051842.1	6718053	6720053	0.9035578157901764
2000	NC_051820.1	50625649	50627649	0.9973711498677731
2000	NC_051843.1	18334562	18336562	0.8815972711443901
2000	NC_051822.1	8337796	8339796	1.0521451970934868
2000	NC_051809.1	17323317	17325317	1.1865697584748267
2000	NC_051842.1	7384944	7386944	0.8163396410644055
2000	NC_051837.1	1768515	1770515	1.0192105881869793
2000	NC_051811.1	8249514	8251514	0.9136391881406307
2000	NC_051823.1	8139380	8141380	0.8542070440202951
2000	NC_051821.1	4016739	4018739	1.0328920347392558
2000	NC_051823.1	1305638	1307638	1.0985714241965063
2000	NC_051812.1	21897760	21899760	0.9466219498217106
2000	NC_051810.1	49463695	49465695	1.3888281911611557
2000	NC_051815.1	70680382	70682382	1.0783940217643977
2000	NC_051823.1	40008871	40010871	0.9201320970505475
2000	NC_051828.1	14727996	14729996	0.8676449425071477
2000	NC_051807.1	58187190	58189190	1.1315137968957425
2000	NC_051830.1	2913830	2915830	1.1894417840242386
2000	NC_051829.1	6255909	6257909	0.9606949043273926
2000	NC_051814.1	18645229	18647229	1.4112004838883876
2000	NC_051843.1	125404000	125406000	1.0164925508201121
2000	NC_051809.1	9345011	9347011	1.537988923549652
2000	NC_051817.1	47761150	47763150	0.9646945711225271
2000	NC_051825.1	14708275	14710275	0.8894301325082778
2000	NC_051827.1	16627041	16629041	0.9217381209582091
2000	NC_051824.1	31001342	31003342	1.021826218277216
2000	NC_051817.1	2871514	2873514	1.2668880316019058
2000	NC_051805.1	93764827	93766827	1.1407281187474727
2000	NC_051813.1	11841835	11843835	1.1248293323814869
2000	NC_051814.1	48155813	48157813	0.981950957685709
2000	NC_051806.1	81500381	81502381	1.145585872749739
2000	NC_051828.1	16849420	16851420	1.1511729180812835
2000	NC_051807.1	87753157	87755157	0.9682603603303432
2000	NC_051831.1	33511883	33513883	1.0264077482819558
2000	NC_051825.1	6616692	6618692	0.9971550111472607
2000	NC_051833.1	10269517	10271517	1.2668071154356002
2000	NC_051810.1	47549128	47551128	0.819845073506236
2000	NC_051828.1	44237576	44239576	1.1709229410886766
2000	NC_051806.1	66010937	66012937	1.168809305816889
2000	NC_051820.1	49571158	49573158	1.0334360746443272
2000	NC_051818.1	14769195	14771195	0.9935204371809959
2000	NC_051824.1	24765780	24767780	0.9902432668954134
2000	NC_051829.1	26891303	26893303	1.0556406390070916
2000	NC_051812.1	67429878	67431878	1.0578947965204715
2000	NC_051825.1	5571174	5573174	0.8319840704500675
2000	NC_051826.1	42625294	42627294	0.9122456695735455
2000	NC_051819.1	34782148	34784148	1.0750080828666686
2000	NC_051831.1	18083542	18085542	0.926103199660778
2000	NC_051812.1	24822639	24824639	0.9012761374666721
2000	NC_051821.1	13621146	13623146	1.0581268694400787
2000	NC_051811.1	17531670	17533670	1.4098952236771582
2000	NC_051805.1	4098045	4100045	1.1428528815507888
2000	NC_051827.1	41250449	41252449	0.9124556944966317
2000	NC_051818.1	59401858	59403858	0.9927711752802133
2000	NC_051808.1	56096228	56098228	0.9290536907315254
2000	NC_051811.1	66295379	66297379	0.9399908888041973
2000	NC_051843.1	29980821	29982821	0.7319094557315111
2000	NC_051810.1	44084532	44086532	0.9111791123747826
2000	NC_051819.1	12989337	12991337	1.2938396879136562
2000	NC_051831.1	15510311	15512311	0.9425053743124008
2000	NC_051807.1	22096804	22098804	0.9479437192231417
2000	NC_051831.1	39633635	39635635	1.0091256708651781
2000	NC_051836.1	14573832	14575832	0.9110906087458134
2000	NC_051810.1	70047738	70049738	0.934581513479352
2000	NC_051820.1	47029329	47031329	0.916752454534173
2000	NC_051815.1	64202570	64204570	1.0093203510344029
2000	NC_051806.1	62306541	62308541	1.01086845099926
2000	NC_051811.1	23633305	23635305	0.9861667549610138
2000	NC_051837.1	2572306	2574306	0.9367627703249455
2000	NC_051827.1	24714162	24716162	0.9713621009588241
2000	NC_051843.1	45099614	45101614	1.316738242059946
2000	NC_051831.1	13836481	13838481	0.9535906081199645
2000	NC_051805.1	116852413	116854413	0.9737679736614228
2000	NC_051808.1	9266929	9268929	1.0774497580230236
2000	NC_051813.1	42581595	42583595	1.6326115603744984
2000	NC_051819.1	26274202	26276202	0.841108944118023
2000	NC_051811.1	17805668	17807668	1.6872910224497317
2000	NC_051827.1	3528013	3530013	0.9293023128211498
2000	NC_051805.1	97488050	97490050	1.389871960133314
2000	NC_051841.1	25037257	25039257	1.3109090742468834
2000	NC_051828.1	19664033	19666033	1.7871566910743713
2000	NC_051826.1	59170837	59172837	1.1917758031189443
2000	NC_051841.1	20173494	20175494	0.947135859042406
2000	NC_051843.1	103976350	103978350	0.98160649985075
2000	NC_051824.1	25130952	25132952	0.9497771463990211
2000	NC_051833.1	4307324	4309324	0.97154872597754
2000	NC_051820.1	64385	66385	0.8897256991531276
2000	NC_051826.1	8439145	8441145	1.07803192012012
2000	NC_051815.1	54177232	54179232	1.0821375682651997
2000	NC_051812.1	46560223	46562223	1.7446552892029286
2000	NC_051822.1	10360525	10362525	0.983374796062708
2000	NC_051840.1	9019071	9021071	0.9272357856631279
2000	NC_051815.1	67681605	67683605	1.3359369294345378
2000	NC_051811.1	53307314	53309314	0.8853222569823265
2000	NC_051829.1	40969163	40971163	0.8530799187272787
2000	NC_051820.1	54191474	54193474	0.9790963066816329
2000	NC_051807.1	36128554	36130554	0.9189746337532997
2000	NC_051832.1	26214013	26216013	1.0578981358110904
2000	NC_051815.1	46642861	46644861	1.0038633134067059
2000	NC_051840.1	3191988	3193988	1.0026179290115833
2000	NC_051841.1	20403946	20405946	0.9587834144830704
2000	NC_051818.1	32550812	32552812	1.0811204772591592
2000	NC_051842.1	10956311	10958311	0.9439860742241144
2000	NC_051843.1	82647304	82649304	1.0703715547025203
2000	NC_051834.1	38827397	38829397	1.3798762269318103
2000	NC_051818.1	15717330	15719330	0.868444522023201
2000	NC_051815.1	15885871	15887871	1.0190601909458636
2000	NC_051842.1	16634378	16636378	1.002190882831812
2000	NC_051830.1	14786608	14788608	1.0945279508829118
2000	NC_051841.1	26923232	26925232	1.1391334708929062
2000	NC_051843.1	123305422	123307422	0.9644762674570083
2000	NC_051821.1	11753543	11755543	1.1456047343611717
2000	NC_051843.1	62502030	62504030	0.9004181270301342
2000	NC_051810.1	74069346	74071346	0.88138276258111
2000	NC_051843.1	39054945	39056945	0.871858702301979
2000	NC_051821.1	45121274	45123274	0.972965481877327
2000	NC_051808.1	45929645	45931645	1.0246917395293713
2000	NC_051842.1	12369115	12371115	1.023443687260151
2000	NC_051823.1	22289547	22291547	1.0788099718689919
2000	NC_051821.1	26490853	26492853	0.98972332701087
2000	NC_051838.1	32694560	32696560	1.0656251528859138
2000	NC_051816.1	67090081	67092081	0.8903673732429743
2000	NC_051824.1	25354834	25356834	1.1564364187419414
2000	NC_051818.1	17042824	17044824	0.9181152753382921
2000	NC_051810.1	34734026	34736026	1.0989878642261028
2000	NC_051822.1	30230890	30232890	0.9679389547556638
2000	NC_051814.1	62344417	62346417	0.9026570233106613
2000	NC_051808.1	24220070	24222070	0.9710029132664204
2000	NC_051808.1	32736917	32738917	1.2926266904473305
2000	NC_051810.1	55683341	55685341	1.0521201242506504
2000	NC_051807.1	40665003	40667003	0.8432245866954327
2000	NC_051811.1	80946017	80948017	1.0479360405504703
2000	NC_051838.1	23119520	23121520	0.9658877348899841
2000	NC_051828.1	29750813	29752813	1.6790494901537896
2000	NC_051822.1	30331636	30333636	0.8265234642624855
2000	NC_051835.1	7145104	7147104	0.901723806142807
2000	NC_051834.1	22871278	22873278	1.334501894414425
2000	NC_051831.1	16171834	16173834	0.9129127462804317
2000	NC_051821.1	10631295	10633295	1.1563393853604793
2000	NC_051833.1	38223564	38225564	0.951195636510849
2000	NC_051805.1	88792025	88794025	0.9185179941929303
2000	NC_051843.1	111727505	111729505	1.0295179757475852
2000	NC_051829.1	17453817	17455817	0.9728267023861408
2000	NC_051833.1	5042106	5044106	0.8829691728949547
2000	NC_051825.1	40721221	40723221	1.2765790675282478
2000	NC_051838.1	14319434	14321434	0.9254386112093925
2000	NC_051822.1	32608791	32610791	1.0668394089639186
2000	NC_051826.1	52971072	52973072	1.0038535435199738
2000	NC_051812.1	53563195	53565195	0.9666131298244
2000	NC_051822.1	55460436	55462436	1.157770538046956
2000	NC_051820.1	60087194	60089194	1.0261837483644485
2000	NC_051808.1	35914643	35916643	1.0815201375186443
2000	NC_051827.1	30796371	30798371	1.0277164191901684
2000	NC_051842.1	10382281	10384281	0.8380647314935923
2000	NC_051843.1	101845487	101847487	0.8908004805147648
2000	NC_051811.1	62207659	62209659	0.9728603590577841
2000	NC_051828.1	25491440	25493440	1.0144518172740937
2000	NC_051834.1	825302	827302	0.9634893043041229
2000	NC_051819.1	8043286	8045286	1.0093520217239857
2000	NC_051815.1	70760702	70762702	1.0316168256402016
2000	NC_051811.1	51433356	51435356	1.0410806641280652
2000	NC_051821.1	65145889	65147889	1.1995252963602543
2000	NC_051836.1	10018458	10020458	0.7936694042205811
2000	NC_051820.1	56503049	56505049	1.3925460831224918
2000	NC_051818.1	10070508	10072508	0.8555529008060694
2000	NC_051835.1	21848357	21850357	1.0274930790662766
2000	NC_051843.1	37696680	37698680	1.049031059294939
2000	NC_051829.1	17052722	17054722	1.0629342536628246
2000	NC_051812.1	68526823	68528823	1.0379045939147473
2000	NC_051833.1	25689263	25691263	0.9294533877659448
2000	NC_051838.1	28115736	28117736	1.0035536056160927
2000	NC_051815.1	33895727	33897727	0.873882271528244
2000	NC_051811.1	54374074	54376074	1.8273785081207752
2000	NC_051815.1	10078246	10080246	0.7201793294443803
2000	NC_051837.1	13254100	13256100	0.99408318400383
2000	NC_051813.1	56899222	56901222	1.0967980327308178
2000	NC_051810.1	57849055	57851055	0.9129764586687088
2000	NC_051811.1	53207091	53209091	0.9176792882978916
2000	NC_051806.1	80662046	80664046	1.2034489716589452
2000	NC_051816.1	19453363	19455363	0.9432827610075474
2000	NC_051810.1	45140110	45142110	0.9465593898296356
2000	NC_051812.1	27447180	27449180	1.0006748762726785
2000	NC_051814.1	15608818	15610818	1.0598761201202869
2000	NC_051839.1	24050100	24052100	0.9346144068986177
2000	NC_051816.1	31719639	31721639	0.9203298334479332
2000	NC_051815.1	57118920	57120920	1.0461747521162033
2000	NC_051807.1	89535728	89537728	1.0152500305473804
2000	NC_051837.1	13168227	13170227	1.2674202357828617
2000	NC_051843.1	41571578	41573578	1.0057149566709995
2000	NC_051813.1	53488935	53490935	1.3262709923088551
2000	NC_051820.1	5139802	5141802	0.9753913176953792
2000	NC_051810.1	53160299	53162299	0.8433868078887463
2000	NC_051826.1	46764417	46766417	0.9886417449712753
2000	NC_051827.1	37427127	37429127	1.0427544365227222
2000	NC_051828.1	9449445	9451445	0.9129068375378847
2000	NC_051813.1	54720947	54722947	1.6657725937366485
2000	NC_051829.1	51870132	51872132	0.8979936969038602
2000	NC_051823.1	28235504	28237504	0.870996730595827
2000	NC_051823.1	47919739	47921739	0.9590946669578553
2000	NC_051821.1	57589070	57591070	1.15109124019742
2000	NC_051827.1	12644394	12646394	2.3967028407156468
2000	NC_051815.1	36171282	36173282	0.9817955609858036
2000	NC_051834.1	1741094	1743094	1.1059025453163098
2000	NC_051805.1	85928886	85930886	1.164284082055092
2000	NC_051808.1	59838520	59840520	1.4316982816159725
2000	NC_051817.1	46397679	46399679	1.0060176894068718
2000	NC_051807.1	79782328	79784328	0.880652507007122
2000	NC_051826.1	55545588	55547588	1.066275962471962
2000	NC_051837.1	19387597	19389597	0.9545732145309448
2000	NC_051809.1	14352040	14354040	1.159303066432476
2000	NC_051818.1	48819881	48821881	0.9498701766431331
2000	NC_051817.1	3960788	3962788	0.9258611716628075
2000	NC_051815.1	27328953	27330953	1.2565140697956085
2000	NC_051820.1	41855327	41857327	0.8721655789464712
2000	NC_051817.1	6838956	6840956	0.906987083412352
2000	NC_051826.1	8373903	8375903	0.9437754001021386
2000	NC_051809.1	44623789	44625789	0.9613296763300896
2000	NC_051815.1	3079599	3081599	1.1769161443710328
2000	NC_051826.1	27510125	27512125	1.0102371968328954
2000	NC_051839.1	2260749	2262749	0.8792037916779518
2000	NC_051826.1	34181060	34183060	0.9355837447941303
2000	NC_051806.1	13633290	13635290	0.879557396993041
2000	NC_051813.1	59177236	59179236	1.0350908225923776
2000	NC_051814.1	351728	353728	1.4094528285562993
2000	NC_051806.1	19205885	19207885	1.0326154861339303
2000	NC_051832.1	39364529	39366529	1.1448220493793488
2000	NC_051812.1	18098928	18100928	0.9183459486961365
2000	NC_051809.1	21092579	21094579	0.9594071072041989
2000	NC_051832.1	40808905	40810905	1.3944789737462997
2000	NC_051841.1	21460487	21462487	0.9371695613861084
2000	NC_051839.1	23215059	23217059	0.9524104776084423
2000	NC_051819.1	4014892	4016892	1.3701153544187545
2000	NC_051813.1	10573619	10575619	0.8558253121078014
2000	NC_051812.1	26551277	26553277	0.8964775204062462
2000	NC_051805.1	88431164	88433164	0.9935013668835163
2000	NC_051808.1	37351665	37353665	1.107917947769165
2000	NC_051807.1	63418337	63420337	1.0593380002677442
2000	NC_051805.1	28647989	28649989	1.010967513114214
2000	NC_051827.1	5819084	5821084	0.9052840023636818
2000	NC_051808.1	30561076	30563076	0.9791209579408169
2000	NC_051810.1	11450683	11452683	1.0940148380696773
2000	NC_051830.1	33285867	33287867	1.0410586043298244
2000	NC_051805.1	24705906	24707906	1.1599471565783024
2000	NC_051839.1	5705023	5707023	1.0618670181930066
2000	NC_051809.1	78493073	78495073	0.6578578909300413
2000	NC_051811.1	61881940	61883940	0.9914216601103544
2000	NC_051828.1	9208585	9210585	1.120137625038624
2000	NC_051811.1	65462177	65464177	0.9808430442810059
2000	NC_051834.1	37642589	37644589	1.2995488401651383
2000	NC_051823.1	45851760	45853760	0.9168769077956677
2000	NC_051838.1	377746	379746	1.1715642983615397
2000	NC_051829.1	21820939	21822939	0.9279565361440182
2000	NC_051806.1	67906438	67908438	1.042665745973587
2000	NC_051828.1	45005837	45007837	1.1734668948948384
2000	NC_051843.1	102237269	102239269	0.7675787354856729
2000	NC_051822.1	19120334	19122334	0.6486947590984949
2000	NC_051817.1	32532601	32534601	1.010407049924135
2000	NC_051828.1	10222420	10224420	0.8291421680897474
2000	NC_051823.1	50887570	50889570	1.027491319924593
2000	NC_051810.1	65700028	65702028	1.0126151473224163
2000	NC_051824.1	1035008	1037008	0.8362844044301245
2000	NC_051836.1	20381666	20383666	0.7220617745518685
2000	NC_051816.1	4848872	4850872	1.3918043764829635
2000	NC_051842.1	8688217	8690217	0.8972183111906051
2000	NC_051810.1	39264340	39266340	1.4227527049183846
2000	NC_051814.1	726136	728136	1.8102288470268248
2000	NC_051807.1	37903202	37905202	0.9652006766349077
2000	NC_051826.1	19250547	19252547	0.8741593266129494
2000	NC_051825.1	30874688	30876688	0.8182217204272747
2000	NC_051824.1	3244962	3246962	1.6232895866036414
2000	NC_051809.1	1493340	1495340	0.9966304866969585
2000	NC_051808.1	21758074	21760074	1.337152333587408
2000	NC_051829.1	5087502	5089502	0.9976521795392036
2000	NC_051807.1	78961281	78963281	0.9088456815928221
2000	NC_051809.1	59851082	59853082	1.175027667850256
2000	NC_051807.1	39315849	39317849	0.8537794777750969
2000	NC_051820.1	10079985	10081985	0.8621389663591981
2000	NC_051825.1	39465181	39467181	1.106235189050436
2000	NC_051808.1	72265912	72267912	0.9324076465070248
2000	NC_051824.1	48355172	48357172	1.1876472653448582
2000	NC_051813.1	47978282	47980282	0.8996191429197788
2000	NC_051806.1	27053838	27055838	0.9056809425354004
2000	NC_051807.1	14482426	14484426	0.914643457904458
2000	NC_051838.1	40395826	40397826	0.9360737053751945
2000	NC_051820.1	23362741	23364741	0.9624528198540211
2000	NC_051831.1	24238514	24240514	0.9060931105911731
2000	NC_051825.1	19369451	19371451	1.0176027112901211
2000	NC_051806.1	66263181	66265181	1.1814709929823874
2000	NC_051807.1	44660860	44662860	1.04304045394063
2000	NC_051811.1	8437017	8439017	0.9740022232830524
2000	NC_051828.1	14325885	14327885	0.9494121225178241
2000	NC_051826.1	28052776	28054776	1.0224905572235585
2000	NC_051806.1	64387704	64389704	1.037856751680374
2000	NC_051843.1	70629122	70631122	0.9554440133422614
2000	NC_051834.1	2199271	2201271	1.371054117590189
2000	NC_051829.1	9596776	9598776	1.050924408465624
2000	NC_051817.1	37893630	37895630	1.448140714019537
2000	NC_051830.1	29694734	29696734	1.3864135492444039
2000	NC_051808.1	65851536	65853536	0.9605950916409493
2000	NC_051832.1	35796009	35798009	1.2000067916214465
2000	NC_051819.1	5121806	5123806	1.0967973960042
2000	NC_051825.1	47665820	47667820	0.9130186132341623
2000	NC_051818.1	50156762	50158762	0.6792748286035422
2000	NC_051811.1	69210961	69212961	0.9941205090284347
2000	NC_051811.1	39761805	39763805	1.0287609553337098
2000	NC_051820.1	35653256	35655256	1.6437561941444874
2000	NC_051832.1	19360691	19362691	0.9160843889117241
2000	NC_051811.1	63374896	63376896	1.218590036481619
2000	NC_051818.1	12207308	12209308	0.850679163992405
2000	NC_051805.1	95515624	95517624	0.9009758893102408
2000	NC_051814.1	16136177	16138177	1.3312358962595463
2000	NC_051819.1	3568639	3570639	1.1014382919371128
2000	NC_051822.1	15325939	15327939	1.2733557954728603
2000	NC_051837.1	14810999	14812999	0.9133540452122688
2000	NC_051812.1	40920126	40922126	0.9603545501232147
2000	NC_051806.1	30959663	30961663	0.9901598595678807
2000	NC_051822.1	7773771	7775771	0.9613798993825913
2000	NC_051827.1	11951310	11953310	1.1942085154354571
2000	NC_051809.1	4448827	4450827	1.128443902283907
2000	NC_051813.1	48484552	48486552	1.2174619741737842
2000	NC_051843.1	40632807	40634807	0.8941564401984214
2000	NC_051810.1	27179007	27181007	1.2154496966302395
2000	NC_051814.1	4398869	4400869	0.8934296667575836
2000	NC_051808.1	46427716	46429716	0.9836558144826155
2000	NC_051816.1	9303178	9305178	1.2264560047388078
2000	NC_051813.1	46796690	46798690	1.521800308972597
2000	NC_051824.1	5402199	5404199	1.0673785606622697
2000	NC_051819.1	44223122	44225122	1.0396563592851162
2000	NC_051836.1	3008562	3010562	1.0334530185759068
2000	NC_051812.1	26411598	26413598	0.9875212906450033
2000	NC_051841.1	29735900	29737900	1.091271022707224
2000	NC_051817.1	8288007	8290007	0.9854617220461368
2000	NC_051835.1	9032264	9034264	0.8535323109775782
2000	NC_051815.1	64307235	64309235	1.1070242518186568
2000	NC_051821.1	10707590	10709590	1.0272245310246944
2000	NC_051819.1	33983757	33985757	1.0031003240942955
2000	NC_051829.1	44149080	44151080	1.1020226903259753
2000	NC_051837.1	31005495	31007495	1.300441567450762
2000	NC_051825.1	38306467	38308467	1.1273782562315464
2000	NC_051819.1	28978332	28980332	0.9221603021770716
2000	NC_051843.1	125486046	125488046	0.8520292133729362
2000	NC_051835.1	6689203	6691203	0.8577163207232952
2000	NC_051822.1	44101248	44103248	1.0377234972417355
2000	NC_051811.1	79811127	79813127	1.209109579384327
2000	NC_051805.1	107952084	107954084	1.1708051876425742
2000	NC_051810.1	31598594	31600594	1.268526079595089
2000	NC_051823.1	52524165	52526165	1.0831183019280433
2000	NC_051809.1	50238749	50240749	1.644054026812315
2000	NC_051807.1	86695142	86697142	0.946317469149828
2000	NC_051814.1	15642841	15644841	0.883430871590972
2000	NC_051805.1	22994631	22996631	0.9857480362951756
2000	NC_051811.1	52230572	52232572	0.9506314089894294
2000	NC_051814.1	24724465	24726465	1.3200632146000861
2000	NC_051820.1	31396781	31398781	1.0285370091199875
2000	NC_051808.1	76527046	76529046	0.8251002488583327
2000	NC_051814.1	6886907	6888907	1.072203913062811
2000	NC_051805.1	85335414	85337414	0.9826050888001919
2000	NC_051834.1	36656609	36658609	0.9910839222073555
2000	NC_051824.1	56646174	56648174	1.6702045636773108
2000	NC_051843.1	80724408	80726408	0.9615008600056172
2000	NC_051816.1	30358100	30360100	0.896205124258995
2000	NC_051807.1	52697976	52699976	1.1370950478613377
2000	NC_051811.1	2872529	2874529	1.0353630650937558
2000	NC_051819.1	33329377	33331377	1.022928518652916
2000	NC_051810.1	39734359	39736359	1.419489710867405
2000	NC_051824.1	16133877	16135877	0.9660506234169006
2000	NC_051813.1	11234817	11236817	1.2184188849329949
2000	NC_051809.1	24297727	24299727	0.9264495589435101
2000	NC_051820.1	43206528	43208528	0.9181595765054226
2000	NC_051829.1	7894581	7896581	3.1958066462278367
2000	NC_051817.1	3665902	3667902	1.0240447677075863
2000	NC_051843.1	11591483	11593483	0.948284557133913
2000	NC_051816.1	3940782	3942782	0.9305825999379158
2000	NC_051805.1	51714224	51716224	0.8738940435051918
2000	NC_051818.1	8951874	8953874	0.8920691983699799
2000	NC_051808.1	74968419	74970419	0.8789597353190184
2000	NC_051841.1	16045317	16047317	0.9810876492659251
2000	NC_051809.1	70427860	70429860	1.216825720667839
2000	NC_051834.1	4331718	4333718	1.0387325340807438
2000	NC_051818.1	37979467	37981467	1.0507488532960414
2000	NC_051813.1	54722147	54724147	1.1374226652085782
2000	NC_051824.1	39999269	40001269	1.227948885500431
2000	NC_051809.1	82702493	82704493	0.9788040310144425
2000	NC_051833.1	19385527	19387527	1.1905523130297662
2000	NC_051833.1	26553923	26555923	1.0153244511783124
2000	NC_051809.1	65704410	65706410	1.3302466869354248
2000	NC_051808.1	38636155	38638155	1.0852936679124832
2000	NC_051843.1	107203152	107205152	0.9592678534388542
2000	NC_051806.1	5403137	5405137	0.8584022919974237
2000	NC_051839.1	3395057	3397057	0.9834204491376877
2000	NC_051823.1	16621091	16623091	0.9606321001648903
2000	NC_051812.1	24559246	24561246	0.9327945704460144
2000	NC_051809.1	58110199	58112199	1.2723222075998784
2000	NC_051818.1	21590872	21592872	0.9971000090837479
2000	NC_051814.1	37535976	37537976	1.0565420049726963
2000	NC_051811.1	26662678	26664678	1.092155916750431
2000	NC_051828.1	6847272	6849272	1.0814875887036324
2000	NC_051809.1	40449003	40451003	1.1586998054981232
2000	NC_051814.1	20553721	20555721	1.3366707483828069
2000	NC_051818.1	46439292	46441292	1.0163666012883186
2000	NC_051817.1	44989181	44991181	0.9176177652329206
2000	NC_051837.1	16580084	16582084	2.22589901638031
2000	NC_051835.1	26863044	26865044	1.066671297967434
2000	NC_051828.1	21779412	21781412	1.4116166204810143
2000	NC_051843.1	18886289	18888289	0.8262235421240329
2000	NC_051832.1	41456773	41458773	1.4280054208636284
2000	NC_051808.1	50975482	50977482	1.0195043980777263
2000	NC_051809.1	83979101	83981101	0.9766949281692505
2000	NC_051816.1	45150450	45152450	1.011731420457363
2000	NC_051826.1	35269930	35271930	0.8481495206803084
2000	NC_051820.1	23097674	23099674	0.9611407641470432
2000	NC_051809.1	3919851	3921851	1.0421503912806511
2000	NC_051806.1	13376136	13378136	1.0676835175156594
2000	NC_051834.1	7382382	7384382	0.9851637530624866
2000	NC_051843.1	70571609	70573609	0.790368841573596
2000	NC_051830.1	26078460	26080460	
2000	NC_051820.1	47678086	47680086	0.7872510638833046
2000	NC_051834.1	15353981	15355981	0.9035819674730301
2000	NC_051829.1	48929835	48931835	1.631182749569416
2000	NC_051807.1	50179738	50181738	1.1068387786448002
2000	NC_051807.1	60459067	60461067	1.419637008190155
2000	NC_051806.1	30863569	30865569	1.0850517296344042
2000	NC_051835.1	27381299	27383299	1.1621245696246625
2000	NC_051808.1	22971239	22973239	1.2146899303793908
2000	NC_051838.1	3133658	3135658	1.0969907324314117
2000	NC_051808.1	15464002	15466002	0.9197181196212768
2000	NC_051829.1	1822336	1824336	0.977802450209856
2000	NC_051835.1	9985652	9987652	0.9689725938141346
2000	NC_051821.1	33682337	33684337	0.9804953680038452
2000	NC_051814.1	30255319	30257319	0.9985222782194615
2000	NC_051830.1	9698859	9700859	1.1304660212099553
2000	NC_051836.1	12914212	12916212	0.8950577411949635
2000	NC_051812.1	24176406	24178406	0.8840560007691384
2000	NC_051811.1	59438440	59440440	0.8439282327890396
2000	NC_051812.1	3807736	3809736	1.0040683197379112
2000	NC_051805.1	51640137	51642137	0.882141795232892
2000	NC_051811.1	63890545	63892545	1.0286446250975132
2000	NC_051827.1	24707877	24709877	1.1103784763216973
2000	NC_051835.1	21465139	21467139	0.9318089034557343
2000	NC_051843.1	99089306	99091306	0.8892947695404291
2000	NC_051806.1	31655325	31657325	1.2324076436460019
2000	NC_051830.1	14406834	14408834	1.12179345202446
2000	NC_051810.1	1667251	1669251	0.9728685571849346
2000	NC_051806.1	5409185	5411185	1.402801775187254
2000	NC_051805.1	110752418	110754418	1.2187159252166748
2000	NC_051819.1	44358872	44360872	0.8913190383315086
2000	NC_051826.1	26332457	26334457	0.9478492315560579
2000	NC_051812.1	51322324	51324324	1.0712787721157073
2000	NC_051829.1	45378867	45380867	0.489492261575328
2000	NC_051817.1	49044709	49046709	0.8787339486479759
2000	NC_051834.1	14468880	14470880	1.041995745152235
2000	NC_051830.1	12827508	12829508	1.0119615040123462
2000	NC_051814.1	28073245	28075245	1.3001008167862893
2000	NC_051805.1	1439169	1441169	1.1327905812859536
2000	NC_051806.1	7042005	7044005	0.9201164524257183
2000	NC_051805.1	93256972	93258972	1.0288446746617557
2000	NC_051836.1	5965345	5967345	1.0824098272621632
2000	NC_051833.1	32586567	32588567	1.0013223864138125
2000	NC_051824.1	49799616	49801616	1.6388706212341786
2000	NC_051824.1	22460418	22462418	1.031177820444107
2000	NC_051827.1	6603197	6605197	0.9355328253805637
2000	NC_051812.1	58012023	58014023	0.8868213626295328
2000	NC_051843.1	65980284	65982284	0.8982810205370187
2000	NC_051837.1	15031256	15033256	0.9738091531395913
2000	NC_051829.1	12111838	12113838	1.0046647784411906
2000	NC_051807.1	63555923	63557923	0.9771860175782984
2000	NC_051805.1	3297667	3299667	1.0215741188824177
2000	NC_051809.1	35855329	35857329	1.155741946607828
2000	NC_051815.1	52495949	52497949	0.8265193338275979
2000	NC_051805.1	58129221	58131221	1.045446264475584
2000	NC_051821.1	64685396	64687396	1.140792426075773
2000	NC_051816.1	56426994	56428994	0.9455527697652578
2000	NC_051820.1	32178662	32180662	0.9860825465619564
2000	NC_051818.1	48593438	48595438	1.0076542481550803
2000	NC_051838.1	25904368	25906368	
2000	NC_051812.1	22695446	22697446	0.9465373393595219
2000	NC_051805.1	60049045	60051045	0.8813893818110228
2000	NC_051836.1	23454069	23456069	0.8215034495145083
2000	NC_051812.1	23021875	23023875	0.7168831342383276
2000	NC_051843.1	117399533	117401533	0.949106706008315
2000	NC_051807.1	54271542	54273542	1.0901383325457572
2000	NC_051811.1	55224196	55226196	1.0983719978034496
2000	NC_051843.1	44883661	44885661	0.8218320541679859
2000	NC_051817.1	26617019	26619019	0.9564736340343952
2000	NC_051822.1	13090345	13092345	0.9524522989988327
2000	NC_051816.1	47389745	47391745	0.9210074783861637
2000	NC_051836.1	2144649	2146649	0.9751642347872257
2000	NC_051805.1	63875477	63877477	1.0698620799481868
2000	NC_051832.1	37610716	37612716	0.9967808044999837
2000	NC_051806.1	19855317	19857317	1.0097243922650814
2000	NC_051831.1	33464698	33466698	0.9635927143096924
2000	NC_051823.1	28996688	28998688	0.9519714465141297
2000	NC_051805.1	71233707	71235707	0.8412227458206575
2000	NC_051806.1	68630967	68632967	1.2251359987556933
2000	NC_051807.1	67542015	67544015	0.910415158867836
2000	NC_051811.1	42087762	42089762	1.1697847298085688
2000	NC_051808.1	44399283	44401283	0.9941738176047802
2000	NC_051832.1	26802942	26804942	0.893365518733859
2000	NC_051835.1	31905104	31907104	1.0820229842960833
2000	NC_051805.1	41254240	41256240	1.0800257241725921
2000	NC_051835.1	16908235	16910235	0.9932636450231075
2000	NC_051815.1	59504538	59506538	1.0103803440630437
2000	NC_051823.1	38453289	38455289	1.4465617531538009
2000	NC_051814.1	28132323	28134323	1.5770978818535806
2000	NC_051826.1	17166116	17168116	1.0116842465698719
2000	NC_051808.1	3120475	3122475	1.0182208374142647
2000	NC_051822.1	48924979	48926979	1.217549049049616
2000	NC_051807.1	87053625	87055625	1.0253726415336133
2000	NC_051817.1	45050588	45052588	0.9780791923999786
2000	NC_051810.1	23647696	23649696	1.0966703639626503
2000	NC_051828.1	46935739	46937739	1.3981150888204574
2000	NC_051823.1	16450155	16452155	0.948541471734643
2000	NC_051821.1	55574951	55576951	2.5443291322290897
2000	NC_051817.1	27640021	27642021	1.0315282144993543
2000	NC_051808.1	16861843	16863843	0.9132945193499327
2000	NC_051817.1	46780852	46782852	1.0743045236170292
2000	NC_051829.1	23682864	23684864	0.9917463790476322
2000	NC_051817.1	48024835	48026835	0.9970334163308143
2000	NC_051835.1	23439832	23441832	0.8628684700131416
2000	NC_051843.1	89817994	89819994	0.9794857127666473
2000	NC_051839.1	8688918	8690918	1.0214216344058513
2000	NC_051833.1	34970383	34972383	0.986845405548811
2000	NC_051814.1	4784882	4786882	0.9579568387567997
2000	NC_051810.1	2624388	2626388	0.9442307207882404
2000	NC_051821.1	43496938	43498938	0.9709796536266804
2000	NC_051819.1	62865396	62867396	0.9842581595778466
2000	NC_051814.1	53723583	53725583	0.9864108256399632
2000	NC_051815.1	70679308	70681308	0.933387718009643
2000	NC_051843.1	109994045	109996045	0.9973652543127537
2000	NC_051831.1	26778197	26780197	0.8821075180753485
2000	NC_051807.1	20158998	20160998	0.9367239288985729
2000	NC_051810.1	61490485	61492485	1.008456151932478
2000	NC_051810.1	33087915	33089915	1.0341446498036384
2000	NC_051839.1	20727208	20729208	0.9390520912110806
2000	NC_051816.1	49294977	49296977	1.1263581116199493
2000	NC_051812.1	70963522	70965522	1.0199939505457878
2000	NC_051819.1	24818564	24820564	0.8732028810828925
2000	NC_051828.1	37444060	37446060	1.3491420225799085
2000	NC_051835.1	3530504	3532504	0.9669356073439122
2000	NC_051807.1	83965931	83967931	1.0351523468792438
2000	NC_051843.1	33348907	33350907	0.9383270111978054
2000	NC_051809.1	70604244	70606244	1.209920299500227
2000	NC_051825.1	5273423	5275423	1.0066709530353546
2000	NC_051816.1	58590645	58592645	1.013012729138136
2000	NC_051805.1	11324405	11326405	0.9416655251383781
2000	NC_051806.1	24215718	24217718	0.9823830482661724
2000	NC_051810.1	40912515	40914515	0.9655280473828316
2000	NC_051831.1	3736764	3738764	0.9087064944952726
2000	NC_051808.1	76323126	76325126	0.9151048030257225
2000	NC_051814.1	22916555	22918555	1.285008233189583
2000	NC_051812.1	11030952	11032952	0.961996709227562
2000	NC_051811.1	72568744	72570744	0.8534838012605905
2000	NC_051814.1	55363028	55365028	0.9400286333858967
2000	NC_051819.1	61347065	61349065	0.9321797376126051
2000	NC_051834.1	27234058	27236058	1.0815106720924377
2000	NC_051812.1	32816159	32818159	0.9247025741040706
2000	NC_051843.1	26585172	26587172	1.027140686094761
2000	NC_051813.1	22986282	22988282	1.1143987314105035
2000	NC_051827.1	35755128	35757128	1.001417868554592
2000	NC_051820.1	13080816	13082816	0.9734877916872502
2000	NC_051808.1	20333117	20335117	0.9075586984604597
2000	NC_051819.1	47972841	47974841	0.959983045399189
2000	NC_051831.1	23628857	23630857	0.9525558639466762
2000	NC_051828.1	9868235	9870235	0.986763428747654
2000	NC_051843.1	115890914	115892914	0.8896090683937072
2000	NC_051829.1	26076333	26078333	0.9775286853015422
2000	NC_051816.1	5623216	5625216	0.966092157304287
2000	NC_051824.1	8124554	8126554	1.2433347420692444
2000	NC_051809.1	52864602	52866602	1.057808049649
2000	NC_051823.1	22076166	22078166	1.1993399002850056
2000	NC_051814.1	24603171	24605171	1.0566880281865596
2000	NC_051835.1	22840152	22842152	0.9216584570109844
2000	NC_051820.1	26167962	26169962	0.9257766888233332
2000	NC_051822.1	12286591	12288591	1.142328951984644
2000	NC_051810.1	44063605	44065605	1.0239308749139309
2000	NC_051823.1	48879602	48881602	1.013539435595274
2000	NC_051826.1	20781792	20783792	0.7056208296492695
2000	NC_051808.1	35175377	35177377	1.3863998309671879
2000	NC_051831.1	45974668	45976668	0.935104172334075
2000	NC_051816.1	3760377	3762377	1.2122972694635392
2000	NC_051815.1	22763922	22765922	1.0979582753181458
2000	NC_051829.1	39423259	39425259	0.9866011531352997
2000	NC_051828.1	32008149	32010149	1.0385317834615708
2000	NC_051838.1	13698220	13700220	0.809148920327425
2000	NC_051826.1	28338205	28340205	0.9142605227231979
2000	NC_051817.1	10586492	10588492	0.8854668514728546
2000	NC_051818.1	38950186	38952186	1.0918037517666817
2000	NC_051831.1	22039452	22041452	0.8925234740078449
2000	NC_051810.1	411689	413689	1.034203179344535
2000	NC_051812.1	12538960	12540960	0.9579349851608276
2000	NC_051820.1	58632624	58634624	1.275525689125061
2000	NC_051815.1	70802427	70804427	0.9637999267876148
2000	NC_051818.1	24679642	24681642	0.9659621420204639
2000	NC_051837.1	27344380	27346380	1.1120310196280478
2000	NC_051835.1	38028562	38030562	0.9803473880290985
2000	NC_051835.1	38075253	38077253	1.2932270130515098
2000	NC_051811.1	16127677	16129677	0.9371130355596542
2000	NC_051823.1	22793956	22795956	1.0324974694848061
2000	NC_051809.1	58771150	58773150	1.139730379730463
2000	NC_051830.1	7385719	7387719	0.9606550695002078
2000	NC_051811.1	15376351	15378351	0.9203855379223823
2000	NC_051835.1	12123619	12125619	2.207815145075321
2000	NC_051829.1	46686372	46688372	1.1865810451805592
2000	NC_051834.1	21446539	21448539	0.9060621897876263
2000	NC_051833.1	41972056	41974056	0.9111893501579762
2000	NC_051832.1	16318496	16320496	1.0940989770591258
2000	NC_051810.1	75339308	75341308	0.9757555454671383
2000	NC_051807.1	46733976	46735976	0.9510280443131923
2000	NC_051817.1	6912580	6914580	0.936620916724205
2000	NC_051806.1	44848146	44850146	1.0130954210162162
2000	NC_051818.1	47632457	47634457	1.0226368450820447
2000	NC_051824.1	38379786	38381786	0.9139226504266262
2000	NC_051806.1	85034021	85036021	1.468777705937624
2000	NC_051814.1	6708005	6710005	0.6122541251682466
2000	NC_051835.1	33662864	33664864	1.0438278933167457
2000	NC_051813.1	53925130	53927130	1.4338653610646726
2000	NC_051828.1	8222951	8224951	0.9500108377337456
2000	NC_051843.1	73367648	73369648	0.8952915256544948
2000	NC_051807.1	2795409	2797409	0.965692126095295
2000	NC_051823.1	30277666	30279666	1.223923437833786
2000	NC_051813.1	25845534	25847534	2.6144780656695366
2000	NC_051805.1	5789896	5791896	0.9022210574150086
2000	NC_051818.1	60969201	60971201	1.019715671122074
2000	NC_051828.1	33818341	33820341	1.0003807480931282
2000	NC_051809.1	44691943	44693943	0.9416422627866268
2000	NC_051815.1	64810656	64812656	0.9166014553308487
2000	NC_051843.1	71847332	71849332	0.8678110626339912
2000	NC_051835.1	4669306	4671306	0.9331655824184417
2000	NC_051840.1	214952	216952	0.9472937527447939
2000	NC_051833.1	34591739	34593739	1.0055971577912568
2000	NC_051815.1	14625725	14627725	1.014806745144037
2000	NC_051822.1	40575960	40577960	0.895519260764122
2000	NC_051817.1	52870545	52872545	0.8376788721233607
2000	NC_051812.1	74740121	74742121	0.7374927985981891
2000	NC_051816.1	14687991	14689991	1.0734035691022874
2000	NC_051812.1	67947989	67949989	1.2649740244448184
2000	NC_051808.1	53281054	53283054	1.143584128767252
2000	NC_051830.1	12608418	12610418	1.0230753747820853
2000	NC_051836.1	1138107	1140107	1.0010157802700996
2000	NC_051824.1	6740175	6742175	0.9727609058221182
2000	NC_051822.1	23726717	23728717	0.9973171200156212
2000	NC_051826.1	41535673	41537673	0.9794276742637158
2000	NC_051843.1	38325253	38327253	1.0112078570127487
2000	NC_051812.1	26079277	26081277	1.0319800392687322
2000	NC_051823.1	40273707	40275707	1.093748650699854
2000	NC_051818.1	26212160	26214160	0.9286765977740288
2000	NC_051806.1	77871221	77873221	1.3284659693837166
2000	NC_051842.1	3572643	3574643	0.8657002473175526
2000	NC_051806.1	38077191	38079191	0.960703460752964
2000	NC_051830.1	24002609	24004609	1.1091390646100043
2000	NC_051805.1	76263235	76265235	1.0335255333781241
2000	NC_051815.1	16826249	16828249	0.9932237051725388
2000	NC_051820.1	27477111	27479111	0.9017387456160325
2000	NC_051825.1	17810340	17812340	0.8846583980321884
2000	NC_051810.1	44508696	44510696	1.041891630858183
2000	NC_051805.1	3142350	3144350	1.1468056812882423
2000	NC_051814.1	50595636	50597636	1.023514068901539
2000	NC_051843.1	45955631	45957631	0.967240219026804
2000	NC_051805.1	4054037	4056037	1.1475718806087971
2000	NC_051822.1	30150846	30152846	0.9417188325077295
2000	NC_051827.1	22792193	22794193	0.9394443479776382
2000	NC_051805.1	78763602	78765602	0.9147728696614504
2000	NC_051825.1	33116946	33118946	1.0225108558237552
2000	NC_051831.1	14909411	14911411	0.8429670960456133
2000	NC_051809.1	40517032	40519032	0.9516398132145405
2000	NC_051824.1	42180546	42182546	1.0775476483404636
2000	NC_051826.1	52658010	52660010	1.0212356726825238
2000	NC_051826.1	10927227	10929227	1.0037224295437337
2000	NC_051829.1	17825031	17827031	0.9375232966542244
2000	NC_051814.1	34434417	34436417	1.1206119905710221
2000	NC_051809.1	43139181	43141181	0.94260053268075
2000	NC_051831.1	13409747	13411747	0.9294485564827919
2000	NC_051816.1	60793503	60795503	0.879150429815054
2000	NC_051829.1	36498224	36500224	0.8919283806234598
2000	NC_051826.1	19728021	19730021	0.8893587363064289
2000	NC_051824.1	39667683	39669683	0.914088915079832
2000	NC_051820.1	44088323	44090323	0.9284161924123764
2000	NC_051835.1	7817108	7819108	0.9618960067927838
2000	NC_051843.1	59275019	59277019	0.8746360541135073
2000	NC_051841.1	3344837	3346837	0.9525814657211303
2000	NC_051819.1	65067847	65069847	1.672752258824367
2000	NC_051829.1	13855894	13857894	1.0112257496416568
2000	NC_051811.1	52171129	52173129	0.9132903814315796
2000	NC_051805.1	118650205	118652205	1.1169391079246997
2000	NC_051832.1	18977549	18979549	0.9647501527965069
2000	NC_051813.1	14928996	14930996	0.9957394794225692
2000	NC_051826.1	48717551	48719551	1.0432249364554882
2000	NC_051827.1	37876179	37878179	1.0888289760947227
2000	NC_051818.1	17441928	17443928	0.8431597009599209
2000	NC_051809.1	83555325	83557325	1.062843068689108
2000	NC_051807.1	22899499	22901499	0.869473685592413
2000	NC_051807.1	87555355	87557355	1.0709097342193126
2000	NC_051822.1	11974303	11976303	
2000	NC_051817.1	30690207	30692207	1.0155637695193291
2000	NC_051836.1	10416442	10418442	1.3829777331054212
2000	NC_051820.1	55414677	55416677	0.8979672445952892
2000	NC_051825.1	48129743	48131743	0.7455131024789211
2000	NC_051805.1	74407864	74409864	0.8517853644490242
2000	NC_051836.1	35645404	35647404	0.8510067009627819
2000	NC_051825.1	32821151	32823151	0.9050566410720349
2000	NC_051818.1	32643147	32645147	0.9312035165131092
2000	NC_051819.1	53857577	53859577	0.9605427029728889
2000	NC_051820.1	47706459	47708459	0.9913533930778503
2000	NC_051809.1	33038162	33040162	1.3305285327136516
2000	NC_051807.1	5402848	5404848	0.9372967880964279
2000	NC_051811.1	29800236	29802236	0.8912444650070577
2000	NC_051838.1	7976188	7978188	1.194445914566517
2000	NC_051813.1	14823478	14825478	0.9736535552144051
2000	NC_051810.1	31494640	31496640	1.2657872235774994
2000	NC_051824.1	32141170	32143170	1.1703707058727741
2000	NC_051821.1	29908911	29910911	0.9526356370449066
2000	NC_051843.1	120950159	120952159	1.225183001279831
2000	NC_051835.1	35514892	35516892	0.9712769888937474
2000	NC_051815.1	60831545	60833545	0.8348254764825106
2000	NC_051822.1	47295320	47297320	1.1694657093286513
2000	NC_051832.1	14712710	14714710	1.0618367063999177
2000	NC_051809.1	77367094	77369094	0.8999467971026898
2000	NC_051805.1	26718209	26720209	1.0284664831161499
2000	NC_051824.1	32000609	32002609	0.9058383156210185
2000	NC_051805.1	84904988	84906988	0.9428744697272777
2000	NC_051820.1	31547479	31549479	1.0029823582172395
2000	NC_051832.1	15776048	15778048	0.921306439191103
2000	NC_051805.1	5988729	5990729	0.9525208250880242
2000	NC_051824.1	27267321	27269321	0.7964634754605915
2000	NC_051834.1	23909844	23911844	0.9982437867820263
2000	NC_051823.1	31882472	31884472	0.9505280166268348
2000	NC_051813.1	58861270	58863270	1.0092191499471665
2000	NC_051816.1	55689865	55691865	0.9985252882540226
2000	NC_051807.1	90794923	90796923	1.0103601052165032
2000	NC_051832.1	5163339	5165339	0.9180145617723465
2000	NC_051819.1	8372517	8374517	1.430142936012413
2000	NC_051823.1	8477510	8479510	0.8437314625829458
2000	NC_051833.1	41238273	41240273	1.0251723965406419
2000	NC_051808.1	2940952	2942952	1.0293854032754899
2000	NC_051814.1	49303392	49305392	1.2344246138632298
2000	NC_051815.1	19322887	19324887	1.059156857818365
2000	NC_051843.1	64885998	64887998	0.8740616275668144
2000	NC_051817.1	6480762	6482762	0.9207979499101638
2000	NC_051818.1	18299565	18301565	1.0201004542410375
2000	NC_051812.1	21098129	21100129	0.8737155245095491
2000	NC_051828.1	10790097	10792097	0.994931181639433
2000	NC_051833.1	25979007	25981007	0.9326696601808071
2000	NC_051816.1	19816	21816	0.7152230339271161
2000	NC_051838.1	25640743	25642743	0.9634049887061119
2000	NC_051836.1	13356957	13358957	0.9481061312556267
2000	NC_051811.1	74556352	74558352	0.9196042622327805
2000	NC_051843.1	93259876	93261876	0.9830696935951709
2000	NC_051832.1	34174255	34176255	1.3127550718188286
2000	NC_051826.1	51995538	51997538	1.0685585339069366
2000	NC_051817.1	62963838	62965838	0.9599615941047669
2000	NC_051829.1	51229374	51231374	1.4285467301011086
2000	NC_051829.1	36295560	36297560	0.8920878273248672
2000	NC_051830.1	35992941	35994941	0.9774907889842988
2000	NC_051814.1	13421393	13423393	1.669562607285304
2000	NC_051816.1	33662397	33664397	1.1105105024874211
2000	NC_051828.1	36530065	36532065	1.065896378532052
2000	NC_051835.1	16140865	16142865	0.9697074972838163
2000	NC_051823.1	43576125	43578125	1.0076635263860225
2000	NC_051808.1	42207421	42209421	1.1260433833748102
2000	NC_051838.1	26855528	26857528	0.9709268839657307
2000	NC_051825.1	9107612	9109612	0.8710079348832369
2000	NC_051844.1	3524848	3526848	1.1124061905145646
2000	NC_051815.1	57247973	57249973	1.1158930223286152
2000	NC_051821.1	47353450	47355450	0.8255006588995457
2000	NC_051818.1	22657170	22659170	1.024126274138689
2000	NC_051811.1	19438217	19440217	0.9237875215709209
2000	NC_051809.1	33710857	33712857	0.9402729042172432
2000	NC_051808.1	56205610	56207610	0.9845792771875859
2000	NC_051817.1	37384867	37386867	1.468608004382894
2000	NC_051817.1	33511789	33513789	1.0779485557973385
2000	NC_051836.1	35271250	35273250	0.9531540669500828
2000	NC_051806.1	38194911	38196911	1.0234148427248002
2000	NC_051843.1	33069594	33071594	1.0044322869926692
2000	NC_051826.1	52477689	52479689	0.9443839128315449
2000	NC_051830.1	4002602	4004602	1.144004444926977
2000	NC_051831.1	5928410	5930410	0.9898879381743344
2000	NC_051810.1	3512934	3514934	1.0073999879062177
2000	NC_051809.1	43798279	43800279	1.029984378516674
2000	NC_051830.1	31697236	31699236	1.281026169449091
2000	NC_051811.1	19929855	19931855	1.2106054690480232
2000	NC_051807.1	87877558	87879558	0.8192365534901619
2000	NC_051812.1	54231779	54233779	0.9575792139768601
2000	NC_051820.1	12288100	12290100	1.4060081750154496
2000	NC_051831.1	15365202	15367202	0.9503787086009979
2000	NC_051810.1	50697917	50699917	0.9761178395748138
2000	NC_051813.1	58332015	58334015	0.9642561942338943
2000	NC_051807.1	92664032	92666032	1.1329604945331813
2000	NC_051806.1	20710901	20712901	0.9569953786879778
2000	NC_051818.1	48306490	48308490	1.046013114899397
2000	NC_051838.1	10576085	10578085	1.1561609025299548
2000	NC_051820.1	13057392	13059392	3.0755316802859305
2000	NC_051818.1	14245058	14247058	0.8901748246848583
2000	NC_051809.1	38696177	38698177	0.9718144374489784
2000	NC_051812.1	13450909	13452909	1.057833752155304
2000	NC_051807.1	46733956	46735956	0.9477709742188454
2000	NC_051842.1	4546414	4548414	0.8090007436573505
2000	NC_051826.1	50146703	50148703	1.1548673560649534
2000	NC_051811.1	74643813	74645813	1.1613274366557598
2000	NC_051836.1	26065956	26067956	0.9355164044499398
2000	NC_051808.1	32244332	32246332	0.8627858291864395
2000	NC_051833.1	23235622	23237622	0.9745823596715927
2000	NC_051816.1	4384004	4386004	0.9326476971209049
2000	NC_051834.1	15233871	15235871	0.9870089732110501
2000	NC_051820.1	38277323	38279323	0.9378491894602775
2000	NC_051814.1	62666668	62668668	1.0871218593120575
2000	NC_051843.1	9537165	9539165	1.0400720901787281
2000	NC_051809.1	37059501	37061501	1.240246611893177
2000	NC_051810.1	19982018	19984018	1.2806654836535454
2000	NC_051839.1	2219008	2221008	1.1639387729167938
2000	NC_051818.1	46616352	46618352	0.9059848971366883
2000	NC_051843.1	31777382	31779382	0.9009164640009403
2000	NC_051838.1	2230724	2232724	0.9099186015427112
2000	NC_051806.1	43150785	43152785	0.9492924338579178
2000	NC_051806.1	33709916	33711916	1.0617939083576202
2000	NC_051844.1	180231	182231	0.9285530335609227
2000	NC_051823.1	50532128	50534128	0.8751361164599657
2000	NC_051810.1	77045667	77047667	1.057073028087616
2000	NC_051818.1	16894807	16896807	1.0467958946824074
2000	NC_051813.1	49172877	49174877	1.863288681268692
2000	NC_051826.1	1323699	1325699	1.029407961010933
2000	NC_051824.1	44034392	44036392	1.0170888312757016
2000	NC_051819.1	58959792	58961792	1.0277877129614352
2000	NC_051814.1	68519763	68521763	0.911487444639206
2000	NC_051809.1	45817313	45819313	0.9475784077197313
2000	NC_051824.1	25227160	25229160	1.0769575081765652
2000	NC_051808.1	68537289	68539289	0.8594523477554321
2000	NC_051813.1	50558344	50560344	1.1586501485109328
2000	NC_051820.1	53820334	53822334	1.0268506731987
2000	NC_051821.1	46252200	46254200	0.8557470083236695
2000	NC_051822.1	41091595	41093595	
2000	NC_051806.1	59288442	59290442	1.4043122923076152
2000	NC_051841.1	24866864	24868864	1.3050323969125748
2000	NC_051806.1	54568253	54570253	1.0066532633602618
2000	NC_051828.1	5921474	5923474	1.03023642629385
2000	NC_051824.1	44036222	44038222	1.0058079885542393
2000	NC_051821.1	25043215	25045215	1.071016357243061
2000	NC_051828.1	18576735	18578735	1.0455175572633744
2000	NC_051808.1	44901263	44903263	0.99497577470541
2000	NC_051807.1	18390139	18392139	0.9114043301045894
2000	NC_051841.1	13574080	13576080	0.9808695681393147
2000	NC_051822.1	11519899	11521899	0.9187195362314262
2000	NC_051840.1	11127456	11129456	1.0738829891681672
2000	NC_051815.1	36759665	36761665	0.7216275189524499
2000	NC_051807.1	47283536	47285536	1.074259313583374
2000	NC_051829.1	11652433	11654433	0.9271335365176201
2000	NC_051832.1	29314830	29316830	0.9711360037326813
2000	NC_051813.1	12698788	12700788	1.0604735512733459
2000	NC_051809.1	39057899	39059899	1.5031883348822594
2000	NC_051843.1	5500311	5502311	0.9571895490586758
2000	NC_051825.1	4487962	4489962	0.9483707449138165
2000	NC_051828.1	35031922	35033922	1.2210097065865992
2000	NC_051815.1	11915310	11917310	0.7653444888529839
2000	NC_051805.1	2240248	2242248	0.9718464010059834
2000	NC_051843.1	70726886	70728886	0.8921176277101039
2000	NC_051817.1	17476708	17478708	1.0609280087649822
2000	NC_051807.1	91940319	91942319	0.9304085294902324
2000	NC_051816.1	36439453	36441453	0.9175644691884518
2000	NC_051837.1	28544562	28546562	0.9334031743705272
2000	NC_051813.1	276089	278089	1.57403642937541
2000	NC_051838.1	28679353	28681353	1.03936943513155
2000	NC_051831.1	6536353	6538353	0.9578337034285068
2000	NC_051808.1	55937942	55939942	1.1015391945838928
2000	NC_051806.1	61050650	61052650	1.2865503333508967
2000	NC_051819.1	40072506	40074506	0.878978291735053
2000	NC_051811.1	49079282	49081282	1.0207034712433816
2000	NC_051816.1	21517202	21519202	1.0492705825567246
2000	NC_051819.1	13392244	13394244	1.1522205029129982
2000	NC_051815.1	29479908	29481908	0.8509617370770037
2000	NC_051807.1	12784324	12786324	1.038352154403925
2000	NC_051824.1	50978481	50980481	1.8847446140050887
2000	NC_051808.1	86536878	86538878	0.9538943104743958
2000	NC_051816.1	31152774	31154774	0.9197723703682422
2000	NC_051823.1	10549588	10551588	0.7645774395884695
2000	NC_051825.1	31745680	31747680	0.6685010362630603
2000	NC_051827.1	1779644	1781644	1.00254062217474
2000	NC_051813.1	6407981	6409981	1.049165242344141
2000	NC_051805.1	97321983	97323983	1.1850318876206876
2000	NC_051817.1	29113095	29115095	1.0139494317770004
2000	NC_051829.1	14965814	14967814	0.9631282369345426
2000	NC_051825.1	8713263	8715263	0.9787350387871265
2000	NC_051813.1	6898509	6900509	1.098181832164526
2000	NC_051828.1	18651654	18653654	1.0258105228841305
2000	NC_051806.1	50655150	50657150	0.9350285116583109
2000	NC_051816.1	25192929	25194929	0.9969595311284065
2000	NC_051828.1	14328237	14330237	0.901631082072854
2000	NC_051843.1	25314972	25316972	0.888549916818738
2000	NC_051843.1	23493831	23495831	0.9469270448088646
2000	NC_051812.1	61629969	61631969	1.1678754887282847
2000	NC_051826.1	53993706	53995706	0.8155091759264469
2000	NC_051837.1	2631392	2633392	0.9429352743625641
2000	NC_051820.1	4774525	4776525	0.9384293757379055
2000	NC_051813.1	10939280	10941280	0.9133299907296896
2000	NC_051833.1	8534136	8536136	0.819900603339076
2000	NC_051820.1	53970780	53972780	0.850791220664978
2000	NC_051819.1	27194203	27196203	0.8923219264447689
2000	NC_051834.1	30339371	30341371	1.006276913523674
2000	NC_051831.1	19468400	19470400	1.0487028814852237
2000	NC_051825.1	20043585	20045585	1.0930495154857636
2000	NC_051836.1	2102933	2104933	0.9006745668202638
2000	NC_051815.1	11463899	11465899	0.5202452170565015
2000	NC_051806.1	9017758	9019758	0.8560684095323086
2000	NC_051831.1	18909267	18911267	0.9383553467392921
2000	NC_051809.1	18078899	18080899	0.9378987504541874
2000	NC_051805.1	66821155	66823155	0.9239319078624249
2000	NC_051839.1	4415420	4417420	0.9406793519854546
2000	NC_051820.1	50856046	50858046	1.0190249511897564
2000	NC_051828.1	31133265	31135265	0.9697129702081486
2000	NC_051835.1	4106448	4108448	0.9227641947865486
2000	NC_051828.1	25418605	25420605	1.0807368659973144
2000	NC_051843.1	15243971	15245971	0.915794151365757
2000	NC_051805.1	2060845	2062845	1.1311590410768986
2000	NC_051809.1	56296601	56298601	1.136682085171342
2000	NC_051828.1	11221573	11223573	0.9944768363535404
2000	NC_051806.1	6068020	6070020	0.9883875500410795
2000	NC_051818.1	49788741	49790741	0.8760763944983483
2000	NC_051812.1	74807686	74809686	0.6400229070744207
2000	NC_051824.1	10201286	10203286	1.0266497362190103
2000	NC_051835.1	20493445	20495445	0.9642132148524831
2000	NC_051812.1	19176377	19178377	0.5825397931399017
2000	NC_051843.1	70515461	70517461	0.9459958635866642
2000	NC_051814.1	28642901	28644901	1.2366010584235192
2000	NC_051838.1	18570102	18572102	1.2106270233094691
2000	NC_051814.1	38517278	38519278	0.9603013514876365
2000	NC_051813.1	23601885	23603885	1.582995218038559
2000	NC_051833.1	27532242	27534242	0.9729462105929851
2000	NC_051825.1	48509182	48511182	1.0241405542492867
2000	NC_051824.1	58288334	58290334	4.16024365234375
2000	NC_051805.1	48092102	48094102	0.9807287846803665
2000	NC_051809.1	12639296	12641296	0.9356543877869844
2000	NC_051807.1	13692340	13694340	0.9780987076461315
2000	NC_051826.1	17968367	17970367	0.8742096644639968
2000	NC_051806.1	11751345	11753345	0.9373105818033218
2000	NC_051815.1	30967707	30969707	0.9855321627557277
2000	NC_051808.1	22164427	22166427	1.2289397648870946
2000	NC_051808.1	60572330	60574330	1.0229048983752727
2000	NC_051821.1	16773672	16775672	0.9024801059663295
2000	NC_051830.1	22800852	22802852	1.0765856129527092
2000	NC_051830.1	34684431	34686431	0.8725388666798797
2000	NC_051824.1	28975926	28977926	0.9759521197676658
2000	NC_051820.1	56290162	56292162	1.0257026789188386
2000	NC_051825.1	1923768	1925768	0.9159148321449757
2000	NC_051813.1	25520595	25522595	1.8960054357349874
2000	NC_051814.1	27152686	27154686	1.1965594145059586
2000	NC_051832.1	19035548	19037548	0.9778126308619977
2000	NC_051826.1	3438633	3440633	0.9327631683200598
2000	NC_051836.1	15823015	15825015	0.9957805267522033
2000	NC_051806.1	42871265	42873265	0.8925856836140156
2000	NC_051817.1	31817361	31819361	1.0828575320541858
2000	NC_051843.1	43612987	43614987	0.8716665206551552
2000	NC_051827.1	20734483	20736483	0.9084429981112481
2000	NC_051820.1	44738168	44740168	0.9632114363312722
2000	NC_051828.1	2954139	2956139	1.09477047213912
2000	NC_051806.1	62275366	62277366	1.016804502904415
2000	NC_051810.1	37265123	37267123	1.4169221907258034
2000	NC_051820.1	804237	806237	0.9778655643761158
2000	NC_051837.1	20410246	20412246	0.9391565453112125
2000	NC_051819.1	39742102	39744102	0.8918263502418995
2000	NC_051841.1	18689662	18691662	0.9111935297250747
2000	NC_051806.1	14842792	14844792	0.9691987920999527
2000	NC_051840.1	24906160	24908160	0.9898831936717033
2000	NC_051827.1	48101046	48103046	0.9480069761574268
2000	NC_051811.1	76386608	76388608	1.1309097401797772
2000	NC_051831.1	44848485	44850485	1.117576883584261
2000	NC_051826.1	34431476	34433476	1.0278861779653574
2000	NC_051820.1	13824785	13826785	0.8258198903004328
2000	NC_051834.1	11104614	11106614	1.00705855935812
2000	NC_051822.1	48932812	48934812	1.2097602941095829
2000	NC_051820.1	32832695	32834695	0.9611556343734264
2000	NC_051820.1	43269802	43271802	6.631328756362199
2000	NC_051816.1	38540915	38542915	0.9489259980618954
2000	NC_051807.1	7932713	7934713	0.9613695289194584
2000	NC_051831.1	43826343	43828343	0.9370827708691358
2000	NC_051806.1	2125692	2127692	0.9437148635983467
2000	NC_051839.1	20643608	20645608	0.9544479566216468
2000	NC_051805.1	86811249	86813249	0.9184650576412677
2000	NC_051813.1	42837854	42839854	1.2080218099653721
2000	NC_051816.1	56100315	56102315	0.9081848247349262
2000	NC_051818.1	38353072	38355072	1.1428569458425044
2000	NC_051809.1	41095276	41097276	1.001794555991888
2000	NC_051829.1	45199889	45201889	1.250271487593651
2000	NC_051820.1	6388371	6390371	0.900268188148737
2000	NC_051809.1	29100049	29102049	1.0637094589173794
2000	NC_051808.1	4141683	4143683	1.0797672470510007
2000	NC_051837.1	15787211	15789211	0.6105990559314236
2000	NC_051812.1	13256613	13258613	1.0294340411424636
2000	NC_051808.1	31425154	31427154	1.1193456424176693
2000	NC_051817.1	47100835	47102835	1.072859510332346
2000	NC_051842.1	16474863	16476863	1.2033914992511272
2000	NC_051821.1	43493030	43495030	0.9406928533315658
2000	NC_051826.1	50539487	50541487	0.9753371334969997
2000	NC_051843.1	5136757	5138757	1.0249442229270935
2000	NC_051843.1	72141225	72143225	0.9892700687050819
2000	NC_051824.1	16263108	16265108	0.8820022881478071
2000	NC_051809.1	26101189	26103189	0.9592921052277088
2000	NC_051831.1	25318820	25320820	0.9771601316332817
2000	NC_051842.1	16286875	16288875	1.0151659220457077
2000	NC_051827.1	18073791	18075791	0.9479759411513805
2000	NC_051828.1	26966340	26968340	0.9259357376396656
2000	NC_051824.1	13024439	13026439	1.0826497812271119
2000	NC_051826.1	25539768	25541768	0.8144121089726687
2000	NC_051844.1	3007116	3009116	1.1582356539964676
2000	NC_051805.1	50676767	50678767	0.8683404914736748
2000	NC_051808.1	18006295	18008295	0.829225242882967
2000	NC_051808.1	55463274	55465274	1.1806068444252014
2000	NC_051837.1	14375645	14377645	1.006192748993635
2000	NC_051817.1	45841203	45843203	1.0643403040468693
2000	NC_051815.1	50496573	50498573	0.9606744328141212
2000	NC_051813.1	821623	823623	1.5429800462126733
2000	NC_051826.1	51810159	51812159	1.0512404378652573
2000	NC_051814.1	25286294	25288294	1.1666458375751971
2000	NC_051819.1	59601970	59603970	
2000	NC_051809.1	976380	978380	7.016872381865978
2000	NC_051826.1	30010484	30012484	0.9940194623810904
2000	NC_051815.1	12599956	12601956	0.994442056208849
2000	NC_051821.1	55242206	55244206	1.1191216088831424
2000	NC_051818.1	37801851	37803851	0.959050838559866
2000	NC_051818.1	52416659	52418659	0.8778963747620583
2000	NC_051816.1	1203282	1205282	2.5578255366683007
2000	NC_051815.1	7834668	7836668	1.018968564450741
2000	NC_051816.1	73264229	73266229	1.1932770366668701
2000	NC_051823.1	9981774	9983774	0.8977477714121341
2000	NC_051808.1	44757862	44759862	0.9842165904641151
2000	NC_051822.1	12723790	12725790	1.0218195679783821
2000	NC_051811.1	23408743	23410743	0.9433412402123212
2000	NC_051827.1	34082118	34084118	0.9167184660583735
2000	NC_051812.1	7652029	7654029	0.9690468968003988
2000	NC_051819.1	5697554	5699554	1.292042946368456
2000	NC_051807.1	81471924	81473924	1.0004277563989163
2000	NC_051829.1	26760827	26762827	0.9157831120193005
2000	NC_051824.1	50689144	50691144	1.1495351630449295
2000	NC_051843.1	56960302	56962302	
2000	NC_051807.1	57342692	57344692	1.1739163109958173
2000	NC_051833.1	37002173	37004173	0.9764772287905216
2000	NC_051816.1	69495592	69497592	1.0863709744513035
2000	NC_051808.1	13606044	13608044	0.8935572083592415
2000	NC_051841.1	30861947	30863947	1.1489185213148594
2000	NC_051837.1	7396071	7398071	1.0449829135835171
2000	NC_051820.1	10821115	10823115	0.9805440127849578
2000	NC_051824.1	27193613	27195613	
2000	NC_051810.1	51018717	51020717	0.9986848564445973
2000	NC_051842.1	10323754	10325754	0.8688714247047901
2000	NC_051811.1	74540212	74542212	0.9387827213704586
2000	NC_051843.1	117103429	117105429	1.061759106338024
2000	NC_051805.1	37871019	37873019	0.992298622623086
2000	NC_051809.1	47596375	47598375	1.0488418497145175
2000	NC_051824.1	35648079	35650079	1.0723438948392867
2000	NC_051839.1	26658544	26660544	1.336634486079216
2000	NC_051841.1	24223843	24225843	1.0602670302987098
2000	NC_051821.1	13967916	13969916	1.3706893113553524
2000	NC_051810.1	20378631	20380631	1.09218701967597
2000	NC_051809.1	80562735	80564735	0.9808778938651085
2000	NC_051808.1	39607801	39609801	1.0807948571443557
2000	NC_051809.1	21145600	21147600	1.2283118471503258
2000	NC_051806.1	16354865	16356865	0.9529723010957241
2000	NC_051837.1	9542134	9544134	0.907706995844841
2000	NC_051811.1	63209035	63211035	0.9721955371648073
2000	NC_051832.1	959025	961025	0.9318530574440956
2000	NC_051831.1	19523760	19525760	0.9277116902917624
2000	NC_051813.1	19443863	19445863	1.1216945095658302
2000	NC_051815.1	42653612	42655612	0.9923573425710202
2000	NC_051809.1	22460480	22462480	0.7425710119024108
2000	NC_051830.1	23819066	23821066	2.737391433238983
2000	NC_051830.1	24078618	24080618	1.2240740410089492
2000	NC_051820.1	22096789	22098789	1.0103389690518378
2000	NC_051831.1	8564747	8566747	1.1739365847408771
2000	NC_051806.1	4696919	4698919	0.8878915311194755
2000	NC_051815.1	315195	317195	0.7429900686462204
2000	NC_051815.1	16880899	16882899	1.2947347185015678
2000	NC_051807.1	66839563	66841563	0.9165241033732892
2000	NC_051826.1	36766646	36768646	0.9223253028094769
2000	NC_051832.1	13870898	13872898	1.0059350647032261
2000	NC_051816.1	47810375	47812375	1.1278030276298523
2000	NC_051842.1	21159053	21161053	1.2161760504543782
2000	NC_051820.1	45046540	45048540	
2000	NC_051810.1	74672213	74674213	0.9480419005304574
2000	NC_051823.1	35864461	35866461	1.037910048723221
2000	NC_051827.1	5052601	5054601	0.9124039433476252
2000	NC_051840.1	24264223	24266223	1.0746917724907399
2000	NC_051843.1	5435266	5437266	1.0027169693410396
2000	NC_051843.1	80076171	80078171	0.7837959941957571
2000	NC_051840.1	27349361	27351361	0.9738793329298496
2000	NC_051825.1	136309	138309	
2000	NC_051809.1	82287408	82289408	0.9544140086770058
2000	NC_051812.1	22215763	22217763	0.8923802897036076
2000	NC_051819.1	7434190	7436190	1.148298096060753
2000	NC_051810.1	850454	852454	1.026920740634203
2000	NC_051805.1	110585380	110587380	1.4258679738640785
2000	NC_051838.1	27493822	27495822	1.4350603015124799
2000	NC_051843.1	56997056	56999056	1.0869819336235522
2000	NC_051811.1	4724211	4726211	0.9686173477470875
2000	NC_051807.1	79226227	79228227	0.7433184346556664
2000	NC_051843.1	123326731	123328731	0.942866267170757
2000	NC_051820.1	44333657	44335657	1.025059732824564
2000	NC_051807.1	73699025	73701025	0.9748570144176483
2000	NC_051821.1	1191279	1193279	1.3519353772699834
2000	NC_051816.1	57717657	57719657	1.0318585808575154
2000	NC_051825.1	43935445	43937445	0.9277325855195522
2000	NC_051817.1	51211226	51213226	0.9211607945617288
2000	NC_051819.1	14735344	14737344	0.8804833008050919
2000	NC_051808.1	30281334	30283334	0.9813379453122616
2000	NC_051824.1	39283351	39285351	1.3127186309099197
2000	NC_051833.1	36802682	36804682	1.0129712487459184
2000	NC_051812.1	33830909	33832909	0.9808492039740085
2000	NC_051835.1	19823784	19825784	0.9329694819152355
2000	NC_051828.1	33746223	33748223	0.9047343387156725
2000	NC_051820.1	57956873	57958873	1.0348986741304398
2000	NC_051810.1	68559497	68561497	0.8722127754241228
2000	NC_051816.1	22812510	22814510	0.8161286906152964
2000	NC_051808.1	70869210	70871210	0.9868715541064739
2000	NC_051833.1	32160741	32162741	1.0022453878074884
2000	NC_051807.1	32744896	32746896	0.96716260394454
2000	NC_051806.1	54820248	54822248	0.9018152670711279
2000	NC_051831.1	38987383	38989383	1.2499500652551652
2000	NC_051812.1	20013662	20015662	0.8940547856837511
2000	NC_051811.1	9429695	9431695	0.8620029703527688
2000	NC_051810.1	12988938	12990938	1.6198702330589294
2000	NC_051810.1	57373463	57375463	0.9138949242681265
2000	NC_051810.1	61484258	61486258	1.3458152966201304
2000	NC_051823.1	1783241	1785241	1.0697954539358616
2000	NC_051827.1	20232048	20234048	0.9525032238587737
2000	NC_051822.1	37171457	37173457	0.9753998784422875
2000	NC_051843.1	45781438	45783438	0.9768218338489533
2000	NC_051836.1	18447075	18449075	0.9289391279220581
2000	NC_051825.1	42865713	42867713	1.2098129251003265
2000	NC_051833.1	3538828	3540828	0.7435005622729659
2000	NC_051823.1	49713671	49715671	0.9690527647658239
2000	NC_051809.1	58537212	58539212	1.0490160137414932
2000	NC_051817.1	55602404	55604404	0.8402203242182732
2000	NC_051810.1	68919823	68921823	0.9364238895475865
2000	NC_051805.1	120800604	120802604	1.2639765155613423
2000	NC_051819.1	16789207	16791207	
2000	NC_051834.1	31398005	31400005	1.002524428293109
2000	NC_051840.1	19982664	19984664	0.9064242412447929
2000	NC_051818.1	23160434	23162434	1.7843713966012
2000	NC_051810.1	30587613	30589613	1.0957898514866828
2000	NC_051810.1	71343377	71345377	0.8679839669466018
2000	NC_051806.1	63442229	63444229	1.0657617807686328
2000	NC_051811.1	32924664	32926664	0.9753742439746856
2000	NC_051822.1	50390969	50392969	1.1739832498431206
2000	NC_051805.1	76370562	76372562	1.0448548192679883
2000	NC_051820.1	43677344	43679344	0.8973848885595799
2000	NC_051836.1	9652308	9654308	0.9301417720615863
2000	NC_051805.1	84152244	84154244	0.9998073917329311
2000	NC_051810.1	37691094	37693094	1.014231117039919
2000	NC_051828.1	12598172	12600172	0.8690126940011978
2000	NC_051820.1	29992551	29994551	1.1260992302596569
2000	NC_051820.1	46356106	46358106	0.9798402349948883
2000	NC_051813.1	30754067	30756067	0.8431696932438092
2000	NC_051809.1	9285029	9287029	1.0134470440745353
2000	NC_051816.1	64605641	64607641	0.865804775647819
2000	NC_051842.1	13290075	13292075	0.9692791152745486
2000	NC_051811.1	22823998	22825998	0.8892473028898239
2000	NC_051808.1	59285333	59287333	1.287943049311638
2000	NC_051828.1	21553918	21555918	1.0642023899257183
2000	NC_051826.1	704324	706324	1.2392312229573728
2000	NC_051808.1	77874787	77876787	0.8582001570912151
2000	NC_051822.1	10257108	10259108	1.0258880737423897
2000	NC_051815.1	3943003	3945003	1.0183105901181697
2000	NC_051813.1	29221057	29223057	0.9586549473404884
2000	NC_051843.1	29812021	29814021	0.9356854541897773
2000	NC_051821.1	19029123	19031123	2.864376230418682
2000	NC_051836.1	11353105	11355105	0.894287314414978
2000	NC_051813.1	41179405	41181405	1.3753768157958985
2000	NC_051821.1	1818241	1820241	0.8731028530448676
2000	NC_051821.1	5433391	5435391	1.1392079693675041
2000	NC_051817.1	26669841	26671841	1.28007276648283
2000	NC_051835.1	29951216	29953216	1.172283210813999
2000	NC_051809.1	36162266	36164266	0.9870136843621731
2000	NC_051815.1	6159169	6161169	1.1403175780773163
2000	NC_051821.1	5375343	5377343	0.9602265425920486
2000	NC_051824.1	22191548	22193548	0.9810519854426384
2000	NC_051820.1	29069841	29071841	0.9510010360777378
2000	NC_051816.1	68837606	68839606	1.142873826980591
2000	NC_051806.1	27554733	27556733	0.9939491536021232
2000	NC_051824.1	17782300	17784300	1.0323440454900266
2000	NC_051811.1	41075415	41077415	1.1933284559845925
2000	NC_051814.1	18925758	18927758	1.241156894892454
2000	NC_051830.1	7128663	7130663	0.984433213205714
2000	NC_051814.1	66146835	66148835	1.0380733788013459
2000	NC_051809.1	4194097	4196097	1.0769377704560756
2000	NC_051814.1	29595595	29597595	1.3627869254350662
2000	NC_051843.1	125447677	125449677	0.7988763914257287
2000	NC_051827.1	24715329	24717329	0.9464717129468918
2000	NC_051840.1	29449559	29451559	1.0345134741663933
2000	NC_051811.1	50977547	50979547	1.0399585478007793
2000	NC_051824.1	25676765	25678765	0.9590836945176124
2000	NC_051817.1	25734262	25736262	1.6781298175156116
2000	NC_051843.1	44395322	44397322	0.7929389895796776
2000	NC_051818.1	17005492	17007492	1.0420598460435868
2000	NC_051808.1	21779749	21781749	1.0218051949739455
2000	NC_051823.1	9866931	9868931	0.9312708090207515
2000	NC_051830.1	16295108	16297108	0.799282662655626
2000	NC_051814.1	44780680	44782680	1.0552184768021107
2000	NC_051806.1	36136414	36138414	0.9330912748873234
2000	NC_051820.1	29165395	29167395	0.9650365972518921
2000	NC_051831.1	652106	654106	1.1359845449924468
2000	NC_051837.1	20263298	20265298	0.898317617982626
2000	NC_051832.1	33528994	33530994	1.1311921043992041
2000	NC_051825.1	19076398	19078398	0.9775024361014366
2000	NC_051830.1	31779177	31781177	1.6011734253764152
2000	NC_051817.1	61274100	61276100	0.9220400154590607
2000	NC_051825.1	44659411	44661411	0.9391541196703911
2000	NC_051829.1	20394567	20396567	0.9420980079770088
2000	NC_051840.1	4596020	4598020	1.0402601858973504
2000	NC_051808.1	81816323	81818323	0.8182401366233826
2000	NC_051810.1	72742672	72744672	0.89246596711874
2000	NC_051825.1	39361052	39363052	1.0947360385358333
2000	NC_051839.1	4208876	4210876	0.9100069630708335
2000	NC_051835.1	12400435	12402435	0.9081386996805668
2000	NC_051827.1	48987956	48989956	1.0033554398715496
2000	NC_051807.1	18151683	18153683	0.9343721428513527
2000	NC_051828.1	40310985	40312985	0.9989604738354683
2000	NC_051832.1	6633232	6635232	1.0875863919906978
2000	NC_051822.1	46487561	46489561	1.7748543081879615
2000	NC_051812.1	35888311	35890311	1.2091631853282452
2000	NC_051843.1	77195634	77197634	0.9176474656611681
2000	NC_051831.1	33397920	33399920	1.0022263629734516
2000	NC_051831.1	15171110	15173110	0.9531156457960606
2000	NC_051842.1	14074804	14076804	0.98778331387043
2000	NC_051823.1	24951734	24953734	1.1214574246704578
2000	NC_051812.1	39137863	39139863	0.9491621813407312
2000	NC_051812.1	10657803	10659803	0.9262179813086987
2000	NC_051814.1	51846415	51848415	0.9913682506978512
2000	NC_051829.1	40919278	40921278	0.9504851128757
2000	NC_051817.1	61006842	61008842	0.9737821544408798
2000	NC_051807.1	53288085	53290085	1.2662529639899731
2000	NC_051805.1	82193139	82195139	0.9378728060126305
2000	NC_051832.1	30212868	30214868	1.2913120024502278
2000	NC_051819.1	34271847	34273847	0.9757697294652462
2000	NC_051822.1	32683166	32685166	1.1241094433814287
2000	NC_051813.1	32017481	32019481	1.0850458892881871
2000	NC_051812.1	36987895	36989895	1.0175701519846916
2000	NC_051838.1	17551248	17553248	0.9644018450975418
2000	NC_051808.1	59411772	59413772	1.12698028755188
2000	NC_051809.1	29089621	29091621	1.0913598299324512
2000	NC_051817.1	12917283	12919283	0.9821231492757797
2000	NC_051831.1	6173875	6175875	1.0390127174556256
2000	NC_051807.1	32937409	32939409	0.9032084586769342
2000	NC_051811.1	53911145	53913145	1.1519895511865617
2000	NC_051818.1	10409991	10411991	0.8860897372961044
2000	NC_051829.1	10387175	10389175	1.1115246914327144
2000	NC_051843.1	50196616	50198616	1.046165949018698
2000	NC_051843.1	28176645	28178645	0.8188193844258785
2000	NC_051813.1	40558513	40560513	1.07245493632555
2000	NC_051828.1	27243580	27245580	0.93187015786767
2000	NC_051809.1	63893613	63895613	1.206245292633772
2000	NC_051806.1	38332341	38334341	1.118377096861601
2000	NC_051827.1	10818981	10820981	1.3806905364394189
2000	NC_051838.1	17606977	17608977	0.9815070802867413
2000	NC_051812.1	38649447	38651447	0.9218950494229794
2000	NC_051808.1	82205750	82207750	0.8832455612719059
2000	NC_051824.1	58440615	58442615	1.4923471112549305
2000	NC_051809.1	27570811	27572811	0.9830615923404694
2000	NC_051807.1	3248495	3250495	0.9317446824908256
2000	NC_051810.1	51314636	51316636	0.9719254155158996
2000	NC_051822.1	37974429	37976429	0.789269584581256
2000	NC_051813.1	60724248	60726248	1.2861022088229657
2000	NC_051805.1	118606990	118608990	0.9953568843007088
2000	NC_051807.1	13263684	13265684	0.8904707174897194
2000	NC_051818.1	39076313	39078313	0.9858431253731251
2000	NC_051812.1	56041303	56043303	1.006020220607519
2000	NC_051808.1	66435187	66437187	0.8867399519532919
2000	NC_051812.1	48223161	48225161	1.195652329057455
2000	NC_051822.1	13584557	13586557	0.9798162659853696
2000	NC_051812.1	70275399	70277399	2.3417915621697905
2000	NC_051820.1	4294885	4296885	0.9098733273148537
2000	NC_051827.1	42987684	42989684	0.930981739372015
2000	NC_051830.1	36528456	36530456	0.9700390654206276
2000	NC_051821.1	50579768	50581768	2.3295827460289003
2000	NC_051821.1	47065376	47067376	0.9046101927161216
2000	NC_051827.1	23531712	23533712	0.9051470659077168
2000	NC_051815.1	50615719	50617719	0.9687853479087353
2000	NC_051834.1	2775381	2777381	0.9161980876773596
2000	NC_051808.1	21023395	21025395	1.0114819720387458
2000	NC_051814.1	17055005	17057005	0.9003669351339341
2000	NC_051826.1	15764184	15766184	1.0752785665690898
2000	NC_051810.1	68350560	68352560	0.91552232272923
2000	NC_051820.1	40714983	40716983	0.7930958921104283
2000	NC_051808.1	71949673	71951673	0.8761393113434315
2000	NC_051820.1	16025533	16027533	1.2650055430233478
2000	NC_051829.1	16021230	16023230	0.8366787473857403
2000	NC_051810.1	31169633	31171633	0.9946045766174794
2000	NC_051812.1	16307143	16309143	1.0025499628037213
2000	NC_051805.1	11729085	11731085	0.9885963180661201
2000	NC_051843.1	14118930	14120930	0.961422191336751
2000	NC_051807.1	8953420	8955420	0.967086236178875
2000	NC_051837.1	4398457	4400457	0.9759418332874775
2000	NC_051817.1	42487742	42489742	0.9032970873564482
2000	NC_051825.1	16655370	16657370	0.959989527293614
2000	NC_051807.1	86830393	86832393	1.0825225237011908
2000	NC_051811.1	52061473	52063473	0.9276653011739254
2000	NC_051832.1	36012358	36014358	1.0071115420162677
2000	NC_051843.1	84014438	84016438	0.9437693466842174
2000	NC_051843.1	52415938	52417938	0.8789987884163857
2000	NC_051828.1	16784730	16786730	1.1244010378420353
2000	NC_051838.1	37064532	37066532	0.9297676745653153
2000	NC_051810.1	13366461	13368461	1.2163422101140022
2000	NC_051823.1	47374660	47376660	0.9237355560064315
2000	NC_051806.1	72725722	72727722	2.062810641258955
2000	NC_051836.1	38334621	38336621	0.9118901336938143
2000	NC_051816.1	25217744	25219744	0.9093855710327625
2000	NC_051814.1	17675406	17677406	1.7414672396332025
2000	NC_051808.1	81126875	81128875	0.8604344572871924
2000	NC_051822.1	31916550	31918550	1.1033852413296699
2000	NC_051841.1	4581043	4583043	0.9876585129499436
2000	NC_051833.1	5288956	5290956	0.9586396422088146
2000	NC_051812.1	17596893	17598893	1.2390550714731217
2000	NC_051815.1	46399823	46401823	0.9737389490306377
2000	NC_051834.1	16384105	16386105	1.017794719785452
2000	NC_051822.1	45822405	45824405	1.323415080010891
2000	NC_051828.1	20899759	20901759	1.3227210352420806
2000	NC_051818.1	34101378	34103378	1.0589404909312725
2000	NC_051807.1	11909424	11911424	0.9502695084512234
2000	NC_051813.1	17912732	17914732	0.9049677550792694
2000	NC_051808.1	49615873	49617873	1.0336517217457295
2000	NC_051811.1	44581471	44583471	1.226848855048418
2000	NC_051827.1	13274041	13276041	1.074724201530218
2000	NC_051818.1	1725185	1727185	0.7602167984843254
2000	NC_051806.1	75948579	75950579	1.055864906102419
2000	NC_051805.1	40755554	40757554	1.0093648884770199
2000	NC_051818.1	38217660	38219660	1.4353734850883484
2000	NC_051807.1	71231412	71233412	1.114744231402874
2000	NC_051829.1	33217468	33219468	0.8935200919806957
2000	NC_051820.1	36231331	36233331	1.0318620355725288
2000	NC_051823.1	32997627	32999627	1.0027761522531509
2000	NC_051828.1	16404207	16406207	1.0069817084372044
2000	NC_051832.1	27725630	27727630	1.0573087120056153
2000	NC_051811.1	63065279	63067279	0.8875314737409353
2000	NC_051826.1	46786646	46788646	1.0781596080358926
2000	NC_051819.1	9655634	9657634	0.994766499787569
2000	NC_051805.1	108447743	108449743	1.117613841831684
2000	NC_051825.1	10093365	10095365	0.9391803273558617
2000	NC_051837.1	173987	175987	0.9634589383006096
2000	NC_051822.1	2788798	2790798	0.9472818625867366
2000	NC_051825.1	13829623	13831623	1.10073383975029
2000	NC_051826.1	57906123	57908123	0.9453145311027765
2000	NC_051807.1	56170049	56172049	1.1313109175562859
2000	NC_051825.1	7651056	7653056	0.9528153108358384
2000	NC_051810.1	23143521	23145521	1.061014199078083
2000	NC_051840.1	28836125	28838125	0.929830040410161
2000	NC_051843.1	105629399	105631399	1.073590071439743
2000	NC_051828.1	14306925	14308925	0.9287614941596984
2000	NC_051826.1	28547565	28549565	1.0615923315286637
2000	NC_051811.1	2885239	2887239	0.909441268235445
2000	NC_051810.1	42393604	42395604	1.3101484577059745
2000	NC_051843.1	47117766	47119766	1.0735722553431988
2000	NC_051835.1	30385096	30387096	0.9661099780201912
2000	NC_051821.1	19210375	19212375	0.9218489564955235
2000	NC_051809.1	63575189	63577189	1.0886235136091709
2000	NC_051806.1	23910873	23912873	1.0565182640254498
2000	NC_051825.1	27358419	27360419	0.9798550198972226
2000	NC_051835.1	25959494	25961494	0.9014111580252647
2000	NC_051837.1	30205515	30207515	1.146227260529995
2000	NC_051830.1	6509992	6511992	0.9511563759744167
2000	NC_051808.1	42056395	42058395	1.144221507757902
2000	NC_051820.1	23177511	23179511	0.9000079929232597
2000	NC_051805.1	35428019	35430019	0.99367807123065
2000	NC_051812.1	11797805	11799805	0.9047230307757854
2000	NC_051807.1	41021250	41023250	1.1739222191274166
2000	NC_051812.1	70298707	70300707	1.2035072919726373
2000	NC_051819.1	15328534	15330534	0.9415601124465466
2000	NC_051822.1	56684270	56686270	0.9788949739187955
2000	NC_051816.1	37773763	37775763	0.9615097329318524
2000	NC_051810.1	39917518	39919518	1.4927977125048637
2000	NC_051821.1	11751832	11753832	1.1423557924628258
2000	NC_051817.1	27999409	28001409	1.0661074945926665
2000	NC_051805.1	98277899	98279899	1.1471642755568028
2000	NC_051824.1	40972312	40974312	1.4492129269838334
2000	NC_051843.1	90304307	90306307	0.925904387563467
2000	NC_051808.1	19486801	19488801	1.041124513208866
2000	NC_051841.1	7616403	7618403	1.0315790346860885
2000	NC_051825.1	12693497	12695497	1.0096584317684174
2000	NC_051806.1	3279286	3281286	1.1529519310295582
2000	NC_051832.1	7715190	7717190	1.1029951034486294
2000	NC_051822.1	32278748	32280748	1.1896019364595414
2000	NC_051838.1	35207112	35209112	1.033175095409155
2000	NC_051808.1	21459080	21461080	1.1530507960915566
2000	NC_051824.1	38778688	38780688	0.9138921611905098
2000	NC_051811.1	71509320	71511320	0.9584973324835301
2000	NC_051827.1	22773848	22775848	0.9752343101203441
2000	NC_051809.1	13648804	13650804	1.1388644725978374
2000	NC_051839.1	5271912	5273912	1.0827481199502944
2000	NC_051805.1	14546492	14548492	1.2873369422405958
2000	NC_051831.1	18654807	18656807	0.9954278133660555
2000	NC_051816.1	26642746	26644746	0.3713372051715851
2000	NC_051833.1	8602279	8604279	0.9968000527322293
2000	NC_051825.1	9381621	9383621	0.8802532313466072
2000	NC_051813.1	29912576	29914576	0.964099985986948
2000	NC_051827.1	5555519	5557519	0.8316130595207214
2000	NC_051813.1	53729709	53731709	0.939452621370554
2000	NC_051840.1	1915688	1917688	0.9173791933059693
2000	NC_051813.1	52641458	52643458	1.1614464856684208
2000	NC_051810.1	77428038	77430038	1.0061077151596547
2000	NC_051818.1	54497502	54499502	0.9387346282899379
2000	NC_051828.1	23472602	23474602	0.9229402400553226
2000	NC_051812.1	62251157	62253157	1.6885723447799683
2000	NC_051807.1	18460472	18462472	0.9478289450705052
2000	NC_051823.1	34529996	34531996	0.9240609798431396
2000	NC_051811.1	8219523	8221523	1.2559737247228622
2000	NC_051832.1	24475947	24477947	1.0646928766369819
2000	NC_051814.1	1875276	1877276	1.346501179754734
2000	NC_051829.1	12585740	12587740	0.8996413707733154
2000	NC_051832.1	23660923	23662923	1.0288288860321044
2000	NC_051808.1	84937166	84939166	0.9781967675685883
2000	NC_051838.1	11373098	11375098	1.4764097998738288
2000	NC_051828.1	37365129	37367129	1.7523233652710914
2000	NC_051813.1	34400648	34402648	1.1003793630301952
2000	NC_051820.1	1376389	1378389	0.9100530419498682
2000	NC_051812.1	74019459	74021459	
2000	NC_051841.1	8964282	8966282	0.9291387058198451
2000	NC_051808.1	18307273	18309273	0.9278649089336395
2000	NC_051820.1	57940357	57942357	1.2203290520310401
2000	NC_051835.1	35370373	35372373	1.286279685407877
2000	NC_051825.1	14785892	14787892	0.9735887930393219
2000	NC_051821.1	7974735	7976735	1.0601987640559674
2000	NC_051809.1	17043264	17045264	1.247964195817709
2000	NC_051843.1	56082964	56084964	0.8552843759953975
2000	NC_051825.1	5107749	5109749	1.1108159292936326
2000	NC_051806.1	83652200	83654200	1.1374081037938595
2000	NC_051823.1	4254761	4256761	0.8534621509164572
2000	NC_051821.1	26048834	26050834	0.9944409533292056
2000	NC_051818.1	34978129	34980129	0.976949726164341
2000	NC_051829.1	7964650	7966650	1.043738247683415
2000	NC_051812.1	74670645	74672645	0.7253805242455491
2000	NC_051813.1	21816333	21818333	1.8752967557311058
2000	NC_051831.1	14940008	14942008	0.9345552257299423
2000	NC_051814.1	18182630	18184630	1.1224726535379888
2000	NC_051817.1	43335046	43337046	0.9053702842593193
2000	NC_051824.1	4610847	4612847	1.2481864109039307
2000	NC_051820.1	51414881	51416881	0.9107010075643465
2000	NC_051819.1	29208620	29210620	0.876336884200573
2000	NC_051820.1	16557553	16559553	1.0749261440038682
2000	NC_051811.1	35545066	35547066	0.924990157276392
2000	NC_051815.1	63722743	63724743	1.0843670510471641
2000	NC_051808.1	48568888	48570888	0.8895668021589518
2000	NC_051821.1	15710565	15712565	1.4772750195860862
2000	NC_051840.1	25329837	25331837	1.0845483740866184
2000	NC_051811.1	24356738	24358738	1.0561804056465627
2000	NC_051816.1	60436007	60438007	0.9394976504147052
2000	NC_051835.1	38242689	38244689	1.133915203601122
2000	NC_051808.1	80829009	80831009	0.9341700863540172
2000	NC_051832.1	25691843	25693843	1.1884722506403924
2000	NC_051831.1	40841144	40843144	0.924250365704298
2000	NC_051829.1	25390146	25392146	0.8717997375054237
2000	NC_051823.1	16219287	16221287	1.0513990040421486
2000	NC_051806.1	17361699	17363699	0.8357338595092296
2000	NC_051815.1	53751099	53753099	1.058764926582575
2000	NC_051816.1	4552225	4554225	1.0707449056208134
2000	NC_051834.1	24148855	24150855	1.0888312062621117
2000	NC_051805.1	104111549	104113549	0.9359101094324378
2000	NC_051806.1	75081960	75083960	3.747173183262348
2000	NC_051819.1	43674396	43676396	1.0038648692965508
2000	NC_051808.1	10566934	10568934	1.0041688560247422
2000	NC_051810.1	63045723	63047723	1.075478060156107
2000	NC_051806.1	22243930	22245930	1.063663065135479
2000	NC_051824.1	44141819	44143819	1.145669548034668
2000	NC_051816.1	24438125	24440125	0.9900978371500969
2000	NC_051840.1	21518282	21520282	0.999799673140049
2000	NC_051805.1	23088460	23090460	0.9746914235502482
2000	NC_051810.1	49126069	49128069	1.080882112145424
2000	NC_051818.1	41216980	41218980	1.2681546103954315
2000	NC_051815.1	32027258	32029258	0.9488682437837124
2000	NC_051809.1	15019099	15021099	1.1327579837143422
2000	NC_051815.1	60631652	60633652	0.9196614548712969
2000	NC_051838.1	9888423	9890423	1.245355890750885
2000	NC_051835.1	14015402	14017402	0.7595216334816338
2000	NC_051821.1	15393627	15395627	1.603775998532772
2000	NC_051828.1	18832778	18834778	0.9434255498051644
2000	NC_051832.1	12947131	12949131	1.456918295353651
2000	NC_051817.1	30909238	30911238	1.0794096458554268
2000	NC_051822.1	28379806	28381806	0.9177768235504628
2000	NC_051817.1	37471099	37473099	1.1631162490844726
2000	NC_051830.1	24906844	24908844	1.0552603967431224
2000	NC_051818.1	24399422	24401422	0.8999807126224041
2000	NC_051824.1	52163775	52165775	0.9775886040180921
2000	NC_051811.1	79971721	79973721	1.3097065008878708
2000	NC_051810.1	58863737	58865737	0.9650215928256511
2000	NC_051827.1	9424716	9426716	1.0362577509582043
2000	NC_051817.1	40807407	40809407	0.981467443883419
2000	NC_051810.1	30414732	30416732	1.0356720357239246
2000	NC_051838.1	31662733	31664733	0.8423632691204548
2000	NC_051824.1	26100437	26102437	0.9965539829134941
2000	NC_051807.1	49988752	49990752	1.025258611857891
2000	NC_051806.1	9305673	9307673	
2000	NC_051815.1	9882237	9884237	
2000	NC_051811.1	38321525	38323525	1.252708949148655
2000	NC_051814.1	28420704	28422704	1.1706496776342392
2000	NC_051814.1	440449	442449	1.1303665172457695
2000	NC_051807.1	86355873	86357873	1.1387729771137238
2000	NC_051805.1	15831339	15833339	0.9637092438936233
2000	NC_051827.1	44625862	44627862	0.8999870526343584
2000	NC_051824.1	54847456	54849456	1.2158019383251668
2000	NC_051807.1	59919738	59921738	1.2856794634461404
2000	NC_051843.1	125752400	125754400	0.9447921730577946
2000	NC_051818.1	18319785	18321785	0.9199678772687911
2000	NC_051829.1	5602619	5604619	0.8876250213831663
2000	NC_051843.1	23359021	23361021	0.840082003518939
2000	NC_051824.1	45861094	45863094	1.3853358410298824
2000	NC_051824.1	39999277	40001277	1.2285761748552322
2000	NC_051806.1	84282666	84284666	1.2413128052651883
2000	NC_051808.1	26652025	26654025	0.9647754952311516
2000	NC_051808.1	73946925	73948925	1.1343712516129016
2000	NC_051815.1	45586697	45588697	0.950321020513773
2000	NC_051811.1	22811982	22813982	1.080153171390295
2000	NC_051805.1	24747670	24749670	1.0426820267736912
2000	NC_051816.1	41616803	41618803	0.9413373639583588
2000	NC_051821.1	17702523	17704523	1.0686427989900111
2000	NC_051842.1	7338662	7340662	0.9723261893689632
2000	NC_051823.1	29888387	29890387	1.158043501727283
2000	NC_051814.1	67629567	67631567	0.8803479916751384
2000	NC_051805.1	572916	574916	1.468414545238018
2000	NC_051834.1	31573210	31575210	0.9690422339737416
2000	NC_051806.1	14687151	14689151	1.0961384874880313
2000	NC_051826.1	38838543	38840543	0.9737687481641769
2000	NC_051808.1	65762696	65764696	0.9819508540332318
2000	NC_051811.1	44775182	44777182	1.1615753861367701
2000	NC_051805.1	86950532	86952532	0.880002808213234
2000	NC_051819.1	56521390	56523390	1.0550252379477023
2000	NC_051832.1	38942398	38944398	0.9054192641079426
2000	NC_051843.1	91856297	91858297	1.020459519714117
2000	NC_051817.1	26064570	26066570	1.1790722443163395
2000	NC_051812.1	32176828	32178828	1.0434748701155185
2000	NC_051824.1	3635430	3637430	1.1611098977923393
2000	NC_051829.1	25248198	25250198	0.9746224366128444
2000	NC_051814.1	4617350	4619350	1.0629271171987056
2000	NC_051836.1	5105788	5107788	0.9238741331100464
2000	NC_051834.1	22308010	22310010	0.9203435363648813
2000	NC_051827.1	18701614	18703614	1.0771348616182803
2000	NC_051819.1	22598534	22600534	0.8236793903593774
2000	NC_051815.1	57483336	57485336	0.9477187564373016
2000	NC_051821.1	9180288	9182288	1.0610611484348773
2000	NC_051809.1	5178669	5180669	1.0034839940965177
2000	NC_051832.1	8999098	9001098	0.8871402159631252
2000	NC_051805.1	47051579	47053579	1.3043098694980144
2000	NC_051809.1	81122424	81124424	0.9432721925228834
2000	NC_051828.1	20101212	20103212	0.5882218970718055
2000	NC_051815.1	37945807	37947807	0.861824339530136
2000	NC_051836.1	29078439	29080439	0.7937800634888154
2000	NC_051814.1	23717180	23719180	1.1771564981341363
2000	NC_051807.1	74329468	74331468	0.9912590990960598
2000	NC_051816.1	25637536	25639536	0.9726194721460343
2000	NC_051806.1	8408494	8410494	0.6379314126319523
2000	NC_051806.1	43552706	43554706	0.9014008373618126
2000	NC_051835.1	4139478	4141478	0.9040047523379325
2000	NC_051821.1	7788783	7790783	1.647537680953741
2000	NC_051821.1	62025077	62027077	1.0850236665308475
2000	NC_051824.1	43284636	43286636	1.1931257759349447
2000	NC_051821.1	12078081	12080081	1.1986315974593162
2000	NC_051815.1	62808006	62810006	0.8433943117856979
2000	NC_051841.1	28809676	28811676	1.1902239572703839
2000	NC_051809.1	76629027	76631027	0.7767465481849817
2000	NC_051825.1	32332827	32334827	0.8999527158737183
2000	NC_051822.1	43252420	43254420	0.9587406794726848
2000	NC_051826.1	7721494	7723494	1.1137394301593304
2000	NC_051833.1	5339364	5341364	1.0151628714203835
2000	NC_051820.1	21410647	21412647	1.4686879266500472
2000	NC_051807.1	55086050	55088050	0.9847144566476345
2000	NC_051807.1	86431420	86433420	1.1223360683023929
2000	NC_051810.1	9476293	9478293	1.0962029374837876
2000	NC_051834.1	12062381	12064381	1.098937379926443
2000	NC_051828.1	40199941	40201941	1.1751049247533083
2000	NC_051809.1	628293	630293	1.3327226551473141
2000	NC_051830.1	34380157	34382157	0.9354155499637127
2000	NC_051805.1	49797614	49799614	0.9398855123817921
2000	NC_051843.1	20143990	20145990	0.971320488601923
2000	NC_051820.1	9379346	9381346	0.9092694886177778
2000	NC_051811.1	13879364	13881364	1.747988455325365
2000	NC_051831.1	34105598	34107598	1.0615025182664395
2000	NC_051816.1	16912877	16914877	0.9647261577248574
2000	NC_051840.1	20453543	20455543	1.0575970023572445
2000	NC_051833.1	19760434	19762434	1.0048258681595326
2000	NC_051817.1	26568090	26570090	0.8436185584962368
2000	NC_051838.1	29713390	29715390	0.8748727480322123
2000	NC_051805.1	4238576	4240576	0.9935052278041839
2000	NC_051810.1	30154637	30156637	1.0623210326880217
2000	NC_051808.1	73663015	73665015	0.9624114333093167
2000	NC_051812.1	6744119	6746119	0.9263908183574676
2000	NC_051809.1	56346567	56348567	1.2420428921878337
2000	NC_051813.1	4977564	4979564	1.3206767644286155
2000	NC_051810.1	36543474	36545474	1.0618410654962063
2000	NC_051843.1	7153274	7155274	0.9427627745568752
2000	NC_051836.1	6377946	6379946	0.8748842131048441
2000	NC_051818.1	32802731	32804731	1.1738884229958058
2000	NC_051807.1	11991488	11993488	0.9038892479486104
2000	NC_051819.1	61063083	61065083	0.9614300835430623
2000	NC_051810.1	27668672	27670672	1.1346517804265022
2000	NC_051843.1	82405555	82407555	0.8497662905603647
2000	NC_051841.1	14332524	14334524	1.1124280442297458
2000	NC_051808.1	60402832	60404832	1.0559458096921444
2000	NC_051823.1	10138929	10140929	0.934170749142766
2000	NC_051811.1	52085516	52087516	0.9911747263371944
2000	NC_051807.1	17174852	17176852	0.9132689358592033
2000	NC_051806.1	63069883	63071883	1.1258008627593517
2000	NC_051812.1	56682341	56684341	0.826722212523222
2000	NC_051843.1	92694331	92696331	1.1142747196257115
2000	NC_051814.1	12884219	12886219	0.9345992513895035
2000	NC_051815.1	61016963	61018963	0.9362848607301713
2000	NC_051837.1	15828377	15830377	1.0065053361356258
2000	NC_051835.1	17709766	17711766	0.9807221362292766
2000	NC_051816.1	731743	733743	1.1995951753258705
2000	NC_051834.1	5925067	5927067	0.9564331230670213
2000	NC_051821.1	12950	14950	4.449403507368905
2000	NC_051811.1	65817622	65819622	0.9371043420732021
2000	NC_051816.1	30336546	30338546	0.9238246659040451
2000	NC_051816.1	41199868	41201868	0.8961407513618469
2000	NC_051821.1	58395572	58397572	0.90742278444767
2000	NC_051839.1	1657198	1659198	1.1150424815118314
2000	NC_051814.1	51132869	51134869	1.0184093662500382
2000	NC_051819.1	42906835	42908835	1.1798583483695984
2000	NC_051834.1	15755315	15757315	0.9040682174265384
2000	NC_051809.1	79367879	79369879	1.033694022923708
2000	NC_051822.1	53264449	53266449	1.0644044920002382
2000	NC_051824.1	35879860	35881860	0.8772068526595831
2000	NC_051821.1	33834754	33836754	0.9590741533637047
2000	NC_051826.1	23923442	23925442	0.9169683631062507
2000	NC_051810.1	51267105	51269105	1.0092238149046897
2000	NC_051823.1	2970093	2972093	1.0103762645572425
2000	NC_051825.1	18489767	18491767	0.9619666841179132
2000	NC_051821.1	2789237	2791237	1.0129729844629765
2000	NC_051829.1	9332396	9334396	1.1685208931565285
2000	NC_051818.1	44220139	44222139	1.0228689201176167
2000	NC_051826.1	34247266	34249266	0.924424900650978
2000	NC_051826.1	19787227	19789227	0.9316659752130508
2000	NC_051810.1	58615795	58617795	0.9624863643199205
2000	NC_051807.1	35057702	35059702	0.9441102998256683
2000	NC_051810.1	52374127	52376127	0.9740267321765422
2000	NC_051807.1	58083749	58085749	1.2500406790971756
2000	NC_051813.1	8136763	8138763	1.5745256592035293
2000	NC_051843.1	10077248	10079248	0.953751334130764
2000	NC_051812.1	11835180	11837180	0.9739494062960148
2000	NC_051840.1	5058659	5060659	1.0098356463611127
2000	NC_051810.1	75394439	75396439	1.0741528719961644
2000	NC_051838.1	23408266	23410266	0.9512595221102238
2000	NC_051831.1	6424510	6426510	0.8025180179190327
2000	NC_051805.1	61849449	61851449	0.8967170873880387
2000	NC_051811.1	32951419	32953419	0.9506439300328493
2000	NC_051828.1	3457589	3459589	1.0335314716100692
2000	NC_051818.1	980083	982083	0.8603267879858613
2000	NC_051827.1	9236835	9238835	1.6681545275449752
2000	NC_051839.1	1258241	1260241	1.0323991442024707
2000	NC_051815.1	47337048	47339048	0.9634993795454502
2000	NC_051810.1	12934724	12936724	1.106344548791647
2000	NC_051814.1	46958632	46960632	0.9601579249426723
2000	NC_051820.1	12303067	12305067	0.9685458810031414
2000	NC_051825.1	39395940	39397940	1.0279649080336093
2000	NC_051817.1	27754817	27756817	1.4388843449652196
2000	NC_051832.1	29450173	29452173	1.0666360638737677
2000	NC_051824.1	17728217	17730217	1.0515883690565824
2000	NC_051838.1	28804701	28806701	0.9287043601274491
2000	NC_051824.1	13045969	13047969	0.8821697354018688
2000	NC_051843.1	77467886	77469886	0.33701901934867684
2000	NC_051843.1	67319822	67321822	0.8737743097245694
2000	NC_051813.1	20699127	20701127	0.9223568416535854
2000	NC_051813.1	34986387	34988387	0.9910590837895871
2000	NC_051805.1	55488613	55490613	1.3273039720058442
2000	NC_051811.1	80819308	80821308	0.8601486056346398
2000	NC_051843.1	84353610	84355610	0.8461961907148361
2000	NC_051839.1	17592880	17594880	0.9547841586172581
2000	NC_051843.1	121025905	121027905	1.0537891349196433
2000	NC_051844.1	2234762	2236762	0.8092000689357519
2000	NC_051831.1	27315921	27317921	0.9619601998925209
2000	NC_051826.1	32531492	32533492	0.9532259529531002
2000	NC_051809.1	24672591	24674591	1.2223584340810776
2000	NC_051811.1	894055	896055	1.4562971115112304
2000	NC_051817.1	21735687	21737687	1.126017931431532
2000	NC_051820.1	14143642	14145642	1.1153885202109814
2000	NC_051826.1	49846782	49848782	0.8737291125059128
2000	NC_051838.1	27715075	27717075	0.9316517807543278
2000	NC_051843.1	11563650	11565650	1.048641274869442
2000	NC_051824.1	52457003	52459003	1.7015738177597524
2000	NC_051810.1	636023	638023	1.074866568684578
2000	NC_051809.1	84506246	84508246	1.0134167360961437
2000	NC_051808.1	50425593	50427593	1.0494611036479473
2000	NC_051822.1	18063790	18065790	0.9022148638218641
2000	NC_051827.1	25350361	25352361	0.9313740347325802
2000	NC_051831.1	614743	616743	1.0505658321380615
2000	NC_051809.1	702461	704461	1.4205825429856778
2000	NC_051813.1	18382147	18384147	0.9213886284381151
2000	NC_051814.1	30086678	30088678	1.0368910403251648
2000	NC_051805.1	93762404	93764404	1.2644422229528427
2000	NC_051809.1	78073057	78075057	0.9558879616260528
2000	NC_051831.1	1032193	1034193	1.1884084770679473
2000	NC_051843.1	27903700	27905700	0.8327527630787629
2000	NC_051823.1	36448714	36450714	1.026308764964342
2000	NC_051839.1	11206840	11208840	0.9683190237730741
2000	NC_051806.1	21973416	21975416	1.0465410816669465
2000	NC_051820.1	42644790	42646790	0.9497011902928353
2000	NC_051818.1	15891962	15893962	1.0382049421966075
2000	NC_051818.1	18091606	18093606	1.0784481145441531
2000	NC_051819.1	20787388	20789388	0.8364310254454612
2000	NC_051815.1	74452400	74454400	1.1219812206923963
2000	NC_051837.1	3577998	3579998	0.9554216737449169
2000	NC_051828.1	10216433	10218433	1.003710745215416
2000	NC_051807.1	3836281	3838281	0.9786294204890728
2000	NC_051807.1	13183012	13185012	0.9484358822405339
2000	NC_051806.1	5321417	5323417	0.9232690751850605
2000	NC_051808.1	81431704	81433704	0.8542613763511181
2000	NC_051834.1	34264865	34266865	1.3079092939198018
2000	NC_051832.1	9275399	9277399	1.0684334120452403
2000	NC_051829.1	31927242	31929242	0.9713039316534996
2000	NC_051829.1	45878782	45880782	1.1262746862471105
2000	NC_051829.1	46190022	46192022	1.038384761095047
2000	NC_051829.1	6946365	6948365	0.9760965311527252
2000	NC_051821.1	52642831	52644831	1.0080209386348724
2000	NC_051810.1	22064738	22066738	0.9460443987548351
2000	NC_051816.1	6213474	6215474	1.1944938698410987
2000	NC_051807.1	56352880	56354880	1.055177866369486
2000	NC_051805.1	20877208	20879208	1.0207092004567384
2000	NC_051812.1	30696846	30698846	0.9734477086365223
2000	NC_051815.1	73273003	73275003	1.0114138292968273
2000	NC_051811.1	72690936	72692936	0.9887738541066646
2000	NC_051812.1	30363012	30365012	0.9590531198382377
2000	NC_051826.1	35852857	35854857	0.9496966946721077
2000	NC_051805.1	78237327	78239327	0.7224412349315223
2000	NC_051820.1	42881124	42883124	0.924848295390606
2000	NC_051826.1	2248180	2250180	1.0519390805065632
2000	NC_051842.1	15681394	15683394	2.15620199357407
2000	NC_051810.1	71025606	71027606	1.009667242795229
2000	NC_051829.1	9853402	9855402	0.9037449172735215
2000	NC_051836.1	30946808	30948808	1.1443303171098231
2000	NC_051811.1	28170663	28172663	0.8677987944185733
2000	NC_051810.1	35285119	35287119	0.9708088098764419
2000	NC_051805.1	40817426	40819426	1.1432206258773803
2000	NC_051817.1	42200056	42202056	1.0229428930282594
2000	NC_051811.1	78147718	78149718	0.9897646704912185
2000	NC_051819.1	55229992	55231992	0.8604680903851986
2000	NC_051843.1	92567695	92569695	0.9023330750316382
2000	NC_051837.1	25107462	25109462	0.9894289278239011
2000	NC_051831.1	38154752	38156752	1.0286594706177712
2000	NC_051806.1	9129223	9131223	0.962646217763424
2000	NC_051840.1	935397	937397	0.9556375806331634
2000	NC_051816.1	10156843	10158843	0.8499217637777329
2000	NC_051824.1	53325188	53327188	0.886559589125216
2000	NC_051810.1	16584473	16586473	1.3354509794712066
2000	NC_051818.1	6550697	6552697	1.0041310704648494
2000	NC_051826.1	22413382	22415382	1.003073848605156
2000	NC_051806.1	3767097	3769097	0.9185328100025654
2000	NC_051809.1	43778801	43780801	1.0121271384060382
2000	NC_051824.1	27749914	27751914	0.9341549845933914
2000	NC_051809.1	10409387	10411387	0.8957937776148319
2000	NC_051833.1	13120065	13122065	1.0372199702262879
2000	NC_051829.1	12214338	12216338	1.0052070813477039
2000	NC_051812.1	48148415	48150415	0.9327296289801598
2000	NC_051812.1	17687823	17689823	1.0222457858920098
2000	NC_051838.1	39959608	39961608	0.9591038230061532
2000	NC_051811.1	32185293	32187293	0.9887192676663399
2000	NC_051821.1	39309671	39311671	0.9103576064631342
2000	NC_051832.1	16143031	16145031	1.0174762345254422
2000	NC_051843.1	20226948	20228948	0.9533893871903419
2000	NC_051818.1	32142664	32144664	0.8794923097491264
2000	NC_051814.1	2134823	2136823	0.9176401425302029
2000	NC_051819.1	63460323	63462323	0.9802216887772083
2000	NC_051809.1	34952038	34954038	0.9744228682816028
2000	NC_051843.1	123155958	123157958	1.0716143591063363
2000	NC_051817.1	57707384	57709384	0.93043066175282
2000	NC_051827.1	18551672	18553672	1.0376672669053078
2000	NC_051834.1	6583114	6585114	0.9431382649242878
2000	NC_051814.1	35076222	35078222	0.926936878234148
2000	NC_051812.1	22664183	22666183	0.5781195195554529
2000	NC_051807.1	30330648	30332648	1.0772747800052167
2000	NC_051831.1	9587632	9589632	0.9672014673352242
2000	NC_051816.1	7714056	7716056	1.0402617213726044
2000	NC_051835.1	4643149	4645149	0.8508427081555128
2000	NC_051812.1	30412413	30414413	1.0225626572072506
2000	NC_051843.1	119108787	119110787	1.1291501558125019
2000	NC_051838.1	5347975	5349975	1.1163346886634826
2000	NC_051806.1	11710068	11712068	0.9261677529215813
2000	NC_051825.1	21560893	21562893	1.0040400969088077
2000	NC_051815.1	19721280	19723280	0.987332103997469
2000	NC_051810.1	41841600	41843600	1.383030040562153
2000	NC_051822.1	26958973	26960973	0.9641197631284595
2000	NC_051832.1	5632656	5634656	0.8741166006177664
2000	NC_051823.1	2160185	2162185	1.100952155292034
2000	NC_051806.1	41535710	41537710	0.8861660847067833
2000	NC_051819.1	27831771	27833771	0.8805242403745651
2000	NC_051811.1	45670231	45672231	1.036431655794382
2000	NC_051827.1	10504215	10506215	0.9412921538949013
2000	NC_051810.1	6008114	6010114	1.1263890542685986
2000	NC_051829.1	27622525	27624525	0.5155626026595511
2000	NC_051811.1	11930513	11932513	1.0737617778778077
2000	NC_051825.1	43256685	43258685	1.0428100894391537
2000	NC_051805.1	89874884	89876884	1.4719264125823974
2000	NC_051807.1	23546760	23548760	0.8985450948774815
2000	NC_051823.1	24653927	24655927	1.0249044320881366
2000	NC_051818.1	21331148	21333148	0.8704892866611481
2000	NC_051830.1	26317858	26319858	
2000	NC_051843.1	44458509	44460509	0.8625161522179842
2000	NC_051808.1	72500448	72502448	0.978408549696207
2000	NC_051808.1	23504972	23506972	0.9602168129980564
2000	NC_051816.1	44638107	44640107	0.9146646192967892
2000	NC_051814.1	61392961	61394961	1.0510827468335628
2000	NC_051808.1	9156866	9158866	1.3183332088589668
2000	NC_051843.1	66409716	66411716	0.8064984784573317
2000	NC_051809.1	15468817	15470817	1.190253874272108
2000	NC_051834.1	31436185	31438185	1.0727464117109775
2000	NC_051816.1	18659323	18661323	1.008163423806429
2000	NC_051817.1	39673148	39675148	1.0405888106524945
2000	NC_051811.1	42265069	42267069	1.1480309099555015
2000	NC_051807.1	39572902	39574902	1.0333842335045338
2000	NC_051828.1	44879005	44881005	1.0135708573460578
2000	NC_051813.1	51410211	51412211	1.5356256913244724
2000	NC_051822.1	52546354	52548354	1.1770442112088204
2000	NC_051807.1	21559225	21561225	0.9624694712460041
2000	NC_051826.1	9107553	9109553	0.9416365267932415
2000	NC_051832.1	5613772	5615772	0.6988596703855167
2000	NC_051812.1	21405257	21407257	0.9126442287266254
2000	NC_051815.1	61829968	61831968	0.8022497020363808
2000	NC_051815.1	26949031	26951031	1.0773145406842233
2000	NC_051820.1	46549932	46551932	0.9040381998717785
2000	NC_051809.1	11496339	11498339	2.115801773071289
2000	NC_051814.1	59833895	59835895	0.9994376251101493
2000	NC_051807.1	4233527	4235527	1.0724239725768565
2000	NC_051822.1	23662725	23664725	0.9679132267832756
2000	NC_051824.1	50704306	50706306	1.1863801873773336
2000	NC_051821.1	54706868	54708868	1.2879854274094105
2000	NC_051810.1	76313039	76315039	1.068922203809023
2000	NC_051807.1	24300491	24302491	1.0059273332953453
2000	NC_051829.1	26183683	26185683	1.0021333758242719
2000	NC_051824.1	6239370	6241370	1.0245825131237507
2000	NC_051823.1	5572443	5574443	0.9444903666973115
2000	NC_051806.1	67699261	67701261	0.9907916799783707
2000	NC_051809.1	88353406	88355406	0.9360235624909401
2000	NC_051822.1	51737188	51739188	1.234126034349203
2000	NC_051818.1	9517176	9519176	0.7530146457254887
2000	NC_051839.1	20142599	20144599	1.0253076231777667
2000	NC_051811.1	71779370	71781370	0.9964576461911201
2000	NC_051807.1	83718453	83720453	0.9535983297526837
2000	NC_051843.1	62102758	62104758	0.8648238847851754
2000	NC_051811.1	13359172	13361172	0.9496720668557402
2000	NC_051807.1	59571982	59573982	1.2971270091235638
2000	NC_051843.1	102121260	102123260	0.9772143302857876
2000	NC_051812.1	8440373	8442373	1.0018030658364296
2000	NC_051812.1	24505075	24507075	0.8127767164985855
2000	NC_051808.1	28216636	28218636	1.2017951820492745
2000	NC_051806.1	67866519	67868519	0.9929850309193134
