chrom	start	end	length	orientation	left_gene	right_gene	hard_veto	veto_tad_boundary	veto_atac_peak	veto_risk_gene	veto_low_mappability	veto_mirna_nearby	veto_risk_gene_radius	veto_gene_dense_neighborhood	veto_lncrna_smallrna	veto_tad_risk_gene	veto_high_repeat_content	pct_repeat	veto_ultraconserved_element	max_50bp_rolling_phyloP	veto_external_regulatory_element	no_rrbs_coverage	atac_mean	atac_variability	rrbs_mean	rrbs_variability	tad_boundary_distance	mirna_distance	risk_gene_radius_distance	gene_dense_clearance	score_stability_atac	score_moderate_atac	score_low_methylation	score_stability_rrbs	score_tad_distance	final_score
NC_051805.1	5377330	5428711	51381	convergent	LOC111090571	LOC111090572	True	False	False	False	False	False	False	True	False	False	False		False		True	False	0.08819989254906906	0.04724774868303338	10.33834705603718	0.5137347636648217	178020	12071148	660814	12788						
NC_051805.1	7072137	7132579	60442	convergent	LOC111090579	LOC100685067	False	False	False	False	False	False	False	False	False	False	False	31.25	False	4.15556	False	False	0.08765556595025235	0.046515098357025615	4.14576126789335	0.4269547934638199	447642	10371810	812616	120385	0.4765	0.8737	0.9	0.6076	0.9643	0.7644
NC_051805.1	12686627	12749345	62718	convergent	LOC111093764	LOC607190	False	False	False	False	False	False	False	False	False	False	False	37.17	False	4.39912	False	False	0.08302736495846887	0.04423017092810597	8.893172120273194	0.6203617824074517	232014	4756182	704919	65011	0.5244	0.6941	0.8864	0.6053	0.85	0.712
NC_051805.1	15464961	15523285	58324	convergent	LOC111090610	LOC100688146	True	False	False	False	False	False	False	True	False	False	False		False		False	False	0.08890558041761111	0.047228715498998236	6.984528047361349	0.4619753946232288	344123	1980045	846396	14232						
NC_051805.1	16284172	16340519	56347	convergent	LOC119869864	PMAIP1	True	False	True	True	False	False	True	False	False	True	False		False		True	False	0.11549381804994731	0.06739933788996776	14.728572679036953	1.1839522621766223	37345	1161823	28174	92123						
NC_051805.1	23540619	23593624	53005	convergent	LOC119870725	LOC119870724	True	False	True	False	False	False	True	True	False	False	False		False		False	False	0.09737499418061653	0.0540974548936876	13.967244010779254	0.9878985017404335	157879	6092931	200280	7937						
NC_051805.1	26121059	26180255	59196	convergent	LOC111095273	LOC476208	True	False	False	False	False	False	True	True	False	True	False		False		False	False	0.08682062277523335	0.045823071667422374	6.716701819387801	0.5748126687147135	50657	8676467	160573	22847						
NC_051805.1	29601219	29667821	66602	convergent	LOC100856045	IL20RA	True	False	False	False	False	False	False	True	False	False	False		False		True	False	0.09062213150306757	0.04876706749178447	9.173142309905593	0.9442532692647062	40480	12160330	596972	10367						
NC_051805.1	30822469	30875140	52671	convergent	ARFGEF3	LOC111095460	True	False	False	False	False	False	False	True	False	False	False		False		True	False	0.08897913134894804	0.04708364724905071	8.798948199427258	0.6779366702127256	248804	13374614	418211	4644						
NC_051805.1	32197089	32249732	52643	convergent	LOC119870654	LOC111090654	True	False	False	False	False	False	False	False	False	False	False	27.97	True	6.91712	True	False	0.09056535564057155	0.048928704610129305	5.868042018262537	0.27984302287361734	26590	12405452	1792817	282559						
NC_051805.1	48451052	48513492	62440	convergent	LOC111095873	RSPH3	True	False	False	False	False	False	True	True	False	True	False		False		True	False	0.10753260663217926	0.06041948449263556	13.218801351912632	1.0124994498664828	42728	733093	84534	12483						
NC_051805.1	54446758	54504939	58181	convergent	LOC119869870	PRR18	True	True	True	False	False	False	True	True	False	True	False		False		True	False	0.1120963887266447	0.06475693189057563	26.452877395261982	3.2075670314578724	25848	5260460	116958	3885						
NC_051805.1	55288363	55358132	69769	convergent	LOC102153253	LOC111090695	True	True	False	False	False	False	True	True	False	True	False		False		True	False	0.10056868146738175	0.055087149732411	25.303356306149496	3.087079186157836	23247	6107859	256635	12490						
NC_051805.1	55810634	55864353	53719	convergent	LOC119870159	LOC111090696	True	False	False	False	False	False	True	True	False	True	False		False		True	False	0.10501861217667603	0.058606503323258945	32.9351951213543	4.335472496789846	37493	6622105	72862	1595						
NC_051805.1	60400908	60462010	61102	convergent	LOC119869937	LOC111089986	False	False	False	False	False	False	False	False	False	False	False	38.17	False	5.4602200000000005	False	False	0.08413960061873157	0.044044929464374556	5.340901835565487	0.4406021417051017	343541	11216071	698716	70594	0.5284	0.7366	0.8958	0.6076	0.9313	0.7399
NC_051805.1	65127836	65201393	73557	convergent	TRMT11	LOC100682630	True	False	False	False	False	False	False	True	False	True	False		False		True	False	0.09626934076527684	0.05277404778549448	19.87715167004114	1.3688389304174995	39614	6817352	884788	4557						
NC_051805.1	68528776	68579924	51148	convergent	LOC111090714	TMEM244	True	False	False	False	False	False	False	True	False	False	False		False		True	False	0.09404410448340288	0.05101948739506649	26.259881156001946	2.1699366939405493	29350	3427616	1197047	46339						
NC_051805.1	71035668	71094862	59194	convergent	LOC111096339	ERCC6L2	True	False	False	False	False	False	False	True	False	False	False		False		True	False	0.10060694425251934	0.055429812585983555	15.482077524135686	1.8873498517103515	140265	916701	477694	35792						
NC_051805.1	75730614	75782632	52018	convergent	LOC100684008	RMI1	True	True	False	False	False	True	True	True	False	True	False		False		False	False	0.0879124140799636	0.04669476655193872	7.856985049702597	0.40212140511655675	6623	54435	44011	2984						
NC_051805.1	76492055	76558248	66193	convergent	FRMD3	LOC111096570	True	False	False	False	False	False	False	True	False	False	False		False		False	False	0.08922216004504546	0.047969596392148026	6.038912255671218	0.6157090176265968	224849	714070	712332	7637						
NC_051805.1	78699957	78766843	66886	convergent	LOC100685388	LOC476315	True	False	False	False	False	False	False	True	False	False	False		False		False	False	0.0848152640490765	0.045546067654946905	5.933631857654928	0.495366442120715	266600	2922319	756588	2947						
NC_051805.1	84616059	84680359	64300	convergent	LOC119869841	LOC100686852	True	False	False	False	False	False	False	True	False	False	False		False		False	False	0.08766671433604524	0.04727623963198432	4.845463004414778	0.3477129842990824	501791	2623158	546039	17725						
NC_051805.1	85740590	85790734	50144	convergent	LOC119869527	LOC102153097	True	False	False	False	False	False	False	False	False	False	False	28.76	False	4.517519999999999	True	False	0.10297693649869134	0.05867084974874349	5.22766136432845	0.14968424735291538	90662	1505705	320906	67378						
NC_051805.1	86132349	86196873	64524	convergent	LOC102153343	C1H9orf85	True	True	False	False	False	False	False	False	False	False	False		False		True	False	0.09296816490638146	0.04992312771652069	10.34179496722425	0.686150056163376	0	1106756	719855	60471						
NC_051805.1	87683331	87744102	60771	convergent	KLF9	SMC5	True	False	True	True	False	False	True	True	False	True	False		False		True	False	0.09578716507308509	0.050982011928233664	10.780233783676708	0.6578374626817871	136284	442327	30385	23373						
NC_051805.1	91186888	91251253	64365	convergent	LOC119869582	LOC111096818	True	False	False	False	False	False	True	True	False	True	False		False		True	False	0.09490590850243635	0.05175306262231051	12.156772211435108	0.9723280022722873	205930	2530495	37266	5083						
NC_051805.1	97204375	97272513	68138	convergent	LOC102156616	LOC111090790	True	False	False	False	False	False	False	True	False	False	False		False		True	False	0.1102470878014838	0.06382992692901228	36.62922001039654	4.01372416739855	111556	1280871	302059	24923						
NC_051805.1	102569417	102626167	56750	convergent	LOC119870888	LOC119871020	True	False	False	False	False	False	True	True	False	False	False		False		False	False	0.0803369060584977	0.04074948006308201	9.225042521585035	1.1710635732856358	97792	1463935	129894	41312						
NC_051805.1	118762948	118834530	71582	convergent	LOC100685960	LOC111098307	True	True	False	False	False	False	False	True	False	False	False		False		False	False	0.09181680750559534	0.04887964840517533	10.837489624724011	0.6760723787138158	0	4248827	647951	3974						
NC_051805.1	120003827	120058858	55031	convergent	LOC102152107	DPY19L3	True	False	False	False	False	False	False	True	False	False	False		False		True	False	0.09795790994084218	0.05328370886923792	31.344023664637458	3.0245393254702173	31342	3016224	582029	15969						
NC_051806.1	2276949	2331192	54243	convergent	CUL2	LOC111094492	True	True	False	False	False	False	False	True	False	False	False		False		True	False	0.09296083015174796	0.050246011346769245	11.733693657726937	0.8520148979933132	4070	40699965	1406095	22196						
NC_051806.1	5490645	5562196	71551	convergent	LOC119870094	GAD2	True	True	False	False	False	False	True	True	False	False	False		False		False	False	0.08994254606683998	0.048628786560994314	9.30859470689086	0.5984065669772328	0	37477615	277071	43261						
NC_051806.1	9925163	9998285	73122	convergent	LOC119869979	LOC106560013	True	True	False	False	False	False	False	True	False	False	False		False		True	False	0.03818435965827341	0.013088478537915813	7.065516792221078	0.46990865662699327	13276	33042311	933384	38794						
NC_051806.1	13354030	13405141	51111	convergent	LOC111091364	LOC106560015	True	False	False	False	False	False	True	True	False	False	False		False		True	False	0.11078258675477906	0.06167148057183501	18.368922191317644	1.6465075981570525	54585	29624450	156901	2688						
NC_051806.1	17055808	17110317	54509	convergent	PTCHD3	ANKRD26	False	False	False	False	False	False	False	False	False	False	False	32.01	False	1.74708	False	False	0.08762083782661122	0.046023382130284424	10.769881034028343	1.2778463715229356	66938	25920973	2101216	56866	0.4867	0.8723	0.8824	0.5898	0.4266	0.6516
NC_051806.1	23362298	23415104	52806	convergent	BEND7	LOC119869987	True	False	False	False	False	False	True	True	False	False	False		False		True	False	0.09771735154805399	0.05253349474802643	29.129815123729664	2.5655444012781845	36299	19615334	286259	35958						
NC_051806.1	25264511	25315271	50760	convergent	USP6NL	LOC119869990	True	True	False	False	False	False	True	True	False	False	False		False		True	False	0.10497996899922407	0.05793825292224439	34.375347289778944	3.3496604546911515	0	17714144	84179	30775						
NC_051806.1	29613097	29682625	69528	convergent	LOC111091644	LOC111091655	True	False	False	False	False	False	False	True	False	False	False		False		False	False	0.09308481197742062	0.04974410112514159	9.238473519631762	0.4116555952399398	97861	13356174	561955	6493						
NC_051806.1	31421264	31473494	52230	convergent	LOC111091701	LOC119870074	True	False	False	False	False	False	False	True	False	True	False		False		True	False	0.09062806387502709	0.04900579558103769	13.282307652231673	0.9399720725945662	322379	11556656	375809	28409						
NC_051806.1	37763146	37815322	52176	convergent	LOC102153902	LOC111094200	True	False	False	False	False	False	True	False	False	True	False		False		True	False	0.09682376007175814	0.05146095766422681	10.114498651728436	0.7370547258144203	135766	5214801	119627	52283						
NC_051806.1	38503041	38573083	70042	convergent	ARHGAP26	NR3C1	True	True	False	True	False	False	True	False	False	True	False		False		True	False	0.08820417901362969	0.046703784990143646	13.282660531577287	1.0283057865011898	11938	4465973	35021	132269						
NC_051806.1	39071176	39129828	58652	convergent	LOC119879638	LOC111092064	True	True	False	False	False	False	False	True	False	False	False		False		False	False	0.09478575288290764	0.051209089683347246	8.92226295734588	0.837957465229727	0	3903533	408039	14974						
NC_051806.1	39159547	39230847	71300	convergent	LOC111094604	LOC119870003	True	False	False	False	False	False	False	True	False	False	False		False		True	False	0.09187011088930372	0.04894585114736989	6.721983783413032	0.2431911071445467	70197	3808838	502734	14836						
NC_051806.1	55898984	55971473	72489	convergent	PTCD2	ZNF366	True	False	False	False	False	False	False	True	False	False	False		False		True	False	0.09749388647935603	0.053192308942139784	22.599434305760408	1.888533385328489	139772	2006509	594728	31063						
NC_051806.1	61050066	61110203	60137	convergent	LOC119870018	LOC102154386	True	True	False	False	False	False	True	True	False	False	False		False		False	False	0.10075184376157935	0.05536493318543742	20.009384597500368	2.188821877817609	5134	1086768	38918	8850						
NC_051806.1	62723085	62783656	60571	convergent	RPGRIP1L	LOC119870323	True	True	False	False	False	False	True	True	False	False	False		False		True	False	0.09724473988557919	0.05345788737130896	23.52186021795173	2.5737327160184544	0	2760004	52350	11086						
NC_051806.1	63630965	63704659	73694	convergent	TOX3	LOC100687235	True	True	False	False	False	False	False	True	False	False	False		False		True	False	0.09255808735757395	0.049786820415273256	10.605338141076016	0.9934735739643036	7188	3674446	810677	44696						
NC_051806.1	77425724	77486897	61173	convergent	LOC102153519	LOC119870436	True	True	False	False	False	False	True	True	False	False	False		False		False	False	0.10429697183199511	0.057732529934932504	29.57815792221884	3.9743614905444726	6310	847142	158053	4814						
NC_051806.1	80612441	80666392	53951	convergent	LOC119870059	KLHDC7A	True	True	False	False	False	False	False	True	False	False	False		False		True	False	0.10349848227395651	0.056920375567821174	26.7605571789647	3.423068670896653	0	4030248	871943	13440						
NC_051806.1	84152591	84202660	50069	convergent	LOC119870024	PDPN	True	False	False	False	False	False	True	True	False	True	False		False		True	False	0.09939540639423762	0.05438835429350598	27.208741722824367	3.0571462003063656	47375	959073	26810	1776						
NC_051806.1	84303869	84363723	59854	convergent	LRRC38	C2H1orf158	True	False	False	False	False	False	True	True	False	False	False		False		True	False	0.10361049849601363	0.057018067563975997	41.39879884551625	4.926058766673488	66204	802902	182981	20937						
NC_051807.1	9691905	9747134	55229	convergent	ST8SIA4	LOC106558558	True	False	False	False	False	False	False	True	False	False	False		False		True	False	0.09130733753553372	0.0490902405261038	6.654337006127033	0.20490392035210322	169519	10186984	1457004	1328						
NC_051807.1	10779807	10837318	57511	convergent	LOC100685686	LOC119871165	False	False	False	False	False	False	False	False	False	False	False	38.03	False	4.32784	False	False	0.08782220914927347	0.04672067443600931	6.7251473806090685	0.4302419573337714	216438	9097941	367961	59955	0.4723	0.8802	0.8918	0.6076	0.8308	0.7366
NC_051807.1	21623166	21678171	55005	convergent	LOC119871170	LOC111095350	True	False	False	False	False	False	False	True	False	False	False		False		True	False	0.08710832299933095	0.04642502607433044	6.049090728157113	0.3732461496442044	200668	1744142	565092	9181						
NC_051807.1	22304729	22367018	62289	convergent	LOC111095151	LOC119871362	False	False	False	False	False	False	False	False	False	False	False	32.58	False	4.00506	False	False	0.08590522468387654	0.04474103384437719	3.724814514677668	0.13162193889086796	139127	2429347	1250297	105411	0.5135	0.8052	0.9017	0.608	0.6865	0.703
NC_051807.1	25390804	25445201	54397	convergent	LOC119871164	LOC111095157	True	False	True	False	False	False	True	True	False	True	False		False		True	False	0.09278813066530521	0.05079747323745783	6.790463369363119	0.8968138470687808	268002	5511476	112640	40503						
NC_051807.1	31153307	31211185	57878	convergent	GCNT4	MIR8901	True	False	False	False	False	True	True	True	False	False	False		False		True	False	0.06090296917354064	0.03176867559515119	11.327910709649919	1.1168696079974942	207246	28959	261615	16870						
NC_051807.1	32087727	32156058	68331	convergent	TUBGCP5	LOC100688323	True	False	False	False	False	False	False	True	False	False	False		False		True	False	0.0886261124054157	0.04766685859736266	13.002938653667064	1.1144800283458116	96892	904072	1201261	6828						
NC_051807.1	34846149	34921008	74859	convergent	LOC119871185	LOC106558580	True	False	False	False	False	False	False	True	False	False	False		False		False	False	0.09055791861360375	0.048433084456825086	4.295545241156774	0.6111229469606306	141422	1857590	1919698	449						
NC_051807.1	35803900	35876584	72684	convergent	UBE3A	LOC100685501	True	True	False	False	False	False	False	True	False	False	False		False		False	False	0.08675723851154601	0.04635447118855501	6.104863353942091	0.5168394326734458	0	2416216	963034	29968						
NC_051807.1	44207725	44265967	58242	convergent	LOC119870785	LOC111095367	True	False	False	False	False	False	False	False	False	False	False	27.34	True	7.80566	False	False	0.0905395242051502	0.048424671410875676	5.043392255665144	0.2863463847369635	111846	5980366	311387	102576						
NC_051807.1	50781019	50831091	50072	convergent	AGBL1	LOC102152355	True	False	False	False	False	False	False	False	False	True	False		False		False	False	0.08870763930015405	0.04700655362273631	4.398029731094421	0.26245898392668837	281055	1416138	742330	122480						
NC_051807.1	56269278	56323122	53844	convergent	EFL1	LOC106558624	True	False	False	False	False	False	False	True	False	False	False		False		True	False	0.10545139693562662	0.0591625328784636	31.00616462915851	3.1152421737800933	178800	1218670	852591	3932						
NC_051807.1	60928139	60979861	51722	convergent	LOC119871320	HMX1	True	False	False	False	False	False	False	True	False	False	False		False		True	False	0.10928885425307805	0.062390948175337586	25.14492494354118	4.163380428134758	46000	614422	652918	9581						
NC_051807.1	67665045	67732484	67439	convergent	LOC111095269	LOC111095270	True	True	False	False	False	False	False	True	False	False	False		False		False	False	0.09022241240957334	0.04724680997179645	4.77521610225176	0.3003948364226136	26236	6576141	2858148	29449						
NC_051807.1	72901974	72956918	54944	convergent	RBM47	CHRNA9	True	False	True	True	False	False	True	True	False	True	False		False		True	False	0.09796388861037092	0.05395885301586455	8.931062405550321	0.5694141295939178	245554	1345459	27472	31393						
NC_051807.1	73210443	73261055	50612	convergent	LOC119871251	TRNAK-CUU-6	True	False	False	False	False	False	True	True	False	False	False		False		False	False	0.08302198846860118	0.04315422180040102	9.685407502810529	0.6062696535047787	35749	1039156	192116	0						
NC_051807.1	74470819	74522415	51596	convergent	LOC106558641	LOC111095389	True	False	True	False	False	True	True	True	False	True	False		False		True	False	0.09906311356264587	0.05418443495783291	9.987584683192779	0.49093534528390304	96617	221690	53300	27502						
NC_051807.1	76113264	76180116	66852	convergent	LOC111095297	LOC102153709	True	False	False	False	False	False	False	True	False	False	False		False		False	False	0.08529175473307082	0.04536182202578433	5.156040738079105	0.3695637307475484	53310	1871763	1703373	1875						
NC_051807.1	76613649	76664485	50836	convergent	ARAP2	LOC100688576	True	True	False	False	False	False	False	True	False	False	False		False		False	False	0.08657570522360915	0.04557899190437093	5.912205970680839	0.3060579590122063	14067	2364140	2195750	45500						
NC_051807.1	77813684	77865855	52171	convergent	LOC111095391	LOC111095392	False	False	False	False	False	False	False	False	False	False	False	38.77	False	6.1870400000000005	False	False	0.08349469553299088	0.043841581708071224	3.7188581730072983	0.2294506935723005	214769	3564842	3396452	329130	0.5329	0.7119	0.9017	0.608	0.8283	0.7165
NC_051807.1	81859047	81912809	53762	convergent	LOC119872911	LOC119871343	True	False	False	False	False	False	False	True	False	False	False		False		False	False	0.08543007171243604	0.04599497276744207	4.433914723604472	0.2527344989789137	385928	7611001	3966029	44557						
NC_051807.1	85288823	85342443	53620	convergent	LOC111095403	LOC100686918	True	False	False	False	False	False	False	True	False	False	False		False		False	False	0.10290436263806516	0.05756379991063917	11.80044454449097	0.8586294400618393	159367	4713437	536324	33294						
NC_051808.1	1943254	2003893	60639	convergent	LOC102151881	LOC111095689	True	False	False	False	False	False	False	True	False	False	False		False		False	False	0.08852585003812788	0.048154703373149955	3.814741459316574	0.2492187948000918	476427	6753568	1548021	34553						
NC_051808.1	4984288	5034699	50411	convergent	LOC111095431	LOC111095433	True	False	False	False	False	False	True	True	False	False	False		False		True	False	0.10910213415946036	0.061465252370425966	15.929266797470474	1.3333018419059595	134493	3717648	235220	16052						
NC_051808.1	5485501	5546210	60709	convergent	LOC102155069	SLC35F3	True	True	False	False	False	False	False	True	False	False	False		False		False	False	0.08849308559489624	0.04658496368438765	7.403605297683784	0.5843254498462551	0	3211286	741582	11030						
NC_051808.1	6820779	6870891	50112	convergent	LOC119871610	LOC111095435	True	False	False	False	False	False	False	True	False	False	False		False		True	False	0.08680786397920667	0.0453645523780562	7.192792493730856	0.734939190782095	120835	1881306	1233130	1863						
NC_051808.1	12066504	12128157	61653	convergent	LOC111095700	SLC16A9	True	True	False	False	False	False	True	False	False	False	False		False		False	False	0.09188076476081067	0.04975601416851288	6.967276645928486	0.5156810575673824	0	3347478	131631	69057						
NC_051808.1	13169783	13237184	67401	convergent	CDK1	RHOBTB1	True	True	False	True	False	False	True	True	False	True	False		False		True	False	0.10118477244129831	0.05586039791353174	11.341206241163341	0.7588018395156764	3483	2241325	33700	12954						
NC_051808.1	14781335	14832377	51042	convergent	LOC111095463	LOC119871460	True	False	True	False	False	False	False	True	False	False	False		False		True	False	0.11651806108526161	0.0691851858603975	7.5165940663925666	0.507173689315934	56856	637952	442444	15939						
NC_051808.1	17362530	17419663	57133	convergent	LOC100856460	LOC100686735	True	True	False	False	False	False	False	True	False	False	False		False		False	False	0.08097751136602269	0.04212827490063841	7.111692619681624	0.5973306740839917	8904	1946263	2063595	3957						
NC_051808.1	28998408	29056566	58158	convergent	LOC102155105	LOC111095511	True	False	False	False	False	False	True	True	False	True	False		False		True	False	0.12267887171297275	0.07278027025716718	40.150402365714704	4.944116300104015	172513	5376944	81259	42941						
NC_051808.1	36047237	36120971	73734	convergent	LOC100684047	LOC111095523	True	False	False	False	False	False	True	True	False	False	False		False		True	False	0.09184965206275679	0.048478706308988	8.296811621598769	0.9628235448872355	59104	1234607	125965	20551						
NC_051808.1	37518160	37569466	51306	convergent	THOC3	CPLX2	True	False	False	True	False	True	True	True	False	True	False		False		True	False	0.09941792069597775	0.054250427921709095	8.274663262694181	0.6693918185394051	131187	225082	25653	33818						
NC_051808.1	37795829	37851034	55205	convergent	LOC119871736	SFXN1	True	False	False	False	False	False	False	True	False	False	False		False		False	False	0.10214351268093631	0.05652854816108439	18.55868719850443	1.4628520004112175	51569	504700	305271	3625						
NC_051808.1	42728958	42791035	62077	convergent	LOC119871511	LOC100687995	True	False	False	False	False	False	True	False	False	True	False		False		False	False	0.0874778767900814	0.04671019219510293	3.909098337517226	0.2658881351413899	59996	672371	168565	51435						
NC_051808.1	55513056	55565959	52903	convergent	LOC106558729	LOC119871746	True	True	False	False	False	False	True	True	False	True	False		False		True	False	0.10861482544278629	0.06096883223384341	16.83913096038327	1.6118027748334973	10493	4219046	169920	2382						
NC_051808.1	56109927	56183571	73644	convergent	LOC111095578	GRIA1	True	True	False	False	False	False	False	True	False	False	False		False		True	False	0.09487207249769285	0.051249815175275076	8.779179583293114	1.0492654638892576	0	3611804	777162	12106						
NC_051808.1	61210674	61263506	52832	convergent	CSPG4B	LOC119871643	True	False	False	False	False	False	False	True	False	False	False		False		True	False	0.10234417025900154	0.0571399660916973	10.817713488079427	0.7463389784593155	87090	1219976	1427710	31768						
NC_051808.1	64067111	64119158	52047	convergent	LOC102157144	LOC100687852	True	False	False	False	False	False	False	True	False	False	False		False		False	False	0.08753629729215955	0.047368368993393146	5.341879501218654	0.5664976101703947	368134	4076020	1326175	22185						
NC_051808.1	65949583	66022083	72500	convergent	LOC100687240	MRPS30	True	True	False	False	False	False	False	True	False	False	False		False		True	False	0.09164579150786346	0.049038728643422846	8.03369698845409	0.5395291787224701	0	5968719	1244226	9474						
NC_051808.1	76456036	76509373	53337	convergent	DROSHA	CDH6	True	True	False	False	False	True	False	True	False	False	False		False		False	False	0.09424230276935962	0.05048462494489508	9.99905986821919	0.6234010764690736	0	132659	639037	11687						
NC_051808.1	77033647	77089414	55767	convergent	TMEM125	LOC102156164	True	False	False	False	False	False	False	True	False	False	False		False		False	False	0.08933864807811956	0.04721167262888802	3.590128937827034	0.10035651248581957	561530	711485	1217863	2937						
NC_051808.1	81940968	82004288	63320	convergent	LOC100685641	LOC479379	False	False	False	False	False	False	False	False	False	False	False	34.07	False	4.810820000000001	False	False	0.08614499341766316	0.04644811605121945	8.135159830573892	0.5880011967840432	52372	5622583	5024402	64427	0.478	0.8146	0.8882	0.6059	0.3619	0.6297
NC_051808.1	83742031	83797839	55808	convergent	CDH12	LOC111095663	True	False	False	False	False	False	False	True	False	False	False		False		False	False	0.08758381615885583	0.04691395876571018	11.95171504039886	1.0483348562189132	244935	7419890	3227095	12344						
NC_051808.1	87580819	87638502	57683	convergent	ZNF622	LOC106558684	True	True	False	False	False	False	True	True	False	False	False		False		True	False	0.10996810830514513	0.06302730380195092	48.81334480220076	4.912010975969497	0	11259615	45463	16622						
NC_051809.1	2620428	2685222	64794	convergent	OPCML	NTM	True	False	False	True	False	False	True	True	False	True	False		False		False	False	0.09663081634326876	0.05143904022903035	13.535973555085974	1.4841730258876142	347175	1683777	32397	37204						
NC_051809.1	6345291	6400601	55310	convergent	LOC111096091	LOC119871991	True	False	False	False	False	False	True	True	False	False	False		False		False	False	0.0889248820265903	0.04784257998726492	6.989654898561417	0.2273360777923646	47946	5403898	229522	5403						
NC_051809.1	14259045	14318214	59169	convergent	LOC119871999	LOC111095807	True	False	False	False	False	False	True	True	False	False	False		False		True	False	0.10830093130181469	0.06164004449436862	23.885265055086006	2.635800519512449	36371	2076373	158811	17739						
NC_051809.1	18909987	18974471	64484	convergent	C5H11orf71	LOC119881489	True	True	False	False	False	False	True	True	False	False	False		False		True	False	0.0731199354178398	0.03788441433504939	7.8935492486580525	0.6244796046726521	7771	2577202	105143	2303						
NC_051809.1	23237689	23310760	73071	convergent	LOC111095852	C5H11orf87	True	False	False	False	False	False	False	True	False	False	False		False		False	False	0.08738900047250245	0.0461415791999275	5.0197473117996445	0.39567181742886276	75776	1689813	439216	3333						
NC_051809.1	27846016	27902436	56420	convergent	LOC100687870	LOC111095862	True	False	False	False	False	False	False	True	False	False	False		False		False	False	0.08756028925796414	0.04612394913803893	5.491948527387513	0.5042968477411236	174226	3229833	1155416	8319						
NC_051809.1	32059172	32124240	65068	convergent	LOC119871841	LOC111095870	True	False	False	False	False	True	True	True	False	False	False		False		True	False	0.09658330519610585	0.052010887333126414	10.99265703491767	0.8736233065713073	41706	58754	64290	6901						
NC_051809.1	47160487	47220638	60151	convergent	LOC119871875	LOC100684598	True	False	False	False	False	False	True	True	False	False	False		False		False	False	0.08756873144338888	0.04735902644721556	5.446856336033482	0.4478861154117104	165562	1823108	191651	17552						
NC_051809.1	67812010	67871860	59850	convergent	ZDHHC7	LOC119872032	True	False	True	False	False	False	True	True	False	True	False		False		True	False	0.11295626427296708	0.06534012923712719	32.428737666804665	3.5735698807407617	133065	5129843	127019	3376						
NC_051809.1	89203545	89257435	53890	convergent	LOC111096139	LOC119874957	True	True	False	False	False	False	False	True	False	False	False		False		False	False	0.09426912907406151	0.04929145250849418	10.191780672262574	1.1374759795363174	0	6629093	4673146	6738						
NC_051810.1	3695908	3765879	69971	convergent	LOC119881536	LOC119872440	True	False	False	False	False	False	False	True	False	False	False		False		True	False	0.09354394779660528	0.0499454112280287	9.775962476327086	0.9598071910245572	144107	1995233	1812851	1975						
NC_051810.1	15694571	15754185	59614	convergent	LOC102156691	LOC111096491	True	True	False	False	False	True	True	True	False	False	False		False		True	False	0.11418563997097883	0.06594846282014802	36.80892834607527	4.710486333760546	0	223852	115206	20039						
NC_051810.1	43751242	43809227	57985	convergent	SLC25A24	LOC102151888	True	False	False	False	False	False	True	True	False	True	False		False		True	False	0.0977666424942916	0.053057363148011905	12.05754359318474	0.8716673342184261	55234	1177299	143623	23040						
NC_051810.1	46489068	46547626	58558	convergent	LOC111096509	LOC100683041	True	False	False	False	False	False	False	True	False	False	False		False		False	False	0.088518076400317	0.04700584594650043	5.097783593108691	0.41173281480190826	93347	3915412	1245341	11043						
NC_051810.1	50658944	50727578	68634	convergent	LOC119872255	LOC119872463	True	True	False	False	False	False	False	True	False	False	False		False		False	False	0.08834698347331212	0.047474376837885524	5.767712017293519	0.4522690418697281	0	1302385	1453352	5650						
NC_051810.1	54055016	54116812	61796	convergent	LOC111096377	LOC111096379	True	False	False	False	False	False	False	True	False	False	False		False		True	False	0.09100094425606749	0.04950438608093771	9.417506097434693	1.080686856658737	64086	2090247	522336	18449						
NC_051810.1	54185278	54253504	68226	convergent	LOC119872358	LOC119876387	True	False	False	False	False	False	False	True	False	False	False		False		True	False	0.0893580699169605	0.04818839220428894	10.83574758651426	0.9100403446860572	44391	2223724	388859	47129						
NC_051810.1	65303098	65376045	72947	convergent	LOC102151889	LOC111096431	True	False	False	False	False	False	False	True	False	False	False		False		False	False	0.08845842536192	0.047528828185512205	6.787028539148282	0.6585529820844984	535429	10132612	2352656	6825						
NC_051810.1	68878658	68947141	68483	convergent	LOC102152406	IFI44	True	True	False	False	False	False	False	True	False	False	False		False		False	False	0.08964809219194483	0.04784568343832584	8.906362570737336	0.6833958338066997	0	6559284	550948	5168						
NC_051811.1	2494758	2545521	50763	convergent	LOC111096593	LOC102152591	True	False	False	False	False	False	True	True	False	True	False		False		True	False	0.09556505952164056	0.05165794952220604	38.486530001711515	3.549372032427417	179861	1188895	52583	11458						
NC_051811.1	11479120	11529669	50549	convergent	LOC111096626	LOC610143	True	False	False	False	False	False	True	True	False	True	False		False		False	False	0.09397837560011786	0.050317529958919346	11.811007565507142	0.9576650363750193	320606	3713246	201255	28037						
NC_051811.1	15394995	15461327	66332	convergent	LOC106559021	GLUL	True	False	False	False	False	False	False	True	False	False	False		False		True	False	0.09929082057723884	0.054859728626065946	9.93904819479629	0.6965759830598252	71839	6916475	534647	7824						
NC_051811.1	17217706	17274511	56805	convergent	LOC119876429	LOC119872513	True	False	False	False	False	False	False	True	False	False	False		False		False	False	0.09329126024265103	0.049789618490426624	11.670729445388059	0.8037150694133931	103892	5098528	528189	25228						
NC_051811.1	22837876	22907514	69638	convergent	LOC100688557	LOC111096880	True	True	False	False	False	False	False	True	False	False	False		False		False	False	0.0895585229721568	0.047424076801720665	6.454453732762597	0.5841200574862494	27305	415374	1217408	5449						
NC_051811.1	25873242	25943461	70219	convergent	LOC111096660	LOC111096885	False	False	False	False	False	False	False	False	False	False	False	43.31	False	4.32162	False	False	0.09078286311703815	0.0494328320094022	7.093708449246448	0.3803283856115161	91649	655224	407488	79754	0.4191	0.9961	0.8908	0.6078	0.5313	0.689
NC_051811.1	35118386	35179633	61247	convergent	LOC111096699	LOC111096700	True	True	False	False	False	False	False	True	False	True	False		False		True	False	0.10064322869150988	0.055917440663007335	16.797423634772098	1.4173085969999037	991	676467	379963	14394						
NC_051811.1	48020921	48077046	56125	convergent	RIT2	LOC119872716	False	False	False	False	False	False	False	False	False	False	False	29.76	False	4.31966	False	False	0.0868877878597956	0.047024709946682654	5.013290901671994	0.40703499307299107	501017	5140880	1719514	70063	0.4661	0.8436	0.8969	0.6077	0.9739	0.7576
NC_051811.1	54309697	54360521	50824	convergent	LOC106559055	GALNT1	True	True	False	False	False	True	False	False	False	True	False		False		False	False	0.09720560230224429	0.05375840063246676	12.417789803363355	1.3166526039052229	10109	102265	327506	76093						
NC_051811.1	57734073	57792841	58768	convergent	TRAPPC8	LOC111096784	True	True	False	False	False	False	True	True	False	True	False		False		True	False	0.09190783655937455	0.04867050845168543	9.516164053601635	0.4960313447671866	13457	3530613	203636	41712						
NC_051811.1	59853346	59916313	62967	convergent	NA	LOC612611	True	False	False	False	False	False	False	True	False	True	False		False		False	False	0.08438700590705868	0.04396720065823418	5.261822485486143	0.38959258166270255	84829	5651985	870069	100						
NC_051811.1	62263653	62326266	62613	convergent	KCTD1	TAF4B	True	False	False	False	False	False	True	True	False	False	False		False		True	False	0.0970860247289884	0.053238190643074904	15.071720965691096	1.322066038029582	80041	3984184	245549	13807						
NC_051811.1	69954234	70019343	65109	convergent	MYL12B	LOC106559068	True	False	False	False	False	False	True	True	False	True	False		False		True	False	0.09134059946700471	0.048538537986442934	12.445822881784	0.9574170353889084	36788	3704499	112030	21136						
NC_051811.1	72146896	72199972	53076	convergent	LOC111096813	LOC111096814	True	False	False	False	False	False	True	True	False	True	False		False		False	False	0.0942171337239501	0.05088124127268378	13.390649153665132	1.0245656348774785	126566	5891145	113888	19373						
NC_051811.1	77245369	77305935	60566	convergent	NA	LOC111096922	True	False	False	False	False	False	False	True	False	False	False		False		False	False	0.08749615293800733	0.04604917772093856	5.6521065711119665	0.23226826738012316	124348	10993363	945218	100						
NC_051811.1	80890788	80943582	52794	convergent	MAPK4	LOC100688129	True	False	False	False	False	False	True	True	False	False	False		False		True	False	0.09353875898383526	0.050198942277977956	14.61261654313408	1.8863665774108016	92185	14634896	268243	24106						
NC_051812.1	52431	118675	66244	convergent	LOC119872972	LOC119872973	True	False	False	False	False	False	True	True	False	False	False		False		False	False	0.04318902942014413	0.021041700930462637	5.935416349408042	0.4463916678607688	864447	3659103	214085	574						
NC_051812.1	788172	845815	57643	convergent	LOC490585	OR4L1	True	False	False	False	False	False	False	True	False	False	False		False		False	False	0.0862122840284891	0.04557253223051218	7.494097715138742	0.8650324609887998	133007	2927663	321290	34939						
NC_051812.1	5172690	5239184	66494	convergent	LOC119873153	LOC608162	True	True	False	False	False	False	False	False	False	False	False		False		False	False	0.08993868795681208	0.04793370054265858	9.028885067576537	0.7916155187476136	0	1433014	785611	184419						
NC_051812.1	5534832	5600865	66033	convergent	LOC111097200	LOC119872981	True	False	False	False	False	False	False	False	False	False	False	37.48	True	7.07716	False	False	0.0892307169086314	0.047602225727508767	6.165855729260207	0.31347240924836234	342848	1794925	660041	57388						
NC_051812.1	6167980	6227889	59909	convergent	LOC119872983	NOVA1	True	False	False	True	False	False	True	False	False	True	False		False		True	False	0.08748065159785617	0.04663477127078065	5.4703323699645	0.4609827005905029	97934	2425011	29955	150437						
NC_051812.1	8640791	8694857	54066	convergent	LOC111096975	LOC102154002	True	False	False	False	False	False	True	True	False	True	False		False		False	False	0.08846025512839342	0.047836467097937534	5.483874493277347	0.5346690732859389	467824	4894901	286462	44373						
NC_051812.1	10610167	10663583	53416	convergent	LOC102155565	HEATR5A	True	True	False	False	False	False	False	True	False	False	False		False		True	False	0.09390292426568554	0.05010842988881727	13.268339991737491	1.2684705952829105	11875	6863952	655989	562						
NC_051812.1	12903397	12977974	74577	convergent	NPAS3	EGLN3	True	True	False	False	False	False	False	True	False	False	False		False		True	False	0.09802803534487445	0.053003854221901056	16.31630856082621	1.1661381282514256	15685	9167762	1176284	45244						
NC_051812.1	21931015	21992476	61461	convergent	LOC100684096	LOC119872816	True	False	False	False	False	False	False	False	False	False	False	39.5	False	4.96006	True	False	0.04413782211276948	0.018763139319493128	2.521737607213179	0.13969343516627386	186745	11137336	4445874	114580						
NC_051812.1	27735066	27803631	68565	convergent	TMX1	LOC111097216	True	True	False	False	False	False	True	True	False	False	False		False		True	False	0.09173273720676131	0.048538216932354425	6.59870065206105	0.38509197670262124	5652	5329733	165300	14233						
NC_051812.1	28781785	28839966	58181	convergent	LOC111097218	TXNDC16	True	False	False	False	False	False	True	True	False	False	False		False		True	False	0.08106369509396	0.04156658617436746	5.539931414027511	0.3257439133610688	39125	4288206	143186	7405						
NC_051812.1	36266983	36333691	66708	convergent	SLC38A6	LOC111097065	True	False	False	False	False	False	True	True	False	False	False		False		True	False	0.0950918117805144	0.05115396089871067	16.31380186060591	1.3229960755736927	50337	3201231	105822	22885						
NC_051812.1	54071776	54128751	56975	convergent	LOC102153790	LOC119873009	True	True	False	False	False	True	True	True	False	False	False		False		True	False	0.09590346227390334	0.05258034918075315	8.659389831579588	0.6494985609668338	0	45791	45135	16648						
NC_051812.1	55781421	55851186	69765	convergent	LOC111097231	LOC106559104	True	False	False	False	False	False	False	True	False	True	False		False		False	False	0.08194763104667682	0.043257543722301506	5.8220841605914195	0.56804718569911	266303	1761831	1674173	22161						
NC_051812.1	58732540	58805036	72496	convergent	LOC119873149	LOC119873016	True	False	False	False	False	False	False	False	False	False	False	28.09	False	4.7614600000000005	True	False	0.08642383250632946	0.046271536637524854	6.702238906334518	0.3931153835003612	268788	4714316	1177972	182418						
NC_051812.1	61680835	61737486	56651	convergent	CALM1	LOC111097143	True	True	False	False	False	False	False	True	False	False	False		False		True	False	0.11053734450183347	0.06279459897249164	25.913135179865623	2.6174285053794453	0	7000889	718757	8668						
NC_051812.1	67788194	67843405	55211	convergent	LOC119873039	LOC111097248	True	False	False	False	False	False	True	False	False	True	False		False		False	False	0.09622655650344449	0.0519729843006961	16.145793481430523	1.3320367217957487	40799	894250	93499	65893						
NC_051812.1	70725627	70776316	50689	convergent	LOC106559203	LOC119881569	True	False	True	False	False	True	True	True	False	True	False		False		True	False	0.1235976349424607	0.07355716544914917	28.73469762361245	3.3845757820662006	149029	183282	141034	2548						
NC_051812.1	71254791	71309046	54255	convergent	TNFAIP2	LOC480441	True	False	False	False	False	False	True	True	False	False	False		False		True	False	0.1097281203956072	0.0621186572687932	25.85569128067231	3.055699000061439	156918	347640	214245	1430						
NC_051813.1	8313493	8376479	62986	convergent	LOC102156472	LOC102156400	True	True	False	False	False	False	True	True	False	False	False		False		True	False	0.09856999005041303	0.05327998121733738	24.667873990576158	2.6123503224238034	0	2169826	134962	8002						
NC_051813.1	8406782	8479948	73166	convergent	LOC119873409	SOX9	True	True	False	True	False	False	True	True	False	False	False		False		True	False	0.09753549696323824	0.052650815424643754	22.893016513534604	2.5282277276162892	0	2071447	36583	8673						
NC_051813.1	15175682	15238845	63163	convergent	LOC102154199	CACNG5	True	True	False	False	False	False	True	True	False	False	False		False		True	False	0.10496321270378016	0.05817176100853721	21.67314468010936	2.146432818484332	0	4188754	93573	2687						
NC_051813.1	33214836	33269418	54582	convergent	MSI2	CCDC182	True	False	False	True	False	False	True	True	False	True	False		False		False	False	0.09411006843617262	0.05019379346733219	17.540105449407292	1.2508214984232473	32873	326475	27291	7939						
NC_051813.1	35794767	35867117	72350	convergent	BRIP1	LOC100855486	True	False	False	True	False	False	True	False	False	True	False		False		False	False	0.0809216346194381	0.041883822289844504	6.217693460630536	0.5306527046990301	155942	680036	36175	105492						
NC_051813.1	42596793	42666787	69994	convergent	LOC102151497	LOC111097438	True	True	False	False	False	False	True	True	False	False	False		False		True	False	0.10392695255925642	0.05782283479398298	15.594930169139486	1.0413279401064395	31790	494609	69451	7929						
NC_051813.1	44260433	44316601	56168	convergent	LOC119873524	LOC119881587	True	True	False	False	False	False	False	True	False	False	False		False		False	False	0.09529114793716366	0.051303386376597725	12.971424515545225	1.137531086936625	13517	439741	530634	1282						
NC_051813.1	53233104	53304110	71006	convergent	MED27	LOC111097551	True	True	False	True	False	False	True	True	False	True	False		False		True	False	0.10632948518545911	0.0594589927261413	29.898931332892342	3.2627330673343016	6393	2255178	35503	28016						
NC_051813.1	55289222	55342350	53128	convergent	LOC102151894	LOC111097492	True	False	True	False	False	True	True	True	False	True	False		False		True	False	0.1252875489769948	0.07433145742154558	22.587249836699648	2.835992184212652	159214	207999	115030	15773						
NC_051813.1	60390416	60460489	70073	convergent	LOC119873444	LOC119873377	True	False	False	False	False	False	False	True	False	False	False		False		True	False	0.10244170345354979	0.056262527090448766	16.327228612788016	1.543260362202969	50452	1202512	659142	1734						
NC_051814.1	6647061	6715959	68898	convergent	LOC119881620	LOC119881618	True	True	False	False	False	False	False	True	False	False	False		False		False	False	0.026022273490759674	0.007557671238891327	2.3979349624347623	0.2355253204744583	31510	3844367	595416	1589						
NC_051814.1	16586697	16654416	67719	convergent	LOC100685032	LOC119873751	True	False	False	False	False	False	False	True	False	False	False		False		False	False	0.08478787672330328	0.044867646050657274	13.70607673151238	1.5681221031571344	79444	4146654	436987	13814						
NC_051814.1	22082493	22156729	74236	convergent	LOC119873757	LOC102153700	True	False	False	False	False	False	True	True	False	False	False		False		True	False	0.10851725802292013	0.06132546011201598	44.92380669587075	5.852181398290901	80389	565838	298603	12724						
NC_051814.1	24918877	24986657	67780	convergent	LOC119873626	LOC119873758	True	False	False	False	False	False	True	True	False	True	False		False		True	False	0.10796609501785569	0.06106166668654695	17.63507646375552	1.4766542323612908	122233	751093	48727	5278						
NC_051814.1	25211889	25276787	64898	convergent	SLC25A17	MCHR1	True	True	False	False	False	False	True	True	False	False	False		False		True	False	0.09926668594243836	0.054178235466565826	14.853906233651033	1.013155415705193	5662	1042664	67064	12832						
NC_051814.1	29447517	29507386	59869	convergent	LOC102152977	MCM5	True	True	False	True	False	False	True	True	False	False	False		False		True	False	0.11000746158153285	0.06273378133719047	39.42469234917054	4.413350922935656	22549	831314	29935	18695						
NC_051814.1	33387381	33437530	50149	convergent	LOC106559418	LOC106559383	True	True	False	False	False	False	True	True	False	True	False		False		False	False	0.09594469148221271	0.051031100155060086	15.291729304497057	1.6981872615572788	12545	4766318	33702	8628						
NC_051814.1	34678177	34747422	69245	convergent	LOC102152060	TXNRD1	True	True	False	False	False	False	False	True	False	False	False		False		True	False	0.10014373841812386	0.05493481165386294	15.642185530454356	1.0020221804144531	12201	6066662	1334046	24122						
NC_051814.1	35158873	35212398	53525	convergent	SEPTIN10	LOC106559442	True	True	False	False	False	False	False	True	False	False	False		False		False	False	0.09316189121479895	0.04969966614643548	12.810424867608242	1.3086848170898036	0	6046292	1806882	15614						
NC_051814.1	46275184	46345564	70380	convergent	TRNAI-UAU-2	LOC119873662	True	True	True	False	False	False	True	True	False	False	False		False		True	False	0.11936193072664318	0.06898581605107143	23.249168295141594	2.156832905980341	0	5078426	74552	0						
NC_051814.1	46556671	46612324	55653	convergent	LOC106559407	LOC119873664	True	False	True	False	False	False	False	True	False	False	False		False		True	False	0.16317909632945415	0.10277680630485664	26.721336894190845	3.7065642290898295	65503	5352549	348675	11347						
NC_051814.1	55173498	55233905	60407	convergent	NA	LOC102151272	True	False	False	False	False	False	False	True	False	False	False		False		True	False	0.08730140812375783	0.04504803975042962	5.614484145599979	0.43392275880364856	78701	2555815	2433939	100						
NC_051814.1	57054512	57104779	50267	convergent	LOC119873779	CLHC1	True	False	True	False	False	False	False	True	False	False	False		False		True	False	0.11377709231288365	0.06631050043367785	18.801925519240925	1.5877232265406553	70355	679871	557995	11200						
NC_051814.1	57815583	57880350	64767	convergent	LOC119873681	LOC111097852	True	False	False	False	False	True	True	True	False	True	False		False		False	False	0.09229102955670752	0.05000967773118237	11.621262517553694	1.1429258369943438	272966	70142	148242	20						
NC_051814.1	61932847	61989787	56940	convergent	LOC102155693	LOC119873691	True	False	True	False	False	False	True	True	False	True	False		False		False	False	0.11346091068561429	0.06569509268576403	15.788941189886994	1.2132007129132378	186317	4183493	36038	7568						
NC_051814.1	63844443	63896703	52260	convergent	OTX1	LOC100686739	True	True	False	False	False	False	False	True	False	False	False		False		True	False	0.09155003012123879	0.04942224869992389	11.525983953413757	1.2503837156039923	0	6092749	987989	5011						
NC_051814.1	66943912	67008116	64204	convergent	MEIS1	LOC111097797	True	True	False	True	False	False	True	False	False	True	False		False		True	False	0.09169844208914991	0.050476773520562	27.834753032597018	1.9673887958013385	23986	9198190	32102	81938						
NC_051814.1	68117840	68179368	61528	convergent	LOC100683563	C1D	True	True	False	False	False	False	True	True	False	False	False		False		True	False	0.0957511312597952	0.05203701026796783	25.11712575107663	1.7878375528434816	26396	10370780	79720	18614						
NC_051815.1	5132068	5205139	73071	convergent	LOC102157398	LOC119873853	True	False	False	False	False	False	True	True	False	False	False		False		True	False	0.09952800557846153	0.05607799364030689	13.653579065168593	1.5089383272429713	118603	3491883	156027	33885						
NC_051815.1	7585907	7653876	67969	convergent	LOC100687242	LOC106559451	False	False	False	False	False	False	False	False	False	False	False	41.9	False	4.64874	False	False	0.08689200641223711	0.04579662069931669	5.265024740627464	0.4415404114902578	69891	5943171	2607315	129592	0.4914	0.8438	0.8961	0.6076	0.4397	0.6557
NC_051815.1	15804115	15863613	59498	convergent	LOC111097925	LOC111098006	True	False	False	False	False	False	False	False	False	False	False	37.99	True	6.66906	True	False	0.088730415439096	0.047189069641165794	4.782409118696685	0.30685352162552754	208864	1108139	3089002	80706						
NC_051815.1	33774377	33832861	58484	convergent	LOC100856273	LOC100856119	True	True	False	False	False	False	False	True	False	False	False		False		False	False	0.08350680418747562	0.04425816831447958	5.316977738239569	0.44927888475321726	3619	7439264	1639127	18072						
NC_051815.1	54176384	54240721	64337	convergent	MELK	LOC119874128	True	False	False	True	False	False	True	True	False	True	False		False		True	False	0.09659109655745386	0.05215294378587241	14.623439402426515	1.4841548180665318	33552	3111288	32168	385						
NC_051815.1	56181459	56247618	66159	convergent	LOC111098102	LOC119874060	True	False	False	False	False	False	True	True	False	True	False		False		True	False	0.09787433987935283	0.053958338077013425	8.705173966380086	0.7911740991702989	60462	5117274	127406	4541						
NC_051815.1	67619694	67676552	56858	convergent	LOC119873978	LOC111097883	True	False	True	False	False	False	True	True	False	False	False		False		True	False	0.11582723099831878	0.06814081139806366	18.61587853996747	1.370604006524369	76877	1937353	213341	11553						
NC_051815.1	72532281	72586362	54081	convergent	LOC106559529	LOC119873989	True	True	True	False	False	False	True	True	False	True	False		False		True	False	0.10407483142016968	0.0591959889275811	13.621747205370461	1.1612894816706911	15679	2973823	65032	6753						
NC_051815.1	74432972	74494463	61491	convergent	LOC111097897	LOC119874053	True	False	False	False	False	False	False	False	False	False	False	24.88	True	7.307460000000001	True	False	0.10635486875263794	0.0599715031036543	58.66191796415218	6.924166922147982	138717	4878219	511932	185978						
NC_051816.1	729204	780179	50975	convergent	LOC100684529	LOC119874351	True	False	True	False	False	False	True	True	False	False	False		False		True	False	0.10514693840707227	0.058426303917507694	15.439793329833083	1.4269594249215054	70309	2246970	43693	6763						
NC_051816.1	888522	959052	70530	convergent	MUC21	LOC119876866	True	False	False	False	False	False	True	True	False	True	False		False		True	False	0.09728428919729773	0.05174077107612924	10.712170711572933	1.0188300985902778	73787	2077874	80051	4397						
NC_051816.1	2021125	2084815	63690	convergent	LOC119881685	TSBP1	True	False	False	False	False	False	False	True	False	False	False		False		False	False	0.043217228118591695	0.015462875388934682	3.3047735158940754	0.13044817999939406	227970	948691	498270	3359						
NC_051816.1	5010995	5063926	52931	convergent	LOC608284	FKBP5	True	True	False	False	False	False	True	True	False	False	False		False		True	False	0.09172985395909804	0.0485059049434872	10.840859186168927	0.9466333021379757	12460	1504288	95507	26965						
NC_051816.1	10056117	10121857	65740	convergent	LOC111098152	LOC119874267	True	False	False	False	False	False	True	True	False	False	False		False		False	False	0.09755895552861499	0.0526196106487084	7.998331187025897	0.707598592112622	36013	6555815	218136	11008						
NC_051816.1	13571280	13642018	70738	convergent	LOC111098270	SUPT3H	True	True	False	False	False	False	True	True	False	False	False		False		False	False	0.09627267542448083	0.051827433894088885	13.462894986819908	0.7324024664468093	31649	6697892	297488	41771						
NC_051816.1	16360664	16416333	55669	convergent	OPN5	LOC119876862	True	True	False	False	False	False	False	True	False	False	False		False		False	False	0.08721335366407285	0.04623359661714105	5.638517574597922	0.3009464985000629	13498	3916043	646588	4555						
NC_051816.1	25815845	25884245	68400	convergent	LOC111098165	LOC111098166	True	False	False	False	False	False	False	True	False	False	False		False		False	False	0.08654266072876506	0.04612165192240163	4.047697391626103	0.3891319815875494	399955	5541280	1729887	49232						
NC_051816.1	40263604	40321877	58273	convergent	LOC100855752	LOC111098325	True	False	False	False	False	False	False	False	False	False	True	50.26	False	3.54012	False	False	0.08628033054362597	0.04544261080502491	4.418539831768733	0.35753821412255665	257260	1191024	1050417	55732						
NC_051816.1	41991512	42044662	53150	convergent	BCKDHB	LOC102155357	True	False	False	False	False	False	True	False	False	False	False		False		True	False	0.09114813102641124	0.049166809561186055	7.241728325946947	0.2681175547731674	93087	534300	296643	52577						
NC_051816.1	47327902	47386565	58663	convergent	HTR1E	CGA	True	False	False	False	False	False	False	True	False	False	False		False		True	False	0.09280207070784156	0.05002842262452557	6.407170451562246	0.3688713148249115	32233	5873446	442180	6077						
NC_051816.1	48272208	48342011	69803	convergent	SPACA1	CNR1	True	False	False	False	False	False	False	True	False	True	False		False		False	False	0.08902803712283991	0.04731407065049162	5.8171681591253925	0.40300049229740637	317891	6823322	442287	22850						
NC_051816.1	48393708	48452461	58753	convergent	LOC111098352	LOC119874280	True	False	False	False	False	False	False	True	False	True	False		False		False	False	0.0858416253703991	0.04593196946892915	4.6617545612751705	0.428448901187121	201916	6939297	326312	5161						
NC_051816.1	53806181	53865232	59051	convergent	LOC100684677	LOC100687875	True	False	False	False	False	False	False	True	False	False	False		False		False	False	0.08602200823336288	0.045481830603270115	5.184795666208428	0.4130171624330436	235706	12351919	722636	39862						
NC_051816.1	64340623	64411071	70448	convergent	PRDM1	ATG5	True	False	True	True	False	False	True	False	False	True	False		False		True	False	0.11135422854316036	0.06549158288074691	24.957723369767333	2.688409604930633	75847	22892060	35224	87411						
NC_051816.1	67608124	67672326	64202	convergent	GPR6	LOC111098188	True	False	False	False	False	False	False	True	False	False	False		False		True	False	0.09338499690866614	0.05085757161975965	15.997621194103278	1.817383961350427	215225	26156438	755065	45279						
NC_051816.1	70866191	70918704	52513	convergent	MARCKS	LOC106559557	True	True	False	False	False	False	True	True	False	False	False		False		True	False	0.09533094694495321	0.05344236764995674	36.65956707373383	3.4130975848451834	7553	29408660	40601	14344						
NC_051816.1	72343871	72396378	52507	convergent	LOC119874236	LOC111098409	True	False	False	False	False	False	True	True	False	True	False		False		True	False	0.0954226247084684	0.05185606037384297	38.63656625822248	3.564556799598239	45124	30886337	172031	7422						
NC_051816.1	73372682	73425689	53007	convergent	LOC111098416	PSMB1	True	False	False	True	False	False	True	True	False	False	False		False		True	False	0.1084875668620187	0.06112075868011658	46.83357388355826	5.256572236101586	724185	31915398	26504	9747						
NC_051817.1	670319	729017	58698	convergent	LOC111098485	LOC111098432	True	False	False	False	False	False	True	True	False	False	False		False		True	False	0.0931033524635052	0.04974124348321541	10.447694220234599	1.1291519683809412	124668	992125	144087	17271						
NC_051817.1	2762900	2833447	70547	convergent	LOC119876950	LOC119864717	True	False	True	False	False	False	True	True	False	True	False		False		True	False	0.10082634768733363	0.05540332233389113	9.753908747958006	0.819001617569494	126827	1106178	64101	14215						
NC_051817.1	8064988	8132108	67120	convergent	LOC111098516	LOC119865560	True	False	False	False	False	False	False	True	False	False	False		False		False	False	0.08688861694605779	0.045891208363564466	3.79725606742544	0.2815214165154041	123548	1934690	774995	9865						
NC_051817.1	8580007	8642797	62790	convergent	LOC111098518	LOC111098519	True	False	False	False	False	False	True	True	False	False	False		False		False	False	0.0857977172412924	0.04537775618034405	6.704013963952378	0.5405702868514268	188598	1421836	262141	6134						
NC_051817.1	10033333	10096852	63519	convergent	MIR8836	NUDCD1	True	False	False	False	False	True	False	False	False	False	False		False		False	False	0.0902248403997092	0.04737586611284958	7.731762745657571	0.7181125334169566	59908	31834	1042691	70293						
NC_051817.1	12626538	12686868	60330	convergent	LOC106559613	CSMD3	False	False	False	False	False	False	False	False	False	False	False	40.73	False	4.02278	False	False	0.07921213447978478	0.041288085734177644	7.867618395583862	0.745968688989723	131703	2623445	2648540	56726	0.5908	0.5542	0.8889	0.6025	0.6646	0.6602
NC_051817.1	16507341	16565029	57688	convergent	UTP23	LOC100687037	True	False	False	True	False	False	True	True	False	True	False		False		True	False	0.09231346836534457	0.04913313183460796	5.593397900534983	0.34926891723797393	36185	6502927	28844	6323						
NC_051817.1	24350676	24411685	61009	convergent	LOC119865453	LOC102151612	False	False	False	False	False	False	False	False	False	False	False	48.13	False	3.44548	False	False	0.08901795884946187	0.0473484372138727	5.331375833962125	0.24634286030510924	56180	6890712	689245	68335	0.4597	0.9271	0.8959	0.608	0.3808	0.6543
NC_051817.1	28001742	28068918	67176	convergent	LOC111098451	ADCY8	True	True	False	False	False	False	False	True	False	False	False		False		False	False	0.09794746376232433	0.05320407618155876	11.825270471899852	0.6394092925019568	10330	3236562	765306	45331						
NC_051817.1	29429036	29482883	53847	convergent	LOC102153335	LRRC6	True	True	False	False	False	False	False	True	False	False	False		False		False	False	0.09905222913820867	0.05445318276781544	14.465729828394343	1.2995744204902893	19041	1815933	548843	4221						
NC_051817.1	42409351	42467972	58621	convergent	LOC119865519	LOC119865447	True	False	False	False	False	False	False	True	False	False	False		False		False	False	0.08055351099067876	0.04223739248375521	4.633254137912499	0.25010277292347227	538661	1692722	2586838	12374						
NC_051817.1	50196685	50266401	69716	convergent	LOC100683751	LOC100683821	True	True	False	False	False	False	False	False	False	False	False		False		False	False	0.07370511180894167	0.03834385685901268	4.647693584094951	0.42121903958455886	0	9485604	409888	55234						
NC_051818.1	5712360	5767938	55578	convergent	LOC102155278	LOC119867007	True	True	False	False	False	True	False	True	False	False	False		False		True	False	0.11655280699790492	0.06592683401592192	14.760394778277831	0.8843984113499762	0	178540	635945	12819						
NC_051818.1	9869905	9920386	50481	convergent	LOC119865745	LOC100688839	True	False	False	False	False	False	False	True	False	False	False		False		False	False	0.08660454398060546	0.047008717947233776	5.389649851565052	0.5027555354720405	295145	939574	1435757	5374						
NC_051818.1	14495427	14554191	58764	convergent	LOC119874506	TEX47	True	False	False	False	False	False	False	True	False	False	False		False		False	False	0.08753854856904277	0.046396527416787556	6.186686988270088	0.4981537325465738	75191	4261752	1017370	1667						
NC_051818.1	19245636	19304857	59221	convergent	GNG11	BET1	True	True	False	False	False	False	True	True	False	False	False		False		False	False	0.09511763137556788	0.051802442286145306	5.6530379461561475	0.2831486393626097	25246	487998	56896	4565						
NC_051818.1	43701564	43775013	73449	convergent	ADCYAP1R1	LOC102154587	True	True	False	False	False	False	True	False	False	False	False		False		True	False	0.09419915973827736	0.05069984250665027	10.549039465919444	1.0315052242563587	0	3455569	193771	66581						
NC_051818.1	47079968	47131672	51704	convergent	LOC119867666	LOC111098822	True	False	False	False	False	False	True	True	False	False	False		False		False	False	0.0968141637178029	0.0526295198144247	17.367589006586957	1.2759027106489844	69180	6823101	213706	17480						
NC_051818.1	60626704	60697896	71192	convergent	LOC119866869	SLC13A1	True	False	False	False	False	False	False	True	False	False	False		False		True	False	0.10151636972172223	0.055801391029728975	37.88494098732905	3.8417120379370586	212700	20379581	524509	20561						
NC_051819.1	3753627	3825487	71860	convergent	LOC119869470	LOC119881733	True	True	False	False	False	False	False	True	False	False	False		False		True	False	0.10482784999548829	0.05858571344869224	16.63978511618091	1.4358656028856287	0	1416851	687617	38048						
NC_051819.1	4205082	4273748	68666	convergent	LOC111098951	LOC102151429	True	False	False	False	False	False	False	True	False	False	False		False		True	False	0.10100221735847639	0.055974552545101065	28.049203035400147	2.984111016115803	164415	1866709	484368	12378						
NC_051819.1	20314140	20377667	63527	convergent	LOC119869464	LOC119869379	True	False	False	False	False	False	True	True	False	False	False		False		True	False	0.08817294243297401	0.04622185095732547	7.319343904030984	0.5889834107745476	95903	7255581	109665	26375						
NC_051819.1	23412529	23465999	53470	convergent	MYF5	LIN7A	True	False	False	False	False	False	False	True	False	False	False		False		False	False	0.09121581496413408	0.049359180505759825	8.288890714128478	0.7099009045085742	239264	4162220	871080	8007						
NC_051819.1	27740518	27794146	53628	convergent	LOC102154855	LOC100683898	True	False	False	False	False	True	True	True	False	True	False		False		True	False	0.08816116786703175	0.0467750291139275	5.841032013399765	0.42841784020996876	167332	165826	209721	11042						
NC_051819.1	27864256	27917940	53684	convergent	LOC111090020	RASSF9	True	False	False	False	False	True	True	True	False	True	False		False		True	False	0.08696003244978877	0.04575945942338614	6.9821559109995555	0.5921623020303186	108902	289592	85955	5459						
NC_051819.1	29615719	29672503	56784	convergent	LOC111098932	LOC111098894	True	False	False	False	False	False	False	True	False	False	False		False		True	False	0.08658735413495125	0.045331446407218486	6.08376371514669	0.4255720386099256	44111	2042605	586421	49328						
NC_051819.1	30913325	30967876	54551	convergent	LOC119869342	DUSP6	True	False	True	True	False	False	True	True	False	True	False		False		True	False	0.09928440178909806	0.05527212300814169	17.58349153508659	1.125885027836208	159400	2198128	27276	5775						
NC_051819.1	32255898	32317043	61145	convergent	LOC111090028	CCER1	True	False	False	False	False	False	True	True	False	False	False		False		False	False	0.09099983330963775	0.04935034130471386	9.394208731481148	0.6171938860301485	38530	852258	203487	9635						
NC_051819.1	35221213	35288244	67031	convergent	LOC119869290	TMCC3	True	True	False	False	False	False	True	True	False	True	False		False		True	False	0.09784599089885349	0.05241740556607295	20.48416928134573	1.9715432317151602	20272	644666	174224	8359						
NC_051819.1	50452875	50525877	73002	convergent	LOC119869387	LOC111098915	True	False	False	False	False	False	False	True	False	False	False		False		True	False	0.09681823309005239	0.05113589831082573	15.071007581966516	1.216644056191611	39376	10648318	380056	14722						
NC_051819.1	56330968	56393135	62167	convergent	LOC119867837	LOC119869360	True	False	False	False	False	False	False	True	False	False	False		False		True	False	0.08820019660758278	0.04756887133615929	7.207327791268114	0.36961845926341963	87949	16520993	3461798	1571						
NC_051820.1	1623305	1690052	66747	convergent	PDIA4	LOC119869648	True	False	True	False	False	True	True	True	False	True	False		False		True	False	0.10564363978744705	0.058464936198223016	22.41085006789256	1.9994585975308918	56678	145386	74231	9948						
NC_051820.1	12347409	12407429	60020	convergent	LUZP6	LOC102156014	True	False	True	False	False	False	False	True	False	False	False		False		False	False	0.09520375097041579	0.05288984072223467	11.337971256517777	0.6146443437844621	72581	531025	1027779	3146						
NC_051820.1	22590144	22660334	70190	convergent	DYNC2I1	VIPR2	True	True	False	False	False	False	False	False	False	False	False		False		True	False	0.09761287100850537	0.05322809679550555	26.40151062631953	2.8817897333750917	239	960719	1380241	56325						
NC_051820.1	22976673	23048542	71869	convergent	LOC111090199	LOC100682550	True	False	False	False	False	False	False	True	False	False	False		False		False	False	0.09377491445995137	0.05192281634392734	9.362532142469412	0.9464781302343075	62607	1348087	1478413	14208						
NC_051820.1	35121001	35190439	69438	convergent	LOC100686540	WRN	True	True	False	False	False	False	False	True	False	False	False		False		True	False	0.09269536159257993	0.048877270737735	5.063774858945861	0.33716601917621064	0	1686160	355497	7955						
NC_051820.1	37178242	37231175	52933	convergent	LOC119869555	LOC102155995	True	True	False	False	False	True	False	True	False	False	False		False		True	False	0.09751337868553907	0.05335285129389113	8.53313516846898	0.4647451773744479	0	292684	360395	8415						
NC_051820.1	37416979	37473636	56657	convergent	PPP1R3B	ERI1	True	False	False	False	False	True	False	True	False	False	False		False		True	False	0.10408466112330263	0.05957626416050915	8.28762516292211	0.4579185402408761	79693	52085	600994	23716						
NC_051820.1	38028250	38082724	54474	convergent	LOC111090314	LOC111090316	True	False	False	False	False	False	False	True	False	False	False		False		True	False	0.09622985294478502	0.052574361342345395	12.933498463734928	0.8863186500891436	144513	558070	515911	908						
NC_051820.1	46125770	46187174	61404	convergent	LOC119869631	LOC100682827	True	False	False	False	False	False	True	True	False	True	False		False		True	False	0.0914802071062762	0.04966821986993829	10.933745623534112	0.7826452126397587	218528	5941766	177187	5684						
NC_051820.1	46199665	46254098	54433	convergent	LOC119869583	LOC119869626	True	False	False	False	False	False	True	True	False	True	False		False		False	False	0.08836046255447573	0.04705991801557827	7.652437377772295	0.7762354743773487	148119	6012175	106778	11698						
NC_051820.1	49468828	49528532	59704	convergent	LOC119869512	LOC102156721	True	False	False	False	False	False	False	True	False	False	False		False		False	False	0.09245142872806392	0.04949725146462678	19.84661479198741	1.6921161258684587	151320	9283974	1149894	24469						
NC_051820.1	51445768	51508808	63040	convergent	LOC119874730	LOC119874609	False	False	False	False	False	False	False	False	False	False	False	23.68	False	5.761419999999999	False	False	0.08813467409899822	0.04688791562566713	6.744201750574019	0.4839587720307639	52288	11262582	3128502	705279	0.4689	0.8925	0.8918	0.6072	0.3619	0.6445
NC_051820.1	54629014	54692819	63805	convergent	AGA	NEIL3	True	False	False	False	False	False	False	True	False	False	False		False		True	False	0.09384821538292053	0.0510716351927988	26.49793071465005	2.1439635485622737	139084	14446210	535013	11183						
NC_051821.1	4818014	4875944	57930	convergent	LOC111090412	LOC102151619	True	False	False	False	False	False	False	False	False	False	False	33.22	False	6.178679999999999	True	False	0.09587908068805687	0.05174294516998959	11.911061784704101	0.7070071331499863	96979	2403959	1164570	72039						
NC_051821.1	11891971	11964254	72283	convergent	LOC102157135	LOC111090504	True	False	False	False	False	False	True	True	False	True	False		False		True	False	0.09955247170817975	0.05446439895062986	26.211663111805244	2.813451976845931	303112	1315736	73661	15126						
NC_051821.1	12278057	12338750	60693	convergent	LOC102157261	CYRIA	True	True	False	False	False	False	False	True	False	False	False		False		True	False	0.09851033013146628	0.05339283837004913	11.508585607238304	0.9737538902393172	0	935445	453952	23097						
NC_051821.1	15968485	16030074	61589	convergent	LOC111090394	APOB	True	False	False	False	False	False	False	True	False	False	False		False		True	False	0.09969005485819288	0.05398394900823583	14.65993776402913	1.4457498957162278	50721	2755411	407273	15746						
NC_051821.1	17141980	17213143	71163	convergent	LOC111090524	LOC119881779	True	False	False	False	False	False	False	True	False	False	False		False		False	False	0.08656755127422969	0.04602812030035659	4.614920133346309	0.3851836889322305	102561	2673592	1553109	13790						
NC_051821.1	19088682	19138909	50227	convergent	LOC111090423	LOC111090532	True	False	False	False	False	False	False	True	False	False	False		False		False	False	0.0935886297822327	0.05037351080037863	10.021681707577144	0.68499800526302	38795	737358	376925	14673						
NC_051821.1	25527391	25580014	52623	convergent	LOC119869680	SRD5A2	True	True	False	False	False	False	False	True	False	False	False		False		False	False	0.0934604550223257	0.050481422198392724	7.7852590776571775	0.5831906985309019	0	3741376	871948	2857						
NC_051821.1	34751027	34802687	51660	convergent	LOC102151793	KCNG3	True	True	False	False	False	False	True	True	False	False	False		False		False	False	0.09582600253834264	0.05118884781892568	12.670836241734456	1.1304965177693325	1857	4700748	74190	6477						
NC_051821.1	51685511	51738942	53431	convergent	LOC119869763	LOC111090442	True	False	False	False	False	False	False	True	False	False	False		False		True	False	0.10573824445086806	0.0596467183967782	14.265696315848862	1.6809932095564994	237226	579368	1213512	9778						
NC_051821.1	52870289	52932765	62476	convergent	LOC111090443	LOC119864061	True	True	False	False	False	False	True	True	False	False	False		False		False	False	0.09367527012931152	0.05038522819286196	6.8722440835139835	0.48849861327632105	23473	609910	91523	6958						
NC_051821.1	52940905	52993050	52145	convergent	LOC102154674	TRIM33	True	True	False	True	False	False	True	True	False	False	False		False		False	False	0.09495235967888342	0.052007906866023315	11.997326295399587	1.1120104051648292	0	675360	26073	8035						
NC_051821.1	53716583	53781749	65166	convergent	LOC100688064	NGF	True	True	False	True	False	False	True	True	False	True	False		False		True	False	0.09370220874867832	0.04972341488936481	7.951869786603006	0.9099808127891416	24166	1457549	32583	13081						
NC_051821.1	55900409	55960106	59697	convergent	LOC111090684	LOC100688781	True	False	False	False	False	False	True	True	False	True	False		False		True	False	0.09799999347351655	0.05299648691913476	14.096254018388732	1.005056668694612	155257	3638640	78027	4573						
NC_051821.1	57904516	57954590	50074	convergent	LOC102154106	LOC111090694	True	False	False	False	False	False	True	True	False	True	False		False		True	False	0.10192600705711678	0.05675170525706709	10.64843430849913	0.854451314590759	404553	5637936	29110	4073						
NC_051821.1	62647649	62699011	51362	convergent	LOC119864001	LOC119878526	True	False	False	False	False	False	False	True	False	False	False		False		False	False	0.015208923134888426	0.004387035795981502	2.068986965047541	0.05965450354669936	173330	10381713	628322	7652						
NC_051821.1	62708801	62760445	51644	convergent	LOC119878525	LOC119877138	True	False	False	False	False	False	False	True	False	False	False		False		False	False	0.01350214914309955	0.004069692279369357	1.5290952354350225	0.08147428693811447	234623	10443006	689615	7680						
NC_051822.1	7159763	7220802	61039	convergent	LOC111090865	LOC102151924	True	False	False	False	False	False	True	True	False	False	False		False		False	False	0.08819587104505422	0.04725893480016317	5.887418903315308	0.33260216018857935	34718	19068196	74877	8671						
NC_051822.1	11006057	11065538	59481	convergent	VPS41	LOC119864320	True	True	False	False	False	False	False	True	False	False	False		False		True	False	0.09448409518864712	0.050594396843155885	26.39144986345664	2.3431642403113364	0	15222681	1253661	25376						
NC_051822.1	12195480	12258671	63191	convergent	LOC100683828	EPDR1	True	False	False	False	False	False	True	True	False	True	False		False		False	False	0.08932575008203782	0.048224244588454195	9.807669908644838	1.033216088031371	77075	14031403	62383	19828						
NC_051822.1	18243340	18307563	64223	convergent	PHTF2	MAGI2	True	True	False	False	False	False	True	True	False	False	False		False		True	False	0.09339393928625928	0.05042371864848019	19.689595880717334	1.5770991922815747	0	7983027	263457	13364						
NC_051822.1	23806419	23872683	66264	convergent	LOC111090917	SEMA3A	True	False	False	True	False	False	True	True	False	True	False		False		False	False	0.08557858223013007	0.04493521818059652	10.523999559978492	0.9746913547767195	64551	2418927	33132	30863						
NC_051822.1	30797965	30858164	60199	convergent	LOC111091010	LOC100682696	True	True	False	False	False	False	False	True	False	False	False		False		False	False	0.0685924926696216	0.03475393497487495	6.398473116026791	0.36502102914983936	3064	2772946	1453487	3837						
NC_051822.1	36175607	36236940	61333	convergent	LOC111090814	LOC119864218	True	False	False	False	False	False	True	True	False	True	False		False		False	False	0.09662760702512012	0.05209476392015062	15.43220474256624	1.4592362554170297	81273	2605240	41620	10953						
NC_051822.1	37530345	37599747	69402	convergent	MPPED2	ARL14EP	True	True	False	True	False	False	True	True	False	False	False		False		True	False	0.09265363585010757	0.04901474971506456	12.496375516657348	0.699591820835562	0	1660380	34701	19292						
NC_051822.1	37625161	37675210	50049	convergent	LOC111090955	OR10V5	True	False	False	False	False	False	True	True	False	False	False		False		False	False	0.08985518775368984	0.04752706265270409	7.231331851466048	0.5645152025244972	75185	1575241	119840	6177						
NC_051822.1	55169332	55241058	71726	convergent	AHNAK	SCGB1A1	True	False	True	True	False	False	True	True	False	True	False		False		True	False	0.11498776752265964	0.06656047712874145	17.494650323486038	1.6279126155560457	80195	1882892	35863	10203						
NC_051822.1	55656583	55708852	52269	convergent	LOC100856625	LOC111091015	True	False	True	False	False	False	True	True	False	True	False		False		True	False	0.1112739097034567	0.0645905157146383	10.994500658715396	0.8052246650456858	67283	2360414	50077	4023						
NC_051823.1	15192889	15259450	66561	convergent	LOC119864516	FAT4	True	False	False	True	False	False	True	False	False	True	False		False		False	False	0.08432671595810035	0.04526976620853429	7.082140733783148	0.7104676727781057	76169	1491726	33281	265551						
NC_051823.1	22718008	22788982	70974	convergent	NA	LOC111091051	True	True	True	False	False	False	False	True	False	False	False		False		False	False	0.1433209280781846	0.07467069136489055	8.67550976784069	1.0321796569373352	3495	9019052	1327208	101						
NC_051823.1	32708863	32761746	52883	convergent	NA	LOC100683928	True	False	False	False	False	False	False	True	False	False	False		False		False	False	0.09471546942053441	0.05044107621088445	7.089449545102232	0.6644551991698991	235304	7146649	672115	100						
NC_051823.1	40699370	40753962	54592	convergent	LOC119864393	LOC119864525	False	False	False	False	False	False	False	False	False	False	False	45.71	False	3.31068	False	False	0.08980261996765476	0.047721917226025486	6.84240076119048	0.35900905109077597	101666	844692	530211	106276	0.4522	0.9579	0.8915	0.6078	0.5686	0.6956
NC_051823.1	42150441	42214374	63933	convergent	LOC119864487	LOC119864518	True	False	False	False	False	False	False	True	False	False	False		False		True	False	0.09113834942492696	0.04795756798652493	3.7435214176549567	0.25944155787844836	232407	2300433	1863467	12142						
NC_051823.1	43660794	43734482	73688	convergent	LOC119864395	LOC119864396	False	False	False	False	False	False	False	False	False	False	False	26.7	False	4.45736	False	False	0.08774576955746392	0.047120508599105736	5.221492198373678	0.41575164860466796	72638	3815664	348236	71379	0.4642	0.8772	0.8962	0.6077	0.4531	0.6597
NC_051823.1	46607767	46663039	55272	convergent	KYNU	LOC111091185	True	False	False	False	False	False	False	True	False	False	False		False		False	False	0.10096556529400576	0.05647935895513004	8.05271481819316	0.3851542146460257	35403	6753429	758879	2649						
NC_051823.1	50766576	50830568	63992	convergent	LOC111091082	LOC111091197	True	False	False	False	False	False	False	True	False	False	False		False		True	False	0.09170651892458975	0.04964856265961377	14.164594433421646	1.1485460658612014	101428	10916598	2553781	3914						
NC_051823.1	51746959	51816629	69670	convergent	LOC111091200	LOC119864405	True	False	False	False	False	False	False	True	False	False	False		False		True	False	0.10235466330731623	0.0572503560412461	29.803077312684955	2.7741929068499034	56794	11899820	1570559	13105						
NC_051823.1	53515801	53574039	58238	convergent	LOC119864407	LOC119864408	True	False	False	False	False	False	True	True	False	True	False		False		True	False	0.09138091141758342	0.05022553044434005	23.019920959732097	2.0029710791246207	30080	13662946	172424	27951						
NC_051823.1	53669125	53730654	61529	convergent	LOC100687327	LOC119864410	True	False	False	False	False	False	False	True	False	False	False		False		False	False	0.0930358323153955	0.04956266865877493	19.444230415476714	1.925552869824448	99889	13817915	327393	16343						
NC_051824.1	4223236	4289981	66745	convergent	LOC100683648	CHCHD4	True	True	False	False	False	False	True	True	False	False	False		False		False	False	0.08698795382981354	0.045340386507475246	6.361430505369469	0.48567095022590484	0	3741862	93658	2304						
NC_051824.1	11749774	11807289	57515	convergent	LOC100685632	LOC111091252	True	True	False	False	False	False	False	True	False	False	False		False		True	False	0.0891332061873367	0.047998195580980306	5.381360671918807	0.37433706830986213	28531	3780039	3537964	29272						
NC_051824.1	12427622	12487484	59862	convergent	LOC111091257	EDEM1	True	False	False	False	False	False	False	True	False	False	False		False		False	False	0.09934558469948633	0.055015672820089	9.399151211217188	0.7598823959171501	42447	4459061	4216986	15216						
NC_051824.1	13377340	13441692	64352	convergent	LOC476550	LOC100686411	True	False	False	False	False	False	False	True	False	False	False		False		False	False	0.08806904820599044	0.04650591370987246	4.610986386131905	0.26108803249111723	109516	5411024	3404166	7432						
NC_051824.1	17040502	17103820	63318	convergent	LOC102154165	LOC119864650	True	True	False	False	False	False	True	True	False	True	False		False		False	False	0.08784389396803494	0.04633291995005294	5.342488430486683	0.4945292693867709	2839	9073669	63184	5458						
NC_051824.1	19442546	19500025	57479	convergent	SHQ1	LOC102154862	True	True	False	False	False	False	False	True	False	False	False		False		True	False	0.10488369685775467	0.05888792667158457	15.101358389596339	1.623650519701696	3715	11472793	1000823	11927						
NC_051824.1	21700981	21759122	58141	convergent	MDFIC2	LOC119864576	True	False	False	False	False	False	True	False	False	False	False		False		False	False	0.08912104663835863	0.04766743599607821	8.027496397460183	0.7034740362924501	94949	13731559	153260	107355						
NC_051824.1	24572625	24634330	61705	convergent	LOC102157163	LOC111091281	True	True	False	False	False	False	False	False	False	True	False		False		True	False	0.08879084631595786	0.04632250168721621	5.334945762944659	0.38750712166947765	3477	13208504	345270	54159						
NC_051824.1	32811725	32865996	54271	convergent	LOC111091305	SLMAP	True	True	False	False	False	False	False	True	False	False	False		False		True	False	0.1068090273117384	0.06051651447416315	20.627089857361316	2.0016423525289566	11140	4973121	471846	4910						
NC_051825.1	1063011	1131564	68553	convergent	LOC111091473	LOC606831	True	False	False	False	False	False	False	True	False	False	False		False		False	False	0.08602153093912612	0.04559650759913423	6.9020056011867	0.6943654873523528	77713	5367498	380045	16346						
NC_051825.1	11676400	11742674	66274	convergent	GRM5	LOC119864956	True	False	False	False	False	False	False	True	False	False	False		False		True	False	0.08975312911740212	0.047659204860377814	7.695094469334437	0.4897610927061527	84537	5244731	2267972	4908						
NC_051825.1	15952393	16002786	50393	convergent	DLG2	LOC100686619	True	True	False	True	False	False	True	True	False	True	False		False		False	False	0.08844694397344446	0.046452544727006655	9.046503420517574	0.6830004382954402	22411	3761275	25196	46491						
NC_051825.1	38848629	38901890	53261	convergent	LOC102152988	CRSP-2	True	False	False	False	False	False	True	True	False	True	False		False		False	False	0.08605100586275971	0.04531076059513743	6.313100677245992	0.8161386883096586	299741	4352939	133670	2685						
NC_051825.1	48906661	48959809	53148	convergent	BBOX1	LOC111091586	True	False	False	False	False	False	False	True	False	False	False		False		True	False	0.09264894527591347	0.04926209243790662	21.594308996456242	2.1298070289979223	291765	2992202	402557	11327						
NC_051825.1	51990876	52054339	63463	convergent	LOC119864909	LOC119864867	True	False	False	False	False	True	False	True	False	False	False		False		True	False	0.041758577011848125	0.0174259320911501	8.379940532485604	0.65962826445628	297607	97145	2635643	26437						
NC_051826.1	1416239	1480570	64331	convergent	LOC111091743	LOC111091793	True	False	False	False	False	False	False	False	False	False	False	39.29	False	4.48116	True	False	0.09052659660449759	0.04846676168654324	21.42101121271398	1.3082889898620742	98404	386118	418913	61550						
NC_051826.1	5334971	5405776	70805	convergent	ZC3H13	LOC111091811	True	True	False	True	False	False	True	True	False	False	False		False		True	False	0.09529742272779648	0.05144746539385544	23.215468298130375	2.017511182139711	0	857152	35402	32594						
NC_051826.1	10143251	10217071	73820	convergent	LOC111091828	LOC100685259	True	False	False	False	False	True	False	False	False	False	False		False		False	False	0.09478099473735176	0.05158376670397524	11.089036047689145	1.278957518625133	80161	120131	3907823	52861						
NC_051826.1	14184578	14251277	66699	convergent	PCDH17	LOC119865129	True	False	False	True	False	False	True	False	False	True	False		False		False	False	0.08705800228471776	0.04672900142531497	6.942017841584719	0.32132754519275847	267927	4157897	33349	98090						
NC_051826.1	16687132	16738584	51452	convergent	TDRD3	LOC100686550	True	True	False	False	False	False	False	True	False	False	False		False		True	False	0.09220924244744653	0.04942629803911872	12.596137540621063	1.1858417441408882	12142	6652828	675578	24565						
NC_051826.1	19596764	19663367	66603	convergent	LOC100687588	LOC100687653	False	False	False	False	False	False	False	False	False	False	False	26.06	False	4.29328	False	False	0.08686018058708254	0.045723253427730544	6.142478946001356	0.3657293402993669	269935	9570035	1947532	50525	0.4929	0.8425	0.8934	0.6078	0.8856	0.7445
NC_051826.1	27517646	27576124	58478	convergent	KLF5	LOC100682890	True	False	False	True	False	False	True	False	False	True	False		False		False	False	0.09163369834392487	0.049256774289741706	10.951355056511826	0.8428612611707741	346885	15332413	29239	52834						
NC_051826.1	29235878	29299159	63281	convergent	LOC100684181	LOC111091654	False	False	False	False	False	False	False	False	False	False	False	35.11	False	5.65148	False	False	0.08745415302619197	0.045885888008570054	4.829903702207591	0.20412134589212597	107482	13611780	482950	134195	0.4896	0.8658	0.8975	0.608	0.5894	0.6901
NC_051826.1	33638670	33695479	56809	convergent	LOC106557558	SPRY2	True	True	False	True	False	False	True	True	False	False	False		False		False	False	0.08945063830843329	0.0468344437109311	6.11003682042774	0.5184113813371501	7926	9212224	28405	27708						
NC_051826.1	36431283	36491812	60529	convergent	LOC100684683	LOC111091757	True	False	False	False	False	False	False	True	False	False	False		False		False	False	0.08783637506661927	0.04673823265466172	5.200057196366588	0.41945990218245655	313453	6417751	2760955	14467						
NC_051826.1	45865441	45937672	72231	convergent	GPR180	SOX21	True	True	False	False	False	False	False	True	False	False	False		False		True	False	0.09208973134125073	0.049198705133687265	9.619164349230806	1.4786124450202083	0	3021535	1598909	34122						
NC_051826.1	55453706	55512794	59088	convergent	LOC100683697	LOC111091706	True	True	False	False	False	False	False	False	False	False	False		False		True	False	0.09142098781614164	0.04928221874596738	6.800298103414271	0.4518783185451418	0	12603229	3335689	91811						
NC_051826.1	55859005	55918918	59913	convergent	LOC119865267	LOC119865154	False	False	False	False	False	False	False	False	False	False	False	25.53	False	5.220280000000001	False	False	0.0905148079925299	0.048389590497302466	10.076182871844743	0.914056719479143	186039	13008940	2929978	80888	0.4391	0.9857	0.8838	0.5983	0.7862	0.7386
NC_051826.1	59581650	59643922	62272	convergent	ING1	LOC119865109	True	True	False	True	False	False	True	True	False	False	False		False		False	False	0.12352125624286629	0.07077976532565043	15.120473407150318	1.0061100991472296	12786	16732765	31136	6796						
NC_051827.1	1109045	1172665	63620	convergent	SYNDIG1	LOC100688361	False	False	False	False	False	False	False	False	False	False	False	39.0	False	2.41274	False	False	0.10073129897327225	0.05612404116398256	11.228837971077033	0.8951839793006736	65855	877667	1696441	117837	0.3133	0.6436	0.8815	0.5987	0.4222	0.5719
NC_051827.1	2619236	2673562	54326	convergent	LOC100687334	LOC111091893	True	False	False	False	False	True	True	True	False	False	False		False		False	False	0.08300659718686432	0.04375322611589935	6.127348096330247	0.4393912590373466	28601	173476	190897	8529						
NC_051827.1	3227875	3294390	66515	convergent	LOC111091943	LOC119865296	True	False	True	False	False	False	False	True	False	False	False		False		True	False	0.09819865521804205	0.05359929552939168	9.84338187156568	0.7717476168656682	88868	788209	389354	6598						
NC_051827.1	6808405	6874087	65682	convergent	STAC	LOC100685633	True	True	False	False	False	False	False	True	False	False	False		False		False	False	0.08773747697844182	0.04602399438407265	5.121223852760778	0.41666723651233034	8754	734933	333169	41839						
NC_051827.1	10487084	10553541	66457	convergent	LOC111091857	LOC106557623	True	False	False	False	False	False	False	False	False	True	False		False		False	False	0.09470383539612685	0.050117366770308036	6.825470288681153	0.5286785807753355	195312	2005383	300859	76984						
NC_051827.1	23551824	23607775	55951	convergent	LOC111091912	LOC119865327	True	True	False	False	False	False	True	True	False	False	False		False		False	False	0.0874893127120208	0.04686413092721114	3.9267548010920597	0.05406655945717251	0	11054081	71591	1649						
NC_051827.1	29008575	29073911	65336	convergent	NUDT16	MRPL3	True	False	False	False	False	False	False	True	False	False	False		False		True	False	0.09800113516036264	0.054132428495612124	14.720881757036219	1.4290119657525227	133757	16515525	3859201	2008						
NC_051827.1	34198197	34269938	71741	convergent	LOC111091952	LOC119865310	True	False	False	False	False	False	False	False	False	False	False	33.47	True	8.54362	False	False	0.0901317874712688	0.04853068226526085	4.0758217675412025	0.2066470189553595	209067	15586082	681582	89176						
NC_051827.1	34370653	34427811	57158	convergent	LOC111091954	LOC119865330	True	False	False	False	False	False	False	True	False	False	False		False		False	False	0.08893436746604688	0.048046475600771944	6.063538392483027	0.8606609608223369	374232	15420917	516417	1459						
NC_051827.1	39231375	39301877	70502	convergent	CHST2	LOC100688497	True	False	False	False	False	False	False	True	False	False	False		False		False	False	0.1033540392459579	0.05777339207067361	18.875667538706633	1.6525563452180296	41626	10553523	510575	45659						
NC_051827.1	45474517	45526737	52220	convergent	LOC100855515	LOC119865420	True	True	False	False	False	False	False	True	False	False	False		False		False	False	0.09371907499334782	0.05053581478045419	13.219259210749836	1.1526139952788912	24373	4319522	462461	5091						
NC_051828.1	11487994	11545704	57710	convergent	LOC119865622	LOC111092144	True	False	False	False	False	False	False	True	False	False	False		False		False	False	0.0896551780444404	0.047140092850385576	4.701601991275755	0.5898987627184048	358151	6369856	551341	17154						
NC_051828.1	16606256	16661497	55241	convergent	GPCPD1	LOC119865589	True	True	False	False	False	False	True	False	False	False	False		False		True	False	0.08273081939893849	0.04721473650932693	8.811293051972562	0.7405099405055872	16124	1252829	258280	68765						
NC_051828.1	19302591	19370767	68176	convergent	LOC111092201	STK35	True	False	False	False	False	False	True	True	False	False	False		False		True	False	0.10101341973789993	0.05405156948944439	17.183033685793966	1.4818929854097482	86679	1449951	195761	42345						
NC_051828.1	26717079	26778334	61255	convergent	SRC	LOC111092200	True	True	False	True	False	False	True	True	False	True	False		False		True	False	0.11060215283230956	0.06325819131019465	23.19331918226083	2.4229438216084396	22706	2026181	30627	2949						
NC_051828.1	36042329	36111036	68707	convergent	LOC119865683	PREX1	True	True	False	True	False	False	True	True	False	False	False		False		True	False	0.10262721606986341	0.0568475563293884	28.91492565821328	3.062069741278895	0	11274911	34354	8351						
NC_051828.1	36665388	36721820	56432	convergent	LOC111092109	KCNB1	True	True	False	False	False	False	True	True	False	False	False		False		True	False	0.10599201074801826	0.059422747062584505	14.419774999608764	1.2580659598201605	0	10657989	58064	1133						
NC_051828.1	37513357	37574621	61264	convergent	LOC119865562	LOC102152659	True	False	True	False	False	False	True	True	False	False	False		False		True	False	0.11860369617701395	0.06984076811540833	31.137335327647136	3.3379247114826742	56011	9807604	98513	17403						
NC_051828.1	40064815	40121938	57123	convergent	TSHZ2	ZNF217	True	True	False	True	False	False	True	True	False	False	False		False		True	False	0.09844180804055823	0.05349062990589665	20.003227209079842	1.856554027705281	6624	7258217	28562	34995						
NC_051828.1	42475068	42526723	51655	convergent	LOC611771	LOC119865771	True	True	False	False	False	False	True	True	False	False	False		False		True	False	0.0976227085368737	0.052482256579848355	33.48793094074032	3.915595814474411	0	4850698	48187	1702						
NC_051828.1	42745535	42819449	73914	convergent	LOC119865786	LOC119865699	True	False	False	False	False	False	True	True	False	True	False		False		False	False	0.021539360756082024	0.007816883994156032	6.119518927814119	0.5110001404445832	192508	4569101	222976	1067						
NC_051829.1	326595	381037	54442	convergent	THSD1	LOC100684545	True	True	False	False	False	False	False	True	False	False	False		False		False	False	0.0848181148431235	0.044513742377716485	6.598480843927941	0.5510718285108895	21184	9552611	346804	28615						
NC_051829.1	804447	863659	59212	convergent	FOXO1	LOC102153908	True	False	False	True	False	False	True	True	False	True	False		False		True	False	0.093888085366447	0.05001321582295142	12.97759749394302	0.8139196230261256	184053	9072374	29606	35437						
NC_051829.1	9416764	9476935	60171	convergent	LOC119865997	LOC119865829	True	False	False	False	False	False	True	True	False	True	False		False		True	False	0.08043003999295324	0.04541908473888017	10.253508505746067	0.7734801220982948	78151	459578	62204	8343						
NC_051829.1	12228903	12283288	54385	convergent	LOC106557742	LOC102153058	True	True	False	False	False	False	True	True	False	False	False		False		True	False	0.1075681543685223	0.059697923044686976	16.306902216609046	1.363443752755287	0	2349643	40224	3792						
NC_051829.1	16583402	16638128	54726	convergent	LOC119865834	LOC106557750	True	False	False	False	False	False	True	True	False	True	False		False		True	False	0.09271382247565613	0.04953137149869779	12.176907678432066	0.9107444892027609	35765	2551047	156950	18044						
NC_051829.1	20424770	20475505	50735	convergent	LOC111092453	NEK1	True	False	False	False	False	False	False	True	False	False	False		False		False	False	0.08549762362484736	0.04597750183566046	6.37693240923196	0.4213034945781071	49863	323599	1284234	39288						
NC_051829.1	34024080	34083975	59895	convergent	NKX3-1	LOC111092402	True	False	False	True	False	False	True	True	False	True	False		False		False	False	0.09459592152422044	0.05220123628675764	10.734021162155011	0.6581286388685972	104027	1174155	29947	31681						
NC_051829.1	40554664	40610407	55743	convergent	AGFG1	LOC486150	True	False	False	False	False	False	False	True	False	False	False		False		False	False	0.09285835948469538	0.05014460219628355	16.561941215560072	1.2218582714942756	192465	4929314	646249	47540						
NC_051829.1	45854728	45924770	70042	convergent	LOC119866032	LOC119865861	True	False	True	False	False	False	False	True	False	False	False		False		True	False	0.10809687143317835	0.06183855306662187	21.017311496999053	1.4684576055683098	160251	377875	311364	25690						
NC_051829.1	46659216	46733469	74253	convergent	LOC111092437	LOC119865863	True	False	False	False	False	False	False	True	False	False	False		False		True	False	0.10133239286409193	0.05582879915009945	29.22092962184716	3.481911500297755	146342	1184468	979240	18943						
NC_051830.1	3084750	3142913	58163	convergent	SLC15A4	TMEM132C	True	True	False	False	False	False	False	True	False	False	False		False		False	False	0.10006438661769677	0.05508837572973772	24.648985305233133	1.5638909027474635	0	11674446	1079421	16041						
NC_051830.1	4496506	4546999	50493	convergent	LOC119866086	LOC477441	True	True	False	False	False	False	False	True	False	False	False		False		False	False	0.09371587702769336	0.04975220807122595	14.714537463666485	1.0816117304198327	21752	10266525	684551	5806						
NC_051830.1	12974593	13028567	53974	convergent	LOC119866092	MED13L	True	True	False	False	False	False	False	True	False	False	False		False		True	False	0.11764040685445357	0.07130066652450355	27.02480789054145	2.952786649899651	1580	1786697	1033739	25078						
NC_051830.1	17193803	17254161	60358	convergent	LOC119866085	LOC119866121	True	False	False	False	False	False	True	False	False	True	False		False		True	False	0.049906595543661246	0.021445484914628745	8.449633491946496	0.6414240953355752	123982	2435680	131538	58224						
NC_051830.1	20964282	21018696	54414	convergent	LOC119866095	LOC119866096	True	False	False	False	False	False	False	True	False	True	False		False		False	False	0.09859154331262168	0.05312982729883657	10.684015351794374	1.3405123867343622	41489	6203187	592288	32180						
NC_051830.1	37136455	37205993	69538	convergent	LOC106557850	LOC102154823	True	False	False	False	False	False	True	True	False	True	False		False		True	False	0.09203258052346727	0.04991544149822823	22.253066912877898	2.2232811589942845	146224	4840999	56303	21534						
NC_051831.1	11296029	11362267	66238	convergent	LOC106557871	LOC111092904	True	False	False	False	False	False	False	True	False	False	False		False		True	False	0.08874448725398469	0.04737511194794502	6.400332665548039	0.3924791970726284	220852	10054707	2554120	12958						
NC_051831.1	12006551	12065044	58493	convergent	GXYLT1	LOC111092835	True	True	False	False	False	False	False	False	False	False	False		False		True	False	0.09217084775101904	0.049355359861720426	11.193128600139724	0.7384878202083917	0	10761356	3260769	63903						
NC_051831.1	13274723	13345552	70829	convergent	NA	MUC19	True	True	False	False	False	False	False	True	False	False	False		False		True	False	0.07464238610987067	0.03833545103188162	6.617767930834809	0.36459833354740395	14863	12035696	3010052	100						
NC_051831.1	17823426	17886691	63265	convergent	IPO8	LOC100685338	True	True	False	False	False	False	False	False	False	False	False		False		False	False	0.08537665031701755	0.04436984603663743	9.267285391669644	0.8252043548966145	0	16580617	1507657	79785						
NC_051831.1	32573520	32640058	66538	convergent	LOC102155441	LOC100685365	True	True	False	False	False	False	False	True	False	False	False		False		True	False	0.1037078949458011	0.05705643793696618	10.128932111206373	0.732588029644466	18211	5827486	309949	5554						
NC_051831.1	39677324	39739751	62427	convergent	ANO2	NTF3	False	False	False	False	False	False	False	False	False	False	False	28.74	False	5.1012200000000005	False	False	0.09948327562328044	0.054193528162028964	13.696561047190237	1.5023591962249838	341463	1273818	881321	154498	0.34	0.6846	0.8768	0.5857	0.9304	0.6835
NC_051831.1	40299441	40358999	59558	convergent	LOC119866433	GALNT8	True	False	False	False	False	False	False	True	False	False	False		False		False	False	0.09217241599258294	0.04939942664430947	5.157886945287246	0.5439813871635835	170780	1894501	329915	5828						
NC_051832.1	2510899	2563279	52380	convergent	NA	OR6D5	True	True	False	False	False	False	False	True	False	False	False		False		True	False	0.0823939749969847	0.042644865087244035	6.708912483097204	0.6800743253074004	0	2169457	491937	100						
NC_051832.1	6155210	6215233	60023	convergent	LOC119866635	LOC106557967	True	True	False	False	False	False	False	True	False	False	False		False		False	False	0.09452953073497254	0.05064612733556721	8.898868466888146	0.8631834468797318	14779	890985	593010	6286						
NC_051832.1	24424569	24481957	57388	convergent	LOC100855860	LOC111093048	True	False	False	False	False	False	True	True	False	True	False		False		True	False	0.10588652786282989	0.060000511661515696	11.532293585012397	0.9690681254544283	153263	8211080	44249	15173						
NC_051832.1	25443005	25493730	50725	convergent	ADRB1	CCDC186	True	False	False	False	False	False	True	True	False	False	False		False		True	False	0.10113408711854706	0.0561989234568784	11.758901378385145	0.9000083028894036	181633	9226184	202315	2132						
NC_051832.1	34214445	34267922	53477	convergent	LOC111093045	LOC119866531	True	False	False	False	False	False	True	True	False	False	False		False		True	False	0.11089333789122459	0.06403986353313228	25.480154148401233	3.061830608031519	58817	7238293	143759	33753						
NC_051833.1	357464	431756	74292	convergent	UBE2V2	LOC100856084	True	True	False	False	False	False	True	True	False	False	False		False		False	False	0.08516321742482649	0.04483753509328633	9.115339563511274	0.8047121994162764	0	13967579	135007	37539						
NC_051833.1	1669770	1738756	68986	convergent	LOC100684688	LOC119866769	True	False	False	False	False	False	False	True	False	False	False		False		False	False	0.08279162786087316	0.04385861546478835	7.710674066726459	0.9416810316253309	120737	12657926	490928	2166						
NC_051833.1	20829395	20898312	68917	convergent	LOC119866675	MSC	True	True	False	False	False	False	False	True	False	False	False		False		True	False	0.09108178338613777	0.04928860546784929	6.762576547549882	0.6294629384100751	13853	6501643	1220733	1682						
NC_051833.1	21906082	21964104	58022	convergent	LOC111093217	LOC119866789	True	True	False	False	False	False	False	True	False	False	False		False		True	False	0.09280796782353898	0.049458830694681495	11.219633525211517	1.4024063627499224	0	7463482	1854802	937						
NC_051833.1	23112498	23172320	59822	convergent	LOC111093212	LOC111093135	False	False	False	False	False	False	False	False	False	False	False	43.94	False	4.77938	False	False	0.08787885140942515	0.04644622646183588	4.029149057082302	0.34948575082925226	142409	6256166	647486	165046	0.478	0.8824	0.9004	0.6079	0.6939	0.7125
NC_051833.1	23509733	23568950	59217	convergent	CRISPLD1	LOC100688946	True	False	False	False	False	False	True	True	False	True	False		False		True	False	0.086321368375751	0.04618640401825162	5.883852357483714	0.48449590357873423	39341	5859234	250554	2243						
NC_051833.1	28263136	28333785	70649	convergent	LOC106558008	PAG1	True	True	False	False	False	False	False	True	False	False	False		False		True	False	0.0951373804544004	0.0520742501813979	12.59450870363954	1.0995352030783276	1540	1100115	320836	15590						
NC_051833.1	28623707	28681799	58092	convergent	FABP5	LOC119866803	True	True	False	True	False	False	True	True	False	False	False		False		True	False	0.09413840940876285	0.051867963920830415	7.638497999552978	0.6704024186672595	27753	745822	29046	4516						
NC_051833.1	38580004	38634159	54155	convergent	LOC100685448	LOC119866804	True	False	False	False	False	False	False	True	False	False	False		False		True	False	0.09648300688106723	0.05241320443229325	17.45810528724965	1.1610855871783645	142919	9208482	515007	45988						
NC_051834.1	2536913	2592033	55120	convergent	LOC111093357	GJD2	True	False	False	False	False	False	True	True	False	True	False		False		True	False	0.09652494423733018	0.0518559653681433	10.167993306646144	1.1650624490618255	114473	768957	121203	3679						
NC_051834.1	4478505	4544211	65706	convergent	CDIN1	MEIS2	True	True	False	True	False	False	True	False	False	False	False		False		True	False	0.08991167553383092	0.04830710341079454	10.757312232398142	1.4832676765015955	0	1177903	32853	110217						
NC_051834.1	11061036	11119847	58811	convergent	LOC119866880	LOC111093393	True	True	False	False	False	False	False	True	False	False	False		False		False	False	0.0965491639432868	0.05208826654672542	10.248436868008648	0.9410280431595819	0	847547	409320	942						
NC_051834.1	24994850	25055410	60560	convergent	FOXB1	LOC119866903	True	False	False	False	False	False	False	True	False	False	False		False		True	False	0.09000752999991479	0.047867675670859366	5.800692018540739	0.5658657511352796	149870	2575237	327567	44442						
NC_051834.1	32644888	32717232	72344	convergent	LOC111093320	LOC100684041	True	True	False	False	False	False	True	True	False	False	False		False		False	False	0.09804902869834933	0.053293256665482104	20.053949520101607	2.0588489198847078	0	5080671	256888	13042						
NC_051834.1	34669412	34723012	53600	convergent	LOC102154511	LARP6	True	True	False	False	False	False	False	True	False	False	False		False		True	False	0.09799255724199377	0.05366597883227231	20.778133430771447	1.845371125680515	3788	3725696	1149534	666						
NC_051834.1	38942658	39000282	57624	convergent	LINGO1	LOC119866844	True	True	False	False	False	False	True	True	False	False	False		False		True	False	0.11259266413674823	0.06486363127319768	51.50377981960116	7.539495073010606	0	549542	267826	9662						
NC_051835.1	955347	1016678	61331	convergent	LOC100688275	LOC102152193	True	False	False	False	False	False	False	True	False	False	False		False		False	False	0.08632515350388313	0.04609431371977263	4.59912456611805	0.5001620494021437	61012	12301976	882355	4002						
NC_051835.1	13106261	13156978	50717	convergent	LOC119867042	LOC111093424	True	False	False	False	False	True	False	True	False	False	False		False		False	False	0.08714917094212117	0.04656471673804496	3.399884938646208	0.41717157233212593	31619	156369	982062	19315						
NC_051835.1	18249632	18323889	74257	convergent	LOC100685420	LOC100685577	False	False	False	False	False	False	False	False	False	False	False	42.86	False	2.96612	False	False	0.08582361385571871	0.04625353768318939	7.313261329581942	0.6316075636920083	263240	2846082	2982980	59407	0.482	0.8021	0.8903	0.6051	0.8808	0.732
NC_051835.1	23436373	23508916	72543	convergent	LOC111093569	LOC119867012	True	False	False	False	False	False	False	False	False	False	False	26.44	False	5.49128	True	False	0.08581109393251486	0.04504509535151393	5.3680023204142575	0.4242314555273111	422644	2339779	702325	124149						
NC_051835.1	33017236	33069006	51770	convergent	LOC102152343	LOC111093484	True	True	False	False	False	False	True	True	False	True	False		False		True	False	0.09860863796289641	0.053539711489671904	13.176932222673157	1.1128142193475008	6879	2736844	89446	7688						
NC_051835.1	33785714	33837005	51291	convergent	LOC119867070	LOC111093482	True	True	False	False	False	False	False	True	False	False	False		False		False	False	0.09364301034303057	0.050222979048433515	13.136519458476197	1.1003174781163725	0	3505082	369636	12097						
NC_051835.1	36406001	36461046	55045	convergent	SLC37A1	LOC119867027	True	True	False	False	False	False	True	True	False	True	False		False		True	False	0.10781475717774436	0.06127394358977587	40.236008235749914	4.993014376704384	8523	6127246	232475	5355						
NC_051836.1	3698661	3752870	54209	convergent	LOC111093630	GK2	True	False	False	False	False	False	False	True	False	False	False		False		False	False	0.08338622587137796	0.04469396473503754	6.668858856117911	0.7234666304190994	174235	28928985	382996	18910						
NC_051836.1	11276866	11345764	68898	convergent	MEPE	LOC111093643	True	False	True	False	False	False	True	True	False	True	False		False		True	False	0.09235490522991423	0.04989738018365979	7.159324926172787	0.4150846809268368	113685	21343435	95065	22413						
NC_051836.1	27013911	27071204	57293	convergent	NPNT	TBCK	True	False	False	False	False	False	False	True	False	False	False		False		False	False	0.09404162322807189	0.05038548064089068	11.773707648274314	0.7075272783184798	142557	5612193	683450	1845						
NC_051837.1	574972	634483	59511	convergent	LOC111093784	LOC111093791	True	True	False	False	False	False	True	True	False	False	False		False		True	False	0.08677943060968905	0.04658700020667099	15.752998230026579	1.2525304923210856	4727	18147617	205352	8592						
NC_051837.1	7790832	7842018	51186	convergent	LOC111093705	IMPG2	False	False	False	False	False	False	False	False	False	False	False	31.33	False	4.81276	False	False	0.0914009339769453	0.0487064758489407	10.838721232427604	0.7417709762918023	33575	10935919	340841	84740	0.4329	0.9799	0.8822	0.6026	0.2682	0.6332
NC_051837.1	8568536	8621477	52941	convergent	LOC119867284	LOC111093752	True	False	False	False	False	False	False	True	False	False	False		False		True	False	0.09332823421994846	0.04992766455204759	10.969080723132395	0.6264043044703226	29994	10157338	432187	29224						
NC_051837.1	11353405	11418044	64639	convergent	ALCAM	CBLB	True	True	False	True	False	False	True	True	False	False	False		False		True	False	0.08994331142588204	0.04735997368639221	15.793565212889714	0.833139076794749	14276	7366620	32320	12513						
NC_051837.1	20017414	20079909	62495	convergent	GAP43	LSAMP	True	False	False	True	False	False	True	False	False	True	False		False		True	False	0.09641107259538836	0.05285324692339866	10.10686561561564	0.8716568585236874	51339	1296297	31248	149473						
NC_051837.1	31269207	31329671	60464	convergent	LOC106558167	FAM43A	True	True	False	False	False	False	True	True	False	False	False		False		True	False	0.1083002751069619	0.06180372794839853	51.582471423226856	6.234784753616513	561	1384109	45354	15122						
NC_051838.1	7080793	7147581	66788	convergent	NSUN2	UBE2QL1	True	True	False	True	False	False	True	True	False	False	False		False		True	False	0.10367966666976819	0.05796979705932631	36.628175626684175	3.6568187880995398	0	5122751	33394	27945						
NC_051838.1	10054548	10126362	71814	convergent	LOC111093922	LOC119867475	True	False	False	False	False	False	False	True	False	False	False		False		True	False	0.09834526385275937	0.05403560961467302	19.660537291105044	2.804483851355649	334545	2146483	644181	2860						
NC_051838.1	19004008	19067846	63838	convergent	LOC119867441	CRYGS	True	False	False	False	False	False	True	True	False	False	False		False		False	False	0.1031239582110623	0.05712239152385595	16.189068485244793	1.1794798688066768	39073	1869525	236466	3832						
NC_051838.1	19321861	19376696	54835	convergent	ADIPOQ	LOC119867406	True	False	False	True	False	False	True	True	False	True	False		False		True	False	0.10492466639531811	0.058887193649069726	11.758904058064386	0.7135373737330385	49278	1556174	27417	2453						
NC_051838.1	33370196	33420674	50478	convergent	MIR551B	LOC119867412	True	False	False	False	False	True	False	True	False	True	False		False		False	False	0.08723780173879528	0.04644093269991157	5.087523975513479	0.25534180216031527	220435	25252	429536	3486						
NC_051838.1	33641835	33705242	63407	convergent	LOC119867455	LOC102151967	True	False	False	False	False	False	True	True	False	True	False		False		False	False	0.08638630918754442	0.046515822115099935	5.312851841481554	0.40958472583135624	176462	303355	151433	43751						
NC_051838.1	34380069	34430694	50625	convergent	LOC102152454	LOC111093889	True	True	False	False	False	False	True	True	False	True	False		False		True	False	0.09412474781279702	0.050154659738462164	15.923452432117957	1.4632687599864524	5381	1035198	27413	2101						
NC_051838.1	36725342	36775647	50305	convergent	FNDC3B	GHSR	True	False	False	True	False	False	True	True	False	True	False		False		False	False	0.09303628110871402	0.04984182592881144	16.226783285700847	1.4123871696166073	50494	3380311	25152	28281						
NC_051838.1	40621835	40683716	61881	convergent	LOC111093930	TBL1XR1	True	True	False	False	False	False	False	False	False	False	False		False		True	False	0.10312760595563374	0.05737420737656368	47.580131829360894	3.561482566882141	0	7282592	3609426	88955						
NC_051839.1	1643004	1708560	65556	convergent	LOC119867596	LOC119867597	True	True	False	False	False	False	True	True	False	False	False		False		True	False	0.09345690957418594	0.05039484862826205	19.61140734991134	1.9648546443658477	24218	inf	36497	3719						
NC_051839.1	1805405	1856208	50803	convergent	FOXF2	LOC100684996	True	False	False	True	False	False	True	True	False	True	False		False		True	False	0.09632165735445379	0.053277498996114094	29.765362937841747	3.5176465464157354	94194	inf	25401	2877						
NC_051839.1	11518999	11569382	50383	convergent	LOC111093992	LOC111094013	True	False	True	False	False	False	False	True	False	False	False		False		True	False	0.10059488367158603	0.05475051350763576	7.828766181589027	0.29876381610005326	205810	inf	405431	37062						
NC_051839.1	18052245	18123443	71198	convergent	LOC111093969	LOC102156827	True	False	False	False	False	False	False	True	False	True	False		False		False	False	0.08831721117477805	0.047673325531960235	6.919942473518034	0.7126248423114638	612156	inf	376258	294						
NC_051839.1	18480986	18533175	52189	convergent	LOC111094025	LOC111094007	True	False	False	False	False	False	True	True	False	True	False		False		False	False	0.09214091689294707	0.04962761446152067	11.125429783722831	1.1573053557821436	192920	inf	39986	13892						
NC_051840.1	1166863	1219794	52931	convergent	GALNT13	LOC106558288	True	False	False	False	False	False	False	True	False	False	False		False		True	False	0.08969840513673659	0.04822467379567816	9.234088356192942	0.824612130412676	68328	364259	794834	8308						
NC_051840.1	7616013	7676372	60359	convergent	LOC111094266	GCG	True	True	False	False	False	False	True	True	False	True	False		False		True	False	0.09224433358057665	0.049227513319943295	10.691699387428853	0.682230947061838	28808	6088582	39214	9035						
NC_051840.1	8466112	8532234	66122	convergent	LOC100688550	LOC119867785	True	False	False	False	False	False	False	True	False	False	False		False		False	False	0.08174068631848021	0.04333069430880695	5.515392248037927	0.652218113984221	50827	6941563	892195	12455						
NC_051840.1	14845639	14901149	55510	convergent	UBR3	LOC111094278	True	True	False	False	False	False	True	True	False	False	False		False		True	False	0.09153681147161535	0.04871187278777066	13.565519348115135	0.9640357369641589	0	5226450	270853	24761						
NC_051840.1	16124607	16177018	52411	convergent	CYBRD1	LOC111094279	True	True	False	False	False	False	True	True	False	False	False		False		False	False	0.09310729640306836	0.04981522776249158	8.345697607006336	0.4891439746341987	24188	3949032	73536	24456						
NC_051840.1	16788107	16853124	65017	convergent	LOC111094247	LOC119867830	True	False	False	False	False	False	True	True	False	False	False		False		True	False	0.09648382543708328	0.052679901613944605	16.490385036207073	1.0325929347288643	104385	3279229	224112	23081						
NC_051840.1	24054229	24128740	74511	convergent	LOC119867869	LOC111094258	True	False	False	False	False	False	False	True	False	False	False		False		True	False	0.09010689411567441	0.048069719171022006	9.584648619436319	0.7337041913297034	258516	2831477	924436	3333						
NC_051840.1	24296513	24361259	64746	convergent	LOC111094259	LOC119867786	True	True	False	False	False	False	False	True	False	False	False		False		False	False	0.09229511424129946	0.049800251614460854	13.095170435306962	0.9237017848171217	21114	3068879	687034	3497						
NC_051840.1	26520111	26586822	66711	convergent	LOC111094249	LOC102155713	True	False	False	False	False	False	False	True	False	False	False		False		False	False	0.08876986872037615	0.04792968342634434	14.018948727395669	1.1449116832821336	71534	5293459	1533264	49701						
NC_051841.1	2245776	2303016	57240	convergent	LOC119867916	TMEFF2	True	True	False	True	False	False	True	True	False	True	False		False		True	False	0.09590447614194629	0.05164015262715055	34.105825138768	3.3725032535196586	604	22795627	28620	43258						
NC_051841.1	7533022	7602083	69061	convergent	LOC100686361	LOC100686866	True	False	False	False	False	False	False	False	False	False	False	33.99	False	5.647460000000001	True	False	0.0934371850676165	0.05035688287225917	12.25358123472542	1.167714452420523	57448	17502471	516682	61328						
NC_051841.1	12473128	12532864	59736	convergent	CD28	LOC100856338	True	False	False	False	False	False	True	False	False	True	False		False		False	False	0.09287060264887637	0.05064763418868138	6.461490636889947	0.31647006135845157	297004	12567027	81281	51413						
NC_051841.1	27629161	27690392	61231	convergent	LOC119867980	EPHA4	True	False	False	False	False	False	False	True	False	False	False		False		True	False	0.09167457038981275	0.049253651655595816	12.721426553192249	1.2624450841764798	490224	1909501	711674	31298						
NC_051841.1	28495545	28545686	50141	convergent	LOC106558331	LOC119867969	True	False	False	False	False	False	True	True	False	True	False		False		False	False	0.09629634959063903	0.052504241477617127	18.625333950364762	1.7252863268896992	45615	1824982	50974	14937						
NC_051841.1	29390284	29459285	69001	convergent	LOC111094442	SCG2	True	False	False	False	False	False	False	True	False	False	False		False		False	False	0.0876617621143216	0.04705299840458549	8.223266416997463	0.5398541911086916	74784	920813	682986	23421						
NC_051841.1	29837431	29901354	63923	convergent	LOC111094360	LOC119867910	True	False	False	False	False	False	False	True	False	False	False		False		True	False	0.09160505921202293	0.04962291788298721	13.038468946971351	1.2871520480094687	230608	476205	1127594	8749						
NC_051842.1	3541738	3613722	71984	convergent	LOC111094553	LOC111094552	True	True	False	False	False	False	False	True	False	False	False		False		False	False	0.08060146248975647	0.04216744772046021	4.647479958996281	0.29782739531927843	27730	1654274	807693	8259						
NC_051842.1	6148634	6217613	68979	convergent	LOC119868013	RGS2	True	False	False	False	False	False	True	True	False	False	False		False		False	False	0.09279991965699963	0.050662417453327	7.280563828408058	0.4971874218216006	41877	4259667	206527	3338						
NC_051842.1	8585823	8643867	58044	convergent	BRINP3	LOC119868094	True	True	False	False	False	False	False	False	False	False	False		False		False	False	0.08750150626826887	0.04671526291411645	5.48224382052501	0.4999917665127515	14845	6315788	2220848	127371						
NC_051842.1	16412131	16486695	74564	convergent	LOC111094583	LOC111094562	True	False	False	False	False	False	False	True	False	False	False		False		True	False	0.09679559067784572	0.05256591055063205	11.656184377838688	0.7650216187748154	100587	1185280	1085168	8248						
NC_051842.1	19592201	19658874	66673	convergent	LOC111094531	NUF2	True	True	False	True	False	False	True	True	False	True	False		False		True	False	0.09179937674210277	0.05001250484732272	16.183482902482098	1.3621306025051578	537	1990822	33337	28573						
NC_051842.1	22834825	22886249	51424	convergent	OR10J2	ACKR1	True	True	False	False	False	False	False	True	False	False	False		False		True	False	0.09941428267601564	0.05494595668795392	38.23306495865419	4.80490399775551	14463	5225822	339361	326						
NC_051843.1	6868917	6934242	65325	convergent	CLCN4	LOC119868598	True	True	False	False	False	False	False	True	False	False	False		False		True	False	0.09746599951330565	0.054353569308049916	31.02449598423881	3.19335835800958	26579	32754261	3129056	41896						
NC_051843.1	8354252	8409529	55277	convergent	LOC106558419	LOC119868687	True	False	False	False	True	False	False	True	False	False	False		False		False	False	0.061742507573611966	0.03345341397156248	2.5856690826283235	0.289070650550383	31890	31273950	1648745	38224						
NC_051843.1	10578732	10643009	64277	convergent	LOC480844	FANCB	True	False	False	False	False	False	False	False	False	False	False	34.92	False	5.37718	True	False	0.08845694153815835	0.04806831226450399	13.585752017345015	1.445039561228029	185870	29044970	528129	73040						
NC_051843.1	15197385	15269910	72525	convergent	LOC119868379	LOC119868161	True	False	False	False	False	False	False	True	False	False	False		False		False	False	0.08886535411577971	0.04811748577105263	9.759312711233363	0.7227915714290403	41353	24422193	1008919	28321						
NC_051843.1	26196588	26269373	72785	convergent	TRNAE-CUC-22	LOC119868188	True	True	False	False	False	False	True	True	False	False	False		False		True	False	0.09158269534884406	0.049217789647236394	12.126436743668675	1.2198605088490655	0	13422860	86849	0						
NC_051843.1	32334636	32387595	52959	convergent	LOC612281	LOC111094893	True	True	False	False	False	False	False	True	False	False	False		False		False	False	0.08756259546154033	0.0477877584883052	5.151417034661624	0.46261668088862945	0	7294725	2308525	1090						
NC_051843.1	34617972	34669640	51668	convergent	LOC119868190	BCOR	True	False	False	True	True	False	True	False	False	True	False		False		False	False	0.07143662972649492	0.04051127323843732	15.685681061253842	2.9280465115265817	293806	5012034	25834	55596						
NC_051843.1	35941631	35992808	51177	convergent	LOC111094865	CASK	True	False	False	False	False	False	True	True	False	True	False		False		False	False	0.09273801513776224	0.05118879320910625	15.558693603344569	1.4024993906792096	257781	3688621	126889	19777						
NC_051843.1	50115742	50188659	72917	convergent	LOC119868203	WAS	True	False	False	False	False	False	False	True	False	True	False		False		False	False	0.06084349615295216	0.03359690672859161	5.3674490851516685	0.36115947296315004	47800	515365	378852	3158						
NC_051843.1	51534278	51599514	65236	convergent	LOC100686592	LOC491922	True	False	False	False	False	True	True	True	False	True	False		False		False	False	0.078635838379493	0.04200700276769616	10.539370457813563	1.0106969540799224	116896	235549	64235	27025						
NC_051843.1	56733328	56786162	52834	convergent	TAF1	LOC100688354	True	False	False	False	False	False	True	True	False	True	False		False		False	False	0.09129716101077041	0.04927890929464627	10.29301837907784	1.080551015084533	190255	1297688	30677	4260						
NC_051843.1	59813343	59874197	60854	convergent	UPRT	ZDHHC15	True	False	False	False	False	False	False	False	False	False	True	65.2	False	1.28456	False	False	0.08309506207144288	0.044298876764320344	5.99022566654049	0.5355365106788478	206230	785369	1167700	106185						
NC_051843.1	69851587	69907041	55454	convergent	PABPC5	LOC111094733	True	False	False	False	False	False	False	False	False	False	True	58.91	False	1.59948	False	False	0.08126366585729554	0.04369260166510152	8.959172780696745	0.9021937067636312	54314	1848307	3439600	71652						
NC_051843.1	74667098	74718660	51562	convergent	LOC119868578	LOC119868214	True	False	False	False	False	False	False	True	False	False	False		False		False	False	0.07879750527512884	0.04243521742992718	5.918637417741878	0.5036771819065129	57121	1774303	1996432	671						
NC_051843.1	77845859	77904191	58332	convergent	BHLHB9	LOC119868603	True	False	False	False	False	True	False	True	False	True	False		False		False	False	0.08479229743216946	0.04524022595087824	7.924124396932849	0.832715396879155	375025	59876	325983	2642						
NC_051843.1	79168554	79226339	57785	convergent	FAM199X	ESX1	False	False	False	False	False	False	False	False	False	False	False	43.45	False	3.70414	False	False	0.08615760234682607	0.04639520485750622	8.561121751064185	0.8299664304501188	47446	1382297	893307	56310	0.4791	0.8151	0.8872	0.6004	0.3378	0.6239
NC_051843.1	82817447	82882230	64783	convergent	PRPS1	TSC22D3	True	False	True	False	False	False	False	True	False	False	False		False		True	False	0.1294231558230166	0.07601686917279775	11.38576280150001	1.4215672526577716	99838	2070815	423761	32133						
NC_051843.1	90957857	91025361	67504	convergent	LOC119868706	LOC111094871	True	False	False	False	False	False	False	True	False	False	False		False		False	False	0.08696999671045823	0.046927790843056885	7.326934142801724	0.6354155267854152	191609	1720629	2667534	40827						
NC_051843.1	97127995	97179954	51959	convergent	XIAP	LOC119868511	True	False	False	False	False	False	True	True	False	True	False		False		False	False	0.07302602013412557	0.039307935290676256	10.26240789127558	1.1628878893395185	196026	1184266	26561	581						
NC_051843.1	99485997	99542726	56729	convergent	LOC492115	LOC609540	True	False	False	False	False	False	False	True	False	False	False		False		False	False	0.08378094623608606	0.04560033096281294	3.6999230921330883	0.37892440759948853	135639	1176099	2197273	2086						
NC_051843.1	104147730	104215864	68134	convergent	LOC119868710	IGSF1	False	False	False	False	False	False	False	False	False	False	False	32.96	False	5.8894	False	False	0.08910974033462014	0.048480071007419245	4.065117340755269	0.49992706409424165	206797	2573615	1585209	63646	0.4373	0.9308	0.9003	0.6071	0.8172	0.7385
NC_051843.1	105250253	105306545	56292	convergent	LOC119868568	LOC111094836	True	True	False	False	False	False	False	True	False	False	False		False		True	False	0.08719588294595282	0.046167678680932606	7.687813035370789	0.5639158792406331	3399	1477013	894256	19259						
NC_051843.1	105886803	105957615	70812	convergent	LOC111094882	GPC4	True	False	False	False	False	False	True	False	False	False	False		False		False	False	0.09264491979772005	0.049304219415324126	10.76663331645857	0.9792371182495545	77791	833203	250446	70703						
NC_051843.1	116212579	116266672	54093	convergent	LOC100686375	LOC100856426	True	False	False	False	False	False	False	True	False	False	False		False		False	False	0.08644384498580882	0.04626501584787414	5.449168934397839	0.4680622160400249	35375	484047	3891650	11813						
NC_051843.1	122201824	122251894	50070	convergent	LOC100686136	LOC492221	True	False	False	False	False	True	False	True	False	False	False		False		False	False	0.08613727922946221	0.04642212338798667	8.878713579289379	1.1083591050718764	201859	79580	845055	10867						
NC_051843.1	122735338	122788464	53126	convergent	LOC612447	LOC119868662	True	False	False	False	False	True	False	True	False	False	False		False		False	False	0.08602017024211153	0.04622362112867021	5.426403528601083	0.5860971220445882	38099	134285	1380097	6074						
NC_051843.1	122883327	122939331	56004	convergent	LOC119868539	CETN2	True	False	False	False	False	True	False	True	False	False	False		False		True	False	0.09242453017381079	0.05041138263140293	13.122225627159445	1.5601465967228216	61329	283713	1529525	5469						
