window_id	chrom	start0	end0	exact_locus_count	PASS_variant_record_ids	PASS_variant_records	unflagged_by_two_limited_checks	scope
w01	NC_051811.1	17255706	17255726	1		0	True	Not a guide: no PAM, mismatch/bulge screen or donor genotype
w01	NC_051811.1	17255707	17255727	1		0	True	Not a guide: no PAM, mismatch/bulge screen or donor genotype
w01	NC_051811.1	17255708	17255728	1		0	True	Not a guide: no PAM, mismatch/bulge screen or donor genotype
w01	NC_051811.1	17255709	17255729	1		0	True	Not a guide: no PAM, mismatch/bulge screen or donor genotype
w01	NC_051811.1	17255710	17255730	1		0	True	Not a guide: no PAM, mismatch/bulge screen or donor genotype
w01	NC_051811.1	17255711	17255731	1		0	True	Not a guide: no PAM, mismatch/bulge screen or donor genotype
w01	NC_051811.1	17255712	17255732	1		0	True	Not a guide: no PAM, mismatch/bulge screen or donor genotype
w01	NC_051811.1	17255713	17255733	1		0	True	Not a guide: no PAM, mismatch/bulge screen or donor genotype
w01	NC_051811.1	17255714	17255734	1		0	True	Not a guide: no PAM, mismatch/bulge screen or donor genotype
w01	NC_051811.1	17255715	17255735	1		0	True	Not a guide: no PAM, mismatch/bulge screen or donor genotype
w01	NC_051811.1	17255716	17255736	1		0	True	Not a guide: no PAM, mismatch/bulge screen or donor genotype
w01	NC_051811.1	17255717	17255737	1		0	True	Not a guide: no PAM, mismatch/bulge screen or donor genotype
w01	NC_051811.1	17255718	17255738	1		0	True	Not a guide: no PAM, mismatch/bulge screen or donor genotype
w01	NC_051811.1	17255719	17255739	1		0	True	Not a guide: no PAM, mismatch/bulge screen or donor genotype
w01	NC_051811.1	17255720	17255740	1		0	True	Not a guide: no PAM, mismatch/bulge screen or donor genotype
w01	NC_051811.1	17255721	17255741	1		0	True	Not a guide: no PAM, mismatch/bulge screen or donor genotype
w01	NC_051811.1	17255722	17255742	1		0	True	Not a guide: no PAM, mismatch/bulge screen or donor genotype
w01	NC_051811.1	17255723	17255743	1		0	True	Not a guide: no PAM, mismatch/bulge screen or donor genotype
w01	NC_051811.1	17255724	17255744	1		0	True	Not a guide: no PAM, mismatch/bulge screen or donor genotype
w01	NC_051811.1	17255725	17255745	1		0	True	Not a guide: no PAM, mismatch/bulge screen or donor genotype
w01	NC_051811.1	17255726	17255746	1		0	True	Not a guide: no PAM, mismatch/bulge screen or donor genotype
w01	NC_051811.1	17255727	17255747	1		0	True	Not a guide: no PAM, mismatch/bulge screen or donor genotype
w01	NC_051811.1	17255728	17255748	1		0	True	Not a guide: no PAM, mismatch/bulge screen or donor genotype
w01	NC_051811.1	17255729	17255749	1		0	True	Not a guide: no PAM, mismatch/bulge screen or donor genotype
w01	NC_051811.1	17255730	17255750	1		0	True	Not a guide: no PAM, mismatch/bulge screen or donor genotype
w01	NC_051811.1	17255731	17255751	1		0	True	Not a guide: no PAM, mismatch/bulge screen or donor genotype
w01	NC_051811.1	17255732	17255752	1		0	True	Not a guide: no PAM, mismatch/bulge screen or donor genotype
w01	NC_051811.1	17255733	17255753	1		0	True	Not a guide: no PAM, mismatch/bulge screen or donor genotype
w01	NC_051811.1	17255734	17255754	1		0	True	Not a guide: no PAM, mismatch/bulge screen or donor genotype
w01	NC_051811.1	17255735	17255755	1		0	True	Not a guide: no PAM, mismatch/bulge screen or donor genotype
w01	NC_051811.1	17255736	17255756	1		0	True	Not a guide: no PAM, mismatch/bulge screen or donor genotype
w01	NC_051811.1	17255737	17255757	1		0	True	Not a guide: no PAM, mismatch/bulge screen or donor genotype
w01	NC_051811.1	17255738	17255758	1		0	True	Not a guide: no PAM, mismatch/bulge screen or donor genotype
w01	NC_051811.1	17255739	17255759	1		0	True	Not a guide: no PAM, mismatch/bulge screen or donor genotype
w01	NC_051811.1	17255740	17255760	1		0	True	Not a guide: no PAM, mismatch/bulge screen or donor genotype
w01	NC_051811.1	17255741	17255761	1		0	True	Not a guide: no PAM, mismatch/bulge screen or donor genotype
w01	NC_051811.1	17255742	17255762	1		0	True	Not a guide: no PAM, mismatch/bulge screen or donor genotype
w01	NC_051811.1	17255743	17255763	1		0	True	Not a guide: no PAM, mismatch/bulge screen or donor genotype
w01	NC_051811.1	17255744	17255764	1		0	True	Not a guide: no PAM, mismatch/bulge screen or donor genotype
w01	NC_051811.1	17255745	17255765	1		0	True	Not a guide: no PAM, mismatch/bulge screen or donor genotype
w01	NC_051811.1	17255746	17255766	1		0	True	Not a guide: no PAM, mismatch/bulge screen or donor genotype
w01	NC_051811.1	17255747	17255767	1		0	True	Not a guide: no PAM, mismatch/bulge screen or donor genotype
w01	NC_051811.1	17255748	17255768	1		0	True	Not a guide: no PAM, mismatch/bulge screen or donor genotype
w01	NC_051811.1	17255749	17255769	1		0	True	Not a guide: no PAM, mismatch/bulge screen or donor genotype
w01	NC_051811.1	17255750	17255770	1		0	True	Not a guide: no PAM, mismatch/bulge screen or donor genotype
w01	NC_051811.1	17255751	17255771	1		0	True	Not a guide: no PAM, mismatch/bulge screen or donor genotype
w01	NC_051811.1	17255752	17255772	1		0	True	Not a guide: no PAM, mismatch/bulge screen or donor genotype
w01	NC_051811.1	17255753	17255773	1	w01_0	1	False	Not a guide: no PAM, mismatch/bulge screen or donor genotype
w01	NC_051811.1	17255754	17255774	1	w01_0	1	False	Not a guide: no PAM, mismatch/bulge screen or donor genotype
w01	NC_051811.1	17255755	17255775	1	w01_0	1	False	Not a guide: no PAM, mismatch/bulge screen or donor genotype
w01	NC_051811.1	17255756	17255776	1	w01_0	1	False	Not a guide: no PAM, mismatch/bulge screen or donor genotype
w01	NC_051811.1	17255757	17255777	1	w01_0	1	False	Not a guide: no PAM, mismatch/bulge screen or donor genotype
w01	NC_051811.1	17255758	17255778	1	w01_0	1	False	Not a guide: no PAM, mismatch/bulge screen or donor genotype
w01	NC_051811.1	17255759	17255779	1	w01_0	1	False	Not a guide: no PAM, mismatch/bulge screen or donor genotype
w01	NC_051811.1	17255760	17255780	1	w01_0	1	False	Not a guide: no PAM, mismatch/bulge screen or donor genotype
w01	NC_051811.1	17255761	17255781	1	w01_0	1	False	Not a guide: no PAM, mismatch/bulge screen or donor genotype
w01	NC_051811.1	17255762	17255782	1	w01_0	1	False	Not a guide: no PAM, mismatch/bulge screen or donor genotype
w01	NC_051811.1	17255763	17255783	1	w01_0	1	False	Not a guide: no PAM, mismatch/bulge screen or donor genotype
w01	NC_051811.1	17255764	17255784	1	w01_0	1	False	Not a guide: no PAM, mismatch/bulge screen or donor genotype
w01	NC_051811.1	17255765	17255785	1	w01_0	1	False	Not a guide: no PAM, mismatch/bulge screen or donor genotype
w01	NC_051811.1	17255766	17255786	1	w01_0	1	False	Not a guide: no PAM, mismatch/bulge screen or donor genotype
w01	NC_051811.1	17255767	17255787	1	w01_0	1	False	Not a guide: no PAM, mismatch/bulge screen or donor genotype
w01	NC_051811.1	17255768	17255788	1	w01_0	1	False	Not a guide: no PAM, mismatch/bulge screen or donor genotype
w01	NC_051811.1	17255769	17255789	1	w01_0	1	False	Not a guide: no PAM, mismatch/bulge screen or donor genotype
w01	NC_051811.1	17255770	17255790	1	w01_0	1	False	Not a guide: no PAM, mismatch/bulge screen or donor genotype
w01	NC_051811.1	17255771	17255791	1	w01_0	1	False	Not a guide: no PAM, mismatch/bulge screen or donor genotype
w01	NC_051811.1	17255772	17255792	1	w01_0	1	False	Not a guide: no PAM, mismatch/bulge screen or donor genotype
w01	NC_051811.1	17255773	17255793	1		0	True	Not a guide: no PAM, mismatch/bulge screen or donor genotype
w01	NC_051811.1	17255774	17255794	1		0	True	Not a guide: no PAM, mismatch/bulge screen or donor genotype
w01	NC_051811.1	17255775	17255795	1		0	True	Not a guide: no PAM, mismatch/bulge screen or donor genotype
w01	NC_051811.1	17255776	17255796	1		0	True	Not a guide: no PAM, mismatch/bulge screen or donor genotype
w01	NC_051811.1	17255777	17255797	1		0	True	Not a guide: no PAM, mismatch/bulge screen or donor genotype
w01	NC_051811.1	17255778	17255798	1		0	True	Not a guide: no PAM, mismatch/bulge screen or donor genotype
w01	NC_051811.1	17255779	17255799	1		0	True	Not a guide: no PAM, mismatch/bulge screen or donor genotype
w01	NC_051811.1	17255780	17255800	1		0	True	Not a guide: no PAM, mismatch/bulge screen or donor genotype
w01	NC_051811.1	17255781	17255801	1		0	True	Not a guide: no PAM, mismatch/bulge screen or donor genotype
w01	NC_051811.1	17255782	17255802	1		0	True	Not a guide: no PAM, mismatch/bulge screen or donor genotype
w01	NC_051811.1	17255783	17255803	1		0	True	Not a guide: no PAM, mismatch/bulge screen or donor genotype
w01	NC_051811.1	17255784	17255804	1		0	True	Not a guide: no PAM, mismatch/bulge screen or donor genotype
w01	NC_051811.1	17255785	17255805	1		0	True	Not a guide: no PAM, mismatch/bulge screen or donor genotype
w01	NC_051811.1	17255786	17255806	1		0	True	Not a guide: no PAM, mismatch/bulge screen or donor genotype
w01	NC_051811.1	17255787	17255807	1		0	True	Not a guide: no PAM, mismatch/bulge screen or donor genotype
w01	NC_051811.1	17255788	17255808	1		0	True	Not a guide: no PAM, mismatch/bulge screen or donor genotype
w01	NC_051811.1	17255789	17255809	1		0	True	Not a guide: no PAM, mismatch/bulge screen or donor genotype
w01	NC_051811.1	17255790	17255810	1		0	True	Not a guide: no PAM, mismatch/bulge screen or donor genotype
w01	NC_051811.1	17255791	17255811	1		0	True	Not a guide: no PAM, mismatch/bulge screen or donor genotype
w01	NC_051811.1	17255792	17255812	1		0	True	Not a guide: no PAM, mismatch/bulge screen or donor genotype
w01	NC_051811.1	17255793	17255813	1		0	True	Not a guide: no PAM, mismatch/bulge screen or donor genotype
w01	NC_051811.1	17255794	17255814	1		0	True	Not a guide: no PAM, mismatch/bulge screen or donor genotype
w01	NC_051811.1	17255795	17255815	1		0	True	Not a guide: no PAM, mismatch/bulge screen or donor genotype
w01	NC_051811.1	17255796	17255816	3		0	False	Not a guide: no PAM, mismatch/bulge screen or donor genotype
w01	NC_051811.1	17255797	17255817	1		0	True	Not a guide: no PAM, mismatch/bulge screen or donor genotype
w01	NC_051811.1	17255798	17255818	1		0	True	Not a guide: no PAM, mismatch/bulge screen or donor genotype
w01	NC_051811.1	17255799	17255819	1		0	True	Not a guide: no PAM, mismatch/bulge screen or donor genotype
w01	NC_051811.1	17255800	17255820	2		0	False	Not a guide: no PAM, mismatch/bulge screen or donor genotype
w01	NC_051811.1	17255801	17255821	1		0	True	Not a guide: no PAM, mismatch/bulge screen or donor genotype
w01	NC_051811.1	17255802	17255822	1		0	True	Not a guide: no PAM, mismatch/bulge screen or donor genotype
w01	NC_051811.1	17255803	17255823	1		0	True	Not a guide: no PAM, mismatch/bulge screen or donor genotype
w01	NC_051811.1	17255804	17255824	1		0	True	Not a guide: no PAM, mismatch/bulge screen or donor genotype
w01	NC_051811.1	17255805	17255825	1		0	True	Not a guide: no PAM, mismatch/bulge screen or donor genotype
w01	NC_051811.1	17255806	17255826	1	w01_1	1	False	Not a guide: no PAM, mismatch/bulge screen or donor genotype
w01	NC_051811.1	17255807	17255827	1	w01_1	1	False	Not a guide: no PAM, mismatch/bulge screen or donor genotype
w01	NC_051811.1	17255808	17255828	1	w01_1	1	False	Not a guide: no PAM, mismatch/bulge screen or donor genotype
w01	NC_051811.1	17255809	17255829	1	w01_1	1	False	Not a guide: no PAM, mismatch/bulge screen or donor genotype
w01	NC_051811.1	17255810	17255830	1	w01_1	1	False	Not a guide: no PAM, mismatch/bulge screen or donor genotype
w01	NC_051811.1	17255811	17255831	1	w01_1	1	False	Not a guide: no PAM, mismatch/bulge screen or donor genotype
w01	NC_051811.1	17255812	17255832	2	w01_1	1	False	Not a guide: no PAM, mismatch/bulge screen or donor genotype
w01	NC_051811.1	17255813	17255833	1	w01_1	1	False	Not a guide: no PAM, mismatch/bulge screen or donor genotype
w01	NC_051811.1	17255814	17255834	1	w01_1	1	False	Not a guide: no PAM, mismatch/bulge screen or donor genotype
w01	NC_051811.1	17255815	17255835	1	w01_1	1	False	Not a guide: no PAM, mismatch/bulge screen or donor genotype
w01	NC_051811.1	17255816	17255836	1	w01_1	1	False	Not a guide: no PAM, mismatch/bulge screen or donor genotype
w01	NC_051811.1	17255817	17255837	1	w01_1	1	False	Not a guide: no PAM, mismatch/bulge screen or donor genotype
w01	NC_051811.1	17255818	17255838	1	w01_1	1	False	Not a guide: no PAM, mismatch/bulge screen or donor genotype
w01	NC_051811.1	17255819	17255839	1	w01_1	1	False	Not a guide: no PAM, mismatch/bulge screen or donor genotype
w01	NC_051811.1	17255820	17255840	1	w01_1	1	False	Not a guide: no PAM, mismatch/bulge screen or donor genotype
w01	NC_051811.1	17255821	17255841	1	w01_1	1	False	Not a guide: no PAM, mismatch/bulge screen or donor genotype
w01	NC_051811.1	17255822	17255842	1	w01_1	1	False	Not a guide: no PAM, mismatch/bulge screen or donor genotype
w01	NC_051811.1	17255823	17255843	1	w01_1	1	False	Not a guide: no PAM, mismatch/bulge screen or donor genotype
w01	NC_051811.1	17255824	17255844	1	w01_1	1	False	Not a guide: no PAM, mismatch/bulge screen or donor genotype
w01	NC_051811.1	17255825	17255845	1	w01_1	1	False	Not a guide: no PAM, mismatch/bulge screen or donor genotype
w01	NC_051811.1	17255826	17255846	1		0	True	Not a guide: no PAM, mismatch/bulge screen or donor genotype
w01	NC_051811.1	17255827	17255847	1		0	True	Not a guide: no PAM, mismatch/bulge screen or donor genotype
w01	NC_051811.1	17255828	17255848	1		0	True	Not a guide: no PAM, mismatch/bulge screen or donor genotype
w01	NC_051811.1	17255829	17255849	1		0	True	Not a guide: no PAM, mismatch/bulge screen or donor genotype
w01	NC_051811.1	17255830	17255850	1		0	True	Not a guide: no PAM, mismatch/bulge screen or donor genotype
w01	NC_051811.1	17255831	17255851	1		0	True	Not a guide: no PAM, mismatch/bulge screen or donor genotype
w01	NC_051811.1	17255832	17255852	1		0	True	Not a guide: no PAM, mismatch/bulge screen or donor genotype
w01	NC_051811.1	17255833	17255853	2		0	False	Not a guide: no PAM, mismatch/bulge screen or donor genotype
w01	NC_051811.1	17255834	17255854	3		0	False	Not a guide: no PAM, mismatch/bulge screen or donor genotype
w01	NC_051811.1	17255835	17255855	1		0	True	Not a guide: no PAM, mismatch/bulge screen or donor genotype
w01	NC_051811.1	17255836	17255856	1		0	True	Not a guide: no PAM, mismatch/bulge screen or donor genotype
w01	NC_051811.1	17255837	17255857	1		0	True	Not a guide: no PAM, mismatch/bulge screen or donor genotype
w01	NC_051811.1	17255838	17255858	1		0	True	Not a guide: no PAM, mismatch/bulge screen or donor genotype
w01	NC_051811.1	17255839	17255859	1		0	True	Not a guide: no PAM, mismatch/bulge screen or donor genotype
w01	NC_051811.1	17255840	17255860	1		0	True	Not a guide: no PAM, mismatch/bulge screen or donor genotype
w01	NC_051811.1	17255841	17255861	1		0	True	Not a guide: no PAM, mismatch/bulge screen or donor genotype
w01	NC_051811.1	17255842	17255862	1		0	True	Not a guide: no PAM, mismatch/bulge screen or donor genotype
w01	NC_051811.1	17255843	17255863	1		0	True	Not a guide: no PAM, mismatch/bulge screen or donor genotype
w01	NC_051811.1	17255844	17255864	1		0	True	Not a guide: no PAM, mismatch/bulge screen or donor genotype
w01	NC_051811.1	17255845	17255865	1		0	True	Not a guide: no PAM, mismatch/bulge screen or donor genotype
w01	NC_051811.1	17255846	17255866	1		0	True	Not a guide: no PAM, mismatch/bulge screen or donor genotype
w01	NC_051811.1	17255847	17255867	1		0	True	Not a guide: no PAM, mismatch/bulge screen or donor genotype
w01	NC_051811.1	17255848	17255868	1		0	True	Not a guide: no PAM, mismatch/bulge screen or donor genotype
w01	NC_051811.1	17255849	17255869	1		0	True	Not a guide: no PAM, mismatch/bulge screen or donor genotype
w01	NC_051811.1	17255850	17255870	1		0	True	Not a guide: no PAM, mismatch/bulge screen or donor genotype
w01	NC_051811.1	17255851	17255871	1		0	True	Not a guide: no PAM, mismatch/bulge screen or donor genotype
w01	NC_051811.1	17255852	17255872	1		0	True	Not a guide: no PAM, mismatch/bulge screen or donor genotype
w01	NC_051811.1	17255853	17255873	1		0	True	Not a guide: no PAM, mismatch/bulge screen or donor genotype
w01	NC_051811.1	17255854	17255874	1		0	True	Not a guide: no PAM, mismatch/bulge screen or donor genotype
w01	NC_051811.1	17255855	17255875	1		0	True	Not a guide: no PAM, mismatch/bulge screen or donor genotype
w01	NC_051811.1	17255856	17255876	1		0	True	Not a guide: no PAM, mismatch/bulge screen or donor genotype
w01	NC_051811.1	17255857	17255877	1		0	True	Not a guide: no PAM, mismatch/bulge screen or donor genotype
w01	NC_051811.1	17255858	17255878	1		0	True	Not a guide: no PAM, mismatch/bulge screen or donor genotype
w01	NC_051811.1	17255859	17255879	1		0	True	Not a guide: no PAM, mismatch/bulge screen or donor genotype
w01	NC_051811.1	17255860	17255880	1		0	True	Not a guide: no PAM, mismatch/bulge screen or donor genotype
w01	NC_051811.1	17255861	17255881	1		0	True	Not a guide: no PAM, mismatch/bulge screen or donor genotype
w01	NC_051811.1	17255862	17255882	1		0	True	Not a guide: no PAM, mismatch/bulge screen or donor genotype
w01	NC_051811.1	17255863	17255883	1		0	True	Not a guide: no PAM, mismatch/bulge screen or donor genotype
w01	NC_051811.1	17255864	17255884	1		0	True	Not a guide: no PAM, mismatch/bulge screen or donor genotype
w01	NC_051811.1	17255865	17255885	1		0	True	Not a guide: no PAM, mismatch/bulge screen or donor genotype
w01	NC_051811.1	17255866	17255886	1		0	True	Not a guide: no PAM, mismatch/bulge screen or donor genotype
w01	NC_051811.1	17255867	17255887	1		0	True	Not a guide: no PAM, mismatch/bulge screen or donor genotype
w01	NC_051811.1	17255868	17255888	1		0	True	Not a guide: no PAM, mismatch/bulge screen or donor genotype
w01	NC_051811.1	17255869	17255889	1		0	True	Not a guide: no PAM, mismatch/bulge screen or donor genotype
w01	NC_051811.1	17255870	17255890	1		0	True	Not a guide: no PAM, mismatch/bulge screen or donor genotype
w01	NC_051811.1	17255871	17255891	1		0	True	Not a guide: no PAM, mismatch/bulge screen or donor genotype
w01	NC_051811.1	17255872	17255892	1		0	True	Not a guide: no PAM, mismatch/bulge screen or donor genotype
w01	NC_051811.1	17255873	17255893	1		0	True	Not a guide: no PAM, mismatch/bulge screen or donor genotype
w01	NC_051811.1	17255874	17255894	1		0	True	Not a guide: no PAM, mismatch/bulge screen or donor genotype
w01	NC_051811.1	17255875	17255895	1		0	True	Not a guide: no PAM, mismatch/bulge screen or donor genotype
w01	NC_051811.1	17255876	17255896	1		0	True	Not a guide: no PAM, mismatch/bulge screen or donor genotype
w01	NC_051811.1	17255877	17255897	1		0	True	Not a guide: no PAM, mismatch/bulge screen or donor genotype
w01	NC_051811.1	17255878	17255898	1		0	True	Not a guide: no PAM, mismatch/bulge screen or donor genotype
w01	NC_051811.1	17255879	17255899	1		0	True	Not a guide: no PAM, mismatch/bulge screen or donor genotype
w01	NC_051811.1	17255880	17255900	1		0	True	Not a guide: no PAM, mismatch/bulge screen or donor genotype
w01	NC_051811.1	17255881	17255901	1		0	True	Not a guide: no PAM, mismatch/bulge screen or donor genotype
w01	NC_051811.1	17255882	17255902	1		0	True	Not a guide: no PAM, mismatch/bulge screen or donor genotype
w01	NC_051811.1	17255883	17255903	1		0	True	Not a guide: no PAM, mismatch/bulge screen or donor genotype
w01	NC_051811.1	17255884	17255904	1		0	True	Not a guide: no PAM, mismatch/bulge screen or donor genotype
w01	NC_051811.1	17255885	17255905	1		0	True	Not a guide: no PAM, mismatch/bulge screen or donor genotype
w01	NC_051811.1	17255886	17255906	1		0	True	Not a guide: no PAM, mismatch/bulge screen or donor genotype
w01	NC_051811.1	17255887	17255907	1		0	True	Not a guide: no PAM, mismatch/bulge screen or donor genotype
w01	NC_051811.1	17255888	17255908	1		0	True	Not a guide: no PAM, mismatch/bulge screen or donor genotype
w01	NC_051811.1	17255889	17255909	1		0	True	Not a guide: no PAM, mismatch/bulge screen or donor genotype
w01	NC_051811.1	17255890	17255910	1		0	True	Not a guide: no PAM, mismatch/bulge screen or donor genotype
w01	NC_051811.1	17255891	17255911	1		0	True	Not a guide: no PAM, mismatch/bulge screen or donor genotype
w01	NC_051811.1	17255892	17255912	1		0	True	Not a guide: no PAM, mismatch/bulge screen or donor genotype
w01	NC_051811.1	17255893	17255913	1		0	True	Not a guide: no PAM, mismatch/bulge screen or donor genotype
w01	NC_051811.1	17255894	17255914	1		0	True	Not a guide: no PAM, mismatch/bulge screen or donor genotype
w01	NC_051811.1	17255895	17255915	1		0	True	Not a guide: no PAM, mismatch/bulge screen or donor genotype
w01	NC_051811.1	17255896	17255916	1		0	True	Not a guide: no PAM, mismatch/bulge screen or donor genotype
w01	NC_051811.1	17255897	17255917	1		0	True	Not a guide: no PAM, mismatch/bulge screen or donor genotype
w01	NC_051811.1	17255898	17255918	1		0	True	Not a guide: no PAM, mismatch/bulge screen or donor genotype
w01	NC_051811.1	17255899	17255919	1		0	True	Not a guide: no PAM, mismatch/bulge screen or donor genotype
w01	NC_051811.1	17255900	17255920	1		0	True	Not a guide: no PAM, mismatch/bulge screen or donor genotype
w01	NC_051811.1	17255901	17255921	1		0	True	Not a guide: no PAM, mismatch/bulge screen or donor genotype
w01	NC_051811.1	17255902	17255922	1		0	True	Not a guide: no PAM, mismatch/bulge screen or donor genotype
w01	NC_051811.1	17255903	17255923	1		0	True	Not a guide: no PAM, mismatch/bulge screen or donor genotype
w01	NC_051811.1	17255904	17255924	1		0	True	Not a guide: no PAM, mismatch/bulge screen or donor genotype
w01	NC_051811.1	17255905	17255925	1		0	True	Not a guide: no PAM, mismatch/bulge screen or donor genotype
w01	NC_051811.1	17255906	17255926	1		0	True	Not a guide: no PAM, mismatch/bulge screen or donor genotype
w01	NC_051811.1	17255907	17255927	1		0	True	Not a guide: no PAM, mismatch/bulge screen or donor genotype
w01	NC_051811.1	17255908	17255928	1		0	True	Not a guide: no PAM, mismatch/bulge screen or donor genotype
w01	NC_051811.1	17255909	17255929	1		0	True	Not a guide: no PAM, mismatch/bulge screen or donor genotype
w01	NC_051811.1	17255910	17255930	1		0	True	Not a guide: no PAM, mismatch/bulge screen or donor genotype
w01	NC_051811.1	17255911	17255931	1		0	True	Not a guide: no PAM, mismatch/bulge screen or donor genotype
w01	NC_051811.1	17255912	17255932	1		0	True	Not a guide: no PAM, mismatch/bulge screen or donor genotype
w01	NC_051811.1	17255913	17255933	1		0	True	Not a guide: no PAM, mismatch/bulge screen or donor genotype
w01	NC_051811.1	17255914	17255934	1		0	True	Not a guide: no PAM, mismatch/bulge screen or donor genotype
w01	NC_051811.1	17255915	17255935	1		0	True	Not a guide: no PAM, mismatch/bulge screen or donor genotype
w01	NC_051811.1	17255916	17255936	1	w01_2	1	False	Not a guide: no PAM, mismatch/bulge screen or donor genotype
w01	NC_051811.1	17255917	17255937	1	w01_2	1	False	Not a guide: no PAM, mismatch/bulge screen or donor genotype
w01	NC_051811.1	17255918	17255938	1	w01_2	1	False	Not a guide: no PAM, mismatch/bulge screen or donor genotype
w01	NC_051811.1	17255919	17255939	1	w01_2	1	False	Not a guide: no PAM, mismatch/bulge screen or donor genotype
w01	NC_051811.1	17255920	17255940	1	w01_2	1	False	Not a guide: no PAM, mismatch/bulge screen or donor genotype
w01	NC_051811.1	17255921	17255941	1	w01_2	1	False	Not a guide: no PAM, mismatch/bulge screen or donor genotype
w01	NC_051811.1	17255922	17255942	1	w01_2	1	False	Not a guide: no PAM, mismatch/bulge screen or donor genotype
w01	NC_051811.1	17255923	17255943	1	w01_2	1	False	Not a guide: no PAM, mismatch/bulge screen or donor genotype
w01	NC_051811.1	17255924	17255944	1	w01_2	1	False	Not a guide: no PAM, mismatch/bulge screen or donor genotype
w01	NC_051811.1	17255925	17255945	1	w01_2	1	False	Not a guide: no PAM, mismatch/bulge screen or donor genotype
w01	NC_051811.1	17255926	17255946	1	w01_2	1	False	Not a guide: no PAM, mismatch/bulge screen or donor genotype
w01	NC_051811.1	17255927	17255947	2	w01_2	1	False	Not a guide: no PAM, mismatch/bulge screen or donor genotype
w01	NC_051811.1	17255928	17255948	1	w01_2	1	False	Not a guide: no PAM, mismatch/bulge screen or donor genotype
w01	NC_051811.1	17255929	17255949	1	w01_2	1	False	Not a guide: no PAM, mismatch/bulge screen or donor genotype
w01	NC_051811.1	17255930	17255950	2	w01_2	1	False	Not a guide: no PAM, mismatch/bulge screen or donor genotype
w01	NC_051811.1	17255931	17255951	1	w01_2	1	False	Not a guide: no PAM, mismatch/bulge screen or donor genotype
w01	NC_051811.1	17255932	17255952	1	w01_2	1	False	Not a guide: no PAM, mismatch/bulge screen or donor genotype
w01	NC_051811.1	17255933	17255953	1	w01_2	1	False	Not a guide: no PAM, mismatch/bulge screen or donor genotype
w01	NC_051811.1	17255934	17255954	1	w01_2	1	False	Not a guide: no PAM, mismatch/bulge screen or donor genotype
w01	NC_051811.1	17255935	17255955	1	w01_2	1	False	Not a guide: no PAM, mismatch/bulge screen or donor genotype
w01	NC_051811.1	17255936	17255956	1		0	True	Not a guide: no PAM, mismatch/bulge screen or donor genotype
w01	NC_051811.1	17255937	17255957	1		0	True	Not a guide: no PAM, mismatch/bulge screen or donor genotype
w01	NC_051811.1	17255938	17255958	1		0	True	Not a guide: no PAM, mismatch/bulge screen or donor genotype
w01	NC_051811.1	17255939	17255959	1		0	True	Not a guide: no PAM, mismatch/bulge screen or donor genotype
w01	NC_051811.1	17255940	17255960	1		0	True	Not a guide: no PAM, mismatch/bulge screen or donor genotype
w01	NC_051811.1	17255941	17255961	1		0	True	Not a guide: no PAM, mismatch/bulge screen or donor genotype
w01	NC_051811.1	17255942	17255962	1		0	True	Not a guide: no PAM, mismatch/bulge screen or donor genotype
w01	NC_051811.1	17255943	17255963	1		0	True	Not a guide: no PAM, mismatch/bulge screen or donor genotype
w01	NC_051811.1	17255944	17255964	1		0	True	Not a guide: no PAM, mismatch/bulge screen or donor genotype
w01	NC_051811.1	17255945	17255965	1		0	True	Not a guide: no PAM, mismatch/bulge screen or donor genotype
w01	NC_051811.1	17255946	17255966	1		0	True	Not a guide: no PAM, mismatch/bulge screen or donor genotype
w01	NC_051811.1	17255947	17255967	1		0	True	Not a guide: no PAM, mismatch/bulge screen or donor genotype
w01	NC_051811.1	17255948	17255968	1		0	True	Not a guide: no PAM, mismatch/bulge screen or donor genotype
w01	NC_051811.1	17255949	17255969	1		0	True	Not a guide: no PAM, mismatch/bulge screen or donor genotype
w01	NC_051811.1	17255950	17255970	1		0	True	Not a guide: no PAM, mismatch/bulge screen or donor genotype
w01	NC_051811.1	17255951	17255971	1		0	True	Not a guide: no PAM, mismatch/bulge screen or donor genotype
w01	NC_051811.1	17255952	17255972	1		0	True	Not a guide: no PAM, mismatch/bulge screen or donor genotype
w01	NC_051811.1	17255953	17255973	1		0	True	Not a guide: no PAM, mismatch/bulge screen or donor genotype
w01	NC_051811.1	17255954	17255974	1		0	True	Not a guide: no PAM, mismatch/bulge screen or donor genotype
w01	NC_051811.1	17255955	17255975	1		0	True	Not a guide: no PAM, mismatch/bulge screen or donor genotype
w01	NC_051811.1	17255956	17255976	1		0	True	Not a guide: no PAM, mismatch/bulge screen or donor genotype
w01	NC_051811.1	17255957	17255977	1		0	True	Not a guide: no PAM, mismatch/bulge screen or donor genotype
w01	NC_051811.1	17255958	17255978	1		0	True	Not a guide: no PAM, mismatch/bulge screen or donor genotype
w01	NC_051811.1	17255959	17255979	1		0	True	Not a guide: no PAM, mismatch/bulge screen or donor genotype
w01	NC_051811.1	17255960	17255980	1		0	True	Not a guide: no PAM, mismatch/bulge screen or donor genotype
w01	NC_051811.1	17255961	17255981	1		0	True	Not a guide: no PAM, mismatch/bulge screen or donor genotype
w01	NC_051811.1	17255962	17255982	1		0	True	Not a guide: no PAM, mismatch/bulge screen or donor genotype
w01	NC_051811.1	17255963	17255983	1		0	True	Not a guide: no PAM, mismatch/bulge screen or donor genotype
w01	NC_051811.1	17255964	17255984	1		0	True	Not a guide: no PAM, mismatch/bulge screen or donor genotype
w01	NC_051811.1	17255965	17255985	1		0	True	Not a guide: no PAM, mismatch/bulge screen or donor genotype
w01	NC_051811.1	17255966	17255986	1		0	True	Not a guide: no PAM, mismatch/bulge screen or donor genotype
w01	NC_051811.1	17255967	17255987	1		0	True	Not a guide: no PAM, mismatch/bulge screen or donor genotype
w01	NC_051811.1	17255968	17255988	1		0	True	Not a guide: no PAM, mismatch/bulge screen or donor genotype
w01	NC_051811.1	17255969	17255989	2		0	False	Not a guide: no PAM, mismatch/bulge screen or donor genotype
w01	NC_051811.1	17255970	17255990	1		0	True	Not a guide: no PAM, mismatch/bulge screen or donor genotype
w01	NC_051811.1	17255971	17255991	1		0	True	Not a guide: no PAM, mismatch/bulge screen or donor genotype
w01	NC_051811.1	17255972	17255992	1		0	True	Not a guide: no PAM, mismatch/bulge screen or donor genotype
w01	NC_051811.1	17255973	17255993	1		0	True	Not a guide: no PAM, mismatch/bulge screen or donor genotype
w01	NC_051811.1	17255974	17255994	1		0	True	Not a guide: no PAM, mismatch/bulge screen or donor genotype
w01	NC_051811.1	17255975	17255995	1		0	True	Not a guide: no PAM, mismatch/bulge screen or donor genotype
w01	NC_051811.1	17255976	17255996	1		0	True	Not a guide: no PAM, mismatch/bulge screen or donor genotype
w01	NC_051811.1	17255977	17255997	1		0	True	Not a guide: no PAM, mismatch/bulge screen or donor genotype
w01	NC_051811.1	17255978	17255998	1		0	True	Not a guide: no PAM, mismatch/bulge screen or donor genotype
w01	NC_051811.1	17255979	17255999	1		0	True	Not a guide: no PAM, mismatch/bulge screen or donor genotype
w01	NC_051811.1	17255980	17256000	1		0	True	Not a guide: no PAM, mismatch/bulge screen or donor genotype
w01	NC_051811.1	17255981	17256001	1		0	True	Not a guide: no PAM, mismatch/bulge screen or donor genotype
w01	NC_051811.1	17255982	17256002	1		0	True	Not a guide: no PAM, mismatch/bulge screen or donor genotype
w01	NC_051811.1	17255983	17256003	1		0	True	Not a guide: no PAM, mismatch/bulge screen or donor genotype
w01	NC_051811.1	17255984	17256004	1		0	True	Not a guide: no PAM, mismatch/bulge screen or donor genotype
w01	NC_051811.1	17255985	17256005	1		0	True	Not a guide: no PAM, mismatch/bulge screen or donor genotype
w01	NC_051811.1	17255986	17256006	1		0	True	Not a guide: no PAM, mismatch/bulge screen or donor genotype
w01	NC_051811.1	17255987	17256007	1		0	True	Not a guide: no PAM, mismatch/bulge screen or donor genotype
w01	NC_051811.1	17255988	17256008	1		0	True	Not a guide: no PAM, mismatch/bulge screen or donor genotype
w01	NC_051811.1	17255989	17256009	1		0	True	Not a guide: no PAM, mismatch/bulge screen or donor genotype
w01	NC_051811.1	17255990	17256010	1		0	True	Not a guide: no PAM, mismatch/bulge screen or donor genotype
w01	NC_051811.1	17255991	17256011	1		0	True	Not a guide: no PAM, mismatch/bulge screen or donor genotype
w01	NC_051811.1	17255992	17256012	1		0	True	Not a guide: no PAM, mismatch/bulge screen or donor genotype
w01	NC_051811.1	17255993	17256013	1		0	True	Not a guide: no PAM, mismatch/bulge screen or donor genotype
w01	NC_051811.1	17255994	17256014	1		0	True	Not a guide: no PAM, mismatch/bulge screen or donor genotype
w01	NC_051811.1	17255995	17256015	1		0	True	Not a guide: no PAM, mismatch/bulge screen or donor genotype
w01	NC_051811.1	17255996	17256016	1		0	True	Not a guide: no PAM, mismatch/bulge screen or donor genotype
w01	NC_051811.1	17255997	17256017	1		0	True	Not a guide: no PAM, mismatch/bulge screen or donor genotype
w01	NC_051811.1	17255998	17256018	1		0	True	Not a guide: no PAM, mismatch/bulge screen or donor genotype
w01	NC_051811.1	17255999	17256019	1		0	True	Not a guide: no PAM, mismatch/bulge screen or donor genotype
w01	NC_051811.1	17256000	17256020	1		0	True	Not a guide: no PAM, mismatch/bulge screen or donor genotype
w01	NC_051811.1	17256001	17256021	1		0	True	Not a guide: no PAM, mismatch/bulge screen or donor genotype
w01	NC_051811.1	17256002	17256022	1		0	True	Not a guide: no PAM, mismatch/bulge screen or donor genotype
w01	NC_051811.1	17256003	17256023	1		0	True	Not a guide: no PAM, mismatch/bulge screen or donor genotype
w01	NC_051811.1	17256004	17256024	1		0	True	Not a guide: no PAM, mismatch/bulge screen or donor genotype
w01	NC_051811.1	17256005	17256025	1		0	True	Not a guide: no PAM, mismatch/bulge screen or donor genotype
w01	NC_051811.1	17256006	17256026	1		0	True	Not a guide: no PAM, mismatch/bulge screen or donor genotype
w01	NC_051811.1	17256007	17256027	1		0	True	Not a guide: no PAM, mismatch/bulge screen or donor genotype
w01	NC_051811.1	17256008	17256028	1		0	True	Not a guide: no PAM, mismatch/bulge screen or donor genotype
w01	NC_051811.1	17256009	17256029	1		0	True	Not a guide: no PAM, mismatch/bulge screen or donor genotype
w01	NC_051811.1	17256010	17256030	1		0	True	Not a guide: no PAM, mismatch/bulge screen or donor genotype
w01	NC_051811.1	17256011	17256031	1		0	True	Not a guide: no PAM, mismatch/bulge screen or donor genotype
w01	NC_051811.1	17256012	17256032	1		0	True	Not a guide: no PAM, mismatch/bulge screen or donor genotype
w01	NC_051811.1	17256013	17256033	1		0	True	Not a guide: no PAM, mismatch/bulge screen or donor genotype
w01	NC_051811.1	17256014	17256034	1	w01_3	1	False	Not a guide: no PAM, mismatch/bulge screen or donor genotype
w01	NC_051811.1	17256015	17256035	1	w01_3	1	False	Not a guide: no PAM, mismatch/bulge screen or donor genotype
w01	NC_051811.1	17256016	17256036	1	w01_3	1	False	Not a guide: no PAM, mismatch/bulge screen or donor genotype
w01	NC_051811.1	17256017	17256037	1	w01_3	1	False	Not a guide: no PAM, mismatch/bulge screen or donor genotype
w01	NC_051811.1	17256018	17256038	1	w01_3	1	False	Not a guide: no PAM, mismatch/bulge screen or donor genotype
w01	NC_051811.1	17256019	17256039	3	w01_3	1	False	Not a guide: no PAM, mismatch/bulge screen or donor genotype
w01	NC_051811.1	17256020	17256040	1	w01_3	1	False	Not a guide: no PAM, mismatch/bulge screen or donor genotype
w01	NC_051811.1	17256021	17256041	1	w01_3	1	False	Not a guide: no PAM, mismatch/bulge screen or donor genotype
w01	NC_051811.1	17256022	17256042	1	w01_3	1	False	Not a guide: no PAM, mismatch/bulge screen or donor genotype
w01	NC_051811.1	17256023	17256043	1	w01_3	1	False	Not a guide: no PAM, mismatch/bulge screen or donor genotype
w01	NC_051811.1	17256024	17256044	1	w01_3	1	False	Not a guide: no PAM, mismatch/bulge screen or donor genotype
w01	NC_051811.1	17256025	17256045	1	w01_3	1	False	Not a guide: no PAM, mismatch/bulge screen or donor genotype
w01	NC_051811.1	17256026	17256046	1	w01_3	1	False	Not a guide: no PAM, mismatch/bulge screen or donor genotype
w01	NC_051811.1	17256027	17256047	1	w01_3	1	False	Not a guide: no PAM, mismatch/bulge screen or donor genotype
w01	NC_051811.1	17256028	17256048	1	w01_3	1	False	Not a guide: no PAM, mismatch/bulge screen or donor genotype
w01	NC_051811.1	17256029	17256049	1	w01_3	1	False	Not a guide: no PAM, mismatch/bulge screen or donor genotype
w01	NC_051811.1	17256030	17256050	1	w01_3	1	False	Not a guide: no PAM, mismatch/bulge screen or donor genotype
w01	NC_051811.1	17256031	17256051	1	w01_3	1	False	Not a guide: no PAM, mismatch/bulge screen or donor genotype
w01	NC_051811.1	17256032	17256052	1	w01_3	1	False	Not a guide: no PAM, mismatch/bulge screen or donor genotype
w01	NC_051811.1	17256033	17256053	1	w01_3	1	False	Not a guide: no PAM, mismatch/bulge screen or donor genotype
w01	NC_051811.1	17256034	17256054	1		0	True	Not a guide: no PAM, mismatch/bulge screen or donor genotype
w01	NC_051811.1	17256035	17256055	1		0	True	Not a guide: no PAM, mismatch/bulge screen or donor genotype
w01	NC_051811.1	17256036	17256056	1		0	True	Not a guide: no PAM, mismatch/bulge screen or donor genotype
w01	NC_051811.1	17256037	17256057	1		0	True	Not a guide: no PAM, mismatch/bulge screen or donor genotype
w01	NC_051811.1	17256038	17256058	1		0	True	Not a guide: no PAM, mismatch/bulge screen or donor genotype
w01	NC_051811.1	17256039	17256059	1		0	True	Not a guide: no PAM, mismatch/bulge screen or donor genotype
w01	NC_051811.1	17256040	17256060	1		0	True	Not a guide: no PAM, mismatch/bulge screen or donor genotype
w01	NC_051811.1	17256041	17256061	1		0	True	Not a guide: no PAM, mismatch/bulge screen or donor genotype
w01	NC_051811.1	17256042	17256062	1		0	True	Not a guide: no PAM, mismatch/bulge screen or donor genotype
w01	NC_051811.1	17256043	17256063	1		0	True	Not a guide: no PAM, mismatch/bulge screen or donor genotype
w01	NC_051811.1	17256044	17256064	1		0	True	Not a guide: no PAM, mismatch/bulge screen or donor genotype
w01	NC_051811.1	17256045	17256065	1		0	True	Not a guide: no PAM, mismatch/bulge screen or donor genotype
w01	NC_051811.1	17256046	17256066	1		0	True	Not a guide: no PAM, mismatch/bulge screen or donor genotype
w01	NC_051811.1	17256047	17256067	1		0	True	Not a guide: no PAM, mismatch/bulge screen or donor genotype
w01	NC_051811.1	17256048	17256068	1		0	True	Not a guide: no PAM, mismatch/bulge screen or donor genotype
w01	NC_051811.1	17256049	17256069	1		0	True	Not a guide: no PAM, mismatch/bulge screen or donor genotype
w01	NC_051811.1	17256050	17256070	1		0	True	Not a guide: no PAM, mismatch/bulge screen or donor genotype
w01	NC_051811.1	17256051	17256071	1		0	True	Not a guide: no PAM, mismatch/bulge screen or donor genotype
w01	NC_051811.1	17256052	17256072	1		0	True	Not a guide: no PAM, mismatch/bulge screen or donor genotype
w01	NC_051811.1	17256053	17256073	1		0	True	Not a guide: no PAM, mismatch/bulge screen or donor genotype
w01	NC_051811.1	17256054	17256074	1		0	True	Not a guide: no PAM, mismatch/bulge screen or donor genotype
w01	NC_051811.1	17256055	17256075	1		0	True	Not a guide: no PAM, mismatch/bulge screen or donor genotype
w01	NC_051811.1	17256056	17256076	1		0	True	Not a guide: no PAM, mismatch/bulge screen or donor genotype
w01	NC_051811.1	17256057	17256077	1		0	True	Not a guide: no PAM, mismatch/bulge screen or donor genotype
w01	NC_051811.1	17256058	17256078	1		0	True	Not a guide: no PAM, mismatch/bulge screen or donor genotype
w01	NC_051811.1	17256059	17256079	1		0	True	Not a guide: no PAM, mismatch/bulge screen or donor genotype
w01	NC_051811.1	17256060	17256080	1		0	True	Not a guide: no PAM, mismatch/bulge screen or donor genotype
w01	NC_051811.1	17256061	17256081	1		0	True	Not a guide: no PAM, mismatch/bulge screen or donor genotype
w01	NC_051811.1	17256062	17256082	1		0	True	Not a guide: no PAM, mismatch/bulge screen or donor genotype
w01	NC_051811.1	17256063	17256083	1		0	True	Not a guide: no PAM, mismatch/bulge screen or donor genotype
w01	NC_051811.1	17256064	17256084	1		0	True	Not a guide: no PAM, mismatch/bulge screen or donor genotype
w01	NC_051811.1	17256065	17256085	1		0	True	Not a guide: no PAM, mismatch/bulge screen or donor genotype
w01	NC_051811.1	17256066	17256086	1		0	True	Not a guide: no PAM, mismatch/bulge screen or donor genotype
w01	NC_051811.1	17256067	17256087	1		0	True	Not a guide: no PAM, mismatch/bulge screen or donor genotype
w01	NC_051811.1	17256068	17256088	1		0	True	Not a guide: no PAM, mismatch/bulge screen or donor genotype
w01	NC_051811.1	17256069	17256089	1		0	True	Not a guide: no PAM, mismatch/bulge screen or donor genotype
w01	NC_051811.1	17256070	17256090	1		0	True	Not a guide: no PAM, mismatch/bulge screen or donor genotype
w01	NC_051811.1	17256071	17256091	1		0	True	Not a guide: no PAM, mismatch/bulge screen or donor genotype
w01	NC_051811.1	17256072	17256092	1		0	True	Not a guide: no PAM, mismatch/bulge screen or donor genotype
w01	NC_051811.1	17256073	17256093	1		0	True	Not a guide: no PAM, mismatch/bulge screen or donor genotype
w01	NC_051811.1	17256074	17256094	1		0	True	Not a guide: no PAM, mismatch/bulge screen or donor genotype
w01	NC_051811.1	17256075	17256095	2		0	False	Not a guide: no PAM, mismatch/bulge screen or donor genotype
w01	NC_051811.1	17256076	17256096	1		0	True	Not a guide: no PAM, mismatch/bulge screen or donor genotype
w01	NC_051811.1	17256077	17256097	1	w01_4	1	False	Not a guide: no PAM, mismatch/bulge screen or donor genotype
w01	NC_051811.1	17256078	17256098	1	w01_4	1	False	Not a guide: no PAM, mismatch/bulge screen or donor genotype
w01	NC_051811.1	17256079	17256099	1	w01_4	1	False	Not a guide: no PAM, mismatch/bulge screen or donor genotype
w01	NC_051811.1	17256080	17256100	1	w01_4	1	False	Not a guide: no PAM, mismatch/bulge screen or donor genotype
w01	NC_051811.1	17256081	17256101	1	w01_4	1	False	Not a guide: no PAM, mismatch/bulge screen or donor genotype
w01	NC_051811.1	17256082	17256102	1	w01_4	1	False	Not a guide: no PAM, mismatch/bulge screen or donor genotype
w01	NC_051811.1	17256083	17256103	1	w01_4	1	False	Not a guide: no PAM, mismatch/bulge screen or donor genotype
w01	NC_051811.1	17256084	17256104	1	w01_4	1	False	Not a guide: no PAM, mismatch/bulge screen or donor genotype
w01	NC_051811.1	17256085	17256105	1	w01_4	1	False	Not a guide: no PAM, mismatch/bulge screen or donor genotype
w01	NC_051811.1	17256086	17256106	1	w01_4	1	False	Not a guide: no PAM, mismatch/bulge screen or donor genotype
w01	NC_051811.1	17256087	17256107	1	w01_4	1	False	Not a guide: no PAM, mismatch/bulge screen or donor genotype
w01	NC_051811.1	17256088	17256108	1	w01_4	1	False	Not a guide: no PAM, mismatch/bulge screen or donor genotype
w01	NC_051811.1	17256089	17256109	1	w01_4	1	False	Not a guide: no PAM, mismatch/bulge screen or donor genotype
w01	NC_051811.1	17256090	17256110	1	w01_4	1	False	Not a guide: no PAM, mismatch/bulge screen or donor genotype
w01	NC_051811.1	17256091	17256111	1	w01_4	1	False	Not a guide: no PAM, mismatch/bulge screen or donor genotype
w01	NC_051811.1	17256092	17256112	1	w01_4	1	False	Not a guide: no PAM, mismatch/bulge screen or donor genotype
w01	NC_051811.1	17256093	17256113	1	w01_4	1	False	Not a guide: no PAM, mismatch/bulge screen or donor genotype
w01	NC_051811.1	17256094	17256114	1	w01_4	1	False	Not a guide: no PAM, mismatch/bulge screen or donor genotype
w01	NC_051811.1	17256095	17256115	1	w01_4	1	False	Not a guide: no PAM, mismatch/bulge screen or donor genotype
w01	NC_051811.1	17256096	17256116	1	w01_4	1	False	Not a guide: no PAM, mismatch/bulge screen or donor genotype
w01	NC_051811.1	17256097	17256117	1		0	True	Not a guide: no PAM, mismatch/bulge screen or donor genotype
w01	NC_051811.1	17256098	17256118	1		0	True	Not a guide: no PAM, mismatch/bulge screen or donor genotype
w01	NC_051811.1	17256099	17256119	1		0	True	Not a guide: no PAM, mismatch/bulge screen or donor genotype
w01	NC_051811.1	17256100	17256120	1		0	True	Not a guide: no PAM, mismatch/bulge screen or donor genotype
w01	NC_051811.1	17256101	17256121	1		0	True	Not a guide: no PAM, mismatch/bulge screen or donor genotype
w01	NC_051811.1	17256102	17256122	1		0	True	Not a guide: no PAM, mismatch/bulge screen or donor genotype
w01	NC_051811.1	17256103	17256123	1		0	True	Not a guide: no PAM, mismatch/bulge screen or donor genotype
w01	NC_051811.1	17256104	17256124	1		0	True	Not a guide: no PAM, mismatch/bulge screen or donor genotype
w01	NC_051811.1	17256105	17256125	1		0	True	Not a guide: no PAM, mismatch/bulge screen or donor genotype
w01	NC_051811.1	17256106	17256126	1		0	True	Not a guide: no PAM, mismatch/bulge screen or donor genotype
w01	NC_051811.1	17256107	17256127	1		0	True	Not a guide: no PAM, mismatch/bulge screen or donor genotype
w01	NC_051811.1	17256108	17256128	1		0	True	Not a guide: no PAM, mismatch/bulge screen or donor genotype
w01	NC_051811.1	17256109	17256129	1		0	True	Not a guide: no PAM, mismatch/bulge screen or donor genotype
w01	NC_051811.1	17256110	17256130	1		0	True	Not a guide: no PAM, mismatch/bulge screen or donor genotype
w01	NC_051811.1	17256111	17256131	1		0	True	Not a guide: no PAM, mismatch/bulge screen or donor genotype
w01	NC_051811.1	17256112	17256132	1		0	True	Not a guide: no PAM, mismatch/bulge screen or donor genotype
w01	NC_051811.1	17256113	17256133	1		0	True	Not a guide: no PAM, mismatch/bulge screen or donor genotype
w01	NC_051811.1	17256114	17256134	1		0	True	Not a guide: no PAM, mismatch/bulge screen or donor genotype
w01	NC_051811.1	17256115	17256135	1		0	True	Not a guide: no PAM, mismatch/bulge screen or donor genotype
w01	NC_051811.1	17256116	17256136	1		0	True	Not a guide: no PAM, mismatch/bulge screen or donor genotype
w01	NC_051811.1	17256117	17256137	1		0	True	Not a guide: no PAM, mismatch/bulge screen or donor genotype
w01	NC_051811.1	17256118	17256138	1		0	True	Not a guide: no PAM, mismatch/bulge screen or donor genotype
w01	NC_051811.1	17256119	17256139	1		0	True	Not a guide: no PAM, mismatch/bulge screen or donor genotype
w01	NC_051811.1	17256120	17256140	1		0	True	Not a guide: no PAM, mismatch/bulge screen or donor genotype
w01	NC_051811.1	17256121	17256141	1		0	True	Not a guide: no PAM, mismatch/bulge screen or donor genotype
w01	NC_051811.1	17256122	17256142	1		0	True	Not a guide: no PAM, mismatch/bulge screen or donor genotype
w01	NC_051811.1	17256123	17256143	1		0	True	Not a guide: no PAM, mismatch/bulge screen or donor genotype
w01	NC_051811.1	17256124	17256144	1		0	True	Not a guide: no PAM, mismatch/bulge screen or donor genotype
w01	NC_051811.1	17256125	17256145	1		0	True	Not a guide: no PAM, mismatch/bulge screen or donor genotype
w01	NC_051811.1	17256126	17256146	1		0	True	Not a guide: no PAM, mismatch/bulge screen or donor genotype
w01	NC_051811.1	17256127	17256147	1		0	True	Not a guide: no PAM, mismatch/bulge screen or donor genotype
w01	NC_051811.1	17256128	17256148	1		0	True	Not a guide: no PAM, mismatch/bulge screen or donor genotype
w01	NC_051811.1	17256129	17256149	1		0	True	Not a guide: no PAM, mismatch/bulge screen or donor genotype
w01	NC_051811.1	17256130	17256150	1		0	True	Not a guide: no PAM, mismatch/bulge screen or donor genotype
w01	NC_051811.1	17256131	17256151	1		0	True	Not a guide: no PAM, mismatch/bulge screen or donor genotype
w01	NC_051811.1	17256132	17256152	1		0	True	Not a guide: no PAM, mismatch/bulge screen or donor genotype
w01	NC_051811.1	17256133	17256153	1		0	True	Not a guide: no PAM, mismatch/bulge screen or donor genotype
w01	NC_051811.1	17256134	17256154	1		0	True	Not a guide: no PAM, mismatch/bulge screen or donor genotype
w01	NC_051811.1	17256135	17256155	1		0	True	Not a guide: no PAM, mismatch/bulge screen or donor genotype
w01	NC_051811.1	17256136	17256156	1		0	True	Not a guide: no PAM, mismatch/bulge screen or donor genotype
w01	NC_051811.1	17256137	17256157	1		0	True	Not a guide: no PAM, mismatch/bulge screen or donor genotype
w01	NC_051811.1	17256138	17256158	1		0	True	Not a guide: no PAM, mismatch/bulge screen or donor genotype
w01	NC_051811.1	17256139	17256159	1		0	True	Not a guide: no PAM, mismatch/bulge screen or donor genotype
w01	NC_051811.1	17256140	17256160	1		0	True	Not a guide: no PAM, mismatch/bulge screen or donor genotype
w01	NC_051811.1	17256141	17256161	1		0	True	Not a guide: no PAM, mismatch/bulge screen or donor genotype
w01	NC_051811.1	17256142	17256162	1		0	True	Not a guide: no PAM, mismatch/bulge screen or donor genotype
w01	NC_051811.1	17256143	17256163	1		0	True	Not a guide: no PAM, mismatch/bulge screen or donor genotype
w01	NC_051811.1	17256144	17256164	1		0	True	Not a guide: no PAM, mismatch/bulge screen or donor genotype
w01	NC_051811.1	17256145	17256165	1		0	True	Not a guide: no PAM, mismatch/bulge screen or donor genotype
w01	NC_051811.1	17256146	17256166	1		0	True	Not a guide: no PAM, mismatch/bulge screen or donor genotype
w01	NC_051811.1	17256147	17256167	1		0	True	Not a guide: no PAM, mismatch/bulge screen or donor genotype
w01	NC_051811.1	17256148	17256168	1		0	True	Not a guide: no PAM, mismatch/bulge screen or donor genotype
w01	NC_051811.1	17256149	17256169	1		0	True	Not a guide: no PAM, mismatch/bulge screen or donor genotype
w01	NC_051811.1	17256150	17256170	1		0	True	Not a guide: no PAM, mismatch/bulge screen or donor genotype
w01	NC_051811.1	17256151	17256171	1		0	True	Not a guide: no PAM, mismatch/bulge screen or donor genotype
w01	NC_051811.1	17256152	17256172	1		0	True	Not a guide: no PAM, mismatch/bulge screen or donor genotype
w01	NC_051811.1	17256153	17256173	1		0	True	Not a guide: no PAM, mismatch/bulge screen or donor genotype
w01	NC_051811.1	17256154	17256174	1		0	True	Not a guide: no PAM, mismatch/bulge screen or donor genotype
w01	NC_051811.1	17256155	17256175	1		0	True	Not a guide: no PAM, mismatch/bulge screen or donor genotype
w01	NC_051811.1	17256156	17256176	1		0	True	Not a guide: no PAM, mismatch/bulge screen or donor genotype
w01	NC_051811.1	17256157	17256177	1		0	True	Not a guide: no PAM, mismatch/bulge screen or donor genotype
w01	NC_051811.1	17256158	17256178	1		0	True	Not a guide: no PAM, mismatch/bulge screen or donor genotype
w01	NC_051811.1	17256159	17256179	1		0	True	Not a guide: no PAM, mismatch/bulge screen or donor genotype
w01	NC_051811.1	17256160	17256180	1		0	True	Not a guide: no PAM, mismatch/bulge screen or donor genotype
w01	NC_051811.1	17256161	17256181	1		0	True	Not a guide: no PAM, mismatch/bulge screen or donor genotype
w01	NC_051811.1	17256162	17256182	1		0	True	Not a guide: no PAM, mismatch/bulge screen or donor genotype
w01	NC_051811.1	17256163	17256183	1		0	True	Not a guide: no PAM, mismatch/bulge screen or donor genotype
w01	NC_051811.1	17256164	17256184	1		0	True	Not a guide: no PAM, mismatch/bulge screen or donor genotype
w01	NC_051811.1	17256165	17256185	1		0	True	Not a guide: no PAM, mismatch/bulge screen or donor genotype
w01	NC_051811.1	17256166	17256186	1		0	True	Not a guide: no PAM, mismatch/bulge screen or donor genotype
w01	NC_051811.1	17256167	17256187	1		0	True	Not a guide: no PAM, mismatch/bulge screen or donor genotype
w01	NC_051811.1	17256168	17256188	1		0	True	Not a guide: no PAM, mismatch/bulge screen or donor genotype
w01	NC_051811.1	17256169	17256189	1		0	True	Not a guide: no PAM, mismatch/bulge screen or donor genotype
w01	NC_051811.1	17256170	17256190	1		0	True	Not a guide: no PAM, mismatch/bulge screen or donor genotype
w01	NC_051811.1	17256171	17256191	1		0	True	Not a guide: no PAM, mismatch/bulge screen or donor genotype
w01	NC_051811.1	17256172	17256192	1	w01_5	1	False	Not a guide: no PAM, mismatch/bulge screen or donor genotype
w01	NC_051811.1	17256173	17256193	1	w01_5	1	False	Not a guide: no PAM, mismatch/bulge screen or donor genotype
w01	NC_051811.1	17256174	17256194	1	w01_5	1	False	Not a guide: no PAM, mismatch/bulge screen or donor genotype
w01	NC_051811.1	17256175	17256195	1	w01_5	1	False	Not a guide: no PAM, mismatch/bulge screen or donor genotype
w01	NC_051811.1	17256176	17256196	1	w01_5	1	False	Not a guide: no PAM, mismatch/bulge screen or donor genotype
w01	NC_051811.1	17256177	17256197	1	w01_5	1	False	Not a guide: no PAM, mismatch/bulge screen or donor genotype
w01	NC_051811.1	17256178	17256198	1	w01_5	1	False	Not a guide: no PAM, mismatch/bulge screen or donor genotype
w01	NC_051811.1	17256179	17256199	1	w01_5	1	False	Not a guide: no PAM, mismatch/bulge screen or donor genotype
w01	NC_051811.1	17256180	17256200	1	w01_5	1	False	Not a guide: no PAM, mismatch/bulge screen or donor genotype
w01	NC_051811.1	17256181	17256201	1	w01_5	1	False	Not a guide: no PAM, mismatch/bulge screen or donor genotype
w01	NC_051811.1	17256182	17256202	1	w01_5	1	False	Not a guide: no PAM, mismatch/bulge screen or donor genotype
w01	NC_051811.1	17256183	17256203	1	w01_5	1	False	Not a guide: no PAM, mismatch/bulge screen or donor genotype
w01	NC_051811.1	17256184	17256204	1	w01_5	1	False	Not a guide: no PAM, mismatch/bulge screen or donor genotype
w01	NC_051811.1	17256185	17256205	1	w01_5	1	False	Not a guide: no PAM, mismatch/bulge screen or donor genotype
w01	NC_051811.1	17256186	17256206	1	w01_5	1	False	Not a guide: no PAM, mismatch/bulge screen or donor genotype
w01	NC_051811.1	17256187	17256207	1	w01_5	1	False	Not a guide: no PAM, mismatch/bulge screen or donor genotype
w01	NC_051811.1	17256188	17256208	1	w01_5	1	False	Not a guide: no PAM, mismatch/bulge screen or donor genotype
w01	NC_051811.1	17256189	17256209	1	w01_5	1	False	Not a guide: no PAM, mismatch/bulge screen or donor genotype
w01	NC_051811.1	17256190	17256210	1	w01_5	1	False	Not a guide: no PAM, mismatch/bulge screen or donor genotype
w01	NC_051811.1	17256191	17256211	1	w01_5	1	False	Not a guide: no PAM, mismatch/bulge screen or donor genotype
w01	NC_051811.1	17256192	17256212	1		0	True	Not a guide: no PAM, mismatch/bulge screen or donor genotype
w01	NC_051811.1	17256193	17256213	1		0	True	Not a guide: no PAM, mismatch/bulge screen or donor genotype
w01	NC_051811.1	17256194	17256214	1		0	True	Not a guide: no PAM, mismatch/bulge screen or donor genotype
w01	NC_051811.1	17256195	17256215	1		0	True	Not a guide: no PAM, mismatch/bulge screen or donor genotype
w01	NC_051811.1	17256196	17256216	1		0	True	Not a guide: no PAM, mismatch/bulge screen or donor genotype
w01	NC_051811.1	17256197	17256217	1		0	True	Not a guide: no PAM, mismatch/bulge screen or donor genotype
w01	NC_051811.1	17256198	17256218	1		0	True	Not a guide: no PAM, mismatch/bulge screen or donor genotype
w01	NC_051811.1	17256199	17256219	1		0	True	Not a guide: no PAM, mismatch/bulge screen or donor genotype
w01	NC_051811.1	17256200	17256220	1		0	True	Not a guide: no PAM, mismatch/bulge screen or donor genotype
w01	NC_051811.1	17256201	17256221	1		0	True	Not a guide: no PAM, mismatch/bulge screen or donor genotype
w01	NC_051811.1	17256202	17256222	1		0	True	Not a guide: no PAM, mismatch/bulge screen or donor genotype
w01	NC_051811.1	17256203	17256223	1		0	True	Not a guide: no PAM, mismatch/bulge screen or donor genotype
w01	NC_051811.1	17256204	17256224	1		0	True	Not a guide: no PAM, mismatch/bulge screen or donor genotype
w01	NC_051811.1	17256205	17256225	1		0	True	Not a guide: no PAM, mismatch/bulge screen or donor genotype
w01	NC_051811.1	17256206	17256226	1	w01_6	1	False	Not a guide: no PAM, mismatch/bulge screen or donor genotype
w01	NC_051811.1	17256207	17256227	1	w01_6	1	False	Not a guide: no PAM, mismatch/bulge screen or donor genotype
w01	NC_051811.1	17256208	17256228	1	w01_6	1	False	Not a guide: no PAM, mismatch/bulge screen or donor genotype
w01	NC_051811.1	17256209	17256229	1	w01_6	1	False	Not a guide: no PAM, mismatch/bulge screen or donor genotype
w01	NC_051811.1	17256210	17256230	1	w01_6	1	False	Not a guide: no PAM, mismatch/bulge screen or donor genotype
w01	NC_051811.1	17256211	17256231	1	w01_6	1	False	Not a guide: no PAM, mismatch/bulge screen or donor genotype
w01	NC_051811.1	17256212	17256232	1	w01_6	1	False	Not a guide: no PAM, mismatch/bulge screen or donor genotype
w01	NC_051811.1	17256213	17256233	1	w01_6	1	False	Not a guide: no PAM, mismatch/bulge screen or donor genotype
w01	NC_051811.1	17256214	17256234	1	w01_6	1	False	Not a guide: no PAM, mismatch/bulge screen or donor genotype
w01	NC_051811.1	17256215	17256235	1	w01_6	1	False	Not a guide: no PAM, mismatch/bulge screen or donor genotype
w01	NC_051811.1	17256216	17256236	1	w01_6	1	False	Not a guide: no PAM, mismatch/bulge screen or donor genotype
w01	NC_051811.1	17256217	17256237	1	w01_6	1	False	Not a guide: no PAM, mismatch/bulge screen or donor genotype
w01	NC_051811.1	17256218	17256238	1	w01_6	1	False	Not a guide: no PAM, mismatch/bulge screen or donor genotype
w01	NC_051811.1	17256219	17256239	1	w01_6	1	False	Not a guide: no PAM, mismatch/bulge screen or donor genotype
w01	NC_051811.1	17256220	17256240	1	w01_6	1	False	Not a guide: no PAM, mismatch/bulge screen or donor genotype
w01	NC_051811.1	17256221	17256241	1	w01_6	1	False	Not a guide: no PAM, mismatch/bulge screen or donor genotype
w01	NC_051811.1	17256222	17256242	1	w01_6	1	False	Not a guide: no PAM, mismatch/bulge screen or donor genotype
w01	NC_051811.1	17256223	17256243	1	w01_6	1	False	Not a guide: no PAM, mismatch/bulge screen or donor genotype
w01	NC_051811.1	17256224	17256244	1	w01_6	1	False	Not a guide: no PAM, mismatch/bulge screen or donor genotype
w01	NC_051811.1	17256225	17256245	1	w01_6	1	False	Not a guide: no PAM, mismatch/bulge screen or donor genotype
w01	NC_051811.1	17256226	17256246	1		0	True	Not a guide: no PAM, mismatch/bulge screen or donor genotype
w01	NC_051811.1	17256227	17256247	1		0	True	Not a guide: no PAM, mismatch/bulge screen or donor genotype
w01	NC_051811.1	17256228	17256248	1		0	True	Not a guide: no PAM, mismatch/bulge screen or donor genotype
w01	NC_051811.1	17256229	17256249	1		0	True	Not a guide: no PAM, mismatch/bulge screen or donor genotype
w01	NC_051811.1	17256230	17256250	1		0	True	Not a guide: no PAM, mismatch/bulge screen or donor genotype
w01	NC_051811.1	17256231	17256251	1		0	True	Not a guide: no PAM, mismatch/bulge screen or donor genotype
w01	NC_051811.1	17256232	17256252	1		0	True	Not a guide: no PAM, mismatch/bulge screen or donor genotype
w01	NC_051811.1	17256233	17256253	1		0	True	Not a guide: no PAM, mismatch/bulge screen or donor genotype
w01	NC_051811.1	17256234	17256254	1		0	True	Not a guide: no PAM, mismatch/bulge screen or donor genotype
w01	NC_051811.1	17256235	17256255	1		0	True	Not a guide: no PAM, mismatch/bulge screen or donor genotype
w01	NC_051811.1	17256236	17256256	1		0	True	Not a guide: no PAM, mismatch/bulge screen or donor genotype
w01	NC_051811.1	17256237	17256257	1		0	True	Not a guide: no PAM, mismatch/bulge screen or donor genotype
w01	NC_051811.1	17256238	17256258	1		0	True	Not a guide: no PAM, mismatch/bulge screen or donor genotype
w01	NC_051811.1	17256239	17256259	1		0	True	Not a guide: no PAM, mismatch/bulge screen or donor genotype
w01	NC_051811.1	17256240	17256260	1		0	True	Not a guide: no PAM, mismatch/bulge screen or donor genotype
w01	NC_051811.1	17256241	17256261	1		0	True	Not a guide: no PAM, mismatch/bulge screen or donor genotype
w01	NC_051811.1	17256242	17256262	1		0	True	Not a guide: no PAM, mismatch/bulge screen or donor genotype
w01	NC_051811.1	17256243	17256263	1		0	True	Not a guide: no PAM, mismatch/bulge screen or donor genotype
w01	NC_051811.1	17256244	17256264	1		0	True	Not a guide: no PAM, mismatch/bulge screen or donor genotype
w01	NC_051811.1	17256245	17256265	1		0	True	Not a guide: no PAM, mismatch/bulge screen or donor genotype
w01	NC_051811.1	17256246	17256266	1	w01_7	1	False	Not a guide: no PAM, mismatch/bulge screen or donor genotype
w01	NC_051811.1	17256247	17256267	1	w01_7	1	False	Not a guide: no PAM, mismatch/bulge screen or donor genotype
w01	NC_051811.1	17256248	17256268	1	w01_7	1	False	Not a guide: no PAM, mismatch/bulge screen or donor genotype
w01	NC_051811.1	17256249	17256269	1	w01_7	1	False	Not a guide: no PAM, mismatch/bulge screen or donor genotype
w01	NC_051811.1	17256250	17256270	1	w01_7	1	False	Not a guide: no PAM, mismatch/bulge screen or donor genotype
w01	NC_051811.1	17256251	17256271	1	w01_7	1	False	Not a guide: no PAM, mismatch/bulge screen or donor genotype
w01	NC_051811.1	17256252	17256272	1	w01_7	1	False	Not a guide: no PAM, mismatch/bulge screen or donor genotype
w01	NC_051811.1	17256253	17256273	1	w01_7	1	False	Not a guide: no PAM, mismatch/bulge screen or donor genotype
w01	NC_051811.1	17256254	17256274	1	w01_7	1	False	Not a guide: no PAM, mismatch/bulge screen or donor genotype
w01	NC_051811.1	17256255	17256275	2	w01_7	1	False	Not a guide: no PAM, mismatch/bulge screen or donor genotype
w01	NC_051811.1	17256256	17256276	2	w01_7	1	False	Not a guide: no PAM, mismatch/bulge screen or donor genotype
w01	NC_051811.1	17256257	17256277	1	w01_7	1	False	Not a guide: no PAM, mismatch/bulge screen or donor genotype
w01	NC_051811.1	17256258	17256278	1	w01_7	1	False	Not a guide: no PAM, mismatch/bulge screen or donor genotype
w01	NC_051811.1	17256259	17256279	1	w01_7	1	False	Not a guide: no PAM, mismatch/bulge screen or donor genotype
w01	NC_051811.1	17256260	17256280	1	w01_7	1	False	Not a guide: no PAM, mismatch/bulge screen or donor genotype
w01	NC_051811.1	17256261	17256281	1	w01_7	1	False	Not a guide: no PAM, mismatch/bulge screen or donor genotype
w01	NC_051811.1	17256262	17256282	1	w01_7	1	False	Not a guide: no PAM, mismatch/bulge screen or donor genotype
w01	NC_051811.1	17256263	17256283	1	w01_7	1	False	Not a guide: no PAM, mismatch/bulge screen or donor genotype
w01	NC_051811.1	17256264	17256284	1	w01_7	1	False	Not a guide: no PAM, mismatch/bulge screen or donor genotype
w01	NC_051811.1	17256265	17256285	1	w01_7	1	False	Not a guide: no PAM, mismatch/bulge screen or donor genotype
w01	NC_051811.1	17256266	17256286	1		0	True	Not a guide: no PAM, mismatch/bulge screen or donor genotype
w01	NC_051811.1	17256267	17256287	1		0	True	Not a guide: no PAM, mismatch/bulge screen or donor genotype
w01	NC_051811.1	17256268	17256288	1		0	True	Not a guide: no PAM, mismatch/bulge screen or donor genotype
w01	NC_051811.1	17256269	17256289	1		0	True	Not a guide: no PAM, mismatch/bulge screen or donor genotype
w01	NC_051811.1	17256270	17256290	1		0	True	Not a guide: no PAM, mismatch/bulge screen or donor genotype
w01	NC_051811.1	17256271	17256291	1		0	True	Not a guide: no PAM, mismatch/bulge screen or donor genotype
w01	NC_051811.1	17256272	17256292	1		0	True	Not a guide: no PAM, mismatch/bulge screen or donor genotype
w01	NC_051811.1	17256273	17256293	1		0	True	Not a guide: no PAM, mismatch/bulge screen or donor genotype
w01	NC_051811.1	17256274	17256294	1		0	True	Not a guide: no PAM, mismatch/bulge screen or donor genotype
w01	NC_051811.1	17256275	17256295	1		0	True	Not a guide: no PAM, mismatch/bulge screen or donor genotype
w01	NC_051811.1	17256276	17256296	1		0	True	Not a guide: no PAM, mismatch/bulge screen or donor genotype
w01	NC_051811.1	17256277	17256297	1		0	True	Not a guide: no PAM, mismatch/bulge screen or donor genotype
w01	NC_051811.1	17256278	17256298	1		0	True	Not a guide: no PAM, mismatch/bulge screen or donor genotype
w01	NC_051811.1	17256279	17256299	1		0	True	Not a guide: no PAM, mismatch/bulge screen or donor genotype
w01	NC_051811.1	17256280	17256300	1		0	True	Not a guide: no PAM, mismatch/bulge screen or donor genotype
w01	NC_051811.1	17256281	17256301	1		0	True	Not a guide: no PAM, mismatch/bulge screen or donor genotype
w01	NC_051811.1	17256282	17256302	1		0	True	Not a guide: no PAM, mismatch/bulge screen or donor genotype
w01	NC_051811.1	17256283	17256303	1		0	True	Not a guide: no PAM, mismatch/bulge screen or donor genotype
w01	NC_051811.1	17256284	17256304	1		0	True	Not a guide: no PAM, mismatch/bulge screen or donor genotype
w01	NC_051811.1	17256285	17256305	1		0	True	Not a guide: no PAM, mismatch/bulge screen or donor genotype
w01	NC_051811.1	17256286	17256306	1		0	True	Not a guide: no PAM, mismatch/bulge screen or donor genotype
w01	NC_051811.1	17256287	17256307	1		0	True	Not a guide: no PAM, mismatch/bulge screen or donor genotype
w01	NC_051811.1	17256288	17256308	1		0	True	Not a guide: no PAM, mismatch/bulge screen or donor genotype
w01	NC_051811.1	17256289	17256309	1		0	True	Not a guide: no PAM, mismatch/bulge screen or donor genotype
w01	NC_051811.1	17256290	17256310	1		0	True	Not a guide: no PAM, mismatch/bulge screen or donor genotype
w01	NC_051811.1	17256291	17256311	1		0	True	Not a guide: no PAM, mismatch/bulge screen or donor genotype
w01	NC_051811.1	17256292	17256312	1	w01_8	1	False	Not a guide: no PAM, mismatch/bulge screen or donor genotype
w01	NC_051811.1	17256293	17256313	1	w01_8	1	False	Not a guide: no PAM, mismatch/bulge screen or donor genotype
w01	NC_051811.1	17256294	17256314	1	w01_8	1	False	Not a guide: no PAM, mismatch/bulge screen or donor genotype
w01	NC_051811.1	17256295	17256315	1	w01_8	1	False	Not a guide: no PAM, mismatch/bulge screen or donor genotype
w01	NC_051811.1	17256296	17256316	1	w01_8	1	False	Not a guide: no PAM, mismatch/bulge screen or donor genotype
w01	NC_051811.1	17256297	17256317	1	w01_8	1	False	Not a guide: no PAM, mismatch/bulge screen or donor genotype
w01	NC_051811.1	17256298	17256318	1	w01_8	1	False	Not a guide: no PAM, mismatch/bulge screen or donor genotype
w01	NC_051811.1	17256299	17256319	1	w01_8	1	False	Not a guide: no PAM, mismatch/bulge screen or donor genotype
w01	NC_051811.1	17256300	17256320	1	w01_8	1	False	Not a guide: no PAM, mismatch/bulge screen or donor genotype
w01	NC_051811.1	17256301	17256321	1	w01_8	1	False	Not a guide: no PAM, mismatch/bulge screen or donor genotype
w01	NC_051811.1	17256302	17256322	1	w01_8	1	False	Not a guide: no PAM, mismatch/bulge screen or donor genotype
w01	NC_051811.1	17256303	17256323	1	w01_8	1	False	Not a guide: no PAM, mismatch/bulge screen or donor genotype
w01	NC_051811.1	17256304	17256324	1	w01_8	1	False	Not a guide: no PAM, mismatch/bulge screen or donor genotype
w01	NC_051811.1	17256305	17256325	1	w01_8	1	False	Not a guide: no PAM, mismatch/bulge screen or donor genotype
w01	NC_051811.1	17256306	17256326	1	w01_8	1	False	Not a guide: no PAM, mismatch/bulge screen or donor genotype
w01	NC_051811.1	17256307	17256327	1	w01_8	1	False	Not a guide: no PAM, mismatch/bulge screen or donor genotype
w01	NC_051811.1	17256308	17256328	1	w01_8	1	False	Not a guide: no PAM, mismatch/bulge screen or donor genotype
w01	NC_051811.1	17256309	17256329	1	w01_8	1	False	Not a guide: no PAM, mismatch/bulge screen or donor genotype
w01	NC_051811.1	17256310	17256330	1	w01_8	1	False	Not a guide: no PAM, mismatch/bulge screen or donor genotype
w01	NC_051811.1	17256311	17256331	1	w01_8	1	False	Not a guide: no PAM, mismatch/bulge screen or donor genotype
w01	NC_051811.1	17256312	17256332	1		0	True	Not a guide: no PAM, mismatch/bulge screen or donor genotype
w01	NC_051811.1	17256313	17256333	1		0	True	Not a guide: no PAM, mismatch/bulge screen or donor genotype
w01	NC_051811.1	17256314	17256334	1		0	True	Not a guide: no PAM, mismatch/bulge screen or donor genotype
w01	NC_051811.1	17256315	17256335	1		0	True	Not a guide: no PAM, mismatch/bulge screen or donor genotype
w01	NC_051811.1	17256316	17256336	1		0	True	Not a guide: no PAM, mismatch/bulge screen or donor genotype
w01	NC_051811.1	17256317	17256337	1		0	True	Not a guide: no PAM, mismatch/bulge screen or donor genotype
w01	NC_051811.1	17256318	17256338	1		0	True	Not a guide: no PAM, mismatch/bulge screen or donor genotype
w01	NC_051811.1	17256319	17256339	1		0	True	Not a guide: no PAM, mismatch/bulge screen or donor genotype
w01	NC_051811.1	17256320	17256340	1		0	True	Not a guide: no PAM, mismatch/bulge screen or donor genotype
w01	NC_051811.1	17256321	17256341	1		0	True	Not a guide: no PAM, mismatch/bulge screen or donor genotype
w01	NC_051811.1	17256322	17256342	1		0	True	Not a guide: no PAM, mismatch/bulge screen or donor genotype
w01	NC_051811.1	17256323	17256343	1		0	True	Not a guide: no PAM, mismatch/bulge screen or donor genotype
w01	NC_051811.1	17256324	17256344	1		0	True	Not a guide: no PAM, mismatch/bulge screen or donor genotype
w01	NC_051811.1	17256325	17256345	1		0	True	Not a guide: no PAM, mismatch/bulge screen or donor genotype
w01	NC_051811.1	17256326	17256346	1		0	True	Not a guide: no PAM, mismatch/bulge screen or donor genotype
w01	NC_051811.1	17256327	17256347	1		0	True	Not a guide: no PAM, mismatch/bulge screen or donor genotype
w01	NC_051811.1	17256328	17256348	1		0	True	Not a guide: no PAM, mismatch/bulge screen or donor genotype
w01	NC_051811.1	17256329	17256349	1		0	True	Not a guide: no PAM, mismatch/bulge screen or donor genotype
w01	NC_051811.1	17256330	17256350	1		0	True	Not a guide: no PAM, mismatch/bulge screen or donor genotype
w01	NC_051811.1	17256331	17256351	1		0	True	Not a guide: no PAM, mismatch/bulge screen or donor genotype
w01	NC_051811.1	17256332	17256352	1		0	True	Not a guide: no PAM, mismatch/bulge screen or donor genotype
w01	NC_051811.1	17256333	17256353	1		0	True	Not a guide: no PAM, mismatch/bulge screen or donor genotype
w01	NC_051811.1	17256334	17256354	1		0	True	Not a guide: no PAM, mismatch/bulge screen or donor genotype
w01	NC_051811.1	17256335	17256355	1		0	True	Not a guide: no PAM, mismatch/bulge screen or donor genotype
w01	NC_051811.1	17256336	17256356	1		0	True	Not a guide: no PAM, mismatch/bulge screen or donor genotype
w01	NC_051811.1	17256337	17256357	1		0	True	Not a guide: no PAM, mismatch/bulge screen or donor genotype
w01	NC_051811.1	17256338	17256358	1		0	True	Not a guide: no PAM, mismatch/bulge screen or donor genotype
w01	NC_051811.1	17256339	17256359	1		0	True	Not a guide: no PAM, mismatch/bulge screen or donor genotype
w01	NC_051811.1	17256340	17256360	2	w01_9	1	False	Not a guide: no PAM, mismatch/bulge screen or donor genotype
w01	NC_051811.1	17256341	17256361	1	w01_9	1	False	Not a guide: no PAM, mismatch/bulge screen or donor genotype
w01	NC_051811.1	17256342	17256362	1	w01_9	1	False	Not a guide: no PAM, mismatch/bulge screen or donor genotype
w01	NC_051811.1	17256343	17256363	1	w01_9	1	False	Not a guide: no PAM, mismatch/bulge screen or donor genotype
w01	NC_051811.1	17256344	17256364	1	w01_10;w01_9	2	False	Not a guide: no PAM, mismatch/bulge screen or donor genotype
w01	NC_051811.1	17256345	17256365	1	w01_10;w01_9	2	False	Not a guide: no PAM, mismatch/bulge screen or donor genotype
w01	NC_051811.1	17256346	17256366	1	w01_10;w01_9	2	False	Not a guide: no PAM, mismatch/bulge screen or donor genotype
w01	NC_051811.1	17256347	17256367	1	w01_10;w01_9	2	False	Not a guide: no PAM, mismatch/bulge screen or donor genotype
w01	NC_051811.1	17256348	17256368	1	w01_10;w01_9	2	False	Not a guide: no PAM, mismatch/bulge screen or donor genotype
w01	NC_051811.1	17256349	17256369	1	w01_10;w01_9	2	False	Not a guide: no PAM, mismatch/bulge screen or donor genotype
w01	NC_051811.1	17256350	17256370	1	w01_10;w01_9	2	False	Not a guide: no PAM, mismatch/bulge screen or donor genotype
w01	NC_051811.1	17256351	17256371	1	w01_10;w01_9	2	False	Not a guide: no PAM, mismatch/bulge screen or donor genotype
w01	NC_051811.1	17256352	17256372	1	w01_10;w01_9	2	False	Not a guide: no PAM, mismatch/bulge screen or donor genotype
w01	NC_051811.1	17256353	17256373	1	w01_10;w01_9	2	False	Not a guide: no PAM, mismatch/bulge screen or donor genotype
w01	NC_051811.1	17256354	17256374	1	w01_10;w01_9	2	False	Not a guide: no PAM, mismatch/bulge screen or donor genotype
w01	NC_051811.1	17256355	17256375	1	w01_10;w01_9	2	False	Not a guide: no PAM, mismatch/bulge screen or donor genotype
w01	NC_051811.1	17256356	17256376	1	w01_10;w01_9	2	False	Not a guide: no PAM, mismatch/bulge screen or donor genotype
w01	NC_051811.1	17256357	17256377	1	w01_10;w01_9	2	False	Not a guide: no PAM, mismatch/bulge screen or donor genotype
w01	NC_051811.1	17256358	17256378	1	w01_10;w01_9	2	False	Not a guide: no PAM, mismatch/bulge screen or donor genotype
w01	NC_051811.1	17256359	17256379	1	w01_10;w01_9	2	False	Not a guide: no PAM, mismatch/bulge screen or donor genotype
w01	NC_051811.1	17256360	17256380	1	w01_10	1	False	Not a guide: no PAM, mismatch/bulge screen or donor genotype
w01	NC_051811.1	17256361	17256381	1	w01_10	1	False	Not a guide: no PAM, mismatch/bulge screen or donor genotype
w01	NC_051811.1	17256362	17256382	1	w01_10	1	False	Not a guide: no PAM, mismatch/bulge screen or donor genotype
w01	NC_051811.1	17256363	17256383	1	w01_10	1	False	Not a guide: no PAM, mismatch/bulge screen or donor genotype
w01	NC_051811.1	17256364	17256384	1		0	True	Not a guide: no PAM, mismatch/bulge screen or donor genotype
w01	NC_051811.1	17256365	17256385	1		0	True	Not a guide: no PAM, mismatch/bulge screen or donor genotype
w01	NC_051811.1	17256366	17256386	1		0	True	Not a guide: no PAM, mismatch/bulge screen or donor genotype
w01	NC_051811.1	17256367	17256387	1		0	True	Not a guide: no PAM, mismatch/bulge screen or donor genotype
w01	NC_051811.1	17256368	17256388	1		0	True	Not a guide: no PAM, mismatch/bulge screen or donor genotype
w01	NC_051811.1	17256369	17256389	1		0	True	Not a guide: no PAM, mismatch/bulge screen or donor genotype
w01	NC_051811.1	17256370	17256390	1		0	True	Not a guide: no PAM, mismatch/bulge screen or donor genotype
w01	NC_051811.1	17256371	17256391	1		0	True	Not a guide: no PAM, mismatch/bulge screen or donor genotype
w01	NC_051811.1	17256372	17256392	1		0	True	Not a guide: no PAM, mismatch/bulge screen or donor genotype
w01	NC_051811.1	17256373	17256393	1		0	True	Not a guide: no PAM, mismatch/bulge screen or donor genotype
w01	NC_051811.1	17256374	17256394	1		0	True	Not a guide: no PAM, mismatch/bulge screen or donor genotype
w01	NC_051811.1	17256375	17256395	1		0	True	Not a guide: no PAM, mismatch/bulge screen or donor genotype
w01	NC_051811.1	17256376	17256396	1		0	True	Not a guide: no PAM, mismatch/bulge screen or donor genotype
w01	NC_051811.1	17256377	17256397	1		0	True	Not a guide: no PAM, mismatch/bulge screen or donor genotype
w01	NC_051811.1	17256378	17256398	1		0	True	Not a guide: no PAM, mismatch/bulge screen or donor genotype
w01	NC_051811.1	17256379	17256399	1		0	True	Not a guide: no PAM, mismatch/bulge screen or donor genotype
w01	NC_051811.1	17256380	17256400	1		0	True	Not a guide: no PAM, mismatch/bulge screen or donor genotype
w01	NC_051811.1	17256381	17256401	1		0	True	Not a guide: no PAM, mismatch/bulge screen or donor genotype
w01	NC_051811.1	17256382	17256402	1	w01_11	1	False	Not a guide: no PAM, mismatch/bulge screen or donor genotype
w01	NC_051811.1	17256383	17256403	1	w01_11	1	False	Not a guide: no PAM, mismatch/bulge screen or donor genotype
w01	NC_051811.1	17256384	17256404	1	w01_11	1	False	Not a guide: no PAM, mismatch/bulge screen or donor genotype
w01	NC_051811.1	17256385	17256405	1	w01_11	1	False	Not a guide: no PAM, mismatch/bulge screen or donor genotype
w01	NC_051811.1	17256386	17256406	1	w01_11	1	False	Not a guide: no PAM, mismatch/bulge screen or donor genotype
w01	NC_051811.1	17256387	17256407	1	w01_11	1	False	Not a guide: no PAM, mismatch/bulge screen or donor genotype
w01	NC_051811.1	17256388	17256408	1	w01_11	1	False	Not a guide: no PAM, mismatch/bulge screen or donor genotype
w01	NC_051811.1	17256389	17256409	1	w01_11	1	False	Not a guide: no PAM, mismatch/bulge screen or donor genotype
w01	NC_051811.1	17256390	17256410	1	w01_11	1	False	Not a guide: no PAM, mismatch/bulge screen or donor genotype
w01	NC_051811.1	17256391	17256411	2	w01_11	1	False	Not a guide: no PAM, mismatch/bulge screen or donor genotype
w01	NC_051811.1	17256392	17256412	2	w01_11	1	False	Not a guide: no PAM, mismatch/bulge screen or donor genotype
w01	NC_051811.1	17256393	17256413	1	w01_11	1	False	Not a guide: no PAM, mismatch/bulge screen or donor genotype
w01	NC_051811.1	17256394	17256414	1	w01_11	1	False	Not a guide: no PAM, mismatch/bulge screen or donor genotype
w01	NC_051811.1	17256395	17256415	1	w01_11	1	False	Not a guide: no PAM, mismatch/bulge screen or donor genotype
w01	NC_051811.1	17256396	17256416	1	w01_11	1	False	Not a guide: no PAM, mismatch/bulge screen or donor genotype
w01	NC_051811.1	17256397	17256417	1	w01_11	1	False	Not a guide: no PAM, mismatch/bulge screen or donor genotype
w01	NC_051811.1	17256398	17256418	1	w01_11	1	False	Not a guide: no PAM, mismatch/bulge screen or donor genotype
w01	NC_051811.1	17256399	17256419	1	w01_11	1	False	Not a guide: no PAM, mismatch/bulge screen or donor genotype
w01	NC_051811.1	17256400	17256420	1	w01_11;w01_12	2	False	Not a guide: no PAM, mismatch/bulge screen or donor genotype
w01	NC_051811.1	17256401	17256421	1	w01_11;w01_12;w01_13	3	False	Not a guide: no PAM, mismatch/bulge screen or donor genotype
w01	NC_051811.1	17256402	17256422	1	w01_12;w01_13	2	False	Not a guide: no PAM, mismatch/bulge screen or donor genotype
w01	NC_051811.1	17256403	17256423	1	w01_12;w01_13	2	False	Not a guide: no PAM, mismatch/bulge screen or donor genotype
w01	NC_051811.1	17256404	17256424	1	w01_12;w01_13	2	False	Not a guide: no PAM, mismatch/bulge screen or donor genotype
w01	NC_051811.1	17256405	17256425	1	w01_12;w01_13	2	False	Not a guide: no PAM, mismatch/bulge screen or donor genotype
w01	NC_051811.1	17256406	17256426	1	w01_12;w01_13	2	False	Not a guide: no PAM, mismatch/bulge screen or donor genotype
w01	NC_051811.1	17256407	17256427	1	w01_12;w01_13	2	False	Not a guide: no PAM, mismatch/bulge screen or donor genotype
w01	NC_051811.1	17256408	17256428	1	w01_12;w01_13	2	False	Not a guide: no PAM, mismatch/bulge screen or donor genotype
w01	NC_051811.1	17256409	17256429	1	w01_12;w01_13	2	False	Not a guide: no PAM, mismatch/bulge screen or donor genotype
w01	NC_051811.1	17256410	17256430	1	w01_12;w01_13	2	False	Not a guide: no PAM, mismatch/bulge screen or donor genotype
w01	NC_051811.1	17256411	17256431	1	w01_12;w01_13	2	False	Not a guide: no PAM, mismatch/bulge screen or donor genotype
w01	NC_051811.1	17256412	17256432	1	w01_12;w01_13	2	False	Not a guide: no PAM, mismatch/bulge screen or donor genotype
w01	NC_051811.1	17256413	17256433	1	w01_12;w01_13	2	False	Not a guide: no PAM, mismatch/bulge screen or donor genotype
w01	NC_051811.1	17256414	17256434	1	w01_12;w01_13	2	False	Not a guide: no PAM, mismatch/bulge screen or donor genotype
w01	NC_051811.1	17256415	17256435	1	w01_12;w01_13	2	False	Not a guide: no PAM, mismatch/bulge screen or donor genotype
w01	NC_051811.1	17256416	17256436	1	w01_12;w01_13	2	False	Not a guide: no PAM, mismatch/bulge screen or donor genotype
w01	NC_051811.1	17256417	17256437	1	w01_12;w01_13	2	False	Not a guide: no PAM, mismatch/bulge screen or donor genotype
w01	NC_051811.1	17256418	17256438	1	w01_12;w01_13	2	False	Not a guide: no PAM, mismatch/bulge screen or donor genotype
w01	NC_051811.1	17256419	17256439	1	w01_12;w01_13	2	False	Not a guide: no PAM, mismatch/bulge screen or donor genotype
w01	NC_051811.1	17256420	17256440	1	w01_13	1	False	Not a guide: no PAM, mismatch/bulge screen or donor genotype
w01	NC_051811.1	17256421	17256441	2		0	False	Not a guide: no PAM, mismatch/bulge screen or donor genotype
w01	NC_051811.1	17256422	17256442	1		0	True	Not a guide: no PAM, mismatch/bulge screen or donor genotype
w01	NC_051811.1	17256423	17256443	1		0	True	Not a guide: no PAM, mismatch/bulge screen or donor genotype
w01	NC_051811.1	17256424	17256444	2		0	False	Not a guide: no PAM, mismatch/bulge screen or donor genotype
w01	NC_051811.1	17256425	17256445	1		0	True	Not a guide: no PAM, mismatch/bulge screen or donor genotype
w01	NC_051811.1	17256426	17256446	1		0	True	Not a guide: no PAM, mismatch/bulge screen or donor genotype
w01	NC_051811.1	17256427	17256447	1		0	True	Not a guide: no PAM, mismatch/bulge screen or donor genotype
w01	NC_051811.1	17256428	17256448	1		0	True	Not a guide: no PAM, mismatch/bulge screen or donor genotype
w01	NC_051811.1	17256429	17256449	1		0	True	Not a guide: no PAM, mismatch/bulge screen or donor genotype
w01	NC_051811.1	17256430	17256450	1		0	True	Not a guide: no PAM, mismatch/bulge screen or donor genotype
w01	NC_051811.1	17256431	17256451	1		0	True	Not a guide: no PAM, mismatch/bulge screen or donor genotype
w01	NC_051811.1	17256432	17256452	1		0	True	Not a guide: no PAM, mismatch/bulge screen or donor genotype
w01	NC_051811.1	17256433	17256453	1		0	True	Not a guide: no PAM, mismatch/bulge screen or donor genotype
w01	NC_051811.1	17256434	17256454	1		0	True	Not a guide: no PAM, mismatch/bulge screen or donor genotype
w01	NC_051811.1	17256435	17256455	1		0	True	Not a guide: no PAM, mismatch/bulge screen or donor genotype
w01	NC_051811.1	17256436	17256456	1		0	True	Not a guide: no PAM, mismatch/bulge screen or donor genotype
w01	NC_051811.1	17256437	17256457	1		0	True	Not a guide: no PAM, mismatch/bulge screen or donor genotype
w01	NC_051811.1	17256438	17256458	1		0	True	Not a guide: no PAM, mismatch/bulge screen or donor genotype
w01	NC_051811.1	17256439	17256459	1		0	True	Not a guide: no PAM, mismatch/bulge screen or donor genotype
w01	NC_051811.1	17256440	17256460	1		0	True	Not a guide: no PAM, mismatch/bulge screen or donor genotype
w01	NC_051811.1	17256441	17256461	1		0	True	Not a guide: no PAM, mismatch/bulge screen or donor genotype
w01	NC_051811.1	17256442	17256462	1		0	True	Not a guide: no PAM, mismatch/bulge screen or donor genotype
w01	NC_051811.1	17256443	17256463	1		0	True	Not a guide: no PAM, mismatch/bulge screen or donor genotype
w01	NC_051811.1	17256444	17256464	1		0	True	Not a guide: no PAM, mismatch/bulge screen or donor genotype
w01	NC_051811.1	17256445	17256465	1		0	True	Not a guide: no PAM, mismatch/bulge screen or donor genotype
w01	NC_051811.1	17256446	17256466	1		0	True	Not a guide: no PAM, mismatch/bulge screen or donor genotype
w01	NC_051811.1	17256447	17256467	1		0	True	Not a guide: no PAM, mismatch/bulge screen or donor genotype
w01	NC_051811.1	17256448	17256468	1		0	True	Not a guide: no PAM, mismatch/bulge screen or donor genotype
w01	NC_051811.1	17256449	17256469	1		0	True	Not a guide: no PAM, mismatch/bulge screen or donor genotype
w01	NC_051811.1	17256450	17256470	1		0	True	Not a guide: no PAM, mismatch/bulge screen or donor genotype
w01	NC_051811.1	17256451	17256471	1		0	True	Not a guide: no PAM, mismatch/bulge screen or donor genotype
w01	NC_051811.1	17256452	17256472	1		0	True	Not a guide: no PAM, mismatch/bulge screen or donor genotype
w01	NC_051811.1	17256453	17256473	1		0	True	Not a guide: no PAM, mismatch/bulge screen or donor genotype
w01	NC_051811.1	17256454	17256474	1		0	True	Not a guide: no PAM, mismatch/bulge screen or donor genotype
w01	NC_051811.1	17256455	17256475	1		0	True	Not a guide: no PAM, mismatch/bulge screen or donor genotype
w01	NC_051811.1	17256456	17256476	1		0	True	Not a guide: no PAM, mismatch/bulge screen or donor genotype
w01	NC_051811.1	17256457	17256477	1		0	True	Not a guide: no PAM, mismatch/bulge screen or donor genotype
w01	NC_051811.1	17256458	17256478	1		0	True	Not a guide: no PAM, mismatch/bulge screen or donor genotype
w01	NC_051811.1	17256459	17256479	1		0	True	Not a guide: no PAM, mismatch/bulge screen or donor genotype
w01	NC_051811.1	17256460	17256480	1		0	True	Not a guide: no PAM, mismatch/bulge screen or donor genotype
w01	NC_051811.1	17256461	17256481	1		0	True	Not a guide: no PAM, mismatch/bulge screen or donor genotype
w01	NC_051811.1	17256462	17256482	1		0	True	Not a guide: no PAM, mismatch/bulge screen or donor genotype
w01	NC_051811.1	17256463	17256483	1		0	True	Not a guide: no PAM, mismatch/bulge screen or donor genotype
w01	NC_051811.1	17256464	17256484	1		0	True	Not a guide: no PAM, mismatch/bulge screen or donor genotype
w01	NC_051811.1	17256465	17256485	1		0	True	Not a guide: no PAM, mismatch/bulge screen or donor genotype
w01	NC_051811.1	17256466	17256486	1		0	True	Not a guide: no PAM, mismatch/bulge screen or donor genotype
w01	NC_051811.1	17256467	17256487	1		0	True	Not a guide: no PAM, mismatch/bulge screen or donor genotype
w01	NC_051811.1	17256468	17256488	1		0	True	Not a guide: no PAM, mismatch/bulge screen or donor genotype
w01	NC_051811.1	17256469	17256489	1		0	True	Not a guide: no PAM, mismatch/bulge screen or donor genotype
w01	NC_051811.1	17256470	17256490	1		0	True	Not a guide: no PAM, mismatch/bulge screen or donor genotype
w01	NC_051811.1	17256471	17256491	1		0	True	Not a guide: no PAM, mismatch/bulge screen or donor genotype
w01	NC_051811.1	17256472	17256492	1		0	True	Not a guide: no PAM, mismatch/bulge screen or donor genotype
w01	NC_051811.1	17256473	17256493	1		0	True	Not a guide: no PAM, mismatch/bulge screen or donor genotype
w01	NC_051811.1	17256474	17256494	1		0	True	Not a guide: no PAM, mismatch/bulge screen or donor genotype
w01	NC_051811.1	17256475	17256495	1	w01_14	1	False	Not a guide: no PAM, mismatch/bulge screen or donor genotype
w01	NC_051811.1	17256476	17256496	1	w01_14	1	False	Not a guide: no PAM, mismatch/bulge screen or donor genotype
w01	NC_051811.1	17256477	17256497	1	w01_14	1	False	Not a guide: no PAM, mismatch/bulge screen or donor genotype
w01	NC_051811.1	17256478	17256498	1	w01_14	1	False	Not a guide: no PAM, mismatch/bulge screen or donor genotype
w01	NC_051811.1	17256479	17256499	1	w01_14	1	False	Not a guide: no PAM, mismatch/bulge screen or donor genotype
w01	NC_051811.1	17256480	17256500	1	w01_14	1	False	Not a guide: no PAM, mismatch/bulge screen or donor genotype
w01	NC_051811.1	17256481	17256501	1	w01_14	1	False	Not a guide: no PAM, mismatch/bulge screen or donor genotype
w01	NC_051811.1	17256482	17256502	1	w01_14	1	False	Not a guide: no PAM, mismatch/bulge screen or donor genotype
w01	NC_051811.1	17256483	17256503	1	w01_14	1	False	Not a guide: no PAM, mismatch/bulge screen or donor genotype
w01	NC_051811.1	17256484	17256504	1	w01_14	1	False	Not a guide: no PAM, mismatch/bulge screen or donor genotype
w01	NC_051811.1	17256485	17256505	1	w01_14	1	False	Not a guide: no PAM, mismatch/bulge screen or donor genotype
w01	NC_051811.1	17256486	17256506	1	w01_14	1	False	Not a guide: no PAM, mismatch/bulge screen or donor genotype
w01	NC_051811.1	17256487	17256507	1	w01_14	1	False	Not a guide: no PAM, mismatch/bulge screen or donor genotype
w01	NC_051811.1	17256488	17256508	1	w01_14	1	False	Not a guide: no PAM, mismatch/bulge screen or donor genotype
w01	NC_051811.1	17256489	17256509	1	w01_14	1	False	Not a guide: no PAM, mismatch/bulge screen or donor genotype
w01	NC_051811.1	17256490	17256510	1	w01_14	1	False	Not a guide: no PAM, mismatch/bulge screen or donor genotype
w01	NC_051811.1	17256491	17256511	1	w01_14	1	False	Not a guide: no PAM, mismatch/bulge screen or donor genotype
w01	NC_051811.1	17256492	17256512	1	w01_14	1	False	Not a guide: no PAM, mismatch/bulge screen or donor genotype
w01	NC_051811.1	17256493	17256513	1	w01_14;w01_16	2	False	Not a guide: no PAM, mismatch/bulge screen or donor genotype
w01	NC_051811.1	17256494	17256514	1	w01_14;w01_16	2	False	Not a guide: no PAM, mismatch/bulge screen or donor genotype
w01	NC_051811.1	17256495	17256515	1	w01_16	1	False	Not a guide: no PAM, mismatch/bulge screen or donor genotype
w01	NC_051811.1	17256496	17256516	1	w01_16	1	False	Not a guide: no PAM, mismatch/bulge screen or donor genotype
w01	NC_051811.1	17256497	17256517	1	w01_16	1	False	Not a guide: no PAM, mismatch/bulge screen or donor genotype
w01	NC_051811.1	17256498	17256518	1	w01_16	1	False	Not a guide: no PAM, mismatch/bulge screen or donor genotype
w01	NC_051811.1	17256499	17256519	1	w01_16	1	False	Not a guide: no PAM, mismatch/bulge screen or donor genotype
w01	NC_051811.1	17256500	17256520	1	w01_16	1	False	Not a guide: no PAM, mismatch/bulge screen or donor genotype
w01	NC_051811.1	17256501	17256521	1	w01_16	1	False	Not a guide: no PAM, mismatch/bulge screen or donor genotype
w01	NC_051811.1	17256502	17256522	1	w01_16	1	False	Not a guide: no PAM, mismatch/bulge screen or donor genotype
w01	NC_051811.1	17256503	17256523	1	w01_16	1	False	Not a guide: no PAM, mismatch/bulge screen or donor genotype
w01	NC_051811.1	17256504	17256524	1	w01_16	1	False	Not a guide: no PAM, mismatch/bulge screen or donor genotype
w01	NC_051811.1	17256505	17256525	1	w01_16	1	False	Not a guide: no PAM, mismatch/bulge screen or donor genotype
w01	NC_051811.1	17256506	17256526	1	w01_16	1	False	Not a guide: no PAM, mismatch/bulge screen or donor genotype
w01	NC_051811.1	17256507	17256527	1	w01_16	1	False	Not a guide: no PAM, mismatch/bulge screen or donor genotype
w01	NC_051811.1	17256508	17256528	1	w01_16	1	False	Not a guide: no PAM, mismatch/bulge screen or donor genotype
w01	NC_051811.1	17256509	17256529	1	w01_16	1	False	Not a guide: no PAM, mismatch/bulge screen or donor genotype
w01	NC_051811.1	17256510	17256530	1	w01_16	1	False	Not a guide: no PAM, mismatch/bulge screen or donor genotype
w01	NC_051811.1	17256511	17256531	1	w01_16	1	False	Not a guide: no PAM, mismatch/bulge screen or donor genotype
w01	NC_051811.1	17256512	17256532	1	w01_16	1	False	Not a guide: no PAM, mismatch/bulge screen or donor genotype
w01	NC_051811.1	17256513	17256533	1		0	True	Not a guide: no PAM, mismatch/bulge screen or donor genotype
w01	NC_051811.1	17256514	17256534	1		0	True	Not a guide: no PAM, mismatch/bulge screen or donor genotype
w01	NC_051811.1	17256515	17256535	1		0	True	Not a guide: no PAM, mismatch/bulge screen or donor genotype
w01	NC_051811.1	17256516	17256536	1		0	True	Not a guide: no PAM, mismatch/bulge screen or donor genotype
w01	NC_051811.1	17256517	17256537	1		0	True	Not a guide: no PAM, mismatch/bulge screen or donor genotype
w01	NC_051811.1	17256518	17256538	1		0	True	Not a guide: no PAM, mismatch/bulge screen or donor genotype
w01	NC_051811.1	17256519	17256539	1		0	True	Not a guide: no PAM, mismatch/bulge screen or donor genotype
w01	NC_051811.1	17256520	17256540	1		0	True	Not a guide: no PAM, mismatch/bulge screen or donor genotype
w01	NC_051811.1	17256521	17256541	1		0	True	Not a guide: no PAM, mismatch/bulge screen or donor genotype
w01	NC_051811.1	17256522	17256542	1		0	True	Not a guide: no PAM, mismatch/bulge screen or donor genotype
w01	NC_051811.1	17256523	17256543	1		0	True	Not a guide: no PAM, mismatch/bulge screen or donor genotype
w01	NC_051811.1	17256524	17256544	1		0	True	Not a guide: no PAM, mismatch/bulge screen or donor genotype
w01	NC_051811.1	17256525	17256545	1		0	True	Not a guide: no PAM, mismatch/bulge screen or donor genotype
w01	NC_051811.1	17256526	17256546	1		0	True	Not a guide: no PAM, mismatch/bulge screen or donor genotype
w01	NC_051811.1	17256527	17256547	1		0	True	Not a guide: no PAM, mismatch/bulge screen or donor genotype
w01	NC_051811.1	17256528	17256548	1	w01_18	1	False	Not a guide: no PAM, mismatch/bulge screen or donor genotype
w01	NC_051811.1	17256529	17256549	1	w01_18	1	False	Not a guide: no PAM, mismatch/bulge screen or donor genotype
w01	NC_051811.1	17256530	17256550	1	w01_18	1	False	Not a guide: no PAM, mismatch/bulge screen or donor genotype
w01	NC_051811.1	17256531	17256551	1	w01_18	1	False	Not a guide: no PAM, mismatch/bulge screen or donor genotype
w01	NC_051811.1	17256532	17256552	1	w01_18	1	False	Not a guide: no PAM, mismatch/bulge screen or donor genotype
w01	NC_051811.1	17256533	17256553	1	w01_18	1	False	Not a guide: no PAM, mismatch/bulge screen or donor genotype
w01	NC_051811.1	17256534	17256554	1	w01_18	1	False	Not a guide: no PAM, mismatch/bulge screen or donor genotype
w01	NC_051811.1	17256535	17256555	1	w01_18	1	False	Not a guide: no PAM, mismatch/bulge screen or donor genotype
w01	NC_051811.1	17256536	17256556	1	w01_18	1	False	Not a guide: no PAM, mismatch/bulge screen or donor genotype
w01	NC_051811.1	17256537	17256557	1	w01_18	1	False	Not a guide: no PAM, mismatch/bulge screen or donor genotype
w01	NC_051811.1	17256538	17256558	1	w01_18	1	False	Not a guide: no PAM, mismatch/bulge screen or donor genotype
w01	NC_051811.1	17256539	17256559	1	w01_18;w01_19	2	False	Not a guide: no PAM, mismatch/bulge screen or donor genotype
w01	NC_051811.1	17256540	17256560	1	w01_18;w01_19	2	False	Not a guide: no PAM, mismatch/bulge screen or donor genotype
w01	NC_051811.1	17256541	17256561	1	w01_18;w01_19	2	False	Not a guide: no PAM, mismatch/bulge screen or donor genotype
w01	NC_051811.1	17256542	17256562	1	w01_18;w01_19	2	False	Not a guide: no PAM, mismatch/bulge screen or donor genotype
w01	NC_051811.1	17256543	17256563	1	w01_18;w01_19	2	False	Not a guide: no PAM, mismatch/bulge screen or donor genotype
w01	NC_051811.1	17256544	17256564	1	w01_18;w01_19	2	False	Not a guide: no PAM, mismatch/bulge screen or donor genotype
w01	NC_051811.1	17256545	17256565	1	w01_18;w01_19	2	False	Not a guide: no PAM, mismatch/bulge screen or donor genotype
w01	NC_051811.1	17256546	17256566	1	w01_18;w01_19	2	False	Not a guide: no PAM, mismatch/bulge screen or donor genotype
w01	NC_051811.1	17256547	17256567	1	w01_18;w01_19	2	False	Not a guide: no PAM, mismatch/bulge screen or donor genotype
w01	NC_051811.1	17256548	17256568	1	w01_19	1	False	Not a guide: no PAM, mismatch/bulge screen or donor genotype
w01	NC_051811.1	17256549	17256569	2	w01_19	1	False	Not a guide: no PAM, mismatch/bulge screen or donor genotype
w01	NC_051811.1	17256550	17256570	1	w01_19	1	False	Not a guide: no PAM, mismatch/bulge screen or donor genotype
w01	NC_051811.1	17256551	17256571	1	w01_19	1	False	Not a guide: no PAM, mismatch/bulge screen or donor genotype
w01	NC_051811.1	17256552	17256572	1	w01_19	1	False	Not a guide: no PAM, mismatch/bulge screen or donor genotype
w01	NC_051811.1	17256553	17256573	1	w01_19	1	False	Not a guide: no PAM, mismatch/bulge screen or donor genotype
w01	NC_051811.1	17256554	17256574	1	w01_19	1	False	Not a guide: no PAM, mismatch/bulge screen or donor genotype
w01	NC_051811.1	17256555	17256575	1	w01_19	1	False	Not a guide: no PAM, mismatch/bulge screen or donor genotype
w01	NC_051811.1	17256556	17256576	1	w01_19	1	False	Not a guide: no PAM, mismatch/bulge screen or donor genotype
w01	NC_051811.1	17256557	17256577	1	w01_19	1	False	Not a guide: no PAM, mismatch/bulge screen or donor genotype
w01	NC_051811.1	17256558	17256578	1	w01_19	1	False	Not a guide: no PAM, mismatch/bulge screen or donor genotype
w01	NC_051811.1	17256559	17256579	1	w01_20	1	False	Not a guide: no PAM, mismatch/bulge screen or donor genotype
w01	NC_051811.1	17256560	17256580	1	w01_20	1	False	Not a guide: no PAM, mismatch/bulge screen or donor genotype
w01	NC_051811.1	17256561	17256581	1	w01_20;w01_21	2	False	Not a guide: no PAM, mismatch/bulge screen or donor genotype
w01	NC_051811.1	17256562	17256582	1	w01_20;w01_21	2	False	Not a guide: no PAM, mismatch/bulge screen or donor genotype
w01	NC_051811.1	17256563	17256583	1	w01_20;w01_21	2	False	Not a guide: no PAM, mismatch/bulge screen or donor genotype
w01	NC_051811.1	17256564	17256584	1	w01_20;w01_21	2	False	Not a guide: no PAM, mismatch/bulge screen or donor genotype
w01	NC_051811.1	17256565	17256585	1	w01_20;w01_21	2	False	Not a guide: no PAM, mismatch/bulge screen or donor genotype
w01	NC_051811.1	17256566	17256586	1	w01_20;w01_21	2	False	Not a guide: no PAM, mismatch/bulge screen or donor genotype
w01	NC_051811.1	17256567	17256587	1	w01_20;w01_21	2	False	Not a guide: no PAM, mismatch/bulge screen or donor genotype
w01	NC_051811.1	17256568	17256588	1	w01_20;w01_21	2	False	Not a guide: no PAM, mismatch/bulge screen or donor genotype
w01	NC_051811.1	17256569	17256589	1	w01_20;w01_21	2	False	Not a guide: no PAM, mismatch/bulge screen or donor genotype
w01	NC_051811.1	17256570	17256590	1	w01_20;w01_21	2	False	Not a guide: no PAM, mismatch/bulge screen or donor genotype
w01	NC_051811.1	17256571	17256591	1	w01_20;w01_21	2	False	Not a guide: no PAM, mismatch/bulge screen or donor genotype
w01	NC_051811.1	17256572	17256592	1	w01_20;w01_21	2	False	Not a guide: no PAM, mismatch/bulge screen or donor genotype
w01	NC_051811.1	17256573	17256593	1	w01_20;w01_21	2	False	Not a guide: no PAM, mismatch/bulge screen or donor genotype
w01	NC_051811.1	17256574	17256594	1	w01_20;w01_21	2	False	Not a guide: no PAM, mismatch/bulge screen or donor genotype
w01	NC_051811.1	17256575	17256595	1	w01_20;w01_21	2	False	Not a guide: no PAM, mismatch/bulge screen or donor genotype
w01	NC_051811.1	17256576	17256596	1	w01_20;w01_21	2	False	Not a guide: no PAM, mismatch/bulge screen or donor genotype
w01	NC_051811.1	17256577	17256597	1	w01_20;w01_21	2	False	Not a guide: no PAM, mismatch/bulge screen or donor genotype
w01	NC_051811.1	17256578	17256598	1	w01_20;w01_21	2	False	Not a guide: no PAM, mismatch/bulge screen or donor genotype
w01	NC_051811.1	17256579	17256599	1	w01_21	1	False	Not a guide: no PAM, mismatch/bulge screen or donor genotype
w01	NC_051811.1	17256580	17256600	1	w01_21	1	False	Not a guide: no PAM, mismatch/bulge screen or donor genotype
w01	NC_051811.1	17256581	17256601	1		0	True	Not a guide: no PAM, mismatch/bulge screen or donor genotype
w01	NC_051811.1	17256582	17256602	1		0	True	Not a guide: no PAM, mismatch/bulge screen or donor genotype
w01	NC_051811.1	17256583	17256603	1		0	True	Not a guide: no PAM, mismatch/bulge screen or donor genotype
w01	NC_051811.1	17256584	17256604	1		0	True	Not a guide: no PAM, mismatch/bulge screen or donor genotype
w01	NC_051811.1	17256585	17256605	1		0	True	Not a guide: no PAM, mismatch/bulge screen or donor genotype
w01	NC_051811.1	17256586	17256606	1		0	True	Not a guide: no PAM, mismatch/bulge screen or donor genotype
w01	NC_051811.1	17256587	17256607	1		0	True	Not a guide: no PAM, mismatch/bulge screen or donor genotype
w01	NC_051811.1	17256588	17256608	1		0	True	Not a guide: no PAM, mismatch/bulge screen or donor genotype
w01	NC_051811.1	17256589	17256609	1		0	True	Not a guide: no PAM, mismatch/bulge screen or donor genotype
w01	NC_051811.1	17256590	17256610	2		0	False	Not a guide: no PAM, mismatch/bulge screen or donor genotype
w01	NC_051811.1	17256591	17256611	1		0	True	Not a guide: no PAM, mismatch/bulge screen or donor genotype
w01	NC_051811.1	17256592	17256612	1		0	True	Not a guide: no PAM, mismatch/bulge screen or donor genotype
w01	NC_051811.1	17256593	17256613	1		0	True	Not a guide: no PAM, mismatch/bulge screen or donor genotype
w01	NC_051811.1	17256594	17256614	1		0	True	Not a guide: no PAM, mismatch/bulge screen or donor genotype
w01	NC_051811.1	17256595	17256615	1		0	True	Not a guide: no PAM, mismatch/bulge screen or donor genotype
w01	NC_051811.1	17256596	17256616	1		0	True	Not a guide: no PAM, mismatch/bulge screen or donor genotype
w01	NC_051811.1	17256597	17256617	1	w01_22	1	False	Not a guide: no PAM, mismatch/bulge screen or donor genotype
w01	NC_051811.1	17256598	17256618	1	w01_22	1	False	Not a guide: no PAM, mismatch/bulge screen or donor genotype
w01	NC_051811.1	17256599	17256619	1	w01_22	1	False	Not a guide: no PAM, mismatch/bulge screen or donor genotype
w01	NC_051811.1	17256600	17256620	1	w01_22	1	False	Not a guide: no PAM, mismatch/bulge screen or donor genotype
w01	NC_051811.1	17256601	17256621	1	w01_22	1	False	Not a guide: no PAM, mismatch/bulge screen or donor genotype
w01	NC_051811.1	17256602	17256622	1	w01_22	1	False	Not a guide: no PAM, mismatch/bulge screen or donor genotype
w01	NC_051811.1	17256603	17256623	1	w01_22	1	False	Not a guide: no PAM, mismatch/bulge screen or donor genotype
w01	NC_051811.1	17256604	17256624	1	w01_22	1	False	Not a guide: no PAM, mismatch/bulge screen or donor genotype
w01	NC_051811.1	17256605	17256625	1	w01_22	1	False	Not a guide: no PAM, mismatch/bulge screen or donor genotype
w01	NC_051811.1	17256606	17256626	1	w01_22	1	False	Not a guide: no PAM, mismatch/bulge screen or donor genotype
w01	NC_051811.1	17256607	17256627	1	w01_22	1	False	Not a guide: no PAM, mismatch/bulge screen or donor genotype
w01	NC_051811.1	17256608	17256628	1	w01_22	1	False	Not a guide: no PAM, mismatch/bulge screen or donor genotype
w01	NC_051811.1	17256609	17256629	1	w01_22	1	False	Not a guide: no PAM, mismatch/bulge screen or donor genotype
w01	NC_051811.1	17256610	17256630	1	w01_22	1	False	Not a guide: no PAM, mismatch/bulge screen or donor genotype
w01	NC_051811.1	17256611	17256631	1	w01_22	1	False	Not a guide: no PAM, mismatch/bulge screen or donor genotype
w01	NC_051811.1	17256612	17256632	1	w01_22	1	False	Not a guide: no PAM, mismatch/bulge screen or donor genotype
w01	NC_051811.1	17256613	17256633	1	w01_22	1	False	Not a guide: no PAM, mismatch/bulge screen or donor genotype
w01	NC_051811.1	17256614	17256634	1	w01_22	1	False	Not a guide: no PAM, mismatch/bulge screen or donor genotype
w01	NC_051811.1	17256615	17256635	1	w01_22;w01_23	2	False	Not a guide: no PAM, mismatch/bulge screen or donor genotype
w01	NC_051811.1	17256616	17256636	1	w01_22;w01_23	2	False	Not a guide: no PAM, mismatch/bulge screen or donor genotype
w01	NC_051811.1	17256617	17256637	1	w01_23	1	False	Not a guide: no PAM, mismatch/bulge screen or donor genotype
w01	NC_051811.1	17256618	17256638	1	w01_23	1	False	Not a guide: no PAM, mismatch/bulge screen or donor genotype
w01	NC_051811.1	17256619	17256639	1	w01_23	1	False	Not a guide: no PAM, mismatch/bulge screen or donor genotype
w01	NC_051811.1	17256620	17256640	1	w01_23	1	False	Not a guide: no PAM, mismatch/bulge screen or donor genotype
w01	NC_051811.1	17256621	17256641	1	w01_23	1	False	Not a guide: no PAM, mismatch/bulge screen or donor genotype
w01	NC_051811.1	17256622	17256642	1	w01_23	1	False	Not a guide: no PAM, mismatch/bulge screen or donor genotype
w01	NC_051811.1	17256623	17256643	1	w01_23	1	False	Not a guide: no PAM, mismatch/bulge screen or donor genotype
w01	NC_051811.1	17256624	17256644	1	w01_23	1	False	Not a guide: no PAM, mismatch/bulge screen or donor genotype
w01	NC_051811.1	17256625	17256645	1	w01_23	1	False	Not a guide: no PAM, mismatch/bulge screen or donor genotype
w01	NC_051811.1	17256626	17256646	1	w01_23	1	False	Not a guide: no PAM, mismatch/bulge screen or donor genotype
w01	NC_051811.1	17256627	17256647	1	w01_23	1	False	Not a guide: no PAM, mismatch/bulge screen or donor genotype
w01	NC_051811.1	17256628	17256648	1	w01_23	1	False	Not a guide: no PAM, mismatch/bulge screen or donor genotype
w01	NC_051811.1	17256629	17256649	1	w01_23	1	False	Not a guide: no PAM, mismatch/bulge screen or donor genotype
w01	NC_051811.1	17256630	17256650	1	w01_23;w01_24	2	False	Not a guide: no PAM, mismatch/bulge screen or donor genotype
w01	NC_051811.1	17256631	17256651	1	w01_23;w01_24	2	False	Not a guide: no PAM, mismatch/bulge screen or donor genotype
w01	NC_051811.1	17256632	17256652	1	w01_23;w01_24	2	False	Not a guide: no PAM, mismatch/bulge screen or donor genotype
w01	NC_051811.1	17256633	17256653	1	w01_23;w01_24	2	False	Not a guide: no PAM, mismatch/bulge screen or donor genotype
w01	NC_051811.1	17256634	17256654	1	w01_23;w01_24	2	False	Not a guide: no PAM, mismatch/bulge screen or donor genotype
w01	NC_051811.1	17256635	17256655	1	w01_24	1	False	Not a guide: no PAM, mismatch/bulge screen or donor genotype
w01	NC_051811.1	17256636	17256656	1	w01_24	1	False	Not a guide: no PAM, mismatch/bulge screen or donor genotype
w01	NC_051811.1	17256637	17256657	1	w01_24	1	False	Not a guide: no PAM, mismatch/bulge screen or donor genotype
w01	NC_051811.1	17256638	17256658	1	w01_24	1	False	Not a guide: no PAM, mismatch/bulge screen or donor genotype
w01	NC_051811.1	17256639	17256659	1	w01_24	1	False	Not a guide: no PAM, mismatch/bulge screen or donor genotype
w01	NC_051811.1	17256640	17256660	1	w01_24	1	False	Not a guide: no PAM, mismatch/bulge screen or donor genotype
w01	NC_051811.1	17256641	17256661	1	w01_24	1	False	Not a guide: no PAM, mismatch/bulge screen or donor genotype
w01	NC_051811.1	17256642	17256662	1	w01_24	1	False	Not a guide: no PAM, mismatch/bulge screen or donor genotype
w01	NC_051811.1	17256643	17256663	1	w01_24	1	False	Not a guide: no PAM, mismatch/bulge screen or donor genotype
w01	NC_051811.1	17256644	17256664	1	w01_24	1	False	Not a guide: no PAM, mismatch/bulge screen or donor genotype
w01	NC_051811.1	17256645	17256665	1	w01_24	1	False	Not a guide: no PAM, mismatch/bulge screen or donor genotype
w01	NC_051811.1	17256646	17256666	1	w01_24	1	False	Not a guide: no PAM, mismatch/bulge screen or donor genotype
w01	NC_051811.1	17256647	17256667	1	w01_24	1	False	Not a guide: no PAM, mismatch/bulge screen or donor genotype
w01	NC_051811.1	17256648	17256668	1	w01_24;w01_25	2	False	Not a guide: no PAM, mismatch/bulge screen or donor genotype
w01	NC_051811.1	17256649	17256669	1	w01_24;w01_25	2	False	Not a guide: no PAM, mismatch/bulge screen or donor genotype
w01	NC_051811.1	17256650	17256670	1	w01_25	1	False	Not a guide: no PAM, mismatch/bulge screen or donor genotype
w01	NC_051811.1	17256651	17256671	1	w01_25	1	False	Not a guide: no PAM, mismatch/bulge screen or donor genotype
w01	NC_051811.1	17256652	17256672	1	w01_25	1	False	Not a guide: no PAM, mismatch/bulge screen or donor genotype
w01	NC_051811.1	17256653	17256673	1	w01_25	1	False	Not a guide: no PAM, mismatch/bulge screen or donor genotype
w01	NC_051811.1	17256654	17256674	1	w01_25	1	False	Not a guide: no PAM, mismatch/bulge screen or donor genotype
w01	NC_051811.1	17256655	17256675	1	w01_25	1	False	Not a guide: no PAM, mismatch/bulge screen or donor genotype
w01	NC_051811.1	17256656	17256676	1	w01_25	1	False	Not a guide: no PAM, mismatch/bulge screen or donor genotype
w01	NC_051811.1	17256657	17256677	1	w01_25	1	False	Not a guide: no PAM, mismatch/bulge screen or donor genotype
w01	NC_051811.1	17256658	17256678	1	w01_25	1	False	Not a guide: no PAM, mismatch/bulge screen or donor genotype
w01	NC_051811.1	17256659	17256679	1	w01_25	1	False	Not a guide: no PAM, mismatch/bulge screen or donor genotype
w01	NC_051811.1	17256660	17256680	1	w01_25	1	False	Not a guide: no PAM, mismatch/bulge screen or donor genotype
w01	NC_051811.1	17256661	17256681	1	w01_25	1	False	Not a guide: no PAM, mismatch/bulge screen or donor genotype
w01	NC_051811.1	17256662	17256682	1	w01_25	1	False	Not a guide: no PAM, mismatch/bulge screen or donor genotype
w01	NC_051811.1	17256663	17256683	1	w01_25	1	False	Not a guide: no PAM, mismatch/bulge screen or donor genotype
w01	NC_051811.1	17256664	17256684	1	w01_25	1	False	Not a guide: no PAM, mismatch/bulge screen or donor genotype
w01	NC_051811.1	17256665	17256685	1	w01_25	1	False	Not a guide: no PAM, mismatch/bulge screen or donor genotype
w01	NC_051811.1	17256666	17256686	1	w01_25	1	False	Not a guide: no PAM, mismatch/bulge screen or donor genotype
w01	NC_051811.1	17256667	17256687	1	w01_25	1	False	Not a guide: no PAM, mismatch/bulge screen or donor genotype
w01	NC_051811.1	17256668	17256688	1		0	True	Not a guide: no PAM, mismatch/bulge screen or donor genotype
w01	NC_051811.1	17256669	17256689	1		0	True	Not a guide: no PAM, mismatch/bulge screen or donor genotype
w01	NC_051811.1	17256670	17256690	1		0	True	Not a guide: no PAM, mismatch/bulge screen or donor genotype
w01	NC_051811.1	17256671	17256691	1		0	True	Not a guide: no PAM, mismatch/bulge screen or donor genotype
w01	NC_051811.1	17256672	17256692	1		0	True	Not a guide: no PAM, mismatch/bulge screen or donor genotype
w01	NC_051811.1	17256673	17256693	1		0	True	Not a guide: no PAM, mismatch/bulge screen or donor genotype
w01	NC_051811.1	17256674	17256694	1		0	True	Not a guide: no PAM, mismatch/bulge screen or donor genotype
w01	NC_051811.1	17256675	17256695	1		0	True	Not a guide: no PAM, mismatch/bulge screen or donor genotype
w01	NC_051811.1	17256676	17256696	1		0	True	Not a guide: no PAM, mismatch/bulge screen or donor genotype
w01	NC_051811.1	17256677	17256697	1		0	True	Not a guide: no PAM, mismatch/bulge screen or donor genotype
w01	NC_051811.1	17256678	17256698	1		0	True	Not a guide: no PAM, mismatch/bulge screen or donor genotype
w01	NC_051811.1	17256679	17256699	1		0	True	Not a guide: no PAM, mismatch/bulge screen or donor genotype
w01	NC_051811.1	17256680	17256700	1		0	True	Not a guide: no PAM, mismatch/bulge screen or donor genotype
w01	NC_051811.1	17256681	17256701	1		0	True	Not a guide: no PAM, mismatch/bulge screen or donor genotype
w01	NC_051811.1	17256682	17256702	1		0	True	Not a guide: no PAM, mismatch/bulge screen or donor genotype
w01	NC_051811.1	17256683	17256703	1		0	True	Not a guide: no PAM, mismatch/bulge screen or donor genotype
w01	NC_051811.1	17256684	17256704	1		0	True	Not a guide: no PAM, mismatch/bulge screen or donor genotype
w01	NC_051811.1	17256685	17256705	1		0	True	Not a guide: no PAM, mismatch/bulge screen or donor genotype
w01	NC_051811.1	17256686	17256706	1		0	True	Not a guide: no PAM, mismatch/bulge screen or donor genotype
w11	NC_051836.1	27041161	27041181	1	w11_17	1	False	Not a guide: no PAM, mismatch/bulge screen or donor genotype
w11	NC_051836.1	27041162	27041182	1	w11_17	1	False	Not a guide: no PAM, mismatch/bulge screen or donor genotype
w11	NC_051836.1	27041163	27041183	1	w11_17	1	False	Not a guide: no PAM, mismatch/bulge screen or donor genotype
w11	NC_051836.1	27041164	27041184	1	w11_17	1	False	Not a guide: no PAM, mismatch/bulge screen or donor genotype
w11	NC_051836.1	27041165	27041185	1	w11_17	1	False	Not a guide: no PAM, mismatch/bulge screen or donor genotype
w11	NC_051836.1	27041166	27041186	1	w11_16;w11_17	2	False	Not a guide: no PAM, mismatch/bulge screen or donor genotype
w11	NC_051836.1	27041167	27041187	1	w11_16;w11_17	2	False	Not a guide: no PAM, mismatch/bulge screen or donor genotype
w11	NC_051836.1	27041168	27041188	1	w11_16;w11_17	2	False	Not a guide: no PAM, mismatch/bulge screen or donor genotype
w11	NC_051836.1	27041169	27041189	1	w11_16;w11_17	2	False	Not a guide: no PAM, mismatch/bulge screen or donor genotype
w11	NC_051836.1	27041170	27041190	1	w11_16;w11_17	2	False	Not a guide: no PAM, mismatch/bulge screen or donor genotype
w11	NC_051836.1	27041171	27041191	1	w11_16;w11_17	2	False	Not a guide: no PAM, mismatch/bulge screen or donor genotype
w11	NC_051836.1	27041172	27041192	1	w11_16;w11_17	2	False	Not a guide: no PAM, mismatch/bulge screen or donor genotype
w11	NC_051836.1	27041173	27041193	1	w11_16;w11_17	2	False	Not a guide: no PAM, mismatch/bulge screen or donor genotype
w11	NC_051836.1	27041174	27041194	1	w11_16;w11_17	2	False	Not a guide: no PAM, mismatch/bulge screen or donor genotype
w11	NC_051836.1	27041175	27041195	1	w11_16;w11_17	2	False	Not a guide: no PAM, mismatch/bulge screen or donor genotype
w11	NC_051836.1	27041176	27041196	1	w11_16;w11_17	2	False	Not a guide: no PAM, mismatch/bulge screen or donor genotype
w11	NC_051836.1	27041177	27041197	1	w11_16	1	False	Not a guide: no PAM, mismatch/bulge screen or donor genotype
w11	NC_051836.1	27041178	27041198	1	w11_16	1	False	Not a guide: no PAM, mismatch/bulge screen or donor genotype
w11	NC_051836.1	27041179	27041199	1	w11_16	1	False	Not a guide: no PAM, mismatch/bulge screen or donor genotype
w11	NC_051836.1	27041180	27041200	1	w11_16	1	False	Not a guide: no PAM, mismatch/bulge screen or donor genotype
w11	NC_051836.1	27041181	27041201	1	w11_16	1	False	Not a guide: no PAM, mismatch/bulge screen or donor genotype
w11	NC_051836.1	27041182	27041202	1	w11_16	1	False	Not a guide: no PAM, mismatch/bulge screen or donor genotype
w11	NC_051836.1	27041183	27041203	1	w11_16	1	False	Not a guide: no PAM, mismatch/bulge screen or donor genotype
w11	NC_051836.1	27041184	27041204	1	w11_16	1	False	Not a guide: no PAM, mismatch/bulge screen or donor genotype
w11	NC_051836.1	27041185	27041205	1	w11_16	1	False	Not a guide: no PAM, mismatch/bulge screen or donor genotype
w11	NC_051836.1	27041186	27041206	1		0	True	Not a guide: no PAM, mismatch/bulge screen or donor genotype
w11	NC_051836.1	27041187	27041207	1		0	True	Not a guide: no PAM, mismatch/bulge screen or donor genotype
w11	NC_051836.1	27041188	27041208	1		0	True	Not a guide: no PAM, mismatch/bulge screen or donor genotype
w11	NC_051836.1	27041189	27041209	1		0	True	Not a guide: no PAM, mismatch/bulge screen or donor genotype
w11	NC_051836.1	27041190	27041210	1		0	True	Not a guide: no PAM, mismatch/bulge screen or donor genotype
w11	NC_051836.1	27041191	27041211	1		0	True	Not a guide: no PAM, mismatch/bulge screen or donor genotype
w11	NC_051836.1	27041192	27041212	2		0	False	Not a guide: no PAM, mismatch/bulge screen or donor genotype
w11	NC_051836.1	27041193	27041213	2		0	False	Not a guide: no PAM, mismatch/bulge screen or donor genotype
w11	NC_051836.1	27041194	27041214	1		0	True	Not a guide: no PAM, mismatch/bulge screen or donor genotype
w11	NC_051836.1	27041195	27041215	1		0	True	Not a guide: no PAM, mismatch/bulge screen or donor genotype
w11	NC_051836.1	27041196	27041216	1		0	True	Not a guide: no PAM, mismatch/bulge screen or donor genotype
w11	NC_051836.1	27041197	27041217	1		0	True	Not a guide: no PAM, mismatch/bulge screen or donor genotype
w11	NC_051836.1	27041198	27041218	1		0	True	Not a guide: no PAM, mismatch/bulge screen or donor genotype
w11	NC_051836.1	27041199	27041219	1		0	True	Not a guide: no PAM, mismatch/bulge screen or donor genotype
w11	NC_051836.1	27041200	27041220	1		0	True	Not a guide: no PAM, mismatch/bulge screen or donor genotype
w11	NC_051836.1	27041201	27041221	1		0	True	Not a guide: no PAM, mismatch/bulge screen or donor genotype
w11	NC_051836.1	27041202	27041222	1		0	True	Not a guide: no PAM, mismatch/bulge screen or donor genotype
w11	NC_051836.1	27041203	27041223	1		0	True	Not a guide: no PAM, mismatch/bulge screen or donor genotype
w11	NC_051836.1	27041204	27041224	1		0	True	Not a guide: no PAM, mismatch/bulge screen or donor genotype
w11	NC_051836.1	27041205	27041225	1		0	True	Not a guide: no PAM, mismatch/bulge screen or donor genotype
w11	NC_051836.1	27041206	27041226	1		0	True	Not a guide: no PAM, mismatch/bulge screen or donor genotype
w11	NC_051836.1	27041207	27041227	1		0	True	Not a guide: no PAM, mismatch/bulge screen or donor genotype
w11	NC_051836.1	27041208	27041228	1		0	True	Not a guide: no PAM, mismatch/bulge screen or donor genotype
w11	NC_051836.1	27041209	27041229	1		0	True	Not a guide: no PAM, mismatch/bulge screen or donor genotype
w11	NC_051836.1	27041210	27041230	1		0	True	Not a guide: no PAM, mismatch/bulge screen or donor genotype
w11	NC_051836.1	27041211	27041231	1		0	True	Not a guide: no PAM, mismatch/bulge screen or donor genotype
w11	NC_051836.1	27041212	27041232	1		0	True	Not a guide: no PAM, mismatch/bulge screen or donor genotype
w11	NC_051836.1	27041213	27041233	1		0	True	Not a guide: no PAM, mismatch/bulge screen or donor genotype
w11	NC_051836.1	27041214	27041234	1		0	True	Not a guide: no PAM, mismatch/bulge screen or donor genotype
w11	NC_051836.1	27041215	27041235	1		0	True	Not a guide: no PAM, mismatch/bulge screen or donor genotype
w11	NC_051836.1	27041216	27041236	1		0	True	Not a guide: no PAM, mismatch/bulge screen or donor genotype
w11	NC_051836.1	27041217	27041237	1		0	True	Not a guide: no PAM, mismatch/bulge screen or donor genotype
w11	NC_051836.1	27041218	27041238	1		0	True	Not a guide: no PAM, mismatch/bulge screen or donor genotype
w11	NC_051836.1	27041219	27041239	1		0	True	Not a guide: no PAM, mismatch/bulge screen or donor genotype
w11	NC_051836.1	27041220	27041240	1		0	True	Not a guide: no PAM, mismatch/bulge screen or donor genotype
w11	NC_051836.1	27041221	27041241	1		0	True	Not a guide: no PAM, mismatch/bulge screen or donor genotype
w11	NC_051836.1	27041222	27041242	1		0	True	Not a guide: no PAM, mismatch/bulge screen or donor genotype
w11	NC_051836.1	27041223	27041243	1		0	True	Not a guide: no PAM, mismatch/bulge screen or donor genotype
w11	NC_051836.1	27041224	27041244	1		0	True	Not a guide: no PAM, mismatch/bulge screen or donor genotype
w11	NC_051836.1	27041225	27041245	1		0	True	Not a guide: no PAM, mismatch/bulge screen or donor genotype
w11	NC_051836.1	27041226	27041246	1		0	True	Not a guide: no PAM, mismatch/bulge screen or donor genotype
w11	NC_051836.1	27041227	27041247	1		0	True	Not a guide: no PAM, mismatch/bulge screen or donor genotype
w11	NC_051836.1	27041228	27041248	1		0	True	Not a guide: no PAM, mismatch/bulge screen or donor genotype
w11	NC_051836.1	27041229	27041249	1		0	True	Not a guide: no PAM, mismatch/bulge screen or donor genotype
w11	NC_051836.1	27041230	27041250	1		0	True	Not a guide: no PAM, mismatch/bulge screen or donor genotype
w11	NC_051836.1	27041231	27041251	1		0	True	Not a guide: no PAM, mismatch/bulge screen or donor genotype
w11	NC_051836.1	27041232	27041252	1		0	True	Not a guide: no PAM, mismatch/bulge screen or donor genotype
w11	NC_051836.1	27041233	27041253	1		0	True	Not a guide: no PAM, mismatch/bulge screen or donor genotype
w11	NC_051836.1	27041234	27041254	1		0	True	Not a guide: no PAM, mismatch/bulge screen or donor genotype
w11	NC_051836.1	27041235	27041255	1		0	True	Not a guide: no PAM, mismatch/bulge screen or donor genotype
w11	NC_051836.1	27041236	27041256	1		0	True	Not a guide: no PAM, mismatch/bulge screen or donor genotype
w11	NC_051836.1	27041237	27041257	1		0	True	Not a guide: no PAM, mismatch/bulge screen or donor genotype
w11	NC_051836.1	27041238	27041258	1		0	True	Not a guide: no PAM, mismatch/bulge screen or donor genotype
w11	NC_051836.1	27041239	27041259	1		0	True	Not a guide: no PAM, mismatch/bulge screen or donor genotype
w11	NC_051836.1	27041240	27041260	1		0	True	Not a guide: no PAM, mismatch/bulge screen or donor genotype
w11	NC_051836.1	27041241	27041261	1		0	True	Not a guide: no PAM, mismatch/bulge screen or donor genotype
w11	NC_051836.1	27041242	27041262	1		0	True	Not a guide: no PAM, mismatch/bulge screen or donor genotype
w11	NC_051836.1	27041243	27041263	1		0	True	Not a guide: no PAM, mismatch/bulge screen or donor genotype
w11	NC_051836.1	27041244	27041264	1		0	True	Not a guide: no PAM, mismatch/bulge screen or donor genotype
w11	NC_051836.1	27041245	27041265	1		0	True	Not a guide: no PAM, mismatch/bulge screen or donor genotype
w11	NC_051836.1	27041246	27041266	1		0	True	Not a guide: no PAM, mismatch/bulge screen or donor genotype
w11	NC_051836.1	27041247	27041267	1		0	True	Not a guide: no PAM, mismatch/bulge screen or donor genotype
w11	NC_051836.1	27041248	27041268	1		0	True	Not a guide: no PAM, mismatch/bulge screen or donor genotype
w11	NC_051836.1	27041249	27041269	1		0	True	Not a guide: no PAM, mismatch/bulge screen or donor genotype
w11	NC_051836.1	27041250	27041270	1		0	True	Not a guide: no PAM, mismatch/bulge screen or donor genotype
w11	NC_051836.1	27041251	27041271	1		0	True	Not a guide: no PAM, mismatch/bulge screen or donor genotype
w11	NC_051836.1	27041252	27041272	1		0	True	Not a guide: no PAM, mismatch/bulge screen or donor genotype
w11	NC_051836.1	27041253	27041273	1		0	True	Not a guide: no PAM, mismatch/bulge screen or donor genotype
w11	NC_051836.1	27041254	27041274	1		0	True	Not a guide: no PAM, mismatch/bulge screen or donor genotype
w11	NC_051836.1	27041255	27041275	1		0	True	Not a guide: no PAM, mismatch/bulge screen or donor genotype
w11	NC_051836.1	27041256	27041276	1		0	True	Not a guide: no PAM, mismatch/bulge screen or donor genotype
w11	NC_051836.1	27041257	27041277	1		0	True	Not a guide: no PAM, mismatch/bulge screen or donor genotype
w11	NC_051836.1	27041258	27041278	1		0	True	Not a guide: no PAM, mismatch/bulge screen or donor genotype
w11	NC_051836.1	27041259	27041279	1		0	True	Not a guide: no PAM, mismatch/bulge screen or donor genotype
w11	NC_051836.1	27041260	27041280	1		0	True	Not a guide: no PAM, mismatch/bulge screen or donor genotype
w11	NC_051836.1	27041261	27041281	1		0	True	Not a guide: no PAM, mismatch/bulge screen or donor genotype
w11	NC_051836.1	27041262	27041282	1		0	True	Not a guide: no PAM, mismatch/bulge screen or donor genotype
w11	NC_051836.1	27041263	27041283	1		0	True	Not a guide: no PAM, mismatch/bulge screen or donor genotype
w11	NC_051836.1	27041264	27041284	1		0	True	Not a guide: no PAM, mismatch/bulge screen or donor genotype
w11	NC_051836.1	27041265	27041285	1		0	True	Not a guide: no PAM, mismatch/bulge screen or donor genotype
w11	NC_051836.1	27041266	27041286	1		0	True	Not a guide: no PAM, mismatch/bulge screen or donor genotype
w11	NC_051836.1	27041267	27041287	1		0	True	Not a guide: no PAM, mismatch/bulge screen or donor genotype
w11	NC_051836.1	27041268	27041288	1		0	True	Not a guide: no PAM, mismatch/bulge screen or donor genotype
w11	NC_051836.1	27041269	27041289	1		0	True	Not a guide: no PAM, mismatch/bulge screen or donor genotype
w11	NC_051836.1	27041270	27041290	1		0	True	Not a guide: no PAM, mismatch/bulge screen or donor genotype
w11	NC_051836.1	27041271	27041291	1		0	True	Not a guide: no PAM, mismatch/bulge screen or donor genotype
w11	NC_051836.1	27041272	27041292	1		0	True	Not a guide: no PAM, mismatch/bulge screen or donor genotype
w11	NC_051836.1	27041273	27041293	1		0	True	Not a guide: no PAM, mismatch/bulge screen or donor genotype
w11	NC_051836.1	27041274	27041294	1		0	True	Not a guide: no PAM, mismatch/bulge screen or donor genotype
w11	NC_051836.1	27041275	27041295	1		0	True	Not a guide: no PAM, mismatch/bulge screen or donor genotype
w11	NC_051836.1	27041276	27041296	1		0	True	Not a guide: no PAM, mismatch/bulge screen or donor genotype
w11	NC_051836.1	27041277	27041297	1		0	True	Not a guide: no PAM, mismatch/bulge screen or donor genotype
w11	NC_051836.1	27041278	27041298	1		0	True	Not a guide: no PAM, mismatch/bulge screen or donor genotype
w11	NC_051836.1	27041279	27041299	1		0	True	Not a guide: no PAM, mismatch/bulge screen or donor genotype
w11	NC_051836.1	27041280	27041300	1		0	True	Not a guide: no PAM, mismatch/bulge screen or donor genotype
w11	NC_051836.1	27041281	27041301	1		0	True	Not a guide: no PAM, mismatch/bulge screen or donor genotype
w11	NC_051836.1	27041282	27041302	1		0	True	Not a guide: no PAM, mismatch/bulge screen or donor genotype
w11	NC_051836.1	27041283	27041303	1		0	True	Not a guide: no PAM, mismatch/bulge screen or donor genotype
w11	NC_051836.1	27041284	27041304	1		0	True	Not a guide: no PAM, mismatch/bulge screen or donor genotype
w11	NC_051836.1	27041285	27041305	1		0	True	Not a guide: no PAM, mismatch/bulge screen or donor genotype
w11	NC_051836.1	27041286	27041306	1		0	True	Not a guide: no PAM, mismatch/bulge screen or donor genotype
w11	NC_051836.1	27041287	27041307	1		0	True	Not a guide: no PAM, mismatch/bulge screen or donor genotype
w11	NC_051836.1	27041288	27041308	1		0	True	Not a guide: no PAM, mismatch/bulge screen or donor genotype
w11	NC_051836.1	27041289	27041309	1		0	True	Not a guide: no PAM, mismatch/bulge screen or donor genotype
w11	NC_051836.1	27041290	27041310	1		0	True	Not a guide: no PAM, mismatch/bulge screen or donor genotype
w11	NC_051836.1	27041291	27041311	1		0	True	Not a guide: no PAM, mismatch/bulge screen or donor genotype
w11	NC_051836.1	27041292	27041312	1	w11_14	1	False	Not a guide: no PAM, mismatch/bulge screen or donor genotype
w11	NC_051836.1	27041293	27041313	1	w11_14	1	False	Not a guide: no PAM, mismatch/bulge screen or donor genotype
w11	NC_051836.1	27041294	27041314	1	w11_14	1	False	Not a guide: no PAM, mismatch/bulge screen or donor genotype
w11	NC_051836.1	27041295	27041315	1	w11_14	1	False	Not a guide: no PAM, mismatch/bulge screen or donor genotype
w11	NC_051836.1	27041296	27041316	1	w11_14	1	False	Not a guide: no PAM, mismatch/bulge screen or donor genotype
w11	NC_051836.1	27041297	27041317	1	w11_14	1	False	Not a guide: no PAM, mismatch/bulge screen or donor genotype
w11	NC_051836.1	27041298	27041318	1	w11_14	1	False	Not a guide: no PAM, mismatch/bulge screen or donor genotype
w11	NC_051836.1	27041299	27041319	1	w11_14	1	False	Not a guide: no PAM, mismatch/bulge screen or donor genotype
w11	NC_051836.1	27041300	27041320	1	w11_14	1	False	Not a guide: no PAM, mismatch/bulge screen or donor genotype
w11	NC_051836.1	27041301	27041321	1	w11_14	1	False	Not a guide: no PAM, mismatch/bulge screen or donor genotype
w11	NC_051836.1	27041302	27041322	1	w11_14	1	False	Not a guide: no PAM, mismatch/bulge screen or donor genotype
w11	NC_051836.1	27041303	27041323	1	w11_14	1	False	Not a guide: no PAM, mismatch/bulge screen or donor genotype
w11	NC_051836.1	27041304	27041324	1	w11_14	1	False	Not a guide: no PAM, mismatch/bulge screen or donor genotype
w11	NC_051836.1	27041305	27041325	1	w11_14	1	False	Not a guide: no PAM, mismatch/bulge screen or donor genotype
w11	NC_051836.1	27041306	27041326	1	w11_14	1	False	Not a guide: no PAM, mismatch/bulge screen or donor genotype
w11	NC_051836.1	27041307	27041327	1	w11_14	1	False	Not a guide: no PAM, mismatch/bulge screen or donor genotype
w11	NC_051836.1	27041308	27041328	1	w11_14	1	False	Not a guide: no PAM, mismatch/bulge screen or donor genotype
w11	NC_051836.1	27041309	27041329	1	w11_14	1	False	Not a guide: no PAM, mismatch/bulge screen or donor genotype
w11	NC_051836.1	27041310	27041330	1	w11_14	1	False	Not a guide: no PAM, mismatch/bulge screen or donor genotype
w11	NC_051836.1	27041311	27041331	1	w11_14	1	False	Not a guide: no PAM, mismatch/bulge screen or donor genotype
w11	NC_051836.1	27041312	27041332	1		0	True	Not a guide: no PAM, mismatch/bulge screen or donor genotype
w11	NC_051836.1	27041313	27041333	1		0	True	Not a guide: no PAM, mismatch/bulge screen or donor genotype
w11	NC_051836.1	27041314	27041334	1		0	True	Not a guide: no PAM, mismatch/bulge screen or donor genotype
w11	NC_051836.1	27041315	27041335	1		0	True	Not a guide: no PAM, mismatch/bulge screen or donor genotype
w11	NC_051836.1	27041316	27041336	1		0	True	Not a guide: no PAM, mismatch/bulge screen or donor genotype
w11	NC_051836.1	27041317	27041337	1		0	True	Not a guide: no PAM, mismatch/bulge screen or donor genotype
w11	NC_051836.1	27041318	27041338	1		0	True	Not a guide: no PAM, mismatch/bulge screen or donor genotype
w11	NC_051836.1	27041319	27041339	1		0	True	Not a guide: no PAM, mismatch/bulge screen or donor genotype
w11	NC_051836.1	27041320	27041340	1		0	True	Not a guide: no PAM, mismatch/bulge screen or donor genotype
w11	NC_051836.1	27041321	27041341	1		0	True	Not a guide: no PAM, mismatch/bulge screen or donor genotype
w11	NC_051836.1	27041322	27041342	1		0	True	Not a guide: no PAM, mismatch/bulge screen or donor genotype
w11	NC_051836.1	27041323	27041343	1		0	True	Not a guide: no PAM, mismatch/bulge screen or donor genotype
w11	NC_051836.1	27041324	27041344	1		0	True	Not a guide: no PAM, mismatch/bulge screen or donor genotype
w11	NC_051836.1	27041325	27041345	1		0	True	Not a guide: no PAM, mismatch/bulge screen or donor genotype
w11	NC_051836.1	27041326	27041346	1		0	True	Not a guide: no PAM, mismatch/bulge screen or donor genotype
w11	NC_051836.1	27041327	27041347	1		0	True	Not a guide: no PAM, mismatch/bulge screen or donor genotype
w11	NC_051836.1	27041328	27041348	1		0	True	Not a guide: no PAM, mismatch/bulge screen or donor genotype
w11	NC_051836.1	27041329	27041349	1		0	True	Not a guide: no PAM, mismatch/bulge screen or donor genotype
w11	NC_051836.1	27041330	27041350	1		0	True	Not a guide: no PAM, mismatch/bulge screen or donor genotype
w11	NC_051836.1	27041331	27041351	1		0	True	Not a guide: no PAM, mismatch/bulge screen or donor genotype
w11	NC_051836.1	27041332	27041352	1		0	True	Not a guide: no PAM, mismatch/bulge screen or donor genotype
w11	NC_051836.1	27041333	27041353	1		0	True	Not a guide: no PAM, mismatch/bulge screen or donor genotype
w11	NC_051836.1	27041334	27041354	1		0	True	Not a guide: no PAM, mismatch/bulge screen or donor genotype
w11	NC_051836.1	27041335	27041355	1		0	True	Not a guide: no PAM, mismatch/bulge screen or donor genotype
w11	NC_051836.1	27041336	27041356	1	w11_13	1	False	Not a guide: no PAM, mismatch/bulge screen or donor genotype
w11	NC_051836.1	27041337	27041357	1	w11_13	1	False	Not a guide: no PAM, mismatch/bulge screen or donor genotype
w11	NC_051836.1	27041338	27041358	1	w11_13	1	False	Not a guide: no PAM, mismatch/bulge screen or donor genotype
w11	NC_051836.1	27041339	27041359	1	w11_13	1	False	Not a guide: no PAM, mismatch/bulge screen or donor genotype
w11	NC_051836.1	27041340	27041360	1	w11_13	1	False	Not a guide: no PAM, mismatch/bulge screen or donor genotype
w11	NC_051836.1	27041341	27041361	1	w11_13	1	False	Not a guide: no PAM, mismatch/bulge screen or donor genotype
w11	NC_051836.1	27041342	27041362	1	w11_13	1	False	Not a guide: no PAM, mismatch/bulge screen or donor genotype
w11	NC_051836.1	27041343	27041363	1	w11_13	1	False	Not a guide: no PAM, mismatch/bulge screen or donor genotype
w11	NC_051836.1	27041344	27041364	1	w11_13	1	False	Not a guide: no PAM, mismatch/bulge screen or donor genotype
w11	NC_051836.1	27041345	27041365	1	w11_13	1	False	Not a guide: no PAM, mismatch/bulge screen or donor genotype
w11	NC_051836.1	27041346	27041366	1	w11_13	1	False	Not a guide: no PAM, mismatch/bulge screen or donor genotype
w11	NC_051836.1	27041347	27041367	1	w11_13	1	False	Not a guide: no PAM, mismatch/bulge screen or donor genotype
w11	NC_051836.1	27041348	27041368	1	w11_13	1	False	Not a guide: no PAM, mismatch/bulge screen or donor genotype
w11	NC_051836.1	27041349	27041369	2	w11_13	1	False	Not a guide: no PAM, mismatch/bulge screen or donor genotype
w11	NC_051836.1	27041350	27041370	1	w11_12;w11_13	2	False	Not a guide: no PAM, mismatch/bulge screen or donor genotype
w11	NC_051836.1	27041351	27041371	1	w11_12;w11_13	2	False	Not a guide: no PAM, mismatch/bulge screen or donor genotype
w11	NC_051836.1	27041352	27041372	1	w11_12;w11_13	2	False	Not a guide: no PAM, mismatch/bulge screen or donor genotype
w11	NC_051836.1	27041353	27041373	1	w11_12;w11_13	2	False	Not a guide: no PAM, mismatch/bulge screen or donor genotype
w11	NC_051836.1	27041354	27041374	1	w11_12;w11_13	2	False	Not a guide: no PAM, mismatch/bulge screen or donor genotype
w11	NC_051836.1	27041355	27041375	1	w11_12;w11_13	2	False	Not a guide: no PAM, mismatch/bulge screen or donor genotype
w11	NC_051836.1	27041356	27041376	1	w11_12	1	False	Not a guide: no PAM, mismatch/bulge screen or donor genotype
w11	NC_051836.1	27041357	27041377	1	w11_12	1	False	Not a guide: no PAM, mismatch/bulge screen or donor genotype
w11	NC_051836.1	27041358	27041378	1	w11_12	1	False	Not a guide: no PAM, mismatch/bulge screen or donor genotype
w11	NC_051836.1	27041359	27041379	1	w11_12	1	False	Not a guide: no PAM, mismatch/bulge screen or donor genotype
w11	NC_051836.1	27041360	27041380	1	w11_12	1	False	Not a guide: no PAM, mismatch/bulge screen or donor genotype
w11	NC_051836.1	27041361	27041381	1	w11_12	1	False	Not a guide: no PAM, mismatch/bulge screen or donor genotype
w11	NC_051836.1	27041362	27041382	1	w11_12	1	False	Not a guide: no PAM, mismatch/bulge screen or donor genotype
w11	NC_051836.1	27041363	27041383	1	w11_11;w11_12	2	False	Not a guide: no PAM, mismatch/bulge screen or donor genotype
w11	NC_051836.1	27041364	27041384	1	w11_11;w11_12	2	False	Not a guide: no PAM, mismatch/bulge screen or donor genotype
w11	NC_051836.1	27041365	27041385	1	w11_11;w11_12	2	False	Not a guide: no PAM, mismatch/bulge screen or donor genotype
w11	NC_051836.1	27041366	27041386	1	w11_11;w11_12	2	False	Not a guide: no PAM, mismatch/bulge screen or donor genotype
w11	NC_051836.1	27041367	27041387	1	w11_11;w11_12	2	False	Not a guide: no PAM, mismatch/bulge screen or donor genotype
w11	NC_051836.1	27041368	27041388	1	w11_11;w11_12	2	False	Not a guide: no PAM, mismatch/bulge screen or donor genotype
w11	NC_051836.1	27041369	27041389	1	w11_11;w11_12	2	False	Not a guide: no PAM, mismatch/bulge screen or donor genotype
w11	NC_051836.1	27041370	27041390	1	w11_11	1	False	Not a guide: no PAM, mismatch/bulge screen or donor genotype
w11	NC_051836.1	27041371	27041391	1	w11_11	1	False	Not a guide: no PAM, mismatch/bulge screen or donor genotype
w11	NC_051836.1	27041372	27041392	1	w11_11	1	False	Not a guide: no PAM, mismatch/bulge screen or donor genotype
w11	NC_051836.1	27041373	27041393	1	w11_11	1	False	Not a guide: no PAM, mismatch/bulge screen or donor genotype
w11	NC_051836.1	27041374	27041394	1	w11_11	1	False	Not a guide: no PAM, mismatch/bulge screen or donor genotype
w11	NC_051836.1	27041375	27041395	1	w11_10;w11_11	2	False	Not a guide: no PAM, mismatch/bulge screen or donor genotype
w11	NC_051836.1	27041376	27041396	1	w11_10;w11_11	2	False	Not a guide: no PAM, mismatch/bulge screen or donor genotype
w11	NC_051836.1	27041377	27041397	1	w11_10;w11_11	2	False	Not a guide: no PAM, mismatch/bulge screen or donor genotype
w11	NC_051836.1	27041378	27041398	1	w11_10;w11_11	2	False	Not a guide: no PAM, mismatch/bulge screen or donor genotype
w11	NC_051836.1	27041379	27041399	1	w11_10;w11_11	2	False	Not a guide: no PAM, mismatch/bulge screen or donor genotype
w11	NC_051836.1	27041380	27041400	1	w11_10;w11_11	2	False	Not a guide: no PAM, mismatch/bulge screen or donor genotype
w11	NC_051836.1	27041381	27041401	1	w11_10;w11_11	2	False	Not a guide: no PAM, mismatch/bulge screen or donor genotype
w11	NC_051836.1	27041382	27041402	1	w11_10;w11_11	2	False	Not a guide: no PAM, mismatch/bulge screen or donor genotype
w11	NC_051836.1	27041383	27041403	1	w11_10	1	False	Not a guide: no PAM, mismatch/bulge screen or donor genotype
w11	NC_051836.1	27041384	27041404	1	w11_10	1	False	Not a guide: no PAM, mismatch/bulge screen or donor genotype
w11	NC_051836.1	27041385	27041405	1	w11_10	1	False	Not a guide: no PAM, mismatch/bulge screen or donor genotype
w11	NC_051836.1	27041386	27041406	1	w11_10	1	False	Not a guide: no PAM, mismatch/bulge screen or donor genotype
w11	NC_051836.1	27041387	27041407	1	w11_10	1	False	Not a guide: no PAM, mismatch/bulge screen or donor genotype
w11	NC_051836.1	27041388	27041408	1	w11_10	1	False	Not a guide: no PAM, mismatch/bulge screen or donor genotype
w11	NC_051836.1	27041389	27041409	1	w11_10	1	False	Not a guide: no PAM, mismatch/bulge screen or donor genotype
w11	NC_051836.1	27041390	27041410	1	w11_10	1	False	Not a guide: no PAM, mismatch/bulge screen or donor genotype
w11	NC_051836.1	27041391	27041411	1	w11_10	1	False	Not a guide: no PAM, mismatch/bulge screen or donor genotype
w11	NC_051836.1	27041392	27041412	1	w11_10	1	False	Not a guide: no PAM, mismatch/bulge screen or donor genotype
w11	NC_051836.1	27041393	27041413	1	w11_10	1	False	Not a guide: no PAM, mismatch/bulge screen or donor genotype
w11	NC_051836.1	27041394	27041414	1	w11_10	1	False	Not a guide: no PAM, mismatch/bulge screen or donor genotype
w11	NC_051836.1	27041395	27041415	1		0	True	Not a guide: no PAM, mismatch/bulge screen or donor genotype
w11	NC_051836.1	27041396	27041416	1		0	True	Not a guide: no PAM, mismatch/bulge screen or donor genotype
w11	NC_051836.1	27041397	27041417	1		0	True	Not a guide: no PAM, mismatch/bulge screen or donor genotype
w11	NC_051836.1	27041398	27041418	1		0	True	Not a guide: no PAM, mismatch/bulge screen or donor genotype
w11	NC_051836.1	27041399	27041419	1		0	True	Not a guide: no PAM, mismatch/bulge screen or donor genotype
w11	NC_051836.1	27041400	27041420	1		0	True	Not a guide: no PAM, mismatch/bulge screen or donor genotype
w11	NC_051836.1	27041401	27041421	1		0	True	Not a guide: no PAM, mismatch/bulge screen or donor genotype
w11	NC_051836.1	27041402	27041422	1		0	True	Not a guide: no PAM, mismatch/bulge screen or donor genotype
w11	NC_051836.1	27041403	27041423	1		0	True	Not a guide: no PAM, mismatch/bulge screen or donor genotype
w11	NC_051836.1	27041404	27041424	1		0	True	Not a guide: no PAM, mismatch/bulge screen or donor genotype
w11	NC_051836.1	27041405	27041425	1		0	True	Not a guide: no PAM, mismatch/bulge screen or donor genotype
w11	NC_051836.1	27041406	27041426	1		0	True	Not a guide: no PAM, mismatch/bulge screen or donor genotype
w11	NC_051836.1	27041407	27041427	1		0	True	Not a guide: no PAM, mismatch/bulge screen or donor genotype
w11	NC_051836.1	27041408	27041428	1		0	True	Not a guide: no PAM, mismatch/bulge screen or donor genotype
w11	NC_051836.1	27041409	27041429	1		0	True	Not a guide: no PAM, mismatch/bulge screen or donor genotype
w11	NC_051836.1	27041410	27041430	1		0	True	Not a guide: no PAM, mismatch/bulge screen or donor genotype
w11	NC_051836.1	27041411	27041431	1		0	True	Not a guide: no PAM, mismatch/bulge screen or donor genotype
w11	NC_051836.1	27041412	27041432	1		0	True	Not a guide: no PAM, mismatch/bulge screen or donor genotype
w11	NC_051836.1	27041413	27041433	2		0	False	Not a guide: no PAM, mismatch/bulge screen or donor genotype
w11	NC_051836.1	27041414	27041434	1		0	True	Not a guide: no PAM, mismatch/bulge screen or donor genotype
w11	NC_051836.1	27041415	27041435	1	w11_8	1	False	Not a guide: no PAM, mismatch/bulge screen or donor genotype
w11	NC_051836.1	27041416	27041436	1	w11_8	1	False	Not a guide: no PAM, mismatch/bulge screen or donor genotype
w11	NC_051836.1	27041417	27041437	1	w11_8	1	False	Not a guide: no PAM, mismatch/bulge screen or donor genotype
w11	NC_051836.1	27041418	27041438	1	w11_8	1	False	Not a guide: no PAM, mismatch/bulge screen or donor genotype
w11	NC_051836.1	27041419	27041439	1	w11_8	1	False	Not a guide: no PAM, mismatch/bulge screen or donor genotype
w11	NC_051836.1	27041420	27041440	1	w11_8	1	False	Not a guide: no PAM, mismatch/bulge screen or donor genotype
w11	NC_051836.1	27041421	27041441	1	w11_8	1	False	Not a guide: no PAM, mismatch/bulge screen or donor genotype
w11	NC_051836.1	27041422	27041442	1	w11_8	1	False	Not a guide: no PAM, mismatch/bulge screen or donor genotype
w11	NC_051836.1	27041423	27041443	1	w11_8	1	False	Not a guide: no PAM, mismatch/bulge screen or donor genotype
w11	NC_051836.1	27041424	27041444	1	w11_8	1	False	Not a guide: no PAM, mismatch/bulge screen or donor genotype
w11	NC_051836.1	27041425	27041445	1	w11_8	1	False	Not a guide: no PAM, mismatch/bulge screen or donor genotype
w11	NC_051836.1	27041426	27041446	1	w11_8	1	False	Not a guide: no PAM, mismatch/bulge screen or donor genotype
w11	NC_051836.1	27041427	27041447	1	w11_8	1	False	Not a guide: no PAM, mismatch/bulge screen or donor genotype
w11	NC_051836.1	27041428	27041448	1	w11_8	1	False	Not a guide: no PAM, mismatch/bulge screen or donor genotype
w11	NC_051836.1	27041429	27041449	1	w11_8	1	False	Not a guide: no PAM, mismatch/bulge screen or donor genotype
w11	NC_051836.1	27041430	27041450	1	w11_8	1	False	Not a guide: no PAM, mismatch/bulge screen or donor genotype
w11	NC_051836.1	27041431	27041451	1	w11_8	1	False	Not a guide: no PAM, mismatch/bulge screen or donor genotype
w11	NC_051836.1	27041432	27041452	1	w11_8	1	False	Not a guide: no PAM, mismatch/bulge screen or donor genotype
w11	NC_051836.1	27041433	27041453	1	w11_8	1	False	Not a guide: no PAM, mismatch/bulge screen or donor genotype
w11	NC_051836.1	27041434	27041454	1	w11_8	1	False	Not a guide: no PAM, mismatch/bulge screen or donor genotype
w11	NC_051836.1	27041435	27041455	1		0	True	Not a guide: no PAM, mismatch/bulge screen or donor genotype
w11	NC_051836.1	27041436	27041456	1		0	True	Not a guide: no PAM, mismatch/bulge screen or donor genotype
w11	NC_051836.1	27041437	27041457	1		0	True	Not a guide: no PAM, mismatch/bulge screen or donor genotype
w11	NC_051836.1	27041438	27041458	1		0	True	Not a guide: no PAM, mismatch/bulge screen or donor genotype
w11	NC_051836.1	27041439	27041459	1		0	True	Not a guide: no PAM, mismatch/bulge screen or donor genotype
w11	NC_051836.1	27041440	27041460	1		0	True	Not a guide: no PAM, mismatch/bulge screen or donor genotype
w11	NC_051836.1	27041441	27041461	1		0	True	Not a guide: no PAM, mismatch/bulge screen or donor genotype
w11	NC_051836.1	27041442	27041462	1		0	True	Not a guide: no PAM, mismatch/bulge screen or donor genotype
w11	NC_051836.1	27041443	27041463	1		0	True	Not a guide: no PAM, mismatch/bulge screen or donor genotype
w11	NC_051836.1	27041444	27041464	1		0	True	Not a guide: no PAM, mismatch/bulge screen or donor genotype
w11	NC_051836.1	27041445	27041465	1		0	True	Not a guide: no PAM, mismatch/bulge screen or donor genotype
w11	NC_051836.1	27041446	27041466	1		0	True	Not a guide: no PAM, mismatch/bulge screen or donor genotype
w11	NC_051836.1	27041447	27041467	1		0	True	Not a guide: no PAM, mismatch/bulge screen or donor genotype
w11	NC_051836.1	27041448	27041468	1		0	True	Not a guide: no PAM, mismatch/bulge screen or donor genotype
w11	NC_051836.1	27041449	27041469	1		0	True	Not a guide: no PAM, mismatch/bulge screen or donor genotype
w11	NC_051836.1	27041450	27041470	1		0	True	Not a guide: no PAM, mismatch/bulge screen or donor genotype
w11	NC_051836.1	27041451	27041471	1		0	True	Not a guide: no PAM, mismatch/bulge screen or donor genotype
w11	NC_051836.1	27041452	27041472	1		0	True	Not a guide: no PAM, mismatch/bulge screen or donor genotype
w11	NC_051836.1	27041453	27041473	1		0	True	Not a guide: no PAM, mismatch/bulge screen or donor genotype
w11	NC_051836.1	27041454	27041474	1		0	True	Not a guide: no PAM, mismatch/bulge screen or donor genotype
w11	NC_051836.1	27041455	27041475	1		0	True	Not a guide: no PAM, mismatch/bulge screen or donor genotype
w11	NC_051836.1	27041456	27041476	1		0	True	Not a guide: no PAM, mismatch/bulge screen or donor genotype
w11	NC_051836.1	27041457	27041477	1		0	True	Not a guide: no PAM, mismatch/bulge screen or donor genotype
w11	NC_051836.1	27041458	27041478	1		0	True	Not a guide: no PAM, mismatch/bulge screen or donor genotype
w11	NC_051836.1	27041459	27041479	1		0	True	Not a guide: no PAM, mismatch/bulge screen or donor genotype
w11	NC_051836.1	27041460	27041480	1		0	True	Not a guide: no PAM, mismatch/bulge screen or donor genotype
w11	NC_051836.1	27041461	27041481	1		0	True	Not a guide: no PAM, mismatch/bulge screen or donor genotype
w11	NC_051836.1	27041462	27041482	1		0	True	Not a guide: no PAM, mismatch/bulge screen or donor genotype
w11	NC_051836.1	27041463	27041483	1		0	True	Not a guide: no PAM, mismatch/bulge screen or donor genotype
w11	NC_051836.1	27041464	27041484	1		0	True	Not a guide: no PAM, mismatch/bulge screen or donor genotype
w11	NC_051836.1	27041465	27041485	1		0	True	Not a guide: no PAM, mismatch/bulge screen or donor genotype
w11	NC_051836.1	27041466	27041486	1		0	True	Not a guide: no PAM, mismatch/bulge screen or donor genotype
w11	NC_051836.1	27041467	27041487	1		0	True	Not a guide: no PAM, mismatch/bulge screen or donor genotype
w11	NC_051836.1	27041468	27041488	1		0	True	Not a guide: no PAM, mismatch/bulge screen or donor genotype
w11	NC_051836.1	27041469	27041489	1		0	True	Not a guide: no PAM, mismatch/bulge screen or donor genotype
w11	NC_051836.1	27041470	27041490	1		0	True	Not a guide: no PAM, mismatch/bulge screen or donor genotype
w11	NC_051836.1	27041471	27041491	1		0	True	Not a guide: no PAM, mismatch/bulge screen or donor genotype
w11	NC_051836.1	27041472	27041492	1		0	True	Not a guide: no PAM, mismatch/bulge screen or donor genotype
w11	NC_051836.1	27041473	27041493	1		0	True	Not a guide: no PAM, mismatch/bulge screen or donor genotype
w11	NC_051836.1	27041474	27041494	1		0	True	Not a guide: no PAM, mismatch/bulge screen or donor genotype
w11	NC_051836.1	27041475	27041495	1		0	True	Not a guide: no PAM, mismatch/bulge screen or donor genotype
w11	NC_051836.1	27041476	27041496	1		0	True	Not a guide: no PAM, mismatch/bulge screen or donor genotype
w11	NC_051836.1	27041477	27041497	1		0	True	Not a guide: no PAM, mismatch/bulge screen or donor genotype
w11	NC_051836.1	27041478	27041498	1		0	True	Not a guide: no PAM, mismatch/bulge screen or donor genotype
w11	NC_051836.1	27041479	27041499	1		0	True	Not a guide: no PAM, mismatch/bulge screen or donor genotype
w11	NC_051836.1	27041480	27041500	1		0	True	Not a guide: no PAM, mismatch/bulge screen or donor genotype
w11	NC_051836.1	27041481	27041501	1		0	True	Not a guide: no PAM, mismatch/bulge screen or donor genotype
w11	NC_051836.1	27041482	27041502	1		0	True	Not a guide: no PAM, mismatch/bulge screen or donor genotype
w11	NC_051836.1	27041483	27041503	1		0	True	Not a guide: no PAM, mismatch/bulge screen or donor genotype
w11	NC_051836.1	27041484	27041504	1		0	True	Not a guide: no PAM, mismatch/bulge screen or donor genotype
w11	NC_051836.1	27041485	27041505	1		0	True	Not a guide: no PAM, mismatch/bulge screen or donor genotype
w11	NC_051836.1	27041486	27041506	1		0	True	Not a guide: no PAM, mismatch/bulge screen or donor genotype
w11	NC_051836.1	27041487	27041507	1		0	True	Not a guide: no PAM, mismatch/bulge screen or donor genotype
w11	NC_051836.1	27041488	27041508	1		0	True	Not a guide: no PAM, mismatch/bulge screen or donor genotype
w11	NC_051836.1	27041489	27041509	1		0	True	Not a guide: no PAM, mismatch/bulge screen or donor genotype
w11	NC_051836.1	27041490	27041510	1		0	True	Not a guide: no PAM, mismatch/bulge screen or donor genotype
w11	NC_051836.1	27041491	27041511	1		0	True	Not a guide: no PAM, mismatch/bulge screen or donor genotype
w11	NC_051836.1	27041492	27041512	1		0	True	Not a guide: no PAM, mismatch/bulge screen or donor genotype
w11	NC_051836.1	27041493	27041513	1		0	True	Not a guide: no PAM, mismatch/bulge screen or donor genotype
w11	NC_051836.1	27041494	27041514	1		0	True	Not a guide: no PAM, mismatch/bulge screen or donor genotype
w11	NC_051836.1	27041495	27041515	1		0	True	Not a guide: no PAM, mismatch/bulge screen or donor genotype
w11	NC_051836.1	27041496	27041516	1		0	True	Not a guide: no PAM, mismatch/bulge screen or donor genotype
w11	NC_051836.1	27041497	27041517	1		0	True	Not a guide: no PAM, mismatch/bulge screen or donor genotype
w11	NC_051836.1	27041498	27041518	1		0	True	Not a guide: no PAM, mismatch/bulge screen or donor genotype
w11	NC_051836.1	27041499	27041519	1		0	True	Not a guide: no PAM, mismatch/bulge screen or donor genotype
w11	NC_051836.1	27041500	27041520	1		0	True	Not a guide: no PAM, mismatch/bulge screen or donor genotype
w11	NC_051836.1	27041501	27041521	1		0	True	Not a guide: no PAM, mismatch/bulge screen or donor genotype
w11	NC_051836.1	27041502	27041522	1		0	True	Not a guide: no PAM, mismatch/bulge screen or donor genotype
w11	NC_051836.1	27041503	27041523	1		0	True	Not a guide: no PAM, mismatch/bulge screen or donor genotype
w11	NC_051836.1	27041504	27041524	1		0	True	Not a guide: no PAM, mismatch/bulge screen or donor genotype
w11	NC_051836.1	27041505	27041525	1		0	True	Not a guide: no PAM, mismatch/bulge screen or donor genotype
w11	NC_051836.1	27041506	27041526	1		0	True	Not a guide: no PAM, mismatch/bulge screen or donor genotype
w11	NC_051836.1	27041507	27041527	1		0	True	Not a guide: no PAM, mismatch/bulge screen or donor genotype
w11	NC_051836.1	27041508	27041528	1		0	True	Not a guide: no PAM, mismatch/bulge screen or donor genotype
w11	NC_051836.1	27041509	27041529	1		0	True	Not a guide: no PAM, mismatch/bulge screen or donor genotype
w11	NC_051836.1	27041510	27041530	1		0	True	Not a guide: no PAM, mismatch/bulge screen or donor genotype
w11	NC_051836.1	27041511	27041531	1		0	True	Not a guide: no PAM, mismatch/bulge screen or donor genotype
w11	NC_051836.1	27041512	27041532	1		0	True	Not a guide: no PAM, mismatch/bulge screen or donor genotype
w11	NC_051836.1	27041513	27041533	1		0	True	Not a guide: no PAM, mismatch/bulge screen or donor genotype
w11	NC_051836.1	27041514	27041534	1		0	True	Not a guide: no PAM, mismatch/bulge screen or donor genotype
w11	NC_051836.1	27041515	27041535	1		0	True	Not a guide: no PAM, mismatch/bulge screen or donor genotype
w11	NC_051836.1	27041516	27041536	1		0	True	Not a guide: no PAM, mismatch/bulge screen or donor genotype
w11	NC_051836.1	27041517	27041537	1		0	True	Not a guide: no PAM, mismatch/bulge screen or donor genotype
w11	NC_051836.1	27041518	27041538	1		0	True	Not a guide: no PAM, mismatch/bulge screen or donor genotype
w11	NC_051836.1	27041519	27041539	1		0	True	Not a guide: no PAM, mismatch/bulge screen or donor genotype
w11	NC_051836.1	27041520	27041540	1		0	True	Not a guide: no PAM, mismatch/bulge screen or donor genotype
w11	NC_051836.1	27041521	27041541	1	w11_7	1	False	Not a guide: no PAM, mismatch/bulge screen or donor genotype
w11	NC_051836.1	27041522	27041542	1	w11_7	1	False	Not a guide: no PAM, mismatch/bulge screen or donor genotype
w11	NC_051836.1	27041523	27041543	1	w11_7	1	False	Not a guide: no PAM, mismatch/bulge screen or donor genotype
w11	NC_051836.1	27041524	27041544	1	w11_7	1	False	Not a guide: no PAM, mismatch/bulge screen or donor genotype
w11	NC_051836.1	27041525	27041545	1	w11_7	1	False	Not a guide: no PAM, mismatch/bulge screen or donor genotype
w11	NC_051836.1	27041526	27041546	1	w11_7	1	False	Not a guide: no PAM, mismatch/bulge screen or donor genotype
w11	NC_051836.1	27041527	27041547	1	w11_7	1	False	Not a guide: no PAM, mismatch/bulge screen or donor genotype
w11	NC_051836.1	27041528	27041548	1	w11_7	1	False	Not a guide: no PAM, mismatch/bulge screen or donor genotype
w11	NC_051836.1	27041529	27041549	1	w11_7	1	False	Not a guide: no PAM, mismatch/bulge screen or donor genotype
w11	NC_051836.1	27041530	27041550	1	w11_7	1	False	Not a guide: no PAM, mismatch/bulge screen or donor genotype
w11	NC_051836.1	27041531	27041551	1	w11_7	1	False	Not a guide: no PAM, mismatch/bulge screen or donor genotype
w11	NC_051836.1	27041532	27041552	1	w11_7	1	False	Not a guide: no PAM, mismatch/bulge screen or donor genotype
w11	NC_051836.1	27041533	27041553	1	w11_7	1	False	Not a guide: no PAM, mismatch/bulge screen or donor genotype
w11	NC_051836.1	27041534	27041554	1	w11_7	1	False	Not a guide: no PAM, mismatch/bulge screen or donor genotype
w11	NC_051836.1	27041535	27041555	1	w11_7	1	False	Not a guide: no PAM, mismatch/bulge screen or donor genotype
w11	NC_051836.1	27041536	27041556	1	w11_7	1	False	Not a guide: no PAM, mismatch/bulge screen or donor genotype
w11	NC_051836.1	27041537	27041557	1	w11_7	1	False	Not a guide: no PAM, mismatch/bulge screen or donor genotype
w11	NC_051836.1	27041538	27041558	1	w11_7	1	False	Not a guide: no PAM, mismatch/bulge screen or donor genotype
w11	NC_051836.1	27041539	27041559	1	w11_7	1	False	Not a guide: no PAM, mismatch/bulge screen or donor genotype
w11	NC_051836.1	27041540	27041560	1	w11_7	1	False	Not a guide: no PAM, mismatch/bulge screen or donor genotype
w11	NC_051836.1	27041541	27041561	1		0	True	Not a guide: no PAM, mismatch/bulge screen or donor genotype
w11	NC_051836.1	27041542	27041562	1		0	True	Not a guide: no PAM, mismatch/bulge screen or donor genotype
w11	NC_051836.1	27041543	27041563	1		0	True	Not a guide: no PAM, mismatch/bulge screen or donor genotype
w11	NC_051836.1	27041544	27041564	1		0	True	Not a guide: no PAM, mismatch/bulge screen or donor genotype
w11	NC_051836.1	27041545	27041565	1		0	True	Not a guide: no PAM, mismatch/bulge screen or donor genotype
w11	NC_051836.1	27041546	27041566	1		0	True	Not a guide: no PAM, mismatch/bulge screen or donor genotype
w11	NC_051836.1	27041547	27041567	1		0	True	Not a guide: no PAM, mismatch/bulge screen or donor genotype
w11	NC_051836.1	27041548	27041568	1		0	True	Not a guide: no PAM, mismatch/bulge screen or donor genotype
w11	NC_051836.1	27041549	27041569	1		0	True	Not a guide: no PAM, mismatch/bulge screen or donor genotype
w11	NC_051836.1	27041550	27041570	1		0	True	Not a guide: no PAM, mismatch/bulge screen or donor genotype
w11	NC_051836.1	27041551	27041571	1		0	True	Not a guide: no PAM, mismatch/bulge screen or donor genotype
w11	NC_051836.1	27041552	27041572	1		0	True	Not a guide: no PAM, mismatch/bulge screen or donor genotype
w11	NC_051836.1	27041553	27041573	1		0	True	Not a guide: no PAM, mismatch/bulge screen or donor genotype
w11	NC_051836.1	27041554	27041574	1		0	True	Not a guide: no PAM, mismatch/bulge screen or donor genotype
w11	NC_051836.1	27041555	27041575	1		0	True	Not a guide: no PAM, mismatch/bulge screen or donor genotype
w11	NC_051836.1	27041556	27041576	1		0	True	Not a guide: no PAM, mismatch/bulge screen or donor genotype
w11	NC_051836.1	27041557	27041577	1		0	True	Not a guide: no PAM, mismatch/bulge screen or donor genotype
w11	NC_051836.1	27041558	27041578	1		0	True	Not a guide: no PAM, mismatch/bulge screen or donor genotype
w11	NC_051836.1	27041559	27041579	1		0	True	Not a guide: no PAM, mismatch/bulge screen or donor genotype
w11	NC_051836.1	27041560	27041580	1		0	True	Not a guide: no PAM, mismatch/bulge screen or donor genotype
w11	NC_051836.1	27041561	27041581	1		0	True	Not a guide: no PAM, mismatch/bulge screen or donor genotype
w11	NC_051836.1	27041562	27041582	1		0	True	Not a guide: no PAM, mismatch/bulge screen or donor genotype
w11	NC_051836.1	27041563	27041583	1		0	True	Not a guide: no PAM, mismatch/bulge screen or donor genotype
w11	NC_051836.1	27041564	27041584	1		0	True	Not a guide: no PAM, mismatch/bulge screen or donor genotype
w11	NC_051836.1	27041565	27041585	1		0	True	Not a guide: no PAM, mismatch/bulge screen or donor genotype
w11	NC_051836.1	27041566	27041586	1		0	True	Not a guide: no PAM, mismatch/bulge screen or donor genotype
w11	NC_051836.1	27041567	27041587	1		0	True	Not a guide: no PAM, mismatch/bulge screen or donor genotype
w11	NC_051836.1	27041568	27041588	1		0	True	Not a guide: no PAM, mismatch/bulge screen or donor genotype
w11	NC_051836.1	27041569	27041589	1		0	True	Not a guide: no PAM, mismatch/bulge screen or donor genotype
w11	NC_051836.1	27041570	27041590	1		0	True	Not a guide: no PAM, mismatch/bulge screen or donor genotype
w11	NC_051836.1	27041571	27041591	1		0	True	Not a guide: no PAM, mismatch/bulge screen or donor genotype
w11	NC_051836.1	27041572	27041592	1		0	True	Not a guide: no PAM, mismatch/bulge screen or donor genotype
w11	NC_051836.1	27041573	27041593	1		0	True	Not a guide: no PAM, mismatch/bulge screen or donor genotype
w11	NC_051836.1	27041574	27041594	1		0	True	Not a guide: no PAM, mismatch/bulge screen or donor genotype
w11	NC_051836.1	27041575	27041595	1		0	True	Not a guide: no PAM, mismatch/bulge screen or donor genotype
w11	NC_051836.1	27041576	27041596	1		0	True	Not a guide: no PAM, mismatch/bulge screen or donor genotype
w11	NC_051836.1	27041577	27041597	1		0	True	Not a guide: no PAM, mismatch/bulge screen or donor genotype
w11	NC_051836.1	27041578	27041598	1		0	True	Not a guide: no PAM, mismatch/bulge screen or donor genotype
w11	NC_051836.1	27041579	27041599	1		0	True	Not a guide: no PAM, mismatch/bulge screen or donor genotype
w11	NC_051836.1	27041580	27041600	1		0	True	Not a guide: no PAM, mismatch/bulge screen or donor genotype
w11	NC_051836.1	27041581	27041601	1		0	True	Not a guide: no PAM, mismatch/bulge screen or donor genotype
w11	NC_051836.1	27041582	27041602	1		0	True	Not a guide: no PAM, mismatch/bulge screen or donor genotype
w11	NC_051836.1	27041583	27041603	1		0	True	Not a guide: no PAM, mismatch/bulge screen or donor genotype
w11	NC_051836.1	27041584	27041604	1		0	True	Not a guide: no PAM, mismatch/bulge screen or donor genotype
w11	NC_051836.1	27041585	27041605	1		0	True	Not a guide: no PAM, mismatch/bulge screen or donor genotype
w11	NC_051836.1	27041586	27041606	1		0	True	Not a guide: no PAM, mismatch/bulge screen or donor genotype
w11	NC_051836.1	27041587	27041607	1		0	True	Not a guide: no PAM, mismatch/bulge screen or donor genotype
w11	NC_051836.1	27041588	27041608	1		0	True	Not a guide: no PAM, mismatch/bulge screen or donor genotype
w11	NC_051836.1	27041589	27041609	1		0	True	Not a guide: no PAM, mismatch/bulge screen or donor genotype
w11	NC_051836.1	27041590	27041610	1		0	True	Not a guide: no PAM, mismatch/bulge screen or donor genotype
w11	NC_051836.1	27041591	27041611	1		0	True	Not a guide: no PAM, mismatch/bulge screen or donor genotype
w11	NC_051836.1	27041592	27041612	1		0	True	Not a guide: no PAM, mismatch/bulge screen or donor genotype
w11	NC_051836.1	27041593	27041613	1		0	True	Not a guide: no PAM, mismatch/bulge screen or donor genotype
w11	NC_051836.1	27041594	27041614	1		0	True	Not a guide: no PAM, mismatch/bulge screen or donor genotype
w11	NC_051836.1	27041595	27041615	1		0	True	Not a guide: no PAM, mismatch/bulge screen or donor genotype
w11	NC_051836.1	27041596	27041616	1		0	True	Not a guide: no PAM, mismatch/bulge screen or donor genotype
w11	NC_051836.1	27041597	27041617	1		0	True	Not a guide: no PAM, mismatch/bulge screen or donor genotype
w11	NC_051836.1	27041598	27041618	1		0	True	Not a guide: no PAM, mismatch/bulge screen or donor genotype
w11	NC_051836.1	27041599	27041619	1		0	True	Not a guide: no PAM, mismatch/bulge screen or donor genotype
w11	NC_051836.1	27041600	27041620	1		0	True	Not a guide: no PAM, mismatch/bulge screen or donor genotype
w11	NC_051836.1	27041601	27041621	1		0	True	Not a guide: no PAM, mismatch/bulge screen or donor genotype
w11	NC_051836.1	27041602	27041622	1	w11_6	1	False	Not a guide: no PAM, mismatch/bulge screen or donor genotype
w11	NC_051836.1	27041603	27041623	1	w11_6	1	False	Not a guide: no PAM, mismatch/bulge screen or donor genotype
w11	NC_051836.1	27041604	27041624	1	w11_6	1	False	Not a guide: no PAM, mismatch/bulge screen or donor genotype
w11	NC_051836.1	27041605	27041625	1	w11_6	1	False	Not a guide: no PAM, mismatch/bulge screen or donor genotype
w11	NC_051836.1	27041606	27041626	1	w11_6	1	False	Not a guide: no PAM, mismatch/bulge screen or donor genotype
w11	NC_051836.1	27041607	27041627	1	w11_6	1	False	Not a guide: no PAM, mismatch/bulge screen or donor genotype
w11	NC_051836.1	27041608	27041628	1	w11_6	1	False	Not a guide: no PAM, mismatch/bulge screen or donor genotype
w11	NC_051836.1	27041609	27041629	1	w11_6	1	False	Not a guide: no PAM, mismatch/bulge screen or donor genotype
w11	NC_051836.1	27041610	27041630	1	w11_6	1	False	Not a guide: no PAM, mismatch/bulge screen or donor genotype
w11	NC_051836.1	27041611	27041631	1	w11_6	1	False	Not a guide: no PAM, mismatch/bulge screen or donor genotype
w11	NC_051836.1	27041612	27041632	1	w11_6	1	False	Not a guide: no PAM, mismatch/bulge screen or donor genotype
w11	NC_051836.1	27041613	27041633	1	w11_6	1	False	Not a guide: no PAM, mismatch/bulge screen or donor genotype
w11	NC_051836.1	27041614	27041634	1	w11_6	1	False	Not a guide: no PAM, mismatch/bulge screen or donor genotype
w11	NC_051836.1	27041615	27041635	1	w11_6	1	False	Not a guide: no PAM, mismatch/bulge screen or donor genotype
w11	NC_051836.1	27041616	27041636	1	w11_6	1	False	Not a guide: no PAM, mismatch/bulge screen or donor genotype
w11	NC_051836.1	27041617	27041637	1	w11_6	1	False	Not a guide: no PAM, mismatch/bulge screen or donor genotype
w11	NC_051836.1	27041618	27041638	1	w11_6	1	False	Not a guide: no PAM, mismatch/bulge screen or donor genotype
w11	NC_051836.1	27041619	27041639	1	w11_6	1	False	Not a guide: no PAM, mismatch/bulge screen or donor genotype
w11	NC_051836.1	27041620	27041640	1	w11_6	1	False	Not a guide: no PAM, mismatch/bulge screen or donor genotype
w11	NC_051836.1	27041621	27041641	1	w11_6	1	False	Not a guide: no PAM, mismatch/bulge screen or donor genotype
w11	NC_051836.1	27041622	27041642	1		0	True	Not a guide: no PAM, mismatch/bulge screen or donor genotype
w11	NC_051836.1	27041623	27041643	1		0	True	Not a guide: no PAM, mismatch/bulge screen or donor genotype
w11	NC_051836.1	27041624	27041644	1		0	True	Not a guide: no PAM, mismatch/bulge screen or donor genotype
w11	NC_051836.1	27041625	27041645	1		0	True	Not a guide: no PAM, mismatch/bulge screen or donor genotype
w11	NC_051836.1	27041626	27041646	1		0	True	Not a guide: no PAM, mismatch/bulge screen or donor genotype
w11	NC_051836.1	27041627	27041647	1		0	True	Not a guide: no PAM, mismatch/bulge screen or donor genotype
w11	NC_051836.1	27041628	27041648	1		0	True	Not a guide: no PAM, mismatch/bulge screen or donor genotype
w11	NC_051836.1	27041629	27041649	1	w11_5	1	False	Not a guide: no PAM, mismatch/bulge screen or donor genotype
w11	NC_051836.1	27041630	27041650	1	w11_5	1	False	Not a guide: no PAM, mismatch/bulge screen or donor genotype
w11	NC_051836.1	27041631	27041651	1	w11_5	1	False	Not a guide: no PAM, mismatch/bulge screen or donor genotype
w11	NC_051836.1	27041632	27041652	1	w11_5	1	False	Not a guide: no PAM, mismatch/bulge screen or donor genotype
w11	NC_051836.1	27041633	27041653	1	w11_5	1	False	Not a guide: no PAM, mismatch/bulge screen or donor genotype
w11	NC_051836.1	27041634	27041654	1	w11_5	1	False	Not a guide: no PAM, mismatch/bulge screen or donor genotype
w11	NC_051836.1	27041635	27041655	1	w11_5	1	False	Not a guide: no PAM, mismatch/bulge screen or donor genotype
w11	NC_051836.1	27041636	27041656	1	w11_5	1	False	Not a guide: no PAM, mismatch/bulge screen or donor genotype
w11	NC_051836.1	27041637	27041657	1	w11_5	1	False	Not a guide: no PAM, mismatch/bulge screen or donor genotype
w11	NC_051836.1	27041638	27041658	1	w11_5	1	False	Not a guide: no PAM, mismatch/bulge screen or donor genotype
w11	NC_051836.1	27041639	27041659	1	w11_5	1	False	Not a guide: no PAM, mismatch/bulge screen or donor genotype
w11	NC_051836.1	27041640	27041660	1	w11_5	1	False	Not a guide: no PAM, mismatch/bulge screen or donor genotype
w11	NC_051836.1	27041641	27041661	1	w11_5	1	False	Not a guide: no PAM, mismatch/bulge screen or donor genotype
w11	NC_051836.1	27041642	27041662	1	w11_5	1	False	Not a guide: no PAM, mismatch/bulge screen or donor genotype
w11	NC_051836.1	27041643	27041663	1	w11_5	1	False	Not a guide: no PAM, mismatch/bulge screen or donor genotype
w11	NC_051836.1	27041644	27041664	1	w11_5	1	False	Not a guide: no PAM, mismatch/bulge screen or donor genotype
w11	NC_051836.1	27041645	27041665	1	w11_5	1	False	Not a guide: no PAM, mismatch/bulge screen or donor genotype
w11	NC_051836.1	27041646	27041666	1	w11_5	1	False	Not a guide: no PAM, mismatch/bulge screen or donor genotype
w11	NC_051836.1	27041647	27041667	1	w11_5	1	False	Not a guide: no PAM, mismatch/bulge screen or donor genotype
w11	NC_051836.1	27041648	27041668	1	w11_5	1	False	Not a guide: no PAM, mismatch/bulge screen or donor genotype
w11	NC_051836.1	27041649	27041669	1		0	True	Not a guide: no PAM, mismatch/bulge screen or donor genotype
w11	NC_051836.1	27041650	27041670	1		0	True	Not a guide: no PAM, mismatch/bulge screen or donor genotype
w11	NC_051836.1	27041651	27041671	1		0	True	Not a guide: no PAM, mismatch/bulge screen or donor genotype
w11	NC_051836.1	27041652	27041672	1		0	True	Not a guide: no PAM, mismatch/bulge screen or donor genotype
w11	NC_051836.1	27041653	27041673	1		0	True	Not a guide: no PAM, mismatch/bulge screen or donor genotype
w11	NC_051836.1	27041654	27041674	1		0	True	Not a guide: no PAM, mismatch/bulge screen or donor genotype
w11	NC_051836.1	27041655	27041675	1		0	True	Not a guide: no PAM, mismatch/bulge screen or donor genotype
w11	NC_051836.1	27041656	27041676	1		0	True	Not a guide: no PAM, mismatch/bulge screen or donor genotype
w11	NC_051836.1	27041657	27041677	1		0	True	Not a guide: no PAM, mismatch/bulge screen or donor genotype
w11	NC_051836.1	27041658	27041678	1		0	True	Not a guide: no PAM, mismatch/bulge screen or donor genotype
w11	NC_051836.1	27041659	27041679	1		0	True	Not a guide: no PAM, mismatch/bulge screen or donor genotype
w11	NC_051836.1	27041660	27041680	1		0	True	Not a guide: no PAM, mismatch/bulge screen or donor genotype
w11	NC_051836.1	27041661	27041681	1		0	True	Not a guide: no PAM, mismatch/bulge screen or donor genotype
w11	NC_051836.1	27041662	27041682	1		0	True	Not a guide: no PAM, mismatch/bulge screen or donor genotype
w11	NC_051836.1	27041663	27041683	1		0	True	Not a guide: no PAM, mismatch/bulge screen or donor genotype
w11	NC_051836.1	27041664	27041684	1		0	True	Not a guide: no PAM, mismatch/bulge screen or donor genotype
w11	NC_051836.1	27041665	27041685	1		0	True	Not a guide: no PAM, mismatch/bulge screen or donor genotype
w11	NC_051836.1	27041666	27041686	1		0	True	Not a guide: no PAM, mismatch/bulge screen or donor genotype
w11	NC_051836.1	27041667	27041687	1		0	True	Not a guide: no PAM, mismatch/bulge screen or donor genotype
w11	NC_051836.1	27041668	27041688	1		0	True	Not a guide: no PAM, mismatch/bulge screen or donor genotype
w11	NC_051836.1	27041669	27041689	1		0	True	Not a guide: no PAM, mismatch/bulge screen or donor genotype
w11	NC_051836.1	27041670	27041690	1		0	True	Not a guide: no PAM, mismatch/bulge screen or donor genotype
w11	NC_051836.1	27041671	27041691	1		0	True	Not a guide: no PAM, mismatch/bulge screen or donor genotype
w11	NC_051836.1	27041672	27041692	1		0	True	Not a guide: no PAM, mismatch/bulge screen or donor genotype
w11	NC_051836.1	27041673	27041693	1		0	True	Not a guide: no PAM, mismatch/bulge screen or donor genotype
w11	NC_051836.1	27041674	27041694	1		0	True	Not a guide: no PAM, mismatch/bulge screen or donor genotype
w11	NC_051836.1	27041675	27041695	1		0	True	Not a guide: no PAM, mismatch/bulge screen or donor genotype
w11	NC_051836.1	27041676	27041696	1		0	True	Not a guide: no PAM, mismatch/bulge screen or donor genotype
w11	NC_051836.1	27041677	27041697	1		0	True	Not a guide: no PAM, mismatch/bulge screen or donor genotype
w11	NC_051836.1	27041678	27041698	1		0	True	Not a guide: no PAM, mismatch/bulge screen or donor genotype
w11	NC_051836.1	27041679	27041699	1		0	True	Not a guide: no PAM, mismatch/bulge screen or donor genotype
w11	NC_051836.1	27041680	27041700	1		0	True	Not a guide: no PAM, mismatch/bulge screen or donor genotype
w11	NC_051836.1	27041681	27041701	1		0	True	Not a guide: no PAM, mismatch/bulge screen or donor genotype
w11	NC_051836.1	27041682	27041702	1		0	True	Not a guide: no PAM, mismatch/bulge screen or donor genotype
w11	NC_051836.1	27041683	27041703	1		0	True	Not a guide: no PAM, mismatch/bulge screen or donor genotype
w11	NC_051836.1	27041684	27041704	1		0	True	Not a guide: no PAM, mismatch/bulge screen or donor genotype
w11	NC_051836.1	27041685	27041705	1		0	True	Not a guide: no PAM, mismatch/bulge screen or donor genotype
w11	NC_051836.1	27041686	27041706	1		0	True	Not a guide: no PAM, mismatch/bulge screen or donor genotype
w11	NC_051836.1	27041687	27041707	1		0	True	Not a guide: no PAM, mismatch/bulge screen or donor genotype
w11	NC_051836.1	27041688	27041708	1		0	True	Not a guide: no PAM, mismatch/bulge screen or donor genotype
w11	NC_051836.1	27041689	27041709	1		0	True	Not a guide: no PAM, mismatch/bulge screen or donor genotype
w11	NC_051836.1	27041690	27041710	1		0	True	Not a guide: no PAM, mismatch/bulge screen or donor genotype
w11	NC_051836.1	27041691	27041711	2		0	False	Not a guide: no PAM, mismatch/bulge screen or donor genotype
w11	NC_051836.1	27041692	27041712	1		0	True	Not a guide: no PAM, mismatch/bulge screen or donor genotype
w11	NC_051836.1	27041693	27041713	1		0	True	Not a guide: no PAM, mismatch/bulge screen or donor genotype
w11	NC_051836.1	27041694	27041714	1		0	True	Not a guide: no PAM, mismatch/bulge screen or donor genotype
w11	NC_051836.1	27041695	27041715	1		0	True	Not a guide: no PAM, mismatch/bulge screen or donor genotype
w11	NC_051836.1	27041696	27041716	1		0	True	Not a guide: no PAM, mismatch/bulge screen or donor genotype
w11	NC_051836.1	27041697	27041717	1		0	True	Not a guide: no PAM, mismatch/bulge screen or donor genotype
w11	NC_051836.1	27041698	27041718	1		0	True	Not a guide: no PAM, mismatch/bulge screen or donor genotype
w11	NC_051836.1	27041699	27041719	1		0	True	Not a guide: no PAM, mismatch/bulge screen or donor genotype
w11	NC_051836.1	27041700	27041720	1		0	True	Not a guide: no PAM, mismatch/bulge screen or donor genotype
w11	NC_051836.1	27041701	27041721	1		0	True	Not a guide: no PAM, mismatch/bulge screen or donor genotype
w11	NC_051836.1	27041702	27041722	1		0	True	Not a guide: no PAM, mismatch/bulge screen or donor genotype
w11	NC_051836.1	27041703	27041723	1		0	True	Not a guide: no PAM, mismatch/bulge screen or donor genotype
w11	NC_051836.1	27041704	27041724	1		0	True	Not a guide: no PAM, mismatch/bulge screen or donor genotype
w11	NC_051836.1	27041705	27041725	1		0	True	Not a guide: no PAM, mismatch/bulge screen or donor genotype
w11	NC_051836.1	27041706	27041726	1		0	True	Not a guide: no PAM, mismatch/bulge screen or donor genotype
w11	NC_051836.1	27041707	27041727	1		0	True	Not a guide: no PAM, mismatch/bulge screen or donor genotype
w11	NC_051836.1	27041708	27041728	1		0	True	Not a guide: no PAM, mismatch/bulge screen or donor genotype
w11	NC_051836.1	27041709	27041729	1		0	True	Not a guide: no PAM, mismatch/bulge screen or donor genotype
w11	NC_051836.1	27041710	27041730	1		0	True	Not a guide: no PAM, mismatch/bulge screen or donor genotype
w11	NC_051836.1	27041711	27041731	1		0	True	Not a guide: no PAM, mismatch/bulge screen or donor genotype
w11	NC_051836.1	27041712	27041732	1		0	True	Not a guide: no PAM, mismatch/bulge screen or donor genotype
w11	NC_051836.1	27041713	27041733	1		0	True	Not a guide: no PAM, mismatch/bulge screen or donor genotype
w11	NC_051836.1	27041714	27041734	1	w11_19	1	False	Not a guide: no PAM, mismatch/bulge screen or donor genotype
w11	NC_051836.1	27041715	27041735	1	w11_19	1	False	Not a guide: no PAM, mismatch/bulge screen or donor genotype
w11	NC_051836.1	27041716	27041736	1	w11_19	1	False	Not a guide: no PAM, mismatch/bulge screen or donor genotype
w11	NC_051836.1	27041717	27041737	1	w11_19	1	False	Not a guide: no PAM, mismatch/bulge screen or donor genotype
w11	NC_051836.1	27041718	27041738	1	w11_19	1	False	Not a guide: no PAM, mismatch/bulge screen or donor genotype
w11	NC_051836.1	27041719	27041739	1	w11_19	1	False	Not a guide: no PAM, mismatch/bulge screen or donor genotype
w11	NC_051836.1	27041720	27041740	1	w11_19	1	False	Not a guide: no PAM, mismatch/bulge screen or donor genotype
w11	NC_051836.1	27041721	27041741	1	w11_19	1	False	Not a guide: no PAM, mismatch/bulge screen or donor genotype
w11	NC_051836.1	27041722	27041742	1	w11_19	1	False	Not a guide: no PAM, mismatch/bulge screen or donor genotype
w11	NC_051836.1	27041723	27041743	1	w11_19	1	False	Not a guide: no PAM, mismatch/bulge screen or donor genotype
w11	NC_051836.1	27041724	27041744	1	w11_19	1	False	Not a guide: no PAM, mismatch/bulge screen or donor genotype
w11	NC_051836.1	27041725	27041745	1	w11_19	1	False	Not a guide: no PAM, mismatch/bulge screen or donor genotype
w11	NC_051836.1	27041726	27041746	1	w11_19	1	False	Not a guide: no PAM, mismatch/bulge screen or donor genotype
w11	NC_051836.1	27041727	27041747	1	w11_19	1	False	Not a guide: no PAM, mismatch/bulge screen or donor genotype
w11	NC_051836.1	27041728	27041748	2	w11_19	1	False	Not a guide: no PAM, mismatch/bulge screen or donor genotype
w11	NC_051836.1	27041729	27041749	1	w11_19	1	False	Not a guide: no PAM, mismatch/bulge screen or donor genotype
w11	NC_051836.1	27041730	27041750	1	w11_19	1	False	Not a guide: no PAM, mismatch/bulge screen or donor genotype
w11	NC_051836.1	27041731	27041751	1	w11_19	1	False	Not a guide: no PAM, mismatch/bulge screen or donor genotype
w11	NC_051836.1	27041732	27041752	2	w11_19	1	False	Not a guide: no PAM, mismatch/bulge screen or donor genotype
w11	NC_051836.1	27041733	27041753	7	w11_19	1	False	Not a guide: no PAM, mismatch/bulge screen or donor genotype
w11	NC_051836.1	27041734	27041754	27	w11_19	1	False	Not a guide: no PAM, mismatch/bulge screen or donor genotype
w11	NC_051836.1	27041735	27041755	24	w11_19	1	False	Not a guide: no PAM, mismatch/bulge screen or donor genotype
w11	NC_051836.1	27041736	27041756	28	w11_19	1	False	Not a guide: no PAM, mismatch/bulge screen or donor genotype
w11	NC_051836.1	27041737	27041757	27	w11_19	1	False	Not a guide: no PAM, mismatch/bulge screen or donor genotype
w11	NC_051836.1	27041738	27041758	30	w11_19	1	False	Not a guide: no PAM, mismatch/bulge screen or donor genotype
w11	NC_051836.1	27041739	27041759	38	w11_19	1	False	Not a guide: no PAM, mismatch/bulge screen or donor genotype
w11	NC_051836.1	27041740	27041760	27		0	False	Not a guide: no PAM, mismatch/bulge screen or donor genotype
w11	NC_051836.1	27041741	27041761	24		0	False	Not a guide: no PAM, mismatch/bulge screen or donor genotype
w11	NC_051836.1	27041742	27041762	28		0	False	Not a guide: no PAM, mismatch/bulge screen or donor genotype
w11	NC_051836.1	27041743	27041763	2		0	False	Not a guide: no PAM, mismatch/bulge screen or donor genotype
w11	NC_051836.1	27041744	27041764	1		0	True	Not a guide: no PAM, mismatch/bulge screen or donor genotype
w11	NC_051836.1	27041745	27041765	1		0	True	Not a guide: no PAM, mismatch/bulge screen or donor genotype
w11	NC_051836.1	27041746	27041766	1		0	True	Not a guide: no PAM, mismatch/bulge screen or donor genotype
w11	NC_051836.1	27041747	27041767	1		0	True	Not a guide: no PAM, mismatch/bulge screen or donor genotype
w11	NC_051836.1	27041748	27041768	1		0	True	Not a guide: no PAM, mismatch/bulge screen or donor genotype
w11	NC_051836.1	27041749	27041769	1		0	True	Not a guide: no PAM, mismatch/bulge screen or donor genotype
w11	NC_051836.1	27041750	27041770	1		0	True	Not a guide: no PAM, mismatch/bulge screen or donor genotype
w11	NC_051836.1	27041751	27041771	1		0	True	Not a guide: no PAM, mismatch/bulge screen or donor genotype
w11	NC_051836.1	27041752	27041772	1		0	True	Not a guide: no PAM, mismatch/bulge screen or donor genotype
w11	NC_051836.1	27041753	27041773	1		0	True	Not a guide: no PAM, mismatch/bulge screen or donor genotype
w11	NC_051836.1	27041754	27041774	1		0	True	Not a guide: no PAM, mismatch/bulge screen or donor genotype
w11	NC_051836.1	27041755	27041775	1		0	True	Not a guide: no PAM, mismatch/bulge screen or donor genotype
w11	NC_051836.1	27041756	27041776	1		0	True	Not a guide: no PAM, mismatch/bulge screen or donor genotype
w11	NC_051836.1	27041757	27041777	1		0	True	Not a guide: no PAM, mismatch/bulge screen or donor genotype
w11	NC_051836.1	27041758	27041778	1		0	True	Not a guide: no PAM, mismatch/bulge screen or donor genotype
w11	NC_051836.1	27041759	27041779	1		0	True	Not a guide: no PAM, mismatch/bulge screen or donor genotype
w11	NC_051836.1	27041760	27041780	1		0	True	Not a guide: no PAM, mismatch/bulge screen or donor genotype
w11	NC_051836.1	27041761	27041781	1		0	True	Not a guide: no PAM, mismatch/bulge screen or donor genotype
w11	NC_051836.1	27041762	27041782	1		0	True	Not a guide: no PAM, mismatch/bulge screen or donor genotype
w11	NC_051836.1	27041763	27041783	1		0	True	Not a guide: no PAM, mismatch/bulge screen or donor genotype
w11	NC_051836.1	27041764	27041784	1		0	True	Not a guide: no PAM, mismatch/bulge screen or donor genotype
w11	NC_051836.1	27041765	27041785	1		0	True	Not a guide: no PAM, mismatch/bulge screen or donor genotype
w11	NC_051836.1	27041766	27041786	1		0	True	Not a guide: no PAM, mismatch/bulge screen or donor genotype
w11	NC_051836.1	27041767	27041787	1		0	True	Not a guide: no PAM, mismatch/bulge screen or donor genotype
w11	NC_051836.1	27041768	27041788	1		0	True	Not a guide: no PAM, mismatch/bulge screen or donor genotype
w11	NC_051836.1	27041769	27041789	1		0	True	Not a guide: no PAM, mismatch/bulge screen or donor genotype
w11	NC_051836.1	27041770	27041790	1		0	True	Not a guide: no PAM, mismatch/bulge screen or donor genotype
w11	NC_051836.1	27041771	27041791	1		0	True	Not a guide: no PAM, mismatch/bulge screen or donor genotype
w11	NC_051836.1	27041772	27041792	1		0	True	Not a guide: no PAM, mismatch/bulge screen or donor genotype
w11	NC_051836.1	27041773	27041793	1		0	True	Not a guide: no PAM, mismatch/bulge screen or donor genotype
w11	NC_051836.1	27041774	27041794	1		0	True	Not a guide: no PAM, mismatch/bulge screen or donor genotype
w11	NC_051836.1	27041775	27041795	1		0	True	Not a guide: no PAM, mismatch/bulge screen or donor genotype
w11	NC_051836.1	27041776	27041796	1		0	True	Not a guide: no PAM, mismatch/bulge screen or donor genotype
w11	NC_051836.1	27041777	27041797	1		0	True	Not a guide: no PAM, mismatch/bulge screen or donor genotype
w11	NC_051836.1	27041778	27041798	3		0	False	Not a guide: no PAM, mismatch/bulge screen or donor genotype
w11	NC_051836.1	27041779	27041799	1		0	True	Not a guide: no PAM, mismatch/bulge screen or donor genotype
w11	NC_051836.1	27041780	27041800	1		0	True	Not a guide: no PAM, mismatch/bulge screen or donor genotype
w11	NC_051836.1	27041781	27041801	1		0	True	Not a guide: no PAM, mismatch/bulge screen or donor genotype
w11	NC_051836.1	27041782	27041802	1		0	True	Not a guide: no PAM, mismatch/bulge screen or donor genotype
w11	NC_051836.1	27041783	27041803	1		0	True	Not a guide: no PAM, mismatch/bulge screen or donor genotype
w11	NC_051836.1	27041784	27041804	1		0	True	Not a guide: no PAM, mismatch/bulge screen or donor genotype
w11	NC_051836.1	27041785	27041805	1		0	True	Not a guide: no PAM, mismatch/bulge screen or donor genotype
w11	NC_051836.1	27041786	27041806	1		0	True	Not a guide: no PAM, mismatch/bulge screen or donor genotype
w11	NC_051836.1	27041787	27041807	1		0	True	Not a guide: no PAM, mismatch/bulge screen or donor genotype
w11	NC_051836.1	27041788	27041808	1		0	True	Not a guide: no PAM, mismatch/bulge screen or donor genotype
w11	NC_051836.1	27041789	27041809	1		0	True	Not a guide: no PAM, mismatch/bulge screen or donor genotype
w11	NC_051836.1	27041790	27041810	1		0	True	Not a guide: no PAM, mismatch/bulge screen or donor genotype
w11	NC_051836.1	27041791	27041811	1		0	True	Not a guide: no PAM, mismatch/bulge screen or donor genotype
w11	NC_051836.1	27041792	27041812	1		0	True	Not a guide: no PAM, mismatch/bulge screen or donor genotype
w11	NC_051836.1	27041793	27041813	1		0	True	Not a guide: no PAM, mismatch/bulge screen or donor genotype
w11	NC_051836.1	27041794	27041814	1		0	True	Not a guide: no PAM, mismatch/bulge screen or donor genotype
w11	NC_051836.1	27041795	27041815	1		0	True	Not a guide: no PAM, mismatch/bulge screen or donor genotype
w11	NC_051836.1	27041796	27041816	1		0	True	Not a guide: no PAM, mismatch/bulge screen or donor genotype
w11	NC_051836.1	27041797	27041817	1		0	True	Not a guide: no PAM, mismatch/bulge screen or donor genotype
w11	NC_051836.1	27041798	27041818	2		0	False	Not a guide: no PAM, mismatch/bulge screen or donor genotype
w11	NC_051836.1	27041799	27041819	2		0	False	Not a guide: no PAM, mismatch/bulge screen or donor genotype
w11	NC_051836.1	27041800	27041820	1		0	True	Not a guide: no PAM, mismatch/bulge screen or donor genotype
w11	NC_051836.1	27041801	27041821	1		0	True	Not a guide: no PAM, mismatch/bulge screen or donor genotype
w11	NC_051836.1	27041802	27041822	1		0	True	Not a guide: no PAM, mismatch/bulge screen or donor genotype
w11	NC_051836.1	27041803	27041823	1		0	True	Not a guide: no PAM, mismatch/bulge screen or donor genotype
w11	NC_051836.1	27041804	27041824	1		0	True	Not a guide: no PAM, mismatch/bulge screen or donor genotype
w11	NC_051836.1	27041805	27041825	1		0	True	Not a guide: no PAM, mismatch/bulge screen or donor genotype
w11	NC_051836.1	27041806	27041826	1		0	True	Not a guide: no PAM, mismatch/bulge screen or donor genotype
w11	NC_051836.1	27041807	27041827	1		0	True	Not a guide: no PAM, mismatch/bulge screen or donor genotype
w11	NC_051836.1	27041808	27041828	1		0	True	Not a guide: no PAM, mismatch/bulge screen or donor genotype
w11	NC_051836.1	27041809	27041829	1		0	True	Not a guide: no PAM, mismatch/bulge screen or donor genotype
w11	NC_051836.1	27041810	27041830	1		0	True	Not a guide: no PAM, mismatch/bulge screen or donor genotype
w11	NC_051836.1	27041811	27041831	1		0	True	Not a guide: no PAM, mismatch/bulge screen or donor genotype
w11	NC_051836.1	27041812	27041832	1		0	True	Not a guide: no PAM, mismatch/bulge screen or donor genotype
w11	NC_051836.1	27041813	27041833	1		0	True	Not a guide: no PAM, mismatch/bulge screen or donor genotype
w11	NC_051836.1	27041814	27041834	1		0	True	Not a guide: no PAM, mismatch/bulge screen or donor genotype
w11	NC_051836.1	27041815	27041835	1		0	True	Not a guide: no PAM, mismatch/bulge screen or donor genotype
w11	NC_051836.1	27041816	27041836	1		0	True	Not a guide: no PAM, mismatch/bulge screen or donor genotype
w11	NC_051836.1	27041817	27041837	1		0	True	Not a guide: no PAM, mismatch/bulge screen or donor genotype
w11	NC_051836.1	27041818	27041838	1		0	True	Not a guide: no PAM, mismatch/bulge screen or donor genotype
w11	NC_051836.1	27041819	27041839	1		0	True	Not a guide: no PAM, mismatch/bulge screen or donor genotype
w11	NC_051836.1	27041820	27041840	1		0	True	Not a guide: no PAM, mismatch/bulge screen or donor genotype
w11	NC_051836.1	27041821	27041841	1		0	True	Not a guide: no PAM, mismatch/bulge screen or donor genotype
w11	NC_051836.1	27041822	27041842	1		0	True	Not a guide: no PAM, mismatch/bulge screen or donor genotype
w11	NC_051836.1	27041823	27041843	1		0	True	Not a guide: no PAM, mismatch/bulge screen or donor genotype
w11	NC_051836.1	27041824	27041844	1		0	True	Not a guide: no PAM, mismatch/bulge screen or donor genotype
w11	NC_051836.1	27041825	27041845	1		0	True	Not a guide: no PAM, mismatch/bulge screen or donor genotype
w11	NC_051836.1	27041826	27041846	1		0	True	Not a guide: no PAM, mismatch/bulge screen or donor genotype
w11	NC_051836.1	27041827	27041847	1		0	True	Not a guide: no PAM, mismatch/bulge screen or donor genotype
w11	NC_051836.1	27041828	27041848	1		0	True	Not a guide: no PAM, mismatch/bulge screen or donor genotype
w11	NC_051836.1	27041829	27041849	1		0	True	Not a guide: no PAM, mismatch/bulge screen or donor genotype
w11	NC_051836.1	27041830	27041850	1		0	True	Not a guide: no PAM, mismatch/bulge screen or donor genotype
w11	NC_051836.1	27041831	27041851	1		0	True	Not a guide: no PAM, mismatch/bulge screen or donor genotype
w11	NC_051836.1	27041832	27041852	1		0	True	Not a guide: no PAM, mismatch/bulge screen or donor genotype
w11	NC_051836.1	27041833	27041853	1		0	True	Not a guide: no PAM, mismatch/bulge screen or donor genotype
w11	NC_051836.1	27041834	27041854	1		0	True	Not a guide: no PAM, mismatch/bulge screen or donor genotype
w11	NC_051836.1	27041835	27041855	1		0	True	Not a guide: no PAM, mismatch/bulge screen or donor genotype
w11	NC_051836.1	27041836	27041856	1		0	True	Not a guide: no PAM, mismatch/bulge screen or donor genotype
w11	NC_051836.1	27041837	27041857	1		0	True	Not a guide: no PAM, mismatch/bulge screen or donor genotype
w11	NC_051836.1	27041838	27041858	1		0	True	Not a guide: no PAM, mismatch/bulge screen or donor genotype
w11	NC_051836.1	27041839	27041859	1		0	True	Not a guide: no PAM, mismatch/bulge screen or donor genotype
w11	NC_051836.1	27041840	27041860	1		0	True	Not a guide: no PAM, mismatch/bulge screen or donor genotype
w11	NC_051836.1	27041841	27041861	1		0	True	Not a guide: no PAM, mismatch/bulge screen or donor genotype
w11	NC_051836.1	27041842	27041862	1		0	True	Not a guide: no PAM, mismatch/bulge screen or donor genotype
w11	NC_051836.1	27041843	27041863	1		0	True	Not a guide: no PAM, mismatch/bulge screen or donor genotype
w11	NC_051836.1	27041844	27041864	1		0	True	Not a guide: no PAM, mismatch/bulge screen or donor genotype
w11	NC_051836.1	27041845	27041865	1		0	True	Not a guide: no PAM, mismatch/bulge screen or donor genotype
w11	NC_051836.1	27041846	27041866	1		0	True	Not a guide: no PAM, mismatch/bulge screen or donor genotype
w11	NC_051836.1	27041847	27041867	1		0	True	Not a guide: no PAM, mismatch/bulge screen or donor genotype
w11	NC_051836.1	27041848	27041868	1		0	True	Not a guide: no PAM, mismatch/bulge screen or donor genotype
w11	NC_051836.1	27041849	27041869	1		0	True	Not a guide: no PAM, mismatch/bulge screen or donor genotype
w11	NC_051836.1	27041850	27041870	1		0	True	Not a guide: no PAM, mismatch/bulge screen or donor genotype
w11	NC_051836.1	27041851	27041871	1		0	True	Not a guide: no PAM, mismatch/bulge screen or donor genotype
w11	NC_051836.1	27041852	27041872	1		0	True	Not a guide: no PAM, mismatch/bulge screen or donor genotype
w11	NC_051836.1	27041853	27041873	1		0	True	Not a guide: no PAM, mismatch/bulge screen or donor genotype
w11	NC_051836.1	27041854	27041874	1		0	True	Not a guide: no PAM, mismatch/bulge screen or donor genotype
w11	NC_051836.1	27041855	27041875	1		0	True	Not a guide: no PAM, mismatch/bulge screen or donor genotype
w11	NC_051836.1	27041856	27041876	1		0	True	Not a guide: no PAM, mismatch/bulge screen or donor genotype
w11	NC_051836.1	27041857	27041877	1		0	True	Not a guide: no PAM, mismatch/bulge screen or donor genotype
w11	NC_051836.1	27041858	27041878	1		0	True	Not a guide: no PAM, mismatch/bulge screen or donor genotype
w11	NC_051836.1	27041859	27041879	1		0	True	Not a guide: no PAM, mismatch/bulge screen or donor genotype
w11	NC_051836.1	27041860	27041880	1		0	True	Not a guide: no PAM, mismatch/bulge screen or donor genotype
w11	NC_051836.1	27041861	27041881	1		0	True	Not a guide: no PAM, mismatch/bulge screen or donor genotype
w11	NC_051836.1	27041862	27041882	1		0	True	Not a guide: no PAM, mismatch/bulge screen or donor genotype
w11	NC_051836.1	27041863	27041883	1		0	True	Not a guide: no PAM, mismatch/bulge screen or donor genotype
w11	NC_051836.1	27041864	27041884	1		0	True	Not a guide: no PAM, mismatch/bulge screen or donor genotype
w11	NC_051836.1	27041865	27041885	1	w11_4	1	False	Not a guide: no PAM, mismatch/bulge screen or donor genotype
w11	NC_051836.1	27041866	27041886	1	w11_4	1	False	Not a guide: no PAM, mismatch/bulge screen or donor genotype
w11	NC_051836.1	27041867	27041887	1	w11_4	1	False	Not a guide: no PAM, mismatch/bulge screen or donor genotype
w11	NC_051836.1	27041868	27041888	1	w11_3;w11_4	2	False	Not a guide: no PAM, mismatch/bulge screen or donor genotype
w11	NC_051836.1	27041869	27041889	1	w11_3;w11_4	2	False	Not a guide: no PAM, mismatch/bulge screen or donor genotype
w11	NC_051836.1	27041870	27041890	1	w11_3;w11_4	2	False	Not a guide: no PAM, mismatch/bulge screen or donor genotype
w11	NC_051836.1	27041871	27041891	1	w11_3;w11_4	2	False	Not a guide: no PAM, mismatch/bulge screen or donor genotype
w11	NC_051836.1	27041872	27041892	1	w11_3;w11_4	2	False	Not a guide: no PAM, mismatch/bulge screen or donor genotype
w11	NC_051836.1	27041873	27041893	1	w11_3;w11_4	2	False	Not a guide: no PAM, mismatch/bulge screen or donor genotype
w11	NC_051836.1	27041874	27041894	1	w11_3;w11_4	2	False	Not a guide: no PAM, mismatch/bulge screen or donor genotype
w11	NC_051836.1	27041875	27041895	1	w11_3;w11_4	2	False	Not a guide: no PAM, mismatch/bulge screen or donor genotype
w11	NC_051836.1	27041876	27041896	1	w11_3;w11_4	2	False	Not a guide: no PAM, mismatch/bulge screen or donor genotype
w11	NC_051836.1	27041877	27041897	1	w11_3;w11_4	2	False	Not a guide: no PAM, mismatch/bulge screen or donor genotype
w11	NC_051836.1	27041878	27041898	1	w11_3;w11_4	2	False	Not a guide: no PAM, mismatch/bulge screen or donor genotype
w11	NC_051836.1	27041879	27041899	1	w11_3;w11_4	2	False	Not a guide: no PAM, mismatch/bulge screen or donor genotype
w11	NC_051836.1	27041880	27041900	1	w11_3;w11_4	2	False	Not a guide: no PAM, mismatch/bulge screen or donor genotype
w11	NC_051836.1	27041881	27041901	1	w11_3;w11_4	2	False	Not a guide: no PAM, mismatch/bulge screen or donor genotype
w11	NC_051836.1	27041882	27041902	1	w11_3;w11_4	2	False	Not a guide: no PAM, mismatch/bulge screen or donor genotype
w11	NC_051836.1	27041883	27041903	1	w11_3;w11_4	2	False	Not a guide: no PAM, mismatch/bulge screen or donor genotype
w11	NC_051836.1	27041884	27041904	1	w11_2;w11_3;w11_4	3	False	Not a guide: no PAM, mismatch/bulge screen or donor genotype
w11	NC_051836.1	27041885	27041905	1	w11_2;w11_3	2	False	Not a guide: no PAM, mismatch/bulge screen or donor genotype
w11	NC_051836.1	27041886	27041906	1	w11_2;w11_3	2	False	Not a guide: no PAM, mismatch/bulge screen or donor genotype
w11	NC_051836.1	27041887	27041907	1	w11_2;w11_3	2	False	Not a guide: no PAM, mismatch/bulge screen or donor genotype
w11	NC_051836.1	27041888	27041908	1	w11_2	1	False	Not a guide: no PAM, mismatch/bulge screen or donor genotype
w11	NC_051836.1	27041889	27041909	1	w11_2	1	False	Not a guide: no PAM, mismatch/bulge screen or donor genotype
w11	NC_051836.1	27041890	27041910	1	w11_2	1	False	Not a guide: no PAM, mismatch/bulge screen or donor genotype
w11	NC_051836.1	27041891	27041911	1	w11_2	1	False	Not a guide: no PAM, mismatch/bulge screen or donor genotype
w11	NC_051836.1	27041892	27041912	1	w11_2	1	False	Not a guide: no PAM, mismatch/bulge screen or donor genotype
w11	NC_051836.1	27041893	27041913	1	w11_2	1	False	Not a guide: no PAM, mismatch/bulge screen or donor genotype
w11	NC_051836.1	27041894	27041914	1	w11_2	1	False	Not a guide: no PAM, mismatch/bulge screen or donor genotype
w11	NC_051836.1	27041895	27041915	2	w11_2	1	False	Not a guide: no PAM, mismatch/bulge screen or donor genotype
w11	NC_051836.1	27041896	27041916	2	w11_2	1	False	Not a guide: no PAM, mismatch/bulge screen or donor genotype
w11	NC_051836.1	27041897	27041917	1	w11_2	1	False	Not a guide: no PAM, mismatch/bulge screen or donor genotype
w11	NC_051836.1	27041898	27041918	1	w11_2	1	False	Not a guide: no PAM, mismatch/bulge screen or donor genotype
w11	NC_051836.1	27041899	27041919	1	w11_2	1	False	Not a guide: no PAM, mismatch/bulge screen or donor genotype
w11	NC_051836.1	27041900	27041920	1	w11_2	1	False	Not a guide: no PAM, mismatch/bulge screen or donor genotype
w11	NC_051836.1	27041901	27041921	1	w11_2	1	False	Not a guide: no PAM, mismatch/bulge screen or donor genotype
w11	NC_051836.1	27041902	27041922	1	w11_2	1	False	Not a guide: no PAM, mismatch/bulge screen or donor genotype
w11	NC_051836.1	27041903	27041923	1	w11_2	1	False	Not a guide: no PAM, mismatch/bulge screen or donor genotype
w11	NC_051836.1	27041904	27041924	1		0	True	Not a guide: no PAM, mismatch/bulge screen or donor genotype
w11	NC_051836.1	27041905	27041925	1		0	True	Not a guide: no PAM, mismatch/bulge screen or donor genotype
w11	NC_051836.1	27041906	27041926	1		0	True	Not a guide: no PAM, mismatch/bulge screen or donor genotype
w11	NC_051836.1	27041907	27041927	1		0	True	Not a guide: no PAM, mismatch/bulge screen or donor genotype
w11	NC_051836.1	27041908	27041928	1		0	True	Not a guide: no PAM, mismatch/bulge screen or donor genotype
w11	NC_051836.1	27041909	27041929	1		0	True	Not a guide: no PAM, mismatch/bulge screen or donor genotype
w11	NC_051836.1	27041910	27041930	1		0	True	Not a guide: no PAM, mismatch/bulge screen or donor genotype
w11	NC_051836.1	27041911	27041931	1		0	True	Not a guide: no PAM, mismatch/bulge screen or donor genotype
w11	NC_051836.1	27041912	27041932	1		0	True	Not a guide: no PAM, mismatch/bulge screen or donor genotype
w11	NC_051836.1	27041913	27041933	1		0	True	Not a guide: no PAM, mismatch/bulge screen or donor genotype
w11	NC_051836.1	27041914	27041934	1		0	True	Not a guide: no PAM, mismatch/bulge screen or donor genotype
w11	NC_051836.1	27041915	27041935	1		0	True	Not a guide: no PAM, mismatch/bulge screen or donor genotype
w11	NC_051836.1	27041916	27041936	1		0	True	Not a guide: no PAM, mismatch/bulge screen or donor genotype
w11	NC_051836.1	27041917	27041937	1		0	True	Not a guide: no PAM, mismatch/bulge screen or donor genotype
w11	NC_051836.1	27041918	27041938	1		0	True	Not a guide: no PAM, mismatch/bulge screen or donor genotype
w11	NC_051836.1	27041919	27041939	1		0	True	Not a guide: no PAM, mismatch/bulge screen or donor genotype
w11	NC_051836.1	27041920	27041940	1		0	True	Not a guide: no PAM, mismatch/bulge screen or donor genotype
w11	NC_051836.1	27041921	27041941	1		0	True	Not a guide: no PAM, mismatch/bulge screen or donor genotype
w11	NC_051836.1	27041922	27041942	1		0	True	Not a guide: no PAM, mismatch/bulge screen or donor genotype
w11	NC_051836.1	27041923	27041943	1		0	True	Not a guide: no PAM, mismatch/bulge screen or donor genotype
w11	NC_051836.1	27041924	27041944	1		0	True	Not a guide: no PAM, mismatch/bulge screen or donor genotype
w11	NC_051836.1	27041925	27041945	1		0	True	Not a guide: no PAM, mismatch/bulge screen or donor genotype
w11	NC_051836.1	27041926	27041946	1		0	True	Not a guide: no PAM, mismatch/bulge screen or donor genotype
w11	NC_051836.1	27041927	27041947	1		0	True	Not a guide: no PAM, mismatch/bulge screen or donor genotype
w11	NC_051836.1	27041928	27041948	1		0	True	Not a guide: no PAM, mismatch/bulge screen or donor genotype
w11	NC_051836.1	27041929	27041949	1		0	True	Not a guide: no PAM, mismatch/bulge screen or donor genotype
w11	NC_051836.1	27041930	27041950	1		0	True	Not a guide: no PAM, mismatch/bulge screen or donor genotype
w11	NC_051836.1	27041931	27041951	1		0	True	Not a guide: no PAM, mismatch/bulge screen or donor genotype
w11	NC_051836.1	27041932	27041952	1		0	True	Not a guide: no PAM, mismatch/bulge screen or donor genotype
w11	NC_051836.1	27041933	27041953	1		0	True	Not a guide: no PAM, mismatch/bulge screen or donor genotype
w11	NC_051836.1	27041934	27041954	1		0	True	Not a guide: no PAM, mismatch/bulge screen or donor genotype
w11	NC_051836.1	27041935	27041955	1		0	True	Not a guide: no PAM, mismatch/bulge screen or donor genotype
w11	NC_051836.1	27041936	27041956	1		0	True	Not a guide: no PAM, mismatch/bulge screen or donor genotype
w11	NC_051836.1	27041937	27041957	1		0	True	Not a guide: no PAM, mismatch/bulge screen or donor genotype
w11	NC_051836.1	27041938	27041958	1		0	True	Not a guide: no PAM, mismatch/bulge screen or donor genotype
w11	NC_051836.1	27041939	27041959	1		0	True	Not a guide: no PAM, mismatch/bulge screen or donor genotype
w11	NC_051836.1	27041940	27041960	1		0	True	Not a guide: no PAM, mismatch/bulge screen or donor genotype
w11	NC_051836.1	27041941	27041961	1		0	True	Not a guide: no PAM, mismatch/bulge screen or donor genotype
w11	NC_051836.1	27041942	27041962	1		0	True	Not a guide: no PAM, mismatch/bulge screen or donor genotype
w11	NC_051836.1	27041943	27041963	1		0	True	Not a guide: no PAM, mismatch/bulge screen or donor genotype
w11	NC_051836.1	27041944	27041964	1		0	True	Not a guide: no PAM, mismatch/bulge screen or donor genotype
w11	NC_051836.1	27041945	27041965	1		0	True	Not a guide: no PAM, mismatch/bulge screen or donor genotype
w11	NC_051836.1	27041946	27041966	1		0	True	Not a guide: no PAM, mismatch/bulge screen or donor genotype
w11	NC_051836.1	27041947	27041967	1		0	True	Not a guide: no PAM, mismatch/bulge screen or donor genotype
w11	NC_051836.1	27041948	27041968	1		0	True	Not a guide: no PAM, mismatch/bulge screen or donor genotype
w11	NC_051836.1	27041949	27041969	1		0	True	Not a guide: no PAM, mismatch/bulge screen or donor genotype
w11	NC_051836.1	27041950	27041970	1		0	True	Not a guide: no PAM, mismatch/bulge screen or donor genotype
w11	NC_051836.1	27041951	27041971	1		0	True	Not a guide: no PAM, mismatch/bulge screen or donor genotype
w11	NC_051836.1	27041952	27041972	1		0	True	Not a guide: no PAM, mismatch/bulge screen or donor genotype
w11	NC_051836.1	27041953	27041973	1		0	True	Not a guide: no PAM, mismatch/bulge screen or donor genotype
w11	NC_051836.1	27041954	27041974	1		0	True	Not a guide: no PAM, mismatch/bulge screen or donor genotype
w11	NC_051836.1	27041955	27041975	1		0	True	Not a guide: no PAM, mismatch/bulge screen or donor genotype
w11	NC_051836.1	27041956	27041976	1		0	True	Not a guide: no PAM, mismatch/bulge screen or donor genotype
w11	NC_051836.1	27041957	27041977	1		0	True	Not a guide: no PAM, mismatch/bulge screen or donor genotype
w11	NC_051836.1	27041958	27041978	1		0	True	Not a guide: no PAM, mismatch/bulge screen or donor genotype
w11	NC_051836.1	27041959	27041979	1		0	True	Not a guide: no PAM, mismatch/bulge screen or donor genotype
w11	NC_051836.1	27041960	27041980	1		0	True	Not a guide: no PAM, mismatch/bulge screen or donor genotype
w11	NC_051836.1	27041961	27041981	1		0	True	Not a guide: no PAM, mismatch/bulge screen or donor genotype
w11	NC_051836.1	27041962	27041982	1		0	True	Not a guide: no PAM, mismatch/bulge screen or donor genotype
w11	NC_051836.1	27041963	27041983	1		0	True	Not a guide: no PAM, mismatch/bulge screen or donor genotype
w11	NC_051836.1	27041964	27041984	1		0	True	Not a guide: no PAM, mismatch/bulge screen or donor genotype
w11	NC_051836.1	27041965	27041985	1		0	True	Not a guide: no PAM, mismatch/bulge screen or donor genotype
w11	NC_051836.1	27041966	27041986	1		0	True	Not a guide: no PAM, mismatch/bulge screen or donor genotype
w11	NC_051836.1	27041967	27041987	1		0	True	Not a guide: no PAM, mismatch/bulge screen or donor genotype
w11	NC_051836.1	27041968	27041988	1		0	True	Not a guide: no PAM, mismatch/bulge screen or donor genotype
w11	NC_051836.1	27041969	27041989	1		0	True	Not a guide: no PAM, mismatch/bulge screen or donor genotype
w11	NC_051836.1	27041970	27041990	1		0	True	Not a guide: no PAM, mismatch/bulge screen or donor genotype
w11	NC_051836.1	27041971	27041991	1		0	True	Not a guide: no PAM, mismatch/bulge screen or donor genotype
w11	NC_051836.1	27041972	27041992	1		0	True	Not a guide: no PAM, mismatch/bulge screen or donor genotype
w11	NC_051836.1	27041973	27041993	1		0	True	Not a guide: no PAM, mismatch/bulge screen or donor genotype
w11	NC_051836.1	27041974	27041994	1		0	True	Not a guide: no PAM, mismatch/bulge screen or donor genotype
w11	NC_051836.1	27041975	27041995	1		0	True	Not a guide: no PAM, mismatch/bulge screen or donor genotype
w11	NC_051836.1	27041976	27041996	1		0	True	Not a guide: no PAM, mismatch/bulge screen or donor genotype
w11	NC_051836.1	27041977	27041997	1		0	True	Not a guide: no PAM, mismatch/bulge screen or donor genotype
w11	NC_051836.1	27041978	27041998	1		0	True	Not a guide: no PAM, mismatch/bulge screen or donor genotype
w11	NC_051836.1	27041979	27041999	1		0	True	Not a guide: no PAM, mismatch/bulge screen or donor genotype
w11	NC_051836.1	27041980	27042000	1		0	True	Not a guide: no PAM, mismatch/bulge screen or donor genotype
w11	NC_051836.1	27041981	27042001	1		0	True	Not a guide: no PAM, mismatch/bulge screen or donor genotype
w11	NC_051836.1	27041982	27042002	1		0	True	Not a guide: no PAM, mismatch/bulge screen or donor genotype
w11	NC_051836.1	27041983	27042003	1		0	True	Not a guide: no PAM, mismatch/bulge screen or donor genotype
w11	NC_051836.1	27041984	27042004	1		0	True	Not a guide: no PAM, mismatch/bulge screen or donor genotype
w11	NC_051836.1	27041985	27042005	1		0	True	Not a guide: no PAM, mismatch/bulge screen or donor genotype
w11	NC_051836.1	27041986	27042006	1		0	True	Not a guide: no PAM, mismatch/bulge screen or donor genotype
w11	NC_051836.1	27041987	27042007	1		0	True	Not a guide: no PAM, mismatch/bulge screen or donor genotype
w11	NC_051836.1	27041988	27042008	1		0	True	Not a guide: no PAM, mismatch/bulge screen or donor genotype
w11	NC_051836.1	27041989	27042009	1		0	True	Not a guide: no PAM, mismatch/bulge screen or donor genotype
w11	NC_051836.1	27041990	27042010	1		0	True	Not a guide: no PAM, mismatch/bulge screen or donor genotype
w11	NC_051836.1	27041991	27042011	1		0	True	Not a guide: no PAM, mismatch/bulge screen or donor genotype
w11	NC_051836.1	27041992	27042012	1		0	True	Not a guide: no PAM, mismatch/bulge screen or donor genotype
w11	NC_051836.1	27041993	27042013	1		0	True	Not a guide: no PAM, mismatch/bulge screen or donor genotype
w11	NC_051836.1	27041994	27042014	1		0	True	Not a guide: no PAM, mismatch/bulge screen or donor genotype
w11	NC_051836.1	27041995	27042015	1		0	True	Not a guide: no PAM, mismatch/bulge screen or donor genotype
w11	NC_051836.1	27041996	27042016	1		0	True	Not a guide: no PAM, mismatch/bulge screen or donor genotype
w11	NC_051836.1	27041997	27042017	1		0	True	Not a guide: no PAM, mismatch/bulge screen or donor genotype
w11	NC_051836.1	27041998	27042018	1		0	True	Not a guide: no PAM, mismatch/bulge screen or donor genotype
w11	NC_051836.1	27041999	27042019	1		0	True	Not a guide: no PAM, mismatch/bulge screen or donor genotype
w11	NC_051836.1	27042000	27042020	1		0	True	Not a guide: no PAM, mismatch/bulge screen or donor genotype
w11	NC_051836.1	27042001	27042021	1		0	True	Not a guide: no PAM, mismatch/bulge screen or donor genotype
w11	NC_051836.1	27042002	27042022	1		0	True	Not a guide: no PAM, mismatch/bulge screen or donor genotype
w11	NC_051836.1	27042003	27042023	1		0	True	Not a guide: no PAM, mismatch/bulge screen or donor genotype
w11	NC_051836.1	27042004	27042024	1		0	True	Not a guide: no PAM, mismatch/bulge screen or donor genotype
w11	NC_051836.1	27042005	27042025	1		0	True	Not a guide: no PAM, mismatch/bulge screen or donor genotype
w11	NC_051836.1	27042006	27042026	1		0	True	Not a guide: no PAM, mismatch/bulge screen or donor genotype
w11	NC_051836.1	27042007	27042027	1		0	True	Not a guide: no PAM, mismatch/bulge screen or donor genotype
w11	NC_051836.1	27042008	27042028	1		0	True	Not a guide: no PAM, mismatch/bulge screen or donor genotype
w11	NC_051836.1	27042009	27042029	1		0	True	Not a guide: no PAM, mismatch/bulge screen or donor genotype
w11	NC_051836.1	27042010	27042030	1		0	True	Not a guide: no PAM, mismatch/bulge screen or donor genotype
w11	NC_051836.1	27042011	27042031	1		0	True	Not a guide: no PAM, mismatch/bulge screen or donor genotype
w11	NC_051836.1	27042012	27042032	1		0	True	Not a guide: no PAM, mismatch/bulge screen or donor genotype
w11	NC_051836.1	27042013	27042033	1		0	True	Not a guide: no PAM, mismatch/bulge screen or donor genotype
w11	NC_051836.1	27042014	27042034	1		0	True	Not a guide: no PAM, mismatch/bulge screen or donor genotype
w11	NC_051836.1	27042015	27042035	1		0	True	Not a guide: no PAM, mismatch/bulge screen or donor genotype
w11	NC_051836.1	27042016	27042036	1		0	True	Not a guide: no PAM, mismatch/bulge screen or donor genotype
w11	NC_051836.1	27042017	27042037	1		0	True	Not a guide: no PAM, mismatch/bulge screen or donor genotype
w11	NC_051836.1	27042018	27042038	1		0	True	Not a guide: no PAM, mismatch/bulge screen or donor genotype
w11	NC_051836.1	27042019	27042039	1		0	True	Not a guide: no PAM, mismatch/bulge screen or donor genotype
w11	NC_051836.1	27042020	27042040	1		0	True	Not a guide: no PAM, mismatch/bulge screen or donor genotype
w11	NC_051836.1	27042021	27042041	1		0	True	Not a guide: no PAM, mismatch/bulge screen or donor genotype
w11	NC_051836.1	27042022	27042042	1		0	True	Not a guide: no PAM, mismatch/bulge screen or donor genotype
w11	NC_051836.1	27042023	27042043	1		0	True	Not a guide: no PAM, mismatch/bulge screen or donor genotype
w11	NC_051836.1	27042024	27042044	1		0	True	Not a guide: no PAM, mismatch/bulge screen or donor genotype
w11	NC_051836.1	27042025	27042045	1		0	True	Not a guide: no PAM, mismatch/bulge screen or donor genotype
w11	NC_051836.1	27042026	27042046	1		0	True	Not a guide: no PAM, mismatch/bulge screen or donor genotype
w11	NC_051836.1	27042027	27042047	1		0	True	Not a guide: no PAM, mismatch/bulge screen or donor genotype
w11	NC_051836.1	27042028	27042048	1		0	True	Not a guide: no PAM, mismatch/bulge screen or donor genotype
w11	NC_051836.1	27042029	27042049	1		0	True	Not a guide: no PAM, mismatch/bulge screen or donor genotype
w11	NC_051836.1	27042030	27042050	1		0	True	Not a guide: no PAM, mismatch/bulge screen or donor genotype
w11	NC_051836.1	27042031	27042051	1		0	True	Not a guide: no PAM, mismatch/bulge screen or donor genotype
w11	NC_051836.1	27042032	27042052	1		0	True	Not a guide: no PAM, mismatch/bulge screen or donor genotype
w11	NC_051836.1	27042033	27042053	1		0	True	Not a guide: no PAM, mismatch/bulge screen or donor genotype
w11	NC_051836.1	27042034	27042054	1		0	True	Not a guide: no PAM, mismatch/bulge screen or donor genotype
w11	NC_051836.1	27042035	27042055	1		0	True	Not a guide: no PAM, mismatch/bulge screen or donor genotype
w11	NC_051836.1	27042036	27042056	1		0	True	Not a guide: no PAM, mismatch/bulge screen or donor genotype
w11	NC_051836.1	27042037	27042057	1		0	True	Not a guide: no PAM, mismatch/bulge screen or donor genotype
w11	NC_051836.1	27042038	27042058	1		0	True	Not a guide: no PAM, mismatch/bulge screen or donor genotype
w11	NC_051836.1	27042039	27042059	1		0	True	Not a guide: no PAM, mismatch/bulge screen or donor genotype
w11	NC_051836.1	27042040	27042060	1		0	True	Not a guide: no PAM, mismatch/bulge screen or donor genotype
w11	NC_051836.1	27042041	27042061	1		0	True	Not a guide: no PAM, mismatch/bulge screen or donor genotype
w11	NC_051836.1	27042042	27042062	1		0	True	Not a guide: no PAM, mismatch/bulge screen or donor genotype
w11	NC_051836.1	27042043	27042063	1		0	True	Not a guide: no PAM, mismatch/bulge screen or donor genotype
w11	NC_051836.1	27042044	27042064	1		0	True	Not a guide: no PAM, mismatch/bulge screen or donor genotype
w11	NC_051836.1	27042045	27042065	1		0	True	Not a guide: no PAM, mismatch/bulge screen or donor genotype
w11	NC_051836.1	27042046	27042066	1		0	True	Not a guide: no PAM, mismatch/bulge screen or donor genotype
w11	NC_051836.1	27042047	27042067	1		0	True	Not a guide: no PAM, mismatch/bulge screen or donor genotype
w11	NC_051836.1	27042048	27042068	1		0	True	Not a guide: no PAM, mismatch/bulge screen or donor genotype
w11	NC_051836.1	27042049	27042069	1		0	True	Not a guide: no PAM, mismatch/bulge screen or donor genotype
w11	NC_051836.1	27042050	27042070	1		0	True	Not a guide: no PAM, mismatch/bulge screen or donor genotype
w11	NC_051836.1	27042051	27042071	1		0	True	Not a guide: no PAM, mismatch/bulge screen or donor genotype
w11	NC_051836.1	27042052	27042072	1		0	True	Not a guide: no PAM, mismatch/bulge screen or donor genotype
w11	NC_051836.1	27042053	27042073	1		0	True	Not a guide: no PAM, mismatch/bulge screen or donor genotype
w11	NC_051836.1	27042054	27042074	1		0	True	Not a guide: no PAM, mismatch/bulge screen or donor genotype
w11	NC_051836.1	27042055	27042075	1		0	True	Not a guide: no PAM, mismatch/bulge screen or donor genotype
w11	NC_051836.1	27042056	27042076	1		0	True	Not a guide: no PAM, mismatch/bulge screen or donor genotype
w11	NC_051836.1	27042057	27042077	1		0	True	Not a guide: no PAM, mismatch/bulge screen or donor genotype
w11	NC_051836.1	27042058	27042078	1		0	True	Not a guide: no PAM, mismatch/bulge screen or donor genotype
w11	NC_051836.1	27042059	27042079	1		0	True	Not a guide: no PAM, mismatch/bulge screen or donor genotype
w11	NC_051836.1	27042060	27042080	1		0	True	Not a guide: no PAM, mismatch/bulge screen or donor genotype
w11	NC_051836.1	27042061	27042081	1		0	True	Not a guide: no PAM, mismatch/bulge screen or donor genotype
w11	NC_051836.1	27042062	27042082	1		0	True	Not a guide: no PAM, mismatch/bulge screen or donor genotype
w11	NC_051836.1	27042063	27042083	1	w11_1	1	False	Not a guide: no PAM, mismatch/bulge screen or donor genotype
w11	NC_051836.1	27042064	27042084	1	w11_1	1	False	Not a guide: no PAM, mismatch/bulge screen or donor genotype
w11	NC_051836.1	27042065	27042085	1	w11_1	1	False	Not a guide: no PAM, mismatch/bulge screen or donor genotype
w11	NC_051836.1	27042066	27042086	1	w11_0;w11_1	2	False	Not a guide: no PAM, mismatch/bulge screen or donor genotype
w11	NC_051836.1	27042067	27042087	1	w11_0;w11_1	2	False	Not a guide: no PAM, mismatch/bulge screen or donor genotype
w11	NC_051836.1	27042068	27042088	1	w11_0;w11_1	2	False	Not a guide: no PAM, mismatch/bulge screen or donor genotype
w11	NC_051836.1	27042069	27042089	1	w11_0;w11_1	2	False	Not a guide: no PAM, mismatch/bulge screen or donor genotype
w11	NC_051836.1	27042070	27042090	1	w11_0;w11_1	2	False	Not a guide: no PAM, mismatch/bulge screen or donor genotype
w11	NC_051836.1	27042071	27042091	1	w11_0;w11_1	2	False	Not a guide: no PAM, mismatch/bulge screen or donor genotype
w11	NC_051836.1	27042072	27042092	1	w11_0;w11_1	2	False	Not a guide: no PAM, mismatch/bulge screen or donor genotype
w11	NC_051836.1	27042073	27042093	1	w11_0;w11_1	2	False	Not a guide: no PAM, mismatch/bulge screen or donor genotype
w11	NC_051836.1	27042074	27042094	1	w11_0;w11_1	2	False	Not a guide: no PAM, mismatch/bulge screen or donor genotype
w11	NC_051836.1	27042075	27042095	1	w11_0;w11_1	2	False	Not a guide: no PAM, mismatch/bulge screen or donor genotype
w11	NC_051836.1	27042076	27042096	1	w11_0;w11_1	2	False	Not a guide: no PAM, mismatch/bulge screen or donor genotype
w11	NC_051836.1	27042077	27042097	1	w11_0;w11_1	2	False	Not a guide: no PAM, mismatch/bulge screen or donor genotype
w11	NC_051836.1	27042078	27042098	1	w11_0;w11_1	2	False	Not a guide: no PAM, mismatch/bulge screen or donor genotype
w11	NC_051836.1	27042079	27042099	1	w11_0;w11_1	2	False	Not a guide: no PAM, mismatch/bulge screen or donor genotype
w11	NC_051836.1	27042080	27042100	1	w11_0;w11_1	2	False	Not a guide: no PAM, mismatch/bulge screen or donor genotype
w11	NC_051836.1	27042081	27042101	1	w11_0;w11_1	2	False	Not a guide: no PAM, mismatch/bulge screen or donor genotype
w11	NC_051836.1	27042082	27042102	1	w11_0;w11_1	2	False	Not a guide: no PAM, mismatch/bulge screen or donor genotype
w11	NC_051836.1	27042083	27042103	1	w11_0	1	False	Not a guide: no PAM, mismatch/bulge screen or donor genotype
w11	NC_051836.1	27042084	27042104	1	w11_0	1	False	Not a guide: no PAM, mismatch/bulge screen or donor genotype
w11	NC_051836.1	27042085	27042105	1	w11_0	1	False	Not a guide: no PAM, mismatch/bulge screen or donor genotype
w11	NC_051836.1	27042086	27042106	1		0	True	Not a guide: no PAM, mismatch/bulge screen or donor genotype
w11	NC_051836.1	27042087	27042107	1		0	True	Not a guide: no PAM, mismatch/bulge screen or donor genotype
w11	NC_051836.1	27042088	27042108	1		0	True	Not a guide: no PAM, mismatch/bulge screen or donor genotype
w11	NC_051836.1	27042089	27042109	1		0	True	Not a guide: no PAM, mismatch/bulge screen or donor genotype
w11	NC_051836.1	27042090	27042110	1		0	True	Not a guide: no PAM, mismatch/bulge screen or donor genotype
w11	NC_051836.1	27042091	27042111	1		0	True	Not a guide: no PAM, mismatch/bulge screen or donor genotype
w11	NC_051836.1	27042092	27042112	1		0	True	Not a guide: no PAM, mismatch/bulge screen or donor genotype
w11	NC_051836.1	27042093	27042113	1		0	True	Not a guide: no PAM, mismatch/bulge screen or donor genotype
w11	NC_051836.1	27042094	27042114	1		0	True	Not a guide: no PAM, mismatch/bulge screen or donor genotype
w11	NC_051836.1	27042095	27042115	1		0	True	Not a guide: no PAM, mismatch/bulge screen or donor genotype
w11	NC_051836.1	27042096	27042116	1		0	True	Not a guide: no PAM, mismatch/bulge screen or donor genotype
w11	NC_051836.1	27042097	27042117	1		0	True	Not a guide: no PAM, mismatch/bulge screen or donor genotype
w11	NC_051836.1	27042098	27042118	1		0	True	Not a guide: no PAM, mismatch/bulge screen or donor genotype
w11	NC_051836.1	27042099	27042119	1		0	True	Not a guide: no PAM, mismatch/bulge screen or donor genotype
w11	NC_051836.1	27042100	27042120	1		0	True	Not a guide: no PAM, mismatch/bulge screen or donor genotype
w11	NC_051836.1	27042101	27042121	1		0	True	Not a guide: no PAM, mismatch/bulge screen or donor genotype
w11	NC_051836.1	27042102	27042122	1		0	True	Not a guide: no PAM, mismatch/bulge screen or donor genotype
w11	NC_051836.1	27042103	27042123	1		0	True	Not a guide: no PAM, mismatch/bulge screen or donor genotype
w11	NC_051836.1	27042104	27042124	1		0	True	Not a guide: no PAM, mismatch/bulge screen or donor genotype
w11	NC_051836.1	27042105	27042125	1		0	True	Not a guide: no PAM, mismatch/bulge screen or donor genotype
w11	NC_051836.1	27042106	27042126	1		0	True	Not a guide: no PAM, mismatch/bulge screen or donor genotype
w11	NC_051836.1	27042107	27042127	1		0	True	Not a guide: no PAM, mismatch/bulge screen or donor genotype
w11	NC_051836.1	27042108	27042128	1		0	True	Not a guide: no PAM, mismatch/bulge screen or donor genotype
w11	NC_051836.1	27042109	27042129	1		0	True	Not a guide: no PAM, mismatch/bulge screen or donor genotype
w11	NC_051836.1	27042110	27042130	1		0	True	Not a guide: no PAM, mismatch/bulge screen or donor genotype
w11	NC_051836.1	27042111	27042131	1		0	True	Not a guide: no PAM, mismatch/bulge screen or donor genotype
w11	NC_051836.1	27042112	27042132	1		0	True	Not a guide: no PAM, mismatch/bulge screen or donor genotype
w11	NC_051836.1	27042113	27042133	1		0	True	Not a guide: no PAM, mismatch/bulge screen or donor genotype
w11	NC_051836.1	27042114	27042134	1		0	True	Not a guide: no PAM, mismatch/bulge screen or donor genotype
w11	NC_051836.1	27042115	27042135	1		0	True	Not a guide: no PAM, mismatch/bulge screen or donor genotype
w11	NC_051836.1	27042116	27042136	1		0	True	Not a guide: no PAM, mismatch/bulge screen or donor genotype
w11	NC_051836.1	27042117	27042137	1		0	True	Not a guide: no PAM, mismatch/bulge screen or donor genotype
w11	NC_051836.1	27042118	27042138	1		0	True	Not a guide: no PAM, mismatch/bulge screen or donor genotype
w11	NC_051836.1	27042119	27042139	1		0	True	Not a guide: no PAM, mismatch/bulge screen or donor genotype
w11	NC_051836.1	27042120	27042140	1		0	True	Not a guide: no PAM, mismatch/bulge screen or donor genotype
w11	NC_051836.1	27042121	27042141	1		0	True	Not a guide: no PAM, mismatch/bulge screen or donor genotype
w11	NC_051836.1	27042122	27042142	1		0	True	Not a guide: no PAM, mismatch/bulge screen or donor genotype
w11	NC_051836.1	27042123	27042143	1		0	True	Not a guide: no PAM, mismatch/bulge screen or donor genotype
w11	NC_051836.1	27042124	27042144	1		0	True	Not a guide: no PAM, mismatch/bulge screen or donor genotype
w11	NC_051836.1	27042125	27042145	1		0	True	Not a guide: no PAM, mismatch/bulge screen or donor genotype
w11	NC_051836.1	27042126	27042146	1		0	True	Not a guide: no PAM, mismatch/bulge screen or donor genotype
w11	NC_051836.1	27042127	27042147	1		0	True	Not a guide: no PAM, mismatch/bulge screen or donor genotype
w11	NC_051836.1	27042128	27042148	1		0	True	Not a guide: no PAM, mismatch/bulge screen or donor genotype
w11	NC_051836.1	27042129	27042149	1		0	True	Not a guide: no PAM, mismatch/bulge screen or donor genotype
w11	NC_051836.1	27042130	27042150	1		0	True	Not a guide: no PAM, mismatch/bulge screen or donor genotype
w11	NC_051836.1	27042131	27042151	1		0	True	Not a guide: no PAM, mismatch/bulge screen or donor genotype
w11	NC_051836.1	27042132	27042152	1		0	True	Not a guide: no PAM, mismatch/bulge screen or donor genotype
w11	NC_051836.1	27042133	27042153	1		0	True	Not a guide: no PAM, mismatch/bulge screen or donor genotype
w11	NC_051836.1	27042134	27042154	1		0	True	Not a guide: no PAM, mismatch/bulge screen or donor genotype
w11	NC_051836.1	27042135	27042155	1	w11_18	1	False	Not a guide: no PAM, mismatch/bulge screen or donor genotype
w11	NC_051836.1	27042136	27042156	1	w11_18	1	False	Not a guide: no PAM, mismatch/bulge screen or donor genotype
w11	NC_051836.1	27042137	27042157	1	w11_18	1	False	Not a guide: no PAM, mismatch/bulge screen or donor genotype
w11	NC_051836.1	27042138	27042158	2	w11_18	1	False	Not a guide: no PAM, mismatch/bulge screen or donor genotype
w11	NC_051836.1	27042139	27042159	1	w11_18	1	False	Not a guide: no PAM, mismatch/bulge screen or donor genotype
w11	NC_051836.1	27042140	27042160	2	w11_18	1	False	Not a guide: no PAM, mismatch/bulge screen or donor genotype
w11	NC_051836.1	27042141	27042161	1	w11_18	1	False	Not a guide: no PAM, mismatch/bulge screen or donor genotype
