symbol	ROS_gene_id
A2ML1	gene-A2ML1
A3GALT2	gene-A3GALT2
A4GALT	gene-A4GALT
AAAS	gene-AAAS
AAGAB	gene-AAGAB
AAK1	gene-AAK1
AAMDC	gene-AAMDC
AAMP	gene-AAMP
AAR2	gene-AAR2
AARS1	gene-AARS1
AARS2	gene-AARS2
AASDH	gene-AASDH
AASDHPPT	gene-AASDHPPT
AATF	gene-AATF
ABAT	gene-ABAT
ABCA1	gene-ABCA1
ABCA12	gene-ABCA12
ABCA3	gene-ABCA3
ABCA5	gene-ABCA5
ABCA7	gene-ABCA7
ABCB1	gene-ABCB1
ABCB10	gene-ABCB10
ABCB4	gene-ABCB4
ABCB6	gene-ABCB6
ABCB7	gene-ABCB7
ABCB8	gene-ABCB8
ABCB9	gene-ABCB9
ABCC1	gene-ABCC1
ABCC10	gene-ABCC10
ABCC3	gene-ABCC3
ABCC4	gene-ABCC4
ABCC5	gene-ABCC5
ABCC6	gene-ABCC6
ABCC8	gene-ABCC8
ABCC9	gene-ABCC9
ABCD1	gene-ABCD1
ABCD2	gene-ABCD2
ABCD3	gene-ABCD3
ABCD4	gene-ABCD4
ABCE1	gene-ABCE1
ABCF1	gene-ABCF1
ABCF3	gene-ABCF3
ABCG1	gene-ABCG1
ABCG2	gene-ABCG2
ABCG4	gene-ABCG4
ABHD1	gene-ABHD1
ABHD10	gene-ABHD10
ABHD11	gene-ABHD11
ABHD12	gene-ABHD12
ABHD13	gene-ABHD13
ABHD14B	gene-ABHD14B
ABHD15	gene-ABHD15
ABHD16A	gene-ABHD16A
ABHD16B	gene-ABHD16B
ABHD17A	gene-ABHD17A
ABHD17B	gene-ABHD17B
ABHD18	gene-ABHD18
ABHD2	gene-ABHD2
ABHD3	gene-ABHD3
ABHD4	gene-ABHD4
ABHD5	gene-ABHD5
ABHD6	gene-ABHD6
ABHD8	gene-ABHD8
ABI1	gene-ABI1
ABI2	gene-ABI2
ABI3	gene-ABI3
ABITRAM	gene-ABITRAM
ABL1	gene-ABL1
ABL2	gene-ABL2
ABLIM1	gene-ABLIM1
ABLIM2	gene-ABLIM2
ABLIM3	gene-ABLIM3
ABO	gene-ABO
ABR	gene-ABR
ABRACL	gene-ABRACL
ABRAXAS1	gene-ABRAXAS1
ABRAXAS2	gene-ABRAXAS2
ABT1	gene-ABT1
ABTB1	gene-ABTB1
ABTB2	gene-ABTB2
ACAA1	gene-ACAA1
ACACA	gene-ACACA
ACACB	gene-ACACB
ACAD11	gene-ACAD11
ACAD8	gene-ACAD8
ACAD9	gene-ACAD9
ACADL	gene-ACADL
ACADM	gene-ACADM
ACADS	gene-ACADS
ACADSB	gene-ACADSB
ACADVL	gene-ACADVL
ACAN	gene-ACAN
ACAP1	gene-ACAP1
ACAP2	gene-ACAP2
ACAP3	gene-ACAP3
ACAT1	gene-ACAT1
ACAT2	gene-ACAT2
ACBD3	gene-ACBD3
ACBD4	gene-ACBD4
ACBD5	gene-ACBD5
ACBD6	gene-ACBD6
ACCS	gene-ACCS
ACD	gene-ACD
ACE	gene-ACE
ACE2	gene-ACE2
ACER2	gene-ACER2
ACER3	gene-ACER3
ACHE	gene-ACHE
ACIN1	gene-ACIN1
ACKR2	gene-ACKR2
ACKR3	gene-ACKR3
ACKR4	gene-ACKR4
ACLY	gene-ACLY
ACO1	gene-ACO1
ACO2	gene-ACO2
ACOD1	gene-ACOD1
ACOT11	gene-ACOT11
ACOT13	gene-ACOT13
ACOT6	gene-ACOT6
ACOT7	gene-ACOT7
ACOT8	gene-ACOT8
ACOT9	gene-ACOT9
ACOX1	gene-ACOX1
ACOX3	gene-ACOX3
ACOXL	gene-ACOXL
ACP2	gene-ACP2
ACP3	gene-ACP3
ACP5	gene-ACP5
ACP6	gene-ACP6
ACRBP	gene-ACRBP
ACRV1	gene-ACRV1
ACSBG1	gene-ACSBG1
ACSBG2	gene-ACSBG2
ACSF2	gene-ACSF2
ACSF3	gene-ACSF3
ACSL1	gene-ACSL1
ACSL3	gene-ACSL3
ACSL4	gene-ACSL4
ACSL5	gene-ACSL5
ACSL6	gene-ACSL6
ACSS1	gene-ACSS1
ACSS2	gene-ACSS2
ACSS3	gene-ACSS3
ACTA1	gene-ACTA1
ACTA2	gene-ACTA2
ACTB	gene-ACTB
ACTC1	gene-ACTC1
ACTG1	gene-ACTG1
ACTL10	gene-ACTL10
ACTL6A	gene-ACTL6A
ACTL6B	gene-ACTL6B
ACTL7A	gene-ACTL7A
ACTL7B	gene-ACTL7B
ACTL8	gene-ACTL8
ACTN1	gene-ACTN1
ACTN2	gene-ACTN2
ACTN3	gene-ACTN3
ACTN4	gene-ACTN4
ACTR10	gene-ACTR10
ACTR1A	gene-ACTR1A
ACTR1B	gene-ACTR1B
ACTR2	gene-ACTR2
ACTR3	gene-ACTR3
ACTR3B	gene-ACTR3B
ACTR5	gene-ACTR5
ACTR6	gene-ACTR6
ACTR8	gene-ACTR8
ACVR1	gene-ACVR1
ACVR1B	gene-ACVR1B
ACVR1C	gene-ACVR1C
ACVR2A	gene-ACVR2A
ACVR2B	gene-ACVR2B
ACVRL1	gene-ACVRL1
ACYP1	gene-ACYP1
ACYP2	gene-ACYP2
ADA	gene-ADA
ADA2	gene-ADA2
ADAL	gene-ADAL
ADAM10	gene-ADAM10
ADAM11	gene-ADAM11
ADAM12	gene-ADAM12
ADAM15	gene-ADAM15
ADAM17	gene-ADAM17
ADAM19	gene-ADAM19
ADAM20	gene-ADAM20
ADAM21	gene-ADAM21
ADAM22	gene-ADAM22
ADAM8	gene-ADAM8
ADAM9	gene-ADAM9
ADAMTS1	gene-ADAMTS1
ADAMTS10	gene-ADAMTS10
ADAMTS13	gene-ADAMTS13
ADAMTS14	gene-ADAMTS14
ADAMTS17	gene-ADAMTS17
ADAMTS20	gene-ADAMTS20
ADAMTS4	gene-ADAMTS4
ADAMTS6	gene-ADAMTS6
ADAMTS7	gene-ADAMTS7
ADAMTS9	gene-ADAMTS9
ADAMTSL4	gene-ADAMTSL4
ADAMTSL5	gene-ADAMTSL5
ADAP1	gene-ADAP1
ADAP2	gene-ADAP2
ADAR	gene-ADAR
ADARB1	gene-ADARB1
ADARB2	gene-ADARB2
ADAT1	gene-ADAT1
ADAT2	gene-ADAT2
ADCK1	gene-ADCK1
ADCK2	gene-ADCK2
ADCK5	gene-ADCK5
ADCY1	gene-ADCY1
ADCY10	gene-ADCY10
ADCY2	gene-ADCY2
ADCY3	gene-ADCY3
ADCY4	gene-ADCY4
ADCY5	gene-ADCY5
ADCY6	gene-ADCY6
ADCY7	gene-ADCY7
ADCY9	gene-ADCY9
ADD1	gene-ADD1
ADD2	gene-ADD2
ADD3	gene-ADD3
ADGRA2	gene-ADGRA2
ADGRA3	gene-ADGRA3
ADGRB2	gene-ADGRB2
ADGRE1	gene-ADGRE1
ADGRE2	gene-ADGRE2
ADGRE3	gene-ADGRE3
ADGRE5	gene-ADGRE5
ADGRF3	gene-ADGRF3
ADGRG1	gene-ADGRG1
ADGRG2	gene-ADGRG2
ADGRG3	gene-ADGRG3
ADGRG5	gene-ADGRG5
ADGRG6	gene-ADGRG6
ADGRL1	gene-ADGRL1
ADGRL2	gene-ADGRL2
ADGRL3	gene-ADGRL3
ADGRV1	gene-ADGRV1
ADH4	gene-ADH4
ADH5	gene-ADH5
ADHFE1	gene-ADHFE1
ADIPOR1	gene-ADIPOR1
ADIPOR2	gene-ADIPOR2
ADIRF	gene-ADIRF
ADK	gene-ADK
ADM	gene-ADM
ADM2	gene-ADM2
ADM5	gene-ADM5
ADNP	gene-ADNP
ADNP2	gene-ADNP2
ADO	gene-ADO
ADORA2A	gene-ADORA2A
ADORA3	gene-ADORA3
ADPGK	gene-ADPGK
ADPRH	gene-ADPRH
ADPRM	gene-ADPRM
ADPRS	gene-ADPRS
ADRA1B	gene-ADRA1B
ADRA2A	gene-ADRA2A
ADRA2B	gene-ADRA2B
ADRA2C	gene-ADRA2C
ADRB1	gene-ADRB1
ADRB2	gene-ADRB2
ADRM1	gene-ADRM1
ADSS1	gene-ADSS1
ADSS2	gene-ADSS2
ADTRP	gene-ADTRP
AEBP2	gene-AEBP2
AEN	gene-AEN
AFAP1	gene-AFAP1
AFAP1L2	gene-AFAP1L2
AFDN	gene-AFDN
AFF1	gene-AFF1
AFF2	gene-AFF2
AFF3	gene-AFF3
AFF4	gene-AFF4
AFG1L	gene-AFG1L
AFG3L2	gene-AFG3L2
AFP	gene-AFP
AFTPH	gene-AFTPH
AGA	gene-AGA
AGAP1	gene-AGAP1
AGAP2	gene-AGAP2
AGAP3	gene-AGAP3
AGBL2	gene-AGBL2
AGBL3	gene-AGBL3
AGBL4	gene-AGBL4
AGBL5	gene-AGBL5
AGER	gene-AGER
AGFG1	gene-AGFG1
AGFG2	gene-AGFG2
AGGF1	gene-AGGF1
AGK	gene-AGK
AGL	gene-AGL
AGO1	gene-AGO1
AGO2	gene-AGO2
AGO3	gene-AGO3
AGO4	gene-AGO4
AGPAT1	gene-AGPAT1
AGPAT2	gene-AGPAT2
AGPAT3	gene-AGPAT3
AGPAT4	gene-AGPAT4
AGPAT5	gene-AGPAT5
AGPS	gene-AGPS
AGRN	gene-AGRN
AGT	gene-AGT
AGTPBP1	gene-AGTPBP1
AGTRAP	gene-AGTRAP
AHCTF1	gene-AHCTF1
AHCY	gene-AHCY
AHCYL1	gene-AHCYL1
AHCYL2	gene-AHCYL2
AHDC1	gene-AHDC1
AHI1	gene-AHI1
AHNAK	gene-AHNAK
AHR	gene-AHR
AHRR	gene-AHRR
AHSA1	gene-AHSA1
AICDA	gene-AICDA
AIDA	gene-AIDA
AIF1	gene-AIF1
AIF1L	gene-AIF1L
AIFM1	gene-AIFM1
AIFM2	gene-AIFM2
AIFM3	gene-AIFM3
AIG1	gene-AIG1
AIMP1	gene-AIMP1
AIP	gene-AIP
AIPL1	gene-AIPL1
AJUBA	gene-AJUBA
AK1	gene-AK1
AK2	gene-AK2
AK7	gene-AK7
AK8	gene-AK8
AKAP1	gene-AKAP1
AKAP10	gene-AKAP10
AKAP11	gene-AKAP11
AKAP12	gene-AKAP12
AKAP13	gene-AKAP13
AKAP3	gene-AKAP3
AKAP5	gene-AKAP5
AKAP7	gene-AKAP7
AKAP8	gene-AKAP8
AKAP9	gene-AKAP9
AKIP1	gene-AKIP1
AKIRIN1	gene-AKIRIN1
AKIRIN2	gene-AKIRIN2
AKNA	gene-AKNA
AKR1B1	gene-AKR1B1
AKR1E2	gene-AKR1E2
AKT1	gene-AKT1
AKT1S1	gene-AKT1S1
AKT2	gene-AKT2
AKT3	gene-AKT3
AKTIP	gene-AKTIP
ALAD	gene-ALAD
ALAS1	gene-ALAS1
ALAS2	gene-ALAS2
ALCAM	gene-ALCAM
ALDH16A1	gene-ALDH16A1
ALDH18A1	gene-ALDH18A1
ALDH1A1	gene-ALDH1A1
ALDH1A2	gene-ALDH1A2
ALDH1L2	gene-ALDH1L2
ALDH3A2	gene-ALDH3A2
ALDH3B1	gene-ALDH3B1
ALDH4A1	gene-ALDH4A1
ALDH5A1	gene-ALDH5A1
ALDH6A1	gene-ALDH6A1
ALDH7A1	gene-ALDH7A1
ALDH8A1	gene-ALDH8A1
ALDH9A1	gene-ALDH9A1
ALDOB	gene-ALDOB
ALDOC	gene-ALDOC
ALG11	gene-ALG11
ALG12	gene-ALG12
ALG14	gene-ALG14
ALG2	gene-ALG2
ALG3	gene-ALG3
ALG5	gene-ALG5
ALG6	gene-ALG6
ALG8	gene-ALG8
ALKBH1	gene-ALKBH1
ALKBH2	gene-ALKBH2
ALKBH3	gene-ALKBH3
ALKBH4	gene-ALKBH4
ALKBH5	gene-ALKBH5
ALKBH6	gene-ALKBH6
ALKBH7	gene-ALKBH7
ALMS1	gene-ALMS1
ALOX15	gene-ALOX15
ALOX15B	gene-ALOX15B
ALOXE3	gene-ALOXE3
ALPK1	gene-ALPK1
ALPK2	gene-ALPK2
ALPL	gene-ALPL
ALS2	gene-ALS2
ALX4	gene-ALX4
ALYREF	gene-ALYREF
AMBN	gene-AMBN
AMBRA1	gene-AMBRA1
AMD1	gene-AMD1
AMDHD1	gene-AMDHD1
AMFR	gene-AMFR
AMHR2	gene-AMHR2
AMIGO2	gene-AMIGO2
AMIGO3	gene-AMIGO3
AMMECR1	gene-AMMECR1
AMMECR1L	gene-AMMECR1L
AMOTL1	gene-AMOTL1
AMOTL2	gene-AMOTL2
AMPD2	gene-AMPD2
AMPD3	gene-AMPD3
AMPH	gene-AMPH
AMT	gene-AMT
AMZ2	gene-AMZ2
ANAPC1	gene-ANAPC1
ANAPC10	gene-ANAPC10
ANAPC11	gene-ANAPC11
ANAPC13	gene-ANAPC13
ANAPC15	gene-ANAPC15
ANAPC16	gene-ANAPC16
ANAPC2	gene-ANAPC2
ANAPC4	gene-ANAPC4
ANAPC5	gene-ANAPC5
ANAPC7	gene-ANAPC7
ANGEL1	gene-ANGEL1
ANGEL2	gene-ANGEL2
ANGPT1	gene-ANGPT1
ANGPT2	gene-ANGPT2
ANGPTL1	gene-ANGPTL1
ANGPTL2	gene-ANGPTL2
ANGPTL4	gene-ANGPTL4
ANGPTL6	gene-ANGPTL6
ANK2	gene-ANK2
ANK3	gene-ANK3
ANKAR	gene-ANKAR
ANKDD1A	gene-ANKDD1A
ANKFN1	gene-ANKFN1
ANKFY1	gene-ANKFY1
ANKH	gene-ANKH
ANKIB1	gene-ANKIB1
ANKLE1	gene-ANKLE1
ANKLE2	gene-ANKLE2
ANKMY1	gene-ANKMY1
ANKMY2	gene-ANKMY2
ANKRA2	gene-ANKRA2
ANKRD1	gene-ANKRD1
ANKRD10	gene-ANKRD10
ANKRD11	gene-ANKRD11
ANKRD12	gene-ANKRD12
ANKRD13A	gene-ANKRD13A
ANKRD13B	gene-ANKRD13B
ANKRD13C	gene-ANKRD13C
ANKRD13D	gene-ANKRD13D
ANKRD16	gene-ANKRD16
ANKRD17	gene-ANKRD17
ANKRD2	gene-ANKRD2
ANKRD22	gene-ANKRD22
ANKRD24	gene-ANKRD24
ANKRD27	gene-ANKRD27
ANKRD28	gene-ANKRD28
ANKRD29	gene-ANKRD29
ANKRD33B	gene-ANKRD33B
ANKRD34A	gene-ANKRD34A
ANKRD34B	gene-ANKRD34B
ANKRD34C	gene-ANKRD34C
ANKRD35	gene-ANKRD35
ANKRD37	gene-ANKRD37
ANKRD39	gene-ANKRD39
ANKRD40	gene-ANKRD40
ANKRD42	gene-ANKRD42
ANKRD44	gene-ANKRD44
ANKRD49	gene-ANKRD49
ANKRD50	gene-ANKRD50
ANKRD52	gene-ANKRD52
ANKRD53	gene-ANKRD53
ANKRD54	gene-ANKRD54
ANKRD55	gene-ANKRD55
ANKRD6	gene-ANKRD6
ANKRD61	gene-ANKRD61
ANKRD63	gene-ANKRD63
ANKRD9	gene-ANKRD9
ANKS1A	gene-ANKS1A
ANKS1B	gene-ANKS1B
ANKS3	gene-ANKS3
ANKS4B	gene-ANKS4B
ANKS6	gene-ANKS6
ANKZF1	gene-ANKZF1
ANLN	gene-ANLN
ANO1	gene-ANO1
ANO10	gene-ANO10
ANO3	gene-ANO3
ANO4	gene-ANO4
ANO6	gene-ANO6
ANO7	gene-ANO7
ANO8	gene-ANO8
ANO9	gene-ANO9
ANOS1	gene-ANOS1
ANP32A	gene-ANP32A
ANP32E	gene-ANP32E
ANTXR1	gene-ANTXR1
ANTXR2	gene-ANTXR2
ANXA1	gene-ANXA1
ANXA11	gene-ANXA11
ANXA2	gene-ANXA2
ANXA3	gene-ANXA3
ANXA4	gene-ANXA4
ANXA5	gene-ANXA5
ANXA6	gene-ANXA6
ANXA7	gene-ANXA7
ANXA9	gene-ANXA9
AOAH	gene-AOAH
AOC2	gene-AOC2
AOC3	gene-AOC3
AOX2	gene-AOX2
AP1AR	gene-AP1AR
AP1B1	gene-AP1B1
AP1M1	gene-AP1M1
AP1M2	gene-AP1M2
AP1S1	gene-AP1S1
AP1S2	gene-AP1S2
AP2A1	gene-AP2A1
AP2A2	gene-AP2A2
AP2B1	gene-AP2B1
AP2M1	gene-AP2M1
AP2S1	gene-AP2S1
AP3B1	gene-AP3B1
AP3B2	gene-AP3B2
AP3D1	gene-AP3D1
AP3M1	gene-AP3M1
AP3M2	gene-AP3M2
AP3S1	gene-AP3S1
AP3S2	gene-AP3S2
AP4B1	gene-AP4B1
AP4E1	gene-AP4E1
AP4M1	gene-AP4M1
AP4S1	gene-AP4S1
AP5B1	gene-AP5B1
AP5M1	gene-AP5M1
AP5S1	gene-AP5S1
AP5Z1	gene-AP5Z1
APAF1	gene-APAF1
APBA1	gene-APBA1
APBA3	gene-APBA3
APBB1	gene-APBB1
APBB1IP	gene-APBB1IP
APBB2	gene-APBB2
APBB3	gene-APBB3
APC	gene-APC
APC2	gene-APC2
APCDD1L	gene-APCDD1L
APEH	gene-APEH
APEX1	gene-APEX1
APEX2	gene-APEX2
APH1A	gene-APH1A
APH1B	gene-APH1B
API5	gene-API5
APIP	gene-APIP
APLF	gene-APLF
APLP1	gene-APLP1
APLP2	gene-APLP2
APMAP	gene-APMAP
APOA1	gene-APOA1
APOBEC2	gene-APOBEC2
APOBEC3Z3	gene-APOBEC3Z3
APOBR	gene-APOBR
APOC1	gene-APOC1
APOD	gene-APOD
APOE	gene-APOE
APOF	gene-APOF
APOL5	gene-APOL5
APOL6	gene-APOL6
APOLD1	gene-APOLD1
APOM	gene-APOM
APOOL	gene-APOOL
APP	gene-APP
APPBP2	gene-APPBP2
APPL1	gene-APPL1
APPL2	gene-APPL2
APRT	gene-APRT
APTX	gene-APTX
AQP1	gene-AQP1
AQP11	gene-AQP11
AQP2	gene-AQP2
AQP5	gene-AQP5
AQP6	gene-AQP6
AQR	gene-AQR
AR	gene-AR
ARAF	gene-ARAF
ARAP1	gene-ARAP1
ARAP2	gene-ARAP2
ARAP3	gene-ARAP3
ARCN1	gene-ARCN1
AREL1	gene-AREL1
ARF1	gene-ARF1
ARF4	gene-ARF4
ARF5	gene-ARF5
ARF6	gene-ARF6
ARFGAP1	gene-ARFGAP1
ARFGAP2	gene-ARFGAP2
ARFGAP3	gene-ARFGAP3
ARFGEF1	gene-ARFGEF1
ARFGEF2	gene-ARFGEF2
ARFGEF3	gene-ARFGEF3
ARFIP1	gene-ARFIP1
ARFIP2	gene-ARFIP2
ARFRP1	gene-ARFRP1
ARG1	gene-ARG1
ARG2	gene-ARG2
ARGLU1	gene-ARGLU1
ARHGAP1	gene-ARHGAP1
ARHGAP10	gene-ARHGAP10
ARHGAP12	gene-ARHGAP12
ARHGAP15	gene-ARHGAP15
ARHGAP17	gene-ARHGAP17
ARHGAP18	gene-ARHGAP18
ARHGAP21	gene-ARHGAP21
ARHGAP22	gene-ARHGAP22
ARHGAP23	gene-ARHGAP23
ARHGAP24	gene-ARHGAP24
ARHGAP26	gene-ARHGAP26
ARHGAP29	gene-ARHGAP29
ARHGAP30	gene-ARHGAP30
ARHGAP31	gene-ARHGAP31
ARHGAP32	gene-ARHGAP32
ARHGAP33	gene-ARHGAP33
ARHGAP35	gene-ARHGAP35
ARHGAP39	gene-ARHGAP39
ARHGAP4	gene-ARHGAP4
ARHGAP42	gene-ARHGAP42
ARHGAP45	gene-ARHGAP45
ARHGAP5	gene-ARHGAP5
ARHGAP6	gene-ARHGAP6
ARHGAP8	gene-ARHGAP8
ARHGDIA	gene-ARHGDIA
ARHGDIB	gene-ARHGDIB
ARHGDIG	gene-ARHGDIG
ARHGEF10	gene-ARHGEF10
ARHGEF10L	gene-ARHGEF10L
ARHGEF11	gene-ARHGEF11
ARHGEF12	gene-ARHGEF12
ARHGEF16	gene-ARHGEF16
ARHGEF17	gene-ARHGEF17
ARHGEF18	gene-ARHGEF18
ARHGEF19	gene-ARHGEF19
ARHGEF2	gene-ARHGEF2
ARHGEF25	gene-ARHGEF25
ARHGEF26	gene-ARHGEF26
ARHGEF28	gene-ARHGEF28
ARHGEF3	gene-ARHGEF3
ARHGEF33	gene-ARHGEF33
ARHGEF37	gene-ARHGEF37
ARHGEF39	gene-ARHGEF39
ARHGEF4	gene-ARHGEF4
ARHGEF40	gene-ARHGEF40
ARHGEF6	gene-ARHGEF6
ARHGEF7	gene-ARHGEF7
ARHGEF9	gene-ARHGEF9
ARID1A	gene-ARID1A
ARID1B	gene-ARID1B
ARID2	gene-ARID2
ARID3A	gene-ARID3A
ARID3B	gene-ARID3B
ARID4A	gene-ARID4A
ARID4B	gene-ARID4B
ARID5A	gene-ARID5A
ARID5B	gene-ARID5B
ARIH1	gene-ARIH1
ARIH2	gene-ARIH2
ARL1	gene-ARL1
ARL10	gene-ARL10
ARL13B	gene-ARL13B
ARL14EP	gene-ARL14EP
ARL15	gene-ARL15
ARL16	gene-ARL16
ARL2BP	gene-ARL2BP
ARL3	gene-ARL3
ARL4C	gene-ARL4C
ARL4D	gene-ARL4D
ARL5B	gene-ARL5B
ARL5C	gene-ARL5C
ARL6	gene-ARL6
ARL6IP4	gene-ARL6IP4
ARL6IP5	gene-ARL6IP5
ARL8B	gene-ARL8B
ARMC1	gene-ARMC1
ARMC10	gene-ARMC10
ARMC12	gene-ARMC12
ARMC2	gene-ARMC2
ARMC5	gene-ARMC5
ARMC6	gene-ARMC6
ARMC8	gene-ARMC8
ARMC9	gene-ARMC9
ARMCX2	gene-ARMCX2
ARMCX3	gene-ARMCX3
ARMCX4	gene-ARMCX4
ARMCX5	gene-ARMCX5
ARMH1	gene-ARMH1
ARMH3	gene-ARMH3
ARMH4	gene-ARMH4
ARMT1	gene-ARMT1
ARNT	gene-ARNT
ARNT2	gene-ARNT2
ARNTL	gene-ARNTL
ARNTL2	gene-ARNTL2
ARPC1A	gene-ARPC1A
ARPC1B	gene-ARPC1B
ARPC2	gene-ARPC2
ARPC3	gene-ARPC3
ARPC4	gene-ARPC4
ARPC5	gene-ARPC5
ARPC5L	gene-ARPC5L
ARPIN	gene-ARPIN
ARPP21	gene-ARPP21
ARRB1	gene-ARRB1
ARRB2	gene-ARRB2
ARRDC1	gene-ARRDC1
ARRDC2	gene-ARRDC2
ARRDC3	gene-ARRDC3
ARRDC4	gene-ARRDC4
ARRDC5	gene-ARRDC5
ARSA	gene-ARSA
ARSB	gene-ARSB
ARSG	gene-ARSG
ARSH	gene-ARSH
ARSK	gene-ARSK
ART3	gene-ART3
ARV1	gene-ARV1
ARVCF	gene-ARVCF
AS3MT	gene-AS3MT
ASAH1	gene-ASAH1
ASAP1	gene-ASAP1
ASAP2	gene-ASAP2
ASB1	gene-ASB1
ASB11	gene-ASB11
ASB13	gene-ASB13
ASB15	gene-ASB15
ASB16	gene-ASB16
ASB2	gene-ASB2
ASB3	gene-ASB3
ASB6	gene-ASB6
ASB7	gene-ASB7
ASB8	gene-ASB8
ASB9	gene-ASB9
ASCC1	gene-ASCC1
ASCC2	gene-ASCC2
ASCC3	gene-ASCC3
ASCL2	gene-ASCL2
ASCL3	gene-ASCL3
ASF1A	gene-ASF1A
ASH1L	gene-ASH1L
ASH2L	gene-ASH2L
ASIC1	gene-ASIC1
ASIC3	gene-ASIC3
ASIC5	gene-ASIC5
ASMTL	gene-ASMTL
ASNS	gene-ASNS
ASNSD1	gene-ASNSD1
ASPDH	gene-ASPDH
ASPH	gene-ASPH
ASPHD1	gene-ASPHD1
ASPHD2	gene-ASPHD2
ASPM	gene-ASPM
ASPN	gene-ASPN
ASPRV1	gene-ASPRV1
ASPSCR1	gene-ASPSCR1
ASRGL1	gene-ASRGL1
ASS1	gene-ASS1
ASTE1	gene-ASTE1
ASTL	gene-ASTL
ASXL1	gene-ASXL1
ASXL2	gene-ASXL2
ATAD1	gene-ATAD1
ATAD2	gene-ATAD2
ATAD2B	gene-ATAD2B
ATAD3A	gene-ATAD3A
ATAD5	gene-ATAD5
ATAT1	gene-ATAT1
ATCAY	gene-ATCAY
ATE1	gene-ATE1
ATF1	gene-ATF1
ATF2	gene-ATF2
ATF3	gene-ATF3
ATF4	gene-ATF4
ATF5	gene-ATF5
ATF6	gene-ATF6
ATF6B	gene-ATF6B
ATF7IP	gene-ATF7IP
ATF7IP2	gene-ATF7IP2
ATG10	gene-ATG10
ATG101	gene-ATG101
ATG12	gene-ATG12
ATG13	gene-ATG13
ATG14	gene-ATG14
ATG16L1	gene-ATG16L1
ATG16L2	gene-ATG16L2
ATG2A	gene-ATG2A
ATG2B	gene-ATG2B
ATG3	gene-ATG3
ATG4A	gene-ATG4A
ATG4B	gene-ATG4B
ATG4C	gene-ATG4C
ATG4D	gene-ATG4D
ATG5	gene-ATG5
ATG7	gene-ATG7
ATG9A	gene-ATG9A
ATG9B	gene-ATG9B
ATIC	gene-ATIC
ATL1	gene-ATL1
ATL2	gene-ATL2
ATL3	gene-ATL3
ATM	gene-ATM
ATMIN	gene-ATMIN
ATOH7	gene-ATOH7
ATOX1	gene-ATOX1
ATP10A	gene-ATP10A
ATP10D	gene-ATP10D
ATP11A	gene-ATP11A
ATP11B	gene-ATP11B
ATP11C	gene-ATP11C
ATP12A	gene-ATP12A
ATP13A1	gene-ATP13A1
ATP13A2	gene-ATP13A2
ATP13A3	gene-ATP13A3
ATP13A4	gene-ATP13A4
ATP13A5	gene-ATP13A5
ATP1A1	gene-ATP1A1
ATP1A3	gene-ATP1A3
ATP1B1	gene-ATP1B1
ATP1B2	gene-ATP1B2
ATP1B3	gene-ATP1B3
ATP23	gene-ATP23
ATP2A1	gene-ATP2A1
ATP2A2	gene-ATP2A2
ATP2A3	gene-ATP2A3
ATP2B1	gene-ATP2B1
ATP2B2	gene-ATP2B2
ATP2B4	gene-ATP2B4
ATP2C1	gene-ATP2C1
ATP2C2	gene-ATP2C2
ATP4A	gene-ATP4A
ATP5F1A	gene-ATP5F1A
ATP5F1B	gene-ATP5F1B
ATP5F1C	gene-ATP5F1C
ATP5F1D	gene-ATP5F1D
ATP5IF1	gene-ATP5IF1
ATP5MC1	gene-ATP5MC1
ATP5PF	gene-ATP5PF
ATP6AP1	gene-ATP6AP1
ATP6AP2	gene-ATP6AP2
ATP6V0A1	gene-ATP6V0A1
ATP6V0A2	gene-ATP6V0A2
ATP6V0B	gene-ATP6V0B
ATP6V0D1	gene-ATP6V0D1
ATP6V0E1	gene-ATP6V0E1
ATP6V1A	gene-ATP6V1A
ATP6V1B1	gene-ATP6V1B1
ATP6V1B2	gene-ATP6V1B2
ATP6V1C1	gene-ATP6V1C1
ATP6V1D	gene-ATP6V1D
ATP6V1F	gene-ATP6V1F
ATP6V1FNB	gene-ATP6V1FNB
ATP6V1G2	gene-ATP6V1G2
ATP6V1H	gene-ATP6V1H
ATP7A	gene-ATP7A
ATP7B	gene-ATP7B
ATP8A1	gene-ATP8A1
ATP8B1	gene-ATP8B1
ATP8B2	gene-ATP8B2
ATP8B4	gene-ATP8B4
ATP9A	gene-ATP9A
ATP9B	gene-ATP9B
ATPAF1	gene-ATPAF1
ATPAF2	gene-ATPAF2
ATPSCKMT	gene-ATPSCKMT
ATR	gene-ATR
ATRAID	gene-ATRAID
ATRIP	gene-ATRIP
ATRN	gene-ATRN
ATRNL1	gene-ATRNL1
ATRX	gene-ATRX
ATXN1	gene-ATXN1
ATXN10	gene-ATXN10
ATXN1L	gene-ATXN1L
ATXN2	gene-ATXN2
ATXN2L	gene-ATXN2L
ATXN7	gene-ATXN7
ATXN7L1	gene-ATXN7L1
ATXN7L2	gene-ATXN7L2
ATXN7L3	gene-ATXN7L3
AUH	gene-AUH
AUNIP	gene-AUNIP
AUP1	gene-AUP1
AURKA	gene-AURKA
AURKAIP1	gene-AURKAIP1
AURKB	gene-AURKB
AUTS2	gene-AUTS2
AVEN	gene-AVEN
AVL9	gene-AVL9
AVPI1	gene-AVPI1
AVPR2	gene-AVPR2
AXDND1	gene-AXDND1
AXIN1	gene-AXIN1
AXIN2	gene-AXIN2
AXL	gene-AXL
AZI2	gene-AZI2
AZIN1	gene-AZIN1
AZIN2	gene-AZIN2
B2M	gene-B2M
B3GALNT2	gene-B3GALNT2
B3GALT2	gene-B3GALT2
B3GALT6	gene-B3GALT6
B3GAT2	gene-B3GAT2
B3GAT3	gene-B3GAT3
B3GLCT	gene-B3GLCT
B3GNT2	gene-B3GNT2
B3GNT3	gene-B3GNT3
B3GNT4	gene-B3GNT4
B3GNT5	gene-B3GNT5
B3GNT9	gene-B3GNT9
B3GNTL1	gene-B3GNTL1
B4GALNT3	gene-B4GALNT3
B4GALNT4	gene-B4GALNT4
B4GALT1	gene-B4GALT1
B4GALT2	gene-B4GALT2
B4GALT3	gene-B4GALT3
B4GALT4	gene-B4GALT4
B4GALT5	gene-B4GALT5
B4GALT6	gene-B4GALT6
B4GALT7	gene-B4GALT7
B4GAT1	gene-B4GAT1
B9D1	gene-B9D1
BABAM1	gene-BABAM1
BABAM2	gene-BABAM2
BACE1	gene-BACE1
BACE2	gene-BACE2
BACH1	gene-BACH1
BACH2	gene-BACH2
BAD	gene-BAD
BAG1	gene-BAG1
BAG2	gene-BAG2
BAG3	gene-BAG3
BAG4	gene-BAG4
BAG5	gene-BAG5
BAG6	gene-BAG6
BAHCC1	gene-BAHCC1
BAHD1	gene-BAHD1
BAIAP2	gene-BAIAP2
BAIAP2L1	gene-BAIAP2L1
BAIAP3	gene-BAIAP3
BAK1	gene-BAK1
BAMBI	gene-BAMBI
BANK1	gene-BANK1
BANP	gene-BANP
BAP1	gene-BAP1
BARD1	gene-BARD1
BARHL1	gene-BARHL1
BARX1	gene-BARX1
BASP1	gene-BASP1
BATF2	gene-BATF2
BATF3	gene-BATF3
BAX	gene-BAX
BAZ1A	gene-BAZ1A
BAZ1B	gene-BAZ1B
BAZ2A	gene-BAZ2A
BAZ2B	gene-BAZ2B
BBC3	gene-BBC3
BBIP1	gene-BBIP1
BBLN	gene-BBLN
BBOF1	gene-BBOF1
BBS10	gene-BBS10
BBS12	gene-BBS12
BBS5	gene-BBS5
BBS7	gene-BBS7
BBS9	gene-BBS9
BBX	gene-BBX
BCAM	gene-BCAM
BCAP29	gene-BCAP29
BCAP31	gene-BCAP31
BCAR1	gene-BCAR1
BCAR3	gene-BCAR3
BCAS1	gene-BCAS1
BCAS2	gene-BCAS2
BCAS3	gene-BCAS3
BCAT1	gene-BCAT1
BCAT2	gene-BCAT2
BCCIP	gene-BCCIP
BCDIN3D	gene-BCDIN3D
BCHE	gene-BCHE
BCKDHB	gene-BCKDHB
BCKDK	gene-BCKDK
BCL10	gene-BCL10
BCL11A	gene-BCL11A
BCL11B	gene-BCL11B
BCL2	gene-BCL2
BCL2A1	gene-BCL2A1
BCL2L1	gene-BCL2L1
BCL2L11	gene-BCL2L11
BCL2L13	gene-BCL2L13
BCL2L14	gene-BCL2L14
BCL2L15	gene-BCL2L15
BCL3	gene-BCL3
BCL6	gene-BCL6
BCL6B	gene-BCL6B
BCL7A	gene-BCL7A
BCL7B	gene-BCL7B
BCL7C	gene-BCL7C
BCL9	gene-BCL9
BCL9L	gene-BCL9L
BCLAF1	gene-BCLAF1
BCLAF3	gene-BCLAF3
BCO1	gene-BCO1
BCOR	gene-BCOR
BCORL1	gene-BCORL1
BCR	gene-BCR
BCS1L	gene-BCS1L
BDH1	gene-BDH1
BDH2	gene-BDH2
BDKRB2	gene-BDKRB2
BDP1	gene-BDP1
BEAN1	gene-BEAN1
BECN1	gene-BECN1
BEGAIN	gene-BEGAIN
BEND3	gene-BEND3
BEND4	gene-BEND4
BEND6	gene-BEND6
BEND7	gene-BEND7
BET1	gene-BET1
BET1L	gene-BET1L
BEX3	gene-BEX3
BEX5	gene-BEX5
BFAR	gene-BFAR
BFSP1	gene-BFSP1
BGN	gene-BGN
BHLHA15	gene-BHLHA15
BHLHB9	gene-BHLHB9
BHLHE40	gene-BHLHE40
BICC1	gene-BICC1
BICD1	gene-BICD1
BICD2	gene-BICD2
BICDL1	gene-BICDL1
BICDL2	gene-BICDL2
BICRAL	gene-BICRAL
BID	gene-BID
BIN1	gene-BIN1
BIN2	gene-BIN2
BIN3	gene-BIN3
BIRC2	gene-BIRC2
BIRC3	gene-BIRC3
BIRC6	gene-BIRC6
BLCAP	gene-BLCAP
BLK	gene-BLK
BLM	gene-BLM
BLMH	gene-BLMH
BLNK	gene-BLNK
BLOC1S2	gene-BLOC1S2
BLOC1S3	gene-BLOC1S3
BLOC1S4	gene-BLOC1S4
BLOC1S5	gene-BLOC1S5
BLOC1S6	gene-BLOC1S6
BLVRA	gene-BLVRA
BLVRB	gene-BLVRB
BLZF1	gene-BLZF1
BMERB1	gene-BMERB1
BMF	gene-BMF
BMP1	gene-BMP1
BMP2	gene-BMP2
BMP2K	gene-BMP2K
BMP4	gene-BMP4
BMP6	gene-BMP6
BMP7	gene-BMP7
BMPER	gene-BMPER
BMPR1A	gene-BMPR1A
BMPR2	gene-BMPR2
BMS1	gene-BMS1
BMT2	gene-BMT2
BNIP1	gene-BNIP1
BNIP2	gene-BNIP2
BNIP3	gene-BNIP3
BNIPL	gene-BNIPL
BOC	gene-BOC
BOD1L1	gene-BOD1L1
BOLA1	gene-BOLA1
BOLA3	gene-BOLA3
BORA	gene-BORA
BORCS5	gene-BORCS5
BORCS6	gene-BORCS6
BORCS8	gene-BORCS8
BPGM	gene-BPGM
BPHL	gene-BPHL
BPI	gene-BPI
BPIFB4	gene-BPIFB4
BPIFC	gene-BPIFC
BPNT1	gene-BPNT1
BPNT2	gene-BPNT2
BPTF	gene-BPTF
BRAF	gene-BRAF
BRAP	gene-BRAP
BRAT1	gene-BRAT1
BRCA1	gene-BRCA1
BRCA2	gene-BRCA2
BRCC3	gene-BRCC3
BRD1	gene-BRD1
BRD2	gene-BRD2
BRD3	gene-BRD3
BRD4	gene-BRD4
BRD7	gene-BRD7
BRD8	gene-BRD8
BRD9	gene-BRD9
BRF1	gene-BRF1
BRF2	gene-BRF2
BRI3	gene-BRI3
BRICD5	gene-BRICD5
BRIP1	gene-BRIP1
BRIX1	gene-BRIX1
BRK1	gene-BRK1
BRME1	gene-BRME1
BRMS1	gene-BRMS1
BRMS1L	gene-BRMS1L
BROX	gene-BROX
BRPF1	gene-BRPF1
BRPF3	gene-BRPF3
BRSK1	gene-BRSK1
BRSK2	gene-BRSK2
BRWD1	gene-BRWD1
BRWD3	gene-BRWD3
BSCL2	gene-BSCL2
BSDC1	gene-BSDC1
BSG	gene-BSG
BSN	gene-BSN
BSND	gene-BSND
BSPRY	gene-BSPRY
BST1	gene-BST1
BST2	gene-BST2
BTAF1	gene-BTAF1
BTBD1	gene-BTBD1
BTBD10	gene-BTBD10
BTBD11	gene-BTBD11
BTBD16	gene-BTBD16
BTBD18	gene-BTBD18
BTBD19	gene-BTBD19
BTBD2	gene-BTBD2
BTBD3	gene-BTBD3
BTBD6	gene-BTBD6
BTBD7	gene-BTBD7
BTBD8	gene-BTBD8
BTBD9	gene-BTBD9
BTD	gene-BTD
BTF3	gene-BTF3
BTF3L4	gene-BTF3L4
BTG1	gene-BTG1
BTG2	gene-BTG2
BTG3	gene-BTG3
BTK	gene-BTK
BTLA	gene-BTLA
BTN1A1	gene-BTN1A1
BTNL2	gene-BTNL2
BTRC	gene-BTRC
BUB1	gene-BUB1
BUB1B	gene-BUB1B
BUB3	gene-BUB3
BUD13	gene-BUD13
BUD23	gene-BUD23
BYSL	gene-BYSL
BZW1	gene-BZW1
BZW2	gene-BZW2
C10H12orf45	gene-C10H12orf45
C10H12orf56	gene-C10H12orf56
C10H12orf66	gene-C10H12orf66
C10H22orf23	gene-C10H22orf23
C10H2orf42	gene-C10H2orf42
C10H2orf49	gene-C10H2orf49
C11H5orf15	gene-C11H5orf15
C11H5orf24	gene-C11H5orf24
C11H5orf63	gene-C11H5orf63
C11H9orf131	gene-C11H9orf131
C11H9orf152	gene-C11H9orf152
C11H9orf43	gene-C11H9orf43
C11H9orf72	gene-C11H9orf72
C12H6orf120	gene-C12H6orf120
C12H6orf136	gene-C12H6orf136
C12H6orf89	gene-C12H6orf89
C14H1orf35	gene-C14H1orf35
C15H12orf29	gene-C15H12orf29
C15H12orf73	gene-C15H12orf73
C15H16orf87	gene-C15H16orf87
C15H1orf109	gene-C15H1orf109
C15H1orf122	gene-C15H1orf122
C15H1orf185	gene-C15H1orf185
C15H1orf216	gene-C15H1orf216
C15H1orf50	gene-C15H1orf50
C15H4orf46	gene-C15H4orf46
C16H4orf47	gene-C16H4orf47
C16H8orf48	gene-C16H8orf48
C17H1orf162	gene-C17H1orf162
C17H1orf56	gene-C17H1orf56
C17H2orf68	gene-C17H2orf68
C18H11orf24	gene-C18H11orf24
C18H11orf49	gene-C18H11orf49
C18H11orf91	gene-C18H11orf91
C18H11orf95	gene-C18H11orf95
C18H7orf57	gene-C18H7orf57
C19H2orf76	gene-C19H2orf76
C19H4orf33	gene-C19H4orf33
C1D	gene-C1D
C1GALT1	gene-C1GALT1
C1GALT1C1	gene-C1GALT1C1
C1H18orf54	gene-C1H18orf54
C1H19orf12	gene-C1H19orf12
C1H19orf47	gene-C1H19orf47
C1H19orf54	gene-C1H19orf54
C1H9orf40	gene-C1H9orf40
C1H9orf64	gene-C1H9orf64
C1H9orf85	gene-C1H9orf85
C1QA	gene-C1QA
C1QB	gene-C1QB
C1QBP	gene-C1QBP
C1QC	gene-C1QC
C1QL1	gene-C1QL1
C1QL3	gene-C1QL3
C1QL4	gene-C1QL4
C1QTNF1	gene-C1QTNF1
C1QTNF12	gene-C1QTNF12
C1QTNF6	gene-C1QTNF6
C1R	gene-C1R
C1RL	gene-C1RL
C1S	gene-C1S
C2	gene-C2
C20H19orf44	gene-C20H19orf44
C20H19orf53	gene-C20H19orf53
C20H19orf71	gene-C20H19orf71
C20H3orf18	gene-C20H3orf18
C20H3orf62	gene-C20H3orf62
C21H11orf16	gene-C21H11orf16
C21H11orf42	gene-C21H11orf42
C21H11orf54	gene-C21H11orf54
C23H3orf33	gene-C23H3orf33
C24H20orf194	gene-C24H20orf194
C24H20orf96	gene-C24H20orf96
C26H12orf65	gene-C26H12orf65
C26H22orf39	gene-C26H22orf39
C27H12orf4	gene-C27H12orf4
C27H12orf57	gene-C27H12orf57
C28H10orf90	gene-C28H10orf90
C29H8orf37	gene-C29H8orf37
C2CD2	gene-C2CD2
C2CD2L	gene-C2CD2L
C2CD3	gene-C2CD3
C2CD5	gene-C2CD5
C2CD6	gene-C2CD6
C3	gene-C3
C30H15orf39	gene-C30H15orf39
C30H15orf48	gene-C30H15orf48
C30H15orf61	gene-C30H15orf61
C30H15orf62	gene-C30H15orf62
C31H21orf58	gene-C31H21orf58
C31H21orf91	gene-C31H21orf91
C32H4orf36	gene-C32H4orf36
C32H4orf54	gene-C32H4orf54
C33H3orf38	gene-C33H3orf38
C33H3orf52	gene-C33H3orf52
C34H3orf70	gene-C34H3orf70
C35H6orf52	gene-C35H6orf52
C35H6orf62	gene-C35H6orf62
C37H2orf69	gene-C37H2orf69
C3AR1	gene-C3AR1
C3H4orf19	gene-C3H4orf19
C4H1orf131	gene-C4H1orf131
C4H1orf198	gene-C4H1orf198
C4H5orf22	gene-C4H5orf22
C4H5orf51	gene-C4H5orf51
C5	gene-C5
C5AR1	gene-C5AR1
C5H11orf71	gene-C5H11orf71
C5H16orf46	gene-C5H16orf46
C5H16orf70	gene-C5H16orf70
C5H1orf159	gene-C5H1orf159
C5H1orf174	gene-C5H1orf174
C6H16orf54	gene-C6H16orf54
C6H16orf71	gene-C6H16orf71
C6H16orf72	gene-C6H16orf72
C6H16orf89	gene-C6H16orf89
C6H16orf91	gene-C6H16orf91
C6H1orf194	gene-C6H1orf194
C6H1orf52	gene-C6H1orf52
C6H7orf26	gene-C6H7orf26
C6H7orf50	gene-C6H7orf50
C7H18orf21	gene-C7H18orf21
C7H18orf25	gene-C7H18orf25
C7H18orf32	gene-C7H18orf32
C7H1orf112	gene-C7H1orf112
C7H1orf116	gene-C7H1orf116
C7H1orf21	gene-C7H1orf21
C7H1orf43	gene-C7H1orf43
C7H1orf53	gene-C7H1orf53
C7H1orf74	gene-C7H1orf74
C8G	gene-C8G
C8H14orf28	gene-C8H14orf28
C8H14orf93	gene-C8H14orf93
C9H17orf58	gene-C9H17orf58
C9H17orf64	gene-C9H17orf64
C9H17orf75	gene-C9H17orf75
C9H17orf80	gene-C9H17orf80
C9H17orf98	gene-C9H17orf98
C9H17orf99	gene-C9H17orf99
CA1	gene-CA1
CA11	gene-CA11
CA12	gene-CA12
CA13	gene-CA13
CA14	gene-CA14
CA2	gene-CA2
CA5B	gene-CA5B
CA9	gene-CA9
CAAP1	gene-CAAP1
CAB39	gene-CAB39
CAB39L	gene-CAB39L
CABIN1	gene-CABIN1
CABLES1	gene-CABLES1
CABLES2	gene-CABLES2
CABP5	gene-CABP5
CABP7	gene-CABP7
CABYR	gene-CABYR
CACFD1	gene-CACFD1
CACNA1A	gene-CACNA1A
CACNA1B	gene-CACNA1B
CACNA1D	gene-CACNA1D
CACNA1H	gene-CACNA1H
CACNA1I	gene-CACNA1I
CACNA2D2	gene-CACNA2D2
CACNB1	gene-CACNB1
CACNB2	gene-CACNB2
CACNB3	gene-CACNB3
CACNG4	gene-CACNG4
CACTIN	gene-CACTIN
CACUL1	gene-CACUL1
CACYBP	gene-CACYBP
CAD	gene-CAD
CADM1	gene-CADM1
CADM3	gene-CADM3
CADM4	gene-CADM4
CAGE1	gene-CAGE1
CALB1	gene-CALB1
CALCOCO1	gene-CALCOCO1
CALCOCO2	gene-CALCOCO2
CALCRL	gene-CALCRL
CALD1	gene-CALD1
CALHM1	gene-CALHM1
CALHM4	gene-CALHM4
CALHM6	gene-CALHM6
CALM1	gene-CALM1
CALM3	gene-CALM3
CALML4	gene-CALML4
CALR	gene-CALR
CALY	gene-CALY
CAMK1	gene-CAMK1
CAMK1D	gene-CAMK1D
CAMK2D	gene-CAMK2D
CAMK2G	gene-CAMK2G
CAMK4	gene-CAMK4
CAMKK1	gene-CAMKK1
CAMKK2	gene-CAMKK2
CAMKMT	gene-CAMKMT
CAMKV	gene-CAMKV
CAMLG	gene-CAMLG
CAMSAP1	gene-CAMSAP1
CAMSAP2	gene-CAMSAP2
CAMTA1	gene-CAMTA1
CAMTA2	gene-CAMTA2
CAND1	gene-CAND1
CANX	gene-CANX
CAPG	gene-CAPG
CAPN1	gene-CAPN1
CAPN10	gene-CAPN10
CAPN14	gene-CAPN14
CAPN15	gene-CAPN15
CAPN2	gene-CAPN2
CAPN3	gene-CAPN3
CAPN5	gene-CAPN5
CAPN6	gene-CAPN6
CAPN7	gene-CAPN7
CAPNS1	gene-CAPNS1
CAPRIN1	gene-CAPRIN1
CAPRIN2	gene-CAPRIN2
CAPS	gene-CAPS
CAPS2	gene-CAPS2
CAPZA2	gene-CAPZA2
CAPZB	gene-CAPZB
CAR1	gene-CAR1
CARD10	gene-CARD10
CARD11	gene-CARD11
CARD19	gene-CARD19
CARD6	gene-CARD6
CARD9	gene-CARD9
CARF	gene-CARF
CARHSP1	gene-CARHSP1
CARM1	gene-CARM1
CARMIL1	gene-CARMIL1
CARMIL2	gene-CARMIL2
CARMIL3	gene-CARMIL3
CARNMT1	gene-CARNMT1
CARNS1	gene-CARNS1
CARS1	gene-CARS1
CARS2	gene-CARS2
CASC3	gene-CASC3
CASD1	gene-CASD1
CASK	gene-CASK
CASKIN2	gene-CASKIN2
CASP12	gene-CASP12
CASP2	gene-CASP2
CASP3	gene-CASP3
CASP4	gene-CASP4
CASP6	gene-CASP6
CASP7	gene-CASP7
CASP8	gene-CASP8
CASP8AP2	gene-CASP8AP2
CASP9	gene-CASP9
CASQ2	gene-CASQ2
CASR	gene-CASR
CASS4	gene-CASS4
CAST	gene-CAST
CASTOR1	gene-CASTOR1
CASTOR2	gene-CASTOR2
CASZ1	gene-CASZ1
CAT	gene-CAT
CATSPER2	gene-CATSPER2
CATSPERD	gene-CATSPERD
CATSPERG	gene-CATSPERG
CAV1	gene-CAV1
CAV2	gene-CAV2
CAVIN1	gene-CAVIN1
CAVIN3	gene-CAVIN3
CAVIN4	gene-CAVIN4
CBARP	gene-CBARP
CBFA2T2	gene-CBFA2T2
CBFA2T3	gene-CBFA2T3
CBFB	gene-CBFB
CBL	gene-CBL
CBLB	gene-CBLB
CBLC	gene-CBLC
CBLL1	gene-CBLL1
CBLN3	gene-CBLN3
CBR3	gene-CBR3
CBR4	gene-CBR4
CBWD1	gene-CBWD1
CBX1	gene-CBX1
CBX2	gene-CBX2
CBX4	gene-CBX4
CBX5	gene-CBX5
CBX6	gene-CBX6
CBX7	gene-CBX7
CBX8	gene-CBX8
CBY1	gene-CBY1
CC2D1A	gene-CC2D1A
CC2D1B	gene-CC2D1B
CC2D2A	gene-CC2D2A
CCAR1	gene-CCAR1
CCAR2	gene-CCAR2
CCDC102A	gene-CCDC102A
CCDC103	gene-CCDC103
CCDC106	gene-CCDC106
CCDC107	gene-CCDC107
CCDC112	gene-CCDC112
CCDC113	gene-CCDC113
CCDC115	gene-CCDC115
CCDC116	gene-CCDC116
CCDC117	gene-CCDC117
CCDC12	gene-CCDC12
CCDC120	gene-CCDC120
CCDC124	gene-CCDC124
CCDC125	gene-CCDC125
CCDC126	gene-CCDC126
CCDC127	gene-CCDC127
CCDC130	gene-CCDC130
CCDC136	gene-CCDC136
CCDC137	gene-CCDC137
CCDC138	gene-CCDC138
CCDC14	gene-CCDC14
CCDC141	gene-CCDC141
CCDC142	gene-CCDC142
CCDC146	gene-CCDC146
CCDC149	gene-CCDC149
CCDC15	gene-CCDC15
CCDC150	gene-CCDC150
CCDC152	gene-CCDC152
CCDC153	gene-CCDC153
CCDC154	gene-CCDC154
CCDC157	gene-CCDC157
CCDC158	gene-CCDC158
CCDC159	gene-CCDC159
CCDC167	gene-CCDC167
CCDC17	gene-CCDC17
CCDC171	gene-CCDC171
CCDC172	gene-CCDC172
CCDC173	gene-CCDC173
CCDC174	gene-CCDC174
CCDC177	gene-CCDC177
CCDC18	gene-CCDC18
CCDC181	gene-CCDC181
CCDC184	gene-CCDC184
CCDC186	gene-CCDC186
CCDC187	gene-CCDC187
CCDC189	gene-CCDC189
CCDC191	gene-CCDC191
CCDC22	gene-CCDC22
CCDC28A	gene-CCDC28A
CCDC28B	gene-CCDC28B
CCDC3	gene-CCDC3
CCDC30	gene-CCDC30
CCDC32	gene-CCDC32
CCDC33	gene-CCDC33
CCDC34	gene-CCDC34
CCDC39	gene-CCDC39
CCDC43	gene-CCDC43
CCDC47	gene-CCDC47
CCDC50	gene-CCDC50
CCDC51	gene-CCDC51
CCDC56	gene-CCDC56
CCDC57	gene-CCDC57
CCDC59	gene-CCDC59
CCDC6	gene-CCDC6
CCDC61	gene-CCDC61
CCDC62	gene-CCDC62
CCDC66	gene-CCDC66
CCDC69	gene-CCDC69
CCDC71	gene-CCDC71
CCDC73	gene-CCDC73
CCDC77	gene-CCDC77
CCDC78	gene-CCDC78
CCDC8	gene-CCDC8
CCDC80	gene-CCDC80
CCDC81	gene-CCDC81
CCDC82	gene-CCDC82
CCDC83	gene-CCDC83
CCDC85B	gene-CCDC85B
CCDC85C	gene-CCDC85C
CCDC86	gene-CCDC86
CCDC88A	gene-CCDC88A
CCDC88B	gene-CCDC88B
CCDC88C	gene-CCDC88C
CCDC89	gene-CCDC89
CCDC9	gene-CCDC9
CCDC90B	gene-CCDC90B
CCDC91	gene-CCDC91
CCDC92	gene-CCDC92
CCDC93	gene-CCDC93
CCDC97	gene-CCDC97
CCDC9B	gene-CCDC9B
CCHCR1	gene-CCHCR1
CCKAR	gene-CCKAR
CCKBR	gene-CCKBR
CCL1	gene-CCL1
CCL13	gene-CCL13
CCL16	gene-CCL16
CCL17	gene-CCL17
CCL20	gene-CCL20
CCL22	gene-CCL22
CCL25	gene-CCL25
CCL27	gene-CCL27
CCL28	gene-CCL28
CCL3	gene-CCL3
CCL4	gene-CCL4
CCL5	gene-CCL5
CCL7	gene-CCL7
CCM2	gene-CCM2
CCN1	gene-CCN1
CCN2	gene-CCN2
CCN5	gene-CCN5
CCN6	gene-CCN6
CCNA1	gene-CCNA1
CCNA2	gene-CCNA2
CCNB1IP1	gene-CCNB1IP1
CCNB2	gene-CCNB2
CCNB3	gene-CCNB3
CCNC	gene-CCNC
CCND1	gene-CCND1
CCND2	gene-CCND2
CCND3	gene-CCND3
CCNDBP1	gene-CCNDBP1
CCNE1	gene-CCNE1
CCNE2	gene-CCNE2
CCNF	gene-CCNF
CCNG1	gene-CCNG1
CCNG2	gene-CCNG2
CCNH	gene-CCNH
CCNI	gene-CCNI
CCNJ	gene-CCNJ
CCNK	gene-CCNK
CCNL1	gene-CCNL1
CCNL2	gene-CCNL2
CCNO	gene-CCNO
CCNQ	gene-CCNQ
CCNT1	gene-CCNT1
CCNT2	gene-CCNT2
CCNY	gene-CCNY
CCNYL1	gene-CCNYL1
CCP110	gene-CCP110
CCPG1	gene-CCPG1
CCR1	gene-CCR1
CCR10	gene-CCR10
CCR2	gene-CCR2
CCR3	gene-CCR3
CCR4	gene-CCR4
CCR5	gene-CCR5
CCR6	gene-CCR6
CCR7	gene-CCR7
CCR9	gene-CCR9
CCRL2	gene-CCRL2
CCS	gene-CCS
CCSAP	gene-CCSAP
CCSER2	gene-CCSER2
CCT2	gene-CCT2
CCT3	gene-CCT3
CCT4	gene-CCT4
CCT5	gene-CCT5
CCT6A	gene-CCT6A
CCT6B	gene-CCT6B
CCT8	gene-CCT8
CD101	gene-CD101
CD109	gene-CD109
CD151	gene-CD151
CD160	gene-CD160
CD164	gene-CD164
CD164L2	gene-CD164L2
CD180	gene-CD180
CD19	gene-CD19
CD1A8	gene-CD1A8
CD1C	gene-CD1C
CD2	gene-CD2
CD200	gene-CD200
CD22	gene-CD22
CD226	gene-CD226
CD244	gene-CD244
CD27	gene-CD27
CD274	gene-CD274
CD276	gene-CD276
CD28	gene-CD28
CD2AP	gene-CD2AP
CD2BP2	gene-CD2BP2
CD300E	gene-CD300E
CD300LG	gene-CD300LG
CD302	gene-CD302
CD320	gene-CD320
CD34	gene-CD34
CD37	gene-CD37
CD38	gene-CD38
CD3D	gene-CD3D
CD3E	gene-CD3E
CD3G	gene-CD3G
CD4	gene-CD4
CD40	gene-CD40
CD40LG	gene-CD40LG
CD44	gene-CD44
CD47	gene-CD47
CD48	gene-CD48
CD5	gene-CD5
CD52	gene-CD52
CD53	gene-CD53
CD55	gene-CD55
CD58	gene-CD58
CD59	gene-CD59
CD6	gene-CD6
CD63	gene-CD63
CD68	gene-CD68
CD69	gene-CD69
CD7	gene-CD7
CD70	gene-CD70
CD72	gene-CD72
CD74	gene-CD74
CD79A	gene-CD79A
CD79B	gene-CD79B
CD80	gene-CD80
CD81	gene-CD81
CD82	gene-CD82
CD83	gene-CD83
CD84	gene-CD84
CD86	gene-CD86
CD8A	gene-CD8A
CD9	gene-CD9
CD96	gene-CD96
CD99L2	gene-CD99L2
CDA	gene-CDA
CDADC1	gene-CDADC1
CDAN1	gene-CDAN1
CDC123	gene-CDC123
CDC14A	gene-CDC14A
CDC14B	gene-CDC14B
CDC16	gene-CDC16
CDC20	gene-CDC20
CDC23	gene-CDC23
CDC25A	gene-CDC25A
CDC25B	gene-CDC25B
CDC25C	gene-CDC25C
CDC26	gene-CDC26
CDC27	gene-CDC27
CDC34	gene-CDC34
CDC37	gene-CDC37
CDC37L1	gene-CDC37L1
CDC40	gene-CDC40
CDC42	gene-CDC42
CDC42BPA	gene-CDC42BPA
CDC42BPB	gene-CDC42BPB
CDC42BPG	gene-CDC42BPG
CDC42EP2	gene-CDC42EP2
CDC42EP3	gene-CDC42EP3
CDC42SE1	gene-CDC42SE1
CDC42SE2	gene-CDC42SE2
CDC45	gene-CDC45
CDC5L	gene-CDC5L
CDC6	gene-CDC6
CDC7	gene-CDC7
CDC73	gene-CDC73
CDCA2	gene-CDCA2
CDCA3	gene-CDCA3
CDCA4	gene-CDCA4
CDCA5	gene-CDCA5
CDCA7L	gene-CDCA7L
CDCA8	gene-CDCA8
CDCP1	gene-CDCP1
CDH1	gene-CDH1
CDH11	gene-CDH11
CDH13	gene-CDH13
CDH17	gene-CDH17
CDH2	gene-CDH2
CDH20	gene-CDH20
CDH22	gene-CDH22
CDH23	gene-CDH23
CDH24	gene-CDH24
CDH3	gene-CDH3
CDH4	gene-CDH4
CDH5	gene-CDH5
CDH8	gene-CDH8
CDHR2	gene-CDHR2
CDHR4	gene-CDHR4
CDIN1	gene-CDIN1
CDIP1	gene-CDIP1
CDIPT	gene-CDIPT
CDK1	gene-CDK1
CDK10	gene-CDK10
CDK12	gene-CDK12
CDK13	gene-CDK13
CDK14	gene-CDK14
CDK15	gene-CDK15
CDK17	gene-CDK17
CDK18	gene-CDK18
CDK19	gene-CDK19
CDK2	gene-CDK2
CDK20	gene-CDK20
CDK2AP2	gene-CDK2AP2
CDK3	gene-CDK3
CDK4	gene-CDK4
CDK5	gene-CDK5
CDK5R1	gene-CDK5R1
CDK5RAP1	gene-CDK5RAP1
CDK5RAP2	gene-CDK5RAP2
CDK5RAP3	gene-CDK5RAP3
CDK6	gene-CDK6
CDK7	gene-CDK7
CDK8	gene-CDK8
CDK9	gene-CDK9
CDKAL1	gene-CDKAL1
CDKL1	gene-CDKL1
CDKL2	gene-CDKL2
CDKL3	gene-CDKL3
CDKL4	gene-CDKL4
CDKL5	gene-CDKL5
CDKN1A	gene-CDKN1A
CDKN1B	gene-CDKN1B
CDKN2AIP	gene-CDKN2AIP
CDKN2AIPNL	gene-CDKN2AIPNL
CDKN2C	gene-CDKN2C
CDKN2D	gene-CDKN2D
CDKN3	gene-CDKN3
CDNF	gene-CDNF
CDO1	gene-CDO1
CDON	gene-CDON
CDPF1	gene-CDPF1
CDR2	gene-CDR2
CDR2L	gene-CDR2L
CDS2	gene-CDS2
CDT1	gene-CDT1
CDV3	gene-CDV3
CDX2	gene-CDX2
CDYL	gene-CDYL
CDYL2	gene-CDYL2
CEACAM28	gene-CEACAM28
CEBPB	gene-CEBPB
CEBPG	gene-CEBPG
CEBPZ	gene-CEBPZ
CECR2	gene-CECR2
CEL	gene-CEL
CELA1	gene-CELA1
CELF1	gene-CELF1
CELF2	gene-CELF2
CELF4	gene-CELF4
CELSR1	gene-CELSR1
CELSR2	gene-CELSR2
CELSR3	gene-CELSR3
CEMIP	gene-CEMIP
CEMIP2	gene-CEMIP2
CENATAC	gene-CENATAC
CENPA	gene-CENPA
CENPB	gene-CENPB
CENPE	gene-CENPE
CENPF	gene-CENPF
CENPH	gene-CENPH
CENPI	gene-CENPI
CENPJ	gene-CENPJ
CENPK	gene-CENPK
CENPL	gene-CENPL
CENPM	gene-CENPM
CENPN	gene-CENPN
CENPO	gene-CENPO
CENPP	gene-CENPP
CENPQ	gene-CENPQ
CENPT	gene-CENPT
CENPU	gene-CENPU
CENPV	gene-CENPV
CENPW	gene-CENPW
CEP104	gene-CEP104
CEP112	gene-CEP112
CEP120	gene-CEP120
CEP128	gene-CEP128
CEP131	gene-CEP131
CEP135	gene-CEP135
CEP152	gene-CEP152
CEP162	gene-CEP162
CEP164	gene-CEP164
CEP170	gene-CEP170
CEP19	gene-CEP19
CEP192	gene-CEP192
CEP20	gene-CEP20
CEP250	gene-CEP250
CEP290	gene-CEP290
CEP295	gene-CEP295
CEP350	gene-CEP350
CEP41	gene-CEP41
CEP43	gene-CEP43
CEP44	gene-CEP44
CEP55	gene-CEP55
CEP57	gene-CEP57
CEP57L1	gene-CEP57L1
CEP63	gene-CEP63
CEP68	gene-CEP68
CEP70	gene-CEP70
CEP72	gene-CEP72
CEP78	gene-CEP78
CEP83	gene-CEP83
CEP85	gene-CEP85
CEP85L	gene-CEP85L
CEP89	gene-CEP89
CEP95	gene-CEP95
CEP97	gene-CEP97
CEPT1	gene-CEPT1
CERCAM	gene-CERCAM
CERK	gene-CERK
CERKL	gene-CERKL
CERS2	gene-CERS2
CERS4	gene-CERS4
CERS5	gene-CERS5
CERS6	gene-CERS6
CERT1	gene-CERT1
CES2	gene-CES2
CETN3	gene-CETN3
CFAP126	gene-CFAP126
CFAP20	gene-CFAP20
CFAP206	gene-CFAP206
CFAP20DC	gene-CFAP20DC
CFAP251	gene-CFAP251
CFAP36	gene-CFAP36
CFAP410	gene-CFAP410
CFAP44	gene-CFAP44
CFAP45	gene-CFAP45
CFAP46	gene-CFAP46
CFAP54	gene-CFAP54
CFAP58	gene-CFAP58
CFAP65	gene-CFAP65
CFAP69	gene-CFAP69
CFAP70	gene-CFAP70
CFAP73	gene-CFAP73
CFAP91	gene-CFAP91
CFAP92	gene-CFAP92
CFAP94	gene-CFAP94
CFAP97	gene-CFAP97
CFAP99	gene-CFAP99
CFDP1	gene-CFDP1
CFI	gene-CFI
CFL1	gene-CFL1
CFL2	gene-CFL2
CFLAR	gene-CFLAR
CFP	gene-CFP
CGA	gene-CGA
CGAS	gene-CGAS
CGGBP1	gene-CGGBP1
CGN	gene-CGN
CGNL1	gene-CGNL1
CGRRF1	gene-CGRRF1
CHAC1	gene-CHAC1
CHAC2	gene-CHAC2
CHAF1A	gene-CHAF1A
CHAF1B	gene-CHAF1B
CHAMP1	gene-CHAMP1
CHCHD1	gene-CHCHD1
CHCHD10	gene-CHCHD10
CHCHD2	gene-CHCHD2
CHCHD3	gene-CHCHD3
CHCHD4	gene-CHCHD4
CHCHD5	gene-CHCHD5
CHCHD7	gene-CHCHD7
CHD1	gene-CHD1
CHD1L	gene-CHD1L
CHD2	gene-CHD2
CHD3	gene-CHD3
CHD4	gene-CHD4
CHD5	gene-CHD5
CHD6	gene-CHD6
CHD7	gene-CHD7
CHD8	gene-CHD8
CHD9	gene-CHD9
CHDH	gene-CHDH
CHEK1	gene-CHEK1
CHERP	gene-CHERP
CHFR	gene-CHFR
CHGB	gene-CHGB
CHI3L1	gene-CHI3L1
CHIC1	gene-CHIC1
CHIC2	gene-CHIC2
CHID1	gene-CHID1
CHKA	gene-CHKA
CHKB	gene-CHKB
CHL1	gene-CHL1
CHM	gene-CHM
CHMP1A	gene-CHMP1A
CHMP2A	gene-CHMP2A
CHMP2B	gene-CHMP2B
CHMP4A	gene-CHMP4A
CHMP4B	gene-CHMP4B
CHMP6	gene-CHMP6
CHMP7	gene-CHMP7
CHN1	gene-CHN1
CHN2	gene-CHN2
CHORDC1	gene-CHORDC1
CHP1	gene-CHP1
CHPF	gene-CHPF
CHPF2	gene-CHPF2
CHRAC1	gene-CHRAC1
CHRD	gene-CHRD
CHRM4	gene-CHRM4
CHRM5	gene-CHRM5
CHRNA5	gene-CHRNA5
CHRNA9	gene-CHRNA9
CHRNB1	gene-CHRNB1
CHRNB2	gene-CHRNB2
CHRNB4	gene-CHRNB4
CHRND	gene-CHRND
CHRNE	gene-CHRNE
CHRNG	gene-CHRNG
CHST10	gene-CHST10
CHST11	gene-CHST11
CHST12	gene-CHST12
CHST14	gene-CHST14
CHST3	gene-CHST3
CHST7	gene-CHST7
CHSY1	gene-CHSY1
CHSY3	gene-CHSY3
CHTF18	gene-CHTF18
CHTF8	gene-CHTF8
CHTOP	gene-CHTOP
CHUK	gene-CHUK
CIAO1	gene-CIAO1
CIAO2A	gene-CIAO2A
CIAO2B	gene-CIAO2B
CIAO3	gene-CIAO3
CIAPIN1	gene-CIAPIN1
CIART	gene-CIART
CIB1	gene-CIB1
CIB2	gene-CIB2
CIBAR1	gene-CIBAR1
CIC	gene-CIC
CIITA	gene-CIITA
CILK1	gene-CILK1
CILP	gene-CILP
CILP2	gene-CILP2
CINP	gene-CINP
CIP2A	gene-CIP2A
CIPC	gene-CIPC
CIR1	gene-CIR1
CIRBP	gene-CIRBP
CISD2	gene-CISD2
CISH	gene-CISH
CIT	gene-CIT
CITED2	gene-CITED2
CIZ1	gene-CIZ1
CKAP2	gene-CKAP2
CKAP2L	gene-CKAP2L
CKAP4	gene-CKAP4
CKAP5	gene-CKAP5
CKM	gene-CKM
CKMT2	gene-CKMT2
CKS1B	gene-CKS1B
CLASP1	gene-CLASP1
CLASP2	gene-CLASP2
CLCA2	gene-CLCA2
CLCC1	gene-CLCC1
CLCF1	gene-CLCF1
CLCN1	gene-CLCN1
CLCN2	gene-CLCN2
CLCN3	gene-CLCN3
CLCN4	gene-CLCN4
CLCN5	gene-CLCN5
CLCN6	gene-CLCN6
CLCN7	gene-CLCN7
CLDN1	gene-CLDN1
CLDN12	gene-CLDN12
CLDN15	gene-CLDN15
CLDN19	gene-CLDN19
CLDN4	gene-CLDN4
CLDN5	gene-CLDN5
CLDN6	gene-CLDN6
CLDN7	gene-CLDN7
CLDND1	gene-CLDND1
CLEC11A	gene-CLEC11A
CLEC12A	gene-CLEC12A
CLEC16A	gene-CLEC16A
CLEC2B	gene-CLEC2B
CLEC2D	gene-CLEC2D
CLEC2L	gene-CLEC2L
CLHC1	gene-CLHC1
CLIC1	gene-CLIC1
CLIC2	gene-CLIC2
CLIC4	gene-CLIC4
CLIC5	gene-CLIC5
CLIC6	gene-CLIC6
CLINT1	gene-CLINT1
CLIP1	gene-CLIP1
CLIP2	gene-CLIP2
CLIP3	gene-CLIP3
CLIP4	gene-CLIP4
CLK1	gene-CLK1
CLK2	gene-CLK2
CLK3	gene-CLK3
CLK4	gene-CLK4
CLMN	gene-CLMN
CLMP	gene-CLMP
CLN3	gene-CLN3
CLN5	gene-CLN5
CLN6	gene-CLN6
CLN8	gene-CLN8
CLNK	gene-CLNK
CLNS1A	gene-CLNS1A
CLOCK	gene-CLOCK
CLP1	gene-CLP1
CLPB	gene-CLPB
CLPP	gene-CLPP
CLPTM1	gene-CLPTM1
CLPTM1L	gene-CLPTM1L
CLPX	gene-CLPX
CLSPN	gene-CLSPN
CLSTN2	gene-CLSTN2
CLSTN3	gene-CLSTN3
CLTA	gene-CLTA
CLTB	gene-CLTB
CLTC	gene-CLTC
CLTCL1	gene-CLTCL1
CLU	gene-CLU
CLUAP1	gene-CLUAP1
CLUH	gene-CLUH
CLYBL	gene-CLYBL
CMA1	gene-CMA1
CMAS	gene-CMAS
CMBL	gene-CMBL
CMC1	gene-CMC1
CMIP	gene-CMIP
CMKLR1	gene-CMKLR1
CMPK1	gene-CMPK1
CMSS1	gene-CMSS1
CMTM3	gene-CMTM3
CMTM4	gene-CMTM4
CMTM6	gene-CMTM6
CMTM7	gene-CMTM7
CMTR1	gene-CMTR1
CMTR2	gene-CMTR2
CMYA5	gene-CMYA5
CNBP	gene-CNBP
CNDP2	gene-CNDP2
CNEP1R1	gene-CNEP1R1
CNGA1	gene-CNGA1
CNIH2	gene-CNIH2
CNIH4	gene-CNIH4
CNKSR1	gene-CNKSR1
CNN1	gene-CNN1
CNN2	gene-CNN2
CNN3	gene-CNN3
CNNM2	gene-CNNM2
CNNM3	gene-CNNM3
CNNM4	gene-CNNM4
CNOT1	gene-CNOT1
CNOT10	gene-CNOT10
CNOT11	gene-CNOT11
CNOT2	gene-CNOT2
CNOT3	gene-CNOT3
CNOT4	gene-CNOT4
CNOT6	gene-CNOT6
CNOT6L	gene-CNOT6L
CNOT7	gene-CNOT7
CNOT8	gene-CNOT8
CNOT9	gene-CNOT9
CNP	gene-CNP
CNPPD1	gene-CNPPD1
CNPY3	gene-CNPY3
CNPY4	gene-CNPY4
CNR2	gene-CNR2
CNRIP1	gene-CNRIP1
CNST	gene-CNST
CNTFR	gene-CNTFR
CNTLN	gene-CNTLN
CNTN3	gene-CNTN3
CNTNAP1	gene-CNTNAP1
CNTRL	gene-CNTRL
CNTROB	gene-CNTROB
COA1	gene-COA1
COA6	gene-COA6
COA7	gene-COA7
COA8	gene-COA8
COASY	gene-COASY
COBLL1	gene-COBLL1
COCH	gene-COCH
COG1	gene-COG1
COG2	gene-COG2
COG3	gene-COG3
COG4	gene-COG4
COG5	gene-COG5
COG6	gene-COG6
COG7	gene-COG7
COIL	gene-COIL
COL10A1	gene-COL10A1
COL11A2	gene-COL11A2
COL12A1	gene-COL12A1
COL14A1	gene-COL14A1
COL15A1	gene-COL15A1
COL16A1	gene-COL16A1
COL1A1	gene-COL1A1
COL1A2	gene-COL1A2
COL26A1	gene-COL26A1
COL27A1	gene-COL27A1
COL3A1	gene-COL3A1
COL5A1	gene-COL5A1
COL5A2	gene-COL5A2
COL5A3	gene-COL5A3
COL6A1	gene-COL6A1
COL6A3	gene-COL6A3
COL6A5	gene-COL6A5
COL6A6	gene-COL6A6
COL7A1	gene-COL7A1
COL8A2	gene-COL8A2
COL9A2	gene-COL9A2
COL9A3	gene-COL9A3
COLEC11	gene-COLEC11
COLGALT1	gene-COLGALT1
COMMD1	gene-COMMD1
COMMD10	gene-COMMD10
COMMD2	gene-COMMD2
COMMD3	gene-COMMD3
COMMD4	gene-COMMD4
COMMD5	gene-COMMD5
COMMD6	gene-COMMD6
COMMD7	gene-COMMD7
COMMD8	gene-COMMD8
COMMD9	gene-COMMD9
COMP	gene-COMP
COMT	gene-COMT
COMTD1	gene-COMTD1
COP1	gene-COP1
COPA	gene-COPA
COPB1	gene-COPB1
COPB2	gene-COPB2
COPE	gene-COPE
COPG1	gene-COPG1
COPG2	gene-COPG2
COPRS	gene-COPRS
COPS2	gene-COPS2
COPS3	gene-COPS3
COPS4	gene-COPS4
COPS5	gene-COPS5
COPS6	gene-COPS6
COPS7A	gene-COPS7A
COPS7B	gene-COPS7B
COPZ2	gene-COPZ2
COQ10A	gene-COQ10A
COQ10B	gene-COQ10B
COQ2	gene-COQ2
COQ3	gene-COQ3
COQ4	gene-COQ4
COQ5	gene-COQ5
COQ6	gene-COQ6
COQ7	gene-COQ7
COQ8A	gene-COQ8A
COQ8B	gene-COQ8B
COQ9	gene-COQ9
CORO1A	gene-CORO1A
CORO1B	gene-CORO1B
CORO1C	gene-CORO1C
CORO2A	gene-CORO2A
CORO2B	gene-CORO2B
CORO6	gene-CORO6
COTL1	gene-COTL1
COX10	gene-COX10
COX11	gene-COX11
COX14	gene-COX14
COX15	gene-COX15
COX17	gene-COX17
COX18	gene-COX18
COX19	gene-COX19
COX20	gene-COX20
COX4I1	gene-COX4I1
COX5A	gene-COX5A
COX5B	gene-COX5B
COX6A2	gene-COX6A2
COX7A2L	gene-COX7A2L
COX8A	gene-COX8A
CP	gene-CP
CPA1	gene-CPA1
CPA3	gene-CPA3
CPA4	gene-CPA4
CPA5	gene-CPA5
CPAMD8	gene-CPAMD8
CPB2	gene-CPB2
CPD	gene-CPD
CPE	gene-CPE
CPEB2	gene-CPEB2
CPEB3	gene-CPEB3
CPEB4	gene-CPEB4
CPLANE1	gene-CPLANE1
CPLANE2	gene-CPLANE2
CPLX1	gene-CPLX1
CPLX2	gene-CPLX2
CPLX3	gene-CPLX3
CPN1	gene-CPN1
CPNE2	gene-CPNE2
CPNE3	gene-CPNE3
CPNE5	gene-CPNE5
CPNE6	gene-CPNE6
CPNE7	gene-CPNE7
CPNE8	gene-CPNE8
CPOX	gene-CPOX
CPPED1	gene-CPPED1
CPQ	gene-CPQ
CPS1	gene-CPS1
CPSF1	gene-CPSF1
CPSF2	gene-CPSF2
CPSF3	gene-CPSF3
CPSF4	gene-CPSF4
CPSF6	gene-CPSF6
CPSF7	gene-CPSF7
CPT1A	gene-CPT1A
CPT1B	gene-CPT1B
CPT1C	gene-CPT1C
CPT2	gene-CPT2
CPTP	gene-CPTP
CPXM1	gene-CPXM1
CPXM2	gene-CPXM2
CRABP2	gene-CRABP2
CRACDL	gene-CRACDL
CRACR2A	gene-CRACR2A
CRACR2B	gene-CRACR2B
CRADD	gene-CRADD
CRAMP1	gene-CRAMP1
CRAT	gene-CRAT
CRB3	gene-CRB3
CRBN	gene-CRBN
CRCP	gene-CRCP
CREB1	gene-CREB1
CREB3	gene-CREB3
CREB3L1	gene-CREB3L1
CREB3L4	gene-CREB3L4
CREB5	gene-CREB5
CREBBP	gene-CREBBP
CREBL2	gene-CREBL2
CREBRF	gene-CREBRF
CREG1	gene-CREG1
CRELD2	gene-CRELD2
CREM	gene-CREM
CRH	gene-CRH
CRIM1	gene-CRIM1
CRIP1	gene-CRIP1
CRIP2	gene-CRIP2
CRIP3	gene-CRIP3
CRIPT	gene-CRIPT
CRISPLD2	gene-CRISPLD2
CRK	gene-CRK
CRKL	gene-CRKL
CRLF1	gene-CRLF1
CRLF2	gene-CRLF2
CRLF3	gene-CRLF3
CRNKL1	gene-CRNKL1
CROCC	gene-CROCC
CROT	gene-CROT
CRPPA	gene-CRPPA
CRTAC1	gene-CRTAC1
CRTAM	gene-CRTAM
CRTAP	gene-CRTAP
CRTC1	gene-CRTC1
CRTC2	gene-CRTC2
CRTC3	gene-CRTC3
CRY1	gene-CRY1
CRY2	gene-CRY2
CRYAB	gene-CRYAB
CRYBA4	gene-CRYBA4
CRYBB1	gene-CRYBB1
CRYBG1	gene-CRYBG1
CRYBG2	gene-CRYBG2
CRYBG3	gene-CRYBG3
CRYGS	gene-CRYGS
CRYL1	gene-CRYL1
CRYZ	gene-CRYZ
CS	gene-CS
CSAD	gene-CSAD
CSDE1	gene-CSDE1
CSE1L	gene-CSE1L
CSF1	gene-CSF1
CSF2	gene-CSF2
CSF2RB	gene-CSF2RB
CSF3R	gene-CSF3R
CSGALNACT1	gene-CSGALNACT1
CSGALNACT2	gene-CSGALNACT2
CSK	gene-CSK
CSKMT	gene-CSKMT
CSMD3	gene-CSMD3
CSNK1A1	gene-CSNK1A1
CSNK1D	gene-CSNK1D
CSNK1E	gene-CSNK1E
CSNK1G1	gene-CSNK1G1
CSNK1G2	gene-CSNK1G2
CSNK1G3	gene-CSNK1G3
CSNK2A2	gene-CSNK2A2
CSPG4	gene-CSPG4
CSPG5	gene-CSPG5
CSPP1	gene-CSPP1
CSRNP1	gene-CSRNP1
CSRNP2	gene-CSRNP2
CSRP1	gene-CSRP1
CST6	gene-CST6
CST7	gene-CST7
CSTA	gene-CSTA
CSTB	gene-CSTB
CSTF1	gene-CSTF1
CSTF2	gene-CSTF2
CSTF2T	gene-CSTF2T
CSTF3	gene-CSTF3
CTBP1	gene-CTBP1
CTBP2	gene-CTBP2
CTC1	gene-CTC1
CTCF	gene-CTCF
CTDNEP1	gene-CTDNEP1
CTDP1	gene-CTDP1
CTDSP1	gene-CTDSP1
CTDSP2	gene-CTDSP2
CTDSPL	gene-CTDSPL
CTDSPL2	gene-CTDSPL2
CTF1	gene-CTF1
CTH	gene-CTH
CTIF	gene-CTIF
CTLA4	gene-CTLA4
CTNNA1	gene-CTNNA1
CTNNA3	gene-CTNNA3
CTNNAL1	gene-CTNNAL1
CTNNB1	gene-CTNNB1
CTNNBL1	gene-CTNNBL1
CTNND1	gene-CTNND1
CTNS	gene-CTNS
CTPS1	gene-CTPS1
CTPS2	gene-CTPS2
CTR9	gene-CTR9
CTRL	gene-CTRL
CTSA	gene-CTSA
CTSB	gene-CTSB
CTSC	gene-CTSC
CTSD	gene-CTSD
CTSF	gene-CTSF
CTSH	gene-CTSH
CTSK	gene-CTSK
CTSO	gene-CTSO
CTSS	gene-CTSS
CTSW	gene-CTSW
CTSZ	gene-CTSZ
CTTN	gene-CTTN
CTTNBP2	gene-CTTNBP2
CTTNBP2NL	gene-CTTNBP2NL
CTU2	gene-CTU2
CTXN1	gene-CTXN1
CUBN	gene-CUBN
CUEDC1	gene-CUEDC1
CUEDC2	gene-CUEDC2
CUL1	gene-CUL1
CUL2	gene-CUL2
CUL3	gene-CUL3
CUL4A	gene-CUL4A
CUL4B	gene-CUL4B
CUL5	gene-CUL5
CUL7	gene-CUL7
CUL9	gene-CUL9
CUTA	gene-CUTA
CUTC	gene-CUTC
CUX1	gene-CUX1
CWC15	gene-CWC15
CWC22	gene-CWC22
CWC25	gene-CWC25
CWC27	gene-CWC27
CWF19L1	gene-CWF19L1
CWF19L2	gene-CWF19L2
CX3CR1	gene-CX3CR1
CXADR	gene-CXADR
CXCL10	gene-CXCL10
CXCL13	gene-CXCL13
CXCL14	gene-CXCL14
CXCL16	gene-CXCL16
CXCL8	gene-CXCL8
CXCR2	gene-CXCR2
CXCR3	gene-CXCR3
CXCR4	gene-CXCR4
CXCR5	gene-CXCR5
CXCR6	gene-CXCR6
CXHXorf38	gene-CXHXorf38
CXHXorf58	gene-CXHXorf58
CXXC1	gene-CXXC1
CYB561	gene-CYB561
CYB561A3	gene-CYB561A3
CYB561D1	gene-CYB561D1
CYB561D2	gene-CYB561D2
CYB5A	gene-CYB5A
CYB5D1	gene-CYB5D1
CYB5D2	gene-CYB5D2
CYB5R1	gene-CYB5R1
CYB5R3	gene-CYB5R3
CYB5R4	gene-CYB5R4
CYB5RL	gene-CYB5RL
CYBA	gene-CYBA
CYBB	gene-CYBB
CYBC1	gene-CYBC1
CYBRD1	gene-CYBRD1
CYC1	gene-CYC1
CYCS	gene-CYCS
CYFIP1	gene-CYFIP1
CYFIP2	gene-CYFIP2
CYGB	gene-CYGB
CYHR1	gene-CYHR1
CYLD	gene-CYLD
CYP1A1	gene-CYP1A1
CYP1B1	gene-CYP1B1
CYP20A1	gene-CYP20A1
CYP21A2	gene-CYP21A2
CYP26A1	gene-CYP26A1
CYP26B1	gene-CYP26B1
CYP27B1	gene-CYP27B1
CYP2D15	gene-CYP2D15
CYP2J2	gene-CYP2J2
CYP2R1	gene-CYP2R1
CYP2U1	gene-CYP2U1
CYP39A1	gene-CYP39A1
CYP3A12	gene-CYP3A12
CYP3A26	gene-CYP3A26
CYP46A1	gene-CYP46A1
CYP4A11	gene-CYP4A11
CYP4F22	gene-CYP4F22
CYP51A1	gene-CYP51A1
CYP7A1	gene-CYP7A1
CYP7B1	gene-CYP7B1
CYREN	gene-CYREN
CYRIA	gene-CYRIA
CYRIB	gene-CYRIB
CYSLTR1	gene-CYSLTR1
CYSLTR2	gene-CYSLTR2
CYSTM1	gene-CYSTM1
CYTH1	gene-CYTH1
CYTH2	gene-CYTH2
CYTH3	gene-CYTH3
CYTH4	gene-CYTH4
CYTIP	gene-CYTIP
CZIB	gene-CZIB
D2HGDH	gene-D2HGDH
DAAM1	gene-DAAM1
DAAM2	gene-DAAM2
DAB2	gene-DAB2
DAB2IP	gene-DAB2IP
DACT1	gene-DACT1
DACT3	gene-DACT3
DAG1	gene-DAG1
DAGLA	gene-DAGLA
DAGLB	gene-DAGLB
DALRD3	gene-DALRD3
DAO	gene-DAO
DAP3	gene-DAP3
DAPK1	gene-DAPK1
DAPK2	gene-DAPK2
DAPK3	gene-DAPK3
DAPL1	gene-DAPL1
DAPP1	gene-DAPP1
DARS1	gene-DARS1
DARS2	gene-DARS2
DAW1	gene-DAW1
DAXX	gene-DAXX
DAZAP1	gene-DAZAP1
DAZAP2	gene-DAZAP2
DBI	gene-DBI
DBN1	gene-DBN1
DBNDD1	gene-DBNDD1
DBNDD2	gene-DBNDD2
DBNL	gene-DBNL
DBP	gene-DBP
DBR1	gene-DBR1
DBT	gene-DBT
DCAF1	gene-DCAF1
DCAF10	gene-DCAF10
DCAF11	gene-DCAF11
DCAF12	gene-DCAF12
DCAF13	gene-DCAF13
DCAF15	gene-DCAF15
DCAF16	gene-DCAF16
DCAF17	gene-DCAF17
DCAF4	gene-DCAF4
DCAF5	gene-DCAF5
DCAF6	gene-DCAF6
DCAF7	gene-DCAF7
DCAF8	gene-DCAF8
DCAKD	gene-DCAKD
DCBLD2	gene-DCBLD2
DCHS1	gene-DCHS1
DCK	gene-DCK
DCLK1	gene-DCLK1
DCLK2	gene-DCLK2
DCLRE1A	gene-DCLRE1A
DCLRE1B	gene-DCLRE1B
DCLRE1C	gene-DCLRE1C
DCN	gene-DCN
DCP1A	gene-DCP1A
DCP1B	gene-DCP1B
DCP2	gene-DCP2
DCPS	gene-DCPS
DCST1	gene-DCST1
DCTN1	gene-DCTN1
DCTN2	gene-DCTN2
DCTN3	gene-DCTN3
DCTN4	gene-DCTN4
DCTN5	gene-DCTN5
DCTN6	gene-DCTN6
DCTPP1	gene-DCTPP1
DCUN1D1	gene-DCUN1D1
DCUN1D2	gene-DCUN1D2
DCUN1D3	gene-DCUN1D3
DCUN1D4	gene-DCUN1D4
DCUN1D5	gene-DCUN1D5
DCXR	gene-DCXR
DDA1	gene-DDA1
DDAH2	gene-DDAH2
DDB1	gene-DDB1
DDB2	gene-DDB2
DDHD1	gene-DDHD1
DDHD2	gene-DDHD2
DDIAS	gene-DDIAS
DDIT3	gene-DDIT3
DDIT4	gene-DDIT4
DDN	gene-DDN
DDOST	gene-DDOST
DDR1	gene-DDR1
DDR2	gene-DDR2
DDRGK1	gene-DDRGK1
DDX1	gene-DDX1
DDX10	gene-DDX10
DDX11	gene-DDX11
DDX17	gene-DDX17
DDX18	gene-DDX18
DDX19A	gene-DDX19A
DDX20	gene-DDX20
DDX21	gene-DDX21
DDX23	gene-DDX23
DDX24	gene-DDX24
DDX25	gene-DDX25
DDX27	gene-DDX27
DDX31	gene-DDX31
DDX39A	gene-DDX39A
DDX39B	gene-DDX39B
DDX3X	gene-DDX3X
DDX4	gene-DDX4
DDX41	gene-DDX41
DDX42	gene-DDX42
DDX43	gene-DDX43
DDX46	gene-DDX46
DDX47	gene-DDX47
DDX49	gene-DDX49
DDX5	gene-DDX5
DDX50	gene-DDX50
DDX51	gene-DDX51
DDX54	gene-DDX54
DDX55	gene-DDX55
DDX56	gene-DDX56
DDX58	gene-DDX58
DDX59	gene-DDX59
DDX6	gene-DDX6
DDX60	gene-DDX60
DEAF1	gene-DEAF1
DECR1	gene-DECR1
DECR2	gene-DECR2
DEDD	gene-DEDD
DEDD2	gene-DEDD2
DEF6	gene-DEF6
DEF8	gene-DEF8
DEGS1	gene-DEGS1
DEGS2	gene-DEGS2
DEK	gene-DEK
DELE1	gene-DELE1
DENND10	gene-DENND10
DENND11	gene-DENND11
DENND1A	gene-DENND1A
DENND1B	gene-DENND1B
DENND1C	gene-DENND1C
DENND2A	gene-DENND2A
DENND2B	gene-DENND2B
DENND2C	gene-DENND2C
DENND2D	gene-DENND2D
DENND3	gene-DENND3
DENND4A	gene-DENND4A
DENND4B	gene-DENND4B
DENND4C	gene-DENND4C
DENND5A	gene-DENND5A
DENND5B	gene-DENND5B
DENND6A	gene-DENND6A
DENND6B	gene-DENND6B
DENR	gene-DENR
DEPDC1	gene-DEPDC1
DEPDC1B	gene-DEPDC1B
DEPDC5	gene-DEPDC5
DEPDC7	gene-DEPDC7
DEPTOR	gene-DEPTOR
DERL1	gene-DERL1
DERL2	gene-DERL2
DERL3	gene-DERL3
DES	gene-DES
DESI1	gene-DESI1
DESI2	gene-DESI2
DET1	gene-DET1
DEUP1	gene-DEUP1
DEXI	gene-DEXI
DFFA	gene-DFFA
DFFB	gene-DFFB
DGAT1	gene-DGAT1
DGAT2	gene-DGAT2
DGCR2	gene-DGCR2
DGCR8	gene-DGCR8
DGKA	gene-DGKA
DGKD	gene-DGKD
DGKE	gene-DGKE
DGKH	gene-DGKH
DGKI	gene-DGKI
DGKQ	gene-DGKQ
DGKZ	gene-DGKZ
DGUOK	gene-DGUOK
DHCR24	gene-DHCR24
DHCR7	gene-DHCR7
DHDDS	gene-DHDDS
DHDH	gene-DHDH
DHH	gene-DHH
DHODH	gene-DHODH
DHPS	gene-DHPS
DHRS1	gene-DHRS1
DHRS11	gene-DHRS11
DHRS13	gene-DHRS13
DHRS2	gene-DHRS2
DHRS3	gene-DHRS3
DHRS7	gene-DHRS7
DHRS7B	gene-DHRS7B
DHRS9	gene-DHRS9
DHRSX	gene-DHRSX
DHTKD1	gene-DHTKD1
DHX15	gene-DHX15
DHX16	gene-DHX16
DHX29	gene-DHX29
DHX30	gene-DHX30
DHX32	gene-DHX32
DHX33	gene-DHX33
DHX34	gene-DHX34
DHX35	gene-DHX35
DHX36	gene-DHX36
DHX37	gene-DHX37
DHX38	gene-DHX38
DHX40	gene-DHX40
DHX57	gene-DHX57
DHX58	gene-DHX58
DHX8	gene-DHX8
DHX9	gene-DHX9
DIABLO	gene-DIABLO
DIAPH1	gene-DIAPH1
DIAPH2	gene-DIAPH2
DIAPH3	gene-DIAPH3
DICER1	gene-DICER1
DIDO1	gene-DIDO1
DIMT1	gene-DIMT1
DIO2	gene-DIO2
DIP2A	gene-DIP2A
DIP2B	gene-DIP2B
DIP2C	gene-DIP2C
DIPK1A	gene-DIPK1A
DIRAS1	gene-DIRAS1
DIS3	gene-DIS3
DIS3L	gene-DIS3L
DIS3L2	gene-DIS3L2
DISP1	gene-DISP1
DISP3	gene-DISP3
DIXDC1	gene-DIXDC1
DKC1	gene-DKC1
DKK4	gene-DKK4
DKKL1	gene-DKKL1
DLA-64	gene-DLA-64
DLA-79	gene-DLA-79
DLA-DMA	gene-DLA-DMA
DLA-DOA	gene-DLA-DOA
DLA-DQA1	gene-DLA-DQA1
DLA-DRA	gene-DLA-DRA
DLA88	gene-DLA88
DLAT	gene-DLAT
DLC1	gene-DLC1
DLD	gene-DLD
DLEC1	gene-DLEC1
DLG1	gene-DLG1
DLG4	gene-DLG4
DLG5	gene-DLG5
DLGAP2	gene-DLGAP2
DLGAP3	gene-DLGAP3
DLGAP4	gene-DLGAP4
DLGAP5	gene-DLGAP5
DLK2	gene-DLK2
DLL1	gene-DLL1
DLL4	gene-DLL4
DLST	gene-DLST
DLX1	gene-DLX1
DLX2	gene-DLX2
DLX5	gene-DLX5
DMAC1	gene-DMAC1
DMAC2	gene-DMAC2
DMAC2L	gene-DMAC2L
DMAP1	gene-DMAP1
DMC1	gene-DMC1
DMD	gene-DMD
DMP1	gene-DMP1
DMPK	gene-DMPK
DMRT2	gene-DMRT2
DMTF1	gene-DMTF1
DMTN	gene-DMTN
DMWD	gene-DMWD
DMXL1	gene-DMXL1
DMXL2	gene-DMXL2
DNA2	gene-DNA2
DNAAF1	gene-DNAAF1
DNAAF3	gene-DNAAF3
DNAAF4	gene-DNAAF4
DNAAF5	gene-DNAAF5
DNAH1	gene-DNAH1
DNAH10	gene-DNAH10
DNAH11	gene-DNAH11
DNAH17	gene-DNAH17
DNAH2	gene-DNAH2
DNAH3	gene-DNAH3
DNAH6	gene-DNAH6
DNAH8	gene-DNAH8
DNAI4	gene-DNAI4
DNAJA1	gene-DNAJA1
DNAJA3	gene-DNAJA3
DNAJA4	gene-DNAJA4
DNAJB1	gene-DNAJB1
DNAJB11	gene-DNAJB11
DNAJB12	gene-DNAJB12
DNAJB13	gene-DNAJB13
DNAJB14	gene-DNAJB14
DNAJB2	gene-DNAJB2
DNAJB4	gene-DNAJB4
DNAJB5	gene-DNAJB5
DNAJB6	gene-DNAJB6
DNAJB7	gene-DNAJB7
DNAJB9	gene-DNAJB9
DNAJC1	gene-DNAJC1
DNAJC10	gene-DNAJC10
DNAJC11	gene-DNAJC11
DNAJC12	gene-DNAJC12
DNAJC13	gene-DNAJC13
DNAJC16	gene-DNAJC16
DNAJC17	gene-DNAJC17
DNAJC18	gene-DNAJC18
DNAJC19	gene-DNAJC19
DNAJC2	gene-DNAJC2
DNAJC21	gene-DNAJC21
DNAJC25	gene-DNAJC25
DNAJC27	gene-DNAJC27
DNAJC3	gene-DNAJC3
DNAJC30	gene-DNAJC30
DNAJC4	gene-DNAJC4
DNAJC5B	gene-DNAJC5B
DNAJC6	gene-DNAJC6
DNAJC7	gene-DNAJC7
DNAJC8	gene-DNAJC8
DNAJC9	gene-DNAJC9
DNAL1	gene-DNAL1
DNAL4	gene-DNAL4
DNALI1	gene-DNALI1
DNASE1	gene-DNASE1
DNASE1L1	gene-DNASE1L1
DNASE1L2	gene-DNASE1L2
DNASE2	gene-DNASE2
DND1	gene-DND1
DNER	gene-DNER
DNLZ	gene-DNLZ
DNM1	gene-DNM1
DNM1L	gene-DNM1L
DNM2	gene-DNM2
DNM3	gene-DNM3
DNMBP	gene-DNMBP
DNMT1	gene-DNMT1
DNMT3A	gene-DNMT3A
DNMT3B	gene-DNMT3B
DNPEP	gene-DNPEP
DNPH1	gene-DNPH1
DNTT	gene-DNTT
DNTTIP1	gene-DNTTIP1
DNTTIP2	gene-DNTTIP2
DOC2A	gene-DOC2A
DOC2B	gene-DOC2B
DOCK1	gene-DOCK1
DOCK10	gene-DOCK10
DOCK11	gene-DOCK11
DOCK2	gene-DOCK2
DOCK3	gene-DOCK3
DOCK4	gene-DOCK4
DOCK5	gene-DOCK5
DOCK6	gene-DOCK6
DOCK7	gene-DOCK7
DOCK8	gene-DOCK8
DOCK9	gene-DOCK9
DOHH	gene-DOHH
DOK1	gene-DOK1
DOK2	gene-DOK2
DOK3	gene-DOK3
DOK4	gene-DOK4
DOLK	gene-DOLK
DOLPP1	gene-DOLPP1
DOP1A	gene-DOP1A
DOP1B	gene-DOP1B
DOT1L	gene-DOT1L
DPAGT1	gene-DPAGT1
DPCD	gene-DPCD
DPEP1	gene-DPEP1
DPF1	gene-DPF1
DPF2	gene-DPF2
DPF3	gene-DPF3
DPH1	gene-DPH1
DPH2	gene-DPH2
DPH3	gene-DPH3
DPH5	gene-DPH5
DPH6	gene-DPH6
DPH7	gene-DPH7
DPM1	gene-DPM1
DPM2	gene-DPM2
DPP3	gene-DPP3
DPP4	gene-DPP4
DPP7	gene-DPP7
DPP8	gene-DPP8
DPP9	gene-DPP9
DPY19L1	gene-DPY19L1
DPY19L3	gene-DPY19L3
DPY19L4	gene-DPY19L4
DPY30	gene-DPY30
DPYD	gene-DPYD
DPYSL2	gene-DPYSL2
DPYSL3	gene-DPYSL3
DQX1	gene-DQX1
DR1	gene-DR1
DRAM1	gene-DRAM1
DRAM2	gene-DRAM2
DRAP1	gene-DRAP1
DRG1	gene-DRG1
DRG2	gene-DRG2
DRGX	gene-DRGX
DROSHA	gene-DROSHA
DSCAML1	gene-DSCAML1
DSCC1	gene-DSCC1
DSE	gene-DSE
DSG2	gene-DSG2
DSN1	gene-DSN1
DST	gene-DST
DSTN	gene-DSTN
DSTYK	gene-DSTYK
DTD2	gene-DTD2
DTHD1	gene-DTHD1
DTL	gene-DTL
DTNA	gene-DTNA
DTNBP1	gene-DTNBP1
DTWD1	gene-DTWD1
DTX2	gene-DTX2
DTX3	gene-DTX3
DTX3L	gene-DTX3L
DTX4	gene-DTX4
DTYMK	gene-DTYMK
DUOX1	gene-DUOX1
DUS1L	gene-DUS1L
DUS2	gene-DUS2
DUS3L	gene-DUS3L
DUS4L	gene-DUS4L
DUSP1	gene-DUSP1
DUSP10	gene-DUSP10
DUSP11	gene-DUSP11
DUSP12	gene-DUSP12
DUSP14	gene-DUSP14
DUSP16	gene-DUSP16
DUSP19	gene-DUSP19
DUSP2	gene-DUSP2
DUSP22	gene-DUSP22
DUSP3	gene-DUSP3
DUSP4	gene-DUSP4
DUSP5	gene-DUSP5
DUSP6	gene-DUSP6
DUSP8	gene-DUSP8
DUSP9	gene-DUSP9
DUT	gene-DUT
DVL1	gene-DVL1
DVL2	gene-DVL2
DVL3	gene-DVL3
DXO	gene-DXO
DYM	gene-DYM
DYNC1H1	gene-DYNC1H1
DYNC1I1	gene-DYNC1I1
DYNC1I2	gene-DYNC1I2
DYNC1LI1	gene-DYNC1LI1
DYNC1LI2	gene-DYNC1LI2
DYNC2H1	gene-DYNC2H1
DYNC2I1	gene-DYNC2I1
DYNC2I2	gene-DYNC2I2
DYNC2LI1	gene-DYNC2LI1
DYNLL2	gene-DYNLL2
DYNLRB1	gene-DYNLRB1
DYNLRB2	gene-DYNLRB2
DYNLT1	gene-DYNLT1
DYNLT3	gene-DYNLT3
DYNLT4	gene-DYNLT4
DYRK1A	gene-DYRK1A
DYRK1B	gene-DYRK1B
DYRK2	gene-DYRK2
DYRK3	gene-DYRK3
DYSF	gene-DYSF
DZANK1	gene-DZANK1
DZIP1	gene-DZIP1
DZIP3	gene-DZIP3
E2F2	gene-E2F2
E2F3	gene-E2F3
E2F4	gene-E2F4
E2F5	gene-E2F5
E2F6	gene-E2F6
E2F7	gene-E2F7
E2F8	gene-E2F8
E4F1	gene-E4F1
EAF1	gene-EAF1
EAF2	gene-EAF2
EARS2	gene-EARS2
EBAG9	gene-EBAG9
EBF1	gene-EBF1
EBF4	gene-EBF4
EBI3	gene-EBI3
EBNA1BP2	gene-EBNA1BP2
EBPL	gene-EBPL
ECD	gene-ECD
ECE1	gene-ECE1
ECEL1	gene-ECEL1
ECHDC1	gene-ECHDC1
ECHDC2	gene-ECHDC2
ECHDC3	gene-ECHDC3
ECHS1	gene-ECHS1
ECI1	gene-ECI1
ECI2	gene-ECI2
ECM1	gene-ECM1
ECM2	gene-ECM2
ECPAS	gene-ECPAS
ECRG4	gene-ECRG4
ECSIT	gene-ECSIT
ECT2	gene-ECT2
EDA	gene-EDA
EDAR	gene-EDAR
EDARADD	gene-EDARADD
EDC3	gene-EDC3
EDC4	gene-EDC4
EDEM1	gene-EDEM1
EDEM2	gene-EDEM2
EDEM3	gene-EDEM3
EDF1	gene-EDF1
EDRF1	gene-EDRF1
EEA1	gene-EEA1
EED	gene-EED
EEF1A1	gene-EEF1A1
EEF1AKMT1	gene-EEF1AKMT1
EEF1B2	gene-EEF1B2
EEF1D	gene-EEF1D
EEF2	gene-EEF2
EEF2K	gene-EEF2K
EEFSEC	gene-EEFSEC
EEPD1	gene-EEPD1
EFCAB10	gene-EFCAB10
EFCAB11	gene-EFCAB11
EFCAB14	gene-EFCAB14
EFCAB3	gene-EFCAB3
EFCAB5	gene-EFCAB5
EFCAB7	gene-EFCAB7
EFCAB8	gene-EFCAB8
EFEMP1	gene-EFEMP1
EFEMP2	gene-EFEMP2
EFHB	gene-EFHB
EFHC1	gene-EFHC1
EFHC2	gene-EFHC2
EFHD1	gene-EFHD1
EFHD2	gene-EFHD2
EFL1	gene-EFL1
EFNA1	gene-EFNA1
EFNA5	gene-EFNA5
EFNB1	gene-EFNB1
EFNB2	gene-EFNB2
EFNB3	gene-EFNB3
EFR3A	gene-EFR3A
EFR3B	gene-EFR3B
EFS	gene-EFS
EFTUD2	gene-EFTUD2
EGFL6	gene-EGFL6
EGFL7	gene-EGFL7
EGFL8	gene-EGFL8
EGFLAM	gene-EGFLAM
EGLN1	gene-EGLN1
EGLN2	gene-EGLN2
EGLN3	gene-EGLN3
EGR1	gene-EGR1
EGR2	gene-EGR2
EGR3	gene-EGR3
EGR4	gene-EGR4
EHBP1	gene-EHBP1
EHBP1L1	gene-EHBP1L1
EHD1	gene-EHD1
EHD2	gene-EHD2
EHD3	gene-EHD3
EHD4	gene-EHD4
EHHADH	gene-EHHADH
EHMT1	gene-EHMT1
EHMT2	gene-EHMT2
EI24	gene-EI24
EID1	gene-EID1
EIF1	gene-EIF1
EIF1AD	gene-EIF1AD
EIF1AX	gene-EIF1AX
EIF1B	gene-EIF1B
EIF2A	gene-EIF2A
EIF2AK1	gene-EIF2AK1
EIF2AK2	gene-EIF2AK2
EIF2AK3	gene-EIF2AK3
EIF2AK4	gene-EIF2AK4
EIF2B1	gene-EIF2B1
EIF2B2	gene-EIF2B2
EIF2B3	gene-EIF2B3
EIF2B4	gene-EIF2B4
EIF2B5	gene-EIF2B5
EIF2D	gene-EIF2D
EIF2S1	gene-EIF2S1
EIF2S2	gene-EIF2S2
EIF2S3	gene-EIF2S3
EIF3A	gene-EIF3A
EIF3B	gene-EIF3B
EIF3D	gene-EIF3D
EIF3E	gene-EIF3E
EIF3F	gene-EIF3F
EIF3G	gene-EIF3G
EIF3H	gene-EIF3H
EIF3I	gene-EIF3I
EIF3J	gene-EIF3J
EIF3K	gene-EIF3K
EIF3L	gene-EIF3L
EIF3M	gene-EIF3M
EIF4A1	gene-EIF4A1
EIF4A2	gene-EIF4A2
EIF4A3	gene-EIF4A3
EIF4B	gene-EIF4B
EIF4E	gene-EIF4E
EIF4E2	gene-EIF4E2
EIF4E3	gene-EIF4E3
EIF4EBP1	gene-EIF4EBP1
EIF4EBP2	gene-EIF4EBP2
EIF4EBP3	gene-EIF4EBP3
EIF4ENIF1	gene-EIF4ENIF1
EIF4G1	gene-EIF4G1
EIF4G2	gene-EIF4G2
EIF4G3	gene-EIF4G3
EIF4H	gene-EIF4H
EIF5A2	gene-EIF5A2
EIF5B	gene-EIF5B
EIF6	gene-EIF6
EIPR1	gene-EIPR1
ELAC1	gene-ELAC1
ELAC2	gene-ELAC2
ELANE	gene-ELANE
ELAPOR1	gene-ELAPOR1
ELF1	gene-ELF1
ELF2	gene-ELF2
ELF3	gene-ELF3
ELF4	gene-ELF4
ELFN2	gene-ELFN2
ELK1	gene-ELK1
ELK3	gene-ELK3
ELK4	gene-ELK4
ELL	gene-ELL
ELL2	gene-ELL2
ELL3	gene-ELL3
ELMO1	gene-ELMO1
ELMO2	gene-ELMO2
ELMO3	gene-ELMO3
ELMOD2	gene-ELMOD2
ELMOD3	gene-ELMOD3
ELOA	gene-ELOA
ELOB	gene-ELOB
ELOC	gene-ELOC
ELOF1	gene-ELOF1
ELOVL1	gene-ELOVL1
ELOVL2	gene-ELOVL2
ELOVL4	gene-ELOVL4
ELOVL5	gene-ELOVL5
ELOVL6	gene-ELOVL6
ELP1	gene-ELP1
ELP2	gene-ELP2
ELP3	gene-ELP3
ELP4	gene-ELP4
ELP5	gene-ELP5
ELP6	gene-ELP6
ELSPBP1	gene-ELSPBP1
EMB	gene-EMB
EMC1	gene-EMC1
EMC10	gene-EMC10
EMC3	gene-EMC3
EMC4	gene-EMC4
EMC6	gene-EMC6
EMC7	gene-EMC7
EMC8	gene-EMC8
EMC9	gene-EMC9
EMD	gene-EMD
EME1	gene-EME1
EMG1	gene-EMG1
EMID1	gene-EMID1
EMILIN1	gene-EMILIN1
EML1	gene-EML1
EML2	gene-EML2
EML3	gene-EML3
EML4	gene-EML4
EML5	gene-EML5
EML6	gene-EML6
EMP1	gene-EMP1
EMP2	gene-EMP2
EMP3	gene-EMP3
EMR4	gene-EMR4
EMSY	gene-EMSY
EMX2	gene-EMX2
ENAH	gene-ENAH
ENAM	gene-ENAM
ENC1	gene-ENC1
ENDOD1	gene-ENDOD1
ENDOG	gene-ENDOG
ENDOU	gene-ENDOU
ENDOV	gene-ENDOV
ENG	gene-ENG
ENGASE	gene-ENGASE
ENKD1	gene-ENKD1
ENO1	gene-ENO1
ENO2	gene-ENO2
ENO3	gene-ENO3
ENOPH1	gene-ENOPH1
ENOSF1	gene-ENOSF1
ENOX1	gene-ENOX1
ENOX2	gene-ENOX2
ENPEP	gene-ENPEP
ENPP1	gene-ENPP1
ENPP2	gene-ENPP2
ENPP3	gene-ENPP3
ENPP4	gene-ENPP4
ENPP5	gene-ENPP5
ENPP7	gene-ENPP7
ENSA	gene-ENSA
ENTHD1	gene-ENTHD1
ENTPD1	gene-ENTPD1
ENTPD2	gene-ENTPD2
ENTPD3	gene-ENTPD3
ENTPD4	gene-ENTPD4
ENTPD5	gene-ENTPD5
ENTPD6	gene-ENTPD6
ENTPD7	gene-ENTPD7
ENTR1	gene-ENTR1
ENY2	gene-ENY2
EOGT	gene-EOGT
EOMES	gene-EOMES
EP300	gene-EP300
EP400	gene-EP400
EPAS1	gene-EPAS1
EPB41	gene-EPB41
EPB41L1	gene-EPB41L1
EPB41L2	gene-EPB41L2
EPB41L4A	gene-EPB41L4A
EPB41L4B	gene-EPB41L4B
EPB41L5	gene-EPB41L5
EPC1	gene-EPC1
EPC2	gene-EPC2
EPCAM	gene-EPCAM
EPDR1	gene-EPDR1
EPG5	gene-EPG5
EPGN	gene-EPGN
EPHA2	gene-EPHA2
EPHA4	gene-EPHA4
EPHA8	gene-EPHA8
EPHB6	gene-EPHB6
EPHX1	gene-EPHX1
EPHX2	gene-EPHX2
EPHX3	gene-EPHX3
EPM2A	gene-EPM2A
EPM2AIP1	gene-EPM2AIP1
EPN1	gene-EPN1
EPN2	gene-EPN2
EPN3	gene-EPN3
EPOP	gene-EPOP
EPOR	gene-EPOR
EPRS1	gene-EPRS1
EPS15	gene-EPS15
EPS15L1	gene-EPS15L1
EPS8	gene-EPS8
EPS8L1	gene-EPS8L1
EPS8L2	gene-EPS8L2
EPSTI1	gene-EPSTI1
EPYC	gene-EPYC
ERAL1	gene-ERAL1
ERAP1	gene-ERAP1
ERAP2	gene-ERAP2
ERAS	gene-ERAS
ERBB2	gene-ERBB2
ERBB3	gene-ERBB3
ERBIN	gene-ERBIN
ERC1	gene-ERC1
ERCC1	gene-ERCC1
ERCC2	gene-ERCC2
ERCC3	gene-ERCC3
ERCC4	gene-ERCC4
ERCC6	gene-ERCC6
ERCC6L	gene-ERCC6L
ERCC6L2	gene-ERCC6L2
ERCC8	gene-ERCC8
ERF	gene-ERF
ERG28	gene-ERG28
ERGIC1	gene-ERGIC1
ERGIC2	gene-ERGIC2
ERGIC3	gene-ERGIC3
ERH	gene-ERH
ERI1	gene-ERI1
ERI2	gene-ERI2
ERI3	gene-ERI3
ERICH1	gene-ERICH1
ERICH4	gene-ERICH4
ERICH6B	gene-ERICH6B
ERLEC1	gene-ERLEC1
ERLIN1	gene-ERLIN1
ERLIN2	gene-ERLIN2
ERMARD	gene-ERMARD
ERMN	gene-ERMN
ERMP1	gene-ERMP1
ERN1	gene-ERN1
ERN2	gene-ERN2
ERO1A	gene-ERO1A
ERO1B	gene-ERO1B
ERP27	gene-ERP27
ERP29	gene-ERP29
ERP44	gene-ERP44
ERRFI1	gene-ERRFI1
ESAM	gene-ESAM
ESCO1	gene-ESCO1
ESCO2	gene-ESCO2
ESD	gene-ESD
ESF1	gene-ESF1
ESM1	gene-ESM1
ESPL1	gene-ESPL1
ESPN	gene-ESPN
ESR1	gene-ESR1
ESRP1	gene-ESRP1
ESRP2	gene-ESRP2
ESRRA	gene-ESRRA
ESRRG	gene-ESRRG
ESS2	gene-ESS2
ESYT1	gene-ESYT1
ESYT2	gene-ESYT2
ESYT3	gene-ESYT3
ETAA1	gene-ETAA1
ETF1	gene-ETF1
ETFA	gene-ETFA
ETFB	gene-ETFB
ETFBKMT	gene-ETFBKMT
ETFDH	gene-ETFDH
ETFRF1	gene-ETFRF1
ETHE1	gene-ETHE1
ETNK1	gene-ETNK1
ETNK2	gene-ETNK2
ETS1	gene-ETS1
ETS2	gene-ETS2
ETV1	gene-ETV1
ETV2	gene-ETV2
ETV3	gene-ETV3
ETV4	gene-ETV4
ETV5	gene-ETV5
ETV6	gene-ETV6
ETV7	gene-ETV7
EVA1B	gene-EVA1B
EVC	gene-EVC
EVC2	gene-EVC2
EVI2B	gene-EVI2B
EVI5L	gene-EVI5L
EVL	gene-EVL
EVPL	gene-EVPL
EWSR1	gene-EWSR1
EXD1	gene-EXD1
EXD2	gene-EXD2
EXD3	gene-EXD3
EXO1	gene-EXO1
EXOC1	gene-EXOC1
EXOC2	gene-EXOC2
EXOC3	gene-EXOC3
EXOC3L1	gene-EXOC3L1
EXOC4	gene-EXOC4
EXOC5	gene-EXOC5
EXOC6	gene-EXOC6
EXOC6B	gene-EXOC6B
EXOC7	gene-EXOC7
EXOC8	gene-EXOC8
EXOG	gene-EXOG
EXOSC1	gene-EXOSC1
EXOSC10	gene-EXOSC10
EXOSC2	gene-EXOSC2
EXOSC3	gene-EXOSC3
EXOSC4	gene-EXOSC4
EXOSC5	gene-EXOSC5
EXOSC6	gene-EXOSC6
EXOSC7	gene-EXOSC7
EXOSC8	gene-EXOSC8
EXOSC9	gene-EXOSC9
EXT1	gene-EXT1
EXT2	gene-EXT2
EXTL2	gene-EXTL2
EXTL3	gene-EXTL3
EYA2	gene-EYA2
EYA3	gene-EYA3
EZH1	gene-EZH1
EZH2	gene-EZH2
EZR	gene-EZR
F10	gene-F10
F11	gene-F11
F11R	gene-F11R
F12	gene-F12
F2R	gene-F2R
F2RL1	gene-F2RL1
F2RL2	gene-F2RL2
F2RL3	gene-F2RL3
F3	gene-F3
F5	gene-F5
F8	gene-F8
FAAH	gene-FAAH
FAAP100	gene-FAAP100
FAAP24	gene-FAAP24
FABP3	gene-FABP3
FADS1	gene-FADS1
FADS2	gene-FADS2
FADS6	gene-FADS6
FAF1	gene-FAF1
FAF2	gene-FAF2
FAH	gene-FAH
FAHD1	gene-FAHD1
FAIM	gene-FAIM
FAM102A	gene-FAM102A
FAM102B	gene-FAM102B
FAM104A	gene-FAM104A
FAM107A	gene-FAM107A
FAM107B	gene-FAM107B
FAM110A	gene-FAM110A
FAM110B	gene-FAM110B
FAM111B	gene-FAM111B
FAM114A1	gene-FAM114A1
FAM114A2	gene-FAM114A2
FAM117A	gene-FAM117A
FAM117B	gene-FAM117B
FAM118A	gene-FAM118A
FAM118B	gene-FAM118B
FAM120A	gene-FAM120A
FAM120B	gene-FAM120B
FAM126A	gene-FAM126A
FAM126B	gene-FAM126B
FAM131A	gene-FAM131A
FAM131B	gene-FAM131B
FAM131C	gene-FAM131C
FAM133A	gene-FAM133A
FAM135A	gene-FAM135A
FAM13A	gene-FAM13A
FAM13B	gene-FAM13B
FAM149B1	gene-FAM149B1
FAM151A	gene-FAM151A
FAM151B	gene-FAM151B
FAM155B	gene-FAM155B
FAM160A1	gene-FAM160A1
FAM160A2	gene-FAM160A2
FAM160B1	gene-FAM160B1
FAM160B2	gene-FAM160B2
FAM161A	gene-FAM161A
FAM161B	gene-FAM161B
FAM162A	gene-FAM162A
FAM167A	gene-FAM167A
FAM168A	gene-FAM168A
FAM168B	gene-FAM168B
FAM169A	gene-FAM169A
FAM171A1	gene-FAM171A1
FAM171A2	gene-FAM171A2
FAM171B	gene-FAM171B
FAM172A	gene-FAM172A
FAM174A	gene-FAM174A
FAM177A1	gene-FAM177A1
FAM177B	gene-FAM177B
FAM178B	gene-FAM178B
FAM184A	gene-FAM184A
FAM185A	gene-FAM185A
FAM186B	gene-FAM186B
FAM189A1	gene-FAM189A1
FAM189A2	gene-FAM189A2
FAM189B	gene-FAM189B
FAM193A	gene-FAM193A
FAM193B	gene-FAM193B
FAM199X	gene-FAM199X
FAM204A	gene-FAM204A
FAM207A	gene-FAM207A
FAM20B	gene-FAM20B
FAM20C	gene-FAM20C
FAM210A	gene-FAM210A
FAM210B	gene-FAM210B
FAM214A	gene-FAM214A
FAM214B	gene-FAM214B
FAM216A	gene-FAM216A
FAM217B	gene-FAM217B
FAM219A	gene-FAM219A
FAM219B	gene-FAM219B
FAM221A	gene-FAM221A
FAM222A	gene-FAM222A
FAM222B	gene-FAM222B
FAM227B	gene-FAM227B
FAM229A	gene-FAM229A
FAM234A	gene-FAM234A
FAM234B	gene-FAM234B
FAM241A	gene-FAM241A
FAM3A	gene-FAM3A
FAM3C	gene-FAM3C
FAM43A	gene-FAM43A
FAM50A	gene-FAM50A
FAM53A	gene-FAM53A
FAM53B	gene-FAM53B
FAM71B	gene-FAM71B
FAM71E1	gene-FAM71E1
FAM71F1	gene-FAM71F1
FAM76A	gene-FAM76A
FAM76B	gene-FAM76B
FAM78A	gene-FAM78A
FAM78B	gene-FAM78B
FAM81A	gene-FAM81A
FAM83C	gene-FAM83C
FAM83D	gene-FAM83D
FAM83F	gene-FAM83F
FAM83G	gene-FAM83G
FAM83H	gene-FAM83H
FAM89B	gene-FAM89B
FAM8A1	gene-FAM8A1
FAM91A1	gene-FAM91A1
FAM98A	gene-FAM98A
FAM98B	gene-FAM98B
FAM98C	gene-FAM98C
FAN1	gene-FAN1
FANCA	gene-FANCA
FANCB	gene-FANCB
FANCC	gene-FANCC
FANCD2	gene-FANCD2
FANCE	gene-FANCE
FANCF	gene-FANCF
FANCG	gene-FANCG
FANCI	gene-FANCI
FANCL	gene-FANCL
FANCM	gene-FANCM
FAP	gene-FAP
FAR1	gene-FAR1
FAR2	gene-FAR2
FARP1	gene-FARP1
FARP2	gene-FARP2
FARS2	gene-FARS2
FARSA	gene-FARSA
FARSB	gene-FARSB
FAS	gene-FAS
FASLG	gene-FASLG
FASN	gene-FASN
FASTK	gene-FASTK
FASTKD1	gene-FASTKD1
FASTKD2	gene-FASTKD2
FASTKD3	gene-FASTKD3
FASTKD5	gene-FASTKD5
FAT1	gene-FAT1
FAT2	gene-FAT2
FAT4	gene-FAT4
FAU	gene-FAU
FAXC	gene-FAXC
FAXDC2	gene-FAXDC2
FBF1	gene-FBF1
FBH1	gene-FBH1
FBL	gene-FBL
FBLIM1	gene-FBLIM1
FBLL1	gene-FBLL1
FBLN1	gene-FBLN1
FBLN2	gene-FBLN2
FBLN5	gene-FBLN5
FBN1	gene-FBN1
FBN3	gene-FBN3
FBP1	gene-FBP1
FBP2	gene-FBP2
FBRS	gene-FBRS
FBRSL1	gene-FBRSL1
FBXL12	gene-FBXL12
FBXL14	gene-FBXL14
FBXL15	gene-FBXL15
FBXL16	gene-FBXL16
FBXL17	gene-FBXL17
FBXL18	gene-FBXL18
FBXL19	gene-FBXL19
FBXL2	gene-FBXL2
FBXL20	gene-FBXL20
FBXL3	gene-FBXL3
FBXL4	gene-FBXL4
FBXL5	gene-FBXL5
FBXL6	gene-FBXL6
FBXL7	gene-FBXL7
FBXO10	gene-FBXO10
FBXO11	gene-FBXO11
FBXO15	gene-FBXO15
FBXO17	gene-FBXO17
FBXO2	gene-FBXO2
FBXO21	gene-FBXO21
FBXO24	gene-FBXO24
FBXO25	gene-FBXO25
FBXO27	gene-FBXO27
FBXO28	gene-FBXO28
FBXO3	gene-FBXO3
FBXO30	gene-FBXO30
FBXO31	gene-FBXO31
FBXO32	gene-FBXO32
FBXO33	gene-FBXO33
FBXO34	gene-FBXO34
FBXO36	gene-FBXO36
FBXO38	gene-FBXO38
FBXO4	gene-FBXO4
FBXO40	gene-FBXO40
FBXO41	gene-FBXO41
FBXO42	gene-FBXO42
FBXO43	gene-FBXO43
FBXO45	gene-FBXO45
FBXO46	gene-FBXO46
FBXO47	gene-FBXO47
FBXO48	gene-FBXO48
FBXO5	gene-FBXO5
FBXO6	gene-FBXO6
FBXO7	gene-FBXO7
FBXO8	gene-FBXO8
FBXO9	gene-FBXO9
FBXW11	gene-FBXW11
FBXW2	gene-FBXW2
FBXW4	gene-FBXW4
FBXW5	gene-FBXW5
FBXW7	gene-FBXW7
FBXW8	gene-FBXW8
FBXW9	gene-FBXW9
FCER1A	gene-FCER1A
FCER1G	gene-FCER1G
FCER2	gene-FCER2
FCGRT	gene-FCGRT
FCHO1	gene-FCHO1
FCHO2	gene-FCHO2
FCHSD1	gene-FCHSD1
FCHSD2	gene-FCHSD2
FCMR	gene-FCMR
FCRL1	gene-FCRL1
FCRL2	gene-FCRL2
FCRL4	gene-FCRL4
FCRL5	gene-FCRL5
FCRLA	gene-FCRLA
FCSK	gene-FCSK
FDFT1	gene-FDFT1
FDPS	gene-FDPS
FDX1	gene-FDX1
FDXR	gene-FDXR
FECH	gene-FECH
FEM1A	gene-FEM1A
FEM1B	gene-FEM1B
FEM1C	gene-FEM1C
FEN1	gene-FEN1
FER	gene-FER
FERMT1	gene-FERMT1
FERMT2	gene-FERMT2
FERMT3	gene-FERMT3
FES	gene-FES
FEZ1	gene-FEZ1
FEZ2	gene-FEZ2
FFAR2	gene-FFAR2
FGA	gene-FGA
FGD1	gene-FGD1
FGD2	gene-FGD2
FGD3	gene-FGD3
FGD4	gene-FGD4
FGD6	gene-FGD6
FGF11	gene-FGF11
FGF16	gene-FGF16
FGF18	gene-FGF18
FGF21	gene-FGF21
FGF3	gene-FGF3
FGF8	gene-FGF8
FGFR1	gene-FGFR1
FGFR1OP2	gene-FGFR1OP2
FGFR2	gene-FGFR2
FGFR3	gene-FGFR3
FGFR4	gene-FGFR4
FGFRL1	gene-FGFRL1
FGGY	gene-FGGY
FGL2	gene-FGL2
FGR	gene-FGR
FH	gene-FH
FHAD1	gene-FHAD1
FHDC1	gene-FHDC1
FHIT	gene-FHIT
FHL1	gene-FHL1
FHL2	gene-FHL2
FHL3	gene-FHL3
FHOD1	gene-FHOD1
FHOD3	gene-FHOD3
FIBP	gene-FIBP
FICD	gene-FICD
FIG4	gene-FIG4
FIGNL1	gene-FIGNL1
FILIP1L	gene-FILIP1L
FIP1L1	gene-FIP1L1
FIS1	gene-FIS1
FITM1	gene-FITM1
FITM2	gene-FITM2
FIZ1	gene-FIZ1
FKBP10	gene-FKBP10
FKBP11	gene-FKBP11
FKBP15	gene-FKBP15
FKBP1A	gene-FKBP1A
FKBP1B	gene-FKBP1B
FKBP2	gene-FKBP2
FKBP3	gene-FKBP3
FKBP4	gene-FKBP4
FKBP5	gene-FKBP5
FKBP7	gene-FKBP7
FKBP9	gene-FKBP9
FKBPL	gene-FKBPL
FKRP	gene-FKRP
FKTN	gene-FKTN
FLACC1	gene-FLACC1
FLAD1	gene-FLAD1
FLCN	gene-FLCN
FLI1	gene-FLI1
FLII	gene-FLII
FLNA	gene-FLNA
FLNB	gene-FLNB
FLNC	gene-FLNC
FLOT1	gene-FLOT1
FLRT1	gene-FLRT1
FLT1	gene-FLT1
FLT3	gene-FLT3
FLT3LG	gene-FLT3LG
FLT4	gene-FLT4
FLVCR1	gene-FLVCR1
FLVCR2	gene-FLVCR2
FLYWCH1	gene-FLYWCH1
FLYWCH2	gene-FLYWCH2
FMC1	gene-FMC1
FMN1	gene-FMN1
FMN2	gene-FMN2
FMNL1	gene-FMNL1
FMNL2	gene-FMNL2
FMNL3	gene-FMNL3
FMO4	gene-FMO4
FMO5	gene-FMO5
FMOD	gene-FMOD
FMR1	gene-FMR1
FN1	gene-FN1
FN3K	gene-FN3K
FN3KRP	gene-FN3KRP
FNBP1	gene-FNBP1
FNBP1L	gene-FNBP1L
FNBP4	gene-FNBP4
FNDC1	gene-FNDC1
FNDC11	gene-FNDC11
FNDC3A	gene-FNDC3A
FNDC3B	gene-FNDC3B
FNDC4	gene-FNDC4
FNDC5	gene-FNDC5
FNDC7	gene-FNDC7
FNDC8	gene-FNDC8
FNDC9	gene-FNDC9
FNIP1	gene-FNIP1
FNIP2	gene-FNIP2
FNTA	gene-FNTA
FOCAD	gene-FOCAD
FOS	gene-FOS
FOSB	gene-FOSB
FOSL1	gene-FOSL1
FOSL2	gene-FOSL2
FOXA1	gene-FOXA1
FOXA2	gene-FOXA2
FOXB1	gene-FOXB1
FOXC2	gene-FOXC2
FOXF1	gene-FOXF1
FOXF2	gene-FOXF2
FOXH1	gene-FOXH1
FOXI1	gene-FOXI1
FOXJ1	gene-FOXJ1
FOXJ2	gene-FOXJ2
FOXJ3	gene-FOXJ3
FOXK1	gene-FOXK1
FOXK2	gene-FOXK2
FOXM1	gene-FOXM1
FOXN2	gene-FOXN2
FOXN3	gene-FOXN3
FOXN4	gene-FOXN4
FOXO1	gene-FOXO1
FOXO3	gene-FOXO3
FOXO4	gene-FOXO4
FOXP1	gene-FOXP1
FOXP2	gene-FOXP2
FOXP3	gene-FOXP3
FOXP4	gene-FOXP4
FOXRED1	gene-FOXRED1
FOXRED2	gene-FOXRED2
FOXS1	gene-FOXS1
FPGS	gene-FPGS
FPGT	gene-FPGT
FRA10AC1	gene-FRA10AC1
FRAS1	gene-FRAS1
FRAT1	gene-FRAT1
FREM1	gene-FREM1
FRG1	gene-FRG1
FRMD3	gene-FRMD3
FRMD4A	gene-FRMD4A
FRMD4B	gene-FRMD4B
FRMD5	gene-FRMD5
FRMD6	gene-FRMD6
FRMD7	gene-FRMD7
FRMD8	gene-FRMD8
FRMPD1	gene-FRMPD1
FRRS1	gene-FRRS1
FRS2	gene-FRS2
FRS3	gene-FRS3
FRY	gene-FRY
FRYL	gene-FRYL
FSCN1	gene-FSCN1
FSCN2	gene-FSCN2
FSD1	gene-FSD1
FSD1L	gene-FSD1L
FSD2	gene-FSD2
FSIP1	gene-FSIP1
FST	gene-FST
FSTL1	gene-FSTL1
FSTL3	gene-FSTL3
FSTL4	gene-FSTL4
FTL	gene-FTL
FTO	gene-FTO
FTSJ1	gene-FTSJ1
FTSJ3	gene-FTSJ3
FUBP3	gene-FUBP3
FUCA1	gene-FUCA1
FUCA2	gene-FUCA2
FUNDC1	gene-FUNDC1
FUNDC2	gene-FUNDC2
FURIN	gene-FURIN
FUS	gene-FUS
FUT1	gene-FUT1
FUT10	gene-FUT10
FUT11	gene-FUT11
FUT4	gene-FUT4
FUT7	gene-FUT7
FUT8	gene-FUT8
FXN	gene-FXN
FXR1	gene-FXR1
FXR2	gene-FXR2
FXYD1	gene-FXYD1
FXYD2	gene-FXYD2
FXYD5	gene-FXYD5
FXYD6	gene-FXYD6
FYB1	gene-FYB1
FYCO1	gene-FYCO1
FYN	gene-FYN
FYTTD1	gene-FYTTD1
FZD1	gene-FZD1
FZD10	gene-FZD10
FZD2	gene-FZD2
FZD3	gene-FZD3
FZD4	gene-FZD4
FZD5	gene-FZD5
FZD6	gene-FZD6
FZD7	gene-FZD7
FZD8	gene-FZD8
FZD9	gene-FZD9
FZR1	gene-FZR1
G2E3	gene-G2E3
G3BP1	gene-G3BP1
G3BP2	gene-G3BP2
G6PC3	gene-G6PC3
G6PD	gene-G6PD
GAA	gene-GAA
GAB1	gene-GAB1
GAB2	gene-GAB2
GAB3	gene-GAB3
GABARAP	gene-GABARAP
GABARAPL1	gene-GABARAPL1
GABARAPL2	gene-GABARAPL2
GABBR1	gene-GABBR1
GABPA	gene-GABPA
GABPB1	gene-GABPB1
GABPB2	gene-GABPB2
GABRB1	gene-GABRB1
GABRR2	gene-GABRR2
GAD2	gene-GAD2
GADD45A	gene-GADD45A
GADD45B	gene-GADD45B
GADD45G	gene-GADD45G
GADD45GIP1	gene-GADD45GIP1
GAK	gene-GAK
GAL3ST2	gene-GAL3ST2
GAL3ST3	gene-GAL3ST3
GAL3ST4	gene-GAL3ST4
GALC	gene-GALC
GALE	gene-GALE
GALK1	gene-GALK1
GALK2	gene-GALK2
GALM	gene-GALM
GALNS	gene-GALNS
GALNT1	gene-GALNT1
GALNT10	gene-GALNT10
GALNT11	gene-GALNT11
GALNT12	gene-GALNT12
GALNT14	gene-GALNT14
GALNT15	gene-GALNT15
GALNT17	gene-GALNT17
GALNT2	gene-GALNT2
GALNT3	gene-GALNT3
GALNT5	gene-GALNT5
GALNT6	gene-GALNT6
GALNTL5	gene-GALNTL5
GALR1	gene-GALR1
GALT	gene-GALT
GAN	gene-GAN
GANAB	gene-GANAB
GANC	gene-GANC
GAPDH	gene-GAPDH
GAPVD1	gene-GAPVD1
GAR1	gene-GAR1
GAREM1	gene-GAREM1
GAREM2	gene-GAREM2
GARNL3	gene-GARNL3
GARRE1	gene-GARRE1
GARS1	gene-GARS1
GAS1	gene-GAS1
GAS2L1	gene-GAS2L1
GAS2L2	gene-GAS2L2
GAS2L3	gene-GAS2L3
GAS6	gene-GAS6
GAS7	gene-GAS7
GAS8	gene-GAS8
GASK1A	gene-GASK1A
GATA1	gene-GATA1
GATA2	gene-GATA2
GATA3	gene-GATA3
GATA4	gene-GATA4
GATAD1	gene-GATAD1
GATAD2A	gene-GATAD2A
GATAD2B	gene-GATAD2B
GATB	gene-GATB
GATM	gene-GATM
GBA	gene-GBA
GBA2	gene-GBA2
GBE1	gene-GBE1
GBF1	gene-GBF1
GBGT1	gene-GBGT1
GBP1	gene-GBP1
GBP6	gene-GBP6
GCA	gene-GCA
GCAT	gene-GCAT
GCC1	gene-GCC1
GCC2	gene-GCC2
GCDH	gene-GCDH
GCFC2	gene-GCFC2
GCG	gene-GCG
GCH1	gene-GCH1
GCHFR	gene-GCHFR
GCKR	gene-GCKR
GCLC	gene-GCLC
GCN1	gene-GCN1
GCNA	gene-GCNA
GCNT2	gene-GCNT2
GCNT4	gene-GCNT4
GCSAM	gene-GCSAM
GCSH	gene-GCSH
GDA	gene-GDA
GDAP2	gene-GDAP2
GDE1	gene-GDE1
GDF11	gene-GDF11
GDF6	gene-GDF6
GDF9	gene-GDF9
GDI1	gene-GDI1
GDI2	gene-GDI2
GDPD1	gene-GDPD1
GDPD2	gene-GDPD2
GDPD3	gene-GDPD3
GDPD4	gene-GDPD4
GDPD5	gene-GDPD5
GDPGP1	gene-GDPGP1
GEM	gene-GEM
GEMIN2	gene-GEMIN2
GEMIN4	gene-GEMIN4
GEMIN5	gene-GEMIN5
GEMIN6	gene-GEMIN6
GEN1	gene-GEN1
GET3	gene-GET3
GET4	gene-GET4
GFAP	gene-GFAP
GFI1	gene-GFI1
GFM1	gene-GFM1
GFM2	gene-GFM2
GFOD1	gene-GFOD1
GFOD2	gene-GFOD2
GFPT1	gene-GFPT1
GFRA2	gene-GFRA2
GFRA3	gene-GFRA3
GFRA4	gene-GFRA4
GFUS	gene-GFUS
GFY	gene-GFY
GGA1	gene-GGA1
GGA2	gene-GGA2
GGA3	gene-GGA3
GGACT	gene-GGACT
GGCT	gene-GGCT
GGCX	gene-GGCX
GGH	gene-GGH
GGN	gene-GGN
GGNBP2	gene-GGNBP2
GGPS1	gene-GGPS1
GGT5	gene-GGT5
GGT6	gene-GGT6
GGTA1	gene-GGTA1
GH1	gene-GH1
GHDC	gene-GHDC
GHITM	gene-GHITM
GHR	gene-GHR
GHRH	gene-GHRH
GHRHR	gene-GHRHR
GID4	gene-GID4
GID8	gene-GID8
GIGYF1	gene-GIGYF1
GIGYF2	gene-GIGYF2
GIMAP1	gene-GIMAP1
GIMAP2	gene-GIMAP2
GIMAP4	gene-GIMAP4
GIMAP8	gene-GIMAP8
GIN1	gene-GIN1
GINM1	gene-GINM1
GINS1	gene-GINS1
GINS2	gene-GINS2
GINS3	gene-GINS3
GINS4	gene-GINS4
GIPC1	gene-GIPC1
GIPC2	gene-GIPC2
GIT1	gene-GIT1
GIT2	gene-GIT2
GJA1	gene-GJA1
GJA10	gene-GJA10
GJA8	gene-GJA8
GJA9	gene-GJA9
GJB1	gene-GJB1
GJB2	gene-GJB2
GJC1	gene-GJC1
GJC2	gene-GJC2
GJD2	gene-GJD2
GK5	gene-GK5
GKAP1	gene-GKAP1
GLA	gene-GLA
GLB1	gene-GLB1
GLB1L	gene-GLB1L
GLB1L3	gene-GLB1L3
GLCCI1	gene-GLCCI1
GLCE	gene-GLCE
GLE1	gene-GLE1
GLG1	gene-GLG1
GLI1	gene-GLI1
GLI2	gene-GLI2
GLI3	gene-GLI3
GLI4	gene-GLI4
GLIPR1	gene-GLIPR1
GLIPR1L2	gene-GLIPR1L2
GLIS1	gene-GLIS1
GLIS2	gene-GLIS2
GLMN	gene-GLMN
GLMP	gene-GLMP
GLO1	gene-GLO1
GLOD4	gene-GLOD4
GLOD5	gene-GLOD5
GLRX	gene-GLRX
GLRX2	gene-GLRX2
GLRX3	gene-GLRX3
GLRX5	gene-GLRX5
GLS	gene-GLS
GLS2	gene-GLS2
GLT1D1	gene-GLT1D1
GLT6D1	gene-GLT6D1
GLT8D1	gene-GLT8D1
GLT8D2	gene-GLT8D2
GLTPD2	gene-GLTPD2
GLUL	gene-GLUL
GLYAT	gene-GLYAT
GLYATL3	gene-GLYATL3
GLYCTK	gene-GLYCTK
GLYR1	gene-GLYR1
GM2A	gene-GM2A
GMDS	gene-GMDS
GMEB1	gene-GMEB1
GMEB2	gene-GMEB2
GMFB	gene-GMFB
GMFG	gene-GMFG
GMIP	gene-GMIP
GMNN	gene-GMNN
GMPPA	gene-GMPPA
GMPPB	gene-GMPPB
GMPR	gene-GMPR
GMPR2	gene-GMPR2
GMPS	gene-GMPS
GNA12	gene-GNA12
GNA13	gene-GNA13
GNA14	gene-GNA14
GNA15	gene-GNA15
GNAI1	gene-GNAI1
GNAI2	gene-GNAI2
GNAI3	gene-GNAI3
GNAL	gene-GNAL
GNAO1	gene-GNAO1
GNAQ	gene-GNAQ
GNAS	gene-GNAS
GNAZ	gene-GNAZ
GNB1	gene-GNB1
GNB1L	gene-GNB1L
GNB2	gene-GNB2
GNB3	gene-GNB3
GNB4	gene-GNB4
GNB5	gene-GNB5
GNE	gene-GNE
GNG10	gene-GNG10
GNG11	gene-GNG11
GNG2	gene-GNG2
GNG3	gene-GNG3
GNG4	gene-GNG4
GNGT2	gene-GNGT2
GNL1	gene-GNL1
GNL2	gene-GNL2
GNL3	gene-GNL3
GNL3L	gene-GNL3L
GNMT	gene-GNMT
GNPAT	gene-GNPAT
GNPDA1	gene-GNPDA1
GNPDA2	gene-GNPDA2
GNPNAT1	gene-GNPNAT1
GNPTAB	gene-GNPTAB
GNPTG	gene-GNPTG
GNS	gene-GNS
GOLGA1	gene-GOLGA1
GOLGA3	gene-GOLGA3
GOLGA4	gene-GOLGA4
GOLGA5	gene-GOLGA5
GOLGA7	gene-GOLGA7
GOLGA7B	gene-GOLGA7B
GOLGB1	gene-GOLGB1
GOLIM4	gene-GOLIM4
GOLM1	gene-GOLM1
GOLM2	gene-GOLM2
GOLPH3	gene-GOLPH3
GOLPH3L	gene-GOLPH3L
GOLT1B	gene-GOLT1B
GON7	gene-GON7
GOPC	gene-GOPC
GORAB	gene-GORAB
GORASP1	gene-GORASP1
GORASP2	gene-GORASP2
GOSR1	gene-GOSR1
GOT1	gene-GOT1
GOT2	gene-GOT2
GPA33	gene-GPA33
GPAA1	gene-GPAA1
GPALPP1	gene-GPALPP1
GPAM	gene-GPAM
GPANK1	gene-GPANK1
GPAT2	gene-GPAT2
GPAT3	gene-GPAT3
GPAT4	gene-GPAT4
GPATCH1	gene-GPATCH1
GPATCH2	gene-GPATCH2
GPATCH2L	gene-GPATCH2L
GPATCH3	gene-GPATCH3
GPATCH4	gene-GPATCH4
GPATCH8	gene-GPATCH8
GPBAR1	gene-GPBAR1
GPBP1	gene-GPBP1
GPBP1L1	gene-GPBP1L1
GPC1	gene-GPC1
GPC2	gene-GPC2
GPC3	gene-GPC3
GPC4	gene-GPC4
GPCPD1	gene-GPCPD1
GPD1	gene-GPD1
GPD1L	gene-GPD1L
GPD2	gene-GPD2
GPER1	gene-GPER1
GPHA2	gene-GPHA2
GPHN	gene-GPHN
GPI	gene-GPI
GPLD1	gene-GPLD1
GPM6A	gene-GPM6A
GPM6B	gene-GPM6B
GPN2	gene-GPN2
GPN3	gene-GPN3
GPNMB	gene-GPNMB
GPR1	gene-GPR1
GPR107	gene-GPR107
GPR108	gene-GPR108
GPR132	gene-GPR132
GPR137	gene-GPR137
GPR137B	gene-GPR137B
GPR137C	gene-GPR137C
GPR141	gene-GPR141
GPR146	gene-GPR146
GPR149	gene-GPR149
GPR15	gene-GPR15
GPR151	gene-GPR151
GPR152	gene-GPR152
GPR153	gene-GPR153
GPR155	gene-GPR155
GPR157	gene-GPR157
GPR160	gene-GPR160
GPR161	gene-GPR161
GPR162	gene-GPR162
GPR171	gene-GPR171
GPR173	gene-GPR173
GPR176	gene-GPR176
GPR179	gene-GPR179
GPR18	gene-GPR18
GPR180	gene-GPR180
GPR182	gene-GPR182
GPR183	gene-GPR183
GPR19	gene-GPR19
GPR31	gene-GPR31
GPR39	gene-GPR39
GPR45	gene-GPR45
GPR52	gene-GPR52
GPR55	gene-GPR55
GPR61	gene-GPR61
GPR63	gene-GPR63
GPR65	gene-GPR65
GPR68	gene-GPR68
GPR82	gene-GPR82
GPR83	gene-GPR83
GPR84	gene-GPR84
GPR85	gene-GPR85
GPR87	gene-GPR87
GPRASP1	gene-GPRASP1
GPRASP2	gene-GPRASP2
GPRC5B	gene-GPRC5B
GPRC5C	gene-GPRC5C
GPRC5D	gene-GPRC5D
GPRIN1	gene-GPRIN1
GPRIN3	gene-GPRIN3
GPS1	gene-GPS1
GPS2	gene-GPS2
GPSM1	gene-GPSM1
GPSM2	gene-GPSM2
GPSM3	gene-GPSM3
GPT	gene-GPT
GPX1	gene-GPX1
GPX2	gene-GPX2
GPX3	gene-GPX3
GPX8	gene-GPX8
GRAMD1A	gene-GRAMD1A
GRAMD1B	gene-GRAMD1B
GRAMD1C	gene-GRAMD1C
GRAMD2B	gene-GRAMD2B
GRAMD4	gene-GRAMD4
GRAP2	gene-GRAP2
GRB10	gene-GRB10
GRB2	gene-GRB2
GRB7	gene-GRB7
GREB1	gene-GREB1
GREB1L	gene-GREB1L
GRHL1	gene-GRHL1
GRHL2	gene-GRHL2
GRHL3	gene-GRHL3
GRHPR	gene-GRHPR
GRID1	gene-GRID1
GRID2IP	gene-GRID2IP
GRIN2B	gene-GRIN2B
GRIN2C	gene-GRIN2C
GRIN2D	gene-GRIN2D
GRINA	gene-GRINA
GRIPAP1	gene-GRIPAP1
GRK1	gene-GRK1
GRK2	gene-GRK2
GRK3	gene-GRK3
GRK5	gene-GRK5
GRK6	gene-GRK6
GRM2	gene-GRM2
GRM5	gene-GRM5
GRN	gene-GRN
GRPEL1	gene-GRPEL1
GRPR	gene-GRPR
GRSF1	gene-GRSF1
GRWD1	gene-GRWD1
GSAP	gene-GSAP
GSDMA	gene-GSDMA
GSDMC	gene-GSDMC
GSDMD	gene-GSDMD
GSDME	gene-GSDME
GSE1	gene-GSE1
GSG1L	gene-GSG1L
GSK3A	gene-GSK3A
GSK3B	gene-GSK3B
GSKIP	gene-GSKIP
GSN	gene-GSN
GSPT1	gene-GSPT1
GSPT2	gene-GSPT2
GSR	gene-GSR
GSS	gene-GSS
GSTA4	gene-GSTA4
GSTCD	gene-GSTCD
GSTO1	gene-GSTO1
GSTP1	gene-GSTP1
GSTZ1	gene-GSTZ1
GTDC1	gene-GTDC1
GTF2A1	gene-GTF2A1
GTF2A2	gene-GTF2A2
GTF2B	gene-GTF2B
GTF2E1	gene-GTF2E1
GTF2E2	gene-GTF2E2
GTF2F1	gene-GTF2F1
GTF2F2	gene-GTF2F2
GTF2H1	gene-GTF2H1
GTF2H3	gene-GTF2H3
GTF2H5	gene-GTF2H5
GTF2I	gene-GTF2I
GTF2IRD1	gene-GTF2IRD1
GTF3A	gene-GTF3A
GTF3C1	gene-GTF3C1
GTF3C2	gene-GTF3C2
GTF3C3	gene-GTF3C3
GTF3C4	gene-GTF3C4
GTPBP1	gene-GTPBP1
GTPBP10	gene-GTPBP10
GTPBP2	gene-GTPBP2
GTPBP3	gene-GTPBP3
GTPBP4	gene-GTPBP4
GTPBP6	gene-GTPBP6
GTPBP8	gene-GTPBP8
GTSE1	gene-GTSE1
GUCA1B	gene-GUCA1B
GUCY1B1	gene-GUCY1B1
GUF1	gene-GUF1
GUK1	gene-GUK1
GUSB	gene-GUSB
GVQW3	gene-GVQW3
GXYLT1	gene-GXYLT1
GXYLT2	gene-GXYLT2
GYG1	gene-GYG1
GYG2	gene-GYG2
GYPC	gene-GYPC
GYS1	gene-GYS1
GZF1	gene-GZF1
GZMA	gene-GZMA
GZMB	gene-GZMB
GZMK	gene-GZMK
H1-0	gene-H1-0
H1-4	gene-H1-4
H1-5	gene-H1-5
H1-7	gene-H1-7
H2AC11	gene-H2AC11
H2AC13	gene-H2AC13
H2AC14	gene-H2AC14
H2AC15	gene-H2AC15
H2AC17	gene-H2AC17
H2AC21	gene-H2AC21
H2AC5	gene-H2AC5
H2AC6	gene-H2AC6
H2AC9	gene-H2AC9
H2AJ	gene-H2AJ
H2AW	gene-H2AW
H2AX	gene-H2AX
H2AZ1	gene-H2AZ1
H2AZ2	gene-H2AZ2
H2BC13	gene-H2BC13
H2BC14	gene-H2BC14
H2BC15	gene-H2BC15
H2BC18	gene-H2BC18
H2BC20	gene-H2BC20
H2BC21	gene-H2BC21
H2BC4	gene-H2BC4
H2BC8	gene-H2BC8
H2BU1	gene-H2BU1
H2BU2	gene-H2BU2
H3-3A	gene-H3-3A
H3C1	gene-H3C1
H3C13	gene-H3C13
H3C8	gene-H3C8
H4-16	gene-H4-16
H4C11	gene-H4C11
H4C12	gene-H4C12
H4C13	gene-H4C13
H4C4	gene-H4C4
H4C8	gene-H4C8
H4C9	gene-H4C9
H6PD	gene-H6PD
HAAO	gene-HAAO
HABP4	gene-HABP4
HACD2	gene-HACD2
HACD3	gene-HACD3
HACD4	gene-HACD4
HACE1	gene-HACE1
HADH	gene-HADH
HADHA	gene-HADHA
HAGH	gene-HAGH
HAGHL	gene-HAGHL
HAND1	gene-HAND1
HAP1	gene-HAP1
HAPLN3	gene-HAPLN3
HAPLN4	gene-HAPLN4
HARBI1	gene-HARBI1
HARS1	gene-HARS1
HARS2	gene-HARS2
HAS3	gene-HAS3
HASPIN	gene-HASPIN
HAT1	gene-HAT1
HAUS1	gene-HAUS1
HAUS2	gene-HAUS2
HAUS3	gene-HAUS3
HAUS5	gene-HAUS5
HAUS6	gene-HAUS6
HAUS7	gene-HAUS7
HAUS8	gene-HAUS8
HAVCR1	gene-HAVCR1
HAVCR2	gene-HAVCR2
HAX1	gene-HAX1
HBEGF	gene-HBEGF
HBP1	gene-HBP1
HBS1L	gene-HBS1L
HCCS	gene-HCCS
HCFC1	gene-HCFC1
HCFC1R1	gene-HCFC1R1
HCFC2	gene-HCFC2
HCK	gene-HCK
HCLS1	gene-HCLS1
HCN2	gene-HCN2
HCN3	gene-HCN3
HCRT	gene-HCRT
HCRTR1	gene-HCRTR1
HCST	gene-HCST
HDAC1	gene-HDAC1
HDAC10	gene-HDAC10
HDAC11	gene-HDAC11
HDAC2	gene-HDAC2
HDAC3	gene-HDAC3
HDAC4	gene-HDAC4
HDAC5	gene-HDAC5
HDAC6	gene-HDAC6
HDAC7	gene-HDAC7
HDAC8	gene-HDAC8
HDAC9	gene-HDAC9
HDDC2	gene-HDDC2
HDDC3	gene-HDDC3
HDGF	gene-HDGF
HDGFL2	gene-HDGFL2
HDGFL3	gene-HDGFL3
HDHD2	gene-HDHD2
HDHD3	gene-HDHD3
HDHD5	gene-HDHD5
HDLBP	gene-HDLBP
HEATR1	gene-HEATR1
HEATR3	gene-HEATR3
HEATR4	gene-HEATR4
HEATR5A	gene-HEATR5A
HEATR5B	gene-HEATR5B
HEATR6	gene-HEATR6
HEBP2	gene-HEBP2
HECA	gene-HECA
HECTD1	gene-HECTD1
HECTD2	gene-HECTD2
HECTD3	gene-HECTD3
HECTD4	gene-HECTD4
HECW2	gene-HECW2
HEG1	gene-HEG1
HELB	gene-HELB
HELLS	gene-HELLS
HELQ	gene-HELQ
HELZ	gene-HELZ
HELZ2	gene-HELZ2
HEMGN	gene-HEMGN
HEMK1	gene-HEMK1
HENMT1	gene-HENMT1
HEPACAM2	gene-HEPACAM2
HEPH	gene-HEPH
HEPHL1	gene-HEPHL1
HERC1	gene-HERC1
HERC2	gene-HERC2
HERC3	gene-HERC3
HERC4	gene-HERC4
HERC6	gene-HERC6
HERPUD1	gene-HERPUD1
HERPUD2	gene-HERPUD2
HEXB	gene-HEXB
HEXD	gene-HEXD
HEXIM1	gene-HEXIM1
HEXIM2	gene-HEXIM2
HEY1	gene-HEY1
HFE	gene-HFE
HFM1	gene-HFM1
HGD	gene-HGD
HGF	gene-HGF
HGS	gene-HGS
HGSNAT	gene-HGSNAT
HHAT	gene-HHAT
HHEX	gene-HHEX
HIBADH	gene-HIBADH
HIBCH	gene-HIBCH
HIC1	gene-HIC1
HIC2	gene-HIC2
HID1	gene-HID1
HIF1A	gene-HIF1A
HIF1AN	gene-HIF1AN
HIF3A	gene-HIF3A
HIKESHI	gene-HIKESHI
HINFP	gene-HINFP
HINT2	gene-HINT2
HIP1	gene-HIP1
HIP1R	gene-HIP1R
HIPK1	gene-HIPK1
HIPK2	gene-HIPK2
HIPK3	gene-HIPK3
HIPK4	gene-HIPK4
HIRA	gene-HIRA
HIRIP3	gene-HIRIP3
HIVEP1	gene-HIVEP1
HIVEP2	gene-HIVEP2
HIVEP3	gene-HIVEP3
HJURP	gene-HJURP
HK1	gene-HK1
HK2	gene-HK2
HK3	gene-HK3
HKDC1	gene-HKDC1
HLCS	gene-HLCS
HLF	gene-HLF
HLTF	gene-HLTF
HLX	gene-HLX
HM13	gene-HM13
HMBOX1	gene-HMBOX1
HMBS	gene-HMBS
HMCES	gene-HMCES
HMCN2	gene-HMCN2
HMG20A	gene-HMG20A
HMG20B	gene-HMG20B
HMGA1	gene-HMGA1
HMGB1	gene-HMGB1
HMGB2	gene-HMGB2
HMGB3	gene-HMGB3
HMGCL	gene-HMGCL
HMGCR	gene-HMGCR
HMGCS1	gene-HMGCS1
HMGN1	gene-HMGN1
HMGN3	gene-HMGN3
HMGN4	gene-HMGN4
HMGXB3	gene-HMGXB3
HMGXB4	gene-HMGXB4
HMMR	gene-HMMR
HMOX1	gene-HMOX1
HMOX2	gene-HMOX2
HMX1	gene-HMX1
HMX2	gene-HMX2
HNF1A	gene-HNF1A
HNF1B	gene-HNF1B
HNF4A	gene-HNF4A
HNRNPA0	gene-HNRNPA0
HNRNPA2B1	gene-HNRNPA2B1
HNRNPA3	gene-HNRNPA3
HNRNPAB	gene-HNRNPAB
HNRNPD	gene-HNRNPD
HNRNPDL	gene-HNRNPDL
HNRNPF	gene-HNRNPF
HNRNPH1	gene-HNRNPH1
HNRNPH2	gene-HNRNPH2
HNRNPH3	gene-HNRNPH3
HNRNPK	gene-HNRNPK
HNRNPL	gene-HNRNPL
HNRNPLL	gene-HNRNPLL
HNRNPM	gene-HNRNPM
HNRNPR	gene-HNRNPR
HNRNPU	gene-HNRNPU
HNRNPUL1	gene-HNRNPUL1
HOMER1	gene-HOMER1
HOMER2	gene-HOMER2
HOMER3	gene-HOMER3
HOMEZ	gene-HOMEZ
HOOK1	gene-HOOK1
HOOK2	gene-HOOK2
HOOK3	gene-HOOK3
HOPX	gene-HOPX
HORMAD2	gene-HORMAD2
HOXA11	gene-HOXA11
HOXA5	gene-HOXA5
HOXB2	gene-HOXB2
HOXB3	gene-HOXB3
HOXB4	gene-HOXB4
HOXB5	gene-HOXB5
HOXB6	gene-HOXB6
HOXB7	gene-HOXB7
HOXB9	gene-HOXB9
HOXC11	gene-HOXC11
HOXC13	gene-HOXC13
HOXC4	gene-HOXC4
HOXC6	gene-HOXC6
HOXD10	gene-HOXD10
HP1BP3	gene-HP1BP3
HPCAL1	gene-HPCAL1
HPCAL4	gene-HPCAL4
HPDL	gene-HPDL
HPF1	gene-HPF1
HPN	gene-HPN
HPRT1	gene-HPRT1
HPS1	gene-HPS1
HPS3	gene-HPS3
HPS4	gene-HPS4
HPS5	gene-HPS5
HPS6	gene-HPS6
HPSE	gene-HPSE
HR	gene-HR
HRAS	gene-HRAS
HRH1	gene-HRH1
HRH2	gene-HRH2
HRH4	gene-HRH4
HROB	gene-HROB
HS1BP3	gene-HS1BP3
HS3ST2	gene-HS3ST2
HS6ST1	gene-HS6ST1
HS6ST2	gene-HS6ST2
HSBP1	gene-HSBP1
HSCB	gene-HSCB
HSD11B1	gene-HSD11B1
HSD11B1L	gene-HSD11B1L
HSD17B1	gene-HSD17B1
HSD17B10	gene-HSD17B10
HSD17B12	gene-HSD17B12
HSD17B13	gene-HSD17B13
HSD17B4	gene-HSD17B4
HSD17B6	gene-HSD17B6
HSD17B7	gene-HSD17B7
HSD3B7	gene-HSD3B7
HSDL1	gene-HSDL1
HSDL2	gene-HSDL2
HSF1	gene-HSF1
HSF2	gene-HSF2
HSF2BP	gene-HSF2BP
HSF4	gene-HSF4
HSF5	gene-HSF5
HSH2D	gene-HSH2D
HSP90AA1	gene-HSP90AA1
HSP90AB1	gene-HSP90AB1
HSP90B1	gene-HSP90B1
HSPA12A	gene-HSPA12A
HSPA12B	gene-HSPA12B
HSPA13	gene-HSPA13
HSPA14	gene-HSPA14
HSPA2	gene-HSPA2
HSPA4	gene-HSPA4
HSPA4L	gene-HSPA4L
HSPA5	gene-HSPA5
HSPA8	gene-HSPA8
HSPA9	gene-HSPA9
HSPB1	gene-HSPB1
HSPB11	gene-HSPB11
HSPB6	gene-HSPB6
HSPB8	gene-HSPB8
HSPBAP1	gene-HSPBAP1
HSPBP1	gene-HSPBP1
HSPG2	gene-HSPG2
HSPH1	gene-HSPH1
HTATIP2	gene-HTATIP2
HTATSF1	gene-HTATSF1
HTR1A	gene-HTR1A
HTR2A	gene-HTR2A
HTR2B	gene-HTR2B
HTR3B	gene-HTR3B
HTR6	gene-HTR6
HTR7	gene-HTR7
HTRA1	gene-HTRA1
HTRA2	gene-HTRA2
HTRA3	gene-HTRA3
HTRA4	gene-HTRA4
HTT	gene-HTT
HUS1	gene-HUS1
HUWE1	gene-HUWE1
HVCN1	gene-HVCN1
HYAL1	gene-HYAL1
HYAL2	gene-HYAL2
HYAL3	gene-HYAL3
HYDIN	gene-HYDIN
HYI	gene-HYI
HYKK	gene-HYKK
HYLS1	gene-HYLS1
HYOU1	gene-HYOU1
HYPK	gene-HYPK
IAH1	gene-IAH1
IARS1	gene-IARS1
IARS2	gene-IARS2
IBA57	gene-IBA57
IBTK	gene-IBTK
ICA1	gene-ICA1
ICA1L	gene-ICA1L
ICAM1	gene-ICAM1
ICAM2	gene-ICAM2
ICAM3	gene-ICAM3
ICAM5	gene-ICAM5
ICE1	gene-ICE1
ICE2	gene-ICE2
ICOS	gene-ICOS
ID1	gene-ID1
ID3	gene-ID3
IDE	gene-IDE
IDH1	gene-IDH1
IDH2	gene-IDH2
IDH3A	gene-IDH3A
IDH3B	gene-IDH3B
IDH3G	gene-IDH3G
IDNK	gene-IDNK
IDO1	gene-IDO1
IDS	gene-IDS
IDUA	gene-IDUA
IER2	gene-IER2
IER3	gene-IER3
IER5	gene-IER5
IER5L	gene-IER5L
IFFO1	gene-IFFO1
IFFO2	gene-IFFO2
IFGGB2	gene-IFGGB2
IFI30	gene-IFI30
IFI35	gene-IFI35
IFI44	gene-IFI44
IFI44L	gene-IFI44L
IFI6	gene-IFI6
IFIT2	gene-IFIT2
IFIT3	gene-IFIT3
IFIT5	gene-IFIT5
IFITM10	gene-IFITM10
IFNG	gene-IFNG
IFNGR1	gene-IFNGR1
IFNLR1	gene-IFNLR1
IFRD1	gene-IFRD1
IFRD2	gene-IFRD2
IFT122	gene-IFT122
IFT140	gene-IFT140
IFT172	gene-IFT172
IFT20	gene-IFT20
IFT22	gene-IFT22
IFT27	gene-IFT27
IFT43	gene-IFT43
IFT46	gene-IFT46
IFT52	gene-IFT52
IFT57	gene-IFT57
IFT74	gene-IFT74
IFT81	gene-IFT81
IFT88	gene-IFT88
IFTAP	gene-IFTAP
IGBP1	gene-IGBP1
IGDCC3	gene-IGDCC3
IGF1	gene-IGF1
IGF1R	gene-IGF1R
IGF2BP2	gene-IGF2BP2
IGF2BP3	gene-IGF2BP3
IGF2R	gene-IGF2R
IGFALS	gene-IGFALS
IGFBP2	gene-IGFBP2
IGFBP4	gene-IGFBP4
IGFBP5	gene-IGFBP5
IGFBP6	gene-IGFBP6
IGFBP7	gene-IGFBP7
IGFLR1	gene-IGFLR1
IGHMBP2	gene-IGHMBP2
IGSF10	gene-IGSF10
IGSF22	gene-IGSF22
IGSF3	gene-IGSF3
IGSF8	gene-IGSF8
IGSF9	gene-IGSF9
IGSF9B	gene-IGSF9B
IHO1	gene-IHO1
IK	gene-IK
IKBIP	gene-IKBIP
IKBKB	gene-IKBKB
IKBKE	gene-IKBKE
IKBKG	gene-IKBKG
IKZF1	gene-IKZF1
IKZF2	gene-IKZF2
IKZF3	gene-IKZF3
IKZF4	gene-IKZF4
IKZF5	gene-IKZF5
IL10	gene-IL10
IL10RA	gene-IL10RA
IL11	gene-IL11
IL12A	gene-IL12A
IL12RB1	gene-IL12RB1
IL12RB2	gene-IL12RB2
IL13	gene-IL13
IL13RA1	gene-IL13RA1
IL15	gene-IL15
IL15RA	gene-IL15RA
IL16	gene-IL16
IL17A	gene-IL17A
IL17B	gene-IL17B
IL17F	gene-IL17F
IL17RA	gene-IL17RA
IL17RB	gene-IL17RB
IL17RC	gene-IL17RC
IL17RD	gene-IL17RD
IL17RE	gene-IL17RE
IL17REL	gene-IL17REL
IL18	gene-IL18
IL18BP	gene-IL18BP
IL18R1	gene-IL18R1
IL18RAP	gene-IL18RAP
IL1R1	gene-IL1R1
IL1R2	gene-IL1R2
IL1RAP	gene-IL1RAP
IL1RL1	gene-IL1RL1
IL1RN	gene-IL1RN
IL2	gene-IL2
IL20RB	gene-IL20RB
IL21	gene-IL21
IL21R	gene-IL21R
IL22	gene-IL22
IL22RA2	gene-IL22RA2
IL23A	gene-IL23A
IL23R	gene-IL23R
IL26	gene-IL26
IL27	gene-IL27
IL27RA	gene-IL27RA
IL2RA	gene-IL2RA
IL2RB	gene-IL2RB
IL2RG	gene-IL2RG
IL34	gene-IL34
IL36G	gene-IL36G
IL37	gene-IL37
IL3RA	gene-IL3RA
IL4	gene-IL4
IL4I1	gene-IL4I1
IL4R	gene-IL4R
IL5	gene-IL5
IL5RA	gene-IL5RA
IL6	gene-IL6
IL6R	gene-IL6R
IL6ST	gene-IL6ST
IL7	gene-IL7
IL7R	gene-IL7R
IL9	gene-IL9
ILDR1	gene-ILDR1
ILDR2	gene-ILDR2
ILF2	gene-ILF2
ILF3	gene-ILF3
ILK	gene-ILK
ILKAP	gene-ILKAP
ILRUN	gene-ILRUN
ILVBL	gene-ILVBL
IMMP1L	gene-IMMP1L
IMMT	gene-IMMT
IMP3	gene-IMP3
IMP4	gene-IMP4
IMPA1	gene-IMPA1
IMPA2	gene-IMPA2
IMPACT	gene-IMPACT
IMPDH1	gene-IMPDH1
IMPDH2	gene-IMPDH2
IMPG2	gene-IMPG2
INA	gene-INA
INAFM2	gene-INAFM2
INCA1	gene-INCA1
INCENP	gene-INCENP
ING1	gene-ING1
ING2	gene-ING2
ING3	gene-ING3
ING4	gene-ING4
ING5	gene-ING5
INHA	gene-INHA
INHBA	gene-INHBA
INHBC	gene-INHBC
INHBE	gene-INHBE
INIP	gene-INIP
INKA1	gene-INKA1
INO80	gene-INO80
INO80C	gene-INO80C
INO80D	gene-INO80D
INO80E	gene-INO80E
INPP1	gene-INPP1
INPP4A	gene-INPP4A
INPP4B	gene-INPP4B
INPP5A	gene-INPP5A
INPP5B	gene-INPP5B
INPP5D	gene-INPP5D
INPP5E	gene-INPP5E
INPP5F	gene-INPP5F
INPP5J	gene-INPP5J
INPP5K	gene-INPP5K
INPPL1	gene-INPPL1
INSIG1	gene-INSIG1
INSIG2	gene-INSIG2
INSL6	gene-INSL6
INSR	gene-INSR
INSRR	gene-INSRR
INSYN1	gene-INSYN1
INSYN2B	gene-INSYN2B
INTS1	gene-INTS1
INTS10	gene-INTS10
INTS11	gene-INTS11
INTS12	gene-INTS12
INTS13	gene-INTS13
INTS14	gene-INTS14
INTS2	gene-INTS2
INTS3	gene-INTS3
INTS4	gene-INTS4
INTS5	gene-INTS5
INTS6	gene-INTS6
INTS6L	gene-INTS6L
INTS7	gene-INTS7
INTS8	gene-INTS8
INTS9	gene-INTS9
INTU	gene-INTU
INVS	gene-INVS
IP6K1	gene-IP6K1
IP6K2	gene-IP6K2
IPO11	gene-IPO11
IPO13	gene-IPO13
IPO4	gene-IPO4
IPO5	gene-IPO5
IPO7	gene-IPO7
IPO8	gene-IPO8
IPO9	gene-IPO9
IPP	gene-IPP
IPPK	gene-IPPK
IQCB1	gene-IQCB1
IQCC	gene-IQCC
IQCD	gene-IQCD
IQCE	gene-IQCE
IQCG	gene-IQCG
IQCK	gene-IQCK
IQCN	gene-IQCN
IQGAP1	gene-IQGAP1
IQGAP2	gene-IQGAP2
IQGAP3	gene-IQGAP3
IQSEC1	gene-IQSEC1
IQSEC2	gene-IQSEC2
IQUB	gene-IQUB
IRAG1	gene-IRAG1
IRAG2	gene-IRAG2
IRAK1	gene-IRAK1
IRAK1BP1	gene-IRAK1BP1
IRAK2	gene-IRAK2
IRAK3	gene-IRAK3
IRAK4	gene-IRAK4
IREB2	gene-IREB2
IRF1	gene-IRF1
IRF2	gene-IRF2
IRF2BP1	gene-IRF2BP1
IRF2BP2	gene-IRF2BP2
IRF3	gene-IRF3
IRF4	gene-IRF4
IRF5	gene-IRF5
IRF6	gene-IRF6
IRF8	gene-IRF8
IRGQ	gene-IRGQ
IRS2	gene-IRS2
IRS4	gene-IRS4
IRX3	gene-IRX3
IRX6	gene-IRX6
ISCA2	gene-ISCA2
ISCU	gene-ISCU
ISG15	gene-ISG15
ISG20	gene-ISG20
ISG20L2	gene-ISG20L2
ISLR2	gene-ISLR2
ISM1	gene-ISM1
ISOC1	gene-ISOC1
ISOC2	gene-ISOC2
IST1	gene-IST1
ISY1	gene-ISY1
ITCH	gene-ITCH
ITFG1	gene-ITFG1
ITFG2	gene-ITFG2
ITGA1	gene-ITGA1
ITGA10	gene-ITGA10
ITGA2	gene-ITGA2
ITGA2B	gene-ITGA2B
ITGA3	gene-ITGA3
ITGA4	gene-ITGA4
ITGA5	gene-ITGA5
ITGA6	gene-ITGA6
ITGA7	gene-ITGA7
ITGA8	gene-ITGA8
ITGA9	gene-ITGA9
ITGAE	gene-ITGAE
ITGAL	gene-ITGAL
ITGAM	gene-ITGAM
ITGAV	gene-ITGAV
ITGB1	gene-ITGB1
ITGB1BP1	gene-ITGB1BP1
ITGB1BP2	gene-ITGB1BP2
ITGB2	gene-ITGB2
ITGB3	gene-ITGB3
ITGB3BP	gene-ITGB3BP
ITGB4	gene-ITGB4
ITGB5	gene-ITGB5
ITGB6	gene-ITGB6
ITGB7	gene-ITGB7
ITGB8	gene-ITGB8
ITIH1	gene-ITIH1
ITIH2	gene-ITIH2
ITIH4	gene-ITIH4
ITIH5	gene-ITIH5
ITK	gene-ITK
ITM2B	gene-ITM2B
ITM2C	gene-ITM2C
ITPA	gene-ITPA
ITPK1	gene-ITPK1
ITPKA	gene-ITPKA
ITPKB	gene-ITPKB
ITPKC	gene-ITPKC
ITPR1	gene-ITPR1
ITPR2	gene-ITPR2
ITPR3	gene-ITPR3
ITPRID2	gene-ITPRID2
ITSN2	gene-ITSN2
IVD	gene-IVD
IWS1	gene-IWS1
IZUMO4	gene-IZUMO4
JADE1	gene-JADE1
JADE2	gene-JADE2
JADE3	gene-JADE3
JAG1	gene-JAG1
JAG2	gene-JAG2
JAGN1	gene-JAGN1
JAK1	gene-JAK1
JAK2	gene-JAK2
JAK3	gene-JAK3
JAKMIP1	gene-JAKMIP1
JAM3	gene-JAM3
JAML	gene-JAML
JARID2	gene-JARID2
JAZF1	gene-JAZF1
JCAD	gene-JCAD
JCHAIN	gene-JCHAIN
JDP2	gene-JDP2
JHY	gene-JHY
JKAMP	gene-JKAMP
JMJD1C	gene-JMJD1C
JMJD4	gene-JMJD4
JMJD6	gene-JMJD6
JMJD7	gene-JMJD7
JMJD8	gene-JMJD8
JMY	gene-JMY
JOSD1	gene-JOSD1
JOSD2	gene-JOSD2
JPH1	gene-JPH1
JPH3	gene-JPH3
JPH4	gene-JPH4
JPT1	gene-JPT1
JPT2	gene-JPT2
JRKL	gene-JRKL
JUNB	gene-JUNB
JUND	gene-JUND
JUP	gene-JUP
KALRN	gene-KALRN
KANK1	gene-KANK1
KANK2	gene-KANK2
KANK3	gene-KANK3
KANSL1	gene-KANSL1
KANSL1L	gene-KANSL1L
KANSL2	gene-KANSL2
KANSL3	gene-KANSL3
KARS1	gene-KARS1
KASH5	gene-KASH5
KAT14	gene-KAT14
KAT2A	gene-KAT2A
KAT2B	gene-KAT2B
KAT5	gene-KAT5
KAT6A	gene-KAT6A
KAT6B	gene-KAT6B
KAT7	gene-KAT7
KAT8	gene-KAT8
KATNA1	gene-KATNA1
KATNAL1	gene-KATNAL1
KATNB1	gene-KATNB1
KATNBL1	gene-KATNBL1
KATNIP	gene-KATNIP
KAZALD1	gene-KAZALD1
KBTBD12	gene-KBTBD12
KBTBD13	gene-KBTBD13
KBTBD2	gene-KBTBD2
KBTBD3	gene-KBTBD3
KBTBD4	gene-KBTBD4
KBTBD6	gene-KBTBD6
KBTBD7	gene-KBTBD7
KBTBD8	gene-KBTBD8
KCMF1	gene-KCMF1
KCNA2	gene-KCNA2
KCNAB1	gene-KCNAB1
KCNAB2	gene-KCNAB2
KCNAB3	gene-KCNAB3
KCNC2	gene-KCNC2
KCNC4	gene-KCNC4
KCND1	gene-KCND1
KCND3	gene-KCND3
KCNE3	gene-KCNE3
KCNG1	gene-KCNG1
KCNG3	gene-KCNG3
KCNH2	gene-KCNH2
KCNH3	gene-KCNH3
KCNH4	gene-KCNH4
KCNH7	gene-KCNH7
KCNIP2	gene-KCNIP2
KCNIP3	gene-KCNIP3
KCNIP4	gene-KCNIP4
KCNJ10	gene-KCNJ10
KCNJ11	gene-KCNJ11
KCNJ12	gene-KCNJ12
KCNJ13	gene-KCNJ13
KCNJ14	gene-KCNJ14
KCNJ2	gene-KCNJ2
KCNK1	gene-KCNK1
KCNK10	gene-KCNK10
KCNK12	gene-KCNK12
KCNK13	gene-KCNK13
KCNK15	gene-KCNK15
KCNK5	gene-KCNK5
KCNK6	gene-KCNK6
KCNK7	gene-KCNK7
KCNK9	gene-KCNK9
KCNMA1	gene-KCNMA1
KCNMB3	gene-KCNMB3
KCNN1	gene-KCNN1
KCNN2	gene-KCNN2
KCNN3	gene-KCNN3
KCNN4	gene-KCNN4
KCNQ1	gene-KCNQ1
KCNQ2	gene-KCNQ2
KCNQ4	gene-KCNQ4
KCNQ5	gene-KCNQ5
KCNS3	gene-KCNS3
KCNT2	gene-KCNT2
KCP	gene-KCP
KCTD1	gene-KCTD1
KCTD10	gene-KCTD10
KCTD12	gene-KCTD12
KCTD13	gene-KCTD13
KCTD15	gene-KCTD15
KCTD16	gene-KCTD16
KCTD17	gene-KCTD17
KCTD18	gene-KCTD18
KCTD2	gene-KCTD2
KCTD20	gene-KCTD20
KCTD21	gene-KCTD21
KCTD3	gene-KCTD3
KCTD5	gene-KCTD5
KCTD6	gene-KCTD6
KCTD9	gene-KCTD9
KDELR2	gene-KDELR2
KDELR3	gene-KDELR3
KDF1	gene-KDF1
KDM1A	gene-KDM1A
KDM1B	gene-KDM1B
KDM2A	gene-KDM2A
KDM2B	gene-KDM2B
KDM3A	gene-KDM3A
KDM3B	gene-KDM3B
KDM4A	gene-KDM4A
KDM4B	gene-KDM4B
KDM4C	gene-KDM4C
KDM5A	gene-KDM5A
KDM5B	gene-KDM5B
KDM5C	gene-KDM5C
KDM6A	gene-KDM6A
KDM6B	gene-KDM6B
KDM7A	gene-KDM7A
KDM8	gene-KDM8
KDR	gene-KDR
KDSR	gene-KDSR
KEAP1	gene-KEAP1
KEL	gene-KEL
KHDC4	gene-KHDC4
KHDRBS1	gene-KHDRBS1
KHDRBS3	gene-KHDRBS3
KHK	gene-KHK
KHNYN	gene-KHNYN
KHSRP	gene-KHSRP
KIAA0040	gene-KIAA0040
KIAA0100	gene-KIAA0100
KIAA0232	gene-KIAA0232
KIAA0319	gene-KIAA0319
KIAA0319L	gene-KIAA0319L
KIAA0513	gene-KIAA0513
KIAA0586	gene-KIAA0586
KIAA0753	gene-KIAA0753
KIAA0825	gene-KIAA0825
KIAA0895	gene-KIAA0895
KIAA0930	gene-KIAA0930
KIAA1109	gene-KIAA1109
KIAA1143	gene-KIAA1143
KIAA1191	gene-KIAA1191
KIAA1210	gene-KIAA1210
KIAA1217	gene-KIAA1217
KIAA1328	gene-KIAA1328
KIAA1549	gene-KIAA1549
KIAA1549L	gene-KIAA1549L
KIAA1614	gene-KIAA1614
KIAA1671	gene-KIAA1671
KIAA1841	gene-KIAA1841
KIAA1958	gene-KIAA1958
KIAA2012	gene-KIAA2012
KIAA2013	gene-KIAA2013
KIAA2026	gene-KIAA2026
KIDINS220	gene-KIDINS220
KIF11	gene-KIF11
KIF13A	gene-KIF13A
KIF13B	gene-KIF13B
KIF14	gene-KIF14
KIF15	gene-KIF15
KIF16B	gene-KIF16B
KIF17	gene-KIF17
KIF18A	gene-KIF18A
KIF18B	gene-KIF18B
KIF1A	gene-KIF1A
KIF1B	gene-KIF1B
KIF1C	gene-KIF1C
KIF20A	gene-KIF20A
KIF20B	gene-KIF20B
KIF21A	gene-KIF21A
KIF21B	gene-KIF21B
KIF22	gene-KIF22
KIF23	gene-KIF23
KIF24	gene-KIF24
KIF26A	gene-KIF26A
KIF26B	gene-KIF26B
KIF27	gene-KIF27
KIF2A	gene-KIF2A
KIF2C	gene-KIF2C
KIF3A	gene-KIF3A
KIF3C	gene-KIF3C
KIF4A	gene-KIF4A
KIF5A	gene-KIF5A
KIF5B	gene-KIF5B
KIF5C	gene-KIF5C
KIF7	gene-KIF7
KIF9	gene-KIF9
KIFAP3	gene-KIFAP3
KIFBP	gene-KIFBP
KIFC1	gene-KIFC1
KIFC2	gene-KIFC2
KIFC3	gene-KIFC3
KIN	gene-KIN
KIRREL1	gene-KIRREL1
KIRREL2	gene-KIRREL2
KISS1R	gene-KISS1R
KIT	gene-KIT
KITLG	gene-KITLG
KIZ	gene-KIZ
KLB	gene-KLB
KLC2	gene-KLC2
KLC3	gene-KLC3
KLC4	gene-KLC4
KLF1	gene-KLF1
KLF10	gene-KLF10
KLF11	gene-KLF11
KLF12	gene-KLF12
KLF3	gene-KLF3
KLF4	gene-KLF4
KLF5	gene-KLF5
KLF6	gene-KLF6
KLF7	gene-KLF7
KLF9	gene-KLF9
KLHDC1	gene-KLHDC1
KLHDC10	gene-KLHDC10
KLHDC2	gene-KLHDC2
KLHDC3	gene-KLHDC3
KLHDC4	gene-KLHDC4
KLHDC8B	gene-KLHDC8B
KLHDC9	gene-KLHDC9
KLHL10	gene-KLHL10
KLHL11	gene-KLHL11
KLHL14	gene-KLHL14
KLHL15	gene-KLHL15
KLHL17	gene-KLHL17
KLHL18	gene-KLHL18
KLHL2	gene-KLHL2
KLHL20	gene-KLHL20
KLHL21	gene-KLHL21
KLHL22	gene-KLHL22
KLHL23	gene-KLHL23
KLHL24	gene-KLHL24
KLHL25	gene-KLHL25
KLHL26	gene-KLHL26
KLHL28	gene-KLHL28
KLHL29	gene-KLHL29
KLHL3	gene-KLHL3
KLHL31	gene-KLHL31
KLHL32	gene-KLHL32
KLHL34	gene-KLHL34
KLHL35	gene-KLHL35
KLHL36	gene-KLHL36
KLHL4	gene-KLHL4
KLHL42	gene-KLHL42
KLHL5	gene-KLHL5
KLHL6	gene-KLHL6
KLHL7	gene-KLHL7
KLHL8	gene-KLHL8
KLHL9	gene-KLHL9
KLK10	gene-KLK10
KLK11	gene-KLK11
KLK4	gene-KLK4
KLRA1	gene-KLRA1
KLRB1	gene-KLRB1
KLRD1	gene-KLRD1
KLRF1	gene-KLRF1
KLRG1	gene-KLRG1
KLRK1	gene-KLRK1
KMO	gene-KMO
KMT2A	gene-KMT2A
KMT2B	gene-KMT2B
KMT2C	gene-KMT2C
KMT2D	gene-KMT2D
KMT2E	gene-KMT2E
KMT5A	gene-KMT5A
KMT5B	gene-KMT5B
KMT5C	gene-KMT5C
KNCN	gene-KNCN
KNL1	gene-KNL1
KNOP1	gene-KNOP1
KNSTRN	gene-KNSTRN
KNTC1	gene-KNTC1
KPNA1	gene-KPNA1
KPNA3	gene-KPNA3
KPNA4	gene-KPNA4
KPNA5	gene-KPNA5
KPNA6	gene-KPNA6
KPNB1	gene-KPNB1
KPTN	gene-KPTN
KRAS	gene-KRAS
KRBA1	gene-KRBA1
KRBA2	gene-KRBA2
KREMEN1	gene-KREMEN1
KRI1	gene-KRI1
KRIT1	gene-KRIT1
KRR1	gene-KRR1
KRT10	gene-KRT10
KRT14	gene-KRT14
KRT18	gene-KRT18
KRT222	gene-KRT222
KRT24	gene-KRT24
KRT25	gene-KRT25
KRT26	gene-KRT26
KRT27	gene-KRT27
KRT28	gene-KRT28
KRT40	gene-KRT40
KRTCAP2	gene-KRTCAP2
KRTCAP3	gene-KRTCAP3
KSR1	gene-KSR1
KSR2	gene-KSR2
KTI12	gene-KTI12
KTN1	gene-KTN1
KXD1	gene-KXD1
KYAT1	gene-KYAT1
KYAT3	gene-KYAT3
KYNU	gene-KYNU
L1CAM	gene-L1CAM
L2HGDH	gene-L2HGDH
L3HYPDH	gene-L3HYPDH
L3MBTL1	gene-L3MBTL1
L3MBTL2	gene-L3MBTL2
L3MBTL3	gene-L3MBTL3
LACTB	gene-LACTB
LACTB2	gene-LACTB2
LAG3	gene-LAG3
LAMA2	gene-LAMA2
LAMA3	gene-LAMA3
LAMA4	gene-LAMA4
LAMB1	gene-LAMB1
LAMB2	gene-LAMB2
LAMB3	gene-LAMB3
LAMC1	gene-LAMC1
LAMC2	gene-LAMC2
LAMC3	gene-LAMC3
LAMP1	gene-LAMP1
LAMP2	gene-LAMP2
LAMTOR1	gene-LAMTOR1
LAMTOR2	gene-LAMTOR2
LAMTOR3	gene-LAMTOR3
LAMTOR4	gene-LAMTOR4
LANCL1	gene-LANCL1
LANCL2	gene-LANCL2
LANCL3	gene-LANCL3
LAP3	gene-LAP3
LAPTM4A	gene-LAPTM4A
LAPTM4B	gene-LAPTM4B
LAPTM5	gene-LAPTM5
LARGE1	gene-LARGE1
LARP1	gene-LARP1
LARP1B	gene-LARP1B
LARP4	gene-LARP4
LARP4B	gene-LARP4B
LARP6	gene-LARP6
LARP7	gene-LARP7
LARS1	gene-LARS1
LARS2	gene-LARS2
LAS1L	gene-LAS1L
LASP1	gene-LASP1
LAT	gene-LAT
LAT2	gene-LAT2
LATS1	gene-LATS1
LATS2	gene-LATS2
LAX1	gene-LAX1
LAYN	gene-LAYN
LBH	gene-LBH
LBR	gene-LBR
LBX2	gene-LBX2
LCA5	gene-LCA5
LCK	gene-LCK
LCLAT1	gene-LCLAT1
LCMT1	gene-LCMT1
LCN15	gene-LCN15
LCOR	gene-LCOR
LCORL	gene-LCORL
LCP1	gene-LCP1
LCP2	gene-LCP2
LCT	gene-LCT
LCTL	gene-LCTL
LDAH	gene-LDAH
LDB1	gene-LDB1
LDHB	gene-LDHB
LDHD	gene-LDHD
LDLR	gene-LDLR
LDLRAD3	gene-LDLRAD3
LDLRAD4	gene-LDLRAD4
LDLRAP1	gene-LDLRAP1
LDOC1	gene-LDOC1
LEAP2	gene-LEAP2
LEF1	gene-LEF1
LEKR1	gene-LEKR1
LEMD2	gene-LEMD2
LEMD3	gene-LEMD3
LENG1	gene-LENG1
LENG8	gene-LENG8
LEO1	gene-LEO1
LEPR	gene-LEPR
LEPROT	gene-LEPROT
LEPROTL1	gene-LEPROTL1
LETM1	gene-LETM1
LETM2	gene-LETM2
LETMD1	gene-LETMD1
LFNG	gene-LFNG
LGALS1	gene-LGALS1
LGALS12	gene-LGALS12
LGALS3	gene-LGALS3
LGALS4	gene-LGALS4
LGALS8	gene-LGALS8
LGALS9	gene-LGALS9
LGALSL	gene-LGALSL
LGI3	gene-LGI3
LGI4	gene-LGI4
LGMN	gene-LGMN
LGR4	gene-LGR4
LGR5	gene-LGR5
LGR6	gene-LGR6
LGSN	gene-LGSN
LHFPL6	gene-LHFPL6
LHPP	gene-LHPP
LHX1	gene-LHX1
LHX2	gene-LHX2
LHX6	gene-LHX6
LIAS	gene-LIAS
LIF	gene-LIF
LIFR	gene-LIFR
LIG1	gene-LIG1
LIG3	gene-LIG3
LIG4	gene-LIG4
LIMA1	gene-LIMA1
LIMCH1	gene-LIMCH1
LIMD1	gene-LIMD1
LIMD2	gene-LIMD2
LIMK1	gene-LIMK1
LIMK2	gene-LIMK2
LIMS2	gene-LIMS2
LIN37	gene-LIN37
LIN52	gene-LIN52
LIN54	gene-LIN54
LIN7B	gene-LIN7B
LIN7C	gene-LIN7C
LIN9	gene-LIN9
LINGO1	gene-LINGO1
LINGO4	gene-LINGO4
LINS1	gene-LINS1
LIPA	gene-LIPA
LIPC	gene-LIPC
LIPE	gene-LIPE
LIPF	gene-LIPF
LIPG	gene-LIPG
LIPT1	gene-LIPT1
LIPT2	gene-LIPT2
LIX1	gene-LIX1
LIX1L	gene-LIX1L
LLGL1	gene-LLGL1
LLGL2	gene-LLGL2
LLPH	gene-LLPH
LMAN1	gene-LMAN1
LMAN1L	gene-LMAN1L
LMAN2	gene-LMAN2
LMAN2L	gene-LMAN2L
LMBR1	gene-LMBR1
LMBR1L	gene-LMBR1L
LMBRD1	gene-LMBRD1
LMBRD2	gene-LMBRD2
LMF1	gene-LMF1
LMLN	gene-LMLN
LMNA	gene-LMNA
LMNB1	gene-LMNB1
LMNB2	gene-LMNB2
LMNTD2	gene-LMNTD2
LMO2	gene-LMO2
LMO4	gene-LMO4
LMO7	gene-LMO7
LMTK2	gene-LMTK2
LMX1B	gene-LMX1B
LNP1	gene-LNP1
LNPEP	gene-LNPEP
LNPK	gene-LNPK
LNX1	gene-LNX1
LNX2	gene-LNX2
LONP1	gene-LONP1
LONP2	gene-LONP2
LONRF1	gene-LONRF1
LONRF2	gene-LONRF2
LONRF3	gene-LONRF3
LOXHD1	gene-LOXHD1
LOXL1	gene-LOXL1
LOXL2	gene-LOXL2
LOXL3	gene-LOXL3
LPAR2	gene-LPAR2
LPAR3	gene-LPAR3
LPAR6	gene-LPAR6
LPCAT1	gene-LPCAT1
LPCAT2	gene-LPCAT2
LPCAT3	gene-LPCAT3
LPCAT4	gene-LPCAT4
LPGAT1	gene-LPGAT1
LPIN1	gene-LPIN1
LPIN2	gene-LPIN2
LPIN3	gene-LPIN3
LPO	gene-LPO
LPXN	gene-LPXN
LRAT	gene-LRAT
LRATD1	gene-LRATD1
LRBA	gene-LRBA
LRCH1	gene-LRCH1
LRCH3	gene-LRCH3
LRFN1	gene-LRFN1
LRFN4	gene-LRFN4
LRG1	gene-LRG1
LRGUK	gene-LRGUK
LRIF1	gene-LRIF1
LRIG1	gene-LRIG1
LRIG2	gene-LRIG2
LRIG3	gene-LRIG3
LRIT3	gene-LRIT3
LRMDA	gene-LRMDA
LRP1	gene-LRP1
LRP10	gene-LRP10
LRP11	gene-LRP11
LRP12	gene-LRP12
LRP2	gene-LRP2
LRP2BP	gene-LRP2BP
LRP3	gene-LRP3
LRP4	gene-LRP4
LRP5	gene-LRP5
LRP6	gene-LRP6
LRP8	gene-LRP8
LRPAP1	gene-LRPAP1
LRPPRC	gene-LRPPRC
LRR1	gene-LRR1
LRRC1	gene-LRRC1
LRRC14	gene-LRRC14
LRRC19	gene-LRRC19
LRRC20	gene-LRRC20
LRRC23	gene-LRRC23
LRRC24	gene-LRRC24
LRRC25	gene-LRRC25
LRRC26	gene-LRRC26
LRRC28	gene-LRRC28
LRRC31	gene-LRRC31
LRRC32	gene-LRRC32
LRRC34	gene-LRRC34
LRRC36	gene-LRRC36
LRRC39	gene-LRRC39
LRRC4	gene-LRRC4
LRRC40	gene-LRRC40
LRRC41	gene-LRRC41
LRRC42	gene-LRRC42
LRRC45	gene-LRRC45
LRRC46	gene-LRRC46
LRRC47	gene-LRRC47
LRRC49	gene-LRRC49
LRRC56	gene-LRRC56
LRRC58	gene-LRRC58
LRRC59	gene-LRRC59
LRRC63	gene-LRRC63
LRRC66	gene-LRRC66
LRRC71	gene-LRRC71
LRRC73	gene-LRRC73
LRRC74A	gene-LRRC74A
LRRC74B	gene-LRRC74B
LRRC75A	gene-LRRC75A
LRRC75B	gene-LRRC75B
LRRC8A	gene-LRRC8A
LRRC8B	gene-LRRC8B
LRRC8C	gene-LRRC8C
LRRC8E	gene-LRRC8E
LRRC9	gene-LRRC9
LRRCC1	gene-LRRCC1
LRRD1	gene-LRRD1
LRRFIP1	gene-LRRFIP1
LRRFIP2	gene-LRRFIP2
LRRIQ1	gene-LRRIQ1
LRRK1	gene-LRRK1
LRRK2	gene-LRRK2
LRRN1	gene-LRRN1
LRRN3	gene-LRRN3
LRRN4CL	gene-LRRN4CL
LRRTM2	gene-LRRTM2
LRSAM1	gene-LRSAM1
LRTM2	gene-LRTM2
LRTOMT	gene-LRTOMT
LRWD1	gene-LRWD1
LSG1	gene-LSG1
LSM1	gene-LSM1
LSM10	gene-LSM10
LSM12	gene-LSM12
LSM14A	gene-LSM14A
LSM14B	gene-LSM14B
LSM3	gene-LSM3
LSM4	gene-LSM4
LSM5	gene-LSM5
LSM6	gene-LSM6
LSM7	gene-LSM7
LSM8	gene-LSM8
LSP1	gene-LSP1
LSR	gene-LSR
LSS	gene-LSS
LTA	gene-LTA
LTA4H	gene-LTA4H
LTB	gene-LTB
LTB4R	gene-LTB4R
LTB4R2	gene-LTB4R2
LTBP1	gene-LTBP1
LTBP2	gene-LTBP2
LTBP3	gene-LTBP3
LTBP4	gene-LTBP4
LTBR	gene-LTBR
LTC4S	gene-LTC4S
LTF	gene-LTF
LTN1	gene-LTN1
LTO1	gene-LTO1
LUC7L	gene-LUC7L
LUC7L2	gene-LUC7L2
LUC7L3	gene-LUC7L3
LUM	gene-LUM
LURAP1	gene-LURAP1
LUZP1	gene-LUZP1
LXN	gene-LXN
LY6E	gene-LY6E
LY6G5B	gene-LY6G5B
LY6G5C	gene-LY6G5C
LY86	gene-LY86
LY9	gene-LY9
LY96	gene-LY96
LYAR	gene-LYAR
LYG1	gene-LYG1
LYN	gene-LYN
LYPD5	gene-LYPD5
LYPLAL1	gene-LYPLAL1
LYRM1	gene-LYRM1
LYRM2	gene-LYRM2
LYRM7	gene-LYRM7
LYSMD1	gene-LYSMD1
LYSMD2	gene-LYSMD2
LYSMD3	gene-LYSMD3
LYSMD4	gene-LYSMD4
LYST	gene-LYST
LYZ	gene-LYZ
LZIC	gene-LZIC
LZTFL1	gene-LZTFL1
LZTR1	gene-LZTR1
LZTS2	gene-LZTS2
LZTS3	gene-LZTS3
M6PR	gene-M6PR
MAB21L2	gene-MAB21L2
MAB21L3	gene-MAB21L3
MACC1	gene-MACC1
MACF1	gene-MACF1
MACO1	gene-MACO1
MACROD1	gene-MACROD1
MACROH2A1	gene-MACROH2A1
MACROH2A2	gene-MACROH2A2
MAD1L1	gene-MAD1L1
MAD2L1BP	gene-MAD2L1BP
MAD2L2	gene-MAD2L2
MADCAM1	gene-MADCAM1
MADD	gene-MADD
MAEA	gene-MAEA
MAEL	gene-MAEL
MAF	gene-MAF
MAF1	gene-MAF1
MAFA	gene-MAFA
MAFB	gene-MAFB
MAFF	gene-MAFF
MAFG	gene-MAFG
MAFK	gene-MAFK
MAG	gene-MAG
MAGED2	gene-MAGED2
MAGEE2	gene-MAGEE2
MAGEF1	gene-MAGEF1
MAGI1	gene-MAGI1
MAGI3	gene-MAGI3
MAGT1	gene-MAGT1
MAIP1	gene-MAIP1
MAK	gene-MAK
MAK16	gene-MAK16
MAL	gene-MAL
MALSU1	gene-MALSU1
MALT1	gene-MALT1
MAMDC2	gene-MAMDC2
MAMDC4	gene-MAMDC4
MAML1	gene-MAML1
MAML2	gene-MAML2
MAML3	gene-MAML3
MAMLD1	gene-MAMLD1
MAMSTR	gene-MAMSTR
MAN1A1	gene-MAN1A1
MAN1A2	gene-MAN1A2
MAN1C1	gene-MAN1C1
MAN2A1	gene-MAN2A1
MAN2A2	gene-MAN2A2
MAN2C1	gene-MAN2C1
MANBA	gene-MANBA
MANEA	gene-MANEA
MANEAL	gene-MANEAL
MANF	gene-MANF
MANSC1	gene-MANSC1
MANSC4	gene-MANSC4
MAOA	gene-MAOA
MAP10	gene-MAP10
MAP1A	gene-MAP1A
MAP1B	gene-MAP1B
MAP1S	gene-MAP1S
MAP2	gene-MAP2
MAP2K1	gene-MAP2K1
MAP2K2	gene-MAP2K2
MAP2K3	gene-MAP2K3
MAP2K4	gene-MAP2K4
MAP2K5	gene-MAP2K5
MAP2K6	gene-MAP2K6
MAP2K7	gene-MAP2K7
MAP3K1	gene-MAP3K1
MAP3K10	gene-MAP3K10
MAP3K11	gene-MAP3K11
MAP3K12	gene-MAP3K12
MAP3K13	gene-MAP3K13
MAP3K14	gene-MAP3K14
MAP3K15	gene-MAP3K15
MAP3K19	gene-MAP3K19
MAP3K2	gene-MAP3K2
MAP3K20	gene-MAP3K20
MAP3K21	gene-MAP3K21
MAP3K3	gene-MAP3K3
MAP3K4	gene-MAP3K4
MAP3K5	gene-MAP3K5
MAP3K6	gene-MAP3K6
MAP3K7	gene-MAP3K7
MAP3K8	gene-MAP3K8
MAP3K9	gene-MAP3K9
MAP4	gene-MAP4
MAP4K1	gene-MAP4K1
MAP4K2	gene-MAP4K2
MAP4K3	gene-MAP4K3
MAP4K4	gene-MAP4K4
MAP4K5	gene-MAP4K5
MAP6	gene-MAP6
MAP7	gene-MAP7
MAP7D1	gene-MAP7D1
MAP7D2	gene-MAP7D2
MAP7D3	gene-MAP7D3
MAPK1	gene-MAPK1
MAPK13	gene-MAPK13
MAPK14	gene-MAPK14
MAPK15	gene-MAPK15
MAPK1IP1L	gene-MAPK1IP1L
MAPK3	gene-MAPK3
MAPK6	gene-MAPK6
MAPK7	gene-MAPK7
MAPK8	gene-MAPK8
MAPK8IP1	gene-MAPK8IP1
MAPK8IP2	gene-MAPK8IP2
MAPK8IP3	gene-MAPK8IP3
MAPK9	gene-MAPK9
MAPKAP1	gene-MAPKAP1
MAPKAPK3	gene-MAPKAPK3
MAPKAPK5	gene-MAPKAPK5
MAPKBP1	gene-MAPKBP1
MAPRE2	gene-MAPRE2
MAPRE3	gene-MAPRE3
MAPT	gene-MAPT
MARCHF1	gene-MARCHF1
MARCHF2	gene-MARCHF2
MARCHF3	gene-MARCHF3
MARCHF5	gene-MARCHF5
MARCHF6	gene-MARCHF6
MARCHF7	gene-MARCHF7
MARCHF8	gene-MARCHF8
MARCHF9	gene-MARCHF9
MARCKS	gene-MARCKS
MARCKSL1	gene-MARCKSL1
MARK2	gene-MARK2
MARK3	gene-MARK3
MARK4	gene-MARK4
MARS1	gene-MARS1
MARS2	gene-MARS2
MARVELD2	gene-MARVELD2
MARVELD3	gene-MARVELD3
MASP2	gene-MASP2
MAST1	gene-MAST1
MAST2	gene-MAST2
MAST3	gene-MAST3
MAST4	gene-MAST4
MASTL	gene-MASTL
MAT2A	gene-MAT2A
MAT2B	gene-MAT2B
MATK	gene-MATK
MATN3	gene-MATN3
MATN4	gene-MATN4
MATR3	gene-MATR3
MAU2	gene-MAU2
MAVS	gene-MAVS
MAX	gene-MAX
MAZ	gene-MAZ
MB	gene-MB
MB21D2	gene-MB21D2
MBD1	gene-MBD1
MBD2	gene-MBD2
MBD3	gene-MBD3
MBD4	gene-MBD4
MBD5	gene-MBD5
MBD6	gene-MBD6
MBIP	gene-MBIP
MBLAC1	gene-MBLAC1
MBLAC2	gene-MBLAC2
MBNL1	gene-MBNL1
MBNL2	gene-MBNL2
MBNL3	gene-MBNL3
MBOAT1	gene-MBOAT1
MBOAT2	gene-MBOAT2
MBOAT7	gene-MBOAT7
MBP	gene-MBP
MBTD1	gene-MBTD1
MBTPS1	gene-MBTPS1
MBTPS2	gene-MBTPS2
MC5R	gene-MC5R
MCAM	gene-MCAM
MCAT	gene-MCAT
MCC	gene-MCC
MCCC1	gene-MCCC1
MCCC2	gene-MCCC2
MCEE	gene-MCEE
MCF2L	gene-MCF2L
MCF2L2	gene-MCF2L2
MCFD2	gene-MCFD2
MCL1	gene-MCL1
MCM10	gene-MCM10
MCM2	gene-MCM2
MCM3	gene-MCM3
MCM3AP	gene-MCM3AP
MCM4	gene-MCM4
MCM5	gene-MCM5
MCM6	gene-MCM6
MCM7	gene-MCM7
MCM8	gene-MCM8
MCM9	gene-MCM9
MCMBP	gene-MCMBP
MCMDC2	gene-MCMDC2
MCOLN2	gene-MCOLN2
MCOLN3	gene-MCOLN3
MCPH1	gene-MCPH1
MCRIP1	gene-MCRIP1
MCRS1	gene-MCRS1
MCTP1	gene-MCTP1
MCTP2	gene-MCTP2
MCTS1	gene-MCTS1
MCU	gene-MCU
MCUB	gene-MCUB
MDC1	gene-MDC1
MDFIC	gene-MDFIC
MDGA1	gene-MDGA1
MDH1	gene-MDH1
MDM1	gene-MDM1
MDM2	gene-MDM2
MDM4	gene-MDM4
MDN1	gene-MDN1
ME1	gene-ME1
ME2	gene-ME2
MEA1	gene-MEA1
MEAF6	gene-MEAF6
MEAK7	gene-MEAK7
MECOM	gene-MECOM
MECP2	gene-MECP2
MECR	gene-MECR
MED1	gene-MED1
MED10	gene-MED10
MED11	gene-MED11
MED12	gene-MED12
MED12L	gene-MED12L
MED13	gene-MED13
MED13L	gene-MED13L
MED14	gene-MED14
MED15	gene-MED15
MED16	gene-MED16
MED17	gene-MED17
MED18	gene-MED18
MED19	gene-MED19
MED20	gene-MED20
MED21	gene-MED21
MED23	gene-MED23
MED24	gene-MED24
MED25	gene-MED25
MED27	gene-MED27
MED28	gene-MED28
MED29	gene-MED29
MED30	gene-MED30
MED4	gene-MED4
MED6	gene-MED6
MED7	gene-MED7
MED9	gene-MED9
MEF2A	gene-MEF2A
MEF2B	gene-MEF2B
MEF2C	gene-MEF2C
MEF2D	gene-MEF2D
MEFV	gene-MEFV
MEGF10	gene-MEGF10
MEGF11	gene-MEGF11
MEGF6	gene-MEGF6
MEGF8	gene-MEGF8
MEI1	gene-MEI1
MEI4	gene-MEI4
MEIOB	gene-MEIOB
MEIS1	gene-MEIS1
MEIS2	gene-MEIS2
MELK	gene-MELK
MELTF	gene-MELTF
MEMO1	gene-MEMO1
MEN1	gene-MEN1
MEOX1	gene-MEOX1
MEP1B	gene-MEP1B
MEPCE	gene-MEPCE
MERTK	gene-MERTK
MESD	gene-MESD
MESP1	gene-MESP1
MESP2	gene-MESP2
MEST	gene-MEST
MET	gene-MET
METAP1	gene-METAP1
METAP1D	gene-METAP1D
METAP2	gene-METAP2
METRNL	gene-METRNL
METTL1	gene-METTL1
METTL14	gene-METTL14
METTL15	gene-METTL15
METTL16	gene-METTL16
METTL18	gene-METTL18
METTL21A	gene-METTL21A
METTL22	gene-METTL22
METTL23	gene-METTL23
METTL25	gene-METTL25
METTL26	gene-METTL26
METTL27	gene-METTL27
METTL3	gene-METTL3
METTL4	gene-METTL4
METTL5	gene-METTL5
METTL7A	gene-METTL7A
METTL8	gene-METTL8
METTL9	gene-METTL9
MEX3A	gene-MEX3A
MEX3B	gene-MEX3B
MEX3C	gene-MEX3C
MEX3D	gene-MEX3D
MFAP1	gene-MFAP1
MFAP2	gene-MFAP2
MFAP3	gene-MFAP3
MFAP3L	gene-MFAP3L
MFF	gene-MFF
MFGE8	gene-MFGE8
MFHAS1	gene-MFHAS1
MFN1	gene-MFN1
MFN2	gene-MFN2
MFNG	gene-MFNG
MFSD1	gene-MFSD1
MFSD10	gene-MFSD10
MFSD11	gene-MFSD11
MFSD12	gene-MFSD12
MFSD13A	gene-MFSD13A
MFSD14A	gene-MFSD14A
MFSD14B	gene-MFSD14B
MFSD2A	gene-MFSD2A
MFSD2B	gene-MFSD2B
MFSD3	gene-MFSD3
MFSD4A	gene-MFSD4A
MFSD4B	gene-MFSD4B
MFSD5	gene-MFSD5
MFSD6	gene-MFSD6
MFSD6L	gene-MFSD6L
MFSD8	gene-MFSD8
MFSD9	gene-MFSD9
MGA	gene-MGA
MGARP	gene-MGARP
MGAT2	gene-MGAT2
MGAT3	gene-MGAT3
MGAT4A	gene-MGAT4A
MGAT4B	gene-MGAT4B
MGAT5	gene-MGAT5
MGLL	gene-MGLL
MGMT	gene-MGMT
MGRN1	gene-MGRN1
MGST1	gene-MGST1
MGST3	gene-MGST3
MIA3	gene-MIA3
MIB1	gene-MIB1
MIB2	gene-MIB2
MICAL1	gene-MICAL1
MICAL2	gene-MICAL2
MICAL3	gene-MICAL3
MICALL1	gene-MICALL1
MICALL2	gene-MICALL2
MICOS13	gene-MICOS13
MICU1	gene-MICU1
MICU2	gene-MICU2
MICU3	gene-MICU3
MID1IP1	gene-MID1IP1
MID2	gene-MID2
MIDEAS	gene-MIDEAS
MIDN	gene-MIDN
MIEF1	gene-MIEF1
MIEN1	gene-MIEN1
MIER1	gene-MIER1
MIER2	gene-MIER2
MIER3	gene-MIER3
MIF4GD	gene-MIF4GD
MIGA2	gene-MIGA2
MIIP	gene-MIIP
MILR1	gene-MILR1
MINAR1	gene-MINAR1
MINDY1	gene-MINDY1
MINDY2	gene-MINDY2
MINDY3	gene-MINDY3
MINDY4	gene-MINDY4
MINK1	gene-MINK1
MINPP1	gene-MINPP1
MIOS	gene-MIOS
MIOX	gene-MIOX
MIPEP	gene-MIPEP
MIPOL1	gene-MIPOL1
MIS18A	gene-MIS18A
MIS18BP1	gene-MIS18BP1
MISP	gene-MISP
MITD1	gene-MITD1
MITF	gene-MITF
MIX23	gene-MIX23
MKI67	gene-MKI67
MKKS	gene-MKKS
MKLN1	gene-MKLN1
MKNK1	gene-MKNK1
MKNK2	gene-MKNK2
MKRN2	gene-MKRN2
MKRN2OS	gene-MKRN2OS
MKS1	gene-MKS1
MLC1	gene-MLC1
MLEC	gene-MLEC
MLF1	gene-MLF1
MLF2	gene-MLF2
MLH1	gene-MLH1
MLH3	gene-MLH3
MLIP	gene-MLIP
MLLT1	gene-MLLT1
MLLT10	gene-MLLT10
MLLT11	gene-MLLT11
MLLT3	gene-MLLT3
MLLT6	gene-MLLT6
MLNR	gene-MLNR
MLPH	gene-MLPH
MLST8	gene-MLST8
MLX	gene-MLX
MLXIP	gene-MLXIP
MLXIPL	gene-MLXIPL
MLYCD	gene-MLYCD
MMAA	gene-MMAA
MMAB	gene-MMAB
MMACHC	gene-MMACHC
MMADHC	gene-MMADHC
MMD	gene-MMD
MME	gene-MME
MMEL1	gene-MMEL1
MMP1	gene-MMP1
MMP11	gene-MMP11
MMP14	gene-MMP14
MMP15	gene-MMP15
MMP17	gene-MMP17
MMP2	gene-MMP2
MMP21	gene-MMP21
MMP23	gene-MMP23
MMP25	gene-MMP25
MMP28	gene-MMP28
MMP9	gene-MMP9
MMRN2	gene-MMRN2
MMS19	gene-MMS19
MMS22L	gene-MMS22L
MMUT	gene-MMUT
MN1	gene-MN1
MNAT1	gene-MNAT1
MND1	gene-MND1
MNDA	gene-MNDA
MNS1	gene-MNS1
MNT	gene-MNT
MNX1	gene-MNX1
MOB1A	gene-MOB1A
MOB1B	gene-MOB1B
MOB2	gene-MOB2
MOB3A	gene-MOB3A
MOB3B	gene-MOB3B
MOB3C	gene-MOB3C
MOCOS	gene-MOCOS
MOCS1	gene-MOCS1
MOCS2	gene-MOCS2
MOCS3	gene-MOCS3
MOGAT1	gene-MOGAT1
MOGS	gene-MOGS
MOK	gene-MOK
MON1A	gene-MON1A
MON1B	gene-MON1B
MON2	gene-MON2
MORC2	gene-MORC2
MORC3	gene-MORC3
MORC4	gene-MORC4
MORF4L1	gene-MORF4L1
MORF4L2	gene-MORF4L2
MORN1	gene-MORN1
MORN2	gene-MORN2
MORN4	gene-MORN4
MORN5	gene-MORN5
MOSMO	gene-MOSMO
MOSPD1	gene-MOSPD1
MOSPD2	gene-MOSPD2
MOSPD3	gene-MOSPD3
MOV10	gene-MOV10
MOV10L1	gene-MOV10L1
MPC2	gene-MPC2
MPDU1	gene-MPDU1
MPDZ	gene-MPDZ
MPEG1	gene-MPEG1
MPG	gene-MPG
MPHOSPH10	gene-MPHOSPH10
MPHOSPH6	gene-MPHOSPH6
MPHOSPH8	gene-MPHOSPH8
MPHOSPH9	gene-MPHOSPH9
MPI	gene-MPI
MPIG6B	gene-MPIG6B
MPLKIP	gene-MPLKIP
MPND	gene-MPND
MPO	gene-MPO
MPP1	gene-MPP1
MPP4	gene-MPP4
MPP5	gene-MPP5
MPP6	gene-MPP6
MPP7	gene-MPP7
MPPE1	gene-MPPE1
MPPED2	gene-MPPED2
MPRIP	gene-MPRIP
MPST	gene-MPST
MPV17L2	gene-MPV17L2
MPZL1	gene-MPZL1
MPZL2	gene-MPZL2
MPZL3	gene-MPZL3
MRAP2	gene-MRAP2
MRAS	gene-MRAS
MRC1	gene-MRC1
MRC2	gene-MRC2
MRE11	gene-MRE11
MREG	gene-MREG
MRGBP	gene-MRGBP
MRI1	gene-MRI1
MRM1	gene-MRM1
MRM2	gene-MRM2
MRM3	gene-MRM3
MRNIP	gene-MRNIP
MROH1	gene-MROH1
MROH2A	gene-MROH2A
MROH6	gene-MROH6
MROH8	gene-MROH8
MRPL1	gene-MRPL1
MRPL10	gene-MRPL10
MRPL11	gene-MRPL11
MRPL13	gene-MRPL13
MRPL14	gene-MRPL14
MRPL15	gene-MRPL15
MRPL17	gene-MRPL17
MRPL18	gene-MRPL18
MRPL19	gene-MRPL19
MRPL2	gene-MRPL2
MRPL20	gene-MRPL20
MRPL21	gene-MRPL21
MRPL22	gene-MRPL22
MRPL24	gene-MRPL24
MRPL27	gene-MRPL27
MRPL28	gene-MRPL28
MRPL3	gene-MRPL3
MRPL32	gene-MRPL32
MRPL33	gene-MRPL33
MRPL34	gene-MRPL34
MRPL35	gene-MRPL35
MRPL37	gene-MRPL37
MRPL38	gene-MRPL38
MRPL39	gene-MRPL39
MRPL4	gene-MRPL4
MRPL40	gene-MRPL40
MRPL41	gene-MRPL41
MRPL43	gene-MRPL43
MRPL44	gene-MRPL44
MRPL46	gene-MRPL46
MRPL47	gene-MRPL47
MRPL49	gene-MRPL49
MRPL50	gene-MRPL50
MRPL51	gene-MRPL51
MRPL52	gene-MRPL52
MRPL53	gene-MRPL53
MRPL54	gene-MRPL54
MRPL55	gene-MRPL55
MRPL57	gene-MRPL57
MRPL58	gene-MRPL58
MRPS11	gene-MRPS11
MRPS12	gene-MRPS12
MRPS15	gene-MRPS15
MRPS18A	gene-MRPS18A
MRPS18B	gene-MRPS18B
MRPS18C	gene-MRPS18C
MRPS2	gene-MRPS2
MRPS21	gene-MRPS21
MRPS23	gene-MRPS23
MRPS25	gene-MRPS25
MRPS26	gene-MRPS26
MRPS27	gene-MRPS27
MRPS28	gene-MRPS28
MRPS30	gene-MRPS30
MRPS31	gene-MRPS31
MRPS34	gene-MRPS34
MRPS35	gene-MRPS35
MRPS36	gene-MRPS36
MRPS5	gene-MRPS5
MRPS7	gene-MRPS7
MRPS9	gene-MRPS9
MRRF	gene-MRRF
MRS2	gene-MRS2
MRTFA	gene-MRTFA
MRTFB	gene-MRTFB
MRTO4	gene-MRTO4
MS4A1	gene-MS4A1
MS4A13	gene-MS4A13
MS4A2	gene-MS4A2
MSANTD1	gene-MSANTD1
MSANTD2	gene-MSANTD2
MSANTD4	gene-MSANTD4
MSC	gene-MSC
MSH2	gene-MSH2
MSH3	gene-MSH3
MSH6	gene-MSH6
MSL1	gene-MSL1
MSL2	gene-MSL2
MSL3	gene-MSL3
MSN	gene-MSN
MSRA	gene-MSRA
MSRB1	gene-MSRB1
MSRB2	gene-MSRB2
MSRB3	gene-MSRB3
MSS51	gene-MSS51
MST1	gene-MST1
MST1R	gene-MST1R
MSTO1	gene-MSTO1
MSX1	gene-MSX1
MSX2	gene-MSX2
MT1E	gene-MT1E
MT2A	gene-MT2A
MTA1	gene-MTA1
MTA2	gene-MTA2
MTA3	gene-MTA3
MTAP	gene-MTAP
MTARC2	gene-MTARC2
MTBP	gene-MTBP
MTCH1	gene-MTCH1
MTCH2	gene-MTCH2
MTCL1	gene-MTCL1
MTCP1	gene-MTCP1
MTDH	gene-MTDH
MTERF1	gene-MTERF1
MTERF2	gene-MTERF2
MTERF3	gene-MTERF3
MTF1	gene-MTF1
MTF2	gene-MTF2
MTFMT	gene-MTFMT
MTFP1	gene-MTFP1
MTFR1	gene-MTFR1
MTFR1L	gene-MTFR1L
MTFR2	gene-MTFR2
MTG1	gene-MTG1
MTG2	gene-MTG2
MTHFD1	gene-MTHFD1
MTHFD1L	gene-MTHFD1L
MTHFD2	gene-MTHFD2
MTHFD2L	gene-MTHFD2L
MTHFR	gene-MTHFR
MTHFSD	gene-MTHFSD
MTIF2	gene-MTIF2
MTIF3	gene-MTIF3
MTLN	gene-MTLN
MTM1	gene-MTM1
MTMR1	gene-MTMR1
MTMR10	gene-MTMR10
MTMR11	gene-MTMR11
MTMR12	gene-MTMR12
MTMR14	gene-MTMR14
MTMR2	gene-MTMR2
MTMR3	gene-MTMR3
MTMR4	gene-MTMR4
MTMR6	gene-MTMR6
MTMR7	gene-MTMR7
MTMR9	gene-MTMR9
MTO1	gene-MTO1
MTOR	gene-MTOR
MTPAP	gene-MTPAP
MTPN	gene-MTPN
MTR	gene-MTR
MTRES1	gene-MTRES1
MTREX	gene-MTREX
MTRF1	gene-MTRF1
MTRF1L	gene-MTRF1L
MTRR	gene-MTRR
MTSS1	gene-MTSS1
MTSS2	gene-MTSS2
MTTP	gene-MTTP
MTURN	gene-MTURN
MTUS1	gene-MTUS1
MTUS2	gene-MTUS2
MTX1	gene-MTX1
MTX2	gene-MTX2
MTX3	gene-MTX3
MUC1	gene-MUC1
MUC20	gene-MUC20
MUC4	gene-MUC4
MUC5B	gene-MUC5B
MUL1	gene-MUL1
MUS81	gene-MUS81
MUTYH	gene-MUTYH
MVB12A	gene-MVB12A
MVB12B	gene-MVB12B
MVD	gene-MVD
MVK	gene-MVK
MVP	gene-MVP
MX2	gene-MX2
MXD1	gene-MXD1
MXD3	gene-MXD3
MXD4	gene-MXD4
MXI1	gene-MXI1
MXRA8	gene-MXRA8
MYADML2	gene-MYADML2
MYB	gene-MYB
MYBBP1A	gene-MYBBP1A
MYBL1	gene-MYBL1
MYBL2	gene-MYBL2
MYBPC1	gene-MYBPC1
MYBPC2	gene-MYBPC2
MYBPC3	gene-MYBPC3
MYC	gene-MYC
MYCBP	gene-MYCBP
MYCBP2	gene-MYCBP2
MYCL	gene-MYCL
MYD88	gene-MYD88
MYDGF	gene-MYDGF
MYEF2	gene-MYEF2
MYG1	gene-MYG1
MYH10	gene-MYH10
MYH11	gene-MYH11
MYH14	gene-MYH14
MYH15	gene-MYH15
MYH3	gene-MYH3
MYH7	gene-MYH7
MYH7B	gene-MYH7B
MYH8	gene-MYH8
MYH9	gene-MYH9
MYL4	gene-MYL4
MYL5	gene-MYL5
MYL6B	gene-MYL6B
MYL9	gene-MYL9
MYLIP	gene-MYLIP
MYLK	gene-MYLK
MYLK3	gene-MYLK3
MYLPF	gene-MYLPF
MYNN	gene-MYNN
MYO10	gene-MYO10
MYO18A	gene-MYO18A
MYO18B	gene-MYO18B
MYO19	gene-MYO19
MYO1B	gene-MYO1B
MYO1C	gene-MYO1C
MYO1D	gene-MYO1D
MYO1E	gene-MYO1E
MYO1F	gene-MYO1F
MYO3A	gene-MYO3A
MYO3B	gene-MYO3B
MYO5A	gene-MYO5A
MYO5B	gene-MYO5B
MYO6	gene-MYO6
MYO7A	gene-MYO7A
MYO9A	gene-MYO9A
MYO9B	gene-MYO9B
MYOF	gene-MYOF
MYOM1	gene-MYOM1
MYORG	gene-MYORG
MYOZ1	gene-MYOZ1
MYOZ3	gene-MYOZ3
MYPN	gene-MYPN
MYPOP	gene-MYPOP
MYRF	gene-MYRF
MYSM1	gene-MYSM1
MZB1	gene-MZB1
MZF1	gene-MZF1
MZT1	gene-MZT1
N4BP1	gene-N4BP1
N4BP2	gene-N4BP2
N4BP2L1	gene-N4BP2L1
N4BP2L2	gene-N4BP2L2
N4BP3	gene-N4BP3
N6AMT1	gene-N6AMT1
NAA10	gene-NAA10
NAA11	gene-NAA11
NAA15	gene-NAA15
NAA16	gene-NAA16
NAA20	gene-NAA20
NAA25	gene-NAA25
NAA30	gene-NAA30
NAA35	gene-NAA35
NAA38	gene-NAA38
NAA40	gene-NAA40
NAA50	gene-NAA50
NAA60	gene-NAA60
NAALADL1	gene-NAALADL1
NAB1	gene-NAB1
NAB2	gene-NAB2
NABP1	gene-NABP1
NABP2	gene-NABP2
NACA	gene-NACA
NACC1	gene-NACC1
NACC2	gene-NACC2
NADK	gene-NADK
NADK2	gene-NADK2
NADSYN1	gene-NADSYN1
NAE1	gene-NAE1
NAGA	gene-NAGA
NAGLU	gene-NAGLU
NAGPA	gene-NAGPA
NAIF1	gene-NAIF1
NAMPT	gene-NAMPT
NANOS3	gene-NANOS3
NANS	gene-NANS
NAP1L1	gene-NAP1L1
NAP1L3	gene-NAP1L3
NAP1L4	gene-NAP1L4
NAP1L5	gene-NAP1L5
NAPA	gene-NAPA
NAPB	gene-NAPB
NAPEPLD	gene-NAPEPLD
NAPG	gene-NAPG
NAPRT	gene-NAPRT
NAPSA	gene-NAPSA
NARF	gene-NARF
NARS1	gene-NARS1
NASP	gene-NASP
NAT10	gene-NAT10
NAT14	gene-NAT14
NAT8L	gene-NAT8L
NAT9	gene-NAT9
NAV1	gene-NAV1
NAV2	gene-NAV2
NAV3	gene-NAV3
NAXD	gene-NAXD
NAXE	gene-NAXE
NBAS	gene-NBAS
NBEA	gene-NBEA
NBEAL1	gene-NBEAL1
NBEAL2	gene-NBEAL2
NBL1	gene-NBL1
NBN	gene-NBN
NBR1	gene-NBR1
NCALD	gene-NCALD
NCAM1	gene-NCAM1
NCAM2	gene-NCAM2
NCAPD2	gene-NCAPD2
NCAPD3	gene-NCAPD3
NCAPG	gene-NCAPG
NCAPG2	gene-NCAPG2
NCAPH	gene-NCAPH
NCAPH2	gene-NCAPH2
NCBP1	gene-NCBP1
NCBP3	gene-NCBP3
NCCRP1	gene-NCCRP1
NCDN	gene-NCDN
NCEH1	gene-NCEH1
NCF2	gene-NCF2
NCF4	gene-NCF4
NCK1	gene-NCK1
NCK2	gene-NCK2
NCKAP1	gene-NCKAP1
NCKAP1L	gene-NCKAP1L
NCKAP5L	gene-NCKAP5L
NCKIPSD	gene-NCKIPSD
NCL	gene-NCL
NCLN	gene-NCLN
NCOA1	gene-NCOA1
NCOA2	gene-NCOA2
NCOA3	gene-NCOA3
NCOA4	gene-NCOA4
NCOA5	gene-NCOA5
NCOA6	gene-NCOA6
NCOA7	gene-NCOA7
NCOR1	gene-NCOR1
NCOR2	gene-NCOR2
NCR1	gene-NCR1
NCR3	gene-NCR3
NCR3LG1	gene-NCR3LG1
NCSTN	gene-NCSTN
NDC80	gene-NDC80
NDE1	gene-NDE1
NDEL1	gene-NDEL1
NDFIP1	gene-NDFIP1
NDFIP2	gene-NDFIP2
NDN	gene-NDN
NDOR1	gene-NDOR1
NDRG1	gene-NDRG1
NDRG3	gene-NDRG3
NDRG4	gene-NDRG4
NDST1	gene-NDST1
NDST2	gene-NDST2
NDUFA10	gene-NDUFA10
NDUFA12	gene-NDUFA12
NDUFA13	gene-NDUFA13
NDUFA2	gene-NDUFA2
NDUFA4L2	gene-NDUFA4L2
NDUFA6	gene-NDUFA6
NDUFA8	gene-NDUFA8
NDUFA9	gene-NDUFA9
NDUFAF1	gene-NDUFAF1
NDUFAF2	gene-NDUFAF2
NDUFAF3	gene-NDUFAF3
NDUFAF4	gene-NDUFAF4
NDUFAF5	gene-NDUFAF5
NDUFAF6	gene-NDUFAF6
NDUFAF7	gene-NDUFAF7
NDUFAF8	gene-NDUFAF8
NDUFB10	gene-NDUFB10
NDUFB11	gene-NDUFB11
NDUFB2	gene-NDUFB2
NDUFB3	gene-NDUFB3
NDUFB4	gene-NDUFB4
NDUFB6	gene-NDUFB6
NDUFB7	gene-NDUFB7
NDUFB8	gene-NDUFB8
NDUFB9	gene-NDUFB9
NDUFS1	gene-NDUFS1
NDUFS2	gene-NDUFS2
NDUFS3	gene-NDUFS3
NDUFS4	gene-NDUFS4
NDUFS5	gene-NDUFS5
NDUFS6	gene-NDUFS6
NDUFS7	gene-NDUFS7
NDUFS8	gene-NDUFS8
NDUFV1	gene-NDUFV1
NDUFV2	gene-NDUFV2
NDUFV3	gene-NDUFV3
NEB	gene-NEB
NECAB1	gene-NECAB1
NECAB3	gene-NECAB3
NECAP1	gene-NECAP1
NECAP2	gene-NECAP2
NECTIN1	gene-NECTIN1
NECTIN2	gene-NECTIN2
NECTIN3	gene-NECTIN3
NECTIN4	gene-NECTIN4
NEDD1	gene-NEDD1
NEDD4	gene-NEDD4
NEDD4L	gene-NEDD4L
NEDD8	gene-NEDD8
NEDD9	gene-NEDD9
NEFH	gene-NEFH
NEFL	gene-NEFL
NEFM	gene-NEFM
NEIL1	gene-NEIL1
NEIL2	gene-NEIL2
NEIL3	gene-NEIL3
NEK1	gene-NEK1
NEK10	gene-NEK10
NEK2	gene-NEK2
NEK4	gene-NEK4
NEK6	gene-NEK6
NEK7	gene-NEK7
NEK8	gene-NEK8
NEK9	gene-NEK9
NELFA	gene-NELFA
NELFB	gene-NELFB
NELFCD	gene-NELFCD
NELFE	gene-NELFE
NELL1	gene-NELL1
NEMF	gene-NEMF
NEMP1	gene-NEMP1
NEMP2	gene-NEMP2
NENF	gene-NENF
NEO1	gene-NEO1
NEPRO	gene-NEPRO
NET1	gene-NET1
NETO1	gene-NETO1
NETO2	gene-NETO2
NEU1	gene-NEU1
NEURL1B	gene-NEURL1B
NEURL2	gene-NEURL2
NEURL3	gene-NEURL3
NEURL4	gene-NEURL4
NEUROG2	gene-NEUROG2
NEXN	gene-NEXN
NF1	gene-NF1
NF2	gene-NF2
NFASC	gene-NFASC
NFAT5	gene-NFAT5
NFATC1	gene-NFATC1
NFATC2	gene-NFATC2
NFATC2IP	gene-NFATC2IP
NFATC3	gene-NFATC3
NFATC4	gene-NFATC4
NFE2	gene-NFE2
NFE2L1	gene-NFE2L1
NFE2L2	gene-NFE2L2
NFE2L3	gene-NFE2L3
NFIA	gene-NFIA
NFIB	gene-NFIB
NFIC	gene-NFIC
NFIL3	gene-NFIL3
NFIX	gene-NFIX
NFKB1	gene-NFKB1
NFKB2	gene-NFKB2
NFKBIA	gene-NFKBIA
NFKBIB	gene-NFKBIB
NFKBID	gene-NFKBID
NFKBIE	gene-NFKBIE
NFKBIL1	gene-NFKBIL1
NFKBIZ	gene-NFKBIZ
NFRKB	gene-NFRKB
NFS1	gene-NFS1
NFX1	gene-NFX1
NFXL1	gene-NFXL1
NFYA	gene-NFYA
NFYB	gene-NFYB
NFYC	gene-NFYC
NGDN	gene-NGDN
NGEF	gene-NGEF
NGFR	gene-NGFR
NGLY1	gene-NGLY1
NGRN	gene-NGRN
NHEJ1	gene-NHEJ1
NHLRC1	gene-NHLRC1
NHLRC2	gene-NHLRC2
NHLRC3	gene-NHLRC3
NHP2	gene-NHP2
NHS	gene-NHS
NHSL1	gene-NHSL1
NHSL2	gene-NHSL2
NIBAN1	gene-NIBAN1
NIBAN2	gene-NIBAN2
NIBAN3	gene-NIBAN3
NICN1	gene-NICN1
NID1	gene-NID1
NID2	gene-NID2
NIF3L1	gene-NIF3L1
NIFK	gene-NIFK
NIM1K	gene-NIM1K
NIN	gene-NIN
NINJ1	gene-NINJ1
NINL	gene-NINL
NIP7	gene-NIP7
NIPA1	gene-NIPA1
NIPA2	gene-NIPA2
NIPAL1	gene-NIPAL1
NIPAL2	gene-NIPAL2
NIPAL3	gene-NIPAL3
NIPAL4	gene-NIPAL4
NIPBL	gene-NIPBL
NIPSNAP1	gene-NIPSNAP1
NIPSNAP2	gene-NIPSNAP2
NISCH	gene-NISCH
NIT1	gene-NIT1
NIT2	gene-NIT2
NKAIN1	gene-NKAIN1
NKAIN2	gene-NKAIN2
NKAIN4	gene-NKAIN4
NKAP	gene-NKAP
NKAPD1	gene-NKAPD1
NKAPL	gene-NKAPL
NKD1	gene-NKD1
NKD2	gene-NKD2
NKIRAS1	gene-NKIRAS1
NKIRAS2	gene-NKIRAS2
NKPD1	gene-NKPD1
NKRF	gene-NKRF
NKTR	gene-NKTR
NKX2-5	gene-NKX2-5
NKX2-8	gene-NKX2-8
NLE1	gene-NLE1
NLGN2	gene-NLGN2
NLGN3	gene-NLGN3
NLK	gene-NLK
NLN	gene-NLN
NLRC5	gene-NLRC5
NLRP3	gene-NLRP3
NLRP6	gene-NLRP6
NLRX1	gene-NLRX1
NMB	gene-NMB
NMBR	gene-NMBR
NMD3	gene-NMD3
NME1	gene-NME1
NME2	gene-NME2
NME6	gene-NME6
NME7	gene-NME7
NME8	gene-NME8
NMI	gene-NMI
NMNAT1	gene-NMNAT1
NMNAT2	gene-NMNAT2
NMNAT3	gene-NMNAT3
NMRAL1	gene-NMRAL1
NMRK1	gene-NMRK1
NMT1	gene-NMT1
NMT2	gene-NMT2
NMU	gene-NMU
NMUR1	gene-NMUR1
NNAT	gene-NNAT
NNT	gene-NNT
NOA1	gene-NOA1
NOB1	gene-NOB1
NOC2L	gene-NOC2L
NOC3L	gene-NOC3L
NOC4L	gene-NOC4L
NOCT	gene-NOCT
NOD1	gene-NOD1
NOD2	gene-NOD2
NOL10	gene-NOL10
NOL11	gene-NOL11
NOL4	gene-NOL4
NOL4L	gene-NOL4L
NOL6	gene-NOL6
NOL8	gene-NOL8
NOL9	gene-NOL9
NOLC1	gene-NOLC1
NOM1	gene-NOM1
NONO	gene-NONO
NOP10	gene-NOP10
NOP14	gene-NOP14
NOP16	gene-NOP16
NOP2	gene-NOP2
NOP53	gene-NOP53
NOP56	gene-NOP56
NOP58	gene-NOP58
NOP9	gene-NOP9
NOS2	gene-NOS2
NOSIP	gene-NOSIP
NOTCH1	gene-NOTCH1
NOTCH2	gene-NOTCH2
NOTCH3	gene-NOTCH3
NOTCH4	gene-NOTCH4
NOTUM	gene-NOTUM
NOVA1	gene-NOVA1
NOVA2	gene-NOVA2
NOX1	gene-NOX1
NOXA1	gene-NOXA1
NOXO1	gene-NOXO1
NOXRED1	gene-NOXRED1
NPAS1	gene-NPAS1
NPAS2	gene-NPAS2
NPAS4	gene-NPAS4
NPAT	gene-NPAT
NPB	gene-NPB
NPC1	gene-NPC1
NPC2	gene-NPC2
NPDC1	gene-NPDC1
NPEPL1	gene-NPEPL1
NPEPPS	gene-NPEPPS
NPFFR1	gene-NPFFR1
NPHP1	gene-NPHP1
NPHP3	gene-NPHP3
NPHP4	gene-NPHP4
NPL	gene-NPL
NPLOC4	gene-NPLOC4
NPM1	gene-NPM1
NPNT	gene-NPNT
NPPC	gene-NPPC
NPR2	gene-NPR2
NPRL2	gene-NPRL2
NPRL3	gene-NPRL3
NPTN	gene-NPTN
NPTX1	gene-NPTX1
NPTX2	gene-NPTX2
NPTXR	gene-NPTXR
NQO1	gene-NQO1
NQO2	gene-NQO2
NR1D1	gene-NR1D1
NR1D2	gene-NR1D2
NR1H2	gene-NR1H2
NR1H3	gene-NR1H3
NR1H4	gene-NR1H4
NR1I3	gene-NR1I3
NR2C1	gene-NR2C1
NR2C2	gene-NR2C2
NR2C2AP	gene-NR2C2AP
NR2F1	gene-NR2F1
NR2F2	gene-NR2F2
NR2F6	gene-NR2F6
NR3C1	gene-NR3C1
NR3C2	gene-NR3C2
NR4A1	gene-NR4A1
NR4A2	gene-NR4A2
NR4A3	gene-NR4A3
NR5A2	gene-NR5A2
NR6A1	gene-NR6A1
NRAP	gene-NRAP
NRARP	gene-NRARP
NRAS	gene-NRAS
NRBF2	gene-NRBF2
NRBP1	gene-NRBP1
NRBP2	gene-NRBP2
NRCAM	gene-NRCAM
NRDC	gene-NRDC
NRDE2	gene-NRDE2
NREP	gene-NREP
NRF1	gene-NRF1
NRG2	gene-NRG2
NRG3	gene-NRG3
NRGN	gene-NRGN
NRIP1	gene-NRIP1
NRIP3	gene-NRIP3
NRL	gene-NRL
NRM	gene-NRM
NRN1L	gene-NRN1L
NRP1	gene-NRP1
NRP2	gene-NRP2
NRTN	gene-NRTN
NRXN2	gene-NRXN2
NSD1	gene-NSD1
NSD2	gene-NSD2
NSD3	gene-NSD3
NSDHL	gene-NSDHL
NSF	gene-NSF
NSFL1C	gene-NSFL1C
NSG1	gene-NSG1
NSL1	gene-NSL1
NSMAF	gene-NSMAF
NSMCE1	gene-NSMCE1
NSMCE2	gene-NSMCE2
NSMCE4A	gene-NSMCE4A
NSMF	gene-NSMF
NSRP1	gene-NSRP1
NSUN2	gene-NSUN2
NSUN3	gene-NSUN3
NSUN4	gene-NSUN4
NSUN5	gene-NSUN5
NSUN6	gene-NSUN6
NT5C	gene-NT5C
NT5C1A	gene-NT5C1A
NT5C2	gene-NT5C2
NT5C3A	gene-NT5C3A
NT5C3B	gene-NT5C3B
NT5DC1	gene-NT5DC1
NT5DC2	gene-NT5DC2
NT5DC3	gene-NT5DC3
NT5E	gene-NT5E
NTAN1	gene-NTAN1
NTAQ1	gene-NTAQ1
NTHL1	gene-NTHL1
NTMT1	gene-NTMT1
NTN1	gene-NTN1
NTN4	gene-NTN4
NTNG2	gene-NTNG2
NTRK1	gene-NTRK1
NTRK2	gene-NTRK2
NTRK3	gene-NTRK3
NTSR1	gene-NTSR1
NUAK1	gene-NUAK1
NUAK2	gene-NUAK2
NUB1	gene-NUB1
NUBP1	gene-NUBP1
NUBP2	gene-NUBP2
NUBPL	gene-NUBPL
NUCB1	gene-NUCB1
NUCB2	gene-NUCB2
NUCKS1	gene-NUCKS1
NUDC	gene-NUDC
NUDCD1	gene-NUDCD1
NUDCD2	gene-NUDCD2
NUDCD3	gene-NUDCD3
NUDT1	gene-NUDT1
NUDT12	gene-NUDT12
NUDT13	gene-NUDT13
NUDT14	gene-NUDT14
NUDT15	gene-NUDT15
NUDT16	gene-NUDT16
NUDT16L1	gene-NUDT16L1
NUDT17	gene-NUDT17
NUDT18	gene-NUDT18
NUDT2	gene-NUDT2
NUDT22	gene-NUDT22
NUDT3	gene-NUDT3
NUDT4	gene-NUDT4
NUDT5	gene-NUDT5
NUDT6	gene-NUDT6
NUDT7	gene-NUDT7
NUDT9	gene-NUDT9
NUF2	gene-NUF2
NUFIP1	gene-NUFIP1
NUFIP2	gene-NUFIP2
NUGGC	gene-NUGGC
NUMA1	gene-NUMA1
NUMB	gene-NUMB
NUP107	gene-NUP107
NUP133	gene-NUP133
NUP153	gene-NUP153
NUP155	gene-NUP155
NUP160	gene-NUP160
NUP188	gene-NUP188
NUP205	gene-NUP205
NUP210	gene-NUP210
NUP210L	gene-NUP210L
NUP214	gene-NUP214
NUP35	gene-NUP35
NUP37	gene-NUP37
NUP43	gene-NUP43
NUP50	gene-NUP50
NUP54	gene-NUP54
NUP58	gene-NUP58
NUP85	gene-NUP85
NUP88	gene-NUP88
NUP93	gene-NUP93
NUP98	gene-NUP98
NUPR1	gene-NUPR1
NUPR2	gene-NUPR2
NUS1	gene-NUS1
NUSAP1	gene-NUSAP1
NVL	gene-NVL
NXF1	gene-NXF1
NXN	gene-NXN
NXPH3	gene-NXPH3
NXPH4	gene-NXPH4
NXT2	gene-NXT2
NYAP1	gene-NYAP1
NYAP2	gene-NYAP2
NYX	gene-NYX
OAF	gene-OAF
OARD1	gene-OARD1
OAS1	gene-OAS1
OAS2	gene-OAS2
OAS3	gene-OAS3
OASL	gene-OASL
OAT	gene-OAT
OAZ1	gene-OAZ1
OAZ2	gene-OAZ2
OAZ3	gene-OAZ3
OBI1	gene-OBI1
OBSL1	gene-OBSL1
OCA2	gene-OCA2
OCEL1	gene-OCEL1
OCIAD1	gene-OCIAD1
OCIAD2	gene-OCIAD2
OCLN	gene-OCLN
OCM	gene-OCM
OCRL	gene-OCRL
ODAD1	gene-ODAD1
ODAD3	gene-ODAD3
ODAD4	gene-ODAD4
ODC1	gene-ODC1
ODF2	gene-ODF2
ODF2L	gene-ODF2L
ODF3B	gene-ODF3B
ODR4	gene-ODR4
OFD1	gene-OFD1
OGA	gene-OGA
OGDH	gene-OGDH
OGFOD1	gene-OGFOD1
OGFOD2	gene-OGFOD2
OGFOD3	gene-OGFOD3
OGFRL1	gene-OGFRL1
OGG1	gene-OGG1
OGT	gene-OGT
OIP5	gene-OIP5
OIT3	gene-OIT3
OLA1	gene-OLA1
OLFM1	gene-OLFM1
OLFM2	gene-OLFM2
OLFML2B	gene-OLFML2B
OLFML3	gene-OLFML3
OLIG2	gene-OLIG2
OLIG3	gene-OLIG3
OLR1	gene-OLR1
OMA1	gene-OMA1
OMG	gene-OMG
ONECUT1	gene-ONECUT1
ONECUT2	gene-ONECUT2
OOEP	gene-OOEP
OPA1	gene-OPA1
OPA3	gene-OPA3
OPN3	gene-OPN3
OPRD1	gene-OPRD1
OPRL1	gene-OPRL1
OPTN	gene-OPTN
OR10H2	gene-OR10H2
OR10V4	gene-OR10V4
OR13D3	gene-OR13D3
OR1F15	gene-OR1F15
OR2AE1	gene-OR2AE1
OR4A47C	gene-OR4A47C
OR4D9D	gene-OR4D9D
OR4S7	gene-OR4S7
OR52D3	gene-OR52D3
OR52H7	gene-OR52H7
OR52H9	gene-OR52H9
OR52I1	gene-OR52I1
OR52U1	gene-OR52U1
OR55B1	gene-OR55B1
OR6AE1	gene-OR6AE1
OR6W1	gene-OR6W1
ORAI1	gene-ORAI1
ORAI2	gene-ORAI2
ORC1	gene-ORC1
ORC2	gene-ORC2
ORC3	gene-ORC3
ORC4	gene-ORC4
ORC5	gene-ORC5
ORC6	gene-ORC6
ORMDL1	gene-ORMDL1
ORMDL3	gene-ORMDL3
OS9	gene-OS9
OSBP	gene-OSBP
OSBP2	gene-OSBP2
OSBPL10	gene-OSBPL10
OSBPL11	gene-OSBPL11
OSBPL1A	gene-OSBPL1A
OSBPL3	gene-OSBPL3
OSBPL5	gene-OSBPL5
OSBPL6	gene-OSBPL6
OSBPL7	gene-OSBPL7
OSBPL8	gene-OSBPL8
OSBPL9	gene-OSBPL9
OSCP1	gene-OSCP1
OSER1	gene-OSER1
OSGEP	gene-OSGEP
OSGEPL1	gene-OSGEPL1
OSGIN1	gene-OSGIN1
OSGIN2	gene-OSGIN2
OSM	gene-OSM
OSMR	gene-OSMR
OSR1	gene-OSR1
OSR2	gene-OSR2
OSTC	gene-OSTC
OSTF1	gene-OSTF1
OSTM1	gene-OSTM1
OTOA	gene-OTOA
OTOG	gene-OTOG
OTOL1	gene-OTOL1
OTUB2	gene-OTUB2
OTUD3	gene-OTUD3
OTUD4	gene-OTUD4
OTUD5	gene-OTUD5
OTUD6B	gene-OTUD6B
OTUD7A	gene-OTUD7A
OTUD7B	gene-OTUD7B
OTULIN	gene-OTULIN
OTULINL	gene-OTULINL
OTX1	gene-OTX1
OVCA2	gene-OVCA2
OVGP1	gene-OVGP1
OXA1L	gene-OXA1L
OXCT1	gene-OXCT1
OXER1	gene-OXER1
OXLD1	gene-OXLD1
OXNAD1	gene-OXNAD1
OXR1	gene-OXR1
OXSM	gene-OXSM
OXSR1	gene-OXSR1
OXTR	gene-OXTR
P2RX1	gene-P2RX1
P2RX2	gene-P2RX2
P2RX3	gene-P2RX3
P2RX4	gene-P2RX4
P2RX7	gene-P2RX7
P2RY1	gene-P2RY1
P2RY10	gene-P2RY10
P2RY11	gene-P2RY11
P2RY14	gene-P2RY14
P2RY2	gene-P2RY2
P2RY6	gene-P2RY6
P3H1	gene-P3H1
P3H4	gene-P3H4
P4HA1	gene-P4HA1
P4HA2	gene-P4HA2
P4HA3	gene-P4HA3
P4HB	gene-P4HB
P4HTM	gene-P4HTM
PA2G4	gene-PA2G4
PAAF1	gene-PAAF1
PABIR2	gene-PABIR2
PABPC1	gene-PABPC1
PABPC1L	gene-PABPC1L
PABPC4	gene-PABPC4
PABPN1	gene-PABPN1
PACC1	gene-PACC1
PACRGL	gene-PACRGL
PACS1	gene-PACS1
PACS2	gene-PACS2
PACSIN1	gene-PACSIN1
PACSIN2	gene-PACSIN2
PACSIN3	gene-PACSIN3
PADI2	gene-PADI2
PADI3	gene-PADI3
PAF1	gene-PAF1
PAFAH1B1	gene-PAFAH1B1
PAFAH1B2	gene-PAFAH1B2
PAFAH1B3	gene-PAFAH1B3
PAFAH2	gene-PAFAH2
PAG1	gene-PAG1
PAIP2	gene-PAIP2
PAIP2B	gene-PAIP2B
PAK1	gene-PAK1
PAK1IP1	gene-PAK1IP1
PAK2	gene-PAK2
PAK3	gene-PAK3
PAK4	gene-PAK4
PAK6	gene-PAK6
PALB2	gene-PALB2
PALD1	gene-PALD1
PALLD	gene-PALLD
PALM	gene-PALM
PALM2AKAP2	gene-PALM2AKAP2
PALM3	gene-PALM3
PAMR1	gene-PAMR1
PAN2	gene-PAN2
PAN3	gene-PAN3
PANK2	gene-PANK2
PANK3	gene-PANK3
PANK4	gene-PANK4
PANX1	gene-PANX1
PANX2	gene-PANX2
PAPLN	gene-PAPLN
PAPOLA	gene-PAPOLA
PAPOLG	gene-PAPOLG
PAPSS1	gene-PAPSS1
PAQR3	gene-PAQR3
PAQR4	gene-PAQR4
PAQR6	gene-PAQR6
PAQR7	gene-PAQR7
PAQR8	gene-PAQR8
PAQR9	gene-PAQR9
PARD3	gene-PARD3
PARD3B	gene-PARD3B
PARD6A	gene-PARD6A
PARD6G	gene-PARD6G
PARG	gene-PARG
PARK7	gene-PARK7
PARL	gene-PARL
PARN	gene-PARN
PARP1	gene-PARP1
PARP11	gene-PARP11
PARP12	gene-PARP12
PARP14	gene-PARP14
PARP15	gene-PARP15
PARP2	gene-PARP2
PARP3	gene-PARP3
PARP4	gene-PARP4
PARP8	gene-PARP8
PARP9	gene-PARP9
PARPBP	gene-PARPBP
PARS2	gene-PARS2
PARVB	gene-PARVB
PARVG	gene-PARVG
PASK	gene-PASK
PATJ	gene-PATJ
PATL1	gene-PATL1
PATL2	gene-PATL2
PATZ1	gene-PATZ1
PAX5	gene-PAX5
PAX8	gene-PAX8
PAX9	gene-PAX9
PAXBP1	gene-PAXBP1
PAXIP1	gene-PAXIP1
PAXX	gene-PAXX
PBK	gene-PBK
PBLD	gene-PBLD
PBRM1	gene-PBRM1
PBX1	gene-PBX1
PBX2	gene-PBX2
PBX3	gene-PBX3
PBX4	gene-PBX4
PBXIP1	gene-PBXIP1
PC	gene-PC
PCBD1	gene-PCBD1
PCBD2	gene-PCBD2
PCBP3	gene-PCBP3
PCBP4	gene-PCBP4
PCCA	gene-PCCA
PCCB	gene-PCCB
PCDH1	gene-PCDH1
PCDH10	gene-PCDH10
PCDH17	gene-PCDH17
PCDH18	gene-PCDH18
PCDH19	gene-PCDH19
PCDH20	gene-PCDH20
PCDH9	gene-PCDH9
PCDHA13	gene-PCDHA13
PCED1A	gene-PCED1A
PCF11	gene-PCF11
PCGF1	gene-PCGF1
PCGF2	gene-PCGF2
PCGF3	gene-PCGF3
PCGF5	gene-PCGF5
PCGF6	gene-PCGF6
PCID2	gene-PCID2
PCIF1	gene-PCIF1
PCK2	gene-PCK2
PCLO	gene-PCLO
PCM1	gene-PCM1
PCMT1	gene-PCMT1
PCMTD1	gene-PCMTD1
PCMTD2	gene-PCMTD2
PCNA	gene-PCNA
PCNP	gene-PCNP
PCNT	gene-PCNT
PCNX1	gene-PCNX1
PCNX2	gene-PCNX2
PCNX3	gene-PCNX3
PCNX4	gene-PCNX4
PCOLCE	gene-PCOLCE
PCP4L1	gene-PCP4L1
PCSK1N	gene-PCSK1N
PCSK4	gene-PCSK4
PCSK5	gene-PCSK5
PCSK6	gene-PCSK6
PCSK7	gene-PCSK7
PCYOX1	gene-PCYOX1
PCYOX1L	gene-PCYOX1L
PCYT1A	gene-PCYT1A
PCYT2	gene-PCYT2
PDAP1	gene-PDAP1
PDC	gene-PDC
PDCD1	gene-PDCD1
PDCD10	gene-PDCD10
PDCD11	gene-PDCD11
PDCD1LG2	gene-PDCD1LG2
PDCD2	gene-PDCD2
PDCD2L	gene-PDCD2L
PDCD4	gene-PDCD4
PDCD5	gene-PDCD5
PDCD6	gene-PDCD6
PDCD6IP	gene-PDCD6IP
PDCD7	gene-PDCD7
PDCL	gene-PDCL
PDCL3	gene-PDCL3
PDE10A	gene-PDE10A
PDE11A	gene-PDE11A
PDE12	gene-PDE12
PDE1A	gene-PDE1A
PDE1B	gene-PDE1B
PDE1C	gene-PDE1C
PDE2A	gene-PDE2A
PDE3A	gene-PDE3A
PDE3B	gene-PDE3B
PDE4A	gene-PDE4A
PDE4B	gene-PDE4B
PDE4C	gene-PDE4C
PDE4D	gene-PDE4D
PDE5A	gene-PDE5A
PDE6A	gene-PDE6A
PDE6D	gene-PDE6D
PDE6H	gene-PDE6H
PDE7A	gene-PDE7A
PDE7B	gene-PDE7B
PDE8A	gene-PDE8A
PDGFA	gene-PDGFA
PDGFB	gene-PDGFB
PDGFC	gene-PDGFC
PDGFRB	gene-PDGFRB
PDGFRL	gene-PDGFRL
PDHA1	gene-PDHA1
PDHX	gene-PDHX
PDIA2	gene-PDIA2
PDIA3	gene-PDIA3
PDIA4	gene-PDIA4
PDIA5	gene-PDIA5
PDIA6	gene-PDIA6
PDIK1L	gene-PDIK1L
PDK1	gene-PDK1
PDK2	gene-PDK2
PDK3	gene-PDK3
PDK4	gene-PDK4
PDLIM1	gene-PDLIM1
PDLIM2	gene-PDLIM2
PDLIM3	gene-PDLIM3
PDLIM4	gene-PDLIM4
PDLIM5	gene-PDLIM5
PDP1	gene-PDP1
PDP2	gene-PDP2
PDPK1	gene-PDPK1
PDPR	gene-PDPR
PDRG1	gene-PDRG1
PDS5A	gene-PDS5A
PDS5B	gene-PDS5B
PDSS1	gene-PDSS1
PDSS2	gene-PDSS2
PDXDC1	gene-PDXDC1
PDXK	gene-PDXK
PDXP	gene-PDXP
PDZD11	gene-PDZD11
PDZD2	gene-PDZD2
PDZD3	gene-PDZD3
PDZD4	gene-PDZD4
PDZD7	gene-PDZD7
PDZD8	gene-PDZD8
PDZK1IP1	gene-PDZK1IP1
PDZRN3	gene-PDZRN3
PDZRN4	gene-PDZRN4
PEA15	gene-PEA15
PEAK1	gene-PEAK1
PEAK3	gene-PEAK3
PEAR1	gene-PEAR1
PEBP1	gene-PEBP1
PECAM1	gene-PECAM1
PECR	gene-PECR
PEF1	gene-PEF1
PEG10	gene-PEG10
PEG3	gene-PEG3
PELI1	gene-PELI1
PELI3	gene-PELI3
PELP1	gene-PELP1
PEMT	gene-PEMT
PEPD	gene-PEPD
PER1	gene-PER1
PER2	gene-PER2
PER3	gene-PER3
PERP	gene-PERP
PES1	gene-PES1
PEX1	gene-PEX1
PEX10	gene-PEX10
PEX11A	gene-PEX11A
PEX11B	gene-PEX11B
PEX11G	gene-PEX11G
PEX12	gene-PEX12
PEX14	gene-PEX14
PEX16	gene-PEX16
PEX19	gene-PEX19
PEX26	gene-PEX26
PEX3	gene-PEX3
PEX5	gene-PEX5
PEX6	gene-PEX6
PEX7	gene-PEX7
PFAS	gene-PFAS
PFDN1	gene-PFDN1
PFDN2	gene-PFDN2
PFDN5	gene-PFDN5
PFDN6	gene-PFDN6
PFKFB2	gene-PFKFB2
PFKFB3	gene-PFKFB3
PFKFB4	gene-PFKFB4
PFKL	gene-PFKL
PFKM	gene-PFKM
PFKP	gene-PFKP
PFN1	gene-PFN1
PFN2	gene-PFN2
PGA	gene-PGA
PGAM2	gene-PGAM2
PGAM5	gene-PGAM5
PGAP1	gene-PGAP1
PGAP2	gene-PGAP2
PGAP3	gene-PGAP3
PGAP4	gene-PGAP4
PGAP6	gene-PGAP6
PGBD1	gene-PGBD1
PGBD2	gene-PGBD2
PGBD5	gene-PGBD5
PGD	gene-PGD
PGF	gene-PGF
PGGHG	gene-PGGHG
PGK1	gene-PGK1
PGLS	gene-PGLS
PGLYRP2	gene-PGLYRP2
PGM1	gene-PGM1
PGM2	gene-PGM2
PGM2L1	gene-PGM2L1
PGM3	gene-PGM3
PGM5	gene-PGM5
PGPEP1	gene-PGPEP1
PGPEP1L	gene-PGPEP1L
PGRMC1	gene-PGRMC1
PGRMC2	gene-PGRMC2
PGS1	gene-PGS1
PHACTR2	gene-PHACTR2
PHACTR4	gene-PHACTR4
PHAX	gene-PHAX
PHB	gene-PHB
PHB2	gene-PHB2
PHC1	gene-PHC1
PHC2	gene-PHC2
PHC3	gene-PHC3
PHEX	gene-PHEX
PHF1	gene-PHF1
PHF10	gene-PHF10
PHF12	gene-PHF12
PHF13	gene-PHF13
PHF14	gene-PHF14
PHF2	gene-PHF2
PHF20	gene-PHF20
PHF20L1	gene-PHF20L1
PHF21A	gene-PHF21A
PHF21B	gene-PHF21B
PHF23	gene-PHF23
PHF3	gene-PHF3
PHF5A	gene-PHF5A
PHF6	gene-PHF6
PHF7	gene-PHF7
PHIP	gene-PHIP
PHKA1	gene-PHKA1
PHKA2	gene-PHKA2
PHKB	gene-PHKB
PHKG1	gene-PHKG1
PHKG2	gene-PHKG2
PHLDB1	gene-PHLDB1
PHLDB3	gene-PHLDB3
PHLPP1	gene-PHLPP1
PHLPP2	gene-PHLPP2
PHOSPHO1	gene-PHOSPHO1
PHOSPHO2	gene-PHOSPHO2
PHOX2A	gene-PHOX2A
PHPT1	gene-PHPT1
PHRF1	gene-PHRF1
PHTF1	gene-PHTF1
PHTF2	gene-PHTF2
PHYHD1	gene-PHYHD1
PHYKPL	gene-PHYKPL
PI16	gene-PI16
PI3	gene-PI3
PI4K2A	gene-PI4K2A
PI4K2B	gene-PI4K2B
PI4KA	gene-PI4KA
PI4KB	gene-PI4KB
PIANP	gene-PIANP
PIAS1	gene-PIAS1
PIAS2	gene-PIAS2
PIAS3	gene-PIAS3
PIAS4	gene-PIAS4
PIBF1	gene-PIBF1
PICALM	gene-PICALM
PICK1	gene-PICK1
PIDD1	gene-PIDD1
PIEZO1	gene-PIEZO1
PIEZO2	gene-PIEZO2
PIF1	gene-PIF1
PIGB	gene-PIGB
PIGC	gene-PIGC
PIGF	gene-PIGF
PIGG	gene-PIGG
PIGH	gene-PIGH
PIGK	gene-PIGK
PIGL	gene-PIGL
PIGN	gene-PIGN
PIGO	gene-PIGO
PIGQ	gene-PIGQ
PIGR	gene-PIGR
PIGS	gene-PIGS
PIGT	gene-PIGT
PIGU	gene-PIGU
PIGV	gene-PIGV
PIGW	gene-PIGW
PIGX	gene-PIGX
PIH1D1	gene-PIH1D1
PIH1D2	gene-PIH1D2
PIK3AP1	gene-PIK3AP1
PIK3C2A	gene-PIK3C2A
PIK3C2B	gene-PIK3C2B
PIK3C3	gene-PIK3C3
PIK3CA	gene-PIK3CA
PIK3CB	gene-PIK3CB
PIK3CD	gene-PIK3CD
PIK3CG	gene-PIK3CG
PIK3IP1	gene-PIK3IP1
PIK3R1	gene-PIK3R1
PIK3R2	gene-PIK3R2
PIK3R4	gene-PIK3R4
PIK3R5	gene-PIK3R5
PIK3R6	gene-PIK3R6
PIKFYVE	gene-PIKFYVE
PIM1	gene-PIM1
PIM2	gene-PIM2
PIMREG	gene-PIMREG
PIN1	gene-PIN1
PINK1	gene-PINK1
PINX1	gene-PINX1
PIP4K2A	gene-PIP4K2A
PIP4K2B	gene-PIP4K2B
PIP4K2C	gene-PIP4K2C
PIP4P2	gene-PIP4P2
PIP5K1A	gene-PIP5K1A
PIP5K1B	gene-PIP5K1B
PIP5K1C	gene-PIP5K1C
PIP5KL1	gene-PIP5KL1
PIPOX	gene-PIPOX
PIR	gene-PIR
PISD	gene-PISD
PITHD1	gene-PITHD1
PITPNA	gene-PITPNA
PITPNB	gene-PITPNB
PITPNC1	gene-PITPNC1
PITPNM1	gene-PITPNM1
PITPNM2	gene-PITPNM2
PITPNM3	gene-PITPNM3
PITRM1	gene-PITRM1
PITX1	gene-PITX1
PITX2	gene-PITX2
PITX3	gene-PITX3
PIWIL4	gene-PIWIL4
PJA2	gene-PJA2
PKD1L3	gene-PKD1L3
PKD2	gene-PKD2
PKDCC	gene-PKDCC
PKDREJ	gene-PKDREJ
PKHD1	gene-PKHD1
PKIB	gene-PKIB
PKIG	gene-PKIG
PKLR	gene-PKLR
PKMYT1	gene-PKMYT1
PKN1	gene-PKN1
PKN2	gene-PKN2
PKN3	gene-PKN3
PKNOX1	gene-PKNOX1
PKNOX2	gene-PKNOX2
PKP1	gene-PKP1
PKP2	gene-PKP2
PKP3	gene-PKP3
PKP4	gene-PKP4
PLA1A	gene-PLA1A
PLA2G12A	gene-PLA2G12A
PLA2G15	gene-PLA2G15
PLA2G4F	gene-PLA2G4F
PLA2G5	gene-PLA2G5
PLA2G6	gene-PLA2G6
PLA2G7	gene-PLA2G7
PLAA	gene-PLAA
PLAAT1	gene-PLAAT1
PLAAT3	gene-PLAAT3
PLAAT4	gene-PLAAT4
PLAAT5	gene-PLAAT5
PLAC8A	gene-PLAC8A
PLAG1	gene-PLAG1
PLAGL1	gene-PLAGL1
PLAGL2	gene-PLAGL2
PLAU	gene-PLAU
PLAUR	gene-PLAUR
PLB1	gene-PLB1
PLBD1	gene-PLBD1
PLBD2	gene-PLBD2
PLCB1	gene-PLCB1
PLCB2	gene-PLCB2
PLCB3	gene-PLCB3
PLCB4	gene-PLCB4
PLCD1	gene-PLCD1
PLCD3	gene-PLCD3
PLCD4	gene-PLCD4
PLCE1	gene-PLCE1
PLCG1	gene-PLCG1
PLCG2	gene-PLCG2
PLCH1	gene-PLCH1
PLCH2	gene-PLCH2
PLCL1	gene-PLCL1
PLCL2	gene-PLCL2
PLCXD2	gene-PLCXD2
PLCXD3	gene-PLCXD3
PLD1	gene-PLD1
PLD2	gene-PLD2
PLD3	gene-PLD3
PLEC	gene-PLEC
PLEK	gene-PLEK
PLEK2	gene-PLEK2
PLEKHA1	gene-PLEKHA1
PLEKHA2	gene-PLEKHA2
PLEKHA3	gene-PLEKHA3
PLEKHA4	gene-PLEKHA4
PLEKHA5	gene-PLEKHA5
PLEKHA6	gene-PLEKHA6
PLEKHA7	gene-PLEKHA7
PLEKHA8	gene-PLEKHA8
PLEKHB1	gene-PLEKHB1
PLEKHB2	gene-PLEKHB2
PLEKHD1	gene-PLEKHD1
PLEKHF1	gene-PLEKHF1
PLEKHG1	gene-PLEKHG1
PLEKHG2	gene-PLEKHG2
PLEKHG3	gene-PLEKHG3
PLEKHG4	gene-PLEKHG4
PLEKHG5	gene-PLEKHG5
PLEKHG6	gene-PLEKHG6
PLEKHH1	gene-PLEKHH1
PLEKHH2	gene-PLEKHH2
PLEKHH3	gene-PLEKHH3
PLEKHM2	gene-PLEKHM2
PLEKHM3	gene-PLEKHM3
PLEKHN1	gene-PLEKHN1
PLEKHO1	gene-PLEKHO1
PLEKHO2	gene-PLEKHO2
PLEKHS1	gene-PLEKHS1
PLGRKT	gene-PLGRKT
PLIN1	gene-PLIN1
PLIN2	gene-PLIN2
PLIN3	gene-PLIN3
PLIN4	gene-PLIN4
PLK1	gene-PLK1
PLK2	gene-PLK2
PLK3	gene-PLK3
PLK4	gene-PLK4
PLLP	gene-PLLP
PLOD1	gene-PLOD1
PLOD2	gene-PLOD2
PLOD3	gene-PLOD3
PLPBP	gene-PLPBP
PLPP1	gene-PLPP1
PLPP2	gene-PLPP2
PLPP3	gene-PLPP3
PLPP5	gene-PLPP5
PLPP6	gene-PLPP6
PLPP7	gene-PLPP7
PLPPR2	gene-PLPPR2
PLPPR3	gene-PLPPR3
PLRG1	gene-PLRG1
PLS1	gene-PLS1
PLS3	gene-PLS3
PLSCR1	gene-PLSCR1
PLSCR3	gene-PLSCR3
PLSCR4	gene-PLSCR4
PLTP	gene-PLTP
PLXDC2	gene-PLXDC2
PLXNA1	gene-PLXNA1
PLXNA3	gene-PLXNA3
PLXNA4	gene-PLXNA4
PLXNB1	gene-PLXNB1
PLXNB2	gene-PLXNB2
PLXNB3	gene-PLXNB3
PLXNC1	gene-PLXNC1
PLXND1	gene-PLXND1
PM20D1	gene-PM20D1
PM20D2	gene-PM20D2
PMCH	gene-PMCH
PMEL	gene-PMEL
PMEPA1	gene-PMEPA1
PML	gene-PML
PMM1	gene-PMM1
PMM2	gene-PMM2
PMPCA	gene-PMPCA
PMPCB	gene-PMPCB
PMS1	gene-PMS1
PMS2	gene-PMS2
PMVK	gene-PMVK
PNISR	gene-PNISR
PNKD	gene-PNKD
PNKP	gene-PNKP
PNLDC1	gene-PNLDC1
PNMA1	gene-PNMA1
PNMA2	gene-PNMA2
PNMA6A	gene-PNMA6A
PNN	gene-PNN
PNO1	gene-PNO1
PNP	gene-PNP
PNPLA2	gene-PNPLA2
PNPLA3	gene-PNPLA3
PNPLA4	gene-PNPLA4
PNPLA5	gene-PNPLA5
PNPLA6	gene-PNPLA6
PNPLA7	gene-PNPLA7
PNPLA8	gene-PNPLA8
PNPO	gene-PNPO
PNPT1	gene-PNPT1
POC1A	gene-POC1A
POC1B	gene-POC1B
POC5	gene-POC5
PODN	gene-PODN
PODNL1	gene-PODNL1
PODXL	gene-PODXL
PODXL2	gene-PODXL2
POFUT1	gene-POFUT1
POFUT2	gene-POFUT2
POGK	gene-POGK
POGLUT1	gene-POGLUT1
POGLUT2	gene-POGLUT2
POGLUT3	gene-POGLUT3
POGZ	gene-POGZ
POLA1	gene-POLA1
POLA2	gene-POLA2
POLB	gene-POLB
POLD1	gene-POLD1
POLD2	gene-POLD2
POLD3	gene-POLD3
POLDIP2	gene-POLDIP2
POLDIP3	gene-POLDIP3
POLE	gene-POLE
POLE2	gene-POLE2
POLE3	gene-POLE3
POLG	gene-POLG
POLG2	gene-POLG2
POLH	gene-POLH
POLI	gene-POLI
POLK	gene-POLK
POLL	gene-POLL
POLM	gene-POLM
POLN	gene-POLN
POLQ	gene-POLQ
POLR1A	gene-POLR1A
POLR1B	gene-POLR1B
POLR1C	gene-POLR1C
POLR1D	gene-POLR1D
POLR1E	gene-POLR1E
POLR1F	gene-POLR1F
POLR1G	gene-POLR1G
POLR1H	gene-POLR1H
POLR2A	gene-POLR2A
POLR2B	gene-POLR2B
POLR2C	gene-POLR2C
POLR2D	gene-POLR2D
POLR2E	gene-POLR2E
POLR2F	gene-POLR2F
POLR2G	gene-POLR2G
POLR2H	gene-POLR2H
POLR2I	gene-POLR2I
POLR2K	gene-POLR2K
POLR3A	gene-POLR3A
POLR3B	gene-POLR3B
POLR3C	gene-POLR3C
POLR3D	gene-POLR3D
POLR3E	gene-POLR3E
POLR3G	gene-POLR3G
POLR3GL	gene-POLR3GL
POLR3H	gene-POLR3H
POLR3K	gene-POLR3K
POLRMT	gene-POLRMT
POMGNT1	gene-POMGNT1
POMGNT2	gene-POMGNT2
POMK	gene-POMK
POMT1	gene-POMT1
POMT2	gene-POMT2
PON2	gene-PON2
POP1	gene-POP1
POP4	gene-POP4
POP5	gene-POP5
POP7	gene-POP7
POPDC2	gene-POPDC2
POR	gene-POR
PORCN	gene-PORCN
POSTN	gene-POSTN
POT1	gene-POT1
POU1F1	gene-POU1F1
POU2AF1	gene-POU2AF1
POU2F1	gene-POU2F1
POU2F2	gene-POU2F2
POU3F1	gene-POU3F1
POU3F3	gene-POU3F3
POU4F3	gene-POU4F3
POU6F1	gene-POU6F1
PP2D1	gene-PP2D1
PPA1	gene-PPA1
PPA2	gene-PPA2
PPAN	gene-PPAN
PPARA	gene-PPARA
PPARD	gene-PPARD
PPARG	gene-PPARG
PPARGC1B	gene-PPARGC1B
PPAT	gene-PPAT
PPCDC	gene-PPCDC
PPCS	gene-PPCS
PPEF1	gene-PPEF1
PPFIA1	gene-PPFIA1
PPFIA2	gene-PPFIA2
PPFIA3	gene-PPFIA3
PPFIA4	gene-PPFIA4
PPFIBP1	gene-PPFIBP1
PPFIBP2	gene-PPFIBP2
PPHLN1	gene-PPHLN1
PPIC	gene-PPIC
PPID	gene-PPID
PPIE	gene-PPIE
PPIG	gene-PPIG
PPIH	gene-PPIH
PPIL1	gene-PPIL1
PPIL2	gene-PPIL2
PPIL4	gene-PPIL4
PPIL6	gene-PPIL6
PPIP5K1	gene-PPIP5K1
PPIP5K2	gene-PPIP5K2
PPL	gene-PPL
PPM1A	gene-PPM1A
PPM1B	gene-PPM1B
PPM1D	gene-PPM1D
PPM1E	gene-PPM1E
PPM1F	gene-PPM1F
PPM1G	gene-PPM1G
PPM1H	gene-PPM1H
PPM1J	gene-PPM1J
PPM1K	gene-PPM1K
PPM1L	gene-PPM1L
PPM1M	gene-PPM1M
PPM1N	gene-PPM1N
PPME1	gene-PPME1
PPOX	gene-PPOX
PPP1CA	gene-PPP1CA
PPP1CB	gene-PPP1CB
PPP1CC	gene-PPP1CC
PPP1R10	gene-PPP1R10
PPP1R11	gene-PPP1R11
PPP1R12A	gene-PPP1R12A
PPP1R12B	gene-PPP1R12B
PPP1R12C	gene-PPP1R12C
PPP1R13B	gene-PPP1R13B
PPP1R13L	gene-PPP1R13L
PPP1R14B	gene-PPP1R14B
PPP1R15A	gene-PPP1R15A
PPP1R15B	gene-PPP1R15B
PPP1R16B	gene-PPP1R16B
PPP1R18	gene-PPP1R18
PPP1R1A	gene-PPP1R1A
PPP1R1B	gene-PPP1R1B
PPP1R2	gene-PPP1R2
PPP1R21	gene-PPP1R21
PPP1R26	gene-PPP1R26
PPP1R27	gene-PPP1R27
PPP1R35	gene-PPP1R35
PPP1R37	gene-PPP1R37
PPP1R3B	gene-PPP1R3B
PPP1R3C	gene-PPP1R3C
PPP1R3D	gene-PPP1R3D
PPP1R3E	gene-PPP1R3E
PPP1R3F	gene-PPP1R3F
PPP1R7	gene-PPP1R7
PPP1R8	gene-PPP1R8
PPP1R9B	gene-PPP1R9B
PPP2CA	gene-PPP2CA
PPP2CB	gene-PPP2CB
PPP2R1A	gene-PPP2R1A
PPP2R1B	gene-PPP2R1B
PPP2R2A	gene-PPP2R2A
PPP2R2B	gene-PPP2R2B
PPP2R2D	gene-PPP2R2D
PPP2R3A	gene-PPP2R3A
PPP2R3B	gene-PPP2R3B
PPP2R3C	gene-PPP2R3C
PPP2R5A	gene-PPP2R5A
PPP2R5B	gene-PPP2R5B
PPP2R5C	gene-PPP2R5C
PPP2R5D	gene-PPP2R5D
PPP2R5E	gene-PPP2R5E
PPP3CA	gene-PPP3CA
PPP3CB	gene-PPP3CB
PPP3CC	gene-PPP3CC
PPP3R1	gene-PPP3R1
PPP4C	gene-PPP4C
PPP4R1	gene-PPP4R1
PPP4R2	gene-PPP4R2
PPP4R3A	gene-PPP4R3A
PPP4R3B	gene-PPP4R3B
PPP4R4	gene-PPP4R4
PPP5C	gene-PPP5C
PPP6R1	gene-PPP6R1
PPP6R2	gene-PPP6R2
PPP6R3	gene-PPP6R3
PPRC1	gene-PPRC1
PPT1	gene-PPT1
PPT2	gene-PPT2
PPTC7	gene-PPTC7
PPWD1	gene-PPWD1
PQBP1	gene-PQBP1
PRADC1	gene-PRADC1
PRAG1	gene-PRAG1
PRAME	gene-PRAME
PRC1	gene-PRC1
PRCC	gene-PRCC
PRCP	gene-PRCP
PRDM1	gene-PRDM1
PRDM10	gene-PRDM10
PRDM11	gene-PRDM11
PRDM15	gene-PRDM15
PRDM2	gene-PRDM2
PRDM4	gene-PRDM4
PRDM5	gene-PRDM5
PRDM8	gene-PRDM8
PRDX1	gene-PRDX1
PRDX2	gene-PRDX2
PRDX3	gene-PRDX3
PRDX4	gene-PRDX4
PRDX6	gene-PRDX6
PREB	gene-PREB
PRELID1	gene-PRELID1
PRELID2	gene-PRELID2
PRELID3A	gene-PRELID3A
PRELID3B	gene-PRELID3B
PREP	gene-PREP
PREPL	gene-PREPL
PREX1	gene-PREX1
PREX2	gene-PREX2
PRF1	gene-PRF1
PRICKLE1	gene-PRICKLE1
PRICKLE2	gene-PRICKLE2
PRICKLE3	gene-PRICKLE3
PRIM2	gene-PRIM2
PRIMA1	gene-PRIMA1
PRIMPOL	gene-PRIMPOL
PRKAA1	gene-PRKAA1
PRKAA2	gene-PRKAA2
PRKAB1	gene-PRKAB1
PRKAB2	gene-PRKAB2
PRKACA	gene-PRKACA
PRKACB	gene-PRKACB
PRKAG1	gene-PRKAG1
PRKAG2	gene-PRKAG2
PRKAR1A	gene-PRKAR1A
PRKAR1B	gene-PRKAR1B
PRKAR2A	gene-PRKAR2A
PRKAR2B	gene-PRKAR2B
PRKCA	gene-PRKCA
PRKCB	gene-PRKCB
PRKCD	gene-PRKCD
PRKCE	gene-PRKCE
PRKCH	gene-PRKCH
PRKCI	gene-PRKCI
PRKCQ	gene-PRKCQ
PRKCSH	gene-PRKCSH
PRKCZ	gene-PRKCZ
PRKD2	gene-PRKD2
PRKD3	gene-PRKD3
PRKDC	gene-PRKDC
PRKN	gene-PRKN
PRKRA	gene-PRKRA
PRKRIP1	gene-PRKRIP1
PRKX	gene-PRKX
PRLHR	gene-PRLHR
PRLR	gene-PRLR
PRMT1	gene-PRMT1
PRMT2	gene-PRMT2
PRMT3	gene-PRMT3
PRMT5	gene-PRMT5
PRMT6	gene-PRMT6
PRMT7	gene-PRMT7
PRMT9	gene-PRMT9
PRNP	gene-PRNP
PROB1	gene-PROB1
PROCA1	gene-PROCA1
PROCR	gene-PROCR
PROS1	gene-PROS1
PROSER1	gene-PROSER1
PROX1	gene-PROX1
PRPF19	gene-PRPF19
PRPF3	gene-PRPF3
PRPF31	gene-PRPF31
PRPF38A	gene-PRPF38A
PRPF39	gene-PRPF39
PRPF4	gene-PRPF4
PRPF40B	gene-PRPF40B
PRPF4B	gene-PRPF4B
PRPF6	gene-PRPF6
PRPF8	gene-PRPF8
PRPH	gene-PRPH
PRPH2	gene-PRPH2
PRPS1	gene-PRPS1
PRPS2	gene-PRPS2
PRPSAP1	gene-PRPSAP1
PRPSAP2	gene-PRPSAP2
PRR11	gene-PRR11
PRR12	gene-PRR12
PRR14	gene-PRR14
PRR14L	gene-PRR14L
PRR16	gene-PRR16
PRR19	gene-PRR19
PRR22	gene-PRR22
PRR29	gene-PRR29
PRR5	gene-PRR5
PRR5L	gene-PRR5L
PRRC1	gene-PRRC1
PRRC2A	gene-PRRC2A
PRRC2B	gene-PRRC2B
PRRC2C	gene-PRRC2C
PRRG2	gene-PRRG2
PRRT1	gene-PRRT1
PRRT3	gene-PRRT3
PRRT4	gene-PRRT4
PRRX2	gene-PRRX2
PRSS12	gene-PRSS12
PRSS23	gene-PRSS23
PRSS35	gene-PRSS35
PRSS54	gene-PRSS54
PRSS56	gene-PRSS56
PRSS57	gene-PRSS57
PRSS8	gene-PRSS8
PRUNE1	gene-PRUNE1
PRUNE2	gene-PRUNE2
PRXL2A	gene-PRXL2A
PRXL2B	gene-PRXL2B
PRXL2C	gene-PRXL2C
PSAP	gene-PSAP
PSAT1	gene-PSAT1
PSD	gene-PSD
PSD2	gene-PSD2
PSD3	gene-PSD3
PSD4	gene-PSD4
PSEN1	gene-PSEN1
PSEN2	gene-PSEN2
PSENEN	gene-PSENEN
PSIP1	gene-PSIP1
PSKH1	gene-PSKH1
PSMA2	gene-PSMA2
PSMA3	gene-PSMA3
PSMA4	gene-PSMA4
PSMA5	gene-PSMA5
PSMA6	gene-PSMA6
PSMA7	gene-PSMA7
PSMB1	gene-PSMB1
PSMB10	gene-PSMB10
PSMB2	gene-PSMB2
PSMB3	gene-PSMB3
PSMB4	gene-PSMB4
PSMB5	gene-PSMB5
PSMB6	gene-PSMB6
PSMB7	gene-PSMB7
PSMB9	gene-PSMB9
PSMC1	gene-PSMC1
PSMC2	gene-PSMC2
PSMC3IP	gene-PSMC3IP
PSMC4	gene-PSMC4
PSMC5	gene-PSMC5
PSMD1	gene-PSMD1
PSMD10	gene-PSMD10
PSMD11	gene-PSMD11
PSMD12	gene-PSMD12
PSMD13	gene-PSMD13
PSMD14	gene-PSMD14
PSMD2	gene-PSMD2
PSMD3	gene-PSMD3
PSMD4	gene-PSMD4
PSMD7	gene-PSMD7
PSMD8	gene-PSMD8
PSMD9	gene-PSMD9
PSME1	gene-PSME1
PSME2	gene-PSME2
PSME3	gene-PSME3
PSME3IP1	gene-PSME3IP1
PSME4	gene-PSME4
PSMF1	gene-PSMF1
PSMG1	gene-PSMG1
PSMG2	gene-PSMG2
PSMG3	gene-PSMG3
PSMG4	gene-PSMG4
PSPC1	gene-PSPC1
PSPH	gene-PSPH
PSRC1	gene-PSRC1
PSTK	gene-PSTK
PSTPIP1	gene-PSTPIP1
PSTPIP2	gene-PSTPIP2
PTAFR	gene-PTAFR
PTAR1	gene-PTAR1
PTBP1	gene-PTBP1
PTBP2	gene-PTBP2
PTBP3	gene-PTBP3
PTCD2	gene-PTCD2
PTCD3	gene-PTCD3
PTCH1	gene-PTCH1
PTCH2	gene-PTCH2
PTCHD1	gene-PTCHD1
PTDSS1	gene-PTDSS1
PTDSS2	gene-PTDSS2
PTEN	gene-PTEN
PTER	gene-PTER
PTGDR	gene-PTGDR
PTGDR2	gene-PTGDR2
PTGER1	gene-PTGER1
PTGER2	gene-PTGER2
PTGER4	gene-PTGER4
PTGES	gene-PTGES
PTGES2	gene-PTGES2
PTGFRN	gene-PTGFRN
PTGIR	gene-PTGIR
PTGIS	gene-PTGIS
PTGR1	gene-PTGR1
PTGS1	gene-PTGS1
PTGS2	gene-PTGS2
PTH1R	gene-PTH1R
PTH2	gene-PTH2
PTHLH	gene-PTHLH
PTK2	gene-PTK2
PTK2B	gene-PTK2B
PTK7	gene-PTK7
PTMA	gene-PTMA
PTOV1	gene-PTOV1
PTP4A1	gene-PTP4A1
PTP4A2	gene-PTP4A2
PTP4A3	gene-PTP4A3
PTPA	gene-PTPA
PTPDC1	gene-PTPDC1
PTPMT1	gene-PTPMT1
PTPN1	gene-PTPN1
PTPN11	gene-PTPN11
PTPN12	gene-PTPN12
PTPN13	gene-PTPN13
PTPN14	gene-PTPN14
PTPN2	gene-PTPN2
PTPN21	gene-PTPN21
PTPN22	gene-PTPN22
PTPN23	gene-PTPN23
PTPN4	gene-PTPN4
PTPN5	gene-PTPN5
PTPN6	gene-PTPN6
PTPN7	gene-PTPN7
PTPRA	gene-PTPRA
PTPRB	gene-PTPRB
PTPRD	gene-PTPRD
PTPRE	gene-PTPRE
PTPRF	gene-PTPRF
PTPRG	gene-PTPRG
PTPRH	gene-PTPRH
PTPRJ	gene-PTPRJ
PTPRK	gene-PTPRK
PTPRM	gene-PTPRM
PTPRN	gene-PTPRN
PTPRN2	gene-PTPRN2
PTPRR	gene-PTPRR
PTPRS	gene-PTPRS
PTPRT	gene-PTPRT
PTPRU	gene-PTPRU
PTRH1	gene-PTRH1
PTRH2	gene-PTRH2
PTRHD1	gene-PTRHD1
PTS	gene-PTS
PTX4	gene-PTX4
PUDP	gene-PUDP
PUF60	gene-PUF60
PUM1	gene-PUM1
PUM2	gene-PUM2
PUM3	gene-PUM3
PURA	gene-PURA
PURG	gene-PURG
PUS1	gene-PUS1
PUS10	gene-PUS10
PUS3	gene-PUS3
PUS7	gene-PUS7
PUS7L	gene-PUS7L
PUSL1	gene-PUSL1
PVR	gene-PVR
PVRIG	gene-PVRIG
PWP1	gene-PWP1
PWWP3A	gene-PWWP3A
PXDC1	gene-PXDC1
PXDNL	gene-PXDNL
PXK	gene-PXK
PXMP2	gene-PXMP2
PXMP4	gene-PXMP4
PXN	gene-PXN
PXT1	gene-PXT1
PXYLP1	gene-PXYLP1
PYCARD	gene-PYCARD
PYCR1	gene-PYCR1
PYCR3	gene-PYCR3
PYGB	gene-PYGB
PYGL	gene-PYGL
PYGM	gene-PYGM
PYGO1	gene-PYGO1
PYGO2	gene-PYGO2
PYM1	gene-PYM1
PYROXD1	gene-PYROXD1
PYROXD2	gene-PYROXD2
PYURF	gene-PYURF
QARS1	gene-QARS1
QDPR	gene-QDPR
QKI	gene-QKI
QPCT	gene-QPCT
QPCTL	gene-QPCTL
QPRT	gene-QPRT
QRICH1	gene-QRICH1
QRICH2	gene-QRICH2
QRSL1	gene-QRSL1
QSER1	gene-QSER1
QSOX1	gene-QSOX1
QSOX2	gene-QSOX2
QTRT1	gene-QTRT1
QTRT2	gene-QTRT2
R3HCC1	gene-R3HCC1
R3HCC1L	gene-R3HCC1L
R3HDM1	gene-R3HDM1
R3HDM2	gene-R3HDM2
R3HDM4	gene-R3HDM4
RAB10	gene-RAB10
RAB11A	gene-RAB11A
RAB11B	gene-RAB11B
RAB11FIP1	gene-RAB11FIP1
RAB11FIP2	gene-RAB11FIP2
RAB11FIP3	gene-RAB11FIP3
RAB11FIP4	gene-RAB11FIP4
RAB11FIP5	gene-RAB11FIP5
RAB13	gene-RAB13
RAB14	gene-RAB14
RAB15	gene-RAB15
RAB18	gene-RAB18
RAB19	gene-RAB19
RAB1A	gene-RAB1A
RAB1B	gene-RAB1B
RAB20	gene-RAB20
RAB21	gene-RAB21
RAB22A	gene-RAB22A
RAB23	gene-RAB23
RAB24	gene-RAB24
RAB25	gene-RAB25
RAB26	gene-RAB26
RAB27A	gene-RAB27A
RAB27B	gene-RAB27B
RAB28	gene-RAB28
RAB29	gene-RAB29
RAB2A	gene-RAB2A
RAB2B	gene-RAB2B
RAB30	gene-RAB30
RAB31	gene-RAB31
RAB32	gene-RAB32
RAB33B	gene-RAB33B
RAB34	gene-RAB34
RAB35	gene-RAB35
RAB37	gene-RAB37
RAB38	gene-RAB38
RAB39A	gene-RAB39A
RAB39B	gene-RAB39B
RAB3A	gene-RAB3A
RAB3D	gene-RAB3D
RAB3GAP1	gene-RAB3GAP1
RAB3GAP2	gene-RAB3GAP2
RAB3IL1	gene-RAB3IL1
RAB3IP	gene-RAB3IP
RAB40B	gene-RAB40B
RAB40C	gene-RAB40C
RAB43	gene-RAB43
RAB44	gene-RAB44
RAB4A	gene-RAB4A
RAB4B	gene-RAB4B
RAB5A	gene-RAB5A
RAB5B	gene-RAB5B
RAB5C	gene-RAB5C
RAB5IF	gene-RAB5IF
RAB6A	gene-RAB6A
RAB6B	gene-RAB6B
RAB7A	gene-RAB7A
RAB8A	gene-RAB8A
RAB8B	gene-RAB8B
RAB9A	gene-RAB9A
RABAC1	gene-RABAC1
RABEP1	gene-RABEP1
RABEP2	gene-RABEP2
RABEPK	gene-RABEPK
RABGAP1	gene-RABGAP1
RABGAP1L	gene-RABGAP1L
RABGEF1	gene-RABGEF1
RABGGTA	gene-RABGGTA
RABGGTB	gene-RABGGTB
RABIF	gene-RABIF
RABL6	gene-RABL6
RAC1	gene-RAC1
RAC2	gene-RAC2
RACGAP1	gene-RACGAP1
RACK1	gene-RACK1
RAD1	gene-RAD1
RAD17	gene-RAD17
RAD18	gene-RAD18
RAD21	gene-RAD21
RAD23A	gene-RAD23A
RAD23B	gene-RAD23B
RAD50	gene-RAD50
RAD51	gene-RAD51
RAD51AP1	gene-RAD51AP1
RAD51B	gene-RAD51B
RAD51C	gene-RAD51C
RAD52	gene-RAD52
RAD54B	gene-RAD54B
RAD54L	gene-RAD54L
RAD54L2	gene-RAD54L2
RAD9A	gene-RAD9A
RAD9B	gene-RAD9B
RAF1	gene-RAF1
RAG1	gene-RAG1
RAI1	gene-RAI1
RAI14	gene-RAI14
RALA	gene-RALA
RALB	gene-RALB
RALBP1	gene-RALBP1
RALGAPA1	gene-RALGAPA1
RALGAPA2	gene-RALGAPA2
RALGAPB	gene-RALGAPB
RALGPS1	gene-RALGPS1
RALGPS2	gene-RALGPS2
RALY	gene-RALY
RAMAC	gene-RAMAC
RAMP1	gene-RAMP1
RAN	gene-RAN
RANBP1	gene-RANBP1
RANBP10	gene-RANBP10
RANBP2	gene-RANBP2
RANBP3	gene-RANBP3
RANBP3L	gene-RANBP3L
RANBP9	gene-RANBP9
RANGAP1	gene-RANGAP1
RANGRF	gene-RANGRF
RAP1A	gene-RAP1A
RAP1B	gene-RAP1B
RAP1GAP2	gene-RAP1GAP2
RAP1GDS1	gene-RAP1GDS1
RAP2A	gene-RAP2A
RAP2B	gene-RAP2B
RAP2C	gene-RAP2C
RAPGEF1	gene-RAPGEF1
RAPGEF2	gene-RAPGEF2
RAPGEF3	gene-RAPGEF3
RAPGEF4	gene-RAPGEF4
RAPGEF5	gene-RAPGEF5
RAPGEFL1	gene-RAPGEFL1
RAPSN	gene-RAPSN
RARA	gene-RARA
RARG	gene-RARG
RARRES1	gene-RARRES1
RARRES2	gene-RARRES2
RARS1	gene-RARS1
RARS2	gene-RARS2
RASA1	gene-RASA1
RASA2	gene-RASA2
RASA3	gene-RASA3
RASAL1	gene-RASAL1
RASAL2	gene-RASAL2
RASAL3	gene-RASAL3
RASD1	gene-RASD1
RASD2	gene-RASD2
RASGEF1A	gene-RASGEF1A
RASGEF1B	gene-RASGEF1B
RASGEF1C	gene-RASGEF1C
RASGRP1	gene-RASGRP1
RASGRP2	gene-RASGRP2
RASGRP3	gene-RASGRP3
RASGRP4	gene-RASGRP4
RASIP1	gene-RASIP1
RASL10B	gene-RASL10B
RASL11A	gene-RASL11A
RASL11B	gene-RASL11B
RASSF1	gene-RASSF1
RASSF2	gene-RASSF2
RASSF3	gene-RASSF3
RASSF4	gene-RASSF4
RASSF5	gene-RASSF5
RASSF7	gene-RASSF7
RASSF8	gene-RASSF8
RASSF9	gene-RASSF9
RAVER2	gene-RAVER2
RAX2	gene-RAX2
RB1	gene-RB1
RB1CC1	gene-RB1CC1
RBAK	gene-RBAK
RBBP4	gene-RBBP4
RBBP5	gene-RBBP5
RBBP6	gene-RBBP6
RBBP8	gene-RBBP8
RBBP9	gene-RBBP9
RBCK1	gene-RBCK1
RBFOX2	gene-RBFOX2
RBFOX3	gene-RBFOX3
RBKS	gene-RBKS
RBL1	gene-RBL1
RBL2	gene-RBL2
RBM10	gene-RBM10
RBM11	gene-RBM11
RBM12	gene-RBM12
RBM12B	gene-RBM12B
RBM14	gene-RBM14
RBM15	gene-RBM15
RBM15B	gene-RBM15B
RBM17	gene-RBM17
RBM18	gene-RBM18
RBM19	gene-RBM19
RBM20	gene-RBM20
RBM22	gene-RBM22
RBM23	gene-RBM23
RBM25	gene-RBM25
RBM26	gene-RBM26
RBM28	gene-RBM28
RBM3	gene-RBM3
RBM33	gene-RBM33
RBM34	gene-RBM34
RBM38	gene-RBM38
RBM39	gene-RBM39
RBM41	gene-RBM41
RBM44	gene-RBM44
RBM45	gene-RBM45
RBM46	gene-RBM46
RBM47	gene-RBM47
RBM48	gene-RBM48
RBM4B	gene-RBM4B
RBM5	gene-RBM5
RBM6	gene-RBM6
RBM8A	gene-RBM8A
RBMS1	gene-RBMS1
RBMS2	gene-RBMS2
RBMX	gene-RBMX
RBMX2	gene-RBMX2
RBP1	gene-RBP1
RBP4	gene-RBP4
RBPJ	gene-RBPJ
RBPJL	gene-RBPJL
RBPMS	gene-RBPMS
RBSN	gene-RBSN
RBX1	gene-RBX1
RC3H1	gene-RC3H1
RC3H2	gene-RC3H2
RCAN1	gene-RCAN1
RCAN2	gene-RCAN2
RCAN3	gene-RCAN3
RCBTB1	gene-RCBTB1
RCBTB2	gene-RCBTB2
RCC1	gene-RCC1
RCC1L	gene-RCC1L
RCC2	gene-RCC2
RCE1	gene-RCE1
RCHY1	gene-RCHY1
RCN1	gene-RCN1
RCN2	gene-RCN2
RCN3	gene-RCN3
RCOR1	gene-RCOR1
RCOR2	gene-RCOR2
RCOR3	gene-RCOR3
RCSD1	gene-RCSD1
RDH10	gene-RDH10
RDH11	gene-RDH11
RDH13	gene-RDH13
RDH5	gene-RDH5
RDX	gene-RDX
REC8	gene-REC8
RECK	gene-RECK
RECQL	gene-RECQL
RECQL5	gene-RECQL5
REEP1	gene-REEP1
REEP2	gene-REEP2
REEP3	gene-REEP3
REEP4	gene-REEP4
REEP5	gene-REEP5
REEP6	gene-REEP6
REL	gene-REL
RELA	gene-RELA
RELB	gene-RELB
RELCH	gene-RELCH
RELL1	gene-RELL1
RELL2	gene-RELL2
RELT	gene-RELT
REM1	gene-REM1
REP15	gene-REP15
REPIN1	gene-REPIN1
REPS1	gene-REPS1
REPS2	gene-REPS2
RER1	gene-RER1
RERE	gene-RERE
RESF1	gene-RESF1
REST	gene-REST
RET	gene-RET
RETREG2	gene-RETREG2
RETREG3	gene-RETREG3
RETSAT	gene-RETSAT
REV3L	gene-REV3L
REX1BD	gene-REX1BD
REXO1	gene-REXO1
REXO2	gene-REXO2
REXO4	gene-REXO4
REXO5	gene-REXO5
RFC1	gene-RFC1
RFC2	gene-RFC2
RFC3	gene-RFC3
RFC4	gene-RFC4
RFC5	gene-RFC5
RFESD	gene-RFESD
RFK	gene-RFK
RFLNB	gene-RFLNB
RFNG	gene-RFNG
RFTN1	gene-RFTN1
RFWD3	gene-RFWD3
RFX1	gene-RFX1
RFX2	gene-RFX2
RFX3	gene-RFX3
RFX5	gene-RFX5
RFX7	gene-RFX7
RFXANK	gene-RFXANK
RFXAP	gene-RFXAP
RGL1	gene-RGL1
RGL2	gene-RGL2
RGL3	gene-RGL3
RGMA	gene-RGMA
RGP1	gene-RGP1
RGS1	gene-RGS1
RGS10	gene-RGS10
RGS11	gene-RGS11
RGS12	gene-RGS12
RGS13	gene-RGS13
RGS14	gene-RGS14
RGS16	gene-RGS16
RGS17	gene-RGS17
RGS18	gene-RGS18
RGS19	gene-RGS19
RGS2	gene-RGS2
RGS20	gene-RGS20
RGS22	gene-RGS22
RGS3	gene-RGS3
RGS4	gene-RGS4
RGS6	gene-RGS6
RGS9	gene-RGS9
RGS9BP	gene-RGS9BP
RHBDD1	gene-RHBDD1
RHBDD2	gene-RHBDD2
RHBDD3	gene-RHBDD3
RHBDF1	gene-RHBDF1
RHBDF2	gene-RHBDF2
RHBDL1	gene-RHBDL1
RHBDL2	gene-RHBDL2
RHBDL3	gene-RHBDL3
RHCG	gene-RHCG
RHEB	gene-RHEB
RHEBL1	gene-RHEBL1
RHEX	gene-RHEX
RHNO1	gene-RHNO1
RHOA	gene-RHOA
RHOB	gene-RHOB
RHOBTB1	gene-RHOBTB1
RHOBTB2	gene-RHOBTB2
RHOBTB3	gene-RHOBTB3
RHOD	gene-RHOD
RHOF	gene-RHOF
RHOG	gene-RHOG
RHOG2	gene-RHOG2
RHOH	gene-RHOH
RHOQ	gene-RHOQ
RHOT1	gene-RHOT1
RHOU	gene-RHOU
RHOV	gene-RHOV
RHPN1	gene-RHPN1
RHPN2	gene-RHPN2
RIBC1	gene-RIBC1
RIC1	gene-RIC1
RIC3	gene-RIC3
RIC8A	gene-RIC8A
RIC8B	gene-RIC8B
RICTOR	gene-RICTOR
RIDA	gene-RIDA
RIF1	gene-RIF1
RIIAD1	gene-RIIAD1
RILP	gene-RILP
RILPL1	gene-RILPL1
RILPL2	gene-RILPL2
RIMBP2	gene-RIMBP2
RIMKLA	gene-RIMKLA
RIMS1	gene-RIMS1
RIMS3	gene-RIMS3
RIN1	gene-RIN1
RIN2	gene-RIN2
RIN3	gene-RIN3
RING1	gene-RING1
RINL	gene-RINL
RINT1	gene-RINT1
RIOK1	gene-RIOK1
RIOK2	gene-RIOK2
RIOK3	gene-RIOK3
RIOX1	gene-RIOX1
RIOX2	gene-RIOX2
RIPK1	gene-RIPK1
RIPK2	gene-RIPK2
RIPK3	gene-RIPK3
RIPK4	gene-RIPK4
RIPOR1	gene-RIPOR1
RIPOR2	gene-RIPOR2
RIPOR3	gene-RIPOR3
RIT1	gene-RIT1
RITA1	gene-RITA1
RLBP1	gene-RLBP1
RLF	gene-RLF
RLIM	gene-RLIM
RLN2	gene-RLN2
RLN3	gene-RLN3
RMC1	gene-RMC1
RMDN1	gene-RMDN1
RMDN2	gene-RMDN2
RMDN3	gene-RMDN3
RMI1	gene-RMI1
RMI2	gene-RMI2
RMND1	gene-RMND1
RMND5A	gene-RMND5A
RMND5B	gene-RMND5B
RNASE10	gene-RNASE10
RNASE4	gene-RNASE4
RNASEH1	gene-RNASEH1
RNASEH2A	gene-RNASEH2A
RNASEH2B	gene-RNASEH2B
RNASEH2C	gene-RNASEH2C
RNASEK	gene-RNASEK
RNASEL	gene-RNASEL
RND1	gene-RND1
RND3	gene-RND3
RNF10	gene-RNF10
RNF103	gene-RNF103
RNF11	gene-RNF11
RNF111	gene-RNF111
RNF114	gene-RNF114
RNF121	gene-RNF121
RNF122	gene-RNF122
RNF123	gene-RNF123
RNF125	gene-RNF125
RNF126	gene-RNF126
RNF128	gene-RNF128
RNF13	gene-RNF13
RNF130	gene-RNF130
RNF135	gene-RNF135
RNF138	gene-RNF138
RNF139	gene-RNF139
RNF14	gene-RNF14
RNF141	gene-RNF141
RNF144A	gene-RNF144A
RNF144B	gene-RNF144B
RNF145	gene-RNF145
RNF146	gene-RNF146
RNF150	gene-RNF150
RNF151	gene-RNF151
RNF157	gene-RNF157
RNF166	gene-RNF166
RNF167	gene-RNF167
RNF168	gene-RNF168
RNF169	gene-RNF169
RNF17	gene-RNF17
RNF170	gene-RNF170
RNF181	gene-RNF181
RNF19A	gene-RNF19A
RNF19B	gene-RNF19B
RNF2	gene-RNF2
RNF20	gene-RNF20
RNF208	gene-RNF208
RNF212B	gene-RNF212B
RNF213	gene-RNF213
RNF214	gene-RNF214
RNF215	gene-RNF215
RNF216	gene-RNF216
RNF217	gene-RNF217
RNF220	gene-RNF220
RNF222	gene-RNF222
RNF224	gene-RNF224
RNF225	gene-RNF225
RNF24	gene-RNF24
RNF25	gene-RNF25
RNF32	gene-RNF32
RNF34	gene-RNF34
RNF38	gene-RNF38
RNF39	gene-RNF39
RNF4	gene-RNF4
RNF40	gene-RNF40
RNF41	gene-RNF41
RNF43	gene-RNF43
RNF44	gene-RNF44
RNF5	gene-RNF5
RNF6	gene-RNF6
RNF7	gene-RNF7
RNF8	gene-RNF8
RNFT1	gene-RNFT1
RNGTT	gene-RNGTT
RNH1	gene-RNH1
RNLS	gene-RNLS
RNPC3	gene-RNPC3
RNPEP	gene-RNPEP
RNPEPL1	gene-RNPEPL1
RNPS1	gene-RNPS1
RO60	gene-RO60
ROBO2	gene-ROBO2
ROCK1	gene-ROCK1
ROCK2	gene-ROCK2
ROM1	gene-ROM1
ROPN1L	gene-ROPN1L
ROR1	gene-ROR1
ROR2	gene-ROR2
RORB	gene-RORB
RORC	gene-RORC
RP2	gene-RP2
RP9	gene-RP9
RPA1	gene-RPA1
RPA2	gene-RPA2
RPA3	gene-RPA3
RPAIN	gene-RPAIN
RPAP1	gene-RPAP1
RPAP3	gene-RPAP3
RPF1	gene-RPF1
RPF2	gene-RPF2
RPGR	gene-RPGR
RPGRIP1	gene-RPGRIP1
RPGRIP1L	gene-RPGRIP1L
RPH3AL	gene-RPH3AL
RPL10A	gene-RPL10A
RPL11	gene-RPL11
RPL12	gene-RPL12
RPL13	gene-RPL13
RPL13A	gene-RPL13A
RPL14	gene-RPL14
RPL15	gene-RPL15
RPL18	gene-RPL18
RPL19	gene-RPL19
RPL21	gene-RPL21
RPL22	gene-RPL22
RPL22L1	gene-RPL22L1
RPL23	gene-RPL23
RPL24	gene-RPL24
RPL26	gene-RPL26
RPL27	gene-RPL27
RPL27A	gene-RPL27A
RPL28	gene-RPL28
RPL3	gene-RPL3
RPL31	gene-RPL31
RPL32	gene-RPL32
RPL34	gene-RPL34
RPL35	gene-RPL35
RPL35A	gene-RPL35A
RPL36AL	gene-RPL36AL
RPL37	gene-RPL37
RPL4	gene-RPL4
RPL5	gene-RPL5
RPL7	gene-RPL7
RPL7A	gene-RPL7A
RPL8	gene-RPL8
RPL9	gene-RPL9
RPLP0	gene-RPLP0
RPN1	gene-RPN1
RPN2	gene-RPN2
RPP14	gene-RPP14
RPP21	gene-RPP21
RPP25	gene-RPP25
RPP30	gene-RPP30
RPP38	gene-RPP38
RPP40	gene-RPP40
RPRD1A	gene-RPRD1A
RPRD1B	gene-RPRD1B
RPRD2	gene-RPRD2
RPS10	gene-RPS10
RPS11	gene-RPS11
RPS12	gene-RPS12
RPS13	gene-RPS13
RPS14	gene-RPS14
RPS15	gene-RPS15
RPS15A	gene-RPS15A
RPS17	gene-RPS17
RPS18	gene-RPS18
RPS19BP1	gene-RPS19BP1
RPS21	gene-RPS21
RPS23	gene-RPS23
RPS24	gene-RPS24
RPS25	gene-RPS25
RPS26	gene-RPS26
RPS27	gene-RPS27
RPS27A	gene-RPS27A
RPS28	gene-RPS28
RPS3	gene-RPS3
RPS3A	gene-RPS3A
RPS4X	gene-RPS4X
RPS5	gene-RPS5
RPS6	gene-RPS6
RPS6KA1	gene-RPS6KA1
RPS6KA2	gene-RPS6KA2
RPS6KA3	gene-RPS6KA3
RPS6KA5	gene-RPS6KA5
RPS6KB1	gene-RPS6KB1
RPS6KB2	gene-RPS6KB2
RPS6KC1	gene-RPS6KC1
RPS6KL1	gene-RPS6KL1
RPS7	gene-RPS7
RPS8	gene-RPS8
RPSA	gene-RPSA
RPTOR	gene-RPTOR
RPUSD1	gene-RPUSD1
RPUSD2	gene-RPUSD2
RPUSD3	gene-RPUSD3
RPUSD4	gene-RPUSD4
RRAD	gene-RRAD
RRAGA	gene-RRAGA
RRAGB	gene-RRAGB
RRAGC	gene-RRAGC
RRAGD	gene-RRAGD
RRAS	gene-RRAS
RRAS2	gene-RRAS2
RRBP1	gene-RRBP1
RREB1	gene-RREB1
RRH	gene-RRH
RRM1	gene-RRM1
RRM2	gene-RRM2
RRM2B	gene-RRM2B
RRN3	gene-RRN3
RRNAD1	gene-RRNAD1
RRP1	gene-RRP1
RRP12	gene-RRP12
RRP15	gene-RRP15
RRP1B	gene-RRP1B
RRP36	gene-RRP36
RRP7	gene-RRP7
RRP8	gene-RRP8
RRP9	gene-RRP9
RRS1	gene-RRS1
RS1	gene-RS1
RSAD1	gene-RSAD1
RSAD2	gene-RSAD2
RSBN1	gene-RSBN1
RSBN1L	gene-RSBN1L
RSF1	gene-RSF1
RSKR	gene-RSKR
RSL1D1	gene-RSL1D1
RSL24D1	gene-RSL24D1
RSPH3	gene-RSPH3
RSPH4A	gene-RSPH4A
RSPH6A	gene-RSPH6A
RSPH9	gene-RSPH9
RSPO2	gene-RSPO2
RSPO4	gene-RSPO4
RSPRY1	gene-RSPRY1
RSRC2	gene-RSRC2
RSRP1	gene-RSRP1
RSU1	gene-RSU1
RTCA	gene-RTCA
RTCB	gene-RTCB
RTF1	gene-RTF1
RTF2	gene-RTF2
RTKN	gene-RTKN
RTKN2	gene-RTKN2
RTL6	gene-RTL6
RTN2	gene-RTN2
RTN3	gene-RTN3
RTN4	gene-RTN4
RTN4IP1	gene-RTN4IP1
RTN4RL1	gene-RTN4RL1
RTP4	gene-RTP4
RTTN	gene-RTTN
RUBCN	gene-RUBCN
RUBCNL	gene-RUBCNL
RUFY1	gene-RUFY1
RUFY2	gene-RUFY2
RUFY3	gene-RUFY3
RUNDC1	gene-RUNDC1
RUNDC3A	gene-RUNDC3A
RUNDC3B	gene-RUNDC3B
RUNX1	gene-RUNX1
RUNX2	gene-RUNX2
RUNX3	gene-RUNX3
RUSC1	gene-RUSC1
RUSC2	gene-RUSC2
RUSF1	gene-RUSF1
RUVBL1	gene-RUVBL1
RUVBL2	gene-RUVBL2
RWDD1	gene-RWDD1
RWDD2A	gene-RWDD2A
RWDD2B	gene-RWDD2B
RWDD3	gene-RWDD3
RWDD4	gene-RWDD4
RXRA	gene-RXRA
RXRB	gene-RXRB
RYBP	gene-RYBP
RYK	gene-RYK
RYR1	gene-RYR1
RYR2	gene-RYR2
S100A11	gene-S100A11
S100A12	gene-S100A12
S100A13	gene-S100A13
S100A2	gene-S100A2
S100A5	gene-S100A5
S100A8	gene-S100A8
S100B	gene-S100B
S100P	gene-S100P
S100PBP	gene-S100PBP
S1PR1	gene-S1PR1
S1PR2	gene-S1PR2
S1PR3	gene-S1PR3
S1PR4	gene-S1PR4
S1PR5	gene-S1PR5
SAAL1	gene-SAAL1
SAC3D1	gene-SAC3D1
SACM1L	gene-SACM1L
SACS	gene-SACS
SAE1	gene-SAE1
SAFB	gene-SAFB
SAFB2	gene-SAFB2
SAG	gene-SAG
SALL1	gene-SALL1
SALL2	gene-SALL2
SALL3	gene-SALL3
SALL4	gene-SALL4
SAMD10	gene-SAMD10
SAMD11	gene-SAMD11
SAMD14	gene-SAMD14
SAMD4A	gene-SAMD4A
SAMD4B	gene-SAMD4B
SAMD8	gene-SAMD8
SAMD9L	gene-SAMD9L
SAMHD1	gene-SAMHD1
SAMM50	gene-SAMM50
SAMSN1	gene-SAMSN1
SAP130	gene-SAP130
SAP18	gene-SAP18
SAP25	gene-SAP25
SAP30	gene-SAP30
SAP30BP	gene-SAP30BP
SAP30L	gene-SAP30L
SAR1A	gene-SAR1A
SAR1B	gene-SAR1B
SARAF	gene-SARAF
SARM1	gene-SARM1
SARNP	gene-SARNP
SARS1	gene-SARS1
SART1	gene-SART1
SART3	gene-SART3
SASH1	gene-SASH1
SASH3	gene-SASH3
SASS6	gene-SASS6
SAT1	gene-SAT1
SAT2	gene-SAT2
SATB1	gene-SATB1
SATB2	gene-SATB2
SAV1	gene-SAV1
SAXO1	gene-SAXO1
SAXO2	gene-SAXO2
SAYSD1	gene-SAYSD1
SBDS	gene-SBDS
SBF1	gene-SBF1
SBF2	gene-SBF2
SBK1	gene-SBK1
SBNO1	gene-SBNO1
SBNO2	gene-SBNO2
SC5D	gene-SC5D
SCAF1	gene-SCAF1
SCAF11	gene-SCAF11
SCAF4	gene-SCAF4
SCAF8	gene-SCAF8
SCAI	gene-SCAI
SCAMP1	gene-SCAMP1
SCAMP2	gene-SCAMP2
SCAMP4	gene-SCAMP4
SCAMP5	gene-SCAMP5
SCAMPER	gene-SCAMPER
SCAND1	gene-SCAND1
SCAP	gene-SCAP
SCAPER	gene-SCAPER
SCARA3	gene-SCARA3
SCARA5	gene-SCARA5
SCARB1	gene-SCARB1
SCARB2	gene-SCARB2
SCARF1	gene-SCARF1
SCARF2	gene-SCARF2
SCCPDH	gene-SCCPDH
SCD	gene-SCD
SCD5	gene-SCD5
SCEL	gene-SCEL
SCFD1	gene-SCFD1
SCFD2	gene-SCFD2
SCG5	gene-SCG5
SCGB1A1	gene-SCGB1A1
SCIMP	gene-SCIMP
SCLT1	gene-SCLT1
SCLY	gene-SCLY
SCMH1	gene-SCMH1
SCML2	gene-SCML2
SCML4	gene-SCML4
SCN1A	gene-SCN1A
SCN1B	gene-SCN1B
SCN2A	gene-SCN2A
SCN2B	gene-SCN2B
SCN3A	gene-SCN3A
SCN4A	gene-SCN4A
SCN4B	gene-SCN4B
SCN5A	gene-SCN5A
SCN9A	gene-SCN9A
SCNM1	gene-SCNM1
SCNN1A	gene-SCNN1A
SCNN1B	gene-SCNN1B
SCNN1D	gene-SCNN1D
SCO1	gene-SCO1
SCOC	gene-SCOC
SCP2	gene-SCP2
SCPEP1	gene-SCPEP1
SCRIB	gene-SCRIB
SCRN1	gene-SCRN1
SCRN2	gene-SCRN2
SCRN3	gene-SCRN3
SCUBE1	gene-SCUBE1
SCX	gene-SCX
SCYL1	gene-SCYL1
SCYL2	gene-SCYL2
SCYL3	gene-SCYL3
SDAD1	gene-SDAD1
SDC1	gene-SDC1
SDC2	gene-SDC2
SDC3	gene-SDC3
SDC4	gene-SDC4
SDCBP2	gene-SDCBP2
SDCCAG8	gene-SDCCAG8
SDE2	gene-SDE2
SDF2	gene-SDF2
SDF2L1	gene-SDF2L1
SDF4	gene-SDF4
SDHA	gene-SDHA
SDHAF2	gene-SDHAF2
SDHAF4	gene-SDHAF4
SDHB	gene-SDHB
SDHC	gene-SDHC
SDK1	gene-SDK1
SDK2	gene-SDK2
SDR16C5	gene-SDR16C5
SDR39U1	gene-SDR39U1
SDR42E1	gene-SDR42E1
SDR9C7	gene-SDR9C7
SEC11A	gene-SEC11A
SEC11C	gene-SEC11C
SEC13	gene-SEC13
SEC14L1	gene-SEC14L1
SEC16A	gene-SEC16A
SEC22A	gene-SEC22A
SEC22B	gene-SEC22B
SEC22C	gene-SEC22C
SEC23A	gene-SEC23A
SEC23B	gene-SEC23B
SEC23IP	gene-SEC23IP
SEC24A	gene-SEC24A
SEC24B	gene-SEC24B
SEC24C	gene-SEC24C
SEC24D	gene-SEC24D
SEC31A	gene-SEC31A
SEC31B	gene-SEC31B
SEC61A1	gene-SEC61A1
SEC61A2	gene-SEC61A2
SEC61B	gene-SEC61B
SEC61G	gene-SEC61G
SECISBP2	gene-SECISBP2
SECISBP2L	gene-SECISBP2L
SEL1L	gene-SEL1L
SEL1L3	gene-SEL1L3
SELENBP1	gene-SELENBP1
SELENOF	gene-SELENOF
SELENOI	gene-SELENOI
SELENOK	gene-SELENOK
SELENOM	gene-SELENOM
SELENOO	gene-SELENOO
SELENOP	gene-SELENOP
SELENOS	gene-SELENOS
SELENOT	gene-SELENOT
SELENOW	gene-SELENOW
SELL	gene-SELL
SELP	gene-SELP
SELPLG	gene-SELPLG
SEM1	gene-SEM1
SEMA3A	gene-SEMA3A
SEMA3F	gene-SEMA3F
SEMA3G	gene-SEMA3G
SEMA4A	gene-SEMA4A
SEMA4B	gene-SEMA4B
SEMA4C	gene-SEMA4C
SEMA4D	gene-SEMA4D
SEMA4F	gene-SEMA4F
SEMA4G	gene-SEMA4G
SEMA6A	gene-SEMA6A
SEMA6C	gene-SEMA6C
SEMA6D	gene-SEMA6D
SEMA7A	gene-SEMA7A
SENP1	gene-SENP1
SENP2	gene-SENP2
SENP5	gene-SENP5
SENP6	gene-SENP6
SENP7	gene-SENP7
SENP8	gene-SENP8
SEPHS1	gene-SEPHS1
SEPSECS	gene-SEPSECS
SEPTIN1	gene-SEPTIN1
SEPTIN10	gene-SEPTIN10
SEPTIN11	gene-SEPTIN11
SEPTIN2	gene-SEPTIN2
SEPTIN4	gene-SEPTIN4
SEPTIN5	gene-SEPTIN5
SEPTIN6	gene-SEPTIN6
SEPTIN7	gene-SEPTIN7
SEPTIN8	gene-SEPTIN8
SEPTIN9	gene-SEPTIN9
SERAC1	gene-SERAC1
SERBP1	gene-SERBP1
SERF1A	gene-SERF1A
SERF2	gene-SERF2
SERGEF	gene-SERGEF
SERHL2	gene-SERHL2
SERINC1	gene-SERINC1
SERINC2	gene-SERINC2
SERINC3	gene-SERINC3
SERINC4	gene-SERINC4
SERINC5	gene-SERINC5
SERP2	gene-SERP2
SERPINA1	gene-SERPINA1
SERPINB1	gene-SERPINB1
SERPINB5	gene-SERPINB5
SERPINB6	gene-SERPINB6
SERPINB8	gene-SERPINB8
SERPINB9	gene-SERPINB9
SERPINC1	gene-SERPINC1
SERPIND1	gene-SERPIND1
SERPINE1	gene-SERPINE1
SERPINE2	gene-SERPINE2
SERPINE3	gene-SERPINE3
SERPINF1	gene-SERPINF1
SERPINF2	gene-SERPINF2
SERPING1	gene-SERPING1
SERPINH1	gene-SERPINH1
SERPINI1	gene-SERPINI1
SERTAD1	gene-SERTAD1
SERTAD3	gene-SERTAD3
SERTAD4	gene-SERTAD4
SESN1	gene-SESN1
SESN2	gene-SESN2
SESN3	gene-SESN3
SESTD1	gene-SESTD1
SETBP1	gene-SETBP1
SETD1A	gene-SETD1A
SETD1B	gene-SETD1B
SETD2	gene-SETD2
SETD3	gene-SETD3
SETD4	gene-SETD4
SETD5	gene-SETD5
SETD6	gene-SETD6
SETD7	gene-SETD7
SETD9	gene-SETD9
SETDB1	gene-SETDB1
SETDB2	gene-SETDB2
SETMAR	gene-SETMAR
SETX	gene-SETX
SEZ6L2	gene-SEZ6L2
SF1	gene-SF1
SF3A1	gene-SF3A1
SF3A2	gene-SF3A2
SF3B1	gene-SF3B1
SF3B2	gene-SF3B2
SF3B3	gene-SF3B3
SF3B4	gene-SF3B4
SF3B5	gene-SF3B5
SF3B6	gene-SF3B6
SFI1	gene-SFI1
SFMBT1	gene-SFMBT1
SFMBT2	gene-SFMBT2
SFN	gene-SFN
SFPQ	gene-SFPQ
SFR1	gene-SFR1
SFRP1	gene-SFRP1
SFRP2	gene-SFRP2
SFRP5	gene-SFRP5
SFSWAP	gene-SFSWAP
SFT2D1	gene-SFT2D1
SFXN1	gene-SFXN1
SFXN2	gene-SFXN2
SFXN3	gene-SFXN3
SFXN4	gene-SFXN4
SFXN5	gene-SFXN5
SGCA	gene-SGCA
SGCB	gene-SGCB
SGCE	gene-SGCE
SGCG	gene-SGCG
SGF29	gene-SGF29
SGIP1	gene-SGIP1
SGK1	gene-SGK1
SGK3	gene-SGK3
SGMS1	gene-SGMS1
SGMS2	gene-SGMS2
SGO1	gene-SGO1
SGO2	gene-SGO2
SGPL1	gene-SGPL1
SGPP1	gene-SGPP1
SGSH	gene-SGSH
SGSM1	gene-SGSM1
SGSM2	gene-SGSM2
SGSM3	gene-SGSM3
SGTA	gene-SGTA
SGTB	gene-SGTB
SH2B1	gene-SH2B1
SH2B2	gene-SH2B2
SH2B3	gene-SH2B3
SH2D1A	gene-SH2D1A
SH2D1B	gene-SH2D1B
SH2D2A	gene-SH2D2A
SH2D3A	gene-SH2D3A
SH2D3C	gene-SH2D3C
SH2D4A	gene-SH2D4A
SH2D5	gene-SH2D5
SH2D6	gene-SH2D6
SH3BGRL	gene-SH3BGRL
SH3BGRL2	gene-SH3BGRL2
SH3BGRL3	gene-SH3BGRL3
SH3BP1	gene-SH3BP1
SH3BP4	gene-SH3BP4
SH3BP5	gene-SH3BP5
SH3BP5L	gene-SH3BP5L
SH3D21	gene-SH3D21
SH3GL1	gene-SH3GL1
SH3GLB1	gene-SH3GLB1
SH3GLB2	gene-SH3GLB2
SH3KBP1	gene-SH3KBP1
SH3PXD2A	gene-SH3PXD2A
SH3PXD2B	gene-SH3PXD2B
SH3RF1	gene-SH3RF1
SH3RF3	gene-SH3RF3
SH3TC1	gene-SH3TC1
SH3YL1	gene-SH3YL1
SHANK2	gene-SHANK2
SHARPIN	gene-SHARPIN
SHB	gene-SHB
SHC1	gene-SHC1
SHC3	gene-SHC3
SHC4	gene-SHC4
SHCBP1	gene-SHCBP1
SHE	gene-SHE
SHF	gene-SHF
SHFL	gene-SHFL
SHH	gene-SHH
SHISA5	gene-SHISA5
SHISAL2A	gene-SHISAL2A
SHKBP1	gene-SHKBP1
SHLD1	gene-SHLD1
SHLD2	gene-SHLD2
SHMT1	gene-SHMT1
SHMT2	gene-SHMT2
SHOC2	gene-SHOC2
SHOX2	gene-SHOX2
SHPRH	gene-SHPRH
SHQ1	gene-SHQ1
SHROOM1	gene-SHROOM1
SHROOM2	gene-SHROOM2
SHROOM3	gene-SHROOM3
SHROOM4	gene-SHROOM4
SHTN1	gene-SHTN1
SIAE	gene-SIAE
SIAH1	gene-SIAH1
SIAH2	gene-SIAH2
SIDT1	gene-SIDT1
SIDT2	gene-SIDT2
SIGIRR	gene-SIGIRR
SIGLEC1	gene-SIGLEC1
SIGMAR1	gene-SIGMAR1
SIK2	gene-SIK2
SIK3	gene-SIK3
SIKE1	gene-SIKE1
SIL1	gene-SIL1
SIM1	gene-SIM1
SIM2	gene-SIM2
SIMC1	gene-SIMC1
SIN3A	gene-SIN3A
SIN3B	gene-SIN3B
SINHCAF	gene-SINHCAF
SIPA1	gene-SIPA1
SIPA1L1	gene-SIPA1L1
SIPA1L2	gene-SIPA1L2
SIPA1L3	gene-SIPA1L3
SIRT1	gene-SIRT1
SIRT2	gene-SIRT2
SIRT3	gene-SIRT3
SIRT4	gene-SIRT4
SIRT5	gene-SIRT5
SIRT6	gene-SIRT6
SIT1	gene-SIT1
SIVA1	gene-SIVA1
SIX1	gene-SIX1
SIX3	gene-SIX3
SIX4	gene-SIX4
SIX5	gene-SIX5
SKA1	gene-SKA1
SKA2	gene-SKA2
SKA3	gene-SKA3
SKAP1	gene-SKAP1
SKAP2	gene-SKAP2
SKI	gene-SKI
SKIDA1	gene-SKIDA1
SKIL	gene-SKIL
SKIV2L	gene-SKIV2L
SKOR1	gene-SKOR1
SKP1	gene-SKP1
SKP2	gene-SKP2
SLA	gene-SLA
SLA2	gene-SLA2
SLAIN1	gene-SLAIN1
SLAIN2	gene-SLAIN2
SLAMF1	gene-SLAMF1
SLAMF6	gene-SLAMF6
SLAMF7	gene-SLAMF7
SLAMF9	gene-SLAMF9
SLBP	gene-SLBP
SLBP2	gene-SLBP2
SLC10A1	gene-SLC10A1
SLC10A3	gene-SLC10A3
SLC10A6	gene-SLC10A6
SLC10A7	gene-SLC10A7
SLC11A1	gene-SLC11A1
SLC11A2	gene-SLC11A2
SLC12A2	gene-SLC12A2
SLC12A3	gene-SLC12A3
SLC12A4	gene-SLC12A4
SLC12A5	gene-SLC12A5
SLC12A6	gene-SLC12A6
SLC12A7	gene-SLC12A7
SLC12A8	gene-SLC12A8
SLC12A9	gene-SLC12A9
SLC13A2	gene-SLC13A2
SLC14A1	gene-SLC14A1
SLC15A2	gene-SLC15A2
SLC15A4	gene-SLC15A4
SLC16A1	gene-SLC16A1
SLC16A10	gene-SLC16A10
SLC16A11	gene-SLC16A11
SLC16A13	gene-SLC16A13
SLC16A14	gene-SLC16A14
SLC16A2	gene-SLC16A2
SLC16A3	gene-SLC16A3
SLC16A5	gene-SLC16A5
SLC16A6	gene-SLC16A6
SLC16A7	gene-SLC16A7
SLC17A5	gene-SLC17A5
SLC17A7	gene-SLC17A7
SLC17A9	gene-SLC17A9
SLC18B1	gene-SLC18B1
SLC19A1	gene-SLC19A1
SLC19A2	gene-SLC19A2
SLC1A1	gene-SLC1A1
SLC1A2	gene-SLC1A2
SLC1A3	gene-SLC1A3
SLC1A4	gene-SLC1A4
SLC1A5	gene-SLC1A5
SLC20A1	gene-SLC20A1
SLC20A2	gene-SLC20A2
SLC22A11	gene-SLC22A11
SLC22A15	gene-SLC22A15
SLC22A17	gene-SLC22A17
SLC22A23	gene-SLC22A23
SLC22A4	gene-SLC22A4
SLC23A1	gene-SLC23A1
SLC23A3	gene-SLC23A3
SLC24A2	gene-SLC24A2
SLC24A3	gene-SLC24A3
SLC24A4	gene-SLC24A4
SLC24A5	gene-SLC24A5
SLC25A1	gene-SLC25A1
SLC25A11	gene-SLC25A11
SLC25A12	gene-SLC25A12
SLC25A13	gene-SLC25A13
SLC25A14	gene-SLC25A14
SLC25A15	gene-SLC25A15
SLC25A16	gene-SLC25A16
SLC25A17	gene-SLC25A17
SLC25A19	gene-SLC25A19
SLC25A20	gene-SLC25A20
SLC25A23	gene-SLC25A23
SLC25A25	gene-SLC25A25
SLC25A26	gene-SLC25A26
SLC25A27	gene-SLC25A27
SLC25A29	gene-SLC25A29
SLC25A30	gene-SLC25A30
SLC25A32	gene-SLC25A32
SLC25A33	gene-SLC25A33
SLC25A34	gene-SLC25A34
SLC25A35	gene-SLC25A35
SLC25A36	gene-SLC25A36
SLC25A37	gene-SLC25A37
SLC25A38	gene-SLC25A38
SLC25A39	gene-SLC25A39
SLC25A4	gene-SLC25A4
SLC25A40	gene-SLC25A40
SLC25A41	gene-SLC25A41
SLC25A42	gene-SLC25A42
SLC25A43	gene-SLC25A43
SLC25A44	gene-SLC25A44
SLC25A46	gene-SLC25A46
SLC25A47	gene-SLC25A47
SLC25A48	gene-SLC25A48
SLC25A5	gene-SLC25A5
SLC25A51	gene-SLC25A51
SLC25A53	gene-SLC25A53
SLC25A6	gene-SLC25A6
SLC26A1	gene-SLC26A1
SLC26A11	gene-SLC26A11
SLC26A2	gene-SLC26A2
SLC26A9	gene-SLC26A9
SLC27A1	gene-SLC27A1
SLC27A3	gene-SLC27A3
SLC27A4	gene-SLC27A4
SLC29A1	gene-SLC29A1
SLC29A3	gene-SLC29A3
SLC29A4	gene-SLC29A4
SLC2A1	gene-SLC2A1
SLC2A11	gene-SLC2A11
SLC2A13	gene-SLC2A13
SLC2A3	gene-SLC2A3
SLC2A4	gene-SLC2A4
SLC2A4RG	gene-SLC2A4RG
SLC2A6	gene-SLC2A6
SLC2A8	gene-SLC2A8
SLC2A9	gene-SLC2A9
SLC30A1	gene-SLC30A1
SLC30A3	gene-SLC30A3
SLC30A4	gene-SLC30A4
SLC30A5	gene-SLC30A5
SLC30A6	gene-SLC30A6
SLC30A7	gene-SLC30A7
SLC30A9	gene-SLC30A9
SLC31A1	gene-SLC31A1
SLC31A2	gene-SLC31A2
SLC32A1	gene-SLC32A1
SLC33A1	gene-SLC33A1
SLC34A1	gene-SLC34A1
SLC34A3	gene-SLC34A3
SLC35A1	gene-SLC35A1
SLC35A2	gene-SLC35A2
SLC35A3	gene-SLC35A3
SLC35A4	gene-SLC35A4
SLC35A5	gene-SLC35A5
SLC35B1	gene-SLC35B1
SLC35B2	gene-SLC35B2
SLC35B3	gene-SLC35B3
SLC35B4	gene-SLC35B4
SLC35C1	gene-SLC35C1
SLC35C2	gene-SLC35C2
SLC35D1	gene-SLC35D1
SLC35D2	gene-SLC35D2
SLC35E1	gene-SLC35E1
SLC35E4	gene-SLC35E4
SLC35F2	gene-SLC35F2
SLC35F5	gene-SLC35F5
SLC35F6	gene-SLC35F6
SLC35G2	gene-SLC35G2
SLC36A1	gene-SLC36A1
SLC36A4	gene-SLC36A4
SLC37A1	gene-SLC37A1
SLC37A2	gene-SLC37A2
SLC37A3	gene-SLC37A3
SLC37A4	gene-SLC37A4
SLC38A1	gene-SLC38A1
SLC38A10	gene-SLC38A10
SLC38A11	gene-SLC38A11
SLC38A2	gene-SLC38A2
SLC38A5	gene-SLC38A5
SLC38A6	gene-SLC38A6
SLC38A7	gene-SLC38A7
SLC38A9	gene-SLC38A9
SLC39A1	gene-SLC39A1
SLC39A10	gene-SLC39A10
SLC39A12	gene-SLC39A12
SLC39A13	gene-SLC39A13
SLC39A14	gene-SLC39A14
SLC39A2	gene-SLC39A2
SLC39A3	gene-SLC39A3
SLC39A6	gene-SLC39A6
SLC39A7	gene-SLC39A7
SLC39A8	gene-SLC39A8
SLC39A9	gene-SLC39A9
SLC3A1	gene-SLC3A1
SLC3A2	gene-SLC3A2
SLC40A1	gene-SLC40A1
SLC41A1	gene-SLC41A1
SLC41A2	gene-SLC41A2
SLC41A3	gene-SLC41A3
SLC43A1	gene-SLC43A1
SLC43A2	gene-SLC43A2
SLC43A3	gene-SLC43A3
SLC44A1	gene-SLC44A1
SLC44A2	gene-SLC44A2
SLC45A1	gene-SLC45A1
SLC45A2	gene-SLC45A2
SLC45A4	gene-SLC45A4
SLC46A1	gene-SLC46A1
SLC46A2	gene-SLC46A2
SLC46A3	gene-SLC46A3
SLC47A2	gene-SLC47A2
SLC48A1	gene-SLC48A1
SLC49A4	gene-SLC49A4
SLC4A10	gene-SLC4A10
SLC4A11	gene-SLC4A11
SLC4A2	gene-SLC4A2
SLC4A4	gene-SLC4A4
SLC4A5	gene-SLC4A5
SLC4A7	gene-SLC4A7
SLC4A8	gene-SLC4A8
SLC50A1	gene-SLC50A1
SLC51A	gene-SLC51A
SLC51B	gene-SLC51B
SLC5A2	gene-SLC5A2
SLC5A3	gene-SLC5A3
SLC5A5	gene-SLC5A5
SLC5A6	gene-SLC5A6
SLC66A1	gene-SLC66A1
SLC66A2	gene-SLC66A2
SLC66A3	gene-SLC66A3
SLC6A12	gene-SLC6A12
SLC6A15	gene-SLC6A15
SLC6A17	gene-SLC6A17
SLC6A18	gene-SLC6A18
SLC6A20	gene-SLC6A20
SLC6A3	gene-SLC6A3
SLC6A6	gene-SLC6A6
SLC6A8	gene-SLC6A8
SLC6A9	gene-SLC6A9
SLC7A1	gene-SLC7A1
SLC7A11	gene-SLC7A11
SLC7A4	gene-SLC7A4
SLC7A5	gene-SLC7A5
SLC7A6	gene-SLC7A6
SLC7A6OS	gene-SLC7A6OS
SLC7A7	gene-SLC7A7
SLC7A8	gene-SLC7A8
SLC8A1	gene-SLC8A1
SLC8A2	gene-SLC8A2
SLC8A3	gene-SLC8A3
SLC8B1	gene-SLC8B1
SLC9A1	gene-SLC9A1
SLC9A2	gene-SLC9A2
SLC9A3	gene-SLC9A3
SLC9A3R1	gene-SLC9A3R1
SLC9A3R2	gene-SLC9A3R2
SLC9A5	gene-SLC9A5
SLC9A6	gene-SLC9A6
SLC9A7	gene-SLC9A7
SLC9A8	gene-SLC9A8
SLC9A9	gene-SLC9A9
SLC9B1	gene-SLC9B1
SLC9B2	gene-SLC9B2
SLCO2B1	gene-SLCO2B1
SLCO3A1	gene-SLCO3A1
SLCO4A1	gene-SLCO4A1
SLCO5A1	gene-SLCO5A1
SLF1	gene-SLF1
SLF2	gene-SLF2
SLFN14	gene-SLFN14
SLFNL1	gene-SLFNL1
SLIRP	gene-SLIRP
SLIT1	gene-SLIT1
SLIT2	gene-SLIT2
SLIT3	gene-SLIT3
SLK	gene-SLK
SLMAP	gene-SLMAP
SLPI	gene-SLPI
SLTM	gene-SLTM
SLU7	gene-SLU7
SLX4	gene-SLX4
SLX4IP	gene-SLX4IP
SMAD1	gene-SMAD1
SMAD2	gene-SMAD2
SMAD3	gene-SMAD3
SMAD4	gene-SMAD4
SMAD5	gene-SMAD5
SMAD6	gene-SMAD6
SMAD7	gene-SMAD7
SMAGP	gene-SMAGP
SMAP1	gene-SMAP1
SMAP2	gene-SMAP2
SMARCA1	gene-SMARCA1
SMARCA2	gene-SMARCA2
SMARCA4	gene-SMARCA4
SMARCA5	gene-SMARCA5
SMARCAD1	gene-SMARCAD1
SMARCAL1	gene-SMARCAL1
SMARCB1	gene-SMARCB1
SMARCC1	gene-SMARCC1
SMARCC2	gene-SMARCC2
SMARCD1	gene-SMARCD1
SMARCD2	gene-SMARCD2
SMARCD3	gene-SMARCD3
SMARCE1	gene-SMARCE1
SMC1A	gene-SMC1A
SMC1B	gene-SMC1B
SMC2	gene-SMC2
SMC3	gene-SMC3
SMC4	gene-SMC4
SMC5	gene-SMC5
SMC6	gene-SMC6
SMCHD1	gene-SMCHD1
SMCO3	gene-SMCO3
SMCO4	gene-SMCO4
SMCR8	gene-SMCR8
SMDT1	gene-SMDT1
SMG1	gene-SMG1
SMG5	gene-SMG5
SMG6	gene-SMG6
SMG7	gene-SMG7
SMG8	gene-SMG8
SMG9	gene-SMG9
SMIM1	gene-SMIM1
SMIM10L1	gene-SMIM10L1
SMIM12	gene-SMIM12
SMIM19	gene-SMIM19
SMIM20	gene-SMIM20
SMIM26	gene-SMIM26
SMIM3	gene-SMIM3
SMIM30	gene-SMIM30
SMIM33	gene-SMIM33
SMIM4	gene-SMIM4
SMIM8	gene-SMIM8
SMKR1	gene-SMKR1
SMN	gene-SMN
SMNDC1	gene-SMNDC1
SMO	gene-SMO
SMOC1	gene-SMOC1
SMOC2	gene-SMOC2
SMOX	gene-SMOX
SMPD1	gene-SMPD1
SMPD2	gene-SMPD2
SMPD3	gene-SMPD3
SMPD4	gene-SMPD4
SMPDL3A	gene-SMPDL3A
SMPDL3B	gene-SMPDL3B
SMS	gene-SMS
SMTN	gene-SMTN
SMTNL2	gene-SMTNL2
SMU1	gene-SMU1
SMUG1	gene-SMUG1
SMURF1	gene-SMURF1
SMURF2	gene-SMURF2
SMYD2	gene-SMYD2
SMYD3	gene-SMYD3
SMYD4	gene-SMYD4
SMYD5	gene-SMYD5
SNAI1	gene-SNAI1
SNAI2	gene-SNAI2
SNAI3	gene-SNAI3
SNAP23	gene-SNAP23
SNAP29	gene-SNAP29
SNAP47	gene-SNAP47
SNAP91	gene-SNAP91
SNAPC1	gene-SNAPC1
SNAPC2	gene-SNAPC2
SNAPC3	gene-SNAPC3
SNAPC4	gene-SNAPC4
SNAPC5	gene-SNAPC5
SNAPIN	gene-SNAPIN
SNCB	gene-SNCB
SNCG	gene-SNCG
SND1	gene-SND1
SNED1	gene-SNED1
SNF8	gene-SNF8
SNIP1	gene-SNIP1
SNN	gene-SNN
SNORC	gene-SNORC
SNRK	gene-SNRK
SNRNP200	gene-SNRNP200
SNRNP25	gene-SNRNP25
SNRNP27	gene-SNRNP27
SNRNP40	gene-SNRNP40
SNRNP48	gene-SNRNP48
SNRNP70	gene-SNRNP70
SNRPA1	gene-SNRPA1
SNRPB	gene-SNRPB
SNRPB2	gene-SNRPB2
SNRPC	gene-SNRPC
SNRPD1	gene-SNRPD1
SNRPD2	gene-SNRPD2
SNRPG	gene-SNRPG
SNRPN	gene-SNRPN
SNTA1	gene-SNTA1
SNTB1	gene-SNTB1
SNTB2	gene-SNTB2
SNUPN	gene-SNUPN
SNW1	gene-SNW1
SNX1	gene-SNX1
SNX10	gene-SNX10
SNX11	gene-SNX11
SNX13	gene-SNX13
SNX14	gene-SNX14
SNX15	gene-SNX15
SNX16	gene-SNX16
SNX17	gene-SNX17
SNX18	gene-SNX18
SNX19	gene-SNX19
SNX2	gene-SNX2
SNX20	gene-SNX20
SNX21	gene-SNX21
SNX22	gene-SNX22
SNX24	gene-SNX24
SNX25	gene-SNX25
SNX27	gene-SNX27
SNX29	gene-SNX29
SNX3	gene-SNX3
SNX30	gene-SNX30
SNX31	gene-SNX31
SNX32	gene-SNX32
SNX33	gene-SNX33
SNX4	gene-SNX4
SNX5	gene-SNX5
SNX6	gene-SNX6
SNX7	gene-SNX7
SNX8	gene-SNX8
SNX9	gene-SNX9
SOAT1	gene-SOAT1
SOAT2	gene-SOAT2
SOBP	gene-SOBP
SOCS1	gene-SOCS1
SOCS2	gene-SOCS2
SOCS5	gene-SOCS5
SOCS6	gene-SOCS6
SOCS7	gene-SOCS7
SOD1	gene-SOD1
SOD2	gene-SOD2
SOGA1	gene-SOGA1
SORBS1	gene-SORBS1
SORBS2	gene-SORBS2
SORBS3	gene-SORBS3
SORCS2	gene-SORCS2
SORD	gene-SORD
SORL1	gene-SORL1
SORT1	gene-SORT1
SOS1	gene-SOS1
SOS2	gene-SOS2
SOWAHC	gene-SOWAHC
SOX10	gene-SOX10
SOX12	gene-SOX12
SOX13	gene-SOX13
SOX15	gene-SOX15
SOX18	gene-SOX18
SOX30	gene-SOX30
SOX4	gene-SOX4
SOX5	gene-SOX5
SOX8	gene-SOX8
SP1	gene-SP1
SP100	gene-SP100
SP110	gene-SP110
SP140	gene-SP140
SP2	gene-SP2
SP3	gene-SP3
SP4	gene-SP4
SP5	gene-SP5
SP6	gene-SP6
SP7	gene-SP7
SP9	gene-SP9
SPA17	gene-SPA17
SPACA6	gene-SPACA6
SPACA9	gene-SPACA9
SPAG16	gene-SPAG16
SPAG4	gene-SPAG4
SPAG5	gene-SPAG5
SPAG6	gene-SPAG6
SPAG7	gene-SPAG7
SPAG8	gene-SPAG8
SPAG9	gene-SPAG9
SPARC	gene-SPARC
SPART	gene-SPART
SPAST	gene-SPAST
SPATA1	gene-SPATA1
SPATA17	gene-SPATA17
SPATA2	gene-SPATA2
SPATA20	gene-SPATA20
SPATA24	gene-SPATA24
SPATA2L	gene-SPATA2L
SPATA3	gene-SPATA3
SPATA5	gene-SPATA5
SPATA5L1	gene-SPATA5L1
SPATA6	gene-SPATA6
SPATA6L	gene-SPATA6L
SPATA7	gene-SPATA7
SPATC1L	gene-SPATC1L
SPATS2	gene-SPATS2
SPATS2L	gene-SPATS2L
SPC24	gene-SPC24
SPC25	gene-SPC25
SPCS1	gene-SPCS1
SPCS2	gene-SPCS2
SPCS3	gene-SPCS3
SPECC1	gene-SPECC1
SPECC1L	gene-SPECC1L
SPEF1	gene-SPEF1
SPEF2	gene-SPEF2
SPEG	gene-SPEG
SPESP1	gene-SPESP1
SPG11	gene-SPG11
SPG21	gene-SPG21
SPG7	gene-SPG7
SPHK1	gene-SPHK1
SPHK2	gene-SPHK2
SPHKAP	gene-SPHKAP
SPI1	gene-SPI1
SPICE1	gene-SPICE1
SPIDR	gene-SPIDR
SPIN1	gene-SPIN1
SPINDOC	gene-SPINDOC
SPINK2	gene-SPINK2
SPINT1	gene-SPINT1
SPINT2	gene-SPINT2
SPIRE1	gene-SPIRE1
SPIRE2	gene-SPIRE2
SPNS1	gene-SPNS1
SPNS3	gene-SPNS3
SPO11	gene-SPO11
SPOCD1	gene-SPOCD1
SPOCK1	gene-SPOCK1
SPOCK2	gene-SPOCK2
SPON1	gene-SPON1
SPOP	gene-SPOP
SPOPL	gene-SPOPL
SPOUT1	gene-SPOUT1
SPP1	gene-SPP1
SPP2	gene-SPP2
SPPL2A	gene-SPPL2A
SPPL2B	gene-SPPL2B
SPPL3	gene-SPPL3
SPR	gene-SPR
SPRED1	gene-SPRED1
SPRED2	gene-SPRED2
SPRTN	gene-SPRTN
SPRY1	gene-SPRY1
SPRY2	gene-SPRY2
SPRY4	gene-SPRY4
SPRYD3	gene-SPRYD3
SPRYD4	gene-SPRYD4
SPRYD7	gene-SPRYD7
SPSB1	gene-SPSB1
SPSB2	gene-SPSB2
SPSB3	gene-SPSB3
SPTAN1	gene-SPTAN1
SPTB	gene-SPTB
SPTBN1	gene-SPTBN1
SPTBN2	gene-SPTBN2
SPTBN5	gene-SPTBN5
SPTLC1	gene-SPTLC1
SPTLC2	gene-SPTLC2
SPTY2D1	gene-SPTY2D1
SQLE	gene-SQLE
SQOR	gene-SQOR
SQSTM1	gene-SQSTM1
SRA1	gene-SRA1
SRBD1	gene-SRBD1
SRC	gene-SRC
SRCIN1	gene-SRCIN1
SRD5A1	gene-SRD5A1
SRD5A2	gene-SRD5A2
SRD5A3	gene-SRD5A3
SREBF1	gene-SREBF1
SREBF2	gene-SREBF2
SREK1	gene-SREK1
SREK1IP1	gene-SREK1IP1
SRF	gene-SRF
SRFBP1	gene-SRFBP1
SRGAP1	gene-SRGAP1
SRGAP3	gene-SRGAP3
SRGN	gene-SRGN
SRI	gene-SRI
SRM	gene-SRM
SRMS	gene-SRMS
SRP14	gene-SRP14
SRP19	gene-SRP19
SRP54	gene-SRP54
SRP68	gene-SRP68
SRP72	gene-SRP72
SRP9	gene-SRP9
SRPK1	gene-SRPK1
SRPK2	gene-SRPK2
SRPK3	gene-SRPK3
SRPRA	gene-SRPRA
SRPRB	gene-SRPRB
SRRM1	gene-SRRM1
SRRM2	gene-SRRM2
SRRM4	gene-SRRM4
SRRT	gene-SRRT
SRSF1	gene-SRSF1
SRSF10	gene-SRSF10
SRSF11	gene-SRSF11
SRSF12	gene-SRSF12
SRSF2	gene-SRSF2
SRSF3	gene-SRSF3
SRSF4	gene-SRSF4
SRSF5	gene-SRSF5
SRSF6	gene-SRSF6
SRSF7	gene-SRSF7
SRSF9	gene-SRSF9
SRXN1	gene-SRXN1
SS18	gene-SS18
SS18L1	gene-SS18L1
SS18L2	gene-SS18L2
SSB	gene-SSB
SSBP1	gene-SSBP1
SSBP2	gene-SSBP2
SSBP3	gene-SSBP3
SSBP4	gene-SSBP4
SSC4D	gene-SSC4D
SSC5D	gene-SSC5D
SSH1	gene-SSH1
SSH2	gene-SSH2
SSH3	gene-SSH3
SSNA1	gene-SSNA1
SSPN	gene-SSPN
SSPO	gene-SSPO
SSR1	gene-SSR1
SSR2	gene-SSR2
SSR3	gene-SSR3
SSR4	gene-SSR4
SSRP1	gene-SSRP1
SSTR2	gene-SSTR2
SSTR3	gene-SSTR3
SSU72	gene-SSU72
SSX2IP	gene-SSX2IP
ST13	gene-ST13
ST14	gene-ST14
ST3GAL1	gene-ST3GAL1
ST3GAL2	gene-ST3GAL2
ST3GAL3	gene-ST3GAL3
ST3GAL4	gene-ST3GAL4
ST3GAL5	gene-ST3GAL5
ST3GAL6	gene-ST3GAL6
ST6GAL1	gene-ST6GAL1
ST6GALNAC4	gene-ST6GALNAC4
ST6GALNAC5	gene-ST6GALNAC5
ST6GALNAC6	gene-ST6GALNAC6
ST7	gene-ST7
ST7L	gene-ST7L
ST8SIA1	gene-ST8SIA1
ST8SIA4	gene-ST8SIA4
STAB1	gene-STAB1
STAB2	gene-STAB2
STAC2	gene-STAC2
STAG1	gene-STAG1
STAG2	gene-STAG2
STAM	gene-STAM
STAMBPL1	gene-STAMBPL1
STAP1	gene-STAP1
STAP2	gene-STAP2
STAR	gene-STAR
STARD10	gene-STARD10
STARD13	gene-STARD13
STARD3	gene-STARD3
STARD3NL	gene-STARD3NL
STARD4	gene-STARD4
STARD5	gene-STARD5
STARD6	gene-STARD6
STARD7	gene-STARD7
STARD8	gene-STARD8
STARD9	gene-STARD9
STAT1	gene-STAT1
STAT2	gene-STAT2
STAT3	gene-STAT3
STAT4	gene-STAT4
STAT5A	gene-STAT5A
STAT5B	gene-STAT5B
STAT6	gene-STAT6
STAU1	gene-STAU1
STAU2	gene-STAU2
STBD1	gene-STBD1
STC1	gene-STC1
STC2	gene-STC2
STEAP3	gene-STEAP3
STEAP4	gene-STEAP4
STEEP1	gene-STEEP1
STIL	gene-STIL
STIM1	gene-STIM1
STIM2	gene-STIM2
STING1	gene-STING1
STIP1	gene-STIP1
STK10	gene-STK10
STK11	gene-STK11
STK11IP	gene-STK11IP
STK16	gene-STK16
STK17A	gene-STK17A
STK17B	gene-STK17B
STK24	gene-STK24
STK25	gene-STK25
STK26	gene-STK26
STK3	gene-STK3
STK33	gene-STK33
STK36	gene-STK36
STK38	gene-STK38
STK38L	gene-STK38L
STK39	gene-STK39
STK4	gene-STK4
STK40	gene-STK40
STKLD1	gene-STKLD1
STMN1	gene-STMN1
STMN2	gene-STMN2
STMN3	gene-STMN3
STMP1	gene-STMP1
STN1	gene-STN1
STOM	gene-STOM
STOML1	gene-STOML1
STOML2	gene-STOML2
STON1	gene-STON1
STON2	gene-STON2
STOX1	gene-STOX1
STOX2	gene-STOX2
STPG1	gene-STPG1
STPG2	gene-STPG2
STRA6	gene-STRA6
STRADA	gene-STRADA
STRADB	gene-STRADB
STRAP	gene-STRAP
STRBP	gene-STRBP
STRC	gene-STRC
STRIP1	gene-STRIP1
STRIP2	gene-STRIP2
STRN	gene-STRN
STRN3	gene-STRN3
STRN4	gene-STRN4
STS	gene-STS
STT3A	gene-STT3A
STT3B	gene-STT3B
STUB1	gene-STUB1
STX10	gene-STX10
STX11	gene-STX11
STX12	gene-STX12
STX17	gene-STX17
STX18	gene-STX18
STX1A	gene-STX1A
STX1B	gene-STX1B
STX2	gene-STX2
STX3	gene-STX3
STX4	gene-STX4
STX5	gene-STX5
STX6	gene-STX6
STX7	gene-STX7
STX8	gene-STX8
STXBP1	gene-STXBP1
STXBP2	gene-STXBP2
STXBP3	gene-STXBP3
STXBP4	gene-STXBP4
STXBP5	gene-STXBP5
STYK1	gene-STYK1
STYX	gene-STYX
STYXL2	gene-STYXL2
SUB1	gene-SUB1
SUCLA2	gene-SUCLA2
SUCLG1	gene-SUCLG1
SUCLG2	gene-SUCLG2
SUCO	gene-SUCO
SUDS3	gene-SUDS3
SUFU	gene-SUFU
SUGCT	gene-SUGCT
SUGP1	gene-SUGP1
SUGP2	gene-SUGP2
SUGT1	gene-SUGT1
SULF2	gene-SULF2
SULT1A1	gene-SULT1A1
SULT1C4	gene-SULT1C4
SULT2B1	gene-SULT2B1
SUMF1	gene-SUMF1
SUMF2	gene-SUMF2
SUMO1	gene-SUMO1
SUMO2	gene-SUMO2
SUN1	gene-SUN1
SUN2	gene-SUN2
SUOX	gene-SUOX
SUPT16H	gene-SUPT16H
SUPT20H	gene-SUPT20H
SUPT3H	gene-SUPT3H
SUPT4H1	gene-SUPT4H1
SUPT5H	gene-SUPT5H
SUPT6H	gene-SUPT6H
SUPT7L	gene-SUPT7L
SUPV3L1	gene-SUPV3L1
SURF1	gene-SURF1
SURF2	gene-SURF2
SURF4	gene-SURF4
SUSD1	gene-SUSD1
SUSD2	gene-SUSD2
SUSD3	gene-SUSD3
SUSD5	gene-SUSD5
SUSD6	gene-SUSD6
SUV39H1	gene-SUV39H1
SUV39H2	gene-SUV39H2
SUZ12	gene-SUZ12
SV2A	gene-SV2A
SV2B	gene-SV2B
SV2C	gene-SV2C
SVBP	gene-SVBP
SVEP1	gene-SVEP1
SVIL	gene-SVIL
SVIP	gene-SVIP
SVOPL	gene-SVOPL
SWAP70	gene-SWAP70
SWI5	gene-SWI5
SWSAP1	gene-SWSAP1
SWT1	gene-SWT1
SYAP1	gene-SYAP1
SYBU	gene-SYBU
SYCE1	gene-SYCE1
SYCE1L	gene-SYCE1L
SYCE2	gene-SYCE2
SYCP2	gene-SYCP2
SYDE1	gene-SYDE1
SYK	gene-SYK
SYMPK	gene-SYMPK
SYN1	gene-SYN1
SYNC	gene-SYNC
SYNCRIP	gene-SYNCRIP
SYNDIG1	gene-SYNDIG1
SYNE1	gene-SYNE1
SYNE2	gene-SYNE2
SYNE3	gene-SYNE3
SYNGAP1	gene-SYNGAP1
SYNGR1	gene-SYNGR1
SYNGR2	gene-SYNGR2
SYNGR4	gene-SYNGR4
SYNJ1	gene-SYNJ1
SYNJ2	gene-SYNJ2
SYNJ2BP	gene-SYNJ2BP
SYNM	gene-SYNM
SYNPO	gene-SYNPO
SYNPO2	gene-SYNPO2
SYNPO2L	gene-SYNPO2L
SYNRG	gene-SYNRG
SYP	gene-SYP
SYPL1	gene-SYPL1
SYS1	gene-SYS1
SYT11	gene-SYT11
SYT16	gene-SYT16
SYT2	gene-SYT2
SYT3	gene-SYT3
SYT5	gene-SYT5
SYTL1	gene-SYTL1
SYTL2	gene-SYTL2
SYTL3	gene-SYTL3
SYVN1	gene-SYVN1
SZRD1	gene-SZRD1
SZT2	gene-SZT2
TAB1	gene-TAB1
TAB2	gene-TAB2
TAB3	gene-TAB3
TACC1	gene-TACC1
TACC2	gene-TACC2
TACC3	gene-TACC3
TACO1	gene-TACO1
TADA1	gene-TADA1
TADA2A	gene-TADA2A
TADA2B	gene-TADA2B
TADA3	gene-TADA3
TAF10	gene-TAF10
TAF11	gene-TAF11
TAF12	gene-TAF12
TAF15	gene-TAF15
TAF1A	gene-TAF1A
TAF1B	gene-TAF1B
TAF1C	gene-TAF1C
TAF2	gene-TAF2
TAF3	gene-TAF3
TAF4	gene-TAF4
TAF4B	gene-TAF4B
TAF5	gene-TAF5
TAF5L	gene-TAF5L
TAF6	gene-TAF6
TAF6L	gene-TAF6L
TAF7	gene-TAF7
TAF8	gene-TAF8
TAF9	gene-TAF9
TAF9B	gene-TAF9B
TAGAP	gene-TAGAP
TAGLN	gene-TAGLN
TAGLN2	gene-TAGLN2
TAL1	gene-TAL1
TAL2	gene-TAL2
TAMM41	gene-TAMM41
TANC1	gene-TANC1
TANC2	gene-TANC2
TANGO2	gene-TANGO2
TANGO6	gene-TANGO6
TANK	gene-TANK
TAOK1	gene-TAOK1
TAOK2	gene-TAOK2
TAOK3	gene-TAOK3
TAP1	gene-TAP1
TAPBP	gene-TAPBP
TAPBPL	gene-TAPBPL
TAPT1	gene-TAPT1
TARBP1	gene-TARBP1
TARBP2	gene-TARBP2
TARDBP	gene-TARDBP
TARS1	gene-TARS1
TARS2	gene-TARS2
TARS3	gene-TARS3
TAS1R1	gene-TAS1R1
TAS2R40	gene-TAS2R40
TASOR	gene-TASOR
TASOR2	gene-TASOR2
TASP1	gene-TASP1
TATDN1	gene-TATDN1
TATDN3	gene-TATDN3
TAX1BP1	gene-TAX1BP1
TAX1BP3	gene-TAX1BP3
TAZ	gene-TAZ
TBATA	gene-TBATA
TBC1D1	gene-TBC1D1
TBC1D10A	gene-TBC1D10A
TBC1D10B	gene-TBC1D10B
TBC1D10C	gene-TBC1D10C
TBC1D12	gene-TBC1D12
TBC1D13	gene-TBC1D13
TBC1D15	gene-TBC1D15
TBC1D17	gene-TBC1D17
TBC1D19	gene-TBC1D19
TBC1D2	gene-TBC1D2
TBC1D20	gene-TBC1D20
TBC1D22A	gene-TBC1D22A
TBC1D23	gene-TBC1D23
TBC1D25	gene-TBC1D25
TBC1D2B	gene-TBC1D2B
TBC1D30	gene-TBC1D30
TBC1D31	gene-TBC1D31
TBC1D32	gene-TBC1D32
TBC1D4	gene-TBC1D4
TBC1D5	gene-TBC1D5
TBC1D7	gene-TBC1D7
TBC1D8	gene-TBC1D8
TBC1D9	gene-TBC1D9
TBC1D9B	gene-TBC1D9B
TBCA	gene-TBCA
TBCB	gene-TBCB
TBCC	gene-TBCC
TBCD	gene-TBCD
TBCE	gene-TBCE
TBCK	gene-TBCK
TBK1	gene-TBK1
TBKBP1	gene-TBKBP1
TBL1XR1	gene-TBL1XR1
TBL2	gene-TBL2
TBP	gene-TBP
TBPL1	gene-TBPL1
TBR1	gene-TBR1
TBRG1	gene-TBRG1
TBRG4	gene-TBRG4
TBX1	gene-TBX1
TBX10	gene-TBX10
TBX19	gene-TBX19
TBX20	gene-TBX20
TBX21	gene-TBX21
TBX3	gene-TBX3
TBX6	gene-TBX6
TBXA2R	gene-TBXA2R
TBXAS1	gene-TBXAS1
TCAF1	gene-TCAF1
TCAIM	gene-TCAIM
TCAP	gene-TCAP
TCEA1	gene-TCEA1
TCEA3	gene-TCEA3
TCEAL1	gene-TCEAL1
TCEANC	gene-TCEANC
TCEANC2	gene-TCEANC2
TCERG1	gene-TCERG1
TCF12	gene-TCF12
TCF15	gene-TCF15
TCF19	gene-TCF19
TCF20	gene-TCF20
TCF21	gene-TCF21
TCF23	gene-TCF23
TCF25	gene-TCF25
TCF3	gene-TCF3
TCF4	gene-TCF4
TCF7	gene-TCF7
TCF7L1	gene-TCF7L1
TCF7L2	gene-TCF7L2
TCHP	gene-TCHP
TCIRG1	gene-TCIRG1
TCN2	gene-TCN2
TCOF1	gene-TCOF1
TCP1	gene-TCP1
TCP11	gene-TCP11
TCP11L1	gene-TCP11L1
TCP11L2	gene-TCP11L2
TCTA	gene-TCTA
TCTN1	gene-TCTN1
TCTN2	gene-TCTN2
TCTN3	gene-TCTN3
TDG	gene-TDG
TDP1	gene-TDP1
TDP2	gene-TDP2
TDRD1	gene-TDRD1
TDRD12	gene-TDRD12
TDRD3	gene-TDRD3
TDRD7	gene-TDRD7
TDRP	gene-TDRP
TEAD1	gene-TEAD1
TEAD2	gene-TEAD2
TEAD3	gene-TEAD3
TEAD4	gene-TEAD4
TEC	gene-TEC
TECPR1	gene-TECPR1
TECPR2	gene-TECPR2
TECR	gene-TECR
TEDC1	gene-TEDC1
TEDC2	gene-TEDC2
TEF	gene-TEF
TEFM	gene-TEFM
TEK	gene-TEK
TEKT5	gene-TEKT5
TELO2	gene-TELO2
TEN1	gene-TEN1
TENM1	gene-TENM1
TENM2	gene-TENM2
TENM4	gene-TENM4
TENT2	gene-TENT2
TENT4A	gene-TENT4A
TENT4B	gene-TENT4B
TENT5A	gene-TENT5A
TENT5C	gene-TENT5C
TEP1	gene-TEP1
TEPSIN	gene-TEPSIN
TERB2	gene-TERB2
TERF1	gene-TERF1
TERF2	gene-TERF2
TERF2IP	gene-TERF2IP
TERT	gene-TERT
TES	gene-TES
TESC	gene-TESC
TESK1	gene-TESK1
TESMIN	gene-TESMIN
TESPA1	gene-TESPA1
TET1	gene-TET1
TET2	gene-TET2
TET3	gene-TET3
TEX10	gene-TEX10
TEX11	gene-TEX11
TEX12	gene-TEX12
TEX14	gene-TEX14
TEX15	gene-TEX15
TEX2	gene-TEX2
TEX264	gene-TEX264
TEX30	gene-TEX30
TEX9	gene-TEX9
TFAM	gene-TFAM
TFAP2A	gene-TFAP2A
TFAP2B	gene-TFAP2B
TFAP2C	gene-TFAP2C
TFAP4	gene-TFAP4
TFB1M	gene-TFB1M
TFB2M	gene-TFB2M
TFCP2	gene-TFCP2
TFCP2L1	gene-TFCP2L1
TFDP1	gene-TFDP1
TFDP2	gene-TFDP2
TFE3	gene-TFE3
TFEB	gene-TFEB
TFEC	gene-TFEC
TFF1	gene-TFF1
TFG	gene-TFG
TFIP11	gene-TFIP11
TFPT	gene-TFPT
TFRC	gene-TFRC
TG	gene-TG
TGDS	gene-TGDS
TGFA	gene-TGFA
TGFB1	gene-TGFB1
TGFB2	gene-TGFB2
TGFB3	gene-TGFB3
TGFBI	gene-TGFBI
TGFBR1	gene-TGFBR1
TGFBR2	gene-TGFBR2
TGFBR3	gene-TGFBR3
TGFBRAP1	gene-TGFBRAP1
TGIF1	gene-TGIF1
TGIF2	gene-TGIF2
TGM1	gene-TGM1
TGM2	gene-TGM2
TGM3	gene-TGM3
TGS1	gene-TGS1
THADA	gene-THADA
THAP1	gene-THAP1
THAP11	gene-THAP11
THAP12	gene-THAP12
THAP3	gene-THAP3
THAP4	gene-THAP4
THAP5	gene-THAP5
THAP6	gene-THAP6
THAP7	gene-THAP7
THAP8	gene-THAP8
THAP9	gene-THAP9
THBS1	gene-THBS1
THBS2	gene-THBS2
THBS3	gene-THBS3
THBS4	gene-THBS4
THEG	gene-THEG
THEGL	gene-THEGL
THEM4	gene-THEM4
THEM5	gene-THEM5
THEMIS	gene-THEMIS
THEMIS2	gene-THEMIS2
THG1L	gene-THG1L
THNSL1	gene-THNSL1
THNSL2	gene-THNSL2
THOC1	gene-THOC1
THOC2	gene-THOC2
THOC3	gene-THOC3
THOC5	gene-THOC5
THOC6	gene-THOC6
THOC7	gene-THOC7
THOP1	gene-THOP1
THPO	gene-THPO
THRA	gene-THRA
THRAP3	gene-THRAP3
THRB	gene-THRB
THSD1	gene-THSD1
THSD4	gene-THSD4
THTPA	gene-THTPA
THUMPD1	gene-THUMPD1
THUMPD2	gene-THUMPD2
THUMPD3	gene-THUMPD3
THY1	gene-THY1
THYN1	gene-THYN1
TIA1	gene-TIA1
TIAL1	gene-TIAL1
TIAM1	gene-TIAM1
TIAM2	gene-TIAM2
TICAM1	gene-TICAM1
TICAM2	gene-TICAM2
TICRR	gene-TICRR
TIE1	gene-TIE1
TIFA	gene-TIFA
TIGAR	gene-TIGAR
TIGD2	gene-TIGD2
TIGD3	gene-TIGD3
TIGD4	gene-TIGD4
TIGD5	gene-TIGD5
TIGD6	gene-TIGD6
TIGD7	gene-TIGD7
TIGIT	gene-TIGIT
TIMELESS	gene-TIMELESS
TIMM10	gene-TIMM10
TIMM10B	gene-TIMM10B
TIMM17A	gene-TIMM17A
TIMM21	gene-TIMM21
TIMM22	gene-TIMM22
TIMM29	gene-TIMM29
TIMM44	gene-TIMM44
TIMM50	gene-TIMM50
TIMM8A	gene-TIMM8A
TIMM8B	gene-TIMM8B
TIMMDC1	gene-TIMMDC1
TIMP1	gene-TIMP1
TIMP2	gene-TIMP2
TIMP3	gene-TIMP3
TIMP4	gene-TIMP4
TINAGL1	gene-TINAGL1
TINF2	gene-TINF2
TIPARP	gene-TIPARP
TIPIN	gene-TIPIN
TIRAP	gene-TIRAP
TJAP1	gene-TJAP1
TJP1	gene-TJP1
TJP2	gene-TJP2
TJP3	gene-TJP3
TK1	gene-TK1
TK2	gene-TK2
TKFC	gene-TKFC
TKT	gene-TKT
TKTL1	gene-TKTL1
TLCD1	gene-TLCD1
TLCD2	gene-TLCD2
TLCD3A	gene-TLCD3A
TLCD5	gene-TLCD5
TLDC2	gene-TLDC2
TLE1	gene-TLE1
TLE2	gene-TLE2
TLE3	gene-TLE3
TLE4	gene-TLE4
TLK1	gene-TLK1
TLK2	gene-TLK2
TLL1	gene-TLL1
TLL2	gene-TLL2
TLN1	gene-TLN1
TLN2	gene-TLN2
TLNRD1	gene-TLNRD1
TLR1	gene-TLR1
TLR10	gene-TLR10
TLR2	gene-TLR2
TLR3	gene-TLR3
TLR4	gene-TLR4
TLR5	gene-TLR5
TLR7	gene-TLR7
TLR9	gene-TLR9
TLX2	gene-TLX2
TM2D1	gene-TM2D1
TM2D2	gene-TM2D2
TM2D3	gene-TM2D3
TM4SF5	gene-TM4SF5
TM6SF1	gene-TM6SF1
TM7SF2	gene-TM7SF2
TM7SF3	gene-TM7SF3
TM9SF2	gene-TM9SF2
TM9SF3	gene-TM9SF3
TM9SF4	gene-TM9SF4
TMA16	gene-TMA16
TMA7	gene-TMA7
TMBIM1	gene-TMBIM1
TMBIM6	gene-TMBIM6
TMC3	gene-TMC3
TMC4	gene-TMC4
TMC5	gene-TMC5
TMC6	gene-TMC6
TMC7	gene-TMC7
TMC8	gene-TMC8
TMCC1	gene-TMCC1
TMCC2	gene-TMCC2
TMCC3	gene-TMCC3
TMCO1	gene-TMCO1
TMCO3	gene-TMCO3
TMCO4	gene-TMCO4
TMCO6	gene-TMCO6
TMED1	gene-TMED1
TMED2	gene-TMED2
TMED3	gene-TMED3
TMED4	gene-TMED4
TMED5	gene-TMED5
TMED7	gene-TMED7
TMED8	gene-TMED8
TMED9	gene-TMED9
TMEFF2	gene-TMEFF2
TMEM101	gene-TMEM101
TMEM102	gene-TMEM102
TMEM104	gene-TMEM104
TMEM106B	gene-TMEM106B
TMEM106C	gene-TMEM106C
TMEM107	gene-TMEM107
TMEM108	gene-TMEM108
TMEM11	gene-TMEM11
TMEM115	gene-TMEM115
TMEM116	gene-TMEM116
TMEM117	gene-TMEM117
TMEM119	gene-TMEM119
TMEM120A	gene-TMEM120A
TMEM120B	gene-TMEM120B
TMEM121	gene-TMEM121
TMEM126A	gene-TMEM126A
TMEM126B	gene-TMEM126B
TMEM127	gene-TMEM127
TMEM128	gene-TMEM128
TMEM129	gene-TMEM129
TMEM130	gene-TMEM130
TMEM131	gene-TMEM131
TMEM131L	gene-TMEM131L
TMEM132A	gene-TMEM132A
TMEM132B	gene-TMEM132B
TMEM132E	gene-TMEM132E
TMEM134	gene-TMEM134
TMEM135	gene-TMEM135
TMEM138	gene-TMEM138
TMEM139	gene-TMEM139
TMEM140	gene-TMEM140
TMEM141	gene-TMEM141
TMEM143	gene-TMEM143
TMEM144	gene-TMEM144
TMEM145	gene-TMEM145
TMEM147	gene-TMEM147
TMEM150A	gene-TMEM150A
TMEM150B	gene-TMEM150B
TMEM150C	gene-TMEM150C
TMEM151A	gene-TMEM151A
TMEM151B	gene-TMEM151B
TMEM154	gene-TMEM154
TMEM156	gene-TMEM156
TMEM160	gene-TMEM160
TMEM161A	gene-TMEM161A
TMEM161B	gene-TMEM161B
TMEM163	gene-TMEM163
TMEM164	gene-TMEM164
TMEM165	gene-TMEM165
TMEM167A	gene-TMEM167A
TMEM167B	gene-TMEM167B
TMEM168	gene-TMEM168
TMEM169	gene-TMEM169
TMEM17	gene-TMEM17
TMEM170B	gene-TMEM170B
TMEM171	gene-TMEM171
TMEM175	gene-TMEM175
TMEM176A	gene-TMEM176A
TMEM176B	gene-TMEM176B
TMEM178A	gene-TMEM178A
TMEM178B	gene-TMEM178B
TMEM179B	gene-TMEM179B
TMEM18	gene-TMEM18
TMEM181	gene-TMEM181
TMEM183A	gene-TMEM183A
TMEM184A	gene-TMEM184A
TMEM184B	gene-TMEM184B
TMEM184C	gene-TMEM184C
TMEM185A	gene-TMEM185A
TMEM192	gene-TMEM192
TMEM198	gene-TMEM198
TMEM199	gene-TMEM199
TMEM200A	gene-TMEM200A
TMEM201	gene-TMEM201
TMEM203	gene-TMEM203
TMEM204	gene-TMEM204
TMEM205	gene-TMEM205
TMEM208	gene-TMEM208
TMEM209	gene-TMEM209
TMEM214	gene-TMEM214
TMEM218	gene-TMEM218
TMEM220	gene-TMEM220
TMEM222	gene-TMEM222
TMEM223	gene-TMEM223
TMEM225B	gene-TMEM225B
TMEM229A	gene-TMEM229A
TMEM229B	gene-TMEM229B
TMEM230	gene-TMEM230
TMEM231	gene-TMEM231
TMEM234	gene-TMEM234
TMEM237	gene-TMEM237
TMEM238	gene-TMEM238
TMEM240	gene-TMEM240
TMEM241	gene-TMEM241
TMEM242	gene-TMEM242
TMEM243	gene-TMEM243
TMEM245	gene-TMEM245
TMEM248	gene-TMEM248
TMEM249	gene-TMEM249
TMEM25	gene-TMEM25
TMEM250	gene-TMEM250
TMEM251	gene-TMEM251
TMEM253	gene-TMEM253
TMEM254	gene-TMEM254
TMEM255A	gene-TMEM255A
TMEM259	gene-TMEM259
TMEM260	gene-TMEM260
TMEM263	gene-TMEM263
TMEM265	gene-TMEM265
TMEM267	gene-TMEM267
TMEM268	gene-TMEM268
TMEM30A	gene-TMEM30A
TMEM33	gene-TMEM33
TMEM35A	gene-TMEM35A
TMEM37	gene-TMEM37
TMEM38A	gene-TMEM38A
TMEM38B	gene-TMEM38B
TMEM39A	gene-TMEM39A
TMEM39B	gene-TMEM39B
TMEM40	gene-TMEM40
TMEM41A	gene-TMEM41A
TMEM41B	gene-TMEM41B
TMEM42	gene-TMEM42
TMEM43	gene-TMEM43
TMEM45A	gene-TMEM45A
TMEM47	gene-TMEM47
TMEM50A	gene-TMEM50A
TMEM53	gene-TMEM53
TMEM54	gene-TMEM54
TMEM59	gene-TMEM59
TMEM59L	gene-TMEM59L
TMEM60	gene-TMEM60
TMEM61	gene-TMEM61
TMEM62	gene-TMEM62
TMEM63A	gene-TMEM63A
TMEM63B	gene-TMEM63B
TMEM63C	gene-TMEM63C
TMEM64	gene-TMEM64
TMEM65	gene-TMEM65
TMEM67	gene-TMEM67
TMEM68	gene-TMEM68
TMEM69	gene-TMEM69
TMEM70	gene-TMEM70
TMEM71	gene-TMEM71
TMEM79	gene-TMEM79
TMEM81	gene-TMEM81
TMEM86A	gene-TMEM86A
TMEM86B	gene-TMEM86B
TMEM87A	gene-TMEM87A
TMEM87B	gene-TMEM87B
TMEM88	gene-TMEM88
TMEM89	gene-TMEM89
TMEM8B	gene-TMEM8B
TMEM92	gene-TMEM92
TMEM94	gene-TMEM94
TMEM97	gene-TMEM97
TMEM9B	gene-TMEM9B
TMF1	gene-TMF1
TMLHE	gene-TMLHE
TMOD1	gene-TMOD1
TMOD2	gene-TMOD2
TMOD4	gene-TMOD4
TMPO	gene-TMPO
TMPRSS5	gene-TMPRSS5
TMPRSS6	gene-TMPRSS6
TMSB10	gene-TMSB10
TMTC2	gene-TMTC2
TMTC3	gene-TMTC3
TMTC4	gene-TMTC4
TMUB1	gene-TMUB1
TMUB2	gene-TMUB2
TMX1	gene-TMX1
TMX2	gene-TMX2
TMX3	gene-TMX3
TMX4	gene-TMX4
TNF	gene-TNF
TNFAIP1	gene-TNFAIP1
TNFAIP2	gene-TNFAIP2
TNFAIP3	gene-TNFAIP3
TNFAIP6	gene-TNFAIP6
TNFAIP8	gene-TNFAIP8
TNFAIP8L1	gene-TNFAIP8L1
TNFAIP8L2	gene-TNFAIP8L2
TNFAIP8L3	gene-TNFAIP8L3
TNFRSF11A	gene-TNFRSF11A
TNFRSF12A	gene-TNFRSF12A
TNFRSF13B	gene-TNFRSF13B
TNFRSF13C	gene-TNFRSF13C
TNFRSF14	gene-TNFRSF14
TNFRSF17	gene-TNFRSF17
TNFRSF18	gene-TNFRSF18
TNFRSF19	gene-TNFRSF19
TNFRSF1A	gene-TNFRSF1A
TNFRSF1B	gene-TNFRSF1B
TNFRSF25	gene-TNFRSF25
TNFRSF4	gene-TNFRSF4
TNFRSF6B	gene-TNFRSF6B
TNFRSF8	gene-TNFRSF8
TNFRSF9	gene-TNFRSF9
TNFSF10	gene-TNFSF10
TNFSF11	gene-TNFSF11
TNFSF12	gene-TNFSF12
TNFSF13	gene-TNFSF13
TNFSF13B	gene-TNFSF13B
TNFSF14	gene-TNFSF14
TNFSF15	gene-TNFSF15
TNFSF4	gene-TNFSF4
TNFSF8	gene-TNFSF8
TNFSF9	gene-TNFSF9
TNIK	gene-TNIK
TNIP1	gene-TNIP1
TNIP3	gene-TNIP3
TNK1	gene-TNK1
TNK2	gene-TNK2
TNKS	gene-TNKS
TNKS1BP1	gene-TNKS1BP1
TNKS2	gene-TNKS2
TNN	gene-TNN
TNNC1	gene-TNNC1
TNNI2	gene-TNNI2
TNNI3	gene-TNNI3
TNNI3K	gene-TNNI3K
TNNT2	gene-TNNT2
TNPO1	gene-TNPO1
TNPO2	gene-TNPO2
TNPO3	gene-TNPO3
TNR	gene-TNR
TNRC18	gene-TNRC18
TNRC6A	gene-TNRC6A
TNRC6B	gene-TNRC6B
TNRC6C	gene-TNRC6C
TNS1	gene-TNS1
TNS2	gene-TNS2
TNS3	gene-TNS3
TNXB	gene-TNXB
TOB1	gene-TOB1
TOB2	gene-TOB2
TOE1	gene-TOE1
TOGARAM1	gene-TOGARAM1
TOGARAM2	gene-TOGARAM2
TOLLIP	gene-TOLLIP
TOM1	gene-TOM1
TOM1L1	gene-TOM1L1
TOM1L2	gene-TOM1L2
TOMM20	gene-TOMM20
TOMM34	gene-TOMM34
TOMM40	gene-TOMM40
TOMM40L	gene-TOMM40L
TOMM5	gene-TOMM5
TOMM6	gene-TOMM6
TOMM7	gene-TOMM7
TOMM70	gene-TOMM70
TONSL	gene-TONSL
TOP1	gene-TOP1
TOP2A	gene-TOP2A
TOP2B	gene-TOP2B
TOP3A	gene-TOP3A
TOP3B	gene-TOP3B
TOPAZ1	gene-TOPAZ1
TOPBP1	gene-TOPBP1
TOPORS	gene-TOPORS
TOR1A	gene-TOR1A
TOR1AIP1	gene-TOR1AIP1
TOR1B	gene-TOR1B
TOR2A	gene-TOR2A
TOR3A	gene-TOR3A
TOX	gene-TOX
TOX2	gene-TOX2
TOX4	gene-TOX4
TP53	gene-TP53
TP53BP1	gene-TP53BP1
TP53BP2	gene-TP53BP2
TP53I11	gene-TP53I11
TP53I13	gene-TP53I13
TP53I3	gene-TP53I3
TP53INP1	gene-TP53INP1
TP53INP2	gene-TP53INP2
TP53RK	gene-TP53RK
TP63	gene-TP63
TP73	gene-TP73
TPBGL	gene-TPBGL
TPCN1	gene-TPCN1
TPCN2	gene-TPCN2
TPD52	gene-TPD52
TPD52L2	gene-TPD52L2
TPGS1	gene-TPGS1
TPGS2	gene-TPGS2
TPI1	gene-TPI1
TPK1	gene-TPK1
TPM1	gene-TPM1
TPM2	gene-TPM2
TPM3	gene-TPM3
TPM4	gene-TPM4
TPMT	gene-TPMT
TPP1	gene-TPP1
TPP2	gene-TPP2
TPPP	gene-TPPP
TPPP3	gene-TPPP3
TPR	gene-TPR
TPRA1	gene-TPRA1
TPRG1	gene-TPRG1
TPRG1L	gene-TPRG1L
TPST1	gene-TPST1
TPST2	gene-TPST2
TPT1	gene-TPT1
TPX2	gene-TPX2
TRA2A	gene-TRA2A
TRA2B	gene-TRA2B
TRABD	gene-TRABD
TRABD2A	gene-TRABD2A
TRADD	gene-TRADD
TRAF2	gene-TRAF2
TRAF3	gene-TRAF3
TRAF3IP1	gene-TRAF3IP1
TRAF3IP2	gene-TRAF3IP2
TRAF3IP3	gene-TRAF3IP3
TRAF4	gene-TRAF4
TRAF5	gene-TRAF5
TRAF6	gene-TRAF6
TRAF7	gene-TRAF7
TRAFD1	gene-TRAFD1
TRAIP	gene-TRAIP
TRAK1	gene-TRAK1
TRAK2	gene-TRAK2
TRAM1	gene-TRAM1
TRAM1L1	gene-TRAM1L1
TRAM2	gene-TRAM2
TRANK1	gene-TRANK1
TRAP1	gene-TRAP1
TRAPPC1	gene-TRAPPC1
TRAPPC10	gene-TRAPPC10
TRAPPC11	gene-TRAPPC11
TRAPPC12	gene-TRAPPC12
TRAPPC13	gene-TRAPPC13
TRAPPC14	gene-TRAPPC14
TRAPPC2L	gene-TRAPPC2L
TRAPPC3	gene-TRAPPC3
TRAPPC4	gene-TRAPPC4
TRAPPC6A	gene-TRAPPC6A
TRAPPC6B	gene-TRAPPC6B
TRAPPC8	gene-TRAPPC8
TRAPPC9	gene-TRAPPC9
TRAT1	gene-TRAT1
TRDMT1	gene-TRDMT1
TREML2	gene-TREML2
TRERF1	gene-TRERF1
TREX1	gene-TREX1
TRIAP1	gene-TRIAP1
TRIB1	gene-TRIB1
TRIB2	gene-TRIB2
TRIB3	gene-TRIB3
TRIM13	gene-TRIM13
TRIM14	gene-TRIM14
TRIM16	gene-TRIM16
TRIM17	gene-TRIM17
TRIM21	gene-TRIM21
TRIM22	gene-TRIM22
TRIM23	gene-TRIM23
TRIM24	gene-TRIM24
TRIM25	gene-TRIM25
TRIM27	gene-TRIM27
TRIM3	gene-TRIM3
TRIM32	gene-TRIM32
TRIM33	gene-TRIM33
TRIM34	gene-TRIM34
TRIM35	gene-TRIM35
TRIM36	gene-TRIM36
TRIM37	gene-TRIM37
TRIM4	gene-TRIM4
TRIM41	gene-TRIM41
TRIM44	gene-TRIM44
TRIM45	gene-TRIM45
TRIM46	gene-TRIM46
TRIM47	gene-TRIM47
TRIM52	gene-TRIM52
TRIM55	gene-TRIM55
TRIM56	gene-TRIM56
TRIM59	gene-TRIM59
TRIM6	gene-TRIM6
TRIM62	gene-TRIM62
TRIM63	gene-TRIM63
TRIM65	gene-TRIM65
TRIM66	gene-TRIM66
TRIM68	gene-TRIM68
TRIM69	gene-TRIM69
TRIM7	gene-TRIM7
TRIM71	gene-TRIM71
TRIM72	gene-TRIM72
TRIM8	gene-TRIM8
TRIM9	gene-TRIM9
TRIO	gene-TRIO
TRIOBP	gene-TRIOBP
TRIP10	gene-TRIP10
TRIP11	gene-TRIP11
TRIP12	gene-TRIP12
TRIP13	gene-TRIP13
TRIP4	gene-TRIP4
TRIP6	gene-TRIP6
TRIQK	gene-TRIQK
TRIR	gene-TRIR
TRIT1	gene-TRIT1
TRMO	gene-TRMO
TRMT1	gene-TRMT1
TRMT10A	gene-TRMT10A
TRMT10B	gene-TRMT10B
TRMT10C	gene-TRMT10C
TRMT11	gene-TRMT11
TRMT112	gene-TRMT112
TRMT13	gene-TRMT13
TRMT1L	gene-TRMT1L
TRMT2A	gene-TRMT2A
TRMT44	gene-TRMT44
TRMT5	gene-TRMT5
TRMT6	gene-TRMT6
TRMT61A	gene-TRMT61A
TRMT61B	gene-TRMT61B
TRMT9B	gene-TRMT9B
TRMU	gene-TRMU
TRNAU1AP	gene-TRNAU1AP
TRNT1	gene-TRNT1
TROAP	gene-TROAP
TRPC1	gene-TRPC1
TRPC3	gene-TRPC3
TRPC4AP	gene-TRPC4AP
TRPM3	gene-TRPM3
TRPM4	gene-TRPM4
TRPM5	gene-TRPM5
TRPM6	gene-TRPM6
TRPM7	gene-TRPM7
TRPS1	gene-TRPS1
TRPT1	gene-TRPT1
TRPV1	gene-TRPV1
TRPV2	gene-TRPV2
TRPV3	gene-TRPV3
TRPV4	gene-TRPV4
TRPV6	gene-TRPV6
TRRAP	gene-TRRAP
TRUB1	gene-TRUB1
TRUB2	gene-TRUB2
TSACC	gene-TSACC
TSC1	gene-TSC1
TSC2	gene-TSC2
TSC22D1	gene-TSC22D1
TSC22D2	gene-TSC22D2
TSC22D3	gene-TSC22D3
TSC22D4	gene-TSC22D4
TSEN15	gene-TSEN15
TSEN34	gene-TSEN34
TSEN54	gene-TSEN54
TSFM	gene-TSFM
TSG101	gene-TSG101
TSGA10	gene-TSGA10
TSGA10IP	gene-TSGA10IP
TSHZ1	gene-TSHZ1
TSHZ2	gene-TSHZ2
TSKS	gene-TSKS
TSKU	gene-TSKU
TSN	gene-TSN
TSNARE1	gene-TSNARE1
TSNAX	gene-TSNAX
TSNAXIP1	gene-TSNAXIP1
TSPAN1	gene-TSPAN1
TSPAN12	gene-TSPAN12
TSPAN13	gene-TSPAN13
TSPAN14	gene-TSPAN14
TSPAN15	gene-TSPAN15
TSPAN17	gene-TSPAN17
TSPAN2	gene-TSPAN2
TSPAN3	gene-TSPAN3
TSPAN31	gene-TSPAN31
TSPAN32	gene-TSPAN32
TSPAN33	gene-TSPAN33
TSPAN4	gene-TSPAN4
TSPAN5	gene-TSPAN5
TSPAN6	gene-TSPAN6
TSPAN9	gene-TSPAN9
TSPO	gene-TSPO
TSPOAP1	gene-TSPOAP1
TSPYL1	gene-TSPYL1
TSPYL2	gene-TSPYL2
TSPYL5	gene-TSPYL5
TSR3	gene-TSR3
TSSC4	gene-TSSC4
TSSK3	gene-TSSK3
TSSK4	gene-TSSK4
TSSK6	gene-TSSK6
TST	gene-TST
TSTD1	gene-TSTD1
TSTD2	gene-TSTD2
TTBK1	gene-TTBK1
TTBK2	gene-TTBK2
TTC1	gene-TTC1
TTC12	gene-TTC12
TTC13	gene-TTC13
TTC14	gene-TTC14
TTC16	gene-TTC16
TTC17	gene-TTC17
TTC19	gene-TTC19
TTC21A	gene-TTC21A
TTC21B	gene-TTC21B
TTC23	gene-TTC23
TTC23L	gene-TTC23L
TTC26	gene-TTC26
TTC27	gene-TTC27
TTC28	gene-TTC28
TTC3	gene-TTC3
TTC31	gene-TTC31
TTC32	gene-TTC32
TTC33	gene-TTC33
TTC34	gene-TTC34
TTC37	gene-TTC37
TTC38	gene-TTC38
TTC39A	gene-TTC39A
TTC39B	gene-TTC39B
TTC39C	gene-TTC39C
TTC4	gene-TTC4
TTC5	gene-TTC5
TTC7A	gene-TTC7A
TTC7B	gene-TTC7B
TTC8	gene-TTC8
TTC9	gene-TTC9
TTC9B	gene-TTC9B
TTC9C	gene-TTC9C
TTF1	gene-TTF1
TTF2	gene-TTF2
TTI1	gene-TTI1
TTI2	gene-TTI2
TTK	gene-TTK
TTL	gene-TTL
TTLL1	gene-TTLL1
TTLL11	gene-TTLL11
TTLL12	gene-TTLL12
TTLL2	gene-TTLL2
TTLL5	gene-TTLL5
TTLL7	gene-TTLL7
TTLL9	gene-TTLL9
TTN	gene-TTN
TTPAL	gene-TTPAL
TTYH1	gene-TTYH1
TTYH2	gene-TTYH2
TTYH3	gene-TTYH3
TUB	gene-TUB
TUBA4A	gene-TUBA4A
TUBB1	gene-TUBB1
TUBB4A	gene-TUBB4A
TUBB4B	gene-TUBB4B
TUBB6	gene-TUBB6
TUBD1	gene-TUBD1
TUBE1	gene-TUBE1
TUBG1	gene-TUBG1
TUBGCP3	gene-TUBGCP3
TUBGCP4	gene-TUBGCP4
TUBGCP5	gene-TUBGCP5
TUBGCP6	gene-TUBGCP6
TUFM	gene-TUFM
TULP2	gene-TULP2
TULP3	gene-TULP3
TULP4	gene-TULP4
TUSC3	gene-TUSC3
TUT1	gene-TUT1
TUT4	gene-TUT4
TUT7	gene-TUT7
TVP23A	gene-TVP23A
TVP23B	gene-TVP23B
TWF1	gene-TWF1
TWIST2	gene-TWIST2
TWNK	gene-TWNK
TWSG1	gene-TWSG1
TXK	gene-TXK
TXLNA	gene-TXLNA
TXLNB	gene-TXLNB
TXLNG	gene-TXLNG
TXN2	gene-TXN2
TXNDC11	gene-TXNDC11
TXNDC12	gene-TXNDC12
TXNDC15	gene-TXNDC15
TXNDC16	gene-TXNDC16
TXNDC17	gene-TXNDC17
TXNDC5	gene-TXNDC5
TXNDC9	gene-TXNDC9
TXNIP	gene-TXNIP
TXNL1	gene-TXNL1
TXNL4A	gene-TXNL4A
TXNL4B	gene-TXNL4B
TXNRD1	gene-TXNRD1
TXNRD2	gene-TXNRD2
TXNRD3	gene-TXNRD3
TYK2	gene-TYK2
TYMS	gene-TYMS
TYRO3	gene-TYRO3
TYW3	gene-TYW3
TYW5	gene-TYW5
U2AF1L4	gene-U2AF1L4
U2AF2	gene-U2AF2
U2SURP	gene-U2SURP
UACA	gene-UACA
UAP1	gene-UAP1
UBA1	gene-UBA1
UBA2	gene-UBA2
UBA3	gene-UBA3
UBA5	gene-UBA5
UBA52	gene-UBA52
UBA6	gene-UBA6
UBA7	gene-UBA7
UBAC1	gene-UBAC1
UBAC2	gene-UBAC2
UBALD1	gene-UBALD1
UBALD2	gene-UBALD2
UBAP1L	gene-UBAP1L
UBAP2	gene-UBAP2
UBAP2L	gene-UBAP2L
UBASH3A	gene-UBASH3A
UBASH3B	gene-UBASH3B
UBB	gene-UBB
UBE2A	gene-UBE2A
UBE2B	gene-UBE2B
UBE2C	gene-UBE2C
UBE2D1	gene-UBE2D1
UBE2D2	gene-UBE2D2
UBE2E1	gene-UBE2E1
UBE2E2	gene-UBE2E2
UBE2E3	gene-UBE2E3
UBE2F	gene-UBE2F
UBE2G1	gene-UBE2G1
UBE2G2	gene-UBE2G2
UBE2H	gene-UBE2H
UBE2I	gene-UBE2I
UBE2J1	gene-UBE2J1
UBE2J2	gene-UBE2J2
UBE2K	gene-UBE2K
UBE2L6	gene-UBE2L6
UBE2M	gene-UBE2M
UBE2N	gene-UBE2N
UBE2O	gene-UBE2O
UBE2Q1	gene-UBE2Q1
UBE2Q2	gene-UBE2Q2
UBE2QL1	gene-UBE2QL1
UBE2R2	gene-UBE2R2
UBE2S	gene-UBE2S
UBE2V1	gene-UBE2V1
UBE2V2	gene-UBE2V2
UBE2Z	gene-UBE2Z
UBE3A	gene-UBE3A
UBE3B	gene-UBE3B
UBE3C	gene-UBE3C
UBE3D	gene-UBE3D
UBE4A	gene-UBE4A
UBE4B	gene-UBE4B
UBFD1	gene-UBFD1
UBIAD1	gene-UBIAD1
UBL3	gene-UBL3
UBL4A	gene-UBL4A
UBL5	gene-UBL5
UBL7	gene-UBL7
UBLCP1	gene-UBLCP1
UBN1	gene-UBN1
UBN2	gene-UBN2
UBOX5	gene-UBOX5
UBP1	gene-UBP1
UBQLN1	gene-UBQLN1
UBQLN4	gene-UBQLN4
UBR1	gene-UBR1
UBR2	gene-UBR2
UBR3	gene-UBR3
UBR4	gene-UBR4
UBR5	gene-UBR5
UBR7	gene-UBR7
UBTD2	gene-UBTD2
UBTF	gene-UBTF
UBXN1	gene-UBXN1
UBXN11	gene-UBXN11
UBXN2B	gene-UBXN2B
UBXN4	gene-UBXN4
UBXN6	gene-UBXN6
UBXN7	gene-UBXN7
UBXN8	gene-UBXN8
UCHL1	gene-UCHL1
UCHL3	gene-UCHL3
UCHL5	gene-UCHL5
UCK1	gene-UCK1
UCK2	gene-UCK2
UCMA	gene-UCMA
UCP2	gene-UCP2
UCP3	gene-UCP3
UEVLD	gene-UEVLD
UFC1	gene-UFC1
UFD1	gene-UFD1
UFL1	gene-UFL1
UFM1	gene-UFM1
UFSP1	gene-UFSP1
UFSP2	gene-UFSP2
UGCG	gene-UGCG
UGDH	gene-UGDH
UGGT1	gene-UGGT1
UGGT2	gene-UGGT2
UGP2	gene-UGP2
UHRF1	gene-UHRF1
UHRF1BP1	gene-UHRF1BP1
UHRF1BP1L	gene-UHRF1BP1L
UHRF2	gene-UHRF2
UIMC1	gene-UIMC1
ULK1	gene-ULK1
ULK2	gene-ULK2
ULK3	gene-ULK3
ULK4	gene-ULK4
UMODL1	gene-UMODL1
UMPS	gene-UMPS
UNC119	gene-UNC119
UNC119B	gene-UNC119B
UNC13A	gene-UNC13A
UNC13B	gene-UNC13B
UNC13D	gene-UNC13D
UNC45A	gene-UNC45A
UNC50	gene-UNC50
UNC5A	gene-UNC5A
UNC5B	gene-UNC5B
UNC79	gene-UNC79
UNC93B1	gene-UNC93B1
UNG	gene-UNG
UNK	gene-UNK
UNKL	gene-UNKL
UPB1	gene-UPB1
UPF1	gene-UPF1
UPF2	gene-UPF2
UPF3A	gene-UPF3A
UPF3B	gene-UPF3B
UPRT	gene-UPRT
UQCC1	gene-UQCC1
UQCC2	gene-UQCC2
UQCC3	gene-UQCC3
UQCR10	gene-UQCR10
UQCRC1	gene-UQCRC1
UQCRC2	gene-UQCRC2
UQCRFS1	gene-UQCRFS1
UQCRQ	gene-UQCRQ
URB1	gene-URB1
URB2	gene-URB2
URI1	gene-URI1
URM1	gene-URM1
UROD	gene-UROD
UROS	gene-UROS
USB1	gene-USB1
USE1	gene-USE1
USF1	gene-USF1
USF2	gene-USF2
USF3	gene-USF3
USO1	gene-USO1
USP1	gene-USP1
USP10	gene-USP10
USP11	gene-USP11
USP12	gene-USP12
USP13	gene-USP13
USP14	gene-USP14
USP15	gene-USP15
USP16	gene-USP16
USP19	gene-USP19
USP2	gene-USP2
USP20	gene-USP20
USP21	gene-USP21
USP22	gene-USP22
USP24	gene-USP24
USP25	gene-USP25
USP28	gene-USP28
USP3	gene-USP3
USP30	gene-USP30
USP31	gene-USP31
USP32	gene-USP32
USP33	gene-USP33
USP34	gene-USP34
USP35	gene-USP35
USP36	gene-USP36
USP37	gene-USP37
USP38	gene-USP38
USP39	gene-USP39
USP4	gene-USP4
USP42	gene-USP42
USP43	gene-USP43
USP44	gene-USP44
USP45	gene-USP45
USP46	gene-USP46
USP47	gene-USP47
USP48	gene-USP48
USP49	gene-USP49
USP5	gene-USP5
USP53	gene-USP53
USP54	gene-USP54
USP6NL	gene-USP6NL
USP7	gene-USP7
USP8	gene-USP8
USPL1	gene-USPL1
UST	gene-UST
UTP11	gene-UTP11
UTP15	gene-UTP15
UTP18	gene-UTP18
UTP20	gene-UTP20
UTP23	gene-UTP23
UTP25	gene-UTP25
UTP3	gene-UTP3
UTP4	gene-UTP4
UTP6	gene-UTP6
UTRN	gene-UTRN
UVRAG	gene-UVRAG
UVSSA	gene-UVSSA
UXS1	gene-UXS1
UXT	gene-UXT
VAC14	gene-VAC14
VAMP1	gene-VAMP1
VAMP3	gene-VAMP3
VAMP4	gene-VAMP4
VAMP5	gene-VAMP5
VAMP7	gene-VAMP7
VAMP8	gene-VAMP8
VANGL1	gene-VANGL1
VAPA	gene-VAPA
VAPB	gene-VAPB
VARS1	gene-VARS1
VARS2	gene-VARS2
VASH1	gene-VASH1
VASH2	gene-VASH2
VASN	gene-VASN
VASP	gene-VASP
VAT1	gene-VAT1
VAV1	gene-VAV1
VAV2	gene-VAV2
VAV3	gene-VAV3
VBP1	gene-VBP1
VCAN	gene-VCAN
VCL	gene-VCL
VCP	gene-VCP
VCPIP1	gene-VCPIP1
VCPKMT	gene-VCPKMT
VDAC1	gene-VDAC1
VDAC2	gene-VDAC2
VDAC3	gene-VDAC3
VDR	gene-VDR
VEGFA	gene-VEGFA
VEGFB	gene-VEGFB
VEGFC	gene-VEGFC
VENTX	gene-VENTX
VEZF1	gene-VEZF1
VEZT	gene-VEZT
VGF	gene-VGF
VGLL4	gene-VGLL4
VHL	gene-VHL
VILL	gene-VILL
VIM	gene-VIM
VIPAS39	gene-VIPAS39
VIPR1	gene-VIPR1
VIRMA	gene-VIRMA
VKORC1	gene-VKORC1
VKORC1L1	gene-VKORC1L1
VLDLR	gene-VLDLR
VMA21	gene-VMA21
VMAC	gene-VMAC
VMP1	gene-VMP1
VNN1	gene-VNN1
VOPP1	gene-VOPP1
VPREB3	gene-VPREB3
VPS11	gene-VPS11
VPS13A	gene-VPS13A
VPS13B	gene-VPS13B
VPS13C	gene-VPS13C
VPS13D	gene-VPS13D
VPS16	gene-VPS16
VPS18	gene-VPS18
VPS26A	gene-VPS26A
VPS26B	gene-VPS26B
VPS26C	gene-VPS26C
VPS28	gene-VPS28
VPS29	gene-VPS29
VPS33B	gene-VPS33B
VPS35	gene-VPS35
VPS36	gene-VPS36
VPS37A	gene-VPS37A
VPS37B	gene-VPS37B
VPS37C	gene-VPS37C
VPS37D	gene-VPS37D
VPS39	gene-VPS39
VPS41	gene-VPS41
VPS45	gene-VPS45
VPS4B	gene-VPS4B
VPS50	gene-VPS50
VPS51	gene-VPS51
VPS52	gene-VPS52
VPS53	gene-VPS53
VPS54	gene-VPS54
VPS72	gene-VPS72
VPS8	gene-VPS8
VPS9D1	gene-VPS9D1
VRK1	gene-VRK1
VRK2	gene-VRK2
VRK3	gene-VRK3
VSIG10	gene-VSIG10
VSIG10L	gene-VSIG10L
VSIR	gene-VSIR
VSTM1	gene-VSTM1
VSTM5	gene-VSTM5
VSX2	gene-VSX2
VTA1	gene-VTA1
VTI1A	gene-VTI1A
VTI1B	gene-VTI1B
VTN	gene-VTN
VWA1	gene-VWA1
VWA2	gene-VWA2
VWA3A	gene-VWA3A
VWA3B	gene-VWA3B
VWA5A	gene-VWA5A
VWA5B2	gene-VWA5B2
VWA7	gene-VWA7
VWA8	gene-VWA8
VWCE	gene-VWCE
VWDE	gene-VWDE
VWF	gene-VWF
VXN	gene-VXN
WAPL	gene-WAPL
WARS1	gene-WARS1
WARS2	gene-WARS2
WAS	gene-WAS
WASF1	gene-WASF1
WASF2	gene-WASF2
WASHC4	gene-WASHC4
WASHC5	gene-WASHC5
WASL	gene-WASL
WBP1	gene-WBP1
WBP11	gene-WBP11
WBP1L	gene-WBP1L
WBP2	gene-WBP2
WBP2NL	gene-WBP2NL
WBP4	gene-WBP4
WDCP	gene-WDCP
WDFY1	gene-WDFY1
WDFY2	gene-WDFY2
WDFY3	gene-WDFY3
WDFY4	gene-WDFY4
WDHD1	gene-WDHD1
WDPCP	gene-WDPCP
WDR1	gene-WDR1
WDR11	gene-WDR11
WDR12	gene-WDR12
WDR13	gene-WDR13
WDR17	gene-WDR17
WDR18	gene-WDR18
WDR19	gene-WDR19
WDR20	gene-WDR20
WDR24	gene-WDR24
WDR25	gene-WDR25
WDR26	gene-WDR26
WDR27	gene-WDR27
WDR3	gene-WDR3
WDR31	gene-WDR31
WDR33	gene-WDR33
WDR35	gene-WDR35
WDR36	gene-WDR36
WDR37	gene-WDR37
WDR4	gene-WDR4
WDR41	gene-WDR41
WDR43	gene-WDR43
WDR44	gene-WDR44
WDR45	gene-WDR45
WDR45B	gene-WDR45B
WDR46	gene-WDR46
WDR47	gene-WDR47
WDR48	gene-WDR48
WDR5	gene-WDR5
WDR54	gene-WDR54
WDR55	gene-WDR55
WDR59	gene-WDR59
WDR5B	gene-WDR5B
WDR6	gene-WDR6
WDR61	gene-WDR61
WDR62	gene-WDR62
WDR7	gene-WDR7
WDR70	gene-WDR70
WDR73	gene-WDR73
WDR74	gene-WDR74
WDR75	gene-WDR75
WDR76	gene-WDR76
WDR77	gene-WDR77
WDR81	gene-WDR81
WDR83	gene-WDR83
WDR89	gene-WDR89
WDR90	gene-WDR90
WDR91	gene-WDR91
WDR92	gene-WDR92
WDR93	gene-WDR93
WDSUB1	gene-WDSUB1
WDTC1	gene-WDTC1
WEE1	gene-WEE1
WFDC3	gene-WFDC3
WFIKKN1	gene-WFIKKN1
WFIKKN2	gene-WFIKKN2
WFS1	gene-WFS1
WHAMM	gene-WHAMM
WHRN	gene-WHRN
WIF1	gene-WIF1
WIPF1	gene-WIPF1
WIPF2	gene-WIPF2
WIPI1	gene-WIPI1
WIPI2	gene-WIPI2
WIZ	gene-WIZ
WLS	gene-WLS
WNK1	gene-WNK1
WNK2	gene-WNK2
WNK3	gene-WNK3
WNT1	gene-WNT1
WNT10B	gene-WNT10B
WNT11	gene-WNT11
WNT16	gene-WNT16
WNT3	gene-WNT3
WNT4	gene-WNT4
WNT5A	gene-WNT5A
WNT5B	gene-WNT5B
WNT9A	gene-WNT9A
WRAP73	gene-WRAP73
WRN	gene-WRN
WRNIP1	gene-WRNIP1
WSB1	gene-WSB1
WSCD2	gene-WSCD2
WTAP	gene-WTAP
WWC1	gene-WWC1
WWC3	gene-WWC3
WWOX	gene-WWOX
WWP1	gene-WWP1
WWP2	gene-WWP2
WWTR1	gene-WWTR1
XAB2	gene-XAB2
XAF1	gene-XAF1
XBP1	gene-XBP1
XCR1	gene-XCR1
XDH	gene-XDH
XG	gene-XG
XIAP	gene-XIAP
XIRP1	gene-XIRP1
XIRP2	gene-XIRP2
XK	gene-XK
XKR5	gene-XKR5
XKR9	gene-XKR9
XKRX	gene-XKRX
XPA	gene-XPA
XPC	gene-XPC
XPNPEP1	gene-XPNPEP1
XPNPEP2	gene-XPNPEP2
XPNPEP3	gene-XPNPEP3
XPO1	gene-XPO1
XPO4	gene-XPO4
XPO5	gene-XPO5
XPO6	gene-XPO6
XPO7	gene-XPO7
XPOT	gene-XPOT
XPR1	gene-XPR1
XRCC1	gene-XRCC1
XRCC2	gene-XRCC2
XRCC3	gene-XRCC3
XRCC4	gene-XRCC4
XRCC5	gene-XRCC5
XRCC6	gene-XRCC6
XRN1	gene-XRN1
XRN2	gene-XRN2
XRRA1	gene-XRRA1
XXYLT1	gene-XXYLT1
XYLB	gene-XYLB
XYLT1	gene-XYLT1
XYLT2	gene-XYLT2
YAE1	gene-YAE1
YAF2	gene-YAF2
YAP1	gene-YAP1
YARS1	gene-YARS1
YARS2	gene-YARS2
YBEY	gene-YBEY
YBX2	gene-YBX2
YBX3	gene-YBX3
YDJC	gene-YDJC
YEATS2	gene-YEATS2
YEATS4	gene-YEATS4
YES1	gene-YES1
YIF1A	gene-YIF1A
YIF1B	gene-YIF1B
YIPF1	gene-YIPF1
YIPF2	gene-YIPF2
YIPF3	gene-YIPF3
YIPF4	gene-YIPF4
YIPF5	gene-YIPF5
YIPF6	gene-YIPF6
YJU2	gene-YJU2
YLPM1	gene-YLPM1
YME1L1	gene-YME1L1
YOD1	gene-YOD1
YPEL2	gene-YPEL2
YPEL3	gene-YPEL3
YRDC	gene-YRDC
YTHDC1	gene-YTHDC1
YTHDC2	gene-YTHDC2
YTHDF1	gene-YTHDF1
YTHDF2	gene-YTHDF2
YTHDF3	gene-YTHDF3
YWHAB	gene-YWHAB
YWHAG	gene-YWHAG
YWHAH	gene-YWHAH
YY1	gene-YY1
ZADH2	gene-ZADH2
ZAP70	gene-ZAP70
ZAR1L	gene-ZAR1L
ZBED1	gene-ZBED1
ZBED2	gene-ZBED2
ZBED4	gene-ZBED4
ZBED5	gene-ZBED5
ZBED8	gene-ZBED8
ZBED9	gene-ZBED9
ZBP1	gene-ZBP1
ZBTB1	gene-ZBTB1
ZBTB10	gene-ZBTB10
ZBTB11	gene-ZBTB11
ZBTB12	gene-ZBTB12
ZBTB14	gene-ZBTB14
ZBTB16	gene-ZBTB16
ZBTB17	gene-ZBTB17
ZBTB18	gene-ZBTB18
ZBTB2	gene-ZBTB2
ZBTB20	gene-ZBTB20
ZBTB21	gene-ZBTB21
ZBTB22	gene-ZBTB22
ZBTB24	gene-ZBTB24
ZBTB25	gene-ZBTB25
ZBTB3	gene-ZBTB3
ZBTB32	gene-ZBTB32
ZBTB33	gene-ZBTB33
ZBTB34	gene-ZBTB34
ZBTB37	gene-ZBTB37
ZBTB38	gene-ZBTB38
ZBTB4	gene-ZBTB4
ZBTB40	gene-ZBTB40
ZBTB41	gene-ZBTB41
ZBTB44	gene-ZBTB44
ZBTB45	gene-ZBTB45
ZBTB46	gene-ZBTB46
ZBTB47	gene-ZBTB47
ZBTB48	gene-ZBTB48
ZBTB49	gene-ZBTB49
ZBTB5	gene-ZBTB5
ZBTB6	gene-ZBTB6
ZBTB7A	gene-ZBTB7A
ZBTB7B	gene-ZBTB7B
ZBTB8A	gene-ZBTB8A
ZBTB8OS	gene-ZBTB8OS
ZBTB9	gene-ZBTB9
ZC2HC1A	gene-ZC2HC1A
ZC2HC1C	gene-ZC2HC1C
ZC3H12A	gene-ZC3H12A
ZC3H12C	gene-ZC3H12C
ZC3H12D	gene-ZC3H12D
ZC3H13	gene-ZC3H13
ZC3H14	gene-ZC3H14
ZC3H15	gene-ZC3H15
ZC3H18	gene-ZC3H18
ZC3H3	gene-ZC3H3
ZC3H4	gene-ZC3H4
ZC3H6	gene-ZC3H6
ZC3H7A	gene-ZC3H7A
ZC3H7B	gene-ZC3H7B
ZC3H8	gene-ZC3H8
ZC3HAV1	gene-ZC3HAV1
ZC3HAV1L	gene-ZC3HAV1L
ZC4H2	gene-ZC4H2
ZCCHC10	gene-ZCCHC10
ZCCHC14	gene-ZCCHC14
ZCCHC2	gene-ZCCHC2
ZCCHC24	gene-ZCCHC24
ZCCHC4	gene-ZCCHC4
ZCCHC7	gene-ZCCHC7
ZCCHC8	gene-ZCCHC8
ZCCHC9	gene-ZCCHC9
ZCRB1	gene-ZCRB1
ZCWPW1	gene-ZCWPW1
ZCWPW2	gene-ZCWPW2
ZDBF2	gene-ZDBF2
ZDHHC1	gene-ZDHHC1
ZDHHC12	gene-ZDHHC12
ZDHHC13	gene-ZDHHC13
ZDHHC14	gene-ZDHHC14
ZDHHC15	gene-ZDHHC15
ZDHHC16	gene-ZDHHC16
ZDHHC17	gene-ZDHHC17
ZDHHC18	gene-ZDHHC18
ZDHHC19	gene-ZDHHC19
ZDHHC20	gene-ZDHHC20
ZDHHC21	gene-ZDHHC21
ZDHHC22	gene-ZDHHC22
ZDHHC23	gene-ZDHHC23
ZDHHC24	gene-ZDHHC24
ZDHHC3	gene-ZDHHC3
ZDHHC5	gene-ZDHHC5
ZDHHC6	gene-ZDHHC6
ZDHHC7	gene-ZDHHC7
ZDHHC8	gene-ZDHHC8
ZDHHC9	gene-ZDHHC9
ZEB1	gene-ZEB1
ZEB2	gene-ZEB2
ZER1	gene-ZER1
ZFAND1	gene-ZFAND1
ZFAND2B	gene-ZFAND2B
ZFAND3	gene-ZFAND3
ZFAND4	gene-ZFAND4
ZFAND5	gene-ZFAND5
ZFAND6	gene-ZFAND6
ZFAT	gene-ZFAT
ZFC3H1	gene-ZFC3H1
ZFHX2	gene-ZFHX2
ZFHX3	gene-ZFHX3
ZFP1	gene-ZFP1
ZFP14	gene-ZFP14
ZFP28	gene-ZFP28
ZFP3	gene-ZFP3
ZFP30	gene-ZFP30
ZFP36	gene-ZFP36
ZFP36L1	gene-ZFP36L1
ZFP36L2	gene-ZFP36L2
ZFP37	gene-ZFP37
ZFP62	gene-ZFP62
ZFP64	gene-ZFP64
ZFP69B	gene-ZFP69B
ZFP82	gene-ZFP82
ZFP90	gene-ZFP90
ZFP92	gene-ZFP92
ZFPL1	gene-ZFPL1
ZFR	gene-ZFR
ZFR2	gene-ZFR2
ZFYVE1	gene-ZFYVE1
ZFYVE16	gene-ZFYVE16
ZFYVE19	gene-ZFYVE19
ZFYVE21	gene-ZFYVE21
ZFYVE26	gene-ZFYVE26
ZFYVE27	gene-ZFYVE27
ZFYVE28	gene-ZFYVE28
ZFYVE9	gene-ZFYVE9
ZGPAT	gene-ZGPAT
ZGRF1	gene-ZGRF1
ZHX2	gene-ZHX2
ZHX3	gene-ZHX3
ZIC2	gene-ZIC2
ZIC5	gene-ZIC5
ZKSCAN1	gene-ZKSCAN1
ZKSCAN2	gene-ZKSCAN2
ZKSCAN5	gene-ZKSCAN5
ZKSCAN8	gene-ZKSCAN8
ZMAT1	gene-ZMAT1
ZMAT2	gene-ZMAT2
ZMAT3	gene-ZMAT3
ZMAT5	gene-ZMAT5
ZMIZ1	gene-ZMIZ1
ZMIZ2	gene-ZMIZ2
ZMPSTE24	gene-ZMPSTE24
ZMYM1	gene-ZMYM1
ZMYM2	gene-ZMYM2
ZMYM3	gene-ZMYM3
ZMYM4	gene-ZMYM4
ZMYM5	gene-ZMYM5
ZMYM6	gene-ZMYM6
ZMYND10	gene-ZMYND10
ZMYND11	gene-ZMYND11
ZMYND15	gene-ZMYND15
ZMYND19	gene-ZMYND19
ZMYND8	gene-ZMYND8
ZNF106	gene-ZNF106
ZNF12	gene-ZNF12
ZNF131	gene-ZNF131
ZNF133	gene-ZNF133
ZNF135	gene-ZNF135
ZNF140	gene-ZNF140
ZNF142	gene-ZNF142
ZNF143	gene-ZNF143
ZNF146	gene-ZNF146
ZNF148	gene-ZNF148
ZNF157	gene-ZNF157
ZNF16	gene-ZNF16
ZNF169	gene-ZNF169
ZNF174	gene-ZNF174
ZNF175	gene-ZNF175
ZNF18	gene-ZNF18
ZNF180	gene-ZNF180
ZNF184	gene-ZNF184
ZNF185	gene-ZNF185
ZNF189	gene-ZNF189
ZNF19	gene-ZNF19
ZNF202	gene-ZNF202
ZNF205	gene-ZNF205
ZNF213	gene-ZNF213
ZNF214	gene-ZNF214
ZNF215	gene-ZNF215
ZNF217	gene-ZNF217
ZNF219	gene-ZNF219
ZNF22	gene-ZNF22
ZNF227	gene-ZNF227
ZNF229	gene-ZNF229
ZNF23	gene-ZNF23
ZNF235	gene-ZNF235
ZNF236	gene-ZNF236
ZNF239	gene-ZNF239
ZNF24	gene-ZNF24
ZNF248	gene-ZNF248
ZNF25	gene-ZNF25
ZNF250	gene-ZNF250
ZNF252	gene-ZNF252
ZNF263	gene-ZNF263
ZNF268	gene-ZNF268
ZNF274	gene-ZNF274
ZNF275	gene-ZNF275
ZNF276	gene-ZNF276
ZNF277	gene-ZNF277
ZNF280B	gene-ZNF280B
ZNF280C	gene-ZNF280C
ZNF280D	gene-ZNF280D
ZNF281	gene-ZNF281
ZNF282	gene-ZNF282
ZNF283	gene-ZNF283
ZNF287	gene-ZNF287
ZNF292	gene-ZNF292
ZNF296	gene-ZNF296
ZNF300	gene-ZNF300
ZNF304	gene-ZNF304
ZNF311	gene-ZNF311
ZNF316	gene-ZNF316
ZNF317	gene-ZNF317
ZNF319	gene-ZNF319
ZNF32	gene-ZNF32
ZNF322	gene-ZNF322
ZNF326	gene-ZNF326
ZNF330	gene-ZNF330
ZNF331	gene-ZNF331
ZNF333	gene-ZNF333
ZNF335	gene-ZNF335
ZNF34	gene-ZNF34
ZNF341	gene-ZNF341
ZNF346	gene-ZNF346
ZNF35	gene-ZNF35
ZNF354A	gene-ZNF354A
ZNF358	gene-ZNF358
ZNF362	gene-ZNF362
ZNF365	gene-ZNF365
ZNF366	gene-ZNF366
ZNF367	gene-ZNF367
ZNF382	gene-ZNF382
ZNF383	gene-ZNF383
ZNF384	gene-ZNF384
ZNF385A	gene-ZNF385A
ZNF394	gene-ZNF394
ZNF395	gene-ZNF395
ZNF397	gene-ZNF397
ZNF398	gene-ZNF398
ZNF404	gene-ZNF404
ZNF407	gene-ZNF407
ZNF408	gene-ZNF408
ZNF41	gene-ZNF41
ZNF410	gene-ZNF410
ZNF414	gene-ZNF414
ZNF423	gene-ZNF423
ZNF428	gene-ZNF428
ZNF432	gene-ZNF432
ZNF436	gene-ZNF436
ZNF438	gene-ZNF438
ZNF444	gene-ZNF444
ZNF445	gene-ZNF445
ZNF449	gene-ZNF449
ZNF45	gene-ZNF45
ZNF451	gene-ZNF451
ZNF454	gene-ZNF454
ZNF461	gene-ZNF461
ZNF462	gene-ZNF462
ZNF467	gene-ZNF467
ZNF473	gene-ZNF473
ZNF48	gene-ZNF48
ZNF483	gene-ZNF483
ZNF484	gene-ZNF484
ZNF485	gene-ZNF485
ZNF488	gene-ZNF488
ZNF496	gene-ZNF496
ZNF500	gene-ZNF500
ZNF502	gene-ZNF502
ZNF503	gene-ZNF503
ZNF507	gene-ZNF507
ZNF510	gene-ZNF510
ZNF511	gene-ZNF511
ZNF512	gene-ZNF512
ZNF512B	gene-ZNF512B
ZNF513	gene-ZNF513
ZNF516	gene-ZNF516
ZNF517	gene-ZNF517
ZNF518A	gene-ZNF518A
ZNF518B	gene-ZNF518B
ZNF526	gene-ZNF526
ZNF529	gene-ZNF529
ZNF532	gene-ZNF532
ZNF550	gene-ZNF550
ZNF565	gene-ZNF565
ZNF567	gene-ZNF567
ZNF570	gene-ZNF570
ZNF572	gene-ZNF572
ZNF575	gene-ZNF575
ZNF576	gene-ZNF576
ZNF579	gene-ZNF579
ZNF580	gene-ZNF580
ZNF581	gene-ZNF581
ZNF582	gene-ZNF582
ZNF583	gene-ZNF583
ZNF584	gene-ZNF584
ZNF592	gene-ZNF592
ZNF593	gene-ZNF593
ZNF596	gene-ZNF596
ZNF597	gene-ZNF597
ZNF598	gene-ZNF598
ZNF599	gene-ZNF599
ZNF605	gene-ZNF605
ZNF606	gene-ZNF606
ZNF608	gene-ZNF608
ZNF609	gene-ZNF609
ZNF613	gene-ZNF613
ZNF615	gene-ZNF615
ZNF618	gene-ZNF618
ZNF619	gene-ZNF619
ZNF621	gene-ZNF621
ZNF622	gene-ZNF622
ZNF623	gene-ZNF623
ZNF624	gene-ZNF624
ZNF628	gene-ZNF628
ZNF629	gene-ZNF629
ZNF630	gene-ZNF630
ZNF638	gene-ZNF638
ZNF639	gene-ZNF639
ZNF641	gene-ZNF641
ZNF644	gene-ZNF644
ZNF646	gene-ZNF646
ZNF652	gene-ZNF652
ZNF653	gene-ZNF653
ZNF654	gene-ZNF654
ZNF655	gene-ZNF655
ZNF664	gene-ZNF664
ZNF667	gene-ZNF667
ZNF668	gene-ZNF668
ZNF672	gene-ZNF672
ZNF674	gene-ZNF674
ZNF683	gene-ZNF683
ZNF687	gene-ZNF687
ZNF689	gene-ZNF689
ZNF691	gene-ZNF691
ZNF692	gene-ZNF692
ZNF699	gene-ZNF699
ZNF7	gene-ZNF7
ZNF70	gene-ZNF70
ZNF703	gene-ZNF703
ZNF706	gene-ZNF706
ZNF710	gene-ZNF710
ZNF711	gene-ZNF711
ZNF713	gene-ZNF713
ZNF74	gene-ZNF74
ZNF740	gene-ZNF740
ZNF750	gene-ZNF750
ZNF75D	gene-ZNF75D
ZNF76	gene-ZNF76
ZNF768	gene-ZNF768
ZNF770	gene-ZNF770
ZNF771	gene-ZNF771
ZNF772	gene-ZNF772
ZNF774	gene-ZNF774
ZNF777	gene-ZNF777
ZNF782	gene-ZNF782
ZNF783	gene-ZNF783
ZNF784	gene-ZNF784
ZNF785	gene-ZNF785
ZNF786	gene-ZNF786
ZNF787	gene-ZNF787
ZNF789	gene-ZNF789
ZNF79	gene-ZNF79
ZNF790	gene-ZNF790
ZNF792	gene-ZNF792
ZNF793	gene-ZNF793
ZNF8	gene-ZNF8
ZNF800	gene-ZNF800
ZNF81	gene-ZNF81
ZNF821	gene-ZNF821
ZNF827	gene-ZNF827
ZNF829	gene-ZNF829
ZNF830	gene-ZNF830
ZNF831	gene-ZNF831
ZNF839	gene-ZNF839
ZNF862	gene-ZNF862
ZNF865	gene-ZNF865
ZNF875	gene-ZNF875
ZNFX1	gene-ZNFX1
ZNHIT1	gene-ZNHIT1
ZNHIT2	gene-ZNHIT2
ZNHIT3	gene-ZNHIT3
ZNHIT6	gene-ZNHIT6
ZNRD2	gene-ZNRD2
ZNRF1	gene-ZNRF1
ZNRF3	gene-ZNRF3
ZPR1	gene-ZPR1
ZRANB1	gene-ZRANB1
ZRANB2	gene-ZRANB2
ZRANB3	gene-ZRANB3
ZSCAN1	gene-ZSCAN1
ZSCAN10	gene-ZSCAN10
ZSCAN12	gene-ZSCAN12
ZSCAN16	gene-ZSCAN16
ZSCAN18	gene-ZSCAN18
ZSCAN2	gene-ZSCAN2
ZSCAN20	gene-ZSCAN20
ZSCAN22	gene-ZSCAN22
ZSCAN25	gene-ZSCAN25
ZSCAN29	gene-ZSCAN29
ZSCAN31	gene-ZSCAN31
ZSWIM1	gene-ZSWIM1
ZSWIM3	gene-ZSWIM3
ZSWIM4	gene-ZSWIM4
ZSWIM5	gene-ZSWIM5
ZSWIM6	gene-ZSWIM6
ZSWIM7	gene-ZSWIM7
ZSWIM8	gene-ZSWIM8
ZSWIM9	gene-ZSWIM9
ZUP1	gene-ZUP1
ZW10	gene-ZW10
ZWILCH	gene-ZWILCH
ZWINT	gene-ZWINT
ZXDC	gene-ZXDC
ZYG11B	gene-ZYG11B
ZYX	gene-ZYX
ZZEF1	gene-ZZEF1
ZZZ3	gene-ZZZ3
