published_symbol	reason
ADAM30	missing_exact_ROS_symbol
AKR7L	missing_exact_ROS_symbol
ALOX5AP	missing_exact_ROS_symbol
AOPEP	missing_exact_ROS_symbol
ARL5A	missing_exact_ROS_symbol
ARL6IP6	missing_exact_ROS_symbol
ARMC7	missing_exact_ROS_symbol
ARMCX6	missing_exact_ROS_symbol
ATP5PB	missing_exact_ROS_symbol
BTN2A2	missing_exact_ROS_symbol
C10orf95	missing_exact_ROS_symbol
C12orf43	missing_exact_ROS_symbol
C14orf132	missing_exact_ROS_symbol
C15orf65	missing_exact_ROS_symbol
C16orf96	missing_exact_ROS_symbol
C17orf113	missing_exact_ROS_symbol
C17orf49	missing_exact_ROS_symbol
C19orf25	missing_exact_ROS_symbol
C19orf84	missing_exact_ROS_symbol
C1orf54	missing_exact_ROS_symbol
C20orf204	missing_exact_ROS_symbol
C20orf27	missing_exact_ROS_symbol
C2orf92	missing_exact_ROS_symbol
C5H16orf74	missing_exact_ROS_symbol
C5orf34	missing_exact_ROS_symbol
C5orf58	missing_exact_ROS_symbol
C6orf47	missing_exact_ROS_symbol
C7orf25	missing_exact_ROS_symbol
C8orf58	missing_exact_ROS_symbol
C8orf88	missing_exact_ROS_symbol
C9orf116	missing_exact_ROS_symbol
C9orf50	missing_exact_ROS_symbol
C9orf78	missing_exact_ROS_symbol
CCDC134	missing_exact_ROS_symbol
CCDC194	missing_exact_ROS_symbol
CCDC195	missing_exact_ROS_symbol
CEP295NL	missing_exact_ROS_symbol
CFAP298-TCP10L	missing_exact_ROS_symbol
CISD3	missing_exact_ROS_symbol
CLASRP	missing_exact_ROS_symbol
CLEC4D	missing_exact_ROS_symbol
CLEC4E	missing_exact_ROS_symbol
CLSTN1	missing_exact_ROS_symbol
COA4	missing_exact_ROS_symbol
COL8A1	missing_exact_ROS_symbol
COX16	missing_exact_ROS_symbol
CXorf65	missing_exact_ROS_symbol
DAP	missing_exact_ROS_symbol
DCTD	missing_exact_ROS_symbol
DPEP2	missing_exact_ROS_symbol
DPEP3	missing_exact_ROS_symbol
EAPP	missing_exact_ROS_symbol
ECH1	missing_exact_ROS_symbol
EEF1AKMT4	missing_exact_ROS_symbol
ENSCAFG00000000027	missing_exact_ROS_symbol
ENSCAFG00000000030	missing_exact_ROS_symbol
ENSCAFG00000000049	missing_exact_ROS_symbol
ENSCAFG00000000054	missing_exact_ROS_symbol
ENSCAFG00000000061	missing_exact_ROS_symbol
ENSCAFG00000000069	missing_exact_ROS_symbol
ENSCAFG00000000071	missing_exact_ROS_symbol
ENSCAFG00000000072	missing_exact_ROS_symbol
ENSCAFG00000000118	missing_exact_ROS_symbol
ENSCAFG00000000132	missing_exact_ROS_symbol
ENSCAFG00000000142	missing_exact_ROS_symbol
ENSCAFG00000000175	missing_exact_ROS_symbol
ENSCAFG00000000183	missing_exact_ROS_symbol
ENSCAFG00000000225	missing_exact_ROS_symbol
ENSCAFG00000000263	missing_exact_ROS_symbol
ENSCAFG00000000314	missing_exact_ROS_symbol
ENSCAFG00000000341	missing_exact_ROS_symbol
ENSCAFG00000000370	missing_exact_ROS_symbol
ENSCAFG00000000376	missing_exact_ROS_symbol
ENSCAFG00000000377	missing_exact_ROS_symbol
ENSCAFG00000000399	missing_exact_ROS_symbol
ENSCAFG00000000400	missing_exact_ROS_symbol
ENSCAFG00000000443	missing_exact_ROS_symbol
ENSCAFG00000000491	missing_exact_ROS_symbol
ENSCAFG00000000497	missing_exact_ROS_symbol
ENSCAFG00000000502	missing_exact_ROS_symbol
ENSCAFG00000000540	missing_exact_ROS_symbol
ENSCAFG00000000554	missing_exact_ROS_symbol
ENSCAFG00000000562	missing_exact_ROS_symbol
ENSCAFG00000000565	missing_exact_ROS_symbol
ENSCAFG00000000578	missing_exact_ROS_symbol
ENSCAFG00000000580	missing_exact_ROS_symbol
ENSCAFG00000000595	missing_exact_ROS_symbol
ENSCAFG00000000604	missing_exact_ROS_symbol
ENSCAFG00000000626	missing_exact_ROS_symbol
ENSCAFG00000000632	missing_exact_ROS_symbol
ENSCAFG00000000634	missing_exact_ROS_symbol
ENSCAFG00000000641	missing_exact_ROS_symbol
ENSCAFG00000000646	missing_exact_ROS_symbol
ENSCAFG00000000653	missing_exact_ROS_symbol
ENSCAFG00000000683	missing_exact_ROS_symbol
ENSCAFG00000000697	missing_exact_ROS_symbol
ENSCAFG00000000701	missing_exact_ROS_symbol
ENSCAFG00000000713	missing_exact_ROS_symbol
ENSCAFG00000000749	missing_exact_ROS_symbol
ENSCAFG00000000792	missing_exact_ROS_symbol
ENSCAFG00000000798	missing_exact_ROS_symbol
ENSCAFG00000000801	missing_exact_ROS_symbol
ENSCAFG00000000808	missing_exact_ROS_symbol
ENSCAFG00000000835	missing_exact_ROS_symbol
ENSCAFG00000000842	missing_exact_ROS_symbol
ENSCAFG00000000894	missing_exact_ROS_symbol
ENSCAFG00000001000	missing_exact_ROS_symbol
ENSCAFG00000001038	missing_exact_ROS_symbol
ENSCAFG00000001066	missing_exact_ROS_symbol
ENSCAFG00000001071	missing_exact_ROS_symbol
ENSCAFG00000001098	missing_exact_ROS_symbol
ENSCAFG00000001144	missing_exact_ROS_symbol
ENSCAFG00000001149	missing_exact_ROS_symbol
ENSCAFG00000001207	missing_exact_ROS_symbol
ENSCAFG00000001210	missing_exact_ROS_symbol
ENSCAFG00000001285	missing_exact_ROS_symbol
ENSCAFG00000001302	missing_exact_ROS_symbol
ENSCAFG00000001341	missing_exact_ROS_symbol
ENSCAFG00000001352	missing_exact_ROS_symbol
ENSCAFG00000001383	missing_exact_ROS_symbol
ENSCAFG00000001388	missing_exact_ROS_symbol
ENSCAFG00000001396	missing_exact_ROS_symbol
ENSCAFG00000001397	missing_exact_ROS_symbol
ENSCAFG00000001422	missing_exact_ROS_symbol
ENSCAFG00000001473	missing_exact_ROS_symbol
ENSCAFG00000001474	missing_exact_ROS_symbol
ENSCAFG00000001499	missing_exact_ROS_symbol
ENSCAFG00000001530	missing_exact_ROS_symbol
ENSCAFG00000001540	missing_exact_ROS_symbol
ENSCAFG00000001582	missing_exact_ROS_symbol
ENSCAFG00000001588	missing_exact_ROS_symbol
ENSCAFG00000001593	missing_exact_ROS_symbol
ENSCAFG00000001604	missing_exact_ROS_symbol
ENSCAFG00000001606	missing_exact_ROS_symbol
ENSCAFG00000001608	missing_exact_ROS_symbol
ENSCAFG00000001675	missing_exact_ROS_symbol
ENSCAFG00000001686	missing_exact_ROS_symbol
ENSCAFG00000001728	missing_exact_ROS_symbol
ENSCAFG00000001783	missing_exact_ROS_symbol
ENSCAFG00000001789	missing_exact_ROS_symbol
ENSCAFG00000001830	missing_exact_ROS_symbol
ENSCAFG00000001846	missing_exact_ROS_symbol
ENSCAFG00000001854	missing_exact_ROS_symbol
ENSCAFG00000001857	missing_exact_ROS_symbol
ENSCAFG00000001886	missing_exact_ROS_symbol
ENSCAFG00000001905	missing_exact_ROS_symbol
ENSCAFG00000001921	missing_exact_ROS_symbol
ENSCAFG00000001968	missing_exact_ROS_symbol
ENSCAFG00000001971	missing_exact_ROS_symbol
ENSCAFG00000002015	missing_exact_ROS_symbol
ENSCAFG00000002071	missing_exact_ROS_symbol
ENSCAFG00000002078	missing_exact_ROS_symbol
ENSCAFG00000002083	missing_exact_ROS_symbol
ENSCAFG00000002084	missing_exact_ROS_symbol
ENSCAFG00000002085	missing_exact_ROS_symbol
ENSCAFG00000002101	missing_exact_ROS_symbol
ENSCAFG00000002106	missing_exact_ROS_symbol
ENSCAFG00000002132	missing_exact_ROS_symbol
ENSCAFG00000002139	missing_exact_ROS_symbol
ENSCAFG00000002166	missing_exact_ROS_symbol
ENSCAFG00000002193	missing_exact_ROS_symbol
ENSCAFG00000002202	missing_exact_ROS_symbol
ENSCAFG00000002215	missing_exact_ROS_symbol
ENSCAFG00000002218	missing_exact_ROS_symbol
ENSCAFG00000002290	missing_exact_ROS_symbol
ENSCAFG00000002332	missing_exact_ROS_symbol
ENSCAFG00000002336	missing_exact_ROS_symbol
ENSCAFG00000002337	missing_exact_ROS_symbol
ENSCAFG00000002351	missing_exact_ROS_symbol
ENSCAFG00000002360	missing_exact_ROS_symbol
ENSCAFG00000002399	missing_exact_ROS_symbol
ENSCAFG00000002412	missing_exact_ROS_symbol
ENSCAFG00000002440	missing_exact_ROS_symbol
ENSCAFG00000002455	missing_exact_ROS_symbol
ENSCAFG00000002495	missing_exact_ROS_symbol
ENSCAFG00000002524	missing_exact_ROS_symbol
ENSCAFG00000002541	missing_exact_ROS_symbol
ENSCAFG00000002548	missing_exact_ROS_symbol
ENSCAFG00000002619	missing_exact_ROS_symbol
ENSCAFG00000002646	missing_exact_ROS_symbol
ENSCAFG00000002667	missing_exact_ROS_symbol
ENSCAFG00000002696	missing_exact_ROS_symbol
ENSCAFG00000002703	missing_exact_ROS_symbol
ENSCAFG00000002706	missing_exact_ROS_symbol
ENSCAFG00000002736	missing_exact_ROS_symbol
ENSCAFG00000002743	missing_exact_ROS_symbol
ENSCAFG00000002800	missing_exact_ROS_symbol
ENSCAFG00000002833	missing_exact_ROS_symbol
ENSCAFG00000002834	missing_exact_ROS_symbol
ENSCAFG00000002851	missing_exact_ROS_symbol
ENSCAFG00000002855	missing_exact_ROS_symbol
ENSCAFG00000002874	missing_exact_ROS_symbol
ENSCAFG00000002897	missing_exact_ROS_symbol
ENSCAFG00000002903	missing_exact_ROS_symbol
ENSCAFG00000002916	missing_exact_ROS_symbol
ENSCAFG00000002959	missing_exact_ROS_symbol
ENSCAFG00000003012	missing_exact_ROS_symbol
ENSCAFG00000003039	missing_exact_ROS_symbol
ENSCAFG00000003053	missing_exact_ROS_symbol
ENSCAFG00000003064	missing_exact_ROS_symbol
ENSCAFG00000003087	missing_exact_ROS_symbol
ENSCAFG00000003095	missing_exact_ROS_symbol
ENSCAFG00000003121	missing_exact_ROS_symbol
ENSCAFG00000003126	missing_exact_ROS_symbol
ENSCAFG00000003134	missing_exact_ROS_symbol
ENSCAFG00000003191	missing_exact_ROS_symbol
ENSCAFG00000003222	missing_exact_ROS_symbol
ENSCAFG00000003241	missing_exact_ROS_symbol
ENSCAFG00000003257	missing_exact_ROS_symbol
ENSCAFG00000003268	missing_exact_ROS_symbol
ENSCAFG00000003294	missing_exact_ROS_symbol
ENSCAFG00000003299	missing_exact_ROS_symbol
ENSCAFG00000003315	missing_exact_ROS_symbol
ENSCAFG00000003316	missing_exact_ROS_symbol
ENSCAFG00000003318	missing_exact_ROS_symbol
ENSCAFG00000003326	missing_exact_ROS_symbol
ENSCAFG00000003353	missing_exact_ROS_symbol
ENSCAFG00000003386	missing_exact_ROS_symbol
ENSCAFG00000003455	missing_exact_ROS_symbol
ENSCAFG00000003468	missing_exact_ROS_symbol
ENSCAFG00000003473	missing_exact_ROS_symbol
ENSCAFG00000003530	missing_exact_ROS_symbol
ENSCAFG00000003534	missing_exact_ROS_symbol
ENSCAFG00000003564	missing_exact_ROS_symbol
ENSCAFG00000003574	missing_exact_ROS_symbol
ENSCAFG00000003639	missing_exact_ROS_symbol
ENSCAFG00000003641	missing_exact_ROS_symbol
ENSCAFG00000003642	missing_exact_ROS_symbol
ENSCAFG00000003668	missing_exact_ROS_symbol
ENSCAFG00000003714	missing_exact_ROS_symbol
ENSCAFG00000003760	missing_exact_ROS_symbol
ENSCAFG00000003797	missing_exact_ROS_symbol
ENSCAFG00000003804	missing_exact_ROS_symbol
ENSCAFG00000003811	missing_exact_ROS_symbol
ENSCAFG00000003812	missing_exact_ROS_symbol
ENSCAFG00000003840	missing_exact_ROS_symbol
ENSCAFG00000003857	missing_exact_ROS_symbol
ENSCAFG00000003859	missing_exact_ROS_symbol
ENSCAFG00000003879	missing_exact_ROS_symbol
ENSCAFG00000003936	missing_exact_ROS_symbol
ENSCAFG00000003953	missing_exact_ROS_symbol
ENSCAFG00000003956	missing_exact_ROS_symbol
ENSCAFG00000003969	missing_exact_ROS_symbol
ENSCAFG00000003970	missing_exact_ROS_symbol
ENSCAFG00000004073	missing_exact_ROS_symbol
ENSCAFG00000004091	missing_exact_ROS_symbol
ENSCAFG00000004124	missing_exact_ROS_symbol
ENSCAFG00000004144	missing_exact_ROS_symbol
ENSCAFG00000004189	missing_exact_ROS_symbol
ENSCAFG00000004197	missing_exact_ROS_symbol
ENSCAFG00000004198	missing_exact_ROS_symbol
ENSCAFG00000004223	missing_exact_ROS_symbol
ENSCAFG00000004229	missing_exact_ROS_symbol
ENSCAFG00000004260	missing_exact_ROS_symbol
ENSCAFG00000004266	missing_exact_ROS_symbol
ENSCAFG00000004291	missing_exact_ROS_symbol
ENSCAFG00000004331	missing_exact_ROS_symbol
ENSCAFG00000004336	missing_exact_ROS_symbol
ENSCAFG00000004349	missing_exact_ROS_symbol
ENSCAFG00000004388	missing_exact_ROS_symbol
ENSCAFG00000004391	missing_exact_ROS_symbol
ENSCAFG00000004412	missing_exact_ROS_symbol
ENSCAFG00000004427	missing_exact_ROS_symbol
ENSCAFG00000004444	missing_exact_ROS_symbol
ENSCAFG00000004458	missing_exact_ROS_symbol
ENSCAFG00000004548	missing_exact_ROS_symbol
ENSCAFG00000004578	missing_exact_ROS_symbol
ENSCAFG00000004589	missing_exact_ROS_symbol
ENSCAFG00000004590	missing_exact_ROS_symbol
ENSCAFG00000004595	missing_exact_ROS_symbol
ENSCAFG00000004602	missing_exact_ROS_symbol
ENSCAFG00000004629	missing_exact_ROS_symbol
ENSCAFG00000004650	missing_exact_ROS_symbol
ENSCAFG00000004664	missing_exact_ROS_symbol
ENSCAFG00000004676	missing_exact_ROS_symbol
ENSCAFG00000004686	missing_exact_ROS_symbol
ENSCAFG00000004690	missing_exact_ROS_symbol
ENSCAFG00000004703	missing_exact_ROS_symbol
ENSCAFG00000004735	missing_exact_ROS_symbol
ENSCAFG00000004800	missing_exact_ROS_symbol
ENSCAFG00000004830	missing_exact_ROS_symbol
ENSCAFG00000004838	missing_exact_ROS_symbol
ENSCAFG00000004842	missing_exact_ROS_symbol
ENSCAFG00000004907	missing_exact_ROS_symbol
ENSCAFG00000004919	missing_exact_ROS_symbol
ENSCAFG00000004922	missing_exact_ROS_symbol
ENSCAFG00000004924	missing_exact_ROS_symbol
ENSCAFG00000004933	missing_exact_ROS_symbol
ENSCAFG00000004962	missing_exact_ROS_symbol
ENSCAFG00000004996	missing_exact_ROS_symbol
ENSCAFG00000005001	missing_exact_ROS_symbol
ENSCAFG00000005006	missing_exact_ROS_symbol
ENSCAFG00000005091	missing_exact_ROS_symbol
ENSCAFG00000005099	missing_exact_ROS_symbol
ENSCAFG00000005131	missing_exact_ROS_symbol
ENSCAFG00000005159	missing_exact_ROS_symbol
ENSCAFG00000005164	missing_exact_ROS_symbol
ENSCAFG00000005166	missing_exact_ROS_symbol
ENSCAFG00000005186	missing_exact_ROS_symbol
ENSCAFG00000005198	missing_exact_ROS_symbol
ENSCAFG00000005237	missing_exact_ROS_symbol
ENSCAFG00000005271	missing_exact_ROS_symbol
ENSCAFG00000005278	missing_exact_ROS_symbol
ENSCAFG00000005292	missing_exact_ROS_symbol
ENSCAFG00000005303	missing_exact_ROS_symbol
ENSCAFG00000005305	missing_exact_ROS_symbol
ENSCAFG00000005321	missing_exact_ROS_symbol
ENSCAFG00000005339	missing_exact_ROS_symbol
ENSCAFG00000005346	missing_exact_ROS_symbol
ENSCAFG00000005360	missing_exact_ROS_symbol
ENSCAFG00000005387	missing_exact_ROS_symbol
ENSCAFG00000005406	missing_exact_ROS_symbol
ENSCAFG00000005434	missing_exact_ROS_symbol
ENSCAFG00000005435	missing_exact_ROS_symbol
ENSCAFG00000005454	missing_exact_ROS_symbol
ENSCAFG00000005494	missing_exact_ROS_symbol
ENSCAFG00000005504	missing_exact_ROS_symbol
ENSCAFG00000005537	missing_exact_ROS_symbol
ENSCAFG00000005538	missing_exact_ROS_symbol
ENSCAFG00000005575	missing_exact_ROS_symbol
ENSCAFG00000005585	missing_exact_ROS_symbol
ENSCAFG00000005629	missing_exact_ROS_symbol
ENSCAFG00000005648	missing_exact_ROS_symbol
ENSCAFG00000005666	missing_exact_ROS_symbol
ENSCAFG00000005672	missing_exact_ROS_symbol
ENSCAFG00000005681	missing_exact_ROS_symbol
ENSCAFG00000005683	missing_exact_ROS_symbol
ENSCAFG00000005721	missing_exact_ROS_symbol
ENSCAFG00000005722	missing_exact_ROS_symbol
ENSCAFG00000005758	missing_exact_ROS_symbol
ENSCAFG00000005768	missing_exact_ROS_symbol
ENSCAFG00000005785	missing_exact_ROS_symbol
ENSCAFG00000005812	missing_exact_ROS_symbol
ENSCAFG00000005833	missing_exact_ROS_symbol
ENSCAFG00000005848	missing_exact_ROS_symbol
ENSCAFG00000005851	missing_exact_ROS_symbol
ENSCAFG00000005880	missing_exact_ROS_symbol
ENSCAFG00000005922	missing_exact_ROS_symbol
ENSCAFG00000005939	missing_exact_ROS_symbol
ENSCAFG00000005949	missing_exact_ROS_symbol
ENSCAFG00000005953	missing_exact_ROS_symbol
ENSCAFG00000005959	missing_exact_ROS_symbol
ENSCAFG00000005978	missing_exact_ROS_symbol
ENSCAFG00000005989	missing_exact_ROS_symbol
ENSCAFG00000006000	missing_exact_ROS_symbol
ENSCAFG00000006007	missing_exact_ROS_symbol
ENSCAFG00000006015	missing_exact_ROS_symbol
ENSCAFG00000006041	missing_exact_ROS_symbol
ENSCAFG00000006064	missing_exact_ROS_symbol
ENSCAFG00000006066	missing_exact_ROS_symbol
ENSCAFG00000006102	missing_exact_ROS_symbol
ENSCAFG00000006166	missing_exact_ROS_symbol
ENSCAFG00000006177	missing_exact_ROS_symbol
ENSCAFG00000006238	missing_exact_ROS_symbol
ENSCAFG00000006263	missing_exact_ROS_symbol
ENSCAFG00000006265	missing_exact_ROS_symbol
ENSCAFG00000006280	missing_exact_ROS_symbol
ENSCAFG00000006297	missing_exact_ROS_symbol
ENSCAFG00000006315	missing_exact_ROS_symbol
ENSCAFG00000006342	missing_exact_ROS_symbol
ENSCAFG00000006360	missing_exact_ROS_symbol
ENSCAFG00000006373	missing_exact_ROS_symbol
ENSCAFG00000006408	missing_exact_ROS_symbol
ENSCAFG00000006456	missing_exact_ROS_symbol
ENSCAFG00000006465	missing_exact_ROS_symbol
ENSCAFG00000006472	missing_exact_ROS_symbol
ENSCAFG00000006477	missing_exact_ROS_symbol
ENSCAFG00000006485	missing_exact_ROS_symbol
ENSCAFG00000006486	missing_exact_ROS_symbol
ENSCAFG00000006508	missing_exact_ROS_symbol
ENSCAFG00000006536	missing_exact_ROS_symbol
ENSCAFG00000006545	missing_exact_ROS_symbol
ENSCAFG00000006557	missing_exact_ROS_symbol
ENSCAFG00000006566	missing_exact_ROS_symbol
ENSCAFG00000006577	missing_exact_ROS_symbol
ENSCAFG00000006580	missing_exact_ROS_symbol
ENSCAFG00000006594	missing_exact_ROS_symbol
ENSCAFG00000006595	missing_exact_ROS_symbol
ENSCAFG00000006614	missing_exact_ROS_symbol
ENSCAFG00000006633	missing_exact_ROS_symbol
ENSCAFG00000006663	missing_exact_ROS_symbol
ENSCAFG00000006666	missing_exact_ROS_symbol
ENSCAFG00000006671	missing_exact_ROS_symbol
ENSCAFG00000006726	missing_exact_ROS_symbol
ENSCAFG00000006734	missing_exact_ROS_symbol
ENSCAFG00000006738	missing_exact_ROS_symbol
ENSCAFG00000006775	missing_exact_ROS_symbol
ENSCAFG00000006797	missing_exact_ROS_symbol
ENSCAFG00000006821	missing_exact_ROS_symbol
ENSCAFG00000006847	missing_exact_ROS_symbol
ENSCAFG00000006853	missing_exact_ROS_symbol
ENSCAFG00000006873	missing_exact_ROS_symbol
ENSCAFG00000006896	missing_exact_ROS_symbol
ENSCAFG00000006899	missing_exact_ROS_symbol
ENSCAFG00000006913	missing_exact_ROS_symbol
ENSCAFG00000006926	missing_exact_ROS_symbol
ENSCAFG00000006927	missing_exact_ROS_symbol
ENSCAFG00000006946	missing_exact_ROS_symbol
ENSCAFG00000007002	missing_exact_ROS_symbol
ENSCAFG00000007015	missing_exact_ROS_symbol
ENSCAFG00000007029	missing_exact_ROS_symbol
ENSCAFG00000007079	missing_exact_ROS_symbol
ENSCAFG00000007094	missing_exact_ROS_symbol
ENSCAFG00000007099	missing_exact_ROS_symbol
ENSCAFG00000007106	missing_exact_ROS_symbol
ENSCAFG00000007112	missing_exact_ROS_symbol
ENSCAFG00000007115	missing_exact_ROS_symbol
ENSCAFG00000007165	missing_exact_ROS_symbol
ENSCAFG00000007171	missing_exact_ROS_symbol
ENSCAFG00000007173	missing_exact_ROS_symbol
ENSCAFG00000007241	missing_exact_ROS_symbol
ENSCAFG00000007270	missing_exact_ROS_symbol
ENSCAFG00000007296	missing_exact_ROS_symbol
ENSCAFG00000007307	missing_exact_ROS_symbol
ENSCAFG00000007327	missing_exact_ROS_symbol
ENSCAFG00000007340	missing_exact_ROS_symbol
ENSCAFG00000007374	missing_exact_ROS_symbol
ENSCAFG00000007385	missing_exact_ROS_symbol
ENSCAFG00000007407	missing_exact_ROS_symbol
ENSCAFG00000007461	missing_exact_ROS_symbol
ENSCAFG00000007479	missing_exact_ROS_symbol
ENSCAFG00000007483	missing_exact_ROS_symbol
ENSCAFG00000007487	missing_exact_ROS_symbol
ENSCAFG00000007532	missing_exact_ROS_symbol
ENSCAFG00000007544	missing_exact_ROS_symbol
ENSCAFG00000007550	missing_exact_ROS_symbol
ENSCAFG00000007554	missing_exact_ROS_symbol
ENSCAFG00000007572	missing_exact_ROS_symbol
ENSCAFG00000007610	missing_exact_ROS_symbol
ENSCAFG00000007622	missing_exact_ROS_symbol
ENSCAFG00000007675	missing_exact_ROS_symbol
ENSCAFG00000007678	missing_exact_ROS_symbol
ENSCAFG00000007705	missing_exact_ROS_symbol
ENSCAFG00000007716	missing_exact_ROS_symbol
ENSCAFG00000007743	missing_exact_ROS_symbol
ENSCAFG00000007757	missing_exact_ROS_symbol
ENSCAFG00000007808	missing_exact_ROS_symbol
ENSCAFG00000007816	missing_exact_ROS_symbol
ENSCAFG00000007829	missing_exact_ROS_symbol
ENSCAFG00000007830	missing_exact_ROS_symbol
ENSCAFG00000007840	missing_exact_ROS_symbol
ENSCAFG00000007865	missing_exact_ROS_symbol
ENSCAFG00000007869	missing_exact_ROS_symbol
ENSCAFG00000007919	missing_exact_ROS_symbol
ENSCAFG00000007942	missing_exact_ROS_symbol
ENSCAFG00000008008	missing_exact_ROS_symbol
ENSCAFG00000008047	missing_exact_ROS_symbol
ENSCAFG00000008060	missing_exact_ROS_symbol
ENSCAFG00000008104	missing_exact_ROS_symbol
ENSCAFG00000008109	missing_exact_ROS_symbol
ENSCAFG00000008117	missing_exact_ROS_symbol
ENSCAFG00000008119	missing_exact_ROS_symbol
ENSCAFG00000008154	missing_exact_ROS_symbol
ENSCAFG00000008160	missing_exact_ROS_symbol
ENSCAFG00000008186	missing_exact_ROS_symbol
ENSCAFG00000008221	missing_exact_ROS_symbol
ENSCAFG00000008236	missing_exact_ROS_symbol
ENSCAFG00000008255	missing_exact_ROS_symbol
ENSCAFG00000008273	missing_exact_ROS_symbol
ENSCAFG00000008287	missing_exact_ROS_symbol
ENSCAFG00000008290	missing_exact_ROS_symbol
ENSCAFG00000008311	missing_exact_ROS_symbol
ENSCAFG00000008336	missing_exact_ROS_symbol
ENSCAFG00000008338	missing_exact_ROS_symbol
ENSCAFG00000008345	missing_exact_ROS_symbol
ENSCAFG00000008385	missing_exact_ROS_symbol
ENSCAFG00000008403	missing_exact_ROS_symbol
ENSCAFG00000008488	missing_exact_ROS_symbol
ENSCAFG00000008503	missing_exact_ROS_symbol
ENSCAFG00000008532	missing_exact_ROS_symbol
ENSCAFG00000008535	missing_exact_ROS_symbol
ENSCAFG00000008551	missing_exact_ROS_symbol
ENSCAFG00000008564	missing_exact_ROS_symbol
ENSCAFG00000008574	missing_exact_ROS_symbol
ENSCAFG00000008616	missing_exact_ROS_symbol
ENSCAFG00000008627	missing_exact_ROS_symbol
ENSCAFG00000008658	missing_exact_ROS_symbol
ENSCAFG00000008661	missing_exact_ROS_symbol
ENSCAFG00000008682	missing_exact_ROS_symbol
ENSCAFG00000008701	missing_exact_ROS_symbol
ENSCAFG00000008721	missing_exact_ROS_symbol
ENSCAFG00000008732	missing_exact_ROS_symbol
ENSCAFG00000008758	missing_exact_ROS_symbol
ENSCAFG00000008764	missing_exact_ROS_symbol
ENSCAFG00000008776	missing_exact_ROS_symbol
ENSCAFG00000008805	missing_exact_ROS_symbol
ENSCAFG00000008809	missing_exact_ROS_symbol
ENSCAFG00000008815	missing_exact_ROS_symbol
ENSCAFG00000008873	missing_exact_ROS_symbol
ENSCAFG00000008879	missing_exact_ROS_symbol
ENSCAFG00000008935	missing_exact_ROS_symbol
ENSCAFG00000008941	missing_exact_ROS_symbol
ENSCAFG00000009016	missing_exact_ROS_symbol
ENSCAFG00000009018	missing_exact_ROS_symbol
ENSCAFG00000009065	missing_exact_ROS_symbol
ENSCAFG00000009071	missing_exact_ROS_symbol
ENSCAFG00000009085	missing_exact_ROS_symbol
ENSCAFG00000009086	missing_exact_ROS_symbol
ENSCAFG00000009095	missing_exact_ROS_symbol
ENSCAFG00000009106	missing_exact_ROS_symbol
ENSCAFG00000009113	missing_exact_ROS_symbol
ENSCAFG00000009127	missing_exact_ROS_symbol
ENSCAFG00000009129	missing_exact_ROS_symbol
ENSCAFG00000009164	missing_exact_ROS_symbol
ENSCAFG00000009211	missing_exact_ROS_symbol
ENSCAFG00000009235	missing_exact_ROS_symbol
ENSCAFG00000009244	missing_exact_ROS_symbol
ENSCAFG00000009249	missing_exact_ROS_symbol
ENSCAFG00000009288	missing_exact_ROS_symbol
ENSCAFG00000009308	missing_exact_ROS_symbol
ENSCAFG00000009309	missing_exact_ROS_symbol
ENSCAFG00000009315	missing_exact_ROS_symbol
ENSCAFG00000009353	missing_exact_ROS_symbol
ENSCAFG00000009406	missing_exact_ROS_symbol
ENSCAFG00000009438	missing_exact_ROS_symbol
ENSCAFG00000009523	missing_exact_ROS_symbol
ENSCAFG00000009541	missing_exact_ROS_symbol
ENSCAFG00000009583	missing_exact_ROS_symbol
ENSCAFG00000009602	missing_exact_ROS_symbol
ENSCAFG00000009620	missing_exact_ROS_symbol
ENSCAFG00000009692	missing_exact_ROS_symbol
ENSCAFG00000009702	missing_exact_ROS_symbol
ENSCAFG00000009708	missing_exact_ROS_symbol
ENSCAFG00000009746	missing_exact_ROS_symbol
ENSCAFG00000009787	missing_exact_ROS_symbol
ENSCAFG00000009800	missing_exact_ROS_symbol
ENSCAFG00000009852	missing_exact_ROS_symbol
ENSCAFG00000009857	missing_exact_ROS_symbol
ENSCAFG00000009862	missing_exact_ROS_symbol
ENSCAFG00000009888	missing_exact_ROS_symbol
ENSCAFG00000009894	missing_exact_ROS_symbol
ENSCAFG00000009898	missing_exact_ROS_symbol
ENSCAFG00000009917	missing_exact_ROS_symbol
ENSCAFG00000009927	missing_exact_ROS_symbol
ENSCAFG00000009973	missing_exact_ROS_symbol
ENSCAFG00000009988	missing_exact_ROS_symbol
ENSCAFG00000010012	missing_exact_ROS_symbol
ENSCAFG00000010021	missing_exact_ROS_symbol
ENSCAFG00000010023	missing_exact_ROS_symbol
ENSCAFG00000010051	missing_exact_ROS_symbol
ENSCAFG00000010086	missing_exact_ROS_symbol
ENSCAFG00000010097	missing_exact_ROS_symbol
ENSCAFG00000010098	missing_exact_ROS_symbol
ENSCAFG00000010117	missing_exact_ROS_symbol
ENSCAFG00000010209	missing_exact_ROS_symbol
ENSCAFG00000010224	missing_exact_ROS_symbol
ENSCAFG00000010262	missing_exact_ROS_symbol
ENSCAFG00000010270	missing_exact_ROS_symbol
ENSCAFG00000010275	missing_exact_ROS_symbol
ENSCAFG00000010290	missing_exact_ROS_symbol
ENSCAFG00000010331	missing_exact_ROS_symbol
ENSCAFG00000010333	missing_exact_ROS_symbol
ENSCAFG00000010362	missing_exact_ROS_symbol
ENSCAFG00000010412	missing_exact_ROS_symbol
ENSCAFG00000010466	missing_exact_ROS_symbol
ENSCAFG00000010477	missing_exact_ROS_symbol
ENSCAFG00000010494	missing_exact_ROS_symbol
ENSCAFG00000010495	missing_exact_ROS_symbol
ENSCAFG00000010506	missing_exact_ROS_symbol
ENSCAFG00000010507	missing_exact_ROS_symbol
ENSCAFG00000010539	missing_exact_ROS_symbol
ENSCAFG00000010546	missing_exact_ROS_symbol
ENSCAFG00000010555	missing_exact_ROS_symbol
ENSCAFG00000010570	missing_exact_ROS_symbol
ENSCAFG00000010572	missing_exact_ROS_symbol
ENSCAFG00000010580	missing_exact_ROS_symbol
ENSCAFG00000010596	missing_exact_ROS_symbol
ENSCAFG00000010653	missing_exact_ROS_symbol
ENSCAFG00000010666	missing_exact_ROS_symbol
ENSCAFG00000010687	missing_exact_ROS_symbol
ENSCAFG00000010718	missing_exact_ROS_symbol
ENSCAFG00000010721	missing_exact_ROS_symbol
ENSCAFG00000010763	missing_exact_ROS_symbol
ENSCAFG00000010782	missing_exact_ROS_symbol
ENSCAFG00000010789	missing_exact_ROS_symbol
ENSCAFG00000010850	missing_exact_ROS_symbol
ENSCAFG00000010854	missing_exact_ROS_symbol
ENSCAFG00000010865	missing_exact_ROS_symbol
ENSCAFG00000010867	missing_exact_ROS_symbol
ENSCAFG00000010895	missing_exact_ROS_symbol
ENSCAFG00000010899	missing_exact_ROS_symbol
ENSCAFG00000010923	missing_exact_ROS_symbol
ENSCAFG00000010967	missing_exact_ROS_symbol
ENSCAFG00000010990	missing_exact_ROS_symbol
ENSCAFG00000010992	missing_exact_ROS_symbol
ENSCAFG00000011032	missing_exact_ROS_symbol
ENSCAFG00000011053	missing_exact_ROS_symbol
ENSCAFG00000011085	missing_exact_ROS_symbol
ENSCAFG00000011098	missing_exact_ROS_symbol
ENSCAFG00000011110	missing_exact_ROS_symbol
ENSCAFG00000011121	missing_exact_ROS_symbol
ENSCAFG00000011124	missing_exact_ROS_symbol
ENSCAFG00000011131	missing_exact_ROS_symbol
ENSCAFG00000011134	missing_exact_ROS_symbol
ENSCAFG00000011153	missing_exact_ROS_symbol
ENSCAFG00000011195	missing_exact_ROS_symbol
ENSCAFG00000011225	missing_exact_ROS_symbol
ENSCAFG00000011263	missing_exact_ROS_symbol
ENSCAFG00000011325	missing_exact_ROS_symbol
ENSCAFG00000011342	missing_exact_ROS_symbol
ENSCAFG00000011362	missing_exact_ROS_symbol
ENSCAFG00000011367	missing_exact_ROS_symbol
ENSCAFG00000011389	missing_exact_ROS_symbol
ENSCAFG00000011396	missing_exact_ROS_symbol
ENSCAFG00000011417	missing_exact_ROS_symbol
ENSCAFG00000011435	missing_exact_ROS_symbol
ENSCAFG00000011452	missing_exact_ROS_symbol
ENSCAFG00000011517	missing_exact_ROS_symbol
ENSCAFG00000011598	missing_exact_ROS_symbol
ENSCAFG00000011612	missing_exact_ROS_symbol
ENSCAFG00000011630	missing_exact_ROS_symbol
ENSCAFG00000011673	missing_exact_ROS_symbol
ENSCAFG00000011692	missing_exact_ROS_symbol
ENSCAFG00000011754	missing_exact_ROS_symbol
ENSCAFG00000011778	missing_exact_ROS_symbol
ENSCAFG00000011780	missing_exact_ROS_symbol
ENSCAFG00000011783	missing_exact_ROS_symbol
ENSCAFG00000011827	missing_exact_ROS_symbol
ENSCAFG00000011833	missing_exact_ROS_symbol
ENSCAFG00000011845	missing_exact_ROS_symbol
ENSCAFG00000011847	missing_exact_ROS_symbol
ENSCAFG00000011856	missing_exact_ROS_symbol
ENSCAFG00000011915	missing_exact_ROS_symbol
ENSCAFG00000011951	missing_exact_ROS_symbol
ENSCAFG00000011952	missing_exact_ROS_symbol
ENSCAFG00000011968	missing_exact_ROS_symbol
ENSCAFG00000011993	missing_exact_ROS_symbol
ENSCAFG00000012004	missing_exact_ROS_symbol
ENSCAFG00000012035	missing_exact_ROS_symbol
ENSCAFG00000012071	missing_exact_ROS_symbol
ENSCAFG00000012089	missing_exact_ROS_symbol
ENSCAFG00000012123	missing_exact_ROS_symbol
ENSCAFG00000012125	missing_exact_ROS_symbol
ENSCAFG00000012184	missing_exact_ROS_symbol
ENSCAFG00000012185	missing_exact_ROS_symbol
ENSCAFG00000012196	missing_exact_ROS_symbol
ENSCAFG00000012201	missing_exact_ROS_symbol
ENSCAFG00000012222	missing_exact_ROS_symbol
ENSCAFG00000012233	missing_exact_ROS_symbol
ENSCAFG00000012234	missing_exact_ROS_symbol
ENSCAFG00000012274	missing_exact_ROS_symbol
ENSCAFG00000012275	missing_exact_ROS_symbol
ENSCAFG00000012280	missing_exact_ROS_symbol
ENSCAFG00000012283	missing_exact_ROS_symbol
ENSCAFG00000012292	missing_exact_ROS_symbol
ENSCAFG00000012316	missing_exact_ROS_symbol
ENSCAFG00000012398	missing_exact_ROS_symbol
ENSCAFG00000012412	missing_exact_ROS_symbol
ENSCAFG00000012457	missing_exact_ROS_symbol
ENSCAFG00000012482	missing_exact_ROS_symbol
ENSCAFG00000012507	missing_exact_ROS_symbol
ENSCAFG00000012516	missing_exact_ROS_symbol
ENSCAFG00000012558	missing_exact_ROS_symbol
ENSCAFG00000012580	missing_exact_ROS_symbol
ENSCAFG00000012624	missing_exact_ROS_symbol
ENSCAFG00000012627	missing_exact_ROS_symbol
ENSCAFG00000012637	missing_exact_ROS_symbol
ENSCAFG00000012657	missing_exact_ROS_symbol
ENSCAFG00000012690	missing_exact_ROS_symbol
ENSCAFG00000012703	missing_exact_ROS_symbol
ENSCAFG00000012755	missing_exact_ROS_symbol
ENSCAFG00000012763	missing_exact_ROS_symbol
ENSCAFG00000012839	missing_exact_ROS_symbol
ENSCAFG00000012860	missing_exact_ROS_symbol
ENSCAFG00000012879	missing_exact_ROS_symbol
ENSCAFG00000012895	missing_exact_ROS_symbol
ENSCAFG00000012982	missing_exact_ROS_symbol
ENSCAFG00000013015	missing_exact_ROS_symbol
ENSCAFG00000013035	missing_exact_ROS_symbol
ENSCAFG00000013040	missing_exact_ROS_symbol
ENSCAFG00000013084	missing_exact_ROS_symbol
ENSCAFG00000013086	missing_exact_ROS_symbol
ENSCAFG00000013154	missing_exact_ROS_symbol
ENSCAFG00000013158	missing_exact_ROS_symbol
ENSCAFG00000013188	missing_exact_ROS_symbol
ENSCAFG00000013201	missing_exact_ROS_symbol
ENSCAFG00000013213	missing_exact_ROS_symbol
ENSCAFG00000013253	missing_exact_ROS_symbol
ENSCAFG00000013304	missing_exact_ROS_symbol
ENSCAFG00000013321	missing_exact_ROS_symbol
ENSCAFG00000013365	missing_exact_ROS_symbol
ENSCAFG00000013366	missing_exact_ROS_symbol
ENSCAFG00000013391	missing_exact_ROS_symbol
ENSCAFG00000013408	missing_exact_ROS_symbol
ENSCAFG00000013413	missing_exact_ROS_symbol
ENSCAFG00000013419	missing_exact_ROS_symbol
ENSCAFG00000013453	missing_exact_ROS_symbol
ENSCAFG00000013477	missing_exact_ROS_symbol
ENSCAFG00000013484	missing_exact_ROS_symbol
ENSCAFG00000013514	missing_exact_ROS_symbol
ENSCAFG00000013515	missing_exact_ROS_symbol
ENSCAFG00000013528	missing_exact_ROS_symbol
ENSCAFG00000013554	missing_exact_ROS_symbol
ENSCAFG00000013572	missing_exact_ROS_symbol
ENSCAFG00000013585	missing_exact_ROS_symbol
ENSCAFG00000013587	missing_exact_ROS_symbol
ENSCAFG00000013656	missing_exact_ROS_symbol
ENSCAFG00000013668	missing_exact_ROS_symbol
ENSCAFG00000013683	missing_exact_ROS_symbol
ENSCAFG00000013713	missing_exact_ROS_symbol
ENSCAFG00000013724	missing_exact_ROS_symbol
ENSCAFG00000013746	missing_exact_ROS_symbol
ENSCAFG00000013750	missing_exact_ROS_symbol
ENSCAFG00000013760	missing_exact_ROS_symbol
ENSCAFG00000013770	missing_exact_ROS_symbol
ENSCAFG00000013777	missing_exact_ROS_symbol
ENSCAFG00000013779	missing_exact_ROS_symbol
ENSCAFG00000013780	missing_exact_ROS_symbol
ENSCAFG00000013797	missing_exact_ROS_symbol
ENSCAFG00000013811	missing_exact_ROS_symbol
ENSCAFG00000013837	missing_exact_ROS_symbol
ENSCAFG00000013855	missing_exact_ROS_symbol
ENSCAFG00000013864	missing_exact_ROS_symbol
ENSCAFG00000013883	missing_exact_ROS_symbol
ENSCAFG00000013899	missing_exact_ROS_symbol
ENSCAFG00000013905	missing_exact_ROS_symbol
ENSCAFG00000013986	missing_exact_ROS_symbol
ENSCAFG00000014011	missing_exact_ROS_symbol
ENSCAFG00000014021	missing_exact_ROS_symbol
ENSCAFG00000014028	missing_exact_ROS_symbol
ENSCAFG00000014043	missing_exact_ROS_symbol
ENSCAFG00000014051	missing_exact_ROS_symbol
ENSCAFG00000014066	missing_exact_ROS_symbol
ENSCAFG00000014077	missing_exact_ROS_symbol
ENSCAFG00000014120	missing_exact_ROS_symbol
ENSCAFG00000014123	missing_exact_ROS_symbol
ENSCAFG00000014139	missing_exact_ROS_symbol
ENSCAFG00000014143	missing_exact_ROS_symbol
ENSCAFG00000014151	missing_exact_ROS_symbol
ENSCAFG00000014154	missing_exact_ROS_symbol
ENSCAFG00000014195	missing_exact_ROS_symbol
ENSCAFG00000014207	missing_exact_ROS_symbol
ENSCAFG00000014222	missing_exact_ROS_symbol
ENSCAFG00000014234	missing_exact_ROS_symbol
ENSCAFG00000014235	missing_exact_ROS_symbol
ENSCAFG00000014262	missing_exact_ROS_symbol
ENSCAFG00000014268	missing_exact_ROS_symbol
ENSCAFG00000014316	missing_exact_ROS_symbol
ENSCAFG00000014359	missing_exact_ROS_symbol
ENSCAFG00000014370	missing_exact_ROS_symbol
ENSCAFG00000014422	missing_exact_ROS_symbol
ENSCAFG00000014444	missing_exact_ROS_symbol
ENSCAFG00000014466	missing_exact_ROS_symbol
ENSCAFG00000014478	missing_exact_ROS_symbol
ENSCAFG00000014493	missing_exact_ROS_symbol
ENSCAFG00000014612	missing_exact_ROS_symbol
ENSCAFG00000014648	missing_exact_ROS_symbol
ENSCAFG00000014649	missing_exact_ROS_symbol
ENSCAFG00000014657	missing_exact_ROS_symbol
ENSCAFG00000014664	missing_exact_ROS_symbol
ENSCAFG00000014689	missing_exact_ROS_symbol
ENSCAFG00000014751	missing_exact_ROS_symbol
ENSCAFG00000014766	missing_exact_ROS_symbol
ENSCAFG00000014787	missing_exact_ROS_symbol
ENSCAFG00000014790	missing_exact_ROS_symbol
ENSCAFG00000014799	missing_exact_ROS_symbol
ENSCAFG00000014869	missing_exact_ROS_symbol
ENSCAFG00000014885	missing_exact_ROS_symbol
ENSCAFG00000014886	missing_exact_ROS_symbol
ENSCAFG00000014946	missing_exact_ROS_symbol
ENSCAFG00000014950	missing_exact_ROS_symbol
ENSCAFG00000014958	missing_exact_ROS_symbol
ENSCAFG00000014968	missing_exact_ROS_symbol
ENSCAFG00000014970	missing_exact_ROS_symbol
ENSCAFG00000014973	missing_exact_ROS_symbol
ENSCAFG00000014991	missing_exact_ROS_symbol
ENSCAFG00000015023	missing_exact_ROS_symbol
ENSCAFG00000015024	missing_exact_ROS_symbol
ENSCAFG00000015042	missing_exact_ROS_symbol
ENSCAFG00000015055	missing_exact_ROS_symbol
ENSCAFG00000015065	missing_exact_ROS_symbol
ENSCAFG00000015086	missing_exact_ROS_symbol
ENSCAFG00000015122	missing_exact_ROS_symbol
ENSCAFG00000015156	missing_exact_ROS_symbol
ENSCAFG00000015164	missing_exact_ROS_symbol
ENSCAFG00000015166	missing_exact_ROS_symbol
ENSCAFG00000015176	missing_exact_ROS_symbol
ENSCAFG00000015193	missing_exact_ROS_symbol
ENSCAFG00000015206	missing_exact_ROS_symbol
ENSCAFG00000015210	missing_exact_ROS_symbol
ENSCAFG00000015217	missing_exact_ROS_symbol
ENSCAFG00000015284	missing_exact_ROS_symbol
ENSCAFG00000015313	missing_exact_ROS_symbol
ENSCAFG00000015329	missing_exact_ROS_symbol
ENSCAFG00000015330	missing_exact_ROS_symbol
ENSCAFG00000015394	missing_exact_ROS_symbol
ENSCAFG00000015396	missing_exact_ROS_symbol
ENSCAFG00000015433	missing_exact_ROS_symbol
ENSCAFG00000015445	missing_exact_ROS_symbol
ENSCAFG00000015452	missing_exact_ROS_symbol
ENSCAFG00000015459	missing_exact_ROS_symbol
ENSCAFG00000015533	missing_exact_ROS_symbol
ENSCAFG00000015550	missing_exact_ROS_symbol
ENSCAFG00000015602	missing_exact_ROS_symbol
ENSCAFG00000015635	missing_exact_ROS_symbol
ENSCAFG00000015648	missing_exact_ROS_symbol
ENSCAFG00000015686	missing_exact_ROS_symbol
ENSCAFG00000015713	missing_exact_ROS_symbol
ENSCAFG00000015743	missing_exact_ROS_symbol
ENSCAFG00000015773	missing_exact_ROS_symbol
ENSCAFG00000015774	missing_exact_ROS_symbol
ENSCAFG00000015798	missing_exact_ROS_symbol
ENSCAFG00000015834	missing_exact_ROS_symbol
ENSCAFG00000015842	missing_exact_ROS_symbol
ENSCAFG00000015850	missing_exact_ROS_symbol
ENSCAFG00000015882	missing_exact_ROS_symbol
ENSCAFG00000015886	missing_exact_ROS_symbol
ENSCAFG00000015941	missing_exact_ROS_symbol
ENSCAFG00000015959	missing_exact_ROS_symbol
ENSCAFG00000015987	missing_exact_ROS_symbol
ENSCAFG00000016002	missing_exact_ROS_symbol
ENSCAFG00000016013	missing_exact_ROS_symbol
ENSCAFG00000016040	missing_exact_ROS_symbol
ENSCAFG00000016065	missing_exact_ROS_symbol
ENSCAFG00000016084	missing_exact_ROS_symbol
ENSCAFG00000016095	missing_exact_ROS_symbol
ENSCAFG00000016098	missing_exact_ROS_symbol
ENSCAFG00000016099	missing_exact_ROS_symbol
ENSCAFG00000016113	missing_exact_ROS_symbol
ENSCAFG00000016129	missing_exact_ROS_symbol
ENSCAFG00000016140	missing_exact_ROS_symbol
ENSCAFG00000016151	missing_exact_ROS_symbol
ENSCAFG00000016181	missing_exact_ROS_symbol
ENSCAFG00000016209	missing_exact_ROS_symbol
ENSCAFG00000016250	missing_exact_ROS_symbol
ENSCAFG00000016252	missing_exact_ROS_symbol
ENSCAFG00000016268	missing_exact_ROS_symbol
ENSCAFG00000016270	missing_exact_ROS_symbol
ENSCAFG00000016278	missing_exact_ROS_symbol
ENSCAFG00000016285	missing_exact_ROS_symbol
ENSCAFG00000016319	missing_exact_ROS_symbol
ENSCAFG00000016333	missing_exact_ROS_symbol
ENSCAFG00000016350	missing_exact_ROS_symbol
ENSCAFG00000016356	missing_exact_ROS_symbol
ENSCAFG00000016421	missing_exact_ROS_symbol
ENSCAFG00000016467	missing_exact_ROS_symbol
ENSCAFG00000016482	missing_exact_ROS_symbol
ENSCAFG00000016495	missing_exact_ROS_symbol
ENSCAFG00000016496	missing_exact_ROS_symbol
ENSCAFG00000016500	missing_exact_ROS_symbol
ENSCAFG00000016517	missing_exact_ROS_symbol
ENSCAFG00000016551	missing_exact_ROS_symbol
ENSCAFG00000016564	missing_exact_ROS_symbol
ENSCAFG00000016577	missing_exact_ROS_symbol
ENSCAFG00000016617	missing_exact_ROS_symbol
ENSCAFG00000016636	missing_exact_ROS_symbol
ENSCAFG00000016639	missing_exact_ROS_symbol
ENSCAFG00000016640	missing_exact_ROS_symbol
ENSCAFG00000016642	missing_exact_ROS_symbol
ENSCAFG00000016645	missing_exact_ROS_symbol
ENSCAFG00000016649	missing_exact_ROS_symbol
ENSCAFG00000016654	missing_exact_ROS_symbol
ENSCAFG00000016658	missing_exact_ROS_symbol
ENSCAFG00000016660	missing_exact_ROS_symbol
ENSCAFG00000016664	missing_exact_ROS_symbol
ENSCAFG00000016729	missing_exact_ROS_symbol
ENSCAFG00000016775	missing_exact_ROS_symbol
ENSCAFG00000016776	missing_exact_ROS_symbol
ENSCAFG00000016869	missing_exact_ROS_symbol
ENSCAFG00000016874	missing_exact_ROS_symbol
ENSCAFG00000016908	missing_exact_ROS_symbol
ENSCAFG00000016914	missing_exact_ROS_symbol
ENSCAFG00000016929	missing_exact_ROS_symbol
ENSCAFG00000016971	missing_exact_ROS_symbol
ENSCAFG00000017001	missing_exact_ROS_symbol
ENSCAFG00000017072	missing_exact_ROS_symbol
ENSCAFG00000017103	missing_exact_ROS_symbol
ENSCAFG00000017118	missing_exact_ROS_symbol
ENSCAFG00000017143	missing_exact_ROS_symbol
ENSCAFG00000017221	missing_exact_ROS_symbol
ENSCAFG00000017228	missing_exact_ROS_symbol
ENSCAFG00000017236	missing_exact_ROS_symbol
ENSCAFG00000017239	missing_exact_ROS_symbol
ENSCAFG00000017241	missing_exact_ROS_symbol
ENSCAFG00000017257	missing_exact_ROS_symbol
ENSCAFG00000017258	missing_exact_ROS_symbol
ENSCAFG00000017264	missing_exact_ROS_symbol
ENSCAFG00000017274	missing_exact_ROS_symbol
ENSCAFG00000017286	missing_exact_ROS_symbol
ENSCAFG00000017317	missing_exact_ROS_symbol
ENSCAFG00000017325	missing_exact_ROS_symbol
ENSCAFG00000017339	missing_exact_ROS_symbol
ENSCAFG00000017391	missing_exact_ROS_symbol
ENSCAFG00000017412	missing_exact_ROS_symbol
ENSCAFG00000017457	missing_exact_ROS_symbol
ENSCAFG00000017459	missing_exact_ROS_symbol
ENSCAFG00000017465	missing_exact_ROS_symbol
ENSCAFG00000017475	missing_exact_ROS_symbol
ENSCAFG00000017486	missing_exact_ROS_symbol
ENSCAFG00000017495	missing_exact_ROS_symbol
ENSCAFG00000017503	missing_exact_ROS_symbol
ENSCAFG00000017506	missing_exact_ROS_symbol
ENSCAFG00000017509	missing_exact_ROS_symbol
ENSCAFG00000017518	missing_exact_ROS_symbol
ENSCAFG00000017563	missing_exact_ROS_symbol
ENSCAFG00000017604	missing_exact_ROS_symbol
ENSCAFG00000017655	missing_exact_ROS_symbol
ENSCAFG00000017667	missing_exact_ROS_symbol
ENSCAFG00000017688	missing_exact_ROS_symbol
ENSCAFG00000017708	missing_exact_ROS_symbol
ENSCAFG00000017738	missing_exact_ROS_symbol
ENSCAFG00000017739	missing_exact_ROS_symbol
ENSCAFG00000017742	missing_exact_ROS_symbol
ENSCAFG00000017763	missing_exact_ROS_symbol
ENSCAFG00000017792	missing_exact_ROS_symbol
ENSCAFG00000017823	missing_exact_ROS_symbol
ENSCAFG00000017824	missing_exact_ROS_symbol
ENSCAFG00000017861	missing_exact_ROS_symbol
ENSCAFG00000017868	missing_exact_ROS_symbol
ENSCAFG00000017901	missing_exact_ROS_symbol
ENSCAFG00000017909	missing_exact_ROS_symbol
ENSCAFG00000017969	missing_exact_ROS_symbol
ENSCAFG00000017995	missing_exact_ROS_symbol
ENSCAFG00000018000	missing_exact_ROS_symbol
ENSCAFG00000018044	missing_exact_ROS_symbol
ENSCAFG00000018136	missing_exact_ROS_symbol
ENSCAFG00000018144	missing_exact_ROS_symbol
ENSCAFG00000018145	missing_exact_ROS_symbol
ENSCAFG00000018181	missing_exact_ROS_symbol
ENSCAFG00000018189	missing_exact_ROS_symbol
ENSCAFG00000018196	missing_exact_ROS_symbol
ENSCAFG00000018225	missing_exact_ROS_symbol
ENSCAFG00000018270	missing_exact_ROS_symbol
ENSCAFG00000018277	missing_exact_ROS_symbol
ENSCAFG00000018285	missing_exact_ROS_symbol
ENSCAFG00000018333	missing_exact_ROS_symbol
ENSCAFG00000018353	missing_exact_ROS_symbol
ENSCAFG00000018374	missing_exact_ROS_symbol
ENSCAFG00000018380	missing_exact_ROS_symbol
ENSCAFG00000018385	missing_exact_ROS_symbol
ENSCAFG00000018403	missing_exact_ROS_symbol
ENSCAFG00000018430	missing_exact_ROS_symbol
ENSCAFG00000018434	missing_exact_ROS_symbol
ENSCAFG00000018448	missing_exact_ROS_symbol
ENSCAFG00000018454	missing_exact_ROS_symbol
ENSCAFG00000018497	missing_exact_ROS_symbol
ENSCAFG00000018512	missing_exact_ROS_symbol
ENSCAFG00000018628	missing_exact_ROS_symbol
ENSCAFG00000018632	missing_exact_ROS_symbol
ENSCAFG00000018633	missing_exact_ROS_symbol
ENSCAFG00000018651	missing_exact_ROS_symbol
ENSCAFG00000018652	missing_exact_ROS_symbol
ENSCAFG00000018660	missing_exact_ROS_symbol
ENSCAFG00000018680	missing_exact_ROS_symbol
ENSCAFG00000018701	missing_exact_ROS_symbol
ENSCAFG00000018717	missing_exact_ROS_symbol
ENSCAFG00000018740	missing_exact_ROS_symbol
ENSCAFG00000018753	missing_exact_ROS_symbol
ENSCAFG00000018773	missing_exact_ROS_symbol
ENSCAFG00000018784	missing_exact_ROS_symbol
ENSCAFG00000018956	missing_exact_ROS_symbol
ENSCAFG00000018974	missing_exact_ROS_symbol
ENSCAFG00000019017	missing_exact_ROS_symbol
ENSCAFG00000019031	missing_exact_ROS_symbol
ENSCAFG00000019044	missing_exact_ROS_symbol
ENSCAFG00000019092	missing_exact_ROS_symbol
ENSCAFG00000019108	missing_exact_ROS_symbol
ENSCAFG00000019110	missing_exact_ROS_symbol
ENSCAFG00000019111	missing_exact_ROS_symbol
ENSCAFG00000019141	missing_exact_ROS_symbol
ENSCAFG00000019170	missing_exact_ROS_symbol
ENSCAFG00000019198	missing_exact_ROS_symbol
ENSCAFG00000019220	missing_exact_ROS_symbol
ENSCAFG00000019232	missing_exact_ROS_symbol
ENSCAFG00000019273	missing_exact_ROS_symbol
ENSCAFG00000019285	missing_exact_ROS_symbol
ENSCAFG00000019307	missing_exact_ROS_symbol
ENSCAFG00000019344	missing_exact_ROS_symbol
ENSCAFG00000019360	missing_exact_ROS_symbol
ENSCAFG00000019365	missing_exact_ROS_symbol
ENSCAFG00000019401	missing_exact_ROS_symbol
ENSCAFG00000019461	missing_exact_ROS_symbol
ENSCAFG00000019472	missing_exact_ROS_symbol
ENSCAFG00000019501	missing_exact_ROS_symbol
ENSCAFG00000019510	missing_exact_ROS_symbol
ENSCAFG00000019511	missing_exact_ROS_symbol
ENSCAFG00000019517	missing_exact_ROS_symbol
ENSCAFG00000019519	missing_exact_ROS_symbol
ENSCAFG00000019588	missing_exact_ROS_symbol
ENSCAFG00000019593	missing_exact_ROS_symbol
ENSCAFG00000019635	missing_exact_ROS_symbol
ENSCAFG00000019758	missing_exact_ROS_symbol
ENSCAFG00000019801	missing_exact_ROS_symbol
ENSCAFG00000019809	missing_exact_ROS_symbol
ENSCAFG00000019812	missing_exact_ROS_symbol
ENSCAFG00000019869	missing_exact_ROS_symbol
ENSCAFG00000019909	missing_exact_ROS_symbol
ENSCAFG00000019914	missing_exact_ROS_symbol
ENSCAFG00000019944	missing_exact_ROS_symbol
ENSCAFG00000020044	missing_exact_ROS_symbol
ENSCAFG00000020055	missing_exact_ROS_symbol
ENSCAFG00000020060	missing_exact_ROS_symbol
ENSCAFG00000020072	missing_exact_ROS_symbol
ENSCAFG00000020075	missing_exact_ROS_symbol
ENSCAFG00000020158	missing_exact_ROS_symbol
ENSCAFG00000020192	missing_exact_ROS_symbol
ENSCAFG00000020220	missing_exact_ROS_symbol
ENSCAFG00000020269	missing_exact_ROS_symbol
ENSCAFG00000020278	missing_exact_ROS_symbol
ENSCAFG00000020283	missing_exact_ROS_symbol
ENSCAFG00000020317	missing_exact_ROS_symbol
ENSCAFG00000020325	missing_exact_ROS_symbol
ENSCAFG00000020361	missing_exact_ROS_symbol
ENSCAFG00000020381	missing_exact_ROS_symbol
ENSCAFG00000023039	missing_exact_ROS_symbol
ENSCAFG00000023111	missing_exact_ROS_symbol
ENSCAFG00000023132	missing_exact_ROS_symbol
ENSCAFG00000023144	missing_exact_ROS_symbol
ENSCAFG00000023152	missing_exact_ROS_symbol
ENSCAFG00000023205	missing_exact_ROS_symbol
ENSCAFG00000023219	missing_exact_ROS_symbol
ENSCAFG00000023283	missing_exact_ROS_symbol
ENSCAFG00000023289	missing_exact_ROS_symbol
ENSCAFG00000023298	missing_exact_ROS_symbol
ENSCAFG00000023331	missing_exact_ROS_symbol
ENSCAFG00000023355	missing_exact_ROS_symbol
ENSCAFG00000023356	missing_exact_ROS_symbol
ENSCAFG00000023369	missing_exact_ROS_symbol
ENSCAFG00000023394	missing_exact_ROS_symbol
ENSCAFG00000023407	missing_exact_ROS_symbol
ENSCAFG00000023408	missing_exact_ROS_symbol
ENSCAFG00000023418	missing_exact_ROS_symbol
ENSCAFG00000023429	missing_exact_ROS_symbol
ENSCAFG00000023478	missing_exact_ROS_symbol
ENSCAFG00000023499	missing_exact_ROS_symbol
ENSCAFG00000023531	missing_exact_ROS_symbol
ENSCAFG00000023536	missing_exact_ROS_symbol
ENSCAFG00000023541	missing_exact_ROS_symbol
ENSCAFG00000023585	missing_exact_ROS_symbol
ENSCAFG00000023594	missing_exact_ROS_symbol
ENSCAFG00000023602	missing_exact_ROS_symbol
ENSCAFG00000023617	missing_exact_ROS_symbol
ENSCAFG00000023653	missing_exact_ROS_symbol
ENSCAFG00000023661	missing_exact_ROS_symbol
ENSCAFG00000023676	missing_exact_ROS_symbol
ENSCAFG00000023721	missing_exact_ROS_symbol
ENSCAFG00000023724	missing_exact_ROS_symbol
ENSCAFG00000023735	missing_exact_ROS_symbol
ENSCAFG00000023751	missing_exact_ROS_symbol
ENSCAFG00000023754	missing_exact_ROS_symbol
ENSCAFG00000023772	missing_exact_ROS_symbol
ENSCAFG00000023788	missing_exact_ROS_symbol
ENSCAFG00000023807	missing_exact_ROS_symbol
ENSCAFG00000023809	missing_exact_ROS_symbol
ENSCAFG00000023820	missing_exact_ROS_symbol
ENSCAFG00000023832	missing_exact_ROS_symbol
ENSCAFG00000023887	missing_exact_ROS_symbol
ENSCAFG00000023920	missing_exact_ROS_symbol
ENSCAFG00000023972	missing_exact_ROS_symbol
ENSCAFG00000023977	missing_exact_ROS_symbol
ENSCAFG00000023978	missing_exact_ROS_symbol
ENSCAFG00000023983	missing_exact_ROS_symbol
ENSCAFG00000023990	missing_exact_ROS_symbol
ENSCAFG00000024014	missing_exact_ROS_symbol
ENSCAFG00000024028	missing_exact_ROS_symbol
ENSCAFG00000024041	missing_exact_ROS_symbol
ENSCAFG00000024043	missing_exact_ROS_symbol
ENSCAFG00000024084	missing_exact_ROS_symbol
ENSCAFG00000024128	missing_exact_ROS_symbol
ENSCAFG00000024130	missing_exact_ROS_symbol
ENSCAFG00000024146	missing_exact_ROS_symbol
ENSCAFG00000024183	missing_exact_ROS_symbol
ENSCAFG00000024191	missing_exact_ROS_symbol
ENSCAFG00000024198	missing_exact_ROS_symbol
ENSCAFG00000024215	missing_exact_ROS_symbol
ENSCAFG00000024219	missing_exact_ROS_symbol
ENSCAFG00000024255	missing_exact_ROS_symbol
ENSCAFG00000024259	missing_exact_ROS_symbol
ENSCAFG00000024261	missing_exact_ROS_symbol
ENSCAFG00000024271	missing_exact_ROS_symbol
ENSCAFG00000024291	missing_exact_ROS_symbol
ENSCAFG00000024295	missing_exact_ROS_symbol
ENSCAFG00000024322	missing_exact_ROS_symbol
ENSCAFG00000024323	missing_exact_ROS_symbol
ENSCAFG00000024324	missing_exact_ROS_symbol
ENSCAFG00000024332	missing_exact_ROS_symbol
ENSCAFG00000024337	missing_exact_ROS_symbol
ENSCAFG00000024369	missing_exact_ROS_symbol
ENSCAFG00000024379	missing_exact_ROS_symbol
ENSCAFG00000024399	missing_exact_ROS_symbol
ENSCAFG00000024406	missing_exact_ROS_symbol
ENSCAFG00000024412	missing_exact_ROS_symbol
ENSCAFG00000024413	missing_exact_ROS_symbol
ENSCAFG00000024415	missing_exact_ROS_symbol
ENSCAFG00000024425	missing_exact_ROS_symbol
ENSCAFG00000024433	missing_exact_ROS_symbol
ENSCAFG00000024435	missing_exact_ROS_symbol
ENSCAFG00000024445	missing_exact_ROS_symbol
ENSCAFG00000024456	missing_exact_ROS_symbol
ENSCAFG00000024468	missing_exact_ROS_symbol
ENSCAFG00000024474	missing_exact_ROS_symbol
ENSCAFG00000024482	missing_exact_ROS_symbol
ENSCAFG00000024483	missing_exact_ROS_symbol
ENSCAFG00000024491	missing_exact_ROS_symbol
ENSCAFG00000024495	missing_exact_ROS_symbol
ENSCAFG00000024506	missing_exact_ROS_symbol
ENSCAFG00000024514	missing_exact_ROS_symbol
ENSCAFG00000024530	missing_exact_ROS_symbol
ENSCAFG00000024531	missing_exact_ROS_symbol
ENSCAFG00000024583	missing_exact_ROS_symbol
ENSCAFG00000024588	missing_exact_ROS_symbol
ENSCAFG00000024643	missing_exact_ROS_symbol
ENSCAFG00000024644	missing_exact_ROS_symbol
ENSCAFG00000024655	missing_exact_ROS_symbol
ENSCAFG00000024665	missing_exact_ROS_symbol
ENSCAFG00000024667	missing_exact_ROS_symbol
ENSCAFG00000024687	missing_exact_ROS_symbol
ENSCAFG00000024720	missing_exact_ROS_symbol
ENSCAFG00000024745	missing_exact_ROS_symbol
ENSCAFG00000024751	missing_exact_ROS_symbol
ENSCAFG00000024756	missing_exact_ROS_symbol
ENSCAFG00000024768	missing_exact_ROS_symbol
ENSCAFG00000024792	missing_exact_ROS_symbol
ENSCAFG00000024806	missing_exact_ROS_symbol
ENSCAFG00000024810	missing_exact_ROS_symbol
ENSCAFG00000024813	missing_exact_ROS_symbol
ENSCAFG00000024817	missing_exact_ROS_symbol
ENSCAFG00000024837	missing_exact_ROS_symbol
ENSCAFG00000024858	missing_exact_ROS_symbol
ENSCAFG00000024864	missing_exact_ROS_symbol
ENSCAFG00000024882	missing_exact_ROS_symbol
ENSCAFG00000024887	missing_exact_ROS_symbol
ENSCAFG00000024938	missing_exact_ROS_symbol
ENSCAFG00000024969	missing_exact_ROS_symbol
ENSCAFG00000025044	missing_exact_ROS_symbol
ENSCAFG00000025058	missing_exact_ROS_symbol
ENSCAFG00000025063	missing_exact_ROS_symbol
ENSCAFG00000025091	missing_exact_ROS_symbol
ENSCAFG00000025105	missing_exact_ROS_symbol
ENSCAFG00000025112	missing_exact_ROS_symbol
ENSCAFG00000025115	missing_exact_ROS_symbol
ENSCAFG00000025128	missing_exact_ROS_symbol
ENSCAFG00000025131	missing_exact_ROS_symbol
ENSCAFG00000025158	missing_exact_ROS_symbol
ENSCAFG00000025174	missing_exact_ROS_symbol
ENSCAFG00000025180	missing_exact_ROS_symbol
ENSCAFG00000025249	missing_exact_ROS_symbol
ENSCAFG00000025283	missing_exact_ROS_symbol
ENSCAFG00000025295	missing_exact_ROS_symbol
ENSCAFG00000025297	missing_exact_ROS_symbol
ENSCAFG00000025332	missing_exact_ROS_symbol
ENSCAFG00000025361	missing_exact_ROS_symbol
ENSCAFG00000025369	missing_exact_ROS_symbol
ENSCAFG00000025373	missing_exact_ROS_symbol
ENSCAFG00000025404	missing_exact_ROS_symbol
ENSCAFG00000025406	missing_exact_ROS_symbol
ENSCAFG00000025415	missing_exact_ROS_symbol
ENSCAFG00000025467	missing_exact_ROS_symbol
ENSCAFG00000025524	missing_exact_ROS_symbol
ENSCAFG00000025549	missing_exact_ROS_symbol
ENSCAFG00000025589	missing_exact_ROS_symbol
ENSCAFG00000025607	missing_exact_ROS_symbol
ENSCAFG00000028453	missing_exact_ROS_symbol
ENSCAFG00000028473	missing_exact_ROS_symbol
ENSCAFG00000028477	missing_exact_ROS_symbol
ENSCAFG00000028482	missing_exact_ROS_symbol
ENSCAFG00000028484	missing_exact_ROS_symbol
ENSCAFG00000028490	missing_exact_ROS_symbol
ENSCAFG00000028494	missing_exact_ROS_symbol
ENSCAFG00000028506	missing_exact_ROS_symbol
ENSCAFG00000028509	missing_exact_ROS_symbol
ENSCAFG00000028511	missing_exact_ROS_symbol
ENSCAFG00000028512	missing_exact_ROS_symbol
ENSCAFG00000028533	missing_exact_ROS_symbol
ENSCAFG00000028544	missing_exact_ROS_symbol
ENSCAFG00000028548	missing_exact_ROS_symbol
ENSCAFG00000028550	missing_exact_ROS_symbol
ENSCAFG00000028561	missing_exact_ROS_symbol
ENSCAFG00000028587	missing_exact_ROS_symbol
ENSCAFG00000028593	missing_exact_ROS_symbol
ENSCAFG00000028596	missing_exact_ROS_symbol
ENSCAFG00000028601	missing_exact_ROS_symbol
ENSCAFG00000028603	missing_exact_ROS_symbol
ENSCAFG00000028611	missing_exact_ROS_symbol
ENSCAFG00000028612	missing_exact_ROS_symbol
ENSCAFG00000028613	missing_exact_ROS_symbol
ENSCAFG00000028627	missing_exact_ROS_symbol
ENSCAFG00000028642	missing_exact_ROS_symbol
ENSCAFG00000028656	missing_exact_ROS_symbol
ENSCAFG00000028659	missing_exact_ROS_symbol
ENSCAFG00000028693	missing_exact_ROS_symbol
ENSCAFG00000028721	missing_exact_ROS_symbol
ENSCAFG00000028724	missing_exact_ROS_symbol
ENSCAFG00000028733	missing_exact_ROS_symbol
ENSCAFG00000028741	missing_exact_ROS_symbol
ENSCAFG00000028744	missing_exact_ROS_symbol
ENSCAFG00000028760	missing_exact_ROS_symbol
ENSCAFG00000028761	missing_exact_ROS_symbol
ENSCAFG00000028765	missing_exact_ROS_symbol
ENSCAFG00000028769	missing_exact_ROS_symbol
ENSCAFG00000028770	missing_exact_ROS_symbol
ENSCAFG00000028773	missing_exact_ROS_symbol
ENSCAFG00000028778	missing_exact_ROS_symbol
ENSCAFG00000028799	missing_exact_ROS_symbol
ENSCAFG00000028833	missing_exact_ROS_symbol
ENSCAFG00000028835	missing_exact_ROS_symbol
ENSCAFG00000028847	missing_exact_ROS_symbol
ENSCAFG00000028861	missing_exact_ROS_symbol
ENSCAFG00000028864	missing_exact_ROS_symbol
ENSCAFG00000028868	missing_exact_ROS_symbol
ENSCAFG00000028877	missing_exact_ROS_symbol
ENSCAFG00000028878	missing_exact_ROS_symbol
ENSCAFG00000028908	missing_exact_ROS_symbol
ENSCAFG00000028930	missing_exact_ROS_symbol
ENSCAFG00000028932	missing_exact_ROS_symbol
ENSCAFG00000028940	missing_exact_ROS_symbol
ENSCAFG00000028960	missing_exact_ROS_symbol
ENSCAFG00000028979	missing_exact_ROS_symbol
ENSCAFG00000028980	missing_exact_ROS_symbol
ENSCAFG00000028982	missing_exact_ROS_symbol
ENSCAFG00000029003	missing_exact_ROS_symbol
ENSCAFG00000029004	missing_exact_ROS_symbol
ENSCAFG00000029013	missing_exact_ROS_symbol
ENSCAFG00000029025	missing_exact_ROS_symbol
ENSCAFG00000029035	missing_exact_ROS_symbol
ENSCAFG00000029044	missing_exact_ROS_symbol
ENSCAFG00000029046	missing_exact_ROS_symbol
ENSCAFG00000029051	missing_exact_ROS_symbol
ENSCAFG00000029055	missing_exact_ROS_symbol
ENSCAFG00000029058	missing_exact_ROS_symbol
ENSCAFG00000029067	missing_exact_ROS_symbol
ENSCAFG00000029069	missing_exact_ROS_symbol
ENSCAFG00000029072	missing_exact_ROS_symbol
ENSCAFG00000029090	missing_exact_ROS_symbol
ENSCAFG00000029109	missing_exact_ROS_symbol
ENSCAFG00000029124	missing_exact_ROS_symbol
ENSCAFG00000029154	missing_exact_ROS_symbol
ENSCAFG00000029155	missing_exact_ROS_symbol
ENSCAFG00000029162	missing_exact_ROS_symbol
ENSCAFG00000029170	missing_exact_ROS_symbol
ENSCAFG00000029176	missing_exact_ROS_symbol
ENSCAFG00000029180	missing_exact_ROS_symbol
ENSCAFG00000029181	missing_exact_ROS_symbol
ENSCAFG00000029200	missing_exact_ROS_symbol
ENSCAFG00000029206	missing_exact_ROS_symbol
ENSCAFG00000029213	missing_exact_ROS_symbol
ENSCAFG00000029217	missing_exact_ROS_symbol
ENSCAFG00000029259	missing_exact_ROS_symbol
ENSCAFG00000029263	missing_exact_ROS_symbol
ENSCAFG00000029269	missing_exact_ROS_symbol
ENSCAFG00000029288	missing_exact_ROS_symbol
ENSCAFG00000029344	missing_exact_ROS_symbol
ENSCAFG00000029362	missing_exact_ROS_symbol
ENSCAFG00000029395	missing_exact_ROS_symbol
ENSCAFG00000029403	missing_exact_ROS_symbol
ENSCAFG00000029405	missing_exact_ROS_symbol
ENSCAFG00000029414	missing_exact_ROS_symbol
ENSCAFG00000029419	missing_exact_ROS_symbol
ENSCAFG00000029421	missing_exact_ROS_symbol
ENSCAFG00000029422	missing_exact_ROS_symbol
ENSCAFG00000029443	missing_exact_ROS_symbol
ENSCAFG00000029462	missing_exact_ROS_symbol
ENSCAFG00000029467	missing_exact_ROS_symbol
ENSCAFG00000029470	missing_exact_ROS_symbol
ENSCAFG00000029477	missing_exact_ROS_symbol
ENSCAFG00000029502	missing_exact_ROS_symbol
ENSCAFG00000029514	missing_exact_ROS_symbol
ENSCAFG00000029524	missing_exact_ROS_symbol
ENSCAFG00000029533	missing_exact_ROS_symbol
ENSCAFG00000029542	missing_exact_ROS_symbol
ENSCAFG00000029587	missing_exact_ROS_symbol
ENSCAFG00000029624	missing_exact_ROS_symbol
ENSCAFG00000029639	missing_exact_ROS_symbol
ENSCAFG00000029650	missing_exact_ROS_symbol
ENSCAFG00000029651	missing_exact_ROS_symbol
ENSCAFG00000029652	missing_exact_ROS_symbol
ENSCAFG00000029663	missing_exact_ROS_symbol
ENSCAFG00000029671	missing_exact_ROS_symbol
ENSCAFG00000029674	missing_exact_ROS_symbol
ENSCAFG00000029675	missing_exact_ROS_symbol
ENSCAFG00000029682	missing_exact_ROS_symbol
ENSCAFG00000029686	missing_exact_ROS_symbol
ENSCAFG00000029709	missing_exact_ROS_symbol
ENSCAFG00000029724	missing_exact_ROS_symbol
ENSCAFG00000029750	missing_exact_ROS_symbol
ENSCAFG00000029777	missing_exact_ROS_symbol
ENSCAFG00000029830	missing_exact_ROS_symbol
ENSCAFG00000029837	missing_exact_ROS_symbol
ENSCAFG00000029840	missing_exact_ROS_symbol
ENSCAFG00000029858	missing_exact_ROS_symbol
ENSCAFG00000029869	missing_exact_ROS_symbol
ENSCAFG00000029870	missing_exact_ROS_symbol
ENSCAFG00000029884	missing_exact_ROS_symbol
ENSCAFG00000029897	missing_exact_ROS_symbol
ENSCAFG00000029939	missing_exact_ROS_symbol
ENSCAFG00000029967	missing_exact_ROS_symbol
ENSCAFG00000029974	missing_exact_ROS_symbol
ENSCAFG00000029981	missing_exact_ROS_symbol
ENSCAFG00000029992	missing_exact_ROS_symbol
ENSCAFG00000030005	missing_exact_ROS_symbol
ENSCAFG00000030010	missing_exact_ROS_symbol
ENSCAFG00000030034	missing_exact_ROS_symbol
ENSCAFG00000030049	missing_exact_ROS_symbol
ENSCAFG00000030059	missing_exact_ROS_symbol
ENSCAFG00000030062	missing_exact_ROS_symbol
ENSCAFG00000030077	missing_exact_ROS_symbol
ENSCAFG00000030083	missing_exact_ROS_symbol
ENSCAFG00000030087	missing_exact_ROS_symbol
ENSCAFG00000030089	missing_exact_ROS_symbol
ENSCAFG00000030091	missing_exact_ROS_symbol
ENSCAFG00000030097	missing_exact_ROS_symbol
ENSCAFG00000030143	missing_exact_ROS_symbol
ENSCAFG00000030158	missing_exact_ROS_symbol
ENSCAFG00000030161	missing_exact_ROS_symbol
ENSCAFG00000030164	missing_exact_ROS_symbol
ENSCAFG00000030168	missing_exact_ROS_symbol
ENSCAFG00000030172	missing_exact_ROS_symbol
ENSCAFG00000030184	missing_exact_ROS_symbol
ENSCAFG00000030195	missing_exact_ROS_symbol
ENSCAFG00000030206	missing_exact_ROS_symbol
ENSCAFG00000030215	missing_exact_ROS_symbol
ENSCAFG00000030220	missing_exact_ROS_symbol
ENSCAFG00000030235	missing_exact_ROS_symbol
ENSCAFG00000030257	missing_exact_ROS_symbol
ENSCAFG00000030258	missing_exact_ROS_symbol
ENSCAFG00000030265	missing_exact_ROS_symbol
ENSCAFG00000030287	missing_exact_ROS_symbol
ENSCAFG00000030299	missing_exact_ROS_symbol
ENSCAFG00000030310	missing_exact_ROS_symbol
ENSCAFG00000030317	missing_exact_ROS_symbol
ENSCAFG00000030323	missing_exact_ROS_symbol
ENSCAFG00000030331	missing_exact_ROS_symbol
ENSCAFG00000030354	missing_exact_ROS_symbol
ENSCAFG00000030359	missing_exact_ROS_symbol
ENSCAFG00000030360	missing_exact_ROS_symbol
ENSCAFG00000030361	missing_exact_ROS_symbol
ENSCAFG00000030375	missing_exact_ROS_symbol
ENSCAFG00000030395	missing_exact_ROS_symbol
ENSCAFG00000030414	missing_exact_ROS_symbol
ENSCAFG00000030425	missing_exact_ROS_symbol
ENSCAFG00000030431	missing_exact_ROS_symbol
ENSCAFG00000030459	missing_exact_ROS_symbol
ENSCAFG00000030466	missing_exact_ROS_symbol
ENSCAFG00000030475	missing_exact_ROS_symbol
ENSCAFG00000030477	missing_exact_ROS_symbol
ENSCAFG00000030501	missing_exact_ROS_symbol
ENSCAFG00000030502	missing_exact_ROS_symbol
ENSCAFG00000030509	missing_exact_ROS_symbol
ENSCAFG00000030522	missing_exact_ROS_symbol
ENSCAFG00000030524	missing_exact_ROS_symbol
ENSCAFG00000030556	missing_exact_ROS_symbol
ENSCAFG00000030568	missing_exact_ROS_symbol
ENSCAFG00000030588	missing_exact_ROS_symbol
ENSCAFG00000030591	missing_exact_ROS_symbol
ENSCAFG00000030603	missing_exact_ROS_symbol
ENSCAFG00000030635	missing_exact_ROS_symbol
ENSCAFG00000030648	missing_exact_ROS_symbol
ENSCAFG00000030667	missing_exact_ROS_symbol
ENSCAFG00000030708	missing_exact_ROS_symbol
ENSCAFG00000030711	missing_exact_ROS_symbol
ENSCAFG00000030822	missing_exact_ROS_symbol
ENSCAFG00000030829	missing_exact_ROS_symbol
ENSCAFG00000030858	missing_exact_ROS_symbol
ENSCAFG00000030859	missing_exact_ROS_symbol
ENSCAFG00000030873	missing_exact_ROS_symbol
ENSCAFG00000030875	missing_exact_ROS_symbol
ENSCAFG00000030894	missing_exact_ROS_symbol
ENSCAFG00000030907	missing_exact_ROS_symbol
ENSCAFG00000030940	missing_exact_ROS_symbol
ENSCAFG00000030944	missing_exact_ROS_symbol
ENSCAFG00000030973	missing_exact_ROS_symbol
ENSCAFG00000030979	missing_exact_ROS_symbol
ENSCAFG00000031003	missing_exact_ROS_symbol
ENSCAFG00000031019	missing_exact_ROS_symbol
ENSCAFG00000031023	missing_exact_ROS_symbol
ENSCAFG00000031062	missing_exact_ROS_symbol
ENSCAFG00000031118	missing_exact_ROS_symbol
ENSCAFG00000031151	missing_exact_ROS_symbol
ENSCAFG00000031160	missing_exact_ROS_symbol
ENSCAFG00000031202	missing_exact_ROS_symbol
ENSCAFG00000031222	missing_exact_ROS_symbol
ENSCAFG00000031239	missing_exact_ROS_symbol
ENSCAFG00000031244	missing_exact_ROS_symbol
ENSCAFG00000031273	missing_exact_ROS_symbol
ENSCAFG00000031278	missing_exact_ROS_symbol
ENSCAFG00000031285	missing_exact_ROS_symbol
ENSCAFG00000031286	missing_exact_ROS_symbol
ENSCAFG00000031295	missing_exact_ROS_symbol
ENSCAFG00000031309	missing_exact_ROS_symbol
ENSCAFG00000031324	missing_exact_ROS_symbol
ENSCAFG00000031333	missing_exact_ROS_symbol
ENSCAFG00000031337	missing_exact_ROS_symbol
ENSCAFG00000031344	missing_exact_ROS_symbol
ENSCAFG00000031349	missing_exact_ROS_symbol
ENSCAFG00000031355	missing_exact_ROS_symbol
ENSCAFG00000031375	missing_exact_ROS_symbol
ENSCAFG00000031378	missing_exact_ROS_symbol
ENSCAFG00000031403	missing_exact_ROS_symbol
ENSCAFG00000031406	missing_exact_ROS_symbol
ENSCAFG00000031415	missing_exact_ROS_symbol
ENSCAFG00000031454	missing_exact_ROS_symbol
ENSCAFG00000031458	missing_exact_ROS_symbol
ENSCAFG00000031469	missing_exact_ROS_symbol
ENSCAFG00000031476	missing_exact_ROS_symbol
ENSCAFG00000031478	missing_exact_ROS_symbol
ENSCAFG00000031481	missing_exact_ROS_symbol
ENSCAFG00000031506	missing_exact_ROS_symbol
ENSCAFG00000031531	missing_exact_ROS_symbol
ENSCAFG00000031537	missing_exact_ROS_symbol
ENSCAFG00000031543	missing_exact_ROS_symbol
ENSCAFG00000031581	missing_exact_ROS_symbol
ENSCAFG00000031583	missing_exact_ROS_symbol
ENSCAFG00000031588	missing_exact_ROS_symbol
ENSCAFG00000031628	missing_exact_ROS_symbol
ENSCAFG00000031632	missing_exact_ROS_symbol
ENSCAFG00000031648	missing_exact_ROS_symbol
ENSCAFG00000031661	missing_exact_ROS_symbol
ENSCAFG00000031673	missing_exact_ROS_symbol
ENSCAFG00000031682	missing_exact_ROS_symbol
ENSCAFG00000031686	missing_exact_ROS_symbol
ENSCAFG00000031706	missing_exact_ROS_symbol
ENSCAFG00000031711	missing_exact_ROS_symbol
ENSCAFG00000031731	missing_exact_ROS_symbol
ENSCAFG00000031764	missing_exact_ROS_symbol
ENSCAFG00000031771	missing_exact_ROS_symbol
ENSCAFG00000031775	missing_exact_ROS_symbol
ENSCAFG00000031795	missing_exact_ROS_symbol
ENSCAFG00000031806	missing_exact_ROS_symbol
ENSCAFG00000031827	missing_exact_ROS_symbol
ENSCAFG00000031840	missing_exact_ROS_symbol
ENSCAFG00000031848	missing_exact_ROS_symbol
ENSCAFG00000031852	missing_exact_ROS_symbol
ENSCAFG00000031862	missing_exact_ROS_symbol
ENSCAFG00000031907	missing_exact_ROS_symbol
ENSCAFG00000031912	missing_exact_ROS_symbol
ENSCAFG00000031914	missing_exact_ROS_symbol
ENSCAFG00000031923	missing_exact_ROS_symbol
ENSCAFG00000031933	missing_exact_ROS_symbol
ENSCAFG00000031934	missing_exact_ROS_symbol
ENSCAFG00000031952	missing_exact_ROS_symbol
ENSCAFG00000031958	missing_exact_ROS_symbol
ENSCAFG00000032005	missing_exact_ROS_symbol
ENSCAFG00000032012	missing_exact_ROS_symbol
ENSCAFG00000032015	missing_exact_ROS_symbol
ENSCAFG00000032016	missing_exact_ROS_symbol
ENSCAFG00000032029	missing_exact_ROS_symbol
ENSCAFG00000032034	missing_exact_ROS_symbol
ENSCAFG00000032036	missing_exact_ROS_symbol
ENSCAFG00000032043	missing_exact_ROS_symbol
ENSCAFG00000032048	missing_exact_ROS_symbol
ENSCAFG00000032054	missing_exact_ROS_symbol
ENSCAFG00000032063	missing_exact_ROS_symbol
ENSCAFG00000032078	missing_exact_ROS_symbol
ENSCAFG00000032088	missing_exact_ROS_symbol
ENSCAFG00000032099	missing_exact_ROS_symbol
ENSCAFG00000032101	missing_exact_ROS_symbol
ENSCAFG00000032122	missing_exact_ROS_symbol
ENSCAFG00000032162	missing_exact_ROS_symbol
ENSCAFG00000032173	missing_exact_ROS_symbol
ENSCAFG00000032176	missing_exact_ROS_symbol
ENSCAFG00000032179	missing_exact_ROS_symbol
ENSCAFG00000032180	missing_exact_ROS_symbol
ENSCAFG00000032220	missing_exact_ROS_symbol
ENSCAFG00000032226	missing_exact_ROS_symbol
ENSCAFG00000032230	missing_exact_ROS_symbol
ENSCAFG00000032238	missing_exact_ROS_symbol
ENSCAFG00000032249	missing_exact_ROS_symbol
ENSCAFG00000032253	missing_exact_ROS_symbol
ENSCAFG00000032286	missing_exact_ROS_symbol
ENSCAFG00000032295	missing_exact_ROS_symbol
ENSCAFG00000032297	missing_exact_ROS_symbol
ENSCAFG00000032306	missing_exact_ROS_symbol
ENSCAFG00000032308	missing_exact_ROS_symbol
ENSCAFG00000032318	missing_exact_ROS_symbol
ENSCAFG00000032328	missing_exact_ROS_symbol
ENSCAFG00000032335	missing_exact_ROS_symbol
ENSCAFG00000032358	missing_exact_ROS_symbol
ENSCAFG00000032363	missing_exact_ROS_symbol
ENSCAFG00000032392	missing_exact_ROS_symbol
ENSCAFG00000032396	missing_exact_ROS_symbol
ENSCAFG00000032401	missing_exact_ROS_symbol
ENSCAFG00000032406	missing_exact_ROS_symbol
ENSCAFG00000032448	missing_exact_ROS_symbol
ENSCAFG00000032470	missing_exact_ROS_symbol
ENSCAFG00000032474	missing_exact_ROS_symbol
ENSCAFG00000032488	missing_exact_ROS_symbol
ENSCAFG00000032531	missing_exact_ROS_symbol
ENSCAFG00000032537	missing_exact_ROS_symbol
ENSCAFG00000032553	missing_exact_ROS_symbol
ENSCAFG00000032571	missing_exact_ROS_symbol
ENSCAFG00000032576	missing_exact_ROS_symbol
ENSCAFG00000032585	missing_exact_ROS_symbol
ENSCAFG00000032600	missing_exact_ROS_symbol
ENSCAFG00000032614	missing_exact_ROS_symbol
ENSCAFG00000032615	missing_exact_ROS_symbol
ENSCAFG00000032627	missing_exact_ROS_symbol
ENSCAFG00000032636	missing_exact_ROS_symbol
ENSCAFG00000032642	missing_exact_ROS_symbol
ENSCAFG00000032662	missing_exact_ROS_symbol
ENSCAFG00000032664	missing_exact_ROS_symbol
ENSCAFG00000032728	missing_exact_ROS_symbol
ENSCAFG00000032730	missing_exact_ROS_symbol
ENSCAFG00000032731	missing_exact_ROS_symbol
ENSCAFG00000032762	missing_exact_ROS_symbol
ENSCAFG00000033667	missing_exact_ROS_symbol
ENSCAFG00000034918	missing_exact_ROS_symbol
ENSCAFG00000035134	missing_exact_ROS_symbol
ENSCAFG00000035349	missing_exact_ROS_symbol
ENSCAFG00000035509	missing_exact_ROS_symbol
ENSCAFG00000035539	missing_exact_ROS_symbol
ENSCAFG00000036621	missing_exact_ROS_symbol
ENSCAFG00000037735	missing_exact_ROS_symbol
ENSCAFG00000039767	missing_exact_ROS_symbol
ENSCAFG00000040846	missing_exact_ROS_symbol
ENSCAFG00000040975	missing_exact_ROS_symbol
ENSCAFG00000040986	missing_exact_ROS_symbol
ENSCAFG00000040990	missing_exact_ROS_symbol
ENSCAFG00000041009	missing_exact_ROS_symbol
ENSCAFG00000041010	missing_exact_ROS_symbol
ENSCAFG00000041016	missing_exact_ROS_symbol
ENSCAFG00000041056	missing_exact_ROS_symbol
ENSCAFG00000041062	missing_exact_ROS_symbol
ENSCAFG00000041082	missing_exact_ROS_symbol
ENSCAFG00000041091	missing_exact_ROS_symbol
ENSCAFG00000041096	missing_exact_ROS_symbol
ENSCAFG00000041097	missing_exact_ROS_symbol
ENSCAFG00000041100	missing_exact_ROS_symbol
ENSCAFG00000041107	missing_exact_ROS_symbol
ENSCAFG00000041137	missing_exact_ROS_symbol
ENSCAFG00000041140	missing_exact_ROS_symbol
ENSCAFG00000041141	missing_exact_ROS_symbol
ENSCAFG00000041146	missing_exact_ROS_symbol
ENSCAFG00000041170	missing_exact_ROS_symbol
ENSCAFG00000041176	missing_exact_ROS_symbol
ENSCAFG00000041189	missing_exact_ROS_symbol
ENSCAFG00000041204	missing_exact_ROS_symbol
ENSCAFG00000041232	missing_exact_ROS_symbol
ENSCAFG00000041242	missing_exact_ROS_symbol
ENSCAFG00000041248	missing_exact_ROS_symbol
ENSCAFG00000041257	missing_exact_ROS_symbol
ENSCAFG00000041263	missing_exact_ROS_symbol
ENSCAFG00000041268	missing_exact_ROS_symbol
ENSCAFG00000041271	missing_exact_ROS_symbol
ENSCAFG00000041293	missing_exact_ROS_symbol
ENSCAFG00000041296	missing_exact_ROS_symbol
ENSCAFG00000041353	missing_exact_ROS_symbol
ENSCAFG00000041354	missing_exact_ROS_symbol
ENSCAFG00000041361	missing_exact_ROS_symbol
ENSCAFG00000041373	missing_exact_ROS_symbol
ENSCAFG00000041379	missing_exact_ROS_symbol
ENSCAFG00000041383	missing_exact_ROS_symbol
ENSCAFG00000041390	missing_exact_ROS_symbol
ENSCAFG00000041410	missing_exact_ROS_symbol
ENSCAFG00000041427	missing_exact_ROS_symbol
ENSCAFG00000041436	missing_exact_ROS_symbol
ENSCAFG00000041466	missing_exact_ROS_symbol
ENSCAFG00000041482	missing_exact_ROS_symbol
ENSCAFG00000041493	missing_exact_ROS_symbol
ENSCAFG00000041498	missing_exact_ROS_symbol
ENSCAFG00000041503	missing_exact_ROS_symbol
ENSCAFG00000041508	missing_exact_ROS_symbol
ENSCAFG00000041510	missing_exact_ROS_symbol
ENSCAFG00000041574	missing_exact_ROS_symbol
ENSCAFG00000041607	missing_exact_ROS_symbol
ENSCAFG00000041628	missing_exact_ROS_symbol
ENSCAFG00000041665	missing_exact_ROS_symbol
ENSCAFG00000041666	missing_exact_ROS_symbol
ENSCAFG00000041675	missing_exact_ROS_symbol
ENSCAFG00000041731	missing_exact_ROS_symbol
ENSCAFG00000041732	missing_exact_ROS_symbol
ENSCAFG00000041733	missing_exact_ROS_symbol
ENSCAFG00000041734	missing_exact_ROS_symbol
ENSCAFG00000041746	missing_exact_ROS_symbol
ENSCAFG00000041766	missing_exact_ROS_symbol
ENSCAFG00000041773	missing_exact_ROS_symbol
ENSCAFG00000041774	missing_exact_ROS_symbol
ENSCAFG00000041782	missing_exact_ROS_symbol
ENSCAFG00000041788	missing_exact_ROS_symbol
ENSCAFG00000041789	missing_exact_ROS_symbol
ENSCAFG00000041803	missing_exact_ROS_symbol
ENSCAFG00000041809	missing_exact_ROS_symbol
ENSCAFG00000041860	missing_exact_ROS_symbol
ENSCAFG00000041885	missing_exact_ROS_symbol
ENSCAFG00000041887	missing_exact_ROS_symbol
ENSCAFG00000041898	missing_exact_ROS_symbol
ENSCAFG00000041930	missing_exact_ROS_symbol
ENSCAFG00000041938	missing_exact_ROS_symbol
ENSCAFG00000041952	missing_exact_ROS_symbol
ENSCAFG00000041961	missing_exact_ROS_symbol
ENSCAFG00000041966	missing_exact_ROS_symbol
ENSCAFG00000041996	missing_exact_ROS_symbol
ENSCAFG00000042018	missing_exact_ROS_symbol
ENSCAFG00000042021	missing_exact_ROS_symbol
ENSCAFG00000042023	missing_exact_ROS_symbol
ENSCAFG00000042031	missing_exact_ROS_symbol
ENSCAFG00000042036	missing_exact_ROS_symbol
ENSCAFG00000042041	missing_exact_ROS_symbol
ENSCAFG00000042055	missing_exact_ROS_symbol
ENSCAFG00000042058	missing_exact_ROS_symbol
ENSCAFG00000042064	missing_exact_ROS_symbol
ENSCAFG00000042074	missing_exact_ROS_symbol
ENSCAFG00000042077	missing_exact_ROS_symbol
ENSCAFG00000042079	missing_exact_ROS_symbol
ENSCAFG00000042084	missing_exact_ROS_symbol
ENSCAFG00000042088	missing_exact_ROS_symbol
ENSCAFG00000042111	missing_exact_ROS_symbol
ENSCAFG00000042126	missing_exact_ROS_symbol
ENSCAFG00000042167	missing_exact_ROS_symbol
ENSCAFG00000042169	missing_exact_ROS_symbol
ENSCAFG00000042176	missing_exact_ROS_symbol
ENSCAFG00000042186	missing_exact_ROS_symbol
ENSCAFG00000042209	missing_exact_ROS_symbol
ENSCAFG00000042212	missing_exact_ROS_symbol
ENSCAFG00000042216	missing_exact_ROS_symbol
ENSCAFG00000042242	missing_exact_ROS_symbol
ENSCAFG00000042261	missing_exact_ROS_symbol
ENSCAFG00000042268	missing_exact_ROS_symbol
ENSCAFG00000042278	missing_exact_ROS_symbol
ENSCAFG00000042285	missing_exact_ROS_symbol
ENSCAFG00000042292	missing_exact_ROS_symbol
ENSCAFG00000042304	missing_exact_ROS_symbol
ENSCAFG00000042311	missing_exact_ROS_symbol
ENSCAFG00000042328	missing_exact_ROS_symbol
ENSCAFG00000042339	missing_exact_ROS_symbol
ENSCAFG00000042345	missing_exact_ROS_symbol
ENSCAFG00000042347	missing_exact_ROS_symbol
ENSCAFG00000042348	missing_exact_ROS_symbol
ENSCAFG00000042364	missing_exact_ROS_symbol
ENSCAFG00000042387	missing_exact_ROS_symbol
ENSCAFG00000042389	missing_exact_ROS_symbol
ENSCAFG00000042390	missing_exact_ROS_symbol
ENSCAFG00000042455	missing_exact_ROS_symbol
ENSCAFG00000042469	missing_exact_ROS_symbol
ENSCAFG00000042472	missing_exact_ROS_symbol
ENSCAFG00000042477	missing_exact_ROS_symbol
ENSCAFG00000042504	missing_exact_ROS_symbol
ENSCAFG00000042527	missing_exact_ROS_symbol
ENSCAFG00000042528	missing_exact_ROS_symbol
ENSCAFG00000042532	missing_exact_ROS_symbol
ENSCAFG00000042547	missing_exact_ROS_symbol
ENSCAFG00000042548	missing_exact_ROS_symbol
ENSCAFG00000042550	missing_exact_ROS_symbol
ENSCAFG00000042554	missing_exact_ROS_symbol
ENSCAFG00000042558	missing_exact_ROS_symbol
ENSCAFG00000042564	missing_exact_ROS_symbol
ENSCAFG00000042570	missing_exact_ROS_symbol
ENSCAFG00000042572	missing_exact_ROS_symbol
ENSCAFG00000042590	missing_exact_ROS_symbol
ENSCAFG00000042592	missing_exact_ROS_symbol
ENSCAFG00000042598	missing_exact_ROS_symbol
ENSCAFG00000042602	missing_exact_ROS_symbol
ENSCAFG00000042608	missing_exact_ROS_symbol
ENSCAFG00000042622	missing_exact_ROS_symbol
ENSCAFG00000042640	missing_exact_ROS_symbol
ENSCAFG00000042645	missing_exact_ROS_symbol
ENSCAFG00000042669	missing_exact_ROS_symbol
ENSCAFG00000042696	missing_exact_ROS_symbol
ENSCAFG00000042701	missing_exact_ROS_symbol
ENSCAFG00000042715	missing_exact_ROS_symbol
ENSCAFG00000042737	missing_exact_ROS_symbol
ENSCAFG00000042747	missing_exact_ROS_symbol
ENSCAFG00000042754	missing_exact_ROS_symbol
ENSCAFG00000042771	missing_exact_ROS_symbol
ENSCAFG00000042786	missing_exact_ROS_symbol
ENSCAFG00000042798	missing_exact_ROS_symbol
ENSCAFG00000042809	missing_exact_ROS_symbol
ENSCAFG00000042810	missing_exact_ROS_symbol
ENSCAFG00000042822	missing_exact_ROS_symbol
ENSCAFG00000042835	missing_exact_ROS_symbol
ENSCAFG00000042871	missing_exact_ROS_symbol
ENSCAFG00000042877	missing_exact_ROS_symbol
ENSCAFG00000042909	missing_exact_ROS_symbol
ENSCAFG00000042934	missing_exact_ROS_symbol
ENSCAFG00000042945	missing_exact_ROS_symbol
ENSCAFG00000042952	missing_exact_ROS_symbol
ENSCAFG00000042967	missing_exact_ROS_symbol
ENSCAFG00000042970	missing_exact_ROS_symbol
ENSCAFG00000043016	missing_exact_ROS_symbol
ENSCAFG00000043048	missing_exact_ROS_symbol
ENSCAFG00000043049	missing_exact_ROS_symbol
ENSCAFG00000043059	missing_exact_ROS_symbol
ENSCAFG00000043090	missing_exact_ROS_symbol
ENSCAFG00000043094	missing_exact_ROS_symbol
ENSCAFG00000043115	missing_exact_ROS_symbol
ENSCAFG00000043118	missing_exact_ROS_symbol
ENSCAFG00000043121	missing_exact_ROS_symbol
ENSCAFG00000043144	missing_exact_ROS_symbol
ENSCAFG00000043156	missing_exact_ROS_symbol
ENSCAFG00000043160	missing_exact_ROS_symbol
ENSCAFG00000043167	missing_exact_ROS_symbol
ENSCAFG00000043173	missing_exact_ROS_symbol
ENSCAFG00000043184	missing_exact_ROS_symbol
ENSCAFG00000043193	missing_exact_ROS_symbol
ENSCAFG00000043201	missing_exact_ROS_symbol
ENSCAFG00000043222	missing_exact_ROS_symbol
ENSCAFG00000043232	missing_exact_ROS_symbol
ENSCAFG00000043233	missing_exact_ROS_symbol
ENSCAFG00000043251	missing_exact_ROS_symbol
ENSCAFG00000043259	missing_exact_ROS_symbol
ENSCAFG00000043266	missing_exact_ROS_symbol
ENSCAFG00000043280	missing_exact_ROS_symbol
ENSCAFG00000043314	missing_exact_ROS_symbol
ENSCAFG00000043319	missing_exact_ROS_symbol
ENSCAFG00000043327	missing_exact_ROS_symbol
ENSCAFG00000043332	missing_exact_ROS_symbol
ENSCAFG00000043343	missing_exact_ROS_symbol
ENSCAFG00000043350	missing_exact_ROS_symbol
ENSCAFG00000043360	missing_exact_ROS_symbol
ENSCAFG00000043413	missing_exact_ROS_symbol
ENSCAFG00000043418	missing_exact_ROS_symbol
ENSCAFG00000043421	missing_exact_ROS_symbol
ENSCAFG00000043434	missing_exact_ROS_symbol
ENSCAFG00000043450	missing_exact_ROS_symbol
ENSCAFG00000043472	missing_exact_ROS_symbol
ENSCAFG00000043478	missing_exact_ROS_symbol
ENSCAFG00000043483	missing_exact_ROS_symbol
ENSCAFG00000043492	missing_exact_ROS_symbol
ENSCAFG00000043502	missing_exact_ROS_symbol
ENSCAFG00000043504	missing_exact_ROS_symbol
ENSCAFG00000043519	missing_exact_ROS_symbol
ENSCAFG00000043522	missing_exact_ROS_symbol
ENSCAFG00000043529	missing_exact_ROS_symbol
ENSCAFG00000043550	missing_exact_ROS_symbol
ENSCAFG00000043577	missing_exact_ROS_symbol
ENSCAFG00000043589	missing_exact_ROS_symbol
ENSCAFG00000043594	missing_exact_ROS_symbol
ENSCAFG00000043604	missing_exact_ROS_symbol
ENSCAFG00000043606	missing_exact_ROS_symbol
ENSCAFG00000043612	missing_exact_ROS_symbol
ENSCAFG00000043614	missing_exact_ROS_symbol
ENSCAFG00000043616	missing_exact_ROS_symbol
ENSCAFG00000043621	missing_exact_ROS_symbol
ENSCAFG00000043633	missing_exact_ROS_symbol
ENSCAFG00000043645	missing_exact_ROS_symbol
ENSCAFG00000043646	missing_exact_ROS_symbol
ENSCAFG00000043654	missing_exact_ROS_symbol
ENSCAFG00000043705	missing_exact_ROS_symbol
ENSCAFG00000043718	missing_exact_ROS_symbol
ENSCAFG00000043720	missing_exact_ROS_symbol
ENSCAFG00000043730	missing_exact_ROS_symbol
ENSCAFG00000043740	missing_exact_ROS_symbol
ENSCAFG00000043759	missing_exact_ROS_symbol
ENSCAFG00000043772	missing_exact_ROS_symbol
ENSCAFG00000043788	missing_exact_ROS_symbol
ENSCAFG00000043791	missing_exact_ROS_symbol
ENSCAFG00000043803	missing_exact_ROS_symbol
ENSCAFG00000043816	missing_exact_ROS_symbol
ENSCAFG00000043820	missing_exact_ROS_symbol
ENSCAFG00000043821	missing_exact_ROS_symbol
ENSCAFG00000043839	missing_exact_ROS_symbol
ENSCAFG00000043851	missing_exact_ROS_symbol
ENSCAFG00000043856	missing_exact_ROS_symbol
ENSCAFG00000043857	missing_exact_ROS_symbol
ENSCAFG00000043862	missing_exact_ROS_symbol
ENSCAFG00000043872	missing_exact_ROS_symbol
ENSCAFG00000043905	missing_exact_ROS_symbol
ENSCAFG00000043906	missing_exact_ROS_symbol
ENSCAFG00000043911	missing_exact_ROS_symbol
ENSCAFG00000043918	missing_exact_ROS_symbol
ENSCAFG00000043922	missing_exact_ROS_symbol
ENSCAFG00000043925	missing_exact_ROS_symbol
ENSCAFG00000043942	missing_exact_ROS_symbol
ENSCAFG00000043960	missing_exact_ROS_symbol
ENSCAFG00000043961	missing_exact_ROS_symbol
ENSCAFG00000043982	missing_exact_ROS_symbol
ENSCAFG00000043995	missing_exact_ROS_symbol
ENSCAFG00000044003	missing_exact_ROS_symbol
ENSCAFG00000044010	missing_exact_ROS_symbol
ENSCAFG00000044026	missing_exact_ROS_symbol
ENSCAFG00000044031	missing_exact_ROS_symbol
ENSCAFG00000044033	missing_exact_ROS_symbol
ENSCAFG00000044043	missing_exact_ROS_symbol
ENSCAFG00000044046	missing_exact_ROS_symbol
ENSCAFG00000044053	missing_exact_ROS_symbol
ENSCAFG00000044075	missing_exact_ROS_symbol
ENSCAFG00000044092	missing_exact_ROS_symbol
ENSCAFG00000044122	missing_exact_ROS_symbol
ENSCAFG00000044133	missing_exact_ROS_symbol
ENSCAFG00000044137	missing_exact_ROS_symbol
ENSCAFG00000044143	missing_exact_ROS_symbol
ENSCAFG00000044149	missing_exact_ROS_symbol
ENSCAFG00000044178	missing_exact_ROS_symbol
ENSCAFG00000044226	missing_exact_ROS_symbol
ENSCAFG00000044227	missing_exact_ROS_symbol
ENSCAFG00000044235	missing_exact_ROS_symbol
ENSCAFG00000044246	missing_exact_ROS_symbol
ENSCAFG00000044253	missing_exact_ROS_symbol
ENSCAFG00000044261	missing_exact_ROS_symbol
ENSCAFG00000044295	missing_exact_ROS_symbol
ENSCAFG00000044300	missing_exact_ROS_symbol
ENSCAFG00000044317	missing_exact_ROS_symbol
ENSCAFG00000044361	missing_exact_ROS_symbol
ENSCAFG00000044380	missing_exact_ROS_symbol
ENSCAFG00000044395	missing_exact_ROS_symbol
ENSCAFG00000044398	missing_exact_ROS_symbol
ENSCAFG00000044426	missing_exact_ROS_symbol
ENSCAFG00000044430	missing_exact_ROS_symbol
ENSCAFG00000044469	missing_exact_ROS_symbol
ENSCAFG00000044475	missing_exact_ROS_symbol
ENSCAFG00000044478	missing_exact_ROS_symbol
ENSCAFG00000044483	missing_exact_ROS_symbol
ENSCAFG00000044493	missing_exact_ROS_symbol
ENSCAFG00000044547	missing_exact_ROS_symbol
ENSCAFG00000044564	missing_exact_ROS_symbol
ENSCAFG00000044610	missing_exact_ROS_symbol
ENSCAFG00000044623	missing_exact_ROS_symbol
ENSCAFG00000044628	missing_exact_ROS_symbol
ENSCAFG00000044667	missing_exact_ROS_symbol
ENSCAFG00000044673	missing_exact_ROS_symbol
ENSCAFG00000044677	missing_exact_ROS_symbol
ENSCAFG00000044682	missing_exact_ROS_symbol
ENSCAFG00000044694	missing_exact_ROS_symbol
ENSCAFG00000044726	missing_exact_ROS_symbol
ENSCAFG00000044731	missing_exact_ROS_symbol
ENSCAFG00000044733	missing_exact_ROS_symbol
ENSCAFG00000044740	missing_exact_ROS_symbol
ENSCAFG00000044763	missing_exact_ROS_symbol
ENSCAFG00000044776	missing_exact_ROS_symbol
ENSCAFG00000044788	missing_exact_ROS_symbol
ENSCAFG00000044804	missing_exact_ROS_symbol
ENSCAFG00000044806	missing_exact_ROS_symbol
ENSCAFG00000044812	missing_exact_ROS_symbol
ENSCAFG00000044824	missing_exact_ROS_symbol
ENSCAFG00000044849	missing_exact_ROS_symbol
ENSCAFG00000044852	missing_exact_ROS_symbol
ENSCAFG00000044854	missing_exact_ROS_symbol
ENSCAFG00000044861	missing_exact_ROS_symbol
ENSCAFG00000044862	missing_exact_ROS_symbol
ENSCAFG00000044872	missing_exact_ROS_symbol
ENSCAFG00000044875	missing_exact_ROS_symbol
ENSCAFG00000044878	missing_exact_ROS_symbol
ENSCAFG00000044891	missing_exact_ROS_symbol
ENSCAFG00000044893	missing_exact_ROS_symbol
ENSCAFG00000044894	missing_exact_ROS_symbol
ENSCAFG00000044898	missing_exact_ROS_symbol
ENSCAFG00000044907	missing_exact_ROS_symbol
ENSCAFG00000044911	missing_exact_ROS_symbol
ENSCAFG00000044916	missing_exact_ROS_symbol
ENSCAFG00000044918	missing_exact_ROS_symbol
ENSCAFG00000044963	missing_exact_ROS_symbol
ENSCAFG00000045001	missing_exact_ROS_symbol
ENSCAFG00000045004	missing_exact_ROS_symbol
ENSCAFG00000045013	missing_exact_ROS_symbol
ENSCAFG00000045014	missing_exact_ROS_symbol
ENSCAFG00000045019	missing_exact_ROS_symbol
ENSCAFG00000045021	missing_exact_ROS_symbol
ENSCAFG00000045033	missing_exact_ROS_symbol
ENSCAFG00000045038	missing_exact_ROS_symbol
ENSCAFG00000045070	missing_exact_ROS_symbol
ENSCAFG00000045085	missing_exact_ROS_symbol
ENSCAFG00000045108	missing_exact_ROS_symbol
ENSCAFG00000045114	missing_exact_ROS_symbol
ENSCAFG00000045130	missing_exact_ROS_symbol
ENSCAFG00000045133	missing_exact_ROS_symbol
ENSCAFG00000045148	missing_exact_ROS_symbol
ENSCAFG00000045155	missing_exact_ROS_symbol
ENSCAFG00000045160	missing_exact_ROS_symbol
ENSCAFG00000045167	missing_exact_ROS_symbol
ENSCAFG00000045182	missing_exact_ROS_symbol
ENSCAFG00000045224	missing_exact_ROS_symbol
ENSCAFG00000045232	missing_exact_ROS_symbol
ENSCAFG00000045242	missing_exact_ROS_symbol
ENSCAFG00000045246	missing_exact_ROS_symbol
ENSCAFG00000045251	missing_exact_ROS_symbol
ENSCAFG00000045253	missing_exact_ROS_symbol
ENSCAFG00000045258	missing_exact_ROS_symbol
ENSCAFG00000045275	missing_exact_ROS_symbol
ENSCAFG00000045287	missing_exact_ROS_symbol
ENSCAFG00000045297	missing_exact_ROS_symbol
ENSCAFG00000045298	missing_exact_ROS_symbol
ENSCAFG00000045310	missing_exact_ROS_symbol
ENSCAFG00000045318	missing_exact_ROS_symbol
ENSCAFG00000045321	missing_exact_ROS_symbol
ENSCAFG00000045329	missing_exact_ROS_symbol
ENSCAFG00000045333	missing_exact_ROS_symbol
ENSCAFG00000045334	missing_exact_ROS_symbol
ENSCAFG00000045340	missing_exact_ROS_symbol
ENSCAFG00000045360	missing_exact_ROS_symbol
ENSCAFG00000045380	missing_exact_ROS_symbol
ENSCAFG00000045397	missing_exact_ROS_symbol
ENSCAFG00000045409	missing_exact_ROS_symbol
ENSCAFG00000045428	missing_exact_ROS_symbol
ENSCAFG00000045439	missing_exact_ROS_symbol
ENSCAFG00000045440	missing_exact_ROS_symbol
ENSCAFG00000045453	missing_exact_ROS_symbol
ENSCAFG00000045488	missing_exact_ROS_symbol
ENSCAFG00000045495	missing_exact_ROS_symbol
ENSCAFG00000045519	missing_exact_ROS_symbol
ENSCAFG00000045525	missing_exact_ROS_symbol
ENSCAFG00000045543	missing_exact_ROS_symbol
ENSCAFG00000045550	missing_exact_ROS_symbol
ENSCAFG00000045570	missing_exact_ROS_symbol
ENSCAFG00000045571	missing_exact_ROS_symbol
ENSCAFG00000045576	missing_exact_ROS_symbol
ENSCAFG00000045584	missing_exact_ROS_symbol
ENSCAFG00000045586	missing_exact_ROS_symbol
ENSCAFG00000045612	missing_exact_ROS_symbol
ENSCAFG00000045619	missing_exact_ROS_symbol
ENSCAFG00000045628	missing_exact_ROS_symbol
ENSCAFG00000045655	missing_exact_ROS_symbol
ENSCAFG00000045658	missing_exact_ROS_symbol
ENSCAFG00000045668	missing_exact_ROS_symbol
ENSCAFG00000045713	missing_exact_ROS_symbol
ENSCAFG00000045715	missing_exact_ROS_symbol
ENSCAFG00000045716	missing_exact_ROS_symbol
ENSCAFG00000045717	missing_exact_ROS_symbol
ENSCAFG00000045759	missing_exact_ROS_symbol
ENSCAFG00000045775	missing_exact_ROS_symbol
ENSCAFG00000045786	missing_exact_ROS_symbol
ENSCAFG00000045803	missing_exact_ROS_symbol
ENSCAFG00000045804	missing_exact_ROS_symbol
ENSCAFG00000045814	missing_exact_ROS_symbol
ENSCAFG00000045817	missing_exact_ROS_symbol
ENSCAFG00000045845	missing_exact_ROS_symbol
ENSCAFG00000045858	missing_exact_ROS_symbol
ENSCAFG00000045861	missing_exact_ROS_symbol
ENSCAFG00000045893	missing_exact_ROS_symbol
ENSCAFG00000045900	missing_exact_ROS_symbol
ENSCAFG00000045906	missing_exact_ROS_symbol
ENSCAFG00000045915	missing_exact_ROS_symbol
ENSCAFG00000045922	missing_exact_ROS_symbol
ENSCAFG00000045923	missing_exact_ROS_symbol
ENSCAFG00000045924	missing_exact_ROS_symbol
ENSCAFG00000045931	missing_exact_ROS_symbol
ENSCAFG00000045946	missing_exact_ROS_symbol
ENSCAFG00000045973	missing_exact_ROS_symbol
ENSCAFG00000046001	missing_exact_ROS_symbol
ENSCAFG00000046002	missing_exact_ROS_symbol
ENSCAFG00000046006	missing_exact_ROS_symbol
ENSCAFG00000046009	missing_exact_ROS_symbol
ENSCAFG00000046047	missing_exact_ROS_symbol
ENSCAFG00000046078	missing_exact_ROS_symbol
ENSCAFG00000046080	missing_exact_ROS_symbol
ENSCAFG00000046117	missing_exact_ROS_symbol
ENSCAFG00000046137	missing_exact_ROS_symbol
ENSCAFG00000046159	missing_exact_ROS_symbol
ENSCAFG00000046168	missing_exact_ROS_symbol
ENSCAFG00000046212	missing_exact_ROS_symbol
ENSCAFG00000046214	missing_exact_ROS_symbol
ENSCAFG00000046229	missing_exact_ROS_symbol
ENSCAFG00000046241	missing_exact_ROS_symbol
ENSCAFG00000046244	missing_exact_ROS_symbol
ENSCAFG00000046247	missing_exact_ROS_symbol
ENSCAFG00000046263	missing_exact_ROS_symbol
ENSCAFG00000046268	missing_exact_ROS_symbol
ENSCAFG00000046270	missing_exact_ROS_symbol
ENSCAFG00000046280	missing_exact_ROS_symbol
ENSCAFG00000046283	missing_exact_ROS_symbol
ENSCAFG00000046284	missing_exact_ROS_symbol
ENSCAFG00000046290	missing_exact_ROS_symbol
ENSCAFG00000046343	missing_exact_ROS_symbol
ENSCAFG00000046351	missing_exact_ROS_symbol
ENSCAFG00000046356	missing_exact_ROS_symbol
ENSCAFG00000046360	missing_exact_ROS_symbol
ENSCAFG00000046371	missing_exact_ROS_symbol
ENSCAFG00000046373	missing_exact_ROS_symbol
ENSCAFG00000046381	missing_exact_ROS_symbol
ENSCAFG00000046386	missing_exact_ROS_symbol
ENSCAFG00000046394	missing_exact_ROS_symbol
ENSCAFG00000046415	missing_exact_ROS_symbol
ENSCAFG00000046440	missing_exact_ROS_symbol
ENSCAFG00000046442	missing_exact_ROS_symbol
ENSCAFG00000046466	missing_exact_ROS_symbol
ENSCAFG00000046469	missing_exact_ROS_symbol
ENSCAFG00000046499	missing_exact_ROS_symbol
ENSCAFG00000046511	missing_exact_ROS_symbol
ENSCAFG00000046514	missing_exact_ROS_symbol
ENSCAFG00000046525	missing_exact_ROS_symbol
ENSCAFG00000046529	missing_exact_ROS_symbol
ENSCAFG00000046545	missing_exact_ROS_symbol
ENSCAFG00000046547	missing_exact_ROS_symbol
ENSCAFG00000046553	missing_exact_ROS_symbol
ENSCAFG00000046557	missing_exact_ROS_symbol
ENSCAFG00000046559	missing_exact_ROS_symbol
ENSCAFG00000046560	missing_exact_ROS_symbol
ENSCAFG00000046564	missing_exact_ROS_symbol
ENSCAFG00000046583	missing_exact_ROS_symbol
ENSCAFG00000046600	missing_exact_ROS_symbol
ENSCAFG00000046612	missing_exact_ROS_symbol
ENSCAFG00000046614	missing_exact_ROS_symbol
ENSCAFG00000046617	missing_exact_ROS_symbol
ENSCAFG00000046637	missing_exact_ROS_symbol
ENSCAFG00000046638	missing_exact_ROS_symbol
ENSCAFG00000046669	missing_exact_ROS_symbol
ENSCAFG00000046675	missing_exact_ROS_symbol
ENSCAFG00000046680	missing_exact_ROS_symbol
ENSCAFG00000046686	missing_exact_ROS_symbol
ENSCAFG00000046698	missing_exact_ROS_symbol
ENSCAFG00000046714	missing_exact_ROS_symbol
ENSCAFG00000046723	missing_exact_ROS_symbol
ENSCAFG00000046724	missing_exact_ROS_symbol
ENSCAFG00000046726	missing_exact_ROS_symbol
ENSCAFG00000046762	missing_exact_ROS_symbol
ENSCAFG00000046770	missing_exact_ROS_symbol
ENSCAFG00000046771	missing_exact_ROS_symbol
ENSCAFG00000046802	missing_exact_ROS_symbol
ENSCAFG00000046803	missing_exact_ROS_symbol
ENSCAFG00000046815	missing_exact_ROS_symbol
ENSCAFG00000046916	missing_exact_ROS_symbol
ENSCAFG00000046938	missing_exact_ROS_symbol
ENSCAFG00000046940	missing_exact_ROS_symbol
ENSCAFG00000046950	missing_exact_ROS_symbol
ENSCAFG00000046955	missing_exact_ROS_symbol
ENSCAFG00000046974	missing_exact_ROS_symbol
ENSCAFG00000046984	missing_exact_ROS_symbol
ENSCAFG00000046992	missing_exact_ROS_symbol
ENSCAFG00000047015	missing_exact_ROS_symbol
ENSCAFG00000047028	missing_exact_ROS_symbol
ENSCAFG00000047043	missing_exact_ROS_symbol
ENSCAFG00000047045	missing_exact_ROS_symbol
ENSCAFG00000047051	missing_exact_ROS_symbol
ENSCAFG00000047055	missing_exact_ROS_symbol
ENSCAFG00000047142	missing_exact_ROS_symbol
ENSCAFG00000047157	missing_exact_ROS_symbol
ENSCAFG00000047159	missing_exact_ROS_symbol
ENSCAFG00000047170	missing_exact_ROS_symbol
ENSCAFG00000047177	missing_exact_ROS_symbol
ENSCAFG00000047178	missing_exact_ROS_symbol
ENSCAFG00000047209	missing_exact_ROS_symbol
ENSCAFG00000047279	missing_exact_ROS_symbol
ENSCAFG00000047292	missing_exact_ROS_symbol
ENSCAFG00000047299	missing_exact_ROS_symbol
ENSCAFG00000047314	missing_exact_ROS_symbol
ENSCAFG00000047343	missing_exact_ROS_symbol
ENSCAFG00000047350	missing_exact_ROS_symbol
ENSCAFG00000047361	missing_exact_ROS_symbol
ENSCAFG00000047363	missing_exact_ROS_symbol
ENSCAFG00000047374	missing_exact_ROS_symbol
ENSCAFG00000047376	missing_exact_ROS_symbol
ENSCAFG00000047380	missing_exact_ROS_symbol
ENSCAFG00000047391	missing_exact_ROS_symbol
ENSCAFG00000047397	missing_exact_ROS_symbol
ENSCAFG00000047423	missing_exact_ROS_symbol
ENSCAFG00000047444	missing_exact_ROS_symbol
ENSCAFG00000047459	missing_exact_ROS_symbol
ENSCAFG00000047485	missing_exact_ROS_symbol
ENSCAFG00000047522	missing_exact_ROS_symbol
ENSCAFG00000047532	missing_exact_ROS_symbol
ENSCAFG00000047538	missing_exact_ROS_symbol
ENSCAFG00000047550	missing_exact_ROS_symbol
ENSCAFG00000047557	missing_exact_ROS_symbol
ENSCAFG00000047568	missing_exact_ROS_symbol
ENSCAFG00000047569	missing_exact_ROS_symbol
ENSCAFG00000047585	missing_exact_ROS_symbol
ENSCAFG00000047603	missing_exact_ROS_symbol
ENSCAFG00000047611	missing_exact_ROS_symbol
ENSCAFG00000047613	missing_exact_ROS_symbol
ENSCAFG00000047615	missing_exact_ROS_symbol
ENSCAFG00000047651	missing_exact_ROS_symbol
ENSCAFG00000047673	missing_exact_ROS_symbol
ENSCAFG00000047680	missing_exact_ROS_symbol
ENSCAFG00000047681	missing_exact_ROS_symbol
ENSCAFG00000047685	missing_exact_ROS_symbol
ENSCAFG00000047696	missing_exact_ROS_symbol
ENSCAFG00000047704	missing_exact_ROS_symbol
ENSCAFG00000047713	missing_exact_ROS_symbol
ENSCAFG00000047734	missing_exact_ROS_symbol
ENSCAFG00000047735	missing_exact_ROS_symbol
ENSCAFG00000047739	missing_exact_ROS_symbol
ENSCAFG00000047755	missing_exact_ROS_symbol
ENSCAFG00000047763	missing_exact_ROS_symbol
ENSCAFG00000047766	missing_exact_ROS_symbol
ENSCAFG00000047776	missing_exact_ROS_symbol
ENSCAFG00000047778	missing_exact_ROS_symbol
ENSCAFG00000047783	missing_exact_ROS_symbol
ENSCAFG00000047785	missing_exact_ROS_symbol
ENSCAFG00000047809	missing_exact_ROS_symbol
ENSCAFG00000047816	missing_exact_ROS_symbol
ENSCAFG00000047821	missing_exact_ROS_symbol
ENSCAFG00000047832	missing_exact_ROS_symbol
ENSCAFG00000047837	missing_exact_ROS_symbol
ENSCAFG00000047865	missing_exact_ROS_symbol
ENSCAFG00000047873	missing_exact_ROS_symbol
ENSCAFG00000047888	missing_exact_ROS_symbol
ENSCAFG00000047898	missing_exact_ROS_symbol
ENSCAFG00000047911	missing_exact_ROS_symbol
ENSCAFG00000047925	missing_exact_ROS_symbol
ENSCAFG00000047960	missing_exact_ROS_symbol
ENSCAFG00000047976	missing_exact_ROS_symbol
ENSCAFG00000047981	missing_exact_ROS_symbol
ENSCAFG00000048001	missing_exact_ROS_symbol
ENSCAFG00000048006	missing_exact_ROS_symbol
ENSCAFG00000048027	missing_exact_ROS_symbol
ENSCAFG00000048036	missing_exact_ROS_symbol
ENSCAFG00000048038	missing_exact_ROS_symbol
ENSCAFG00000048053	missing_exact_ROS_symbol
ENSCAFG00000048076	missing_exact_ROS_symbol
ENSCAFG00000048079	missing_exact_ROS_symbol
ENSCAFG00000048087	missing_exact_ROS_symbol
ENSCAFG00000048119	missing_exact_ROS_symbol
ENSCAFG00000048138	missing_exact_ROS_symbol
ENSCAFG00000048139	missing_exact_ROS_symbol
ENSCAFG00000048140	missing_exact_ROS_symbol
ENSCAFG00000048160	missing_exact_ROS_symbol
ENSCAFG00000048161	missing_exact_ROS_symbol
ENSCAFG00000048174	missing_exact_ROS_symbol
ENSCAFG00000048180	missing_exact_ROS_symbol
ENSCAFG00000048208	missing_exact_ROS_symbol
ENSCAFG00000048252	missing_exact_ROS_symbol
ENSCAFG00000048253	missing_exact_ROS_symbol
ENSCAFG00000048282	missing_exact_ROS_symbol
ENSCAFG00000048327	missing_exact_ROS_symbol
ENSCAFG00000048338	missing_exact_ROS_symbol
ENSCAFG00000048350	missing_exact_ROS_symbol
ENSCAFG00000048351	missing_exact_ROS_symbol
ENSCAFG00000048353	missing_exact_ROS_symbol
ENSCAFG00000048405	missing_exact_ROS_symbol
ENSCAFG00000048414	missing_exact_ROS_symbol
ENSCAFG00000048452	missing_exact_ROS_symbol
ENSCAFG00000048458	missing_exact_ROS_symbol
ENSCAFG00000048467	missing_exact_ROS_symbol
ENSCAFG00000048486	missing_exact_ROS_symbol
ENSCAFG00000048489	missing_exact_ROS_symbol
ENSCAFG00000048499	missing_exact_ROS_symbol
ENSCAFG00000048508	missing_exact_ROS_symbol
ENSCAFG00000048509	missing_exact_ROS_symbol
ENSCAFG00000048513	missing_exact_ROS_symbol
ENSCAFG00000048533	missing_exact_ROS_symbol
ENSCAFG00000048539	missing_exact_ROS_symbol
ENSCAFG00000048541	missing_exact_ROS_symbol
ENSCAFG00000048591	missing_exact_ROS_symbol
ENSCAFG00000048601	missing_exact_ROS_symbol
ENSCAFG00000048606	missing_exact_ROS_symbol
ENSCAFG00000048610	missing_exact_ROS_symbol
ENSCAFG00000048614	missing_exact_ROS_symbol
ENSCAFG00000048619	missing_exact_ROS_symbol
ENSCAFG00000048622	missing_exact_ROS_symbol
ENSCAFG00000048653	missing_exact_ROS_symbol
ENSCAFG00000048659	missing_exact_ROS_symbol
ENSCAFG00000048673	missing_exact_ROS_symbol
ENSCAFG00000048685	missing_exact_ROS_symbol
ENSCAFG00000048687	missing_exact_ROS_symbol
ENSCAFG00000048703	missing_exact_ROS_symbol
ENSCAFG00000048718	missing_exact_ROS_symbol
ENSCAFG00000048719	missing_exact_ROS_symbol
ENSCAFG00000048740	missing_exact_ROS_symbol
ENSCAFG00000048749	missing_exact_ROS_symbol
ENSCAFG00000048792	missing_exact_ROS_symbol
ENSCAFG00000048802	missing_exact_ROS_symbol
ENSCAFG00000048814	missing_exact_ROS_symbol
ENSCAFG00000048820	missing_exact_ROS_symbol
ENSCAFG00000048821	missing_exact_ROS_symbol
ENSCAFG00000048823	missing_exact_ROS_symbol
ENSCAFG00000048830	missing_exact_ROS_symbol
ENSCAFG00000048831	missing_exact_ROS_symbol
ENSCAFG00000048872	missing_exact_ROS_symbol
ENSCAFG00000048887	missing_exact_ROS_symbol
ENSCAFG00000048893	missing_exact_ROS_symbol
ENSCAFG00000048920	missing_exact_ROS_symbol
ENSCAFG00000048924	missing_exact_ROS_symbol
ENSCAFG00000048929	missing_exact_ROS_symbol
ENSCAFG00000048940	missing_exact_ROS_symbol
ENSCAFG00000048946	missing_exact_ROS_symbol
ENSCAFG00000048953	missing_exact_ROS_symbol
ENSCAFG00000048980	missing_exact_ROS_symbol
ENSCAFG00000048992	missing_exact_ROS_symbol
ENSCAFG00000049002	missing_exact_ROS_symbol
ENSCAFG00000049004	missing_exact_ROS_symbol
ENSCAFG00000049006	missing_exact_ROS_symbol
ENSCAFG00000049008	missing_exact_ROS_symbol
ENSCAFG00000049024	missing_exact_ROS_symbol
ENSCAFG00000049033	missing_exact_ROS_symbol
ENSCAFG00000049043	missing_exact_ROS_symbol
ENSCAFG00000049045	missing_exact_ROS_symbol
ENSCAFG00000049081	missing_exact_ROS_symbol
ENSCAFG00000049086	missing_exact_ROS_symbol
ENSCAFG00000049108	missing_exact_ROS_symbol
ENSCAFG00000049113	missing_exact_ROS_symbol
ENSCAFG00000049150	missing_exact_ROS_symbol
ENSCAFG00000049156	missing_exact_ROS_symbol
ENSCAFG00000049173	missing_exact_ROS_symbol
ENSCAFG00000049181	missing_exact_ROS_symbol
ENSCAFG00000049184	missing_exact_ROS_symbol
ENSCAFG00000049186	missing_exact_ROS_symbol
ENSCAFG00000049231	missing_exact_ROS_symbol
ENSCAFG00000049233	missing_exact_ROS_symbol
ENSCAFG00000049237	missing_exact_ROS_symbol
ENSCAFG00000049243	missing_exact_ROS_symbol
ENSCAFG00000049244	missing_exact_ROS_symbol
ENSCAFG00000049264	missing_exact_ROS_symbol
ENSCAFG00000049328	missing_exact_ROS_symbol
ENSCAFG00000049343	missing_exact_ROS_symbol
ENSCAFG00000049344	missing_exact_ROS_symbol
ENSCAFG00000049346	missing_exact_ROS_symbol
ENSCAFG00000049365	missing_exact_ROS_symbol
ENSCAFG00000049375	missing_exact_ROS_symbol
ENSCAFG00000049380	missing_exact_ROS_symbol
ENSCAFG00000049390	missing_exact_ROS_symbol
ENSCAFG00000049393	missing_exact_ROS_symbol
ENSCAFG00000049411	missing_exact_ROS_symbol
ENSCAFG00000049417	missing_exact_ROS_symbol
ENSCAFG00000049437	missing_exact_ROS_symbol
ENSCAFG00000049457	missing_exact_ROS_symbol
ENSCAFG00000049460	missing_exact_ROS_symbol
ENSCAFG00000049466	missing_exact_ROS_symbol
ENSCAFG00000049474	missing_exact_ROS_symbol
ENSCAFG00000049475	missing_exact_ROS_symbol
ENSCAFG00000049482	missing_exact_ROS_symbol
ENSCAFG00000049492	missing_exact_ROS_symbol
ENSCAFG00000049493	missing_exact_ROS_symbol
ENSCAFG00000049498	missing_exact_ROS_symbol
ENSCAFG00000049504	missing_exact_ROS_symbol
ENSCAFG00000049519	missing_exact_ROS_symbol
ENSCAFG00000049529	missing_exact_ROS_symbol
ENSCAFG00000049530	missing_exact_ROS_symbol
ENSCAFG00000049543	missing_exact_ROS_symbol
ENSCAFG00000049561	missing_exact_ROS_symbol
ENSCAFG00000049566	missing_exact_ROS_symbol
ENSCAFG00000049584	missing_exact_ROS_symbol
ENSCAFG00000049592	missing_exact_ROS_symbol
ENSCAFG00000049593	missing_exact_ROS_symbol
ENSCAFG00000049604	missing_exact_ROS_symbol
ENSCAFG00000049607	missing_exact_ROS_symbol
ENSCAFG00000049613	missing_exact_ROS_symbol
ENSCAFG00000049617	missing_exact_ROS_symbol
ENSCAFG00000049630	missing_exact_ROS_symbol
ENSCAFG00000049656	missing_exact_ROS_symbol
ENSCAFG00000049663	missing_exact_ROS_symbol
ENSCAFG00000049665	missing_exact_ROS_symbol
ENSCAFG00000049683	missing_exact_ROS_symbol
ENSCAFG00000049684	missing_exact_ROS_symbol
ENSCAFG00000049704	missing_exact_ROS_symbol
ENSCAFG00000049719	missing_exact_ROS_symbol
ENSCAFG00000049720	missing_exact_ROS_symbol
ENSCAFG00000049738	missing_exact_ROS_symbol
ENSCAFG00000049759	missing_exact_ROS_symbol
ENSCAFG00000049761	missing_exact_ROS_symbol
ENSCAFG00000049778	missing_exact_ROS_symbol
ENSCAFG00000049803	missing_exact_ROS_symbol
ENSCAFG00000049806	missing_exact_ROS_symbol
ENSCAFG00000049822	missing_exact_ROS_symbol
ENSCAFG00000049823	missing_exact_ROS_symbol
ENSCAFG00000049824	missing_exact_ROS_symbol
ENSCAFG00000049827	missing_exact_ROS_symbol
ENSCAFG00000049840	missing_exact_ROS_symbol
ENSCAFG00000049866	missing_exact_ROS_symbol
ENSCAFG00000049870	missing_exact_ROS_symbol
ENSCAFG00000049875	missing_exact_ROS_symbol
ENSCAFG00000049889	missing_exact_ROS_symbol
ENSCAFG00000049903	missing_exact_ROS_symbol
ENSCAFG00000049909	missing_exact_ROS_symbol
ENSCAFG00000049928	missing_exact_ROS_symbol
ENSCAFG00000049938	missing_exact_ROS_symbol
ENSCAFG00000049947	missing_exact_ROS_symbol
ENSCAFG00000049956	missing_exact_ROS_symbol
ENSCAFG00000049972	missing_exact_ROS_symbol
ENSCAFG00000049974	missing_exact_ROS_symbol
ENSCAFG00000049976	missing_exact_ROS_symbol
ENSCAFG00000050001	missing_exact_ROS_symbol
ENSCAFG00000050011	missing_exact_ROS_symbol
ENSCAFG00000050027	missing_exact_ROS_symbol
ENSCAFG00000050038	missing_exact_ROS_symbol
ENSCAFG00000050051	missing_exact_ROS_symbol
ENSCAFG00000050059	missing_exact_ROS_symbol
ENSCAFG00000050066	missing_exact_ROS_symbol
ENSCAFG00000050081	missing_exact_ROS_symbol
FAM200B	missing_exact_ROS_symbol
FRAT2	missing_exact_ROS_symbol
GCNT7	missing_exact_ROS_symbol
GEMIN8	missing_exact_ROS_symbol
GLB1L2	missing_exact_ROS_symbol
GPKOW	missing_exact_ROS_symbol
GPN1	missing_exact_ROS_symbol
GPR25	missing_exact_ROS_symbol
GTF2H4	missing_exact_ROS_symbol
H2AB1	missing_exact_ROS_symbol
H2AC10	missing_exact_ROS_symbol
H2AC12	missing_exact_ROS_symbol
H2AC18	missing_exact_ROS_symbol
H2AC2	missing_exact_ROS_symbol
H2AC7	missing_exact_ROS_symbol
H2BC17	missing_exact_ROS_symbol
H2BC9	missing_exact_ROS_symbol
H3C3	missing_exact_ROS_symbol
H4C1	missing_exact_ROS_symbol
H4C14	missing_exact_ROS_symbol
H4C19	missing_exact_ROS_symbol
H4C3	missing_exact_ROS_symbol
HLA-DQB1	missing_exact_ROS_symbol
HLA-DQB2	missing_exact_ROS_symbol
HS3ST3B1	missing_exact_ROS_symbol
HSPA1L	missing_exact_ROS_symbol
ICAM4	missing_exact_ROS_symbol
IFIT1	missing_exact_ROS_symbol
IGHM	missing_exact_ROS_symbol
IGKC	missing_exact_ROS_symbol
IGLV2-33	missing_exact_ROS_symbol
IL3	missing_exact_ROS_symbol
IRGC	missing_exact_ROS_symbol
IVNS1ABP	missing_exact_ROS_symbol
JAM2	missing_exact_ROS_symbol
KDM4D	missing_exact_ROS_symbol
LAD1	missing_exact_ROS_symbol
LBHD1	missing_exact_ROS_symbol
LPP	missing_exact_ROS_symbol
LRRC8D	missing_exact_ROS_symbol
MAGEH1	missing_exact_ROS_symbol
MAGIX	missing_exact_ROS_symbol
MAJIN	missing_exact_ROS_symbol
MDP1	missing_exact_ROS_symbol
MGAT1	missing_exact_ROS_symbol
MIEF2	missing_exact_ROS_symbol
MRPS6	missing_exact_ROS_symbol
MSANTD3-TMEFF1	missing_exact_ROS_symbol
MT-ATP6	missing_exact_ROS_symbol
MT-ATP8	missing_exact_ROS_symbol
MT-CO1	missing_exact_ROS_symbol
MT-CO2	missing_exact_ROS_symbol
MT-CO3	missing_exact_ROS_symbol
MT-CYB	missing_exact_ROS_symbol
MT-ND1	missing_exact_ROS_symbol
MT-ND2	missing_exact_ROS_symbol
MT-ND3	missing_exact_ROS_symbol
MT-ND4	missing_exact_ROS_symbol
MT-ND5	missing_exact_ROS_symbol
MT-ND6	missing_exact_ROS_symbol
MYCBPAP	missing_exact_ROS_symbol
MYO1A	missing_exact_ROS_symbol
NACA2	missing_exact_ROS_symbol
NCBP2	missing_exact_ROS_symbol
ND4L	missing_exact_ROS_symbol
NIPSNAP3A	missing_exact_ROS_symbol
NOL3	missing_exact_ROS_symbol
PANX3	missing_exact_ROS_symbol
PCDH8	missing_exact_ROS_symbol
PCDHB7	missing_exact_ROS_symbol
PCDHGA1	missing_exact_ROS_symbol
PCDHGB5	missing_exact_ROS_symbol
PCDHGC3	missing_exact_ROS_symbol
PCTP	missing_exact_ROS_symbol
PDE4DIP	missing_exact_ROS_symbol
PEDS1	missing_exact_ROS_symbol
PET117	missing_exact_ROS_symbol
PGB2	missing_exact_ROS_symbol
PHYH	missing_exact_ROS_symbol
PLAC8	missing_exact_ROS_symbol
PRPF40A	missing_exact_ROS_symbol
PRRT1B	missing_exact_ROS_symbol
PTPRC	ambiguous_symbol
RADIL	missing_exact_ROS_symbol
RAP1GAP	missing_exact_ROS_symbol
RBBP7	missing_exact_ROS_symbol
RBP5	missing_exact_ROS_symbol
RORA	missing_exact_ROS_symbol
RPS27AP5	missing_exact_ROS_symbol
RSRC1	missing_exact_ROS_symbol
SCART1	missing_exact_ROS_symbol
SCO2	missing_exact_ROS_symbol
SLC19A3	missing_exact_ROS_symbol
SLC26A6	missing_exact_ROS_symbol
SLC35E2B	missing_exact_ROS_symbol
SLC4A1AP	missing_exact_ROS_symbol
SMIM24	missing_exact_ROS_symbol
SPIN4	missing_exact_ROS_symbol
SRL	missing_exact_ROS_symbol
STAM2	missing_exact_ROS_symbol
STAMBP	missing_exact_ROS_symbol
TBCCD1	missing_exact_ROS_symbol
TBCEL	missing_exact_ROS_symbol
TENM3	missing_exact_ROS_symbol
TENT5B	missing_exact_ROS_symbol
TF	missing_exact_ROS_symbol
TINCR	missing_exact_ROS_symbol
TLCD4	missing_exact_ROS_symbol
TLR6	missing_exact_ROS_symbol
TMEM177	missing_exact_ROS_symbol
TMEM74B	missing_exact_ROS_symbol
TOR1AIP2	missing_exact_ROS_symbol
TRAF1	missing_exact_ROS_symbol
TRAV24	missing_exact_ROS_symbol
TRAV25	missing_exact_ROS_symbol
TRAV29DV5	missing_exact_ROS_symbol
TRBV18	missing_exact_ROS_symbol
TRBV24-1	missing_exact_ROS_symbol
TRBV25-1	missing_exact_ROS_symbol
TRBV28	missing_exact_ROS_symbol
TRBV30	missing_exact_ROS_symbol
TRDV3	missing_exact_ROS_symbol
TREX2	missing_exact_ROS_symbol
TRIM39	missing_exact_ROS_symbol
TUBA1B	missing_exact_ROS_symbol
TUBA3D	missing_exact_ROS_symbol
TUBB2B	missing_exact_ROS_symbol
TUBGCP2	missing_exact_ROS_symbol
TWF2	missing_exact_ROS_symbol
UQCRB	missing_exact_ROS_symbol
URGCP	missing_exact_ROS_symbol
ZFP2	missing_exact_ROS_symbol
ZNF132	missing_exact_ROS_symbol
ZNF134	missing_exact_ROS_symbol
ZNF2	missing_exact_ROS_symbol
ZNF200	missing_exact_ROS_symbol
ZNF226	missing_exact_ROS_symbol
ZNF234	missing_exact_ROS_symbol
ZNF260	missing_exact_ROS_symbol
ZNF3	missing_exact_ROS_symbol
ZNF318	missing_exact_ROS_symbol
ZNF345	missing_exact_ROS_symbol
ZNF354B	missing_exact_ROS_symbol
ZNF354C	missing_exact_ROS_symbol
ZNF385C	missing_exact_ROS_symbol
ZNF396	missing_exact_ROS_symbol
ZNF420	missing_exact_ROS_symbol
ZNF446	missing_exact_ROS_symbol
ZNF470	missing_exact_ROS_symbol
ZNF471	missing_exact_ROS_symbol
ZNF514	missing_exact_ROS_symbol
ZNF536	missing_exact_ROS_symbol
ZNF543	missing_exact_ROS_symbol
ZNF551	missing_exact_ROS_symbol
ZNF555	missing_exact_ROS_symbol
ZNF569	missing_exact_ROS_symbol
ZNF571	missing_exact_ROS_symbol
ZNF71	missing_exact_ROS_symbol
ZNF773	missing_exact_ROS_symbol
ZNF84	missing_exact_ROS_symbol
ZSCAN21	missing_exact_ROS_symbol
ZSCAN23	missing_exact_ROS_symbol
ZSCAN30	missing_exact_ROS_symbol
